2026-02-21 22:06:33 DEBUG:busco.run_BUSCO	Command line: /Users/dizzler/Miniforge3/envs/capstone_env/bin/busco -i data/00-reads/GCF_000171535.2_ASM17153v2_genomic.fna -m genome -o reports/busco-results/data/00-reads/GCF_000171535.2_ASM17153v2_genomic.fna/ -l enterobacterales_odb10 --cpu 11
2026-02-21 22:06:33 INFO:busco.run_BUSCO	***** Start a BUSCO v6.0.0 analysis, current time: 02/21/2026 22:06:33 *****
2026-02-21 22:06:33 DEBUG:busco.ConfigManager	Getting config file
2026-02-21 22:06:33 INFO:busco.ConfigManager	Configuring BUSCO with local environment
2026-02-21 22:06:33 INFO:busco.BuscoConfig	Running genome mode
2026-02-21 22:06:33 INFO:busco.BuscoDownloadManager	Downloading information on latest versions of BUSCO data...
2026-02-21 22:06:36 DEBUG:busco.BuscoConfig	State of BUSCO config before run:
2026-02-21 22:06:36 DEBUG:busco.BuscoConfig	{'_allow_no_value': False,
 '_comment_prefixes': ('#', ';'),
 '_converters': <configparser.ConverterMapping object at 0x182621a60>,
 '_defaults': {},
 '_delimiters': ('=', ':'),
 '_dict': <class 'dict'>,
 '_empty_lines_in_values': True,
 '_inline_comment_prefixes': (),
 '_input_filepath': 'data/00-reads/GCF_000171535.2_ASM17153v2_genomic.fna',
 '_interpolation': <configparser.BasicInterpolation object at 0x10a135d30>,
 '_mode': 'genome',
 '_optcre': re.compile('\n        (?P<option>.*?)                    # very permissive!\n        \\s*(?P<vi>=|:)\\s*              # any number of space/tab,\n                                           # followed by any of t, re.VERBOSE),
 '_proxies': {'DEFAULT': <Section: DEFAULT>,
              'augustus': <Section: augustus>,
              'bbtools': <Section: bbtools>,
              'busco_run': <Section: busco_run>,
              'etraining': <Section: etraining>,
              'gff2gbSmallDNA.pl': <Section: gff2gbSmallDNA.pl>,
              'hmmsearch': <Section: hmmsearch>,
              'makeblastdb': <Section: makeblastdb>,
              'metaeuk': <Section: metaeuk>,
              'miniprot': <Section: miniprot>,
              'new_species.pl': <Section: new_species.pl>,
              'optimize_augustus.pl': <Section: optimize_augustus.pl>,
              'prodigal': <Section: prodigal>,
              'sepp': <Section: sepp>,
              'tblastn': <Section: tblastn>},
 '_sections': {'augustus': {'command': '', 'path': ''},
               'bbtools': {'command': '', 'path': ''},
               'busco_run': {'auto-lineage': 'False',
                             'auto-lineage-euk': 'False',
                             'auto-lineage-prok': 'False',
                             'batch_mode': 'False',
                             'cpu': '11',
                             'datasets_version': 'odb10',
                             'download_base_url': 'https://busco-data.ezlab.org/v5/data/',
                             'download_path': '/Users/dizzler/Projects/School/BIOL4600-Capstone/busco_downloads',
                             'force': 'False',
                             'in': '/Users/dizzler/Projects/School/BIOL4600-Capstone/data/00-reads/GCF_000171535.2_ASM17153v2_genomic.fna',
                             'lineage_dataset': 'enterobacterales_odb10',
                             'main_out': 'reports/busco-results/data/00-reads/GCF_000171535.2_ASM17153v2_genomic.fna',
                             'mode': 'genome',
                             'offline': 'False',
                             'opt-out-run-stats': 'False',
                             'out': 'reports/busco-results/data/00-reads/GCF_000171535.2_ASM17153v2_genomic.fna',
                             'out_path': '/Users/dizzler/Projects/School/BIOL4600-Capstone',
                             'plot_percentages': 'False',
                             'quiet': 'False',
                             'restart': 'False',
                             'skip_bbtools': 'False',
                             'tar': 'False',
                             'use_augustus': 'False',
                             'use_metaeuk': 'False',
                             'use_miniprot': 'False'},
               'etraining': {'command': '', 'path': ''},
               'gff2gbSmallDNA.pl': {'command': '', 'path': ''},
               'hmmsearch': {'command': '', 'path': ''},
               'makeblastdb': {'command': '', 'path': ''},
               'metaeuk': {'command': '', 'path': ''},
               'miniprot': {'command': '', 'path': ''},
               'new_species.pl': {'command': '', 'path': ''},
               'optimize_augustus.pl': {'command': '', 'path': ''},
               'prodigal': {'command': '', 'path': ''},
               'sepp': {'command': '', 'path': ''},
               'tblastn': {'command': '', 'path': ''}},
 '_strict': True,
 'conf_file': 'local environment',
 'default_section': 'DEFAULT',
 'downloader': <busco.BuscoDownloadManager.BuscoDownloadManager object at 0x182621fd0>,
 'main_out': 'reports/busco-results/data/00-reads/GCF_000171535.2_ASM17153v2_genomic.fna',
 'params': {'augustus_parameters': None,
            'augustus_species': None,
            'auto-lineage': False,
            'auto-lineage-euk': False,
            'auto-lineage-prok': False,
            'config_file': None,
            'contig_break': None,
            'cpu': 11,
            'datasets_version': None,
            'download': '==SUPPRESS==',
            'download_base_url': None,
            'download_path': None,
            'evalue': None,
            'force': False,
            'help': '==SUPPRESS==',
            'in': 'data/00-reads/GCF_000171535.2_ASM17153v2_genomic.fna',
            'limit': None,
            'lineage_dataset': 'enterobacterales_odb10',
            'list_datasets': '==SUPPRESS==',
            'long': False,
            'metaeuk_parameters': None,
            'metaeuk_rerun_parameters': None,
            'mode': 'genome',
            'offline': False,
            'opt-out-run-stats': False,
            'out': 'reports/busco-results/data/00-reads/GCF_000171535.2_ASM17153v2_genomic.fna/',
            'out_path': None,
            'plot': '==SUPPRESS==',
            'plot_percentages': False,
            'quiet': False,
            'restart': False,
            'scaffold_composition': False,
            'skip_bbtools': False,
            'tar': False,
            'use_augustus': False,
            'use_metaeuk': False,
            'use_miniprot': False,
            'version': '==SUPPRESS=='},
 'run_stats': {'cpu': 11,
               'lineage_dataset': ['enterobacterales_odb10'],
               'mode': 'genome'}}
2026-02-21 22:06:36 INFO:busco.BuscoRunner	Input file is /Users/dizzler/Projects/School/BIOL4600-Capstone/data/00-reads/GCF_000171535.2_ASM17153v2_genomic.fna
2026-02-21 22:06:36 INFO:busco.BuscoDownloadManager	The local file or folder /Users/dizzler/Projects/School/BIOL4600-Capstone/busco_downloads/lineages/enterobacterales_odb10 is the last available version.
2026-02-21 22:06:36 DEBUG:busco.analysis.BuscoAnalysis	Check all required tools are accessible...
2026-02-21 22:06:36 DEBUG:busco.analysis.BuscoAnalysis	Checking dataset for HMM profiles
2026-02-21 22:06:36 INFO:busco.analysis.BuscoAnalysis	Running BUSCO using lineage dataset enterobacterales_odb10 (prokaryota, 2024-01-08)
2026-02-21 22:06:36 INFO:busco.busco_tools.Toolset	Running 1 job(s) on bbtools, starting at 02/21/2026 22:06:36
2026-02-21 22:06:37 DEBUG:busco.busco_tools.Toolset	cmd call: stats.sh format=2 in=/Users/dizzler/Projects/School/BIOL4600-Capstone/data/00-reads/GCF_000171535.2_ASM17153v2_genomic.fna n=10
2026-02-21 22:06:37 INFO:busco.busco_tools.Toolset	[bbtools]	1 of 1 task(s) completed
2026-02-21 22:06:37 INFO:busco.analysis.GenomeAnalysis	***** Run Prodigal on input to predict and extract genes *****
2026-02-21 22:06:37 DEBUG:busco.busco_tools.base	Tool: prodigal
2026-02-21 22:06:37 DEBUG:busco.busco_tools.base	Version: 2.6.3
2026-02-21 22:06:37 INFO:busco.busco_tools.prodigal	Running Prodigal with genetic code 11 in single mode
2026-02-21 22:06:37 INFO:busco.busco_tools.Toolset	Running 1 job(s) on prodigal, starting at 02/21/2026 22:06:37
2026-02-21 22:06:37 DEBUG:busco.busco_tools.Toolset	cmd call: prodigal -p single -f gff -g 11 -a reports/busco-results/data/00-reads/GCF_000171535.2_ASM17153v2_genomic.fna/prodigal_output/predicted_genes/tmp/prodigal_mode_single_code_11.faa -d reports/busco-results/data/00-reads/GCF_000171535.2_ASM17153v2_genomic.fna/prodigal_output/predicted_genes/tmp/prodigal_mode_single_code_11.fna -i /Users/dizzler/Projects/School/BIOL4600-Capstone/data/00-reads/GCF_000171535.2_ASM17153v2_genomic.fna
2026-02-21 22:06:42 INFO:busco.busco_tools.Toolset	[prodigal]	1 of 1 task(s) completed
2026-02-21 22:06:42 DEBUG:busco.busco_tools.prodigal	Coding density is 0.8611804170561751
2026-02-21 22:06:42 INFO:busco.busco_tools.prodigal	Genetic code 11 selected as optimal
2026-02-21 22:06:42 INFO:busco.analysis.BuscoAnalysis	***** Run HMMER on gene sequences *****
2026-02-21 22:06:42 DEBUG:busco.busco_tools.base	Tool: hmmsearch
2026-02-21 22:06:42 DEBUG:busco.busco_tools.base	Version: 3.4
2026-02-21 22:06:42 INFO:busco.busco_tools.Toolset	Running 440 job(s) on hmmsearch, starting at 02/21/2026 22:06:42
2026-02-21 22:06:42 DEBUG:busco.busco_tools.Toolset	cmd call: hmmsearch --domtblout reports/busco-results/data/00-reads/GCF_000171535.2_ASM17153v2_genomic.fna/run_enterobacterales_odb10/hmmer_output/10523at91347.out --cpu 1 /Users/dizzler/Projects/School/BIOL4600-Capstone/busco_downloads/lineages/enterobacterales_odb10/hmms/10523at91347.hmm reports/busco-results/data/00-reads/GCF_000171535.2_ASM17153v2_genomic.fna/prodigal_output/predicted_genes/predicted.faa
2026-02-21 22:06:42 DEBUG:busco.busco_tools.Toolset	cmd call: hmmsearch --domtblout reports/busco-results/data/00-reads/GCF_000171535.2_ASM17153v2_genomic.fna/run_enterobacterales_odb10/hmmer_output/12922at91347.out --cpu 1 /Users/dizzler/Projects/School/BIOL4600-Capstone/busco_downloads/lineages/enterobacterales_odb10/hmms/12922at91347.hmm reports/busco-results/data/00-reads/GCF_000171535.2_ASM17153v2_genomic.fna/prodigal_output/predicted_genes/predicted.faa
2026-02-21 22:06:42 DEBUG:busco.busco_tools.Toolset	cmd call: hmmsearch --domtblout reports/busco-results/data/00-reads/GCF_000171535.2_ASM17153v2_genomic.fna/run_enterobacterales_odb10/hmmer_output/15629at91347.out --cpu 1 /Users/dizzler/Projects/School/BIOL4600-Capstone/busco_downloads/lineages/enterobacterales_odb10/hmms/15629at91347.hmm reports/busco-results/data/00-reads/GCF_000171535.2_ASM17153v2_genomic.fna/prodigal_output/predicted_genes/predicted.faa
2026-02-21 22:06:42 DEBUG:busco.busco_tools.Toolset	cmd call: hmmsearch --domtblout reports/busco-results/data/00-reads/GCF_000171535.2_ASM17153v2_genomic.fna/run_enterobacterales_odb10/hmmer_output/17778at91347.out --cpu 1 /Users/dizzler/Projects/School/BIOL4600-Capstone/busco_downloads/lineages/enterobacterales_odb10/hmms/17778at91347.hmm reports/busco-results/data/00-reads/GCF_000171535.2_ASM17153v2_genomic.fna/prodigal_output/predicted_genes/predicted.faa
2026-02-21 22:06:42 DEBUG:busco.busco_tools.Toolset	cmd call: hmmsearch --domtblout reports/busco-results/data/00-reads/GCF_000171535.2_ASM17153v2_genomic.fna/run_enterobacterales_odb10/hmmer_output/13022at91347.out --cpu 1 /Users/dizzler/Projects/School/BIOL4600-Capstone/busco_downloads/lineages/enterobacterales_odb10/hmms/13022at91347.hmm reports/busco-results/data/00-reads/GCF_000171535.2_ASM17153v2_genomic.fna/prodigal_output/predicted_genes/predicted.faa
2026-02-21 22:06:42 DEBUG:busco.busco_tools.Toolset	cmd call: hmmsearch --domtblout reports/busco-results/data/00-reads/GCF_000171535.2_ASM17153v2_genomic.fna/run_enterobacterales_odb10/hmmer_output/19548at91347.out --cpu 1 /Users/dizzler/Projects/School/BIOL4600-Capstone/busco_downloads/lineages/enterobacterales_odb10/hmms/19548at91347.hmm reports/busco-results/data/00-reads/GCF_000171535.2_ASM17153v2_genomic.fna/prodigal_output/predicted_genes/predicted.faa
2026-02-21 22:06:43 DEBUG:busco.busco_tools.Toolset	cmd call: hmmsearch --domtblout reports/busco-results/data/00-reads/GCF_000171535.2_ASM17153v2_genomic.fna/run_enterobacterales_odb10/hmmer_output/21870at91347.out --cpu 1 /Users/dizzler/Projects/School/BIOL4600-Capstone/busco_downloads/lineages/enterobacterales_odb10/hmms/21870at91347.hmm reports/busco-results/data/00-reads/GCF_000171535.2_ASM17153v2_genomic.fna/prodigal_output/predicted_genes/predicted.faa
2026-02-21 22:06:43 DEBUG:busco.busco_tools.Toolset	cmd call: hmmsearch --domtblout reports/busco-results/data/00-reads/GCF_000171535.2_ASM17153v2_genomic.fna/run_enterobacterales_odb10/hmmer_output/13051at91347.out --cpu 1 /Users/dizzler/Projects/School/BIOL4600-Capstone/busco_downloads/lineages/enterobacterales_odb10/hmms/13051at91347.hmm reports/busco-results/data/00-reads/GCF_000171535.2_ASM17153v2_genomic.fna/prodigal_output/predicted_genes/predicted.faa
2026-02-21 22:06:43 DEBUG:busco.busco_tools.Toolset	cmd call: hmmsearch --domtblout reports/busco-results/data/00-reads/GCF_000171535.2_ASM17153v2_genomic.fna/run_enterobacterales_odb10/hmmer_output/17858at91347.out --cpu 1 /Users/dizzler/Projects/School/BIOL4600-Capstone/busco_downloads/lineages/enterobacterales_odb10/hmms/17858at91347.hmm reports/busco-results/data/00-reads/GCF_000171535.2_ASM17153v2_genomic.fna/prodigal_output/predicted_genes/predicted.faa
2026-02-21 22:06:43 DEBUG:busco.busco_tools.Toolset	cmd call: hmmsearch --domtblout reports/busco-results/data/00-reads/GCF_000171535.2_ASM17153v2_genomic.fna/run_enterobacterales_odb10/hmmer_output/15960at91347.out --cpu 1 /Users/dizzler/Projects/School/BIOL4600-Capstone/busco_downloads/lineages/enterobacterales_odb10/hmms/15960at91347.hmm reports/busco-results/data/00-reads/GCF_000171535.2_ASM17153v2_genomic.fna/prodigal_output/predicted_genes/predicted.faa
2026-02-21 22:06:43 DEBUG:busco.busco_tools.Toolset	cmd call: hmmsearch --domtblout reports/busco-results/data/00-reads/GCF_000171535.2_ASM17153v2_genomic.fna/run_enterobacterales_odb10/hmmer_output/23303at91347.out --cpu 1 /Users/dizzler/Projects/School/BIOL4600-Capstone/busco_downloads/lineages/enterobacterales_odb10/hmms/23303at91347.hmm reports/busco-results/data/00-reads/GCF_000171535.2_ASM17153v2_genomic.fna/prodigal_output/predicted_genes/predicted.faa
2026-02-21 22:06:43 DEBUG:busco.busco_tools.Toolset	cmd call: hmmsearch --domtblout reports/busco-results/data/00-reads/GCF_000171535.2_ASM17153v2_genomic.fna/run_enterobacterales_odb10/hmmer_output/19553at91347.out --cpu 1 /Users/dizzler/Projects/School/BIOL4600-Capstone/busco_downloads/lineages/enterobacterales_odb10/hmms/19553at91347.hmm reports/busco-results/data/00-reads/GCF_000171535.2_ASM17153v2_genomic.fna/prodigal_output/predicted_genes/predicted.faa
2026-02-21 22:06:43 DEBUG:busco.busco_tools.Toolset	cmd call: hmmsearch --domtblout reports/busco-results/data/00-reads/GCF_000171535.2_ASM17153v2_genomic.fna/run_enterobacterales_odb10/hmmer_output/10905at91347.out --cpu 1 /Users/dizzler/Projects/School/BIOL4600-Capstone/busco_downloads/lineages/enterobacterales_odb10/hmms/10905at91347.hmm reports/busco-results/data/00-reads/GCF_000171535.2_ASM17153v2_genomic.fna/prodigal_output/predicted_genes/predicted.faa
2026-02-21 22:06:43 DEBUG:busco.busco_tools.Toolset	cmd call: hmmsearch --domtblout reports/busco-results/data/00-reads/GCF_000171535.2_ASM17153v2_genomic.fna/run_enterobacterales_odb10/hmmer_output/2659at91347.out --cpu 1 /Users/dizzler/Projects/School/BIOL4600-Capstone/busco_downloads/lineages/enterobacterales_odb10/hmms/2659at91347.hmm reports/busco-results/data/00-reads/GCF_000171535.2_ASM17153v2_genomic.fna/prodigal_output/predicted_genes/predicted.faa
2026-02-21 22:06:43 DEBUG:busco.busco_tools.Toolset	cmd call: hmmsearch --domtblout reports/busco-results/data/00-reads/GCF_000171535.2_ASM17153v2_genomic.fna/run_enterobacterales_odb10/hmmer_output/21912at91347.out --cpu 1 /Users/dizzler/Projects/School/BIOL4600-Capstone/busco_downloads/lineages/enterobacterales_odb10/hmms/21912at91347.hmm reports/busco-results/data/00-reads/GCF_000171535.2_ASM17153v2_genomic.fna/prodigal_output/predicted_genes/predicted.faa
2026-02-21 22:06:43 DEBUG:busco.busco_tools.Toolset	cmd call: hmmsearch --domtblout reports/busco-results/data/00-reads/GCF_000171535.2_ASM17153v2_genomic.fna/run_enterobacterales_odb10/hmmer_output/13068at91347.out --cpu 1 /Users/dizzler/Projects/School/BIOL4600-Capstone/busco_downloads/lineages/enterobacterales_odb10/hmms/13068at91347.hmm reports/busco-results/data/00-reads/GCF_000171535.2_ASM17153v2_genomic.fna/prodigal_output/predicted_genes/predicted.faa
2026-02-21 22:06:43 DEBUG:busco.busco_tools.Toolset	cmd call: hmmsearch --domtblout reports/busco-results/data/00-reads/GCF_000171535.2_ASM17153v2_genomic.fna/run_enterobacterales_odb10/hmmer_output/18389at91347.out --cpu 1 /Users/dizzler/Projects/School/BIOL4600-Capstone/busco_downloads/lineages/enterobacterales_odb10/hmms/18389at91347.hmm reports/busco-results/data/00-reads/GCF_000171535.2_ASM17153v2_genomic.fna/prodigal_output/predicted_genes/predicted.faa
2026-02-21 22:06:43 DEBUG:busco.busco_tools.Toolset	cmd call: hmmsearch --domtblout reports/busco-results/data/00-reads/GCF_000171535.2_ASM17153v2_genomic.fna/run_enterobacterales_odb10/hmmer_output/23619at91347.out --cpu 1 /Users/dizzler/Projects/School/BIOL4600-Capstone/busco_downloads/lineages/enterobacterales_odb10/hmms/23619at91347.hmm reports/busco-results/data/00-reads/GCF_000171535.2_ASM17153v2_genomic.fna/prodigal_output/predicted_genes/predicted.faa
2026-02-21 22:06:43 DEBUG:busco.busco_tools.Toolset	cmd call: hmmsearch --domtblout reports/busco-results/data/00-reads/GCF_000171535.2_ASM17153v2_genomic.fna/run_enterobacterales_odb10/hmmer_output/1674at91347.out --cpu 1 /Users/dizzler/Projects/School/BIOL4600-Capstone/busco_downloads/lineages/enterobacterales_odb10/hmms/1674at91347.hmm reports/busco-results/data/00-reads/GCF_000171535.2_ASM17153v2_genomic.fna/prodigal_output/predicted_genes/predicted.faa
2026-02-21 22:06:43 DEBUG:busco.busco_tools.Toolset	cmd call: hmmsearch --domtblout reports/busco-results/data/00-reads/GCF_000171535.2_ASM17153v2_genomic.fna/run_enterobacterales_odb10/hmmer_output/29648at91347.out --cpu 1 /Users/dizzler/Projects/School/BIOL4600-Capstone/busco_downloads/lineages/enterobacterales_odb10/hmms/29648at91347.hmm reports/busco-results/data/00-reads/GCF_000171535.2_ASM17153v2_genomic.fna/prodigal_output/predicted_genes/predicted.faa
2026-02-21 22:06:43 DEBUG:busco.busco_tools.Toolset	cmd call: hmmsearch --domtblout reports/busco-results/data/00-reads/GCF_000171535.2_ASM17153v2_genomic.fna/run_enterobacterales_odb10/hmmer_output/19608at91347.out --cpu 1 /Users/dizzler/Projects/School/BIOL4600-Capstone/busco_downloads/lineages/enterobacterales_odb10/hmms/19608at91347.hmm reports/busco-results/data/00-reads/GCF_000171535.2_ASM17153v2_genomic.fna/prodigal_output/predicted_genes/predicted.faa
2026-02-21 22:06:43 DEBUG:busco.busco_tools.Toolset	cmd call: hmmsearch --domtblout reports/busco-results/data/00-reads/GCF_000171535.2_ASM17153v2_genomic.fna/run_enterobacterales_odb10/hmmer_output/22092at91347.out --cpu 1 /Users/dizzler/Projects/School/BIOL4600-Capstone/busco_downloads/lineages/enterobacterales_odb10/hmms/22092at91347.hmm reports/busco-results/data/00-reads/GCF_000171535.2_ASM17153v2_genomic.fna/prodigal_output/predicted_genes/predicted.faa
2026-02-21 22:06:43 DEBUG:busco.busco_tools.Toolset	cmd call: hmmsearch --domtblout reports/busco-results/data/00-reads/GCF_000171535.2_ASM17153v2_genomic.fna/run_enterobacterales_odb10/hmmer_output/11158at91347.out --cpu 1 /Users/dizzler/Projects/School/BIOL4600-Capstone/busco_downloads/lineages/enterobacterales_odb10/hmms/11158at91347.hmm reports/busco-results/data/00-reads/GCF_000171535.2_ASM17153v2_genomic.fna/prodigal_output/predicted_genes/predicted.faa
2026-02-21 22:06:43 DEBUG:busco.busco_tools.Toolset	cmd call: hmmsearch --domtblout reports/busco-results/data/00-reads/GCF_000171535.2_ASM17153v2_genomic.fna/run_enterobacterales_odb10/hmmer_output/312at91347.out --cpu 1 /Users/dizzler/Projects/School/BIOL4600-Capstone/busco_downloads/lineages/enterobacterales_odb10/hmms/312at91347.hmm reports/busco-results/data/00-reads/GCF_000171535.2_ASM17153v2_genomic.fna/prodigal_output/predicted_genes/predicted.faa
2026-02-21 22:06:43 DEBUG:busco.busco_tools.Toolset	cmd call: hmmsearch --domtblout reports/busco-results/data/00-reads/GCF_000171535.2_ASM17153v2_genomic.fna/run_enterobacterales_odb10/hmmer_output/26874at91347.out --cpu 1 /Users/dizzler/Projects/School/BIOL4600-Capstone/busco_downloads/lineages/enterobacterales_odb10/hmms/26874at91347.hmm reports/busco-results/data/00-reads/GCF_000171535.2_ASM17153v2_genomic.fna/prodigal_output/predicted_genes/predicted.faa
2026-02-21 22:06:43 DEBUG:busco.busco_tools.Toolset	cmd call: hmmsearch --domtblout reports/busco-results/data/00-reads/GCF_000171535.2_ASM17153v2_genomic.fna/run_enterobacterales_odb10/hmmer_output/13089at91347.out --cpu 1 /Users/dizzler/Projects/School/BIOL4600-Capstone/busco_downloads/lineages/enterobacterales_odb10/hmms/13089at91347.hmm reports/busco-results/data/00-reads/GCF_000171535.2_ASM17153v2_genomic.fna/prodigal_output/predicted_genes/predicted.faa
2026-02-21 22:06:43 DEBUG:busco.busco_tools.Toolset	cmd call: hmmsearch --domtblout reports/busco-results/data/00-reads/GCF_000171535.2_ASM17153v2_genomic.fna/run_enterobacterales_odb10/hmmer_output/23866at91347.out --cpu 1 /Users/dizzler/Projects/School/BIOL4600-Capstone/busco_downloads/lineages/enterobacterales_odb10/hmms/23866at91347.hmm reports/busco-results/data/00-reads/GCF_000171535.2_ASM17153v2_genomic.fna/prodigal_output/predicted_genes/predicted.faa
2026-02-21 22:06:43 DEBUG:busco.busco_tools.Toolset	cmd call: hmmsearch --domtblout reports/busco-results/data/00-reads/GCF_000171535.2_ASM17153v2_genomic.fna/run_enterobacterales_odb10/hmmer_output/33224at91347.out --cpu 1 /Users/dizzler/Projects/School/BIOL4600-Capstone/busco_downloads/lineages/enterobacterales_odb10/hmms/33224at91347.hmm reports/busco-results/data/00-reads/GCF_000171535.2_ASM17153v2_genomic.fna/prodigal_output/predicted_genes/predicted.faa
2026-02-21 22:06:43 DEBUG:busco.busco_tools.Toolset	cmd call: hmmsearch --domtblout reports/busco-results/data/00-reads/GCF_000171535.2_ASM17153v2_genomic.fna/run_enterobacterales_odb10/hmmer_output/19761at91347.out --cpu 1 /Users/dizzler/Projects/School/BIOL4600-Capstone/busco_downloads/lineages/enterobacterales_odb10/hmms/19761at91347.hmm reports/busco-results/data/00-reads/GCF_000171535.2_ASM17153v2_genomic.fna/prodigal_output/predicted_genes/predicted.faa
2026-02-21 22:06:43 DEBUG:busco.busco_tools.Toolset	cmd call: hmmsearch --domtblout reports/busco-results/data/00-reads/GCF_000171535.2_ASM17153v2_genomic.fna/run_enterobacterales_odb10/hmmer_output/22118at91347.out --cpu 1 /Users/dizzler/Projects/School/BIOL4600-Capstone/busco_downloads/lineages/enterobacterales_odb10/hmms/22118at91347.hmm reports/busco-results/data/00-reads/GCF_000171535.2_ASM17153v2_genomic.fna/prodigal_output/predicted_genes/predicted.faa
2026-02-21 22:06:43 DEBUG:busco.busco_tools.Toolset	cmd call: hmmsearch --domtblout reports/busco-results/data/00-reads/GCF_000171535.2_ASM17153v2_genomic.fna/run_enterobacterales_odb10/hmmer_output/18497at91347.out --cpu 1 /Users/dizzler/Projects/School/BIOL4600-Capstone/busco_downloads/lineages/enterobacterales_odb10/hmms/18497at91347.hmm reports/busco-results/data/00-reads/GCF_000171535.2_ASM17153v2_genomic.fna/prodigal_output/predicted_genes/predicted.faa
2026-02-21 22:06:43 DEBUG:busco.busco_tools.Toolset	cmd call: hmmsearch --domtblout reports/busco-results/data/00-reads/GCF_000171535.2_ASM17153v2_genomic.fna/run_enterobacterales_odb10/hmmer_output/29797at91347.out --cpu 1 /Users/dizzler/Projects/School/BIOL4600-Capstone/busco_downloads/lineages/enterobacterales_odb10/hmms/29797at91347.hmm reports/busco-results/data/00-reads/GCF_000171535.2_ASM17153v2_genomic.fna/prodigal_output/predicted_genes/predicted.faa
2026-02-21 22:06:43 DEBUG:busco.busco_tools.Toolset	cmd call: hmmsearch --domtblout reports/busco-results/data/00-reads/GCF_000171535.2_ASM17153v2_genomic.fna/run_enterobacterales_odb10/hmmer_output/11276at91347.out --cpu 1 /Users/dizzler/Projects/School/BIOL4600-Capstone/busco_downloads/lineages/enterobacterales_odb10/hmms/11276at91347.hmm reports/busco-results/data/00-reads/GCF_000171535.2_ASM17153v2_genomic.fna/prodigal_output/predicted_genes/predicted.faa
2026-02-21 22:06:43 DEBUG:busco.busco_tools.Toolset	cmd call: hmmsearch --domtblout reports/busco-results/data/00-reads/GCF_000171535.2_ASM17153v2_genomic.fna/run_enterobacterales_odb10/hmmer_output/26959at91347.out --cpu 1 /Users/dizzler/Projects/School/BIOL4600-Capstone/busco_downloads/lineages/enterobacterales_odb10/hmms/26959at91347.hmm reports/busco-results/data/00-reads/GCF_000171535.2_ASM17153v2_genomic.fna/prodigal_output/predicted_genes/predicted.faa
2026-02-21 22:06:43 DEBUG:busco.busco_tools.Toolset	cmd call: hmmsearch --domtblout reports/busco-results/data/00-reads/GCF_000171535.2_ASM17153v2_genomic.fna/run_enterobacterales_odb10/hmmer_output/16772at91347.out --cpu 1 /Users/dizzler/Projects/School/BIOL4600-Capstone/busco_downloads/lineages/enterobacterales_odb10/hmms/16772at91347.hmm reports/busco-results/data/00-reads/GCF_000171535.2_ASM17153v2_genomic.fna/prodigal_output/predicted_genes/predicted.faa
2026-02-21 22:06:43 DEBUG:busco.busco_tools.Toolset	cmd call: hmmsearch --domtblout reports/busco-results/data/00-reads/GCF_000171535.2_ASM17153v2_genomic.fna/run_enterobacterales_odb10/hmmer_output/13521at91347.out --cpu 1 /Users/dizzler/Projects/School/BIOL4600-Capstone/busco_downloads/lineages/enterobacterales_odb10/hmms/13521at91347.hmm reports/busco-results/data/00-reads/GCF_000171535.2_ASM17153v2_genomic.fna/prodigal_output/predicted_genes/predicted.faa
2026-02-21 22:06:43 DEBUG:busco.busco_tools.Toolset	cmd call: hmmsearch --domtblout reports/busco-results/data/00-reads/GCF_000171535.2_ASM17153v2_genomic.fna/run_enterobacterales_odb10/hmmer_output/24168at91347.out --cpu 1 /Users/dizzler/Projects/School/BIOL4600-Capstone/busco_downloads/lineages/enterobacterales_odb10/hmms/24168at91347.hmm reports/busco-results/data/00-reads/GCF_000171535.2_ASM17153v2_genomic.fna/prodigal_output/predicted_genes/predicted.faa
2026-02-21 22:06:43 DEBUG:busco.busco_tools.Toolset	cmd call: hmmsearch --domtblout reports/busco-results/data/00-reads/GCF_000171535.2_ASM17153v2_genomic.fna/run_enterobacterales_odb10/hmmer_output/33442at91347.out --cpu 1 /Users/dizzler/Projects/School/BIOL4600-Capstone/busco_downloads/lineages/enterobacterales_odb10/hmms/33442at91347.hmm reports/busco-results/data/00-reads/GCF_000171535.2_ASM17153v2_genomic.fna/prodigal_output/predicted_genes/predicted.faa
2026-02-21 22:06:43 DEBUG:busco.busco_tools.Toolset	cmd call: hmmsearch --domtblout reports/busco-results/data/00-reads/GCF_000171535.2_ASM17153v2_genomic.fna/run_enterobacterales_odb10/hmmer_output/19976at91347.out --cpu 1 /Users/dizzler/Projects/School/BIOL4600-Capstone/busco_downloads/lineages/enterobacterales_odb10/hmms/19976at91347.hmm reports/busco-results/data/00-reads/GCF_000171535.2_ASM17153v2_genomic.fna/prodigal_output/predicted_genes/predicted.faa
2026-02-21 22:06:43 DEBUG:busco.busco_tools.Toolset	cmd call: hmmsearch --domtblout reports/busco-results/data/00-reads/GCF_000171535.2_ASM17153v2_genomic.fna/run_enterobacterales_odb10/hmmer_output/29906at91347.out --cpu 1 /Users/dizzler/Projects/School/BIOL4600-Capstone/busco_downloads/lineages/enterobacterales_odb10/hmms/29906at91347.hmm reports/busco-results/data/00-reads/GCF_000171535.2_ASM17153v2_genomic.fna/prodigal_output/predicted_genes/predicted.faa
2026-02-21 22:06:43 DEBUG:busco.busco_tools.Toolset	cmd call: hmmsearch --domtblout reports/busco-results/data/00-reads/GCF_000171535.2_ASM17153v2_genomic.fna/run_enterobacterales_odb10/hmmer_output/31386at91347.out --cpu 1 /Users/dizzler/Projects/School/BIOL4600-Capstone/busco_downloads/lineages/enterobacterales_odb10/hmms/31386at91347.hmm reports/busco-results/data/00-reads/GCF_000171535.2_ASM17153v2_genomic.fna/prodigal_output/predicted_genes/predicted.faa
2026-02-21 22:06:43 DEBUG:busco.busco_tools.Toolset	cmd call: hmmsearch --domtblout reports/busco-results/data/00-reads/GCF_000171535.2_ASM17153v2_genomic.fna/run_enterobacterales_odb10/hmmer_output/18548at91347.out --cpu 1 /Users/dizzler/Projects/School/BIOL4600-Capstone/busco_downloads/lineages/enterobacterales_odb10/hmms/18548at91347.hmm reports/busco-results/data/00-reads/GCF_000171535.2_ASM17153v2_genomic.fna/prodigal_output/predicted_genes/predicted.faa
2026-02-21 22:06:43 DEBUG:busco.busco_tools.Toolset	cmd call: hmmsearch --domtblout reports/busco-results/data/00-reads/GCF_000171535.2_ASM17153v2_genomic.fna/run_enterobacterales_odb10/hmmer_output/26964at91347.out --cpu 1 /Users/dizzler/Projects/School/BIOL4600-Capstone/busco_downloads/lineages/enterobacterales_odb10/hmms/26964at91347.hmm reports/busco-results/data/00-reads/GCF_000171535.2_ASM17153v2_genomic.fna/prodigal_output/predicted_genes/predicted.faa
2026-02-21 22:06:43 DEBUG:busco.busco_tools.Toolset	cmd call: hmmsearch --domtblout reports/busco-results/data/00-reads/GCF_000171535.2_ASM17153v2_genomic.fna/run_enterobacterales_odb10/hmmer_output/22142at91347.out --cpu 1 /Users/dizzler/Projects/School/BIOL4600-Capstone/busco_downloads/lineages/enterobacterales_odb10/hmms/22142at91347.hmm reports/busco-results/data/00-reads/GCF_000171535.2_ASM17153v2_genomic.fna/prodigal_output/predicted_genes/predicted.faa
2026-02-21 22:06:43 DEBUG:busco.busco_tools.Toolset	cmd call: hmmsearch --domtblout reports/busco-results/data/00-reads/GCF_000171535.2_ASM17153v2_genomic.fna/run_enterobacterales_odb10/hmmer_output/11342at91347.out --cpu 1 /Users/dizzler/Projects/School/BIOL4600-Capstone/busco_downloads/lineages/enterobacterales_odb10/hmms/11342at91347.hmm reports/busco-results/data/00-reads/GCF_000171535.2_ASM17153v2_genomic.fna/prodigal_output/predicted_genes/predicted.faa
2026-02-21 22:06:43 DEBUG:busco.busco_tools.Toolset	cmd call: hmmsearch --domtblout reports/busco-results/data/00-reads/GCF_000171535.2_ASM17153v2_genomic.fna/run_enterobacterales_odb10/hmmer_output/16784at91347.out --cpu 1 /Users/dizzler/Projects/School/BIOL4600-Capstone/busco_downloads/lineages/enterobacterales_odb10/hmms/16784at91347.hmm reports/busco-results/data/00-reads/GCF_000171535.2_ASM17153v2_genomic.fna/prodigal_output/predicted_genes/predicted.faa
2026-02-21 22:06:43 DEBUG:busco.busco_tools.Toolset	cmd call: hmmsearch --domtblout reports/busco-results/data/00-reads/GCF_000171535.2_ASM17153v2_genomic.fna/run_enterobacterales_odb10/hmmer_output/33787at91347.out --cpu 1 /Users/dizzler/Projects/School/BIOL4600-Capstone/busco_downloads/lineages/enterobacterales_odb10/hmms/33787at91347.hmm reports/busco-results/data/00-reads/GCF_000171535.2_ASM17153v2_genomic.fna/prodigal_output/predicted_genes/predicted.faa
2026-02-21 22:06:43 DEBUG:busco.busco_tools.Toolset	cmd call: hmmsearch --domtblout reports/busco-results/data/00-reads/GCF_000171535.2_ASM17153v2_genomic.fna/run_enterobacterales_odb10/hmmer_output/13589at91347.out --cpu 1 /Users/dizzler/Projects/School/BIOL4600-Capstone/busco_downloads/lineages/enterobacterales_odb10/hmms/13589at91347.hmm reports/busco-results/data/00-reads/GCF_000171535.2_ASM17153v2_genomic.fna/prodigal_output/predicted_genes/predicted.faa
2026-02-21 22:06:43 DEBUG:busco.busco_tools.Toolset	cmd call: hmmsearch --domtblout reports/busco-results/data/00-reads/GCF_000171535.2_ASM17153v2_genomic.fna/run_enterobacterales_odb10/hmmer_output/24492at91347.out --cpu 1 /Users/dizzler/Projects/School/BIOL4600-Capstone/busco_downloads/lineages/enterobacterales_odb10/hmms/24492at91347.hmm reports/busco-results/data/00-reads/GCF_000171535.2_ASM17153v2_genomic.fna/prodigal_output/predicted_genes/predicted.faa
2026-02-21 22:06:43 DEBUG:busco.busco_tools.Toolset	cmd call: hmmsearch --domtblout reports/busco-results/data/00-reads/GCF_000171535.2_ASM17153v2_genomic.fna/run_enterobacterales_odb10/hmmer_output/31545at91347.out --cpu 1 /Users/dizzler/Projects/School/BIOL4600-Capstone/busco_downloads/lineages/enterobacterales_odb10/hmms/31545at91347.hmm reports/busco-results/data/00-reads/GCF_000171535.2_ASM17153v2_genomic.fna/prodigal_output/predicted_genes/predicted.faa
2026-02-21 22:06:43 DEBUG:busco.busco_tools.Toolset	cmd call: hmmsearch --domtblout reports/busco-results/data/00-reads/GCF_000171535.2_ASM17153v2_genomic.fna/run_enterobacterales_odb10/hmmer_output/30360at91347.out --cpu 1 /Users/dizzler/Projects/School/BIOL4600-Capstone/busco_downloads/lineages/enterobacterales_odb10/hmms/30360at91347.hmm reports/busco-results/data/00-reads/GCF_000171535.2_ASM17153v2_genomic.fna/prodigal_output/predicted_genes/predicted.faa
2026-02-21 22:06:43 DEBUG:busco.busco_tools.Toolset	cmd call: hmmsearch --domtblout reports/busco-results/data/00-reads/GCF_000171535.2_ASM17153v2_genomic.fna/run_enterobacterales_odb10/hmmer_output/20568at91347.out --cpu 1 /Users/dizzler/Projects/School/BIOL4600-Capstone/busco_downloads/lineages/enterobacterales_odb10/hmms/20568at91347.hmm reports/busco-results/data/00-reads/GCF_000171535.2_ASM17153v2_genomic.fna/prodigal_output/predicted_genes/predicted.faa
2026-02-21 22:06:43 DEBUG:busco.busco_tools.Toolset	cmd call: hmmsearch --domtblout reports/busco-results/data/00-reads/GCF_000171535.2_ASM17153v2_genomic.fna/run_enterobacterales_odb10/hmmer_output/18659at91347.out --cpu 1 /Users/dizzler/Projects/School/BIOL4600-Capstone/busco_downloads/lineages/enterobacterales_odb10/hmms/18659at91347.hmm reports/busco-results/data/00-reads/GCF_000171535.2_ASM17153v2_genomic.fna/prodigal_output/predicted_genes/predicted.faa
2026-02-21 22:06:43 DEBUG:busco.busco_tools.Toolset	cmd call: hmmsearch --domtblout reports/busco-results/data/00-reads/GCF_000171535.2_ASM17153v2_genomic.fna/run_enterobacterales_odb10/hmmer_output/27487at91347.out --cpu 1 /Users/dizzler/Projects/School/BIOL4600-Capstone/busco_downloads/lineages/enterobacterales_odb10/hmms/27487at91347.hmm reports/busco-results/data/00-reads/GCF_000171535.2_ASM17153v2_genomic.fna/prodigal_output/predicted_genes/predicted.faa
2026-02-21 22:06:43 INFO:busco.busco_tools.Toolset	[hmmsearch]	44 of 440 task(s) completed
2026-02-21 22:06:43 DEBUG:busco.busco_tools.Toolset	cmd call: hmmsearch --domtblout reports/busco-results/data/00-reads/GCF_000171535.2_ASM17153v2_genomic.fna/run_enterobacterales_odb10/hmmer_output/22239at91347.out --cpu 1 /Users/dizzler/Projects/School/BIOL4600-Capstone/busco_downloads/lineages/enterobacterales_odb10/hmms/22239at91347.hmm reports/busco-results/data/00-reads/GCF_000171535.2_ASM17153v2_genomic.fna/prodigal_output/predicted_genes/predicted.faa
2026-02-21 22:06:43 DEBUG:busco.busco_tools.Toolset	cmd call: hmmsearch --domtblout reports/busco-results/data/00-reads/GCF_000171535.2_ASM17153v2_genomic.fna/run_enterobacterales_odb10/hmmer_output/16910at91347.out --cpu 1 /Users/dizzler/Projects/School/BIOL4600-Capstone/busco_downloads/lineages/enterobacterales_odb10/hmms/16910at91347.hmm reports/busco-results/data/00-reads/GCF_000171535.2_ASM17153v2_genomic.fna/prodigal_output/predicted_genes/predicted.faa
2026-02-21 22:06:43 DEBUG:busco.busco_tools.Toolset	cmd call: hmmsearch --domtblout reports/busco-results/data/00-reads/GCF_000171535.2_ASM17153v2_genomic.fna/run_enterobacterales_odb10/hmmer_output/34836at91347.out --cpu 1 /Users/dizzler/Projects/School/BIOL4600-Capstone/busco_downloads/lineages/enterobacterales_odb10/hmms/34836at91347.hmm reports/busco-results/data/00-reads/GCF_000171535.2_ASM17153v2_genomic.fna/prodigal_output/predicted_genes/predicted.faa
2026-02-21 22:06:43 DEBUG:busco.busco_tools.Toolset	cmd call: hmmsearch --domtblout reports/busco-results/data/00-reads/GCF_000171535.2_ASM17153v2_genomic.fna/run_enterobacterales_odb10/hmmer_output/13669at91347.out --cpu 1 /Users/dizzler/Projects/School/BIOL4600-Capstone/busco_downloads/lineages/enterobacterales_odb10/hmms/13669at91347.hmm reports/busco-results/data/00-reads/GCF_000171535.2_ASM17153v2_genomic.fna/prodigal_output/predicted_genes/predicted.faa
2026-02-21 22:06:43 DEBUG:busco.busco_tools.Toolset	cmd call: hmmsearch --domtblout reports/busco-results/data/00-reads/GCF_000171535.2_ASM17153v2_genomic.fna/run_enterobacterales_odb10/hmmer_output/11564at91347.out --cpu 1 /Users/dizzler/Projects/School/BIOL4600-Capstone/busco_downloads/lineages/enterobacterales_odb10/hmms/11564at91347.hmm reports/busco-results/data/00-reads/GCF_000171535.2_ASM17153v2_genomic.fna/prodigal_output/predicted_genes/predicted.faa
2026-02-21 22:06:43 DEBUG:busco.busco_tools.Toolset	cmd call: hmmsearch --domtblout reports/busco-results/data/00-reads/GCF_000171535.2_ASM17153v2_genomic.fna/run_enterobacterales_odb10/hmmer_output/25024at91347.out --cpu 1 /Users/dizzler/Projects/School/BIOL4600-Capstone/busco_downloads/lineages/enterobacterales_odb10/hmms/25024at91347.hmm reports/busco-results/data/00-reads/GCF_000171535.2_ASM17153v2_genomic.fna/prodigal_output/predicted_genes/predicted.faa
2026-02-21 22:06:43 DEBUG:busco.busco_tools.Toolset	cmd call: hmmsearch --domtblout reports/busco-results/data/00-reads/GCF_000171535.2_ASM17153v2_genomic.fna/run_enterobacterales_odb10/hmmer_output/3039at91347.out --cpu 1 /Users/dizzler/Projects/School/BIOL4600-Capstone/busco_downloads/lineages/enterobacterales_odb10/hmms/3039at91347.hmm reports/busco-results/data/00-reads/GCF_000171535.2_ASM17153v2_genomic.fna/prodigal_output/predicted_genes/predicted.faa
2026-02-21 22:06:43 DEBUG:busco.busco_tools.Toolset	cmd call: hmmsearch --domtblout reports/busco-results/data/00-reads/GCF_000171535.2_ASM17153v2_genomic.fna/run_enterobacterales_odb10/hmmer_output/31561at91347.out --cpu 1 /Users/dizzler/Projects/School/BIOL4600-Capstone/busco_downloads/lineages/enterobacterales_odb10/hmms/31561at91347.hmm reports/busco-results/data/00-reads/GCF_000171535.2_ASM17153v2_genomic.fna/prodigal_output/predicted_genes/predicted.faa
2026-02-21 22:06:43 DEBUG:busco.busco_tools.Toolset	cmd call: hmmsearch --domtblout reports/busco-results/data/00-reads/GCF_000171535.2_ASM17153v2_genomic.fna/run_enterobacterales_odb10/hmmer_output/20637at91347.out --cpu 1 /Users/dizzler/Projects/School/BIOL4600-Capstone/busco_downloads/lineages/enterobacterales_odb10/hmms/20637at91347.hmm reports/busco-results/data/00-reads/GCF_000171535.2_ASM17153v2_genomic.fna/prodigal_output/predicted_genes/predicted.faa
2026-02-21 22:06:43 DEBUG:busco.busco_tools.Toolset	cmd call: hmmsearch --domtblout reports/busco-results/data/00-reads/GCF_000171535.2_ASM17153v2_genomic.fna/run_enterobacterales_odb10/hmmer_output/27549at91347.out --cpu 1 /Users/dizzler/Projects/School/BIOL4600-Capstone/busco_downloads/lineages/enterobacterales_odb10/hmms/27549at91347.hmm reports/busco-results/data/00-reads/GCF_000171535.2_ASM17153v2_genomic.fna/prodigal_output/predicted_genes/predicted.faa
2026-02-21 22:06:43 DEBUG:busco.busco_tools.Toolset	cmd call: hmmsearch --domtblout reports/busco-results/data/00-reads/GCF_000171535.2_ASM17153v2_genomic.fna/run_enterobacterales_odb10/hmmer_output/18707at91347.out --cpu 1 /Users/dizzler/Projects/School/BIOL4600-Capstone/busco_downloads/lineages/enterobacterales_odb10/hmms/18707at91347.hmm reports/busco-results/data/00-reads/GCF_000171535.2_ASM17153v2_genomic.fna/prodigal_output/predicted_genes/predicted.faa
2026-02-21 22:06:43 DEBUG:busco.busco_tools.Toolset	cmd call: hmmsearch --domtblout reports/busco-results/data/00-reads/GCF_000171535.2_ASM17153v2_genomic.fna/run_enterobacterales_odb10/hmmer_output/22268at91347.out --cpu 1 /Users/dizzler/Projects/School/BIOL4600-Capstone/busco_downloads/lineages/enterobacterales_odb10/hmms/22268at91347.hmm reports/busco-results/data/00-reads/GCF_000171535.2_ASM17153v2_genomic.fna/prodigal_output/predicted_genes/predicted.faa
2026-02-21 22:06:43 DEBUG:busco.busco_tools.Toolset	cmd call: hmmsearch --domtblout reports/busco-results/data/00-reads/GCF_000171535.2_ASM17153v2_genomic.fna/run_enterobacterales_odb10/hmmer_output/17229at91347.out --cpu 1 /Users/dizzler/Projects/School/BIOL4600-Capstone/busco_downloads/lineages/enterobacterales_odb10/hmms/17229at91347.hmm reports/busco-results/data/00-reads/GCF_000171535.2_ASM17153v2_genomic.fna/prodigal_output/predicted_genes/predicted.faa
2026-02-21 22:06:43 DEBUG:busco.busco_tools.Toolset	cmd call: hmmsearch --domtblout reports/busco-results/data/00-reads/GCF_000171535.2_ASM17153v2_genomic.fna/run_enterobacterales_odb10/hmmer_output/35016at91347.out --cpu 1 /Users/dizzler/Projects/School/BIOL4600-Capstone/busco_downloads/lineages/enterobacterales_odb10/hmms/35016at91347.hmm reports/busco-results/data/00-reads/GCF_000171535.2_ASM17153v2_genomic.fna/prodigal_output/predicted_genes/predicted.faa
2026-02-21 22:06:43 DEBUG:busco.busco_tools.Toolset	cmd call: hmmsearch --domtblout reports/busco-results/data/00-reads/GCF_000171535.2_ASM17153v2_genomic.fna/run_enterobacterales_odb10/hmmer_output/12067at91347.out --cpu 1 /Users/dizzler/Projects/School/BIOL4600-Capstone/busco_downloads/lineages/enterobacterales_odb10/hmms/12067at91347.hmm reports/busco-results/data/00-reads/GCF_000171535.2_ASM17153v2_genomic.fna/prodigal_output/predicted_genes/predicted.faa
2026-02-21 22:06:43 DEBUG:busco.busco_tools.Toolset	cmd call: hmmsearch --domtblout reports/busco-results/data/00-reads/GCF_000171535.2_ASM17153v2_genomic.fna/run_enterobacterales_odb10/hmmer_output/27820at91347.out --cpu 1 /Users/dizzler/Projects/School/BIOL4600-Capstone/busco_downloads/lineages/enterobacterales_odb10/hmms/27820at91347.hmm reports/busco-results/data/00-reads/GCF_000171535.2_ASM17153v2_genomic.fna/prodigal_output/predicted_genes/predicted.faa
2026-02-21 22:06:43 DEBUG:busco.busco_tools.Toolset	cmd call: hmmsearch --domtblout reports/busco-results/data/00-reads/GCF_000171535.2_ASM17153v2_genomic.fna/run_enterobacterales_odb10/hmmer_output/31637at91347.out --cpu 1 /Users/dizzler/Projects/School/BIOL4600-Capstone/busco_downloads/lineages/enterobacterales_odb10/hmms/31637at91347.hmm reports/busco-results/data/00-reads/GCF_000171535.2_ASM17153v2_genomic.fna/prodigal_output/predicted_genes/predicted.faa
2026-02-21 22:06:43 DEBUG:busco.busco_tools.Toolset	cmd call: hmmsearch --domtblout reports/busco-results/data/00-reads/GCF_000171535.2_ASM17153v2_genomic.fna/run_enterobacterales_odb10/hmmer_output/20863at91347.out --cpu 1 /Users/dizzler/Projects/School/BIOL4600-Capstone/busco_downloads/lineages/enterobacterales_odb10/hmms/20863at91347.hmm reports/busco-results/data/00-reads/GCF_000171535.2_ASM17153v2_genomic.fna/prodigal_output/predicted_genes/predicted.faa
2026-02-21 22:06:43 DEBUG:busco.busco_tools.Toolset	cmd call: hmmsearch --domtblout reports/busco-results/data/00-reads/GCF_000171535.2_ASM17153v2_genomic.fna/run_enterobacterales_odb10/hmmer_output/25383at91347.out --cpu 1 /Users/dizzler/Projects/School/BIOL4600-Capstone/busco_downloads/lineages/enterobacterales_odb10/hmms/25383at91347.hmm reports/busco-results/data/00-reads/GCF_000171535.2_ASM17153v2_genomic.fna/prodigal_output/predicted_genes/predicted.faa
2026-02-21 22:06:43 DEBUG:busco.busco_tools.Toolset	cmd call: hmmsearch --domtblout reports/busco-results/data/00-reads/GCF_000171535.2_ASM17153v2_genomic.fna/run_enterobacterales_odb10/hmmer_output/14646at91347.out --cpu 1 /Users/dizzler/Projects/School/BIOL4600-Capstone/busco_downloads/lineages/enterobacterales_odb10/hmms/14646at91347.hmm reports/busco-results/data/00-reads/GCF_000171535.2_ASM17153v2_genomic.fna/prodigal_output/predicted_genes/predicted.faa
2026-02-21 22:06:43 DEBUG:busco.busco_tools.Toolset	cmd call: hmmsearch --domtblout reports/busco-results/data/00-reads/GCF_000171535.2_ASM17153v2_genomic.fna/run_enterobacterales_odb10/hmmer_output/19149at91347.out --cpu 1 /Users/dizzler/Projects/School/BIOL4600-Capstone/busco_downloads/lineages/enterobacterales_odb10/hmms/19149at91347.hmm reports/busco-results/data/00-reads/GCF_000171535.2_ASM17153v2_genomic.fna/prodigal_output/predicted_genes/predicted.faa
2026-02-21 22:06:43 DEBUG:busco.busco_tools.Toolset	cmd call: hmmsearch --domtblout reports/busco-results/data/00-reads/GCF_000171535.2_ASM17153v2_genomic.fna/run_enterobacterales_odb10/hmmer_output/30417at91347.out --cpu 1 /Users/dizzler/Projects/School/BIOL4600-Capstone/busco_downloads/lineages/enterobacterales_odb10/hmms/30417at91347.hmm reports/busco-results/data/00-reads/GCF_000171535.2_ASM17153v2_genomic.fna/prodigal_output/predicted_genes/predicted.faa
2026-02-21 22:06:43 DEBUG:busco.busco_tools.Toolset	cmd call: hmmsearch --domtblout reports/busco-results/data/00-reads/GCF_000171535.2_ASM17153v2_genomic.fna/run_enterobacterales_odb10/hmmer_output/35495at91347.out --cpu 1 /Users/dizzler/Projects/School/BIOL4600-Capstone/busco_downloads/lineages/enterobacterales_odb10/hmms/35495at91347.hmm reports/busco-results/data/00-reads/GCF_000171535.2_ASM17153v2_genomic.fna/prodigal_output/predicted_genes/predicted.faa
2026-02-21 22:06:43 DEBUG:busco.busco_tools.Toolset	cmd call: hmmsearch --domtblout reports/busco-results/data/00-reads/GCF_000171535.2_ASM17153v2_genomic.fna/run_enterobacterales_odb10/hmmer_output/17277at91347.out --cpu 1 /Users/dizzler/Projects/School/BIOL4600-Capstone/busco_downloads/lineages/enterobacterales_odb10/hmms/17277at91347.hmm reports/busco-results/data/00-reads/GCF_000171535.2_ASM17153v2_genomic.fna/prodigal_output/predicted_genes/predicted.faa
2026-02-21 22:06:43 DEBUG:busco.busco_tools.Toolset	cmd call: hmmsearch --domtblout reports/busco-results/data/00-reads/GCF_000171535.2_ASM17153v2_genomic.fna/run_enterobacterales_odb10/hmmer_output/22626at91347.out --cpu 1 /Users/dizzler/Projects/School/BIOL4600-Capstone/busco_downloads/lineages/enterobacterales_odb10/hmms/22626at91347.hmm reports/busco-results/data/00-reads/GCF_000171535.2_ASM17153v2_genomic.fna/prodigal_output/predicted_genes/predicted.faa
2026-02-21 22:06:43 DEBUG:busco.busco_tools.Toolset	cmd call: hmmsearch --domtblout reports/busco-results/data/00-reads/GCF_000171535.2_ASM17153v2_genomic.fna/run_enterobacterales_odb10/hmmer_output/31738at91347.out --cpu 1 /Users/dizzler/Projects/School/BIOL4600-Capstone/busco_downloads/lineages/enterobacterales_odb10/hmms/31738at91347.hmm reports/busco-results/data/00-reads/GCF_000171535.2_ASM17153v2_genomic.fna/prodigal_output/predicted_genes/predicted.faa
2026-02-21 22:06:43 DEBUG:busco.busco_tools.Toolset	cmd call: hmmsearch --domtblout reports/busco-results/data/00-reads/GCF_000171535.2_ASM17153v2_genomic.fna/run_enterobacterales_odb10/hmmer_output/20969at91347.out --cpu 1 /Users/dizzler/Projects/School/BIOL4600-Capstone/busco_downloads/lineages/enterobacterales_odb10/hmms/20969at91347.hmm reports/busco-results/data/00-reads/GCF_000171535.2_ASM17153v2_genomic.fna/prodigal_output/predicted_genes/predicted.faa
2026-02-21 22:06:43 DEBUG:busco.busco_tools.Toolset	cmd call: hmmsearch --domtblout reports/busco-results/data/00-reads/GCF_000171535.2_ASM17153v2_genomic.fna/run_enterobacterales_odb10/hmmer_output/12072at91347.out --cpu 1 /Users/dizzler/Projects/School/BIOL4600-Capstone/busco_downloads/lineages/enterobacterales_odb10/hmms/12072at91347.hmm reports/busco-results/data/00-reads/GCF_000171535.2_ASM17153v2_genomic.fna/prodigal_output/predicted_genes/predicted.faa
2026-02-21 22:06:43 DEBUG:busco.busco_tools.Toolset	cmd call: hmmsearch --domtblout reports/busco-results/data/00-reads/GCF_000171535.2_ASM17153v2_genomic.fna/run_enterobacterales_odb10/hmmer_output/19201at91347.out --cpu 1 /Users/dizzler/Projects/School/BIOL4600-Capstone/busco_downloads/lineages/enterobacterales_odb10/hmms/19201at91347.hmm reports/busco-results/data/00-reads/GCF_000171535.2_ASM17153v2_genomic.fna/prodigal_output/predicted_genes/predicted.faa
2026-02-21 22:06:43 DEBUG:busco.busco_tools.Toolset	cmd call: hmmsearch --domtblout reports/busco-results/data/00-reads/GCF_000171535.2_ASM17153v2_genomic.fna/run_enterobacterales_odb10/hmmer_output/28109at91347.out --cpu 1 /Users/dizzler/Projects/School/BIOL4600-Capstone/busco_downloads/lineages/enterobacterales_odb10/hmms/28109at91347.hmm reports/busco-results/data/00-reads/GCF_000171535.2_ASM17153v2_genomic.fna/prodigal_output/predicted_genes/predicted.faa
2026-02-21 22:06:43 DEBUG:busco.busco_tools.Toolset	cmd call: hmmsearch --domtblout reports/busco-results/data/00-reads/GCF_000171535.2_ASM17153v2_genomic.fna/run_enterobacterales_odb10/hmmer_output/15307at91347.out --cpu 1 /Users/dizzler/Projects/School/BIOL4600-Capstone/busco_downloads/lineages/enterobacterales_odb10/hmms/15307at91347.hmm reports/busco-results/data/00-reads/GCF_000171535.2_ASM17153v2_genomic.fna/prodigal_output/predicted_genes/predicted.faa
2026-02-21 22:06:43 DEBUG:busco.busco_tools.Toolset	cmd call: hmmsearch --domtblout reports/busco-results/data/00-reads/GCF_000171535.2_ASM17153v2_genomic.fna/run_enterobacterales_odb10/hmmer_output/35539at91347.out --cpu 1 /Users/dizzler/Projects/School/BIOL4600-Capstone/busco_downloads/lineages/enterobacterales_odb10/hmms/35539at91347.hmm reports/busco-results/data/00-reads/GCF_000171535.2_ASM17153v2_genomic.fna/prodigal_output/predicted_genes/predicted.faa
2026-02-21 22:06:43 DEBUG:busco.busco_tools.Toolset	cmd call: hmmsearch --domtblout reports/busco-results/data/00-reads/GCF_000171535.2_ASM17153v2_genomic.fna/run_enterobacterales_odb10/hmmer_output/23148at91347.out --cpu 1 /Users/dizzler/Projects/School/BIOL4600-Capstone/busco_downloads/lineages/enterobacterales_odb10/hmms/23148at91347.hmm reports/busco-results/data/00-reads/GCF_000171535.2_ASM17153v2_genomic.fna/prodigal_output/predicted_genes/predicted.faa
2026-02-21 22:06:43 DEBUG:busco.busco_tools.Toolset	cmd call: hmmsearch --domtblout reports/busco-results/data/00-reads/GCF_000171535.2_ASM17153v2_genomic.fna/run_enterobacterales_odb10/hmmer_output/25899at91347.out --cpu 1 /Users/dizzler/Projects/School/BIOL4600-Capstone/busco_downloads/lineages/enterobacterales_odb10/hmms/25899at91347.hmm reports/busco-results/data/00-reads/GCF_000171535.2_ASM17153v2_genomic.fna/prodigal_output/predicted_genes/predicted.faa
2026-02-21 22:06:43 DEBUG:busco.busco_tools.Toolset	cmd call: hmmsearch --domtblout reports/busco-results/data/00-reads/GCF_000171535.2_ASM17153v2_genomic.fna/run_enterobacterales_odb10/hmmer_output/17608at91347.out --cpu 1 /Users/dizzler/Projects/School/BIOL4600-Capstone/busco_downloads/lineages/enterobacterales_odb10/hmms/17608at91347.hmm reports/busco-results/data/00-reads/GCF_000171535.2_ASM17153v2_genomic.fna/prodigal_output/predicted_genes/predicted.faa
2026-02-21 22:06:43 DEBUG:busco.busco_tools.Toolset	cmd call: hmmsearch --domtblout reports/busco-results/data/00-reads/GCF_000171535.2_ASM17153v2_genomic.fna/run_enterobacterales_odb10/hmmer_output/30806at91347.out --cpu 1 /Users/dizzler/Projects/School/BIOL4600-Capstone/busco_downloads/lineages/enterobacterales_odb10/hmms/30806at91347.hmm reports/busco-results/data/00-reads/GCF_000171535.2_ASM17153v2_genomic.fna/prodigal_output/predicted_genes/predicted.faa
2026-02-21 22:06:43 DEBUG:busco.busco_tools.Toolset	cmd call: hmmsearch --domtblout reports/busco-results/data/00-reads/GCF_000171535.2_ASM17153v2_genomic.fna/run_enterobacterales_odb10/hmmer_output/2121at91347.out --cpu 1 /Users/dizzler/Projects/School/BIOL4600-Capstone/busco_downloads/lineages/enterobacterales_odb10/hmms/2121at91347.hmm reports/busco-results/data/00-reads/GCF_000171535.2_ASM17153v2_genomic.fna/prodigal_output/predicted_genes/predicted.faa
2026-02-21 22:06:43 DEBUG:busco.busco_tools.Toolset	cmd call: hmmsearch --domtblout reports/busco-results/data/00-reads/GCF_000171535.2_ASM17153v2_genomic.fna/run_enterobacterales_odb10/hmmer_output/31787at91347.out --cpu 1 /Users/dizzler/Projects/School/BIOL4600-Capstone/busco_downloads/lineages/enterobacterales_odb10/hmms/31787at91347.hmm reports/busco-results/data/00-reads/GCF_000171535.2_ASM17153v2_genomic.fna/prodigal_output/predicted_genes/predicted.faa
2026-02-21 22:06:43 DEBUG:busco.busco_tools.Toolset	cmd call: hmmsearch --domtblout reports/busco-results/data/00-reads/GCF_000171535.2_ASM17153v2_genomic.fna/run_enterobacterales_odb10/hmmer_output/19461at91347.out --cpu 1 /Users/dizzler/Projects/School/BIOL4600-Capstone/busco_downloads/lineages/enterobacterales_odb10/hmms/19461at91347.hmm reports/busco-results/data/00-reads/GCF_000171535.2_ASM17153v2_genomic.fna/prodigal_output/predicted_genes/predicted.faa
2026-02-21 22:06:43 DEBUG:busco.busco_tools.Toolset	cmd call: hmmsearch --domtblout reports/busco-results/data/00-reads/GCF_000171535.2_ASM17153v2_genomic.fna/run_enterobacterales_odb10/hmmer_output/29283at91347.out --cpu 1 /Users/dizzler/Projects/School/BIOL4600-Capstone/busco_downloads/lineages/enterobacterales_odb10/hmms/29283at91347.hmm reports/busco-results/data/00-reads/GCF_000171535.2_ASM17153v2_genomic.fna/prodigal_output/predicted_genes/predicted.faa
2026-02-21 22:06:43 DEBUG:busco.busco_tools.Toolset	cmd call: hmmsearch --domtblout reports/busco-results/data/00-reads/GCF_000171535.2_ASM17153v2_genomic.fna/run_enterobacterales_odb10/hmmer_output/35630at91347.out --cpu 1 /Users/dizzler/Projects/School/BIOL4600-Capstone/busco_downloads/lineages/enterobacterales_odb10/hmms/35630at91347.hmm reports/busco-results/data/00-reads/GCF_000171535.2_ASM17153v2_genomic.fna/prodigal_output/predicted_genes/predicted.faa
2026-02-21 22:06:43 DEBUG:busco.busco_tools.Toolset	cmd call: hmmsearch --domtblout reports/busco-results/data/00-reads/GCF_000171535.2_ASM17153v2_genomic.fna/run_enterobacterales_odb10/hmmer_output/12374at91347.out --cpu 1 /Users/dizzler/Projects/School/BIOL4600-Capstone/busco_downloads/lineages/enterobacterales_odb10/hmms/12374at91347.hmm reports/busco-results/data/00-reads/GCF_000171535.2_ASM17153v2_genomic.fna/prodigal_output/predicted_genes/predicted.faa
2026-02-21 22:06:43 DEBUG:busco.busco_tools.Toolset	cmd call: hmmsearch --domtblout reports/busco-results/data/00-reads/GCF_000171535.2_ASM17153v2_genomic.fna/run_enterobacterales_odb10/hmmer_output/2605at91347.out --cpu 1 /Users/dizzler/Projects/School/BIOL4600-Capstone/busco_downloads/lineages/enterobacterales_odb10/hmms/2605at91347.hmm reports/busco-results/data/00-reads/GCF_000171535.2_ASM17153v2_genomic.fna/prodigal_output/predicted_genes/predicted.faa
2026-02-21 22:06:43 INFO:busco.busco_tools.Toolset	[hmmsearch]	88 of 440 task(s) completed
2026-02-21 22:06:43 DEBUG:busco.busco_tools.Toolset	cmd call: hmmsearch --domtblout reports/busco-results/data/00-reads/GCF_000171535.2_ASM17153v2_genomic.fna/run_enterobacterales_odb10/hmmer_output/17649at91347.out --cpu 1 /Users/dizzler/Projects/School/BIOL4600-Capstone/busco_downloads/lineages/enterobacterales_odb10/hmms/17649at91347.hmm reports/busco-results/data/00-reads/GCF_000171535.2_ASM17153v2_genomic.fna/prodigal_output/predicted_genes/predicted.faa
2026-02-21 22:06:43 DEBUG:busco.busco_tools.Toolset	cmd call: hmmsearch --domtblout reports/busco-results/data/00-reads/GCF_000171535.2_ASM17153v2_genomic.fna/run_enterobacterales_odb10/hmmer_output/3084at91347.out --cpu 1 /Users/dizzler/Projects/School/BIOL4600-Capstone/busco_downloads/lineages/enterobacterales_odb10/hmms/3084at91347.hmm reports/busco-results/data/00-reads/GCF_000171535.2_ASM17153v2_genomic.fna/prodigal_output/predicted_genes/predicted.faa
2026-02-21 22:06:43 DEBUG:busco.busco_tools.Toolset	cmd call: hmmsearch --domtblout reports/busco-results/data/00-reads/GCF_000171535.2_ASM17153v2_genomic.fna/run_enterobacterales_odb10/hmmer_output/32356at91347.out --cpu 1 /Users/dizzler/Projects/School/BIOL4600-Capstone/busco_downloads/lineages/enterobacterales_odb10/hmms/32356at91347.hmm reports/busco-results/data/00-reads/GCF_000171535.2_ASM17153v2_genomic.fna/prodigal_output/predicted_genes/predicted.faa
2026-02-21 22:06:43 DEBUG:busco.busco_tools.Toolset	cmd call: hmmsearch --domtblout reports/busco-results/data/00-reads/GCF_000171535.2_ASM17153v2_genomic.fna/run_enterobacterales_odb10/hmmer_output/2325at91347.out --cpu 1 /Users/dizzler/Projects/School/BIOL4600-Capstone/busco_downloads/lineages/enterobacterales_odb10/hmms/2325at91347.hmm reports/busco-results/data/00-reads/GCF_000171535.2_ASM17153v2_genomic.fna/prodigal_output/predicted_genes/predicted.faa
2026-02-21 22:06:43 DEBUG:busco.busco_tools.Toolset	cmd call: hmmsearch --domtblout reports/busco-results/data/00-reads/GCF_000171535.2_ASM17153v2_genomic.fna/run_enterobacterales_odb10/hmmer_output/29509at91347.out --cpu 1 /Users/dizzler/Projects/School/BIOL4600-Capstone/busco_downloads/lineages/enterobacterales_odb10/hmms/29509at91347.hmm reports/busco-results/data/00-reads/GCF_000171535.2_ASM17153v2_genomic.fna/prodigal_output/predicted_genes/predicted.faa
2026-02-21 22:06:43 DEBUG:busco.busco_tools.Toolset	cmd call: hmmsearch --domtblout reports/busco-results/data/00-reads/GCF_000171535.2_ASM17153v2_genomic.fna/run_enterobacterales_odb10/hmmer_output/35918at91347.out --cpu 1 /Users/dizzler/Projects/School/BIOL4600-Capstone/busco_downloads/lineages/enterobacterales_odb10/hmms/35918at91347.hmm reports/busco-results/data/00-reads/GCF_000171535.2_ASM17153v2_genomic.fna/prodigal_output/predicted_genes/predicted.faa
2026-02-21 22:06:43 DEBUG:busco.busco_tools.Toolset	cmd call: hmmsearch --domtblout reports/busco-results/data/00-reads/GCF_000171535.2_ASM17153v2_genomic.fna/run_enterobacterales_odb10/hmmer_output/35760at91347.out --cpu 1 /Users/dizzler/Projects/School/BIOL4600-Capstone/busco_downloads/lineages/enterobacterales_odb10/hmms/35760at91347.hmm reports/busco-results/data/00-reads/GCF_000171535.2_ASM17153v2_genomic.fna/prodigal_output/predicted_genes/predicted.faa
2026-02-21 22:06:43 DEBUG:busco.busco_tools.Toolset	cmd call: hmmsearch --domtblout reports/busco-results/data/00-reads/GCF_000171535.2_ASM17153v2_genomic.fna/run_enterobacterales_odb10/hmmer_output/12745at91347.out --cpu 1 /Users/dizzler/Projects/School/BIOL4600-Capstone/busco_downloads/lineages/enterobacterales_odb10/hmms/12745at91347.hmm reports/busco-results/data/00-reads/GCF_000171535.2_ASM17153v2_genomic.fna/prodigal_output/predicted_genes/predicted.faa
2026-02-21 22:06:43 DEBUG:busco.busco_tools.Toolset	cmd call: hmmsearch --domtblout reports/busco-results/data/00-reads/GCF_000171535.2_ASM17153v2_genomic.fna/run_enterobacterales_odb10/hmmer_output/32744at91347.out --cpu 1 /Users/dizzler/Projects/School/BIOL4600-Capstone/busco_downloads/lineages/enterobacterales_odb10/hmms/32744at91347.hmm reports/busco-results/data/00-reads/GCF_000171535.2_ASM17153v2_genomic.fna/prodigal_output/predicted_genes/predicted.faa
2026-02-21 22:06:43 DEBUG:busco.busco_tools.Toolset	cmd call: hmmsearch --domtblout reports/busco-results/data/00-reads/GCF_000171535.2_ASM17153v2_genomic.fna/run_enterobacterales_odb10/hmmer_output/35816at91347.out --cpu 1 /Users/dizzler/Projects/School/BIOL4600-Capstone/busco_downloads/lineages/enterobacterales_odb10/hmms/35816at91347.hmm reports/busco-results/data/00-reads/GCF_000171535.2_ASM17153v2_genomic.fna/prodigal_output/predicted_genes/predicted.faa
2026-02-21 22:06:43 DEBUG:busco.busco_tools.Toolset	cmd call: hmmsearch --domtblout reports/busco-results/data/00-reads/GCF_000171535.2_ASM17153v2_genomic.fna/run_enterobacterales_odb10/hmmer_output/36137at91347.out --cpu 1 /Users/dizzler/Projects/School/BIOL4600-Capstone/busco_downloads/lineages/enterobacterales_odb10/hmms/36137at91347.hmm reports/busco-results/data/00-reads/GCF_000171535.2_ASM17153v2_genomic.fna/prodigal_output/predicted_genes/predicted.faa
2026-02-21 22:06:43 DEBUG:busco.busco_tools.Toolset	cmd call: hmmsearch --domtblout reports/busco-results/data/00-reads/GCF_000171535.2_ASM17153v2_genomic.fna/run_enterobacterales_odb10/hmmer_output/38001at91347.out --cpu 1 /Users/dizzler/Projects/School/BIOL4600-Capstone/busco_downloads/lineages/enterobacterales_odb10/hmms/38001at91347.hmm reports/busco-results/data/00-reads/GCF_000171535.2_ASM17153v2_genomic.fna/prodigal_output/predicted_genes/predicted.faa
2026-02-21 22:06:43 DEBUG:busco.busco_tools.Toolset	cmd call: hmmsearch --domtblout reports/busco-results/data/00-reads/GCF_000171535.2_ASM17153v2_genomic.fna/run_enterobacterales_odb10/hmmer_output/26452at91347.out --cpu 1 /Users/dizzler/Projects/School/BIOL4600-Capstone/busco_downloads/lineages/enterobacterales_odb10/hmms/26452at91347.hmm reports/busco-results/data/00-reads/GCF_000171535.2_ASM17153v2_genomic.fna/prodigal_output/predicted_genes/predicted.faa
2026-02-21 22:06:43 DEBUG:busco.busco_tools.Toolset	cmd call: hmmsearch --domtblout reports/busco-results/data/00-reads/GCF_000171535.2_ASM17153v2_genomic.fna/run_enterobacterales_odb10/hmmer_output/30873at91347.out --cpu 1 /Users/dizzler/Projects/School/BIOL4600-Capstone/busco_downloads/lineages/enterobacterales_odb10/hmms/30873at91347.hmm reports/busco-results/data/00-reads/GCF_000171535.2_ASM17153v2_genomic.fna/prodigal_output/predicted_genes/predicted.faa
2026-02-21 22:06:43 DEBUG:busco.busco_tools.Toolset	cmd call: hmmsearch --domtblout reports/busco-results/data/00-reads/GCF_000171535.2_ASM17153v2_genomic.fna/run_enterobacterales_odb10/hmmer_output/33151at91347.out --cpu 1 /Users/dizzler/Projects/School/BIOL4600-Capstone/busco_downloads/lineages/enterobacterales_odb10/hmms/33151at91347.hmm reports/busco-results/data/00-reads/GCF_000171535.2_ASM17153v2_genomic.fna/prodigal_output/predicted_genes/predicted.faa
2026-02-21 22:06:43 DEBUG:busco.busco_tools.Toolset	cmd call: hmmsearch --domtblout reports/busco-results/data/00-reads/GCF_000171535.2_ASM17153v2_genomic.fna/run_enterobacterales_odb10/hmmer_output/40895at91347.out --cpu 1 /Users/dizzler/Projects/School/BIOL4600-Capstone/busco_downloads/lineages/enterobacterales_odb10/hmms/40895at91347.hmm reports/busco-results/data/00-reads/GCF_000171535.2_ASM17153v2_genomic.fna/prodigal_output/predicted_genes/predicted.faa
2026-02-21 22:06:43 DEBUG:busco.busco_tools.Toolset	cmd call: hmmsearch --domtblout reports/busco-results/data/00-reads/GCF_000171535.2_ASM17153v2_genomic.fna/run_enterobacterales_odb10/hmmer_output/36271at91347.out --cpu 1 /Users/dizzler/Projects/School/BIOL4600-Capstone/busco_downloads/lineages/enterobacterales_odb10/hmms/36271at91347.hmm reports/busco-results/data/00-reads/GCF_000171535.2_ASM17153v2_genomic.fna/prodigal_output/predicted_genes/predicted.faa
2026-02-21 22:06:43 DEBUG:busco.busco_tools.Toolset	cmd call: hmmsearch --domtblout reports/busco-results/data/00-reads/GCF_000171535.2_ASM17153v2_genomic.fna/run_enterobacterales_odb10/hmmer_output/38133at91347.out --cpu 1 /Users/dizzler/Projects/School/BIOL4600-Capstone/busco_downloads/lineages/enterobacterales_odb10/hmms/38133at91347.hmm reports/busco-results/data/00-reads/GCF_000171535.2_ASM17153v2_genomic.fna/prodigal_output/predicted_genes/predicted.faa
2026-02-21 22:06:43 DEBUG:busco.busco_tools.Toolset	cmd call: hmmsearch --domtblout reports/busco-results/data/00-reads/GCF_000171535.2_ASM17153v2_genomic.fna/run_enterobacterales_odb10/hmmer_output/30994at91347.out --cpu 1 /Users/dizzler/Projects/School/BIOL4600-Capstone/busco_downloads/lineages/enterobacterales_odb10/hmms/30994at91347.hmm reports/busco-results/data/00-reads/GCF_000171535.2_ASM17153v2_genomic.fna/prodigal_output/predicted_genes/predicted.faa
2026-02-21 22:06:43 DEBUG:busco.busco_tools.Toolset	cmd call: hmmsearch --domtblout reports/busco-results/data/00-reads/GCF_000171535.2_ASM17153v2_genomic.fna/run_enterobacterales_odb10/hmmer_output/43407at91347.out --cpu 1 /Users/dizzler/Projects/School/BIOL4600-Capstone/busco_downloads/lineages/enterobacterales_odb10/hmms/43407at91347.hmm reports/busco-results/data/00-reads/GCF_000171535.2_ASM17153v2_genomic.fna/prodigal_output/predicted_genes/predicted.faa
2026-02-21 22:06:43 DEBUG:busco.busco_tools.Toolset	cmd call: hmmsearch --domtblout reports/busco-results/data/00-reads/GCF_000171535.2_ASM17153v2_genomic.fna/run_enterobacterales_odb10/hmmer_output/40939at91347.out --cpu 1 /Users/dizzler/Projects/School/BIOL4600-Capstone/busco_downloads/lineages/enterobacterales_odb10/hmms/40939at91347.hmm reports/busco-results/data/00-reads/GCF_000171535.2_ASM17153v2_genomic.fna/prodigal_output/predicted_genes/predicted.faa
2026-02-21 22:06:43 DEBUG:busco.busco_tools.Toolset	cmd call: hmmsearch --domtblout reports/busco-results/data/00-reads/GCF_000171535.2_ASM17153v2_genomic.fna/run_enterobacterales_odb10/hmmer_output/36292at91347.out --cpu 1 /Users/dizzler/Projects/School/BIOL4600-Capstone/busco_downloads/lineages/enterobacterales_odb10/hmms/36292at91347.hmm reports/busco-results/data/00-reads/GCF_000171535.2_ASM17153v2_genomic.fna/prodigal_output/predicted_genes/predicted.faa
2026-02-21 22:06:43 DEBUG:busco.busco_tools.Toolset	cmd call: hmmsearch --domtblout reports/busco-results/data/00-reads/GCF_000171535.2_ASM17153v2_genomic.fna/run_enterobacterales_odb10/hmmer_output/38228at91347.out --cpu 1 /Users/dizzler/Projects/School/BIOL4600-Capstone/busco_downloads/lineages/enterobacterales_odb10/hmms/38228at91347.hmm reports/busco-results/data/00-reads/GCF_000171535.2_ASM17153v2_genomic.fna/prodigal_output/predicted_genes/predicted.faa
2026-02-21 22:06:43 DEBUG:busco.busco_tools.Toolset	cmd call: hmmsearch --domtblout reports/busco-results/data/00-reads/GCF_000171535.2_ASM17153v2_genomic.fna/run_enterobacterales_odb10/hmmer_output/45215at91347.out --cpu 1 /Users/dizzler/Projects/School/BIOL4600-Capstone/busco_downloads/lineages/enterobacterales_odb10/hmms/45215at91347.hmm reports/busco-results/data/00-reads/GCF_000171535.2_ASM17153v2_genomic.fna/prodigal_output/predicted_genes/predicted.faa
2026-02-21 22:06:43 DEBUG:busco.busco_tools.Toolset	cmd call: hmmsearch --domtblout reports/busco-results/data/00-reads/GCF_000171535.2_ASM17153v2_genomic.fna/run_enterobacterales_odb10/hmmer_output/43441at91347.out --cpu 1 /Users/dizzler/Projects/School/BIOL4600-Capstone/busco_downloads/lineages/enterobacterales_odb10/hmms/43441at91347.hmm reports/busco-results/data/00-reads/GCF_000171535.2_ASM17153v2_genomic.fna/prodigal_output/predicted_genes/predicted.faa
2026-02-21 22:06:43 DEBUG:busco.busco_tools.Toolset	cmd call: hmmsearch --domtblout reports/busco-results/data/00-reads/GCF_000171535.2_ASM17153v2_genomic.fna/run_enterobacterales_odb10/hmmer_output/48197at91347.out --cpu 1 /Users/dizzler/Projects/School/BIOL4600-Capstone/busco_downloads/lineages/enterobacterales_odb10/hmms/48197at91347.hmm reports/busco-results/data/00-reads/GCF_000171535.2_ASM17153v2_genomic.fna/prodigal_output/predicted_genes/predicted.faa
2026-02-21 22:06:43 DEBUG:busco.busco_tools.Toolset	cmd call: hmmsearch --domtblout reports/busco-results/data/00-reads/GCF_000171535.2_ASM17153v2_genomic.fna/run_enterobacterales_odb10/hmmer_output/41092at91347.out --cpu 1 /Users/dizzler/Projects/School/BIOL4600-Capstone/busco_downloads/lineages/enterobacterales_odb10/hmms/41092at91347.hmm reports/busco-results/data/00-reads/GCF_000171535.2_ASM17153v2_genomic.fna/prodigal_output/predicted_genes/predicted.faa
2026-02-21 22:06:43 DEBUG:busco.busco_tools.Toolset	cmd call: hmmsearch --domtblout reports/busco-results/data/00-reads/GCF_000171535.2_ASM17153v2_genomic.fna/run_enterobacterales_odb10/hmmer_output/36653at91347.out --cpu 1 /Users/dizzler/Projects/School/BIOL4600-Capstone/busco_downloads/lineages/enterobacterales_odb10/hmms/36653at91347.hmm reports/busco-results/data/00-reads/GCF_000171535.2_ASM17153v2_genomic.fna/prodigal_output/predicted_genes/predicted.faa
2026-02-21 22:06:44 DEBUG:busco.busco_tools.Toolset	cmd call: hmmsearch --domtblout reports/busco-results/data/00-reads/GCF_000171535.2_ASM17153v2_genomic.fna/run_enterobacterales_odb10/hmmer_output/49743at91347.out --cpu 1 /Users/dizzler/Projects/School/BIOL4600-Capstone/busco_downloads/lineages/enterobacterales_odb10/hmms/49743at91347.hmm reports/busco-results/data/00-reads/GCF_000171535.2_ASM17153v2_genomic.fna/prodigal_output/predicted_genes/predicted.faa
2026-02-21 22:06:44 DEBUG:busco.busco_tools.Toolset	cmd call: hmmsearch --domtblout reports/busco-results/data/00-reads/GCF_000171535.2_ASM17153v2_genomic.fna/run_enterobacterales_odb10/hmmer_output/46153at91347.out --cpu 1 /Users/dizzler/Projects/School/BIOL4600-Capstone/busco_downloads/lineages/enterobacterales_odb10/hmms/46153at91347.hmm reports/busco-results/data/00-reads/GCF_000171535.2_ASM17153v2_genomic.fna/prodigal_output/predicted_genes/predicted.faa
2026-02-21 22:06:44 DEBUG:busco.busco_tools.Toolset	cmd call: hmmsearch --domtblout reports/busco-results/data/00-reads/GCF_000171535.2_ASM17153v2_genomic.fna/run_enterobacterales_odb10/hmmer_output/38408at91347.out --cpu 1 /Users/dizzler/Projects/School/BIOL4600-Capstone/busco_downloads/lineages/enterobacterales_odb10/hmms/38408at91347.hmm reports/busco-results/data/00-reads/GCF_000171535.2_ASM17153v2_genomic.fna/prodigal_output/predicted_genes/predicted.faa
2026-02-21 22:06:44 DEBUG:busco.busco_tools.Toolset	cmd call: hmmsearch --domtblout reports/busco-results/data/00-reads/GCF_000171535.2_ASM17153v2_genomic.fna/run_enterobacterales_odb10/hmmer_output/43537at91347.out --cpu 1 /Users/dizzler/Projects/School/BIOL4600-Capstone/busco_downloads/lineages/enterobacterales_odb10/hmms/43537at91347.hmm reports/busco-results/data/00-reads/GCF_000171535.2_ASM17153v2_genomic.fna/prodigal_output/predicted_genes/predicted.faa
2026-02-21 22:06:44 DEBUG:busco.busco_tools.Toolset	cmd call: hmmsearch --domtblout reports/busco-results/data/00-reads/GCF_000171535.2_ASM17153v2_genomic.fna/run_enterobacterales_odb10/hmmer_output/41111at91347.out --cpu 1 /Users/dizzler/Projects/School/BIOL4600-Capstone/busco_downloads/lineages/enterobacterales_odb10/hmms/41111at91347.hmm reports/busco-results/data/00-reads/GCF_000171535.2_ASM17153v2_genomic.fna/prodigal_output/predicted_genes/predicted.faa
2026-02-21 22:06:44 DEBUG:busco.busco_tools.Toolset	cmd call: hmmsearch --domtblout reports/busco-results/data/00-reads/GCF_000171535.2_ASM17153v2_genomic.fna/run_enterobacterales_odb10/hmmer_output/51348at91347.out --cpu 1 /Users/dizzler/Projects/School/BIOL4600-Capstone/busco_downloads/lineages/enterobacterales_odb10/hmms/51348at91347.hmm reports/busco-results/data/00-reads/GCF_000171535.2_ASM17153v2_genomic.fna/prodigal_output/predicted_genes/predicted.faa
2026-02-21 22:06:44 DEBUG:busco.busco_tools.Toolset	cmd call: hmmsearch --domtblout reports/busco-results/data/00-reads/GCF_000171535.2_ASM17153v2_genomic.fna/run_enterobacterales_odb10/hmmer_output/48208at91347.out --cpu 1 /Users/dizzler/Projects/School/BIOL4600-Capstone/busco_downloads/lineages/enterobacterales_odb10/hmms/48208at91347.hmm reports/busco-results/data/00-reads/GCF_000171535.2_ASM17153v2_genomic.fna/prodigal_output/predicted_genes/predicted.faa
2026-02-21 22:06:44 DEBUG:busco.busco_tools.Toolset	cmd call: hmmsearch --domtblout reports/busco-results/data/00-reads/GCF_000171535.2_ASM17153v2_genomic.fna/run_enterobacterales_odb10/hmmer_output/36667at91347.out --cpu 1 /Users/dizzler/Projects/School/BIOL4600-Capstone/busco_downloads/lineages/enterobacterales_odb10/hmms/36667at91347.hmm reports/busco-results/data/00-reads/GCF_000171535.2_ASM17153v2_genomic.fna/prodigal_output/predicted_genes/predicted.faa
2026-02-21 22:06:44 DEBUG:busco.busco_tools.Toolset	cmd call: hmmsearch --domtblout reports/busco-results/data/00-reads/GCF_000171535.2_ASM17153v2_genomic.fna/run_enterobacterales_odb10/hmmer_output/53222at91347.out --cpu 1 /Users/dizzler/Projects/School/BIOL4600-Capstone/busco_downloads/lineages/enterobacterales_odb10/hmms/53222at91347.hmm reports/busco-results/data/00-reads/GCF_000171535.2_ASM17153v2_genomic.fna/prodigal_output/predicted_genes/predicted.faa
2026-02-21 22:06:44 DEBUG:busco.busco_tools.Toolset	cmd call: hmmsearch --domtblout reports/busco-results/data/00-reads/GCF_000171535.2_ASM17153v2_genomic.fna/run_enterobacterales_odb10/hmmer_output/49804at91347.out --cpu 1 /Users/dizzler/Projects/School/BIOL4600-Capstone/busco_downloads/lineages/enterobacterales_odb10/hmms/49804at91347.hmm reports/busco-results/data/00-reads/GCF_000171535.2_ASM17153v2_genomic.fna/prodigal_output/predicted_genes/predicted.faa
2026-02-21 22:06:44 DEBUG:busco.busco_tools.Toolset	cmd call: hmmsearch --domtblout reports/busco-results/data/00-reads/GCF_000171535.2_ASM17153v2_genomic.fna/run_enterobacterales_odb10/hmmer_output/46419at91347.out --cpu 1 /Users/dizzler/Projects/School/BIOL4600-Capstone/busco_downloads/lineages/enterobacterales_odb10/hmms/46419at91347.hmm reports/busco-results/data/00-reads/GCF_000171535.2_ASM17153v2_genomic.fna/prodigal_output/predicted_genes/predicted.faa
2026-02-21 22:06:44 DEBUG:busco.busco_tools.Toolset	cmd call: hmmsearch --domtblout reports/busco-results/data/00-reads/GCF_000171535.2_ASM17153v2_genomic.fna/run_enterobacterales_odb10/hmmer_output/38762at91347.out --cpu 1 /Users/dizzler/Projects/School/BIOL4600-Capstone/busco_downloads/lineages/enterobacterales_odb10/hmms/38762at91347.hmm reports/busco-results/data/00-reads/GCF_000171535.2_ASM17153v2_genomic.fna/prodigal_output/predicted_genes/predicted.faa
2026-02-21 22:06:44 DEBUG:busco.busco_tools.Toolset	cmd call: hmmsearch --domtblout reports/busco-results/data/00-reads/GCF_000171535.2_ASM17153v2_genomic.fna/run_enterobacterales_odb10/hmmer_output/43538at91347.out --cpu 1 /Users/dizzler/Projects/School/BIOL4600-Capstone/busco_downloads/lineages/enterobacterales_odb10/hmms/43538at91347.hmm reports/busco-results/data/00-reads/GCF_000171535.2_ASM17153v2_genomic.fna/prodigal_output/predicted_genes/predicted.faa
2026-02-21 22:06:44 DEBUG:busco.busco_tools.Toolset	cmd call: hmmsearch --domtblout reports/busco-results/data/00-reads/GCF_000171535.2_ASM17153v2_genomic.fna/run_enterobacterales_odb10/hmmer_output/4210at91347.out --cpu 1 /Users/dizzler/Projects/School/BIOL4600-Capstone/busco_downloads/lineages/enterobacterales_odb10/hmms/4210at91347.hmm reports/busco-results/data/00-reads/GCF_000171535.2_ASM17153v2_genomic.fna/prodigal_output/predicted_genes/predicted.faa
2026-02-21 22:06:44 DEBUG:busco.busco_tools.Toolset	cmd call: hmmsearch --domtblout reports/busco-results/data/00-reads/GCF_000171535.2_ASM17153v2_genomic.fna/run_enterobacterales_odb10/hmmer_output/52122at91347.out --cpu 1 /Users/dizzler/Projects/School/BIOL4600-Capstone/busco_downloads/lineages/enterobacterales_odb10/hmms/52122at91347.hmm reports/busco-results/data/00-reads/GCF_000171535.2_ASM17153v2_genomic.fna/prodigal_output/predicted_genes/predicted.faa
2026-02-21 22:06:44 DEBUG:busco.busco_tools.Toolset	cmd call: hmmsearch --domtblout reports/busco-results/data/00-reads/GCF_000171535.2_ASM17153v2_genomic.fna/run_enterobacterales_odb10/hmmer_output/5537at91347.out --cpu 1 /Users/dizzler/Projects/School/BIOL4600-Capstone/busco_downloads/lineages/enterobacterales_odb10/hmms/5537at91347.hmm reports/busco-results/data/00-reads/GCF_000171535.2_ASM17153v2_genomic.fna/prodigal_output/predicted_genes/predicted.faa
2026-02-21 22:06:44 INFO:busco.busco_tools.Toolset	[hmmsearch]	132 of 440 task(s) completed
2026-02-21 22:06:44 DEBUG:busco.busco_tools.Toolset	cmd call: hmmsearch --domtblout reports/busco-results/data/00-reads/GCF_000171535.2_ASM17153v2_genomic.fna/run_enterobacterales_odb10/hmmer_output/37096at91347.out --cpu 1 /Users/dizzler/Projects/School/BIOL4600-Capstone/busco_downloads/lineages/enterobacterales_odb10/hmms/37096at91347.hmm reports/busco-results/data/00-reads/GCF_000171535.2_ASM17153v2_genomic.fna/prodigal_output/predicted_genes/predicted.faa
2026-02-21 22:06:44 DEBUG:busco.busco_tools.Toolset	cmd call: hmmsearch --domtblout reports/busco-results/data/00-reads/GCF_000171535.2_ASM17153v2_genomic.fna/run_enterobacterales_odb10/hmmer_output/48224at91347.out --cpu 1 /Users/dizzler/Projects/School/BIOL4600-Capstone/busco_downloads/lineages/enterobacterales_odb10/hmms/48224at91347.hmm reports/busco-results/data/00-reads/GCF_000171535.2_ASM17153v2_genomic.fna/prodigal_output/predicted_genes/predicted.faa
2026-02-21 22:06:44 DEBUG:busco.busco_tools.Toolset	cmd call: hmmsearch --domtblout reports/busco-results/data/00-reads/GCF_000171535.2_ASM17153v2_genomic.fna/run_enterobacterales_odb10/hmmer_output/53308at91347.out --cpu 1 /Users/dizzler/Projects/School/BIOL4600-Capstone/busco_downloads/lineages/enterobacterales_odb10/hmms/53308at91347.hmm reports/busco-results/data/00-reads/GCF_000171535.2_ASM17153v2_genomic.fna/prodigal_output/predicted_genes/predicted.faa
2026-02-21 22:06:44 DEBUG:busco.busco_tools.Toolset	cmd call: hmmsearch --domtblout reports/busco-results/data/00-reads/GCF_000171535.2_ASM17153v2_genomic.fna/run_enterobacterales_odb10/hmmer_output/50042at91347.out --cpu 1 /Users/dizzler/Projects/School/BIOL4600-Capstone/busco_downloads/lineages/enterobacterales_odb10/hmms/50042at91347.hmm reports/busco-results/data/00-reads/GCF_000171535.2_ASM17153v2_genomic.fna/prodigal_output/predicted_genes/predicted.faa
2026-02-21 22:06:44 DEBUG:busco.busco_tools.Toolset	cmd call: hmmsearch --domtblout reports/busco-results/data/00-reads/GCF_000171535.2_ASM17153v2_genomic.fna/run_enterobacterales_odb10/hmmer_output/4673at91347.out --cpu 1 /Users/dizzler/Projects/School/BIOL4600-Capstone/busco_downloads/lineages/enterobacterales_odb10/hmms/4673at91347.hmm reports/busco-results/data/00-reads/GCF_000171535.2_ASM17153v2_genomic.fna/prodigal_output/predicted_genes/predicted.faa
2026-02-21 22:06:44 DEBUG:busco.busco_tools.Toolset	cmd call: hmmsearch --domtblout reports/busco-results/data/00-reads/GCF_000171535.2_ASM17153v2_genomic.fna/run_enterobacterales_odb10/hmmer_output/38913at91347.out --cpu 1 /Users/dizzler/Projects/School/BIOL4600-Capstone/busco_downloads/lineages/enterobacterales_odb10/hmms/38913at91347.hmm reports/busco-results/data/00-reads/GCF_000171535.2_ASM17153v2_genomic.fna/prodigal_output/predicted_genes/predicted.faa
2026-02-21 22:06:44 DEBUG:busco.busco_tools.Toolset	cmd call: hmmsearch --domtblout reports/busco-results/data/00-reads/GCF_000171535.2_ASM17153v2_genomic.fna/run_enterobacterales_odb10/hmmer_output/56763at91347.out --cpu 1 /Users/dizzler/Projects/School/BIOL4600-Capstone/busco_downloads/lineages/enterobacterales_odb10/hmms/56763at91347.hmm reports/busco-results/data/00-reads/GCF_000171535.2_ASM17153v2_genomic.fna/prodigal_output/predicted_genes/predicted.faa
2026-02-21 22:06:44 DEBUG:busco.busco_tools.Toolset	cmd call: hmmsearch --domtblout reports/busco-results/data/00-reads/GCF_000171535.2_ASM17153v2_genomic.fna/run_enterobacterales_odb10/hmmer_output/43976at91347.out --cpu 1 /Users/dizzler/Projects/School/BIOL4600-Capstone/busco_downloads/lineages/enterobacterales_odb10/hmms/43976at91347.hmm reports/busco-results/data/00-reads/GCF_000171535.2_ASM17153v2_genomic.fna/prodigal_output/predicted_genes/predicted.faa
2026-02-21 22:06:44 DEBUG:busco.busco_tools.Toolset	cmd call: hmmsearch --domtblout reports/busco-results/data/00-reads/GCF_000171535.2_ASM17153v2_genomic.fna/run_enterobacterales_odb10/hmmer_output/52324at91347.out --cpu 1 /Users/dizzler/Projects/School/BIOL4600-Capstone/busco_downloads/lineages/enterobacterales_odb10/hmms/52324at91347.hmm reports/busco-results/data/00-reads/GCF_000171535.2_ASM17153v2_genomic.fna/prodigal_output/predicted_genes/predicted.faa
2026-02-21 22:06:44 DEBUG:busco.busco_tools.Toolset	cmd call: hmmsearch --domtblout reports/busco-results/data/00-reads/GCF_000171535.2_ASM17153v2_genomic.fna/run_enterobacterales_odb10/hmmer_output/4867at91347.out --cpu 1 /Users/dizzler/Projects/School/BIOL4600-Capstone/busco_downloads/lineages/enterobacterales_odb10/hmms/4867at91347.hmm reports/busco-results/data/00-reads/GCF_000171535.2_ASM17153v2_genomic.fna/prodigal_output/predicted_genes/predicted.faa
2026-02-21 22:06:44 DEBUG:busco.busco_tools.Toolset	cmd call: hmmsearch --domtblout reports/busco-results/data/00-reads/GCF_000171535.2_ASM17153v2_genomic.fna/run_enterobacterales_odb10/hmmer_output/3734at91347.out --cpu 1 /Users/dizzler/Projects/School/BIOL4600-Capstone/busco_downloads/lineages/enterobacterales_odb10/hmms/3734at91347.hmm reports/busco-results/data/00-reads/GCF_000171535.2_ASM17153v2_genomic.fna/prodigal_output/predicted_genes/predicted.faa
2026-02-21 22:06:44 DEBUG:busco.busco_tools.Toolset	cmd call: hmmsearch --domtblout reports/busco-results/data/00-reads/GCF_000171535.2_ASM17153v2_genomic.fna/run_enterobacterales_odb10/hmmer_output/56003at91347.out --cpu 1 /Users/dizzler/Projects/School/BIOL4600-Capstone/busco_downloads/lineages/enterobacterales_odb10/hmms/56003at91347.hmm reports/busco-results/data/00-reads/GCF_000171535.2_ASM17153v2_genomic.fna/prodigal_output/predicted_genes/predicted.faa
2026-02-21 22:06:44 DEBUG:busco.busco_tools.Toolset	cmd call: hmmsearch --domtblout reports/busco-results/data/00-reads/GCF_000171535.2_ASM17153v2_genomic.fna/run_enterobacterales_odb10/hmmer_output/42181at91347.out --cpu 1 /Users/dizzler/Projects/School/BIOL4600-Capstone/busco_downloads/lineages/enterobacterales_odb10/hmms/42181at91347.hmm reports/busco-results/data/00-reads/GCF_000171535.2_ASM17153v2_genomic.fna/prodigal_output/predicted_genes/predicted.faa
2026-02-21 22:06:44 DEBUG:busco.busco_tools.Toolset	cmd call: hmmsearch --domtblout reports/busco-results/data/00-reads/GCF_000171535.2_ASM17153v2_genomic.fna/run_enterobacterales_odb10/hmmer_output/53337at91347.out --cpu 1 /Users/dizzler/Projects/School/BIOL4600-Capstone/busco_downloads/lineages/enterobacterales_odb10/hmms/53337at91347.hmm reports/busco-results/data/00-reads/GCF_000171535.2_ASM17153v2_genomic.fna/prodigal_output/predicted_genes/predicted.faa
2026-02-21 22:06:44 DEBUG:busco.busco_tools.Toolset	cmd call: hmmsearch --domtblout reports/busco-results/data/00-reads/GCF_000171535.2_ASM17153v2_genomic.fna/run_enterobacterales_odb10/hmmer_output/5022at91347.out --cpu 1 /Users/dizzler/Projects/School/BIOL4600-Capstone/busco_downloads/lineages/enterobacterales_odb10/hmms/5022at91347.hmm reports/busco-results/data/00-reads/GCF_000171535.2_ASM17153v2_genomic.fna/prodigal_output/predicted_genes/predicted.faa
2026-02-21 22:06:44 DEBUG:busco.busco_tools.Toolset	cmd call: hmmsearch --domtblout reports/busco-results/data/00-reads/GCF_000171535.2_ASM17153v2_genomic.fna/run_enterobacterales_odb10/hmmer_output/39012at91347.out --cpu 1 /Users/dizzler/Projects/School/BIOL4600-Capstone/busco_downloads/lineages/enterobacterales_odb10/hmms/39012at91347.hmm reports/busco-results/data/00-reads/GCF_000171535.2_ASM17153v2_genomic.fna/prodigal_output/predicted_genes/predicted.faa
2026-02-21 22:06:44 DEBUG:busco.busco_tools.Toolset	cmd call: hmmsearch --domtblout reports/busco-results/data/00-reads/GCF_000171535.2_ASM17153v2_genomic.fna/run_enterobacterales_odb10/hmmer_output/56764at91347.out --cpu 1 /Users/dizzler/Projects/School/BIOL4600-Capstone/busco_downloads/lineages/enterobacterales_odb10/hmms/56764at91347.hmm reports/busco-results/data/00-reads/GCF_000171535.2_ASM17153v2_genomic.fna/prodigal_output/predicted_genes/predicted.faa
2026-02-21 22:06:44 DEBUG:busco.busco_tools.Toolset	cmd call: hmmsearch --domtblout reports/busco-results/data/00-reads/GCF_000171535.2_ASM17153v2_genomic.fna/run_enterobacterales_odb10/hmmer_output/4411at91347.out --cpu 1 /Users/dizzler/Projects/School/BIOL4600-Capstone/busco_downloads/lineages/enterobacterales_odb10/hmms/4411at91347.hmm reports/busco-results/data/00-reads/GCF_000171535.2_ASM17153v2_genomic.fna/prodigal_output/predicted_genes/predicted.faa
2026-02-21 22:06:44 DEBUG:busco.busco_tools.Toolset	cmd call: hmmsearch --domtblout reports/busco-results/data/00-reads/GCF_000171535.2_ASM17153v2_genomic.fna/run_enterobacterales_odb10/hmmer_output/46906at91347.out --cpu 1 /Users/dizzler/Projects/School/BIOL4600-Capstone/busco_downloads/lineages/enterobacterales_odb10/hmms/46906at91347.hmm reports/busco-results/data/00-reads/GCF_000171535.2_ASM17153v2_genomic.fna/prodigal_output/predicted_genes/predicted.faa
2026-02-21 22:06:44 DEBUG:busco.busco_tools.Toolset	cmd call: hmmsearch --domtblout reports/busco-results/data/00-reads/GCF_000171535.2_ASM17153v2_genomic.fna/run_enterobacterales_odb10/hmmer_output/56018at91347.out --cpu 1 /Users/dizzler/Projects/School/BIOL4600-Capstone/busco_downloads/lineages/enterobacterales_odb10/hmms/56018at91347.hmm reports/busco-results/data/00-reads/GCF_000171535.2_ASM17153v2_genomic.fna/prodigal_output/predicted_genes/predicted.faa
2026-02-21 22:06:44 DEBUG:busco.busco_tools.Toolset	cmd call: hmmsearch --domtblout reports/busco-results/data/00-reads/GCF_000171535.2_ASM17153v2_genomic.fna/run_enterobacterales_odb10/hmmer_output/48740at91347.out --cpu 1 /Users/dizzler/Projects/School/BIOL4600-Capstone/busco_downloads/lineages/enterobacterales_odb10/hmms/48740at91347.hmm reports/busco-results/data/00-reads/GCF_000171535.2_ASM17153v2_genomic.fna/prodigal_output/predicted_genes/predicted.faa
2026-02-21 22:06:44 DEBUG:busco.busco_tools.Toolset	cmd call: hmmsearch --domtblout reports/busco-results/data/00-reads/GCF_000171535.2_ASM17153v2_genomic.fna/run_enterobacterales_odb10/hmmer_output/42318at91347.out --cpu 1 /Users/dizzler/Projects/School/BIOL4600-Capstone/busco_downloads/lineages/enterobacterales_odb10/hmms/42318at91347.hmm reports/busco-results/data/00-reads/GCF_000171535.2_ASM17153v2_genomic.fna/prodigal_output/predicted_genes/predicted.faa
2026-02-21 22:06:44 DEBUG:busco.busco_tools.Toolset	cmd call: hmmsearch --domtblout reports/busco-results/data/00-reads/GCF_000171535.2_ASM17153v2_genomic.fna/run_enterobacterales_odb10/hmmer_output/39499at91347.out --cpu 1 /Users/dizzler/Projects/School/BIOL4600-Capstone/busco_downloads/lineages/enterobacterales_odb10/hmms/39499at91347.hmm reports/busco-results/data/00-reads/GCF_000171535.2_ASM17153v2_genomic.fna/prodigal_output/predicted_genes/predicted.faa
2026-02-21 22:06:44 DEBUG:busco.busco_tools.Toolset	cmd call: hmmsearch --domtblout reports/busco-results/data/00-reads/GCF_000171535.2_ASM17153v2_genomic.fna/run_enterobacterales_odb10/hmmer_output/5392at91347.out --cpu 1 /Users/dizzler/Projects/School/BIOL4600-Capstone/busco_downloads/lineages/enterobacterales_odb10/hmms/5392at91347.hmm reports/busco-results/data/00-reads/GCF_000171535.2_ASM17153v2_genomic.fna/prodigal_output/predicted_genes/predicted.faa
2026-02-21 22:06:44 DEBUG:busco.busco_tools.Toolset	cmd call: hmmsearch --domtblout reports/busco-results/data/00-reads/GCF_000171535.2_ASM17153v2_genomic.fna/run_enterobacterales_odb10/hmmer_output/56819at91347.out --cpu 1 /Users/dizzler/Projects/School/BIOL4600-Capstone/busco_downloads/lineages/enterobacterales_odb10/hmms/56819at91347.hmm reports/busco-results/data/00-reads/GCF_000171535.2_ASM17153v2_genomic.fna/prodigal_output/predicted_genes/predicted.faa
2026-02-21 22:06:44 DEBUG:busco.busco_tools.Toolset	cmd call: hmmsearch --domtblout reports/busco-results/data/00-reads/GCF_000171535.2_ASM17153v2_genomic.fna/run_enterobacterales_odb10/hmmer_output/37391at91347.out --cpu 1 /Users/dizzler/Projects/School/BIOL4600-Capstone/busco_downloads/lineages/enterobacterales_odb10/hmms/37391at91347.hmm reports/busco-results/data/00-reads/GCF_000171535.2_ASM17153v2_genomic.fna/prodigal_output/predicted_genes/predicted.faa
2026-02-21 22:06:44 DEBUG:busco.busco_tools.Toolset	cmd call: hmmsearch --domtblout reports/busco-results/data/00-reads/GCF_000171535.2_ASM17153v2_genomic.fna/run_enterobacterales_odb10/hmmer_output/46945at91347.out --cpu 1 /Users/dizzler/Projects/School/BIOL4600-Capstone/busco_downloads/lineages/enterobacterales_odb10/hmms/46945at91347.hmm reports/busco-results/data/00-reads/GCF_000171535.2_ASM17153v2_genomic.fna/prodigal_output/predicted_genes/predicted.faa
2026-02-21 22:06:44 DEBUG:busco.busco_tools.Toolset	cmd call: hmmsearch --domtblout reports/busco-results/data/00-reads/GCF_000171535.2_ASM17153v2_genomic.fna/run_enterobacterales_odb10/hmmer_output/50332at91347.out --cpu 1 /Users/dizzler/Projects/School/BIOL4600-Capstone/busco_downloads/lineages/enterobacterales_odb10/hmms/50332at91347.hmm reports/busco-results/data/00-reads/GCF_000171535.2_ASM17153v2_genomic.fna/prodigal_output/predicted_genes/predicted.faa
2026-02-21 22:06:44 DEBUG:busco.busco_tools.Toolset	cmd call: hmmsearch --domtblout reports/busco-results/data/00-reads/GCF_000171535.2_ASM17153v2_genomic.fna/run_enterobacterales_odb10/hmmer_output/44171at91347.out --cpu 1 /Users/dizzler/Projects/School/BIOL4600-Capstone/busco_downloads/lineages/enterobacterales_odb10/hmms/44171at91347.hmm reports/busco-results/data/00-reads/GCF_000171535.2_ASM17153v2_genomic.fna/prodigal_output/predicted_genes/predicted.faa
2026-02-21 22:06:44 DEBUG:busco.busco_tools.Toolset	cmd call: hmmsearch --domtblout reports/busco-results/data/00-reads/GCF_000171535.2_ASM17153v2_genomic.fna/run_enterobacterales_odb10/hmmer_output/56094at91347.out --cpu 1 /Users/dizzler/Projects/School/BIOL4600-Capstone/busco_downloads/lineages/enterobacterales_odb10/hmms/56094at91347.hmm reports/busco-results/data/00-reads/GCF_000171535.2_ASM17153v2_genomic.fna/prodigal_output/predicted_genes/predicted.faa
2026-02-21 22:06:44 DEBUG:busco.busco_tools.Toolset	cmd call: hmmsearch --domtblout reports/busco-results/data/00-reads/GCF_000171535.2_ASM17153v2_genomic.fna/run_enterobacterales_odb10/hmmer_output/4269at91347.out --cpu 1 /Users/dizzler/Projects/School/BIOL4600-Capstone/busco_downloads/lineages/enterobacterales_odb10/hmms/4269at91347.hmm reports/busco-results/data/00-reads/GCF_000171535.2_ASM17153v2_genomic.fna/prodigal_output/predicted_genes/predicted.faa
2026-02-21 22:06:44 DEBUG:busco.busco_tools.Toolset	cmd call: hmmsearch --domtblout reports/busco-results/data/00-reads/GCF_000171535.2_ASM17153v2_genomic.fna/run_enterobacterales_odb10/hmmer_output/49226at91347.out --cpu 1 /Users/dizzler/Projects/School/BIOL4600-Capstone/busco_downloads/lineages/enterobacterales_odb10/hmms/49226at91347.hmm reports/busco-results/data/00-reads/GCF_000171535.2_ASM17153v2_genomic.fna/prodigal_output/predicted_genes/predicted.faa
2026-02-21 22:06:44 DEBUG:busco.busco_tools.Toolset	cmd call: hmmsearch --domtblout reports/busco-results/data/00-reads/GCF_000171535.2_ASM17153v2_genomic.fna/run_enterobacterales_odb10/hmmer_output/40340at91347.out --cpu 1 /Users/dizzler/Projects/School/BIOL4600-Capstone/busco_downloads/lineages/enterobacterales_odb10/hmms/40340at91347.hmm reports/busco-results/data/00-reads/GCF_000171535.2_ASM17153v2_genomic.fna/prodigal_output/predicted_genes/predicted.faa
2026-02-21 22:06:44 DEBUG:busco.busco_tools.Toolset	cmd call: hmmsearch --domtblout reports/busco-results/data/00-reads/GCF_000171535.2_ASM17153v2_genomic.fna/run_enterobacterales_odb10/hmmer_output/373at91347.out --cpu 1 /Users/dizzler/Projects/School/BIOL4600-Capstone/busco_downloads/lineages/enterobacterales_odb10/hmms/373at91347.hmm reports/busco-results/data/00-reads/GCF_000171535.2_ASM17153v2_genomic.fna/prodigal_output/predicted_genes/predicted.faa
2026-02-21 22:06:44 DEBUG:busco.busco_tools.Toolset	cmd call: hmmsearch --domtblout reports/busco-results/data/00-reads/GCF_000171535.2_ASM17153v2_genomic.fna/run_enterobacterales_odb10/hmmer_output/56917at91347.out --cpu 1 /Users/dizzler/Projects/School/BIOL4600-Capstone/busco_downloads/lineages/enterobacterales_odb10/hmms/56917at91347.hmm reports/busco-results/data/00-reads/GCF_000171535.2_ASM17153v2_genomic.fna/prodigal_output/predicted_genes/predicted.faa
2026-02-21 22:06:44 DEBUG:busco.busco_tools.Toolset	cmd call: hmmsearch --domtblout reports/busco-results/data/00-reads/GCF_000171535.2_ASM17153v2_genomic.fna/run_enterobacterales_odb10/hmmer_output/46977at91347.out --cpu 1 /Users/dizzler/Projects/School/BIOL4600-Capstone/busco_downloads/lineages/enterobacterales_odb10/hmms/46977at91347.hmm reports/busco-results/data/00-reads/GCF_000171535.2_ASM17153v2_genomic.fna/prodigal_output/predicted_genes/predicted.faa
2026-02-21 22:06:44 DEBUG:busco.busco_tools.Toolset	cmd call: hmmsearch --domtblout reports/busco-results/data/00-reads/GCF_000171535.2_ASM17153v2_genomic.fna/run_enterobacterales_odb10/hmmer_output/50585at91347.out --cpu 1 /Users/dizzler/Projects/School/BIOL4600-Capstone/busco_downloads/lineages/enterobacterales_odb10/hmms/50585at91347.hmm reports/busco-results/data/00-reads/GCF_000171535.2_ASM17153v2_genomic.fna/prodigal_output/predicted_genes/predicted.faa
2026-02-21 22:06:44 DEBUG:busco.busco_tools.Toolset	cmd call: hmmsearch --domtblout reports/busco-results/data/00-reads/GCF_000171535.2_ASM17153v2_genomic.fna/run_enterobacterales_odb10/hmmer_output/54184at91347.out --cpu 1 /Users/dizzler/Projects/School/BIOL4600-Capstone/busco_downloads/lineages/enterobacterales_odb10/hmms/54184at91347.hmm reports/busco-results/data/00-reads/GCF_000171535.2_ASM17153v2_genomic.fna/prodigal_output/predicted_genes/predicted.faa
2026-02-21 22:06:44 DEBUG:busco.busco_tools.Toolset	cmd call: hmmsearch --domtblout reports/busco-results/data/00-reads/GCF_000171535.2_ASM17153v2_genomic.fna/run_enterobacterales_odb10/hmmer_output/52332at91347.out --cpu 1 /Users/dizzler/Projects/School/BIOL4600-Capstone/busco_downloads/lineages/enterobacterales_odb10/hmms/52332at91347.hmm reports/busco-results/data/00-reads/GCF_000171535.2_ASM17153v2_genomic.fna/prodigal_output/predicted_genes/predicted.faa
2026-02-21 22:06:44 DEBUG:busco.busco_tools.Toolset	cmd call: hmmsearch --domtblout reports/busco-results/data/00-reads/GCF_000171535.2_ASM17153v2_genomic.fna/run_enterobacterales_odb10/hmmer_output/56156at91347.out --cpu 1 /Users/dizzler/Projects/School/BIOL4600-Capstone/busco_downloads/lineages/enterobacterales_odb10/hmms/56156at91347.hmm reports/busco-results/data/00-reads/GCF_000171535.2_ASM17153v2_genomic.fna/prodigal_output/predicted_genes/predicted.faa
2026-02-21 22:06:44 DEBUG:busco.busco_tools.Toolset	cmd call: hmmsearch --domtblout reports/busco-results/data/00-reads/GCF_000171535.2_ASM17153v2_genomic.fna/run_enterobacterales_odb10/hmmer_output/4459at91347.out --cpu 1 /Users/dizzler/Projects/School/BIOL4600-Capstone/busco_downloads/lineages/enterobacterales_odb10/hmms/4459at91347.hmm reports/busco-results/data/00-reads/GCF_000171535.2_ASM17153v2_genomic.fna/prodigal_output/predicted_genes/predicted.faa
2026-02-21 22:06:44 DEBUG:busco.busco_tools.Toolset	cmd call: hmmsearch --domtblout reports/busco-results/data/00-reads/GCF_000171535.2_ASM17153v2_genomic.fna/run_enterobacterales_odb10/hmmer_output/49244at91347.out --cpu 1 /Users/dizzler/Projects/School/BIOL4600-Capstone/busco_downloads/lineages/enterobacterales_odb10/hmms/49244at91347.hmm reports/busco-results/data/00-reads/GCF_000171535.2_ASM17153v2_genomic.fna/prodigal_output/predicted_genes/predicted.faa
2026-02-21 22:06:44 DEBUG:busco.busco_tools.Toolset	cmd call: hmmsearch --domtblout reports/busco-results/data/00-reads/GCF_000171535.2_ASM17153v2_genomic.fna/run_enterobacterales_odb10/hmmer_output/40851at91347.out --cpu 1 /Users/dizzler/Projects/School/BIOL4600-Capstone/busco_downloads/lineages/enterobacterales_odb10/hmms/40851at91347.hmm reports/busco-results/data/00-reads/GCF_000171535.2_ASM17153v2_genomic.fna/prodigal_output/predicted_genes/predicted.faa
2026-02-21 22:06:44 DEBUG:busco.busco_tools.Toolset	cmd call: hmmsearch --domtblout reports/busco-results/data/00-reads/GCF_000171535.2_ASM17153v2_genomic.fna/run_enterobacterales_odb10/hmmer_output/43000at91347.out --cpu 1 /Users/dizzler/Projects/School/BIOL4600-Capstone/busco_downloads/lineages/enterobacterales_odb10/hmms/43000at91347.hmm reports/busco-results/data/00-reads/GCF_000171535.2_ASM17153v2_genomic.fna/prodigal_output/predicted_genes/predicted.faa
2026-02-21 22:06:44 DEBUG:busco.busco_tools.Toolset	cmd call: hmmsearch --domtblout reports/busco-results/data/00-reads/GCF_000171535.2_ASM17153v2_genomic.fna/run_enterobacterales_odb10/hmmer_output/57147at91347.out --cpu 1 /Users/dizzler/Projects/School/BIOL4600-Capstone/busco_downloads/lineages/enterobacterales_odb10/hmms/57147at91347.hmm reports/busco-results/data/00-reads/GCF_000171535.2_ASM17153v2_genomic.fna/prodigal_output/predicted_genes/predicted.faa
2026-02-21 22:06:44 INFO:busco.busco_tools.Toolset	[hmmsearch]	176 of 440 task(s) completed
2026-02-21 22:06:44 DEBUG:busco.busco_tools.Toolset	cmd call: hmmsearch --domtblout reports/busco-results/data/00-reads/GCF_000171535.2_ASM17153v2_genomic.fna/run_enterobacterales_odb10/hmmer_output/52475at91347.out --cpu 1 /Users/dizzler/Projects/School/BIOL4600-Capstone/busco_downloads/lineages/enterobacterales_odb10/hmms/52475at91347.hmm reports/busco-results/data/00-reads/GCF_000171535.2_ASM17153v2_genomic.fna/prodigal_output/predicted_genes/predicted.faa
2026-02-21 22:06:44 DEBUG:busco.busco_tools.Toolset	cmd call: hmmsearch --domtblout reports/busco-results/data/00-reads/GCF_000171535.2_ASM17153v2_genomic.fna/run_enterobacterales_odb10/hmmer_output/54310at91347.out --cpu 1 /Users/dizzler/Projects/School/BIOL4600-Capstone/busco_downloads/lineages/enterobacterales_odb10/hmms/54310at91347.hmm reports/busco-results/data/00-reads/GCF_000171535.2_ASM17153v2_genomic.fna/prodigal_output/predicted_genes/predicted.faa
2026-02-21 22:06:44 DEBUG:busco.busco_tools.Toolset	cmd call: hmmsearch --domtblout reports/busco-results/data/00-reads/GCF_000171535.2_ASM17153v2_genomic.fna/run_enterobacterales_odb10/hmmer_output/5062at91347.out --cpu 1 /Users/dizzler/Projects/School/BIOL4600-Capstone/busco_downloads/lineages/enterobacterales_odb10/hmms/5062at91347.hmm reports/busco-results/data/00-reads/GCF_000171535.2_ASM17153v2_genomic.fna/prodigal_output/predicted_genes/predicted.faa
2026-02-21 22:06:44 DEBUG:busco.busco_tools.Toolset	cmd call: hmmsearch --domtblout reports/busco-results/data/00-reads/GCF_000171535.2_ASM17153v2_genomic.fna/run_enterobacterales_odb10/hmmer_output/47034at91347.out --cpu 1 /Users/dizzler/Projects/School/BIOL4600-Capstone/busco_downloads/lineages/enterobacterales_odb10/hmms/47034at91347.hmm reports/busco-results/data/00-reads/GCF_000171535.2_ASM17153v2_genomic.fna/prodigal_output/predicted_genes/predicted.faa
2026-02-21 22:06:44 DEBUG:busco.busco_tools.Toolset	cmd call: hmmsearch --domtblout reports/busco-results/data/00-reads/GCF_000171535.2_ASM17153v2_genomic.fna/run_enterobacterales_odb10/hmmer_output/56250at91347.out --cpu 1 /Users/dizzler/Projects/School/BIOL4600-Capstone/busco_downloads/lineages/enterobacterales_odb10/hmms/56250at91347.hmm reports/busco-results/data/00-reads/GCF_000171535.2_ASM17153v2_genomic.fna/prodigal_output/predicted_genes/predicted.faa
2026-02-21 22:06:44 DEBUG:busco.busco_tools.Toolset	cmd call: hmmsearch --domtblout reports/busco-results/data/00-reads/GCF_000171535.2_ASM17153v2_genomic.fna/run_enterobacterales_odb10/hmmer_output/49282at91347.out --cpu 1 /Users/dizzler/Projects/School/BIOL4600-Capstone/busco_downloads/lineages/enterobacterales_odb10/hmms/49282at91347.hmm reports/busco-results/data/00-reads/GCF_000171535.2_ASM17153v2_genomic.fna/prodigal_output/predicted_genes/predicted.faa
2026-02-21 22:06:44 DEBUG:busco.busco_tools.Toolset	cmd call: hmmsearch --domtblout reports/busco-results/data/00-reads/GCF_000171535.2_ASM17153v2_genomic.fna/run_enterobacterales_odb10/hmmer_output/44707at91347.out --cpu 1 /Users/dizzler/Projects/School/BIOL4600-Capstone/busco_downloads/lineages/enterobacterales_odb10/hmms/44707at91347.hmm reports/busco-results/data/00-reads/GCF_000171535.2_ASM17153v2_genomic.fna/prodigal_output/predicted_genes/predicted.faa
2026-02-21 22:06:44 DEBUG:busco.busco_tools.Toolset	cmd call: hmmsearch --domtblout reports/busco-results/data/00-reads/GCF_000171535.2_ASM17153v2_genomic.fna/run_enterobacterales_odb10/hmmer_output/43106at91347.out --cpu 1 /Users/dizzler/Projects/School/BIOL4600-Capstone/busco_downloads/lineages/enterobacterales_odb10/hmms/43106at91347.hmm reports/busco-results/data/00-reads/GCF_000171535.2_ASM17153v2_genomic.fna/prodigal_output/predicted_genes/predicted.faa
2026-02-21 22:06:44 DEBUG:busco.busco_tools.Toolset	cmd call: hmmsearch --domtblout reports/busco-results/data/00-reads/GCF_000171535.2_ASM17153v2_genomic.fna/run_enterobacterales_odb10/hmmer_output/57151at91347.out --cpu 1 /Users/dizzler/Projects/School/BIOL4600-Capstone/busco_downloads/lineages/enterobacterales_odb10/hmms/57151at91347.hmm reports/busco-results/data/00-reads/GCF_000171535.2_ASM17153v2_genomic.fna/prodigal_output/predicted_genes/predicted.faa
2026-02-21 22:06:44 DEBUG:busco.busco_tools.Toolset	cmd call: hmmsearch --domtblout reports/busco-results/data/00-reads/GCF_000171535.2_ASM17153v2_genomic.fna/run_enterobacterales_odb10/hmmer_output/54393at91347.out --cpu 1 /Users/dizzler/Projects/School/BIOL4600-Capstone/busco_downloads/lineages/enterobacterales_odb10/hmms/54393at91347.hmm reports/busco-results/data/00-reads/GCF_000171535.2_ASM17153v2_genomic.fna/prodigal_output/predicted_genes/predicted.faa
2026-02-21 22:06:44 DEBUG:busco.busco_tools.Toolset	cmd call: hmmsearch --domtblout reports/busco-results/data/00-reads/GCF_000171535.2_ASM17153v2_genomic.fna/run_enterobacterales_odb10/hmmer_output/56253at91347.out --cpu 1 /Users/dizzler/Projects/School/BIOL4600-Capstone/busco_downloads/lineages/enterobacterales_odb10/hmms/56253at91347.hmm reports/busco-results/data/00-reads/GCF_000171535.2_ASM17153v2_genomic.fna/prodigal_output/predicted_genes/predicted.faa
2026-02-21 22:06:44 DEBUG:busco.busco_tools.Toolset	cmd call: hmmsearch --domtblout reports/busco-results/data/00-reads/GCF_000171535.2_ASM17153v2_genomic.fna/run_enterobacterales_odb10/hmmer_output/52476at91347.out --cpu 1 /Users/dizzler/Projects/School/BIOL4600-Capstone/busco_downloads/lineages/enterobacterales_odb10/hmms/52476at91347.hmm reports/busco-results/data/00-reads/GCF_000171535.2_ASM17153v2_genomic.fna/prodigal_output/predicted_genes/predicted.faa
2026-02-21 22:06:44 DEBUG:busco.busco_tools.Toolset	cmd call: hmmsearch --domtblout reports/busco-results/data/00-reads/GCF_000171535.2_ASM17153v2_genomic.fna/run_enterobacterales_odb10/hmmer_output/49349at91347.out --cpu 1 /Users/dizzler/Projects/School/BIOL4600-Capstone/busco_downloads/lineages/enterobacterales_odb10/hmms/49349at91347.hmm reports/busco-results/data/00-reads/GCF_000171535.2_ASM17153v2_genomic.fna/prodigal_output/predicted_genes/predicted.faa
2026-02-21 22:06:44 DEBUG:busco.busco_tools.Toolset	cmd call: hmmsearch --domtblout reports/busco-results/data/00-reads/GCF_000171535.2_ASM17153v2_genomic.fna/run_enterobacterales_odb10/hmmer_output/47740at91347.out --cpu 1 /Users/dizzler/Projects/School/BIOL4600-Capstone/busco_downloads/lineages/enterobacterales_odb10/hmms/47740at91347.hmm reports/busco-results/data/00-reads/GCF_000171535.2_ASM17153v2_genomic.fna/prodigal_output/predicted_genes/predicted.faa
2026-02-21 22:06:44 DEBUG:busco.busco_tools.Toolset	cmd call: hmmsearch --domtblout reports/busco-results/data/00-reads/GCF_000171535.2_ASM17153v2_genomic.fna/run_enterobacterales_odb10/hmmer_output/44837at91347.out --cpu 1 /Users/dizzler/Projects/School/BIOL4600-Capstone/busco_downloads/lineages/enterobacterales_odb10/hmms/44837at91347.hmm reports/busco-results/data/00-reads/GCF_000171535.2_ASM17153v2_genomic.fna/prodigal_output/predicted_genes/predicted.faa
2026-02-21 22:06:44 DEBUG:busco.busco_tools.Toolset	cmd call: hmmsearch --domtblout reports/busco-results/data/00-reads/GCF_000171535.2_ASM17153v2_genomic.fna/run_enterobacterales_odb10/hmmer_output/5072at91347.out --cpu 1 /Users/dizzler/Projects/School/BIOL4600-Capstone/busco_downloads/lineages/enterobacterales_odb10/hmms/5072at91347.hmm reports/busco-results/data/00-reads/GCF_000171535.2_ASM17153v2_genomic.fna/prodigal_output/predicted_genes/predicted.faa
2026-02-21 22:06:44 DEBUG:busco.busco_tools.Toolset	cmd call: hmmsearch --domtblout reports/busco-results/data/00-reads/GCF_000171535.2_ASM17153v2_genomic.fna/run_enterobacterales_odb10/hmmer_output/58562at91347.out --cpu 1 /Users/dizzler/Projects/School/BIOL4600-Capstone/busco_downloads/lineages/enterobacterales_odb10/hmms/58562at91347.hmm reports/busco-results/data/00-reads/GCF_000171535.2_ASM17153v2_genomic.fna/prodigal_output/predicted_genes/predicted.faa
2026-02-21 22:06:44 DEBUG:busco.busco_tools.Toolset	cmd call: hmmsearch --domtblout reports/busco-results/data/00-reads/GCF_000171535.2_ASM17153v2_genomic.fna/run_enterobacterales_odb10/hmmer_output/54756at91347.out --cpu 1 /Users/dizzler/Projects/School/BIOL4600-Capstone/busco_downloads/lineages/enterobacterales_odb10/hmms/54756at91347.hmm reports/busco-results/data/00-reads/GCF_000171535.2_ASM17153v2_genomic.fna/prodigal_output/predicted_genes/predicted.faa
2026-02-21 22:06:44 DEBUG:busco.busco_tools.Toolset	cmd call: hmmsearch --domtblout reports/busco-results/data/00-reads/GCF_000171535.2_ASM17153v2_genomic.fna/run_enterobacterales_odb10/hmmer_output/57831at91347.out --cpu 1 /Users/dizzler/Projects/School/BIOL4600-Capstone/busco_downloads/lineages/enterobacterales_odb10/hmms/57831at91347.hmm reports/busco-results/data/00-reads/GCF_000171535.2_ASM17153v2_genomic.fna/prodigal_output/predicted_genes/predicted.faa
2026-02-21 22:06:44 DEBUG:busco.busco_tools.Toolset	cmd call: hmmsearch --domtblout reports/busco-results/data/00-reads/GCF_000171535.2_ASM17153v2_genomic.fna/run_enterobacterales_odb10/hmmer_output/56258at91347.out --cpu 1 /Users/dizzler/Projects/School/BIOL4600-Capstone/busco_downloads/lineages/enterobacterales_odb10/hmms/56258at91347.hmm reports/busco-results/data/00-reads/GCF_000171535.2_ASM17153v2_genomic.fna/prodigal_output/predicted_genes/predicted.faa
2026-02-21 22:06:44 DEBUG:busco.busco_tools.Toolset	cmd call: hmmsearch --domtblout reports/busco-results/data/00-reads/GCF_000171535.2_ASM17153v2_genomic.fna/run_enterobacterales_odb10/hmmer_output/61434at91347.out --cpu 1 /Users/dizzler/Projects/School/BIOL4600-Capstone/busco_downloads/lineages/enterobacterales_odb10/hmms/61434at91347.hmm reports/busco-results/data/00-reads/GCF_000171535.2_ASM17153v2_genomic.fna/prodigal_output/predicted_genes/predicted.faa
2026-02-21 22:06:44 DEBUG:busco.busco_tools.Toolset	cmd call: hmmsearch --domtblout reports/busco-results/data/00-reads/GCF_000171535.2_ASM17153v2_genomic.fna/run_enterobacterales_odb10/hmmer_output/47842at91347.out --cpu 1 /Users/dizzler/Projects/School/BIOL4600-Capstone/busco_downloads/lineages/enterobacterales_odb10/hmms/47842at91347.hmm reports/busco-results/data/00-reads/GCF_000171535.2_ASM17153v2_genomic.fna/prodigal_output/predicted_genes/predicted.faa
2026-02-21 22:06:44 DEBUG:busco.busco_tools.Toolset	cmd call: hmmsearch --domtblout reports/busco-results/data/00-reads/GCF_000171535.2_ASM17153v2_genomic.fna/run_enterobacterales_odb10/hmmer_output/49353at91347.out --cpu 1 /Users/dizzler/Projects/School/BIOL4600-Capstone/busco_downloads/lineages/enterobacterales_odb10/hmms/49353at91347.hmm reports/busco-results/data/00-reads/GCF_000171535.2_ASM17153v2_genomic.fna/prodigal_output/predicted_genes/predicted.faa
2026-02-21 22:06:44 DEBUG:busco.busco_tools.Toolset	cmd call: hmmsearch --domtblout reports/busco-results/data/00-reads/GCF_000171535.2_ASM17153v2_genomic.fna/run_enterobacterales_odb10/hmmer_output/52566at91347.out --cpu 1 /Users/dizzler/Projects/School/BIOL4600-Capstone/busco_downloads/lineages/enterobacterales_odb10/hmms/52566at91347.hmm reports/busco-results/data/00-reads/GCF_000171535.2_ASM17153v2_genomic.fna/prodigal_output/predicted_genes/predicted.faa
2026-02-21 22:06:44 DEBUG:busco.busco_tools.Toolset	cmd call: hmmsearch --domtblout reports/busco-results/data/00-reads/GCF_000171535.2_ASM17153v2_genomic.fna/run_enterobacterales_odb10/hmmer_output/63850at91347.out --cpu 1 /Users/dizzler/Projects/School/BIOL4600-Capstone/busco_downloads/lineages/enterobacterales_odb10/hmms/63850at91347.hmm reports/busco-results/data/00-reads/GCF_000171535.2_ASM17153v2_genomic.fna/prodigal_output/predicted_genes/predicted.faa
2026-02-21 22:06:44 DEBUG:busco.busco_tools.Toolset	cmd call: hmmsearch --domtblout reports/busco-results/data/00-reads/GCF_000171535.2_ASM17153v2_genomic.fna/run_enterobacterales_odb10/hmmer_output/58706at91347.out --cpu 1 /Users/dizzler/Projects/School/BIOL4600-Capstone/busco_downloads/lineages/enterobacterales_odb10/hmms/58706at91347.hmm reports/busco-results/data/00-reads/GCF_000171535.2_ASM17153v2_genomic.fna/prodigal_output/predicted_genes/predicted.faa
2026-02-21 22:06:44 DEBUG:busco.busco_tools.Toolset	cmd call: hmmsearch --domtblout reports/busco-results/data/00-reads/GCF_000171535.2_ASM17153v2_genomic.fna/run_enterobacterales_odb10/hmmer_output/55352at91347.out --cpu 1 /Users/dizzler/Projects/School/BIOL4600-Capstone/busco_downloads/lineages/enterobacterales_odb10/hmms/55352at91347.hmm reports/busco-results/data/00-reads/GCF_000171535.2_ASM17153v2_genomic.fna/prodigal_output/predicted_genes/predicted.faa
2026-02-21 22:06:44 DEBUG:busco.busco_tools.Toolset	cmd call: hmmsearch --domtblout reports/busco-results/data/00-reads/GCF_000171535.2_ASM17153v2_genomic.fna/run_enterobacterales_odb10/hmmer_output/58196at91347.out --cpu 1 /Users/dizzler/Projects/School/BIOL4600-Capstone/busco_downloads/lineages/enterobacterales_odb10/hmms/58196at91347.hmm reports/busco-results/data/00-reads/GCF_000171535.2_ASM17153v2_genomic.fna/prodigal_output/predicted_genes/predicted.faa
2026-02-21 22:06:44 DEBUG:busco.busco_tools.Toolset	cmd call: hmmsearch --domtblout reports/busco-results/data/00-reads/GCF_000171535.2_ASM17153v2_genomic.fna/run_enterobacterales_odb10/hmmer_output/56387at91347.out --cpu 1 /Users/dizzler/Projects/School/BIOL4600-Capstone/busco_downloads/lineages/enterobacterales_odb10/hmms/56387at91347.hmm reports/busco-results/data/00-reads/GCF_000171535.2_ASM17153v2_genomic.fna/prodigal_output/predicted_genes/predicted.faa
2026-02-21 22:06:44 DEBUG:busco.busco_tools.Toolset	cmd call: hmmsearch --domtblout reports/busco-results/data/00-reads/GCF_000171535.2_ASM17153v2_genomic.fna/run_enterobacterales_odb10/hmmer_output/61690at91347.out --cpu 1 /Users/dizzler/Projects/School/BIOL4600-Capstone/busco_downloads/lineages/enterobacterales_odb10/hmms/61690at91347.hmm reports/busco-results/data/00-reads/GCF_000171535.2_ASM17153v2_genomic.fna/prodigal_output/predicted_genes/predicted.faa
2026-02-21 22:06:44 DEBUG:busco.busco_tools.Toolset	cmd call: hmmsearch --domtblout reports/busco-results/data/00-reads/GCF_000171535.2_ASM17153v2_genomic.fna/run_enterobacterales_odb10/hmmer_output/51115at91347.out --cpu 1 /Users/dizzler/Projects/School/BIOL4600-Capstone/busco_downloads/lineages/enterobacterales_odb10/hmms/51115at91347.hmm reports/busco-results/data/00-reads/GCF_000171535.2_ASM17153v2_genomic.fna/prodigal_output/predicted_genes/predicted.faa
2026-02-21 22:06:44 DEBUG:busco.busco_tools.Toolset	cmd call: hmmsearch --domtblout reports/busco-results/data/00-reads/GCF_000171535.2_ASM17153v2_genomic.fna/run_enterobacterales_odb10/hmmer_output/52719at91347.out --cpu 1 /Users/dizzler/Projects/School/BIOL4600-Capstone/busco_downloads/lineages/enterobacterales_odb10/hmms/52719at91347.hmm reports/busco-results/data/00-reads/GCF_000171535.2_ASM17153v2_genomic.fna/prodigal_output/predicted_genes/predicted.faa
2026-02-21 22:06:44 DEBUG:busco.busco_tools.Toolset	cmd call: hmmsearch --domtblout reports/busco-results/data/00-reads/GCF_000171535.2_ASM17153v2_genomic.fna/run_enterobacterales_odb10/hmmer_output/64742at91347.out --cpu 1 /Users/dizzler/Projects/School/BIOL4600-Capstone/busco_downloads/lineages/enterobacterales_odb10/hmms/64742at91347.hmm reports/busco-results/data/00-reads/GCF_000171535.2_ASM17153v2_genomic.fna/prodigal_output/predicted_genes/predicted.faa
2026-02-21 22:06:44 DEBUG:busco.busco_tools.Toolset	cmd call: hmmsearch --domtblout reports/busco-results/data/00-reads/GCF_000171535.2_ASM17153v2_genomic.fna/run_enterobacterales_odb10/hmmer_output/63936at91347.out --cpu 1 /Users/dizzler/Projects/School/BIOL4600-Capstone/busco_downloads/lineages/enterobacterales_odb10/hmms/63936at91347.hmm reports/busco-results/data/00-reads/GCF_000171535.2_ASM17153v2_genomic.fna/prodigal_output/predicted_genes/predicted.faa
2026-02-21 22:06:44 DEBUG:busco.busco_tools.Toolset	cmd call: hmmsearch --domtblout reports/busco-results/data/00-reads/GCF_000171535.2_ASM17153v2_genomic.fna/run_enterobacterales_odb10/hmmer_output/55368at91347.out --cpu 1 /Users/dizzler/Projects/School/BIOL4600-Capstone/busco_downloads/lineages/enterobacterales_odb10/hmms/55368at91347.hmm reports/busco-results/data/00-reads/GCF_000171535.2_ASM17153v2_genomic.fna/prodigal_output/predicted_genes/predicted.faa
2026-02-21 22:06:44 DEBUG:busco.busco_tools.Toolset	cmd call: hmmsearch --domtblout reports/busco-results/data/00-reads/GCF_000171535.2_ASM17153v2_genomic.fna/run_enterobacterales_odb10/hmmer_output/62284at91347.out --cpu 1 /Users/dizzler/Projects/School/BIOL4600-Capstone/busco_downloads/lineages/enterobacterales_odb10/hmms/62284at91347.hmm reports/busco-results/data/00-reads/GCF_000171535.2_ASM17153v2_genomic.fna/prodigal_output/predicted_genes/predicted.faa
2026-02-21 22:06:44 DEBUG:busco.busco_tools.Toolset	cmd call: hmmsearch --domtblout reports/busco-results/data/00-reads/GCF_000171535.2_ASM17153v2_genomic.fna/run_enterobacterales_odb10/hmmer_output/56477at91347.out --cpu 1 /Users/dizzler/Projects/School/BIOL4600-Capstone/busco_downloads/lineages/enterobacterales_odb10/hmms/56477at91347.hmm reports/busco-results/data/00-reads/GCF_000171535.2_ASM17153v2_genomic.fna/prodigal_output/predicted_genes/predicted.faa
2026-02-21 22:06:44 DEBUG:busco.busco_tools.Toolset	cmd call: hmmsearch --domtblout reports/busco-results/data/00-reads/GCF_000171535.2_ASM17153v2_genomic.fna/run_enterobacterales_odb10/hmmer_output/58439at91347.out --cpu 1 /Users/dizzler/Projects/School/BIOL4600-Capstone/busco_downloads/lineages/enterobacterales_odb10/hmms/58439at91347.hmm reports/busco-results/data/00-reads/GCF_000171535.2_ASM17153v2_genomic.fna/prodigal_output/predicted_genes/predicted.faa
2026-02-21 22:06:44 DEBUG:busco.busco_tools.Toolset	cmd call: hmmsearch --domtblout reports/busco-results/data/00-reads/GCF_000171535.2_ASM17153v2_genomic.fna/run_enterobacterales_odb10/hmmer_output/58708at91347.out --cpu 1 /Users/dizzler/Projects/School/BIOL4600-Capstone/busco_downloads/lineages/enterobacterales_odb10/hmms/58708at91347.hmm reports/busco-results/data/00-reads/GCF_000171535.2_ASM17153v2_genomic.fna/prodigal_output/predicted_genes/predicted.faa
2026-02-21 22:06:44 DEBUG:busco.busco_tools.Toolset	cmd call: hmmsearch --domtblout reports/busco-results/data/00-reads/GCF_000171535.2_ASM17153v2_genomic.fna/run_enterobacterales_odb10/hmmer_output/51202at91347.out --cpu 1 /Users/dizzler/Projects/School/BIOL4600-Capstone/busco_downloads/lineages/enterobacterales_odb10/hmms/51202at91347.hmm reports/busco-results/data/00-reads/GCF_000171535.2_ASM17153v2_genomic.fna/prodigal_output/predicted_genes/predicted.faa
2026-02-21 22:06:44 DEBUG:busco.busco_tools.Toolset	cmd call: hmmsearch --domtblout reports/busco-results/data/00-reads/GCF_000171535.2_ASM17153v2_genomic.fna/run_enterobacterales_odb10/hmmer_output/65823at91347.out --cpu 1 /Users/dizzler/Projects/School/BIOL4600-Capstone/busco_downloads/lineages/enterobacterales_odb10/hmms/65823at91347.hmm reports/busco-results/data/00-reads/GCF_000171535.2_ASM17153v2_genomic.fna/prodigal_output/predicted_genes/predicted.faa
2026-02-21 22:06:44 DEBUG:busco.busco_tools.Toolset	cmd call: hmmsearch --domtblout reports/busco-results/data/00-reads/GCF_000171535.2_ASM17153v2_genomic.fna/run_enterobacterales_odb10/hmmer_output/52925at91347.out --cpu 1 /Users/dizzler/Projects/School/BIOL4600-Capstone/busco_downloads/lineages/enterobacterales_odb10/hmms/52925at91347.hmm reports/busco-results/data/00-reads/GCF_000171535.2_ASM17153v2_genomic.fna/prodigal_output/predicted_genes/predicted.faa
2026-02-21 22:06:44 DEBUG:busco.busco_tools.Toolset	cmd call: hmmsearch --domtblout reports/busco-results/data/00-reads/GCF_000171535.2_ASM17153v2_genomic.fna/run_enterobacterales_odb10/hmmer_output/64924at91347.out --cpu 1 /Users/dizzler/Projects/School/BIOL4600-Capstone/busco_downloads/lineages/enterobacterales_odb10/hmms/64924at91347.hmm reports/busco-results/data/00-reads/GCF_000171535.2_ASM17153v2_genomic.fna/prodigal_output/predicted_genes/predicted.faa
2026-02-21 22:06:44 INFO:busco.busco_tools.Toolset	[hmmsearch]	220 of 440 task(s) completed
2026-02-21 22:06:44 DEBUG:busco.busco_tools.Toolset	cmd call: hmmsearch --domtblout reports/busco-results/data/00-reads/GCF_000171535.2_ASM17153v2_genomic.fna/run_enterobacterales_odb10/hmmer_output/64091at91347.out --cpu 1 /Users/dizzler/Projects/School/BIOL4600-Capstone/busco_downloads/lineages/enterobacterales_odb10/hmms/64091at91347.hmm reports/busco-results/data/00-reads/GCF_000171535.2_ASM17153v2_genomic.fna/prodigal_output/predicted_genes/predicted.faa
2026-02-21 22:06:44 DEBUG:busco.busco_tools.Toolset	cmd call: hmmsearch --domtblout reports/busco-results/data/00-reads/GCF_000171535.2_ASM17153v2_genomic.fna/run_enterobacterales_odb10/hmmer_output/62379at91347.out --cpu 1 /Users/dizzler/Projects/School/BIOL4600-Capstone/busco_downloads/lineages/enterobacterales_odb10/hmms/62379at91347.hmm reports/busco-results/data/00-reads/GCF_000171535.2_ASM17153v2_genomic.fna/prodigal_output/predicted_genes/predicted.faa
2026-02-21 22:06:44 DEBUG:busco.busco_tools.Toolset	cmd call: hmmsearch --domtblout reports/busco-results/data/00-reads/GCF_000171535.2_ASM17153v2_genomic.fna/run_enterobacterales_odb10/hmmer_output/58494at91347.out --cpu 1 /Users/dizzler/Projects/School/BIOL4600-Capstone/busco_downloads/lineages/enterobacterales_odb10/hmms/58494at91347.hmm reports/busco-results/data/00-reads/GCF_000171535.2_ASM17153v2_genomic.fna/prodigal_output/predicted_genes/predicted.faa
2026-02-21 22:06:44 DEBUG:busco.busco_tools.Toolset	cmd call: hmmsearch --domtblout reports/busco-results/data/00-reads/GCF_000171535.2_ASM17153v2_genomic.fna/run_enterobacterales_odb10/hmmer_output/67463at91347.out --cpu 1 /Users/dizzler/Projects/School/BIOL4600-Capstone/busco_downloads/lineages/enterobacterales_odb10/hmms/67463at91347.hmm reports/busco-results/data/00-reads/GCF_000171535.2_ASM17153v2_genomic.fna/prodigal_output/predicted_genes/predicted.faa
2026-02-21 22:06:44 DEBUG:busco.busco_tools.Toolset	cmd call: hmmsearch --domtblout reports/busco-results/data/00-reads/GCF_000171535.2_ASM17153v2_genomic.fna/run_enterobacterales_odb10/hmmer_output/65824at91347.out --cpu 1 /Users/dizzler/Projects/School/BIOL4600-Capstone/busco_downloads/lineages/enterobacterales_odb10/hmms/65824at91347.hmm reports/busco-results/data/00-reads/GCF_000171535.2_ASM17153v2_genomic.fna/prodigal_output/predicted_genes/predicted.faa
2026-02-21 22:06:44 DEBUG:busco.busco_tools.Toolset	cmd call: hmmsearch --domtblout reports/busco-results/data/00-reads/GCF_000171535.2_ASM17153v2_genomic.fna/run_enterobacterales_odb10/hmmer_output/59634at91347.out --cpu 1 /Users/dizzler/Projects/School/BIOL4600-Capstone/busco_downloads/lineages/enterobacterales_odb10/hmms/59634at91347.hmm reports/busco-results/data/00-reads/GCF_000171535.2_ASM17153v2_genomic.fna/prodigal_output/predicted_genes/predicted.faa
2026-02-21 22:06:44 DEBUG:busco.busco_tools.Toolset	cmd call: hmmsearch --domtblout reports/busco-results/data/00-reads/GCF_000171535.2_ASM17153v2_genomic.fna/run_enterobacterales_odb10/hmmer_output/52934at91347.out --cpu 1 /Users/dizzler/Projects/School/BIOL4600-Capstone/busco_downloads/lineages/enterobacterales_odb10/hmms/52934at91347.hmm reports/busco-results/data/00-reads/GCF_000171535.2_ASM17153v2_genomic.fna/prodigal_output/predicted_genes/predicted.faa
2026-02-21 22:06:44 DEBUG:busco.busco_tools.Toolset	cmd call: hmmsearch --domtblout reports/busco-results/data/00-reads/GCF_000171535.2_ASM17153v2_genomic.fna/run_enterobacterales_odb10/hmmer_output/6493at91347.out --cpu 1 /Users/dizzler/Projects/School/BIOL4600-Capstone/busco_downloads/lineages/enterobacterales_odb10/hmms/6493at91347.hmm reports/busco-results/data/00-reads/GCF_000171535.2_ASM17153v2_genomic.fna/prodigal_output/predicted_genes/predicted.faa
2026-02-21 22:06:44 DEBUG:busco.busco_tools.Toolset	cmd call: hmmsearch --domtblout reports/busco-results/data/00-reads/GCF_000171535.2_ASM17153v2_genomic.fna/run_enterobacterales_odb10/hmmer_output/64145at91347.out --cpu 1 /Users/dizzler/Projects/School/BIOL4600-Capstone/busco_downloads/lineages/enterobacterales_odb10/hmms/64145at91347.hmm reports/busco-results/data/00-reads/GCF_000171535.2_ASM17153v2_genomic.fna/prodigal_output/predicted_genes/predicted.faa
2026-02-21 22:06:44 DEBUG:busco.busco_tools.Toolset	cmd call: hmmsearch --domtblout reports/busco-results/data/00-reads/GCF_000171535.2_ASM17153v2_genomic.fna/run_enterobacterales_odb10/hmmer_output/67620at91347.out --cpu 1 /Users/dizzler/Projects/School/BIOL4600-Capstone/busco_downloads/lineages/enterobacterales_odb10/hmms/67620at91347.hmm reports/busco-results/data/00-reads/GCF_000171535.2_ASM17153v2_genomic.fna/prodigal_output/predicted_genes/predicted.faa
2026-02-21 22:06:44 DEBUG:busco.busco_tools.Toolset	cmd call: hmmsearch --domtblout reports/busco-results/data/00-reads/GCF_000171535.2_ASM17153v2_genomic.fna/run_enterobacterales_odb10/hmmer_output/62466at91347.out --cpu 1 /Users/dizzler/Projects/School/BIOL4600-Capstone/busco_downloads/lineages/enterobacterales_odb10/hmms/62466at91347.hmm reports/busco-results/data/00-reads/GCF_000171535.2_ASM17153v2_genomic.fna/prodigal_output/predicted_genes/predicted.faa
2026-02-21 22:06:44 DEBUG:busco.busco_tools.Toolset	cmd call: hmmsearch --domtblout reports/busco-results/data/00-reads/GCF_000171535.2_ASM17153v2_genomic.fna/run_enterobacterales_odb10/hmmer_output/70091at91347.out --cpu 1 /Users/dizzler/Projects/School/BIOL4600-Capstone/busco_downloads/lineages/enterobacterales_odb10/hmms/70091at91347.hmm reports/busco-results/data/00-reads/GCF_000171535.2_ASM17153v2_genomic.fna/prodigal_output/predicted_genes/predicted.faa
2026-02-21 22:06:44 DEBUG:busco.busco_tools.Toolset	cmd call: hmmsearch --domtblout reports/busco-results/data/00-reads/GCF_000171535.2_ASM17153v2_genomic.fna/run_enterobacterales_odb10/hmmer_output/59851at91347.out --cpu 1 /Users/dizzler/Projects/School/BIOL4600-Capstone/busco_downloads/lineages/enterobacterales_odb10/hmms/59851at91347.hmm reports/busco-results/data/00-reads/GCF_000171535.2_ASM17153v2_genomic.fna/prodigal_output/predicted_genes/predicted.faa
2026-02-21 22:06:44 DEBUG:busco.busco_tools.Toolset	cmd call: hmmsearch --domtblout reports/busco-results/data/00-reads/GCF_000171535.2_ASM17153v2_genomic.fna/run_enterobacterales_odb10/hmmer_output/65961at91347.out --cpu 1 /Users/dizzler/Projects/School/BIOL4600-Capstone/busco_downloads/lineages/enterobacterales_odb10/hmms/65961at91347.hmm reports/busco-results/data/00-reads/GCF_000171535.2_ASM17153v2_genomic.fna/prodigal_output/predicted_genes/predicted.faa
2026-02-21 22:06:44 DEBUG:busco.busco_tools.Toolset	cmd call: hmmsearch --domtblout reports/busco-results/data/00-reads/GCF_000171535.2_ASM17153v2_genomic.fna/run_enterobacterales_odb10/hmmer_output/72088at91347.out --cpu 1 /Users/dizzler/Projects/School/BIOL4600-Capstone/busco_downloads/lineages/enterobacterales_odb10/hmms/72088at91347.hmm reports/busco-results/data/00-reads/GCF_000171535.2_ASM17153v2_genomic.fna/prodigal_output/predicted_genes/predicted.faa
2026-02-21 22:06:44 DEBUG:busco.busco_tools.Toolset	cmd call: hmmsearch --domtblout reports/busco-results/data/00-reads/GCF_000171535.2_ASM17153v2_genomic.fna/run_enterobacterales_odb10/hmmer_output/64179at91347.out --cpu 1 /Users/dizzler/Projects/School/BIOL4600-Capstone/busco_downloads/lineages/enterobacterales_odb10/hmms/64179at91347.hmm reports/busco-results/data/00-reads/GCF_000171535.2_ASM17153v2_genomic.fna/prodigal_output/predicted_genes/predicted.faa
2026-02-21 22:06:44 DEBUG:busco.busco_tools.Toolset	cmd call: hmmsearch --domtblout reports/busco-results/data/00-reads/GCF_000171535.2_ASM17153v2_genomic.fna/run_enterobacterales_odb10/hmmer_output/62648at91347.out --cpu 1 /Users/dizzler/Projects/School/BIOL4600-Capstone/busco_downloads/lineages/enterobacterales_odb10/hmms/62648at91347.hmm reports/busco-results/data/00-reads/GCF_000171535.2_ASM17153v2_genomic.fna/prodigal_output/predicted_genes/predicted.faa
2026-02-21 22:06:44 DEBUG:busco.busco_tools.Toolset	cmd call: hmmsearch --domtblout reports/busco-results/data/00-reads/GCF_000171535.2_ASM17153v2_genomic.fna/run_enterobacterales_odb10/hmmer_output/70283at91347.out --cpu 1 /Users/dizzler/Projects/School/BIOL4600-Capstone/busco_downloads/lineages/enterobacterales_odb10/hmms/70283at91347.hmm reports/busco-results/data/00-reads/GCF_000171535.2_ASM17153v2_genomic.fna/prodigal_output/predicted_genes/predicted.faa
2026-02-21 22:06:44 DEBUG:busco.busco_tools.Toolset	cmd call: hmmsearch --domtblout reports/busco-results/data/00-reads/GCF_000171535.2_ASM17153v2_genomic.fna/run_enterobacterales_odb10/hmmer_output/64954at91347.out --cpu 1 /Users/dizzler/Projects/School/BIOL4600-Capstone/busco_downloads/lineages/enterobacterales_odb10/hmms/64954at91347.hmm reports/busco-results/data/00-reads/GCF_000171535.2_ASM17153v2_genomic.fna/prodigal_output/predicted_genes/predicted.faa
2026-02-21 22:06:44 DEBUG:busco.busco_tools.Toolset	cmd call: hmmsearch --domtblout reports/busco-results/data/00-reads/GCF_000171535.2_ASM17153v2_genomic.fna/run_enterobacterales_odb10/hmmer_output/66051at91347.out --cpu 1 /Users/dizzler/Projects/School/BIOL4600-Capstone/busco_downloads/lineages/enterobacterales_odb10/hmms/66051at91347.hmm reports/busco-results/data/00-reads/GCF_000171535.2_ASM17153v2_genomic.fna/prodigal_output/predicted_genes/predicted.faa
2026-02-21 22:06:44 DEBUG:busco.busco_tools.Toolset	cmd call: hmmsearch --domtblout reports/busco-results/data/00-reads/GCF_000171535.2_ASM17153v2_genomic.fna/run_enterobacterales_odb10/hmmer_output/60543at91347.out --cpu 1 /Users/dizzler/Projects/School/BIOL4600-Capstone/busco_downloads/lineages/enterobacterales_odb10/hmms/60543at91347.hmm reports/busco-results/data/00-reads/GCF_000171535.2_ASM17153v2_genomic.fna/prodigal_output/predicted_genes/predicted.faa
2026-02-21 22:06:44 DEBUG:busco.busco_tools.Toolset	cmd call: hmmsearch --domtblout reports/busco-results/data/00-reads/GCF_000171535.2_ASM17153v2_genomic.fna/run_enterobacterales_odb10/hmmer_output/73798at91347.out --cpu 1 /Users/dizzler/Projects/School/BIOL4600-Capstone/busco_downloads/lineages/enterobacterales_odb10/hmms/73798at91347.hmm reports/busco-results/data/00-reads/GCF_000171535.2_ASM17153v2_genomic.fna/prodigal_output/predicted_genes/predicted.faa
2026-02-21 22:06:44 DEBUG:busco.busco_tools.Toolset	cmd call: hmmsearch --domtblout reports/busco-results/data/00-reads/GCF_000171535.2_ASM17153v2_genomic.fna/run_enterobacterales_odb10/hmmer_output/67725at91347.out --cpu 1 /Users/dizzler/Projects/School/BIOL4600-Capstone/busco_downloads/lineages/enterobacterales_odb10/hmms/67725at91347.hmm reports/busco-results/data/00-reads/GCF_000171535.2_ASM17153v2_genomic.fna/prodigal_output/predicted_genes/predicted.faa
2026-02-21 22:06:44 DEBUG:busco.busco_tools.Toolset	cmd call: hmmsearch --domtblout reports/busco-results/data/00-reads/GCF_000171535.2_ASM17153v2_genomic.fna/run_enterobacterales_odb10/hmmer_output/64259at91347.out --cpu 1 /Users/dizzler/Projects/School/BIOL4600-Capstone/busco_downloads/lineages/enterobacterales_odb10/hmms/64259at91347.hmm reports/busco-results/data/00-reads/GCF_000171535.2_ASM17153v2_genomic.fna/prodigal_output/predicted_genes/predicted.faa
2026-02-21 22:06:44 DEBUG:busco.busco_tools.Toolset	cmd call: hmmsearch --domtblout reports/busco-results/data/00-reads/GCF_000171535.2_ASM17153v2_genomic.fna/run_enterobacterales_odb10/hmmer_output/72355at91347.out --cpu 1 /Users/dizzler/Projects/School/BIOL4600-Capstone/busco_downloads/lineages/enterobacterales_odb10/hmms/72355at91347.hmm reports/busco-results/data/00-reads/GCF_000171535.2_ASM17153v2_genomic.fna/prodigal_output/predicted_genes/predicted.faa
2026-02-21 22:06:44 DEBUG:busco.busco_tools.Toolset	cmd call: hmmsearch --domtblout reports/busco-results/data/00-reads/GCF_000171535.2_ASM17153v2_genomic.fna/run_enterobacterales_odb10/hmmer_output/75170at91347.out --cpu 1 /Users/dizzler/Projects/School/BIOL4600-Capstone/busco_downloads/lineages/enterobacterales_odb10/hmms/75170at91347.hmm reports/busco-results/data/00-reads/GCF_000171535.2_ASM17153v2_genomic.fna/prodigal_output/predicted_genes/predicted.faa
2026-02-21 22:06:44 DEBUG:busco.busco_tools.Toolset	cmd call: hmmsearch --domtblout reports/busco-results/data/00-reads/GCF_000171535.2_ASM17153v2_genomic.fna/run_enterobacterales_odb10/hmmer_output/62655at91347.out --cpu 1 /Users/dizzler/Projects/School/BIOL4600-Capstone/busco_downloads/lineages/enterobacterales_odb10/hmms/62655at91347.hmm reports/busco-results/data/00-reads/GCF_000171535.2_ASM17153v2_genomic.fna/prodigal_output/predicted_genes/predicted.faa
2026-02-21 22:06:44 DEBUG:busco.busco_tools.Toolset	cmd call: hmmsearch --domtblout reports/busco-results/data/00-reads/GCF_000171535.2_ASM17153v2_genomic.fna/run_enterobacterales_odb10/hmmer_output/66179at91347.out --cpu 1 /Users/dizzler/Projects/School/BIOL4600-Capstone/busco_downloads/lineages/enterobacterales_odb10/hmms/66179at91347.hmm reports/busco-results/data/00-reads/GCF_000171535.2_ASM17153v2_genomic.fna/prodigal_output/predicted_genes/predicted.faa
2026-02-21 22:06:44 DEBUG:busco.busco_tools.Toolset	cmd call: hmmsearch --domtblout reports/busco-results/data/00-reads/GCF_000171535.2_ASM17153v2_genomic.fna/run_enterobacterales_odb10/hmmer_output/70738at91347.out --cpu 1 /Users/dizzler/Projects/School/BIOL4600-Capstone/busco_downloads/lineages/enterobacterales_odb10/hmms/70738at91347.hmm reports/busco-results/data/00-reads/GCF_000171535.2_ASM17153v2_genomic.fna/prodigal_output/predicted_genes/predicted.faa
2026-02-21 22:06:44 DEBUG:busco.busco_tools.Toolset	cmd call: hmmsearch --domtblout reports/busco-results/data/00-reads/GCF_000171535.2_ASM17153v2_genomic.fna/run_enterobacterales_odb10/hmmer_output/6839at91347.out --cpu 1 /Users/dizzler/Projects/School/BIOL4600-Capstone/busco_downloads/lineages/enterobacterales_odb10/hmms/6839at91347.hmm reports/busco-results/data/00-reads/GCF_000171535.2_ASM17153v2_genomic.fna/prodigal_output/predicted_genes/predicted.faa
2026-02-21 22:06:44 DEBUG:busco.busco_tools.Toolset	cmd call: hmmsearch --domtblout reports/busco-results/data/00-reads/GCF_000171535.2_ASM17153v2_genomic.fna/run_enterobacterales_odb10/hmmer_output/76438at91347.out --cpu 1 /Users/dizzler/Projects/School/BIOL4600-Capstone/busco_downloads/lineages/enterobacterales_odb10/hmms/76438at91347.hmm reports/busco-results/data/00-reads/GCF_000171535.2_ASM17153v2_genomic.fna/prodigal_output/predicted_genes/predicted.faa
2026-02-21 22:06:44 DEBUG:busco.busco_tools.Toolset	cmd call: hmmsearch --domtblout reports/busco-results/data/00-reads/GCF_000171535.2_ASM17153v2_genomic.fna/run_enterobacterales_odb10/hmmer_output/64955at91347.out --cpu 1 /Users/dizzler/Projects/School/BIOL4600-Capstone/busco_downloads/lineages/enterobacterales_odb10/hmms/64955at91347.hmm reports/busco-results/data/00-reads/GCF_000171535.2_ASM17153v2_genomic.fna/prodigal_output/predicted_genes/predicted.faa
2026-02-21 22:06:45 DEBUG:busco.busco_tools.Toolset	cmd call: hmmsearch --domtblout reports/busco-results/data/00-reads/GCF_000171535.2_ASM17153v2_genomic.fna/run_enterobacterales_odb10/hmmer_output/60900at91347.out --cpu 1 /Users/dizzler/Projects/School/BIOL4600-Capstone/busco_downloads/lineages/enterobacterales_odb10/hmms/60900at91347.hmm reports/busco-results/data/00-reads/GCF_000171535.2_ASM17153v2_genomic.fna/prodigal_output/predicted_genes/predicted.faa
2026-02-21 22:06:45 DEBUG:busco.busco_tools.Toolset	cmd call: hmmsearch --domtblout reports/busco-results/data/00-reads/GCF_000171535.2_ASM17153v2_genomic.fna/run_enterobacterales_odb10/hmmer_output/74046at91347.out --cpu 1 /Users/dizzler/Projects/School/BIOL4600-Capstone/busco_downloads/lineages/enterobacterales_odb10/hmms/74046at91347.hmm reports/busco-results/data/00-reads/GCF_000171535.2_ASM17153v2_genomic.fna/prodigal_output/predicted_genes/predicted.faa
2026-02-21 22:06:45 DEBUG:busco.busco_tools.Toolset	cmd call: hmmsearch --domtblout reports/busco-results/data/00-reads/GCF_000171535.2_ASM17153v2_genomic.fna/run_enterobacterales_odb10/hmmer_output/64323at91347.out --cpu 1 /Users/dizzler/Projects/School/BIOL4600-Capstone/busco_downloads/lineages/enterobacterales_odb10/hmms/64323at91347.hmm reports/busco-results/data/00-reads/GCF_000171535.2_ASM17153v2_genomic.fna/prodigal_output/predicted_genes/predicted.faa
2026-02-21 22:06:45 DEBUG:busco.busco_tools.Toolset	cmd call: hmmsearch --domtblout reports/busco-results/data/00-reads/GCF_000171535.2_ASM17153v2_genomic.fna/run_enterobacterales_odb10/hmmer_output/75392at91347.out --cpu 1 /Users/dizzler/Projects/School/BIOL4600-Capstone/busco_downloads/lineages/enterobacterales_odb10/hmms/75392at91347.hmm reports/busco-results/data/00-reads/GCF_000171535.2_ASM17153v2_genomic.fna/prodigal_output/predicted_genes/predicted.faa
2026-02-21 22:06:45 DEBUG:busco.busco_tools.Toolset	cmd call: hmmsearch --domtblout reports/busco-results/data/00-reads/GCF_000171535.2_ASM17153v2_genomic.fna/run_enterobacterales_odb10/hmmer_output/72356at91347.out --cpu 1 /Users/dizzler/Projects/School/BIOL4600-Capstone/busco_downloads/lineages/enterobacterales_odb10/hmms/72356at91347.hmm reports/busco-results/data/00-reads/GCF_000171535.2_ASM17153v2_genomic.fna/prodigal_output/predicted_genes/predicted.faa
2026-02-21 22:06:45 DEBUG:busco.busco_tools.Toolset	cmd call: hmmsearch --domtblout reports/busco-results/data/00-reads/GCF_000171535.2_ASM17153v2_genomic.fna/run_enterobacterales_odb10/hmmer_output/63025at91347.out --cpu 1 /Users/dizzler/Projects/School/BIOL4600-Capstone/busco_downloads/lineages/enterobacterales_odb10/hmms/63025at91347.hmm reports/busco-results/data/00-reads/GCF_000171535.2_ASM17153v2_genomic.fna/prodigal_output/predicted_genes/predicted.faa
2026-02-21 22:06:45 DEBUG:busco.busco_tools.Toolset	cmd call: hmmsearch --domtblout reports/busco-results/data/00-reads/GCF_000171535.2_ASM17153v2_genomic.fna/run_enterobacterales_odb10/hmmer_output/66368at91347.out --cpu 1 /Users/dizzler/Projects/School/BIOL4600-Capstone/busco_downloads/lineages/enterobacterales_odb10/hmms/66368at91347.hmm reports/busco-results/data/00-reads/GCF_000171535.2_ASM17153v2_genomic.fna/prodigal_output/predicted_genes/predicted.faa
2026-02-21 22:06:45 DEBUG:busco.busco_tools.Toolset	cmd call: hmmsearch --domtblout reports/busco-results/data/00-reads/GCF_000171535.2_ASM17153v2_genomic.fna/run_enterobacterales_odb10/hmmer_output/70972at91347.out --cpu 1 /Users/dizzler/Projects/School/BIOL4600-Capstone/busco_downloads/lineages/enterobacterales_odb10/hmms/70972at91347.hmm reports/busco-results/data/00-reads/GCF_000171535.2_ASM17153v2_genomic.fna/prodigal_output/predicted_genes/predicted.faa
2026-02-21 22:06:45 DEBUG:busco.busco_tools.Toolset	cmd call: hmmsearch --domtblout reports/busco-results/data/00-reads/GCF_000171535.2_ASM17153v2_genomic.fna/run_enterobacterales_odb10/hmmer_output/74115at91347.out --cpu 1 /Users/dizzler/Projects/School/BIOL4600-Capstone/busco_downloads/lineages/enterobacterales_odb10/hmms/74115at91347.hmm reports/busco-results/data/00-reads/GCF_000171535.2_ASM17153v2_genomic.fna/prodigal_output/predicted_genes/predicted.faa
2026-02-21 22:06:45 DEBUG:busco.busco_tools.Toolset	cmd call: hmmsearch --domtblout reports/busco-results/data/00-reads/GCF_000171535.2_ASM17153v2_genomic.fna/run_enterobacterales_odb10/hmmer_output/76441at91347.out --cpu 1 /Users/dizzler/Projects/School/BIOL4600-Capstone/busco_downloads/lineages/enterobacterales_odb10/hmms/76441at91347.hmm reports/busco-results/data/00-reads/GCF_000171535.2_ASM17153v2_genomic.fna/prodigal_output/predicted_genes/predicted.faa
2026-02-21 22:06:45 DEBUG:busco.busco_tools.Toolset	cmd call: hmmsearch --domtblout reports/busco-results/data/00-reads/GCF_000171535.2_ASM17153v2_genomic.fna/run_enterobacterales_odb10/hmmer_output/64963at91347.out --cpu 1 /Users/dizzler/Projects/School/BIOL4600-Capstone/busco_downloads/lineages/enterobacterales_odb10/hmms/64963at91347.hmm reports/busco-results/data/00-reads/GCF_000171535.2_ASM17153v2_genomic.fna/prodigal_output/predicted_genes/predicted.faa
2026-02-21 22:06:45 DEBUG:busco.busco_tools.Toolset	cmd call: hmmsearch --domtblout reports/busco-results/data/00-reads/GCF_000171535.2_ASM17153v2_genomic.fna/run_enterobacterales_odb10/hmmer_output/64441at91347.out --cpu 1 /Users/dizzler/Projects/School/BIOL4600-Capstone/busco_downloads/lineages/enterobacterales_odb10/hmms/64441at91347.hmm reports/busco-results/data/00-reads/GCF_000171535.2_ASM17153v2_genomic.fna/prodigal_output/predicted_genes/predicted.faa
2026-02-21 22:06:45 DEBUG:busco.busco_tools.Toolset	cmd call: hmmsearch --domtblout reports/busco-results/data/00-reads/GCF_000171535.2_ASM17153v2_genomic.fna/run_enterobacterales_odb10/hmmer_output/60967at91347.out --cpu 1 /Users/dizzler/Projects/School/BIOL4600-Capstone/busco_downloads/lineages/enterobacterales_odb10/hmms/60967at91347.hmm reports/busco-results/data/00-reads/GCF_000171535.2_ASM17153v2_genomic.fna/prodigal_output/predicted_genes/predicted.faa
2026-02-21 22:06:45 INFO:busco.busco_tools.Toolset	[hmmsearch]	264 of 440 task(s) completed
2026-02-21 22:06:45 DEBUG:busco.busco_tools.Toolset	cmd call: hmmsearch --domtblout reports/busco-results/data/00-reads/GCF_000171535.2_ASM17153v2_genomic.fna/run_enterobacterales_odb10/hmmer_output/75689at91347.out --cpu 1 /Users/dizzler/Projects/School/BIOL4600-Capstone/busco_downloads/lineages/enterobacterales_odb10/hmms/75689at91347.hmm reports/busco-results/data/00-reads/GCF_000171535.2_ASM17153v2_genomic.fna/prodigal_output/predicted_genes/predicted.faa
2026-02-21 22:06:45 DEBUG:busco.busco_tools.Toolset	cmd call: hmmsearch --domtblout reports/busco-results/data/00-reads/GCF_000171535.2_ASM17153v2_genomic.fna/run_enterobacterales_odb10/hmmer_output/73023at91347.out --cpu 1 /Users/dizzler/Projects/School/BIOL4600-Capstone/busco_downloads/lineages/enterobacterales_odb10/hmms/73023at91347.hmm reports/busco-results/data/00-reads/GCF_000171535.2_ASM17153v2_genomic.fna/prodigal_output/predicted_genes/predicted.faa
2026-02-21 22:06:45 DEBUG:busco.busco_tools.Toolset	cmd call: hmmsearch --domtblout reports/busco-results/data/00-reads/GCF_000171535.2_ASM17153v2_genomic.fna/run_enterobacterales_odb10/hmmer_output/63042at91347.out --cpu 1 /Users/dizzler/Projects/School/BIOL4600-Capstone/busco_downloads/lineages/enterobacterales_odb10/hmms/63042at91347.hmm reports/busco-results/data/00-reads/GCF_000171535.2_ASM17153v2_genomic.fna/prodigal_output/predicted_genes/predicted.faa
2026-02-21 22:06:45 DEBUG:busco.busco_tools.Toolset	cmd call: hmmsearch --domtblout reports/busco-results/data/00-reads/GCF_000171535.2_ASM17153v2_genomic.fna/run_enterobacterales_odb10/hmmer_output/68569at91347.out --cpu 1 /Users/dizzler/Projects/School/BIOL4600-Capstone/busco_downloads/lineages/enterobacterales_odb10/hmms/68569at91347.hmm reports/busco-results/data/00-reads/GCF_000171535.2_ASM17153v2_genomic.fna/prodigal_output/predicted_genes/predicted.faa
2026-02-21 22:06:45 DEBUG:busco.busco_tools.Toolset	cmd call: hmmsearch --domtblout reports/busco-results/data/00-reads/GCF_000171535.2_ASM17153v2_genomic.fna/run_enterobacterales_odb10/hmmer_output/6639at91347.out --cpu 1 /Users/dizzler/Projects/School/BIOL4600-Capstone/busco_downloads/lineages/enterobacterales_odb10/hmms/6639at91347.hmm reports/busco-results/data/00-reads/GCF_000171535.2_ASM17153v2_genomic.fna/prodigal_output/predicted_genes/predicted.faa
2026-02-21 22:06:45 DEBUG:busco.busco_tools.Toolset	cmd call: hmmsearch --domtblout reports/busco-results/data/00-reads/GCF_000171535.2_ASM17153v2_genomic.fna/run_enterobacterales_odb10/hmmer_output/71136at91347.out --cpu 1 /Users/dizzler/Projects/School/BIOL4600-Capstone/busco_downloads/lineages/enterobacterales_odb10/hmms/71136at91347.hmm reports/busco-results/data/00-reads/GCF_000171535.2_ASM17153v2_genomic.fna/prodigal_output/predicted_genes/predicted.faa
2026-02-21 22:06:45 DEBUG:busco.busco_tools.Toolset	cmd call: hmmsearch --domtblout reports/busco-results/data/00-reads/GCF_000171535.2_ASM17153v2_genomic.fna/run_enterobacterales_odb10/hmmer_output/74209at91347.out --cpu 1 /Users/dizzler/Projects/School/BIOL4600-Capstone/busco_downloads/lineages/enterobacterales_odb10/hmms/74209at91347.hmm reports/busco-results/data/00-reads/GCF_000171535.2_ASM17153v2_genomic.fna/prodigal_output/predicted_genes/predicted.faa
2026-02-21 22:06:45 DEBUG:busco.busco_tools.Toolset	cmd call: hmmsearch --domtblout reports/busco-results/data/00-reads/GCF_000171535.2_ASM17153v2_genomic.fna/run_enterobacterales_odb10/hmmer_output/76920at91347.out --cpu 1 /Users/dizzler/Projects/School/BIOL4600-Capstone/busco_downloads/lineages/enterobacterales_odb10/hmms/76920at91347.hmm reports/busco-results/data/00-reads/GCF_000171535.2_ASM17153v2_genomic.fna/prodigal_output/predicted_genes/predicted.faa
2026-02-21 22:06:45 DEBUG:busco.busco_tools.Toolset	cmd call: hmmsearch --domtblout reports/busco-results/data/00-reads/GCF_000171535.2_ASM17153v2_genomic.fna/run_enterobacterales_odb10/hmmer_output/75763at91347.out --cpu 1 /Users/dizzler/Projects/School/BIOL4600-Capstone/busco_downloads/lineages/enterobacterales_odb10/hmms/75763at91347.hmm reports/busco-results/data/00-reads/GCF_000171535.2_ASM17153v2_genomic.fna/prodigal_output/predicted_genes/predicted.faa
2026-02-21 22:06:45 DEBUG:busco.busco_tools.Toolset	cmd call: hmmsearch --domtblout reports/busco-results/data/00-reads/GCF_000171535.2_ASM17153v2_genomic.fna/run_enterobacterales_odb10/hmmer_output/64486at91347.out --cpu 1 /Users/dizzler/Projects/School/BIOL4600-Capstone/busco_downloads/lineages/enterobacterales_odb10/hmms/64486at91347.hmm reports/busco-results/data/00-reads/GCF_000171535.2_ASM17153v2_genomic.fna/prodigal_output/predicted_genes/predicted.faa
2026-02-21 22:06:45 DEBUG:busco.busco_tools.Toolset	cmd call: hmmsearch --domtblout reports/busco-results/data/00-reads/GCF_000171535.2_ASM17153v2_genomic.fna/run_enterobacterales_odb10/hmmer_output/61400at91347.out --cpu 1 /Users/dizzler/Projects/School/BIOL4600-Capstone/busco_downloads/lineages/enterobacterales_odb10/hmms/61400at91347.hmm reports/busco-results/data/00-reads/GCF_000171535.2_ASM17153v2_genomic.fna/prodigal_output/predicted_genes/predicted.faa
2026-02-21 22:06:45 DEBUG:busco.busco_tools.Toolset	cmd call: hmmsearch --domtblout reports/busco-results/data/00-reads/GCF_000171535.2_ASM17153v2_genomic.fna/run_enterobacterales_odb10/hmmer_output/73105at91347.out --cpu 1 /Users/dizzler/Projects/School/BIOL4600-Capstone/busco_downloads/lineages/enterobacterales_odb10/hmms/73105at91347.hmm reports/busco-results/data/00-reads/GCF_000171535.2_ASM17153v2_genomic.fna/prodigal_output/predicted_genes/predicted.faa
2026-02-21 22:06:45 DEBUG:busco.busco_tools.Toolset	cmd call: hmmsearch --domtblout reports/busco-results/data/00-reads/GCF_000171535.2_ASM17153v2_genomic.fna/run_enterobacterales_odb10/hmmer_output/68836at91347.out --cpu 1 /Users/dizzler/Projects/School/BIOL4600-Capstone/busco_downloads/lineages/enterobacterales_odb10/hmms/68836at91347.hmm reports/busco-results/data/00-reads/GCF_000171535.2_ASM17153v2_genomic.fna/prodigal_output/predicted_genes/predicted.faa
2026-02-21 22:06:45 DEBUG:busco.busco_tools.Toolset	cmd call: hmmsearch --domtblout reports/busco-results/data/00-reads/GCF_000171535.2_ASM17153v2_genomic.fna/run_enterobacterales_odb10/hmmer_output/64968at91347.out --cpu 1 /Users/dizzler/Projects/School/BIOL4600-Capstone/busco_downloads/lineages/enterobacterales_odb10/hmms/64968at91347.hmm reports/busco-results/data/00-reads/GCF_000171535.2_ASM17153v2_genomic.fna/prodigal_output/predicted_genes/predicted.faa
2026-02-21 22:06:45 DEBUG:busco.busco_tools.Toolset	cmd call: hmmsearch --domtblout reports/busco-results/data/00-reads/GCF_000171535.2_ASM17153v2_genomic.fna/run_enterobacterales_odb10/hmmer_output/71239at91347.out --cpu 1 /Users/dizzler/Projects/School/BIOL4600-Capstone/busco_downloads/lineages/enterobacterales_odb10/hmms/71239at91347.hmm reports/busco-results/data/00-reads/GCF_000171535.2_ASM17153v2_genomic.fna/prodigal_output/predicted_genes/predicted.faa
2026-02-21 22:06:45 DEBUG:busco.busco_tools.Toolset	cmd call: hmmsearch --domtblout reports/busco-results/data/00-reads/GCF_000171535.2_ASM17153v2_genomic.fna/run_enterobacterales_odb10/hmmer_output/74260at91347.out --cpu 1 /Users/dizzler/Projects/School/BIOL4600-Capstone/busco_downloads/lineages/enterobacterales_odb10/hmms/74260at91347.hmm reports/busco-results/data/00-reads/GCF_000171535.2_ASM17153v2_genomic.fna/prodigal_output/predicted_genes/predicted.faa
2026-02-21 22:06:45 DEBUG:busco.busco_tools.Toolset	cmd call: hmmsearch --domtblout reports/busco-results/data/00-reads/GCF_000171535.2_ASM17153v2_genomic.fna/run_enterobacterales_odb10/hmmer_output/77060at91347.out --cpu 1 /Users/dizzler/Projects/School/BIOL4600-Capstone/busco_downloads/lineages/enterobacterales_odb10/hmms/77060at91347.hmm reports/busco-results/data/00-reads/GCF_000171535.2_ASM17153v2_genomic.fna/prodigal_output/predicted_genes/predicted.faa
2026-02-21 22:06:45 DEBUG:busco.busco_tools.Toolset	cmd call: hmmsearch --domtblout reports/busco-results/data/00-reads/GCF_000171535.2_ASM17153v2_genomic.fna/run_enterobacterales_odb10/hmmer_output/73130at91347.out --cpu 1 /Users/dizzler/Projects/School/BIOL4600-Capstone/busco_downloads/lineages/enterobacterales_odb10/hmms/73130at91347.hmm reports/busco-results/data/00-reads/GCF_000171535.2_ASM17153v2_genomic.fna/prodigal_output/predicted_genes/predicted.faa
2026-02-21 22:06:45 DEBUG:busco.busco_tools.Toolset	cmd call: hmmsearch --domtblout reports/busco-results/data/00-reads/GCF_000171535.2_ASM17153v2_genomic.fna/run_enterobacterales_odb10/hmmer_output/75919at91347.out --cpu 1 /Users/dizzler/Projects/School/BIOL4600-Capstone/busco_downloads/lineages/enterobacterales_odb10/hmms/75919at91347.hmm reports/busco-results/data/00-reads/GCF_000171535.2_ASM17153v2_genomic.fna/prodigal_output/predicted_genes/predicted.faa
2026-02-21 22:06:45 DEBUG:busco.busco_tools.Toolset	cmd call: hmmsearch --domtblout reports/busco-results/data/00-reads/GCF_000171535.2_ASM17153v2_genomic.fna/run_enterobacterales_odb10/hmmer_output/61409at91347.out --cpu 1 /Users/dizzler/Projects/School/BIOL4600-Capstone/busco_downloads/lineages/enterobacterales_odb10/hmms/61409at91347.hmm reports/busco-results/data/00-reads/GCF_000171535.2_ASM17153v2_genomic.fna/prodigal_output/predicted_genes/predicted.faa
2026-02-21 22:06:45 DEBUG:busco.busco_tools.Toolset	cmd call: hmmsearch --domtblout reports/busco-results/data/00-reads/GCF_000171535.2_ASM17153v2_genomic.fna/run_enterobacterales_odb10/hmmer_output/64712at91347.out --cpu 1 /Users/dizzler/Projects/School/BIOL4600-Capstone/busco_downloads/lineages/enterobacterales_odb10/hmms/64712at91347.hmm reports/busco-results/data/00-reads/GCF_000171535.2_ASM17153v2_genomic.fna/prodigal_output/predicted_genes/predicted.faa
2026-02-21 22:06:45 DEBUG:busco.busco_tools.Toolset	cmd call: hmmsearch --domtblout reports/busco-results/data/00-reads/GCF_000171535.2_ASM17153v2_genomic.fna/run_enterobacterales_odb10/hmmer_output/69316at91347.out --cpu 1 /Users/dizzler/Projects/School/BIOL4600-Capstone/busco_downloads/lineages/enterobacterales_odb10/hmms/69316at91347.hmm reports/busco-results/data/00-reads/GCF_000171535.2_ASM17153v2_genomic.fna/prodigal_output/predicted_genes/predicted.faa
2026-02-21 22:06:45 DEBUG:busco.busco_tools.Toolset	cmd call: hmmsearch --domtblout reports/busco-results/data/00-reads/GCF_000171535.2_ASM17153v2_genomic.fna/run_enterobacterales_odb10/hmmer_output/6335at91347.out --cpu 1 /Users/dizzler/Projects/School/BIOL4600-Capstone/busco_downloads/lineages/enterobacterales_odb10/hmms/6335at91347.hmm reports/busco-results/data/00-reads/GCF_000171535.2_ASM17153v2_genomic.fna/prodigal_output/predicted_genes/predicted.faa
2026-02-21 22:06:45 DEBUG:busco.busco_tools.Toolset	cmd call: hmmsearch --domtblout reports/busco-results/data/00-reads/GCF_000171535.2_ASM17153v2_genomic.fna/run_enterobacterales_odb10/hmmer_output/67100at91347.out --cpu 1 /Users/dizzler/Projects/School/BIOL4600-Capstone/busco_downloads/lineages/enterobacterales_odb10/hmms/67100at91347.hmm reports/busco-results/data/00-reads/GCF_000171535.2_ASM17153v2_genomic.fna/prodigal_output/predicted_genes/predicted.faa
2026-02-21 22:06:45 DEBUG:busco.busco_tools.Toolset	cmd call: hmmsearch --domtblout reports/busco-results/data/00-reads/GCF_000171535.2_ASM17153v2_genomic.fna/run_enterobacterales_odb10/hmmer_output/71716at91347.out --cpu 1 /Users/dizzler/Projects/School/BIOL4600-Capstone/busco_downloads/lineages/enterobacterales_odb10/hmms/71716at91347.hmm reports/busco-results/data/00-reads/GCF_000171535.2_ASM17153v2_genomic.fna/prodigal_output/predicted_genes/predicted.faa
2026-02-21 22:06:45 DEBUG:busco.busco_tools.Toolset	cmd call: hmmsearch --domtblout reports/busco-results/data/00-reads/GCF_000171535.2_ASM17153v2_genomic.fna/run_enterobacterales_odb10/hmmer_output/77071at91347.out --cpu 1 /Users/dizzler/Projects/School/BIOL4600-Capstone/busco_downloads/lineages/enterobacterales_odb10/hmms/77071at91347.hmm reports/busco-results/data/00-reads/GCF_000171535.2_ASM17153v2_genomic.fna/prodigal_output/predicted_genes/predicted.faa
2026-02-21 22:06:45 DEBUG:busco.busco_tools.Toolset	cmd call: hmmsearch --domtblout reports/busco-results/data/00-reads/GCF_000171535.2_ASM17153v2_genomic.fna/run_enterobacterales_odb10/hmmer_output/65110at91347.out --cpu 1 /Users/dizzler/Projects/School/BIOL4600-Capstone/busco_downloads/lineages/enterobacterales_odb10/hmms/65110at91347.hmm reports/busco-results/data/00-reads/GCF_000171535.2_ASM17153v2_genomic.fna/prodigal_output/predicted_genes/predicted.faa
2026-02-21 22:06:45 DEBUG:busco.busco_tools.Toolset	cmd call: hmmsearch --domtblout reports/busco-results/data/00-reads/GCF_000171535.2_ASM17153v2_genomic.fna/run_enterobacterales_odb10/hmmer_output/74468at91347.out --cpu 1 /Users/dizzler/Projects/School/BIOL4600-Capstone/busco_downloads/lineages/enterobacterales_odb10/hmms/74468at91347.hmm reports/busco-results/data/00-reads/GCF_000171535.2_ASM17153v2_genomic.fna/prodigal_output/predicted_genes/predicted.faa
2026-02-21 22:06:45 DEBUG:busco.busco_tools.Toolset	cmd call: hmmsearch --domtblout reports/busco-results/data/00-reads/GCF_000171535.2_ASM17153v2_genomic.fna/run_enterobacterales_odb10/hmmer_output/75969at91347.out --cpu 1 /Users/dizzler/Projects/School/BIOL4600-Capstone/busco_downloads/lineages/enterobacterales_odb10/hmms/75969at91347.hmm reports/busco-results/data/00-reads/GCF_000171535.2_ASM17153v2_genomic.fna/prodigal_output/predicted_genes/predicted.faa
2026-02-21 22:06:45 DEBUG:busco.busco_tools.Toolset	cmd call: hmmsearch --domtblout reports/busco-results/data/00-reads/GCF_000171535.2_ASM17153v2_genomic.fna/run_enterobacterales_odb10/hmmer_output/73167at91347.out --cpu 1 /Users/dizzler/Projects/School/BIOL4600-Capstone/busco_downloads/lineages/enterobacterales_odb10/hmms/73167at91347.hmm reports/busco-results/data/00-reads/GCF_000171535.2_ASM17153v2_genomic.fna/prodigal_output/predicted_genes/predicted.faa
2026-02-21 22:06:45 DEBUG:busco.busco_tools.Toolset	cmd call: hmmsearch --domtblout reports/busco-results/data/00-reads/GCF_000171535.2_ASM17153v2_genomic.fna/run_enterobacterales_odb10/hmmer_output/69788at91347.out --cpu 1 /Users/dizzler/Projects/School/BIOL4600-Capstone/busco_downloads/lineages/enterobacterales_odb10/hmms/69788at91347.hmm reports/busco-results/data/00-reads/GCF_000171535.2_ASM17153v2_genomic.fna/prodigal_output/predicted_genes/predicted.faa
2026-02-21 22:06:45 DEBUG:busco.busco_tools.Toolset	cmd call: hmmsearch --domtblout reports/busco-results/data/00-reads/GCF_000171535.2_ASM17153v2_genomic.fna/run_enterobacterales_odb10/hmmer_output/67418at91347.out --cpu 1 /Users/dizzler/Projects/School/BIOL4600-Capstone/busco_downloads/lineages/enterobacterales_odb10/hmms/67418at91347.hmm reports/busco-results/data/00-reads/GCF_000171535.2_ASM17153v2_genomic.fna/prodigal_output/predicted_genes/predicted.faa
2026-02-21 22:06:45 DEBUG:busco.busco_tools.Toolset	cmd call: hmmsearch --domtblout reports/busco-results/data/00-reads/GCF_000171535.2_ASM17153v2_genomic.fna/run_enterobacterales_odb10/hmmer_output/7453at91347.out --cpu 1 /Users/dizzler/Projects/School/BIOL4600-Capstone/busco_downloads/lineages/enterobacterales_odb10/hmms/7453at91347.hmm reports/busco-results/data/00-reads/GCF_000171535.2_ASM17153v2_genomic.fna/prodigal_output/predicted_genes/predicted.faa
2026-02-21 22:06:45 DEBUG:busco.busco_tools.Toolset	cmd call: hmmsearch --domtblout reports/busco-results/data/00-reads/GCF_000171535.2_ASM17153v2_genomic.fna/run_enterobacterales_odb10/hmmer_output/77165at91347.out --cpu 1 /Users/dizzler/Projects/School/BIOL4600-Capstone/busco_downloads/lineages/enterobacterales_odb10/hmms/77165at91347.hmm reports/busco-results/data/00-reads/GCF_000171535.2_ASM17153v2_genomic.fna/prodigal_output/predicted_genes/predicted.faa
2026-02-21 22:06:45 DEBUG:busco.busco_tools.Toolset	cmd call: hmmsearch --domtblout reports/busco-results/data/00-reads/GCF_000171535.2_ASM17153v2_genomic.fna/run_enterobacterales_odb10/hmmer_output/65588at91347.out --cpu 1 /Users/dizzler/Projects/School/BIOL4600-Capstone/busco_downloads/lineages/enterobacterales_odb10/hmms/65588at91347.hmm reports/busco-results/data/00-reads/GCF_000171535.2_ASM17153v2_genomic.fna/prodigal_output/predicted_genes/predicted.faa
2026-02-21 22:06:45 DEBUG:busco.busco_tools.Toolset	cmd call: hmmsearch --domtblout reports/busco-results/data/00-reads/GCF_000171535.2_ASM17153v2_genomic.fna/run_enterobacterales_odb10/hmmer_output/71844at91347.out --cpu 1 /Users/dizzler/Projects/School/BIOL4600-Capstone/busco_downloads/lineages/enterobacterales_odb10/hmms/71844at91347.hmm reports/busco-results/data/00-reads/GCF_000171535.2_ASM17153v2_genomic.fna/prodigal_output/predicted_genes/predicted.faa
2026-02-21 22:06:45 DEBUG:busco.busco_tools.Toolset	cmd call: hmmsearch --domtblout reports/busco-results/data/00-reads/GCF_000171535.2_ASM17153v2_genomic.fna/run_enterobacterales_odb10/hmmer_output/75999at91347.out --cpu 1 /Users/dizzler/Projects/School/BIOL4600-Capstone/busco_downloads/lineages/enterobacterales_odb10/hmms/75999at91347.hmm reports/busco-results/data/00-reads/GCF_000171535.2_ASM17153v2_genomic.fna/prodigal_output/predicted_genes/predicted.faa
2026-02-21 22:06:45 DEBUG:busco.busco_tools.Toolset	cmd call: hmmsearch --domtblout reports/busco-results/data/00-reads/GCF_000171535.2_ASM17153v2_genomic.fna/run_enterobacterales_odb10/hmmer_output/73580at91347.out --cpu 1 /Users/dizzler/Projects/School/BIOL4600-Capstone/busco_downloads/lineages/enterobacterales_odb10/hmms/73580at91347.hmm reports/busco-results/data/00-reads/GCF_000171535.2_ASM17153v2_genomic.fna/prodigal_output/predicted_genes/predicted.faa
2026-02-21 22:06:45 DEBUG:busco.busco_tools.Toolset	cmd call: hmmsearch --domtblout reports/busco-results/data/00-reads/GCF_000171535.2_ASM17153v2_genomic.fna/run_enterobacterales_odb10/hmmer_output/69849at91347.out --cpu 1 /Users/dizzler/Projects/School/BIOL4600-Capstone/busco_downloads/lineages/enterobacterales_odb10/hmms/69849at91347.hmm reports/busco-results/data/00-reads/GCF_000171535.2_ASM17153v2_genomic.fna/prodigal_output/predicted_genes/predicted.faa
2026-02-21 22:06:45 DEBUG:busco.busco_tools.Toolset	cmd call: hmmsearch --domtblout reports/busco-results/data/00-reads/GCF_000171535.2_ASM17153v2_genomic.fna/run_enterobacterales_odb10/hmmer_output/67457at91347.out --cpu 1 /Users/dizzler/Projects/School/BIOL4600-Capstone/busco_downloads/lineages/enterobacterales_odb10/hmms/67457at91347.hmm reports/busco-results/data/00-reads/GCF_000171535.2_ASM17153v2_genomic.fna/prodigal_output/predicted_genes/predicted.faa
2026-02-21 22:06:45 DEBUG:busco.busco_tools.Toolset	cmd call: hmmsearch --domtblout reports/busco-results/data/00-reads/GCF_000171535.2_ASM17153v2_genomic.fna/run_enterobacterales_odb10/hmmer_output/78274at91347.out --cpu 1 /Users/dizzler/Projects/School/BIOL4600-Capstone/busco_downloads/lineages/enterobacterales_odb10/hmms/78274at91347.hmm reports/busco-results/data/00-reads/GCF_000171535.2_ASM17153v2_genomic.fna/prodigal_output/predicted_genes/predicted.faa
2026-02-21 22:06:45 DEBUG:busco.busco_tools.Toolset	cmd call: hmmsearch --domtblout reports/busco-results/data/00-reads/GCF_000171535.2_ASM17153v2_genomic.fna/run_enterobacterales_odb10/hmmer_output/79395at91347.out --cpu 1 /Users/dizzler/Projects/School/BIOL4600-Capstone/busco_downloads/lineages/enterobacterales_odb10/hmms/79395at91347.hmm reports/busco-results/data/00-reads/GCF_000171535.2_ASM17153v2_genomic.fna/prodigal_output/predicted_genes/predicted.faa
2026-02-21 22:06:45 DEBUG:busco.busco_tools.Toolset	cmd call: hmmsearch --domtblout reports/busco-results/data/00-reads/GCF_000171535.2_ASM17153v2_genomic.fna/run_enterobacterales_odb10/hmmer_output/65730at91347.out --cpu 1 /Users/dizzler/Projects/School/BIOL4600-Capstone/busco_downloads/lineages/enterobacterales_odb10/hmms/65730at91347.hmm reports/busco-results/data/00-reads/GCF_000171535.2_ASM17153v2_genomic.fna/prodigal_output/predicted_genes/predicted.faa
2026-02-21 22:06:45 INFO:busco.busco_tools.Toolset	[hmmsearch]	308 of 440 task(s) completed
2026-02-21 22:06:45 DEBUG:busco.busco_tools.Toolset	cmd call: hmmsearch --domtblout reports/busco-results/data/00-reads/GCF_000171535.2_ASM17153v2_genomic.fna/run_enterobacterales_odb10/hmmer_output/72064at91347.out --cpu 1 /Users/dizzler/Projects/School/BIOL4600-Capstone/busco_downloads/lineages/enterobacterales_odb10/hmms/72064at91347.hmm reports/busco-results/data/00-reads/GCF_000171535.2_ASM17153v2_genomic.fna/prodigal_output/predicted_genes/predicted.faa
2026-02-21 22:06:45 DEBUG:busco.busco_tools.Toolset	cmd call: hmmsearch --domtblout reports/busco-results/data/00-reads/GCF_000171535.2_ASM17153v2_genomic.fna/run_enterobacterales_odb10/hmmer_output/77286at91347.out --cpu 1 /Users/dizzler/Projects/School/BIOL4600-Capstone/busco_downloads/lineages/enterobacterales_odb10/hmms/77286at91347.hmm reports/busco-results/data/00-reads/GCF_000171535.2_ASM17153v2_genomic.fna/prodigal_output/predicted_genes/predicted.faa
2026-02-21 22:06:45 DEBUG:busco.busco_tools.Toolset	cmd call: hmmsearch --domtblout reports/busco-results/data/00-reads/GCF_000171535.2_ASM17153v2_genomic.fna/run_enterobacterales_odb10/hmmer_output/76135at91347.out --cpu 1 /Users/dizzler/Projects/School/BIOL4600-Capstone/busco_downloads/lineages/enterobacterales_odb10/hmms/76135at91347.hmm reports/busco-results/data/00-reads/GCF_000171535.2_ASM17153v2_genomic.fna/prodigal_output/predicted_genes/predicted.faa
2026-02-21 22:06:45 DEBUG:busco.busco_tools.Toolset	cmd call: hmmsearch --domtblout reports/busco-results/data/00-reads/GCF_000171535.2_ASM17153v2_genomic.fna/run_enterobacterales_odb10/hmmer_output/73655at91347.out --cpu 1 /Users/dizzler/Projects/School/BIOL4600-Capstone/busco_downloads/lineages/enterobacterales_odb10/hmms/73655at91347.hmm reports/busco-results/data/00-reads/GCF_000171535.2_ASM17153v2_genomic.fna/prodigal_output/predicted_genes/predicted.faa
2026-02-21 22:06:45 DEBUG:busco.busco_tools.Toolset	cmd call: hmmsearch --domtblout reports/busco-results/data/00-reads/GCF_000171535.2_ASM17153v2_genomic.fna/run_enterobacterales_odb10/hmmer_output/80995at91347.out --cpu 1 /Users/dizzler/Projects/School/BIOL4600-Capstone/busco_downloads/lineages/enterobacterales_odb10/hmms/80995at91347.hmm reports/busco-results/data/00-reads/GCF_000171535.2_ASM17153v2_genomic.fna/prodigal_output/predicted_genes/predicted.faa
2026-02-21 22:06:45 DEBUG:busco.busco_tools.Toolset	cmd call: hmmsearch --domtblout reports/busco-results/data/00-reads/GCF_000171535.2_ASM17153v2_genomic.fna/run_enterobacterales_odb10/hmmer_output/78429at91347.out --cpu 1 /Users/dizzler/Projects/School/BIOL4600-Capstone/busco_downloads/lineages/enterobacterales_odb10/hmms/78429at91347.hmm reports/busco-results/data/00-reads/GCF_000171535.2_ASM17153v2_genomic.fna/prodigal_output/predicted_genes/predicted.faa
2026-02-21 22:06:45 DEBUG:busco.busco_tools.Toolset	cmd call: hmmsearch --domtblout reports/busco-results/data/00-reads/GCF_000171535.2_ASM17153v2_genomic.fna/run_enterobacterales_odb10/hmmer_output/74706at91347.out --cpu 1 /Users/dizzler/Projects/School/BIOL4600-Capstone/busco_downloads/lineages/enterobacterales_odb10/hmms/74706at91347.hmm reports/busco-results/data/00-reads/GCF_000171535.2_ASM17153v2_genomic.fna/prodigal_output/predicted_genes/predicted.faa
2026-02-21 22:06:45 DEBUG:busco.busco_tools.Toolset	cmd call: hmmsearch --domtblout reports/busco-results/data/00-reads/GCF_000171535.2_ASM17153v2_genomic.fna/run_enterobacterales_odb10/hmmer_output/6990at91347.out --cpu 1 /Users/dizzler/Projects/School/BIOL4600-Capstone/busco_downloads/lineages/enterobacterales_odb10/hmms/6990at91347.hmm reports/busco-results/data/00-reads/GCF_000171535.2_ASM17153v2_genomic.fna/prodigal_output/predicted_genes/predicted.faa
2026-02-21 22:06:45 DEBUG:busco.busco_tools.Toolset	cmd call: hmmsearch --domtblout reports/busco-results/data/00-reads/GCF_000171535.2_ASM17153v2_genomic.fna/run_enterobacterales_odb10/hmmer_output/80037at91347.out --cpu 1 /Users/dizzler/Projects/School/BIOL4600-Capstone/busco_downloads/lineages/enterobacterales_odb10/hmms/80037at91347.hmm reports/busco-results/data/00-reads/GCF_000171535.2_ASM17153v2_genomic.fna/prodigal_output/predicted_genes/predicted.faa
2026-02-21 22:06:45 DEBUG:busco.busco_tools.Toolset	cmd call: hmmsearch --domtblout reports/busco-results/data/00-reads/GCF_000171535.2_ASM17153v2_genomic.fna/run_enterobacterales_odb10/hmmer_output/72076at91347.out --cpu 1 /Users/dizzler/Projects/School/BIOL4600-Capstone/busco_downloads/lineages/enterobacterales_odb10/hmms/72076at91347.hmm reports/busco-results/data/00-reads/GCF_000171535.2_ASM17153v2_genomic.fna/prodigal_output/predicted_genes/predicted.faa
2026-02-21 22:06:45 DEBUG:busco.busco_tools.Toolset	cmd call: hmmsearch --domtblout reports/busco-results/data/00-reads/GCF_000171535.2_ASM17153v2_genomic.fna/run_enterobacterales_odb10/hmmer_output/77379at91347.out --cpu 1 /Users/dizzler/Projects/School/BIOL4600-Capstone/busco_downloads/lineages/enterobacterales_odb10/hmms/77379at91347.hmm reports/busco-results/data/00-reads/GCF_000171535.2_ASM17153v2_genomic.fna/prodigal_output/predicted_genes/predicted.faa
2026-02-21 22:06:45 DEBUG:busco.busco_tools.Toolset	cmd call: hmmsearch --domtblout reports/busco-results/data/00-reads/GCF_000171535.2_ASM17153v2_genomic.fna/run_enterobacterales_odb10/hmmer_output/73785at91347.out --cpu 1 /Users/dizzler/Projects/School/BIOL4600-Capstone/busco_downloads/lineages/enterobacterales_odb10/hmms/73785at91347.hmm reports/busco-results/data/00-reads/GCF_000171535.2_ASM17153v2_genomic.fna/prodigal_output/predicted_genes/predicted.faa
2026-02-21 22:06:45 DEBUG:busco.busco_tools.Toolset	cmd call: hmmsearch --domtblout reports/busco-results/data/00-reads/GCF_000171535.2_ASM17153v2_genomic.fna/run_enterobacterales_odb10/hmmer_output/76222at91347.out --cpu 1 /Users/dizzler/Projects/School/BIOL4600-Capstone/busco_downloads/lineages/enterobacterales_odb10/hmms/76222at91347.hmm reports/busco-results/data/00-reads/GCF_000171535.2_ASM17153v2_genomic.fna/prodigal_output/predicted_genes/predicted.faa
2026-02-21 22:06:45 DEBUG:busco.busco_tools.Toolset	cmd call: hmmsearch --domtblout reports/busco-results/data/00-reads/GCF_000171535.2_ASM17153v2_genomic.fna/run_enterobacterales_odb10/hmmer_output/81099at91347.out --cpu 1 /Users/dizzler/Projects/School/BIOL4600-Capstone/busco_downloads/lineages/enterobacterales_odb10/hmms/81099at91347.hmm reports/busco-results/data/00-reads/GCF_000171535.2_ASM17153v2_genomic.fna/prodigal_output/predicted_genes/predicted.faa
2026-02-21 22:06:45 DEBUG:busco.busco_tools.Toolset	cmd call: hmmsearch --domtblout reports/busco-results/data/00-reads/GCF_000171535.2_ASM17153v2_genomic.fna/run_enterobacterales_odb10/hmmer_output/74856at91347.out --cpu 1 /Users/dizzler/Projects/School/BIOL4600-Capstone/busco_downloads/lineages/enterobacterales_odb10/hmms/74856at91347.hmm reports/busco-results/data/00-reads/GCF_000171535.2_ASM17153v2_genomic.fna/prodigal_output/predicted_genes/predicted.faa
2026-02-21 22:06:45 DEBUG:busco.busco_tools.Toolset	cmd call: hmmsearch --domtblout reports/busco-results/data/00-reads/GCF_000171535.2_ASM17153v2_genomic.fna/run_enterobacterales_odb10/hmmer_output/78566at91347.out --cpu 1 /Users/dizzler/Projects/School/BIOL4600-Capstone/busco_downloads/lineages/enterobacterales_odb10/hmms/78566at91347.hmm reports/busco-results/data/00-reads/GCF_000171535.2_ASM17153v2_genomic.fna/prodigal_output/predicted_genes/predicted.faa
2026-02-21 22:06:45 DEBUG:busco.busco_tools.Toolset	cmd call: hmmsearch --domtblout reports/busco-results/data/00-reads/GCF_000171535.2_ASM17153v2_genomic.fna/run_enterobacterales_odb10/hmmer_output/80129at91347.out --cpu 1 /Users/dizzler/Projects/School/BIOL4600-Capstone/busco_downloads/lineages/enterobacterales_odb10/hmms/80129at91347.hmm reports/busco-results/data/00-reads/GCF_000171535.2_ASM17153v2_genomic.fna/prodigal_output/predicted_genes/predicted.faa
2026-02-21 22:06:45 DEBUG:busco.busco_tools.Toolset	cmd call: hmmsearch --domtblout reports/busco-results/data/00-reads/GCF_000171535.2_ASM17153v2_genomic.fna/run_enterobacterales_odb10/hmmer_output/82522at91347.out --cpu 1 /Users/dizzler/Projects/School/BIOL4600-Capstone/busco_downloads/lineages/enterobacterales_odb10/hmms/82522at91347.hmm reports/busco-results/data/00-reads/GCF_000171535.2_ASM17153v2_genomic.fna/prodigal_output/predicted_genes/predicted.faa
2026-02-21 22:06:45 DEBUG:busco.busco_tools.Toolset	cmd call: hmmsearch --domtblout reports/busco-results/data/00-reads/GCF_000171535.2_ASM17153v2_genomic.fna/run_enterobacterales_odb10/hmmer_output/77687at91347.out --cpu 1 /Users/dizzler/Projects/School/BIOL4600-Capstone/busco_downloads/lineages/enterobacterales_odb10/hmms/77687at91347.hmm reports/busco-results/data/00-reads/GCF_000171535.2_ASM17153v2_genomic.fna/prodigal_output/predicted_genes/predicted.faa
2026-02-21 22:06:45 DEBUG:busco.busco_tools.Toolset	cmd call: hmmsearch --domtblout reports/busco-results/data/00-reads/GCF_000171535.2_ASM17153v2_genomic.fna/run_enterobacterales_odb10/hmmer_output/76350at91347.out --cpu 1 /Users/dizzler/Projects/School/BIOL4600-Capstone/busco_downloads/lineages/enterobacterales_odb10/hmms/76350at91347.hmm reports/busco-results/data/00-reads/GCF_000171535.2_ASM17153v2_genomic.fna/prodigal_output/predicted_genes/predicted.faa
2026-02-21 22:06:45 DEBUG:busco.busco_tools.Toolset	cmd call: hmmsearch --domtblout reports/busco-results/data/00-reads/GCF_000171535.2_ASM17153v2_genomic.fna/run_enterobacterales_odb10/hmmer_output/81206at91347.out --cpu 1 /Users/dizzler/Projects/School/BIOL4600-Capstone/busco_downloads/lineages/enterobacterales_odb10/hmms/81206at91347.hmm reports/busco-results/data/00-reads/GCF_000171535.2_ASM17153v2_genomic.fna/prodigal_output/predicted_genes/predicted.faa
2026-02-21 22:06:45 DEBUG:busco.busco_tools.Toolset	cmd call: hmmsearch --domtblout reports/busco-results/data/00-reads/GCF_000171535.2_ASM17153v2_genomic.fna/run_enterobacterales_odb10/hmmer_output/78786at91347.out --cpu 1 /Users/dizzler/Projects/School/BIOL4600-Capstone/busco_downloads/lineages/enterobacterales_odb10/hmms/78786at91347.hmm reports/busco-results/data/00-reads/GCF_000171535.2_ASM17153v2_genomic.fna/prodigal_output/predicted_genes/predicted.faa
2026-02-21 22:06:45 DEBUG:busco.busco_tools.Toolset	cmd call: hmmsearch --domtblout reports/busco-results/data/00-reads/GCF_000171535.2_ASM17153v2_genomic.fna/run_enterobacterales_odb10/hmmer_output/75116at91347.out --cpu 1 /Users/dizzler/Projects/School/BIOL4600-Capstone/busco_downloads/lineages/enterobacterales_odb10/hmms/75116at91347.hmm reports/busco-results/data/00-reads/GCF_000171535.2_ASM17153v2_genomic.fna/prodigal_output/predicted_genes/predicted.faa
2026-02-21 22:06:45 DEBUG:busco.busco_tools.Toolset	cmd call: hmmsearch --domtblout reports/busco-results/data/00-reads/GCF_000171535.2_ASM17153v2_genomic.fna/run_enterobacterales_odb10/hmmer_output/80271at91347.out --cpu 1 /Users/dizzler/Projects/School/BIOL4600-Capstone/busco_downloads/lineages/enterobacterales_odb10/hmms/80271at91347.hmm reports/busco-results/data/00-reads/GCF_000171535.2_ASM17153v2_genomic.fna/prodigal_output/predicted_genes/predicted.faa
2026-02-21 22:06:45 DEBUG:busco.busco_tools.Toolset	cmd call: hmmsearch --domtblout reports/busco-results/data/00-reads/GCF_000171535.2_ASM17153v2_genomic.fna/run_enterobacterales_odb10/hmmer_output/84909at91347.out --cpu 1 /Users/dizzler/Projects/School/BIOL4600-Capstone/busco_downloads/lineages/enterobacterales_odb10/hmms/84909at91347.hmm reports/busco-results/data/00-reads/GCF_000171535.2_ASM17153v2_genomic.fna/prodigal_output/predicted_genes/predicted.faa
2026-02-21 22:06:45 DEBUG:busco.busco_tools.Toolset	cmd call: hmmsearch --domtblout reports/busco-results/data/00-reads/GCF_000171535.2_ASM17153v2_genomic.fna/run_enterobacterales_odb10/hmmer_output/82918at91347.out --cpu 1 /Users/dizzler/Projects/School/BIOL4600-Capstone/busco_downloads/lineages/enterobacterales_odb10/hmms/82918at91347.hmm reports/busco-results/data/00-reads/GCF_000171535.2_ASM17153v2_genomic.fna/prodigal_output/predicted_genes/predicted.faa
2026-02-21 22:06:45 DEBUG:busco.busco_tools.Toolset	cmd call: hmmsearch --domtblout reports/busco-results/data/00-reads/GCF_000171535.2_ASM17153v2_genomic.fna/run_enterobacterales_odb10/hmmer_output/77782at91347.out --cpu 1 /Users/dizzler/Projects/School/BIOL4600-Capstone/busco_downloads/lineages/enterobacterales_odb10/hmms/77782at91347.hmm reports/busco-results/data/00-reads/GCF_000171535.2_ASM17153v2_genomic.fna/prodigal_output/predicted_genes/predicted.faa
2026-02-21 22:06:45 DEBUG:busco.busco_tools.Toolset	cmd call: hmmsearch --domtblout reports/busco-results/data/00-reads/GCF_000171535.2_ASM17153v2_genomic.fna/run_enterobacterales_odb10/hmmer_output/81317at91347.out --cpu 1 /Users/dizzler/Projects/School/BIOL4600-Capstone/busco_downloads/lineages/enterobacterales_odb10/hmms/81317at91347.hmm reports/busco-results/data/00-reads/GCF_000171535.2_ASM17153v2_genomic.fna/prodigal_output/predicted_genes/predicted.faa
2026-02-21 22:06:45 DEBUG:busco.busco_tools.Toolset	cmd call: hmmsearch --domtblout reports/busco-results/data/00-reads/GCF_000171535.2_ASM17153v2_genomic.fna/run_enterobacterales_odb10/hmmer_output/86761at91347.out --cpu 1 /Users/dizzler/Projects/School/BIOL4600-Capstone/busco_downloads/lineages/enterobacterales_odb10/hmms/86761at91347.hmm reports/busco-results/data/00-reads/GCF_000171535.2_ASM17153v2_genomic.fna/prodigal_output/predicted_genes/predicted.faa
2026-02-21 22:06:45 DEBUG:busco.busco_tools.Toolset	cmd call: hmmsearch --domtblout reports/busco-results/data/00-reads/GCF_000171535.2_ASM17153v2_genomic.fna/run_enterobacterales_odb10/hmmer_output/78998at91347.out --cpu 1 /Users/dizzler/Projects/School/BIOL4600-Capstone/busco_downloads/lineages/enterobacterales_odb10/hmms/78998at91347.hmm reports/busco-results/data/00-reads/GCF_000171535.2_ASM17153v2_genomic.fna/prodigal_output/predicted_genes/predicted.faa
2026-02-21 22:06:45 DEBUG:busco.busco_tools.Toolset	cmd call: hmmsearch --domtblout reports/busco-results/data/00-reads/GCF_000171535.2_ASM17153v2_genomic.fna/run_enterobacterales_odb10/hmmer_output/8822at91347.out --cpu 1 /Users/dizzler/Projects/School/BIOL4600-Capstone/busco_downloads/lineages/enterobacterales_odb10/hmms/8822at91347.hmm reports/busco-results/data/00-reads/GCF_000171535.2_ASM17153v2_genomic.fna/prodigal_output/predicted_genes/predicted.faa
2026-02-21 22:06:45 DEBUG:busco.busco_tools.Toolset	cmd call: hmmsearch --domtblout reports/busco-results/data/00-reads/GCF_000171535.2_ASM17153v2_genomic.fna/run_enterobacterales_odb10/hmmer_output/80419at91347.out --cpu 1 /Users/dizzler/Projects/School/BIOL4600-Capstone/busco_downloads/lineages/enterobacterales_odb10/hmms/80419at91347.hmm reports/busco-results/data/00-reads/GCF_000171535.2_ASM17153v2_genomic.fna/prodigal_output/predicted_genes/predicted.faa
2026-02-21 22:06:45 DEBUG:busco.busco_tools.Toolset	cmd call: hmmsearch --domtblout reports/busco-results/data/00-reads/GCF_000171535.2_ASM17153v2_genomic.fna/run_enterobacterales_odb10/hmmer_output/84924at91347.out --cpu 1 /Users/dizzler/Projects/School/BIOL4600-Capstone/busco_downloads/lineages/enterobacterales_odb10/hmms/84924at91347.hmm reports/busco-results/data/00-reads/GCF_000171535.2_ASM17153v2_genomic.fna/prodigal_output/predicted_genes/predicted.faa
2026-02-21 22:06:45 DEBUG:busco.busco_tools.Toolset	cmd call: hmmsearch --domtblout reports/busco-results/data/00-reads/GCF_000171535.2_ASM17153v2_genomic.fna/run_enterobacterales_odb10/hmmer_output/83088at91347.out --cpu 1 /Users/dizzler/Projects/School/BIOL4600-Capstone/busco_downloads/lineages/enterobacterales_odb10/hmms/83088at91347.hmm reports/busco-results/data/00-reads/GCF_000171535.2_ASM17153v2_genomic.fna/prodigal_output/predicted_genes/predicted.faa
2026-02-21 22:06:45 DEBUG:busco.busco_tools.Toolset	cmd call: hmmsearch --domtblout reports/busco-results/data/00-reads/GCF_000171535.2_ASM17153v2_genomic.fna/run_enterobacterales_odb10/hmmer_output/81647at91347.out --cpu 1 /Users/dizzler/Projects/School/BIOL4600-Capstone/busco_downloads/lineages/enterobacterales_odb10/hmms/81647at91347.hmm reports/busco-results/data/00-reads/GCF_000171535.2_ASM17153v2_genomic.fna/prodigal_output/predicted_genes/predicted.faa
2026-02-21 22:06:45 DEBUG:busco.busco_tools.Toolset	cmd call: hmmsearch --domtblout reports/busco-results/data/00-reads/GCF_000171535.2_ASM17153v2_genomic.fna/run_enterobacterales_odb10/hmmer_output/90346at91347.out --cpu 1 /Users/dizzler/Projects/School/BIOL4600-Capstone/busco_downloads/lineages/enterobacterales_odb10/hmms/90346at91347.hmm reports/busco-results/data/00-reads/GCF_000171535.2_ASM17153v2_genomic.fna/prodigal_output/predicted_genes/predicted.faa
2026-02-21 22:06:45 DEBUG:busco.busco_tools.Toolset	cmd call: hmmsearch --domtblout reports/busco-results/data/00-reads/GCF_000171535.2_ASM17153v2_genomic.fna/run_enterobacterales_odb10/hmmer_output/86762at91347.out --cpu 1 /Users/dizzler/Projects/School/BIOL4600-Capstone/busco_downloads/lineages/enterobacterales_odb10/hmms/86762at91347.hmm reports/busco-results/data/00-reads/GCF_000171535.2_ASM17153v2_genomic.fna/prodigal_output/predicted_genes/predicted.faa
2026-02-21 22:06:45 DEBUG:busco.busco_tools.Toolset	cmd call: hmmsearch --domtblout reports/busco-results/data/00-reads/GCF_000171535.2_ASM17153v2_genomic.fna/run_enterobacterales_odb10/hmmer_output/79018at91347.out --cpu 1 /Users/dizzler/Projects/School/BIOL4600-Capstone/busco_downloads/lineages/enterobacterales_odb10/hmms/79018at91347.hmm reports/busco-results/data/00-reads/GCF_000171535.2_ASM17153v2_genomic.fna/prodigal_output/predicted_genes/predicted.faa
2026-02-21 22:06:45 DEBUG:busco.busco_tools.Toolset	cmd call: hmmsearch --domtblout reports/busco-results/data/00-reads/GCF_000171535.2_ASM17153v2_genomic.fna/run_enterobacterales_odb10/hmmer_output/92123at91347.out --cpu 1 /Users/dizzler/Projects/School/BIOL4600-Capstone/busco_downloads/lineages/enterobacterales_odb10/hmms/92123at91347.hmm reports/busco-results/data/00-reads/GCF_000171535.2_ASM17153v2_genomic.fna/prodigal_output/predicted_genes/predicted.faa
2026-02-21 22:06:45 DEBUG:busco.busco_tools.Toolset	cmd call: hmmsearch --domtblout reports/busco-results/data/00-reads/GCF_000171535.2_ASM17153v2_genomic.fna/run_enterobacterales_odb10/hmmer_output/80524at91347.out --cpu 1 /Users/dizzler/Projects/School/BIOL4600-Capstone/busco_downloads/lineages/enterobacterales_odb10/hmms/80524at91347.hmm reports/busco-results/data/00-reads/GCF_000171535.2_ASM17153v2_genomic.fna/prodigal_output/predicted_genes/predicted.faa
2026-02-21 22:06:45 DEBUG:busco.busco_tools.Toolset	cmd call: hmmsearch --domtblout reports/busco-results/data/00-reads/GCF_000171535.2_ASM17153v2_genomic.fna/run_enterobacterales_odb10/hmmer_output/84938at91347.out --cpu 1 /Users/dizzler/Projects/School/BIOL4600-Capstone/busco_downloads/lineages/enterobacterales_odb10/hmms/84938at91347.hmm reports/busco-results/data/00-reads/GCF_000171535.2_ASM17153v2_genomic.fna/prodigal_output/predicted_genes/predicted.faa
2026-02-21 22:06:45 DEBUG:busco.busco_tools.Toolset	cmd call: hmmsearch --domtblout reports/busco-results/data/00-reads/GCF_000171535.2_ASM17153v2_genomic.fna/run_enterobacterales_odb10/hmmer_output/83425at91347.out --cpu 1 /Users/dizzler/Projects/School/BIOL4600-Capstone/busco_downloads/lineages/enterobacterales_odb10/hmms/83425at91347.hmm reports/busco-results/data/00-reads/GCF_000171535.2_ASM17153v2_genomic.fna/prodigal_output/predicted_genes/predicted.faa
2026-02-21 22:06:45 DEBUG:busco.busco_tools.Toolset	cmd call: hmmsearch --domtblout reports/busco-results/data/00-reads/GCF_000171535.2_ASM17153v2_genomic.fna/run_enterobacterales_odb10/hmmer_output/81712at91347.out --cpu 1 /Users/dizzler/Projects/School/BIOL4600-Capstone/busco_downloads/lineages/enterobacterales_odb10/hmms/81712at91347.hmm reports/busco-results/data/00-reads/GCF_000171535.2_ASM17153v2_genomic.fna/prodigal_output/predicted_genes/predicted.faa
2026-02-21 22:06:45 DEBUG:busco.busco_tools.Toolset	cmd call: hmmsearch --domtblout reports/busco-results/data/00-reads/GCF_000171535.2_ASM17153v2_genomic.fna/run_enterobacterales_odb10/hmmer_output/90433at91347.out --cpu 1 /Users/dizzler/Projects/School/BIOL4600-Capstone/busco_downloads/lineages/enterobacterales_odb10/hmms/90433at91347.hmm reports/busco-results/data/00-reads/GCF_000171535.2_ASM17153v2_genomic.fna/prodigal_output/predicted_genes/predicted.faa
2026-02-21 22:06:45 INFO:busco.busco_tools.Toolset	[hmmsearch]	352 of 440 task(s) completed
2026-02-21 22:06:45 DEBUG:busco.busco_tools.Toolset	cmd call: hmmsearch --domtblout reports/busco-results/data/00-reads/GCF_000171535.2_ASM17153v2_genomic.fna/run_enterobacterales_odb10/hmmer_output/88237at91347.out --cpu 1 /Users/dizzler/Projects/School/BIOL4600-Capstone/busco_downloads/lineages/enterobacterales_odb10/hmms/88237at91347.hmm reports/busco-results/data/00-reads/GCF_000171535.2_ASM17153v2_genomic.fna/prodigal_output/predicted_genes/predicted.faa
2026-02-21 22:06:45 DEBUG:busco.busco_tools.Toolset	cmd call: hmmsearch --domtblout reports/busco-results/data/00-reads/GCF_000171535.2_ASM17153v2_genomic.fna/run_enterobacterales_odb10/hmmer_output/87018at91347.out --cpu 1 /Users/dizzler/Projects/School/BIOL4600-Capstone/busco_downloads/lineages/enterobacterales_odb10/hmms/87018at91347.hmm reports/busco-results/data/00-reads/GCF_000171535.2_ASM17153v2_genomic.fna/prodigal_output/predicted_genes/predicted.faa
2026-02-21 22:06:45 DEBUG:busco.busco_tools.Toolset	cmd call: hmmsearch --domtblout reports/busco-results/data/00-reads/GCF_000171535.2_ASM17153v2_genomic.fna/run_enterobacterales_odb10/hmmer_output/93644at91347.out --cpu 1 /Users/dizzler/Projects/School/BIOL4600-Capstone/busco_downloads/lineages/enterobacterales_odb10/hmms/93644at91347.hmm reports/busco-results/data/00-reads/GCF_000171535.2_ASM17153v2_genomic.fna/prodigal_output/predicted_genes/predicted.faa
2026-02-21 22:06:45 DEBUG:busco.busco_tools.Toolset	cmd call: hmmsearch --domtblout reports/busco-results/data/00-reads/GCF_000171535.2_ASM17153v2_genomic.fna/run_enterobacterales_odb10/hmmer_output/7906at91347.out --cpu 1 /Users/dizzler/Projects/School/BIOL4600-Capstone/busco_downloads/lineages/enterobacterales_odb10/hmms/7906at91347.hmm reports/busco-results/data/00-reads/GCF_000171535.2_ASM17153v2_genomic.fna/prodigal_output/predicted_genes/predicted.faa
2026-02-21 22:06:45 DEBUG:busco.busco_tools.Toolset	cmd call: hmmsearch --domtblout reports/busco-results/data/00-reads/GCF_000171535.2_ASM17153v2_genomic.fna/run_enterobacterales_odb10/hmmer_output/92226at91347.out --cpu 1 /Users/dizzler/Projects/School/BIOL4600-Capstone/busco_downloads/lineages/enterobacterales_odb10/hmms/92226at91347.hmm reports/busco-results/data/00-reads/GCF_000171535.2_ASM17153v2_genomic.fna/prodigal_output/predicted_genes/predicted.faa
2026-02-21 22:06:45 DEBUG:busco.busco_tools.Toolset	cmd call: hmmsearch --domtblout reports/busco-results/data/00-reads/GCF_000171535.2_ASM17153v2_genomic.fna/run_enterobacterales_odb10/hmmer_output/80874at91347.out --cpu 1 /Users/dizzler/Projects/School/BIOL4600-Capstone/busco_downloads/lineages/enterobacterales_odb10/hmms/80874at91347.hmm reports/busco-results/data/00-reads/GCF_000171535.2_ASM17153v2_genomic.fna/prodigal_output/predicted_genes/predicted.faa
2026-02-21 22:06:45 DEBUG:busco.busco_tools.Toolset	cmd call: hmmsearch --domtblout reports/busco-results/data/00-reads/GCF_000171535.2_ASM17153v2_genomic.fna/run_enterobacterales_odb10/hmmer_output/8345at91347.out --cpu 1 /Users/dizzler/Projects/School/BIOL4600-Capstone/busco_downloads/lineages/enterobacterales_odb10/hmms/8345at91347.hmm reports/busco-results/data/00-reads/GCF_000171535.2_ASM17153v2_genomic.fna/prodigal_output/predicted_genes/predicted.faa
2026-02-21 22:06:45 DEBUG:busco.busco_tools.Toolset	cmd call: hmmsearch --domtblout reports/busco-results/data/00-reads/GCF_000171535.2_ASM17153v2_genomic.fna/run_enterobacterales_odb10/hmmer_output/84972at91347.out --cpu 1 /Users/dizzler/Projects/School/BIOL4600-Capstone/busco_downloads/lineages/enterobacterales_odb10/hmms/84972at91347.hmm reports/busco-results/data/00-reads/GCF_000171535.2_ASM17153v2_genomic.fna/prodigal_output/predicted_genes/predicted.faa
2026-02-21 22:06:45 DEBUG:busco.busco_tools.Toolset	cmd call: hmmsearch --domtblout reports/busco-results/data/00-reads/GCF_000171535.2_ASM17153v2_genomic.fna/run_enterobacterales_odb10/hmmer_output/87137at91347.out --cpu 1 /Users/dizzler/Projects/School/BIOL4600-Capstone/busco_downloads/lineages/enterobacterales_odb10/hmms/87137at91347.hmm reports/busco-results/data/00-reads/GCF_000171535.2_ASM17153v2_genomic.fna/prodigal_output/predicted_genes/predicted.faa
2026-02-21 22:06:45 DEBUG:busco.busco_tools.Toolset	cmd call: hmmsearch --domtblout reports/busco-results/data/00-reads/GCF_000171535.2_ASM17153v2_genomic.fna/run_enterobacterales_odb10/hmmer_output/90666at91347.out --cpu 1 /Users/dizzler/Projects/School/BIOL4600-Capstone/busco_downloads/lineages/enterobacterales_odb10/hmms/90666at91347.hmm reports/busco-results/data/00-reads/GCF_000171535.2_ASM17153v2_genomic.fna/prodigal_output/predicted_genes/predicted.faa
2026-02-21 22:06:45 DEBUG:busco.busco_tools.Toolset	cmd call: hmmsearch --domtblout reports/busco-results/data/00-reads/GCF_000171535.2_ASM17153v2_genomic.fna/run_enterobacterales_odb10/hmmer_output/88329at91347.out --cpu 1 /Users/dizzler/Projects/School/BIOL4600-Capstone/busco_downloads/lineages/enterobacterales_odb10/hmms/88329at91347.hmm reports/busco-results/data/00-reads/GCF_000171535.2_ASM17153v2_genomic.fna/prodigal_output/predicted_genes/predicted.faa
2026-02-21 22:06:45 DEBUG:busco.busco_tools.Toolset	cmd call: hmmsearch --domtblout reports/busco-results/data/00-reads/GCF_000171535.2_ASM17153v2_genomic.fna/run_enterobacterales_odb10/hmmer_output/81834at91347.out --cpu 1 /Users/dizzler/Projects/School/BIOL4600-Capstone/busco_downloads/lineages/enterobacterales_odb10/hmms/81834at91347.hmm reports/busco-results/data/00-reads/GCF_000171535.2_ASM17153v2_genomic.fna/prodigal_output/predicted_genes/predicted.faa
2026-02-21 22:06:45 DEBUG:busco.busco_tools.Toolset	cmd call: hmmsearch --domtblout reports/busco-results/data/00-reads/GCF_000171535.2_ASM17153v2_genomic.fna/run_enterobacterales_odb10/hmmer_output/9375at91347.out --cpu 1 /Users/dizzler/Projects/School/BIOL4600-Capstone/busco_downloads/lineages/enterobacterales_odb10/hmms/9375at91347.hmm reports/busco-results/data/00-reads/GCF_000171535.2_ASM17153v2_genomic.fna/prodigal_output/predicted_genes/predicted.faa
2026-02-21 22:06:45 DEBUG:busco.busco_tools.Toolset	cmd call: hmmsearch --domtblout reports/busco-results/data/00-reads/GCF_000171535.2_ASM17153v2_genomic.fna/run_enterobacterales_odb10/hmmer_output/95313at91347.out --cpu 1 /Users/dizzler/Projects/School/BIOL4600-Capstone/busco_downloads/lineages/enterobacterales_odb10/hmms/95313at91347.hmm reports/busco-results/data/00-reads/GCF_000171535.2_ASM17153v2_genomic.fna/prodigal_output/predicted_genes/predicted.faa
2026-02-21 22:06:45 DEBUG:busco.busco_tools.Toolset	cmd call: hmmsearch --domtblout reports/busco-results/data/00-reads/GCF_000171535.2_ASM17153v2_genomic.fna/run_enterobacterales_odb10/hmmer_output/92241at91347.out --cpu 1 /Users/dizzler/Projects/School/BIOL4600-Capstone/busco_downloads/lineages/enterobacterales_odb10/hmms/92241at91347.hmm reports/busco-results/data/00-reads/GCF_000171535.2_ASM17153v2_genomic.fna/prodigal_output/predicted_genes/predicted.faa
2026-02-21 22:06:45 DEBUG:busco.busco_tools.Toolset	cmd call: hmmsearch --domtblout reports/busco-results/data/00-reads/GCF_000171535.2_ASM17153v2_genomic.fna/run_enterobacterales_odb10/hmmer_output/80956at91347.out --cpu 1 /Users/dizzler/Projects/School/BIOL4600-Capstone/busco_downloads/lineages/enterobacterales_odb10/hmms/80956at91347.hmm reports/busco-results/data/00-reads/GCF_000171535.2_ASM17153v2_genomic.fna/prodigal_output/predicted_genes/predicted.faa
2026-02-21 22:06:45 DEBUG:busco.busco_tools.Toolset	cmd call: hmmsearch --domtblout reports/busco-results/data/00-reads/GCF_000171535.2_ASM17153v2_genomic.fna/run_enterobacterales_odb10/hmmer_output/79257at91347.out --cpu 1 /Users/dizzler/Projects/School/BIOL4600-Capstone/busco_downloads/lineages/enterobacterales_odb10/hmms/79257at91347.hmm reports/busco-results/data/00-reads/GCF_000171535.2_ASM17153v2_genomic.fna/prodigal_output/predicted_genes/predicted.faa
2026-02-21 22:06:45 DEBUG:busco.busco_tools.Toolset	cmd call: hmmsearch --domtblout reports/busco-results/data/00-reads/GCF_000171535.2_ASM17153v2_genomic.fna/run_enterobacterales_odb10/hmmer_output/854at91347.out --cpu 1 /Users/dizzler/Projects/School/BIOL4600-Capstone/busco_downloads/lineages/enterobacterales_odb10/hmms/854at91347.hmm reports/busco-results/data/00-reads/GCF_000171535.2_ASM17153v2_genomic.fna/prodigal_output/predicted_genes/predicted.faa
2026-02-21 22:06:45 DEBUG:busco.busco_tools.Toolset	cmd call: hmmsearch --domtblout reports/busco-results/data/00-reads/GCF_000171535.2_ASM17153v2_genomic.fna/run_enterobacterales_odb10/hmmer_output/87428at91347.out --cpu 1 /Users/dizzler/Projects/School/BIOL4600-Capstone/busco_downloads/lineages/enterobacterales_odb10/hmms/87428at91347.hmm reports/busco-results/data/00-reads/GCF_000171535.2_ASM17153v2_genomic.fna/prodigal_output/predicted_genes/predicted.faa
2026-02-21 22:06:45 DEBUG:busco.busco_tools.Toolset	cmd call: hmmsearch --domtblout reports/busco-results/data/00-reads/GCF_000171535.2_ASM17153v2_genomic.fna/run_enterobacterales_odb10/hmmer_output/83959at91347.out --cpu 1 /Users/dizzler/Projects/School/BIOL4600-Capstone/busco_downloads/lineages/enterobacterales_odb10/hmms/83959at91347.hmm reports/busco-results/data/00-reads/GCF_000171535.2_ASM17153v2_genomic.fna/prodigal_output/predicted_genes/predicted.faa
2026-02-21 22:06:45 DEBUG:busco.busco_tools.Toolset	cmd call: hmmsearch --domtblout reports/busco-results/data/00-reads/GCF_000171535.2_ASM17153v2_genomic.fna/run_enterobacterales_odb10/hmmer_output/8198at91347.out --cpu 1 /Users/dizzler/Projects/School/BIOL4600-Capstone/busco_downloads/lineages/enterobacterales_odb10/hmms/8198at91347.hmm reports/busco-results/data/00-reads/GCF_000171535.2_ASM17153v2_genomic.fna/prodigal_output/predicted_genes/predicted.faa
2026-02-21 22:06:45 DEBUG:busco.busco_tools.Toolset	cmd call: hmmsearch --domtblout reports/busco-results/data/00-reads/GCF_000171535.2_ASM17153v2_genomic.fna/run_enterobacterales_odb10/hmmer_output/9070at91347.out --cpu 1 /Users/dizzler/Projects/School/BIOL4600-Capstone/busco_downloads/lineages/enterobacterales_odb10/hmms/9070at91347.hmm reports/busco-results/data/00-reads/GCF_000171535.2_ASM17153v2_genomic.fna/prodigal_output/predicted_genes/predicted.faa
2026-02-21 22:06:45 DEBUG:busco.busco_tools.Toolset	cmd call: hmmsearch --domtblout reports/busco-results/data/00-reads/GCF_000171535.2_ASM17153v2_genomic.fna/run_enterobacterales_odb10/hmmer_output/88478at91347.out --cpu 1 /Users/dizzler/Projects/School/BIOL4600-Capstone/busco_downloads/lineages/enterobacterales_odb10/hmms/88478at91347.hmm reports/busco-results/data/00-reads/GCF_000171535.2_ASM17153v2_genomic.fna/prodigal_output/predicted_genes/predicted.faa
2026-02-21 22:06:45 DEBUG:busco.busco_tools.Toolset	cmd call: hmmsearch --domtblout reports/busco-results/data/00-reads/GCF_000171535.2_ASM17153v2_genomic.fna/run_enterobacterales_odb10/hmmer_output/95359at91347.out --cpu 1 /Users/dizzler/Projects/School/BIOL4600-Capstone/busco_downloads/lineages/enterobacterales_odb10/hmms/95359at91347.hmm reports/busco-results/data/00-reads/GCF_000171535.2_ASM17153v2_genomic.fna/prodigal_output/predicted_genes/predicted.faa
2026-02-21 22:06:45 DEBUG:busco.busco_tools.Toolset	cmd call: hmmsearch --domtblout reports/busco-results/data/00-reads/GCF_000171535.2_ASM17153v2_genomic.fna/run_enterobacterales_odb10/hmmer_output/92685at91347.out --cpu 1 /Users/dizzler/Projects/School/BIOL4600-Capstone/busco_downloads/lineages/enterobacterales_odb10/hmms/92685at91347.hmm reports/busco-results/data/00-reads/GCF_000171535.2_ASM17153v2_genomic.fna/prodigal_output/predicted_genes/predicted.faa
2026-02-21 22:06:45 DEBUG:busco.busco_tools.Toolset	cmd call: hmmsearch --domtblout reports/busco-results/data/00-reads/GCF_000171535.2_ASM17153v2_genomic.fna/run_enterobacterales_odb10/hmmer_output/80958at91347.out --cpu 1 /Users/dizzler/Projects/School/BIOL4600-Capstone/busco_downloads/lineages/enterobacterales_odb10/hmms/80958at91347.hmm reports/busco-results/data/00-reads/GCF_000171535.2_ASM17153v2_genomic.fna/prodigal_output/predicted_genes/predicted.faa
2026-02-21 22:06:45 DEBUG:busco.busco_tools.Toolset	cmd call: hmmsearch --domtblout reports/busco-results/data/00-reads/GCF_000171535.2_ASM17153v2_genomic.fna/run_enterobacterales_odb10/hmmer_output/79300at91347.out --cpu 1 /Users/dizzler/Projects/School/BIOL4600-Capstone/busco_downloads/lineages/enterobacterales_odb10/hmms/79300at91347.hmm reports/busco-results/data/00-reads/GCF_000171535.2_ASM17153v2_genomic.fna/prodigal_output/predicted_genes/predicted.faa
2026-02-21 22:06:45 DEBUG:busco.busco_tools.Toolset	cmd call: hmmsearch --domtblout reports/busco-results/data/00-reads/GCF_000171535.2_ASM17153v2_genomic.fna/run_enterobacterales_odb10/hmmer_output/93833at91347.out --cpu 1 /Users/dizzler/Projects/School/BIOL4600-Capstone/busco_downloads/lineages/enterobacterales_odb10/hmms/93833at91347.hmm reports/busco-results/data/00-reads/GCF_000171535.2_ASM17153v2_genomic.fna/prodigal_output/predicted_genes/predicted.faa
2026-02-21 22:06:45 DEBUG:busco.busco_tools.Toolset	cmd call: hmmsearch --domtblout reports/busco-results/data/00-reads/GCF_000171535.2_ASM17153v2_genomic.fna/run_enterobacterales_odb10/hmmer_output/87550at91347.out --cpu 1 /Users/dizzler/Projects/School/BIOL4600-Capstone/busco_downloads/lineages/enterobacterales_odb10/hmms/87550at91347.hmm reports/busco-results/data/00-reads/GCF_000171535.2_ASM17153v2_genomic.fna/prodigal_output/predicted_genes/predicted.faa
2026-02-21 22:06:45 DEBUG:busco.busco_tools.Toolset	cmd call: hmmsearch --domtblout reports/busco-results/data/00-reads/GCF_000171535.2_ASM17153v2_genomic.fna/run_enterobacterales_odb10/hmmer_output/88640at91347.out --cpu 1 /Users/dizzler/Projects/School/BIOL4600-Capstone/busco_downloads/lineages/enterobacterales_odb10/hmms/88640at91347.hmm reports/busco-results/data/00-reads/GCF_000171535.2_ASM17153v2_genomic.fna/prodigal_output/predicted_genes/predicted.faa
2026-02-21 22:06:45 DEBUG:busco.busco_tools.Toolset	cmd call: hmmsearch --domtblout reports/busco-results/data/00-reads/GCF_000171535.2_ASM17153v2_genomic.fna/run_enterobacterales_odb10/hmmer_output/84085at91347.out --cpu 1 /Users/dizzler/Projects/School/BIOL4600-Capstone/busco_downloads/lineages/enterobacterales_odb10/hmms/84085at91347.hmm reports/busco-results/data/00-reads/GCF_000171535.2_ASM17153v2_genomic.fna/prodigal_output/predicted_genes/predicted.faa
2026-02-21 22:06:45 DEBUG:busco.busco_tools.Toolset	cmd call: hmmsearch --domtblout reports/busco-results/data/00-reads/GCF_000171535.2_ASM17153v2_genomic.fna/run_enterobacterales_odb10/hmmer_output/95497at91347.out --cpu 1 /Users/dizzler/Projects/School/BIOL4600-Capstone/busco_downloads/lineages/enterobacterales_odb10/hmms/95497at91347.hmm reports/busco-results/data/00-reads/GCF_000171535.2_ASM17153v2_genomic.fna/prodigal_output/predicted_genes/predicted.faa
2026-02-21 22:06:45 DEBUG:busco.busco_tools.Toolset	cmd call: hmmsearch --domtblout reports/busco-results/data/00-reads/GCF_000171535.2_ASM17153v2_genomic.fna/run_enterobacterales_odb10/hmmer_output/90759at91347.out --cpu 1 /Users/dizzler/Projects/School/BIOL4600-Capstone/busco_downloads/lineages/enterobacterales_odb10/hmms/90759at91347.hmm reports/busco-results/data/00-reads/GCF_000171535.2_ASM17153v2_genomic.fna/prodigal_output/predicted_genes/predicted.faa
2026-02-21 22:06:45 DEBUG:busco.busco_tools.Toolset	cmd call: hmmsearch --domtblout reports/busco-results/data/00-reads/GCF_000171535.2_ASM17153v2_genomic.fna/run_enterobacterales_odb10/hmmer_output/92695at91347.out --cpu 1 /Users/dizzler/Projects/School/BIOL4600-Capstone/busco_downloads/lineages/enterobacterales_odb10/hmms/92695at91347.hmm reports/busco-results/data/00-reads/GCF_000171535.2_ASM17153v2_genomic.fna/prodigal_output/predicted_genes/predicted.faa
2026-02-21 22:06:45 DEBUG:busco.busco_tools.Toolset	cmd call: hmmsearch --domtblout reports/busco-results/data/00-reads/GCF_000171535.2_ASM17153v2_genomic.fna/run_enterobacterales_odb10/hmmer_output/79384at91347.out --cpu 1 /Users/dizzler/Projects/School/BIOL4600-Capstone/busco_downloads/lineages/enterobacterales_odb10/hmms/79384at91347.hmm reports/busco-results/data/00-reads/GCF_000171535.2_ASM17153v2_genomic.fna/prodigal_output/predicted_genes/predicted.faa
2026-02-21 22:06:45 DEBUG:busco.busco_tools.Toolset	cmd call: hmmsearch --domtblout reports/busco-results/data/00-reads/GCF_000171535.2_ASM17153v2_genomic.fna/run_enterobacterales_odb10/hmmer_output/80962at91347.out --cpu 1 /Users/dizzler/Projects/School/BIOL4600-Capstone/busco_downloads/lineages/enterobacterales_odb10/hmms/80962at91347.hmm reports/busco-results/data/00-reads/GCF_000171535.2_ASM17153v2_genomic.fna/prodigal_output/predicted_genes/predicted.faa
2026-02-21 22:06:45 DEBUG:busco.busco_tools.Toolset	cmd call: hmmsearch --domtblout reports/busco-results/data/00-reads/GCF_000171535.2_ASM17153v2_genomic.fna/run_enterobacterales_odb10/hmmer_output/93912at91347.out --cpu 1 /Users/dizzler/Projects/School/BIOL4600-Capstone/busco_downloads/lineages/enterobacterales_odb10/hmms/93912at91347.hmm reports/busco-results/data/00-reads/GCF_000171535.2_ASM17153v2_genomic.fna/prodigal_output/predicted_genes/predicted.faa
2026-02-21 22:06:45 DEBUG:busco.busco_tools.Toolset	cmd call: hmmsearch --domtblout reports/busco-results/data/00-reads/GCF_000171535.2_ASM17153v2_genomic.fna/run_enterobacterales_odb10/hmmer_output/82202at91347.out --cpu 1 /Users/dizzler/Projects/School/BIOL4600-Capstone/busco_downloads/lineages/enterobacterales_odb10/hmms/82202at91347.hmm reports/busco-results/data/00-reads/GCF_000171535.2_ASM17153v2_genomic.fna/prodigal_output/predicted_genes/predicted.faa
2026-02-21 22:06:45 DEBUG:busco.busco_tools.Toolset	cmd call: hmmsearch --domtblout reports/busco-results/data/00-reads/GCF_000171535.2_ASM17153v2_genomic.fna/run_enterobacterales_odb10/hmmer_output/87655at91347.out --cpu 1 /Users/dizzler/Projects/School/BIOL4600-Capstone/busco_downloads/lineages/enterobacterales_odb10/hmms/87655at91347.hmm reports/busco-results/data/00-reads/GCF_000171535.2_ASM17153v2_genomic.fna/prodigal_output/predicted_genes/predicted.faa
2026-02-21 22:06:45 DEBUG:busco.busco_tools.Toolset	cmd call: hmmsearch --domtblout reports/busco-results/data/00-reads/GCF_000171535.2_ASM17153v2_genomic.fna/run_enterobacterales_odb10/hmmer_output/85582at91347.out --cpu 1 /Users/dizzler/Projects/School/BIOL4600-Capstone/busco_downloads/lineages/enterobacterales_odb10/hmms/85582at91347.hmm reports/busco-results/data/00-reads/GCF_000171535.2_ASM17153v2_genomic.fna/prodigal_output/predicted_genes/predicted.faa
2026-02-21 22:06:45 DEBUG:busco.busco_tools.Toolset	cmd call: hmmsearch --domtblout reports/busco-results/data/00-reads/GCF_000171535.2_ASM17153v2_genomic.fna/run_enterobacterales_odb10/hmmer_output/84147at91347.out --cpu 1 /Users/dizzler/Projects/School/BIOL4600-Capstone/busco_downloads/lineages/enterobacterales_odb10/hmms/84147at91347.hmm reports/busco-results/data/00-reads/GCF_000171535.2_ASM17153v2_genomic.fna/prodigal_output/predicted_genes/predicted.faa
2026-02-21 22:06:45 DEBUG:busco.busco_tools.Toolset	cmd call: hmmsearch --domtblout reports/busco-results/data/00-reads/GCF_000171535.2_ASM17153v2_genomic.fna/run_enterobacterales_odb10/hmmer_output/88866at91347.out --cpu 1 /Users/dizzler/Projects/School/BIOL4600-Capstone/busco_downloads/lineages/enterobacterales_odb10/hmms/88866at91347.hmm reports/busco-results/data/00-reads/GCF_000171535.2_ASM17153v2_genomic.fna/prodigal_output/predicted_genes/predicted.faa
2026-02-21 22:06:45 DEBUG:busco.busco_tools.Toolset	cmd call: hmmsearch --domtblout reports/busco-results/data/00-reads/GCF_000171535.2_ASM17153v2_genomic.fna/run_enterobacterales_odb10/hmmer_output/95703at91347.out --cpu 1 /Users/dizzler/Projects/School/BIOL4600-Capstone/busco_downloads/lineages/enterobacterales_odb10/hmms/95703at91347.hmm reports/busco-results/data/00-reads/GCF_000171535.2_ASM17153v2_genomic.fna/prodigal_output/predicted_genes/predicted.faa
2026-02-21 22:06:45 DEBUG:busco.busco_tools.Toolset	cmd call: hmmsearch --domtblout reports/busco-results/data/00-reads/GCF_000171535.2_ASM17153v2_genomic.fna/run_enterobacterales_odb10/hmmer_output/9079at91347.out --cpu 1 /Users/dizzler/Projects/School/BIOL4600-Capstone/busco_downloads/lineages/enterobacterales_odb10/hmms/9079at91347.hmm reports/busco-results/data/00-reads/GCF_000171535.2_ASM17153v2_genomic.fna/prodigal_output/predicted_genes/predicted.faa
2026-02-21 22:06:45 DEBUG:busco.busco_tools.Toolset	cmd call: hmmsearch --domtblout reports/busco-results/data/00-reads/GCF_000171535.2_ASM17153v2_genomic.fna/run_enterobacterales_odb10/hmmer_output/92896at91347.out --cpu 1 /Users/dizzler/Projects/School/BIOL4600-Capstone/busco_downloads/lineages/enterobacterales_odb10/hmms/92896at91347.hmm reports/busco-results/data/00-reads/GCF_000171535.2_ASM17153v2_genomic.fna/prodigal_output/predicted_genes/predicted.faa
2026-02-21 22:06:45 INFO:busco.busco_tools.Toolset	[hmmsearch]	396 of 440 task(s) completed
2026-02-21 22:06:45 DEBUG:busco.busco_tools.Toolset	cmd call: hmmsearch --domtblout reports/busco-results/data/00-reads/GCF_000171535.2_ASM17153v2_genomic.fna/run_enterobacterales_odb10/hmmer_output/94338at91347.out --cpu 1 /Users/dizzler/Projects/School/BIOL4600-Capstone/busco_downloads/lineages/enterobacterales_odb10/hmms/94338at91347.hmm reports/busco-results/data/00-reads/GCF_000171535.2_ASM17153v2_genomic.fna/prodigal_output/predicted_genes/predicted.faa
2026-02-21 22:06:45 DEBUG:busco.busco_tools.Toolset	cmd call: hmmsearch --domtblout reports/busco-results/data/00-reads/GCF_000171535.2_ASM17153v2_genomic.fna/run_enterobacterales_odb10/hmmer_output/82289at91347.out --cpu 1 /Users/dizzler/Projects/School/BIOL4600-Capstone/busco_downloads/lineages/enterobacterales_odb10/hmms/82289at91347.hmm reports/busco-results/data/00-reads/GCF_000171535.2_ASM17153v2_genomic.fna/prodigal_output/predicted_genes/predicted.faa
2026-02-21 22:06:45 DEBUG:busco.busco_tools.Toolset	cmd call: hmmsearch --domtblout reports/busco-results/data/00-reads/GCF_000171535.2_ASM17153v2_genomic.fna/run_enterobacterales_odb10/hmmer_output/85777at91347.out --cpu 1 /Users/dizzler/Projects/School/BIOL4600-Capstone/busco_downloads/lineages/enterobacterales_odb10/hmms/85777at91347.hmm reports/busco-results/data/00-reads/GCF_000171535.2_ASM17153v2_genomic.fna/prodigal_output/predicted_genes/predicted.faa
2026-02-21 22:06:45 DEBUG:busco.busco_tools.Toolset	cmd call: hmmsearch --domtblout reports/busco-results/data/00-reads/GCF_000171535.2_ASM17153v2_genomic.fna/run_enterobacterales_odb10/hmmer_output/87813at91347.out --cpu 1 /Users/dizzler/Projects/School/BIOL4600-Capstone/busco_downloads/lineages/enterobacterales_odb10/hmms/87813at91347.hmm reports/busco-results/data/00-reads/GCF_000171535.2_ASM17153v2_genomic.fna/prodigal_output/predicted_genes/predicted.faa
2026-02-21 22:06:45 DEBUG:busco.busco_tools.Toolset	cmd call: hmmsearch --domtblout reports/busco-results/data/00-reads/GCF_000171535.2_ASM17153v2_genomic.fna/run_enterobacterales_odb10/hmmer_output/95873at91347.out --cpu 1 /Users/dizzler/Projects/School/BIOL4600-Capstone/busco_downloads/lineages/enterobacterales_odb10/hmms/95873at91347.hmm reports/busco-results/data/00-reads/GCF_000171535.2_ASM17153v2_genomic.fna/prodigal_output/predicted_genes/predicted.faa
2026-02-21 22:06:45 DEBUG:busco.busco_tools.Toolset	cmd call: hmmsearch --domtblout reports/busco-results/data/00-reads/GCF_000171535.2_ASM17153v2_genomic.fna/run_enterobacterales_odb10/hmmer_output/84552at91347.out --cpu 1 /Users/dizzler/Projects/School/BIOL4600-Capstone/busco_downloads/lineages/enterobacterales_odb10/hmms/84552at91347.hmm reports/busco-results/data/00-reads/GCF_000171535.2_ASM17153v2_genomic.fna/prodigal_output/predicted_genes/predicted.faa
2026-02-21 22:06:45 DEBUG:busco.busco_tools.Toolset	cmd call: hmmsearch --domtblout reports/busco-results/data/00-reads/GCF_000171535.2_ASM17153v2_genomic.fna/run_enterobacterales_odb10/hmmer_output/89583at91347.out --cpu 1 /Users/dizzler/Projects/School/BIOL4600-Capstone/busco_downloads/lineages/enterobacterales_odb10/hmms/89583at91347.hmm reports/busco-results/data/00-reads/GCF_000171535.2_ASM17153v2_genomic.fna/prodigal_output/predicted_genes/predicted.faa
2026-02-21 22:06:45 DEBUG:busco.busco_tools.Toolset	cmd call: hmmsearch --domtblout reports/busco-results/data/00-reads/GCF_000171535.2_ASM17153v2_genomic.fna/run_enterobacterales_odb10/hmmer_output/92978at91347.out --cpu 1 /Users/dizzler/Projects/School/BIOL4600-Capstone/busco_downloads/lineages/enterobacterales_odb10/hmms/92978at91347.hmm reports/busco-results/data/00-reads/GCF_000171535.2_ASM17153v2_genomic.fna/prodigal_output/predicted_genes/predicted.faa
2026-02-21 22:06:45 DEBUG:busco.busco_tools.Toolset	cmd call: hmmsearch --domtblout reports/busco-results/data/00-reads/GCF_000171535.2_ASM17153v2_genomic.fna/run_enterobacterales_odb10/hmmer_output/94367at91347.out --cpu 1 /Users/dizzler/Projects/School/BIOL4600-Capstone/busco_downloads/lineages/enterobacterales_odb10/hmms/94367at91347.hmm reports/busco-results/data/00-reads/GCF_000171535.2_ASM17153v2_genomic.fna/prodigal_output/predicted_genes/predicted.faa
2026-02-21 22:06:46 DEBUG:busco.busco_tools.Toolset	cmd call: hmmsearch --domtblout reports/busco-results/data/00-reads/GCF_000171535.2_ASM17153v2_genomic.fna/run_enterobacterales_odb10/hmmer_output/91012at91347.out --cpu 1 /Users/dizzler/Projects/School/BIOL4600-Capstone/busco_downloads/lineages/enterobacterales_odb10/hmms/91012at91347.hmm reports/busco-results/data/00-reads/GCF_000171535.2_ASM17153v2_genomic.fna/prodigal_output/predicted_genes/predicted.faa
2026-02-21 22:06:46 DEBUG:busco.busco_tools.Toolset	cmd call: hmmsearch --domtblout reports/busco-results/data/00-reads/GCF_000171535.2_ASM17153v2_genomic.fna/run_enterobacterales_odb10/hmmer_output/87971at91347.out --cpu 1 /Users/dizzler/Projects/School/BIOL4600-Capstone/busco_downloads/lineages/enterobacterales_odb10/hmms/87971at91347.hmm reports/busco-results/data/00-reads/GCF_000171535.2_ASM17153v2_genomic.fna/prodigal_output/predicted_genes/predicted.faa
2026-02-21 22:06:46 DEBUG:busco.busco_tools.Toolset	cmd call: hmmsearch --domtblout reports/busco-results/data/00-reads/GCF_000171535.2_ASM17153v2_genomic.fna/run_enterobacterales_odb10/hmmer_output/85931at91347.out --cpu 1 /Users/dizzler/Projects/School/BIOL4600-Capstone/busco_downloads/lineages/enterobacterales_odb10/hmms/85931at91347.hmm reports/busco-results/data/00-reads/GCF_000171535.2_ASM17153v2_genomic.fna/prodigal_output/predicted_genes/predicted.faa
2026-02-21 22:06:46 DEBUG:busco.busco_tools.Toolset	cmd call: hmmsearch --domtblout reports/busco-results/data/00-reads/GCF_000171535.2_ASM17153v2_genomic.fna/run_enterobacterales_odb10/hmmer_output/96165at91347.out --cpu 1 /Users/dizzler/Projects/School/BIOL4600-Capstone/busco_downloads/lineages/enterobacterales_odb10/hmms/96165at91347.hmm reports/busco-results/data/00-reads/GCF_000171535.2_ASM17153v2_genomic.fna/prodigal_output/predicted_genes/predicted.faa
2026-02-21 22:06:46 DEBUG:busco.busco_tools.Toolset	cmd call: hmmsearch --domtblout reports/busco-results/data/00-reads/GCF_000171535.2_ASM17153v2_genomic.fna/run_enterobacterales_odb10/hmmer_output/89704at91347.out --cpu 1 /Users/dizzler/Projects/School/BIOL4600-Capstone/busco_downloads/lineages/enterobacterales_odb10/hmms/89704at91347.hmm reports/busco-results/data/00-reads/GCF_000171535.2_ASM17153v2_genomic.fna/prodigal_output/predicted_genes/predicted.faa
2026-02-21 22:06:46 DEBUG:busco.busco_tools.Toolset	cmd call: hmmsearch --domtblout reports/busco-results/data/00-reads/GCF_000171535.2_ASM17153v2_genomic.fna/run_enterobacterales_odb10/hmmer_output/84827at91347.out --cpu 1 /Users/dizzler/Projects/School/BIOL4600-Capstone/busco_downloads/lineages/enterobacterales_odb10/hmms/84827at91347.hmm reports/busco-results/data/00-reads/GCF_000171535.2_ASM17153v2_genomic.fna/prodigal_output/predicted_genes/predicted.faa
2026-02-21 22:06:46 DEBUG:busco.busco_tools.Toolset	cmd call: hmmsearch --domtblout reports/busco-results/data/00-reads/GCF_000171535.2_ASM17153v2_genomic.fna/run_enterobacterales_odb10/hmmer_output/94802at91347.out --cpu 1 /Users/dizzler/Projects/School/BIOL4600-Capstone/busco_downloads/lineages/enterobacterales_odb10/hmms/94802at91347.hmm reports/busco-results/data/00-reads/GCF_000171535.2_ASM17153v2_genomic.fna/prodigal_output/predicted_genes/predicted.faa
2026-02-21 22:06:46 DEBUG:busco.busco_tools.Toolset	cmd call: hmmsearch --domtblout reports/busco-results/data/00-reads/GCF_000171535.2_ASM17153v2_genomic.fna/run_enterobacterales_odb10/hmmer_output/93271at91347.out --cpu 1 /Users/dizzler/Projects/School/BIOL4600-Capstone/busco_downloads/lineages/enterobacterales_odb10/hmms/93271at91347.hmm reports/busco-results/data/00-reads/GCF_000171535.2_ASM17153v2_genomic.fna/prodigal_output/predicted_genes/predicted.faa
2026-02-21 22:06:46 DEBUG:busco.busco_tools.Toolset	cmd call: hmmsearch --domtblout reports/busco-results/data/00-reads/GCF_000171535.2_ASM17153v2_genomic.fna/run_enterobacterales_odb10/hmmer_output/91468at91347.out --cpu 1 /Users/dizzler/Projects/School/BIOL4600-Capstone/busco_downloads/lineages/enterobacterales_odb10/hmms/91468at91347.hmm reports/busco-results/data/00-reads/GCF_000171535.2_ASM17153v2_genomic.fna/prodigal_output/predicted_genes/predicted.faa
2026-02-21 22:06:46 DEBUG:busco.busco_tools.Toolset	cmd call: hmmsearch --domtblout reports/busco-results/data/00-reads/GCF_000171535.2_ASM17153v2_genomic.fna/run_enterobacterales_odb10/hmmer_output/87977at91347.out --cpu 1 /Users/dizzler/Projects/School/BIOL4600-Capstone/busco_downloads/lineages/enterobacterales_odb10/hmms/87977at91347.hmm reports/busco-results/data/00-reads/GCF_000171535.2_ASM17153v2_genomic.fna/prodigal_output/predicted_genes/predicted.faa
2026-02-21 22:06:46 DEBUG:busco.busco_tools.Toolset	cmd call: hmmsearch --domtblout reports/busco-results/data/00-reads/GCF_000171535.2_ASM17153v2_genomic.fna/run_enterobacterales_odb10/hmmer_output/96177at91347.out --cpu 1 /Users/dizzler/Projects/School/BIOL4600-Capstone/busco_downloads/lineages/enterobacterales_odb10/hmms/96177at91347.hmm reports/busco-results/data/00-reads/GCF_000171535.2_ASM17153v2_genomic.fna/prodigal_output/predicted_genes/predicted.faa
2026-02-21 22:06:46 DEBUG:busco.busco_tools.Toolset	cmd call: hmmsearch --domtblout reports/busco-results/data/00-reads/GCF_000171535.2_ASM17153v2_genomic.fna/run_enterobacterales_odb10/hmmer_output/8636at91347.out --cpu 1 /Users/dizzler/Projects/School/BIOL4600-Capstone/busco_downloads/lineages/enterobacterales_odb10/hmms/8636at91347.hmm reports/busco-results/data/00-reads/GCF_000171535.2_ASM17153v2_genomic.fna/prodigal_output/predicted_genes/predicted.faa
2026-02-21 22:06:46 DEBUG:busco.busco_tools.Toolset	cmd call: hmmsearch --domtblout reports/busco-results/data/00-reads/GCF_000171535.2_ASM17153v2_genomic.fna/run_enterobacterales_odb10/hmmer_output/90110at91347.out --cpu 1 /Users/dizzler/Projects/School/BIOL4600-Capstone/busco_downloads/lineages/enterobacterales_odb10/hmms/90110at91347.hmm reports/busco-results/data/00-reads/GCF_000171535.2_ASM17153v2_genomic.fna/prodigal_output/predicted_genes/predicted.faa
2026-02-21 22:06:46 DEBUG:busco.busco_tools.Toolset	cmd call: hmmsearch --domtblout reports/busco-results/data/00-reads/GCF_000171535.2_ASM17153v2_genomic.fna/run_enterobacterales_odb10/hmmer_output/94841at91347.out --cpu 1 /Users/dizzler/Projects/School/BIOL4600-Capstone/busco_downloads/lineages/enterobacterales_odb10/hmms/94841at91347.hmm reports/busco-results/data/00-reads/GCF_000171535.2_ASM17153v2_genomic.fna/prodigal_output/predicted_genes/predicted.faa
2026-02-21 22:06:46 DEBUG:busco.busco_tools.Toolset	cmd call: hmmsearch --domtblout reports/busco-results/data/00-reads/GCF_000171535.2_ASM17153v2_genomic.fna/run_enterobacterales_odb10/hmmer_output/93345at91347.out --cpu 1 /Users/dizzler/Projects/School/BIOL4600-Capstone/busco_downloads/lineages/enterobacterales_odb10/hmms/93345at91347.hmm reports/busco-results/data/00-reads/GCF_000171535.2_ASM17153v2_genomic.fna/prodigal_output/predicted_genes/predicted.faa
2026-02-21 22:06:46 DEBUG:busco.busco_tools.Toolset	cmd call: hmmsearch --domtblout reports/busco-results/data/00-reads/GCF_000171535.2_ASM17153v2_genomic.fna/run_enterobacterales_odb10/hmmer_output/91936at91347.out --cpu 1 /Users/dizzler/Projects/School/BIOL4600-Capstone/busco_downloads/lineages/enterobacterales_odb10/hmms/91936at91347.hmm reports/busco-results/data/00-reads/GCF_000171535.2_ASM17153v2_genomic.fna/prodigal_output/predicted_genes/predicted.faa
2026-02-21 22:06:46 DEBUG:busco.busco_tools.Toolset	cmd call: hmmsearch --domtblout reports/busco-results/data/00-reads/GCF_000171535.2_ASM17153v2_genomic.fna/run_enterobacterales_odb10/hmmer_output/96727at91347.out --cpu 1 /Users/dizzler/Projects/School/BIOL4600-Capstone/busco_downloads/lineages/enterobacterales_odb10/hmms/96727at91347.hmm reports/busco-results/data/00-reads/GCF_000171535.2_ASM17153v2_genomic.fna/prodigal_output/predicted_genes/predicted.faa
2026-02-21 22:06:46 DEBUG:busco.busco_tools.Toolset	cmd call: hmmsearch --domtblout reports/busco-results/data/00-reads/GCF_000171535.2_ASM17153v2_genomic.fna/run_enterobacterales_odb10/hmmer_output/90168at91347.out --cpu 1 /Users/dizzler/Projects/School/BIOL4600-Capstone/busco_downloads/lineages/enterobacterales_odb10/hmms/90168at91347.hmm reports/busco-results/data/00-reads/GCF_000171535.2_ASM17153v2_genomic.fna/prodigal_output/predicted_genes/predicted.faa
2026-02-21 22:06:46 DEBUG:busco.busco_tools.Toolset	cmd call: hmmsearch --domtblout reports/busco-results/data/00-reads/GCF_000171535.2_ASM17153v2_genomic.fna/run_enterobacterales_odb10/hmmer_output/9490at91347.out --cpu 1 /Users/dizzler/Projects/School/BIOL4600-Capstone/busco_downloads/lineages/enterobacterales_odb10/hmms/9490at91347.hmm reports/busco-results/data/00-reads/GCF_000171535.2_ASM17153v2_genomic.fna/prodigal_output/predicted_genes/predicted.faa
2026-02-21 22:06:46 DEBUG:busco.busco_tools.Toolset	cmd call: hmmsearch --domtblout reports/busco-results/data/00-reads/GCF_000171535.2_ASM17153v2_genomic.fna/run_enterobacterales_odb10/hmmer_output/86613at91347.out --cpu 1 /Users/dizzler/Projects/School/BIOL4600-Capstone/busco_downloads/lineages/enterobacterales_odb10/hmms/86613at91347.hmm reports/busco-results/data/00-reads/GCF_000171535.2_ASM17153v2_genomic.fna/prodigal_output/predicted_genes/predicted.faa
2026-02-21 22:06:46 DEBUG:busco.busco_tools.Toolset	cmd call: hmmsearch --domtblout reports/busco-results/data/00-reads/GCF_000171535.2_ASM17153v2_genomic.fna/run_enterobacterales_odb10/hmmer_output/93508at91347.out --cpu 1 /Users/dizzler/Projects/School/BIOL4600-Capstone/busco_downloads/lineages/enterobacterales_odb10/hmms/93508at91347.hmm reports/busco-results/data/00-reads/GCF_000171535.2_ASM17153v2_genomic.fna/prodigal_output/predicted_genes/predicted.faa
2026-02-21 22:06:46 DEBUG:busco.busco_tools.Toolset	cmd call: hmmsearch --domtblout reports/busco-results/data/00-reads/GCF_000171535.2_ASM17153v2_genomic.fna/run_enterobacterales_odb10/hmmer_output/91994at91347.out --cpu 1 /Users/dizzler/Projects/School/BIOL4600-Capstone/busco_downloads/lineages/enterobacterales_odb10/hmms/91994at91347.hmm reports/busco-results/data/00-reads/GCF_000171535.2_ASM17153v2_genomic.fna/prodigal_output/predicted_genes/predicted.faa
2026-02-21 22:06:46 DEBUG:busco.busco_tools.Toolset	cmd call: hmmsearch --domtblout reports/busco-results/data/00-reads/GCF_000171535.2_ASM17153v2_genomic.fna/run_enterobacterales_odb10/hmmer_output/96867at91347.out --cpu 1 /Users/dizzler/Projects/School/BIOL4600-Capstone/busco_downloads/lineages/enterobacterales_odb10/hmms/96867at91347.hmm reports/busco-results/data/00-reads/GCF_000171535.2_ASM17153v2_genomic.fna/prodigal_output/predicted_genes/predicted.faa
2026-02-21 22:06:46 DEBUG:busco.busco_tools.Toolset	cmd call: hmmsearch --domtblout reports/busco-results/data/00-reads/GCF_000171535.2_ASM17153v2_genomic.fna/run_enterobacterales_odb10/hmmer_output/9913at91347.out --cpu 1 /Users/dizzler/Projects/School/BIOL4600-Capstone/busco_downloads/lineages/enterobacterales_odb10/hmms/9913at91347.hmm reports/busco-results/data/00-reads/GCF_000171535.2_ASM17153v2_genomic.fna/prodigal_output/predicted_genes/predicted.faa
2026-02-21 22:06:46 DEBUG:busco.busco_tools.Toolset	cmd call: hmmsearch --domtblout reports/busco-results/data/00-reads/GCF_000171535.2_ASM17153v2_genomic.fna/run_enterobacterales_odb10/hmmer_output/95161at91347.out --cpu 1 /Users/dizzler/Projects/School/BIOL4600-Capstone/busco_downloads/lineages/enterobacterales_odb10/hmms/95161at91347.hmm reports/busco-results/data/00-reads/GCF_000171535.2_ASM17153v2_genomic.fna/prodigal_output/predicted_genes/predicted.faa
2026-02-21 22:06:46 INFO:busco.busco_tools.Toolset	[hmmsearch]	440 of 440 task(s) completed
2026-02-21 22:06:46 INFO:busco.busco_tools.hmmer	Results:	C:99.5%[S:99.3%,D:0.2%],F:0.0%,M:0.5%,n:440	   

2026-02-21 22:06:46 INFO:busco.BuscoRunner	

    ---------------------------------------------------
    |Results from dataset enterobacterales_odb10       |
    ---------------------------------------------------
    |C:99.5%[S:99.3%,D:0.2%],F:0.0%,M:0.5%,n:440       |
    |438    Complete BUSCOs (C)                        |
    |437    Complete and single-copy BUSCOs (S)        |
    |1    Complete and duplicated BUSCOs (D)           |
    |0    Fragmented BUSCOs (F)                        |
    |2    Missing BUSCOs (M)                           |
    |440    Total BUSCO groups searched                |
    ---------------------------------------------------
2026-02-21 22:06:46 INFO:busco.BuscoRunner	BUSCO analysis done. Total running time: 10 seconds
2026-02-21 22:06:46 INFO:busco.BuscoRunner	Results written in reports/busco-results/data/00-reads/GCF_000171535.2_ASM17153v2_genomic.fna
2026-02-21 22:06:46 INFO:busco.BuscoRunner	For assistance with interpreting the results, please consult the userguide: https://busco.ezlab.org/busco_userguide.html

2026-02-21 22:06:46 INFO:busco.BuscoRunner	Visit this page https://gitlab.com/ezlab/busco#how-to-cite-busco to see how to cite BUSCO
2026-02-21 22:06:46 INFO:busco.run_BUSCO	Thank you for using BUSCO! Anonymous usage data is gathered to improve the tool. You may opt out with --opt-out-run-stats.
2026-02-21 22:06:46 DEBUG:urllib3.connectionpool	Starting new HTTPS connection (1): busco-data.ezlab.org:443
2026-02-21 22:06:46 DEBUG:urllib3.connectionpool	Starting new HTTPS connection (1): busco-data.ezlab.org:443
2026-02-21 22:06:46 DEBUG:urllib3.connectionpool	https://busco-data.ezlab.org:443 "POST /uploaddb HTTP/1.1" 200 63
2026-02-21 22:06:46 DEBUG:urllib3.connectionpool	https://busco-data.ezlab.org:443 "POST /uploaddb HTTP/1.1" 200 63
2026-02-21 22:06:46 DEBUG:busco.run_BUSCO	Data uploaded successfully.
