persistent_family	duplication_ratio	mean_presence	is_single_copy_marker
GEGEGB_03987	0.0	1.077	True
GEGEGB_03990	0.0	1.0	True
GEGEGB_03991	0.0	1.0	True
GEGEGB_03992	0.0	1.0	True
GEGEGB_03994	0.0	1.0	True
GEGEGB_03995	0.0	1.0	True
GEGEGB_03996	0.0	1.0	True
GEGEGB_04001	0.0	1.0	True
GEGEGB_04002	0.0	1.0	True
GEGEGB_04003	0.0	1.0	True
GEGEGB_04006	0.0	1.0	True
GEGEGB_04008	0.0	1.0	True
GEGEGB_04009	0.0	1.0	True
GEGEGB_04010	0.0	1.0	True
GEGEGB_04011	0.0	1.0	True
GEGEGB_04012	0.0	1.0	True
GEGEGB_04023	0.0	1.0	True
GEGEGB_04025	0.0	1.0	True
GEGEGB_04026	0.0	1.0	True
GEGEGB_04027	0.0	1.0	True
GEGEGB_04028	0.0	1.0	True
GEGEGB_04031	0.0	1.0	True
GEGEGB_04032	0.0	1.0	True
GEGEGB_04033	0.0	1.0	True
GEGEGB_04035	0.0	1.0	True
GEGEGB_04036	0.0	1.0	True
GEGEGB_04037	0.0	1.0	True
GEGEGB_04038	0.0	1.0	True
GEGEGB_04039	0.0	1.0	True
GEGEGB_04043	0.0	1.0	True
GEGEGB_04044	0.0	1.0	True
GEGEGB_04045	0.0	1.0	True
LNHIMF_00730	0.0	1.0	True
LNHIMF_00731	0.0	1.0	True
LNHIMF_00737	0.0	1.0	True
LNHIMF_00739	0.0	1.0	True
LNHIMF_00743	0.0	1.0	True
LNHIMF_00745	0.0	1.077	True
LNHIMF_00746	0.0	1.0	True
LNHIMF_00748	0.0	1.0	True
LNHIMF_00749	0.0	1.0	True
LNHIMF_00750	0.0	1.0	True
LNHIMF_00753	0.0	1.0	True
LNHIMF_00755	0.0	1.077	True
LNHIMF_00756	0.0	1.0	True
LNHIMF_00759	0.0	1.0	True
LNHIMF_00761	0.0	1.077	True
LNHIMF_00762	0.0	1.0	True
LNHIMF_00765	0.0	1.0	True
LNHIMF_00766	0.0	1.0	True
LNHIMF_00768	0.0	1.0	True
LNHIMF_00773	0.0	1.0	True
LNHIMF_00782	0.0	1.077	True
LNHIMF_00785	0.0	1.077	True
LNHIMF_00789	0.0	1.0	True
LNHIMF_00790	0.0	1.0	True
LNHIMF_00793	0.0	1.0	True
LNHIMF_00796	0.0	1.0	True
LNHIMF_00797	0.0	1.154	True
LNHIMF_00804	0.0	1.0	True
LNHIMF_00805	0.0	1.0	True
LNHIMF_00823	0.0	1.0	True
LNHIMF_00825	0.0	1.0	True
LNHIMF_00832	0.0	1.0	True
LNHIMF_00835	0.0	1.0	True
LNHIMF_00837	0.0	1.0	True
LNHIMF_00716	0.0	1.0	True
LNHIMF_00719	0.0	1.077	True
LNHIMF_00720	0.0	1.0	True
LNHIMF_00724	0.0	1.0	True
LNHIMF_00726	0.0	1.0	True
LNHIMF_00728	0.0	1.0	True
BEJGEH_00936	0.0	1.0	True
BEJGEH_00959	0.0	1.0	True
BEJGEH_00979	0.0	1.0	True
BEJGEH_00985	0.0	1.0	True
BEJGEH_00991	0.0	1.0	True
BEJGEH_00810	0.0	1.0	True
BEJGEH_00823	0.0	1.077	True
BEJGEH_00869	0.0	1.0	True
BEJGEH_00878	0.0	1.0	True
BEJGEH_00020	0.0	1.0	True
BEJGEH_00022	0.0	1.0	True
HFCAGB_01727	0.0	1.0	True
ALJMDI_00783	0.0	1.0	True
ALJMDI_00957	0.0	1.0	True
ALJMDI_01283	0.0	1.0	True
ALJMDI_01593	0.0	1.0	True
ALJMDI_01641	0.0	1.615	True
ALJMDI_01699	0.0	1.0	True
ALJMDI_02045	0.0	1.0	True
ALJMDI_02659	0.0	1.0	True
ALJMDI_03455	0.0	1.0	True
ALJMDI_03500	0.0	1.0	True
PAPNPA_00575	0.0	1.0	True
PAPNPA_00762	0.077	1.462	False
PAPNPA_01001	0.0	1.154	True
PAPNPA_01180	0.0	1.0	True
IKCLMC_02888	0.0	1.0	True
GEGEGB_04676	0.0	1.0	True
GEGEGB_04677	0.0	1.0	True
GEGEGB_04685	0.0	1.0	True
GEGEGB_04686	0.0	1.0	True
GEGEGB_04687	0.0	1.0	True
GEGEGB_04688	0.0	1.0	True
GEGEGB_04691	0.0	1.0	True
GEGEGB_04698	0.0	1.0	True
GEGEGB_04700	0.0	1.0	True
GEGEGB_04701	0.0	1.0	True
GEGEGB_04702	0.0	1.0	True
GEGEGB_04706	0.0	1.0	True
GEGEGB_04708	0.0	1.0	True
GEGEGB_04709	0.0	1.0	True
GEGEGB_04711	0.0	1.0	True
GEGEGB_04714	0.0	1.0	True
GEGEGB_04717	0.0	1.0	True
GEGEGB_04718	0.0	1.0	True
GEGEGB_04719	0.0	1.0	True
GEGEGB_04720	0.0	1.0	True
GEGEGB_04721	0.0	1.0	True
GEGEGB_04722	0.0	1.0	True
GEGEGB_04723	0.0	1.0	True
GEGEGB_04724	0.0	1.0	True
GEGEGB_04725	0.0	1.0	True
GEGEGB_04726	0.0	1.0	True
GEGEGB_04729	0.0	1.0	True
GEGEGB_04730	0.0	1.0	True
GEGEGB_04731	0.0	1.0	True
GEGEGB_04737	0.0	1.0	True
GEGEGB_04738	0.0	1.0	True
GEGEGB_04740	0.0	1.0	True
GEGEGB_04741	0.0	1.0	True
GEGEGB_04742	0.0	1.0	True
GEGEGB_04743	0.0	1.0	True
GEGEGB_04745	0.0	1.0	True
GEGEGB_04746	0.0	1.0	True
GEGEGB_04748	0.0	1.0	True
GEGEGB_04749	0.0	1.0	True
GEGEGB_04751	0.0	1.0	True
GEGEGB_04752	0.0	1.0	True
GEGEGB_04754	0.0	1.0	True
GEGEGB_04757	0.0	1.0	True
GEGEGB_04761	0.0	1.0	True
GEGEGB_04763	0.0	1.0	True
GEGEGB_04361	0.0	1.0	True
GEGEGB_04362	0.0	1.0	True
GEGEGB_04364	0.0	1.0	True
GEGEGB_04365	0.0	1.0	True
GEGEGB_04366	0.0	1.0	True
GEGEGB_04368	0.0	1.0	True
GEGEGB_04369	0.0	1.0	True
GEGEGB_04370	0.0	1.0	True
GEGEGB_04371	0.0	1.0	True
GEGEGB_04372	0.0	1.0	True
GEGEGB_04374	0.0	1.0	True
GEGEGB_04376	0.0	1.0	True
GEGEGB_04378	0.0	1.0	True
GEGEGB_04379	0.0	1.0	True
GEGEGB_04381	0.0	1.0	True
GEGEGB_04382	0.0	1.0	True
GEGEGB_04383	0.0	1.0	True
GEGEGB_04385	0.0	1.0	True
GEGEGB_04386	0.0	1.0	True
GEGEGB_04388	0.0	1.0	True
GEGEGB_04389	0.0	1.0	True
GEGEGB_04391	0.0	1.0	True
GEGEGB_04392	0.0	1.0	True
GEGEGB_04396	0.0	1.0	True
GEGEGB_04397	0.0	1.0	True
GEGEGB_04398	0.0	1.0	True
GEGEGB_04405	0.0	1.0	True
GEGEGB_04407	0.0	1.0	True
GEGEGB_04408	0.0	1.0	True
GEGEGB_04411	0.0	1.0	True
GEGEGB_04413	0.0	1.0	True
GEGEGB_04414	0.0	1.0	True
GEGEGB_04417	0.0	1.0	True
GEGEGB_04420	0.0	1.0	True
GEGEGB_04422	0.0	1.0	True
GEGEGB_04424	0.0	1.0	True
GEGEGB_04428	0.0	1.0	True
GEGEGB_04429	0.0	1.0	True
GEGEGB_04430	0.0	1.0	True
GEGEGB_04431	0.0	1.0	True
GEGEGB_04434	0.0	1.0	True
GEGEGB_04435	0.0	1.0	True
GEGEGB_04437	0.0	1.0	True
GEGEGB_04438	0.0	1.0	True
GEGEGB_04440	0.0	1.0	True
GEGEGB_04441	0.0	1.0	True
GEGEGB_04446	0.0	1.0	True
GEGEGB_04456	0.0	1.0	True
GEGEGB_04459	0.0	1.0	True
GEGEGB_04460	0.0	1.0	True
GEGEGB_03498	0.0	1.0	True
GEGEGB_03499	0.0	1.0	True
GEGEGB_03500	0.0	1.0	True
GEGEGB_03502	0.0	1.0	True
GEGEGB_03504	0.0	1.0	True
GEGEGB_03505	0.0	1.0	True
GEGEGB_03506	0.0	1.0	True
GEGEGB_03507	0.0	1.0	True
GEGEGB_03508	0.0	1.0	True
GEGEGB_03510	0.0	1.0	True
GEGEGB_03511	0.0	1.0	True
GEGEGB_03512	0.0	1.0	True
GEGEGB_03513	0.0	1.0	True
GEGEGB_03514	0.0	1.0	True
GEGEGB_03517	0.0	1.0	True
GEGEGB_03518	0.0	1.0	True
GEGEGB_03521	0.0	1.0	True
GEGEGB_03522	0.0	1.0	True
GEGEGB_03523	0.0	1.0	True
GEGEGB_03524	0.0	1.0	True
GEGEGB_03525	0.0	1.0	True
GEGEGB_03529	0.0	1.0	True
GEGEGB_03531	0.0	1.0	True
GEGEGB_03532	0.0	1.0	True
GEGEGB_03533	0.0	1.0	True
GEGEGB_03534	0.0	1.0	True
GEGEGB_03535	0.0	1.0	True
GEGEGB_03538	0.0	1.0	True
GEGEGB_03542	0.0	1.0	True
GEGEGB_03543	0.0	1.0	True
GEGEGB_03545	0.0	1.0	True
GEGEGB_03557	0.0	1.0	True
GEGEGB_03558	0.0	1.0	True
GEGEGB_03562	0.0	1.0	True
GEGEGB_03565	0.0	1.0	True
GEGEGB_03566	0.0	1.0	True
GEGEGB_03567	0.0	1.0	True
GEGEGB_03568	0.0	1.0	True
GEGEGB_03569	0.0	1.0	True
GEGEGB_03570	0.0	1.0	True
GEGEGB_03575	0.0	1.0	True
GEGEGB_03576	0.0	1.0	True
GEGEGB_03577	0.0	1.0	True
GEGEGB_03582	0.0	1.0	True
GEGEGB_03583	0.0	1.0	True
GEGEGB_03584	0.0	1.0	True
GEGEGB_02855	0.0	1.0	True
GEGEGB_02856	0.0	1.0	True
GEGEGB_02858	0.0	1.0	True
GEGEGB_02861	0.0	1.077	True
GEGEGB_02863	0.0	1.0	True
GEGEGB_02866	0.0	1.0	True
GEGEGB_02867	0.0	1.0	True
GEGEGB_02873	0.0	1.0	True
GEGEGB_02874	0.0	1.0	True
GEGEGB_02876	0.0	1.0	True
GEGEGB_02879	0.0	1.0	True
GEGEGB_02880	0.0	1.0	True
GEGEGB_02884	0.0	1.0	True
GEGEGB_02885	0.0	1.0	True
GEGEGB_02886	0.0	1.0	True
GEGEGB_02887	0.0	1.0	True
GEGEGB_02891	0.0	1.0	True
GEGEGB_02894	0.0	1.0	True
GEGEGB_02896	0.0	1.0	True
GEGEGB_02897	0.0	1.0	True
GEGEGB_02898	0.0	1.0	True
GEGEGB_02900	0.0	1.0	True
GEGEGB_02901	0.0	1.0	True
GEGEGB_02902	0.0	1.0	True
GEGEGB_02903	0.0	1.0	True
GEGEGB_02904	0.0	1.0	True
GEGEGB_02905	0.0	1.0	True
GEGEGB_02906	0.0	1.0	True
GEGEGB_02908	0.0	1.0	True
GEGEGB_02909	0.0	1.0	True
GEGEGB_02911	0.0	1.0	True
GEGEGB_02912	0.0	1.0	True
GEGEGB_02917	0.0	1.0	True
GEGEGB_02920	0.0	1.0	True
GEGEGB_02927	0.0	1.0	True
GEGEGB_02928	0.0	1.0	True
GEGEGB_02932	0.0	1.0	True
GEGEGB_02933	0.0	1.0	True
GEGEGB_02934	0.0	1.0	True
GEGEGB_02936	0.0	1.0	True
GEGEGB_02940	0.0	1.0	True
GEGEGB_02941	0.0	1.0	True
GEGEGB_02942	0.0	1.0	True
GEGEGB_02943	0.0	1.0	True
GEGEGB_02944	0.0	1.0	True
GEGEGB_02946	0.0	1.0	True
GEGEGB_02947	0.0	1.0	True
GEGEGB_02953	0.0	1.0	True
GEGEGB_02955	0.0	1.0	True
GEGEGB_02956	0.0	1.0	True
GEGEGB_02957	0.0	1.0	True
GEGEGB_02960	0.0	1.0	True
GEGEGB_02964	0.0	1.0	True
GEGEGB_02967	0.0	1.0	True
GEGEGB_02970	0.0	1.0	True
GEGEGB_02971	0.0	1.0	True
GEGEGB_02973	0.0	1.0	True
GEGEGB_02974	0.0	1.0	True
GEGEGB_02975	0.0	1.0	True
GEGEGB_02976	0.0	1.0	True
GEGEGB_02977	0.0	1.0	True
GEGEGB_02979	0.0	1.0	True
GEGEGB_02980	0.0	1.0	True
GEGEGB_02981	0.0	1.0	True
GEGEGB_02990	0.0	1.0	True
GEGEGB_02994	0.0	1.0	True
GEGEGB_02996	0.0	1.0	True
GEGEGB_02997	0.0	1.0	True
GEGEGB_02998	0.0	1.0	True
GEGEGB_03010	0.0	1.0	True
GEGEGB_03011	0.0	1.0	True
GEGEGB_03014	0.0	1.0	True
GEGEGB_03020	0.0	1.0	True
GEGEGB_03022	0.0	1.0	True
GEGEGB_03023	0.0	1.0	True
GEGEGB_03026	0.0	1.0	True
GEGEGB_03027	0.0	1.077	True
GEGEGB_03028	0.0	1.0	True
GEGEGB_03029	0.0	1.0	True
GEGEGB_03033	0.0	1.0	True
GEGEGB_03034	0.0	1.0	True
GEGEGB_03035	0.0	1.0	True
GEGEGB_03036	0.0	1.0	True
GEGEGB_03037	0.0	1.0	True
GEGEGB_03040	0.0	1.0	True
GEGEGB_03041	0.0	1.0	True
GEGEGB_03042	0.0	1.0	True
GEGEGB_03043	0.0	1.0	True
GEGEGB_03044	0.0	1.077	True
GEGEGB_03045	0.0	1.0	True
GEGEGB_03049	0.0	1.0	True
GEGEGB_03051	0.0	1.0	True
GEGEGB_03052	0.0	1.0	True
GEGEGB_03053	0.0	1.0	True
GEGEGB_03055	0.0	1.0	True
GEGEGB_03057	0.0	1.0	True
GEGEGB_03061	0.0	1.0	True
GEGEGB_03062	0.0	1.0	True
GEGEGB_03063	0.0	1.0	True
GEGEGB_03064	0.0	1.0	True
GEGEGB_03065	0.0	1.0	True
BEJGEH_00257	0.0	1.231	True
GEGEGB_01744	0.0	1.0	True
GEGEGB_01746	0.0	1.0	True
GEGEGB_01747	0.0	1.0	True
GEGEGB_01748	0.0	1.0	True
GEGEGB_01749	0.0	1.0	True
GEGEGB_01751	0.0	1.0	True
GEGEGB_01757	0.0	1.0	True
GEGEGB_01758	0.154	1.154	False
GEGEGB_01759	0.0	1.0	True
GEGEGB_01760	0.0	1.0	True
GEGEGB_01761	0.0	1.0	True
GEGEGB_01762	0.0	1.0	True
GEGEGB_01765	0.0	1.0	True
GEGEGB_01771	0.0	1.0	True
GEGEGB_01772	0.0	1.0	True
GEGEGB_01776	0.077	1.077	False
GEGEGB_01777	0.0	1.0	True
GEGEGB_01781	0.0	1.0	True
GEGEGB_01783	0.0	1.0	True
GEGEGB_01784	0.0	1.0	True
GEGEGB_01785	0.0	1.0	True
GEGEGB_01789	0.0	1.0	True
GEGEGB_01794	0.0	1.0	True
GEGEGB_01796	0.0	1.0	True
GEGEGB_01797	0.0	1.0	True
GEGEGB_01798	0.0	1.0	True
GEGEGB_01799	0.0	1.0	True
GEGEGB_01800	0.0	1.0	True
GEGEGB_01801	0.0	1.0	True
GEGEGB_01802	0.0	1.0	True
GEGEGB_01805	0.0	1.0	True
GEGEGB_01807	0.0	1.0	True
GEGEGB_01809	0.0	1.0	True
GEGEGB_01810	0.0	1.0	True
GEGEGB_01811	0.0	1.0	True
GEGEGB_01812	0.0	1.0	True
GEGEGB_01814	0.0	1.0	True
GEGEGB_01815	0.0	1.0	True
GEGEGB_01818	0.0	1.0	True
GEGEGB_01819	0.0	1.0	True
GEGEGB_01820	0.0	1.0	True
GEGEGB_01821	0.0	1.0	True
GEGEGB_01823	0.0	1.0	True
GEGEGB_01825	0.0	1.0	True
GEGEGB_01826	0.0	1.0	True
GEGEGB_01827	0.0	1.0	True
GEGEGB_01829	0.0	1.0	True
GEGEGB_01830	0.0	1.0	True
GEGEGB_01831	0.0	1.0	True
GEGEGB_01839	0.0	1.0	True
GEGEGB_01840	0.0	1.0	True
GEGEGB_01841	0.0	1.0	True
GEGEGB_01842	0.0	1.0	True
GEGEGB_01843	0.0	1.0	True
GEGEGB_01845	0.0	1.0	True
GEGEGB_01846	0.0	1.0	True
GEGEGB_01847	0.0	1.0	True
GEGEGB_01849	0.0	1.0	True
GEGEGB_01851	0.0	1.0	True
GEGEGB_01854	0.0	1.0	True
GEGEGB_01857	0.0	1.0	True
GEGEGB_01863	0.0	1.0	True
GEGEGB_01865	0.0	1.0	True
GEGEGB_01868	0.0	1.0	True
GEGEGB_01869	0.0	1.0	True
GEGEGB_01870	0.0	1.0	True
GEGEGB_01872	0.0	1.0	True
GEGEGB_01873	0.0	1.0	True
GEGEGB_01874	0.0	1.0	True
GEGEGB_01875	0.0	1.0	True
GEGEGB_01876	0.0	1.0	True
GEGEGB_01878	0.0	1.0	True
GEGEGB_01882	0.0	1.0	True
GEGEGB_01883	0.0	1.0	True
GEGEGB_01884	0.0	1.0	True
GEGEGB_01885	0.0	1.0	True
GEGEGB_01886	0.0	1.0	True
GEGEGB_01887	0.0	1.0	True
GEGEGB_01890	0.0	1.0	True
GEGEGB_01893	0.0	1.0	True
GEGEGB_01894	0.0	1.0	True
GEGEGB_01898	0.0	1.0	True
GEGEGB_01899	0.0	1.0	True
GEGEGB_01902	0.0	1.0	True
GEGEGB_01904	0.0	1.0	True
GEGEGB_01908	0.0	1.0	True
GEGEGB_01914	0.0	1.0	True
GEGEGB_01915	0.0	1.0	True
GEGEGB_01916	0.0	1.0	True
GEGEGB_01919	0.0	1.0	True
GEGEGB_01920	0.0	1.0	True
GEGEGB_01921	0.0	1.0	True
GEGEGB_01925	0.0	1.0	True
GEGEGB_01926	0.0	1.0	True
GEGEGB_01934	0.0	1.0	True
GEGEGB_01941	0.0	1.0	True
GEGEGB_01942	0.0	1.0	True
GEGEGB_01943	0.0	1.0	True
GEGEGB_01951	0.0	1.0	True
GEGEGB_01952	0.0	1.0	True
GEGEGB_01953	0.0	1.0	True
GEGEGB_01954	0.0	1.0	True
GEGEGB_01956	0.0	1.0	True
GEGEGB_01957	0.0	1.0	True
GEGEGB_01960	0.0	1.0	True
GEGEGB_01961	0.0	1.0	True
GEGEGB_01962	0.0	1.0	True
GEGEGB_01963	0.0	1.0	True
GEGEGB_01964	0.0	1.0	True
GEGEGB_01965	0.0	1.0	True
GEGEGB_01966	0.0	1.0	True
GEGEGB_01967	0.0	1.0	True
GEGEGB_01968	0.0	1.0	True
GEGEGB_01971	0.0	1.0	True
GEGEGB_02042	0.0	1.0	True
GEGEGB_02043	0.0	1.0	True
GEGEGB_02044	0.0	1.0	True
GEGEGB_02045	0.0	1.0	True
GEGEGB_02047	0.0	1.0	True
GEGEGB_02049	0.0	1.0	True
GEGEGB_02050	0.0	1.0	True
GEGEGB_02051	0.0	1.0	True
GEGEGB_02052	0.0	1.0	True
GEGEGB_02053	0.0	1.0	True
GEGEGB_02055	0.0	1.0	True
GEGEGB_02056	0.0	1.0	True
GEGEGB_02059	0.0	1.0	True
GEGEGB_02060	0.0	1.0	True
GEGEGB_02062	0.0	1.0	True
GEGEGB_02063	0.0	1.0	True
GEGEGB_02064	0.0	1.0	True
GEGEGB_02066	0.0	1.0	True
GEGEGB_02067	0.0	1.0	True
GEGEGB_02070	0.0	1.0	True
GEGEGB_02071	0.0	1.0	True
GEGEGB_02075	0.0	1.0	True
GEGEGB_02076	0.0	1.0	True
GEGEGB_02078	0.0	1.0	True
GEGEGB_02082	0.0	1.0	True
GEGEGB_02083	0.0	1.0	True
GEGEGB_02087	0.0	1.0	True
GEGEGB_02088	0.0	1.0	True
GEGEGB_02090	0.0	1.0	True
GEGEGB_02091	0.0	1.0	True
GEGEGB_02092	0.0	1.0	True
GEGEGB_02099	0.0	1.0	True
GEGEGB_02100	0.0	1.0	True
GEGEGB_02101	0.0	1.0	True
GEGEGB_02102	0.0	1.0	True
GEGEGB_02105	0.0	1.0	True
GEGEGB_02108	0.0	1.0	True
GEGEGB_02111	0.0	1.0	True
GEGEGB_02112	0.0	1.0	True
GEGEGB_02113	0.0	1.0	True
GEGEGB_02114	0.0	1.0	True
GEGEGB_02115	0.0	1.0	True
GEGEGB_02117	0.0	1.0	True
GEGEGB_02118	0.0	1.0	True
GEGEGB_02119	0.0	1.0	True
GEGEGB_02124	0.0	1.0	True
GEGEGB_02125	0.0	1.0	True
GEGEGB_02129	0.0	1.0	True
GEGEGB_02130	0.0	1.0	True
GEGEGB_02133	0.0	1.0	True
GEGEGB_02135	0.0	1.0	True
GEGEGB_02139	0.0	1.0	True
GEGEGB_02140	0.0	1.0	True
GEGEGB_02141	0.0	1.0	True
GEGEGB_02142	0.0	1.0	True
GEGEGB_02143	0.0	1.0	True
GEGEGB_02144	0.0	1.0	True
GEGEGB_02146	0.0	1.0	True
GEGEGB_02148	0.0	1.0	True
GEGEGB_02149	0.0	1.0	True
GEGEGB_02150	0.0	1.0	True
GEGEGB_02151	0.0	1.0	True
GEGEGB_02152	0.0	1.0	True
GEGEGB_02155	0.0	1.0	True
GEGEGB_02157	0.0	1.692	True
GEGEGB_02159	0.0	1.0	True
GEGEGB_02160	0.0	1.0	True
GEGEGB_02161	0.0	1.0	True
GEGEGB_02162	0.0	1.0	True
GEGEGB_02163	0.0	1.0	True
GEGEGB_02168	0.0	1.0	True
GEGEGB_02169	0.0	1.0	True
GEGEGB_02170	0.0	1.0	True
GEGEGB_02171	0.0	1.0	True
GEGEGB_02172	0.0	1.0	True
GEGEGB_02173	0.0	1.0	True
GEGEGB_02175	0.0	1.0	True
GEGEGB_02177	0.0	1.0	True
GEGEGB_02178	0.0	1.0	True
GEGEGB_02183	0.0	1.0	True
GEGEGB_02185	0.0	1.0	True
GEGEGB_02187	0.0	1.0	True
GEGEGB_02188	0.0	1.0	True
GEGEGB_02189	0.0	1.0	True
GEGEGB_02191	0.0	1.0	True
GEGEGB_02192	0.0	1.0	True
GEGEGB_02194	0.0	1.0	True
GEGEGB_02197	0.0	1.0	True
GEGEGB_02200	0.0	1.0	True
GEGEGB_02201	0.0	1.0	True
GEGEGB_02202	0.0	1.0	True
GEGEGB_02206	0.0	1.0	True
GEGEGB_02208	0.0	1.0	True
GEGEGB_02209	0.0	1.0	True
GEGEGB_02210	0.0	1.0	True
GEGEGB_02211	0.0	1.0	True
GEGEGB_02214	0.0	1.0	True
GEGEGB_02217	0.0	1.0	True
GEGEGB_02221	0.0	1.0	True
GEGEGB_02223	0.0	1.0	True
GEGEGB_02224	0.0	1.0	True
GEGEGB_02227	0.0	1.0	True
GEGEGB_02229	0.0	1.0	True
GEGEGB_02231	0.0	1.0	True
GEGEGB_02233	0.0	1.0	True
GEGEGB_02234	0.0	1.0	True
GEGEGB_02235	0.0	1.0	True
GEGEGB_02242	0.0	1.0	True
GEGEGB_02243	0.0	1.0	True
GEGEGB_02246	0.0	1.0	True
GEGEGB_02247	0.0	1.0	True
GEGEGB_02250	0.0	1.0	True
GEGEGB_02251	0.0	1.0	True
GEGEGB_02255	0.0	1.0	True
GEGEGB_02256	0.0	1.0	True
GEGEGB_02257	0.0	1.0	True
GEGEGB_02260	0.0	1.0	True
GEGEGB_02261	0.0	1.0	True
GEGEGB_02263	0.0	1.0	True
GEGEGB_02279	0.0	1.0	True
GEGEGB_02281	0.0	1.0	True
GEGEGB_02282	0.0	1.0	True
GEGEGB_02283	0.0	1.0	True
GEGEGB_02285	0.0	1.0	True
GEGEGB_02286	0.0	1.0	True
GEGEGB_02287	0.0	1.0	True
GEGEGB_02295	0.0	1.0	True
GEGEGB_02296	0.0	1.0	True
GEGEGB_02297	0.0	1.0	True
GEGEGB_02298	0.0	1.0	True
GEGEGB_02300	0.0	1.0	True
GEGEGB_02302	0.0	1.0	True
GEGEGB_02304	0.0	1.0	True
GEGEGB_02306	0.0	1.0	True
GEGEGB_02307	0.0	1.0	True
GEGEGB_02308	0.0	1.077	True
GEGEGB_02311	0.0	1.0	True
GEGEGB_02313	0.0	1.0	True
GEGEGB_02314	0.0	1.0	True
GEGEGB_02315	0.0	1.077	True
BEJGEH_00056	0.0	1.0	True
BEJGEH_00088	0.0	1.25	True
BEJGEH_00107	0.0	1.0	True
BEJGEH_00124	0.0	1.0	True
LNHIMF_04331	0.0	1.0	True
LNHIMF_04334	0.0	1.0	True
LNHIMF_04337	0.0	1.0	True
LNHIMF_04338	0.0	1.0	True
LNHIMF_04339	0.0	1.0	True
LNHIMF_04343	0.0	1.0	True
LNHIMF_04344	0.0	1.0	True
LNHIMF_04348	0.0	1.0	True
LNHIMF_04354	0.0	1.0	True
LNHIMF_04359	0.0	1.0	True
LNHIMF_04360	0.0	1.0	True
LNHIMF_04362	0.0	1.0	True
LNHIMF_04363	0.0	1.0	True
LNHIMF_04365	0.0	1.0	True
LNHIMF_04369	0.0	1.0	True
LNHIMF_04371	0.0	1.0	True
LNHIMF_04380	0.0	1.0	True
LNHIMF_04383	0.0	1.077	True
LNHIMF_04386	0.0	1.0	True
LNHIMF_04387	0.0	1.0	True
LNHIMF_04389	0.0	1.0	True
LNHIMF_04392	0.0	1.0	True
LNHIMF_04393	0.0	1.154	True
LNHIMF_04394	0.0	1.0	True
LNHIMF_04395	0.0	1.0	True
LNHIMF_04396	0.0	1.0	True
LNHIMF_04397	0.0	1.0	True
LNHIMF_04420	0.0	1.0	True
LNHIMF_04422	0.0	1.0	True
LNHIMF_04423	0.0	1.0	True
LNHIMF_04425	0.0	1.0	True
LNHIMF_03774	0.0	1.0	True
LNHIMF_03775	0.0	1.0	True
LNHIMF_03790	0.0	1.0	True
LNHIMF_03791	0.0	1.077	True
LNHIMF_03795	0.0	1.0	True
LNHIMF_03799	0.0	1.0	True
LNHIMF_03800	0.0	1.0	True
LNHIMF_03804	0.0	1.0	True
LNHIMF_03809	0.0	1.0	True
LNHIMF_03812	0.0	1.0	True
LNHIMF_03816	0.0	1.0	True
LNHIMF_03824	0.0	1.0	True
LNHIMF_03827	0.0	1.0	True
LNHIMF_03832	0.0	1.091	True
LNHIMF_03833	0.0	1.0	True
LNHIMF_03839	0.0	1.0	True
LNHIMF_03840	0.0	1.0	True
LNHIMF_03842	0.0	1.0	True
LNHIMF_03848	0.0	1.0	True
LNHIMF_03852	0.0	1.077	True
LNHIMF_03854	0.0	1.0	True
LNHIMF_03855	0.0	1.0	True
LNHIMF_03856	0.0	1.0	True
LNHIMF_03857	0.0	1.0	True
LNHIMF_03859	0.0	1.0	True
LNHIMF_03860	0.0	1.0	True
LNHIMF_03862	0.0	1.0	True
LNHIMF_03865	0.0	1.0	True
HFCAGB_01582	0.0	1.0	True
LNHIMF_00842	0.0	1.077	True
LNHIMF_00843	0.0	1.0	True
LNHIMF_00844	0.0	1.0	True
LNHIMF_00845	0.0	1.0	True
LNHIMF_00846	0.0	1.0	True
LNHIMF_00850	0.0	1.0	True
LNHIMF_00854	0.0	1.0	True
LNHIMF_00870	0.0	1.0	True
LNHIMF_00873	0.0	1.0	True
LNHIMF_00874	0.0	1.0	True
LNHIMF_00878	0.0	1.0	True
LNHIMF_00879	0.0	1.0	True
LNHIMF_00880	0.0	1.0	True
LNHIMF_00883	0.0	1.0	True
LNHIMF_00884	0.0	1.0	True
LNHIMF_00889	0.0	1.077	True
LNHIMF_00897	0.0	1.0	True
LNHIMF_00898	0.0	1.0	True
LNHIMF_00899	0.0	1.0	True
LNHIMF_00905	0.0	1.0	True
LNHIMF_00907	0.0	1.0	True
LNHIMF_00909	0.0	1.0	True
LNHIMF_00910	0.0	1.0	True
LNHIMF_00913	0.0	1.0	True
LNHIMF_00915	0.0	1.0	True
LNHIMF_00916	0.0	1.077	True
LNHIMF_00917	0.0	1.0	True
LNHIMF_00919	0.0	1.0	True
LNHIMF_00920	0.0	1.0	True
LNHIMF_00922	0.0	1.0	True
LNHIMF_00923	0.0	1.0	True
LNHIMF_00928	0.0	1.0	True
LNHIMF_00930	0.0	1.0	True
LNHIMF_00935	0.0	1.0	True
LNHIMF_00936	0.0	1.0	True
LNHIMF_00938	0.0	1.0	True
LNHIMF_00943	0.0	1.0	True
LNHIMF_00947	0.0	1.0	True
LNHIMF_00949	0.0	1.0	True
LNHIMF_00951	0.0	1.077	True
LNHIMF_00956	0.0	1.0	True
LNHIMF_00963	0.0	1.0	True
LNHIMF_00969	0.0	1.0	True
LNHIMF_00971	0.0	1.0	True
LNHIMF_00973	0.0	1.0	True
LNHIMF_00974	0.0	1.0	True
LNHIMF_00980	0.0	1.0	True
LNHIMF_00998	0.0	1.0	True
LNHIMF_00999	0.0	1.0	True
LNHIMF_01002	0.0	1.0	True
LNHIMF_01004	0.0	1.0	True
LNHIMF_01008	0.0	1.0	True
LNHIMF_01009	0.0	1.0	True
LNHIMF_01010	0.0	1.0	True
LNHIMF_01015	0.0	1.0	True
LNHIMF_01016	0.0	1.0	True
LNHIMF_01020	0.0	1.0	True
LNHIMF_01026	0.0	1.0	True
LNHIMF_01027	0.0	1.0	True
LNHIMF_01029	0.0	1.0	True
LNHIMF_01030	0.0	1.0	True
LNHIMF_01032	0.0	1.0	True
LNHIMF_01033	0.0	1.0	True
LNHIMF_01038	0.0	1.0	True
LNHIMF_01041	0.0	1.0	True
LNHIMF_01045	0.0	1.0	True
LNHIMF_01048	0.0	1.0	True
LNHIMF_01050	0.0	1.0	True
LNHIMF_01054	0.0	1.0	True
LNHIMF_01057	0.0	1.0	True
LNHIMF_01061	0.0	1.0	True
LNHIMF_01064	0.0	1.0	True
LNHIMF_01065	0.0	1.0	True
LNHIMF_01078	0.0	1.0	True
LNHIMF_01084	0.0	1.0	True
LNHIMF_01086	0.0	1.0	True
LNHIMF_01090	0.0	1.154	True
LNHIMF_01091	0.0	1.0	True
LNHIMF_01092	0.0	1.0	True
LNHIMF_01094	0.0	1.0	True
LNHIMF_01095	0.0	1.0	True
LNHIMF_01105	0.0	1.0	True
LNHIMF_01113	0.0	1.0	True
LNHIMF_01115	0.0	1.077	True
LNHIMF_01121	0.0	1.0	True
LNHIMF_01124	0.0	1.0	True
LNHIMF_01125	0.0	1.0	True
LNHIMF_01128	0.0	1.0	True
LNHIMF_01129	0.0	1.0	True
LNHIMF_01130	0.0	1.0	True
LNHIMF_01131	0.0	1.0	True
LNHIMF_01135	0.0	1.077	True
LNHIMF_01139	0.0	1.0	True
LNHIMF_01140	0.0	1.0	True
LNHIMF_01142	0.0	1.0	True
LNHIMF_01145	0.0	1.0	True
LNHIMF_01146	0.0	1.077	True
LNHIMF_01147	0.0	1.0	True
LNHIMF_01148	0.0	1.0	True
LNHIMF_01149	0.0	1.0	True
LNHIMF_01151	0.0	1.0	True
LNHIMF_01153	0.0	1.0	True
LNHIMF_01155	0.0	1.077	True
LNHIMF_01157	0.0	1.0	True
LNHIMF_01165	0.0	1.0	True
LNHIMF_01166	0.0	1.091	True
LNHIMF_01169	0.0	1.077	True
LNHIMF_01176	0.0	1.0	True
LNHIMF_01178	0.0	1.0	True
LNHIMF_01186	0.0	1.0	True
LNHIMF_01190	0.0	1.0	True
LNHIMF_01191	0.0	1.0	True
LNHIMF_01195	0.0	1.0	True
LNHIMF_01196	0.0	1.0	True
LNHIMF_01197	0.0	1.0	True
LNHIMF_01198	0.0	1.0	True
LNHIMF_01199	0.0	1.0	True
LNHIMF_01201	0.0	1.0	True
LNHIMF_01202	0.0	1.0	True
LNHIMF_01204	0.0	1.0	True
LNHIMF_01205	0.0	1.0	True
LNHIMF_01207	0.0	1.0	True
LNHIMF_01209	0.0	1.0	True
LNHIMF_01213	0.0	1.0	True
LNHIMF_01219	0.0	1.0	True
LNHIMF_01221	0.0	1.0	True
LNHIMF_01223	0.0	1.0	True
LNHIMF_01224	0.0	1.0	True
LNHIMF_01229	0.0	1.0	True
LNHIMF_01233	0.0	1.0	True
LNHIMF_01249	0.0	1.0	True
LNHIMF_01255	0.0	1.0	True
LNHIMF_01257	0.0	1.0	True
LNHIMF_01266	0.0	1.0	True
LNHIMF_01268	0.0	1.0	True
LNHIMF_01269	0.0	1.0	True
LNHIMF_01271	0.0	1.0	True
LNHIMF_01273	0.0	1.0	True
LNHIMF_01275	0.0	1.0	True
LNHIMF_01279	0.0	1.0	True
LNHIMF_01289	0.0	1.0	True
LNHIMF_01296	0.0	1.0	True
LNHIMF_01299	0.0	1.077	True
LNHIMF_01302	0.0	1.0	True
LNHIMF_01312	0.0	1.0	True
LNHIMF_01314	0.0	1.0	True
LNHIMF_01315	0.0	1.0	True
LNHIMF_01316	0.0	1.0	True
LNHIMF_01320	0.0	1.0	True
LNHIMF_01326	0.0	1.0	True
LNHIMF_01327	0.0	1.0	True
LNHIMF_01331	0.0	1.0	True
LNHIMF_01334	0.0	1.0	True
LNHIMF_01336	0.0	1.0	True
LNHIMF_01338	0.0	1.077	True
LNHIMF_01342	0.0	1.0	True
LNHIMF_01343	0.0	1.0	True
LNHIMF_01346	0.0	1.0	True
LNHIMF_01348	0.0	1.0	True
LNHIMF_01349	0.0	1.0	True
LNHIMF_01350	0.0	1.0	True
LNHIMF_01353	0.0	1.077	True
LNHIMF_01356	0.0	1.0	True
LNHIMF_01358	0.0	1.0	True
LNHIMF_01366	0.0	1.0	True
LNHIMF_01367	0.0	1.0	True
LNHIMF_01368	0.0	1.0	True
LNHIMF_01370	0.0	1.0	True
LNHIMF_01371	0.0	1.0	True
LNHIMF_01372	0.0	1.0	True
LNHIMF_01376	0.0	1.0	True
LNHIMF_01380	0.0	1.0	True
LNHIMF_01387	0.0	1.0	True
LNHIMF_01390	0.0	1.0	True
LNHIMF_01393	0.0	1.0	True
LNHIMF_01397	0.0	1.0	True
LNHIMF_01400	0.0	1.0	True
LNHIMF_01404	0.0	1.0	True
LNHIMF_01405	0.0	1.0	True
LNHIMF_01406	0.0	1.0	True
LNHIMF_01407	0.0	1.0	True
LNHIMF_01408	0.0	1.0	True
LNHIMF_01409	0.0	1.0	True
LNHIMF_01410	0.0	1.0	True
LNHIMF_01412	0.0	1.0	True
LNHIMF_01414	0.0	1.0	True
LNHIMF_01415	0.0	1.0	True
LNHIMF_01417	0.0	1.0	True
LNHIMF_01419	0.0	1.0	True
LNHIMF_01421	0.0	1.0	True
LNHIMF_01422	0.0	1.0	True
LNHIMF_01423	0.0	1.0	True
LNHIMF_01426	0.0	1.0	True
LNHIMF_01430	0.0	1.0	True
LNHIMF_01432	0.0	1.0	True
LNHIMF_01435	0.0	1.0	True
LNHIMF_01443	0.0	1.0	True
LNHIMF_01445	0.0	1.0	True
LNHIMF_01450	0.0	1.0	True
LNHIMF_01451	0.0	1.0	True
LNHIMF_01454	0.0	1.0	True
LNHIMF_01456	0.0	1.0	True
LNHIMF_01459	0.0	1.0	True
LNHIMF_01463	0.0	1.0	True
LNHIMF_01464	0.0	1.0	True
LNHIMF_01465	0.0	1.0	True
LNHIMF_01467	0.0	1.0	True
LNHIMF_01469	0.0	1.0	True
LNHIMF_01470	0.0	1.0	True
LNHIMF_01479	0.0	1.0	True
LNHIMF_01491	0.0	1.0	True
LNHIMF_01494	0.0	1.0	True
LNHIMF_01500	0.0	1.0	True
LNHIMF_01503	0.0	1.077	True
LNHIMF_01504	0.0	1.0	True
LNHIMF_01506	0.0	1.0	True
LNHIMF_01523	0.0	1.0	True
LNHIMF_01524	0.0	1.0	True
LNHIMF_01525	0.0	1.0	True
LNHIMF_01526	0.0	1.0	True
LNHIMF_01527	0.0	1.0	True
LNHIMF_01528	0.0	1.0	True
LNHIMF_01531	0.0	1.0	True
LNHIMF_01540	0.0	1.0	True
LNHIMF_01541	0.0	1.0	True
LNHIMF_01542	0.0	1.0	True
LNHIMF_01543	0.0	1.0	True
LNHIMF_01548	0.0	1.0	True
LNHIMF_01549	0.0	1.0	True
LNHIMF_01552	0.0	1.077	True
LNHIMF_01553	0.0	1.0	True
LNHIMF_01555	0.0	1.0	True
LNHIMF_01557	0.0	1.0	True
LNHIMF_01558	0.0	1.0	True
LNHIMF_01565	0.0	1.0	True
LNHIMF_01567	0.0	1.0	True
LNHIMF_01568	0.0	1.0	True
LNHIMF_01571	0.0	1.077	True
LNHIMF_01578	0.0	1.0	True
LNHIMF_01579	0.0	1.0	True
LNHIMF_01580	0.0	1.0	True
LNHIMF_01583	0.0	1.0	True
LNHIMF_01585	0.0	1.0	True
LNHIMF_01586	0.0	1.0	True
LNHIMF_01588	0.0	1.0	True
LNHIMF_01590	0.0	1.0	True
LNHIMF_01593	0.0	1.077	True
LNHIMF_01594	0.0	1.0	True
LNHIMF_01598	0.0	1.0	True
LNHIMF_01600	0.0	1.0	True
LNHIMF_01602	0.0	1.0	True
LNHIMF_01603	0.0	1.0	True
LNHIMF_01605	0.0	1.0	True
LNHIMF_01606	0.0	1.0	True
LNHIMF_01615	0.0	1.0	True
LNHIMF_01616	0.0	1.0	True
LNHIMF_01619	0.0	1.0	True
LNHIMF_01620	0.0	1.0	True
LNHIMF_01621	0.0	1.0	True
LNHIMF_01630	0.0	1.0	True
LNHIMF_01631	0.0	1.0	True
LNHIMF_01632	0.0	1.077	True
LNHIMF_01635	0.0	1.0	True
LNHIMF_01636	0.0	1.0	True
LNHIMF_01638	0.0	1.0	True
LNHIMF_01642	0.0	1.0	True
LNHIMF_01644	0.0	1.0	True
LNHIMF_01645	0.0	1.0	True
LNHIMF_01649	0.0	1.0	True
LNHIMF_01651	0.0	1.0	True
LNHIMF_01652	0.0	1.0	True
LNHIMF_01654	0.0	1.0	True
LNHIMF_01657	0.0	1.0	True
LNHIMF_01659	0.0	1.0	True
LNHIMF_01660	0.0	1.0	True
LNHIMF_01661	0.0	1.0	True
LNHIMF_01665	0.0	1.0	True
LNHIMF_01667	0.0	1.0	True
LNHIMF_01668	0.0	1.0	True
LNHIMF_01669	0.0	1.0	True
LNHIMF_01670	0.0	1.0	True
LNHIMF_01671	0.0	1.0	True
LNHIMF_01673	0.0	1.0	True
LNHIMF_01676	0.0	1.0	True
LNHIMF_01682	0.0	1.0	True
LNHIMF_01684	0.0	1.0	True
LNHIMF_01685	0.0	1.0	True
LNHIMF_01686	0.0	1.0	True
LNHIMF_01687	0.0	1.0	True
LNHIMF_01688	0.0	1.0	True
LNHIMF_01689	0.0	1.0	True
LNHIMF_01690	0.0	1.167	True
LNHIMF_01691	0.0	1.0	True
LNHIMF_01692	0.0	1.0	True
LNHIMF_01695	0.0	1.0	True
LNHIMF_01697	0.0	1.0	True
LNHIMF_01701	0.0	1.077	True
LNHIMF_01703	0.0	1.0	True
LNHIMF_01706	0.0	1.0	True
LNHIMF_01720	0.0	1.0	True
LNHIMF_01721	0.0	1.0	True
LNHIMF_01722	0.0	1.0	True
LNHIMF_01724	0.0	1.0	True
LNHIMF_01725	0.0	1.0	True
LNHIMF_01729	0.0	1.0	True
LNHIMF_01731	0.0	1.0	True
LNHIMF_01733	0.0	1.0	True
LNHIMF_01734	0.0	1.0	True
LNHIMF_01735	0.0	1.0	True
LNHIMF_01741	0.0	1.0	True
LNHIMF_01742	0.0	1.0	True
LNHIMF_01745	0.0	1.0	True
LNHIMF_01746	0.0	1.0	True
LNHIMF_01748	0.0	1.0	True
LNHIMF_01752	0.0	1.0	True
LNHIMF_01755	0.0	1.0	True
LNHIMF_01756	0.0	1.0	True
LNHIMF_01764	0.0	1.0	True
LNHIMF_01765	0.0	1.077	True
LNHIMF_01769	0.0	1.0	True
LNHIMF_01770	0.0	1.0	True
LNHIMF_01773	0.0	1.0	True
LNHIMF_01780	0.0	1.0	True
LNHIMF_01787	0.0	1.0	True
LNHIMF_01789	0.0	1.0	True
LNHIMF_01794	0.0	1.0	True
LNHIMF_01802	0.0	1.0	True
LNHIMF_01808	0.0	1.0	True
LNHIMF_01813	0.0	1.0	True
LNHIMF_01815	0.0	1.0	True
LNHIMF_01816	0.0	1.077	True
LNHIMF_01825	0.0	1.0	True
LNHIMF_01831	0.0	1.0	True
LNHIMF_01832	0.0	1.0	True
LNHIMF_01836	0.0	1.0	True
LNHIMF_01837	0.0	1.0	True
LNHIMF_01841	0.0	1.0	True
LNHIMF_01845	0.0	1.0	True
LNHIMF_01848	0.0	1.0	True
LNHIMF_01852	0.0	1.0	True
LNHIMF_01857	0.0	1.077	True
LNHIMF_01859	0.0	1.0	True
LNHIMF_01863	0.0	1.0	True
LNHIMF_01864	0.0	1.0	True
LNHIMF_01866	0.0	1.0	True
LNHIMF_01867	0.0	1.077	True
LNHIMF_01869	0.0	1.0	True
LNHIMF_01873	0.0	1.0	True
LNHIMF_01874	0.0	1.0	True
LNHIMF_01876	0.0	1.0	True
LNHIMF_01882	0.0	1.0	True
LNHIMF_01884	0.0	1.0	True
LNHIMF_01886	0.0	1.0	True
LNHIMF_01894	0.0	1.0	True
LNHIMF_01897	0.0	1.0	True
LNHIMF_01899	0.0	1.0	True
LNHIMF_01900	0.0	1.0	True
LNHIMF_01906	0.0	1.0	True
LNHIMF_01912	0.0	1.0	True
LNHIMF_01917	0.0	1.0	True
LNHIMF_01918	0.0	1.0	True
LNHIMF_01920	0.0	1.0	True
LNHIMF_01926	0.0	1.0	True
LNHIMF_01927	0.0	1.0	True
LNHIMF_01928	0.0	1.0	True
LNHIMF_01950	0.0	1.0	True
LNHIMF_01951	0.0	1.0	True
LNHIMF_01953	0.0	1.0	True
LNHIMF_01956	0.0	1.0	True
LNHIMF_01960	0.0	1.0	True
LNHIMF_01962	0.0	1.0	True
LNHIMF_01966	0.0	1.0	True
LNHIMF_01967	0.0	1.0	True
LNHIMF_01968	0.0	1.0	True
LNHIMF_01971	0.0	1.0	True
LNHIMF_01973	0.0	1.0	True
LNHIMF_01977	0.0	1.0	True
LNHIMF_01984	0.0	1.0	True
LNHIMF_01985	0.0	1.0	True
LNHIMF_01987	0.0	1.077	True
LNHIMF_01988	0.0	1.077	True
LNHIMF_01993	0.0	1.0	True
LNHIMF_01996	0.0	1.0	True
LNHIMF_01997	0.0	1.0	True
LNHIMF_01998	0.0	1.0	True
LNHIMF_02000	0.0	1.0	True
LNHIMF_02001	0.0	1.0	True
LNHIMF_02002	0.0	1.0	True
LNHIMF_02004	0.0	1.0	True
LNHIMF_02009	0.0	1.0	True
LNHIMF_02014	0.0	1.0	True
LNHIMF_02016	0.0	1.0	True
LNHIMF_02017	0.0	1.0	True
LNHIMF_02018	0.0	1.0	True
LNHIMF_02027	0.0	1.077	True
LNHIMF_02030	0.0	1.0	True
LNHIMF_02034	0.0	1.077	True
LNHIMF_02037	0.0	1.0	True
LNHIMF_02039	0.0	1.0	True
LNHIMF_02041	0.0	1.0	True
LNHIMF_02043	0.0	1.0	True
LNHIMF_02044	0.0	1.0	True
LNHIMF_02047	0.0	1.0	True
LNHIMF_02049	0.0	1.0	True
LNHIMF_02050	0.0	1.0	True
LNHIMF_02052	0.0	1.0	True
LNHIMF_02056	0.0	1.0	True
LNHIMF_02057	0.0	1.0	True
LNHIMF_02067	0.0	1.0	True
LNHIMF_02068	0.0	1.0	True
LNHIMF_02071	0.0	1.077	True
LNHIMF_02073	0.0	1.0	True
LNHIMF_02074	0.091	1.182	False
LNHIMF_02081	0.0	1.0	True
LNHIMF_02095	0.0	1.0	True
LNHIMF_02096	0.0	1.0	True
LNHIMF_02097	0.0	1.0	True
LNHIMF_02098	0.0	1.0	True
LNHIMF_02100	0.0	1.0	True
LNHIMF_02102	0.0	1.0	True
LNHIMF_02103	0.0	1.077	True
LNHIMF_02106	0.0	1.0	True
LNHIMF_02110	0.0	1.0	True
LNHIMF_02112	0.0	1.0	True
LNHIMF_02113	0.0	1.0	True
LNHIMF_02114	0.0	1.0	True
LNHIMF_02115	0.0	1.0	True
LNHIMF_02116	0.0	1.0	True
LNHIMF_02118	0.0	1.0	True
LNHIMF_02122	0.0	1.0	True
LNHIMF_02123	0.0	1.0	True
LNHIMF_02124	0.0	1.0	True
LNHIMF_02128	0.0	1.0	True
LNHIMF_02129	0.0	1.0	True
LNHIMF_02130	0.0	1.0	True
LNHIMF_02132	0.0	1.077	True
LNHIMF_02135	0.0	1.0	True
LNHIMF_02137	0.0	1.0	True
LNHIMF_02138	0.0	1.0	True
LNHIMF_02139	0.0	1.0	True
LNHIMF_02141	0.0	1.0	True
LNHIMF_02143	0.0	1.077	True
LNHIMF_02146	0.0	1.0	True
LNHIMF_02213	0.0	1.0	True
LNHIMF_02215	0.0	1.0	True
LNHIMF_02216	0.0	1.0	True
LNHIMF_02217	0.0	1.0	True
LNHIMF_02221	0.0	1.0	True
LNHIMF_02223	0.0	1.0	True
LNHIMF_02224	0.0	1.0	True
LNHIMF_02225	0.0	1.0	True
LNHIMF_02237	0.0	1.0	True
LNHIMF_02238	0.0	1.0	True
LNHIMF_02242	0.0	1.0	True
LNHIMF_02243	0.0	1.0	True
LNHIMF_02246	0.0	1.0	True
LNHIMF_02247	0.0	1.0	True
LNHIMF_02248	0.0	1.0	True
LNHIMF_02249	0.0	1.0	True
LNHIMF_02250	0.0	1.0	True
LNHIMF_02254	0.0	1.0	True
LNHIMF_02255	0.0	1.0	True
LNHIMF_02256	0.0	1.0	True
LNHIMF_02259	0.0	1.0	True
LNHIMF_02263	0.0	1.0	True
LNHIMF_02264	0.0	1.0	True
LNHIMF_02265	0.0	1.0	True
LNHIMF_02267	0.0	1.0	True
LNHIMF_02270	0.0	1.077	True
LNHIMF_02272	0.0	1.077	True
LNHIMF_02274	0.0	1.0	True
LNHIMF_02275	0.0	1.0	True
LNHIMF_02277	0.0	1.0	True
LNHIMF_02279	0.0	1.0	True
LNHIMF_02280	0.0	1.0	True
LNHIMF_02283	0.0	1.0	True
LNHIMF_02286	0.0	1.0	True
LNHIMF_02287	0.0	1.0	True
LNHIMF_02288	0.0	1.0	True
LNHIMF_02302	0.0	1.0	True
LNHIMF_02303	0.0	1.0	True
LNHIMF_02306	0.0	1.0	True
LNHIMF_02307	0.0	1.0	True
LNHIMF_02308	0.0	1.0	True
LNHIMF_02309	0.0	1.0	True
LNHIMF_02313	0.0	1.0	True
LNHIMF_02315	0.0	1.0	True
LNHIMF_02323	0.0	1.0	True
LNHIMF_02333	0.0	1.0	True
LNHIMF_02337	0.0	1.0	True
LNHIMF_02338	0.0	1.154	True
LNHIMF_02339	0.0	1.077	True
LNHIMF_02340	0.0	1.0	True
LNHIMF_02341	0.0	1.0	True
LNHIMF_02345	0.0	1.0	True
LNHIMF_02347	0.0	1.077	True
LNHIMF_02348	0.0	1.077	True
LNHIMF_02350	0.0	1.0	True
LNHIMF_02371	0.0	1.0	True
LNHIMF_02380	0.0	1.0	True
LNHIMF_02390	0.0	1.0	True
LNHIMF_02396	0.0	1.0	True
LNHIMF_02399	0.0	1.0	True
LNHIMF_02400	0.0	1.0	True
LNHIMF_02401	0.0	1.0	True
LNHIMF_02405	0.0	1.0	True
LNHIMF_02407	0.0	1.0	True
LNHIMF_02408	0.0	1.0	True
LNHIMF_02409	0.0	1.0	True
LNHIMF_02410	0.0	1.0	True
LNHIMF_02413	0.0	1.0	True
LNHIMF_02414	0.0	1.0	True
LNHIMF_02419	0.0	1.0	True
LNHIMF_02420	0.0	1.0	True
LNHIMF_02421	0.0	1.0	True
LNHIMF_02422	0.0	1.0	True
LNHIMF_02423	0.0	1.0	True
LNHIMF_02424	0.0	1.0	True
LNHIMF_02428	0.0	1.0	True
LNHIMF_02431	0.0	1.0	True
LNHIMF_02435	0.0	1.0	True
LNHIMF_02436	0.0	1.0	True
LNHIMF_02438	0.0	1.0	True
LNHIMF_02439	0.0	1.0	True
LNHIMF_02440	0.0	1.0	True
LNHIMF_02442	0.0	1.0	True
LNHIMF_02443	0.0	1.0	True
LNHIMF_02444	0.0	1.0	True
LNHIMF_02445	0.0	1.0	True
LNHIMF_02447	0.0	1.077	True
LNHIMF_02448	0.0	1.0	True
LNHIMF_02449	0.0	1.0	True
LNHIMF_02453	0.0	1.0	True
LNHIMF_02455	0.0	1.0	True
LNHIMF_02456	0.0	1.0	True
LNHIMF_02460	0.0	1.0	True
LNHIMF_02461	0.0	1.0	True
LNHIMF_02462	0.0	1.0	True
LNHIMF_02467	0.0	1.0	True
LNHIMF_02469	0.0	1.0	True
LNHIMF_02470	0.0	1.0	True
LNHIMF_02473	0.0	1.0	True
LNHIMF_02475	0.0	1.0	True
LNHIMF_02478	0.0	1.0	True
LNHIMF_02479	0.0	1.0	True
LNHIMF_02485	0.0	1.0	True
LNHIMF_02486	0.0	1.0	True
LNHIMF_02487	0.0	1.0	True
LNHIMF_02488	0.0	1.0	True
LNHIMF_02491	0.0	1.0	True
LNHIMF_02494	0.0	1.0	True
LNHIMF_02495	0.0	1.0	True
LNHIMF_02498	0.0	1.0	True
LNHIMF_02499	0.0	1.0	True
LNHIMF_02509	0.0	1.077	True
LNHIMF_02510	0.0	1.0	True
LNHIMF_02512	0.0	1.0	True
LNHIMF_02513	0.0	1.0	True
LNHIMF_02515	0.0	1.0	True
LNHIMF_02517	0.0	1.077	True
LNHIMF_02520	0.0	1.0	True
LNHIMF_02527	0.0	1.0	True
LNHIMF_02533	0.0	1.0	True
LNHIMF_02536	0.0	1.0	True
LNHIMF_02542	0.0	1.0	True
LNHIMF_02544	0.0	1.077	True
LNHIMF_02549	0.0	1.077	True
LNHIMF_02563	0.0	1.0	True
LNHIMF_02566	0.0	1.0	True
LNHIMF_02567	0.0	1.0	True
LNHIMF_02574	0.0	1.0	True
LNHIMF_02577	0.0	1.0	True
LNHIMF_02579	0.0	1.0	True
LNHIMF_02581	0.0	1.0	True
LNHIMF_02587	0.0	1.0	True
LNHIMF_02591	0.0	1.0	True
LNHIMF_02592	0.0	1.0	True
LNHIMF_02594	0.0	1.0	True
LNHIMF_02595	0.0	1.0	True
LNHIMF_02597	0.0	1.0	True
LNHIMF_02600	0.0	1.0	True
LNHIMF_02601	0.0	1.0	True
LNHIMF_02602	0.0	1.0	True
LNHIMF_02605	0.0	1.0	True
LNHIMF_02609	0.0	1.0	True
LNHIMF_02610	0.0	1.0	True
LNHIMF_02612	0.0	1.0	True
LNHIMF_02619	0.0	1.0	True
LNHIMF_02621	0.0	1.0	True
LNHIMF_02623	0.0	1.077	True
LNHIMF_02624	0.0	1.0	True
LNHIMF_02628	0.0	1.0	True
LNHIMF_02630	0.0	1.0	True
LNHIMF_02639	0.0	1.0	True
LNHIMF_02641	0.0	1.0	True
LNHIMF_02643	0.0	1.0	True
LNHIMF_02649	0.0	1.0	True
LNHIMF_02655	0.0	1.077	True
LNHIMF_02656	0.0	1.0	True
LNHIMF_02662	0.0	1.0	True
LNHIMF_02666	0.0	1.0	True
LNHIMF_02668	0.0	1.0	True
LNHIMF_02670	0.0	1.0	True
LNHIMF_02679	0.0	1.0	True
LNHIMF_02680	0.0	1.0	True
LNHIMF_02686	0.0	1.0	True
LNHIMF_02689	0.0	1.0	True
LNHIMF_02692	0.0	1.0	True
LNHIMF_02693	0.0	1.0	True
LNHIMF_02696	0.0	1.0	True
LNHIMF_02700	0.0	1.0	True
LNHIMF_02707	0.0	1.0	True
LNHIMF_02710	0.0	1.0	True
LNHIMF_02711	0.0	1.0	True
LNHIMF_02715	0.0	1.0	True
LNHIMF_02721	0.0	1.0	True
LNHIMF_02727	0.0	1.0	True
LNHIMF_02728	0.0	1.0	True
LNHIMF_02730	0.0	1.0	True
LNHIMF_02731	0.0	1.0	True
LNHIMF_02732	0.0	1.0	True
LNHIMF_02733	0.0	1.0	True
LNHIMF_02738	0.0	1.0	True
LNHIMF_02739	0.0	1.0	True
LNHIMF_02740	0.0	1.0	True
LNHIMF_02744	0.0	1.0	True
LNHIMF_02745	0.0	1.0	True
LNHIMF_02753	0.0	1.0	True
LNHIMF_02757	0.0	1.0	True
LNHIMF_02758	0.0	1.0	True
LNHIMF_02762	0.0	1.0	True
LNHIMF_02771	0.0	1.0	True
LNHIMF_02773	0.0	1.0	True
LNHIMF_02775	0.0	1.0	True
LNHIMF_02780	0.0	1.154	True
LNHIMF_02781	0.0	1.077	True
LNHIMF_02782	0.0	1.0	True
LNHIMF_02809	0.0	1.0	True
LNHIMF_02811	0.0	1.0	True
LNHIMF_02813	0.0	1.0	True
LNHIMF_02817	0.0	1.0	True
LNHIMF_02819	0.0	1.0	True
LNHIMF_02820	0.0	1.0	True
LNHIMF_02822	0.0	1.0	True
LNHIMF_02824	0.0	1.0	True
LNHIMF_02827	0.0	1.077	True
LNHIMF_02830	0.0	1.083	True
LNHIMF_02832	0.0	1.0	True
LNHIMF_02834	0.0	1.0	True
LNHIMF_02836	0.0	1.0	True
LNHIMF_02839	0.0	1.077	True
LNHIMF_02840	0.0	1.0	True
LNHIMF_02841	0.0	1.0	True
LNHIMF_02842	0.0	1.0	True
LNHIMF_02843	0.0	1.0	True
LNHIMF_02844	0.0	1.0	True
LNHIMF_02845	0.0	1.0	True
LNHIMF_02848	0.0	1.0	True
LNHIMF_02850	0.0	1.0	True
LNHIMF_02851	0.0	1.0	True
LNHIMF_02856	0.0	1.0	True
LNHIMF_02866	0.0	1.0	True
LNHIMF_02868	0.0	1.0	True
LNHIMF_02869	0.0	1.0	True
LNHIMF_02872	0.0	1.0	True
LNHIMF_02873	0.0	1.0	True
LNHIMF_02874	0.0	1.0	True
LNHIMF_02879	0.0	1.0	True
LNHIMF_02880	0.0	1.0	True
LNHIMF_02881	0.0	1.0	True
LNHIMF_02883	0.0	1.0	True
LNHIMF_02886	0.0	1.0	True
LNHIMF_02890	0.0	1.0	True
LNHIMF_02898	0.0	1.0	True
LNHIMF_02901	0.0	1.0	True
LNHIMF_02907	0.0	1.077	True
LNHIMF_02908	0.0	1.0	True
LNHIMF_02911	0.0	1.0	True
LNHIMF_02912	0.0	1.0	True
LNHIMF_02914	0.0	1.0	True
LNHIMF_02915	0.0	1.0	True
LNHIMF_02917	0.0	1.0	True
LNHIMF_02918	0.0	1.231	True
LNHIMF_02919	0.0	1.0	True
LNHIMF_02924	0.0	1.0	True
LNHIMF_02928	0.0	1.0	True
LNHIMF_02930	0.0	1.0	True
LNHIMF_02931	0.0	1.0	True
LNHIMF_02932	0.0	1.0	True
LNHIMF_02938	0.0	1.0	True
LNHIMF_02942	0.0	1.0	True
LNHIMF_02943	0.0	1.0	True
LNHIMF_02945	0.0	1.0	True
LNHIMF_02947	0.0	1.0	True
LNHIMF_02951	0.0	1.0	True
LNHIMF_02952	0.0	1.0	True
LNHIMF_02954	0.0	1.0	True
LNHIMF_02956	0.0	1.0	True
LNHIMF_02958	0.0	1.0	True
LNHIMF_02959	0.0	1.0	True
LNHIMF_02961	0.0	1.077	True
LNHIMF_02965	0.0	1.0	True
LNHIMF_02971	0.0	1.0	True
LNHIMF_02983	0.0	1.0	True
LNHIMF_02985	0.0	1.0	True
LNHIMF_02992	0.0	1.0	True
LNHIMF_02997	0.0	1.0	True
LNHIMF_02999	0.0	1.0	True
LNHIMF_03000	0.0	1.077	True
LNHIMF_03001	0.0	1.0	True
LNHIMF_03002	0.0	1.0	True
LNHIMF_03003	0.0	1.0	True
LNHIMF_03008	0.0	1.0	True
LNHIMF_03009	0.0	1.0	True
LNHIMF_03014	0.0	1.0	True
LNHIMF_03015	0.0	1.0	True
LNHIMF_03016	0.0	1.0	True
LNHIMF_03022	0.0	1.0	True
LNHIMF_03032	0.0	1.0	True
LNHIMF_03034	0.0	1.0	True
LNHIMF_03038	0.0	1.0	True
LNHIMF_03040	0.0	1.0	True
LNHIMF_03042	0.0	1.0	True
LNHIMF_03049	0.0	1.0	True
LNHIMF_03051	0.0	1.0	True
LNHIMF_03055	0.0	1.0	True
LNHIMF_03058	0.0	1.0	True
LNHIMF_03059	0.0	1.0	True
LNHIMF_03060	0.0	1.0	True
LNHIMF_03064	0.0	1.0	True
LNHIMF_03072	0.0	1.0	True
LNHIMF_03073	0.0	1.0	True
LNHIMF_03075	0.0	1.0	True
LNHIMF_03080	0.0	1.0	True
LNHIMF_03084	0.0	1.0	True
LNHIMF_03085	0.0	1.0	True
LNHIMF_03087	0.0	1.0	True
LNHIMF_03091	0.0	1.0	True
LNHIMF_03097	0.0	1.0	True
LNHIMF_03103	0.0	1.0	True
LNHIMF_03106	0.0	1.0	True
LNHIMF_03115	0.0	1.077	True
LNHIMF_03122	0.0	1.0	True
LNHIMF_03123	0.0	1.0	True
LNHIMF_03124	0.0	1.0	True
LNHIMF_03138	0.0	1.0	True
LNHIMF_03140	0.0	1.0	True
LNHIMF_03143	0.0	1.0	True
LNHIMF_03144	0.0	1.0	True
LNHIMF_03148	0.0	1.0	True
LNHIMF_03154	0.0	1.0	True
LNHIMF_03155	0.0	1.0	True
LNHIMF_03159	0.0	1.083	True
LNHIMF_03170	0.0	1.0	True
LNHIMF_03171	0.0	1.0	True
LNHIMF_03175	0.0	1.0	True
LNHIMF_03179	0.0	1.083	True
LNHIMF_03187	0.0	1.0	True
LNHIMF_03190	0.0	1.0	True
LNHIMF_03192	0.0	1.077	True
LNHIMF_03196	0.0	1.0	True
LNHIMF_03197	0.0	1.0	True
LNHIMF_03202	0.0	1.154	True
LNHIMF_03205	0.0	1.0	True
LNHIMF_03211	0.0	1.0	True
LNHIMF_03213	0.0	1.0	True
LNHIMF_03214	0.0	1.0	True
LNHIMF_03215	0.0	1.077	True
LNHIMF_03217	0.0	1.0	True
LNHIMF_03225	0.0	1.0	True
LNHIMF_03229	0.0	1.0	True
LNHIMF_03234	0.0	1.0	True
LNHIMF_03249	0.0	1.0	True
LNHIMF_03257	0.0	1.0	True
LNHIMF_03259	0.0	1.0	True
LNHIMF_03260	0.0	1.0	True
LNHIMF_03264	0.0	1.0	True
LNHIMF_03267	0.0	1.0	True
LNHIMF_03270	0.0	1.0	True
LNHIMF_03276	0.0	1.0	True
LNHIMF_03279	0.0	1.0	True
LNHIMF_03287	0.0	1.0	True
LNHIMF_03289	0.0	1.0	True
LNHIMF_03292	0.0	1.0	True
LNHIMF_03293	0.0	1.154	True
LNHIMF_03296	0.0	1.0	True
LNHIMF_03297	0.0	1.0	True
LNHIMF_03298	0.0	1.077	True
LNHIMF_03300	0.0	1.0	True
LNHIMF_03303	0.0	1.0	True
LNHIMF_03305	0.0	1.0	True
LNHIMF_03308	0.0	1.0	True
LNHIMF_03310	0.0	1.0	True
LNHIMF_03313	0.0	1.0	True
LNHIMF_03314	0.0	1.0	True
LNHIMF_03315	0.0	1.0	True
LNHIMF_03316	0.0	1.0	True
LNHIMF_03318	0.0	1.0	True
LNHIMF_03326	0.0	1.0	True
LNHIMF_03331	0.0	1.0	True
LNHIMF_03337	0.0	1.0	True
LNHIMF_03346	0.0	1.0	True
LNHIMF_03355	0.0	1.0	True
LNHIMF_03363	0.0	1.0	True
LNHIMF_03364	0.0	1.0	True
LNHIMF_03365	0.0	1.0	True
LNHIMF_03371	0.0	1.0	True
LNHIMF_03373	0.0	1.0	True
LNHIMF_03380	0.0	1.0	True
LNHIMF_03385	0.0	1.0	True
LNHIMF_03386	0.0	1.0	True
LNHIMF_03388	0.0	1.0	True
LNHIMF_03389	0.0	1.077	True
LNHIMF_03390	0.0	1.0	True
LNHIMF_03391	0.0	1.0	True
LNHIMF_03394	0.0	1.0	True
LNHIMF_03398	0.0	1.0	True
LNHIMF_03399	0.0	1.0	True
LNHIMF_03416	0.0	1.0	True
LNHIMF_03421	0.0	1.0	True
LNHIMF_03423	0.0	1.0	True
LNHIMF_03425	0.0	1.0	True
LNHIMF_03427	0.0	1.0	True
LNHIMF_03433	0.0	1.0	True
LNHIMF_03434	0.0	1.0	True
LNHIMF_03440	0.0	1.077	True
LNHIMF_03441	0.0	1.0	True
LNHIMF_03443	0.923	2.154	False
LNHIMF_03453	0.077	1.077	False
LNHIMF_03454	0.0	1.0	True
LNHIMF_03455	0.0	1.0	True
LNHIMF_03456	0.0	1.0	True
LNHIMF_03458	0.0	1.0	True
LNHIMF_03461	0.0	1.0	True
LNHIMF_03465	0.0	1.0	True
LNHIMF_03466	0.0	1.0	True
LNHIMF_03496	0.0	1.0	True
LNHIMF_03504	0.0	1.0	True
LNHIMF_03506	0.0	1.0	True
LNHIMF_03508	0.0	1.0	True
LNHIMF_03513	0.0	1.0	True
LNHIMF_03520	0.0	1.077	True
LNHIMF_03523	0.0	1.0	True
LNHIMF_03524	0.0	1.0	True
LNHIMF_03527	0.0	1.0	True
LNHIMF_03538	0.0	1.0	True
LNHIMF_03541	0.0	1.0	True
LNHIMF_03543	0.0	1.0	True
LNHIMF_03547	0.0	1.0	True
LNHIMF_03548	0.0	1.0	True
LNHIMF_03550	0.0	1.0	True
LNHIMF_03551	0.0	1.0	True
LNHIMF_03554	0.0	1.0	True
LNHIMF_03559	0.0	1.0	True
LNHIMF_03563	0.0	1.0	True
LNHIMF_03564	0.0	1.0	True
LNHIMF_03567	0.0	1.0	True
LNHIMF_03570	0.0	1.0	True
LNHIMF_03577	0.0	1.0	True
LNHIMF_03578	0.0	1.0	True
LNHIMF_03579	0.0	1.0	True
LNHIMF_03580	0.0	1.0	True
LNHIMF_03588	0.0	1.0	True
LNHIMF_03592	0.0	1.0	True
LNHIMF_03609	0.0	1.077	True
LNHIMF_03611	0.0	1.0	True
LNHIMF_03615	0.0	1.0	True
LNHIMF_03620	0.0	1.0	True
LNHIMF_03623	0.0	1.0	True
LNHIMF_03627	0.0	1.077	True
LNHIMF_03628	0.0	1.077	True
LNHIMF_03629	0.0	1.0	True
LNHIMF_03630	0.0	1.0	True
LNHIMF_03633	0.0	1.0	True
LNHIMF_03636	0.0	1.0	True
LNHIMF_03637	0.0	1.0	True
LNHIMF_03642	0.0	1.0	True
LNHIMF_03643	0.0	1.0	True
LNHIMF_03644	0.0	1.0	True
LNHIMF_03646	0.0	1.0	True
LNHIMF_03648	0.0	1.0	True
LNHIMF_03649	0.0	1.0	True
LNHIMF_03650	0.0	1.0	True
LNHIMF_03652	0.0	1.0	True
LNHIMF_03653	0.0	1.0	True
LNHIMF_03654	0.0	1.0	True
LNHIMF_03656	0.0	1.0	True
LNHIMF_03657	0.0	1.0	True
LNHIMF_03658	0.0	1.0	True
LNHIMF_03659	0.0	1.077	True
LNHIMF_03660	0.0	1.0	True
LNHIMF_03661	0.0	1.0	True
LNHIMF_03663	0.0	1.0	True
LNHIMF_03665	0.0	1.077	True
HFCAGB_01878	0.0	1.0	True
BEJGEH_01734	0.0	1.0	True
BEJGEH_01735	0.0	1.0	True
BEJGEH_01736	0.0	1.0	True
BEJGEH_01808	0.0	1.0	True
BEJGEH_01844	0.0	1.0	True
BEJGEH_01862	0.0	1.0	True
BEJGEH_01878	0.0	1.077	True
BEJGEH_01890	0.0	1.077	True
BEJGEH_01895	0.0	1.0	True
BEJGEH_01907	0.0	1.0	True
BEJGEH_01936	0.0	1.0	True
BEJGEH_01949	0.0	1.0	True
BEJGEH_02042	0.0	1.0	True
BEJGEH_02071	0.0	1.0	True
BEJGEH_02156	0.0	1.0	True
BEJGEH_02222	0.0	1.077	True
BEJGEH_02246	0.0	1.0	True
BEJGEH_02304	0.0	1.077	True
BEJGEH_02312	0.0	1.0	True
BEJGEH_02389	0.0	1.0	True
BEJGEH_02464	0.0	1.0	True
BEJGEH_02466	0.0	1.0	True
BEJGEH_02469	0.0	1.0	True
BEJGEH_02507	0.0	1.0	True
BEJGEH_02536	0.0	1.0	True
BEJGEH_02537	0.0	1.0	True
BEJGEH_02547	0.0	1.0	True
BEJGEH_02556	0.0	1.0	True
BEJGEH_02566	0.0	1.0	True
BEJGEH_02567	0.0	1.0	True
BEJGEH_02586	0.0	1.077	True
BEJGEH_02606	0.0	1.0	True
BEJGEH_02614	0.0	1.0	True
BEJGEH_02653	0.0	1.0	True
BEJGEH_02701	0.0	1.0	True
BEJGEH_02778	0.0	1.077	True
BEJGEH_02780	0.0	1.077	True
BEJGEH_02856	0.0	1.083	True
BEJGEH_02858	0.0	1.0	True
BEJGEH_02874	0.0	1.0	True
BEJGEH_02913	0.0	1.0	True
BEJGEH_02923	0.0	1.0	True
BEJGEH_02936	0.0	1.0	True
BEJGEH_02945	0.0	1.0	True
BEJGEH_02948	0.0	1.0	True
BEJGEH_02963	0.0	1.0	True
BEJGEH_03044	0.0	1.0	True
BEJGEH_03067	0.0	1.0	True
BEJGEH_03068	0.0	1.077	True
BEJGEH_03077	0.0	1.0	True
BEJGEH_03143	0.0	1.0	True
BEJGEH_03146	0.0	1.0	True
BEJGEH_03154	0.0	1.0	True
BEJGEH_03157	0.0	1.0	True
BEJGEH_03246	0.0	1.154	True
BEJGEH_03281	0.0	1.091	True
BEJGEH_03312	0.0	1.0	True
BEJGEH_03355	0.0	1.0	True
BEJGEH_03419	0.0	1.077	True
BEJGEH_03492	0.0	1.077	True
BEJGEH_03495	0.0	1.0	True
BEJGEH_03498	0.0	1.0	True
BEJGEH_03507	0.0	1.0	True
BEJGEH_03515	0.0	1.0	True
BEJGEH_03547	0.0	1.0	True
BEJGEH_03563	0.0	1.0	True
BEJGEH_03592	0.0	1.0	True
BEJGEH_03636	0.0	1.0	True
BEJGEH_03692	0.0	1.0	True
BEJGEH_03700	0.0	1.0	True
BEJGEH_03716	0.0	1.0	True
BEJGEH_03717	0.0	1.0	True
BEJGEH_03724	0.0	1.0	True
BEJGEH_03742	0.0	1.0	True
BEJGEH_03743	0.0	1.091	True
BEJGEH_03759	0.0	1.0	True
BEJGEH_03767	0.0	1.0	True
BEJGEH_03812	0.0	1.0	True
BEJGEH_03820	0.0	1.0	True
BEJGEH_03827	0.0	1.077	True
BEJGEH_03838	0.0	1.0	True
BEJGEH_03895	0.0	1.0	True
BEJGEH_03957	0.0	1.0	True
BEJGEH_04039	0.0	1.0	True
BEJGEH_04070	0.0	1.0	True
BEJGEH_04073	0.0	1.0	True
BEJGEH_04075	0.0	1.0	True
BEJGEH_04080	0.0	1.0	True
BEJGEH_04099	0.0	1.0	True
BEJGEH_04168	0.0	1.0	True
BEJGEH_04173	0.0	1.0	True
BEJGEH_04175	0.0	1.0	True
BEJGEH_04232	0.0	1.0	True
BEJGEH_04235	0.0	1.0	True
BEJGEH_04267	0.769	1.923	False
BEJGEH_04288	0.0	1.0	True
BEJGEH_04322	0.0	1.077	True
BEJGEH_04326	0.0	1.0	True
BEJGEH_04347	0.0	1.0	True
BEJGEH_04353	0.0	1.0	True
BEJGEH_04371	0.0	1.0	True
BEJGEH_04410	0.0	1.0	True
BEJGEH_04447	0.0	1.0	True
BEJGEH_04451	0.0	1.0	True
BEJGEH_04460	0.0	1.0	True
BEJGEH_04479	0.0	1.0	True
BEJGEH_04493	0.0	1.0	True
BEJGEH_04557	0.0	1.0	True
BEJGEH_04618	0.0	1.0	True
BEJGEH_04653	0.0	1.0	True
BEJGEH_04659	0.0	1.0	True
BEJGEH_04668	0.0	1.0	True
BEJGEH_04678	0.0	1.0	True
BEJGEH_04686	0.0	1.0	True
BEJGEH_04692	0.0	1.0	True
BEJGEH_04694	0.0	1.0	True
BEJGEH_04700	0.0	1.0	True
HFCAGB_00098	0.0	1.0	True
HFCAGB_00133	0.0	1.0	True
HFCAGB_00281	0.0	1.091	True
HFCAGB_00340	0.0	1.0	True
HFCAGB_00372	0.0	1.0	True
HFCAGB_00451	0.0	1.0	True
HFCAGB_00461	0.0	1.091	True
HFCAGB_00549	0.0	1.182	True
HFCAGB_00557	0.0	1.0	True
HFCAGB_00559	0.0	1.0	True
HFCAGB_00677	0.0	1.077	True
HFCAGB_00686	0.0	1.0	True
HFCAGB_00724	0.0	1.0	True
BEJGEH_00308	0.0	1.0	True
BEJGEH_00344	0.0	1.0	True
BEJGEH_00346	0.0	1.231	True
BEJGEH_00348	0.0	1.0	True
BEJGEH_00358	0.0	1.0	True
BEJGEH_00360	0.0	1.0	True
BEJGEH_00367	0.0	1.077	True
LNHIMF_04220	0.0	1.0	True
LNHIMF_04228	0.077	1.077	False
LNHIMF_04229	0.0	1.0	True
LNHIMF_04230	0.0	1.0	True
LNHIMF_04231	0.0	1.0	True
LNHIMF_04232	0.0	1.0	True
LNHIMF_04233	0.0	1.0	True
LNHIMF_04234	0.0	1.0	True
LNHIMF_04235	0.0	1.0	True
LNHIMF_04236	0.0	1.0	True
LNHIMF_04237	0.0	1.0	True
LNHIMF_04260	0.0	1.0	True
LNHIMF_04262	0.0	1.0	True
LNHIMF_04265	0.0	1.0	True
LNHIMF_04269	0.0	1.0	True
LNHIMF_03670	0.0	1.0	True
LNHIMF_03671	0.0	1.0	True
LNHIMF_03672	0.0	1.0	True
LNHIMF_03673	0.0	1.0	True
LNHIMF_03675	0.0	1.0	True
LNHIMF_03676	0.0	1.077	True
LNHIMF_03677	0.0	1.0	True
LNHIMF_03678	0.0	1.0	True
LNHIMF_03681	0.0	1.0	True
LNHIMF_03684	0.0	1.0	True
LNHIMF_03688	0.0	1.0	True
LNHIMF_03696	0.0	1.0	True
LNHIMF_03697	0.0	1.0	True
LNHIMF_03703	0.0	1.0	True
LNHIMF_03705	0.0	1.0	True
LNHIMF_03706	0.0	1.077	True
LNHIMF_03710	0.0	1.0	True
LNHIMF_03711	0.0	1.0	True
LNHIMF_03714	0.0	1.0	True
LNHIMF_03718	0.0	1.0	True
LNHIMF_03721	0.0	1.0	True
LNHIMF_03722	0.0	1.0	True
LNHIMF_03729	0.0	1.0	True
LNHIMF_03731	0.0	1.0	True
LNHIMF_03733	0.0	1.0	True
LNHIMF_03734	0.0	1.077	True
LNHIMF_03736	0.0	1.0	True
LNHIMF_03745	0.0	1.0	True
LNHIMF_03750	0.0	1.0	True
LNHIMF_03757	0.0	1.077	True
LNHIMF_03758	0.0	1.0	True
LNHIMF_03761	0.0	1.0	True
LNHIMF_03764	0.0	1.0	True
LNHIMF_03765	0.0	1.0	True
LNHIMF_03766	0.0	1.0	True
LNHIMF_03772	0.0	1.0	True
PAPNPA_01873	0.0	1.0	True
PAPNPA_02752	0.0	1.0	True
PAPNPA_02781	0.0	1.077	True
PAPNPA_02919	0.0	1.0	True
PAPNPA_03682	0.0	1.0	True
PAPNPA_03909	0.0	1.0	True
BENMGJ_01145	0.0	1.0	True
BENMGJ_02915	0.0	1.0	True
BENMGJ_03040	0.0	1.0	True
BENMGJ_04249	0.0	1.0	True
IKCLMC_00739	0.0	1.0	True
IKCLMC_00748	0.0	1.0	True
IKCLMC_01756	0.0	1.0	True
GEGEGB_04603	0.1	1.1	False
GEGEGB_04621	0.0	1.0	True
GEGEGB_04623	0.0	1.0	True
GEGEGB_04626	0.0	1.0	True
GEGEGB_04627	0.0	1.0	True
GEGEGB_04628	0.0	1.0	True
GEGEGB_04631	0.0	1.0	True
GEGEGB_04634	0.0	1.0	True
GEGEGB_04636	0.0	1.0	True
GEGEGB_04637	0.0	1.0	True
GEGEGB_04638	0.0	1.0	True
GEGEGB_04639	0.0	1.0	True
GEGEGB_04641	0.0	1.0	True
GEGEGB_04643	0.0	1.0	True
GEGEGB_04645	0.0	1.0	True
GEGEGB_04646	0.0	1.0	True
GEGEGB_04652	0.0	1.0	True
GEGEGB_04653	0.0	1.0	True
GEGEGB_04654	0.0	1.0	True
GEGEGB_04656	0.0	1.0	True
GEGEGB_04659	0.0	1.0	True
GEGEGB_04660	0.0	1.0	True
GEGEGB_04661	0.0	1.083	True
GEGEGB_04663	0.0	1.0	True
GEGEGB_04668	0.0	1.0	True
GEGEGB_04669	0.0	1.0	True
GEGEGB_04671	0.0	1.0	True
GEGEGB_04673	0.0	1.0	True
GEGEGB_04675	0.0	1.0	True
GEGEGB_04254	0.0	1.0	True
GEGEGB_04255	0.0	1.0	True
GEGEGB_04260	0.0	1.0	True
GEGEGB_04261	0.0	1.0	True
GEGEGB_04263	0.0	1.0	True
GEGEGB_04264	0.0	1.0	True
GEGEGB_04267	0.0	1.0	True
GEGEGB_04271	0.0	1.0	True
GEGEGB_04273	0.0	1.0	True
GEGEGB_04274	0.0	1.0	True
GEGEGB_04277	0.0	1.0	True
GEGEGB_04279	0.0	1.0	True
GEGEGB_04280	0.0	1.0	True
GEGEGB_04281	0.0	1.0	True
GEGEGB_04282	0.0	1.0	True
GEGEGB_04284	0.0	1.0	True
GEGEGB_04286	0.0	1.083	True
GEGEGB_04288	0.0	1.0	True
GEGEGB_04289	0.0	1.0	True
GEGEGB_04290	0.0	1.083	True
GEGEGB_04294	0.0	1.0	True
GEGEGB_04296	0.0	1.0	True
GEGEGB_04323	0.0	1.0	True
GEGEGB_04324	0.0	1.0	True
GEGEGB_04327	0.0	1.0	True
GEGEGB_04328	0.0	1.0	True
GEGEGB_04329	0.0	1.0	True
GEGEGB_04331	0.0	1.0	True
GEGEGB_04332	0.0	1.0	True
GEGEGB_04334	0.0	1.0	True
GEGEGB_04339	0.077	1.154	False
GEGEGB_04354	0.0	1.0	True
GEGEGB_04355	0.0	1.0	True
GEGEGB_04356	0.0	1.0	True
GEGEGB_03389	0.0	1.0	True
GEGEGB_03390	0.0	1.0	True
GEGEGB_03391	0.0	1.077	True
GEGEGB_03392	0.0	1.0	True
GEGEGB_03393	0.0	1.0	True
GEGEGB_03394	0.0	1.0	True
GEGEGB_03395	0.0	1.0	True
GEGEGB_03397	0.0	1.0	True
GEGEGB_03398	0.0	1.0	True
GEGEGB_03399	0.0	1.0	True
GEGEGB_03400	0.0	1.0	True
GEGEGB_03401	0.0	1.0	True
GEGEGB_03402	0.0	1.0	True
GEGEGB_03403	0.0	1.0	True
GEGEGB_03407	0.0	1.0	True
GEGEGB_03408	0.0	1.0	True
GEGEGB_03409	0.0	1.0	True
GEGEGB_03410	0.0	1.0	True
GEGEGB_03411	0.0	1.0	True
GEGEGB_03413	0.0	1.0	True
GEGEGB_03415	0.0	1.0	True
GEGEGB_03416	0.0	1.0	True
GEGEGB_03417	0.0	1.0	True
GEGEGB_03421	0.0	1.0	True
GEGEGB_03422	0.0	1.0	True
GEGEGB_03423	0.0	1.0	True
GEGEGB_03424	0.0	1.0	True
GEGEGB_03427	0.0	1.0	True
GEGEGB_03433	0.0	1.0	True
GEGEGB_03434	0.0	1.0	True
GEGEGB_03437	0.0	1.0	True
GEGEGB_03438	0.0	1.0	True
GEGEGB_03441	0.0	1.0	True
GEGEGB_03442	0.0	1.0	True
GEGEGB_03447	0.0	1.0	True
GEGEGB_03448	0.0	1.0	True
GEGEGB_03449	0.0	1.0	True
GEGEGB_03450	0.0	1.0	True
GEGEGB_03451	0.0	1.0	True
GEGEGB_03452	0.0	1.0	True
GEGEGB_03453	0.0	1.0	True
GEGEGB_03454	0.0	1.0	True
GEGEGB_03455	0.0	1.0	True
GEGEGB_03456	0.0	1.0	True
GEGEGB_03458	0.0	1.0	True
GEGEGB_03459	0.0	1.0	True
GEGEGB_03460	0.0	1.0	True
GEGEGB_03461	0.0	1.0	True
GEGEGB_03463	0.0	1.0	True
GEGEGB_03465	0.0	1.0	True
GEGEGB_03467	0.0	1.0	True
GEGEGB_03469	0.0	1.0	True
GEGEGB_03470	0.0	1.0	True
GEGEGB_03471	0.0	1.0	True
GEGEGB_03472	0.0	1.0	True
GEGEGB_03473	0.0	1.0	True
GEGEGB_03476	0.0	1.0	True
GEGEGB_03477	0.0	1.0	True
GEGEGB_03478	0.0	1.0	True
GEGEGB_03479	0.0	1.0	True
GEGEGB_03480	0.0	1.0	True
GEGEGB_03485	0.0	1.0	True
GEGEGB_03494	0.0	1.0	True
GEGEGB_03495	0.0	1.0	True
GEGEGB_03497	0.0	1.0	True
GEGEGB_03177	0.0	1.0	True
GEGEGB_03178	0.0	1.0	True
GEGEGB_03181	0.0	1.0	True
GEGEGB_03182	0.0	1.0	True
GEGEGB_03185	0.0	1.0	True
GEGEGB_03186	0.0	1.0	True
GEGEGB_03187	0.0	1.0	True
GEGEGB_03190	0.0	1.0	True
GEGEGB_03203	0.0	1.0	True
GEGEGB_03206	0.0	1.0	True
GEGEGB_03210	0.0	1.0	True
GEGEGB_03211	0.0	1.0	True
GEGEGB_03212	0.0	1.0	True
GEGEGB_03213	0.0	1.0	True
GEGEGB_03216	0.0	1.0	True
GEGEGB_03220	0.0	1.0	True
GEGEGB_03221	0.0	1.0	True
GEGEGB_03222	0.0	1.0	True
GEGEGB_03225	0.0	1.0	True
GEGEGB_03226	0.0	1.0	True
GEGEGB_03227	0.0	1.0	True
GEGEGB_03228	0.0	1.0	True
GEGEGB_03231	0.0	1.0	True
GEGEGB_03232	0.0	1.0	True
GEGEGB_03234	0.0	1.0	True
GEGEGB_03235	0.0	1.0	True
GEGEGB_03236	0.0	1.0	True
GEGEGB_03237	0.0	1.0	True
GEGEGB_03238	0.0	1.0	True
GEGEGB_03240	0.0	1.0	True
GEGEGB_03245	0.0	1.0	True
GEGEGB_03247	0.0	1.0	True
GEGEGB_03254	0.0	1.0	True
GEGEGB_03255	0.0	1.0	True
GEGEGB_03258	0.0	1.0	True
GEGEGB_03259	0.0	1.0	True
GEGEGB_03260	0.0	1.0	True
GEGEGB_03262	0.0	1.0	True
GEGEGB_03263	0.0	1.0	True
GEGEGB_03264	0.0	1.0	True
GEGEGB_03265	0.0	1.0	True
GEGEGB_03267	0.0	1.0	True
GEGEGB_03268	0.0	1.0	True
GEGEGB_03270	0.0	1.0	True
GEGEGB_03271	0.0	1.0	True
GEGEGB_03272	0.0	1.0	True
GEGEGB_03273	0.0	1.0	True
GEGEGB_03274	0.0	1.0	True
GEGEGB_03275	0.0	1.0	True
GEGEGB_03276	0.0	1.0	True
GEGEGB_03278	0.0	1.0	True
GEGEGB_03280	0.0	1.0	True
GEGEGB_02535	0.0	1.0	True
GEGEGB_02536	0.0	1.077	True
GEGEGB_02537	0.0	1.0	True
GEGEGB_02538	0.0	1.0	True
GEGEGB_02539	0.0	1.0	True
GEGEGB_02540	0.0	1.0	True
GEGEGB_02541	0.0	1.0	True
GEGEGB_02542	0.0	1.0	True
GEGEGB_02545	0.0	1.0	True
GEGEGB_02546	0.0	1.0	True
GEGEGB_02547	0.0	1.0	True
GEGEGB_02548	0.0	1.0	True
GEGEGB_02549	0.0	1.0	True
GEGEGB_02550	0.0	1.0	True
GEGEGB_02551	0.0	1.0	True
GEGEGB_02553	0.0	1.0	True
GEGEGB_02554	0.0	1.0	True
GEGEGB_02560	0.0	1.0	True
GEGEGB_02563	0.0	1.0	True
GEGEGB_02564	0.0	1.0	True
GEGEGB_02565	0.0	1.0	True
GEGEGB_02566	0.0	1.0	True
GEGEGB_02572	0.0	1.0	True
GEGEGB_02573	0.0	1.0	True
GEGEGB_02576	0.0	1.0	True
GEGEGB_02579	0.0	1.0	True
GEGEGB_02581	0.0	1.0	True
GEGEGB_02583	0.0	1.0	True
GEGEGB_02586	0.0	1.077	True
GEGEGB_02589	0.0	1.0	True
GEGEGB_02590	0.0	1.0	True
GEGEGB_02591	0.0	1.0	True
GEGEGB_02594	0.0	1.0	True
GEGEGB_02595	0.0	1.0	True
GEGEGB_02600	0.0	1.0	True
GEGEGB_02602	0.0	1.0	True
GEGEGB_02607	0.0	1.0	True
GEGEGB_02608	0.0	1.0	True
GEGEGB_02609	0.0	1.0	True
GEGEGB_02612	0.0	1.0	True
GEGEGB_02613	0.0	1.0	True
GEGEGB_02614	0.0	1.0	True
GEGEGB_02617	0.0	1.0	True
GEGEGB_02618	0.0	1.0	True
GEGEGB_02619	0.0	1.077	True
GEGEGB_02621	0.0	1.0	True
GEGEGB_02622	0.0	1.0	True
GEGEGB_02623	0.0	1.0	True
GEGEGB_02626	0.0	1.0	True
GEGEGB_02629	0.0	1.0	True
GEGEGB_02632	0.0	1.0	True
GEGEGB_02633	0.0	1.0	True
GEGEGB_02635	0.0	1.0	True
BEJGEH_00161	0.0	1.0	True
BEJGEH_00166	0.0	1.0	True
BEJGEH_00180	0.0	1.0	True
BEJGEH_00186	0.0	1.0	True
BEJGEH_00194	0.0	1.0	True
BEJGEH_00196	0.0	1.0	True
BEJGEH_00199	0.0	1.0	True
HFCAGB_01016	0.0	1.0	True
HFCAGB_01031	0.0	1.077	True
HFCAGB_01141	0.0	1.0	True
HFCAGB_01177	0.0	1.091	True
HFCAGB_02785	0.0	1.0	True
HFCAGB_02830	0.0	1.0	True
HFCAGB_02977	0.0	1.0	True
HFCAGB_02979	0.0	1.0	True
HFCAGB_03054	0.0	1.0	True
HFCAGB_03079	0.0	1.0	True
HFCAGB_03086	0.0	1.0	True
HFCAGB_03249	0.0	1.0	True
HFCAGB_03397	0.0	1.0	True
HFCAGB_03583	0.0	1.0	True
HFCAGB_03768	0.0	1.0	True
HFCAGB_03837	0.0	1.0	True
HFCAGB_03967	0.0	1.0	True
HFCAGB_03968	0.0	1.0	True
HFCAGB_04084	0.0	1.0	True
HFCAGB_04087	0.0	1.0	True
HFCAGB_04099	0.0	1.0	True
HFCAGB_04133	0.0	1.0	True
HFCAGB_04177	0.0	1.077	True
HFCAGB_04202	0.0	1.0	True
HFCAGB_04356	0.0	1.0	True
HFCAGB_04375	0.0	1.0	True
HFCAGB_04730	0.0	1.0	True
AJBGEP_00052	0.0	1.0	True
AJBGEP_00592	0.0	1.0	True
AJBGEP_00662	0.0	1.0	True
AJBGEP_00824	0.0	1.0	True
AJBGEP_00912	0.0	1.0	True
AJBGEP_00996	0.0	1.0	True
AJBGEP_01578	0.0	1.0	True
AJBGEP_01662	0.0	1.0	True
AJBGEP_02065	0.0	1.0	True
AJBGEP_02257	0.0	1.0	True
AJBGEP_02298	0.0	1.0	True
AJBGEP_02420	1.0	2.231	False
AJBGEP_02691	0.0	1.1	True
AJBGEP_02882	0.0	1.0	True
AJBGEP_03073	0.0	1.0	True
AJBGEP_03225	0.0	1.0	True
AJBGEP_03353	0.0	1.091	True
AJBGEP_03373	0.0	1.0	True
AJBGEP_03395	0.0	1.0	True
AJBGEP_03535	1.0	2.769	False
AJBGEP_04224	0.0	1.1	True
AJBGEP_04279	0.0	1.0	True
AJBGEP_04481	0.0	1.0	True
AJBGEP_04583	0.0	1.0	True
AJBGEP_04600	0.0	1.0	True
ODDLKH_00019	0.0	1.0	True
ODDLKH_01241	0.0	1.0	True
ODDLKH_03069	0.0	1.077	True
ODDLKH_03450	0.0	1.0	True
ODDLKH_03623	0.0	1.0	True
ODDLKH_03961	0.0	1.0	True
ODDLKH_04192	0.0	1.0	True
BEJGEH_00998	0.0	1.0	True
BEJGEH_01005	0.0	1.154	True
BEJGEH_01078	0.0	1.077	True
BEJGEH_01135	0.0	1.0	True
BEJGEH_01136	0.0	1.0	True
BEJGEH_01210	0.0	1.0	True
BEJGEH_01222	0.0	1.077	True
BEJGEH_01280	0.0	1.0	True
BEJGEH_01307	0.0	1.0	True
BEJGEH_01311	0.0	1.0	True
BEJGEH_01319	0.0	1.0	True
BEJGEH_01320	0.0	1.0	True
BEJGEH_01368	0.0	1.0	True
BEJGEH_01389	0.0	1.0	True
BEJGEH_01396	0.0	1.077	True
BEJGEH_01400	0.0	1.0	True
BEJGEH_01424	0.0	1.077	True
BEJGEH_01443	0.0	1.0	True
BEJGEH_01457	0.0	1.0	True
BEJGEH_01479	0.0	1.0	True
BEJGEH_01496	0.0	1.0	True
BEJGEH_01498	0.0	1.0	True
BEJGEH_01503	0.0	1.0	True
BEJGEH_01507	0.0	1.0	True
BEJGEH_01529	0.0	1.0	True
BEJGEH_01535	0.0	1.0	True
BEJGEH_01538	0.0	1.083	True
BEJGEH_01540	0.0	1.0	True
BEJGEH_01552	0.0	1.0	True
BEJGEH_01558	0.0	1.0	True
BEJGEH_01578	0.0	1.077	True
BEJGEH_01628	0.0	1.0	True
BEJGEH_01633	0.0	1.0	True
BEJGEH_01677	0.0	1.0	True
BEJGEH_01704	0.0	1.154	True
BEJGEH_01706	0.0	1.0	True
OEKLIE_00834	0.0	1.0	True
OEKLIE_03175	0.0	1.077	True
OEKLIE_03605	0.0	1.0	True
GEGEGB_03943	0.0	1.0	True
GEGEGB_03944	0.0	1.0	True
GEGEGB_03946	0.0	1.0	True
GEGEGB_03947	0.0	1.0	True
GEGEGB_03951	0.0	1.0	True
GEGEGB_03952	0.0	1.0	True
GEGEGB_03954	0.0	1.0	True
GEGEGB_03956	0.0	1.0	True
GEGEGB_03958	0.0	1.0	True
GEGEGB_03959	0.0	1.0	True
GEGEGB_03960	0.0	1.0	True
GEGEGB_03961	0.0	1.077	True
GEGEGB_03962	0.0	1.0	True
GEGEGB_03965	0.0	1.0	True
GEGEGB_03966	0.0	1.0	True
GEGEGB_03968	0.0	1.0	True
GEGEGB_03969	0.0	1.0	True
GEGEGB_03971	1.0	2.0	False
GEGEGB_03975	0.0	1.0	True
LNHIMF_00486	0.0	1.0	True
LNHIMF_00503	0.0	1.0	True
LNHIMF_00504	0.0	1.077	True
LNHIMF_00508	0.0	1.0	True
LNHIMF_00514	0.0	1.0	True
LNHIMF_00515	0.0	1.0	True
LNHIMF_00521	0.0	1.0	True
LNHIMF_00525	0.0	1.0	True
LNHIMF_00526	0.0	1.0	True
LNHIMF_00528	0.0	1.0	True
LNHIMF_00529	0.0	1.0	True
LNHIMF_00530	0.0	1.0	True
LNHIMF_00535	0.0	1.0	True
LNHIMF_00536	0.0	1.0	True
LNHIMF_00538	0.0	1.0	True
LNHIMF_00539	0.0	1.0	True
LNHIMF_00543	0.0	1.0	True
LNHIMF_00544	0.0	1.0	True
LNHIMF_00549	0.0	1.0	True
LNHIMF_00551	0.0	1.0	True
LNHIMF_00552	0.0	1.0	True
LNHIMF_00554	0.0	1.0	True
LNHIMF_00555	0.0	1.0	True
LNHIMF_00556	0.0	1.0	True
LNHIMF_00558	0.0	1.0	True
LNHIMF_00559	0.0	1.0	True
BEJGEH_00477	0.0	1.0	True
BEJGEH_00490	0.0	1.0	True
BEJGEH_00506	0.0	1.231	True
BEJGEH_00509	0.0	1.0	True
BEJGEH_00510	0.0	1.0	True
BEJGEH_00527	0.0	1.0	True
BEJGEH_00528	0.0	1.0	True
BEJGEH_00529	0.0	1.0	True
BEJGEH_00530	0.0	1.0	True
BEJGEH_00531	0.0	1.0	True
BEJGEH_00532	0.0	1.0	True
BEJGEH_00533	0.0	1.0	True
BEJGEH_00534	0.0	1.0	True
BEJGEH_00538	0.0	1.0	True
BEJGEH_00541	0.0	1.0	True
BEJGEH_00542	0.0	1.0	True
BEJGEH_00544	0.0	1.0	True
BEJGEH_00552	0.0	1.0	True
BEJGEH_00553	0.0	1.0	True
BEJGEH_00562	0.0	1.0	True
BEJGEH_00577	0.0	1.0	True
BEJGEH_00586	0.0	1.0	True
BEJGEH_00587	0.0	1.0	True
BEJGEH_00594	0.0	1.0	True
BEJGEH_00612	0.0	1.0	True
BEJGEH_00619	0.0	1.0	True
BEJGEH_00629	0.0	1.0	True
BEJGEH_00660	0.0	1.0	True
BEJGEH_00670	0.0	1.0	True
BEJGEH_00703	0.0	1.0	True
BEJGEH_00728	0.0	1.0	True
BEJGEH_00770	0.0	1.0	True
BEJGEH_00772	0.0	1.0	True
LNHIMF_03994	0.0	1.0	True
LNHIMF_04001	0.0	1.0	True
LNHIMF_04009	0.0	1.0	True
LNHIMF_04010	0.0	1.0	True
LNHIMF_04013	0.0	1.0	True
LNHIMF_04014	0.0	1.0	True
LNHIMF_04026	0.0	1.0	True
LNHIMF_04028	0.0	1.0	True
LNHIMF_04043	0.0	1.0	True
LNHIMF_04046	0.0	1.0	True
LNHIMF_04048	0.0	1.077	True
LNHIMF_04061	0.0	1.0	True
LNHIMF_04063	0.0	1.0	True
LNHIMF_04065	0.0	1.0	True
LNHIMF_04068	0.0	1.0	True
LNHIMF_04071	0.0	1.0	True
LNHIMF_04080	0.0	1.0	True
LNHIMF_04083	0.0	1.0	True
LNHIMF_04084	0.0	1.0	True
LNHIMF_04085	0.0	1.0	True
LNHIMF_04086	0.0	1.0	True
LNHIMF_04087	0.0	1.0	True
LNHIMF_04089	0.0	1.0	True
LNHIMF_04092	0.0	1.077	True
LNHIMF_04094	0.0	1.0	True
LNHIMF_04096	0.0	1.0	True
LNHIMF_04099	0.0	1.0	True
LNHIMF_04101	0.0	1.0	True
HFCAGB_02036	0.0	1.0	True
HFCAGB_02052	0.0	1.0	True
HFCAGB_02070	0.0	1.0	True
ONMMKP_00953	0.0	1.0	True
ONMMKP_01187	0.0	1.0	True
GEGEGB_04046	0.0	1.0	True
GEGEGB_04051	0.0	1.0	True
GEGEGB_04053	0.0	1.0	True
GEGEGB_04055	0.0	1.0	True
GEGEGB_04056	0.0	1.0	True
GEGEGB_04057	0.0	1.0	True
GEGEGB_04059	0.0	1.0	True
GEGEGB_04063	0.0	1.0	True
GEGEGB_04067	0.0	1.0	True
GEGEGB_04069	0.0	1.0	True
GEGEGB_04070	0.0	1.0	True
GEGEGB_04073	0.0	1.0	True
GEGEGB_04074	0.0	1.0	True
GEGEGB_04075	0.0	1.0	True
GEGEGB_04078	0.0	1.0	True
GEGEGB_04080	0.0	1.077	True
GEGEGB_04081	0.0	1.0	True
GEGEGB_04084	0.0	1.0	True
GEGEGB_04089	0.0	1.0	True
GEGEGB_04091	0.0	1.0	True
GEGEGB_04092	0.077	1.154	False
GEGEGB_04094	0.0	1.0	True
GEGEGB_04095	0.0	1.0	True
GEGEGB_04096	0.0	1.0	True
GEGEGB_04098	0.0	1.0	True
GEGEGB_04099	0.0	1.0	True
GEGEGB_04101	0.0	1.0	True
GEGEGB_04108	0.0	1.0	True
GEGEGB_04114	0.0	1.0	True
GEGEGB_04115	0.0	1.0	True
GEGEGB_04116	0.0	1.0	True
GEGEGB_04118	0.0	1.0	True
GEGEGB_04120	0.0	1.0	True
GEGEGB_04129	0.0	1.0	True
GEGEGB_04133	0.0	1.0	True
GEGEGB_04137	0.0	1.0	True
GEGEGB_04139	0.0	1.0	True
GEGEGB_04142	0.0	1.0	True
GEGEGB_04143	0.0	1.0	True
GEGEGB_04148	0.0	1.0	True
GEGEGB_04151	0.0	1.0	True
GEGEGB_04152	0.0	1.0	True
GEGEGB_04164	0.0	1.0	True
GEGEGB_04165	0.0	1.0	True
GEGEGB_04166	0.0	1.0	True
GEGEGB_04168	0.0	1.0	True
GEGEGB_04169	0.0	1.0	True
GEGEGB_04171	0.0	1.0	True
GEGEGB_04172	0.0	1.0	True
GEGEGB_04173	0.0	1.0	True
GEGEGB_04174	0.0	1.0	True
GEGEGB_04176	0.0	1.0	True
GEGEGB_04177	0.0	1.0	True
GEGEGB_04178	0.0	1.0	True
GEGEGB_04180	0.0	1.0	True
GEGEGB_04183	0.0	1.0	True
GEGEGB_04184	0.0	1.0	True
GEGEGB_04185	0.0	1.0	True
GEGEGB_04186	0.0	1.0	True
GEGEGB_04187	0.0	1.0	True
GEGEGB_04188	0.0	1.0	True
GEGEGB_04190	0.0	1.0	True
GEGEGB_04192	0.0	1.0	True
GEGEGB_04194	0.0	1.0	True
GEGEGB_04195	0.0	1.0	True
GEGEGB_04196	0.0	1.0	True
GEGEGB_04197	0.0	1.0	True
GEGEGB_04198	0.0	1.0	True
GEGEGB_04200	0.0	1.0	True
GEGEGB_04201	0.0	1.0	True
GEGEGB_04205	0.0	1.0	True
GEGEGB_04206	0.0	1.0	True
GEGEGB_04207	0.0	1.0	True
GEGEGB_04208	0.0	1.0	True
GEGEGB_04210	0.0	1.0	True
GEGEGB_04211	0.0	1.0	True
GEGEGB_04216	0.0	1.0	True
GEGEGB_04217	0.0	1.0	True
GEGEGB_04219	0.0	1.0	True
GEGEGB_04223	0.0	1.0	True
GEGEGB_04226	0.0	1.0	True
GEGEGB_04227	0.0	1.0	True
GEGEGB_04228	0.0	1.0	True
GEGEGB_04230	0.0	1.0	True
GEGEGB_04232	0.0	1.0	True
GEGEGB_04233	0.0	1.0	True
GEGEGB_04235	0.0	1.0	True
GEGEGB_04236	0.0	1.0	True
GEGEGB_04239	0.0	1.0	True
GEGEGB_04242	0.0	1.0	True
GEGEGB_04243	0.0	1.0	True
GEGEGB_04244	0.0	1.0	True
GEGEGB_04246	0.0	1.0	True
GEGEGB_04248	0.0	1.0	True
GEGEGB_04249	0.0	1.0	True
GEGEGB_04251	0.0	1.0	True
GEGEGB_04252	0.0	1.0	True
GEGEGB_03282	0.0	1.0	True
GEGEGB_03283	0.0	1.0	True
GEGEGB_03284	0.0	1.0	True
GEGEGB_03285	0.0	1.0	True
GEGEGB_03286	0.0	1.0	True
GEGEGB_03288	0.0	1.0	True
GEGEGB_03291	0.0	1.0	True
GEGEGB_03292	0.0	1.0	True
GEGEGB_03293	0.0	1.0	True
GEGEGB_03295	0.0	1.0	True
GEGEGB_03298	0.0	1.0	True
GEGEGB_03301	0.0	1.0	True
GEGEGB_03305	0.0	1.0	True
GEGEGB_03306	0.0	1.0	True
GEGEGB_03307	0.0	1.0	True
GEGEGB_03309	0.0	1.0	True
GEGEGB_03312	0.0	1.0	True
GEGEGB_03313	0.0	1.0	True
GEGEGB_03314	0.0	1.0	True
GEGEGB_03315	0.0	1.0	True
GEGEGB_03316	0.0	1.0	True
GEGEGB_03317	0.0	1.0	True
GEGEGB_03318	0.0	1.0	True
GEGEGB_03320	0.0	1.0	True
GEGEGB_03322	0.0	1.0	True
GEGEGB_03323	0.0	1.0	True
GEGEGB_03329	0.0	1.0	True
GEGEGB_03334	0.0	1.0	True
GEGEGB_03337	0.0	1.0	True
GEGEGB_03339	0.0	1.0	True
GEGEGB_03343	0.0	1.0	True
GEGEGB_03350	0.0	1.0	True
GEGEGB_03352	0.0	1.0	True
GEGEGB_03353	0.0	1.0	True
GEGEGB_03358	0.0	1.0	True
GEGEGB_03360	0.0	1.0	True
GEGEGB_03361	0.0	1.0	True
GEGEGB_03362	0.0	1.0	True
GEGEGB_03363	0.0	1.0	True
GEGEGB_03364	0.0	1.0	True
GEGEGB_03365	0.0	1.0	True
GEGEGB_03366	0.0	1.0	True
GEGEGB_03368	0.0	1.0	True
GEGEGB_03369	0.0	1.0	True
GEGEGB_03370	0.0	1.0	True
GEGEGB_03371	0.0	1.0	True
GEGEGB_03374	0.0	1.0	True
GEGEGB_03375	0.0	1.0	True
GEGEGB_03376	0.0	1.0	True
GEGEGB_03379	0.0	1.0	True
GEGEGB_03381	0.0	1.0	True
GEGEGB_03383	0.0	1.0	True
GEGEGB_03384	0.0	1.0	True
GEGEGB_03385	0.0	1.0	True
GEGEGB_03386	0.0	1.0	True
GEGEGB_03388	0.0	1.0	True
GEGEGB_03066	0.0	1.0	True
GEGEGB_03068	0.0	1.0	True
GEGEGB_03075	0.0	1.0	True
GEGEGB_03077	0.0	1.0	True
GEGEGB_03078	0.0	1.0	True
GEGEGB_03084	0.0	1.0	True
GEGEGB_03086	0.0	1.0	True
GEGEGB_03087	0.0	1.0	True
GEGEGB_03088	0.0	1.0	True
GEGEGB_03091	0.0	1.0	True
GEGEGB_03098	0.0	1.0	True
GEGEGB_03111	0.0	1.077	True
GEGEGB_03115	0.0	1.0	True
GEGEGB_03117	0.0	1.0	True
GEGEGB_03118	0.0	1.0	True
GEGEGB_03119	0.0	1.0	True
GEGEGB_03121	0.0	1.0	True
GEGEGB_03122	0.0	1.0	True
GEGEGB_03123	0.0	1.0	True
GEGEGB_03124	0.0	1.0	True
GEGEGB_03129	0.0	1.0	True
GEGEGB_03130	0.0	1.0	True
GEGEGB_03132	0.0	1.0	True
GEGEGB_03133	0.0	1.0	True
GEGEGB_03135	0.0	1.0	True
GEGEGB_03139	0.0	1.0	True
GEGEGB_03140	0.0	1.0	True
GEGEGB_03141	0.0	1.0	True
GEGEGB_03142	0.0	1.0	True
GEGEGB_03144	0.0	1.0	True
GEGEGB_03148	0.0	1.0	True
GEGEGB_03149	0.0	1.0	True
GEGEGB_03150	0.0	1.0	True
GEGEGB_03151	0.0	1.0	True
GEGEGB_03152	0.0	1.0	True
GEGEGB_03158	0.0	1.0	True
GEGEGB_03159	0.077	1.077	False
GEGEGB_03160	0.0	1.0	True
GEGEGB_03161	0.0	1.077	True
GEGEGB_03162	0.0	1.0	True
GEGEGB_03163	0.0	1.0	True
GEGEGB_03164	0.0	1.0	True
GEGEGB_03166	0.0	1.0	True
GEGEGB_03168	0.0	1.0	True
GEGEGB_03169	0.0	1.0	True
GEGEGB_03172	0.0	1.0	True
GEGEGB_03173	0.0	1.0	True
GEGEGB_03174	0.0	1.0	True
GEGEGB_03176	0.0	1.0	True
GEGEGB_02739	0.0	1.0	True
GEGEGB_02740	0.0	1.0	True
GEGEGB_02743	0.0	1.0	True
GEGEGB_02756	0.0	1.0	True
GEGEGB_02759	0.0	1.0	True
GEGEGB_02761	0.0	1.0	True
GEGEGB_02764	0.0	1.0	True
GEGEGB_02765	0.0	1.0	True
GEGEGB_02766	0.0	1.0	True
GEGEGB_02768	0.0	1.0	True
GEGEGB_02769	0.0	1.0	True
GEGEGB_02770	0.0	1.0	True
GEGEGB_02771	0.0	1.0	True
GEGEGB_02772	0.0	1.0	True
GEGEGB_02773	0.0	1.0	True
GEGEGB_02774	0.0	1.0	True
GEGEGB_02779	0.0	1.0	True
GEGEGB_02781	0.0	1.0	True
GEGEGB_02782	0.0	1.0	True
GEGEGB_02783	0.0	1.0	True
GEGEGB_02814	0.0	1.0	True
GEGEGB_02820	0.0	1.0	True
GEGEGB_02821	0.0	1.0	True
GEGEGB_02822	0.0	1.0	True
GEGEGB_02824	0.0	1.0	True
GEGEGB_02827	0.0	1.0	True
GEGEGB_02829	0.0	1.077	True
GEGEGB_02835	0.0	1.0	True
GEGEGB_02838	0.0	1.0	True
GEGEGB_02840	0.0	1.0	True
GEGEGB_02842	0.0	1.0	True
GEGEGB_02844	0.0	1.0	True
GEGEGB_02845	0.0	1.0	True
GEGEGB_02322	0.0	1.0	True
GEGEGB_02323	0.0	1.0	True
GEGEGB_02324	0.0	1.0	True
GEGEGB_02325	0.0	1.0	True
GEGEGB_02326	0.0	1.0	True
GEGEGB_02330	0.0	1.0	True
GEGEGB_02331	0.0	1.0	True
GEGEGB_02332	0.0	1.0	True
GEGEGB_02333	0.0	1.0	True
GEGEGB_02335	0.0	1.0	True
GEGEGB_02339	0.0	1.0	True
GEGEGB_02341	0.0	1.0	True
GEGEGB_02342	0.0	1.0	True
GEGEGB_02345	0.0	1.0	True
GEGEGB_02346	0.0	1.0	True
GEGEGB_02347	0.0	1.0	True
GEGEGB_02349	0.0	1.0	True
GEGEGB_02352	0.0	1.0	True
GEGEGB_02353	0.0	1.0	True
GEGEGB_02354	0.0	1.0	True
GEGEGB_02355	0.0	1.0	True
GEGEGB_02356	0.0	1.0	True
GEGEGB_02358	0.0	1.0	True
GEGEGB_02361	0.0	1.0	True
GEGEGB_02362	0.0	1.0	True
GEGEGB_02363	0.0	1.0	True
GEGEGB_02365	0.0	1.0	True
GEGEGB_02369	0.0	1.0	True
GEGEGB_02372	0.0	1.0	True
GEGEGB_02374	0.0	1.0	True
GEGEGB_02375	0.0	1.0	True
GEGEGB_02382	0.0	1.0	True
GEGEGB_02390	0.0	1.0	True
GEGEGB_02392	0.0	1.0	True
GEGEGB_02394	0.0	1.0	True
GEGEGB_02396	0.0	1.0	True
GEGEGB_02398	0.0	1.0	True
GEGEGB_02399	0.0	1.0	True
GEGEGB_02400	0.0	1.0	True
GEGEGB_02401	0.0	1.0	True
GEGEGB_02410	0.0	1.0	True
GEGEGB_02415	0.0	1.0	True
GEGEGB_02417	0.0	1.0	True
GEGEGB_02421	0.0	1.0	True
GEGEGB_02422	0.0	1.0	True
LNHIMF_04529	0.0	1.0	True
LNHIMF_04530	0.0	1.0	True
LNHIMF_04531	0.0	1.154	True
LNHIMF_04532	0.0	1.0	True
LNHIMF_04535	0.0	1.0	True
LNHIMF_04539	0.0	1.0	True
LNHIMF_04546	0.0	1.0	True
LNHIMF_04550	0.0	1.0	True
LNHIMF_04551	0.0	1.077	True
LNHIMF_04553	0.0	1.0	True
LNHIMF_04554	0.0	1.077	True
LNHIMF_04557	0.0	1.0	True
LNHIMF_04560	0.0	1.0	True
LNHIMF_04561	0.0	1.0	True
LNHIMF_04562	0.0	1.0	True
LNHIMF_04563	0.0	1.0	True
LNHIMF_04572	0.0	1.077	True
LNHIMF_04576	0.0	1.0	True
LNHIMF_04579	0.0	1.0	True
LNHIMF_04580	0.0	1.0	True
LNHIMF_04582	0.0	1.0	True
LNHIMF_04583	0.0	1.0	True
LNHIMF_04588	0.0	1.0	True
LNHIMF_04589	0.0	1.0	True
LNHIMF_04592	0.0	1.077	True
LNHIMF_04597	0.0	1.0	True
LNHIMF_04600	0.0	1.0	True
LNHIMF_04609	0.0	1.0	True
LNHIMF_04612	0.0	1.0	True
LNHIMF_04613	0.0	1.0	True
LNHIMF_04616	0.0	1.0	True
LNHIMF_04623	0.0	1.0	True
LNHIMF_04625	0.0	1.0	True
LNHIMF_04626	0.0	1.0	True
LNHIMF_04630	0.0	1.0	True
LNHIMF_04631	0.0	1.0	True
LNHIMF_04644	0.0	1.0	True
LNHIMF_04648	0.0	1.0	True
LNHIMF_04649	0.0	1.0	True
LNHIMF_04650	0.0	1.0	True
LNHIMF_04652	0.0	1.0	True
LNHIMF_04656	0.0	1.0	True
LNHIMF_04657	0.0	1.0	True
LNHIMF_04658	0.0	1.0	True
LNHIMF_04659	0.0	1.0	True
LNHIMF_04663	0.0	1.0	True
HFCAGB_01626	0.0	1.0	True
HFCAGB_01665	0.0	1.091	True
HFCAGB_01692	0.0	1.0	True
HFCAGB_01423	0.0	1.0	True
BEJGEH_00234	0.0	1.0	True
BEJGEH_00245	0.0	1.0	True
LNHIMF_04104	0.0	1.0	True
LNHIMF_04107	0.0	1.0	True
LNHIMF_04109	0.0	1.077	True
LNHIMF_04112	0.0	1.0	True
LNHIMF_04114	0.0	1.0	True
LNHIMF_04115	0.0	1.0	True
LNHIMF_04118	0.0	1.0	True
LNHIMF_04120	0.0	1.077	True
LNHIMF_04123	0.0	1.0	True
LNHIMF_04124	0.0	1.0	True
LNHIMF_04125	0.0	1.0	True
LNHIMF_04128	0.0	1.0	True
LNHIMF_04129	0.0	1.0	True
LNHIMF_04134	0.0	1.0	True
LNHIMF_04140	0.0	1.0	True
LNHIMF_04141	0.0	1.0	True
LNHIMF_04142	0.0	1.0	True
LNHIMF_04144	0.0	1.0	True
LNHIMF_04145	0.0	1.0	True
LNHIMF_04149	0.0	1.0	True
LNHIMF_04153	0.0	1.0	True
LNHIMF_04155	0.0	1.0	True
LNHIMF_04158	0.0	1.077	True
LNHIMF_04162	0.0	1.0	True
LNHIMF_04167	0.0	1.0	True
LNHIMF_04171	0.0	1.0	True
LNHIMF_04177	0.0	1.0	True
LNHIMF_04178	0.0	1.0	True
LNHIMF_04186	0.0	1.0	True
LNHIMF_04203	0.0	1.0	True
LNHIMF_04205	0.0	1.0	True
LNHIMF_04206	0.0	1.0	True
LNHIMF_04208	0.0	1.0	True
LNHIMF_04209	0.0	1.0	True
LNHIMF_04210	0.0	1.0	True
LNHIMF_04211	0.0	1.0	True
LNHIMF_04212	0.0	1.0	True
HFCAGB_02368	0.077	1.077	False
HFCAGB_02510	1.0	2.231	False
PKJKAM_02726	0.0	1.0	True
PKJKAM_02753	0.0	1.0	True
PKJKAM_02341	0.0	1.077	True
PKJKAM_01942	0.0	1.0	True
ONMMKP_03725	0.1	1.1	False
GEGEGB_03632	0.0	1.0	True
GEGEGB_03633	0.0	1.0	True
GEGEGB_03642	0.0	1.0	True
GEGEGB_03645	0.0	1.0	True
GEGEGB_03646	0.0	1.0	True
GEGEGB_03647	0.0	1.0	True
GEGEGB_03648	0.0	1.0	True
GEGEGB_03649	0.0	1.0	True
GEGEGB_03650	0.0	1.0	True
GEGEGB_03661	0.0	1.0	True
GEGEGB_03662	0.0	1.0	True
GEGEGB_03664	0.0	1.0	True
GEGEGB_03665	0.0	1.0	True
GEGEGB_03666	0.0	1.0	True
GEGEGB_03667	0.0	1.0	True
GEGEGB_03668	0.0	1.0	True
GEGEGB_03675	0.0	1.0	True
GEGEGB_03676	0.0	1.0	True
GEGEGB_03684	0.0	1.0	True
GEGEGB_03687	0.0	1.0	True
GEGEGB_03688	0.0	1.0	True
GEGEGB_03689	0.0	1.0	True
GEGEGB_03690	0.0	1.0	True
GEGEGB_03693	0.0	1.0	True
GEGEGB_03694	0.0	1.0	True
GEGEGB_03695	0.0	1.0	True
GEGEGB_03697	0.0	1.0	True
GEGEGB_03702	0.0	1.077	True
GEGEGB_03703	0.0	1.0	True
GEGEGB_03707	0.0	1.0	True
GEGEGB_03712	0.0	1.0	True
GEGEGB_03716	0.0	1.077	True
GEGEGB_03717	0.0	1.0	True
GEGEGB_03719	0.0	1.0	True
GEGEGB_03721	0.0	1.0	True
GEGEGB_03724	0.0	1.0	True
GEGEGB_03728	0.0	1.0	True
GEGEGB_03729	0.0	1.0	True
GEGEGB_03730	0.0	1.0	True
GEGEGB_03731	0.0	1.0	True
GEGEGB_03732	0.0	1.0	True
GEGEGB_03734	0.0	1.0	True
GEGEGB_03735	0.0	1.0	True
GEGEGB_03736	0.0	1.0	True
GEGEGB_03737	0.0	1.0	True
GEGEGB_03740	0.0	1.0	True
GEGEGB_03741	0.0	1.0	True
GEGEGB_03745	0.0	1.0	True
GEGEGB_03749	0.0	1.0	True
GEGEGB_03751	0.0	1.0	True
GEGEGB_03752	0.0	1.0	True
GEGEGB_03755	0.0	1.0	True
GEGEGB_03757	0.0	1.0	True
GEGEGB_03758	0.0	1.0	True
GEGEGB_03761	0.0	1.0	True
GEGEGB_03763	0.0	1.0	True
GEGEGB_03765	0.0	1.0	True
GEGEGB_03766	0.0	1.0	True
GEGEGB_03768	0.0	1.0	True
GEGEGB_03771	0.0	1.0	True
GEGEGB_03773	0.0	1.0	True
GEGEGB_03778	0.0	1.0	True
GEGEGB_03779	0.0	1.0	True
GEGEGB_03781	0.0	1.0	True
GEGEGB_03787	0.0	1.0	True
GEGEGB_03788	0.0	1.0	True
GEGEGB_03790	0.0	1.0	True
GEGEGB_03791	0.0	1.0	True
GEGEGB_03792	0.0	1.0	True
GEGEGB_03793	0.0	1.0	True
GEGEGB_03794	0.0	1.0	True
GEGEGB_03795	0.0	1.0	True
GEGEGB_03799	0.0	1.0	True
GEGEGB_03809	0.0	1.0	True
GEGEGB_03812	0.0	1.0	True
GEGEGB_03813	0.0	1.0	True
GEGEGB_03814	0.0	1.0	True
GEGEGB_03815	0.0	1.0	True
GEGEGB_03816	0.0	1.0	True
GEGEGB_03817	0.0	1.0	True
GEGEGB_03819	0.0	1.0	True
GEGEGB_03820	0.0	1.0	True
GEGEGB_03822	0.0	1.0	True
GEGEGB_03824	0.0	1.0	True
GEGEGB_03826	0.0	1.0	True
GEGEGB_03827	0.0	1.0	True
GEGEGB_03829	0.0	1.0	True
GEGEGB_03835	0.0	1.0	True
GEGEGB_03838	0.0	1.0	True
GEGEGB_03840	0.0	1.0	True
GEGEGB_03841	0.0	1.0	True
GEGEGB_03848	0.0	1.0	True
GEGEGB_03849	0.0	1.0	True
GEGEGB_03851	0.0	1.0	True
GEGEGB_03853	0.0	1.0	True
GEGEGB_03854	0.0	1.0	True
GEGEGB_03855	0.0	1.0	True
GEGEGB_03856	0.0	1.0	True
GEGEGB_03857	0.0	1.0	True
GEGEGB_03859	0.0	1.0	True
GEGEGB_03860	0.0	1.0	True
GEGEGB_03863	0.0	1.0	True
GEGEGB_03870	0.0	1.0	True
GEGEGB_03871	0.0	1.0	True
GEGEGB_03874	0.0	1.0	True
GEGEGB_03876	0.0	1.0	True
GEGEGB_03877	0.0	1.0	True
GEGEGB_03881	0.0	1.0	True
GEGEGB_03886	0.0	1.0	True
GEGEGB_03887	0.0	1.0	True
GEGEGB_03889	0.0	1.0	True
GEGEGB_03890	0.0	1.0	True
GEGEGB_03891	0.0	1.0	True
GEGEGB_03894	0.0	1.0	True
GEGEGB_03899	0.0	1.0	True
GEGEGB_03900	0.0	1.077	True
GEGEGB_03905	0.0	1.0	True
GEGEGB_03906	0.0	1.0	True
GEGEGB_03907	1.0	2.231	False
GEGEGB_03916	0.0	1.0	True
GEGEGB_03917	0.0	1.0	True
GEGEGB_03919	0.0	1.0	True
GEGEGB_03922	0.0	1.0	True
GEGEGB_03927	0.0	1.0	True
GEGEGB_03930	0.0	1.0	True
GEGEGB_03932	0.0	1.0	True
GEGEGB_03934	0.0	1.0	True
GEGEGB_03935	0.0	1.0	True
GEGEGB_03936	0.0	1.0	True
GEGEGB_03937	0.0	1.0	True
GEGEGB_03938	0.0	1.0	True
GEGEGB_03940	0.0	1.0	True
GEGEGB_02638	0.0	1.0	True
GEGEGB_02639	0.0	1.0	True
GEGEGB_02642	0.0	1.0	True
GEGEGB_02645	0.0	1.0	True
GEGEGB_02648	0.0	1.0	True
GEGEGB_02652	0.0	1.0	True
GEGEGB_02659	0.0	1.0	True
GEGEGB_02664	0.0	1.0	True
GEGEGB_02668	0.0	1.0	True
GEGEGB_02669	0.0	1.0	True
GEGEGB_02670	0.0	1.0	True
GEGEGB_02672	0.0	1.0	True
GEGEGB_02674	0.0	1.0	True
GEGEGB_02676	0.0	1.0	True
GEGEGB_02677	0.0	1.0	True
GEGEGB_02679	0.0	1.0	True
GEGEGB_02682	0.0	1.0	True
GEGEGB_02695	0.0	1.0	True
GEGEGB_02428	0.231	1.385	False
GEGEGB_02434	0.0	1.0	True
GEGEGB_02442	0.0	1.077	True
GEGEGB_02445	0.0	1.0	True
GEGEGB_02447	0.0	1.0	True
GEGEGB_02448	0.0	1.0	True
GEGEGB_02451	0.0	1.0	True
GEGEGB_02452	0.0	1.0	True
GEGEGB_02458	0.0	1.0	True
GEGEGB_02461	0.0	1.0	True
GEGEGB_02462	0.0	1.0	True
GEGEGB_02474	0.0	1.0	True
GEGEGB_02477	0.0	1.0	True
GEGEGB_02480	0.0	1.0	True
GEGEGB_02481	0.0	1.0	True
GEGEGB_02482	0.0	1.0	True
GEGEGB_02483	0.0	1.0	True
GEGEGB_02487	0.0	1.0	True
GEGEGB_02496	0.0	1.0	True
GEGEGB_02498	0.0	1.0	True
GEGEGB_02499	0.0	1.0	True
GEGEGB_02502	0.0	1.0	True
GEGEGB_02503	0.0	1.0	True
GEGEGB_02504	0.0	1.0	True
GEGEGB_02505	0.0	1.0	True
GEGEGB_02506	0.0	1.0	True
GEGEGB_02508	0.0	1.0	True
GEGEGB_02510	0.0	1.0	True
GEGEGB_02513	0.0	1.0	True
GEGEGB_02514	0.0	1.0	True
GEGEGB_02516	0.0	1.0	True
GEGEGB_02517	0.0	1.0	True
GEGEGB_02518	0.0	1.0	True
GEGEGB_02519	0.0	1.0	True
GEGEGB_02520	0.0	1.0	True
GEGEGB_02523	0.0	1.0	True
GEGEGB_02524	0.0	1.0	True
GEGEGB_02525	0.0	1.0	True
GEGEGB_02526	0.0	1.0	True
GEGEGB_02527	0.0	1.0	True
GEGEGB_02529	0.0	1.0	True
GEGEGB_02530	0.0	1.0	True
BEJGEH_00383	0.0	1.0	True
LNHIMF_04427	0.0	1.0	True
LNHIMF_04428	0.0	1.0	True
LNHIMF_04432	0.0	1.0	True
LNHIMF_04435	0.0	1.0	True
LNHIMF_04437	0.0	1.0	True
LNHIMF_04442	0.0	1.0	True
LNHIMF_04445	0.0	1.0	True
LNHIMF_04448	0.0	1.0	True
LNHIMF_04451	0.0	1.0	True
LNHIMF_04452	0.0	1.0	True
LNHIMF_04456	0.0	1.0	True
LNHIMF_04458	0.0	1.0	True
LNHIMF_04459	0.0	1.0	True
LNHIMF_04463	0.0	1.0	True
LNHIMF_04465	0.0	1.0	True
LNHIMF_04466	0.0	1.0	True
LNHIMF_04473	0.0	1.154	True
LNHIMF_04475	0.0	1.0	True
LNHIMF_04479	0.0	1.0	True
LNHIMF_04481	0.0	1.0	True
LNHIMF_04482	0.0	1.0	True
LNHIMF_04483	0.0	1.0	True
LNHIMF_04491	0.0	1.0	True
LNHIMF_04492	0.0	1.0	True
LNHIMF_04494	0.0	1.0	True
LNHIMF_04495	0.0	1.0	True
LNHIMF_04496	0.0	1.0	True
LNHIMF_04497	0.0	1.0	True
LNHIMF_04507	0.0	1.0	True
LNHIMF_04509	0.0	1.0	True
LNHIMF_04510	0.0	1.0	True
LNHIMF_04512	0.0	1.0	True
LNHIMF_04524	0.0	1.0	True
LNHIMF_04525	0.0	1.0	True
LNHIMF_03876	0.0	1.0	True
LNHIMF_03877	0.0	1.0	True
LNHIMF_03878	0.0	1.077	True
LNHIMF_03887	0.0	1.0	True
LNHIMF_03895	0.0	1.0	True
LNHIMF_03897	0.0	1.0	True
LNHIMF_03898	0.0	1.0	True
LNHIMF_03901	0.0	1.0	True
LNHIMF_03902	0.0	1.0	True
LNHIMF_03905	0.0	1.0	True
LNHIMF_03907	0.0	1.0	True
LNHIMF_03908	0.0	1.154	True
LNHIMF_03911	0.0	1.0	True
LNHIMF_03914	0.0	1.0	True
LNHIMF_03917	0.0	1.0	True
LNHIMF_03923	0.0	1.0	True
LNHIMF_03925	0.0	1.0	True
LNHIMF_03928	0.0	1.0	True
LNHIMF_03929	0.0	1.0	True
LNHIMF_03930	0.0	1.0	True
LNHIMF_03931	0.0	1.0	True
LNHIMF_03932	0.0	1.0	True
LNHIMF_03936	0.0	1.0	True
LNHIMF_03938	0.0	1.077	True
LNHIMF_03949	0.0	1.077	True
LNHIMF_03953	0.0	1.0	True
LNHIMF_03954	0.0	1.0	True
LNHIMF_03970	0.0	1.0	True
LNHIMF_03971	0.0	1.0	True
LNHIMF_03973	0.0	1.0	True
LNHIMF_03975	0.0	1.0	True
LNHIMF_03978	0.0	1.0	True
LNHIMF_03979	0.0	1.0	True
LNHIMF_03980	0.0	1.0	True
LNHIMF_03988	0.0	1.0	True
LNHIMF_03990	0.0	1.0	True
HFCAGB_01923	0.0	1.0	True
HFCAGB_01981	0.0	1.0	True
HFCAGB_02326	0.0	1.0	True
IKCLMC_04832	0.0	1.0	True
GEGEGB_04803	0.0	1.0	True
GEGEGB_04806	0.077	1.077	False
GEGEGB_04807	0.0	1.0	True
GEGEGB_04816	0.0	1.0	True
GEGEGB_04817	0.0	1.0	True
GEGEGB_04818	0.0	1.0	True
GEGEGB_04819	0.0	1.0	True
GEGEGB_04826	0.0	1.0	True
GEGEGB_04838	0.0	1.0	True
GEGEGB_04839	0.0	1.0	True
GEGEGB_04842	0.0	1.0	True
GEGEGB_04844	0.0	1.0	True
GEGEGB_04845	0.0	1.0	True
GEGEGB_04848	0.0	1.0	True
GEGEGB_04849	0.0	1.0	True
GEGEGB_04851	0.0	1.0	True
GEGEGB_04853	0.0	1.0	True
GEGEGB_04861	0.0	1.0	True
GEGEGB_04862	0.0	1.0	True
GEGEGB_04863	0.0	1.0	True
GEGEGB_04868	0.0	1.0	True
GEGEGB_04869	0.0	1.0	True
GEGEGB_04870	0.0	1.0	True
GEGEGB_04871	0.0	1.0	True
GEGEGB_04874	0.0	1.0	True
GEGEGB_04875	0.0	1.0	True
GEGEGB_04876	0.0	1.0	True
GEGEGB_04877	0.0	1.0	True
GEGEGB_04879	0.0	1.0	True
GEGEGB_04880	0.0	1.0	True
GEGEGB_04885	0.0	1.0	True
GEGEGB_04888	0.0	1.077	True
GEGEGB_04895	0.0	1.0	True
GEGEGB_04897	0.0	1.0	True
LNHIMF_00016	0.0	1.0	True
LNHIMF_00017	0.0	1.0	True
LNHIMF_00020	0.0	1.077	True
LNHIMF_00022	0.0	1.0	True
LNHIMF_00023	0.0	1.0	True
LNHIMF_00024	0.0	1.154	True
LNHIMF_00025	0.0	1.0	True
LNHIMF_00026	0.0	1.0	True
LNHIMF_00028	0.0	1.0	True
LNHIMF_00029	0.0	1.0	True
LNHIMF_00030	0.0	1.0	True
LNHIMF_00037	0.0	1.0	True
LNHIMF_00040	0.0	1.0	True
LNHIMF_00041	0.0	1.0	True
LNHIMF_00043	0.0	1.0	True
LNHIMF_00044	0.0	1.0	True
LNHIMF_00045	0.0	1.0	True
LNHIMF_00047	0.0	1.0	True
LNHIMF_00048	0.0	1.0	True
LNHIMF_00056	1.0	2.692	False
LNHIMF_00062	0.0	1.0	True
LNHIMF_00063	0.0	1.0	True
LNHIMF_00065	0.0	1.0	True
LNHIMF_00068	0.0	1.0	True
LNHIMF_00069	0.0	1.0	True
LNHIMF_00072	0.0	1.0	True
LNHIMF_00073	0.0	1.0	True
LNHIMF_00076	0.0	1.0	True
LNHIMF_00088	0.0	1.0	True
LNHIMF_00092	0.0	1.0	True
LNHIMF_00098	0.0	1.0	True
LNHIMF_00100	0.0	1.0	True
LNHIMF_00104	0.0	1.0	True
LNHIMF_00106	0.0	1.0	True
LNHIMF_00109	0.0	1.0	True
LNHIMF_00114	0.0	1.0	True
LNHIMF_00116	0.0	1.0	True
LNHIMF_00117	0.0	1.0	True
LNHIMF_00118	0.0	1.0	True
LNHIMF_00119	0.0	1.0	True
LNHIMF_00121	0.0	1.0	True
LNHIMF_00123	0.0	1.0	True
LNHIMF_00124	0.0	1.0	True
LNHIMF_00128	0.0	1.0	True
LNHIMF_00130	0.0	1.0	True
LNHIMF_00132	0.0	1.0	True
LNHIMF_00138	0.0	1.0	True
LNHIMF_00139	0.0	1.0	True
LNHIMF_00141	0.0	1.077	True
LNHIMF_00148	0.0	1.0	True
LNHIMF_00149	0.0	1.0	True
LNHIMF_00151	0.0	1.0	True
LNHIMF_00153	0.0	1.0	True
LNHIMF_00154	0.0	1.0	True
LNHIMF_00169	0.0	1.077	True
LNHIMF_00170	0.0	1.0	True
LNHIMF_00177	0.0	1.0	True
LNHIMF_00178	0.0	1.0	True
LNHIMF_00179	0.0	1.0	True
LNHIMF_00182	0.0	1.0	True
LNHIMF_00185	0.0	1.0	True
LNHIMF_00188	0.0	1.0	True
LNHIMF_00189	0.0	1.0	True
LNHIMF_00198	0.0	1.0	True
LNHIMF_00201	0.0	1.0	True
LNHIMF_00203	0.0	1.0	True
LNHIMF_00204	0.0	1.0	True
LNHIMF_00205	0.0	1.1	True
LNHIMF_00207	0.0	1.0	True
LNHIMF_00208	0.0	1.0	True
LNHIMF_00210	0.0	1.0	True
LNHIMF_00213	0.0	1.0	True
LNHIMF_00216	0.0	1.0	True
LNHIMF_00221	0.0	1.0	True
LNHIMF_00230	0.0	1.0	True
LNHIMF_00238	0.0	1.0	True
LNHIMF_00245	0.0	1.0	True
LNHIMF_00254	0.0	1.0	True
LNHIMF_00256	0.0	1.0	True
LNHIMF_00257	0.0	1.0	True
LNHIMF_00258	0.0	1.0	True
LNHIMF_00267	0.0	1.0	True
LNHIMF_00268	0.0	1.0	True
LNHIMF_00269	0.0	1.0	True
LNHIMF_00270	0.0	1.0	True
LNHIMF_00271	0.0	1.0	True
LNHIMF_00273	0.0	1.0	True
LNHIMF_00274	0.0	1.0	True
LNHIMF_00320	0.0	1.0	True
LNHIMF_00321	0.0	1.0	True
LNHIMF_00332	0.0	1.0	True
LNHIMF_00334	0.0	1.0	True
LNHIMF_00335	0.0	1.0	True
LNHIMF_00337	0.0	1.0	True
LNHIMF_00340	0.0	1.154	True
LNHIMF_00342	0.0	1.0	True
LNHIMF_00344	0.0	1.0	True
LNHIMF_00366	0.0	1.077	True
LNHIMF_00369	0.0	1.0	True
LNHIMF_00370	0.0	1.077	True
LNHIMF_00371	0.0	1.0	True
LNHIMF_00372	0.0	1.0	True
LNHIMF_00373	0.0	1.077	True
LNHIMF_00375	0.0	1.0	True
LNHIMF_00376	0.0	1.0	True
LNHIMF_00378	0.0	1.0	True
LNHIMF_00381	0.0	1.0	True
LNHIMF_00383	0.0	1.0	True
LNHIMF_00387	0.0	1.0	True
LNHIMF_00388	0.0	1.0	True
LNHIMF_00391	0.0	1.0	True
LNHIMF_00392	0.0	1.0	True
LNHIMF_00394	0.0	1.077	True
LNHIMF_00397	0.0	1.0	True
LNHIMF_00398	0.0	1.0	True
LNHIMF_00403	0.0	1.0	True
LNHIMF_00404	0.0	1.0	True
LNHIMF_00408	0.0	1.0	True
LNHIMF_00412	0.0	1.0	True
LNHIMF_00413	0.0	1.0	True
LNHIMF_00417	0.0	1.0	True
LNHIMF_00421	0.0	1.154	True
LNHIMF_00422	0.0	1.0	True
LNHIMF_00423	0.0	1.0	True
LNHIMF_00425	0.0	1.0	True
LNHIMF_00427	0.0	1.0	True
LNHIMF_00428	0.0	1.077	True
LNHIMF_00431	0.0	1.0	True
LNHIMF_00432	0.0	1.0	True
LNHIMF_00437	0.077	1.077	False
LNHIMF_00440	0.0	1.0	True
LNHIMF_00442	0.0	1.0	True
LNHIMF_00444	0.0	1.0	True
LNHIMF_00445	0.0	1.0	True
LNHIMF_00447	0.0	1.0	True
LNHIMF_00448	0.0	1.0	True
LNHIMF_00451	0.0	1.0	True
LNHIMF_00452	0.0	1.0	True
LNHIMF_00454	0.0	1.0	True
LNHIMF_00455	0.0	1.0	True
LNHIMF_00460	0.0	1.0	True
LNHIMF_00461	0.0	1.0	True
LNHIMF_00465	0.0	1.0	True
LNHIMF_00473	0.0	1.0	True
LNHIMF_00483	0.0	1.0	True
GEGEGB_00001	0.0	1.0	True
GEGEGB_00002	0.0	1.0	True
GEGEGB_00003	0.0	1.0	True
GEGEGB_00004	0.0	1.0	True
GEGEGB_00005	0.0	1.0	True
GEGEGB_00006	0.0	1.0	True
GEGEGB_00007	0.0	1.0	True
GEGEGB_00008	0.0	1.0	True
GEGEGB_00009	0.0	1.0	True
GEGEGB_00010	0.0	1.0	True
GEGEGB_00011	0.0	1.0	True
GEGEGB_00012	0.0	1.0	True
GEGEGB_00014	0.0	1.0	True
GEGEGB_00015	0.0	1.0	True
GEGEGB_00018	0.0	1.0	True
GEGEGB_00030	0.0	1.0	True
GEGEGB_00034	0.0	1.0	True
GEGEGB_00045	0.0	1.0	True
GEGEGB_00049	0.0	1.0	True
GEGEGB_00052	0.0	1.0	True
GEGEGB_00053	0.0	1.0	True
GEGEGB_00056	0.0	1.0	True
GEGEGB_00057	0.0	1.0	True
GEGEGB_00060	1.0	2.846	False
GEGEGB_00062	0.0	1.0	True
GEGEGB_00063	0.0	1.0	True
GEGEGB_00064	0.0	1.0	True
GEGEGB_00067	0.0	1.0	True
GEGEGB_00069	0.0	1.0	True
GEGEGB_00072	0.0	1.0	True
GEGEGB_00073	0.0	1.0	True
GEGEGB_00076	0.0	1.0	True
GEGEGB_00077	0.0	1.0	True
GEGEGB_00079	0.0	1.0	True
GEGEGB_00080	0.0	1.0	True
GEGEGB_00081	0.0	1.077	True
GEGEGB_00082	0.0	1.0	True
GEGEGB_00084	0.0	1.0	True
GEGEGB_00085	0.0	1.0	True
GEGEGB_00086	0.0	1.0	True
GEGEGB_00088	0.0	1.0	True
GEGEGB_00093	0.0	1.0	True
GEGEGB_00094	0.0	1.0	True
GEGEGB_00095	0.0	1.0	True
GEGEGB_00097	0.0	1.0	True
GEGEGB_00098	0.0	1.0	True
GEGEGB_00099	0.0	1.077	True
GEGEGB_00100	0.0	1.0	True
GEGEGB_00101	0.0	1.0	True
GEGEGB_00103	0.0	1.0	True
GEGEGB_00109	0.0	1.0	True
GEGEGB_00112	0.0	1.0	True
GEGEGB_00114	0.0	1.0	True
GEGEGB_00115	0.0	1.0	True
GEGEGB_00117	0.0	1.0	True
GEGEGB_00118	0.0	1.0	True
GEGEGB_00120	0.0	1.0	True
GEGEGB_00122	0.0	1.0	True
GEGEGB_00129	0.0	1.0	True
GEGEGB_00132	0.0	1.0	True
GEGEGB_00133	0.0	1.0	True
GEGEGB_00134	0.0	1.0	True
GEGEGB_00136	0.0	1.0	True
GEGEGB_00138	0.0	1.0	True
GEGEGB_00140	0.0	1.0	True
GEGEGB_00142	0.0	1.0	True
GEGEGB_00143	0.0	1.0	True
GEGEGB_00147	0.0	1.0	True
GEGEGB_00150	0.0	1.0	True
GEGEGB_00153	0.0	1.0	True
GEGEGB_00154	0.0	1.0	True
GEGEGB_00155	0.0	1.0	True
GEGEGB_00156	0.0	1.0	True
GEGEGB_00159	0.0	1.0	True
GEGEGB_00161	0.0	1.0	True
GEGEGB_00165	0.0	1.0	True
GEGEGB_00166	0.0	1.0	True
GEGEGB_00168	0.0	1.0	True
GEGEGB_00170	0.0	1.0	True
GEGEGB_00172	0.0	1.0	True
GEGEGB_00173	0.0	1.0	True
GEGEGB_00174	0.0	1.154	True
GEGEGB_00175	0.0	1.0	True
GEGEGB_00177	0.0	1.0	True
GEGEGB_00180	0.0	1.0	True
GEGEGB_00181	0.0	1.0	True
GEGEGB_00183	0.0	1.0	True
GEGEGB_00184	0.0	1.0	True
GEGEGB_00185	0.0	1.0	True
GEGEGB_00189	0.0	1.0	True
GEGEGB_00192	0.0	1.0	True
GEGEGB_00202	0.0	1.0	True
GEGEGB_00204	0.0	1.0	True
GEGEGB_00205	0.0	1.0	True
GEGEGB_00207	0.0	1.0	True
GEGEGB_00212	0.0	1.0	True
GEGEGB_00215	0.0	1.0	True
GEGEGB_00217	0.0	1.0	True
GEGEGB_00218	0.0	1.0	True
GEGEGB_00220	0.0	1.0	True
GEGEGB_00221	0.0	1.0	True
GEGEGB_00223	0.0	1.0	True
GEGEGB_00224	0.0	1.0	True
GEGEGB_00228	0.0	1.0	True
GEGEGB_00229	0.0	1.0	True
GEGEGB_00231	0.0	1.0	True
GEGEGB_00233	0.0	1.0	True
GEGEGB_00234	0.0	1.0	True
GEGEGB_00235	0.0	1.0	True
GEGEGB_00238	0.0	1.0	True
GEGEGB_00239	0.0	1.0	True
GEGEGB_00240	0.0	1.0	True
GEGEGB_00241	0.0	1.0	True
GEGEGB_00242	0.0	1.0	True
GEGEGB_00243	0.0	1.0	True
GEGEGB_00245	0.0	1.0	True
GEGEGB_00246	0.0	1.0	True
GEGEGB_00247	0.0	1.0	True
GEGEGB_00248	0.0	1.0	True
GEGEGB_00254	0.0	1.0	True
GEGEGB_00255	0.0	1.0	True
GEGEGB_00256	0.0	1.0	True
GEGEGB_00257	0.0	1.0	True
GEGEGB_00258	0.0	1.0	True
GEGEGB_00259	0.0	1.0	True
GEGEGB_00260	0.0	1.0	True
GEGEGB_00264	0.0	1.0	True
GEGEGB_00266	0.0	1.0	True
GEGEGB_00270	0.0	1.0	True
GEGEGB_00278	0.0	1.0	True
GEGEGB_00279	0.0	1.0	True
GEGEGB_00280	0.0	1.0	True
GEGEGB_00284	0.0	1.0	True
GEGEGB_00285	0.0	1.0	True
GEGEGB_00286	0.0	1.0	True
GEGEGB_00287	0.0	1.0	True
GEGEGB_00292	0.0	1.0	True
GEGEGB_00296	0.0	1.0	True
GEGEGB_00297	0.0	1.0	True
GEGEGB_00298	0.0	1.0	True
GEGEGB_00299	0.0	1.0	True
GEGEGB_00301	0.0	1.0	True
GEGEGB_00302	0.0	1.0	True
GEGEGB_00303	0.0	1.0	True
GEGEGB_00304	0.0	1.0	True
GEGEGB_00307	0.0	1.0	True
GEGEGB_00308	0.0	1.0	True
GEGEGB_00309	0.0	1.0	True
GEGEGB_00312	0.0	1.0	True
GEGEGB_00317	0.0	1.0	True
GEGEGB_00318	0.0	1.0	True
GEGEGB_00319	0.0	1.0	True
GEGEGB_00320	0.0	1.0	True
GEGEGB_00322	0.0	1.0	True
GEGEGB_00326	0.0	1.0	True
GEGEGB_00327	0.0	1.0	True
GEGEGB_00332	0.0	1.0	True
GEGEGB_00334	0.0	1.0	True
GEGEGB_00337	0.0	1.0	True
GEGEGB_00338	0.0	1.0	True
GEGEGB_00339	0.0	1.0	True
GEGEGB_00340	0.0	1.0	True
GEGEGB_00341	0.0	1.0	True
GEGEGB_00344	0.0	1.0	True
GEGEGB_00345	0.0	1.0	True
GEGEGB_00346	0.0	1.0	True
GEGEGB_00348	0.0	1.0	True
GEGEGB_00352	0.0	1.0	True
GEGEGB_00353	0.0	1.154	True
GEGEGB_00358	0.0	1.0	True
GEGEGB_00360	0.0	1.0	True
GEGEGB_00361	0.0	1.0	True
GEGEGB_00365	0.0	1.0	True
GEGEGB_00366	0.0	1.0	True
GEGEGB_00367	0.0	1.0	True
GEGEGB_00368	0.0	1.0	True
GEGEGB_00381	0.0	1.0	True
GEGEGB_00382	0.0	1.0	True
GEGEGB_00388	0.0	1.0	True
GEGEGB_00390	0.0	1.0	True
GEGEGB_00392	0.0	1.0	True
GEGEGB_00393	0.0	1.0	True
GEGEGB_00394	0.0	1.0	True
GEGEGB_00395	0.0	1.0	True
GEGEGB_00396	0.0	1.0	True
GEGEGB_00397	0.0	1.0	True
GEGEGB_00402	0.0	1.0	True
GEGEGB_00404	0.0	1.0	True
GEGEGB_00405	0.0	1.0	True
GEGEGB_00406	0.0	1.0	True
GEGEGB_00409	0.0	1.0	True
GEGEGB_00411	0.0	1.0	True
GEGEGB_00414	0.0	1.0	True
GEGEGB_00416	0.0	1.0	True
GEGEGB_00417	0.0	1.0	True
GEGEGB_00418	0.0	1.0	True
GEGEGB_00420	0.0	1.0	True
GEGEGB_00423	0.0	1.0	True
GEGEGB_00426	0.0	1.0	True
GEGEGB_00427	0.0	1.0	True
GEGEGB_00429	0.0	1.0	True
GEGEGB_00430	0.0	1.0	True
GEGEGB_00433	0.0	1.0	True
GEGEGB_00436	0.0	1.0	True
GEGEGB_00439	0.0	1.0	True
GEGEGB_00444	0.0	1.0	True
GEGEGB_00445	0.0	1.0	True
GEGEGB_00446	0.0	1.0	True
GEGEGB_00448	0.0	1.0	True
GEGEGB_00449	0.0	1.0	True
GEGEGB_00450	0.0	1.0	True
GEGEGB_00451	0.0	1.0	True
GEGEGB_00452	0.0	1.0	True
GEGEGB_00459	0.0	1.0	True
GEGEGB_00461	0.0	1.0	True
GEGEGB_00462	0.0	1.0	True
GEGEGB_00463	0.0	1.0	True
GEGEGB_00464	0.0	1.0	True
GEGEGB_00465	0.0	1.0	True
GEGEGB_00466	0.0	1.0	True
GEGEGB_00469	0.0	1.077	True
GEGEGB_00470	0.0	1.0	True
GEGEGB_00472	0.0	1.0	True
GEGEGB_00473	0.0	1.0	True
GEGEGB_00474	0.0	1.0	True
GEGEGB_00475	0.0	1.0	True
GEGEGB_00480	0.0	1.0	True
GEGEGB_00481	0.0	1.0	True
GEGEGB_00482	0.0	1.0	True
GEGEGB_00486	0.0	1.0	True
GEGEGB_00487	0.0	1.0	True
GEGEGB_00488	0.0	1.0	True
GEGEGB_00489	0.0	1.0	True
GEGEGB_00491	0.0	1.0	True
GEGEGB_00493	0.0	1.0	True
GEGEGB_00496	0.0	1.0	True
GEGEGB_00497	0.0	1.0	True
GEGEGB_00498	0.0	1.0	True
GEGEGB_00499	0.0	1.0	True
GEGEGB_00501	0.0	1.077	True
GEGEGB_00502	0.0	1.0	True
GEGEGB_00504	0.0	1.0	True
GEGEGB_00505	0.0	1.0	True
GEGEGB_00512	0.0	1.0	True
GEGEGB_00513	0.0	1.0	True
GEGEGB_00515	0.0	1.0	True
GEGEGB_00516	0.0	1.0	True
GEGEGB_00517	0.0	1.0	True
GEGEGB_00518	0.0	1.0	True
GEGEGB_00519	0.0	1.0	True
GEGEGB_00520	0.0	1.0	True
GEGEGB_00522	0.0	1.0	True
GEGEGB_00523	0.0	1.0	True
GEGEGB_00526	0.0	1.0	True
GEGEGB_00528	0.0	1.0	True
GEGEGB_00535	0.0	1.0	True
GEGEGB_00536	0.0	1.0	True
GEGEGB_00537	0.0	1.0	True
GEGEGB_00538	0.0	1.0	True
GEGEGB_00539	0.0	1.0	True
GEGEGB_00540	0.0	1.0	True
GEGEGB_00541	0.0	1.0	True
GEGEGB_00543	0.0	1.0	True
GEGEGB_00546	0.0	1.0	True
GEGEGB_00547	0.0	1.0	True
GEGEGB_00550	0.0	1.0	True
GEGEGB_00551	0.0	1.0	True
GEGEGB_00553	0.0	1.0	True
GEGEGB_00554	0.0	1.0	True
GEGEGB_00559	0.0	1.0	True
GEGEGB_00560	0.0	1.0	True
GEGEGB_00561	0.0	1.0	True
GEGEGB_00562	0.0	1.0	True
GEGEGB_00563	0.0	1.0	True
GEGEGB_00566	0.0	1.0	True
GEGEGB_00567	0.0	1.0	True
GEGEGB_00569	0.0	1.0	True
GEGEGB_00571	0.0	1.0	True
GEGEGB_00572	0.0	1.0	True
GEGEGB_00575	0.0	1.077	True
GEGEGB_00577	0.0	1.0	True
GEGEGB_00578	0.0	1.0	True
GEGEGB_00579	0.0	1.0	True
GEGEGB_00580	0.0	1.0	True
GEGEGB_00584	0.0	1.0	True
GEGEGB_00585	0.0	1.0	True
GEGEGB_00586	0.0	1.0	True
GEGEGB_00590	0.0	1.0	True
GEGEGB_00592	0.0	1.0	True
GEGEGB_00593	0.0	1.0	True
GEGEGB_00594	0.0	1.0	True
GEGEGB_00598	0.0	1.0	True
GEGEGB_00607	0.0	1.0	True
GEGEGB_00610	0.077	1.077	False
GEGEGB_00611	0.0	1.0	True
GEGEGB_00612	0.0	1.923	True
GEGEGB_00614	0.0	1.0	True
GEGEGB_00615	0.0	1.0	True
GEGEGB_00627	0.0	1.0	True
GEGEGB_00628	0.0	1.0	True
GEGEGB_00631	0.0	1.0	True
GEGEGB_00640	0.0	1.0	True
GEGEGB_00643	0.0	1.0	True
GEGEGB_00644	0.0	1.0	True
GEGEGB_00648	0.0	1.0	True
GEGEGB_00649	0.0	1.0	True
GEGEGB_00651	0.0	1.0	True
GEGEGB_00652	0.0	1.0	True
GEGEGB_00653	0.0	1.0	True
GEGEGB_00654	0.0	1.0	True
GEGEGB_00655	0.0	1.0	True
GEGEGB_00658	1.0	2.231	False
GEGEGB_00659	1.0	2.231	False
GEGEGB_00662	1.0	2.308	False
GEGEGB_00663	1.0	2.308	False
GEGEGB_00664	1.0	2.077	False
GEGEGB_00665	0.0	1.0	True
GEGEGB_00672	0.0	1.0	True
GEGEGB_00673	0.0	1.0	True
GEGEGB_00674	0.0	1.0	True
GEGEGB_00675	0.0	1.0	True
GEGEGB_00676	0.0	1.0	True
GEGEGB_00677	0.0	1.0	True
GEGEGB_00678	0.0	1.0	True
GEGEGB_00680	0.0	1.0	True
GEGEGB_00681	0.0	1.0	True
GEGEGB_00682	0.0	1.0	True
GEGEGB_00683	0.0	1.0	True
GEGEGB_00684	0.0	1.0	True
GEGEGB_00685	0.0	1.0	True
GEGEGB_00686	0.0	1.0	True
GEGEGB_00687	0.0	1.0	True
GEGEGB_00688	0.0	1.0	True
GEGEGB_00689	0.0	1.0	True
GEGEGB_00690	0.0	1.0	True
GEGEGB_00692	0.0	1.0	True
GEGEGB_00693	0.0	1.0	True
GEGEGB_00694	0.0	1.0	True
GEGEGB_00695	0.0	1.0	True
GEGEGB_00696	0.0	1.0	True
GEGEGB_00697	0.0	1.0	True
GEGEGB_00698	0.0	1.0	True
GEGEGB_00704	0.0	1.0	True
GEGEGB_00706	0.0	1.0	True
GEGEGB_00707	0.0	1.0	True
GEGEGB_00708	0.0	1.0	True
GEGEGB_00717	0.0	1.0	True
GEGEGB_00718	0.0	1.0	True
GEGEGB_00720	0.0	1.0	True
GEGEGB_00721	0.0	1.0	True
GEGEGB_00722	0.0	1.0	True
GEGEGB_00723	0.0	1.0	True
GEGEGB_00724	0.0	1.0	True
GEGEGB_00725	0.0	1.0	True
GEGEGB_00726	0.0	1.0	True
GEGEGB_00727	0.0	1.0	True
GEGEGB_00728	0.0	1.0	True
GEGEGB_00730	0.0	1.0	True
GEGEGB_00731	0.0	1.0	True
GEGEGB_00732	0.0	1.0	True
GEGEGB_00733	0.0	1.0	True
GEGEGB_00734	0.0	1.0	True
GEGEGB_00735	0.0	1.0	True
GEGEGB_00736	0.0	1.0	True
GEGEGB_00738	0.0	1.0	True
GEGEGB_00740	0.0	1.0	True
GEGEGB_00741	0.0	1.0	True
GEGEGB_00742	0.0	1.0	True
GEGEGB_00747	0.0	1.0	True
GEGEGB_00748	0.0	1.0	True
GEGEGB_00751	0.0	1.0	True
GEGEGB_00757	0.0	1.0	True
GEGEGB_00758	0.0	1.0	True
GEGEGB_00759	0.0	1.0	True
GEGEGB_00760	0.0	1.0	True
GEGEGB_00761	0.0	1.0	True
GEGEGB_00762	0.0	1.0	True
GEGEGB_00763	0.0	1.0	True
GEGEGB_00764	0.0	1.0	True
GEGEGB_00769	0.0	1.0	True
GEGEGB_00787	0.0	1.0	True
GEGEGB_00789	0.0	1.0	True
GEGEGB_00795	0.0	1.0	True
GEGEGB_00797	0.0	1.0	True
GEGEGB_00798	0.0	1.0	True
GEGEGB_00800	0.0	1.0	True
GEGEGB_00804	0.0	1.0	True
GEGEGB_00805	0.0	1.0	True
GEGEGB_00806	0.0	1.0	True
GEGEGB_00809	0.0	1.0	True
GEGEGB_00810	0.0	1.0	True
GEGEGB_00814	0.0	1.0	True
GEGEGB_00815	0.0	1.0	True
GEGEGB_00823	0.0	1.0	True
GEGEGB_00824	0.0	1.0	True
GEGEGB_00827	0.0	1.0	True
GEGEGB_00829	0.0	1.0	True
GEGEGB_00843	0.0	1.0	True
GEGEGB_00845	0.0	1.0	True
GEGEGB_00846	0.0	1.0	True
GEGEGB_00847	0.0	1.0	True
GEGEGB_00851	0.0	1.0	True
GEGEGB_00853	0.0	1.0	True
GEGEGB_00854	0.0	1.0	True
GEGEGB_00856	0.0	1.0	True
GEGEGB_00857	0.0	1.0	True
GEGEGB_00858	0.0	1.0	True
GEGEGB_00863	0.0	1.0	True
GEGEGB_00864	0.0	1.0	True
GEGEGB_00867	0.0	1.0	True
GEGEGB_00869	0.0	1.0	True
GEGEGB_00873	0.0	1.0	True
GEGEGB_00876	0.0	1.0	True
GEGEGB_00878	0.0	1.0	True
GEGEGB_00881	0.0	1.0	True
GEGEGB_00882	1.0	2.0	False
GEGEGB_00883	0.0	1.0	True
GEGEGB_00887	0.0	1.0	True
GEGEGB_00888	0.0	1.0	True
GEGEGB_00897	0.0	1.0	True
GEGEGB_00899	0.0	1.0	True
GEGEGB_00900	0.0	1.0	True
GEGEGB_00901	0.0	1.0	True
GEGEGB_00905	0.0	1.0	True
GEGEGB_00909	0.0	1.0	True
GEGEGB_00911	0.0	1.0	True
GEGEGB_00917	0.0	1.0	True
GEGEGB_00920	0.0	1.0	True
GEGEGB_00945	0.091	1.091	False
GEGEGB_00951	0.0	1.0	True
GEGEGB_00954	0.0	1.0	True
GEGEGB_00955	0.0	1.0	True
GEGEGB_00958	0.0	1.0	True
GEGEGB_00959	0.0	1.0	True
GEGEGB_00960	0.0	1.0	True
GEGEGB_00962	0.0	1.0	True
GEGEGB_00963	0.0	1.0	True
GEGEGB_00966	0.0	1.0	True
GEGEGB_00967	0.0	1.0	True
GEGEGB_00968	0.0	1.0	True
GEGEGB_00970	0.0	1.0	True
GEGEGB_00973	0.0	1.0	True
GEGEGB_00975	0.0	1.0	True
GEGEGB_00976	0.0	1.0	True
GEGEGB_00980	0.0	1.0	True
GEGEGB_00984	0.0	1.0	True
GEGEGB_00986	0.0	1.0	True
GEGEGB_00990	0.0	1.0	True
GEGEGB_00991	0.0	1.0	True
GEGEGB_00992	0.0	1.0	True
GEGEGB_00994	0.0	1.0	True
GEGEGB_00995	0.0	1.0	True
GEGEGB_00997	0.0	1.0	True
GEGEGB_00999	0.0	1.0	True
GEGEGB_01000	0.0	1.0	True
GEGEGB_01001	0.0	1.083	True
GEGEGB_01009	0.0	1.0	True
GEGEGB_01010	0.0	1.0	True
GEGEGB_01011	0.0	1.0	True
GEGEGB_01012	0.0	1.0	True
GEGEGB_01013	0.0	1.0	True
GEGEGB_01016	0.0	1.0	True
GEGEGB_01018	0.0	1.0	True
GEGEGB_01022	0.0	1.0	True
GEGEGB_01026	0.0	1.0	True
GEGEGB_01027	0.0	1.0	True
GEGEGB_01029	0.0	1.0	True
GEGEGB_01030	0.0	1.0	True
GEGEGB_01031	0.0	1.0	True
GEGEGB_01035	0.0	1.0	True
GEGEGB_01039	0.0	1.0	True
GEGEGB_01040	0.0	1.0	True
GEGEGB_01041	0.0	1.0	True
GEGEGB_01042	0.0	1.0	True
GEGEGB_01043	0.0	1.0	True
GEGEGB_01045	0.0	1.0	True
GEGEGB_01046	0.0	1.0	True
GEGEGB_01047	0.0	1.0	True
GEGEGB_01051	0.0	1.0	True
GEGEGB_01052	0.0	1.0	True
GEGEGB_01056	0.0	1.0	True
GEGEGB_01057	0.0	1.0	True
GEGEGB_01058	0.0	1.0	True
GEGEGB_01060	0.0	1.0	True
GEGEGB_01062	0.0	1.0	True
GEGEGB_01063	0.0	1.0	True
GEGEGB_01064	0.0	1.0	True
GEGEGB_01066	0.0	1.0	True
GEGEGB_01067	0.0	1.0	True
GEGEGB_01069	0.0	1.0	True
GEGEGB_01072	0.0	1.0	True
GEGEGB_01090	0.0	1.0	True
GEGEGB_01092	0.0	1.0	True
GEGEGB_01093	0.0	1.0	True
GEGEGB_01094	0.0	1.0	True
GEGEGB_01096	0.0	1.0	True
GEGEGB_01099	0.0	1.0	True
GEGEGB_01100	0.0	1.0	True
GEGEGB_01101	0.0	1.0	True
GEGEGB_01105	0.0	1.0	True
GEGEGB_01106	0.0	1.0	True
GEGEGB_01107	0.0	1.0	True
GEGEGB_01108	1.0	2.0	False
GEGEGB_01109	0.0	1.0	True
GEGEGB_01111	0.0	1.0	True
GEGEGB_01112	0.0	1.0	True
GEGEGB_01113	0.0	1.0	True
GEGEGB_01114	0.0	1.0	True
GEGEGB_01115	0.0	1.0	True
GEGEGB_01118	0.0	1.0	True
GEGEGB_01120	0.0	1.0	True
GEGEGB_01121	0.0	1.0	True
GEGEGB_01123	0.0	1.0	True
GEGEGB_01124	0.0	1.0	True
GEGEGB_01125	0.0	1.0	True
GEGEGB_01126	0.0	1.0	True
GEGEGB_01128	0.0	1.0	True
GEGEGB_01129	0.0	1.0	True
GEGEGB_01131	0.0	1.0	True
GEGEGB_01133	0.0	1.0	True
GEGEGB_01135	0.0	1.0	True
GEGEGB_01136	0.0	1.0	True
GEGEGB_01137	0.0	1.0	True
GEGEGB_01138	0.0	1.0	True
GEGEGB_01139	0.0	1.0	True
GEGEGB_01141	0.0	1.0	True
GEGEGB_01144	0.0	1.0	True
GEGEGB_01145	0.0	1.0	True
GEGEGB_01146	0.0	1.0	True
GEGEGB_01148	0.0	1.0	True
GEGEGB_01153	0.0	1.0	True
GEGEGB_01156	0.0	1.0	True
GEGEGB_01157	0.0	1.0	True
GEGEGB_01158	0.0	1.0	True
GEGEGB_01160	0.0	1.0	True
GEGEGB_01164	0.0	1.0	True
GEGEGB_01165	0.0	1.0	True
GEGEGB_01167	0.0	1.0	True
GEGEGB_01168	0.0	1.0	True
GEGEGB_01169	0.0	1.0	True
GEGEGB_01171	0.0	1.0	True
GEGEGB_01172	0.0	1.077	True
GEGEGB_01174	0.0	1.0	True
GEGEGB_01175	0.0	1.0	True
GEGEGB_01176	0.0	1.0	True
GEGEGB_01180	0.0	1.0	True
GEGEGB_01187	0.0	1.0	True
GEGEGB_01195	0.0	1.0	True
GEGEGB_01196	0.0	1.0	True
GEGEGB_01198	0.0	1.0	True
GEGEGB_01199	0.0	1.0	True
GEGEGB_01201	0.0	1.0	True
GEGEGB_01202	0.0	1.0	True
GEGEGB_01203	0.0	1.0	True
GEGEGB_01205	0.0	1.0	True
GEGEGB_01206	0.0	1.0	True
GEGEGB_01209	0.0	1.0	True
GEGEGB_01211	0.0	1.0	True
GEGEGB_01215	0.0	1.0	True
GEGEGB_01216	0.0	1.0	True
GEGEGB_01217	0.0	1.0	True
GEGEGB_01220	0.0	1.0	True
GEGEGB_01223	0.0	1.0	True
GEGEGB_01224	0.0	1.0	True
GEGEGB_01225	0.0	1.0	True
GEGEGB_01228	0.0	1.0	True
GEGEGB_01230	0.0	1.0	True
GEGEGB_01235	0.0	1.0	True
GEGEGB_01237	0.0	1.0	True
GEGEGB_01240	0.231	1.231	False
GEGEGB_01241	0.0	1.0	True
GEGEGB_01242	0.0	1.0	True
GEGEGB_01245	0.0	1.0	True
GEGEGB_01246	0.0	1.0	True
GEGEGB_01248	0.0	1.0	True
GEGEGB_01252	0.0	1.0	True
GEGEGB_01253	0.0	1.0	True
GEGEGB_01257	0.0	1.077	True
GEGEGB_01259	0.0	1.0	True
GEGEGB_01261	0.0	1.0	True
GEGEGB_01262	0.0	1.0	True
GEGEGB_01263	0.0	1.0	True
GEGEGB_01264	0.0	1.0	True
GEGEGB_01265	0.0	1.0	True
GEGEGB_01266	0.0	1.0	True
GEGEGB_01267	0.0	1.0	True
GEGEGB_01273	0.0	1.0	True
GEGEGB_01277	0.0	1.0	True
GEGEGB_01278	0.0	1.0	True
GEGEGB_01279	0.0	1.0	True
GEGEGB_01281	0.0	1.0	True
GEGEGB_01282	0.0	1.0	True
GEGEGB_01283	0.0	1.0	True
GEGEGB_01287	0.0	1.0	True
GEGEGB_01288	0.0	1.0	True
GEGEGB_01289	0.0	1.0	True
GEGEGB_01290	0.0	1.0	True
GEGEGB_01291	0.0	1.0	True
GEGEGB_01292	0.0	1.0	True
GEGEGB_01294	0.0	1.0	True
GEGEGB_01297	0.0	1.0	True
GEGEGB_01298	0.0	1.0	True
GEGEGB_01301	0.0	1.0	True
GEGEGB_01302	0.0	1.0	True
GEGEGB_01304	0.0	1.0	True
GEGEGB_01305	0.0	1.0	True
GEGEGB_01310	0.0	1.0	True
GEGEGB_01314	0.0	1.0	True
GEGEGB_01318	0.0	1.0	True
GEGEGB_01319	0.0	1.0	True
GEGEGB_01322	0.583	1.75	False
GEGEGB_01324	0.0	1.0	True
GEGEGB_01330	0.0	1.0	True
GEGEGB_01332	0.0	1.0	True
GEGEGB_01333	0.0	1.0	True
GEGEGB_01334	0.0	1.0	True
GEGEGB_01335	0.0	1.0	True
GEGEGB_01336	0.0	1.0	True
GEGEGB_01337	0.0	1.077	True
GEGEGB_01338	0.0	1.0	True
GEGEGB_01340	0.0	1.0	True
GEGEGB_01342	0.0	1.0	True
GEGEGB_01343	0.0	1.0	True
GEGEGB_01344	0.0	1.0	True
GEGEGB_01345	0.0	1.0	True
GEGEGB_01348	0.0	1.0	True
GEGEGB_01349	0.0	1.0	True
GEGEGB_01353	0.0	1.0	True
GEGEGB_01354	0.0	1.0	True
GEGEGB_01357	0.0	1.0	True
GEGEGB_01358	0.0	1.0	True
GEGEGB_01362	0.0	1.0	True
GEGEGB_01364	0.0	1.0	True
GEGEGB_01367	0.0	1.0	True
GEGEGB_01368	0.0	1.0	True
GEGEGB_01369	0.0	1.0	True
GEGEGB_01372	0.0	1.0	True
GEGEGB_01373	0.0	1.0	True
GEGEGB_01374	0.0	1.0	True
GEGEGB_01376	0.0	1.0	True
GEGEGB_01377	0.0	1.0	True
GEGEGB_01379	0.0	1.0	True
GEGEGB_01380	0.0	1.0	True
GEGEGB_01381	0.0	1.0	True
GEGEGB_01382	0.0	1.0	True
GEGEGB_01383	0.0	1.0	True
GEGEGB_01384	0.0	1.0	True
GEGEGB_01385	0.0	1.0	True
GEGEGB_01386	0.0	1.0	True
GEGEGB_01387	0.0	1.0	True
GEGEGB_01388	0.0	1.0	True
GEGEGB_01390	0.0	1.0	True
GEGEGB_01391	0.0	1.0	True
GEGEGB_01392	0.0	1.0	True
GEGEGB_01393	0.0	1.0	True
GEGEGB_01394	0.0	1.0	True
GEGEGB_01396	0.0	1.0	True
GEGEGB_01397	0.0	1.0	True
GEGEGB_01402	0.0	1.0	True
GEGEGB_01403	0.0	1.0	True
GEGEGB_01404	0.0	1.0	True
GEGEGB_01406	0.0	1.0	True
GEGEGB_01407	0.0	1.0	True
GEGEGB_01408	0.0	1.0	True
GEGEGB_01409	0.0	1.0	True
GEGEGB_01410	0.0	1.0	True
GEGEGB_01411	0.0	1.0	True
GEGEGB_01413	0.0	1.0	True
GEGEGB_01414	0.0	1.0	True
GEGEGB_01415	1.0	2.0	False
GEGEGB_01422	0.0	1.0	True
GEGEGB_01423	0.0	1.0	True
GEGEGB_01474	0.0	1.0	True
GEGEGB_01475	0.0	1.0	True
GEGEGB_01476	0.0	1.0	True
GEGEGB_01477	0.0	1.0	True
GEGEGB_01478	0.0	1.0	True
GEGEGB_01479	0.0	1.0	True
GEGEGB_01480	0.0	1.0	True
GEGEGB_01485	0.0	1.0	True
GEGEGB_01490	0.0	1.0	True
GEGEGB_01491	0.0	1.0	True
GEGEGB_01492	0.0	1.0	True
GEGEGB_01493	0.0	1.0	True
GEGEGB_01496	1.0	2.0	False
GEGEGB_01502	0.0	1.0	True
GEGEGB_01505	0.0	1.0	True
GEGEGB_01506	0.0	1.154	True
GEGEGB_01509	0.0	1.0	True
GEGEGB_01510	0.0	1.0	True
GEGEGB_01511	0.0	1.077	True
GEGEGB_01513	1.0	2.923	False
GEGEGB_01517	0.0	1.0	True
GEGEGB_01519	0.0	1.0	True
GEGEGB_01520	0.0	1.0	True
GEGEGB_01521	0.0	1.0	True
GEGEGB_01522	0.0	1.0	True
GEGEGB_01523	0.0	1.0	True
GEGEGB_01524	0.0	1.0	True
GEGEGB_01529	0.0	1.077	True
GEGEGB_01535	0.0	1.0	True
GEGEGB_01537	0.0	1.0	True
GEGEGB_01538	0.0	1.0	True
GEGEGB_01542	0.0	1.0	True
GEGEGB_01543	0.0	1.0	True
GEGEGB_01544	0.0	1.0	True
GEGEGB_01561	0.0	1.0	True
GEGEGB_01564	0.0	1.0	True
GEGEGB_01565	0.0	1.0	True
GEGEGB_01566	0.0	1.0	True
GEGEGB_01567	0.0	1.0	True
GEGEGB_01568	0.0	1.0	True
GEGEGB_01575	1.0	2.0	False
GEGEGB_01577	0.0	1.0	True
GEGEGB_01580	0.0	1.0	True
GEGEGB_01581	0.0	1.0	True
GEGEGB_01582	0.0	1.0	True
GEGEGB_01584	0.0	1.0	True
GEGEGB_01587	0.0	1.0	True
GEGEGB_01590	0.0	1.0	True
GEGEGB_01595	0.0	1.0	True
GEGEGB_01598	0.0	1.0	True
GEGEGB_01600	0.0	1.0	True
GEGEGB_01606	0.0	1.0	True
GEGEGB_01608	0.0	1.0	True
GEGEGB_01609	0.0	1.0	True
GEGEGB_01611	0.0	1.0	True
GEGEGB_01612	0.0	1.0	True
GEGEGB_01613	0.0	1.0	True
GEGEGB_01617	0.0	1.0	True
GEGEGB_01621	0.0	1.077	True
GEGEGB_01624	0.0	1.0	True
GEGEGB_01626	0.0	1.0	True
GEGEGB_01627	0.0	1.0	True
GEGEGB_01631	0.0	1.0	True
GEGEGB_01633	0.0	1.0	True
GEGEGB_01634	0.0	1.0	True
GEGEGB_01636	0.0	1.0	True
GEGEGB_01639	0.0	1.0	True
GEGEGB_01640	0.0	1.0	True
GEGEGB_01641	0.0	1.0	True
GEGEGB_01642	0.0	1.0	True
GEGEGB_01647	0.0	1.0	True
GEGEGB_01648	0.0	1.0	True
GEGEGB_01650	0.0	1.0	True
GEGEGB_01657	0.0	1.0	True
GEGEGB_01660	0.0	1.0	True
GEGEGB_01661	0.0	1.0	True
GEGEGB_01662	0.0	1.0	True
GEGEGB_01664	0.0	1.0	True
GEGEGB_01671	0.0	1.0	True
GEGEGB_01672	0.0	1.0	True
GEGEGB_01673	0.0	1.0	True
GEGEGB_01678	0.0	1.0	True
GEGEGB_01684	0.0	1.0	True
GEGEGB_01686	0.0	1.0	True
GEGEGB_01687	0.0	1.0	True
GEGEGB_01688	0.0	1.0	True
GEGEGB_01690	0.0	1.0	True
GEGEGB_01691	0.0	1.0	True
GEGEGB_01694	0.0	1.0	True
GEGEGB_01699	0.0	1.0	True
GEGEGB_01700	0.0	1.0	True
GEGEGB_01704	0.0	1.0	True
GEGEGB_01708	0.0	1.0	True
GEGEGB_01709	0.0	1.0	True
GEGEGB_01711	0.0	1.0	True
GEGEGB_01712	0.0	1.0	True
GEGEGB_01713	0.0	1.0	True
GEGEGB_01714	0.0	1.0	True
GEGEGB_01715	0.0	1.0	True
GEGEGB_01716	0.0	1.0	True
GEGEGB_01719	0.0	1.0	True
GEGEGB_01720	0.0	1.0	True
GEGEGB_01722	0.0	1.0	True
GEGEGB_01723	0.0	1.0	True
GEGEGB_01725	0.0	1.0	True
GEGEGB_01727	0.0	1.0	True
GEGEGB_01728	0.0	1.077	True
GEGEGB_01729	0.0	1.0	True
GEGEGB_01730	0.0	1.0	True
GEGEGB_01732	0.0	1.0	True
GEGEGB_01733	0.0	1.0	True
GEGEGB_01734	0.0	1.0	True
GEGEGB_01735	0.0	1.0	True
GEGEGB_01737	0.0	1.0	True
GEGEGB_01738	0.0	1.0	True
GEGEGB_01740	0.0	1.0	True
GEGEGB_01741	0.0	1.0	True
GEGEGB_01742	0.0	1.0	True
GEGEGB_01743	0.0	1.0	True
