gene	contig	start	stop	strand	family	nb_copy_in_genome	partition	persistent_neighbors	shell_neighbors	cloud_neighbors
PAPNPA_00002	contig_3	27	929	+	LNHIMF_01632	2	persistent	4	0	0
PAPNPA_00003	contig_4	508	987	+	LNHIMF_04092	2	persistent	3	0	1
PAPNPA_00005	contig_5	308	589	+	HFCAGB_04726	2	cloud	0	2	3
PAPNPA_00006	contig_7	37	1149	-	PAPNPA_00006	1	cloud	0	0	0
PAPNPA_00007	contig_8	76	549	-	GEGEGB_03702	2	persistent	3	0	0
PAPNPA_00008	contig_9	87	791	-	GEGEGB_03666	1	persistent	2	0	0
PAPNPA_00009	contig_9	795	1223	-	GEGEGB_03667	1	persistent	2	0	0
PAPNPA_00010	contig_9	1381	1824	-	GEGEGB_03668	1	persistent	1	1	0
PAPNPA_00011	contig_10	125	205	+	GEGEGB_03670	1	shell	2	2	0
PAPNPA_00012	contig_10	390	584	+	GEGEGB_04294	1	persistent	1	1	0
PAPNPA_00013	contig_10	657	1133	+	LNHIMF_03496	1	persistent	2	0	0
PAPNPA_00014	contig_10	1130	1597	-	GEGEGB_04296	1	persistent	1	1	0
PAPNPA_00015	contig_11	169	2283	-	GEGEGB_04292	1	shell	0	2	0
PAPNPA_00016	contig_12	307	1233	+	GEGEGB_03675	1	persistent	1	1	0
PAPNPA_00017	contig_12	1268	2230	-	GEGEGB_03676	1	persistent	2	0	0
PAPNPA_00018	contig_12	2227	3126	-	LNHIMF_04186	1	persistent	2	0	0
PAPNPA_00020	contig_13	402	764	+	GEGEGB_00482	1	persistent	2	0	0
PAPNPA_00021	contig_13	787	1158	+	GEGEGB_00481	1	persistent	2	0	0
PAPNPA_00022	contig_13	1212	2627	-	GEGEGB_00480	1	persistent	2	0	0
PAPNPA_00027	contig_15	70	546	+	LNHIMF_01918	1	persistent	2	0	0
PAPNPA_00028	contig_15	515	3148	+	GEGEGB_01096	1	persistent	2	0	0
PAPNPA_00029	contig_15	3124	4665	+	LNHIMF_01920	1	persistent	2	0	0
PAPNPA_00030	contig_15	4779	5018	+	GEGEGB_01094	1	persistent	2	0	0
PAPNPA_00031	contig_15	5129	5320	+	GEGEGB_01093	1	persistent	2	0	1
PAPNPA_00032	contig_15	5339	5989	-	GEGEGB_01092	1	persistent	3	0	0
PAPNPA_00033	contig_16	113	847	-	GEGEGB_01826	1	persistent	2	0	0
PAPNPA_00034	contig_16	860	1789	-	GEGEGB_01827	1	persistent	2	0	0
PAPNPA_00035	contig_16	1805	2758	-	LNHIMF_01229	1	persistent	2	0	0
PAPNPA_00036	contig_16	2838	3887	-	GEGEGB_01829	1	persistent	2	0	0
PAPNPA_00037	contig_16	4051	4224	-	GEGEGB_01830	1	persistent	2	0	0
PAPNPA_00038	contig_16	4276	4797	-	GEGEGB_01831	1	persistent	2	0	0
PAPNPA_00040	contig_16	4995	5579	+	LNHIMF_01224	1	persistent	4	0	0
PAPNPA_00041	contig_16	5650	5874	-	LNHIMF_01223	1	persistent	2	0	0
PAPNPA_00043	contig_17	215	688	+	HFCAGB_02262	1	shell	0	3	4
PAPNPA_00045	contig_17	1163	2035	+	PAPNPA_00045	1	cloud	0	3	4
PAPNPA_00046	contig_17	2547	4715	+	HFCAGB_02266	1	shell	0	2	2
PAPNPA_00047	contig_17	4772	6502	+	HFCAGB_02267	1	shell	0	2	0
PAPNPA_00048	contig_17	6712	6885	+	BEJGEH_02009	1	shell	1	2	0
PAPNPA_00049	contig_17	7406	8860	-	GEGEGB_00920	1	persistent	2	3	1
PAPNPA_00050	contig_17	9055	9381	-	LNHIMF_02081	1	persistent	2	0	1
PAPNPA_00051	contig_17	9375	9839	-	PAPNPA_00051	1	cloud	2	0	0
PAPNPA_00052	contig_18	281	835	+	GEGEGB_04339	1	persistent	3	0	0
PAPNPA_00053	contig_18	811	1068	-	LNHIMF_03453	1	persistent	2	0	0
PAPNPA_00054	contig_18	1065	1886	-	LNHIMF_03454	1	persistent	2	0	0
PAPNPA_00055	contig_18	1888	2460	-	LNHIMF_03455	1	persistent	2	0	0
PAPNPA_00056	contig_18	2465	3007	-	LNHIMF_03456	1	persistent	2	0	0
PAPNPA_00057	contig_18	3034	3507	-	GEGEGB_04334	1	persistent	2	0	0
PAPNPA_00058	contig_18	3479	4603	-	LNHIMF_03458	1	persistent	2	0	0
PAPNPA_00059	contig_18	4735	5244	+	GEGEGB_04332	1	persistent	2	0	0
PAPNPA_00060	contig_18	5260	6207	+	GEGEGB_04331	1	persistent	2	0	0
PAPNPA_00061	contig_18	6259	7548	+	LNHIMF_03461	1	persistent	2	0	0
PAPNPA_00062	contig_18	7570	8946	+	GEGEGB_04329	1	persistent	2	0	0
PAPNPA_00063	contig_18	9088	9501	+	GEGEGB_04328	1	persistent	2	0	0
PAPNPA_00064	contig_18	9437	9706	-	GEGEGB_04327	1	persistent	2	0	0
PAPNPA_00065	contig_18	9764	10189	-	LNHIMF_03465	1	persistent	2	0	0
PAPNPA_00066	contig_18	10200	10568	-	LNHIMF_03466	1	persistent	2	0	0
PAPNPA_00067	contig_19	10	1050	-	LNHIMF_03907	1	persistent	2	0	1
PAPNPA_00068	contig_19	1216	2589	-	LNHIMF_03908	1	persistent	2	0	1
PAPNPA_00069	contig_19	2638	3456	-	GEGEGB_03871	1	persistent	2	0	0
PAPNPA_00070	contig_19	3518	5308	+	GEGEGB_03870	1	persistent	2	0	1
PAPNPA_00071	contig_19	5459	7288	-	LNHIMF_03911	1	persistent	2	0	1
PAPNPA_00072	contig_19	7476	8846	-	GEGEGB_03863	1	persistent	2	0	0
PAPNPA_00074	contig_19	9166	9864	-	LNHIMF_03914	1	persistent	2	0	0
PAPNPA_00075	contig_19	10094	10513	-	GEGEGB_03860	1	persistent	2	0	0
PAPNPA_00076	contig_19	10534	10779	-	GEGEGB_03859	1	persistent	2	0	0
PAPNPA_00077	contig_20	414	2060	+	LNHIMF_03895	1	persistent	2	0	0
PAPNPA_00078	contig_20	2202	3566	+	BEJGEH_03895	1	persistent	2	0	2
PAPNPA_00079	contig_20	3749	4936	+	LNHIMF_03897	1	persistent	2	0	4
PAPNPA_00080	contig_20	4905	5864	+	LNHIMF_03898	1	persistent	2	0	0
PAPNPA_00081	contig_20	6022	6777	+	GEGEGB_03881	1	persistent	2	0	0
PAPNPA_00082	contig_20	6795	7361	+	HFCAGB_04099	1	persistent	2	0	1
PAPNPA_00083	contig_20	7406	8743	-	LNHIMF_03901	1	persistent	2	0	2
PAPNPA_00084	contig_20	8912	9577	+	LNHIMF_03902	1	persistent	2	0	1
PAPNPA_00085	contig_20	9672	10397	-	GEGEGB_03877	1	persistent	2	0	0
PAPNPA_00086	contig_20	10412	11185	-	GEGEGB_03876	1	persistent	2	0	0
PAPNPA_00087	contig_20	11272	12162	-	LNHIMF_03905	1	persistent	2	0	0
PAPNPA_00088	contig_20	12162	13121	-	GEGEGB_03874	1	persistent	2	0	0
PAPNPA_00089	contig_21	220	1809	+	BEJGEH_04235	1	persistent	3	0	0
PAPNPA_00090	contig_21	1825	3114	+	GEGEGB_03642	1	persistent	2	0	0
PAPNPA_00091	contig_21	3111	4436	-	LNHIMF_04220	1	persistent	2	0	0
PAPNPA_00092	contig_21	4442	6028	-	BEJGEH_04232	1	persistent	2	0	0
PAPNPA_00093	contig_21	6093	6548	+	GEGEGB_03645	1	persistent	2	0	0
PAPNPA_00094	contig_21	6590	7282	-	GEGEGB_03646	1	persistent	2	0	0
PAPNPA_00095	contig_21	7294	7566	-	GEGEGB_03647	1	persistent	2	0	0
PAPNPA_00096	contig_21	7753	8343	-	GEGEGB_03648	1	persistent	2	0	0
PAPNPA_00097	contig_21	8385	9056	-	GEGEGB_03649	1	persistent	2	0	0
PAPNPA_00098	contig_21	9066	10130	-	GEGEGB_03650	1	persistent	2	0	0
PAPNPA_00099	contig_21	10171	10944	-	LNHIMF_04212	1	persistent	2	0	0
PAPNPA_00100	contig_21	11037	11525	+	LNHIMF_04211	1	persistent	2	0	0
PAPNPA_00101	contig_21	11889	13784	+	LNHIMF_04210	1	persistent	2	0	0
PAPNPA_00102	contig_21	13784	14419	+	LNHIMF_04209	1	persistent	2	0	0
PAPNPA_00103	contig_21	14412	15170	+	LNHIMF_04208	1	persistent	3	0	0
PAPNPA_00104	contig_21	15353	16123	+	LNHIMF_04206	1	persistent	3	0	0
PAPNPA_00105	contig_21	16120	17253	+	LNHIMF_04205	1	persistent	1	2	2
PAPNPA_00106	contig_21	17474	18484	-	BEJGEH_04217	1	shell	1	2	1
PAPNPA_00107	contig_21	18792	18929	+	GEGEGB_03659	1	shell	2	2	1
PAPNPA_00108	contig_21	18883	19227	+	ODDLKH_00015	1	shell	2	2	0
PAPNPA_00109	contig_21	19229	19510	-	LNHIMF_04203	1	persistent	1	2	1
PAPNPA_00110	contig_21	19597	22707	-	GEGEGB_03661	1	persistent	2	1	1
PAPNPA_00111	contig_22	75	428	+	PAPNPA_00111	1	cloud	1	0	0
PAPNPA_00112	contig_22	434	1297	-	LNHIMF_03917	1	persistent	2	0	2
PAPNPA_00113	contig_22	1348	2889	-	GEGEGB_03857	1	persistent	2	0	0
PAPNPA_00114	contig_22	2902	3435	-	GEGEGB_03856	1	persistent	2	0	1
PAPNPA_00115	contig_22	3450	3848	-	GEGEGB_03855	1	persistent	2	0	0
PAPNPA_00116	contig_22	4005	4229	-	GEGEGB_03854	1	persistent	2	0	0
PAPNPA_00117	contig_22	4276	5091	-	GEGEGB_03853	1	persistent	2	0	0
PAPNPA_00118	contig_22	5100	5480	-	LNHIMF_03923	1	persistent	2	0	1
PAPNPA_00119	contig_22	6096	6719	-	GEGEGB_03851	1	persistent	2	0	0
PAPNPA_00120	contig_22	6822	8711	-	LNHIMF_03925	1	persistent	2	0	0
PAPNPA_00121	contig_22	9090	9533	-	GEGEGB_03849	1	persistent	2	0	0
PAPNPA_00122	contig_22	9623	10081	-	GEGEGB_03848	1	persistent	2	0	0
PAPNPA_00123	contig_22	10232	11224	+	LNHIMF_03928	1	persistent	2	0	0
PAPNPA_00124	contig_22	11229	12680	-	LNHIMF_03929	1	persistent	2	0	0
PAPNPA_00125	contig_22	12674	14170	-	LNHIMF_03930	1	persistent	2	0	0
PAPNPA_00126	contig_22	14518	16386	+	LNHIMF_03931	1	persistent	2	0	0
PAPNPA_00127	contig_22	16583	17002	+	LNHIMF_03932	1	persistent	2	0	0
PAPNPA_00128	contig_22	17010	18515	+	HFCAGB_04133	1	persistent	2	0	0
PAPNPA_00129	contig_22	18521	19486	+	GEGEGB_03841	1	persistent	2	0	0
PAPNPA_00130	contig_22	19511	20401	+	GEGEGB_03840	1	persistent	2	0	0
PAPNPA_00131	contig_22	20534	21463	+	LNHIMF_03936	1	persistent	2	0	0
PAPNPA_00132	contig_22	21476	22465	+	GEGEGB_03838	1	persistent	2	0	0
PAPNPA_00133	contig_22	22431	23858	-	LNHIMF_03938	1	persistent	2	0	0
PAPNPA_00134	contig_22	23870	24574	-	GEGEGB_03835	1	persistent	3	0	0
PAPNPA_00135	contig_23	201	563	-	GEGEGB_00610	2	persistent	3	0	0
PAPNPA_00136	contig_23	605	1861	-	GEGEGB_03187	1	persistent	3	0	1
PAPNPA_00137	contig_23	2078	3163	-	GEGEGB_03186	1	persistent	2	0	1
PAPNPA_00138	contig_23	3276	3551	-	GEGEGB_03185	1	persistent	2	0	0
PAPNPA_00139	contig_23	3579	4631	-	LNHIMF_03155	1	persistent	2	0	0
PAPNPA_00140	contig_23	4786	5505	+	LNHIMF_03154	1	persistent	2	0	0
PAPNPA_00141	contig_23	5505	5831	+	GEGEGB_03182	1	persistent	2	0	0
PAPNPA_00142	contig_23	5881	6600	+	GEGEGB_03181	1	persistent	2	1	0
PAPNPA_00143	contig_23	6789	7835	+	GEGEGB_03178	1	persistent	2	1	0
PAPNPA_00144	contig_23	7968	8975	+	GEGEGB_03177	1	persistent	2	0	0
PAPNPA_00145	contig_23	9067	10203	-	GEGEGB_03176	1	persistent	2	0	0
PAPNPA_00146	contig_23	10196	10789	-	LNHIMF_03148	1	persistent	2	0	0
PAPNPA_00147	contig_23	10797	11087	-	GEGEGB_03174	1	persistent	2	0	0
PAPNPA_00148	contig_23	11084	11650	-	GEGEGB_03173	1	persistent	2	0	0
PAPNPA_00149	contig_23	11669	12373	-	GEGEGB_03172	1	persistent	2	0	0
PAPNPA_00150	contig_23	12391	13371	+	LNHIMF_03144	1	persistent	2	0	0
PAPNPA_00151	contig_23	13503	14189	+	LNHIMF_03143	1	persistent	2	0	0
PAPNPA_00152	contig_23	14236	14652	-	GEGEGB_03169	1	persistent	2	0	0
PAPNPA_00153	contig_23	14652	15215	-	GEGEGB_03168	1	persistent	2	0	0
PAPNPA_00154	contig_23	15431	16378	-	LNHIMF_03140	1	persistent	2	0	0
PAPNPA_00155	contig_23	16398	17129	-	GEGEGB_03166	1	persistent	2	0	0
PAPNPA_00156	contig_23	17206	17913	-	LNHIMF_03138	1	persistent	2	0	0
PAPNPA_00157	contig_23	18008	18463	-	GEGEGB_03164	1	persistent	2	0	0
PAPNPA_00158	contig_23	18584	19978	-	GEGEGB_03163	1	persistent	2	0	0
PAPNPA_00159	contig_23	20471	21625	-	GEGEGB_03162	1	persistent	2	0	0
PAPNPA_00160	contig_23	22415	24391	+	GEGEGB_03161	1	persistent	2	1	1
PAPNPA_00161	contig_23	24536	25267	+	BEJGEH_03102	1	shell	1	1	0
PAPNPA_00162	contig_23	25472	26221	+	BEJGEH_03101	1	shell	0	2	0
PAPNPA_00163	contig_23	27453	28925	+	BEJGEH_03100	1	shell	0	2	0
PAPNPA_00164	contig_24	1	1179	-	GEGEGB_03132	1	persistent	2	0	1
PAPNPA_00165	contig_24	1176	2492	-	GEGEGB_03133	1	persistent	2	0	1
PAPNPA_00166	contig_24	2518	3096	-	LNHIMF_03106	1	persistent	2	0	0
PAPNPA_00167	contig_24	3263	3592	+	GEGEGB_03135	1	persistent	2	0	0
PAPNPA_00169	contig_24	3886	4434	+	BEJGEH_03077	1	persistent	2	0	0
PAPNPA_00171	contig_24	4816	6048	-	GEGEGB_03139	1	persistent	2	0	0
PAPNPA_00172	contig_24	6315	6974	-	GEGEGB_03140	1	persistent	2	0	0
PAPNPA_00173	contig_24	7128	8021	+	GEGEGB_03141	1	persistent	2	0	0
PAPNPA_00174	contig_24	8287	9033	-	GEGEGB_03142	1	persistent	2	0	0
PAPNPA_00175	contig_24	9127	9762	-	LNHIMF_03115	1	persistent	2	0	0
PAPNPA_00176	contig_24	9963	10823	-	GEGEGB_03144	1	persistent	2	1	0
PAPNPA_00177	contig_24	11056	12135	-	GEGEGB_03148	1	persistent	2	0	1
PAPNPA_00178	contig_24	12237	13400	-	GEGEGB_03149	1	persistent	2	0	0
PAPNPA_00179	contig_24	13422	14468	-	GEGEGB_03150	1	persistent	2	0	0
PAPNPA_00180	contig_24	14842	15267	+	GEGEGB_03151	1	persistent	2	0	0
PAPNPA_00181	contig_24	15293	15871	+	GEGEGB_03152	1	persistent	2	0	0
PAPNPA_00182	contig_24	15872	16579	+	LNHIMF_03122	1	persistent	2	0	0
PAPNPA_00183	contig_24	16567	17244	+	LNHIMF_03123	1	persistent	2	0	0
PAPNPA_00184	contig_24	17238	17927	+	LNHIMF_03124	1	persistent	2	1	1
PAPNPA_00185	contig_24	17896	18612	-	PAPNPA_00185	1	cloud	1	0	1
PAPNPA_00186	contig_24	18609	19118	-	PAPNPA_00186	1	cloud	0	0	2
PAPNPA_00187	contig_24	19332	20303	-	LNHIMF_03127	1	cloud	0	0	2
PAPNPA_00188	contig_24	20300	21574	-	LNHIMF_03128	1	cloud	0	0	2
PAPNPA_00189	contig_24	21598	22977	-	LNHIMF_03129	1	cloud	0	0	2
PAPNPA_00190	contig_24	23005	23448	-	LNHIMF_03130	1	cloud	1	0	1
PAPNPA_00191	contig_24	23763	25754	-	GEGEGB_03158	1	persistent	2	1	1
PAPNPA_00192	contig_24	26030	26788	+	GEGEGB_03159	1	persistent	2	0	0
PAPNPA_00193	contig_24	26889	27809	-	GEGEGB_03160	1	persistent	2	1	1
PAPNPA_00194	contig_24	28014	28640	-	PAPNPA_00194	1	cloud	1	1	0
PAPNPA_00195	contig_24	28900	29394	-	BEJGEH_03097	1	shell	0	2	1
PAPNPA_00196	contig_24	29433	30440	-	BEJGEH_03098	1	shell	0	2	0
PAPNPA_00197	contig_24	30454	30999	-	BEJGEH_03099	1	shell	0	2	0
PAPNPA_00198	contig_25	422	991	+	LNHIMF_01917	1	persistent	2	0	0
PAPNPA_00199	contig_25	1089	1775	+	GEGEGB_01099	1	persistent	2	0	0
PAPNPA_00200	contig_25	1795	3843	+	GEGEGB_01100	1	persistent	2	0	0
PAPNPA_00201	contig_25	4037	4918	+	GEGEGB_01101	1	persistent	2	0	0
PAPNPA_00202	contig_25	4966	6339	-	BEJGEH_01222	1	persistent	2	1	0
PAPNPA_00203	contig_25	6404	6511	+	BEJGEH_01223	1	shell	2	0	0
PAPNPA_00204	contig_25	6515	7306	+	LNHIMF_01912	1	persistent	2	1	0
PAPNPA_00205	contig_25	7518	7757	-	GEGEGB_01105	1	persistent	2	0	0
PAPNPA_00206	contig_25	7915	8058	+	GEGEGB_01106	1	persistent	2	0	0
PAPNPA_00207	contig_25	8129	8416	+	GEGEGB_01107	1	persistent	2	0	0
PAPNPA_00208	contig_25	9221	9430	+	GEGEGB_01108	2	persistent	4	0	0
PAPNPA_00209	contig_25	9650	11395	+	GEGEGB_01109	1	persistent	2	0	0
PAPNPA_00210	contig_25	11461	12270	+	LNHIMF_01906	1	persistent	2	0	0
PAPNPA_00211	contig_25	12267	12833	-	GEGEGB_01111	1	persistent	2	0	0
PAPNPA_00212	contig_25	13243	13701	-	GEGEGB_01112	1	persistent	2	0	0
PAPNPA_00213	contig_25	13760	14611	-	GEGEGB_01113	1	persistent	2	0	0
PAPNPA_00214	contig_25	14624	15424	-	GEGEGB_01114	1	persistent	2	0	0
PAPNPA_00215	contig_25	15477	16445	-	GEGEGB_01115	1	persistent	2	0	0
PAPNPA_00216	contig_25	16918	18477	+	LNHIMF_01900	1	persistent	2	0	0
PAPNPA_00217	contig_25	18499	20100	-	LNHIMF_01899	1	persistent	2	0	0
PAPNPA_00218	contig_25	20238	21602	-	GEGEGB_01118	1	persistent	2	0	0
PAPNPA_00219	contig_25	21866	22444	-	LNHIMF_01897	1	persistent	2	0	0
PAPNPA_00220	contig_25	22448	23812	-	GEGEGB_01120	1	persistent	2	0	0
PAPNPA_00221	contig_25	23893	24072	+	GEGEGB_01121	1	persistent	2	0	0
PAPNPA_00222	contig_25	24078	24422	-	LNHIMF_01894	1	persistent	2	0	0
PAPNPA_00223	contig_25	24553	26463	+	GEGEGB_01123	1	persistent	2	0	0
PAPNPA_00224	contig_25	26521	27216	+	GEGEGB_01124	1	persistent	2	0	0
PAPNPA_00225	contig_25	27288	27869	+	GEGEGB_01125	1	persistent	2	0	0
PAPNPA_00226	contig_25	28008	29759	+	GEGEGB_01126	1	persistent	2	1	0
PAPNPA_00228	contig_25	29844	30959	+	GEGEGB_01128	1	persistent	2	1	0
PAPNPA_00229	contig_25	31081	31347	-	GEGEGB_01129	1	persistent	2	0	0
PAPNPA_00230	contig_25	31351	32163	-	LNHIMF_01886	1	persistent	2	0	0
PAPNPA_00233	contig_26	351	1187	-	GEGEGB_03633	1	persistent	3	0	0
PAPNPA_00234	contig_26	1306	1644	+	GEGEGB_03632	1	persistent	2	1	0
PAPNPA_00235	contig_26	1669	3189	-	LNHIMF_03949	1	persistent	2	1	2
PAPNPA_00236	contig_26	3779	5425	+	GEGEGB_03584	1	persistent	2	0	0
PAPNPA_00237	contig_26	5422	5685	+	GEGEGB_03583	1	persistent	2	0	0
PAPNPA_00238	contig_26	5703	6632	+	GEGEGB_03582	1	persistent	2	0	0
PAPNPA_00239	contig_26	6793	8643	+	LNHIMF_03953	1	persistent	2	0	0
PAPNPA_00240	contig_26	8646	10190	+	LNHIMF_03954	1	persistent	2	1	1
PAPNPA_00241	contig_26	10428	10790	+	HFCAGB_04155	1	shell	2	0	0
PAPNPA_00242	contig_26	10787	11128	+	BEJGEH_03957	1	persistent	2	1	0
PAPNPA_00243	contig_26	11131	12018	-	GEGEGB_03577	1	persistent	2	0	1
PAPNPA_00244	contig_26	12183	13658	+	GEGEGB_03576	1	persistent	2	0	0
PAPNPA_00245	contig_26	13752	14033	-	GEGEGB_03575	1	persistent	2	0	1
PAPNPA_00246	contig_26	14137	14928	+	LNHIMF_03961	1	cloud	1	0	1
PAPNPA_00247	contig_26	14957	15700	+	GEGEGB_03572	1	cloud	0	0	2
PAPNPA_00248	contig_26	15700	16428	+	LNHIMF_03963	1	cloud	1	0	1
PAPNPA_00249	contig_26	16528	18552	+	GEGEGB_03570	1	persistent	2	0	1
PAPNPA_00250	contig_26	18592	20073	-	GEGEGB_03569	1	persistent	2	0	0
PAPNPA_00251	contig_26	20192	21457	-	GEGEGB_03568	1	persistent	2	0	0
PAPNPA_00252	contig_26	21601	21930	+	GEGEGB_03567	1	persistent	2	0	0
PAPNPA_00253	contig_26	22349	23608	+	GEGEGB_03566	1	persistent	2	0	0
PAPNPA_00254	contig_26	24021	24941	+	GEGEGB_03565	1	persistent	2	0	0
PAPNPA_00255	contig_26	24953	25999	+	LNHIMF_03970	1	persistent	2	0	0
PAPNPA_00256	contig_26	26100	27185	+	LNHIMF_03971	1	persistent	2	0	0
PAPNPA_00257	contig_26	27182	28444	+	GEGEGB_03562	1	persistent	2	0	0
PAPNPA_00258	contig_26	28444	29511	+	LNHIMF_03973	1	persistent	1	1	1
PAPNPA_00259	contig_26	29544	29768	+	BEJGEH_03974	1	shell	2	0	0
PAPNPA_00260	contig_26	29746	30423	+	LNHIMF_03975	1	persistent	1	1	1
PAPNPA_00261	contig_26	30428	31558	+	GEGEGB_03558	1	persistent	2	0	0
PAPNPA_00262	contig_26	31560	32810	+	GEGEGB_03557	1	persistent	2	0	0
PAPNPA_00263	contig_26	32807	33886	+	LNHIMF_03978	1	persistent	2	0	0
PAPNPA_00264	contig_26	33883	35241	+	LNHIMF_03979	1	persistent	2	0	0
PAPNPA_00265	contig_26	35238	35978	+	LNHIMF_03980	1	persistent	2	0	0
PAPNPA_00266	contig_26	36185	37570	+	HFCAGB_04177	1	persistent	2	0	0
PAPNPA_00267	contig_27	39	2612	-	GEGEGB_02756	1	persistent	3	0	1
PAPNPA_00269	contig_27	2742	3473	-	LNHIMF_02753	1	persistent	2	0	0
PAPNPA_00270	contig_27	3470	4450	-	GEGEGB_02759	1	persistent	2	0	0
PAPNPA_00271	contig_27	4582	5319	+	BEJGEH_02653	1	persistent	2	0	0
PAPNPA_00272	contig_27	5591	5929	+	GEGEGB_02761	1	persistent	2	0	1
PAPNPA_00273	contig_27	6180	7340	+	LNHIMF_02757	1	persistent	2	0	1
PAPNPA_00274	contig_27	7301	8209	-	LNHIMF_02758	1	persistent	2	0	0
PAPNPA_00275	contig_27	8267	9388	-	GEGEGB_02764	1	persistent	2	0	0
PAPNPA_00276	contig_27	9398	10468	-	GEGEGB_02765	1	persistent	2	0	0
PAPNPA_00277	contig_27	10908	11426	+	GEGEGB_02766	1	persistent	2	0	0
PAPNPA_00278	contig_27	11419	12639	+	LNHIMF_02762	1	persistent	2	0	0
PAPNPA_00279	contig_27	12796	13143	-	GEGEGB_02768	1	persistent	2	0	0
PAPNPA_00280	contig_27	13184	13951	-	GEGEGB_02769	1	persistent	2	0	0
PAPNPA_00281	contig_27	13996	14544	-	GEGEGB_02770	1	persistent	2	0	0
PAPNPA_00282	contig_27	14563	14811	-	GEGEGB_02771	1	persistent	2	0	1
PAPNPA_00283	contig_27	14973	15692	-	PAPNPA_00283	1	cloud	2	0	0
PAPNPA_00284	contig_27	15828	17189	-	GEGEGB_02772	1	persistent	2	0	1
PAPNPA_00285	contig_27	17355	18146	+	GEGEGB_02773	1	persistent	2	0	0
PAPNPA_00286	contig_27	18211	19452	+	GEGEGB_02774	1	persistent	2	0	1
PAPNPA_00287	contig_27	19573	20178	+	BEJGEH_02701	1	persistent	2	0	1
PAPNPA_00288	contig_27	20213	20803	-	LNHIMF_02771	1	persistent	2	0	1
PAPNPA_00289	contig_27	20926	21804	+	AJBGEP_02882	1	persistent	2	0	1
PAPNPA_00290	contig_27	21890	23551	+	LNHIMF_02773	1	persistent	2	0	0
PAPNPA_00291	contig_27	23700	24038	+	GEGEGB_02779	1	persistent	2	0	0
PAPNPA_00292	contig_27	24204	24494	-	LNHIMF_02775	1	persistent	2	0	0
PAPNPA_00293	contig_27	24484	24921	-	GEGEGB_02781	1	persistent	2	0	0
PAPNPA_00294	contig_27	25065	25592	+	GEGEGB_02782	1	persistent	2	0	0
PAPNPA_00295	contig_27	26212	37686	+	GEGEGB_02783	1	persistent	2	0	0
PAPNPA_00297	contig_27	37751	38734	+	LNHIMF_02780	2	persistent	2	0	0
PAPNPA_00298	contig_27	38747	39160	+	LNHIMF_02780	2	persistent	2	0	0
PAPNPA_00299	contig_27	39157	41337	+	LNHIMF_02781	1	persistent	2	0	0
PAPNPA_00300	contig_28	23	1855	-	GEGEGB_01000	1	persistent	2	0	0
PAPNPA_00301	contig_28	1852	2508	-	GEGEGB_00999	1	persistent	2	1	0
PAPNPA_00302	contig_28	2571	2648	-	GEGEGB_00998	1	shell	2	0	0
PAPNPA_00303	contig_28	2972	3196	+	GEGEGB_00997	1	persistent	2	1	0
PAPNPA_00304	contig_28	3263	3472	-	LNHIMF_02027	2	persistent	2	0	0
PAPNPA_00305	contig_28	3529	3984	-	LNHIMF_02027	2	persistent	2	0	0
PAPNPA_00306	contig_28	4216	4968	-	GEGEGB_00995	1	persistent	2	0	0
PAPNPA_00307	contig_28	4965	5633	-	GEGEGB_00994	1	persistent	2	0	0
PAPNPA_00308	contig_28	5654	6640	-	LNHIMF_02030	1	persistent	2	0	0
PAPNPA_00309	contig_28	6794	7594	-	GEGEGB_00992	1	persistent	2	0	0
PAPNPA_00310	contig_28	7864	8292	-	GEGEGB_00991	1	persistent	2	0	0
PAPNPA_00311	contig_28	8351	9070	-	GEGEGB_00990	1	persistent	2	1	0
PAPNPA_00312	contig_28	9267	10472	-	LNHIMF_02034	1	persistent	1	3	2
PAPNPA_00313	contig_28	10551	12038	-	ONMMKP_00070	1	shell	2	0	0
PAPNPA_00314	contig_28	12295	13698	+	GEGEGB_00986	1	persistent	1	2	1
PAPNPA_00315	contig_28	13713	14120	+	LNHIMF_02037	1	persistent	2	0	1
PAPNPA_00316	contig_28	14120	14488	+	GEGEGB_00984	1	persistent	2	0	0
PAPNPA_00317	contig_28	14560	16044	+	LNHIMF_02039	1	persistent	2	0	0
PAPNPA_00318	contig_28	16084	16497	-	AJBGEP_02065	1	persistent	2	0	0
PAPNPA_00319	contig_28	16683	17888	+	LNHIMF_02041	1	persistent	2	0	0
PAPNPA_00320	contig_28	17885	18118	+	GEGEGB_00980	1	persistent	2	1	0
PAPNPA_00321	contig_28	18417	18770	+	BEJGEH_01100	1	shell	2	0	0
PAPNPA_00322	contig_28	18890	19204	-	LNHIMF_02043	1	persistent	2	1	0
PAPNPA_00323	contig_28	19421	21103	+	LNHIMF_02044	1	persistent	2	0	0
PAPNPA_00324	contig_28	21096	22091	+	GEGEGB_00976	1	persistent	2	0	0
PAPNPA_00325	contig_28	22084	22791	+	GEGEGB_00975	1	persistent	2	0	0
PAPNPA_00326	contig_28	22791	24161	+	LNHIMF_02047	1	persistent	2	0	0
PAPNPA_00327	contig_28	24183	24626	+	GEGEGB_00973	1	persistent	2	0	0
PAPNPA_00328	contig_28	24623	25846	+	LNHIMF_02049	1	persistent	2	0	0
PAPNPA_00329	contig_28	25951	26418	+	LNHIMF_02050	1	persistent	2	0	0
PAPNPA_00330	contig_28	26423	27427	+	GEGEGB_00970	1	persistent	2	0	0
PAPNPA_00331	contig_28	27424	27837	+	LNHIMF_02052	1	persistent	2	0	0
PAPNPA_00332	contig_28	27837	28214	+	GEGEGB_00968	1	persistent	2	0	0
PAPNPA_00333	contig_28	28214	28951	+	GEGEGB_00967	1	persistent	2	0	0
PAPNPA_00334	contig_28	28961	29230	+	GEGEGB_00966	1	persistent	2	0	0
PAPNPA_00335	contig_28	29239	30033	+	LNHIMF_02056	1	persistent	2	0	0
PAPNPA_00336	contig_28	30315	30938	+	LNHIMF_02057	1	persistent	2	0	0
PAPNPA_00337	contig_28	30977	31171	-	GEGEGB_00963	1	persistent	2	0	0
PAPNPA_00338	contig_28	31300	31527	+	GEGEGB_00962	1	persistent	2	0	0
PAPNPA_00340	contig_28	31836	32651	+	GEGEGB_00960	1	persistent	2	0	0
PAPNPA_00341	contig_28	32630	34342	-	GEGEGB_00959	1	persistent	2	0	0
PAPNPA_00342	contig_28	34507	34692	-	GEGEGB_00958	1	persistent	2	0	0
PAPNPA_00343	contig_28	34769	35680	-	BEJGEH_01078	1	persistent	2	0	0
PAPNPA_00344	contig_28	35856	36776	+	GEGEGB_00955	1	persistent	2	0	0
PAPNPA_00345	contig_28	36765	37235	-	GEGEGB_00954	1	persistent	2	0	0
PAPNPA_00346	contig_28	37216	38646	-	LNHIMF_02067	1	persistent	2	0	0
PAPNPA_00347	contig_28	38720	39415	-	LNHIMF_02068	1	persistent	2	0	0
PAPNPA_00348	contig_28	39495	39806	-	GEGEGB_00951	1	persistent	2	0	0
PAPNPA_00350	contig_28	40457	41668	+	LNHIMF_02071	1	persistent	2	0	0
PAPNPA_00352	contig_28	42129	42341	-	LNHIMF_02073	1	persistent	2	0	1
PAPNPA_00353	contig_28	42787	44055	-	LNHIMF_02074	1	persistent	3	1	1
PAPNPA_00354	contig_28	44058	44477	-	GEGEGB_00945	1	persistent	1	1	4
PAPNPA_00355	contig_28	45227	46045	-	PAPNPA_00355	1	cloud	1	1	2
PAPNPA_00357	contig_29	2	940	+	LNHIMF_01169	1	persistent	2	1	1
PAPNPA_00358	contig_29	1025	1762	+	GEGEGB_01887	1	persistent	2	0	0
PAPNPA_00359	contig_29	1786	2340	+	GEGEGB_01886	1	persistent	2	0	0
PAPNPA_00360	contig_29	2429	2923	+	GEGEGB_01885	1	persistent	2	0	0
PAPNPA_00361	contig_29	2962	3795	-	GEGEGB_01884	1	persistent	2	0	0
PAPNPA_00362	contig_29	3822	4238	-	GEGEGB_01883	1	persistent	2	0	0
PAPNPA_00363	contig_29	4265	4660	-	GEGEGB_01882	1	persistent	2	0	0
PAPNPA_00364	contig_29	4665	5315	-	LNHIMF_01176	1	persistent	2	0	0
PAPNPA_00366	contig_29	6070	6525	+	LNHIMF_01178	1	persistent	2	0	0
PAPNPA_00367	contig_29	6567	7022	+	GEGEGB_01878	1	persistent	2	0	0
PAPNPA_00368	contig_29	7084	7410	+	BEJGEH_01949	1	persistent	2	0	0
PAPNPA_00369	contig_29	7542	7862	+	GEGEGB_01876	1	persistent	2	0	0
PAPNPA_00370	contig_29	7948	8487	+	GEGEGB_01875	1	persistent	2	0	0
PAPNPA_00371	contig_29	8426	9910	+	GEGEGB_01874	1	persistent	2	0	0
PAPNPA_00372	contig_29	9927	11081	-	GEGEGB_01873	1	persistent	2	0	0
PAPNPA_00373	contig_29	11335	12888	+	GEGEGB_01872	1	persistent	2	0	0
PAPNPA_00374	contig_29	12881	15424	+	LNHIMF_01186	1	persistent	2	0	0
PAPNPA_00375	contig_29	15498	15725	+	GEGEGB_01870	1	persistent	2	0	0
PAPNPA_00376	contig_29	15726	16100	-	GEGEGB_01869	1	persistent	2	0	0
PAPNPA_00377	contig_29	16182	17396	-	GEGEGB_01868	1	persistent	2	0	0
PAPNPA_00378	contig_29	17551	18471	-	LNHIMF_01190	1	persistent	2	0	0
PAPNPA_00379	contig_29	18691	19743	+	LNHIMF_01191	1	persistent	2	0	0
PAPNPA_00380	contig_29	19795	20370	-	GEGEGB_01865	1	persistent	2	0	0
PAPNPA_00381	contig_29	20367	20939	-	BEJGEH_01936	1	persistent	2	0	0
PAPNPA_00382	contig_29	21201	21314	-	GEGEGB_01863	1	persistent	2	0	0
PAPNPA_00383	contig_29	21355	22473	-	LNHIMF_01195	1	persistent	2	0	0
PAPNPA_00384	contig_29	22586	22840	-	LNHIMF_01196	1	persistent	2	0	0
PAPNPA_00385	contig_29	23130	23375	-	LNHIMF_01197	1	persistent	2	0	0
PAPNPA_00386	contig_29	23449	24495	-	LNHIMF_01198	1	persistent	2	0	0
PAPNPA_00387	contig_29	24599	25159	-	LNHIMF_01199	1	persistent	2	0	0
PAPNPA_00388	contig_29	25284	25931	-	GEGEGB_01857	1	persistent	2	0	0
PAPNPA_00389	contig_29	25995	27203	-	LNHIMF_01201	1	persistent	2	0	0
PAPNPA_00390	contig_29	27440	28024	+	LNHIMF_01202	1	persistent	2	0	0
PAPNPA_00391	contig_29	28060	28707	+	GEGEGB_01854	1	persistent	2	0	0
PAPNPA_00392	contig_29	28709	29632	+	LNHIMF_01204	1	persistent	2	0	0
PAPNPA_00393	contig_29	29897	31471	+	LNHIMF_01205	1	persistent	2	0	0
PAPNPA_00394	contig_29	31553	31975	-	GEGEGB_01851	1	persistent	2	0	0
PAPNPA_00395	contig_29	31980	32273	-	LNHIMF_01207	1	persistent	2	0	0
PAPNPA_00396	contig_29	32365	33024	-	GEGEGB_01849	1	persistent	2	0	0
PAPNPA_00397	contig_29	33181	33597	+	LNHIMF_01209	1	persistent	2	0	0
PAPNPA_00398	contig_29	33601	34005	+	GEGEGB_01847	1	persistent	2	0	0
PAPNPA_00399	contig_29	34017	34715	+	GEGEGB_01846	1	persistent	2	0	0
PAPNPA_00400	contig_29	34742	36019	+	GEGEGB_01845	1	persistent	2	0	0
PAPNPA_00401	contig_29	36040	36795	+	LNHIMF_01213	1	persistent	2	0	0
PAPNPA_00402	contig_29	36809	37591	+	GEGEGB_01843	1	persistent	2	0	0
PAPNPA_00403	contig_29	37679	38344	+	GEGEGB_01842	1	persistent	2	0	0
PAPNPA_00404	contig_29	38356	39453	+	GEGEGB_01841	1	persistent	2	0	0
PAPNPA_00405	contig_29	39453	40403	+	GEGEGB_01840	1	persistent	2	0	0
PAPNPA_00406	contig_29	40468	42129	+	GEGEGB_01839	1	persistent	2	0	0
PAPNPA_00407	contig_29	42144	43097	+	LNHIMF_01219	1	persistent	2	1	0
PAPNPA_00408	contig_29	43354	46557	-	ONMMKP_00953	1	persistent	2	1	1
PAPNPA_00409	contig_29	47776	48003	-	PAPNPA_00409	1	cloud	1	0	0
PAPNPA_00410	contig_30	167	451	+	LNHIMF_02018	1	persistent	2	0	1
PAPNPA_00411	contig_30	672	2105	+	LNHIMF_02017	1	persistent	4	0	0
PAPNPA_00412	contig_30	2318	2644	+	LNHIMF_02016	1	persistent	2	0	0
PAPNPA_00414	contig_30	2883	3548	+	LNHIMF_02014	1	persistent	3	0	0
PAPNPA_00415	contig_30	3623	4891	-	GEGEGB_01009	1	persistent	2	0	0
PAPNPA_00416	contig_30	5061	5300	+	GEGEGB_01010	1	persistent	2	0	0
PAPNPA_00417	contig_30	5346	5843	-	GEGEGB_01011	1	persistent	2	0	0
PAPNPA_00418	contig_30	6083	6418	-	GEGEGB_01012	1	persistent	3	0	0
PAPNPA_00419	contig_30	6674	7312	+	LNHIMF_02009	1	persistent	2	0	0
PAPNPA_00420	contig_30	7491	7994	-	GEGEGB_01013	1	persistent	3	0	0
PAPNPA_00421	contig_30	8546	9103	+	BEJGEH_01135	1	persistent	2	0	1
PAPNPA_00422	contig_30	9332	9514	+	AJBGEP_02029	1	cloud	2	0	0
PAPNPA_00423	contig_30	9638	10540	+	BEJGEH_01136	1	persistent	2	0	1
PAPNPA_00424	contig_30	10515	11936	+	GEGEGB_01016	1	persistent	2	0	0
PAPNPA_00425	contig_30	11954	12382	-	LNHIMF_02004	1	persistent	2	0	0
PAPNPA_00426	contig_30	13177	13518	+	GEGEGB_01018	1	persistent	2	0	0
PAPNPA_00427	contig_30	13521	14099	+	LNHIMF_02002	1	persistent	2	0	0
PAPNPA_00428	contig_30	14224	15111	+	LNHIMF_02001	1	persistent	2	0	0
PAPNPA_00429	contig_30	15108	16037	+	LNHIMF_02000	1	persistent	2	0	0
PAPNPA_00430	contig_30	16042	18057	+	GEGEGB_01022	1	persistent	2	0	0
PAPNPA_00431	contig_30	18078	18581	+	LNHIMF_01998	1	persistent	2	0	0
PAPNPA_00432	contig_30	18818	20479	+	LNHIMF_01997	1	persistent	2	0	0
PAPNPA_00433	contig_30	20633	21499	+	LNHIMF_01996	1	persistent	2	0	0
PAPNPA_00434	contig_30	21496	22545	+	GEGEGB_01026	1	persistent	2	0	0
PAPNPA_00435	contig_30	22563	22952	+	GEGEGB_01027	1	persistent	2	0	0
PAPNPA_00436	contig_30	22960	23607	+	LNHIMF_01993	1	persistent	2	0	1
PAPNPA_00437	contig_30	23801	24952	+	GEGEGB_01029	1	persistent	2	0	1
PAPNPA_00438	contig_30	24945	27023	+	GEGEGB_01030	1	persistent	2	0	0
PAPNPA_00439	contig_30	27023	27415	+	GEGEGB_01031	1	persistent	2	0	0
PAPNPA_00440	contig_30	27652	28791	+	LNHIMF_01988	1	persistent	2	0	0
PAPNPA_00441	contig_30	28845	30716	-	LNHIMF_01987	1	persistent	2	0	0
PAPNPA_00442	contig_30	30905	32638	-	GEGEGB_01035	1	persistent	2	0	0
PAPNPA_00443	contig_30	32875	33444	+	LNHIMF_01985	1	persistent	2	0	0
PAPNPA_00444	contig_30	33464	34210	+	LNHIMF_01984	1	persistent	2	0	0
PAPNPA_00446	contig_30	34446	35417	-	GEGEGB_01039	1	persistent	2	0	0
PAPNPA_00447	contig_30	35414	36157	-	GEGEGB_01040	1	persistent	2	0	0
PAPNPA_00448	contig_30	36198	36593	-	GEGEGB_01041	1	persistent	2	0	0
PAPNPA_00449	contig_30	36646	37464	-	GEGEGB_01042	1	persistent	2	0	0
PAPNPA_00450	contig_30	37461	38027	-	GEGEGB_01043	1	persistent	2	0	0
PAPNPA_00451	contig_30	38352	40124	+	LNHIMF_01977	1	persistent	2	0	0
PAPNPA_00452	contig_30	40227	40679	+	GEGEGB_01045	1	persistent	2	0	0
PAPNPA_00453	contig_30	40709	41449	+	GEGEGB_01046	1	persistent	2	0	0
PAPNPA_00454	contig_30	41486	42007	+	GEGEGB_01047	1	persistent	2	0	1
PAPNPA_00455	contig_30	42009	42608	-	LNHIMF_01973	1	persistent	2	1	3
PAPNPA_00456	contig_30	42818	43510	+	LNHIMF_01972	1	shell	2	0	1
PAPNPA_00457	contig_30	43870	44481	+	LNHIMF_01971	1	persistent	2	1	1
PAPNPA_00458	contig_30	44490	45500	+	GEGEGB_01051	1	persistent	2	0	1
PAPNPA_00459	contig_30	45579	46364	-	GEGEGB_01052	1	persistent	2	0	0
PAPNPA_00460	contig_30	46361	47116	-	LNHIMF_01968	1	persistent	2	0	0
PAPNPA_00461	contig_30	47138	48139	+	LNHIMF_01967	1	persistent	2	0	0
PAPNPA_00462	contig_30	48155	49474	+	LNHIMF_01966	1	persistent	2	0	1
PAPNPA_00463	contig_30	49897	50238	-	OEKLIE_01026	1	cloud	1	0	0
PAPNPA_00464	contig_31	586	1710	-	LNHIMF_03398	1	persistent	2	0	0
PAPNPA_00465	contig_31	1903	2301	+	LNHIMF_03399	1	persistent	2	0	0
PAPNPA_00466	contig_31	2458	3825	+	GEGEGB_03441	1	persistent	2	0	0
PAPNPA_00467	contig_31	3918	4988	+	GEGEGB_03442	1	persistent	2	0	0
PAPNPA_00468	contig_31	5022	5720	-	HFCAGB_03583	1	persistent	2	0	0
PAPNPA_00469	contig_31	5773	7074	-	LNHIMF_00056	3	persistent	4	0	0
PAPNPA_00470	contig_31	7090	8865	-	GEGEGB_00060	3	persistent	2	0	1
PAPNPA_00471	contig_31	8881	9123	-	AJBGEP_03535	3	persistent	3	1	0
PAPNPA_00472	contig_31	9280	9897	-	GEGEGB_03447	1	persistent	2	0	0
PAPNPA_00473	contig_31	9897	10796	-	GEGEGB_03448	1	persistent	2	0	0
PAPNPA_00474	contig_31	10829	12097	-	GEGEGB_03449	1	persistent	2	0	0
PAPNPA_00475	contig_31	12308	12973	-	GEGEGB_03450	1	persistent	2	0	0
PAPNPA_00476	contig_31	12960	13589	-	GEGEGB_03451	1	persistent	2	0	0
PAPNPA_00477	contig_31	13709	14647	-	GEGEGB_03452	1	persistent	2	0	0
PAPNPA_00478	contig_31	15062	15532	+	GEGEGB_03453	1	persistent	2	0	0
PAPNPA_00479	contig_31	15897	16160	+	GEGEGB_03454	1	persistent	2	0	0
PAPNPA_00480	contig_31	16264	16530	+	GEGEGB_03455	1	persistent	2	0	0
PAPNPA_00481	contig_31	16590	16862	-	GEGEGB_03456	1	persistent	2	0	0
PAPNPA_00482	contig_31	17034	19001	-	LNHIMF_03416	1	persistent	2	0	0
PAPNPA_00483	contig_31	19007	19939	-	GEGEGB_03458	1	persistent	2	0	0
PAPNPA_00484	contig_31	19947	20150	-	GEGEGB_03459	1	persistent	2	0	0
PAPNPA_00485	contig_31	20332	21261	+	GEGEGB_03460	1	persistent	2	0	0
PAPNPA_00486	contig_31	21383	22828	-	GEGEGB_03461	1	persistent	2	0	0
PAPNPA_00487	contig_31	22973	26773	-	LNHIMF_03421	1	persistent	2	0	0
PAPNPA_00488	contig_31	26884	28353	-	GEGEGB_03463	1	persistent	2	0	0
PAPNPA_00489	contig_31	28343	28936	-	LNHIMF_03423	1	persistent	2	0	0
PAPNPA_00490	contig_31	28945	29436	-	GEGEGB_03465	1	persistent	2	0	0
PAPNPA_00491	contig_31	29436	30488	-	LNHIMF_03425	1	persistent	2	0	0
PAPNPA_00492	contig_31	30553	31596	-	GEGEGB_03467	1	persistent	2	0	0
PAPNPA_00493	contig_31	31904	33844	-	LNHIMF_03427	1	persistent	2	0	0
PAPNPA_00494	contig_31	34048	35022	+	GEGEGB_03469	1	persistent	2	0	0
PAPNPA_00495	contig_31	35135	36139	+	GEGEGB_03470	1	persistent	2	0	0
PAPNPA_00496	contig_31	36140	36739	+	GEGEGB_03471	1	persistent	2	0	0
PAPNPA_00497	contig_31	37132	37602	+	GEGEGB_03472	1	persistent	2	0	0
PAPNPA_00498	contig_31	37613	38962	+	GEGEGB_03473	1	persistent	2	0	0
PAPNPA_00499	contig_31	39071	39313	+	LNHIMF_03433	1	persistent	2	0	0
PAPNPA_00500	contig_31	39303	40754	+	LNHIMF_03434	1	persistent	2	0	0
PAPNPA_00501	contig_31	40766	41647	+	GEGEGB_03476	1	persistent	2	0	1
PAPNPA_00502	contig_31	42308	43273	+	GEGEGB_03477	1	persistent	2	0	1
PAPNPA_00503	contig_31	43299	43595	+	GEGEGB_03478	1	persistent	2	0	0
PAPNPA_00504	contig_31	43681	44565	+	GEGEGB_03479	1	persistent	2	0	0
PAPNPA_00505	contig_31	44648	44812	+	GEGEGB_03480	1	persistent	2	0	0
PAPNPA_00506	contig_31	44963	47038	+	LNHIMF_03440	1	persistent	3	0	0
PAPNPA_00507	contig_31	47065	47727	-	LNHIMF_03441	1	persistent	2	0	0
PAPNPA_00508	contig_31	48141	49298	+	BEJGEH_03419	1	persistent	3	0	0
PAPNPA_00509	contig_31	49310	52423	+	LNHIMF_03443	2	persistent	4	0	0
PAPNPA_00510	contig_31	52661	52882	+	GEGEGB_03485	1	persistent	3	0	0
PAPNPA_00514	contig_32	732	1931	-	LNHIMF_03988	1	persistent	2	0	0
PAPNPA_00515	contig_32	1931	3100	-	GEGEGB_03545	1	persistent	2	0	0
PAPNPA_00516	contig_32	3122	3862	-	LNHIMF_03990	1	persistent	2	0	0
PAPNPA_00517	contig_32	3859	4821	-	GEGEGB_03543	1	persistent	2	0	0
PAPNPA_00518	contig_32	5177	7723	+	GEGEGB_03542	1	persistent	2	1	0
PAPNPA_00519	contig_32	7831	8187	+	AJBGEP_04145	1	shell	1	1	0
PAPNPA_00520	contig_32	8400	8915	+	BEJGEH_03994	1	shell	0	2	0
PAPNPA_00521	contig_32	8927	9289	+	BEJGEH_03995	1	shell	1	1	0
PAPNPA_00522	contig_32	9360	9680	-	GEGEGB_03538	1	persistent	2	1	0
PAPNPA_00523	contig_32	9750	10139	-	LNHIMF_03994	1	persistent	1	2	1
PAPNPA_00524	contig_32	10127	10360	-	BENMGJ_00575	1	shell	1	1	0
PAPNPA_00525	contig_32	10399	10650	-	HFCAGB_04192	1	shell	2	1	0
PAPNPA_00526	contig_32	10836	11039	+	GEGEGB_03535	1	persistent	1	1	1
PAPNPA_00527	contig_32	11076	11900	+	GEGEGB_03534	1	persistent	2	0	0
PAPNPA_00528	contig_32	11897	12604	+	GEGEGB_03533	1	persistent	2	0	0
PAPNPA_00529	contig_32	12601	13503	+	GEGEGB_03532	1	persistent	2	0	0
PAPNPA_00530	contig_32	13503	14219	+	GEGEGB_03531	1	persistent	2	0	0
PAPNPA_00531	contig_32	14354	16516	+	LNHIMF_04001	1	persistent	2	0	0
PAPNPA_00532	contig_32	16988	17938	+	GEGEGB_03529	1	persistent	2	2	0
PAPNPA_00533	contig_32	17987	18367	-	GEGEGB_03528	1	shell	1	1	0
PAPNPA_00534	contig_32	18383	18841	-	GEGEGB_03527	1	shell	1	1	0
PAPNPA_00535	contig_32	18876	19760	-	HFCAGB_04202	1	persistent	2	2	0
PAPNPA_00536	contig_32	19804	20271	-	GEGEGB_03525	1	persistent	2	0	0
PAPNPA_00537	contig_32	20436	21305	+	GEGEGB_03524	1	persistent	2	0	0
PAPNPA_00538	contig_32	21371	23218	+	GEGEGB_03523	1	persistent	2	0	0
PAPNPA_00539	contig_32	23282	23902	+	GEGEGB_03522	1	persistent	2	0	0
PAPNPA_00540	contig_32	23942	24562	-	GEGEGB_03521	1	persistent	2	0	0
PAPNPA_00541	contig_32	24673	25689	+	LNHIMF_04009	1	persistent	2	0	0
PAPNPA_00542	contig_32	25705	26505	+	LNHIMF_04010	1	persistent	2	0	0
PAPNPA_00543	contig_32	26586	27485	+	GEGEGB_03518	1	persistent	2	0	0
PAPNPA_00544	contig_32	27373	28326	-	GEGEGB_03517	1	persistent	2	0	0
PAPNPA_00545	contig_32	28575	30839	+	LNHIMF_04013	1	persistent	2	0	0
PAPNPA_00546	contig_32	31231	32526	+	LNHIMF_04014	1	persistent	2	0	0
PAPNPA_00547	contig_32	32606	33418	-	GEGEGB_03514	1	persistent	2	0	0
PAPNPA_00548	contig_32	33677	34438	+	GEGEGB_03513	1	persistent	2	0	0
PAPNPA_00549	contig_32	34578	36008	+	GEGEGB_03512	1	persistent	2	0	0
PAPNPA_00550	contig_32	36104	36859	+	GEGEGB_03511	1	persistent	2	0	0
PAPNPA_00551	contig_32	36869	37474	+	GEGEGB_03510	1	persistent	2	0	0
PAPNPA_00553	contig_32	37471	39111	+	GEGEGB_03508	1	persistent	2	0	0
PAPNPA_00554	contig_32	39317	39571	+	GEGEGB_03507	1	persistent	2	0	0
PAPNPA_00555	contig_32	39575	40123	+	GEGEGB_03506	1	persistent	2	0	0
PAPNPA_00556	contig_32	40126	40905	+	GEGEGB_03505	1	persistent	2	0	0
PAPNPA_00557	contig_32	40935	41729	+	GEGEGB_03504	1	persistent	2	0	0
PAPNPA_00558	contig_32	41737	42225	-	LNHIMF_04026	1	persistent	2	0	0
PAPNPA_00559	contig_32	42411	43889	+	GEGEGB_03502	1	persistent	2	0	0
PAPNPA_00560	contig_32	43975	44676	+	LNHIMF_04028	1	persistent	2	0	0
PAPNPA_00561	contig_32	44930	46753	+	GEGEGB_03500	1	persistent	2	0	0
PAPNPA_00562	contig_32	46950	48113	-	GEGEGB_03499	1	persistent	2	0	0
PAPNPA_00563	contig_32	48123	50312	-	GEGEGB_03498	1	persistent	2	0	0
PAPNPA_00564	contig_32	50502	51833	+	GEGEGB_03497	1	persistent	2	0	0
PAPNPA_00565	contig_32	51833	52447	+	BEJGEH_04039	1	persistent	2	0	0
PAPNPA_00566	contig_32	52486	53937	+	GEGEGB_03495	1	persistent	2	0	0
PAPNPA_00567	contig_33	560	2089	-	BEJGEH_01307	1	persistent	2	0	0
PAPNPA_00568	contig_33	2331	3008	-	LNHIMF_01831	1	persistent	3	0	1
PAPNPA_00569	contig_33	3008	3718	-	LNHIMF_01832	1	persistent	2	0	0
PAPNPA_00570	contig_33	3715	5250	-	GEGEGB_01575	2	persistent	4	0	0
PAPNPA_00571	contig_33	5247	8990	-	GEGEGB_01771	1	persistent	2	0	0
PAPNPA_00572	contig_33	9378	10775	-	GEGEGB_01772	1	persistent	2	0	0
PAPNPA_00573	contig_33	11116	12912	+	LNHIMF_01836	1	persistent	2	0	0
PAPNPA_00574	contig_33	12905	13555	+	LNHIMF_01837	1	persistent	2	0	0
PAPNPA_00575	contig_33	13556	15085	-	PAPNPA_00575	1	persistent	2	0	0
PAPNPA_00576	contig_33	15157	15510	+	GEGEGB_01776	1	persistent	2	0	0
PAPNPA_00577	contig_33	15590	15820	-	GEGEGB_01777	1	persistent	2	0	0
PAPNPA_00578	contig_33	16087	17187	+	LNHIMF_01841	1	persistent	2	1	0
PAPNPA_00579	contig_33	17240	18094	-	GEGEGB_01176	1	persistent	2	1	0
PAPNPA_00580	contig_33	18132	18941	-	GEGEGB_01175	1	persistent	2	0	0
PAPNPA_00581	contig_33	18945	19334	-	GEGEGB_01174	1	persistent	2	0	0
PAPNPA_00582	contig_33	19331	20164	-	LNHIMF_01845	1	persistent	2	0	0
PAPNPA_00583	contig_33	20139	21245	-	GEGEGB_01172	1	persistent	2	0	0
PAPNPA_00584	contig_33	21286	22542	-	GEGEGB_01171	1	persistent	2	0	0
PAPNPA_00585	contig_33	22856	23479	+	LNHIMF_01848	1	persistent	2	0	0
PAPNPA_00586	contig_33	23476	24327	+	GEGEGB_01169	1	persistent	2	0	0
PAPNPA_00587	contig_33	24593	25540	+	GEGEGB_01168	1	persistent	2	0	0
PAPNPA_00588	contig_33	25692	27350	+	GEGEGB_01167	1	persistent	2	0	0
PAPNPA_00589	contig_33	27395	27673	-	LNHIMF_01852	1	persistent	2	0	0
PAPNPA_00590	contig_33	27949	28533	+	GEGEGB_01165	1	persistent	2	0	0
PAPNPA_00591	contig_33	28650	29741	+	GEGEGB_01164	1	persistent	2	0	2
PAPNPA_00592	contig_33	30475	31128	+	BEJGEH_01282	1	cloud	1	0	1
PAPNPA_00593	contig_33	31167	31622	+	BEJGEH_01281	1	cloud	2	0	1
PAPNPA_00594	contig_33	32106	33371	-	BEJGEH_01280	1	persistent	2	0	2
PAPNPA_00595	contig_33	33866	34984	+	LNHIMF_01857	1	persistent	2	0	1
PAPNPA_00596	contig_33	34981	36774	+	GEGEGB_01160	1	persistent	2	0	0
PAPNPA_00597	contig_33	36793	37524	+	LNHIMF_01859	1	persistent	2	0	0
PAPNPA_00598	contig_33	37521	38117	+	GEGEGB_01158	1	persistent	2	0	0
PAPNPA_00599	contig_33	38107	38511	+	GEGEGB_01157	1	persistent	2	0	0
PAPNPA_00600	contig_33	38508	39356	+	GEGEGB_01156	1	persistent	2	0	0
PAPNPA_00601	contig_33	39431	40975	+	LNHIMF_01863	1	persistent	2	0	0
PAPNPA_00602	contig_33	40987	42123	+	LNHIMF_01864	1	persistent	2	0	0
PAPNPA_00603	contig_33	42136	42225	+	GEGEGB_01153	1	persistent	2	0	0
PAPNPA_00604	contig_33	42620	43894	+	LNHIMF_01866	1	persistent	2	0	0
PAPNPA_00605	contig_33	44108	45820	+	LNHIMF_01867	1	persistent	2	0	0
PAPNPA_00606	contig_33	45883	46137	-	GEGEGB_01148	1	persistent	2	0	0
PAPNPA_00607	contig_33	46306	47040	+	LNHIMF_01869	1	persistent	2	0	0
PAPNPA_00608	contig_33	47054	47665	-	GEGEGB_01146	1	persistent	2	0	0
PAPNPA_00609	contig_33	47837	48751	+	GEGEGB_01145	1	persistent	2	0	0
PAPNPA_00610	contig_33	48848	50581	+	GEGEGB_01144	1	persistent	2	0	0
PAPNPA_00611	contig_33	50643	51713	-	LNHIMF_01873	1	persistent	2	0	0
PAPNPA_00612	contig_33	51727	53025	-	LNHIMF_01874	1	persistent	2	0	0
PAPNPA_00613	contig_33	53348	54880	+	GEGEGB_01141	1	persistent	2	0	0
PAPNPA_00614	contig_33	54927	55646	-	LNHIMF_01876	1	persistent	2	0	0
PAPNPA_00615	contig_33	55866	57410	+	GEGEGB_01139	1	persistent	2	0	0
PAPNPA_00616	contig_33	57552	58082	+	GEGEGB_01138	1	persistent	2	0	0
PAPNPA_00617	contig_33	58191	58532	+	GEGEGB_01137	1	persistent	2	0	0
PAPNPA_00618	contig_33	58603	58776	-	GEGEGB_01136	1	persistent	2	0	0
PAPNPA_00619	contig_33	58968	59105	-	GEGEGB_01135	1	persistent	2	0	0
PAPNPA_00620	contig_33	59457	59903	-	LNHIMF_01882	1	persistent	2	0	0
PAPNPA_00621	contig_33	59996	60655	-	GEGEGB_01133	1	persistent	2	0	0
PAPNPA_00622	contig_33	60705	60998	-	LNHIMF_01884	1	persistent	2	0	0
PAPNPA_00623	contig_34	99	1046	+	IKCLMC_04115	1	cloud	1	0	3
PAPNPA_00624	contig_34	1323	1928	-	PAPNPA_00624	1	cloud	0	0	2
PAPNPA_00625	contig_34	1928	2821	-	PAPNPA_00625	1	cloud	0	0	2
PAPNPA_00626	contig_34	3087	3710	-	BEJGEH_04595	2	cloud	1	1	3
PAPNPA_00628	contig_34	3932	4198	-	HFCAGB_04723	3	shell	1	1	8
PAPNPA_00629	contig_34	4534	6081	-	PAPNPA_00629	1	cloud	0	1	1
PAPNPA_00630	contig_34	6081	11039	-	PAPNPA_00630	1	cloud	0	0	2
PAPNPA_00631	contig_34	11298	11756	+	PAPNPA_00631	1	cloud	0	0	2
PAPNPA_00632	contig_34	11842	12300	+	PAPNPA_00632	1	cloud	0	0	2
PAPNPA_00633	contig_34	12309	12791	+	PAPNPA_00633	1	cloud	0	0	2
PAPNPA_00634	contig_34	12800	13021	+	PAPNPA_00634	1	cloud	0	0	2
PAPNPA_00635	contig_34	13040	13357	+	PAPNPA_00635	1	cloud	0	0	2
PAPNPA_00636	contig_34	13378	13707	+	PAPNPA_00636	1	cloud	0	1	1
PAPNPA_00637	contig_34	14422	14778	-	AJBGEP_02930	1	shell	1	2	5
PAPNPA_00638	contig_34	15029	16531	-	AJBGEP_02931	1	shell	2	2	0
PAPNPA_00639	contig_34	16895	17467	-	LNHIMF_02806	1	shell	1	1	1
PAPNPA_00640	contig_34	18157	19272	+	GEGEGB_02814	1	persistent	1	2	2
PAPNPA_00641	contig_34	19353	23009	+	HFCAGB_02977	1	persistent	2	0	0
PAPNPA_00642	contig_34	23119	24363	+	LNHIMF_02809	1	persistent	2	0	0
PAPNPA_00643	contig_34	24395	25330	+	HFCAGB_02979	1	persistent	2	0	0
PAPNPA_00644	contig_34	25372	27546	-	LNHIMF_02811	1	persistent	2	1	1
PAPNPA_00645	contig_34	28077	28388	-	BEJGEH_02765	1	shell	2	0	0
PAPNPA_00646	contig_34	28583	29635	-	LNHIMF_02813	1	persistent	2	1	1
PAPNPA_00647	contig_34	30154	31083	+	GEGEGB_02820	1	persistent	2	0	0
PAPNPA_00648	contig_34	31377	32273	+	GEGEGB_02821	1	persistent	2	0	0
PAPNPA_00650	contig_34	32789	32902	+	GEGEGB_02822	1	persistent	2	0	0
PAPNPA_00651	contig_34	32995	34008	-	LNHIMF_02817	1	persistent	2	0	0
PAPNPA_00652	contig_34	34141	35556	-	GEGEGB_02824	1	persistent	2	0	0
PAPNPA_00653	contig_34	35543	36217	-	LNHIMF_02819	1	persistent	2	0	0
PAPNPA_00654	contig_34	36372	37349	+	LNHIMF_02820	1	persistent	2	0	0
PAPNPA_00655	contig_34	37364	37795	+	GEGEGB_02827	1	persistent	2	0	0
PAPNPA_00656	contig_34	37806	39320	+	LNHIMF_02822	1	persistent	2	0	1
PAPNPA_00657	contig_34	39623	40600	+	GEGEGB_02829	1	persistent	2	0	1
PAPNPA_00658	contig_34	40626	41894	+	LNHIMF_02824	1	persistent	2	0	0
PAPNPA_00659	contig_34	41916	43364	+	BEJGEH_02778	1	persistent	2	0	0
PAPNPA_00660	contig_34	43379	44662	+	LNHIMF_02827	1	persistent	2	0	0
PAPNPA_00661	contig_34	44796	46196	+	BEJGEH_02780	1	persistent	2	0	0
PAPNPA_00662	contig_34	46238	46915	+	GEGEGB_02835	1	persistent	2	0	1
PAPNPA_00663	contig_34	46937	47386	-	LNHIMF_02830	1	persistent	2	0	0
PAPNPA_00664	contig_34	47486	47644	-	GEGEGB_02838	1	persistent	2	0	1
PAPNPA_00665	contig_34	47827	48126	+	LNHIMF_02832	1	persistent	2	0	0
PAPNPA_00666	contig_34	48136	48663	+	GEGEGB_02840	1	persistent	3	0	0
PAPNPA_00667	contig_34	48742	48921	+	LNHIMF_02834	1	persistent	2	0	0
PAPNPA_00668	contig_34	49010	49411	-	GEGEGB_02842	1	persistent	3	0	0
PAPNPA_00669	contig_34	50310	50759	+	LNHIMF_02836	1	persistent	2	0	0
PAPNPA_00670	contig_34	50794	51144	-	GEGEGB_02844	1	persistent	2	0	0
PAPNPA_00671	contig_34	51306	51632	+	GEGEGB_02845	1	persistent	2	0	0
PAPNPA_00672	contig_34	51716	53050	-	LNHIMF_02839	1	persistent	2	0	0
PAPNPA_00673	contig_34	53139	53570	+	LNHIMF_02840	1	persistent	2	0	0
PAPNPA_00674	contig_34	53842	54087	+	LNHIMF_02841	1	persistent	2	0	0
PAPNPA_00675	contig_34	54084	54494	+	LNHIMF_02842	1	persistent	2	0	0
PAPNPA_00676	contig_34	54494	56611	+	LNHIMF_02843	1	persistent	2	0	0
PAPNPA_00677	contig_34	56622	57581	+	LNHIMF_02844	1	persistent	2	0	1
PAPNPA_00678	contig_34	57936	59138	+	LNHIMF_02845	1	persistent	2	0	1
PAPNPA_00679	contig_34	59131	60195	+	GEGEGB_02855	1	persistent	2	0	0
PAPNPA_00680	contig_34	60265	61260	+	GEGEGB_02856	1	persistent	2	0	0
PAPNPA_00681	contig_34	61425	62609	+	LNHIMF_02848	1	persistent	2	0	0
PAPNPA_00682	contig_34	63106	63636	+	GEGEGB_02858	1	persistent	2	0	0
PAPNPA_00683	contig_34	63763	64935	+	LNHIMF_02850	1	persistent	2	0	0
PAPNPA_00684	contig_34	64952	66490	+	LNHIMF_02851	1	persistent	2	0	0
PAPNPA_00685	contig_34	66539	67909	-	GEGEGB_02861	1	persistent	2	0	0
PAPNPA_00687	contig_34	68255	68770	-	GEGEGB_02863	1	persistent	2	0	0
PAPNPA_00689	contig_34	68920	70476	-	LNHIMF_02856	1	persistent	2	0	0
PAPNPA_00690	contig_34	70553	70978	-	GEGEGB_02866	1	persistent	2	0	0
PAPNPA_00691	contig_34	70975	71541	-	GEGEGB_02867	1	persistent	2	0	0
PAPNPA_00695	contig_35	45	209	-	GEGEGB_01090	1	persistent	3	0	1
PAPNPA_00696	contig_35	494	1216	-	BEJGEH_01210	1	persistent	2	0	0
PAPNPA_00697	contig_35	1901	2296	+	LNHIMF_01926	1	persistent	2	0	0
PAPNPA_00698	contig_35	2624	3100	+	LNHIMF_01927	1	persistent	2	0	2
PAPNPA_00699	contig_35	3362	3535	-	PKJKAM_04319	1	cloud	1	0	1
PAPNPA_00700	contig_35	5163	5366	+	PKJKAM_04318	1	cloud	0	0	2
PAPNPA_00701	contig_35	6063	7076	+	PAPNPA_00701	1	cloud	1	0	1
PAPNPA_00702	contig_35	7421	7933	+	PAPNPA_00762	2	persistent	1	1	8
PAPNPA_00703	contig_35	8905	11220	-	PAPNPA_00703	1	cloud	1	0	2
PAPNPA_00704	contig_35	12959	15055	+	PAPNPA_00704	1	cloud	0	0	2
PAPNPA_00705	contig_35	15419	23650	-	PAPNPA_00705	1	cloud	0	0	2
PAPNPA_00706	contig_35	23725	25053	-	PAPNPA_00706	1	cloud	0	0	2
PAPNPA_00707	contig_35	25064	25315	-	PAPNPA_00707	1	cloud	0	0	2
PAPNPA_00708	contig_35	25328	25723	-	PAPNPA_00708	1	cloud	0	0	2
PAPNPA_00709	contig_35	25736	26386	-	PAPNPA_00709	1	cloud	0	0	2
PAPNPA_00710	contig_35	26446	26817	-	PAPNPA_00710	1	cloud	0	0	2
PAPNPA_00711	contig_35	26820	28322	-	PAPNPA_00711	1	cloud	0	0	2
PAPNPA_00712	contig_35	28319	29950	-	PAPNPA_00712	1	cloud	0	0	2
PAPNPA_00713	contig_35	30825	31259	-	PAPNPA_00713	1	cloud	0	0	2
PAPNPA_00714	contig_35	31557	31769	-	PAPNPA_00714	1	cloud	0	0	2
PAPNPA_00715	contig_35	31848	32222	-	PAPNPA_00715	1	cloud	0	0	2
PAPNPA_00716	contig_35	32543	33187	-	PAPNPA_00716	1	cloud	0	0	2
PAPNPA_00717	contig_35	33304	33882	-	PAPNPA_00717	1	cloud	0	0	2
PAPNPA_00718	contig_35	33892	35613	-	PAPNPA_00718	1	cloud	0	0	2
PAPNPA_00719	contig_35	35610	36263	-	PAPNPA_00719	1	cloud	0	0	2
PAPNPA_00720	contig_35	36263	36826	-	PAPNPA_00720	1	cloud	0	0	2
PAPNPA_00721	contig_35	36810	37262	-	PAPNPA_00721	1	cloud	0	0	2
PAPNPA_00722	contig_35	37319	37732	-	PAPNPA_00722	1	cloud	0	0	2
PAPNPA_00723	contig_35	37794	39008	-	PAPNPA_00723	1	cloud	0	0	2
PAPNPA_00724	contig_35	39062	40060	-	PAPNPA_00724	1	cloud	0	0	2
PAPNPA_00725	contig_35	40202	42349	-	PAPNPA_00725	1	cloud	0	0	2
PAPNPA_00726	contig_35	42349	44061	-	PAPNPA_00726	1	cloud	0	0	2
PAPNPA_00727	contig_35	44042	44395	-	PAPNPA_00727	1	cloud	0	0	2
PAPNPA_00729	contig_35	44906	45088	-	PAPNPA_00729	1	cloud	0	0	3
PAPNPA_00730	contig_35	45305	45769	-	OEKLIE_01492	1	cloud	0	1	6
PAPNPA_00732	contig_35	46077	46616	-	AJBGEP_01277	1	cloud	0	0	3
PAPNPA_00733	contig_35	46594	46902	-	AJBGEP_01276	1	cloud	0	0	4
PAPNPA_00734	contig_35	47074	47613	+	AJBGEP_01275	1	cloud	0	0	3
PAPNPA_00735	contig_35	47625	47843	-	AJBGEP_01274	1	cloud	0	0	3
PAPNPA_00737	contig_35	48486	50954	+	PAPNPA_00737	1	cloud	0	0	2
PAPNPA_00738	contig_35	51067	51429	-	PAPNPA_00738	1	cloud	0	0	2
PAPNPA_00739	contig_35	51439	51747	-	IKCLMC_00907	1	cloud	0	0	3
PAPNPA_00740	contig_35	51729	51923	-	IKCLMC_00906	1	cloud	0	0	2
PAPNPA_00741	contig_35	51920	52519	-	AJBGEP_01264	1	cloud	0	1	3
PAPNPA_00742	contig_35	52583	52831	-	HFCAGB_01364	1	cloud	0	1	3
PAPNPA_00743	contig_35	53081	53236	-	IKCLMC_00903	1	cloud	0	0	2
PAPNPA_00745	contig_35	53440	53712	-	IKCLMC_00901	1	cloud	0	0	2
PAPNPA_00746	contig_35	53709	54104	-	HFCAGB_01361	1	cloud	0	0	4
PAPNPA_00747	contig_35	54117	54578	-	HFCAGB_01360	1	cloud	0	0	2
PAPNPA_00748	contig_35	54571	55578	-	HFCAGB_01359	1	cloud	0	0	3
PAPNPA_00749	contig_35	55625	56119	-	IKCLMC_00898	1	cloud	0	0	2
PAPNPA_00750	contig_35	56106	56360	-	HFCAGB_01357	1	cloud	0	0	3
PAPNPA_00751	contig_35	56525	56857	+	HFCAGB_01356	1	cloud	0	0	4
PAPNPA_00752	contig_35	57158	57382	+	PAPNPA_00752	1	cloud	0	0	2
PAPNPA_00753	contig_35	57802	58086	+	IKCLMC_00893	1	cloud	0	0	3
PAPNPA_00754	contig_35	58161	58496	+	IKCLMC_00892	1	cloud	0	0	4
PAPNPA_00755	contig_35	58637	61651	+	PAPNPA_00755	1	cloud	0	0	2
PAPNPA_00756	contig_35	61664	62758	+	PAPNPA_00756	1	cloud	0	0	2
PAPNPA_00757	contig_35	62794	63114	+	AJBGEP_01246	1	cloud	0	0	3
PAPNPA_00758	contig_35	63107	63439	+	AJBGEP_01245	1	cloud	0	0	4
PAPNPA_00759	contig_35	63436	64062	+	PAPNPA_00759	1	cloud	0	0	2
PAPNPA_00760	contig_35	64050	64229	+	PAPNPA_00760	1	cloud	0	0	3
PAPNPA_00761	contig_35	64328	64744	+	PAPNPA_00761	1	cloud	1	0	1
PAPNPA_00762	contig_35	65069	66148	+	PAPNPA_00762	2	persistent	1	1	8
PAPNPA_00765	contig_35	66522	66875	-	GEGEGB_01072	1	persistent	2	0	1
PAPNPA_00766	contig_35	66892	67767	-	LNHIMF_01950	1	persistent	2	0	0
PAPNPA_00767	contig_35	67768	68142	-	LNHIMF_01951	1	persistent	2	0	0
PAPNPA_00768	contig_35	68280	68510	+	GEGEGB_01069	1	persistent	2	0	0
PAPNPA_00769	contig_35	68618	69274	+	LNHIMF_01953	1	persistent	2	0	0
PAPNPA_00770	contig_35	69298	69996	+	GEGEGB_01067	1	persistent	2	0	0
PAPNPA_00771	contig_35	70031	72082	-	GEGEGB_01066	1	persistent	2	0	0
PAPNPA_00772	contig_35	72296	72955	-	LNHIMF_01956	1	persistent	2	0	0
PAPNPA_00773	contig_35	73049	73402	-	GEGEGB_01064	1	persistent	2	0	0
PAPNPA_00774	contig_35	73470	73760	-	GEGEGB_01063	1	persistent	2	0	0
PAPNPA_00775	contig_35	73891	75069	+	GEGEGB_01062	1	persistent	2	0	0
PAPNPA_00776	contig_35	75169	75810	-	LNHIMF_01960	1	persistent	2	0	0
PAPNPA_00777	contig_35	75848	77659	-	GEGEGB_01060	1	persistent	2	0	0
PAPNPA_00778	contig_35	77894	79369	-	LNHIMF_01962	1	persistent	2	0	0
PAPNPA_00779	contig_35	79711	80580	+	GEGEGB_01058	1	persistent	2	0	1
PAPNPA_00780	contig_35	80989	81402	-	PAPNPA_00780	1	cloud	1	0	0
PAPNPA_00781	contig_36	84	440	+	GEGEGB_01290	1	persistent	2	0	0
PAPNPA_00782	contig_36	561	605	+	GEGEGB_01291	1	persistent	2	0	0
PAPNPA_00783	contig_36	742	1725	+	GEGEGB_01292	1	persistent	2	0	0
PAPNPA_00784	contig_36	1741	4128	+	LNHIMF_01387	1	persistent	2	0	0
PAPNPA_00785	contig_36	4133	4432	+	GEGEGB_01294	1	persistent	2	0	0
PAPNPA_00787	contig_36	4635	5615	+	LNHIMF_01390	1	persistent	2	0	0
PAPNPA_00788	contig_36	5707	6258	+	GEGEGB_01297	1	persistent	2	0	0
PAPNPA_00789	contig_36	6258	7007	+	GEGEGB_01298	1	persistent	2	0	0
PAPNPA_00790	contig_36	7084	7548	+	LNHIMF_01393	1	persistent	2	0	0
PAPNPA_00791	contig_36	7862	8575	+	IKCLMC_04832	1	persistent	2	0	0
PAPNPA_00792	contig_36	8637	10079	+	GEGEGB_01301	1	persistent	2	0	0
PAPNPA_00793	contig_36	10114	10305	-	GEGEGB_01302	1	persistent	2	0	0
PAPNPA_00794	contig_36	10462	11508	-	LNHIMF_01397	1	persistent	2	0	0
PAPNPA_00795	contig_36	11664	12497	-	GEGEGB_01304	1	persistent	2	0	0
PAPNPA_00796	contig_36	12834	15212	+	GEGEGB_01305	1	persistent	2	0	1
PAPNPA_00797	contig_36	15254	16894	-	LNHIMF_01400	1	persistent	2	0	0
PAPNPA_00798	contig_36	16984	17277	-	BEJGEH_01736	1	persistent	2	0	0
PAPNPA_00799	contig_36	17274	18560	-	BEJGEH_01735	1	persistent	2	0	0
PAPNPA_00800	contig_36	18617	19552	-	BEJGEH_01734	1	persistent	2	0	0
PAPNPA_00801	contig_36	19574	20338	-	LNHIMF_01404	1	persistent	2	0	0
PAPNPA_00802	contig_36	20801	21691	+	LNHIMF_01405	1	persistent	2	0	0
PAPNPA_00803	contig_36	21767	22918	-	LNHIMF_01406	1	persistent	2	0	0
PAPNPA_00804	contig_36	22932	24527	-	LNHIMF_01407	1	persistent	2	0	0
PAPNPA_00805	contig_36	24682	25440	-	LNHIMF_01408	1	persistent	2	0	0
PAPNPA_00806	contig_36	25485	26351	-	LNHIMF_01409	1	persistent	2	0	0
PAPNPA_00807	contig_36	26418	27653	-	LNHIMF_01410	1	persistent	2	0	0
PAPNPA_00808	contig_36	28017	29228	-	HFCAGB_01923	1	persistent	2	0	0
PAPNPA_00809	contig_36	29369	29728	-	LNHIMF_01412	1	persistent	2	0	0
PAPNPA_00811	contig_36	30186	31304	-	LNHIMF_01414	1	persistent	2	0	1
PAPNPA_00812	contig_36	31569	34625	+	LNHIMF_01415	1	persistent	2	0	0
PAPNPA_00813	contig_36	34622	35032	+	GEGEGB_01310	1	persistent	2	0	0
PAPNPA_00814	contig_36	35131	35319	+	LNHIMF_01417	1	persistent	2	0	0
PAPNPA_00816	contig_36	35607	36953	-	LNHIMF_01419	1	persistent	2	0	0
PAPNPA_00817	contig_36	37380	37748	+	GEGEGB_01314	1	persistent	2	0	0
PAPNPA_00818	contig_36	37757	39244	+	LNHIMF_01421	1	persistent	2	0	0
PAPNPA_00819	contig_36	39261	40007	+	LNHIMF_01422	1	persistent	2	0	0
PAPNPA_00820	contig_36	39982	41253	+	LNHIMF_01423	1	persistent	2	0	0
PAPNPA_00821	contig_36	41250	42470	+	GEGEGB_01318	1	persistent	2	0	0
PAPNPA_00822	contig_36	42483	42899	+	GEGEGB_01319	1	persistent	2	0	1
PAPNPA_00823	contig_36	43054	44055	+	LNHIMF_01426	1	persistent	2	0	3
PAPNPA_00824	contig_36	44122	44361	-	GEGEGB_01322	3	persistent	3	0	2
PAPNPA_00825	contig_36	44442	44684	-	GEGEGB_01322	3	persistent	3	0	2
PAPNPA_00826	contig_36	44767	45003	-	GEGEGB_01322	3	persistent	3	0	2
PAPNPA_00827	contig_36	45314	46726	-	GEGEGB_01324	1	persistent	2	0	0
PAPNPA_00828	contig_36	47128	48471	-	LNHIMF_01430	1	persistent	2	0	1
PAPNPA_00829	contig_36	48493	49386	-	BEJGEH_01706	1	persistent	2	0	0
PAPNPA_00830	contig_36	49445	50182	-	LNHIMF_01432	1	persistent	2	0	1
PAPNPA_00831	contig_36	50194	51420	-	BEJGEH_01704	1	persistent	2	0	0
PAPNPA_00832	contig_36	51743	54805	-	GEGEGB_01330	1	persistent	2	0	0
PAPNPA_00833	contig_36	54798	55820	-	LNHIMF_01435	1	persistent	2	0	0
PAPNPA_00834	contig_36	55821	56555	-	GEGEGB_01332	1	persistent	2	0	0
PAPNPA_00835	contig_36	56737	58515	+	GEGEGB_01333	1	persistent	2	0	0
PAPNPA_00836	contig_36	58490	59110	+	GEGEGB_01334	1	persistent	2	0	0
PAPNPA_00837	contig_36	59208	59420	+	GEGEGB_01335	1	persistent	2	0	0
PAPNPA_00838	contig_36	59516	60475	-	GEGEGB_01336	1	persistent	2	0	0
PAPNPA_00839	contig_36	60647	61375	-	GEGEGB_01337	1	persistent	2	0	0
PAPNPA_00840	contig_36	61554	62192	-	GEGEGB_01338	1	persistent	2	0	0
PAPNPA_00841	contig_36	62223	64985	-	LNHIMF_01443	1	persistent	2	0	0
PAPNPA_00842	contig_36	65404	65787	+	GEGEGB_01340	1	persistent	2	0	0
PAPNPA_00843	contig_36	65789	67282	+	LNHIMF_01445	1	persistent	2	0	0
PAPNPA_00844	contig_36	67263	68474	+	GEGEGB_01342	1	persistent	2	0	0
PAPNPA_00845	contig_36	68482	68724	+	GEGEGB_01343	1	persistent	2	0	0
PAPNPA_00846	contig_36	68990	69313	+	GEGEGB_01344	1	persistent	2	0	0
PAPNPA_00847	contig_36	69320	69910	+	GEGEGB_01345	1	persistent	2	0	0
PAPNPA_00848	contig_36	69907	70380	+	LNHIMF_01450	1	persistent	2	0	0
PAPNPA_00849	contig_36	70383	71837	+	LNHIMF_01451	1	persistent	2	0	0
PAPNPA_00850	contig_36	71853	72440	+	GEGEGB_01348	1	persistent	2	0	0
PAPNPA_00851	contig_36	72443	72859	+	GEGEGB_01349	1	persistent	2	0	0
PAPNPA_00852	contig_36	72917	73345	+	LNHIMF_01454	1	persistent	2	0	0
PAPNPA_00853	contig_36	73361	74143	+	HFCAGB_01878	1	persistent	2	0	0
PAPNPA_00854	contig_36	74140	74829	+	LNHIMF_01456	1	persistent	2	0	0
PAPNPA_00855	contig_36	74923	75138	+	GEGEGB_01353	1	persistent	2	0	0
PAPNPA_00856	contig_36	75116	75406	+	GEGEGB_01354	1	persistent	2	0	0
PAPNPA_00857	contig_36	75403	75666	+	LNHIMF_01459	1	persistent	2	0	0
PAPNPA_00858	contig_36	75663	76412	+	BEJGEH_01677	1	persistent	2	0	0
PAPNPA_00859	contig_36	76727	76978	+	GEGEGB_01357	1	persistent	2	0	0
PAPNPA_00860	contig_36	76975	77649	+	GEGEGB_01358	1	persistent	2	0	0
PAPNPA_00861	contig_36	77639	78631	+	LNHIMF_01463	1	persistent	2	0	0
PAPNPA_00862	contig_36	78689	79057	+	LNHIMF_01464	1	persistent	2	0	0
PAPNPA_00863	contig_36	79042	81087	+	LNHIMF_01465	1	persistent	2	0	1
PAPNPA_00864	contig_36	81077	82378	+	GEGEGB_01362	1	persistent	2	0	1
PAPNPA_00865	contig_36	82327	82758	+	LNHIMF_01467	1	persistent	2	0	0
PAPNPA_00866	contig_36	82739	83113	+	GEGEGB_01364	1	persistent	2	0	0
PAPNPA_00867	contig_36	83094	84062	+	LNHIMF_01469	1	persistent	2	0	0
PAPNPA_00868	contig_36	84130	84777	+	LNHIMF_01470	1	persistent	2	0	0
PAPNPA_00869	contig_36	84774	85040	+	GEGEGB_01367	1	persistent	2	0	0
PAPNPA_00870	contig_36	85041	85820	+	GEGEGB_01368	1	persistent	2	0	0
PAPNPA_00871	contig_36	85817	86875	+	GEGEGB_01369	1	persistent	2	0	0
PAPNPA_00874	contig_37	202	486	+	GEGEGB_02062	1	persistent	2	1	0
PAPNPA_00875	contig_37	599	1000	+	LNHIMF_00819	3	shell	12	3	3
PAPNPA_00876	contig_37	934	1287	-	BEJGEH_01963	3	shell	0	2	0
PAPNPA_00877	contig_37	1618	1854	+	LNHIMF_00818	3	shell	12	5	5
PAPNPA_00878	contig_37	2031	4295	+	ALJMDI_01283	1	persistent	2	1	0
PAPNPA_00879	contig_37	4332	6080	+	GEGEGB_02060	1	persistent	2	0	0
PAPNPA_00880	contig_37	6077	7054	+	GEGEGB_02059	1	persistent	2	0	0
PAPNPA_00881	contig_37	7098	8330	+	HFCAGB_01031	1	persistent	2	0	0
PAPNPA_00882	contig_37	8382	8564	+	GEGEGB_02056	1	persistent	2	0	0
PAPNPA_00883	contig_37	8561	9307	+	GEGEGB_02055	1	persistent	2	0	0
PAPNPA_00884	contig_37	9518	10411	+	LNHIMF_01078	1	persistent	2	0	0
PAPNPA_00885	contig_37	10391	11167	-	GEGEGB_02053	1	persistent	2	0	0
PAPNPA_00886	contig_37	11303	12106	+	GEGEGB_02052	1	persistent	2	0	0
PAPNPA_00887	contig_37	12099	13421	+	GEGEGB_02051	1	persistent	2	0	0
PAPNPA_00888	contig_37	13402	14106	+	GEGEGB_02050	1	persistent	2	0	0
PAPNPA_00889	contig_37	14106	18572	+	GEGEGB_02049	1	persistent	2	0	0
PAPNPA_00890	contig_37	18917	20764	+	LNHIMF_01084	1	persistent	2	0	0
PAPNPA_00891	contig_37	21024	21572	+	GEGEGB_02047	1	persistent	2	0	0
PAPNPA_00892	contig_37	21600	22247	+	LNHIMF_01086	1	persistent	2	0	0
PAPNPA_00893	contig_37	22309	23499	-	GEGEGB_02045	1	persistent	2	0	0
PAPNPA_00894	contig_37	23684	24775	-	GEGEGB_02044	1	persistent	2	0	1
PAPNPA_00895	contig_37	25382	26782	-	GEGEGB_02043	1	persistent	3	0	1
PAPNPA_00896	contig_37	26983	27444	-	GEGEGB_02042	1	persistent	2	0	0
PAPNPA_00897	contig_37	27761	28975	+	BEJGEH_00959	1	persistent	2	0	0
PAPNPA_00898	contig_37	29221	30654	+	AJBGEP_00996	1	persistent	2	0	0
PAPNPA_00899	contig_37	30735	31937	-	LNHIMF_01090	1	persistent	3	1	0
PAPNPA_00900	contig_37	32204	34816	+	LNHIMF_01091	1	persistent	2	1	2
PAPNPA_00901	contig_37	35024	36034	+	LNHIMF_01092	1	persistent	2	0	0
PAPNPA_00902	contig_37	36200	36742	+	GEGEGB_01971	1	persistent	2	0	0
PAPNPA_00903	contig_37	36739	37848	-	LNHIMF_01094	1	persistent	2	0	0
PAPNPA_00904	contig_37	37947	40055	+	LNHIMF_01095	1	persistent	2	0	0
PAPNPA_00905	contig_37	40068	41975	+	GEGEGB_01968	1	persistent	2	0	0
PAPNPA_00906	contig_37	41990	43243	+	GEGEGB_01967	1	persistent	2	0	0
PAPNPA_00907	contig_37	43248	44888	+	GEGEGB_01966	1	persistent	2	0	0
PAPNPA_00908	contig_37	44885	45448	+	GEGEGB_01965	1	persistent	2	0	0
PAPNPA_00909	contig_37	45971	46489	-	GEGEGB_01964	1	persistent	2	0	0
PAPNPA_00910	contig_37	46558	47727	-	GEGEGB_01963	1	persistent	2	0	1
PAPNPA_00911	contig_37	48504	48956	+	GEGEGB_01962	1	persistent	2	0	0
PAPNPA_00912	contig_37	49028	50086	-	GEGEGB_01961	1	persistent	2	0	0
PAPNPA_00913	contig_37	50443	50952	-	GEGEGB_01960	1	persistent	2	0	2
PAPNPA_00914	contig_37	51169	51774	+	LNHIMF_01105	1	persistent	2	0	1
PAPNPA_00915	contig_37	51761	53914	-	GEGEGB_01957	1	persistent	2	0	0
PAPNPA_00916	contig_37	53933	54379	-	GEGEGB_01956	1	persistent	2	0	0
PAPNPA_00917	contig_37	54503	56557	+	BEJGEH_00979	1	persistent	2	0	0
PAPNPA_00918	contig_37	56593	57051	-	GEGEGB_01954	1	persistent	2	0	0
PAPNPA_00919	contig_37	57146	57808	-	GEGEGB_01953	1	persistent	2	0	0
PAPNPA_00920	contig_37	57982	58395	+	GEGEGB_01952	1	persistent	2	0	0
PAPNPA_00921	contig_37	58440	58757	-	GEGEGB_01951	1	persistent	2	0	0
PAPNPA_00922	contig_37	58815	60026	-	LNHIMF_01113	1	persistent	2	0	1
PAPNPA_00923	contig_37	60241	60789	+	BEJGEH_00985	1	persistent	2	0	0
PAPNPA_00924	contig_37	60806	61594	+	LNHIMF_01115	1	persistent	2	1	2
PAPNPA_00925	contig_37	61643	61924	+	GEGEGB_01943	1	persistent	2	0	0
PAPNPA_00926	contig_37	61921	62250	-	GEGEGB_01942	1	persistent	2	0	0
PAPNPA_00927	contig_37	62337	62996	-	GEGEGB_01941	1	persistent	2	1	2
PAPNPA_00929	contig_37	63615	64295	-	BEJGEH_00991	1	persistent	2	1	1
PAPNPA_00930	contig_37	64517	65392	-	LNHIMF_01121	1	persistent	2	0	1
PAPNPA_00932	contig_37	66372	66713	-	GEGEGB_01934	1	persistent	2	0	0
PAPNPA_00933	contig_37	66730	68415	-	LNHIMF_01124	1	persistent	3	0	0
PAPNPA_00934	contig_37	68918	69028	-	LNHIMF_01125	1	persistent	2	0	0
PAPNPA_00935	contig_37	69137	70606	-	HFCAGB_01141	1	persistent	3	0	0
PAPNPA_00936	contig_37	70779	72143	-	BEJGEH_00998	1	persistent	2	0	0
PAPNPA_00937	contig_37	72136	72873	-	LNHIMF_01128	1	persistent	2	0	0
PAPNPA_00938	contig_37	72952	73362	+	LNHIMF_01129	1	persistent	2	0	0
PAPNPA_00939	contig_37	73695	74207	-	LNHIMF_01130	1	persistent	2	0	0
PAPNPA_00940	contig_37	74225	75787	-	LNHIMF_01131	1	persistent	2	0	0
PAPNPA_00941	contig_37	76005	76445	-	GEGEGB_01926	1	persistent	2	0	0
PAPNPA_00942	contig_37	76720	78009	+	GEGEGB_01925	1	persistent	2	0	0
PAPNPA_00943	contig_37	78006	79472	+	BEJGEH_01005	1	persistent	2	0	0
PAPNPA_00944	contig_37	79474	80325	+	LNHIMF_01135	1	persistent	3	0	0
PAPNPA_00945	contig_37	80335	80715	+	GEGEGB_01921	1	persistent	2	0	0
PAPNPA_00946	contig_37	80859	81662	+	GEGEGB_01920	1	persistent	2	0	0
PAPNPA_00947	contig_37	81673	82464	+	GEGEGB_01919	1	persistent	2	0	0
PAPNPA_00948	contig_37	82536	83912	+	LNHIMF_01139	1	persistent	2	0	0
PAPNPA_00949	contig_37	83922	84818	+	LNHIMF_01140	1	persistent	2	0	0
PAPNPA_00950	contig_37	84832	85770	+	GEGEGB_01916	1	persistent	3	0	0
PAPNPA_00951	contig_37	86178	86540	-	LNHIMF_01142	1	persistent	2	0	0
PAPNPA_00952	contig_37	87194	87499	-	GEGEGB_01915	1	persistent	3	0	0
PAPNPA_00953	contig_37	87499	88419	-	GEGEGB_01914	1	persistent	2	0	0
PAPNPA_00954	contig_37	88655	89017	+	LNHIMF_01145	1	persistent	2	0	0
PAPNPA_00955	contig_37	89066	90952	+	LNHIMF_01146	1	persistent	2	0	0
PAPNPA_00956	contig_37	90949	91572	+	LNHIMF_01147	1	persistent	2	0	0
PAPNPA_00957	contig_37	91562	92068	+	LNHIMF_01148	1	persistent	2	0	0
PAPNPA_00958	contig_37	92201	93442	+	LNHIMF_01149	1	persistent	2	0	0
PAPNPA_00959	contig_37	93476	93703	-	GEGEGB_01908	1	persistent	2	0	0
PAPNPA_00960	contig_37	93724	94320	-	LNHIMF_01151	1	persistent	2	0	0
PAPNPA_00961	contig_37	94705	94872	+	GEGEGB_01513	3	persistent	6	0	0
PAPNPA_00962	contig_37	95009	95647	+	LNHIMF_01153	1	persistent	2	0	0
PAPNPA_00963	contig_37	95644	96039	-	GEGEGB_01904	1	persistent	2	0	0
PAPNPA_00964	contig_37	96098	100060	-	LNHIMF_01155	1	persistent	3	0	0
PAPNPA_00965	contig_37	100482	101990	+	GEGEGB_01902	1	persistent	2	0	1
PAPNPA_00966	contig_37	102608	102904	+	LNHIMF_01157	1	persistent	2	0	0
PAPNPA_00967	contig_37	102883	103671	+	GEGEGB_01899	1	persistent	2	0	2
PAPNPA_00969	contig_37	104281	104511	+	PAPNPA_00969	1	cloud	1	0	1
PAPNPA_00970	contig_37	104446	104817	-	PAPNPA_00970	1	cloud	0	0	2
PAPNPA_00971	contig_37	105000	105482	-	PAPNPA_00971	1	cloud	0	0	2
PAPNPA_00972	contig_37	105503	106024	+	PAPNPA_00972	1	cloud	0	0	2
PAPNPA_00973	contig_37	106021	106656	-	PAPNPA_00973	1	cloud	0	0	2
PAPNPA_00974	contig_37	106792	106905	-	PAPNPA_00974	1	cloud	0	0	2
PAPNPA_00975	contig_37	107603	107731	+	PAPNPA_00975	1	cloud	0	0	1
PAPNPA_00976	contig_38	64	729	-	GEGEGB_04008	1	persistent	2	0	0
PAPNPA_00977	contig_38	902	2125	+	LNHIMF_03772	1	persistent	2	0	1
PAPNPA_00978	contig_38	2103	2561	+	GEGEGB_04006	1	persistent	2	0	0
PAPNPA_00979	contig_38	2669	3265	+	LNHIMF_03774	1	persistent	2	0	0
PAPNPA_00980	contig_38	3343	3984	-	LNHIMF_03775	1	persistent	2	0	0
PAPNPA_00981	contig_38	4062	4778	-	GEGEGB_04003	1	persistent	2	0	0
PAPNPA_00982	contig_38	4904	5767	+	GEGEGB_04002	1	persistent	2	0	1
PAPNPA_00983	contig_38	5817	6719	-	GEGEGB_04001	1	persistent	2	0	1
PAPNPA_00984	contig_38	6793	7674	+	ODDLKH_04192	1	persistent	2	0	0
PAPNPA_00985	contig_38	7925	8542	+	LNHIMF_03790	1	persistent	2	0	0
PAPNPA_00986	contig_38	8539	10224	-	LNHIMF_03791	1	persistent	2	0	0
PAPNPA_00987	contig_38	10481	11104	+	GEGEGB_03996	1	persistent	2	0	0
PAPNPA_00988	contig_38	11159	11434	+	GEGEGB_03995	1	persistent	2	0	0
PAPNPA_00989	contig_38	11453	13564	+	GEGEGB_03994	1	persistent	2	0	0
PAPNPA_00990	contig_38	13569	14258	+	LNHIMF_03795	1	persistent	2	0	0
PAPNPA_00991	contig_38	14264	16345	+	GEGEGB_03992	1	persistent	2	1	0
PAPNPA_00992	contig_38	16348	17199	-	AJBGEP_03942	1	shell	2	0	0
PAPNPA_00993	contig_38	17202	18407	-	GEGEGB_03991	1	persistent	2	1	0
PAPNPA_00994	contig_38	18635	20026	+	GEGEGB_03990	1	persistent	2	0	0
PAPNPA_00995	contig_38	20147	21856	+	LNHIMF_03799	1	persistent	2	0	0
PAPNPA_00996	contig_38	21959	24277	-	LNHIMF_03800	1	persistent	2	0	0
PAPNPA_00997	contig_38	24289	25671	-	GEGEGB_03987	1	persistent	2	1	2
PAPNPA_00999	contig_38	26837	26968	+	GEGEGB_03979	1	cloud	2	1	2
PAPNPA_01000	contig_38	27704	28321	+	LNHIMF_03804	1	persistent	2	1	1
PAPNPA_01001	contig_38	28396	31248	+	PAPNPA_01001	1	persistent	2	0	0
PAPNPA_01002	contig_38	31343	31807	-	GEGEGB_03975	1	persistent	3	0	1
PAPNPA_01003	contig_38	31818	32675	-	BEJGEH_03812	1	persistent	2	0	0
PAPNPA_01004	contig_38	33460	34140	+	GEGEGB_03971	2	persistent	5	2	3
PAPNPA_01005	contig_38	34369	34848	-	LNHIMF_03809	1	persistent	2	0	0
PAPNPA_01006	contig_38	34950	35036	-	GEGEGB_03969	1	persistent	2	0	0
PAPNPA_01007	contig_38	35049	35141	-	GEGEGB_03968	1	persistent	2	0	0
PAPNPA_01008	contig_38	35163	37889	-	LNHIMF_03812	1	persistent	2	0	1
PAPNPA_01009	contig_38	37987	38100	+	ALJMDI_02291	1	cloud	2	0	0
PAPNPA_01010	contig_38	38108	38791	-	GEGEGB_03966	1	persistent	2	0	1
PAPNPA_01011	contig_38	39312	40214	+	GEGEGB_03965	1	persistent	2	0	0
PAPNPA_01012	contig_38	40257	41198	-	BEJGEH_03820	1	persistent	2	0	0
PAPNPA_01013	contig_38	41434	42177	-	LNHIMF_03816	1	persistent	2	0	0
PAPNPA_01014	contig_38	42164	43273	-	GEGEGB_03962	1	persistent	2	0	0
PAPNPA_01015	contig_38	43277	44134	-	GEGEGB_03961	1	persistent	2	0	0
PAPNPA_01016	contig_38	44134	44883	-	GEGEGB_03960	1	persistent	2	0	0
PAPNPA_01017	contig_38	45029	45514	-	GEGEGB_03959	1	persistent	2	0	0
PAPNPA_01018	contig_38	45525	45950	-	GEGEGB_03958	1	persistent	2	0	0
PAPNPA_01019	contig_38	46172	48970	-	BEJGEH_03827	1	persistent	2	0	0
PAPNPA_01020	contig_38	49167	49460	+	GEGEGB_03956	1	persistent	2	0	0
PAPNPA_01021	contig_38	49566	50948	+	LNHIMF_03824	1	persistent	2	0	0
PAPNPA_01022	contig_38	51008	52201	-	GEGEGB_03954	1	persistent	3	0	2
PAPNPA_01023	contig_38	52416	52775	+	LNHIMF_03827	1	persistent	2	0	1
PAPNPA_01024	contig_38	52759	53082	+	GEGEGB_03952	1	persistent	4	0	2
PAPNPA_01025	contig_38	53267	54046	+	LNHIMF_03829	1	cloud	1	0	2
PAPNPA_01026	contig_38	54074	54397	-	PAPNPA_01026	1	cloud	1	0	1
PAPNPA_01027	contig_38	54397	54666	-	GEGEGB_03951	1	persistent	2	0	2
PAPNPA_01028	contig_38	54676	55536	-	LNHIMF_03832	1	persistent	2	0	0
PAPNPA_01029	contig_38	55599	57083	-	LNHIMF_03833	1	persistent	2	0	0
PAPNPA_01030	contig_38	57076	58434	-	GEGEGB_03947	1	persistent	2	0	0
PAPNPA_01031	contig_38	58510	58797	-	GEGEGB_03946	1	persistent	2	0	0
PAPNPA_01032	contig_38	58794	59267	-	BEJGEH_03838	1	persistent	2	0	0
PAPNPA_01033	contig_38	59285	60028	-	GEGEGB_03944	1	persistent	2	0	0
PAPNPA_01034	contig_38	60381	60833	-	GEGEGB_03943	1	persistent	3	0	0
PAPNPA_01035	contig_38	61026	62417	-	LNHIMF_03839	1	persistent	2	0	0
PAPNPA_01036	contig_38	62560	63888	-	LNHIMF_03840	1	persistent	2	0	0
PAPNPA_01037	contig_38	63898	65400	-	GEGEGB_03940	1	persistent	2	0	0
PAPNPA_01038	contig_38	65400	65990	-	LNHIMF_03842	1	persistent	2	0	0
PAPNPA_01039	contig_38	66065	67078	-	GEGEGB_03938	1	persistent	2	0	0
PAPNPA_01040	contig_38	67090	68406	-	GEGEGB_03937	1	persistent	2	0	0
PAPNPA_01041	contig_38	68437	69357	-	GEGEGB_03936	1	persistent	2	0	0
PAPNPA_01042	contig_38	69671	70456	+	GEGEGB_03935	1	persistent	2	0	0
PAPNPA_01043	contig_38	70458	70748	-	GEGEGB_03934	1	persistent	2	0	0
PAPNPA_01044	contig_38	70752	72440	-	LNHIMF_03848	1	persistent	2	0	0
PAPNPA_01045	contig_38	72547	72645	-	GEGEGB_03932	1	persistent	2	0	0
PAPNPA_01047	contig_38	73279	73368	+	GEGEGB_03930	1	persistent	2	0	0
PAPNPA_01048	contig_38	73488	74321	+	LNHIMF_03852	1	persistent	2	0	0
PAPNPA_01049	contig_38	74524	75708	+	GEGEGB_03927	1	persistent	2	0	0
PAPNPA_01050	contig_38	75635	76696	-	LNHIMF_03854	1	persistent	2	0	0
PAPNPA_01051	contig_38	76784	77707	-	LNHIMF_03855	1	persistent	2	0	0
PAPNPA_01052	contig_38	77933	79270	+	LNHIMF_03856	1	persistent	2	0	0
PAPNPA_01053	contig_38	79288	80610	+	LNHIMF_03857	1	persistent	2	0	0
PAPNPA_01054	contig_38	80692	81222	-	GEGEGB_03922	1	persistent	2	0	0
PAPNPA_01055	contig_38	81219	81581	-	LNHIMF_03859	1	persistent	3	0	0
PAPNPA_01056	contig_38	81571	81918	-	LNHIMF_03860	1	persistent	2	0	1
PAPNPA_01057	contig_38	82362	84023	-	GEGEGB_03919	1	persistent	3	0	1
PAPNPA_01058	contig_38	84212	84640	-	LNHIMF_03862	1	persistent	2	0	0
PAPNPA_01059	contig_38	84750	85163	-	GEGEGB_03917	1	persistent	2	0	0
PAPNPA_01060	contig_38	85515	85805	+	GEGEGB_03916	1	persistent	2	0	0
PAPNPA_01061	contig_38	85807	87033	-	LNHIMF_03865	1	persistent	2	0	0
PAPNPA_01062	contig_38	87155	88198	-	GEGEGB_00664	2	persistent	3	0	0
PAPNPA_01063	contig_38	88195	88752	-	GEGEGB_00663	2	persistent	2	0	1
PAPNPA_01064	contig_38	88749	90680	-	GEGEGB_00662	2	persistent	2	0	0
PAPNPA_01065	contig_38	90677	91156	-	HFCAGB_02510	2	persistent	2	0	0
PAPNPA_01066	contig_38	91153	91326	-	AJBGEP_02420	2	persistent	2	0	0
PAPNPA_01067	contig_38	91362	92108	-	GEGEGB_00659	2	persistent	2	0	0
PAPNPA_01068	contig_38	92151	92807	-	GEGEGB_00658	2	persistent	2	0	0
PAPNPA_01069	contig_38	92807	93433	-	GEGEGB_03907	2	persistent	3	0	0
PAPNPA_01070	contig_38	93430	94830	-	GEGEGB_03906	1	persistent	2	0	0
PAPNPA_01071	contig_38	95020	95652	-	GEGEGB_03905	1	persistent	2	0	0
PAPNPA_01072	contig_38	95645	98197	-	LNHIMF_03876	1	persistent	2	0	0
PAPNPA_01073	contig_38	98187	99371	-	LNHIMF_03877	1	persistent	2	0	0
PAPNPA_01074	contig_38	99465	100193	+	LNHIMF_03878	1	persistent	2	0	0
PAPNPA_01075	contig_38	100166	101206	-	GEGEGB_03900	1	persistent	2	0	0
PAPNPA_01076	contig_38	101286	104021	+	GEGEGB_03899	1	persistent	1	1	1
PAPNPA_01077	contig_38	104126	105253	-	BEJGEH_03883	1	cloud	1	0	1
PAPNPA_01078	contig_38	105250	106389	-	LNHIMF_03882	1	cloud	0	0	2
PAPNPA_01079	contig_38	106386	107408	-	GEGEGB_03896	1	cloud	1	0	1
PAPNPA_01080	contig_38	107610	108422	-	HFCAGB_04084	1	persistent	1	1	3
PAPNPA_01081	contig_38	108727	109989	+	GEGEGB_03894	1	persistent	2	0	1
PAPNPA_01082	contig_38	110006	111196	+	LNHIMF_03887	1	persistent	2	0	0
PAPNPA_01083	contig_38	111311	112207	+	HFCAGB_04087	1	persistent	2	0	0
PAPNPA_01084	contig_38	112226	114640	-	GEGEGB_03891	1	persistent	2	0	1
PAPNPA_01085	contig_38	114669	115742	-	GEGEGB_03890	1	persistent	2	0	0
PAPNPA_01086	contig_38	115890	116990	-	GEGEGB_03889	1	persistent	2	0	0
PAPNPA_01087	contig_38	116995	118395	-	GEGEGB_03887	1	persistent	2	0	0
PAPNPA_01089	contig_39	27	1013	+	LNHIMF_01233	1	persistent	2	0	1
PAPNPA_01090	contig_39	1137	1946	+	GEGEGB_01823	1	persistent	2	0	1
PAPNPA_01091	contig_39	1949	2971	+	BEJGEH_01895	1	persistent	2	0	0
PAPNPA_01092	contig_39	2961	3602	+	GEGEGB_01821	1	persistent	2	0	0
PAPNPA_01093	contig_39	3599	4603	+	GEGEGB_01820	1	persistent	2	0	0
PAPNPA_01094	contig_39	4614	5411	+	GEGEGB_01819	1	persistent	2	0	0
PAPNPA_01095	contig_39	5706	7139	+	GEGEGB_01818	1	persistent	2	0	0
PAPNPA_01096	contig_39	7225	9399	-	BEJGEH_01890	1	persistent	2	0	0
PAPNPA_01097	contig_39	9723	10100	+	GEGEGB_01815	1	persistent	2	0	0
PAPNPA_01098	contig_39	10103	10477	+	GEGEGB_01814	1	persistent	2	0	0
PAPNPA_01099	contig_39	10491	11129	+	LNHIMF_01249	1	persistent	2	0	0
PAPNPA_01100	contig_39	11110	11934	+	GEGEGB_01812	1	persistent	2	0	0
PAPNPA_01101	contig_39	11945	12970	+	GEGEGB_01811	1	persistent	2	0	0
PAPNPA_01102	contig_39	12995	13537	+	GEGEGB_01810	1	persistent	2	0	0
PAPNPA_01103	contig_39	13791	15095	+	GEGEGB_01809	1	persistent	2	0	1
PAPNPA_01104	contig_39	15274	15813	+	GEGEGB_01807	1	persistent	2	0	1
PAPNPA_01105	contig_39	15888	16523	-	LNHIMF_01255	1	persistent	2	0	0
PAPNPA_01106	contig_39	16765	17022	+	GEGEGB_01805	1	persistent	2	0	0
PAPNPA_01107	contig_39	17119	18084	-	LNHIMF_01257	1	persistent	2	0	0
PAPNPA_01108	contig_39	18232	21678	-	BEJGEH_01878	1	persistent	2	0	0
PAPNPA_01109	contig_39	22016	23215	+	GEGEGB_01802	1	persistent	2	0	0
PAPNPA_01110	contig_39	23208	23909	+	GEGEGB_01801	1	persistent	2	0	0
PAPNPA_01111	contig_39	23909	25153	+	GEGEGB_01800	1	persistent	2	0	0
PAPNPA_01112	contig_39	25182	26093	+	GEGEGB_01799	1	persistent	2	0	0
PAPNPA_01113	contig_39	26112	26933	+	GEGEGB_01798	1	persistent	2	0	0
PAPNPA_01114	contig_39	27015	28061	-	GEGEGB_01797	1	persistent	2	0	0
PAPNPA_01115	contig_39	28086	28865	-	GEGEGB_01796	1	persistent	2	0	0
PAPNPA_01116	contig_39	29181	30191	-	LNHIMF_01266	1	persistent	2	0	0
PAPNPA_01117	contig_39	30520	31383	-	GEGEGB_01794	1	persistent	2	0	0
PAPNPA_01118	contig_39	31367	32503	-	LNHIMF_01268	1	persistent	2	0	0
PAPNPA_01119	contig_39	32754	33983	+	LNHIMF_01269	1	persistent	3	1	0
PAPNPA_01120	contig_39	33987	35321	+	HFCAGB_02070	1	persistent	2	1	0
PAPNPA_01121	contig_39	35361	36482	-	LNHIMF_01271	1	persistent	3	0	0
PAPNPA_01122	contig_39	36563	38026	-	GEGEGB_01789	1	persistent	2	0	0
PAPNPA_01123	contig_39	38026	38700	-	LNHIMF_01273	1	persistent	2	0	0
PAPNPA_01124	contig_39	38824	40194	-	BEJGEH_01862	1	persistent	2	0	0
PAPNPA_01125	contig_39	40198	40839	-	LNHIMF_01275	1	persistent	2	0	0
PAPNPA_01126	contig_39	40926	42032	-	GEGEGB_01785	1	persistent	2	0	0
PAPNPA_01127	contig_39	42086	42547	-	GEGEGB_01784	1	persistent	2	0	0
PAPNPA_01128	contig_39	42559	42888	-	GEGEGB_01783	1	persistent	2	0	0
PAPNPA_01129	contig_39	42885	43622	-	LNHIMF_01279	1	persistent	2	0	0
PAPNPA_01130	contig_39	43722	44972	+	GEGEGB_01781	1	persistent	2	1	1
PAPNPA_01132	contig_39	45430	46554	+	GEGEGB_01180	1	persistent	1	2	3
PAPNPA_01133	contig_39	47417	47581	-	PAPNPA_01133	1	cloud	1	1	0
PAPNPA_01134	contig_39	47697	47885	-	AJBGEP_01315	1	shell	1	1	1
PAPNPA_01135	contig_39	48207	48995	-	AJBGEP_01316	1	shell	1	1	0
PAPNPA_01137	contig_39	49483	49722	-	LNHIMF_01289	1	persistent	1	1	2
PAPNPA_01138	contig_39	49903	50424	-	GEGEGB_01187	1	persistent	2	0	1
PAPNPA_01139	contig_39	51187	51450	-	HFCAGB_02052	1	persistent	2	0	2
PAPNPA_01141	contig_39	52253	52810	+	BEJGEH_01844	1	persistent	2	0	1
PAPNPA_01144	contig_39	54046	54390	-	LNHIMF_01296	1	persistent	2	0	0
PAPNPA_01145	contig_39	55025	55198	-	GEGEGB_01195	1	persistent	2	0	0
PAPNPA_01146	contig_39	55518	55985	+	GEGEGB_01196	1	persistent	2	0	0
PAPNPA_01147	contig_39	56324	57367	+	LNHIMF_01299	1	persistent	2	0	0
PAPNPA_01148	contig_39	57449	57979	-	GEGEGB_01198	1	persistent	2	0	0
PAPNPA_01149	contig_39	58128	58442	-	GEGEGB_01199	1	persistent	2	0	0
PAPNPA_01150	contig_39	59172	60758	+	LNHIMF_01302	1	persistent	2	0	0
PAPNPA_01151	contig_39	60758	61732	+	GEGEGB_01201	1	persistent	2	0	0
PAPNPA_01152	contig_39	61722	62534	+	GEGEGB_01202	1	persistent	2	0	0
PAPNPA_01153	contig_39	62528	63325	+	GEGEGB_01203	1	persistent	2	0	0
PAPNPA_01154	contig_39	63319	63909	+	HFCAGB_02036	1	persistent	2	0	0
PAPNPA_01155	contig_39	63991	65124	-	GEGEGB_01205	1	persistent	2	0	0
PAPNPA_01156	contig_39	65318	65644	+	GEGEGB_01206	1	persistent	2	0	0
PAPNPA_01159	contig_39	65838	66488	+	GEGEGB_01209	1	persistent	2	0	0
PAPNPA_01160	contig_39	66596	67384	+	LNHIMF_01312	1	persistent	2	0	0
PAPNPA_01161	contig_39	67529	68122	+	GEGEGB_01211	1	persistent	2	0	0
PAPNPA_01162	contig_39	68191	69039	+	LNHIMF_01314	1	persistent	2	0	0
PAPNPA_01163	contig_39	69294	69542	-	LNHIMF_01315	1	persistent	2	0	0
PAPNPA_01164	contig_39	69858	70403	+	LNHIMF_01316	1	persistent	2	0	0
PAPNPA_01165	contig_39	70601	71239	+	GEGEGB_01215	1	persistent	2	0	0
PAPNPA_01166	contig_39	71413	71775	+	GEGEGB_01216	1	persistent	2	0	0
PAPNPA_01167	contig_39	71778	71960	+	GEGEGB_01217	1	persistent	2	0	0
PAPNPA_01168	contig_39	72190	72831	+	LNHIMF_01320	1	persistent	2	0	0
PAPNPA_01170	contig_39	73145	73393	+	GEGEGB_01220	1	persistent	2	1	0
PAPNPA_01171	contig_39	73826	74077	+	GEGEGB_01223	1	persistent	2	1	0
PAPNPA_01172	contig_39	74146	74457	+	GEGEGB_01224	1	persistent	2	0	0
PAPNPA_01173	contig_39	74443	74790	-	GEGEGB_01225	1	persistent	2	0	0
PAPNPA_01174	contig_39	74909	76093	-	LNHIMF_01326	1	persistent	2	0	0
PAPNPA_01175	contig_39	76194	76988	+	LNHIMF_01327	1	persistent	2	0	0
PAPNPA_01176	contig_39	76968	77414	-	GEGEGB_01228	1	persistent	2	0	0
PAPNPA_01177	contig_39	77620	77727	+	BEJGEH_01808	1	persistent	2	0	0
PAPNPA_01178	contig_39	77724	78251	-	GEGEGB_01230	1	persistent	2	0	0
PAPNPA_01179	contig_39	78292	79785	-	LNHIMF_01331	1	persistent	2	0	3
PAPNPA_01180	contig_39	80425	81708	-	PAPNPA_01180	1	persistent	2	0	3
PAPNPA_01181	contig_39	81831	83765	-	LNHIMF_01334	1	persistent	2	0	0
PAPNPA_01182	contig_39	84193	84939	+	GEGEGB_01235	1	persistent	2	0	0
PAPNPA_01183	contig_39	85229	86425	+	LNHIMF_01336	1	persistent	2	0	0
PAPNPA_01184	contig_39	86531	87379	+	GEGEGB_01237	1	persistent	2	0	0
PAPNPA_01185	contig_39	87478	88362	-	LNHIMF_01338	1	persistent	2	0	0
PAPNPA_01186	contig_39	88697	89692	-	GEGEGB_01240	1	persistent	2	0	2
PAPNPA_01187	contig_39	90034	90447	+	GEGEGB_01241	1	persistent	2	0	0
PAPNPA_01188	contig_39	90489	90767	+	GEGEGB_01242	1	persistent	2	0	2
PAPNPA_01189	contig_39	91157	91387	-	PKJKAM_00935	1	cloud	1	0	1
PAPNPA_01190	contig_39	91662	92738	+	HFCAGB_02001	1	cloud	1	0	2
PAPNPA_01191	contig_39	92765	94144	+	PKJKAM_00933	1	cloud	0	0	2
PAPNPA_01192	contig_39	94155	95198	+	PKJKAM_00932	1	cloud	0	0	2
PAPNPA_01193	contig_39	95220	96056	+	PKJKAM_00931	1	cloud	0	0	2
PAPNPA_01194	contig_39	96061	97008	+	HFCAGB_01997	1	cloud	0	0	2
PAPNPA_01195	contig_39	97018	98001	+	PKJKAM_00929	1	cloud	0	0	2
PAPNPA_01196	contig_39	98131	98889	+	HFCAGB_01995	1	cloud	0	0	2
PAPNPA_01197	contig_39	99025	100383	+	HFCAGB_01994	1	cloud	1	0	1
PAPNPA_01198	contig_39	100486	101142	-	LNHIMF_01342	1	persistent	2	0	1
PAPNPA_01199	contig_39	101169	102257	-	LNHIMF_01343	1	persistent	2	0	0
PAPNPA_01200	contig_39	102281	104137	-	GEGEGB_01245	1	persistent	2	0	0
PAPNPA_01201	contig_39	104311	104862	+	GEGEGB_01246	1	persistent	2	0	0
PAPNPA_01202	contig_39	104980	106023	+	LNHIMF_01346	1	persistent	2	0	0
PAPNPA_01203	contig_39	106028	107977	+	GEGEGB_01248	1	persistent	2	0	0
PAPNPA_01204	contig_39	108007	109350	-	LNHIMF_01348	1	persistent	2	0	0
PAPNPA_01205	contig_39	109589	109864	+	LNHIMF_01349	1	persistent	2	0	0
PAPNPA_01206	contig_39	109824	110240	-	LNHIMF_01350	1	persistent	2	0	0
PAPNPA_01207	contig_39	110313	111191	-	GEGEGB_01252	1	persistent	2	0	0
PAPNPA_01208	contig_39	111565	112791	+	GEGEGB_01253	1	persistent	2	0	0
PAPNPA_01209	contig_39	112782	113816	+	LNHIMF_01353	1	persistent	2	0	0
PAPNPA_01210	contig_39	113813	115291	+	HFCAGB_01981	1	persistent	2	0	0
PAPNPA_01211	contig_39	115288	116631	+	GEGEGB_01257	1	persistent	2	0	0
PAPNPA_01212	contig_39	116624	117592	+	LNHIMF_01356	1	persistent	2	0	0
PAPNPA_01213	contig_39	117629	117844	+	GEGEGB_01259	1	persistent	2	0	0
PAPNPA_01214	contig_39	117928	118413	+	LNHIMF_01358	1	persistent	2	0	0
PAPNPA_01215	contig_39	118488	119369	-	GEGEGB_01261	1	persistent	2	0	0
PAPNPA_01216	contig_39	119490	120317	-	GEGEGB_01262	1	persistent	2	0	0
PAPNPA_01217	contig_39	120536	120877	+	GEGEGB_01263	1	persistent	2	0	1
PAPNPA_01218	contig_39	121178	121309	+	PAPNPA_01218	1	cloud	2	0	0
PAPNPA_01219	contig_39	121266	121643	+	GEGEGB_01265	1	persistent	2	0	1
PAPNPA_01220	contig_39	121694	122041	+	GEGEGB_01266	1	persistent	2	0	0
PAPNPA_01221	contig_39	122055	122894	+	GEGEGB_01267	1	persistent	2	0	0
PAPNPA_01222	contig_39	123019	124374	+	LNHIMF_01366	1	persistent	2	0	0
PAPNPA_01223	contig_39	124387	125145	+	LNHIMF_01367	1	persistent	2	1	0
PAPNPA_01224	contig_39	125189	127441	-	LNHIMF_01368	1	persistent	2	1	0
PAPNPA_01225	contig_39	127658	127900	+	GEGEGB_01273	1	persistent	2	0	0
PAPNPA_01226	contig_39	128002	129393	-	LNHIMF_01370	1	persistent	2	0	0
PAPNPA_01227	contig_39	129530	130129	-	LNHIMF_01371	1	persistent	2	0	0
PAPNPA_01228	contig_39	130267	130935	-	LNHIMF_01372	1	persistent	2	0	0
PAPNPA_01229	contig_39	131084	131620	+	GEGEGB_01277	1	persistent	2	0	0
PAPNPA_01230	contig_39	131663	132523	-	GEGEGB_01278	1	persistent	2	0	0
PAPNPA_01231	contig_39	132630	132920	-	GEGEGB_01279	1	persistent	2	0	0
PAPNPA_01232	contig_39	133017	133949	-	LNHIMF_01376	1	persistent	2	0	0
PAPNPA_01233	contig_39	134238	134996	+	GEGEGB_01281	1	persistent	2	0	0
PAPNPA_01234	contig_39	135045	136004	-	GEGEGB_01282	1	persistent	3	0	0
PAPNPA_01236	contig_39	136458	137312	+	LNHIMF_01380	1	persistent	3	1	1
PAPNPA_01237	contig_39	137572	139500	+	GEGEGB_01287	1	persistent	3	2	0
PAPNPA_01238	contig_40	95	625	-	GEGEGB_03829	1	persistent	3	0	0
PAPNPA_01239	contig_40	607	1191	-	LNHIMF_04043	1	persistent	2	0	0
PAPNPA_01240	contig_40	1261	1530	+	GEGEGB_03827	1	persistent	2	0	0
PAPNPA_01241	contig_40	1607	2593	+	GEGEGB_03826	1	persistent	2	0	0
PAPNPA_01242	contig_40	2610	3233	+	LNHIMF_04046	1	persistent	2	0	0
PAPNPA_01243	contig_40	3246	4154	-	GEGEGB_03824	1	persistent	2	0	0
PAPNPA_01244	contig_40	4542	7328	+	LNHIMF_04048	1	persistent	2	0	0
PAPNPA_01246	contig_40	7495	7542	+	GEGEGB_03822	1	persistent	2	0	0
PAPNPA_01247	contig_40	7663	8295	-	GEGEGB_03820	1	persistent	2	0	0
PAPNPA_01248	contig_40	8562	8759	+	GEGEGB_03819	1	persistent	2	0	0
PAPNPA_01250	contig_40	8878	9393	+	GEGEGB_03817	1	persistent	2	0	0
PAPNPA_01251	contig_40	9582	10955	+	GEGEGB_03816	1	persistent	2	0	0
PAPNPA_01252	contig_40	11045	11155	-	GEGEGB_03815	1	persistent	2	0	0
PAPNPA_01253	contig_40	11268	12677	-	GEGEGB_03814	1	persistent	2	0	0
PAPNPA_01254	contig_40	12686	13735	-	GEGEGB_03813	1	persistent	2	0	0
PAPNPA_01255	contig_40	14010	15419	-	GEGEGB_03812	1	persistent	2	0	0
PAPNPA_01257	contig_40	15795	17618	+	LNHIMF_04061	1	persistent	2	0	1
PAPNPA_01258	contig_40	17673	18407	-	GEGEGB_03809	1	persistent	2	0	0
PAPNPA_01259	contig_40	18392	19270	-	LNHIMF_04063	1	persistent	2	0	0
PAPNPA_01260	contig_40	19267	20508	-	BEJGEH_04070	1	persistent	2	0	0
PAPNPA_01261	contig_40	20510	21385	-	LNHIMF_04065	1	persistent	2	0	0
PAPNPA_01262	contig_40	21378	22364	-	AJBGEP_04224	1	persistent	2	0	0
PAPNPA_01263	contig_40	22416	23264	-	BEJGEH_04073	1	persistent	2	0	0
PAPNPA_01264	contig_40	23421	24113	-	LNHIMF_04068	1	persistent	2	0	1
PAPNPA_01265	contig_40	24181	25602	-	BEJGEH_04075	1	persistent	2	0	0
PAPNPA_01266	contig_40	25648	27030	-	GEGEGB_03799	1	persistent	2	0	0
PAPNPA_01267	contig_40	27076	29112	-	LNHIMF_04071	1	persistent	1	2	0
PAPNPA_01268	contig_40	29156	29998	-	HFCAGB_04271	1	shell	2	0	0
PAPNPA_01269	contig_40	30017	31258	-	BEJGEH_04080	1	persistent	1	2	0
PAPNPA_01270	contig_40	31274	32152	-	GEGEGB_03795	1	persistent	2	0	0
PAPNPA_01271	contig_40	32175	33071	-	GEGEGB_03794	1	persistent	2	0	0
PAPNPA_01272	contig_40	33236	34132	+	GEGEGB_03793	1	persistent	2	0	0
PAPNPA_01273	contig_40	34166	34969	+	GEGEGB_03792	1	persistent	2	0	0
PAPNPA_01274	contig_40	35160	35759	+	GEGEGB_03791	1	persistent	2	0	0
PAPNPA_01275	contig_40	35846	36625	+	GEGEGB_03790	1	persistent	2	0	0
PAPNPA_01276	contig_40	36622	37059	+	LNHIMF_04080	1	persistent	2	0	0
PAPNPA_01277	contig_40	37104	38045	+	GEGEGB_03788	1	persistent	2	0	0
PAPNPA_01278	contig_40	38060	38506	-	GEGEGB_03787	1	persistent	2	0	0
PAPNPA_01279	contig_40	38503	38814	-	LNHIMF_04083	1	persistent	2	0	0
PAPNPA_01280	contig_40	38900	39829	-	LNHIMF_04084	1	persistent	2	0	1
PAPNPA_01281	contig_40	40047	40358	+	LNHIMF_04085	1	persistent	2	0	0
PAPNPA_01282	contig_40	40359	40649	+	LNHIMF_04086	1	persistent	2	0	0
PAPNPA_01283	contig_40	40696	41625	-	LNHIMF_04087	1	persistent	2	0	1
PAPNPA_01284	contig_40	41622	42257	-	GEGEGB_03781	1	persistent	2	0	0
PAPNPA_01285	contig_40	42254	43156	-	LNHIMF_04089	1	persistent	2	0	0
PAPNPA_01286	contig_40	43169	46219	-	GEGEGB_03779	1	persistent	2	0	0
PAPNPA_01287	contig_40	46414	47250	+	GEGEGB_03778	1	persistent	3	0	0
PAPNPA_01288	contig_40	47518	48549	-	BEJGEH_04099	1	persistent	2	0	1
PAPNPA_01289	contig_40	48746	49012	+	PAPNPA_01289	1	cloud	1	0	1
PAPNPA_01290	contig_40	49671	51506	+	PAPNPA_01290	1	cloud	0	0	2
PAPNPA_01291	contig_40	51509	53818	+	PAPNPA_01291	1	cloud	1	0	1
PAPNPA_01292	contig_40	54403	55503	+	LNHIMF_04092	2	persistent	3	0	1
PAPNPA_01294	contig_40	55859	56182	-	LNHIMF_04094	1	persistent	2	0	0
PAPNPA_01295	contig_40	56182	56841	-	GEGEGB_03773	1	persistent	2	0	0
PAPNPA_01296	contig_40	56942	57490	+	LNHIMF_04096	1	persistent	2	0	0
PAPNPA_01297	contig_40	57579	57893	-	GEGEGB_03771	1	persistent	2	0	0
PAPNPA_01298	contig_40	57890	59038	-	ALJMDI_00957	1	persistent	2	0	0
PAPNPA_01299	contig_40	59165	59992	-	LNHIMF_04099	1	persistent	2	0	0
PAPNPA_01300	contig_40	60135	61394	-	GEGEGB_03768	1	persistent	2	0	0
PAPNPA_01301	contig_40	61391	62860	-	LNHIMF_04101	1	persistent	2	0	0
PAPNPA_01302	contig_40	63148	63984	+	GEGEGB_03766	1	persistent	2	0	0
PAPNPA_01303	contig_40	64137	64985	+	GEGEGB_03765	1	persistent	2	0	0
PAPNPA_01304	contig_40	64982	66016	-	LNHIMF_04104	1	persistent	2	0	1
PAPNPA_01305	contig_40	66647	67318	+	GEGEGB_03763	1	persistent	2	0	1
PAPNPA_01306	contig_40	67476	68783	-	LNHIMF_04107	1	persistent	2	0	0
PAPNPA_01307	contig_40	68776	69291	-	GEGEGB_03761	1	persistent	2	0	0
PAPNPA_01308	contig_40	69310	70293	-	LNHIMF_04109	1	persistent	2	0	0
PAPNPA_01309	contig_40	70622	71242	+	GEGEGB_03758	1	persistent	2	0	0
PAPNPA_01310	contig_40	71312	72001	+	GEGEGB_03757	1	persistent	2	0	0
PAPNPA_01311	contig_40	72013	72408	+	LNHIMF_04112	1	persistent	2	0	1
PAPNPA_01312	contig_40	72529	72732	+	BENMGJ_00987	1	cloud	2	0	0
PAPNPA_01313	contig_40	72780	74153	-	GEGEGB_03755	1	persistent	2	0	1
PAPNPA_01314	contig_40	74150	74848	-	LNHIMF_04114	1	persistent	2	0	0
PAPNPA_01315	contig_40	74999	75499	+	LNHIMF_04115	1	persistent	2	0	1
PAPNPA_01316	contig_40	75647	76549	+	GEGEGB_03752	1	persistent	2	0	1
PAPNPA_01317	contig_40	76734	77696	+	GEGEGB_03751	1	persistent	2	0	0
PAPNPA_01318	contig_40	77900	78889	+	LNHIMF_04118	1	persistent	2	0	0
PAPNPA_01319	contig_40	78990	79745	+	GEGEGB_03749	1	persistent	2	0	0
PAPNPA_01320	contig_40	80009	81343	+	LNHIMF_04120	1	persistent	2	0	0
PAPNPA_01321	contig_40	81354	82313	+	AJBGEP_04279	1	persistent	2	0	0
PAPNPA_01322	contig_40	82323	83363	+	GEGEGB_03745	1	persistent	2	0	0
PAPNPA_01323	contig_40	83426	84148	+	LNHIMF_04123	1	persistent	2	0	0
PAPNPA_01324	contig_40	84246	84416	+	LNHIMF_04124	1	persistent	2	0	0
PAPNPA_01325	contig_40	84653	85003	-	LNHIMF_04125	1	persistent	2	0	0
PAPNPA_01326	contig_40	85017	86609	-	GEGEGB_03741	1	persistent	2	0	0
PAPNPA_01327	contig_40	86689	87648	-	GEGEGB_03740	1	persistent	2	0	0
PAPNPA_01328	contig_40	87904	89439	+	LNHIMF_04128	1	persistent	2	0	0
PAPNPA_01329	contig_40	89433	90476	+	LNHIMF_04129	1	persistent	2	0	0
PAPNPA_01330	contig_40	90476	91474	+	GEGEGB_03737	1	persistent	2	0	0
PAPNPA_01331	contig_40	91503	92525	+	GEGEGB_03736	1	persistent	2	0	0
PAPNPA_01332	contig_40	92554	93429	+	GEGEGB_03735	1	persistent	2	0	0
PAPNPA_01333	contig_40	93473	93802	+	GEGEGB_03734	1	persistent	2	0	0
PAPNPA_01334	contig_40	93812	94576	+	LNHIMF_04134	1	persistent	2	0	0
PAPNPA_01335	contig_40	94668	95435	-	GEGEGB_03732	1	persistent	2	0	0
PAPNPA_01336	contig_40	95548	96144	-	GEGEGB_03731	1	persistent	2	0	0
PAPNPA_01337	contig_40	96245	96673	+	GEGEGB_03730	1	persistent	2	0	0
PAPNPA_01338	contig_40	96780	97526	-	GEGEGB_03729	1	persistent	2	0	0
PAPNPA_01339	contig_40	97623	98633	-	GEGEGB_03728	1	persistent	2	0	0
PAPNPA_01340	contig_40	98745	100253	-	LNHIMF_04140	1	persistent	2	0	0
PAPNPA_01341	contig_40	100274	101119	-	LNHIMF_04141	1	persistent	2	0	0
PAPNPA_01342	contig_40	101518	101757	+	LNHIMF_04142	1	persistent	2	0	0
PAPNPA_01343	contig_40	101979	102464	-	GEGEGB_03724	1	persistent	2	0	0
PAPNPA_01344	contig_40	102557	103486	-	LNHIMF_04144	1	persistent	2	0	0
PAPNPA_01345	contig_40	103553	104884	-	LNHIMF_04145	1	persistent	2	0	0
PAPNPA_01346	contig_40	104894	105424	-	GEGEGB_03721	1	persistent	2	0	0
PAPNPA_01347	contig_40	105516	106400	-	IKCLMC_00739	1	persistent	2	0	0
PAPNPA_01348	contig_40	106587	107612	-	GEGEGB_03719	1	persistent	2	0	0
PAPNPA_01349	contig_40	107767	109965	-	LNHIMF_04149	1	persistent	2	0	0
PAPNPA_01350	contig_40	110169	110381	+	GEGEGB_03717	1	persistent	2	1	0
PAPNPA_01351	contig_40	110427	110804	-	GEGEGB_03716	2	persistent	2	1	0
PAPNPA_01352	contig_40	110808	111089	-	GEGEGB_03716	2	persistent	2	1	0
PAPNPA_01354	contig_40	111290	113080	-	LNHIMF_04153	1	persistent	2	0	0
PAPNPA_01355	contig_40	113537	113854	-	GEGEGB_03712	1	persistent	2	0	0
PAPNPA_01356	contig_40	114119	115279	+	LNHIMF_04155	1	persistent	2	0	0
PAPNPA_01357	contig_40	115282	117714	+	IKCLMC_00748	1	persistent	2	0	1
PAPNPA_01358	contig_40	117830	118687	-	HFCAGB_04356	1	persistent	2	0	0
PAPNPA_01359	contig_40	118690	119688	-	BEJGEH_04168	1	persistent	2	0	0
PAPNPA_01360	contig_40	119923	121047	-	LNHIMF_04158	1	persistent	2	0	1
PAPNPA_01361	contig_40	121183	122739	+	GEGEGB_03707	1	persistent	2	0	1
PAPNPA_01362	contig_40	122934	123824	+	GEGEGB_03703	1	persistent	2	0	1
PAPNPA_01363	contig_40	123989	126169	+	GEGEGB_03702	2	persistent	3	0	0
PAPNPA_01364	contig_40	126227	126850	-	BEJGEH_04173	1	persistent	2	0	0
PAPNPA_01365	contig_40	127109	128212	-	LNHIMF_04162	1	persistent	3	0	0
PAPNPA_01366	contig_40	128224	128886	-	BEJGEH_04175	1	persistent	1	1	1
PAPNPA_01367	contig_40	128913	129035	+	GEGEGB_03699	1	cloud	2	0	0
PAPNPA_01368	contig_40	129141	129977	-	HFCAGB_04375	1	persistent	1	1	1
PAPNPA_01369	contig_40	130138	131871	-	GEGEGB_03697	1	persistent	2	0	0
PAPNPA_01370	contig_40	132082	134820	-	LNHIMF_04167	1	persistent	2	0	0
PAPNPA_01371	contig_40	135125	136276	-	GEGEGB_03695	1	persistent	2	0	0
PAPNPA_01372	contig_40	136365	137369	+	GEGEGB_03694	1	persistent	2	0	0
PAPNPA_01373	contig_40	137377	138153	+	GEGEGB_03693	1	persistent	2	0	0
PAPNPA_01374	contig_40	138271	139647	+	LNHIMF_04171	1	persistent	2	0	0
PAPNPA_01376	contig_40	139932	140849	+	GEGEGB_03690	1	persistent	2	0	0
PAPNPA_01377	contig_40	140832	142232	-	GEGEGB_03689	1	persistent	2	0	0
PAPNPA_01378	contig_40	142431	143066	+	GEGEGB_03688	1	persistent	2	0	0
PAPNPA_01379	contig_40	143082	143441	+	GEGEGB_03687	1	persistent	2	0	0
PAPNPA_01380	contig_40	143488	144588	-	LNHIMF_04177	1	persistent	2	0	0
PAPNPA_01381	contig_40	144962	146806	+	LNHIMF_04178	1	persistent	2	0	0
PAPNPA_01382	contig_41	464	1390	+	LNHIMF_04491	1	persistent	2	0	0
PAPNPA_01383	contig_41	1440	2075	-	LNHIMF_04492	1	persistent	2	0	0
PAPNPA_01384	contig_41	2295	2915	+	GEGEGB_04691	1	persistent	2	0	0
PAPNPA_01385	contig_41	3211	4620	+	LNHIMF_04494	1	persistent	2	0	1
PAPNPA_01386	contig_41	4732	5394	-	LNHIMF_04495	1	persistent	2	0	1
PAPNPA_01387	contig_41	5497	6462	-	LNHIMF_04496	1	persistent	2	0	0
PAPNPA_01388	contig_41	6543	7391	-	LNHIMF_04497	1	persistent	2	0	0
PAPNPA_01389	contig_41	7479	7865	+	GEGEGB_04698	1	persistent	2	0	0
PAPNPA_01390	contig_41	7923	9866	-	BEJGEH_04479	1	persistent	2	0	0
PAPNPA_01391	contig_41	10134	10874	+	GEGEGB_04700	1	persistent	2	0	0
PAPNPA_01392	contig_41	10864	11421	-	GEGEGB_04701	1	persistent	2	0	0
PAPNPA_01393	contig_41	11748	11954	+	GEGEGB_04702	1	persistent	2	1	0
PAPNPA_01394	contig_41	12039	13382	-	GEGEGB_04706	1	persistent	2	0	1
PAPNPA_01396	contig_41	13572	14210	-	GEGEGB_04708	1	persistent	2	0	0
PAPNPA_01397	contig_41	14423	16156	+	GEGEGB_04709	1	persistent	2	0	0
PAPNPA_01398	contig_41	16153	19932	+	LNHIMF_04507	1	persistent	2	0	0
PAPNPA_01399	contig_41	19935	20279	+	GEGEGB_04711	1	persistent	2	0	0
PAPNPA_01400	contig_41	20333	21541	-	LNHIMF_04509	1	persistent	2	0	0
PAPNPA_01401	contig_41	21538	22698	-	LNHIMF_04510	1	persistent	2	0	0
PAPNPA_01402	contig_41	23111	23641	-	GEGEGB_04714	1	persistent	2	0	0
PAPNPA_01403	contig_41	23868	24866	-	LNHIMF_04512	1	persistent	2	0	0
PAPNPA_01404	contig_41	25041	26414	+	BEJGEH_04493	1	persistent	2	1	0
PAPNPA_01405	contig_41	26521	27072	-	GEGEGB_04717	1	persistent	2	1	0
PAPNPA_01406	contig_41	27168	28520	+	GEGEGB_04718	1	persistent	2	0	0
PAPNPA_01407	contig_41	28619	29005	+	GEGEGB_04719	1	persistent	2	0	0
PAPNPA_01408	contig_41	29292	29621	+	GEGEGB_04720	1	persistent	2	0	0
PAPNPA_01409	contig_41	29632	29994	+	GEGEGB_04721	1	persistent	2	0	0
PAPNPA_01410	contig_41	29994	30296	+	GEGEGB_04722	1	persistent	2	0	0
PAPNPA_01411	contig_41	30319	31095	+	GEGEGB_04723	1	persistent	2	0	0
PAPNPA_01412	contig_41	31107	31751	+	GEGEGB_04724	1	persistent	2	0	0
PAPNPA_01413	contig_41	31810	32943	+	GEGEGB_04725	1	persistent	2	0	0
PAPNPA_01414	contig_41	32927	34045	+	GEGEGB_04726	1	persistent	2	0	0
PAPNPA_01415	contig_41	34042	34782	+	LNHIMF_04524	1	persistent	2	0	0
PAPNPA_01416	contig_41	34799	36712	+	LNHIMF_04525	1	persistent	2	0	1
PAPNPA_01417	contig_41	36773	37174	-	PAPNPA_01417	1	cloud	1	0	2
PAPNPA_01418	contig_41	37186	37416	-	BEJGEH_04525	1	cloud	1	0	2
PAPNPA_01419	contig_41	37583	38047	-	GEGEGB_04731	1	persistent	2	0	1
PAPNPA_01420	contig_41	38264	40402	-	LNHIMF_04529	1	persistent	2	0	0
PAPNPA_01421	contig_41	40811	42463	-	LNHIMF_04530	1	persistent	2	0	0
PAPNPA_01422	contig_41	42513	43931	-	LNHIMF_04531	1	persistent	2	0	0
PAPNPA_01423	contig_41	44069	45016	-	LNHIMF_04532	1	persistent	2	0	0
PAPNPA_01424	contig_41	45206	45259	+	GEGEGB_04737	1	persistent	2	0	0
PAPNPA_01425	contig_41	45400	48108	+	GEGEGB_04738	1	persistent	3	0	0
PAPNPA_01426	contig_41	48197	48583	-	GEGEGB_04740	1	persistent	3	0	0
PAPNPA_01427	contig_41	48660	49121	-	GEGEGB_04741	1	persistent	2	0	0
PAPNPA_01428	contig_41	49134	50069	-	GEGEGB_04742	1	persistent	3	0	0
PAPNPA_01429	contig_41	50105	50206	-	GEGEGB_04743	1	persistent	2	0	0
PAPNPA_01430	contig_41	50296	50784	-	LNHIMF_04539	1	persistent	3	0	0
PAPNPA_01431	contig_41	50971	52374	-	GEGEGB_04745	1	persistent	2	0	0
PAPNPA_01432	contig_41	52430	53434	-	GEGEGB_04746	1	persistent	2	0	0
PAPNPA_01433	contig_41	53546	54478	-	BENMGJ_01145	1	persistent	2	0	0
PAPNPA_01434	contig_41	54489	55709	-	GEGEGB_04748	1	persistent	2	0	0
PAPNPA_01435	contig_41	56385	56837	+	GEGEGB_04749	1	persistent	2	0	0
PAPNPA_01436	contig_41	56911	57915	-	LNHIMF_04546	1	persistent	2	0	0
PAPNPA_01437	contig_41	58081	58497	+	GEGEGB_04751	1	persistent	2	1	0
PAPNPA_01438	contig_41	58557	59321	+	GEGEGB_04752	1	persistent	2	1	1
PAPNPA_01439	contig_41	59555	60043	-	GEGEGB_04754	1	persistent	2	0	1
PAPNPA_01440	contig_41	60150	60653	-	LNHIMF_04550	1	persistent	2	0	0
PAPNPA_01441	contig_41	60848	62035	+	LNHIMF_04551	1	persistent	2	0	0
PAPNPA_01442	contig_41	62177	65032	-	GEGEGB_04757	1	persistent	2	0	0
PAPNPA_01443	contig_41	65032	65514	-	LNHIMF_04553	1	persistent	2	0	0
PAPNPA_01444	contig_41	65612	66547	-	LNHIMF_04554	2	persistent	2	0	0
PAPNPA_01446	contig_41	66708	67124	-	LNHIMF_04554	2	persistent	2	0	0
PAPNPA_01447	contig_41	67519	68619	+	GEGEGB_04761	1	persistent	2	0	0
PAPNPA_01448	contig_41	68619	69701	+	LNHIMF_04557	1	persistent	2	0	0
PAPNPA_01449	contig_41	69907	70905	-	GEGEGB_04763	1	persistent	2	0	0
PAPNPA_01450	contig_41	70969	72288	-	BEJGEH_04557	1	persistent	2	0	1
PAPNPA_01451	contig_41	72350	73114	-	LNHIMF_04560	1	persistent	2	0	0
PAPNPA_01452	contig_41	73139	74170	-	LNHIMF_04561	1	persistent	2	0	0
PAPNPA_01453	contig_41	74387	74917	+	LNHIMF_04562	1	persistent	2	0	0
PAPNPA_01454	contig_41	74945	75964	-	LNHIMF_04563	1	persistent	1	0	8
PAPNPA_01456	contig_41	76435	77685	+	PAPNPA_01456	1	cloud	2	0	3
PAPNPA_01457	contig_41	77751	80636	+	PAPNPA_01457	1	cloud	0	0	2
PAPNPA_01458	contig_41	80633	81322	+	PAPNPA_01458	1	cloud	0	0	2
PAPNPA_01459	contig_41	81793	81927	-	PAPNPA_01459	1	cloud	0	0	2
PAPNPA_01460	contig_41	82225	82956	-	PAPNPA_01460	1	cloud	0	0	2
PAPNPA_01461	contig_41	83183	84910	+	PAPNPA_01461	1	cloud	0	0	2
PAPNPA_01462	contig_41	85001	85837	+	PAPNPA_01462	1	cloud	0	0	2
PAPNPA_01463	contig_41	85906	86271	-	PAPNPA_01463	1	cloud	0	0	2
PAPNPA_01464	contig_41	86268	88241	-	PAPNPA_01464	1	cloud	0	0	2
PAPNPA_01465	contig_41	88238	89899	-	PAPNPA_01465	1	cloud	0	0	2
PAPNPA_01466	contig_41	90325	91449	+	PAPNPA_01466	1	cloud	0	0	2
PAPNPA_01467	contig_41	91446	92255	+	PAPNPA_01467	1	cloud	0	1	1
PAPNPA_01468	contig_41	92356	92622	+	HFCAGB_04723	3	shell	1	1	8
PAPNPA_01470	contig_41	92766	93467	+	BEJGEH_04595	2	cloud	1	1	3
PAPNPA_01471	contig_41	93931	94038	-	GEGEGB_04803	1	persistent	1	1	6
PAPNPA_01472	contig_41	93980	94696	-	HFCAGB_04730	1	persistent	2	0	0
PAPNPA_01473	contig_41	95257	96882	-	LNHIMF_04572	1	persistent	2	0	2
PAPNPA_01474	contig_41	96893	97150	-	GEGEGB_04806	1	persistent	2	0	4
PAPNPA_01475	contig_41	97393	97584	-	BEJGEH_04615	1	cloud	2	0	0
PAPNPA_01476	contig_41	97638	98246	+	GEGEGB_04807	1	persistent	2	1	2
PAPNPA_01477	contig_41	98604	99515	+	LNHIMF_04576	1	persistent	2	1	0
PAPNPA_01478	contig_41	99720	100181	+	BEJGEH_04618	1	persistent	1	1	1
PAPNPA_01479	contig_41	100178	100705	-	AJBGEP_04722	1	shell	2	0	0
PAPNPA_01480	contig_41	101250	101975	+	LNHIMF_04579	1	persistent	1	1	1
PAPNPA_01481	contig_41	101976	102989	-	LNHIMF_04580	1	persistent	2	0	0
PAPNPA_01483	contig_41	103791	104237	+	LNHIMF_04582	1	persistent	2	0	0
PAPNPA_01484	contig_41	104476	105210	+	LNHIMF_04583	1	persistent	2	0	0
PAPNPA_01485	contig_41	105216	106124	-	GEGEGB_04816	1	persistent	2	0	0
PAPNPA_01486	contig_41	106243	107415	-	GEGEGB_04817	1	persistent	2	0	0
PAPNPA_01487	contig_41	107428	107889	-	GEGEGB_04818	1	persistent	2	0	0
PAPNPA_01488	contig_41	107886	108557	-	GEGEGB_04819	1	persistent	2	0	0
PAPNPA_01489	contig_41	109429	110613	-	LNHIMF_04588	1	persistent	2	0	0
PAPNPA_01490	contig_41	110833	112104	-	LNHIMF_04589	1	persistent	2	0	0
PAPNPA_01491	contig_41	112191	113432	-	OEKLIE_03605	1	persistent	1	2	0
PAPNPA_01492	contig_41	113911	114864	+	GEGEGB_04823	1	shell	2	0	0
PAPNPA_01493	contig_41	115045	116415	+	LNHIMF_04592	1	persistent	1	2	0
PAPNPA_01494	contig_41	116620	116784	+	GEGEGB_04826	1	persistent	1	2	0
PAPNPA_01495	contig_41	116859	117560	-	AJBGEP_04738	1	shell	1	1	0
PAPNPA_01496	contig_41	117634	117894	-	AJBGEP_04739	1	shell	0	2	2
PAPNPA_01498	contig_41	118317	119777	-	PAPNPA_01498	1	cloud	0	2	0
PAPNPA_01499	contig_41	119774	121363	-	GEGEGB_04832	1	shell	0	2	2
PAPNPA_01500	contig_41	121557	125066	-	AJBGEP_04743	1	shell	0	2	0
PAPNPA_01501	contig_41	125264	126178	+	AJBGEP_04744	1	shell	0	2	0
PAPNPA_01502	contig_41	126447	126734	+	GEGEGB_04835	1	shell	0	2	2
PAPNPA_01503	contig_41	126721	127023	+	GEGEGB_04836	1	shell	1	1	0
PAPNPA_01504	contig_41	127098	128054	-	LNHIMF_04597	1	persistent	1	1	2
PAPNPA_01505	contig_41	128065	128268	-	GEGEGB_04838	1	persistent	2	0	0
PAPNPA_01506	contig_41	128326	130476	-	GEGEGB_04839	1	persistent	2	0	1
PAPNPA_01507	contig_41	130843	132504	+	LNHIMF_04600	1	persistent	2	1	1
PAPNPA_01508	contig_41	132827	135592	+	AJBGEP_04751	1	shell	1	1	0
PAPNPA_01509	contig_41	135694	136116	+	HFCAGB_04774	1	shell	0	2	0
PAPNPA_01510	contig_41	136131	136592	+	LNHIMF_04603	1	shell	0	2	0
PAPNPA_01511	contig_41	136618	137397	+	LNHIMF_04604	1	shell	0	2	0
PAPNPA_01512	contig_41	137375	138223	+	LNHIMF_04605	1	shell	0	2	0
PAPNPA_01513	contig_41	138236	139297	+	HFCAGB_04778	1	shell	0	2	0
PAPNPA_01514	contig_41	139315	140325	+	HFCAGB_04779	1	shell	1	1	0
PAPNPA_01515	contig_41	140458	142749	-	GEGEGB_04842	1	persistent	2	1	0
PAPNPA_01516	contig_41	143032	143493	-	LNHIMF_04609	1	persistent	2	0	0
PAPNPA_01517	contig_41	143551	144288	-	GEGEGB_04844	1	persistent	2	0	0
PAPNPA_01518	contig_41	144291	144830	-	GEGEGB_04845	1	persistent	2	0	0
PAPNPA_01519	contig_41	144923	145396	-	LNHIMF_04612	1	persistent	2	0	0
PAPNPA_01520	contig_41	145387	146331	-	LNHIMF_04613	1	persistent	2	0	1
PAPNPA_01521	contig_41	146876	147601	+	GEGEGB_04848	1	persistent	2	0	1
PAPNPA_01522	contig_41	147562	148236	+	GEGEGB_04849	1	persistent	2	0	0
PAPNPA_01523	contig_41	148287	148745	-	LNHIMF_04616	1	persistent	2	0	0
PAPNPA_01524	contig_41	148887	149675	-	GEGEGB_04851	1	persistent	2	0	0
PAPNPA_01525	contig_41	149796	150860	-	BEJGEH_04653	1	persistent	2	0	0
PAPNPA_01526	contig_41	151111	151347	+	GEGEGB_04853	1	persistent	2	0	0
PAPNPA_01527	contig_42	119	493	-	GEGEGB_04290	1	persistent	1	1	0
PAPNPA_01528	contig_42	619	906	-	GEGEGB_04289	1	persistent	2	0	0
PAPNPA_01529	contig_42	914	1270	-	GEGEGB_04288	1	persistent	2	0	0
PAPNPA_01530	contig_42	1270	1656	-	LNHIMF_03504	1	persistent	2	0	0
PAPNPA_01531	contig_42	1656	1847	-	GEGEGB_04286	2	persistent	2	0	0
PAPNPA_01532	contig_42	1881	2378	-	GEGEGB_04286	2	persistent	2	0	0
PAPNPA_01533	contig_42	2655	3473	-	LNHIMF_03506	1	persistent	2	0	0
PAPNPA_01534	contig_42	3693	3911	+	GEGEGB_04284	1	persistent	2	0	0
PAPNPA_01535	contig_42	4100	4690	-	LNHIMF_03508	1	persistent	2	0	0
PAPNPA_01536	contig_42	4785	4985	-	GEGEGB_04282	1	persistent	2	0	0
PAPNPA_01537	contig_42	4996	6801	-	GEGEGB_04281	1	persistent	2	0	0
PAPNPA_01538	contig_42	6801	7352	-	GEGEGB_04280	1	persistent	2	0	0
PAPNPA_01539	contig_42	7618	9525	+	GEGEGB_04279	1	persistent	2	0	1
PAPNPA_01540	contig_42	9688	9909	+	LNHIMF_03513	1	persistent	3	0	0
PAPNPA_01541	contig_42	9911	10222	-	GEGEGB_04277	1	persistent	2	0	1
PAPNPA_01542	contig_42	10465	11487	+	BEJGEH_03492	1	persistent	3	0	0
PAPNPA_01543	contig_42	11484	11702	+	GEGEGB_04274	1	persistent	2	0	0
PAPNPA_01544	contig_42	11754	12623	+	GEGEGB_04273	1	persistent	2	0	0
PAPNPA_01545	contig_42	12719	13123	-	BEJGEH_03495	1	persistent	2	0	0
PAPNPA_01546	contig_42	13431	14063	+	GEGEGB_04271	1	persistent	2	0	0
PAPNPA_01547	contig_42	14112	16199	+	LNHIMF_03520	1	persistent	2	0	0
PAPNPA_01548	contig_42	16242	17459	-	BEJGEH_03498	1	persistent	2	0	0
PAPNPA_01549	contig_42	17545	18108	-	GEGEGB_04267	1	persistent	2	0	0
PAPNPA_01550	contig_42	18140	18742	-	LNHIMF_03523	1	persistent	2	0	0
PAPNPA_01551	contig_42	18732	19004	-	LNHIMF_03524	1	persistent	2	0	0
PAPNPA_01552	contig_42	19008	19580	-	GEGEGB_04264	1	persistent	2	0	0
PAPNPA_01553	contig_42	19857	21038	+	GEGEGB_04263	1	persistent	2	0	1
PAPNPA_01554	contig_42	21354	23897	+	LNHIMF_03527	1	persistent	2	0	1
PAPNPA_01555	contig_42	23894	24220	+	GEGEGB_04261	1	persistent	2	0	0
PAPNPA_01556	contig_42	24485	25294	+	GEGEGB_04260	1	persistent	2	0	0
PAPNPA_01557	contig_42	25306	26679	+	BEJGEH_03507	1	persistent	1	3	1
PAPNPA_01558	contig_42	27017	32971	+	ODDLKH_03924	1	shell	2	1	1
PAPNPA_01560	contig_42	33164	33334	+	GEGEGB_04255	1	persistent	1	3	0
PAPNPA_01561	contig_42	33479	34483	-	GEGEGB_04254	1	persistent	2	0	0
PAPNPA_01562	contig_42	34476	35234	-	BEJGEH_03515	1	persistent	2	0	0
PAPNPA_01563	contig_42	35227	35904	-	GEGEGB_04252	1	persistent	2	0	0
PAPNPA_01564	contig_42	35922	36758	-	GEGEGB_04251	1	persistent	2	0	0
PAPNPA_01565	contig_42	36939	38216	-	LNHIMF_03538	1	persistent	2	0	0
PAPNPA_01566	contig_42	38314	39402	-	GEGEGB_04249	1	persistent	2	0	0
PAPNPA_01567	contig_42	39459	39980	-	GEGEGB_04248	1	persistent	2	0	0
PAPNPA_01568	contig_42	40445	41647	-	LNHIMF_03541	1	persistent	2	0	0
PAPNPA_01569	contig_42	41598	41999	-	GEGEGB_04246	1	persistent	2	0	0
PAPNPA_01570	contig_42	41989	42462	-	LNHIMF_03543	1	persistent	2	0	0
PAPNPA_01571	contig_42	42446	42985	-	GEGEGB_04244	1	persistent	2	0	0
PAPNPA_01572	contig_42	42985	43764	-	GEGEGB_04243	1	persistent	2	0	0
PAPNPA_01573	contig_42	43885	46437	+	GEGEGB_04242	1	persistent	2	1	0
PAPNPA_01574	contig_42	46533	47129	-	LNHIMF_03547	1	persistent	2	1	0
PAPNPA_01575	contig_42	47419	49551	+	LNHIMF_03548	1	persistent	2	0	0
PAPNPA_01576	contig_42	49616	50284	+	GEGEGB_04239	1	persistent	2	0	0
PAPNPA_01577	contig_42	50295	50696	+	LNHIMF_03550	1	persistent	2	0	0
PAPNPA_01578	contig_42	50721	51599	+	LNHIMF_03551	1	persistent	2	0	1
PAPNPA_01579	contig_42	51710	53419	-	GEGEGB_04236	1	persistent	2	0	1
PAPNPA_01580	contig_42	53799	55418	+	GEGEGB_04235	1	persistent	2	0	0
PAPNPA_01581	contig_42	55493	56845	-	LNHIMF_03554	1	persistent	2	0	0
PAPNPA_01582	contig_42	56842	57561	-	GEGEGB_04233	1	persistent	2	0	0
PAPNPA_01583	contig_42	57787	58260	+	GEGEGB_04232	1	persistent	2	0	0
PAPNPA_01584	contig_42	58359	60689	+	IKCLMC_02888	1	persistent	2	0	0
PAPNPA_01585	contig_42	61126	61353	+	GEGEGB_04230	1	persistent	2	0	0
PAPNPA_01586	contig_42	61372	63690	+	LNHIMF_03559	1	persistent	2	0	0
PAPNPA_01587	contig_42	63703	63939	+	GEGEGB_04228	1	persistent	2	0	0
PAPNPA_01588	contig_42	64174	65088	+	GEGEGB_04227	1	persistent	2	0	0
PAPNPA_01589	contig_42	65124	65894	-	GEGEGB_04226	1	persistent	2	0	0
PAPNPA_01590	contig_42	65932	66615	+	LNHIMF_03563	1	persistent	2	0	0
PAPNPA_01591	contig_42	66674	67249	+	LNHIMF_03564	1	persistent	2	0	0
PAPNPA_01592	contig_42	67626	68942	+	GEGEGB_04223	1	persistent	2	0	0
PAPNPA_01593	contig_42	69061	71139	-	BEJGEH_03547	1	persistent	2	0	0
PAPNPA_01594	contig_42	71149	73542	-	LNHIMF_03567	1	persistent	2	0	0
PAPNPA_01595	contig_42	74137	76842	+	ODDLKH_03961	1	persistent	2	1	1
PAPNPA_01596	contig_42	76984	77544	-	PAPNPA_01596	1	cloud	1	1	0
PAPNPA_01597	contig_42	77541	78575	-	IKCLMC_02875	1	shell	0	2	1
PAPNPA_01598	contig_42	78579	79793	-	HFCAGB_03756	1	shell	0	2	0
PAPNPA_01604	contig_42	80383	81936	-	HFCAGB_03761	1	shell	0	2	0
PAPNPA_01605	contig_42	82126	83709	+	BEJGEH_03558	1	shell	1	1	0
PAPNPA_01606	contig_42	83706	84464	-	GEGEGB_04219	1	persistent	2	1	0
PAPNPA_01607	contig_42	84558	85388	-	LNHIMF_03570	1	persistent	2	0	0
PAPNPA_01608	contig_42	85464	85790	-	GEGEGB_04217	1	persistent	2	0	0
PAPNPA_01609	contig_42	85989	87497	+	GEGEGB_04216	1	persistent	3	0	0
PAPNPA_01610	contig_42	87544	88089	-	BEJGEH_03563	1	persistent	2	0	1
PAPNPA_01611	contig_42	88099	89595	-	HFCAGB_03768	1	persistent	1	1	3
PAPNPA_01612	contig_42	89752	90861	-	BEJGEH_03565	1	shell	1	1	1
PAPNPA_01613	contig_42	91199	92533	+	BEJGEH_03566	1	shell	0	2	0
PAPNPA_01614	contig_42	92530	94245	+	BEJGEH_03567	1	shell	0	2	0
PAPNPA_01615	contig_42	94289	95194	+	BEJGEH_03568	1	shell	0	2	0
PAPNPA_01616	contig_42	95238	95993	-	BEJGEH_03569	1	shell	1	1	0
PAPNPA_01617	contig_42	96171	98618	-	LNHIMF_03577	1	persistent	2	1	1
PAPNPA_01618	contig_42	98638	100071	-	LNHIMF_03578	1	persistent	2	0	0
PAPNPA_01619	contig_42	100071	101366	-	LNHIMF_03579	1	persistent	2	0	0
PAPNPA_01620	contig_42	101381	103357	-	LNHIMF_03580	1	persistent	2	0	0
PAPNPA_01621	contig_42	103354	105540	-	GEGEGB_04211	1	persistent	2	0	0
PAPNPA_01622	contig_42	105888	106994	-	GEGEGB_04210	1	persistent	2	0	1
PAPNPA_01623	contig_42	107100	107579	+	PAPNPA_01623	1	cloud	2	0	0
PAPNPA_01624	contig_42	107418	108758	-	GEGEGB_04208	1	persistent	2	0	1
PAPNPA_01625	contig_42	108755	109288	-	GEGEGB_04207	1	persistent	2	0	0
PAPNPA_01626	contig_42	109427	110422	-	GEGEGB_04206	1	persistent	2	0	0
PAPNPA_01627	contig_42	110552	111247	-	GEGEGB_04205	1	persistent	2	0	0
PAPNPA_01628	contig_42	111371	112408	-	LNHIMF_03588	1	persistent	2	1	1
PAPNPA_01630	contig_42	112877	113365	+	GEGEGB_04201	1	persistent	2	1	1
PAPNPA_01631	contig_42	113630	114844	+	GEGEGB_04200	1	persistent	2	0	0
PAPNPA_01632	contig_42	114860	115621	+	LNHIMF_03592	1	persistent	2	0	0
PAPNPA_01633	contig_42	115675	116646	+	GEGEGB_04198	1	persistent	2	0	0
PAPNPA_01634	contig_42	116643	117677	+	GEGEGB_04197	1	persistent	2	0	0
PAPNPA_01635	contig_42	117722	119464	-	GEGEGB_04196	1	persistent	2	0	0
PAPNPA_01636	contig_42	119590	120006	+	GEGEGB_04195	1	persistent	2	0	0
PAPNPA_01637	contig_42	120019	120759	-	GEGEGB_04194	1	persistent	2	0	0
PAPNPA_01638	contig_42	120756	121826	-	BEJGEH_03592	1	persistent	2	0	0
PAPNPA_01639	contig_42	121828	122673	-	GEGEGB_04192	1	persistent	2	0	0
PAPNPA_01640	contig_42	122670	123557	-	BENMGJ_02915	1	persistent	2	0	0
PAPNPA_01641	contig_42	123662	124978	-	GEGEGB_04190	1	persistent	1	1	1
PAPNPA_01642	contig_42	125211	125489	-	GEGEGB_04189	1	cloud	2	0	0
PAPNPA_01643	contig_42	125653	126366	-	GEGEGB_04188	1	persistent	1	1	1
PAPNPA_01644	contig_42	126368	127135	-	GEGEGB_04187	1	persistent	2	0	0
PAPNPA_01645	contig_42	127132	128409	-	GEGEGB_04186	1	persistent	2	0	0
PAPNPA_01646	contig_42	128406	129332	-	GEGEGB_04185	1	persistent	2	0	0
PAPNPA_01647	contig_42	129392	130501	-	GEGEGB_04184	1	persistent	2	0	0
PAPNPA_01648	contig_42	130923	131306	+	GEGEGB_04183	1	persistent	2	0	0
PAPNPA_01649	contig_42	131502	132599	-	LNHIMF_03609	1	persistent	2	0	0
PAPNPA_01650	contig_42	132927	133781	-	GEGEGB_04180	1	persistent	2	0	0
PAPNPA_01651	contig_42	134027	135082	-	LNHIMF_03611	1	persistent	2	0	0
PAPNPA_01652	contig_42	135075	135743	-	GEGEGB_04178	1	persistent	2	0	0
PAPNPA_01653	contig_42	135746	137221	-	GEGEGB_04177	1	persistent	2	0	0
PAPNPA_01654	contig_42	137347	137943	+	GEGEGB_04176	1	persistent	2	0	0
PAPNPA_01655	contig_42	137933	138202	+	LNHIMF_03615	1	persistent	2	0	0
PAPNPA_01656	contig_42	138224	138595	-	GEGEGB_04174	1	persistent	2	0	0
PAPNPA_01657	contig_42	138737	139363	+	GEGEGB_04173	1	persistent	2	0	0
PAPNPA_01658	contig_42	139444	141642	+	GEGEGB_04172	1	persistent	2	0	0
PAPNPA_01659	contig_42	141847	143490	+	GEGEGB_04171	1	persistent	2	0	0
PAPNPA_01660	contig_42	143514	143849	-	LNHIMF_03620	1	persistent	2	0	0
PAPNPA_01661	contig_42	143929	144594	+	GEGEGB_04169	1	persistent	2	0	0
PAPNPA_01662	contig_42	144667	145224	+	GEGEGB_04168	1	persistent	2	0	0
PAPNPA_01663	contig_42	145228	146487	-	LNHIMF_03623	1	persistent	2	0	0
PAPNPA_01664	contig_42	146577	147626	+	GEGEGB_04166	1	persistent	2	0	0
PAPNPA_01665	contig_42	147678	148256	+	GEGEGB_04165	1	persistent	2	0	0
PAPNPA_01666	contig_42	148312	148749	+	GEGEGB_04164	1	persistent	2	0	0
PAPNPA_01667	contig_42	148839	149963	-	LNHIMF_03627	1	persistent	2	0	0
PAPNPA_01668	contig_42	149963	152704	-	LNHIMF_03628	1	persistent	2	0	0
PAPNPA_01669	contig_42	152701	153768	-	LNHIMF_03629	1	persistent	2	0	1
PAPNPA_01670	contig_42	154074	155270	-	LNHIMF_03630	1	persistent	2	0	1
PAPNPA_01671	contig_42	155501	156997	+	GEGEGB_04152	1	persistent	2	0	0
PAPNPA_01672	contig_42	157138	157473	-	GEGEGB_04151	1	persistent	2	0	0
PAPNPA_01674	contig_43	509	1981	+	GEGEGB_04148	1	persistent	2	0	0
PAPNPA_01675	contig_43	2073	2831	-	LNHIMF_03636	1	persistent	2	0	0
PAPNPA_01676	contig_43	2838	4880	-	LNHIMF_03637	1	persistent	2	0	1
PAPNPA_01677	contig_43	5043	5696	-	PAPNPA_01677	1	cloud	1	0	1
PAPNPA_01678	contig_43	5863	6417	+	GEGEGB_04144	1	cloud	1	0	1
PAPNPA_01679	contig_43	6538	7380	+	GEGEGB_04143	1	persistent	2	0	1
PAPNPA_01680	contig_43	7485	8837	+	GEGEGB_04142	1	persistent	2	0	0
PAPNPA_01681	contig_43	8884	9927	-	BEJGEH_03636	1	persistent	3	0	0
PAPNPA_01682	contig_43	9986	11305	-	LNHIMF_03642	1	persistent	2	0	0
PAPNPA_01683	contig_43	11359	12204	-	LNHIMF_03643	1	persistent	2	0	0
PAPNPA_01684	contig_43	12268	13245	-	LNHIMF_03644	1	persistent	3	0	0
PAPNPA_01685	contig_43	13421	14140	-	GEGEGB_04139	1	persistent	2	0	0
PAPNPA_01686	contig_43	14466	16115	+	LNHIMF_03646	1	persistent	2	0	0
PAPNPA_01687	contig_43	16128	17717	-	GEGEGB_04137	1	persistent	2	0	0
PAPNPA_01688	contig_43	17998	18354	+	LNHIMF_03648	1	persistent	2	0	0
PAPNPA_01689	contig_43	18360	18962	-	LNHIMF_03649	1	persistent	2	0	0
PAPNPA_01691	contig_43	19595	20494	+	LNHIMF_03650	1	persistent	2	0	0
PAPNPA_01692	contig_43	20567	21595	+	GEGEGB_04133	1	persistent	2	0	0
PAPNPA_01693	contig_43	21946	23268	+	LNHIMF_03652	1	persistent	2	0	0
PAPNPA_01694	contig_43	23308	25368	-	LNHIMF_03653	1	persistent	2	0	0
PAPNPA_01695	contig_43	25478	26245	-	LNHIMF_03654	1	persistent	2	0	0
PAPNPA_01696	contig_43	26474	27403	+	GEGEGB_04129	1	persistent	2	0	0
PAPNPA_01697	contig_43	27457	28944	-	LNHIMF_03656	1	persistent	2	0	0
PAPNPA_01698	contig_43	29164	30450	-	LNHIMF_03657	1	persistent	2	0	0
PAPNPA_01699	contig_43	30608	32614	-	LNHIMF_03658	1	persistent	2	0	0
PAPNPA_01700	contig_43	32788	36330	-	LNHIMF_03659	1	persistent	2	0	0
PAPNPA_01701	contig_43	36312	37421	-	LNHIMF_03660	1	persistent	2	0	0
PAPNPA_01702	contig_43	37425	39575	-	LNHIMF_03661	1	persistent	2	0	0
PAPNPA_01703	contig_43	39736	42360	-	GEGEGB_04120	1	persistent	2	0	0
PAPNPA_01704	contig_43	42357	43109	-	LNHIMF_03663	1	persistent	2	0	0
PAPNPA_01705	contig_43	43110	43313	-	GEGEGB_04118	1	persistent	2	0	0
PAPNPA_01706	contig_43	43570	43965	+	LNHIMF_03665	2	persistent	2	0	0
PAPNPA_01707	contig_43	43958	45130	+	LNHIMF_03665	2	persistent	2	0	0
PAPNPA_01708	contig_43	45127	45318	+	GEGEGB_04116	1	persistent	2	0	0
PAPNPA_01709	contig_43	45315	46994	+	GEGEGB_04115	1	persistent	2	0	0
PAPNPA_01710	contig_43	47076	47183	-	GEGEGB_04114	1	persistent	2	0	0
PAPNPA_01712	contig_43	47826	49124	+	LNHIMF_03670	1	persistent	2	0	0
PAPNPA_01713	contig_43	49225	50238	-	LNHIMF_03671	1	persistent	2	0	0
PAPNPA_01714	contig_43	50235	51218	-	LNHIMF_03672	1	persistent	2	0	0
PAPNPA_01715	contig_43	51229	52131	-	LNHIMF_03673	1	persistent	2	0	0
PAPNPA_01716	contig_43	52141	53160	-	GEGEGB_04108	1	persistent	2	0	0
PAPNPA_01717	contig_43	53317	54924	-	LNHIMF_03675	1	persistent	2	0	0
PAPNPA_01718	contig_43	55480	56805	-	LNHIMF_03676	1	persistent	2	0	0
PAPNPA_01719	contig_43	56863	57987	-	LNHIMF_03677	1	persistent	2	0	0
PAPNPA_01720	contig_43	58137	59144	+	LNHIMF_03678	1	persistent	2	0	0
PAPNPA_01722	contig_43	59624	61315	-	GEGEGB_04101	1	persistent	2	1	0
PAPNPA_01723	contig_43	61533	62060	-	BEJGEH_03677	1	shell	1	1	1
PAPNPA_01724	contig_43	62066	63130	-	PAPNPA_01724	1	cloud	0	2	0
PAPNPA_01725	contig_43	63148	65676	-	AJBGEP_03832	1	shell	0	2	2
PAPNPA_01726	contig_43	65699	66397	-	BEJGEH_03680	1	shell	0	2	1
PAPNPA_01727	contig_43	66482	67006	-	BEJGEH_03681	1	shell	1	2	0
PAPNPA_01728	contig_43	67525	68229	-	LNHIMF_03681	1	persistent	2	2	0
PAPNPA_01729	contig_43	68386	68967	+	GEGEGB_04099	1	persistent	2	0	0
PAPNPA_01730	contig_43	68945	69385	+	GEGEGB_04098	1	persistent	2	0	0
PAPNPA_01731	contig_43	69354	71687	-	LNHIMF_03684	1	persistent	2	0	0
PAPNPA_01732	contig_43	71840	72502	+	GEGEGB_04096	1	persistent	2	0	0
PAPNPA_01733	contig_43	72721	73695	+	GEGEGB_04095	1	persistent	2	0	0
PAPNPA_01734	contig_43	73745	74455	-	GEGEGB_04094	1	persistent	2	0	0
PAPNPA_01735	contig_43	74852	75184	+	LNHIMF_03688	1	persistent	2	0	0
PAPNPA_01736	contig_43	75472	75684	+	GEGEGB_04092	1	persistent	2	0	0
PAPNPA_01737	contig_43	75857	76396	+	GEGEGB_04091	1	persistent	3	0	1
PAPNPA_01738	contig_43	76447	78516	-	LNHIMF_03696	1	persistent	2	1	3
PAPNPA_01739	contig_43	78526	79437	-	LNHIMF_03697	1	persistent	2	0	0
PAPNPA_01740	contig_43	79576	79878	-	GEGEGB_04084	1	persistent	2	0	1
PAPNPA_01741	contig_43	80044	81039	+	BEJGEH_03700	1	persistent	2	0	1
PAPNPA_01742	contig_43	81062	81415	-	GEGEGB_04081	1	persistent	2	0	0
PAPNPA_01743	contig_43	81590	83044	-	GEGEGB_04080	1	persistent	2	0	0
PAPNPA_01744	contig_43	83144	84466	-	LNHIMF_03703	1	persistent	2	0	0
PAPNPA_01745	contig_43	84829	86007	+	GEGEGB_04078	1	persistent	2	0	0
PAPNPA_01746	contig_43	86068	86892	-	LNHIMF_03705	1	persistent	2	0	0
PAPNPA_01747	contig_43	87208	89235	+	LNHIMF_03706	1	persistent	2	0	0
PAPNPA_01748	contig_43	89508	90659	+	GEGEGB_04075	1	persistent	2	0	0
PAPNPA_01749	contig_43	90696	91169	-	GEGEGB_04074	1	persistent	2	0	0
PAPNPA_01750	contig_43	91286	92086	-	GEGEGB_04073	1	persistent	2	0	0
PAPNPA_01751	contig_43	92316	93314	+	LNHIMF_03710	1	persistent	2	0	0
PAPNPA_01752	contig_43	93326	93790	+	LNHIMF_03711	1	persistent	2	0	0
PAPNPA_01753	contig_43	93814	94746	+	GEGEGB_04070	1	persistent	2	0	0
PAPNPA_01754	contig_43	94885	95358	+	GEGEGB_04069	1	persistent	2	0	0
PAPNPA_01755	contig_43	95361	96638	+	LNHIMF_03714	1	persistent	2	0	0
PAPNPA_01756	contig_43	96650	97636	+	GEGEGB_04067	1	persistent	2	0	0
PAPNPA_01757	contig_43	97640	99136	+	BEJGEH_03716	1	persistent	2	0	0
PAPNPA_01758	contig_43	99133	99795	+	BEJGEH_03717	1	persistent	2	0	0
PAPNPA_01759	contig_43	99788	100648	+	LNHIMF_03718	1	persistent	2	0	0
PAPNPA_01760	contig_43	100642	101337	+	GEGEGB_04063	1	persistent	2	0	0
PAPNPA_01761	contig_43	101486	102301	-	BENMGJ_03040	1	persistent	2	0	0
PAPNPA_01762	contig_43	102565	104520	+	LNHIMF_03721	1	persistent	2	0	0
PAPNPA_01763	contig_43	104638	106176	-	LNHIMF_03722	1	persistent	2	0	0
PAPNPA_01764	contig_43	106345	107226	+	GEGEGB_04059	1	persistent	2	0	1
PAPNPA_01765	contig_43	107501	109351	-	BEJGEH_03724	1	persistent	2	0	1
PAPNPA_01766	contig_43	109348	110739	-	GEGEGB_04057	1	persistent	2	0	0
PAPNPA_01767	contig_43	110838	111446	-	GEGEGB_04056	1	persistent	2	0	1
PAPNPA_01768	contig_43	111922	113838	+	GEGEGB_04055	1	persistent	2	0	1
PAPNPA_01769	contig_43	114069	115217	+	LNHIMF_03729	1	persistent	2	0	0
PAPNPA_01770	contig_43	115214	115804	+	GEGEGB_04053	1	persistent	2	0	0
PAPNPA_01771	contig_43	115814	116023	-	LNHIMF_03731	1	persistent	2	0	0
PAPNPA_01772	contig_43	116314	116676	+	GEGEGB_04051	1	persistent	2	0	0
PAPNPA_01773	contig_43	117163	117846	+	LNHIMF_03733	1	persistent	2	0	0
PAPNPA_01774	contig_43	117890	122308	+	LNHIMF_03734	1	persistent	2	0	0
PAPNPA_01776	contig_43	122608	124263	+	LNHIMF_03736	1	persistent	2	0	0
PAPNPA_01777	contig_43	124260	125036	+	GEGEGB_04046	1	persistent	2	0	0
PAPNPA_01778	contig_43	125033	126223	+	GEGEGB_04045	1	persistent	2	0	0
PAPNPA_01779	contig_43	126288	126761	+	GEGEGB_04044	1	persistent	3	0	0
PAPNPA_01780	contig_43	126829	127833	-	GEGEGB_04043	1	persistent	2	0	0
PAPNPA_01781	contig_43	128152	129348	+	BEJGEH_03742	1	persistent	2	0	0
PAPNPA_01782	contig_43	129422	130732	+	BEJGEH_03743	1	persistent	2	0	0
PAPNPA_01783	contig_43	130815	131636	-	GEGEGB_04039	1	persistent	3	0	0
PAPNPA_01784	contig_43	131714	132733	-	GEGEGB_04038	1	persistent	2	0	0
PAPNPA_01785	contig_43	132733	133200	-	GEGEGB_04037	1	persistent	2	0	0
PAPNPA_01786	contig_43	133244	133495	-	GEGEGB_04036	1	persistent	2	0	0
PAPNPA_01787	contig_43	133582	134013	-	GEGEGB_04035	1	persistent	2	0	0
PAPNPA_01788	contig_43	134260	135804	+	LNHIMF_03745	1	persistent	2	0	0
PAPNPA_01789	contig_43	135814	137097	+	GEGEGB_04033	1	persistent	2	0	0
PAPNPA_01790	contig_43	137101	138063	+	GEGEGB_04032	1	persistent	2	0	0
PAPNPA_01791	contig_43	138050	139084	-	GEGEGB_04031	1	persistent	2	0	1
PAPNPA_01793	contig_43	139376	140401	-	LNHIMF_03750	1	persistent	2	0	1
PAPNPA_01794	contig_43	140411	141382	-	GEGEGB_04028	1	persistent	2	0	0
PAPNPA_01795	contig_43	141809	142741	+	GEGEGB_04027	1	persistent	2	0	0
PAPNPA_01796	contig_43	142744	143790	+	GEGEGB_04026	1	persistent	2	0	0
PAPNPA_01797	contig_43	143790	144743	+	GEGEGB_04025	1	persistent	2	0	0
PAPNPA_01798	contig_43	144783	145997	+	BEJGEH_03759	1	persistent	2	0	0
PAPNPA_01799	contig_43	146054	147199	-	GEGEGB_04023	1	persistent	2	0	0
PAPNPA_01800	contig_43	147299	148108	-	LNHIMF_03757	1	persistent	2	0	0
PAPNPA_01801	contig_43	148258	148956	-	LNHIMF_03758	1	persistent	2	0	0
PAPNPA_01802	contig_43	148979	149992	-	HFCAGB_03967	1	persistent	2	0	0
PAPNPA_01803	contig_43	150010	151032	-	HFCAGB_03968	1	persistent	2	0	0
PAPNPA_01804	contig_43	151029	152108	-	LNHIMF_03761	1	persistent	2	1	3
PAPNPA_01805	contig_43	152444	153241	-	BEJGEH_03767	1	persistent	2	1	3
PAPNPA_01806	contig_43	153234	154358	-	LNHIMF_03764	1	persistent	2	0	0
PAPNPA_01807	contig_43	154355	155425	-	LNHIMF_03765	1	persistent	2	0	0
PAPNPA_01808	contig_43	155834	157111	+	LNHIMF_03766	1	persistent	2	0	0
PAPNPA_01809	contig_43	157120	157599	+	GEGEGB_04012	1	persistent	2	0	0
PAPNPA_01810	contig_43	157627	158436	-	GEGEGB_04011	1	persistent	2	0	0
PAPNPA_01811	contig_43	158534	158701	-	GEGEGB_04010	1	persistent	2	0	0
PAPNPA_01812	contig_44	100	903	+	LNHIMF_00267	1	persistent	3	0	0
PAPNPA_01813	contig_44	924	1838	-	LNHIMF_00268	1	persistent	2	0	0
PAPNPA_01814	contig_44	1943	3118	+	LNHIMF_00269	1	persistent	2	0	0
PAPNPA_01815	contig_44	3250	4050	+	LNHIMF_00270	1	persistent	2	0	0
PAPNPA_01816	contig_44	4128	4898	+	LNHIMF_00271	1	persistent	2	0	0
PAPNPA_01817	contig_44	4954	6174	-	GEGEGB_02743	1	persistent	2	0	0
PAPNPA_01818	contig_44	6393	7148	-	LNHIMF_00273	1	persistent	2	0	0
PAPNPA_01819	contig_44	7183	7905	+	LNHIMF_00274	1	persistent	2	0	0
PAPNPA_01820	contig_44	7902	8369	-	GEGEGB_02740	1	persistent	2	0	0
PAPNPA_01821	contig_44	8424	9164	+	GEGEGB_02739	1	persistent	2	0	2
PAPNPA_01823	contig_44	9696	10751	-	HFCAGB_00281	1	persistent	1	1	1
PAPNPA_01824	contig_44	10762	11757	-	AJBGEP_00282	1	shell	1	1	0
PAPNPA_01825	contig_44	11754	13637	-	LNHIMF_00280	1	shell	0	2	0
PAPNPA_01826	contig_44	13653	14147	-	GEGEGB_02733	1	shell	0	2	0
PAPNPA_01827	contig_44	14144	14968	-	LNHIMF_00282	1	shell	0	2	0
PAPNPA_01828	contig_44	14955	15857	-	GEGEGB_02731	1	shell	0	3	1
PAPNPA_01829	contig_44	16225	18864	+	IKCLMC_02021	1	shell	0	2	1
PAPNPA_01830	contig_44	18964	19506	+	GEGEGB_02727	1	shell	0	2	1
PAPNPA_01831	contig_44	19530	21038	+	LNHIMF_00288	1	shell	0	2	2
PAPNPA_01832	contig_44	21224	21670	+	HFCAGB_00291	1	shell	0	2	1
PAPNPA_01833	contig_44	21924	22409	+	GEGEGB_02722	2	shell	0	4	1
PAPNPA_01834	contig_44	22521	22583	+	GEGEGB_02721	2	shell	0	3	0
PAPNPA_01835	contig_44	22713	23198	+	AJBGEP_00292	1	shell	0	3	0
PAPNPA_01836	contig_44	23183	23566	+	PAPNPA_01836	1	shell	0	2	0
PAPNPA_01837	contig_44	23709	24194	+	GEGEGB_02722	2	shell	0	4	1
PAPNPA_01838	contig_44	24261	24797	+	GEGEGB_02721	2	shell	0	3	0
PAPNPA_01839	contig_44	24801	26144	+	GEGEGB_02720	1	shell	0	2	0
PAPNPA_01840	contig_44	26141	27445	+	GEGEGB_02719	1	shell	0	2	0
PAPNPA_01841	contig_44	27450	28223	+	HFCAGB_00296	1	shell	0	2	2
PAPNPA_01842	contig_44	28413	28856	+	AJBGEP_00299	1	shell	0	2	1
PAPNPA_01843	contig_44	28890	32759	+	HFCAGB_00298	1	shell	0	2	1
PAPNPA_01844	contig_44	32759	33526	+	HFCAGB_00299	1	shell	0	3	2
PAPNPA_01845	contig_44	33569	34039	+	PAPNPA_01845	1	shell	0	2	0
PAPNPA_01846	contig_44	34024	34485	+	GEGEGB_02712	1	shell	0	2	1
PAPNPA_01847	contig_44	34672	35403	+	PAPNPA_01847	1	cloud	0	1	1
PAPNPA_01848	contig_44	35400	35834	+	PAPNPA_01848	1	cloud	0	0	2
PAPNPA_01849	contig_44	36866	39085	+	PAPNPA_01849	1	cloud	0	0	2
PAPNPA_01850	contig_44	39116	39547	+	PAPNPA_01850	1	cloud	0	0	2
PAPNPA_01851	contig_44	39578	44077	+	PAPNPA_01851	1	cloud	0	0	2
PAPNPA_01852	contig_44	44049	44501	+	PAPNPA_01852	1	cloud	0	0	2
PAPNPA_01853	contig_44	44753	44893	+	PAPNPA_01853	1	cloud	0	0	2
PAPNPA_01854	contig_44	45698	45931	+	PAPNPA_01854	1	cloud	0	1	1
PAPNPA_01855	contig_44	46114	46500	+	GEGEGB_02711	1	shell	0	3	2
PAPNPA_01856	contig_44	46527	47045	+	BENMGJ_03886	1	shell	0	2	0
PAPNPA_01857	contig_44	47442	49676	+	PAPNPA_01857	1	shell	0	2	2
PAPNPA_01858	contig_44	49736	50194	+	PAPNPA_01858	1	cloud	0	1	1
PAPNPA_01859	contig_44	50210	54916	+	PAPNPA_01859	2	cloud	0	1	7
PAPNPA_01860	contig_44	54913	55347	+	BENMGJ_03890	1	cloud	0	1	1
PAPNPA_01861	contig_44	55394	55696	-	BENMGJ_03891	1	shell	0	2	4
PAPNPA_01863	contig_44	55711	57201	+	PAPNPA_01859	2	cloud	0	1	7
PAPNPA_01864	contig_44	57198	57644	+	PAPNPA_01864	1	cloud	0	0	2
PAPNPA_01865	contig_44	57708	57953	-	PAPNPA_01865	1	cloud	0	0	6
PAPNPA_01867	contig_44	58973	59395	+	PAPNPA_01867	1	cloud	0	0	2
PAPNPA_01868	contig_44	59428	59859	+	BEJGEH_00302	1	cloud	0	1	2
PAPNPA_01869	contig_44	60233	60454	+	AJBGEP_00314	1	shell	0	3	3
PAPNPA_01870	contig_44	60520	60762	-	GEGEGB_02702	1	cloud	0	3	1
PAPNPA_01871	contig_44	60887	61084	+	AJBGEP_00316	1	shell	1	2	3
PAPNPA_01872	contig_44	62352	62849	+	PAPNPA_01872	1	cloud	1	2	0
PAPNPA_01873	contig_44	62933	63670	+	PAPNPA_01873	1	persistent	1	2	3
PAPNPA_01874	contig_44	63694	66204	+	BEJGEH_00308	1	persistent	2	0	0
PAPNPA_01875	contig_44	66226	66696	+	GEGEGB_02695	1	persistent	2	0	0
PAPNPA_01876	contig_44	67104	67925	+	LNHIMF_00320	1	persistent	2	0	1
PAPNPA_01877	contig_44	67807	68418	-	HFCAGB_00322	1	cloud	2	0	0
PAPNPA_01878	contig_44	68740	69687	+	LNHIMF_00321	1	persistent	2	1	4
PAPNPA_01879	contig_44	70026	70745	-	LNHIMF_00332	1	persistent	2	0	3
PAPNPA_01880	contig_44	71091	71498	-	GEGEGB_02682	1	persistent	2	0	0
PAPNPA_01881	contig_44	71808	72575	-	LNHIMF_00334	1	persistent	2	0	0
PAPNPA_01882	contig_44	72684	75128	-	LNHIMF_00335	1	persistent	2	0	0
PAPNPA_01883	contig_44	75368	75946	+	GEGEGB_02679	1	persistent	2	0	0
PAPNPA_01884	contig_44	76159	76926	+	LNHIMF_00337	1	persistent	2	0	0
PAPNPA_01885	contig_44	76897	77637	-	GEGEGB_02677	1	persistent	2	0	0
PAPNPA_01886	contig_44	77887	78942	+	GEGEGB_02676	1	persistent	2	0	0
PAPNPA_01887	contig_44	79161	80300	+	LNHIMF_00340	1	persistent	2	0	0
PAPNPA_01888	contig_44	80297	80911	+	GEGEGB_02674	1	persistent	2	0	0
PAPNPA_01889	contig_44	81066	82523	-	LNHIMF_00342	1	persistent	2	0	0
PAPNPA_01890	contig_44	82772	83230	+	GEGEGB_02672	1	persistent	2	0	0
PAPNPA_01891	contig_44	83319	84563	+	LNHIMF_00344	1	persistent	2	0	0
PAPNPA_01892	contig_44	84621	85022	+	GEGEGB_02670	1	persistent	2	0	0
PAPNPA_01893	contig_44	85073	86125	-	GEGEGB_02669	1	persistent	2	0	0
PAPNPA_01894	contig_44	86408	87511	+	GEGEGB_02668	1	persistent	2	0	0
PAPNPA_01895	contig_44	87523	88773	+	HFCAGB_00340	1	persistent	2	3	3
PAPNPA_01897	contig_44	89128	89403	+	PKJKAM_03421	1	shell	2	3	0
PAPNPA_01898	contig_44	89400	90023	-	AJBGEP_02929	1	shell	2	6	2
PAPNPA_01899	contig_44	90190	90534	+	AJBGEP_00345	1	shell	0	3	0
PAPNPA_01900	contig_44	90479	90895	+	AJBGEP_00346	1	shell	0	4	0
PAPNPA_01901	contig_44	91029	91328	+	BEJGEH_00336	1	shell	0	2	1
PAPNPA_01902	contig_44	91675	92907	+	BEJGEH_00337	1	shell	0	2	0
PAPNPA_01903	contig_44	93039	94460	+	BEJGEH_00338	1	shell	0	2	0
PAPNPA_01904	contig_44	94462	95088	+	BEJGEH_00339	1	shell	0	2	1
PAPNPA_01905	contig_44	95103	95693	+	PAPNPA_01905	1	cloud	0	2	0
PAPNPA_01906	contig_44	95693	96607	+	BEJGEH_00341	1	shell	0	2	1
PAPNPA_01907	contig_44	96641	97606	+	BEJGEH_00342	1	shell	0	2	0
PAPNPA_01908	contig_44	97551	97823	-	BEJGEH_00343	1	shell	2	1	0
PAPNPA_01909	contig_44	98514	98912	+	BEJGEH_00344	1	persistent	2	2	0
PAPNPA_01910	contig_44	98960	99718	-	GEGEGB_02664	1	persistent	2	1	1
PAPNPA_01911	contig_44	99684	101009	-	BEJGEH_00346	1	persistent	2	1	3
PAPNPA_01912	contig_44	101014	103575	-	LNHIMF_00366	1	persistent	2	0	0
PAPNPA_01913	contig_44	103559	104320	-	BEJGEH_00348	1	persistent	2	0	0
PAPNPA_01914	contig_44	104382	104918	-	GEGEGB_02659	1	persistent	2	0	0
PAPNPA_01915	contig_44	105582	106316	+	LNHIMF_00369	1	persistent	2	0	0
PAPNPA_01916	contig_44	106289	106789	+	LNHIMF_00370	1	persistent	2	0	0
PAPNPA_01917	contig_44	107091	108665	+	LNHIMF_00371	1	persistent	2	0	0
PAPNPA_01918	contig_44	108765	109508	+	LNHIMF_00372	1	persistent	2	0	0
PAPNPA_01919	contig_44	109481	109969	+	LNHIMF_00373	1	persistent	2	0	0
PAPNPA_01920	contig_44	110371	110895	+	GEGEGB_02652	1	persistent	2	0	0
PAPNPA_01921	contig_44	111153	111680	+	LNHIMF_00375	1	persistent	2	0	0
PAPNPA_01922	contig_44	111973	112332	+	LNHIMF_00376	1	persistent	2	0	0
PAPNPA_01923	contig_44	112402	113859	-	BEJGEH_00358	1	persistent	3	0	0
PAPNPA_01924	contig_44	113876	117043	-	LNHIMF_00378	1	persistent	2	0	0
PAPNPA_01925	contig_44	117040	118266	-	BEJGEH_00360	1	persistent	2	0	0
PAPNPA_01926	contig_44	118543	120831	+	HFCAGB_00372	1	persistent	2	0	0
PAPNPA_01927	contig_44	120843	121307	+	LNHIMF_00381	1	persistent	2	0	0
PAPNPA_01928	contig_44	121385	121579	+	GEGEGB_02648	1	persistent	3	0	1
PAPNPA_01929	contig_44	121871	123124	+	LNHIMF_00383	1	persistent	2	0	1
PAPNPA_01930	contig_44	123313	125271	+	GEGEGB_02645	1	persistent	2	0	0
PAPNPA_01931	contig_44	125281	128253	+	BEJGEH_00367	1	persistent	2	0	0
PAPNPA_01932	contig_44	128530	128631	+	GEGEGB_02642	1	persistent	2	0	0
PAPNPA_01933	contig_44	128748	130151	+	LNHIMF_00387	1	persistent	2	0	0
PAPNPA_01934	contig_44	130148	131158	+	LNHIMF_00388	1	persistent	2	0	0
PAPNPA_01935	contig_44	131158	131289	+	GEGEGB_02639	1	persistent	2	0	0
PAPNPA_01936	contig_44	131496	132500	+	GEGEGB_02638	1	persistent	2	0	0
PAPNPA_01937	contig_44	132664	134754	+	LNHIMF_00391	1	persistent	2	0	0
PAPNPA_01938	contig_44	134795	135427	-	LNHIMF_00392	1	persistent	2	0	0
PAPNPA_01939	contig_44	135659	135934	+	GEGEGB_02635	1	persistent	2	0	0
PAPNPA_01940	contig_44	136070	137695	-	LNHIMF_00394	1	persistent	2	0	0
PAPNPA_01941	contig_44	137961	138848	+	GEGEGB_02633	1	persistent	2	0	0
PAPNPA_01942	contig_44	138971	140140	+	GEGEGB_02632	1	persistent	2	0	0
PAPNPA_01943	contig_44	140180	141631	+	LNHIMF_00397	1	persistent	2	0	0
PAPNPA_01944	contig_44	141672	143558	+	LNHIMF_00398	1	persistent	2	0	0
PAPNPA_01945	contig_44	143662	144636	-	GEGEGB_02629	1	persistent	1	1	3
PAPNPA_01946	contig_44	145149	148163	+	LNHIMF_00400	1	cloud	2	0	0
PAPNPA_01947	contig_44	148249	148872	+	BEJGEH_00383	1	persistent	1	1	3
PAPNPA_01948	contig_44	148917	150074	-	GEGEGB_02626	1	persistent	2	0	0
PAPNPA_01949	contig_44	150421	151641	+	LNHIMF_00403	1	persistent	2	0	0
PAPNPA_01950	contig_44	151656	152750	+	LNHIMF_00404	1	persistent	2	0	0
PAPNPA_01951	contig_44	152788	153096	-	GEGEGB_02623	1	persistent	2	0	0
PAPNPA_01952	contig_44	153364	153579	+	GEGEGB_02622	1	persistent	2	0	0
PAPNPA_01953	contig_44	153605	154717	-	GEGEGB_02621	1	persistent	2	0	0
PAPNPA_01954	contig_44	154807	155490	+	LNHIMF_00408	1	persistent	2	0	0
PAPNPA_01955	contig_44	155659	156870	+	GEGEGB_02619	1	persistent	2	0	0
PAPNPA_01956	contig_44	157167	157427	+	GEGEGB_02618	1	persistent	2	0	0
PAPNPA_01957	contig_44	157780	158100	+	GEGEGB_02617	1	persistent	2	0	0
PAPNPA_01958	contig_44	158192	159304	+	LNHIMF_00412	1	persistent	2	0	0
PAPNPA_01959	contig_44	159319	160128	-	LNHIMF_00413	1	persistent	2	0	0
PAPNPA_01960	contig_44	160268	160723	+	GEGEGB_02614	1	persistent	2	0	0
PAPNPA_01961	contig_44	160908	161453	+	GEGEGB_02613	1	persistent	2	0	0
PAPNPA_01962	contig_44	161480	161671	+	GEGEGB_02612	1	persistent	2	0	0
PAPNPA_01963	contig_44	161922	162599	+	LNHIMF_00417	1	persistent	2	0	0
PAPNPA_01964	contig_44	162670	162954	+	GEGEGB_02609	1	persistent	2	0	0
PAPNPA_01965	contig_44	162992	163903	-	GEGEGB_02608	1	persistent	2	0	0
PAPNPA_01966	contig_44	164029	164937	+	GEGEGB_02607	1	persistent	2	0	0
PAPNPA_01967	contig_44	164959	166131	-	LNHIMF_00421	1	persistent	2	0	0
PAPNPA_01968	contig_44	166304	169444	-	LNHIMF_00422	1	persistent	2	0	0
PAPNPA_01969	contig_44	169441	170643	-	LNHIMF_00423	1	persistent	2	0	0
PAPNPA_01970	contig_44	170858	171547	+	GEGEGB_02602	1	persistent	2	0	0
PAPNPA_01971	contig_44	171617	172912	+	LNHIMF_00425	1	persistent	2	0	0
PAPNPA_01972	contig_44	173321	174640	+	GEGEGB_02600	1	persistent	2	1	0
PAPNPA_01973	contig_44	174715	176085	+	LNHIMF_00427	1	persistent	2	1	0
PAPNPA_01974	contig_44	176247	178064	+	LNHIMF_00428	1	persistent	2	0	0
PAPNPA_01975	contig_44	178136	178738	-	GEGEGB_02595	1	persistent	2	0	0
PAPNPA_01976	contig_44	178948	179529	-	GEGEGB_02594	1	persistent	2	0	0
PAPNPA_01977	contig_44	179623	180687	+	LNHIMF_00431	1	persistent	2	0	0
PAPNPA_01978	contig_44	180884	182011	+	LNHIMF_00432	1	persistent	2	0	0
PAPNPA_01979	contig_44	182034	182366	+	GEGEGB_02591	1	persistent	2	0	0
PAPNPA_01980	contig_44	182427	184241	+	GEGEGB_02590	1	persistent	2	0	0
PAPNPA_01981	contig_44	184252	185223	+	GEGEGB_02589	1	persistent	2	1	0
PAPNPA_01982	contig_44	185371	185736	+	GEGEGB_02588	1	shell	1	1	0
PAPNPA_01983	contig_44	185762	186454	+	GEGEGB_02587	1	shell	1	1	0
PAPNPA_01984	contig_44	186624	186971	+	GEGEGB_02586	1	persistent	2	1	0
PAPNPA_01985	contig_44	187252	187515	+	LNHIMF_00437	1	persistent	2	0	0
PAPNPA_01987	contig_44	187599	188462	-	GEGEGB_02583	1	persistent	2	0	0
PAPNPA_01988	contig_44	188761	189300	-	LNHIMF_00440	1	persistent	2	0	0
PAPNPA_01989	contig_44	189452	189901	+	GEGEGB_02581	1	persistent	2	0	0
PAPNPA_01990	contig_44	189905	191008	+	LNHIMF_00442	1	persistent	2	0	0
PAPNPA_01991	contig_44	191097	191567	+	GEGEGB_02579	1	persistent	2	0	0
PAPNPA_01992	contig_44	191588	192007	+	LNHIMF_00444	1	persistent	2	0	0
PAPNPA_01993	contig_44	192089	193069	+	LNHIMF_00445	1	persistent	2	0	0
PAPNPA_01994	contig_44	193047	193562	+	GEGEGB_02576	1	persistent	2	0	0
PAPNPA_01995	contig_44	193666	194640	-	LNHIMF_00447	1	persistent	2	0	0
PAPNPA_01996	contig_44	194697	196559	-	LNHIMF_00448	1	persistent	2	0	0
PAPNPA_01997	contig_44	196583	197482	-	GEGEGB_02573	1	persistent	2	0	0
PAPNPA_01998	contig_44	197483	197725	-	GEGEGB_02572	1	persistent	2	0	0
PAPNPA_01999	contig_44	197935	199383	+	LNHIMF_00451	1	persistent	2	0	0
PAPNPA_02000	contig_44	199426	200223	-	LNHIMF_00452	1	persistent	2	0	0
PAPNPA_02001	contig_44	200217	201086	-	HFCAGB_00451	1	persistent	2	0	0
PAPNPA_02002	contig_44	201089	202198	-	LNHIMF_00454	1	persistent	2	0	0
PAPNPA_02003	contig_44	202204	203217	-	LNHIMF_00455	1	persistent	2	0	0
PAPNPA_02004	contig_44	203415	204134	-	GEGEGB_02566	1	persistent	2	0	0
PAPNPA_02005	contig_44	204274	205377	+	GEGEGB_02565	1	persistent	2	0	0
PAPNPA_02006	contig_44	205387	206196	+	GEGEGB_02564	1	persistent	2	0	0
PAPNPA_02007	contig_44	206293	206883	-	GEGEGB_02563	1	persistent	2	0	0
PAPNPA_02008	contig_44	206846	207757	-	LNHIMF_00460	1	persistent	2	0	0
PAPNPA_02009	contig_44	207883	208374	+	LNHIMF_00461	1	persistent	2	0	0
PAPNPA_02010	contig_44	208421	209785	-	GEGEGB_02560	1	persistent	3	0	1
PAPNPA_02011	contig_44	210322	211833	+	HFCAGB_00461	1	persistent	1	1	2
PAPNPA_02012	contig_44	211845	213314	+	PAPNPA_02012	1	cloud	2	0	0
PAPNPA_02013	contig_44	213362	214252	-	GEGEGB_02554	1	persistent	2	1	1
PAPNPA_02014	contig_44	214264	214593	-	GEGEGB_02553	1	persistent	2	0	0
PAPNPA_02015	contig_44	214593	215207	-	LNHIMF_00465	1	persistent	2	0	0
PAPNPA_02016	contig_44	215197	217188	-	GEGEGB_02551	1	persistent	2	0	0
PAPNPA_02017	contig_44	217199	218155	-	GEGEGB_02550	1	persistent	2	0	0
PAPNPA_02018	contig_45	61	945	-	GEGEGB_00475	1	persistent	2	0	0
PAPNPA_02019	contig_45	997	1155	-	GEGEGB_00474	1	persistent	2	0	0
PAPNPA_02020	contig_45	1214	2470	-	GEGEGB_00473	1	persistent	2	0	0
PAPNPA_02021	contig_45	2525	3358	-	GEGEGB_00472	1	persistent	2	0	0
PAPNPA_02022	contig_45	3614	4375	+	LNHIMF_02563	1	persistent	2	0	0
PAPNPA_02023	contig_45	4437	5363	-	GEGEGB_00470	1	persistent	2	0	0
PAPNPA_02024	contig_45	5453	6451	+	GEGEGB_00469	1	persistent	2	0	0
PAPNPA_02025	contig_45	6448	6666	-	LNHIMF_02566	1	persistent	2	0	0
PAPNPA_02026	contig_45	6668	8683	-	LNHIMF_02567	1	persistent	2	0	0
PAPNPA_02027	contig_45	8755	9741	-	GEGEGB_00466	1	persistent	2	0	0
PAPNPA_02028	contig_45	9973	10734	+	GEGEGB_00465	1	persistent	2	0	0
PAPNPA_02029	contig_45	10898	11869	+	GEGEGB_00464	1	persistent	2	0	0
PAPNPA_02030	contig_45	12253	12510	+	GEGEGB_00463	1	persistent	2	0	0
PAPNPA_02031	contig_45	12559	14286	+	GEGEGB_00462	1	persistent	2	0	0
PAPNPA_02032	contig_45	14327	14836	+	GEGEGB_00461	1	persistent	2	0	0
PAPNPA_02033	contig_45	14986	15225	-	LNHIMF_02574	1	persistent	2	0	0
PAPNPA_02034	contig_45	15222	16088	-	GEGEGB_00459	1	persistent	2	0	0
PAPNPA_02035	contig_45	16171	17463	+	BEJGEH_02464	1	persistent	2	0	0
PAPNPA_02036	contig_45	17478	18197	+	LNHIMF_02577	1	persistent	2	0	0
PAPNPA_02037	contig_45	18274	18633	+	BEJGEH_02466	1	persistent	2	1	1
PAPNPA_02038	contig_45	18666	19577	-	LNHIMF_02579	1	persistent	2	1	1
PAPNPA_02039	contig_45	19645	20742	-	BEJGEH_02469	1	persistent	2	0	0
PAPNPA_02040	contig_45	20732	21607	-	LNHIMF_02581	1	persistent	2	0	0
PAPNPA_02041	contig_45	21607	22440	-	GEGEGB_00452	1	persistent	2	0	0
PAPNPA_02042	contig_45	22440	23456	-	GEGEGB_00451	1	persistent	2	0	0
PAPNPA_02043	contig_45	23614	24405	-	GEGEGB_00450	1	persistent	2	0	1
PAPNPA_02044	contig_45	24643	25542	-	GEGEGB_00449	1	persistent	2	0	1
PAPNPA_02045	contig_45	25637	26212	-	GEGEGB_00448	1	persistent	2	0	0
PAPNPA_02046	contig_45	26274	26723	-	LNHIMF_02587	1	persistent	2	0	0
PAPNPA_02047	contig_45	26710	27135	-	GEGEGB_00446	1	persistent	2	0	0
PAPNPA_02048	contig_45	27348	28217	+	GEGEGB_00445	1	persistent	2	0	0
PAPNPA_02049	contig_45	28220	29119	+	GEGEGB_00444	1	persistent	2	1	2
PAPNPA_02050	contig_45	29140	29469	+	GEGEGB_00443	1	shell	2	1	1
PAPNPA_02051	contig_45	29909	30877	-	LNHIMF_02591	1	persistent	2	2	3
PAPNPA_02052	contig_45	31009	31503	-	LNHIMF_02592	1	persistent	2	0	0
PAPNPA_02053	contig_45	31516	32175	-	GEGEGB_00439	1	persistent	2	0	0
PAPNPA_02054	contig_45	32185	33081	-	LNHIMF_02594	1	persistent	2	0	0
PAPNPA_02055	contig_45	33100	34461	-	LNHIMF_02595	1	persistent	2	0	0
PAPNPA_02056	contig_45	34473	35876	-	GEGEGB_00436	1	persistent	2	0	0
PAPNPA_02057	contig_45	35873	37099	-	LNHIMF_02597	1	persistent	2	0	0
PAPNPA_02058	contig_45	37219	38406	-	ALJMDI_01699	1	persistent	2	0	0
PAPNPA_02059	contig_45	38396	39235	-	GEGEGB_00433	1	persistent	2	0	0
PAPNPA_02060	contig_45	39246	40649	-	LNHIMF_02600	1	persistent	2	0	1
PAPNPA_02061	contig_45	40661	40948	-	LNHIMF_02601	1	persistent	2	0	0
PAPNPA_02062	contig_45	41061	41351	-	LNHIMF_02602	1	persistent	2	0	0
PAPNPA_02063	contig_45	41392	42408	-	GEGEGB_00430	1	persistent	2	0	1
PAPNPA_02064	contig_45	42405	43208	-	GEGEGB_00429	1	persistent	2	0	0
PAPNPA_02065	contig_45	43205	43894	-	LNHIMF_02605	1	persistent	2	0	0
PAPNPA_02066	contig_45	43872	44351	-	GEGEGB_00427	1	persistent	2	0	0
PAPNPA_02067	contig_45	44364	44699	-	GEGEGB_00426	1	persistent	2	1	1
PAPNPA_02068	contig_45	45116	47395	-	GEGEGB_00423	1	persistent	2	1	1
PAPNPA_02069	contig_45	47667	48617	+	LNHIMF_02609	1	persistent	2	0	0
PAPNPA_02070	contig_45	48637	50637	+	LNHIMF_02610	1	persistent	2	0	0
PAPNPA_02071	contig_45	50700	50930	-	GEGEGB_00420	1	persistent	2	0	0
PAPNPA_02072	contig_45	51058	52101	-	LNHIMF_02612	1	persistent	2	0	0
PAPNPA_02073	contig_45	52226	52801	-	GEGEGB_00418	1	persistent	2	0	0
PAPNPA_02074	contig_45	53005	54303	+	GEGEGB_00417	1	persistent	2	0	0
PAPNPA_02075	contig_45	54752	56713	-	GEGEGB_00416	1	persistent	2	0	0
PAPNPA_02076	contig_45	56899	58599	+	BEJGEH_02507	1	persistent	2	0	0
PAPNPA_02077	contig_45	58784	61897	+	GEGEGB_00414	1	persistent	2	0	1
PAPNPA_02079	contig_45	61999	62058	-	LNHIMF_02619	1	persistent	2	0	0
PAPNPA_02080	contig_45	62471	62827	+	GEGEGB_00411	1	persistent	2	0	1
PAPNPA_02081	contig_45	62831	63958	+	LNHIMF_02621	1	persistent	2	0	0
PAPNPA_02082	contig_45	63986	64186	+	GEGEGB_00409	1	persistent	2	0	0
PAPNPA_02083	contig_45	64213	66231	-	LNHIMF_02623	1	persistent	2	0	0
PAPNPA_02084	contig_45	66247	67110	-	LNHIMF_02624	1	persistent	2	0	0
PAPNPA_02085	contig_45	67241	67954	-	GEGEGB_00406	1	persistent	2	0	0
PAPNPA_02086	contig_45	68129	69163	-	GEGEGB_00405	1	persistent	2	0	0
PAPNPA_02087	contig_45	69180	70058	-	GEGEGB_00404	1	persistent	2	0	0
PAPNPA_02088	contig_45	70204	70776	+	LNHIMF_02628	1	persistent	2	0	0
PAPNPA_02089	contig_45	70776	71246	+	GEGEGB_00402	1	persistent	2	0	0
PAPNPA_02090	contig_45	71293	72432	-	LNHIMF_02630	1	persistent	2	1	0
PAPNPA_02091	contig_45	72438	73706	-	LNHIMF_02631	1	shell	1	1	0
PAPNPA_02092	contig_45	73774	74955	-	LNHIMF_02632	1	shell	1	1	0
PAPNPA_02093	contig_45	75238	76305	-	GEGEGB_00397	1	persistent	2	1	0
PAPNPA_02094	contig_45	76513	77976	+	GEGEGB_00396	1	persistent	2	0	0
PAPNPA_02095	contig_45	78016	78375	+	GEGEGB_00395	1	persistent	2	0	0
PAPNPA_02096	contig_45	78402	79127	-	GEGEGB_00394	1	persistent	2	0	0
PAPNPA_02097	contig_45	79198	80487	-	GEGEGB_00393	1	persistent	2	0	0
PAPNPA_02098	contig_45	80575	81201	-	GEGEGB_00392	1	persistent	2	0	0
PAPNPA_02099	contig_45	81616	82653	+	LNHIMF_02639	1	persistent	2	0	0
PAPNPA_02100	contig_45	82653	83291	+	GEGEGB_00390	1	persistent	2	0	0
PAPNPA_02101	contig_45	83480	85546	+	LNHIMF_02641	1	persistent	2	0	0
PAPNPA_02102	contig_45	85551	87092	+	GEGEGB_00388	1	persistent	2	0	0
PAPNPA_02103	contig_45	87128	89341	-	LNHIMF_02643	1	persistent	2	0	0
PAPNPA_02104	contig_45	89754	89945	+	BEJGEH_02536	1	persistent	2	0	4
PAPNPA_02105	contig_45	90186	90701	+	ALJMDI_01652	1	cloud	1	0	1
PAPNPA_02106	contig_45	90717	91256	+	GEGEGB_00384	1	cloud	0	0	4
PAPNPA_02107	contig_45	91496	91813	-	PAPNPA_02107	1	cloud	1	0	3
PAPNPA_02108	contig_45	91817	91972	-	PAPNPA_02108	1	cloud	0	0	2
PAPNPA_02109	contig_45	92056	93093	+	PAPNPA_02109	1	cloud	0	0	2
PAPNPA_02110	contig_45	93377	93844	+	PAPNPA_02110	1	cloud	0	0	2
PAPNPA_02111	contig_45	93886	94347	+	ONMMKP_04334	1	cloud	2	0	2
PAPNPA_02112	contig_45	94347	94661	+	BEJGEH_02537	1	persistent	2	0	3
PAPNPA_02113	contig_45	94680	94970	-	HFCAGB_02785	1	persistent	2	0	2
PAPNPA_02114	contig_45	95387	95719	-	PAPNPA_02114	1	cloud	1	0	1
PAPNPA_02115	contig_45	95750	95983	-	PAPNPA_02115	1	cloud	0	0	2
PAPNPA_02116	contig_45	96143	96292	+	BEJGEH_01965	1	cloud	1	2	3
PAPNPA_02117	contig_45	96471	97484	-	BEJGEH_01967	1	cloud	0	0	3
PAPNPA_02119	contig_45	97733	98533	+	PAPNPA_02581	2	cloud	1	0	9
PAPNPA_02120	contig_45	98552	98821	+	PAPNPA_02120	1	cloud	0	0	2
PAPNPA_02121	contig_45	98902	100035	-	PAPNPA_02121	1	cloud	0	0	2
PAPNPA_02122	contig_45	100047	101276	-	PAPNPA_02122	1	cloud	0	0	2
PAPNPA_02123	contig_45	101273	101536	-	PAPNPA_02123	1	cloud	0	0	2
PAPNPA_02124	contig_45	102007	102927	-	PAPNPA_02124	1	cloud	1	0	1
PAPNPA_02125	contig_45	103141	104718	-	GEGEGB_00382	1	persistent	2	0	4
PAPNPA_02126	contig_45	104788	106254	-	GEGEGB_00381	1	persistent	2	0	0
PAPNPA_02127	contig_45	106415	107764	+	LNHIMF_02649	1	persistent	2	0	0
PAPNPA_02128	contig_45	107926	113442	-	PKJKAM_02753	1	persistent	2	0	2
PAPNPA_02129	contig_45	113949	114038	-	ALJMDI_01641	1	persistent	2	0	4
PAPNPA_02130	contig_45	114478	120066	-	AJBGEP_02691	1	persistent	2	0	0
PAPNPA_02131	contig_45	120204	121169	-	BEJGEH_02547	1	persistent	2	0	2
PAPNPA_02132	contig_45	121227	123419	-	LNHIMF_02655	1	persistent	2	0	0
PAPNPA_02133	contig_45	123765	123986	-	LNHIMF_02656	1	persistent	2	0	0
PAPNPA_02134	contig_45	124075	125547	-	GEGEGB_00368	1	persistent	2	0	0
PAPNPA_02135	contig_45	125664	126842	-	GEGEGB_00367	1	persistent	2	0	0
PAPNPA_02136	contig_45	126853	127473	-	GEGEGB_00366	1	persistent	2	0	0
PAPNPA_02137	contig_45	127487	128761	-	GEGEGB_00365	1	persistent	2	0	0
PAPNPA_02139	contig_45	128872	129990	-	LNHIMF_02662	1	persistent	2	0	0
PAPNPA_02140	contig_45	130017	131015	-	BEJGEH_02556	1	persistent	2	0	0
PAPNPA_02141	contig_45	131307	132473	-	GEGEGB_00361	1	persistent	2	0	0
PAPNPA_02142	contig_45	132680	133111	-	GEGEGB_00360	1	persistent	2	0	0
PAPNPA_02143	contig_45	133232	134095	-	LNHIMF_02666	1	persistent	2	0	0
PAPNPA_02144	contig_45	134095	134904	-	GEGEGB_00358	1	persistent	2	0	0
PAPNPA_02145	contig_45	134897	135526	-	LNHIMF_02668	1	persistent	2	0	0
PAPNPA_02146	contig_45	135523	137901	-	OEKLIE_03175	1	persistent	2	0	0
PAPNPA_02147	contig_45	138057	140372	-	LNHIMF_02670	1	persistent	2	0	0
PAPNPA_02148	contig_45	140373	145313	-	GEGEGB_00353	1	persistent	2	0	0
PAPNPA_02149	contig_45	145522	146364	+	GEGEGB_00352	1	persistent	3	0	1
PAPNPA_02150	contig_45	146344	146568	-	BEJGEH_02566	1	persistent	2	0	0
PAPNPA_02151	contig_45	146610	147278	+	BEJGEH_02567	1	persistent	2	0	0
PAPNPA_02153	contig_45	147847	148623	-	GEGEGB_00348	1	persistent	3	0	0
PAPNPA_02154	contig_45	148638	148817	+	PKJKAM_02726	1	persistent	2	0	0
PAPNPA_02155	contig_45	148733	150016	-	GEGEGB_00346	1	persistent	2	0	0
PAPNPA_02156	contig_45	150194	150394	-	GEGEGB_00345	1	persistent	2	0	0
PAPNPA_02157	contig_45	150406	150741	-	GEGEGB_00344	1	persistent	2	0	0
PAPNPA_02158	contig_45	150743	152593	-	LNHIMF_02679	1	persistent	2	0	0
PAPNPA_02159	contig_45	152606	153121	-	LNHIMF_02680	1	persistent	2	0	0
PAPNPA_02160	contig_45	153317	153640	-	GEGEGB_00341	1	persistent	2	0	0
PAPNPA_02161	contig_45	153669	154055	-	GEGEGB_00340	1	persistent	2	0	0
PAPNPA_02162	contig_45	154083	155297	-	GEGEGB_00339	1	persistent	2	0	0
PAPNPA_02163	contig_45	155478	155972	-	GEGEGB_00338	1	persistent	2	0	0
PAPNPA_02164	contig_45	156132	156863	-	GEGEGB_00337	1	persistent	2	0	0
PAPNPA_02165	contig_45	156982	157785	+	LNHIMF_02686	1	persistent	2	0	0
PAPNPA_02166	contig_45	157930	158808	+	HFCAGB_02830	1	persistent	2	0	0
PAPNPA_02167	contig_45	158990	160033	+	GEGEGB_00334	1	persistent	2	0	0
PAPNPA_02168	contig_45	160037	160855	+	LNHIMF_02689	1	persistent	2	0	0
PAPNPA_02169	contig_45	160866	161879	+	GEGEGB_00332	1	persistent	2	0	0
PAPNPA_02170	contig_45	161880	162866	-	BEJGEH_02586	1	persistent	2	0	0
PAPNPA_02171	contig_45	162857	163495	-	LNHIMF_02692	1	persistent	2	0	0
PAPNPA_02172	contig_45	163621	164898	+	LNHIMF_02693	1	persistent	2	0	0
PAPNPA_02173	contig_45	164893	166032	-	GEGEGB_00327	1	persistent	2	0	0
PAPNPA_02174	contig_45	166228	167481	-	GEGEGB_00326	1	persistent	2	0	0
PAPNPA_02175	contig_45	167806	168996	+	LNHIMF_02696	1	persistent	2	0	0
PAPNPA_02176	contig_45	169178	170722	+	ODDLKH_03069	1	persistent	2	0	1
PAPNPA_02177	contig_45	171083	172414	+	ALJMDI_01593	1	persistent	2	0	0
PAPNPA_02178	contig_45	172497	174641	+	GEGEGB_00322	1	persistent	2	0	0
PAPNPA_02179	contig_45	174697	176157	+	LNHIMF_02700	1	persistent	2	0	0
PAPNPA_02180	contig_45	176206	176544	-	GEGEGB_00320	1	persistent	2	0	0
PAPNPA_02181	contig_45	176621	177958	-	GEGEGB_00319	1	persistent	2	0	0
PAPNPA_02182	contig_45	177955	178641	-	GEGEGB_00318	1	persistent	2	0	0
PAPNPA_02183	contig_45	178721	180106	-	GEGEGB_00317	1	persistent	2	1	0
PAPNPA_02186	contig_45	180656	184543	-	LNHIMF_02707	1	persistent	2	1	0
PAPNPA_02187	contig_45	184799	186343	+	BEJGEH_02606	1	persistent	2	0	0
PAPNPA_02188	contig_45	186394	186912	-	GEGEGB_00312	1	persistent	2	0	0
PAPNPA_02189	contig_45	186970	187605	-	LNHIMF_02710	1	persistent	2	0	0
PAPNPA_02190	contig_45	187609	188970	-	LNHIMF_02711	1	persistent	2	0	0
PAPNPA_02191	contig_45	188981	189874	-	GEGEGB_00309	1	persistent	2	0	0
PAPNPA_02192	contig_45	189990	190838	+	GEGEGB_00308	1	persistent	2	0	0
PAPNPA_02193	contig_45	190877	191794	-	GEGEGB_00307	1	persistent	2	0	0
PAPNPA_02194	contig_45	191816	193012	-	LNHIMF_02715	1	persistent	2	0	0
PAPNPA_02195	contig_45	193128	194054	+	BEJGEH_02614	1	persistent	2	0	0
PAPNPA_02196	contig_45	194092	194352	+	GEGEGB_00304	1	persistent	2	0	0
PAPNPA_02197	contig_45	194464	194844	-	GEGEGB_00303	1	persistent	2	0	0
PAPNPA_02198	contig_45	194844	195575	-	GEGEGB_00302	1	persistent	2	0	0
PAPNPA_02199	contig_45	195587	196315	-	GEGEGB_00301	1	persistent	2	0	0
PAPNPA_02200	contig_45	196327	197232	-	LNHIMF_02721	1	persistent	2	0	0
PAPNPA_02201	contig_45	197229	197966	-	GEGEGB_00299	1	persistent	2	0	0
PAPNPA_02202	contig_45	198183	199157	-	GEGEGB_00298	1	persistent	2	0	0
PAPNPA_02203	contig_45	199174	200973	-	GEGEGB_00297	1	persistent	2	0	2
PAPNPA_02205	contig_45	201232	201711	-	GEGEGB_00296	1	persistent	2	0	1
PAPNPA_02206	contig_45	201708	202664	-	LNHIMF_02727	1	persistent	2	0	0
PAPNPA_02207	contig_45	202664	203314	-	LNHIMF_02728	1	persistent	2	0	0
PAPNPA_02208	contig_45	203346	203921	-	GEGEGB_00292	1	persistent	2	0	0
PAPNPA_02209	contig_45	204349	205968	+	LNHIMF_02730	1	persistent	2	0	0
PAPNPA_02210	contig_45	205953	206690	-	LNHIMF_02731	1	persistent	2	0	0
PAPNPA_02211	contig_45	206820	208154	+	LNHIMF_02732	1	persistent	2	0	1
PAPNPA_02212	contig_45	208172	209071	-	LNHIMF_02733	1	persistent	2	0	0
PAPNPA_02213	contig_45	209174	209761	+	GEGEGB_00287	1	persistent	2	0	1
PAPNPA_02214	contig_45	209823	210206	-	GEGEGB_00286	1	persistent	2	0	0
PAPNPA_02215	contig_45	210525	211214	+	GEGEGB_00285	1	persistent	2	0	0
PAPNPA_02216	contig_45	211330	212367	-	GEGEGB_00284	1	persistent	2	0	0
PAPNPA_02217	contig_45	212571	212990	+	LNHIMF_02738	1	persistent	2	0	0
PAPNPA_02218	contig_45	213063	213743	+	LNHIMF_02739	1	persistent	2	0	0
PAPNPA_02219	contig_45	213797	216457	+	LNHIMF_02740	1	persistent	2	0	1
PAPNPA_02220	contig_45	216547	216588	+	GEGEGB_00280	1	persistent	2	0	0
PAPNPA_02221	contig_45	216572	217927	+	GEGEGB_00279	1	persistent	2	0	1
PAPNPA_02222	contig_45	217972	218295	+	GEGEGB_00278	1	persistent	2	0	0
PAPNPA_02223	contig_45	218292	219593	-	LNHIMF_02744	1	persistent	2	0	0
PAPNPA_02224	contig_45	219697	220152	-	LNHIMF_02745	1	persistent	3	0	1
PAPNPA_02225	contig_46	722	1078	+	PAPNPA_02225	1	cloud	0	0	1
PAPNPA_02226	contig_46	1097	1651	+	PAPNPA_02226	1	cloud	0	0	2
PAPNPA_02227	contig_46	1739	2128	+	PAPNPA_02227	1	cloud	0	0	2
PAPNPA_02228	contig_46	2097	2378	+	PAPNPA_02228	1	cloud	1	0	1
PAPNPA_02229	contig_46	2559	3266	+	GEGEGB_03190	1	persistent	1	1	4
PAPNPA_02231	contig_46	3608	3895	+	PAPNPA_02231	1	cloud	1	0	2
PAPNPA_02233	contig_46	5539	5691	+	BEJGEH_03133	1	cloud	0	0	3
PAPNPA_02234	contig_46	5852	6118	+	PAPNPA_02234	1	cloud	0	0	2
PAPNPA_02235	contig_46	6361	6639	+	GEGEGB_03196	1	cloud	0	0	2
PAPNPA_02236	contig_46	7042	7545	+	GEGEGB_03197	1	cloud	0	0	3
PAPNPA_02237	contig_46	8387	8521	+	PAPNPA_02237	1	cloud	0	0	2
PAPNPA_02238	contig_46	8693	9343	+	PAPNPA_02238	1	cloud	1	0	2
PAPNPA_02240	contig_46	10776	11459	+	LNHIMF_03170	1	persistent	1	1	1
PAPNPA_02241	contig_46	11563	12120	-	LNHIMF_03171	1	persistent	2	0	0
PAPNPA_02242	contig_46	12098	13597	-	GEGEGB_03203	1	persistent	2	0	0
PAPNPA_02243	contig_46	13806	14180	-	BEJGEH_03143	1	persistent	2	0	0
PAPNPA_02244	contig_46	14195	15496	-	GEGEGB_03206	1	persistent	2	0	0
PAPNPA_02245	contig_46	15612	17141	+	LNHIMF_03175	1	persistent	2	0	0
PAPNPA_02246	contig_46	17276	17656	-	BEJGEH_03146	1	persistent	2	0	0
PAPNPA_02247	contig_46	17656	18141	-	PKJKAM_01942	1	persistent	2	0	0
PAPNPA_02248	contig_46	18867	19790	-	GEGEGB_03210	1	persistent	3	0	0
PAPNPA_02249	contig_46	19829	20707	-	LNHIMF_03179	1	persistent	2	0	1
PAPNPA_02250	contig_46	21103	22407	-	GEGEGB_03211	1	persistent	3	0	1
PAPNPA_02251	contig_46	22812	23996	+	GEGEGB_03212	1	persistent	2	0	0
PAPNPA_02252	contig_46	24107	25579	+	GEGEGB_03213	1	persistent	2	0	0
PAPNPA_02253	contig_46	25591	27003	+	LNHIMF_03187	1	persistent	2	0	0
PAPNPA_02254	contig_46	27303	28361	-	BEJGEH_03154	1	persistent	2	0	0
PAPNPA_02255	contig_46	29031	30887	-	GEGEGB_03216	1	persistent	2	0	0
PAPNPA_02256	contig_46	31103	31969	+	LNHIMF_03190	1	persistent	2	0	0
PAPNPA_02257	contig_46	32037	32747	-	BEJGEH_03157	1	persistent	2	0	0
PAPNPA_02258	contig_46	32747	33799	-	LNHIMF_03192	1	persistent	2	0	0
PAPNPA_02259	contig_46	33875	34123	-	GEGEGB_03220	1	persistent	2	0	0
PAPNPA_02260	contig_46	34151	34492	-	GEGEGB_03221	1	persistent	2	0	0
PAPNPA_02261	contig_46	34485	34973	-	GEGEGB_03222	1	persistent	2	0	0
PAPNPA_02262	contig_46	34966	35460	-	LNHIMF_03196	1	persistent	2	0	0
PAPNPA_02263	contig_46	35460	37163	-	LNHIMF_03197	1	persistent	2	0	0
PAPNPA_02264	contig_46	37160	38338	-	GEGEGB_03225	1	persistent	2	0	0
PAPNPA_02265	contig_46	38328	39314	-	GEGEGB_03226	1	persistent	2	0	0
PAPNPA_02266	contig_46	39317	40435	-	GEGEGB_03227	1	persistent	2	0	0
PAPNPA_02267	contig_46	40625	40912	-	GEGEGB_03228	1	persistent	2	0	0
PAPNPA_02268	contig_46	40997	42424	-	LNHIMF_03202	1	persistent	2	0	0
PAPNPA_02270	contig_46	42947	43441	-	GEGEGB_03231	1	persistent	2	0	0
PAPNPA_02271	contig_46	43720	44223	-	GEGEGB_03232	1	persistent	2	0	0
PAPNPA_02272	contig_46	44327	44737	+	LNHIMF_03205	1	persistent	2	0	0
PAPNPA_02273	contig_46	44724	45128	+	GEGEGB_03234	1	persistent	2	0	0
PAPNPA_02274	contig_46	45252	46136	+	GEGEGB_03235	1	persistent	2	0	0
PAPNPA_02275	contig_46	46249	46674	-	GEGEGB_03236	1	persistent	2	0	0
PAPNPA_02276	contig_46	46681	47415	-	GEGEGB_03237	1	persistent	2	0	0
PAPNPA_02277	contig_46	47408	47545	-	GEGEGB_03238	1	persistent	2	0	0
PAPNPA_02278	contig_46	47667	48854	+	LNHIMF_03211	1	persistent	2	0	0
PAPNPA_02279	contig_46	48994	49653	+	GEGEGB_03240	1	persistent	2	0	0
PAPNPA_02280	contig_46	49717	50634	-	LNHIMF_03213	1	persistent	2	0	0
PAPNPA_02281	contig_46	50809	51972	+	LNHIMF_03214	1	persistent	2	0	0
PAPNPA_02282	contig_46	52078	52905	+	LNHIMF_03215	1	persistent	2	0	0
PAPNPA_02283	contig_46	53102	54556	+	GEGEGB_03245	1	persistent	2	0	1
PAPNPA_02284	contig_46	54600	55055	+	LNHIMF_03217	1	persistent	3	0	0
PAPNPA_02285	contig_46	55213	55407	-	HFCAGB_03397	1	persistent	2	0	0
PAPNPA_02286	contig_46	55610	57781	-	GEGEGB_03247	1	persistent	2	1	2
PAPNPA_02287	contig_46	58269	59252	+	BEJGEH_03192	1	shell	1	1	0
PAPNPA_02288	contig_46	59294	59776	+	BEJGEH_03193	1	shell	0	2	0
PAPNPA_02289	contig_46	59787	61094	+	BEJGEH_03194	1	shell	1	1	0
PAPNPA_02290	contig_46	61139	62551	-	GEGEGB_03254	1	persistent	1	1	1
PAPNPA_02291	contig_46	62625	63362	-	GEGEGB_03255	1	persistent	2	0	0
PAPNPA_02292	contig_46	63619	65877	-	LNHIMF_03225	1	persistent	3	0	0
PAPNPA_02293	contig_46	65988	66854	-	AJBGEP_03353	1	persistent	2	0	0
PAPNPA_02294	contig_46	66926	67318	-	GEGEGB_03258	1	persistent	3	0	0
PAPNPA_02295	contig_46	67470	68129	+	GEGEGB_03259	1	persistent	2	0	0
PAPNPA_02296	contig_46	68126	69475	+	GEGEGB_03260	1	persistent	2	0	0
PAPNPA_02297	contig_46	69582	70163	+	LNHIMF_03229	1	persistent	2	0	0
PAPNPA_02298	contig_46	70195	70509	+	GEGEGB_03262	1	persistent	2	0	0
PAPNPA_02299	contig_46	70634	72526	-	GEGEGB_03263	1	persistent	2	0	0
PAPNPA_02300	contig_46	72554	73135	-	GEGEGB_03264	1	persistent	2	0	0
PAPNPA_02301	contig_46	73135	73962	-	GEGEGB_03265	1	persistent	2	0	0
PAPNPA_02302	contig_46	73987	74409	-	LNHIMF_03234	1	persistent	2	0	0
PAPNPA_02303	contig_46	74406	75038	-	GEGEGB_03267	1	persistent	2	0	0
PAPNPA_02304	contig_46	75245	76714	+	GEGEGB_03268	1	persistent	2	0	0
PAPNPA_02305	contig_46	76927	77598	+	ODDLKH_03623	1	persistent	2	0	0
PAPNPA_02306	contig_46	77604	78767	+	GEGEGB_03270	1	persistent	2	0	0
PAPNPA_02307	contig_46	78828	79616	-	GEGEGB_03271	1	persistent	2	0	0
PAPNPA_02308	contig_46	79757	80530	+	GEGEGB_03272	1	persistent	2	0	0
PAPNPA_02309	contig_46	81173	82969	+	GEGEGB_03273	1	persistent	2	0	0
PAPNPA_02310	contig_46	82989	83660	+	GEGEGB_03274	1	persistent	2	0	0
PAPNPA_02311	contig_46	83675	84352	+	GEGEGB_03275	1	persistent	2	2	0
PAPNPA_02312	contig_46	84523	85176	-	GEGEGB_03276	1	persistent	2	2	0
PAPNPA_02313	contig_46	85613	85909	+	AJBGEP_03373	1	persistent	2	0	0
PAPNPA_02314	contig_46	85984	86187	-	GEGEGB_03278	1	persistent	2	0	0
PAPNPA_02315	contig_46	86451	87071	+	LNHIMF_03249	1	persistent	2	0	0
PAPNPA_02316	contig_46	87090	88769	+	GEGEGB_03280	1	persistent	2	0	0
PAPNPA_02318	contig_46	89008	89067	+	GEGEGB_03282	1	persistent	2	0	0
PAPNPA_02319	contig_46	89227	90660	-	GEGEGB_03283	1	persistent	2	0	0
PAPNPA_02320	contig_46	90708	93551	-	GEGEGB_03284	1	persistent	2	0	0
PAPNPA_02321	contig_46	93669	94970	-	GEGEGB_03285	1	persistent	2	0	0
PAPNPA_02322	contig_46	95212	95826	+	GEGEGB_03286	1	persistent	2	0	0
PAPNPA_02323	contig_46	95889	97130	+	LNHIMF_03257	1	persistent	2	0	0
PAPNPA_02324	contig_46	97235	98056	-	GEGEGB_03288	1	persistent	2	0	0
PAPNPA_02325	contig_46	98154	98513	-	LNHIMF_03259	1	persistent	2	0	0
PAPNPA_02326	contig_46	98620	99231	+	LNHIMF_03260	1	persistent	2	0	0
PAPNPA_02327	contig_46	99481	100494	-	GEGEGB_03291	1	persistent	2	0	0
PAPNPA_02328	contig_46	100722	100937	+	GEGEGB_03292	1	persistent	2	0	0
PAPNPA_02329	contig_46	101173	102918	+	GEGEGB_03293	1	persistent	2	0	0
PAPNPA_02330	contig_46	102933	104915	+	LNHIMF_03264	1	persistent	2	0	0
PAPNPA_02331	contig_46	105039	105545	-	GEGEGB_03295	1	persistent	2	0	1
PAPNPA_02333	contig_46	105826	106593	-	LNHIMF_03267	1	persistent	2	0	1
PAPNPA_02334	contig_46	106828	107472	+	GEGEGB_03298	1	persistent	2	0	0
PAPNPA_02335	contig_46	107469	109037	-	AJBGEP_03395	1	persistent	2	0	0
PAPNPA_02336	contig_46	109425	110945	-	LNHIMF_03270	1	persistent	2	0	0
PAPNPA_02337	contig_46	111375	112754	+	GEGEGB_03301	1	persistent	2	0	0
PAPNPA_02338	contig_46	112925	114943	+	BEJGEH_03246	1	persistent	2	0	0
PAPNPA_02339	contig_46	115024	116160	-	GEGEGB_03305	1	persistent	2	0	0
PAPNPA_02340	contig_46	116246	116743	+	GEGEGB_03306	1	persistent	2	0	0
PAPNPA_02341	contig_46	116895	117587	+	GEGEGB_03307	1	persistent	2	0	0
PAPNPA_02342	contig_46	117675	118673	+	LNHIMF_03276	1	persistent	2	0	0
PAPNPA_02343	contig_46	118943	119911	+	GEGEGB_03309	1	persistent	2	0	0
PAPNPA_02345	contig_46	120166	121410	+	LNHIMF_03279	1	persistent	2	0	0
PAPNPA_02346	contig_46	121860	122522	+	GEGEGB_03312	1	persistent	2	0	0
PAPNPA_02347	contig_46	122526	122909	+	GEGEGB_03313	1	persistent	2	0	0
PAPNPA_02348	contig_46	123054	123422	+	GEGEGB_03314	1	persistent	2	0	0
PAPNPA_02349	contig_46	123464	123769	+	GEGEGB_03315	1	persistent	2	0	0
PAPNPA_02350	contig_46	123772	124170	+	GEGEGB_03316	1	persistent	2	0	0
PAPNPA_02351	contig_46	124167	124466	+	GEGEGB_03317	1	persistent	2	0	0
PAPNPA_02352	contig_46	124611	125096	+	GEGEGB_03318	1	persistent	2	0	0
PAPNPA_02353	contig_46	125164	126150	+	LNHIMF_03287	1	persistent	2	0	0
PAPNPA_02354	contig_46	126274	126639	+	GEGEGB_03320	1	persistent	2	0	0
PAPNPA_02355	contig_46	126678	127574	-	LNHIMF_03289	1	persistent	2	0	0
PAPNPA_02356	contig_46	127679	128380	+	GEGEGB_03322	1	persistent	2	0	0
PAPNPA_02357	contig_46	128404	128568	+	GEGEGB_03323	1	persistent	2	0	0
PAPNPA_02358	contig_46	128681	129991	-	LNHIMF_03292	1	persistent	2	0	0
PAPNPA_02359	contig_46	130017	131348	-	LNHIMF_03293	1	persistent	2	0	0
PAPNPA_02361	contig_46	131663	133027	-	GEGEGB_03329	1	persistent	2	0	0
PAPNPA_02362	contig_46	133097	135391	-	LNHIMF_03296	1	persistent	2	0	0
PAPNPA_02363	contig_46	135425	136633	-	LNHIMF_03297	1	persistent	2	0	0
PAPNPA_02364	contig_46	136700	138031	-	LNHIMF_03298	1	persistent	2	0	0
PAPNPA_02365	contig_46	138052	139041	-	GEGEGB_03334	1	persistent	2	0	0
PAPNPA_02366	contig_46	139139	140077	-	LNHIMF_03300	1	persistent	2	0	1
PAPNPA_02367	contig_46	140962	141501	-	PAPNPA_02367	1	cloud	2	0	0
PAPNPA_02369	contig_46	141861	143006	-	GEGEGB_03337	1	persistent	2	0	1
PAPNPA_02370	contig_46	143104	143994	-	LNHIMF_03303	1	persistent	2	0	0
PAPNPA_02371	contig_46	144020	144790	-	GEGEGB_03339	1	persistent	2	0	0
PAPNPA_02372	contig_46	145320	146891	+	LNHIMF_03305	1	persistent	2	1	0
PAPNPA_02373	contig_46	147149	148003	+	GEGEGB_03343	1	persistent	2	2	0
PAPNPA_02374	contig_46	148123	149394	+	BEJGEH_03281	1	persistent	2	1	0
PAPNPA_02375	contig_46	149409	149873	+	LNHIMF_03308	1	persistent	2	0	0
PAPNPA_02376	contig_46	149904	150188	+	GEGEGB_03350	1	persistent	2	0	0
PAPNPA_02377	contig_46	150192	151565	+	LNHIMF_03310	1	persistent	2	0	0
PAPNPA_02378	contig_46	151609	152652	+	GEGEGB_03352	1	persistent	2	1	0
PAPNPA_02379	contig_46	152763	153536	+	GEGEGB_03353	1	persistent	2	0	0
PAPNPA_02380	contig_46	153694	154557	-	LNHIMF_03313	1	persistent	2	0	0
PAPNPA_02381	contig_46	154621	156663	+	LNHIMF_03314	1	persistent	2	0	0
PAPNPA_02382	contig_46	156621	157016	+	LNHIMF_03315	1	persistent	2	0	0
PAPNPA_02383	contig_46	157038	157628	+	LNHIMF_03316	1	persistent	2	0	0
PAPNPA_02384	contig_46	157638	158213	+	GEGEGB_03358	1	persistent	2	0	0
PAPNPA_02385	contig_46	158280	158915	-	LNHIMF_03318	1	persistent	2	0	0
PAPNPA_02386	contig_46	159046	159564	+	GEGEGB_03360	1	persistent	2	0	0
PAPNPA_02387	contig_46	159544	159987	-	GEGEGB_03361	1	persistent	2	0	0
PAPNPA_02388	contig_46	160025	160342	+	GEGEGB_03362	1	persistent	2	0	0
PAPNPA_02389	contig_46	160329	160832	-	GEGEGB_03363	1	persistent	2	0	0
PAPNPA_02390	contig_46	160826	161350	-	GEGEGB_03364	1	persistent	2	0	0
PAPNPA_02391	contig_46	161567	162562	+	GEGEGB_03365	1	persistent	2	0	0
PAPNPA_02392	contig_46	162571	163449	+	GEGEGB_03366	1	persistent	2	0	0
PAPNPA_02393	contig_46	163627	164634	+	LNHIMF_03326	1	persistent	2	1	0
PAPNPA_02394	contig_46	164612	165331	-	BEJGEH_03301	1	shell	1	1	0
PAPNPA_02395	contig_46	165490	166020	+	BEJGEH_03302	1	shell	1	1	0
PAPNPA_02396	contig_46	166082	167326	-	GEGEGB_03368	1	persistent	2	1	0
PAPNPA_02397	contig_46	167480	169369	-	GEGEGB_03369	1	persistent	2	0	0
PAPNPA_02398	contig_46	169362	169442	-	GEGEGB_03370	1	persistent	2	0	0
PAPNPA_02399	contig_46	169548	170432	-	GEGEGB_03371	1	persistent	2	0	0
PAPNPA_02400	contig_46	170542	172707	-	LNHIMF_03331	1	persistent	2	0	0
PAPNPA_02402	contig_46	172919	173188	-	GEGEGB_03374	1	persistent	2	0	0
PAPNPA_02403	contig_46	173339	174283	-	GEGEGB_03375	1	persistent	2	0	0
PAPNPA_02404	contig_46	174283	174684	-	GEGEGB_03376	1	persistent	2	0	0
PAPNPA_02405	contig_46	174836	177514	-	BEJGEH_03312	1	persistent	2	0	0
PAPNPA_02406	contig_46	177539	179041	-	LNHIMF_03337	1	persistent	2	0	0
PAPNPA_02407	contig_46	179069	179521	-	GEGEGB_03379	1	persistent	2	0	0
PAPNPA_02409	contig_46	180149	181492	+	GEGEGB_03381	1	persistent	2	1	1
PAPNPA_02410	contig_46	181579	182643	-	AJBGEP_03469	1	shell	2	0	0
PAPNPA_02412	contig_46	183079	183411	-	GEGEGB_03383	1	persistent	2	1	1
PAPNPA_02413	contig_46	183634	184971	-	GEGEGB_03384	1	persistent	2	0	0
PAPNPA_02414	contig_46	184964	185812	-	GEGEGB_03385	1	persistent	2	1	0
PAPNPA_02415	contig_46	185917	187860	-	GEGEGB_03386	1	persistent	2	1	0
PAPNPA_02416	contig_46	187955	188581	-	LNHIMF_03346	1	persistent	2	0	0
PAPNPA_02417	contig_46	188669	189001	+	GEGEGB_03388	1	persistent	2	0	0
PAPNPA_02418	contig_46	189157	189633	-	GEGEGB_03389	1	persistent	2	0	0
PAPNPA_02419	contig_46	189687	189788	-	GEGEGB_03390	1	persistent	2	0	0
PAPNPA_02420	contig_46	189881	191314	+	GEGEGB_03391	1	persistent	2	0	0
PAPNPA_02421	contig_46	191445	192617	-	GEGEGB_03392	1	persistent	2	0	0
PAPNPA_02422	contig_46	192633	193598	-	GEGEGB_03393	1	persistent	2	0	0
PAPNPA_02423	contig_46	193728	193985	-	GEGEGB_03394	1	persistent	2	0	0
PAPNPA_02424	contig_46	194005	194316	-	GEGEGB_03395	1	persistent	2	0	0
PAPNPA_02425	contig_46	194433	195545	+	LNHIMF_03355	1	persistent	2	0	0
PAPNPA_02426	contig_46	195777	196064	+	GEGEGB_03397	1	persistent	2	0	0
PAPNPA_02427	contig_46	196123	197382	-	GEGEGB_03398	1	persistent	2	0	0
PAPNPA_02428	contig_46	197436	197729	-	GEGEGB_03399	1	persistent	2	0	0
PAPNPA_02429	contig_46	197878	198174	-	GEGEGB_03400	1	persistent	2	0	0
PAPNPA_02430	contig_46	198174	198809	-	GEGEGB_03401	1	persistent	2	0	0
PAPNPA_02431	contig_46	198828	199379	-	GEGEGB_03402	1	persistent	2	0	0
PAPNPA_02432	contig_46	199384	200166	-	GEGEGB_03403	1	persistent	2	0	0
PAPNPA_02433	contig_46	200174	200986	-	LNHIMF_03363	1	persistent	2	0	0
PAPNPA_02434	contig_46	201199	202176	+	LNHIMF_03364	1	persistent	2	0	0
PAPNPA_02435	contig_46	202190	203176	+	LNHIMF_03365	1	persistent	2	0	0
PAPNPA_02436	contig_46	203197	203763	+	GEGEGB_03407	1	persistent	2	0	0
PAPNPA_02437	contig_46	203760	204335	+	GEGEGB_03408	1	persistent	2	0	0
PAPNPA_02438	contig_46	204304	204858	+	GEGEGB_03409	1	persistent	2	0	0
PAPNPA_02439	contig_46	204865	205590	+	GEGEGB_03410	1	persistent	2	0	0
PAPNPA_02440	contig_46	205638	207071	+	GEGEGB_03411	1	persistent	2	0	0
PAPNPA_02441	contig_46	207094	207381	+	LNHIMF_03371	1	persistent	2	0	0
PAPNPA_02442	contig_46	207499	207990	+	GEGEGB_03413	1	persistent	2	0	0
PAPNPA_02443	contig_46	208036	208890	+	LNHIMF_03373	1	persistent	2	0	0
PAPNPA_02444	contig_46	208887	209159	+	GEGEGB_03415	1	persistent	2	0	0
PAPNPA_02446	contig_46	209408	210040	+	GEGEGB_03416	1	persistent	2	0	0
PAPNPA_02447	contig_46	210115	210843	-	GEGEGB_03417	1	persistent	2	0	0
PAPNPA_02448	contig_46	210840	211493	-	BEJGEH_03355	1	persistent	2	0	0
PAPNPA_02450	contig_46	211720	214056	-	LNHIMF_03380	1	persistent	2	0	0
PAPNPA_02451	contig_46	214150	215079	-	GEGEGB_03421	1	persistent	2	0	0
PAPNPA_02452	contig_46	215751	220211	+	GEGEGB_03422	1	persistent	2	0	0
PAPNPA_02453	contig_46	220221	221639	+	GEGEGB_03423	1	persistent	2	0	1
PAPNPA_02454	contig_46	221847	222248	+	PAPNPA_02454	1	cloud	2	0	0
PAPNPA_02455	contig_46	222239	222949	+	GEGEGB_03424	1	persistent	2	0	1
PAPNPA_02456	contig_46	223065	224318	+	LNHIMF_03385	1	persistent	2	0	0
PAPNPA_02457	contig_46	224305	225585	+	LNHIMF_03386	1	persistent	2	0	0
PAPNPA_02458	contig_46	225668	226135	-	GEGEGB_03427	1	persistent	2	0	0
PAPNPA_02459	contig_46	226132	227007	-	LNHIMF_03388	1	persistent	2	0	0
PAPNPA_02460	contig_46	227004	227693	-	LNHIMF_03389	1	persistent	2	0	0
PAPNPA_02461	contig_46	227740	229230	-	LNHIMF_03390	1	persistent	2	0	0
PAPNPA_02462	contig_46	229346	230239	-	LNHIMF_03391	1	persistent	2	0	0
PAPNPA_02463	contig_46	230374	231156	-	GEGEGB_03433	1	persistent	2	0	0
PAPNPA_02464	contig_46	231274	231774	-	GEGEGB_03434	1	persistent	2	0	0
PAPNPA_02465	contig_46	231780	232418	-	LNHIMF_03394	1	persistent	2	1	2
PAPNPA_02466	contig_46	232733	233125	-	GEGEGB_03437	1	persistent	2	1	2
PAPNPA_02467	contig_47	1412	2044	-	GEGEGB_02548	1	persistent	2	0	0
PAPNPA_02468	contig_47	2297	2611	+	GEGEGB_02547	1	persistent	2	0	0
PAPNPA_02469	contig_47	2958	4256	+	GEGEGB_02546	1	persistent	2	0	0
PAPNPA_02470	contig_47	4503	5126	+	GEGEGB_02545	1	persistent	2	0	0
PAPNPA_02471	contig_47	5378	6649	+	LNHIMF_00473	1	persistent	2	0	0
PAPNPA_02473	contig_47	6835	9189	+	GEGEGB_02542	1	persistent	2	0	0
PAPNPA_02474	contig_47	9398	9670	+	GEGEGB_02541	1	persistent	2	0	0
PAPNPA_02475	contig_47	9961	11832	+	GEGEGB_02540	1	persistent	2	0	0
PAPNPA_02476	contig_47	11982	12356	+	GEGEGB_02539	1	persistent	2	0	0
PAPNPA_02477	contig_47	12460	12858	+	GEGEGB_02538	1	persistent	2	0	0
PAPNPA_02478	contig_47	12964	13659	-	GEGEGB_02537	1	persistent	2	0	0
PAPNPA_02479	contig_47	13724	15424	-	GEGEGB_02536	1	persistent	2	0	0
PAPNPA_02480	contig_47	15524	16342	+	GEGEGB_02535	1	persistent	2	0	1
PAPNPA_02481	contig_47	16392	17447	-	LNHIMF_00483	1	persistent	2	1	0
PAPNPA_02482	contig_47	17560	18018	+	GEGEGB_02530	1	persistent	2	0	0
PAPNPA_02483	contig_47	18059	19831	+	GEGEGB_02529	1	persistent	2	0	0
PAPNPA_02484	contig_47	19824	21605	+	LNHIMF_00486	1	persistent	2	0	0
PAPNPA_02485	contig_47	21818	22156	+	GEGEGB_02527	1	persistent	2	0	0
PAPNPA_02486	contig_47	22188	23474	+	GEGEGB_02526	1	persistent	2	0	0
PAPNPA_02487	contig_47	23574	24434	-	GEGEGB_02525	1	persistent	2	0	0
PAPNPA_02488	contig_47	24649	25218	+	GEGEGB_02524	1	persistent	2	0	0
PAPNPA_02489	contig_47	25251	25562	-	GEGEGB_02523	1	persistent	2	0	0
PAPNPA_02491	contig_47	25871	27421	-	BEJGEH_00477	1	persistent	2	0	0
PAPNPA_02492	contig_47	27646	27906	+	GEGEGB_02520	1	persistent	2	0	1
PAPNPA_02493	contig_47	27912	28052	+	LNHIMF_00495	1	cloud	2	0	0
PAPNPA_02494	contig_47	28108	28578	-	GEGEGB_02519	1	persistent	2	0	1
PAPNPA_02495	contig_47	28694	29245	-	GEGEGB_02518	1	persistent	2	0	0
PAPNPA_02496	contig_47	29424	29642	-	GEGEGB_02517	1	persistent	2	0	0
PAPNPA_02497	contig_47	29670	30044	-	GEGEGB_02516	1	persistent	2	0	0
PAPNPA_02498	contig_47	30540	33689	-	LNHIMF_03443	2	persistent	4	0	0
PAPNPA_02499	contig_47	33712	34905	-	GEGEGB_02514	1	persistent	2	0	0
PAPNPA_02500	contig_47	35047	35700	+	GEGEGB_02513	1	persistent	2	0	0
PAPNPA_02501	contig_47	35819	39181	+	LNHIMF_00503	1	persistent	2	0	0
PAPNPA_02502	contig_47	39223	40146	-	LNHIMF_00504	1	persistent	2	0	0
PAPNPA_02503	contig_47	40216	40383	-	GEGEGB_02510	1	persistent	2	0	0
PAPNPA_02504	contig_47	40397	40912	-	BEJGEH_00490	1	persistent	2	0	1
PAPNPA_02505	contig_47	40993	41370	+	GEGEGB_02508	1	persistent	2	0	0
PAPNPA_02506	contig_47	41523	42074	+	LNHIMF_00508	1	persistent	2	0	1
PAPNPA_02507	contig_47	42188	44116	+	GEGEGB_02506	1	persistent	2	0	0
PAPNPA_02508	contig_47	44162	44491	+	GEGEGB_02505	1	persistent	2	0	0
PAPNPA_02509	contig_47	44491	45096	+	GEGEGB_02504	1	persistent	2	0	0
PAPNPA_02510	contig_47	45207	47081	+	GEGEGB_02503	1	persistent	2	0	0
PAPNPA_02511	contig_47	47323	47967	+	GEGEGB_02502	1	persistent	2	0	0
PAPNPA_02512	contig_47	48196	49158	+	LNHIMF_00514	1	persistent	2	0	0
PAPNPA_02513	contig_47	49155	50126	-	LNHIMF_00515	1	persistent	2	0	1
PAPNPA_02514	contig_47	50234	51583	+	GEGEGB_02499	1	persistent	2	0	1
PAPNPA_02515	contig_47	51632	53308	-	GEGEGB_02498	1	persistent	2	1	0
PAPNPA_02516	contig_47	53523	54743	-	GEGEGB_02496	1	persistent	2	1	0
PAPNPA_02517	contig_47	54916	56568	+	BEJGEH_00506	1	persistent	2	0	0
PAPNPA_02518	contig_47	56685	57164	-	LNHIMF_00521	1	persistent	2	0	0
PAPNPA_02520	contig_47	57366	58160	-	BEJGEH_00509	1	persistent	3	0	0
PAPNPA_02521	contig_47	58246	59073	-	BEJGEH_00510	1	persistent	2	0	0
PAPNPA_02522	contig_47	59227	61728	-	LNHIMF_00525	1	persistent	3	0	0
PAPNPA_02523	contig_47	61838	62254	+	LNHIMF_00526	1	persistent	2	0	0
PAPNPA_02524	contig_47	62255	62707	-	GEGEGB_02487	1	persistent	2	0	0
PAPNPA_02525	contig_47	62704	63621	-	LNHIMF_00528	1	persistent	2	0	0
PAPNPA_02526	contig_47	63768	64445	+	LNHIMF_00529	1	persistent	2	0	0
PAPNPA_02527	contig_47	64432	65211	+	LNHIMF_00530	1	persistent	2	0	0
PAPNPA_02528	contig_47	65297	66151	-	GEGEGB_02483	1	persistent	2	0	0
PAPNPA_02529	contig_47	66211	66981	-	GEGEGB_02482	1	persistent	2	0	0
PAPNPA_02530	contig_47	67136	67720	-	GEGEGB_02481	1	persistent	2	0	0
PAPNPA_02531	contig_47	67721	68407	+	GEGEGB_02480	1	persistent	2	0	0
PAPNPA_02532	contig_47	68404	70818	+	LNHIMF_00535	1	persistent	2	0	0
PAPNPA_02533	contig_47	70815	70919	+	LNHIMF_00536	1	persistent	2	0	0
PAPNPA_02534	contig_47	71004	72137	+	GEGEGB_02477	1	persistent	2	0	0
PAPNPA_02535	contig_47	72394	73224	+	LNHIMF_00538	1	persistent	2	0	0
PAPNPA_02536	contig_47	73261	74277	+	LNHIMF_00539	1	persistent	2	0	0
PAPNPA_02537	contig_47	74270	74929	+	GEGEGB_02474	1	persistent	2	0	0
PAPNPA_02538	contig_47	74968	76062	-	BEJGEH_00527	1	persistent	3	0	0
PAPNPA_02539	contig_47	76132	77058	-	BEJGEH_00528	1	persistent	2	0	0
PAPNPA_02540	contig_47	77285	77767	+	BEJGEH_00529	1	persistent	2	0	0
PAPNPA_02541	contig_47	77846	78664	+	BEJGEH_00530	1	persistent	2	0	0
PAPNPA_02542	contig_47	78749	80530	+	BEJGEH_00531	1	persistent	2	0	0
PAPNPA_02543	contig_47	80543	81319	+	BEJGEH_00532	1	persistent	2	0	0
PAPNPA_02544	contig_47	81420	82298	+	BEJGEH_00533	1	persistent	2	0	0
PAPNPA_02545	contig_47	82364	83611	+	BEJGEH_00534	1	persistent	2	0	0
PAPNPA_02546	contig_47	83707	85161	+	HFCAGB_00549	1	persistent	2	0	0
PAPNPA_02547	contig_47	85240	86601	+	GEGEGB_02462	1	persistent	2	0	0
PAPNPA_02548	contig_47	86660	87958	+	GEGEGB_02461	1	persistent	2	0	0
PAPNPA_02549	contig_47	87981	89129	+	BEJGEH_00538	1	persistent	2	0	0
PAPNPA_02551	contig_47	89209	89994	-	GEGEGB_02458	1	persistent	2	0	0
PAPNPA_02552	contig_47	90005	91240	-	BEJGEH_00541	1	persistent	2	0	0
PAPNPA_02553	contig_47	91262	92311	-	BEJGEH_00542	1	persistent	2	0	0
PAPNPA_02554	contig_47	92627	94291	+	HFCAGB_00557	1	persistent	2	0	0
PAPNPA_02555	contig_47	94301	95560	+	BEJGEH_00544	1	persistent	2	0	0
PAPNPA_02556	contig_47	95572	96381	+	HFCAGB_00559	1	persistent	2	0	0
PAPNPA_02557	contig_47	96385	97278	+	GEGEGB_02452	1	persistent	2	0	0
PAPNPA_02558	contig_47	97319	98386	-	GEGEGB_02451	1	persistent	3	0	0
PAPNPA_02559	contig_47	98383	98892	-	LNHIMF_00543	1	persistent	2	0	0
PAPNPA_02560	contig_47	99010	99732	-	LNHIMF_00544	1	persistent	2	0	0
PAPNPA_02561	contig_47	99735	100229	-	GEGEGB_02448	1	persistent	2	0	0
PAPNPA_02562	contig_47	100402	101787	+	GEGEGB_02447	1	persistent	3	0	0
PAPNPA_02563	contig_47	101833	102657	-	BEJGEH_00552	1	persistent	2	0	0
PAPNPA_02564	contig_47	102654	103091	-	BEJGEH_00553	1	persistent	2	0	0
PAPNPA_02565	contig_47	103084	103629	-	LNHIMF_00549	1	persistent	3	0	0
PAPNPA_02566	contig_47	103757	103969	-	GEGEGB_02445	1	persistent	2	0	0
PAPNPA_02567	contig_47	103971	104837	-	LNHIMF_00551	1	persistent	2	0	0
PAPNPA_02568	contig_47	105384	105941	+	LNHIMF_00552	1	persistent	2	0	0
PAPNPA_02569	contig_47	106016	106549	+	GEGEGB_02442	1	persistent	2	0	0
PAPNPA_02570	contig_47	106593	107285	+	LNHIMF_00554	1	persistent	2	0	0
PAPNPA_02571	contig_47	107316	109928	+	LNHIMF_00555	1	persistent	2	0	0
PAPNPA_02572	contig_47	109943	110950	+	LNHIMF_00556	1	persistent	2	0	0
PAPNPA_02573	contig_47	110960	111478	+	BEJGEH_00562	1	persistent	2	0	0
PAPNPA_02574	contig_47	111524	112156	-	LNHIMF_00558	1	persistent	2	0	0
PAPNPA_02575	contig_47	112760	113482	-	LNHIMF_00559	1	persistent	2	1	0
PAPNPA_02576	contig_47	113501	113809	-	AJBGEP_00574	1	shell	2	0	0
PAPNPA_02577	contig_47	113974	114570	-	GEGEGB_02434	1	persistent	2	3	2
PAPNPA_02579	contig_47	115085	115351	+	PAPNPA_02579	1	cloud	1	0	3
PAPNPA_02581	contig_47	115384	116184	+	PAPNPA_02581	2	cloud	1	0	9
PAPNPA_02582	contig_47	116406	117893	-	PAPNPA_02582	1	cloud	1	0	1
PAPNPA_02583	contig_47	117909	118829	-	BEJGEH_04267	2	persistent	1	3	6
PAPNPA_02584	contig_47	118826	119188	-	GEGEGB_02428	1	persistent	3	3	2
PAPNPA_02586	contig_47	119613	119858	-	GEGEGB_02426	1	cloud	1	1	3
PAPNPA_02587	contig_47	120058	120480	-	PAPNPA_02587	1	cloud	0	0	2
PAPNPA_02588	contig_47	120511	120702	+	PAPNPA_02588	1	cloud	1	0	2
PAPNPA_02589	contig_47	120753	121607	-	BEJGEH_00577	1	persistent	1	1	2
PAPNPA_02590	contig_47	121823	123148	+	LNHIMF_00716	1	persistent	2	0	0
PAPNPA_02591	contig_47	123305	123541	+	GEGEGB_02422	1	persistent	2	0	0
PAPNPA_02592	contig_47	123554	124114	+	GEGEGB_02421	1	persistent	2	0	0
PAPNPA_02593	contig_47	124193	125368	-	LNHIMF_00719	1	persistent	2	0	0
PAPNPA_02594	contig_47	125694	127088	+	LNHIMF_00720	1	persistent	2	0	0
PAPNPA_02595	contig_47	127130	128377	-	GEGEGB_02417	1	persistent	2	0	1
PAPNPA_02596	contig_47	128688	130658	+	AJBGEP_00592	1	persistent	3	1	1
PAPNPA_02597	contig_47	130825	133554	+	AJBGEP_00593	1	shell	1	1	0
PAPNPA_02598	contig_47	133682	134668	-	AJBGEP_00594	1	shell	0	2	0
PAPNPA_02599	contig_47	134735	135796	-	AJBGEP_00595	1	shell	0	2	0
PAPNPA_02600	contig_47	135811	136665	-	AJBGEP_00596	1	shell	0	2	0
PAPNPA_02601	contig_47	136668	137411	-	AJBGEP_00597	1	shell	0	2	0
PAPNPA_02602	contig_47	137426	137896	-	AJBGEP_00598	1	shell	0	2	0
PAPNPA_02603	contig_47	137874	138323	-	AJBGEP_00599	1	shell	1	1	0
PAPNPA_02604	contig_47	138522	139175	-	GEGEGB_02415	1	persistent	2	1	0
PAPNPA_02605	contig_47	139272	139640	-	BEJGEH_00586	1	persistent	2	0	0
PAPNPA_02606	contig_47	139640	140221	-	BEJGEH_00587	1	persistent	2	0	0
PAPNPA_02608	contig_47	140510	140851	+	LNHIMF_00724	1	persistent	3	0	0
PAPNPA_02609	contig_47	140857	141105	-	GEGEGB_02410	1	persistent	2	0	0
PAPNPA_02610	contig_47	141172	142290	-	LNHIMF_00726	1	persistent	2	0	0
PAPNPA_02611	contig_47	142302	143006	-	BENMGJ_04249	1	persistent	2	0	0
PAPNPA_02612	contig_47	143053	145308	-	LNHIMF_00728	1	persistent	2	0	0
PAPNPA_02613	contig_47	145497	146711	+	BEJGEH_00594	1	persistent	2	0	0
PAPNPA_02614	contig_47	146742	146960	+	LNHIMF_00730	1	persistent	2	0	0
PAPNPA_02615	contig_47	146957	150841	+	LNHIMF_00731	1	persistent	2	0	0
PAPNPA_02616	contig_47	151091	152227	+	HFCAGB_00677	1	persistent	2	0	0
PAPNPA_02617	contig_47	152280	153074	-	GEGEGB_02401	1	persistent	2	0	0
PAPNPA_02618	contig_47	153071	154060	-	GEGEGB_02400	1	persistent	2	0	0
PAPNPA_02619	contig_47	154060	155067	-	GEGEGB_02399	1	persistent	2	0	0
PAPNPA_02620	contig_47	155178	156422	+	GEGEGB_02398	1	persistent	2	0	0
PAPNPA_02621	contig_47	156485	157441	-	LNHIMF_00737	1	persistent	2	0	0
PAPNPA_02622	contig_47	157749	158924	+	GEGEGB_02396	1	persistent	2	0	0
PAPNPA_02623	contig_47	158934	160544	+	LNHIMF_00739	1	persistent	2	0	0
PAPNPA_02624	contig_47	160558	161415	+	GEGEGB_02394	1	persistent	2	0	0
PAPNPA_02625	contig_47	161415	162170	+	HFCAGB_00686	1	persistent	2	0	0
PAPNPA_02626	contig_47	162173	162586	+	GEGEGB_02392	1	persistent	2	0	0
PAPNPA_02627	contig_47	162768	164873	+	LNHIMF_00743	1	persistent	2	0	0
PAPNPA_02628	contig_47	164937	165134	+	GEGEGB_02390	1	persistent	2	0	0
PAPNPA_02629	contig_47	165170	166258	-	LNHIMF_00745	1	persistent	2	0	0
PAPNPA_02630	contig_47	166385	167545	+	LNHIMF_00746	1	persistent	2	0	0
PAPNPA_02631	contig_47	167546	168163	-	BEJGEH_00612	1	persistent	2	0	0
PAPNPA_02632	contig_47	168136	169371	-	LNHIMF_00748	1	persistent	2	0	0
PAPNPA_02633	contig_47	169537	170439	-	LNHIMF_00749	1	persistent	2	0	0
PAPNPA_02634	contig_47	170756	171502	-	LNHIMF_00750	1	persistent	2	0	0
PAPNPA_02636	contig_47	171943	172506	+	GEGEGB_02382	1	persistent	2	0	0
PAPNPA_02637	contig_47	172748	174313	+	LNHIMF_00753	1	persistent	2	1	0
PAPNPA_02638	contig_47	174646	175206	+	BEJGEH_00619	1	persistent	2	1	0
PAPNPA_02639	contig_47	175199	177478	+	LNHIMF_00755	1	persistent	2	0	1
PAPNPA_02640	contig_47	177475	178032	+	LNHIMF_00756	1	persistent	2	0	0
PAPNPA_02641	contig_47	178032	178799	+	GEGEGB_02375	1	persistent	2	0	1
PAPNPA_02642	contig_47	178867	179295	-	GEGEGB_02374	1	persistent	2	0	0
PAPNPA_02643	contig_47	179518	180756	+	LNHIMF_00759	1	persistent	2	0	0
PAPNPA_02644	contig_47	180839	181249	-	GEGEGB_02372	1	persistent	2	0	0
PAPNPA_02645	contig_47	181484	182290	-	LNHIMF_00761	1	persistent	2	0	0
PAPNPA_02646	contig_47	182400	183863	-	LNHIMF_00762	1	persistent	2	0	0
PAPNPA_02647	contig_47	183901	184797	-	GEGEGB_02369	1	persistent	2	0	0
PAPNPA_02648	contig_47	184769	185320	-	BEJGEH_00629	1	persistent	2	0	0
PAPNPA_02649	contig_47	185324	186853	-	LNHIMF_00765	1	persistent	2	0	0
PAPNPA_02650	contig_47	186863	187771	-	LNHIMF_00766	1	persistent	2	0	0
PAPNPA_02651	contig_47	187768	188064	-	GEGEGB_02365	1	persistent	2	0	0
PAPNPA_02652	contig_47	188061	189137	-	LNHIMF_00768	1	persistent	2	0	1
PAPNPA_02653	contig_47	189522	191156	+	GEGEGB_02363	1	persistent	2	0	2
PAPNPA_02654	contig_47	191153	191833	+	GEGEGB_02362	1	persistent	2	0	0
PAPNPA_02655	contig_47	191887	193272	-	GEGEGB_02361	1	persistent	2	0	1
PAPNPA_02656	contig_47	193651	194223	+	LNHIMF_00773	1	persistent	2	0	0
PAPNPA_02657	contig_47	194411	194620	+	GEGEGB_01108	2	persistent	4	0	0
PAPNPA_02658	contig_47	194677	195060	-	GEGEGB_02358	1	persistent	2	0	0
PAPNPA_02659	contig_47	195151	195939	+	HFCAGB_00724	1	persistent	2	0	0
PAPNPA_02660	contig_47	196068	196271	+	GEGEGB_02356	1	persistent	2	0	0
PAPNPA_02661	contig_47	196357	197322	-	GEGEGB_02355	1	persistent	2	0	0
PAPNPA_02662	contig_47	197528	198481	-	GEGEGB_02354	1	persistent	2	0	0
PAPNPA_02663	contig_47	198783	199424	-	GEGEGB_02353	1	persistent	2	0	0
PAPNPA_02664	contig_47	199524	199787	-	GEGEGB_02352	1	persistent	2	0	0
PAPNPA_02665	contig_47	199895	201106	-	LNHIMF_00782	1	persistent	2	0	0
PAPNPA_02666	contig_47	201246	202379	-	AJBGEP_00662	1	persistent	2	0	0
PAPNPA_02667	contig_47	202390	203502	-	GEGEGB_02349	1	persistent	2	0	0
PAPNPA_02668	contig_47	203505	205406	-	LNHIMF_00785	1	persistent	2	0	0
PAPNPA_02669	contig_47	205437	205904	-	GEGEGB_02347	1	persistent	2	0	0
PAPNPA_02670	contig_47	205908	206225	-	GEGEGB_02346	1	persistent	2	0	0
PAPNPA_02671	contig_47	206554	207162	-	GEGEGB_02345	1	persistent	2	0	0
PAPNPA_02672	contig_47	207259	208353	+	LNHIMF_00789	1	persistent	2	0	0
PAPNPA_02673	contig_47	208328	208978	-	LNHIMF_00790	1	persistent	2	0	0
PAPNPA_02674	contig_47	208971	210002	-	GEGEGB_02342	1	persistent	2	0	0
PAPNPA_02675	contig_47	210002	210592	-	GEGEGB_02341	1	persistent	2	0	0
PAPNPA_02676	contig_47	210607	213189	-	LNHIMF_00793	1	persistent	2	0	0
PAPNPA_02677	contig_47	213477	213767	+	GEGEGB_02339	1	persistent	2	0	0
PAPNPA_02678	contig_47	213706	214956	+	BEJGEH_00660	1	persistent	2	0	0
PAPNPA_02679	contig_47	215006	215959	+	LNHIMF_00796	1	persistent	2	0	0
PAPNPA_02680	contig_47	216027	217955	+	LNHIMF_00797	1	persistent	2	0	0
PAPNPA_02681	contig_47	218048	218521	+	GEGEGB_02335	1	persistent	3	1	1
PAPNPA_02682	contig_47	218560	219555	-	HFCAGB_00748	1	shell	1	1	0
PAPNPA_02683	contig_47	219680	220387	+	HFCAGB_00749	1	shell	0	2	1
PAPNPA_02684	contig_47	220384	221817	+	HFCAGB_00750	1	shell	0	2	0
PAPNPA_02685	contig_47	221829	222533	+	BEJGEH_00667	1	shell	0	2	0
PAPNPA_02686	contig_47	222530	223993	+	AJBGEP_00682	1	shell	0	2	0
PAPNPA_02687	contig_47	224015	225694	-	BEJGEH_00669	1	shell	2	1	0
PAPNPA_02688	contig_47	225770	227008	-	BEJGEH_00670	1	persistent	2	1	0
PAPNPA_02689	contig_47	227040	227975	-	GEGEGB_02333	1	persistent	3	0	0
PAPNPA_02690	contig_47	228092	228817	-	GEGEGB_02332	1	persistent	2	0	0
PAPNPA_02691	contig_47	228817	229491	-	GEGEGB_02331	1	persistent	2	0	0
PAPNPA_02692	contig_47	229491	230231	-	GEGEGB_02330	1	persistent	2	0	0
PAPNPA_02694	contig_47	230391	231299	-	LNHIMF_00804	1	persistent	2	0	0
PAPNPA_02695	contig_47	231654	233243	-	LNHIMF_00805	1	persistent	2	0	0
PAPNPA_02696	contig_47	233212	234090	-	GEGEGB_02326	1	persistent	2	0	0
PAPNPA_02697	contig_47	234248	234721	-	GEGEGB_02325	1	persistent	2	0	0
PAPNPA_02698	contig_47	234718	235764	-	GEGEGB_02324	1	persistent	2	0	0
PAPNPA_02699	contig_47	235969	237393	-	GEGEGB_02323	1	persistent	2	0	0
PAPNPA_02700	contig_47	237537	238712	+	GEGEGB_02322	1	persistent	2	2	0
PAPNPA_02701	contig_47	238779	239171	-	AJBGEP_00697	1	shell	2	1	0
PAPNPA_02703	contig_48	243	677	-	LNHIMF_04228	1	persistent	3	0	0
PAPNPA_02704	contig_48	837	1766	+	LNHIMF_04229	1	persistent	2	0	0
PAPNPA_02705	contig_48	2035	3636	+	LNHIMF_04230	1	persistent	2	0	0
PAPNPA_02706	contig_48	3668	4972	+	LNHIMF_04231	1	persistent	2	0	0
PAPNPA_02707	contig_48	5074	6819	+	LNHIMF_04232	1	persistent	3	0	1
PAPNPA_02708	contig_48	6921	7790	+	ONMMKP_02602	1	cloud	2	0	0
PAPNPA_02709	contig_48	7860	8684	-	LNHIMF_04234	1	persistent	3	0	1
PAPNPA_02710	contig_48	8989	12672	+	LNHIMF_04235	1	persistent	2	0	1
PAPNPA_02711	contig_48	12939	14570	+	LNHIMF_04236	1	persistent	2	0	1
PAPNPA_02712	contig_48	14646	15335	-	LNHIMF_04237	1	persistent	2	0	0
PAPNPA_02713	contig_48	15543	16082	+	GEGEGB_04354	1	persistent	2	0	0
PAPNPA_02714	contig_48	16129	16998	+	GEGEGB_04355	1	persistent	2	0	0
PAPNPA_02715	contig_48	16995	17267	-	GEGEGB_04356	1	persistent	1	2	0
PAPNPA_02716	contig_48	17365	18306	-	BEJGEH_04258	1	shell	1	1	0
PAPNPA_02717	contig_48	18568	19296	-	BEJGEH_04259	1	shell	0	4	2
PAPNPA_02718	contig_48	19493	19714	-	PAPNPA_02718	1	cloud	0	2	0
PAPNPA_02719	contig_48	20034	20489	-	AJBGEP_04409	1	shell	0	1	6
PAPNPA_02720	contig_48	20559	22265	-	PAPNPA_02720	1	cloud	0	2	0
PAPNPA_02721	contig_48	22268	22900	-	AJBGEP_04412	1	shell	0	1	5
PAPNPA_02722	contig_48	22893	24008	-	AJBGEP_04413	1	shell	0	2	0
PAPNPA_02723	contig_48	23999	24358	-	BEJGEH_04265	1	shell	0	2	1
PAPNPA_02724	contig_48	24522	26069	-	AJBGEP_04415	1	shell	1	1	1
PAPNPA_02725	contig_48	26069	26998	-	BEJGEH_04267	2	persistent	1	3	6
PAPNPA_02726	contig_48	27684	28406	-	BEJGEH_04268	1	shell	1	1	0
PAPNPA_02727	contig_48	28416	29459	-	BEJGEH_04269	1	shell	0	2	0
PAPNPA_02728	contig_48	29447	29656	-	BEJGEH_04270	1	shell	0	2	0
PAPNPA_02729	contig_48	29656	30609	-	AJBGEP_04420	1	shell	0	2	0
PAPNPA_02730	contig_48	30609	32963	-	IKCLMC_01017	1	shell	0	2	0
PAPNPA_02731	contig_48	33148	33465	-	BEJGEH_04273	1	shell	0	2	0
PAPNPA_02732	contig_48	33517	34041	-	BEJGEH_04274	1	shell	0	2	0
PAPNPA_02733	contig_48	34041	35468	-	AJBGEP_04424	1	shell	0	2	0
PAPNPA_02734	contig_48	35458	35655	-	BEJGEH_04276	1	shell	0	2	0
PAPNPA_02735	contig_48	35652	36107	-	AJBGEP_04426	1	shell	0	2	0
PAPNPA_02736	contig_48	36266	36580	-	BEJGEH_04278	1	shell	0	2	0
PAPNPA_02737	contig_48	36593	37198	-	BEJGEH_04279	1	shell	0	2	0
PAPNPA_02738	contig_48	37201	37488	-	BEJGEH_04280	1	shell	0	2	0
PAPNPA_02739	contig_48	38065	38412	+	BEJGEH_04281	1	shell	1	2	0
PAPNPA_02740	contig_48	38543	39892	-	GEGEGB_04361	1	persistent	1	2	0
PAPNPA_02741	contig_48	40237	41886	+	GEGEGB_04362	1	persistent	2	0	0
PAPNPA_02743	contig_48	42327	42572	+	GEGEGB_04364	1	persistent	2	0	0
PAPNPA_02744	contig_48	42636	43274	+	GEGEGB_04365	1	persistent	2	0	0
PAPNPA_02745	contig_48	43271	44005	+	GEGEGB_04366	1	persistent	2	0	0
PAPNPA_02746	contig_48	44005	46101	+	BEJGEH_04288	1	persistent	2	0	0
PAPNPA_02747	contig_48	46244	46654	+	GEGEGB_04368	1	persistent	2	0	1
PAPNPA_02748	contig_48	46820	47710	-	GEGEGB_04369	1	persistent	2	0	1
PAPNPA_02749	contig_48	47725	49269	-	GEGEGB_04370	1	persistent	2	0	0
PAPNPA_02750	contig_48	49401	50591	-	GEGEGB_04371	1	persistent	2	0	0
PAPNPA_02751	contig_48	50953	52062	+	GEGEGB_04372	1	persistent	2	0	0
PAPNPA_02752	contig_48	52151	53506	+	PAPNPA_02752	1	persistent	2	0	0
PAPNPA_02753	contig_48	53670	54587	+	GEGEGB_04374	1	persistent	2	0	0
PAPNPA_02754	contig_48	54768	55265	+	LNHIMF_04260	1	persistent	2	0	0
PAPNPA_02755	contig_48	55279	56151	+	GEGEGB_04376	1	persistent	2	0	0
PAPNPA_02756	contig_48	56250	58670	-	LNHIMF_04262	1	persistent	2	0	0
PAPNPA_02757	contig_48	58841	59209	+	GEGEGB_04378	1	persistent	2	0	0
PAPNPA_02758	contig_48	59318	59926	+	GEGEGB_04379	1	persistent	2	0	0
PAPNPA_02759	contig_48	60105	61430	+	LNHIMF_04265	1	persistent	3	0	0
PAPNPA_02760	contig_48	61412	61540	+	GEGEGB_04381	1	persistent	2	0	0
PAPNPA_02761	contig_48	61559	61771	+	GEGEGB_04382	1	persistent	3	0	0
PAPNPA_02762	contig_48	61870	62385	-	GEGEGB_04383	1	persistent	2	0	0
PAPNPA_02763	contig_48	62632	63942	+	LNHIMF_04269	1	persistent	2	0	1
PAPNPA_02764	contig_48	64030	65028	+	GEGEGB_04385	1	persistent	2	0	1
PAPNPA_02765	contig_48	65196	65438	+	GEGEGB_04386	1	persistent	2	0	0
PAPNPA_02766	contig_48	65613	66596	-	LNHIMF_04331	1	persistent	2	0	0
PAPNPA_02767	contig_48	66661	68076	+	GEGEGB_04388	1	persistent	2	0	0
PAPNPA_02768	contig_48	68108	69187	+	GEGEGB_04389	1	persistent	2	0	0
PAPNPA_02769	contig_48	69373	70566	+	LNHIMF_04334	1	persistent	2	0	0
PAPNPA_02770	contig_48	70753	71466	+	GEGEGB_04391	1	persistent	2	0	0
PAPNPA_02771	contig_48	71595	72011	+	GEGEGB_04392	1	persistent	2	0	0
PAPNPA_02772	contig_48	72014	72370	+	LNHIMF_04337	1	persistent	2	0	0
PAPNPA_02773	contig_48	72371	72709	-	LNHIMF_04338	1	persistent	2	0	0
PAPNPA_02774	contig_48	72696	73139	-	LNHIMF_04339	1	persistent	2	0	0
PAPNPA_02775	contig_48	73283	76108	-	GEGEGB_04396	1	persistent	2	0	0
PAPNPA_02776	contig_48	76356	76886	+	GEGEGB_04397	1	persistent	2	0	0
PAPNPA_02777	contig_48	77925	78557	+	GEGEGB_04398	1	persistent	2	0	0
PAPNPA_02778	contig_48	78554	79942	+	LNHIMF_04343	1	persistent	2	0	0
PAPNPA_02779	contig_48	79932	81251	+	LNHIMF_04344	1	persistent	2	0	0
PAPNPA_02780	contig_48	81248	82525	+	BEJGEH_04322	1	persistent	2	0	0
PAPNPA_02781	contig_48	82542	99224	+	PAPNPA_02781	1	persistent	2	0	0
PAPNPA_02782	contig_48	99264	101330	+	LNHIMF_04348	1	persistent	2	0	0
PAPNPA_02783	contig_48	101608	101889	-	GEGEGB_04405	1	persistent	2	0	0
PAPNPA_02784	contig_48	102451	104052	+	BEJGEH_04326	1	persistent	2	0	0
PAPNPA_02785	contig_48	104040	104363	-	GEGEGB_04407	1	persistent	2	0	0
PAPNPA_02786	contig_48	104450	104908	+	GEGEGB_04408	1	persistent	2	0	0
PAPNPA_02788	contig_48	105201	105869	+	LNHIMF_04354	1	persistent	2	0	0
PAPNPA_02789	contig_48	106217	107566	+	GEGEGB_04411	1	persistent	2	0	0
PAPNPA_02790	contig_48	107716	109362	+	AJBGEP_04481	1	persistent	2	0	0
PAPNPA_02791	contig_48	109457	110344	-	GEGEGB_04413	1	persistent	2	0	0
PAPNPA_02792	contig_48	110448	110858	+	GEGEGB_04414	1	persistent	2	0	0
PAPNPA_02793	contig_48	110851	111540	+	LNHIMF_04359	1	persistent	2	0	0
PAPNPA_02794	contig_48	111579	113228	-	LNHIMF_04360	1	persistent	2	0	0
PAPNPA_02795	contig_48	113225	113539	-	GEGEGB_04417	1	persistent	2	0	0
PAPNPA_02796	contig_48	113779	115737	-	LNHIMF_04362	1	persistent	2	0	0
PAPNPA_02797	contig_48	116169	117605	+	LNHIMF_04363	1	persistent	2	0	0
PAPNPA_02798	contig_48	117650	118216	+	GEGEGB_04420	1	persistent	2	0	0
PAPNPA_02799	contig_48	118213	118884	+	LNHIMF_04365	1	persistent	2	0	0
PAPNPA_02800	contig_48	118881	119837	+	GEGEGB_04422	1	persistent	1	2	0
PAPNPA_02801	contig_48	119830	121566	+	ALJMDI_03727	1	shell	2	0	0
PAPNPA_02802	contig_48	122065	122685	+	GEGEGB_04424	1	persistent	1	2	0
PAPNPA_02803	contig_48	123030	124340	+	LNHIMF_04369	1	persistent	2	0	1
PAPNPA_02804	contig_48	124498	125187	-	BEJGEH_04347	1	persistent	2	0	1
PAPNPA_02805	contig_48	125364	127511	-	LNHIMF_04371	1	persistent	2	0	0
PAPNPA_02806	contig_48	127866	128774	-	GEGEGB_04428	1	persistent	2	0	0
PAPNPA_02807	contig_48	129032	129466	-	GEGEGB_04429	1	persistent	2	0	0
PAPNPA_02808	contig_48	129618	130061	-	GEGEGB_04430	1	persistent	2	0	0
PAPNPA_02809	contig_48	130181	130516	-	GEGEGB_04431	1	persistent	2	0	1
PAPNPA_02810	contig_48	130984	132486	+	BEJGEH_04353	1	persistent	2	0	0
PAPNPA_02812	contig_48	132556	132645	+	GEGEGB_04434	1	persistent	2	0	1
PAPNPA_02813	contig_48	132653	133732	-	GEGEGB_04435	1	persistent	2	0	0
PAPNPA_02814	contig_48	133733	134401	-	LNHIMF_04380	1	persistent	2	0	0
PAPNPA_02815	contig_48	134398	136041	-	GEGEGB_04437	1	persistent	2	0	0
PAPNPA_02816	contig_48	136175	137512	-	GEGEGB_04438	1	persistent	2	0	0
PAPNPA_02817	contig_48	137652	138413	-	LNHIMF_04383	1	persistent	2	0	1
PAPNPA_02818	contig_48	138711	140978	-	GEGEGB_04440	1	persistent	2	0	0
PAPNPA_02819	contig_48	141211	142143	-	GEGEGB_04441	1	persistent	2	0	0
PAPNPA_02820	contig_48	142415	143767	+	LNHIMF_04386	1	persistent	2	0	0
PAPNPA_02821	contig_48	143851	145281	+	LNHIMF_04387	1	persistent	2	0	0
PAPNPA_02822	contig_48	145379	147025	-	GEGEGB_01415	2	persistent	4	0	0
PAPNPA_02823	contig_48	147121	148461	-	LNHIMF_04389	1	persistent	2	0	0
PAPNPA_02824	contig_48	148608	148874	-	GEGEGB_04446	1	persistent	2	0	0
PAPNPA_02825	contig_48	149191	149910	-	BEJGEH_04371	1	persistent	2	0	0
PAPNPA_02826	contig_48	149907	151538	-	LNHIMF_04392	1	persistent	2	0	0
PAPNPA_02827	contig_48	151913	154342	+	LNHIMF_04393	1	persistent	2	0	0
PAPNPA_02828	contig_48	154356	154982	+	LNHIMF_04394	1	persistent	2	0	0
PAPNPA_02829	contig_48	154975	155748	+	LNHIMF_04395	1	persistent	2	0	0
PAPNPA_02830	contig_48	155831	156424	+	LNHIMF_04396	1	persistent	2	0	0
PAPNPA_02831	contig_48	156508	157908	-	LNHIMF_04397	1	persistent	2	0	0
PAPNPA_02832	contig_48	158256	159116	+	GEGEGB_04456	1	persistent	1	0	5
PAPNPA_02834	contig_48	159629	159955	+	PAPNPA_02834	1	cloud	2	0	0
PAPNPA_02835	contig_48	159948	160220	-	GEGEGB_04459	1	persistent	1	0	5
PAPNPA_02836	contig_48	160232	161107	-	GEGEGB_04460	1	persistent	2	2	0
PAPNPA_02837	contig_48	161910	162203	+	GEGEGB_04603	1	persistent	2	1	1
PAPNPA_02838	contig_48	162200	162691	+	ONMMKP_03725	1	persistent	2	0	4
PAPNPA_02839	contig_48	162894	163361	+	ODDLKH_00178	1	cloud	1	0	3
PAPNPA_02840	contig_48	164243	164533	+	LNHIMF_04407	1	cloud	0	0	3
PAPNPA_02841	contig_48	164568	165107	+	LNHIMF_04408	1	cloud	0	0	2
PAPNPA_02842	contig_48	165117	167555	+	PAPNPA_02842	1	cloud	0	0	3
PAPNPA_02843	contig_48	167572	168369	+	ODDLKH_00182	1	cloud	0	0	3
PAPNPA_02844	contig_48	168402	168896	+	LNHIMF_04411	1	cloud	0	0	3
PAPNPA_02845	contig_48	169114	169929	+	PAPNPA_02845	1	cloud	0	0	2
PAPNPA_02846	contig_48	170162	170959	+	LNHIMF_04413	1	cloud	0	0	4
PAPNPA_02847	contig_48	170987	171751	+	LNHIMF_04414	1	cloud	0	0	3
PAPNPA_02848	contig_48	172060	172158	+	LNHIMF_04415	1	cloud	0	0	3
PAPNPA_02849	contig_48	172185	172757	+	LNHIMF_04416	1	cloud	0	0	2
PAPNPA_02850	contig_48	172830	173042	+	LNHIMF_04417	1	cloud	0	0	3
PAPNPA_02851	contig_48	173327	174178	+	LNHIMF_04419	1	cloud	1	0	3
PAPNPA_02852	contig_48	174325	175077	-	LNHIMF_04420	1	persistent	2	1	4
PAPNPA_02854	contig_48	175977	176552	-	LNHIMF_04422	1	persistent	2	0	3
PAPNPA_02855	contig_48	176589	178292	-	LNHIMF_04423	1	persistent	2	0	0
PAPNPA_02856	contig_48	178268	178615	-	GEGEGB_04621	1	persistent	2	0	0
PAPNPA_02857	contig_48	178736	180037	-	LNHIMF_04425	1	persistent	2	0	0
PAPNPA_02858	contig_48	180152	181588	-	GEGEGB_04623	1	persistent	2	0	0
PAPNPA_02859	contig_48	181890	182405	+	LNHIMF_04427	1	persistent	2	0	0
PAPNPA_02860	contig_48	182464	183726	-	LNHIMF_04428	1	persistent	2	0	0
PAPNPA_02861	contig_48	183981	184274	+	GEGEGB_04626	1	persistent	2	0	0
PAPNPA_02862	contig_48	184318	185964	+	GEGEGB_04627	1	persistent	2	0	0
PAPNPA_02863	contig_48	186208	186561	+	GEGEGB_04628	1	persistent	2	0	0
PAPNPA_02864	contig_48	186609	187466	-	LNHIMF_04432	1	persistent	2	0	0
PAPNPA_02865	contig_48	187748	188776	-	BEJGEH_04410	1	persistent	2	0	0
PAPNPA_02866	contig_48	188817	189383	+	GEGEGB_04631	1	persistent	2	1	0
PAPNPA_02867	contig_48	189405	189578	+	GEGEGB_04632	1	shell	2	0	0
PAPNPA_02868	contig_48	189863	190450	-	LNHIMF_04435	1	persistent	2	1	0
PAPNPA_02869	contig_48	190707	191024	+	GEGEGB_04634	1	persistent	2	0	0
PAPNPA_02870	contig_48	191041	191574	-	LNHIMF_04437	1	persistent	2	0	0
PAPNPA_02871	contig_48	191685	192044	-	GEGEGB_04636	1	persistent	2	0	0
PAPNPA_02872	contig_48	192055	192450	-	GEGEGB_04637	1	persistent	2	0	0
PAPNPA_02873	contig_48	192461	193195	-	GEGEGB_04638	1	persistent	2	0	0
PAPNPA_02874	contig_48	193188	194978	-	GEGEGB_04639	1	persistent	2	0	0
PAPNPA_02875	contig_48	195301	196278	+	LNHIMF_04442	1	persistent	2	0	0
PAPNPA_02876	contig_48	196504	198006	+	GEGEGB_04641	1	persistent	2	2	0
PAPNPA_02877	contig_48	198058	198372	+	BEJGEH_04422	1	shell	2	0	0
PAPNPA_02878	contig_48	198439	201765	-	GEGEGB_04643	1	persistent	2	2	0
PAPNPA_02879	contig_48	201784	202752	-	LNHIMF_04445	1	persistent	2	0	0
PAPNPA_02880	contig_48	202844	203896	-	GEGEGB_04645	1	persistent	2	0	0
PAPNPA_02881	contig_48	204003	204548	+	GEGEGB_04646	1	persistent	2	0	0
PAPNPA_02882	contig_48	204610	205350	-	LNHIMF_04448	1	persistent	2	0	0
PAPNPA_02885	contig_48	206083	207222	-	LNHIMF_04451	1	persistent	2	0	0
PAPNPA_02886	contig_48	207224	208768	+	LNHIMF_04452	1	persistent	2	0	0
PAPNPA_02887	contig_48	208740	209201	+	GEGEGB_04652	1	persistent	2	0	0
PAPNPA_02888	contig_48	209218	210537	+	GEGEGB_04653	1	persistent	2	0	0
PAPNPA_02889	contig_48	210547	212403	+	GEGEGB_04654	1	persistent	2	0	0
PAPNPA_02890	contig_48	212396	213346	+	LNHIMF_04456	1	persistent	2	0	0
PAPNPA_02891	contig_48	213429	213737	+	GEGEGB_04656	1	persistent	2	0	0
PAPNPA_02892	contig_48	213809	215089	+	LNHIMF_04458	1	persistent	2	0	0
PAPNPA_02893	contig_48	215304	216563	+	LNHIMF_04459	1	persistent	2	0	0
PAPNPA_02894	contig_48	216566	217570	+	GEGEGB_04659	1	persistent	2	0	0
PAPNPA_02895	contig_48	217649	217846	+	GEGEGB_04660	1	persistent	2	0	1
PAPNPA_02896	contig_48	217949	218434	+	GEGEGB_04661	2	persistent	2	0	0
PAPNPA_02897	contig_48	218689	219243	+	GEGEGB_04661	2	persistent	2	0	0
PAPNPA_02898	contig_48	219463	219888	+	LNHIMF_04463	1	persistent	2	0	0
PAPNPA_02899	contig_48	219926	222364	+	GEGEGB_04663	1	persistent	2	0	0
PAPNPA_02900	contig_48	222455	223186	+	LNHIMF_04465	1	persistent	2	0	0
PAPNPA_02901	contig_48	223318	223722	+	LNHIMF_04466	1	persistent	2	0	0
PAPNPA_02902	contig_48	223737	224435	+	BEJGEH_04447	1	persistent	2	0	1
PAPNPA_02903	contig_48	224435	225505	+	AJBGEP_04583	1	persistent	2	0	0
PAPNPA_02904	contig_48	225502	226161	+	GEGEGB_04668	1	persistent	2	0	1
PAPNPA_02905	contig_48	226179	226577	+	GEGEGB_04669	1	persistent	2	0	0
PAPNPA_02906	contig_48	226587	227225	+	BEJGEH_04451	1	persistent	2	0	0
PAPNPA_02907	contig_48	227228	228391	+	GEGEGB_04671	1	persistent	2	0	0
PAPNPA_02908	contig_48	228476	230098	+	LNHIMF_04473	1	persistent	2	0	0
PAPNPA_02909	contig_48	230143	230418	-	GEGEGB_04673	1	persistent	2	0	0
PAPNPA_02910	contig_48	230549	230851	-	LNHIMF_04475	1	persistent	2	0	0
PAPNPA_02911	contig_48	231062	231811	+	GEGEGB_04675	1	persistent	2	0	0
PAPNPA_02912	contig_48	231808	232563	-	GEGEGB_04676	1	persistent	2	0	0
PAPNPA_02913	contig_48	232668	233732	-	GEGEGB_04677	1	persistent	2	0	0
PAPNPA_02914	contig_48	234095	235492	+	LNHIMF_04479	1	persistent	2	0	1
PAPNPA_02915	contig_48	235508	235813	+	BEJGEH_04460	1	persistent	2	0	0
PAPNPA_02916	contig_48	235823	236287	+	LNHIMF_04481	1	persistent	2	0	1
PAPNPA_02917	contig_48	236301	236951	+	LNHIMF_04482	1	persistent	2	0	0
PAPNPA_02918	contig_48	236961	237815	+	LNHIMF_04483	1	persistent	2	0	0
PAPNPA_02919	contig_48	237815	238498	+	PAPNPA_02919	1	persistent	2	0	1
PAPNPA_02920	contig_48	238627	238902	-	AJBGEP_04600	1	persistent	2	0	0
PAPNPA_02921	contig_48	239373	239582	+	GEGEGB_04685	1	persistent	2	0	1
PAPNPA_02923	contig_49	440	625	-	GEGEGB_02873	1	persistent	2	0	0
PAPNPA_02924	contig_49	860	3490	-	GEGEGB_02874	1	persistent	2	0	0
PAPNPA_02925	contig_49	3726	4265	-	LNHIMF_02866	1	persistent	2	0	1
PAPNPA_02926	contig_49	4343	5404	-	GEGEGB_02876	1	persistent	2	0	0
PAPNPA_02927	contig_49	5489	5986	-	LNHIMF_02868	1	persistent	2	0	0
PAPNPA_02928	contig_49	6182	6427	+	LNHIMF_02869	1	persistent	2	0	0
PAPNPA_02929	contig_49	6465	7544	-	GEGEGB_02879	1	persistent	2	0	0
PAPNPA_02930	contig_49	7798	8361	+	GEGEGB_02880	1	persistent	2	0	0
PAPNPA_02931	contig_49	8358	9329	+	LNHIMF_02872	1	persistent	2	0	0
PAPNPA_02932	contig_49	9341	9703	+	LNHIMF_02873	1	persistent	2	0	0
PAPNPA_02933	contig_49	9715	10494	+	LNHIMF_02874	1	persistent	2	0	0
PAPNPA_02934	contig_49	10571	10930	+	GEGEGB_02884	1	persistent	2	0	0
PAPNPA_02935	contig_49	11128	11901	+	GEGEGB_02885	1	persistent	2	0	0
PAPNPA_02936	contig_49	11894	12859	+	GEGEGB_02886	1	persistent	2	0	0
PAPNPA_02937	contig_49	12856	14376	-	GEGEGB_02887	1	persistent	2	0	0
PAPNPA_02938	contig_49	14562	16001	+	LNHIMF_02879	1	persistent	2	0	0
PAPNPA_02939	contig_49	15998	17131	+	LNHIMF_02880	1	persistent	2	0	0
PAPNPA_02940	contig_49	17228	19468	-	LNHIMF_02881	1	persistent	2	0	0
PAPNPA_02941	contig_49	19614	20159	-	GEGEGB_02891	1	persistent	2	0	0
PAPNPA_02942	contig_49	20360	21169	-	LNHIMF_02883	1	persistent	2	0	0
PAPNPA_02943	contig_49	21196	21666	-	HFCAGB_03054	1	persistent	2	0	0
PAPNPA_02944	contig_49	21659	22069	-	GEGEGB_02894	1	persistent	2	0	0
PAPNPA_02945	contig_49	22066	22833	-	LNHIMF_02886	1	persistent	2	0	0
PAPNPA_02946	contig_49	22833	23375	-	GEGEGB_02896	1	persistent	2	0	0
PAPNPA_02947	contig_49	23385	25094	-	GEGEGB_02897	1	persistent	2	0	0
PAPNPA_02948	contig_49	25112	26035	-	GEGEGB_02898	1	persistent	2	0	0
PAPNPA_02949	contig_49	26038	27864	-	LNHIMF_02890	1	persistent	2	0	0
PAPNPA_02950	contig_49	27864	28472	-	GEGEGB_02900	1	persistent	2	0	0
PAPNPA_02951	contig_49	28618	29079	-	GEGEGB_02901	1	persistent	2	0	0
PAPNPA_02952	contig_49	29289	29645	+	GEGEGB_02902	1	persistent	2	0	0
PAPNPA_02953	contig_49	29714	30586	+	GEGEGB_02903	1	persistent	2	0	0
PAPNPA_02954	contig_49	30577	30849	+	GEGEGB_02904	1	persistent	2	0	0
PAPNPA_02955	contig_49	30849	31970	+	GEGEGB_02905	1	persistent	2	0	0
PAPNPA_02956	contig_49	31967	32977	+	GEGEGB_02906	1	persistent	2	0	0
PAPNPA_02957	contig_49	33196	35274	+	LNHIMF_02898	1	persistent	2	0	0
PAPNPA_02958	contig_49	35336	35680	-	GEGEGB_02908	1	persistent	2	0	0
PAPNPA_02959	contig_49	35862	36779	+	GEGEGB_02909	1	persistent	2	0	0
PAPNPA_02960	contig_49	36776	37597	+	LNHIMF_02901	1	persistent	2	0	0
PAPNPA_02961	contig_49	37594	38454	+	GEGEGB_02911	1	persistent	2	0	0
PAPNPA_02962	contig_49	38445	39293	+	GEGEGB_02912	1	persistent	3	0	0
PAPNPA_02963	contig_49	39392	40258	-	BEJGEH_02856	1	persistent	2	0	0
PAPNPA_02965	contig_49	40461	41216	-	BEJGEH_02858	1	persistent	3	0	0
PAPNPA_02966	contig_49	41601	42488	-	LNHIMF_02907	1	persistent	2	0	0
PAPNPA_02967	contig_49	42834	43286	-	LNHIMF_02908	1	persistent	2	0	0
PAPNPA_02968	contig_49	43302	43973	-	HFCAGB_03079	1	persistent	2	0	0
PAPNPA_02969	contig_49	43930	44508	-	GEGEGB_02917	1	persistent	2	0	0
PAPNPA_02970	contig_49	44501	45259	-	LNHIMF_02911	1	persistent	2	0	0
PAPNPA_02971	contig_49	45256	45561	-	LNHIMF_02912	1	persistent	2	0	0
PAPNPA_02972	contig_49	45580	45822	-	GEGEGB_02920	1	persistent	2	0	0
PAPNPA_02973	contig_49	45847	47082	-	LNHIMF_02914	1	persistent	2	0	0
PAPNPA_02974	contig_49	47341	48270	+	LNHIMF_02915	1	persistent	2	0	0
PAPNPA_02975	contig_49	49360	51021	+	HFCAGB_03086	1	persistent	2	0	0
PAPNPA_02976	contig_49	51039	51521	+	LNHIMF_02917	1	persistent	2	0	0
PAPNPA_02977	contig_49	51575	53182	-	LNHIMF_02918	1	persistent	2	0	0
PAPNPA_02978	contig_49	53193	53585	-	LNHIMF_02919	1	persistent	2	0	0
PAPNPA_02979	contig_49	53612	53872	-	GEGEGB_02927	1	persistent	2	0	0
PAPNPA_02980	contig_49	53916	54164	-	GEGEGB_02928	1	persistent	2	0	0
PAPNPA_02981	contig_49	54183	56240	-	BEJGEH_02874	1	persistent	2	0	0
PAPNPA_02982	contig_49	56259	57290	-	ALJMDI_02659	1	persistent	2	0	0
PAPNPA_02983	contig_49	57361	58590	-	LNHIMF_02924	1	persistent	2	0	0
PAPNPA_02984	contig_49	58618	60399	-	GEGEGB_02932	1	persistent	2	0	0
PAPNPA_02985	contig_49	60402	60899	-	GEGEGB_02933	1	persistent	2	0	0
PAPNPA_02986	contig_49	61037	62107	-	GEGEGB_02934	1	persistent	2	0	0
PAPNPA_02987	contig_49	62094	62885	-	LNHIMF_02928	1	persistent	2	0	0
PAPNPA_02988	contig_49	62889	63149	-	GEGEGB_02936	1	persistent	2	0	0
PAPNPA_02989	contig_49	63175	63849	-	LNHIMF_02930	1	persistent	2	0	0
PAPNPA_02990	contig_49	63839	64750	-	LNHIMF_02931	1	persistent	2	0	0
PAPNPA_02991	contig_49	64750	65760	-	LNHIMF_02932	1	persistent	2	0	0
PAPNPA_02992	contig_49	65760	66203	-	GEGEGB_02940	1	persistent	2	0	0
PAPNPA_02993	contig_49	66181	67476	-	GEGEGB_02941	1	persistent	2	0	0
PAPNPA_02994	contig_49	67473	67880	-	GEGEGB_02942	1	persistent	2	0	0
PAPNPA_02995	contig_49	67904	69961	-	GEGEGB_02943	1	persistent	2	0	0
PAPNPA_02996	contig_49	69986	71104	-	GEGEGB_02944	1	persistent	2	0	0
PAPNPA_02997	contig_49	71101	72789	-	LNHIMF_02938	1	persistent	2	0	0
PAPNPA_02998	contig_49	72786	73535	-	GEGEGB_02946	1	persistent	2	0	0
PAPNPA_02999	contig_49	73893	74336	+	GEGEGB_02947	1	persistent	2	1	0
PAPNPA_03001	contig_49	74768	75217	+	LNHIMF_02942	1	persistent	2	0	0
PAPNPA_03002	contig_49	75217	75549	+	LNHIMF_02943	1	persistent	2	1	0
PAPNPA_03003	contig_49	75821	76147	-	BEJGEH_02896	1	shell	1	1	1
PAPNPA_03004	contig_49	76750	77031	+	GEGEGB_02949	1	shell	1	2	0
PAPNPA_03005	contig_49	77028	77555	+	GEGEGB_02950	1	shell	1	1	0
PAPNPA_03006	contig_49	77628	77768	-	AJBGEP_03073	1	persistent	2	1	0
PAPNPA_03007	contig_49	78278	78934	+	LNHIMF_02945	1	persistent	2	0	1
PAPNPA_03008	contig_49	79179	79673	-	BEJGEH_02901	1	cloud	1	0	1
PAPNPA_03009	contig_49	79700	80368	-	BEJGEH_02902	1	cloud	1	0	2
PAPNPA_03010	contig_49	81510	84077	+	GEGEGB_02953	1	persistent	3	0	3
PAPNPA_03011	contig_49	84133	84513	-	LNHIMF_02947	1	persistent	2	0	0
PAPNPA_03012	contig_49	84510	85718	-	GEGEGB_02955	1	persistent	3	0	0
PAPNPA_03013	contig_49	85827	86738	+	GEGEGB_02956	1	persistent	2	0	0
PAPNPA_03014	contig_49	86780	88276	-	GEGEGB_02957	1	persistent	2	0	0
PAPNPA_03015	contig_49	88273	89223	-	LNHIMF_02951	1	persistent	2	0	0
PAPNPA_03016	contig_49	89263	90039	-	LNHIMF_02952	1	persistent	2	0	0
PAPNPA_03017	contig_49	90044	90682	-	GEGEGB_02960	1	persistent	2	0	0
PAPNPA_03018	contig_49	90679	91941	-	LNHIMF_02954	1	persistent	2	0	0
PAPNPA_03019	contig_49	91935	92858	-	BEJGEH_02913	1	persistent	2	0	0
PAPNPA_03020	contig_49	93055	93819	+	LNHIMF_02956	1	persistent	2	0	0
PAPNPA_03021	contig_49	93838	94242	-	GEGEGB_02964	1	persistent	2	0	0
PAPNPA_03022	contig_49	94413	95006	+	LNHIMF_02958	1	persistent	2	0	0
PAPNPA_03023	contig_49	95006	96433	+	LNHIMF_02959	1	persistent	2	0	0
PAPNPA_03024	contig_49	96444	96680	+	GEGEGB_02967	1	persistent	2	0	0
PAPNPA_03025	contig_49	96725	97717	-	LNHIMF_02961	1	persistent	2	0	1
PAPNPA_03026	contig_49	97780	98913	-	BEJGEH_02923	1	persistent	2	0	0
PAPNPA_03027	contig_49	99089	99715	-	GEGEGB_02970	1	persistent	2	0	0
PAPNPA_03028	contig_49	99709	100470	-	GEGEGB_02971	1	persistent	2	0	0
PAPNPA_03029	contig_49	100451	101500	-	LNHIMF_02965	1	persistent	2	0	0
PAPNPA_03030	contig_49	101497	101976	-	GEGEGB_02973	1	persistent	2	0	0
PAPNPA_03031	contig_49	101976	102686	-	GEGEGB_02974	1	persistent	2	0	0
PAPNPA_03032	contig_49	102705	103016	-	GEGEGB_02975	1	persistent	2	0	0
PAPNPA_03033	contig_49	103207	103530	-	GEGEGB_02976	1	persistent	2	0	0
PAPNPA_03034	contig_49	103581	104186	-	GEGEGB_02977	1	persistent	2	0	0
PAPNPA_03035	contig_49	104173	105612	-	LNHIMF_02971	1	persistent	2	0	0
PAPNPA_03036	contig_49	105622	106530	-	GEGEGB_02979	1	persistent	2	0	0
PAPNPA_03037	contig_49	106781	107827	+	GEGEGB_02980	1	persistent	3	0	0
PAPNPA_03038	contig_49	109144	109437	-	GEGEGB_02981	1	persistent	2	0	0
PAPNPA_03039	contig_49	109437	110357	-	BEJGEH_02936	1	persistent	1	1	1
PAPNPA_03040	contig_49	110354	111004	-	BEJGEH_02937	1	shell	1	1	0
PAPNPA_03041	contig_49	110986	111732	-	BEJGEH_02938	1	shell	0	2	0
PAPNPA_03042	contig_49	111743	112801	-	AJBGEP_03107	1	shell	0	2	0
PAPNPA_03043	contig_49	112815	113375	-	AJBGEP_03108	1	shell	0	2	0
PAPNPA_03044	contig_49	113372	114928	-	AJBGEP_03109	1	shell	0	2	0
PAPNPA_03045	contig_49	114940	117603	-	AJBGEP_03110	1	shell	1	1	0
PAPNPA_03046	contig_49	118048	119001	+	GEGEGB_02990	1	persistent	2	1	1
PAPNPA_03047	contig_49	119089	119823	-	LNHIMF_02983	1	persistent	2	0	0
PAPNPA_03048	contig_49	119925	121637	-	BEJGEH_02945	1	persistent	2	0	0
PAPNPA_03049	contig_49	121637	123436	-	LNHIMF_02985	1	persistent	2	0	0
PAPNPA_03050	contig_49	123860	124222	+	GEGEGB_02994	1	persistent	2	0	0
PAPNPA_03051	contig_49	124312	125109	-	BEJGEH_02948	1	persistent	2	0	1
PAPNPA_03052	contig_49	126691	127362	-	GEGEGB_02996	1	persistent	2	0	1
PAPNPA_03053	contig_49	127498	128796	-	GEGEGB_02997	1	persistent	2	0	0
PAPNPA_03054	contig_49	128879	130516	-	GEGEGB_02998	1	persistent	2	0	0
PAPNPA_03055	contig_49	130744	131544	-	LNHIMF_02992	1	persistent	1	2	0
PAPNPA_03056	contig_49	132150	132737	+	BEJGEH_02953	1	shell	1	1	0
PAPNPA_03057	contig_49	132871	135516	+	BEJGEH_02954	1	shell	0	2	0
PAPNPA_03058	contig_49	135529	136302	+	BEJGEH_02955	1	shell	0	2	0
PAPNPA_03059	contig_49	136328	136828	+	GEGEGB_03004	1	shell	0	2	0
PAPNPA_03060	contig_49	136828	137313	+	BEJGEH_02957	1	shell	0	2	0
PAPNPA_03061	contig_49	137355	137846	+	HFCAGB_03171	1	shell	0	2	2
PAPNPA_03062	contig_49	137875	138960	+	BEJGEH_02959	1	cloud	0	1	2
PAPNPA_03063	contig_49	138975	140021	+	PAPNPA_03063	1	cloud	1	1	2
PAPNPA_03064	contig_49	140226	140513	-	GEGEGB_03010	1	persistent	1	1	1
PAPNPA_03065	contig_49	140667	142901	-	GEGEGB_03011	1	persistent	2	1	0
PAPNPA_03066	contig_49	142953	144248	-	BEJGEH_02963	1	persistent	2	0	0
PAPNPA_03067	contig_49	144306	147062	+	LNHIMF_02997	1	persistent	2	0	0
PAPNPA_03068	contig_49	147106	148248	-	GEGEGB_03014	1	persistent	2	0	0
PAPNPA_03069	contig_49	148326	149666	-	LNHIMF_02999	1	persistent	2	0	0
PAPNPA_03070	contig_49	149687	151027	-	LNHIMF_03000	1	persistent	2	0	0
PAPNPA_03071	contig_49	151024	152382	-	LNHIMF_03001	1	persistent	2	0	0
PAPNPA_03072	contig_49	152864	153313	-	LNHIMF_03002	1	persistent	2	0	0
PAPNPA_03073	contig_49	153332	154114	-	LNHIMF_03003	1	persistent	2	0	0
PAPNPA_03074	contig_49	154114	154443	-	GEGEGB_03020	1	persistent	2	0	0
PAPNPA_03076	contig_49	155054	155599	-	GEGEGB_03022	1	persistent	2	0	0
PAPNPA_03077	contig_49	155668	156516	+	GEGEGB_03023	1	persistent	2	0	0
PAPNPA_03078	contig_49	156629	157993	+	LNHIMF_03008	1	persistent	2	0	0
PAPNPA_03079	contig_49	158558	159847	+	LNHIMF_03009	1	persistent	2	0	0
PAPNPA_03080	contig_49	159906	161273	+	GEGEGB_03026	1	persistent	2	0	0
PAPNPA_03081	contig_49	161444	162199	+	GEGEGB_03027	1	persistent	2	0	0
PAPNPA_03082	contig_49	162291	163439	-	GEGEGB_03028	1	persistent	2	0	0
PAPNPA_03083	contig_49	163456	164103	-	GEGEGB_03029	1	persistent	2	0	0
PAPNPA_03084	contig_49	164660	165976	+	LNHIMF_03014	1	persistent	2	0	1
PAPNPA_03085	contig_49	166008	167783	+	LNHIMF_03015	1	persistent	2	0	1
PAPNPA_03086	contig_49	167884	169302	+	LNHIMF_03016	1	persistent	2	0	0
PAPNPA_03087	contig_49	169304	169726	+	GEGEGB_03033	1	persistent	2	0	0
PAPNPA_03088	contig_49	169784	170494	+	GEGEGB_03034	1	persistent	2	0	0
PAPNPA_03089	contig_49	170553	171653	-	GEGEGB_03035	1	persistent	2	0	0
PAPNPA_03090	contig_49	171646	172041	-	GEGEGB_03036	1	persistent	2	0	0
PAPNPA_03091	contig_49	172060	172977	-	GEGEGB_03037	1	persistent	2	0	0
PAPNPA_03092	contig_49	172934	173056	-	LNHIMF_03022	1	persistent	2	0	0
PAPNPA_03094	contig_49	173324	173551	-	GEGEGB_03040	1	persistent	2	0	0
PAPNPA_03095	contig_49	173744	174949	+	GEGEGB_03041	1	persistent	2	0	0
PAPNPA_03096	contig_49	174949	175392	+	GEGEGB_03042	1	persistent	2	0	0
PAPNPA_03097	contig_49	175665	176579	+	GEGEGB_03043	1	persistent	2	0	0
PAPNPA_03098	contig_49	176631	177437	-	GEGEGB_03044	1	persistent	2	0	0
PAPNPA_03099	contig_49	177547	178644	-	GEGEGB_03045	1	persistent	2	0	0
PAPNPA_03102	contig_49	179144	180397	-	LNHIMF_03032	1	persistent	2	0	0
PAPNPA_03103	contig_49	180630	181961	+	GEGEGB_03049	1	persistent	2	0	0
PAPNPA_03104	contig_49	182063	183898	-	LNHIMF_03034	1	persistent	2	0	0
PAPNPA_03105	contig_49	183895	187440	-	GEGEGB_03051	1	persistent	2	0	0
PAPNPA_03106	contig_49	187433	190321	-	GEGEGB_03052	1	persistent	2	0	0
PAPNPA_03107	contig_49	190499	193870	-	GEGEGB_03053	1	persistent	2	0	0
PAPNPA_03108	contig_49	193886	194206	-	LNHIMF_03038	1	persistent	2	0	0
PAPNPA_03109	contig_49	194191	194598	-	GEGEGB_03055	1	persistent	2	0	0
PAPNPA_03110	contig_49	194595	195158	-	LNHIMF_03040	1	persistent	2	0	0
PAPNPA_03111	contig_49	195149	195619	-	GEGEGB_03057	1	persistent	2	1	0
PAPNPA_03112	contig_49	195803	196597	-	LNHIMF_03042	1	persistent	2	1	0
PAPNPA_03113	contig_49	196604	197479	-	GEGEGB_03061	1	persistent	2	0	0
PAPNPA_03114	contig_49	197695	199941	-	GEGEGB_03062	1	persistent	2	0	0
PAPNPA_03115	contig_49	199954	200484	-	GEGEGB_03063	1	persistent	2	0	0
PAPNPA_03116	contig_49	201167	201862	+	GEGEGB_03064	1	persistent	2	0	0
PAPNPA_03117	contig_49	202044	202757	+	GEGEGB_03065	1	persistent	2	0	0
PAPNPA_03118	contig_49	202928	203146	+	GEGEGB_03066	1	persistent	2	0	0
PAPNPA_03119	contig_49	203337	204377	+	LNHIMF_03049	1	persistent	2	0	0
PAPNPA_03120	contig_49	204464	205666	-	GEGEGB_03068	1	persistent	2	0	0
PAPNPA_03121	contig_49	205659	207818	-	LNHIMF_03051	1	persistent	2	1	0
PAPNPA_03124	contig_49	208411	209439	+	GEGEGB_03075	1	persistent	2	0	1
PAPNPA_03125	contig_49	209453	210472	+	LNHIMF_03055	1	persistent	2	0	0
PAPNPA_03126	contig_49	210482	211744	-	GEGEGB_03077	1	persistent	2	0	0
PAPNPA_03127	contig_49	211862	212797	+	GEGEGB_03078	1	persistent	2	0	0
PAPNPA_03128	contig_49	212769	213476	-	LNHIMF_03058	1	persistent	2	0	0
PAPNPA_03129	contig_49	213589	215007	-	LNHIMF_03059	1	persistent	2	0	0
PAPNPA_03130	contig_49	215361	216122	-	LNHIMF_03060	1	persistent	2	0	0
PAPNPA_03131	contig_49	216179	217015	-	ODDLKH_03450	1	persistent	2	0	0
PAPNPA_03133	contig_49	217445	218623	-	GEGEGB_03084	1	persistent	2	0	0
PAPNPA_03134	contig_49	218746	219609	-	LNHIMF_03064	1	persistent	2	0	0
PAPNPA_03135	contig_49	219713	220168	+	GEGEGB_03086	1	persistent	2	0	0
PAPNPA_03136	contig_49	220310	221539	+	GEGEGB_03087	1	persistent	2	0	0
PAPNPA_03137	contig_49	221570	221842	-	GEGEGB_03088	1	persistent	2	0	0
PAPNPA_03138	contig_49	221964	222800	+	PKJKAM_02341	1	persistent	2	0	0
PAPNPA_03139	contig_49	223015	223773	-	GEGEGB_03091	1	persistent	2	0	0
PAPNPA_03140	contig_49	223760	224272	-	HFCAGB_03249	1	persistent	1	1	3
PAPNPA_03141	contig_49	224416	225489	-	HFCAGB_03250	1	shell	2	0	0
PAPNPA_03142	contig_49	225486	226229	-	LNHIMF_03072	1	persistent	1	1	3
PAPNPA_03143	contig_49	226270	228759	-	LNHIMF_03073	1	persistent	2	0	0
PAPNPA_03144	contig_49	228879	229463	-	BEJGEH_03044	1	persistent	2	0	0
PAPNPA_03145	contig_49	230182	230814	-	LNHIMF_03075	1	persistent	2	0	0
PAPNPA_03146	contig_49	230861	231397	-	GEGEGB_03098	1	persistent	1	1	4
PAPNPA_03149	contig_49	232191	232397	+	PKJKAM_02331	1	cloud	2	0	1
PAPNPA_03150	contig_49	232567	233367	+	LNHIMF_03080	1	persistent	1	2	2
PAPNPA_03152	contig_49	233652	234410	-	GEGEGB_03111	1	persistent	2	1	2
PAPNPA_03154	contig_49	234675	235220	+	LNHIMF_03084	1	persistent	2	0	0
PAPNPA_03155	contig_49	235296	236813	-	LNHIMF_03085	1	persistent	2	0	0
PAPNPA_03156	contig_49	236823	237704	-	GEGEGB_03115	1	persistent	2	0	0
PAPNPA_03157	contig_49	238026	239627	-	LNHIMF_03087	1	persistent	2	0	0
PAPNPA_03158	contig_49	239765	240478	-	GEGEGB_03117	1	persistent	2	0	0
PAPNPA_03159	contig_49	240502	241398	-	GEGEGB_03118	1	persistent	2	0	0
PAPNPA_03160	contig_49	241511	242032	+	GEGEGB_03119	1	persistent	2	0	0
PAPNPA_03161	contig_49	242085	242498	-	LNHIMF_03091	1	persistent	2	0	0
PAPNPA_03162	contig_49	242479	242745	-	GEGEGB_03121	1	persistent	2	0	0
PAPNPA_03163	contig_49	242995	243975	+	GEGEGB_03122	1	persistent	3	0	0
PAPNPA_03164	contig_49	243892	244083	-	GEGEGB_03123	1	persistent	2	0	0
PAPNPA_03165	contig_49	244091	244750	-	GEGEGB_03124	1	persistent	3	0	0
PAPNPA_03166	contig_49	244914	245225	-	AJBGEP_03225	1	persistent	2	0	0
PAPNPA_03167	contig_49	245383	246816	+	LNHIMF_03097	1	persistent	2	0	0
PAPNPA_03168	contig_49	246864	247757	-	BEJGEH_03067	1	persistent	2	0	0
PAPNPA_03169	contig_49	248213	251086	-	BEJGEH_03068	1	persistent	2	0	0
PAPNPA_03170	contig_49	251249	251638	-	GEGEGB_03129	1	persistent	2	0	0
PAPNPA_03171	contig_49	251664	252758	-	GEGEGB_03130	1	persistent	2	0	0
PAPNPA_03172	contig_49	253213	254376	-	LNHIMF_03103	1	persistent	2	0	0
PAPNPA_03173	contig_50	264	1928	-	GEGEGB_02315	1	persistent	2	2	0
PAPNPA_03174	contig_50	2218	2970	-	GEGEGB_02314	1	persistent	2	0	1
PAPNPA_03175	contig_50	3017	4237	-	GEGEGB_02313	1	persistent	2	0	0
PAPNPA_03176	contig_50	4242	5456	-	LNHIMF_00823	1	persistent	2	0	0
PAPNPA_03177	contig_50	5456	6256	-	GEGEGB_02311	1	persistent	2	0	0
PAPNPA_03178	contig_50	6583	8535	+	LNHIMF_00825	1	persistent	2	0	0
PAPNPA_03179	contig_50	8746	10413	+	ALJMDI_00783	1	persistent	2	0	0
PAPNPA_03180	contig_50	11074	12480	+	GEGEGB_02308	1	persistent	2	0	0
PAPNPA_03181	contig_50	12530	12862	+	GEGEGB_02307	1	persistent	2	0	0
PAPNPA_03182	contig_50	12911	14215	-	GEGEGB_02306	1	persistent	2	0	0
PAPNPA_03183	contig_50	14266	15405	-	BEJGEH_00703	1	persistent	2	0	0
PAPNPA_03184	contig_50	15392	16795	-	GEGEGB_02304	1	persistent	2	0	0
PAPNPA_03185	contig_50	16893	17819	-	LNHIMF_00832	1	persistent	2	0	0
PAPNPA_03186	contig_50	17934	18386	-	GEGEGB_02302	1	persistent	2	0	1
PAPNPA_03187	contig_50	18485	18634	+	LNHIMF_00834	1	cloud	2	0	0
PAPNPA_03188	contig_50	18668	19198	-	LNHIMF_00835	1	persistent	2	0	1
PAPNPA_03189	contig_50	19349	19642	-	GEGEGB_02300	1	persistent	2	0	0
PAPNPA_03190	contig_50	19776	20546	-	LNHIMF_00837	1	persistent	2	0	0
PAPNPA_03191	contig_50	20731	21273	+	GEGEGB_02298	1	persistent	2	0	0
PAPNPA_03192	contig_50	21298	22938	+	GEGEGB_02297	1	persistent	2	0	0
PAPNPA_03193	contig_50	23053	23538	-	GEGEGB_02296	1	persistent	2	0	0
PAPNPA_03194	contig_50	23603	24922	-	GEGEGB_02295	1	persistent	2	0	0
PAPNPA_03195	contig_50	24919	27117	-	LNHIMF_00842	1	persistent	3	0	2
PAPNPA_03196	contig_50	27497	27601	-	LNHIMF_00843	1	persistent	2	0	0
PAPNPA_03197	contig_50	27879	28556	-	LNHIMF_00844	1	persistent	3	0	1
PAPNPA_03198	contig_50	28553	31237	-	LNHIMF_00845	1	persistent	2	0	0
PAPNPA_03199	contig_50	31234	31818	-	LNHIMF_00846	1	persistent	2	0	0
PAPNPA_03200	contig_50	31827	33875	-	GEGEGB_02287	1	persistent	2	0	0
PAPNPA_03201	contig_50	33896	35575	-	GEGEGB_02286	1	persistent	2	0	0
PAPNPA_03202	contig_50	36001	36207	+	GEGEGB_02285	1	persistent	2	0	0
PAPNPA_03203	contig_50	36318	37739	+	LNHIMF_00850	1	persistent	2	0	0
PAPNPA_03204	contig_50	37778	39259	-	GEGEGB_02283	1	persistent	2	0	0
PAPNPA_03205	contig_50	39588	40331	+	GEGEGB_02282	1	persistent	2	0	0
PAPNPA_03206	contig_50	40347	41003	+	GEGEGB_02281	1	persistent	2	0	0
PAPNPA_03207	contig_50	40997	41929	+	LNHIMF_00854	1	persistent	2	0	0
PAPNPA_03208	contig_50	41919	42653	+	GEGEGB_02279	1	persistent	2	1	0
PAPNPA_03209	contig_50	42775	43566	+	BEJGEH_00728	1	persistent	2	1	0
PAPNPA_03210	contig_50	43621	44667	-	GEGEGB_02263	1	persistent	2	0	0
PAPNPA_03211	contig_50	44803	46086	-	LNHIMF_00870	1	persistent	2	1	0
PAPNPA_03212	contig_50	46187	46432	+	BEJGEH_00731	1	shell	2	0	0
PAPNPA_03213	contig_50	46826	47230	+	GEGEGB_02261	1	persistent	2	1	0
PAPNPA_03214	contig_50	47224	47571	+	GEGEGB_02260	1	persistent	2	0	0
PAPNPA_03215	contig_50	47571	49337	+	LNHIMF_00873	1	persistent	2	0	0
PAPNPA_03216	contig_50	49354	50070	+	LNHIMF_00874	1	persistent	2	0	0
PAPNPA_03217	contig_50	50594	53395	+	GEGEGB_02257	1	persistent	2	0	0
PAPNPA_03218	contig_50	53410	54618	+	GEGEGB_02256	1	persistent	2	0	0
PAPNPA_03219	contig_50	54760	55926	+	GEGEGB_02255	1	persistent	2	0	0
PAPNPA_03220	contig_50	55926	56795	+	LNHIMF_00878	1	persistent	2	0	0
PAPNPA_03221	contig_50	56824	56949	+	LNHIMF_00879	1	persistent	2	0	0
PAPNPA_03222	contig_50	58378	59946	+	LNHIMF_00880	1	persistent	2	0	0
PAPNPA_03223	contig_50	59962	61101	+	GEGEGB_02251	1	persistent	2	0	0
PAPNPA_03224	contig_50	61116	61229	+	GEGEGB_02250	1	persistent	2	0	0
PAPNPA_03225	contig_50	61229	61522	+	LNHIMF_00883	1	persistent	2	0	0
PAPNPA_03226	contig_50	61751	62155	+	LNHIMF_00884	1	persistent	2	0	0
PAPNPA_03227	contig_50	62152	62844	+	GEGEGB_02247	1	persistent	2	0	0
PAPNPA_03228	contig_50	62848	63276	+	GEGEGB_02246	1	persistent	2	0	1
PAPNPA_03229	contig_50	63341	64513	+	ODDLKH_01241	1	persistent	2	0	1
PAPNPA_03230	contig_50	64637	64795	+	LNHIMF_00889	2	persistent	2	0	1
PAPNPA_03231	contig_50	64804	65934	+	LNHIMF_00889	2	persistent	2	0	1
PAPNPA_03232	contig_50	65969	66493	+	GEGEGB_02243	1	persistent	2	0	0
PAPNPA_03233	contig_50	66503	67291	+	GEGEGB_02242	1	persistent	2	0	0
PAPNPA_03237	contig_50	68216	69259	+	LNHIMF_00897	1	persistent	2	0	0
PAPNPA_03238	contig_50	69284	70003	+	LNHIMF_00898	1	persistent	2	0	0
PAPNPA_03239	contig_50	70000	70938	-	LNHIMF_00899	1	persistent	2	0	0
PAPNPA_03240	contig_50	71049	71435	-	GEGEGB_02235	1	persistent	2	0	0
PAPNPA_03241	contig_50	71755	72807	+	GEGEGB_02234	1	persistent	2	1	0
PAPNPA_03242	contig_50	72901	73446	-	BEJGEH_00762	1	shell	1	1	0
PAPNPA_03243	contig_50	73461	74306	-	BEJGEH_00763	1	shell	0	2	0
PAPNPA_03244	contig_50	74436	75326	+	BEJGEH_00764	1	shell	0	2	0
PAPNPA_03245	contig_50	75327	76253	-	BEJGEH_00765	1	shell	0	2	0
PAPNPA_03246	contig_50	76533	77801	+	BEJGEH_00766	1	shell	1	1	0
PAPNPA_03247	contig_50	77851	78099	+	AJBGEP_03535	3	persistent	3	1	0
PAPNPA_03248	contig_50	78115	79890	+	GEGEGB_00060	3	persistent	2	0	1
PAPNPA_03249	contig_50	79903	81204	+	LNHIMF_00056	3	persistent	4	0	0
PAPNPA_03250	contig_50	81323	82021	+	BEJGEH_00770	1	persistent	2	0	0
PAPNPA_03251	contig_50	82400	83479	+	GEGEGB_02233	1	persistent	3	0	0
PAPNPA_03252	contig_50	83479	84255	+	BEJGEH_00772	1	persistent	2	0	0
PAPNPA_03253	contig_50	84346	85098	-	GEGEGB_02231	1	persistent	2	0	0
PAPNPA_03254	contig_50	85322	86362	-	LNHIMF_00905	1	persistent	2	0	0
PAPNPA_03255	contig_50	86356	87504	-	GEGEGB_02229	1	persistent	2	0	0
PAPNPA_03256	contig_50	87507	88553	-	LNHIMF_00907	1	persistent	2	0	0
PAPNPA_03257	contig_50	88564	89580	-	GEGEGB_02227	1	persistent	2	0	0
PAPNPA_03258	contig_50	89803	90711	-	LNHIMF_00909	1	persistent	2	0	0
PAPNPA_03259	contig_50	90882	92357	-	LNHIMF_00910	1	persistent	2	0	0
PAPNPA_03260	contig_50	92425	93213	-	GEGEGB_02224	1	persistent	2	0	1
PAPNPA_03261	contig_50	93342	93491	+	GEGEGB_02223	1	persistent	2	0	0
PAPNPA_03262	contig_50	93658	94431	+	LNHIMF_00913	1	persistent	2	0	1
PAPNPA_03263	contig_50	94431	95120	+	GEGEGB_02221	1	persistent	2	0	0
PAPNPA_03264	contig_50	95123	96181	+	LNHIMF_00915	1	persistent	2	0	0
PAPNPA_03265	contig_50	96182	97000	-	LNHIMF_00916	1	persistent	2	0	3
PAPNPA_03266	contig_50	97164	98159	+	LNHIMF_00917	1	persistent	2	0	1
PAPNPA_03267	contig_50	98303	99586	-	GEGEGB_02217	1	persistent	2	0	0
PAPNPA_03268	contig_50	99878	101047	+	LNHIMF_00919	1	persistent	2	0	0
PAPNPA_03269	contig_50	101044	101985	+	LNHIMF_00920	1	persistent	2	0	0
PAPNPA_03270	contig_50	102030	102755	+	GEGEGB_02214	1	persistent	2	0	0
PAPNPA_03271	contig_50	102952	104637	+	LNHIMF_00922	1	persistent	2	0	0
PAPNPA_03272	contig_50	104639	106159	+	LNHIMF_00923	1	persistent	2	0	0
PAPNPA_03273	contig_50	106244	106720	-	GEGEGB_02211	1	persistent	2	0	0
PAPNPA_03274	contig_50	106778	108067	-	GEGEGB_02210	1	persistent	2	0	0
PAPNPA_03275	contig_50	108154	109194	+	GEGEGB_02209	1	persistent	2	0	0
PAPNPA_03276	contig_50	109191	110348	+	GEGEGB_02208	1	persistent	2	0	0
PAPNPA_03277	contig_50	110332	111087	+	LNHIMF_00928	1	persistent	2	0	0
PAPNPA_03278	contig_50	111080	111766	+	GEGEGB_02206	1	persistent	2	0	0
PAPNPA_03279	contig_50	112417	114438	+	LNHIMF_00930	1	persistent	2	0	0
PAPNPA_03280	contig_50	114928	117192	+	AJBGEP_00824	1	persistent	2	0	0
PAPNPA_03281	contig_50	117287	118195	-	GEGEGB_02202	1	persistent	2	0	0
PAPNPA_03282	contig_50	118559	119581	+	GEGEGB_02201	1	persistent	2	0	0
PAPNPA_03283	contig_50	119603	120115	+	GEGEGB_02200	1	persistent	2	0	0
PAPNPA_03284	contig_50	120160	120603	+	LNHIMF_00935	1	persistent	2	0	0
PAPNPA_03285	contig_50	120596	120841	+	LNHIMF_00936	1	persistent	2	0	0
PAPNPA_03286	contig_50	120843	121295	+	GEGEGB_02197	1	persistent	2	0	1
PAPNPA_03287	contig_50	121343	122047	+	LNHIMF_00938	1	persistent	2	0	4
PAPNPA_03288	contig_50	122379	122900	+	GEGEGB_02194	1	persistent	2	2	2
PAPNPA_03289	contig_50	122930	123532	+	HFCAGB_00889	1	shell	2	0	2
PAPNPA_03290	contig_50	123540	124100	+	BEJGEH_00810	1	persistent	2	1	1
PAPNPA_03291	contig_50	124103	125065	-	GEGEGB_02192	1	persistent	2	0	1
PAPNPA_03292	contig_50	125065	126306	-	GEGEGB_02191	1	persistent	2	0	0
PAPNPA_03293	contig_50	126303	127061	-	LNHIMF_00943	1	persistent	2	0	0
PAPNPA_03294	contig_50	127194	127604	+	GEGEGB_02189	1	persistent	2	0	0
PAPNPA_03295	contig_50	127566	128672	-	GEGEGB_02188	1	persistent	2	0	0
PAPNPA_03296	contig_50	128788	129918	-	GEGEGB_02187	1	persistent	2	0	0
PAPNPA_03297	contig_50	129911	131647	-	LNHIMF_00947	1	persistent	2	0	0
PAPNPA_03298	contig_50	131640	132635	-	GEGEGB_02185	1	persistent	2	0	0
PAPNPA_03299	contig_50	132635	133309	-	LNHIMF_00949	1	persistent	2	0	1
PAPNPA_03300	contig_50	133383	134306	-	PAPNPA_03300	1	cloud	1	0	1
PAPNPA_03301	contig_50	134771	136102	+	IKCLMC_01416	1	cloud	0	0	2
PAPNPA_03302	contig_50	136153	136902	+	IKCLMC_01417	1	cloud	0	0	2
PAPNPA_03303	contig_50	136916	137761	+	IKCLMC_01418	1	cloud	0	0	2
PAPNPA_03304	contig_50	137761	138753	+	IKCLMC_01419	1	cloud	1	0	1
PAPNPA_03305	contig_50	138753	141422	+	GEGEGB_01758	2	persistent	3	0	1
PAPNPA_03306	contig_50	141604	142968	+	GEGEGB_02183	1	persistent	3	0	1
PAPNPA_03307	contig_50	143176	145320	+	LNHIMF_00951	1	persistent	2	0	1
PAPNPA_03308	contig_50	145350	146321	+	BEJGEH_00823	1	persistent	2	1	0
PAPNPA_03309	contig_50	146322	146558	-	LNHIMF_00818	3	shell	12	5	5
PAPNPA_03310	contig_50	146889	147242	+	BEJGEH_01963	3	shell	0	2	0
PAPNPA_03311	contig_50	147176	147577	-	LNHIMF_00819	3	shell	12	3	3
PAPNPA_03312	contig_50	147795	148055	-	GEGEGB_02178	1	persistent	2	1	0
PAPNPA_03313	contig_50	148340	148606	-	GEGEGB_02177	1	persistent	2	0	1
PAPNPA_03314	contig_50	148811	149737	+	GEGEGB_02175	1	persistent	2	0	1
PAPNPA_03315	contig_50	149734	151956	-	LNHIMF_00956	1	persistent	2	0	0
PAPNPA_03316	contig_50	152075	152797	-	GEGEGB_02173	1	persistent	2	0	0
PAPNPA_03317	contig_50	152794	153453	-	GEGEGB_02172	1	persistent	2	0	0
PAPNPA_03318	contig_50	153599	154345	-	GEGEGB_02171	1	persistent	2	0	1
PAPNPA_03319	contig_50	154693	154872	+	BENMGJ_04497	1	cloud	2	0	0
PAPNPA_03320	contig_50	154822	155325	-	GEGEGB_02170	1	persistent	2	0	1
PAPNPA_03321	contig_50	155628	156515	-	GEGEGB_02169	1	persistent	2	0	0
PAPNPA_03322	contig_50	156869	157384	+	GEGEGB_02168	1	persistent	2	0	1
PAPNPA_03323	contig_50	157447	159027	-	LNHIMF_00963	1	persistent	2	1	0
PAPNPA_03324	contig_50	159292	159420	-	GEGEGB_02163	1	persistent	2	0	0
PAPNPA_03325	contig_50	159606	160079	+	GEGEGB_02162	1	persistent	2	0	0
PAPNPA_03326	contig_50	160076	161188	+	GEGEGB_02161	1	persistent	2	0	0
PAPNPA_03327	contig_50	161232	162152	-	GEGEGB_02160	1	persistent	2	0	0
PAPNPA_03328	contig_50	162371	163963	+	GEGEGB_02159	1	persistent	2	1	0
PAPNPA_03329	contig_50	164210	165106	+	BEJGEH_00840	1	shell	2	0	1
PAPNPA_03330	contig_50	165135	165575	-	GEGEGB_02157	2	persistent	2	1	3
PAPNPA_03331	contig_50	166059	167324	-	LNHIMF_00969	1	persistent	2	0	2
PAPNPA_03332	contig_50	167470	167583	+	ONMMKP_01271	1	cloud	2	0	0
PAPNPA_03333	contig_50	167586	168395	+	GEGEGB_02157	2	persistent	2	1	3
PAPNPA_03334	contig_50	168473	170905	-	LNHIMF_00971	1	persistent	2	0	0
PAPNPA_03335	contig_50	170911	171810	-	GEGEGB_02155	1	persistent	2	0	0
PAPNPA_03336	contig_50	172088	172837	-	LNHIMF_00973	1	persistent	2	0	0
PAPNPA_03337	contig_50	172837	174072	-	LNHIMF_00974	1	persistent	2	0	0
PAPNPA_03338	contig_50	174276	175217	+	GEGEGB_02152	1	persistent	2	0	0
PAPNPA_03339	contig_50	175228	177099	+	GEGEGB_02151	1	persistent	2	0	0
PAPNPA_03340	contig_50	177132	178670	+	GEGEGB_02150	1	persistent	2	0	0
PAPNPA_03341	contig_50	178731	179651	+	GEGEGB_02149	1	persistent	2	0	0
PAPNPA_03342	contig_50	179654	180565	+	GEGEGB_02148	1	persistent	2	0	0
PAPNPA_03343	contig_50	180656	181981	-	LNHIMF_00980	1	persistent	2	0	0
PAPNPA_03344	contig_50	182212	182595	+	GEGEGB_02146	1	persistent	1	1	2
PAPNPA_03345	contig_50	182714	183835	+	PAPNPA_03345	1	cloud	2	0	0
PAPNPA_03346	contig_50	183832	184458	-	GEGEGB_02144	1	persistent	1	1	2
PAPNPA_03347	contig_50	184834	185904	+	GEGEGB_02143	1	persistent	2	0	0
PAPNPA_03348	contig_50	185950	186708	-	GEGEGB_02142	1	persistent	2	0	0
PAPNPA_03349	contig_50	186780	187454	-	GEGEGB_02141	1	persistent	2	0	0
PAPNPA_03350	contig_50	187701	188933	+	GEGEGB_02140	1	persistent	2	0	0
PAPNPA_03351	contig_50	188987	189802	-	GEGEGB_02139	1	persistent	2	0	0
PAPNPA_03352	contig_50	189799	191010	-	LNHIMF_00998	1	persistent	2	0	0
PAPNPA_03353	contig_50	191178	191798	+	LNHIMF_00999	1	persistent	2	0	0
PAPNPA_03355	contig_50	191915	193600	-	GEGEGB_02135	1	persistent	2	0	0
PAPNPA_03356	contig_50	193871	194248	+	LNHIMF_01002	1	persistent	2	0	0
PAPNPA_03357	contig_50	194280	194543	-	GEGEGB_02133	1	persistent	2	0	0
PAPNPA_03358	contig_50	194713	195003	+	LNHIMF_01004	1	persistent	2	0	0
PAPNPA_03359	contig_50	194987	195709	+	BEJGEH_00869	1	persistent	2	0	0
PAPNPA_03360	contig_50	195767	196669	+	GEGEGB_02130	1	persistent	2	0	0
PAPNPA_03361	contig_50	196766	197242	+	GEGEGB_02129	1	persistent	2	0	0
PAPNPA_03362	contig_50	197588	198703	+	LNHIMF_01008	1	persistent	2	0	0
PAPNPA_03363	contig_50	198791	199924	+	LNHIMF_01009	1	persistent	2	0	0
PAPNPA_03364	contig_50	199934	200887	+	LNHIMF_01010	1	persistent	2	0	0
PAPNPA_03365	contig_50	200884	201729	+	GEGEGB_02125	1	persistent	2	0	0
PAPNPA_03366	contig_50	201875	202276	+	GEGEGB_02124	1	persistent	2	0	0
PAPNPA_03367	contig_50	202319	203446	+	AJBGEP_00912	1	persistent	2	0	0
PAPNPA_03368	contig_50	203741	205084	+	BEJGEH_00878	1	persistent	2	0	0
PAPNPA_03369	contig_50	205114	205434	+	LNHIMF_01015	1	persistent	2	0	0
PAPNPA_03370	contig_50	205444	206931	+	LNHIMF_01016	1	persistent	2	0	0
PAPNPA_03371	contig_50	207150	207881	-	GEGEGB_02119	1	persistent	2	0	0
PAPNPA_03372	contig_50	208118	208786	-	GEGEGB_02118	1	persistent	2	0	0
PAPNPA_03373	contig_50	208786	209502	-	GEGEGB_02117	1	persistent	2	0	0
PAPNPA_03374	contig_50	209509	210240	-	LNHIMF_01020	1	persistent	2	0	0
PAPNPA_03375	contig_50	210258	210986	-	GEGEGB_02115	1	persistent	2	0	0
PAPNPA_03376	contig_50	211216	211731	-	GEGEGB_02114	1	persistent	2	0	0
PAPNPA_03377	contig_50	211859	212182	+	GEGEGB_02113	1	persistent	2	0	0
PAPNPA_03378	contig_50	212179	213009	+	GEGEGB_02112	1	persistent	2	0	0
PAPNPA_03379	contig_50	213006	214019	-	GEGEGB_02111	1	persistent	2	0	0
PAPNPA_03380	contig_50	214115	215548	-	LNHIMF_01026	1	persistent	2	0	0
PAPNPA_03381	contig_50	215559	216560	-	LNHIMF_01027	1	persistent	2	0	0
PAPNPA_03382	contig_50	216599	218317	-	GEGEGB_02108	1	persistent	2	0	0
PAPNPA_03383	contig_50	218475	219443	-	LNHIMF_01029	1	persistent	2	0	0
PAPNPA_03384	contig_50	219455	221107	-	LNHIMF_01030	1	persistent	2	0	0
PAPNPA_03385	contig_50	221251	222150	-	GEGEGB_02105	1	persistent	2	0	0
PAPNPA_03386	contig_50	222352	224010	+	LNHIMF_01032	1	persistent	2	0	0
PAPNPA_03387	contig_50	224007	224957	-	LNHIMF_01033	1	persistent	2	0	0
PAPNPA_03388	contig_50	225103	226221	+	GEGEGB_02102	1	persistent	2	0	0
PAPNPA_03389	contig_50	226218	228164	+	GEGEGB_02101	1	persistent	2	0	0
PAPNPA_03390	contig_50	228294	228515	-	GEGEGB_02100	1	persistent	2	0	0
PAPNPA_03391	contig_50	228839	229159	+	GEGEGB_02099	1	persistent	2	0	0
PAPNPA_03392	contig_50	229190	231466	+	LNHIMF_01038	1	persistent	2	4	1
PAPNPA_03393	contig_50	231874	232152	+	HFCAGB_04723	3	shell	1	1	8
PAPNPA_03394	contig_50	232136	232384	-	PAPNPA_03394	1	cloud	0	1	1
PAPNPA_03396	contig_50	232436	232717	+	HFCAGB_04726	2	cloud	0	2	3
PAPNPA_03397	contig_50	233267	234187	-	PAPNPA_03397	1	cloud	0	0	2
PAPNPA_03398	contig_50	234405	235577	+	PAPNPA_03398	1	cloud	0	0	2
PAPNPA_03399	contig_50	235597	236316	-	PAPNPA_03399	1	cloud	0	0	2
PAPNPA_03400	contig_50	236351	237319	-	PAPNPA_03400	1	cloud	0	0	2
PAPNPA_03401	contig_50	237414	239081	-	PAPNPA_03401	1	cloud	0	0	2
PAPNPA_03402	contig_50	239170	240225	-	PAPNPA_03402	1	cloud	0	0	2
PAPNPA_03403	contig_50	240323	241447	-	PAPNPA_03403	1	cloud	0	0	2
PAPNPA_03404	contig_50	241815	241991	+	PAPNPA_03404	1	cloud	0	0	2
PAPNPA_03405	contig_50	242032	243303	+	PAPNPA_03405	1	cloud	0	0	2
PAPNPA_03406	contig_50	243357	243809	+	PAPNPA_03406	1	cloud	0	0	2
PAPNPA_03407	contig_50	243820	244866	+	PAPNPA_03407	1	cloud	0	0	2
PAPNPA_03408	contig_50	244986	246308	+	PAPNPA_03408	1	cloud	0	0	2
PAPNPA_03409	contig_50	246505	247851	+	PAPNPA_03409	1	cloud	0	0	2
PAPNPA_03410	contig_50	248052	248267	-	PAPNPA_03410	1	cloud	0	0	2
PAPNPA_03411	contig_50	249328	250671	+	PAPNPA_03411	1	cloud	0	0	2
PAPNPA_03412	contig_50	250918	251169	-	PAPNPA_03412	1	cloud	0	1	1
PAPNPA_03413	contig_50	251744	251980	-	LNHIMF_00818	3	shell	12	5	5
PAPNPA_03414	contig_50	252311	252664	+	BEJGEH_01963	3	shell	0	2	0
PAPNPA_03415	contig_50	252598	252999	-	LNHIMF_00819	3	shell	12	3	3
PAPNPA_03417	contig_50	253523	254200	-	GEGEGB_03971	2	persistent	5	2	3
PAPNPA_03418	contig_50	254220	255080	-	LNHIMF_01041	1	persistent	2	0	0
PAPNPA_03419	contig_50	255189	256100	+	GEGEGB_02092	1	persistent	2	0	0
PAPNPA_03420	contig_50	256191	256409	-	GEGEGB_02091	1	persistent	2	0	0
PAPNPA_03421	contig_50	256721	257425	-	GEGEGB_02090	1	persistent	2	0	0
PAPNPA_03422	contig_50	257470	259191	-	LNHIMF_01045	1	persistent	2	0	0
PAPNPA_03423	contig_50	259192	260958	-	GEGEGB_02088	1	persistent	2	0	0
PAPNPA_03424	contig_50	261072	262040	-	GEGEGB_02087	1	persistent	2	0	1
PAPNPA_03425	contig_50	262587	263081	+	LNHIMF_01048	1	persistent	2	0	0
PAPNPA_03426	contig_50	263216	267250	+	ONMMKP_01187	1	persistent	2	0	0
PAPNPA_03427	contig_50	267393	268004	+	LNHIMF_01050	1	persistent	2	0	0
PAPNPA_03428	contig_50	268014	269357	+	GEGEGB_02083	1	persistent	2	0	0
PAPNPA_03429	contig_50	269616	270908	+	GEGEGB_02082	1	persistent	2	0	0
PAPNPA_03431	contig_50	271146	273590	+	LNHIMF_01054	1	persistent	2	0	0
PAPNPA_03432	contig_50	273601	274218	+	GEGEGB_01496	2	persistent	4	0	0
PAPNPA_03433	contig_50	274220	275083	+	GEGEGB_02078	1	persistent	2	0	0
PAPNPA_03434	contig_50	275433	276581	+	LNHIMF_01057	1	persistent	2	0	0
PAPNPA_03435	contig_50	276799	278220	+	GEGEGB_02076	1	persistent	2	0	0
PAPNPA_03436	contig_50	278513	279310	-	GEGEGB_02075	1	persistent	3	0	1
PAPNPA_03437	contig_50	279429	279611	-	PAPNPA_03437	1	cloud	2	0	0
PAPNPA_03438	contig_50	279896	280855	+	LNHIMF_01061	1	persistent	3	0	1
PAPNPA_03439	contig_50	280927	283209	-	GEGEGB_02071	1	persistent	2	0	1
PAPNPA_03440	contig_50	283269	284126	-	GEGEGB_02070	1	persistent	2	0	0
PAPNPA_03441	contig_50	284531	286291	-	LNHIMF_01064	1	persistent	2	0	0
PAPNPA_03442	contig_50	286428	287120	+	LNHIMF_01065	1	persistent	2	0	0
PAPNPA_03443	contig_50	287306	288394	+	GEGEGB_02067	1	persistent	2	0	0
PAPNPA_03444	contig_50	288465	289748	+	GEGEGB_02066	1	persistent	2	0	0
PAPNPA_03445	contig_50	289891	290652	+	BEJGEH_00936	1	persistent	2	0	0
PAPNPA_03446	contig_50	290825	291508	+	GEGEGB_02064	1	persistent	2	0	0
PAPNPA_03447	contig_51	236	1264	-	LNHIMF_04623	1	persistent	2	0	0
PAPNPA_03448	contig_51	1367	1804	+	BEJGEH_04659	1	persistent	2	0	1
PAPNPA_03449	contig_51	1749	2195	+	LNHIMF_04625	1	persistent	2	0	0
PAPNPA_03450	contig_51	2214	2894	+	LNHIMF_04626	1	persistent	2	0	0
PAPNPA_03451	contig_51	2986	4575	+	GEGEGB_04861	1	persistent	2	0	0
PAPNPA_03452	contig_51	4977	5594	+	GEGEGB_04862	1	persistent	2	0	0
PAPNPA_03453	contig_51	5723	5884	+	GEGEGB_04863	1	persistent	2	0	0
PAPNPA_03454	contig_51	5987	7081	+	LNHIMF_04630	1	persistent	2	0	0
PAPNPA_03455	contig_51	7078	7851	+	LNHIMF_04631	1	persistent	1	2	0
PAPNPA_03456	contig_51	7884	8471	-	BEJGEH_04667	1	shell	2	0	0
PAPNPA_03457	contig_51	8719	10269	-	BEJGEH_04668	1	persistent	1	2	0
PAPNPA_03458	contig_51	10529	11308	+	GEGEGB_04868	1	persistent	2	0	0
PAPNPA_03459	contig_51	11432	12754	+	GEGEGB_04869	1	persistent	2	0	0
PAPNPA_03460	contig_51	12806	14029	+	GEGEGB_04870	1	persistent	2	0	0
PAPNPA_03461	contig_51	14239	14958	+	GEGEGB_04871	1	persistent	1	1	2
PAPNPA_03462	contig_51	14996	15568	-	BEJGEH_04673	1	shell	1	1	0
PAPNPA_03463	contig_51	15565	17973	-	BEJGEH_04674	1	shell	0	2	0
PAPNPA_03464	contig_51	17987	18694	-	BEJGEH_04675	1	shell	0	2	0
PAPNPA_03465	contig_51	18772	19461	-	BEJGEH_04676	1	shell	0	2	0
PAPNPA_03466	contig_51	19509	20198	-	AJBGEP_04792	1	shell	1	1	0
PAPNPA_03467	contig_51	20509	21525	-	BEJGEH_04678	1	persistent	1	1	2
PAPNPA_03468	contig_51	21559	22203	-	GEGEGB_04874	1	persistent	2	0	0
PAPNPA_03469	contig_51	22320	23288	+	GEGEGB_04875	1	persistent	2	0	0
PAPNPA_03470	contig_51	23372	24754	+	GEGEGB_04876	1	persistent	2	0	0
PAPNPA_03471	contig_51	24905	26137	+	GEGEGB_04877	1	persistent	2	0	0
PAPNPA_03472	contig_51	26255	27922	-	LNHIMF_04644	1	persistent	2	0	0
PAPNPA_03473	contig_51	28131	30068	+	GEGEGB_04879	1	persistent	2	0	0
PAPNPA_03474	contig_51	30126	30452	+	GEGEGB_04880	1	persistent	2	0	1
PAPNPA_03475	contig_51	30554	31069	-	BEJGEH_04686	1	persistent	2	0	0
PAPNPA_03476	contig_51	31118	31765	+	LNHIMF_04648	1	persistent	2	0	1
PAPNPA_03477	contig_51	31762	32631	-	LNHIMF_04649	1	persistent	2	0	0
PAPNPA_03478	contig_51	32731	32838	+	LNHIMF_04650	1	persistent	2	0	0
PAPNPA_03479	contig_51	32828	33316	+	GEGEGB_04885	1	persistent	2	0	0
PAPNPA_03480	contig_51	33329	34018	+	LNHIMF_04652	1	persistent	2	0	0
PAPNPA_03481	contig_51	34018	35442	+	BEJGEH_04692	1	persistent	2	0	0
PAPNPA_03482	contig_51	35500	36849	+	GEGEGB_04888	1	persistent	2	0	1
PAPNPA_03483	contig_51	36907	37992	-	BEJGEH_04694	1	persistent	2	0	0
PAPNPA_03484	contig_51	38033	38590	-	LNHIMF_04656	1	persistent	2	0	1
PAPNPA_03485	contig_51	38608	41145	-	LNHIMF_04657	1	persistent	2	0	0
PAPNPA_03486	contig_51	41191	41874	-	LNHIMF_04658	1	persistent	2	0	0
PAPNPA_03487	contig_51	41945	42490	-	LNHIMF_04659	1	persistent	2	0	0
PAPNPA_03488	contig_51	42829	43500	-	GEGEGB_04895	1	persistent	2	0	1
PAPNPA_03489	contig_51	43885	44199	-	BEJGEH_04700	1	persistent	2	0	0
PAPNPA_03490	contig_51	44466	45182	-	GEGEGB_04897	1	persistent	2	0	1
PAPNPA_03491	contig_51	45818	46504	+	LNHIMF_04663	1	persistent	2	0	0
PAPNPA_03492	contig_51	46697	46783	+	GEGEGB_00001	1	persistent	2	0	0
PAPNPA_03493	contig_51	46865	49327	+	GEGEGB_00002	1	persistent	2	0	0
PAPNPA_03494	contig_51	49329	50258	+	GEGEGB_00003	1	persistent	2	0	0
PAPNPA_03495	contig_51	50262	51548	+	GEGEGB_00004	1	persistent	2	0	0
PAPNPA_03496	contig_51	51642	52415	-	GEGEGB_00005	1	persistent	2	0	0
PAPNPA_03497	contig_51	52494	53924	-	GEGEGB_00006	1	persistent	2	0	0
PAPNPA_03498	contig_51	54193	55146	+	GEGEGB_00007	1	persistent	2	0	0
PAPNPA_03499	contig_51	55257	55847	+	GEGEGB_00008	1	persistent	2	0	0
PAPNPA_03500	contig_51	55904	56470	-	GEGEGB_00009	1	persistent	2	0	0
PAPNPA_03501	contig_51	56620	57333	-	GEGEGB_00010	1	persistent	2	0	0
PAPNPA_03502	contig_51	57369	57773	-	GEGEGB_00011	1	persistent	2	0	0
PAPNPA_03503	contig_51	58122	60038	+	GEGEGB_00012	1	persistent	2	0	0
PAPNPA_03505	contig_51	60124	61263	+	GEGEGB_00014	1	persistent	2	0	1
PAPNPA_03506	contig_51	61210	61350	-	BEJGEH_00015	1	cloud	2	0	0
PAPNPA_03507	contig_51	61543	62490	+	GEGEGB_00015	1	persistent	2	0	1
PAPNPA_03508	contig_51	62617	62961	+	LNHIMF_00016	1	persistent	2	0	0
PAPNPA_03509	contig_51	63022	63555	-	LNHIMF_00017	1	persistent	2	0	0
PAPNPA_03510	contig_51	63572	64015	-	GEGEGB_00018	1	persistent	2	0	0
PAPNPA_03511	contig_51	64396	66495	+	BEJGEH_00020	1	persistent	2	0	0
PAPNPA_03512	contig_51	66588	69584	+	LNHIMF_00020	1	persistent	2	0	0
PAPNPA_03513	contig_51	69865	70569	+	BEJGEH_00022	1	persistent	2	0	0
PAPNPA_03514	contig_51	70999	71541	+	LNHIMF_00022	1	persistent	2	0	0
PAPNPA_03515	contig_51	71642	72328	+	LNHIMF_00023	1	persistent	2	0	0
PAPNPA_03516	contig_51	72333	74954	+	LNHIMF_00024	1	persistent	2	0	0
PAPNPA_03517	contig_51	74955	75962	+	LNHIMF_00025	1	persistent	2	0	0
PAPNPA_03518	contig_51	75963	76508	+	LNHIMF_00026	1	persistent	2	0	0
PAPNPA_03519	contig_51	76524	77042	+	GEGEGB_00030	1	persistent	2	0	0
PAPNPA_03520	contig_51	77008	77739	+	LNHIMF_00028	1	persistent	2	0	0
PAPNPA_03521	contig_51	77804	78649	+	LNHIMF_00029	1	persistent	2	0	1
PAPNPA_03522	contig_51	78688	78975	+	LNHIMF_00030	1	persistent	2	1	0
PAPNPA_03523	contig_51	79075	79524	-	GEGEGB_00034	1	persistent	1	1	1
PAPNPA_03524	contig_51	80264	80476	+	PAPNPA_03524	1	cloud	1	0	3
PAPNPA_03525	contig_51	80501	80848	+	PAPNPA_03525	1	cloud	0	0	2
PAPNPA_03526	contig_51	81432	82196	+	ALJMDI_04058	1	cloud	1	0	2
PAPNPA_03527	contig_51	82217	83710	+	LNHIMF_00037	1	persistent	0	2	2
PAPNPA_03528	contig_51	83814	85010	+	ONMMKP_02145	1	cloud	1	0	1
PAPNPA_03529	contig_51	85028	86281	+	PAPNPA_03529	1	cloud	0	0	2
PAPNPA_03530	contig_51	86400	86657	+	PAPNPA_03530	1	cloud	2	0	1
PAPNPA_03531	contig_51	86968	88134	+	LNHIMF_00041	1	persistent	2	0	1
PAPNPA_03532	contig_51	88202	89095	+	GEGEGB_00045	1	persistent	2	0	0
PAPNPA_03533	contig_51	89150	91189	-	LNHIMF_00043	1	persistent	2	0	0
PAPNPA_03534	contig_51	91229	92602	-	LNHIMF_00044	1	persistent	2	0	1
PAPNPA_03535	contig_51	93103	93312	+	LNHIMF_00045	1	persistent	2	0	0
PAPNPA_03536	contig_51	93656	94594	+	GEGEGB_00049	1	persistent	2	0	1
PAPNPA_03537	contig_51	94639	97473	+	LNHIMF_00047	1	persistent	2	0	0
PAPNPA_03538	contig_51	97473	97973	+	LNHIMF_00048	1	persistent	2	0	0
PAPNPA_03539	contig_51	98128	98577	+	GEGEGB_00052	1	persistent	2	0	0
PAPNPA_03540	contig_51	98580	99530	+	GEGEGB_00053	1	persistent	2	0	0
PAPNPA_03542	contig_51	99730	100932	+	AJBGEP_00052	1	persistent	2	0	0
PAPNPA_03543	contig_51	100948	101868	+	GEGEGB_00056	1	persistent	2	0	0
PAPNPA_03544	contig_51	101890	102576	-	GEGEGB_00057	1	persistent	2	0	0
PAPNPA_03545	contig_51	102578	104236	-	BEJGEH_00056	1	persistent	2	0	0
PAPNPA_03546	contig_51	104332	105633	-	LNHIMF_00056	3	persistent	4	0	0
PAPNPA_03547	contig_51	105646	107421	-	GEGEGB_00060	3	persistent	2	0	1
PAPNPA_03548	contig_51	107437	107676	-	AJBGEP_03535	3	persistent	3	1	0
PAPNPA_03549	contig_51	107835	109175	-	GEGEGB_00062	1	persistent	2	0	0
PAPNPA_03550	contig_51	109495	110463	+	GEGEGB_00063	1	persistent	2	0	0
PAPNPA_03551	contig_51	110493	110786	+	GEGEGB_00064	1	persistent	2	0	0
PAPNPA_03552	contig_51	110783	111652	+	LNHIMF_00062	1	persistent	2	0	0
PAPNPA_03553	contig_51	111663	113183	+	LNHIMF_00063	1	persistent	2	0	0
PAPNPA_03554	contig_51	113183	113734	+	GEGEGB_00067	1	persistent	2	0	0
PAPNPA_03555	contig_51	113712	114620	+	LNHIMF_00065	1	persistent	2	0	0
PAPNPA_03556	contig_51	114800	115621	+	GEGEGB_00069	1	persistent	2	1	1
PAPNPA_03557	contig_51	115752	116027	-	AJBGEP_00067	1	shell	2	0	0
PAPNPA_03558	contig_51	116663	117811	+	LNHIMF_00068	1	persistent	2	1	1
PAPNPA_03559	contig_51	117830	121057	+	LNHIMF_00069	1	persistent	2	1	0
PAPNPA_03560	contig_51	121331	121726	+	GEGEGB_00072	1	persistent	2	1	0
PAPNPA_03561	contig_51	121804	122400	-	GEGEGB_00073	1	persistent	2	0	0
PAPNPA_03562	contig_51	122510	123295	-	LNHIMF_00072	1	persistent	2	0	0
PAPNPA_03563	contig_51	123349	124902	-	LNHIMF_00073	1	persistent	2	0	0
PAPNPA_03564	contig_51	124965	126182	-	GEGEGB_00076	1	persistent	2	0	0
PAPNPA_03565	contig_51	126294	127436	-	GEGEGB_00077	1	persistent	2	0	0
PAPNPA_03566	contig_51	127471	128988	-	LNHIMF_00076	1	persistent	2	0	0
PAPNPA_03567	contig_51	129469	130239	+	GEGEGB_00079	1	persistent	2	0	0
PAPNPA_03568	contig_51	130255	131196	+	GEGEGB_00080	1	persistent	2	0	0
PAPNPA_03569	contig_51	131246	132532	+	GEGEGB_00081	1	persistent	2	0	0
PAPNPA_03570	contig_51	132529	132816	+	GEGEGB_00082	1	persistent	2	0	0
PAPNPA_03572	contig_51	132963	134303	+	GEGEGB_00084	1	persistent	2	0	0
PAPNPA_03573	contig_51	134392	134622	+	GEGEGB_00085	1	persistent	3	0	0
PAPNPA_03574	contig_51	134916	135338	+	GEGEGB_00086	1	persistent	2	0	0
PAPNPA_03575	contig_51	135562	135852	-	GEGEGB_00088	1	persistent	2	0	0
PAPNPA_03576	contig_51	136750	138639	+	BEJGEH_00088	1	persistent	2	0	0
PAPNPA_03577	contig_51	139046	139576	+	LNHIMF_00088	1	persistent	3	0	0
PAPNPA_03578	contig_51	139569	141431	+	GEGEGB_00093	1	persistent	2	0	0
PAPNPA_03579	contig_51	141630	142109	+	GEGEGB_00094	1	persistent	2	0	0
PAPNPA_03580	contig_51	142215	143063	-	GEGEGB_00095	1	persistent	2	0	0
PAPNPA_03581	contig_51	143074	143451	-	LNHIMF_00092	1	persistent	2	0	0
PAPNPA_03582	contig_51	143454	144275	-	GEGEGB_00097	1	persistent	2	0	0
PAPNPA_03583	contig_51	144272	145261	-	GEGEGB_00098	1	persistent	2	0	0
PAPNPA_03584	contig_51	145261	146547	-	GEGEGB_00099	1	persistent	2	0	0
PAPNPA_03585	contig_51	146601	148961	-	GEGEGB_00100	1	persistent	2	0	0
PAPNPA_03586	contig_51	149217	150029	+	GEGEGB_00101	1	persistent	2	0	0
PAPNPA_03587	contig_51	150124	150783	-	LNHIMF_00098	1	persistent	2	0	0
PAPNPA_03588	contig_51	150795	153701	-	GEGEGB_00103	1	persistent	2	0	0
PAPNPA_03589	contig_51	153875	156226	-	LNHIMF_00100	1	persistent	2	0	2
PAPNPA_03590	contig_51	156270	156890	-	HFCAGB_00098	1	persistent	2	0	1
PAPNPA_03591	contig_51	157408	157827	+	GEGEGB_00109	1	persistent	2	0	1
PAPNPA_03592	contig_51	157833	158528	-	BEJGEH_00107	1	persistent	2	0	1
PAPNPA_03593	contig_51	158669	160171	-	LNHIMF_00104	1	persistent	2	0	0
PAPNPA_03594	contig_51	160182	161891	-	GEGEGB_00112	1	persistent	2	0	0
PAPNPA_03595	contig_51	162232	163077	+	LNHIMF_00106	1	persistent	2	0	0
PAPNPA_03596	contig_51	163196	163963	+	GEGEGB_00114	1	persistent	2	0	0
PAPNPA_03597	contig_51	164002	164709	-	GEGEGB_00115	1	persistent	2	0	0
PAPNPA_03598	contig_51	164693	166303	-	LNHIMF_00109	1	persistent	2	0	0
PAPNPA_03599	contig_51	166279	167262	-	GEGEGB_00117	1	persistent	2	0	0
PAPNPA_03600	contig_51	167440	169098	-	GEGEGB_00118	1	persistent	2	0	0
PAPNPA_03602	contig_51	169191	169313	+	GEGEGB_00120	1	persistent	2	0	1
PAPNPA_03603	contig_51	169649	170254	-	LNHIMF_00114	1	persistent	2	0	1
PAPNPA_03604	contig_51	170265	171665	-	GEGEGB_00122	1	persistent	2	0	0
PAPNPA_03605	contig_51	171668	172759	-	LNHIMF_00116	1	persistent	2	0	0
PAPNPA_03606	contig_51	172759	174330	-	LNHIMF_00117	1	persistent	2	0	0
PAPNPA_03607	contig_51	174418	174504	-	LNHIMF_00118	1	persistent	2	0	0
PAPNPA_03608	contig_51	175161	176105	+	LNHIMF_00119	1	persistent	2	0	0
PAPNPA_03609	contig_51	176427	178151	+	BEJGEH_00124	1	persistent	2	0	0
PAPNPA_03610	contig_51	178151	178645	+	LNHIMF_00121	1	persistent	2	0	0
PAPNPA_03611	contig_51	178928	179932	+	GEGEGB_00129	1	persistent	2	0	0
PAPNPA_03612	contig_51	180538	180996	+	LNHIMF_00123	1	persistent	2	0	0
PAPNPA_03613	contig_51	180998	181939	+	LNHIMF_00124	1	persistent	2	0	0
PAPNPA_03614	contig_51	181936	182301	+	GEGEGB_00132	1	persistent	2	0	0
PAPNPA_03615	contig_51	182317	184083	+	GEGEGB_00133	1	persistent	2	0	0
PAPNPA_03616	contig_51	184070	185557	+	GEGEGB_00134	1	persistent	2	0	0
PAPNPA_03617	contig_51	185554	186912	+	LNHIMF_00128	1	persistent	2	0	0
PAPNPA_03618	contig_51	186906	187988	+	GEGEGB_00136	1	persistent	2	0	0
PAPNPA_03619	contig_51	187991	189307	+	LNHIMF_00130	1	persistent	2	0	0
PAPNPA_03620	contig_51	189307	190551	+	GEGEGB_00138	1	persistent	2	0	0
PAPNPA_03621	contig_51	190548	191615	+	LNHIMF_00132	1	persistent	2	0	0
PAPNPA_03622	contig_51	191734	193209	+	GEGEGB_00140	1	persistent	2	0	0
PAPNPA_03623	contig_51	193202	194122	+	HFCAGB_00133	1	persistent	2	0	0
PAPNPA_03624	contig_51	194124	194954	+	GEGEGB_00142	1	persistent	2	0	0
PAPNPA_03625	contig_51	194951	196213	+	GEGEGB_00143	1	persistent	2	0	0
PAPNPA_03627	contig_51	196274	197425	+	LNHIMF_00138	1	persistent	2	0	0
PAPNPA_03628	contig_51	197526	198443	+	LNHIMF_00139	1	persistent	2	0	0
PAPNPA_03629	contig_51	198722	199219	+	GEGEGB_00147	1	persistent	2	0	0
PAPNPA_03630	contig_51	199281	201986	+	LNHIMF_00141	1	persistent	2	0	0
PAPNPA_03632	contig_51	202142	202537	+	GEGEGB_00150	1	persistent	2	0	2
PAPNPA_03633	contig_51	202571	203560	-	BEJGEH_00148	1	cloud	1	0	1
PAPNPA_03634	contig_51	203664	204587	+	BEJGEH_00149	1	cloud	2	0	1
PAPNPA_03635	contig_51	204584	204775	-	GEGEGB_00153	1	persistent	2	0	1
PAPNPA_03636	contig_51	204785	205528	-	GEGEGB_00154	1	persistent	2	0	0
PAPNPA_03637	contig_51	205528	206148	-	GEGEGB_00155	1	persistent	2	0	0
PAPNPA_03638	contig_51	206374	207417	+	GEGEGB_00156	1	persistent	2	0	0
PAPNPA_03639	contig_51	207448	208650	-	LNHIMF_00148	1	persistent	2	0	0
PAPNPA_03640	contig_51	208640	210025	-	LNHIMF_00149	1	persistent	2	0	0
PAPNPA_03641	contig_51	210035	210472	-	GEGEGB_00159	1	persistent	2	0	0
PAPNPA_03642	contig_51	210694	211587	-	LNHIMF_00151	1	persistent	2	0	0
PAPNPA_03643	contig_51	211675	212238	+	GEGEGB_00161	1	persistent	2	0	0
PAPNPA_03644	contig_51	212235	213089	+	LNHIMF_00153	1	persistent	2	0	0
PAPNPA_03645	contig_51	213181	214131	-	LNHIMF_00154	1	persistent	2	0	0
PAPNPA_03646	contig_51	214131	215537	-	BEJGEH_00161	1	persistent	2	0	0
PAPNPA_03647	contig_51	215701	217071	-	GEGEGB_00165	1	persistent	2	0	0
PAPNPA_03648	contig_51	217637	218401	+	GEGEGB_00166	1	persistent	2	0	0
PAPNPA_03650	contig_51	218561	221224	+	GEGEGB_00168	1	persistent	2	0	0
PAPNPA_03651	contig_51	221239	223128	+	BEJGEH_00166	1	persistent	2	0	0
PAPNPA_03652	contig_51	223329	224753	+	GEGEGB_00170	1	persistent	2	0	0
PAPNPA_03654	contig_51	225042	225326	+	GEGEGB_00172	1	persistent	2	0	0
PAPNPA_03655	contig_51	225364	226155	-	GEGEGB_00173	1	persistent	2	0	0
PAPNPA_03656	contig_51	226168	227796	-	GEGEGB_00174	1	persistent	2	0	0
PAPNPA_03657	contig_51	228185	230782	+	GEGEGB_00175	1	persistent	2	1	2
PAPNPA_03658	contig_51	230814	231785	-	BENMGJ_01546	1	cloud	1	0	1
PAPNPA_03659	contig_51	231858	232946	+	BENMGJ_01545	1	cloud	0	0	2
PAPNPA_03660	contig_51	232980	233288	+	BEJGEH_00175	1	cloud	0	0	2
PAPNPA_03661	contig_51	233303	234235	-	BENMGJ_01543	1	cloud	0	0	2
PAPNPA_03662	contig_51	234310	235443	+	PAPNPA_03662	1	cloud	0	1	1
PAPNPA_03663	contig_51	235664	236128	-	BEJGEH_00178	1	shell	1	1	2
PAPNPA_03664	contig_51	236545	236868	-	BEJGEH_00179	1	shell	1	1	1
PAPNPA_03665	contig_51	237139	237501	+	BEJGEH_00180	1	persistent	2	1	1
PAPNPA_03666	contig_51	237736	238689	+	GEGEGB_00177	1	persistent	2	0	0
PAPNPA_03667	contig_51	238686	239957	+	LNHIMF_00169	1	persistent	2	0	0
PAPNPA_03668	contig_51	239947	240930	+	LNHIMF_00170	1	persistent	2	0	0
PAPNPA_03669	contig_51	240940	241707	+	GEGEGB_00180	1	persistent	2	0	0
PAPNPA_03670	contig_51	241737	242531	-	GEGEGB_00181	1	persistent	2	0	0
PAPNPA_03671	contig_51	242552	243412	-	BEJGEH_00186	1	persistent	2	0	0
PAPNPA_03672	contig_51	243519	243905	-	GEGEGB_00183	1	persistent	2	0	0
PAPNPA_03673	contig_51	244068	245678	+	GEGEGB_00184	1	persistent	2	0	0
PAPNPA_03674	contig_51	245756	248146	-	GEGEGB_00185	1	persistent	2	0	0
PAPNPA_03675	contig_51	248352	248888	+	LNHIMF_00177	1	persistent	2	0	0
PAPNPA_03676	contig_51	248946	249608	-	LNHIMF_00178	1	persistent	2	0	0
PAPNPA_03677	contig_51	249717	250643	+	LNHIMF_00179	1	persistent	2	0	0
PAPNPA_03678	contig_51	250640	251410	+	GEGEGB_00189	1	persistent	3	0	0
PAPNPA_03679	contig_51	251524	252600	-	BEJGEH_00194	1	persistent	2	0	0
PAPNPA_03680	contig_51	252609	255167	-	LNHIMF_00182	1	persistent	2	0	0
PAPNPA_03681	contig_51	255182	255865	-	BEJGEH_00196	1	persistent	2	0	0
PAPNPA_03682	contig_51	255913	256446	-	PAPNPA_03682	1	persistent	2	0	0
PAPNPA_03683	contig_51	256816	257256	+	LNHIMF_00185	1	persistent	3	0	0
PAPNPA_03684	contig_51	257318	258547	+	BEJGEH_00199	1	persistent	2	0	1
PAPNPA_03685	contig_51	258549	259610	-	BENMGJ_01518	1	cloud	1	0	1
PAPNPA_03686	contig_51	259622	260221	-	BENMGJ_01517	1	cloud	0	0	2
PAPNPA_03687	contig_51	260240	260797	-	BENMGJ_01516	1	cloud	0	0	2
PAPNPA_03688	contig_51	260824	261396	-	BENMGJ_01515	1	cloud	0	0	2
PAPNPA_03689	contig_51	261431	264028	-	BENMGJ_01514	1	cloud	0	0	2
PAPNPA_03690	contig_51	264096	264854	-	ONMMKP_01986	1	cloud	0	0	2
PAPNPA_03691	contig_51	264941	265546	-	BENMGJ_01512	1	cloud	1	0	1
PAPNPA_03692	contig_51	265827	266207	-	GEGEGB_00192	1	persistent	2	0	1
PAPNPA_03693	contig_51	266302	267156	-	LNHIMF_00188	1	persistent	2	0	0
PAPNPA_03694	contig_51	267282	268073	-	LNHIMF_00189	1	persistent	2	0	2
PAPNPA_03695	contig_51	268194	268673	-	GEGEGB_00202	1	persistent	2	0	2
PAPNPA_03696	contig_51	268670	270088	-	LNHIMF_00198	1	persistent	2	0	0
PAPNPA_03697	contig_51	270229	271170	-	GEGEGB_00204	1	persistent	2	0	0
PAPNPA_03698	contig_51	271194	271649	-	GEGEGB_00205	1	persistent	2	0	0
PAPNPA_03699	contig_51	271826	272530	-	LNHIMF_00201	1	persistent	2	0	0
PAPNPA_03700	contig_51	272547	273077	-	GEGEGB_00207	1	persistent	2	0	0
PAPNPA_03701	contig_51	273105	275579	+	LNHIMF_00203	1	persistent	2	0	0
PAPNPA_03702	contig_51	275720	278242	+	LNHIMF_00204	1	persistent	2	0	1
PAPNPA_03703	contig_51	278535	280778	+	BEJGEH_00211	1	cloud	2	0	0
PAPNPA_03704	contig_51	280827	281624	+	GEGEGB_00212	1	persistent	2	0	1
PAPNPA_03705	contig_51	281624	282514	+	LNHIMF_00207	1	persistent	2	0	0
PAPNPA_03706	contig_51	282524	284569	+	LNHIMF_00208	1	persistent	2	2	1
PAPNPA_03707	contig_51	285509	286069	+	BEJGEH_00216	1	shell	1	2	1
PAPNPA_03708	contig_51	286155	288812	+	HFCAGB_00207	1	shell	0	2	0
PAPNPA_03709	contig_51	288830	289582	+	BEJGEH_00218	1	shell	0	2	0
PAPNPA_03710	contig_51	289601	290113	+	BEJGEH_00219	1	shell	0	2	0
PAPNPA_03711	contig_51	290110	290586	+	BEJGEH_00220	1	shell	0	2	0
PAPNPA_03712	contig_51	290586	291116	+	HFCAGB_00211	1	shell	0	2	1
PAPNPA_03713	contig_51	291113	291955	+	HFCAGB_00212	1	shell	1	1	0
PAPNPA_03714	contig_51	292054	293334	-	GEGEGB_00215	1	persistent	2	1	1
PAPNPA_03715	contig_51	293504	294925	+	LNHIMF_00210	1	persistent	2	0	0
PAPNPA_03716	contig_51	295007	295351	+	GEGEGB_00217	1	persistent	2	0	1
PAPNPA_03717	contig_51	295452	296075	-	GEGEGB_00218	1	persistent	2	0	1
PAPNPA_03718	contig_51	296112	296912	-	LNHIMF_00213	1	persistent	2	0	0
PAPNPA_03719	contig_51	296905	297603	-	GEGEGB_00220	1	persistent	2	0	0
PAPNPA_03720	contig_51	297688	299205	+	GEGEGB_00221	1	persistent	2	0	0
PAPNPA_03721	contig_51	299335	300762	+	LNHIMF_00216	1	persistent	2	0	0
PAPNPA_03722	contig_51	300915	302072	+	GEGEGB_00223	1	persistent	2	0	1
PAPNPA_03723	contig_51	302161	302547	-	GEGEGB_00224	1	persistent	2	0	2
PAPNPA_03724	contig_51	302794	304095	+	BEJGEH_00234	1	persistent	2	0	1
PAPNPA_03725	contig_51	304132	304956	-	LNHIMF_00221	1	persistent	2	0	0
PAPNPA_03726	contig_51	304986	307658	-	GEGEGB_00228	1	persistent	2	0	0
PAPNPA_03727	contig_51	307896	308690	-	GEGEGB_00229	1	persistent	2	0	1
PAPNPA_03729	contig_51	309141	309866	+	GEGEGB_00231	1	persistent	2	0	0
PAPNPA_03731	contig_51	310052	310975	+	GEGEGB_00233	1	persistent	2	0	0
PAPNPA_03732	contig_51	311120	311845	+	GEGEGB_00234	1	persistent	2	0	0
PAPNPA_03733	contig_51	311992	312549	+	GEGEGB_00235	1	persistent	2	0	0
PAPNPA_03734	contig_51	312691	313887	+	LNHIMF_00230	1	persistent	2	0	0
PAPNPA_03735	contig_51	314200	314958	+	BEJGEH_00245	1	persistent	2	0	0
PAPNPA_03736	contig_51	314971	315828	+	GEGEGB_00238	1	persistent	2	0	0
PAPNPA_03737	contig_51	315840	317192	+	GEGEGB_00239	1	persistent	2	0	0
PAPNPA_03738	contig_51	317224	319656	+	GEGEGB_00240	1	persistent	2	0	0
PAPNPA_03739	contig_51	319779	320264	+	GEGEGB_00241	1	persistent	2	0	0
PAPNPA_03740	contig_51	320268	321293	+	GEGEGB_00242	1	persistent	2	0	0
PAPNPA_03741	contig_51	321399	321854	+	GEGEGB_00243	1	persistent	2	0	0
PAPNPA_03742	contig_51	321858	322646	+	LNHIMF_00238	1	persistent	2	0	0
PAPNPA_03743	contig_51	322646	323794	+	GEGEGB_00245	1	persistent	2	0	0
PAPNPA_03744	contig_51	323791	324387	+	GEGEGB_00246	1	persistent	2	0	0
PAPNPA_03745	contig_51	324411	327893	+	GEGEGB_00247	1	persistent	2	0	0
PAPNPA_03746	contig_51	327906	328865	+	GEGEGB_00248	1	persistent	2	1	0
PAPNPA_03747	contig_51	329045	330808	+	BEJGEH_00257	1	persistent	2	1	0
PAPNPA_03748	contig_51	330884	333025	+	LNHIMF_00245	1	persistent	2	0	0
PAPNPA_03749	contig_51	333081	333470	+	GEGEGB_00254	1	persistent	2	0	0
PAPNPA_03750	contig_51	333533	334825	+	GEGEGB_00255	1	persistent	2	0	0
PAPNPA_03751	contig_51	334909	335169	-	GEGEGB_00256	1	persistent	2	0	0
PAPNPA_03752	contig_51	335156	335356	-	GEGEGB_00257	1	persistent	2	0	0
PAPNPA_03753	contig_51	335554	336099	+	GEGEGB_00258	1	persistent	2	0	0
PAPNPA_03754	contig_51	336096	336518	+	GEGEGB_00259	1	persistent	2	0	0
PAPNPA_03755	contig_51	336550	337251	+	GEGEGB_00260	1	persistent	2	2	0
PAPNPA_03756	contig_51	337325	339043	-	GEGEGB_00264	1	persistent	2	1	1
PAPNPA_03757	contig_51	339154	339861	-	LNHIMF_00254	1	persistent	2	0	0
PAPNPA_03758	contig_51	339858	340262	-	GEGEGB_00266	1	persistent	2	0	0
PAPNPA_03759	contig_51	340381	341196	-	LNHIMF_00256	1	persistent	2	0	0
PAPNPA_03760	contig_51	341235	341888	-	LNHIMF_00257	1	persistent	2	0	0
PAPNPA_03761	contig_51	341881	342912	-	LNHIMF_00258	1	persistent	2	0	0
PAPNPA_03762	contig_51	343102	343668	+	GEGEGB_00270	1	persistent	3	0	0
PAPNPA_03763	contig_52	22	1395	-	GEGEGB_01372	1	persistent	2	0	0
PAPNPA_03764	contig_52	1612	2253	+	GEGEGB_01373	1	persistent	2	0	0
PAPNPA_03765	contig_52	2295	3443	-	GEGEGB_01374	1	persistent	2	0	0
PAPNPA_03766	contig_52	3733	4938	-	LNHIMF_01479	1	persistent	2	0	0
PAPNPA_03767	contig_52	5051	5983	+	GEGEGB_01376	1	persistent	2	0	0
PAPNPA_03768	contig_52	5980	7005	-	GEGEGB_01377	1	persistent	2	0	0
PAPNPA_03770	contig_52	7301	7390	+	GEGEGB_01379	1	persistent	2	0	0
PAPNPA_03771	contig_52	7473	8054	-	GEGEGB_01380	1	persistent	2	0	0
PAPNPA_03772	contig_52	8181	9002	-	GEGEGB_01381	1	persistent	2	0	0
PAPNPA_03773	contig_52	9337	9684	+	GEGEGB_01382	1	persistent	2	0	0
PAPNPA_03774	contig_52	9762	10409	-	GEGEGB_01383	1	persistent	2	0	0
PAPNPA_03775	contig_52	10510	10917	-	GEGEGB_01384	1	persistent	2	0	0
PAPNPA_03776	contig_52	10986	12083	-	GEGEGB_01385	1	persistent	3	0	0
PAPNPA_03777	contig_52	12142	12741	-	GEGEGB_01386	1	persistent	3	0	0
PAPNPA_03778	contig_52	12844	13083	+	LNHIMF_01491	1	persistent	3	0	0
PAPNPA_03779	contig_52	13134	14030	+	GEGEGB_01387	1	persistent	3	0	0
PAPNPA_03780	contig_52	14110	14631	+	GEGEGB_01388	1	persistent	2	0	0
PAPNPA_03781	contig_52	14607	16646	-	LNHIMF_01494	1	persistent	2	0	0
PAPNPA_03782	contig_52	16646	17506	-	GEGEGB_01390	1	persistent	2	0	0
PAPNPA_03783	contig_52	17509	17745	-	GEGEGB_01391	1	persistent	2	0	0
PAPNPA_03784	contig_52	17946	18380	+	GEGEGB_01392	1	persistent	2	0	0
PAPNPA_03785	contig_52	18428	18895	-	GEGEGB_01393	1	persistent	2	0	0
PAPNPA_03786	contig_52	19168	20289	+	GEGEGB_01394	1	persistent	2	0	0
PAPNPA_03787	contig_52	20344	20706	+	LNHIMF_01500	1	persistent	2	0	0
PAPNPA_03788	contig_52	20765	21421	+	GEGEGB_01396	1	persistent	2	0	0
PAPNPA_03789	contig_52	21548	22822	+	GEGEGB_01397	1	persistent	2	0	0
PAPNPA_03790	contig_52	22882	23742	+	LNHIMF_01503	1	persistent	2	0	0
PAPNPA_03791	contig_52	23801	24406	-	LNHIMF_01504	1	persistent	2	0	0
PAPNPA_03792	contig_52	24511	26016	-	BEJGEH_01633	1	persistent	2	0	0
PAPNPA_03793	contig_52	26618	27253	-	LNHIMF_01506	1	persistent	2	0	0
PAPNPA_03794	contig_52	27253	27945	-	GEGEGB_01402	1	persistent	2	0	0
PAPNPA_03795	contig_52	27948	28568	-	GEGEGB_01403	1	persistent	2	0	0
PAPNPA_03796	contig_52	28572	29630	-	GEGEGB_01404	1	persistent	2	0	0
PAPNPA_03797	contig_52	29631	31838	-	BEJGEH_01628	1	persistent	2	0	0
PAPNPA_03798	contig_52	31831	32409	-	GEGEGB_01406	1	persistent	2	0	0
PAPNPA_03799	contig_52	32409	32990	-	GEGEGB_01407	1	persistent	2	0	0
PAPNPA_03800	contig_52	33067	33507	-	GEGEGB_01408	1	persistent	2	0	0
PAPNPA_03801	contig_52	33596	33811	-	GEGEGB_01409	1	persistent	2	0	0
PAPNPA_03802	contig_52	34442	35482	+	GEGEGB_01410	1	persistent	2	0	0
PAPNPA_03803	contig_52	35556	36557	-	GEGEGB_01411	1	persistent	2	0	2
PAPNPA_03804	contig_52	36774	37169	-	ALJMDI_03277	1	cloud	1	0	2
PAPNPA_03805	contig_52	37179	37769	+	ALJMDI_03279	1	cloud	1	0	2
PAPNPA_03806	contig_52	37827	39335	-	GEGEGB_01413	1	persistent	2	0	2
PAPNPA_03807	contig_52	39438	40613	-	GEGEGB_01414	1	persistent	2	0	0
PAPNPA_03808	contig_52	40813	42459	+	GEGEGB_01415	2	persistent	4	0	0
PAPNPA_03809	contig_52	42627	44030	+	LNHIMF_01523	1	persistent	2	0	0
PAPNPA_03810	contig_52	44027	44956	-	LNHIMF_01524	1	persistent	2	0	1
PAPNPA_03811	contig_52	45032	46333	-	LNHIMF_01525	1	persistent	2	0	1
PAPNPA_03812	contig_52	46444	48144	-	LNHIMF_01526	1	persistent	2	0	0
PAPNPA_03813	contig_52	48303	49469	-	LNHIMF_01527	1	persistent	2	0	0
PAPNPA_03814	contig_52	49948	50679	-	LNHIMF_01528	1	persistent	2	0	0
PAPNPA_03815	contig_52	50806	51141	+	GEGEGB_01422	1	persistent	2	0	0
PAPNPA_03816	contig_52	51203	52585	-	GEGEGB_01423	1	persistent	2	0	2
PAPNPA_03817	contig_52	52884	53828	-	LNHIMF_01531	1	persistent	2	0	2
PAPNPA_03818	contig_52	54355	55884	+	GEGEGB_01474	1	persistent	2	0	0
PAPNPA_03819	contig_52	55895	57283	+	GEGEGB_01475	1	persistent	2	0	0
PAPNPA_03820	contig_52	57458	58492	-	GEGEGB_01476	1	persistent	2	0	0
PAPNPA_03821	contig_52	58910	59272	+	GEGEGB_01477	1	persistent	2	0	0
PAPNPA_03822	contig_52	59259	59588	+	GEGEGB_01478	1	persistent	2	0	0
PAPNPA_03823	contig_52	59628	60449	-	GEGEGB_01479	1	persistent	2	0	0
PAPNPA_03824	contig_52	60718	60969	-	GEGEGB_01480	1	persistent	2	0	1
PAPNPA_03825	contig_52	61364	62617	-	GEGEGB_01485	1	persistent	2	1	0
PAPNPA_03826	contig_52	62737	63636	+	LNHIMF_01540	1	persistent	2	0	0
PAPNPA_03827	contig_52	63764	64984	+	LNHIMF_01541	1	persistent	2	0	0
PAPNPA_03828	contig_52	65110	65805	+	LNHIMF_01542	1	persistent	2	0	0
PAPNPA_03829	contig_52	65761	67014	-	LNHIMF_01543	1	persistent	2	0	0
PAPNPA_03830	contig_52	67186	68334	-	GEGEGB_01490	1	persistent	2	0	0
PAPNPA_03831	contig_52	68334	68981	-	GEGEGB_01491	1	persistent	2	0	0
PAPNPA_03832	contig_52	68991	69893	-	GEGEGB_01492	1	persistent	2	0	0
PAPNPA_03833	contig_52	69922	70632	-	GEGEGB_01493	1	persistent	2	0	0
PAPNPA_03834	contig_52	70937	71551	-	LNHIMF_01548	1	persistent	2	0	0
PAPNPA_03835	contig_52	71594	72451	-	LNHIMF_01549	1	persistent	2	0	0
PAPNPA_03836	contig_52	72453	73070	-	GEGEGB_01496	2	persistent	4	0	0
PAPNPA_03837	contig_52	73081	75489	-	AJBGEP_01578	1	persistent	2	0	0
PAPNPA_03838	contig_52	75615	78053	-	LNHIMF_01552	1	persistent	2	0	1
PAPNPA_03839	contig_52	78210	78515	-	LNHIMF_01553	1	persistent	2	0	0
PAPNPA_03840	contig_52	78613	79332	+	OEKLIE_00834	1	persistent	2	0	1
PAPNPA_03841	contig_52	79373	79933	-	LNHIMF_01555	1	persistent	2	0	0
PAPNPA_03842	contig_52	79969	80310	-	GEGEGB_01502	1	persistent	2	0	0
PAPNPA_03843	contig_52	80454	80789	+	LNHIMF_01557	1	persistent	2	0	0
PAPNPA_03844	contig_52	80911	82125	+	LNHIMF_01558	1	persistent	2	0	0
PAPNPA_03845	contig_52	82136	83155	+	GEGEGB_01505	1	persistent	2	0	1
PAPNPA_03846	contig_52	83209	84588	+	GEGEGB_01506	1	persistent	2	0	1
PAPNPA_03847	contig_52	84732	86198	+	BEJGEH_01578	1	persistent	2	0	0
PAPNPA_03848	contig_52	86265	86468	-	GEGEGB_01509	1	persistent	2	0	0
PAPNPA_03849	contig_52	86649	87335	-	GEGEGB_01510	1	persistent	2	0	0
PAPNPA_03850	contig_52	87465	88211	-	GEGEGB_01511	1	persistent	2	0	0
PAPNPA_03851	contig_52	88350	90392	+	LNHIMF_01565	1	persistent	3	0	0
PAPNPA_03852	contig_52	90737	90919	+	GEGEGB_01513	3	persistent	6	0	0
PAPNPA_03853	contig_52	91039	91566	-	LNHIMF_01567	1	persistent	3	0	0
PAPNPA_03854	contig_52	91993	92385	+	LNHIMF_01568	1	persistent	2	0	0
PAPNPA_03856	contig_52	92732	92827	-	GEGEGB_01517	1	persistent	2	0	0
PAPNPA_03857	contig_52	93075	94262	-	LNHIMF_01571	1	persistent	2	0	0
PAPNPA_03858	contig_52	94490	95392	+	GEGEGB_01519	1	persistent	2	0	0
PAPNPA_03859	contig_52	95511	95768	-	GEGEGB_01520	1	persistent	2	0	0
PAPNPA_03860	contig_52	95755	96138	-	GEGEGB_01521	1	persistent	2	0	0
PAPNPA_03861	contig_52	96158	96592	-	GEGEGB_01522	1	persistent	2	0	0
PAPNPA_03862	contig_52	96851	97516	+	GEGEGB_01523	1	persistent	2	0	0
PAPNPA_03863	contig_52	97563	98753	-	GEGEGB_01524	1	persistent	2	0	0
PAPNPA_03864	contig_52	98869	99741	-	LNHIMF_01578	1	persistent	2	0	0
PAPNPA_03865	contig_52	99844	101232	+	LNHIMF_01579	1	persistent	2	0	0
PAPNPA_03866	contig_52	101305	102231	+	LNHIMF_01580	1	persistent	2	0	0
PAPNPA_03867	contig_52	102231	102590	+	BEJGEH_01558	1	persistent	2	0	0
PAPNPA_03868	contig_52	102813	103760	+	GEGEGB_01529	1	persistent	2	0	0
PAPNPA_03869	contig_52	103816	104343	-	LNHIMF_01583	1	persistent	2	0	0
PAPNPA_03871	contig_52	105075	106193	+	LNHIMF_01585	1	persistent	3	0	0
PAPNPA_03872	contig_52	106323	106664	-	LNHIMF_01586	1	persistent	2	0	0
PAPNPA_03873	contig_52	106677	107564	-	BEJGEH_01552	1	persistent	3	0	0
PAPNPA_03874	contig_52	107552	108613	-	LNHIMF_01588	1	persistent	2	0	0
PAPNPA_03875	contig_52	108631	109041	-	GEGEGB_01535	1	persistent	2	0	0
PAPNPA_03876	contig_52	109038	109337	-	LNHIMF_01590	1	persistent	2	0	0
PAPNPA_03877	contig_52	109337	109945	-	GEGEGB_01537	1	persistent	2	0	0
PAPNPA_03878	contig_52	109951	110625	-	GEGEGB_01538	1	persistent	2	0	0
PAPNPA_03879	contig_52	110645	112447	-	LNHIMF_01593	1	persistent	2	0	0
PAPNPA_03880	contig_52	112450	113553	-	LNHIMF_01594	1	persistent	2	0	1
PAPNPA_03881	contig_52	113985	115073	+	GEGEGB_01542	1	persistent	2	0	1
PAPNPA_03882	contig_52	115239	115910	+	GEGEGB_01543	1	persistent	2	0	0
PAPNPA_03883	contig_52	115969	116994	-	GEGEGB_01544	1	persistent	2	0	0
PAPNPA_03884	contig_52	116969	118255	-	LNHIMF_01598	1	persistent	2	0	0
PAPNPA_03885	contig_52	118432	119922	-	BEJGEH_01540	1	persistent	2	0	1
PAPNPA_03886	contig_52	120058	121299	-	LNHIMF_01600	1	persistent	2	0	0
PAPNPA_03887	contig_52	121289	122797	-	BEJGEH_01538	1	persistent	2	0	0
PAPNPA_03888	contig_52	122842	123330	+	LNHIMF_01602	1	persistent	2	0	0
PAPNPA_03889	contig_52	123523	124596	+	LNHIMF_01603	1	persistent	2	0	1
PAPNPA_03890	contig_52	124654	125043	-	BEJGEH_01535	1	persistent	2	0	0
PAPNPA_03891	contig_52	125214	125498	-	LNHIMF_01605	1	persistent	2	0	0
PAPNPA_03892	contig_52	125488	125736	-	LNHIMF_01606	1	persistent	2	0	2
PAPNPA_03894	contig_52	126149	126502	-	PAPNPA_03894	1	cloud	1	0	1
PAPNPA_03895	contig_52	126505	126894	-	PAPNPA_03895	1	cloud	1	0	1
PAPNPA_03896	contig_52	127782	128114	+	BEJGEH_01529	1	persistent	1	2	6
PAPNPA_03897	contig_52	128453	129382	-	PAPNPA_03897	1	cloud	1	0	1
PAPNPA_03898	contig_52	129646	129909	-	PAPNPA_03898	1	cloud	0	0	2
PAPNPA_03900	contig_52	130219	130554	-	PAPNPA_03900	1	cloud	0	0	2
PAPNPA_03901	contig_52	130551	130946	-	PAPNPA_03901	1	cloud	0	0	2
PAPNPA_03902	contig_52	131523	132374	+	PAPNPA_03902	1	cloud	0	0	2
PAPNPA_03903	contig_52	133666	133782	-	IKCLMC_04618	1	cloud	1	1	3
PAPNPA_03904	contig_52	134256	135164	+	BEJGEH_01526	1	cloud	0	0	5
PAPNPA_03905	contig_52	135338	136318	+	BEJGEH_01525	1	cloud	1	2	2
PAPNPA_03906	contig_52	136573	138036	-	BEJGEH_01524	1	shell	2	0	5
PAPNPA_03907	contig_52	138324	139304	+	LNHIMF_01615	1	persistent	1	1	3
PAPNPA_03908	contig_52	139448	140899	+	LNHIMF_01616	1	persistent	2	1	0
PAPNPA_03909	contig_52	140912	142120	+	PAPNPA_03909	1	persistent	2	0	0
PAPNPA_03910	contig_52	142233	144308	-	HFCAGB_01727	1	persistent	2	0	0
PAPNPA_03911	contig_52	144365	146893	-	LNHIMF_01619	1	persistent	2	0	0
PAPNPA_03912	contig_52	146890	148674	-	LNHIMF_01620	1	persistent	2	0	0
PAPNPA_03913	contig_52	148803	149588	-	LNHIMF_01621	1	persistent	2	0	0
PAPNPA_03914	contig_52	149731	150060	-	GEGEGB_01561	1	persistent	2	0	1
PAPNPA_03915	contig_52	150412	150843	-	GEGEGB_01564	1	persistent	2	0	1
PAPNPA_03916	contig_52	151355	151570	+	GEGEGB_01565	1	persistent	2	0	0
PAPNPA_03917	contig_52	151665	151808	+	GEGEGB_01566	1	persistent	2	0	0
PAPNPA_03918	contig_52	151985	153682	+	GEGEGB_01567	1	persistent	2	0	0
PAPNPA_03919	contig_52	153964	154974	+	GEGEGB_01568	1	persistent	3	0	0
PAPNPA_03920	contig_52	155065	155721	-	LNHIMF_01630	1	persistent	2	0	0
PAPNPA_03921	contig_52	155714	156598	-	LNHIMF_01631	1	persistent	2	0	0
PAPNPA_03922	contig_52	156612	159659	-	LNHIMF_01632	2	persistent	4	0	0
PAPNPA_03923	contig_52	159937	160818	+	BEJGEH_01507	1	persistent	2	0	1
PAPNPA_03924	contig_52	161343	162431	+	BEJGEH_01503	1	persistent	2	0	1
PAPNPA_03925	contig_52	162515	162955	+	LNHIMF_01635	1	persistent	3	0	0
PAPNPA_03926	contig_52	162980	164467	-	LNHIMF_01636	1	persistent	2	0	0
PAPNPA_03927	contig_52	164585	165163	+	AJBGEP_01662	1	persistent	2	0	0
PAPNPA_03928	contig_52	165378	166766	+	LNHIMF_01638	1	persistent	2	0	0
PAPNPA_03929	contig_52	166858	170598	+	BEJGEH_01498	1	persistent	2	0	0
PAPNPA_03930	contig_52	170595	172139	+	GEGEGB_01575	2	persistent	4	0	0
PAPNPA_03931	contig_52	172139	172834	+	BEJGEH_01496	1	persistent	3	0	0
PAPNPA_03932	contig_52	172831	173511	+	LNHIMF_01642	1	persistent	2	0	0
PAPNPA_03933	contig_52	173616	174509	+	GEGEGB_01577	1	persistent	3	0	0
PAPNPA_03934	contig_52	174545	175390	-	LNHIMF_01644	1	persistent	2	0	0
PAPNPA_03935	contig_52	175674	176306	-	LNHIMF_01645	1	persistent	2	0	0
PAPNPA_03936	contig_52	176819	178312	+	GEGEGB_01580	1	persistent	2	0	0
PAPNPA_03937	contig_52	178389	178610	-	GEGEGB_01581	1	persistent	2	0	0
PAPNPA_03938	contig_52	178755	179816	-	GEGEGB_01582	1	persistent	2	0	0
PAPNPA_03939	contig_52	180035	182200	+	LNHIMF_01649	1	persistent	2	0	0
PAPNPA_03940	contig_52	182267	182932	-	GEGEGB_01584	1	persistent	2	0	0
PAPNPA_03941	contig_52	183266	184303	-	LNHIMF_01651	1	persistent	2	0	0
PAPNPA_03942	contig_52	184515	185030	+	LNHIMF_01652	1	persistent	2	0	0
PAPNPA_03943	contig_52	185030	185479	+	GEGEGB_01587	1	persistent	2	0	0
PAPNPA_03944	contig_52	185484	185717	-	LNHIMF_01654	1	persistent	2	0	0
PAPNPA_03945	contig_52	185941	187266	+	HFCAGB_01692	1	persistent	2	0	0
PAPNPA_03946	contig_52	187271	190252	+	GEGEGB_01590	1	persistent	2	0	0
PAPNPA_03947	contig_52	190249	192393	+	LNHIMF_01657	1	persistent	3	0	0
PAPNPA_03948	contig_52	192438	192611	-	BEJGEH_01479	1	persistent	2	0	0
PAPNPA_03949	contig_52	193010	194434	-	LNHIMF_01659	1	persistent	3	0	0
PAPNPA_03950	contig_52	194570	195994	-	LNHIMF_01660	1	persistent	2	0	0
PAPNPA_03951	contig_52	196130	196900	-	LNHIMF_01661	1	persistent	2	0	0
PAPNPA_03952	contig_52	197424	197822	-	GEGEGB_01595	1	persistent	1	1	2
PAPNPA_03953	contig_52	198351	199301	+	PAPNPA_03953	1	cloud	2	0	1
PAPNPA_03954	contig_52	199573	199803	+	GEGEGB_01598	1	persistent	1	1	1
PAPNPA_03955	contig_52	199804	201768	-	LNHIMF_01665	1	persistent	2	0	0
PAPNPA_03956	contig_52	201847	202383	-	GEGEGB_01600	1	persistent	2	0	0
PAPNPA_03957	contig_52	202475	203653	+	LNHIMF_01667	1	persistent	2	0	0
PAPNPA_03958	contig_52	203707	204375	-	LNHIMF_01668	1	persistent	2	0	0
PAPNPA_03959	contig_52	204531	205127	-	LNHIMF_01669	1	persistent	2	0	0
PAPNPA_03960	contig_52	205114	206127	-	LNHIMF_01670	1	persistent	2	0	0
PAPNPA_03961	contig_52	206234	207214	+	LNHIMF_01671	1	persistent	2	0	0
PAPNPA_03962	contig_52	207211	207750	-	GEGEGB_01606	1	persistent	2	0	0
PAPNPA_03963	contig_52	207967	209085	+	LNHIMF_01673	1	persistent	2	0	0
PAPNPA_03964	contig_52	209082	209363	+	GEGEGB_01608	1	persistent	2	0	0
PAPNPA_03965	contig_52	209374	210687	+	GEGEGB_01609	1	persistent	2	0	0
PAPNPA_03966	contig_52	210701	211507	+	LNHIMF_01676	1	persistent	2	0	0
PAPNPA_03967	contig_52	211639	212076	+	GEGEGB_01611	1	persistent	2	0	0
PAPNPA_03968	contig_52	212088	212720	+	GEGEGB_01612	1	persistent	2	0	0
PAPNPA_03969	contig_52	212736	213527	+	GEGEGB_01613	1	persistent	2	0	0
PAPNPA_03970	contig_52	213527	213964	+	BEJGEH_01457	1	persistent	2	0	1
PAPNPA_03971	contig_52	214011	214967	-	HFCAGB_01665	2	persistent	2	0	0
PAPNPA_03972	contig_52	214937	215215	-	HFCAGB_01665	2	persistent	2	0	0
PAPNPA_03973	contig_52	215224	215790	-	LNHIMF_01682	1	persistent	2	0	1
PAPNPA_03974	contig_52	215995	217614	-	GEGEGB_01617	1	persistent	2	0	0
PAPNPA_03975	contig_52	217870	219378	-	LNHIMF_01684	1	persistent	2	0	0
PAPNPA_03976	contig_52	219427	220770	-	LNHIMF_01685	1	persistent	3	0	0
PAPNPA_03977	contig_52	221063	221986	+	LNHIMF_01686	1	persistent	2	0	0
PAPNPA_03978	contig_52	222047	223672	-	LNHIMF_01687	1	persistent	2	0	0
PAPNPA_03979	contig_52	223841	224959	-	LNHIMF_01688	1	persistent	2	0	0
PAPNPA_03980	contig_52	224991	225266	-	LNHIMF_01689	1	persistent	3	0	0
PAPNPA_03981	contig_52	226026	226151	-	BEJGEH_01443	1	persistent	2	0	0
PAPNPA_03982	contig_52	226316	226852	-	LNHIMF_01690	2	persistent	3	0	0
PAPNPA_03983	contig_52	226913	227032	-	LNHIMF_01690	2	persistent	3	0	0
PAPNPA_03984	contig_52	227455	228681	+	LNHIMF_01691	1	persistent	2	0	0
PAPNPA_03985	contig_52	228802	229146	-	LNHIMF_01692	1	persistent	3	0	0
PAPNPA_03986	contig_52	230056	230817	+	GEGEGB_01621	1	persistent	2	0	0
PAPNPA_03987	contig_52	230839	231471	+	ALJMDI_03455	1	persistent	2	0	0
PAPNPA_03988	contig_52	231496	232227	+	LNHIMF_01695	1	persistent	2	0	0
PAPNPA_03989	contig_52	232224	232904	+	GEGEGB_01624	1	persistent	2	0	0
PAPNPA_03990	contig_52	233041	234582	+	LNHIMF_01697	1	persistent	2	0	0
PAPNPA_03991	contig_52	234592	234687	-	GEGEGB_01626	1	persistent	2	0	0
PAPNPA_03992	contig_52	235055	235717	+	GEGEGB_01627	1	persistent	2	0	0
PAPNPA_03994	contig_52	235988	236518	-	LNHIMF_01701	1	persistent	2	0	0
PAPNPA_03995	contig_52	236635	237435	-	GEGEGB_01631	1	persistent	2	0	0
PAPNPA_03996	contig_52	237499	241419	-	LNHIMF_01703	1	persistent	2	0	0
PAPNPA_03997	contig_52	241602	242207	+	GEGEGB_01633	1	persistent	2	0	0
PAPNPA_03998	contig_52	242204	242653	-	GEGEGB_01634	1	persistent	2	0	0
PAPNPA_03999	contig_52	242796	243119	-	LNHIMF_01706	1	persistent	2	0	0
PAPNPA_04000	contig_52	243127	243318	-	GEGEGB_01636	1	persistent	2	0	0
PAPNPA_04001	contig_52	243318	245954	-	BEJGEH_01424	1	persistent	2	0	0
PAPNPA_04002	contig_52	246194	247183	+	GEGEGB_01639	1	persistent	2	0	0
PAPNPA_04003	contig_52	247294	247704	+	GEGEGB_01640	1	persistent	2	0	0
PAPNPA_04004	contig_52	247748	248014	-	GEGEGB_01641	1	persistent	2	0	0
PAPNPA_04005	contig_52	248290	251814	+	GEGEGB_01642	1	persistent	2	1	0
PAPNPA_04007	contig_52	252296	252730	+	GEGEGB_01647	1	persistent	2	0	1
PAPNPA_04008	contig_52	252783	253121	-	GEGEGB_01648	1	persistent	2	0	2
PAPNPA_04009	contig_52	253396	256818	-	PAPNPA_04009	1	cloud	2	0	0
PAPNPA_04010	contig_52	257495	258430	+	GEGEGB_01650	1	persistent	2	0	2
PAPNPA_04011	contig_52	258474	259847	-	HFCAGB_01626	1	persistent	2	0	0
PAPNPA_04013	contig_52	260334	261317	-	LNHIMF_01720	1	persistent	2	0	0
PAPNPA_04014	contig_52	261463	262617	-	LNHIMF_01721	1	persistent	2	0	0
PAPNPA_04015	contig_52	263010	263573	-	LNHIMF_01722	1	persistent	2	0	0
PAPNPA_04016	contig_52	263831	264346	+	GEGEGB_01657	1	persistent	2	0	0
PAPNPA_04017	contig_52	264542	265294	+	LNHIMF_01724	1	persistent	2	0	0
PAPNPA_04018	contig_52	265445	266392	+	LNHIMF_01725	1	persistent	2	0	0
PAPNPA_04019	contig_52	266447	266701	-	GEGEGB_01660	1	persistent	2	0	0
PAPNPA_04021	contig_52	267631	267969	+	GEGEGB_01661	1	persistent	2	0	0
PAPNPA_04022	contig_52	268051	268653	-	GEGEGB_01662	1	persistent	2	0	0
PAPNPA_04023	contig_52	268697	269383	+	LNHIMF_01729	1	persistent	3	0	0
PAPNPA_04024	contig_52	269411	269749	+	GEGEGB_01664	1	persistent	2	0	0
PAPNPA_04025	contig_52	269854	270372	-	LNHIMF_01731	1	persistent	3	0	2
PAPNPA_04026	contig_52	270510	271334	-	BEJGEH_01400	1	persistent	2	0	0
PAPNPA_04027	contig_52	271361	273343	-	LNHIMF_01733	1	persistent	2	0	2
PAPNPA_04028	contig_52	273418	274263	-	LNHIMF_01734	1	persistent	2	0	0
PAPNPA_04029	contig_52	274564	275415	+	LNHIMF_01735	1	persistent	2	0	0
PAPNPA_04030	contig_52	275859	276914	+	BEJGEH_01396	1	persistent	2	0	0
PAPNPA_04031	contig_52	277128	277364	-	GEGEGB_01671	1	persistent	2	0	0
PAPNPA_04032	contig_52	277493	278083	-	GEGEGB_01672	1	persistent	2	0	0
PAPNPA_04033	contig_52	278161	278874	+	GEGEGB_01673	1	persistent	2	0	0
PAPNPA_04034	contig_52	278965	279834	-	ALJMDI_03500	1	persistent	2	0	0
PAPNPA_04035	contig_52	280110	281015	-	LNHIMF_01741	1	persistent	2	0	0
PAPNPA_04036	contig_52	281134	282063	+	LNHIMF_01742	1	persistent	2	0	0
PAPNPA_04037	contig_52	282160	283773	-	BEJGEH_01389	1	persistent	2	0	0
PAPNPA_04038	contig_52	283963	284691	+	GEGEGB_01678	1	persistent	2	0	0
PAPNPA_04039	contig_52	284666	285631	-	LNHIMF_01745	1	persistent	2	0	0
PAPNPA_04040	contig_52	285747	286253	+	LNHIMF_01746	1	persistent	2	1	1
PAPNPA_04041	contig_52	286343	287884	-	GEGEGB_01684	1	persistent	2	1	0
PAPNPA_04042	contig_52	288032	289093	-	LNHIMF_01748	1	persistent	2	0	0
PAPNPA_04043	contig_52	289090	290487	-	GEGEGB_01686	1	persistent	2	0	0
PAPNPA_04044	contig_52	290636	290950	-	GEGEGB_01687	1	persistent	2	0	1
PAPNPA_04045	contig_52	291026	291244	-	GEGEGB_01688	1	persistent	2	0	0
PAPNPA_04046	contig_52	291267	291626	-	LNHIMF_01752	1	persistent	2	0	1
PAPNPA_04047	contig_52	291626	291850	-	GEGEGB_01690	1	persistent	2	0	0
PAPNPA_04048	contig_52	291910	292578	-	GEGEGB_01691	1	persistent	2	0	0
PAPNPA_04049	contig_52	292749	293729	+	LNHIMF_01755	1	persistent	2	0	0
PAPNPA_04050	contig_52	293841	295490	+	LNHIMF_01756	1	persistent	2	0	0
PAPNPA_04051	contig_52	295487	296452	+	GEGEGB_01694	1	persistent	2	0	1
PAPNPA_04052	contig_52	296439	297329	+	GEGEGB_01699	1	persistent	2	0	2
PAPNPA_04053	contig_52	297329	298321	+	GEGEGB_01700	1	persistent	2	0	0
PAPNPA_04054	contig_52	298323	299129	+	LNHIMF_01764	1	persistent	2	0	0
PAPNPA_04055	contig_52	299145	299351	-	LNHIMF_01765	2	persistent	2	0	0
PAPNPA_04056	contig_52	299517	299852	-	LNHIMF_01765	2	persistent	2	0	0
PAPNPA_04057	contig_52	300319	301692	-	HFCAGB_01582	1	persistent	2	0	0
PAPNPA_04058	contig_52	302423	303211	+	GEGEGB_01704	1	persistent	2	0	0
PAPNPA_04059	contig_52	303411	304544	+	BEJGEH_01368	1	persistent	2	0	0
PAPNPA_04060	contig_52	304633	306567	+	LNHIMF_01769	1	persistent	2	0	0
PAPNPA_04061	contig_52	306829	308811	+	LNHIMF_01770	1	persistent	2	0	0
PAPNPA_04062	contig_52	308933	309112	+	GEGEGB_01708	1	persistent	2	0	0
PAPNPA_04063	contig_52	309229	309738	+	GEGEGB_01709	1	persistent	2	0	0
PAPNPA_04065	contig_52	310209	310427	+	LNHIMF_01773	1	persistent	2	0	0
PAPNPA_04066	contig_52	310547	310873	-	GEGEGB_01711	1	persistent	2	0	0
PAPNPA_04067	contig_52	310873	311610	-	GEGEGB_01712	1	persistent	2	0	0
PAPNPA_04068	contig_52	311801	312970	-	GEGEGB_01713	1	persistent	2	0	0
PAPNPA_04069	contig_52	312977	313285	-	GEGEGB_01714	1	persistent	2	0	0
PAPNPA_04070	contig_52	313435	314199	-	GEGEGB_01715	1	persistent	2	0	0
PAPNPA_04071	contig_52	314395	314985	+	GEGEGB_01716	1	persistent	2	0	0
PAPNPA_04072	contig_52	315041	317716	-	LNHIMF_01780	1	persistent	2	0	0
PAPNPA_04074	contig_52	318272	318400	-	GEGEGB_01719	1	persistent	2	0	0
PAPNPA_04075	contig_52	318693	319667	-	GEGEGB_01720	1	persistent	2	0	0
PAPNPA_04077	contig_52	320078	322675	-	GEGEGB_01722	1	persistent	2	0	0
PAPNPA_04078	contig_52	323078	323329	+	GEGEGB_01723	1	persistent	2	0	0
PAPNPA_04079	contig_52	323371	324411	-	LNHIMF_01787	1	persistent	2	0	0
PAPNPA_04080	contig_52	324655	325416	+	GEGEGB_01725	1	persistent	2	0	0
PAPNPA_04081	contig_52	325413	326003	+	LNHIMF_01789	1	persistent	2	0	0
PAPNPA_04082	contig_52	326090	326965	-	GEGEGB_01727	1	persistent	2	0	0
PAPNPA_04083	contig_52	327066	327686	-	GEGEGB_01728	1	persistent	2	0	0
PAPNPA_04084	contig_52	327694	328563	-	GEGEGB_01729	1	persistent	2	0	0
PAPNPA_04085	contig_52	328679	328741	+	GEGEGB_01730	1	persistent	2	0	0
PAPNPA_04086	contig_52	328836	330398	+	LNHIMF_01794	1	persistent	2	0	0
PAPNPA_04087	contig_52	330398	331993	+	GEGEGB_01732	1	persistent	2	0	0
PAPNPA_04088	contig_52	331997	333355	+	GEGEGB_01733	1	persistent	2	0	0
PAPNPA_04089	contig_52	333365	334558	+	GEGEGB_01734	1	persistent	2	0	0
PAPNPA_04090	contig_52	334558	335364	+	GEGEGB_01735	1	persistent	2	0	0
PAPNPA_04091	contig_52	335844	336026	+	GEGEGB_01513	3	persistent	6	0	0
PAPNPA_04092	contig_52	336116	336619	+	GEGEGB_01737	1	persistent	2	0	0
PAPNPA_04093	contig_52	336693	337199	+	GEGEGB_01738	1	persistent	2	0	0
PAPNPA_04094	contig_52	337219	338097	+	LNHIMF_01802	1	persistent	2	0	0
PAPNPA_04095	contig_52	338179	338817	-	GEGEGB_01740	1	persistent	3	0	0
PAPNPA_04096	contig_52	339155	339559	+	GEGEGB_01741	1	persistent	2	0	0
PAPNPA_04097	contig_52	339585	340328	+	GEGEGB_01742	1	persistent	3	0	0
PAPNPA_04098	contig_52	340385	340924	+	GEGEGB_01743	1	persistent	2	0	0
PAPNPA_04099	contig_52	341085	341486	+	GEGEGB_01744	1	persistent	2	0	0
PAPNPA_04100	contig_52	341546	342268	-	LNHIMF_01808	1	persistent	2	0	0
PAPNPA_04101	contig_52	342492	342788	+	GEGEGB_01746	1	persistent	2	0	0
PAPNPA_04102	contig_52	342832	343005	-	GEGEGB_01747	1	persistent	2	0	0
PAPNPA_04103	contig_52	343148	344608	+	GEGEGB_01748	1	persistent	2	0	0
PAPNPA_04104	contig_52	344642	344971	+	GEGEGB_01749	1	persistent	2	0	0
PAPNPA_04105	contig_52	345019	345855	-	LNHIMF_01813	1	persistent	2	0	0
PAPNPA_04106	contig_52	345903	346907	-	GEGEGB_01751	1	persistent	2	0	0
PAPNPA_04107	contig_52	346904	347911	-	LNHIMF_01815	1	persistent	2	0	0
PAPNPA_04108	contig_52	347923	348831	-	LNHIMF_01816	1	persistent	2	0	0
PAPNPA_04109	contig_52	348846	349766	-	BEJGEH_01320	1	persistent	2	0	0
PAPNPA_04110	contig_52	349888	351519	-	BEJGEH_01319	1	persistent	2	0	0
PAPNPA_04111	contig_52	352296	352943	-	GEGEGB_01757	1	persistent	2	0	0
PAPNPA_04112	contig_52	353420	356098	+	GEGEGB_01758	2	persistent	3	0	1
PAPNPA_04113	contig_52	356295	356912	-	GEGEGB_01759	1	persistent	2	0	0
PAPNPA_04114	contig_52	357575	357988	+	GEGEGB_01760	1	persistent	2	0	0
PAPNPA_04115	contig_52	358120	359028	-	GEGEGB_01761	1	persistent	2	0	0
PAPNPA_04116	contig_52	359231	360244	-	GEGEGB_01762	1	persistent	2	0	0
PAPNPA_04117	contig_52	360335	361231	-	LNHIMF_01825	1	persistent	2	0	0
PAPNPA_04118	contig_52	361351	361809	+	BEJGEH_01311	1	persistent	2	0	0
PAPNPA_04119	contig_52	361860	362702	+	GEGEGB_01765	1	persistent	3	0	1
PAPNPA_04120	contig_53	5	1531	-	GEGEGB_00917	1	persistent	3	0	3
PAPNPA_04122	contig_53	1864	2166	+	ALJMDI_01745	1	cloud	1	0	1
PAPNPA_04123	contig_53	2185	3234	-	IKCLMC_02001	1	cloud	0	0	2
PAPNPA_04124	contig_53	3252	5012	-	IKCLMC_02000	1	cloud	0	0	2
PAPNPA_04125	contig_53	5056	5418	-	BEJGEH_02020	1	cloud	0	0	2
PAPNPA_04126	contig_53	5452	5928	-	ALJMDI_01749	1	cloud	0	0	2
PAPNPA_04127	contig_53	5925	6299	-	BEJGEH_02022	1	cloud	0	0	3
PAPNPA_04128	contig_53	6713	6898	+	IKCLMC_01996	1	cloud	2	0	2
PAPNPA_04129	contig_53	7047	7976	-	LNHIMF_02095	1	persistent	2	0	2
PAPNPA_04130	contig_53	8075	9124	-	LNHIMF_02096	1	persistent	2	0	0
PAPNPA_04131	contig_53	9151	9894	-	LNHIMF_02097	1	persistent	2	0	0
PAPNPA_04132	contig_53	9891	10436	-	LNHIMF_02098	1	persistent	2	0	0
PAPNPA_04133	contig_53	10433	11953	-	GEGEGB_00911	1	persistent	2	0	0
PAPNPA_04134	contig_53	11950	12765	-	LNHIMF_02100	1	persistent	2	0	0
PAPNPA_04135	contig_53	12774	13451	-	GEGEGB_00909	1	persistent	2	0	0
PAPNPA_04136	contig_53	13438	13719	-	LNHIMF_02102	1	persistent	2	0	0
PAPNPA_04137	contig_53	13721	14458	-	LNHIMF_02103	1	persistent	2	0	0
PAPNPA_04138	contig_53	14455	15168	-	GEGEGB_00905	1	persistent	2	0	0
PAPNPA_04139	contig_53	15165	15959	-	BEJGEH_02042	1	persistent	2	0	1
PAPNPA_04140	contig_53	15962	16753	-	LNHIMF_02106	1	persistent	2	0	1
PAPNPA_04141	contig_53	16750	17475	-	GEGEGB_00901	1	persistent	2	0	0
PAPNPA_04142	contig_53	17475	18530	-	GEGEGB_00900	1	persistent	2	0	0
PAPNPA_04143	contig_53	18511	19284	-	GEGEGB_00899	1	persistent	2	0	0
PAPNPA_04144	contig_53	19268	19846	-	LNHIMF_02110	1	persistent	2	0	0
PAPNPA_04145	contig_53	19836	20441	-	GEGEGB_00897	1	persistent	2	0	0
PAPNPA_04146	contig_53	20435	21574	-	LNHIMF_02112	1	persistent	2	0	1
PAPNPA_04147	contig_53	21574	22206	-	LNHIMF_02113	1	persistent	2	0	0
PAPNPA_04148	contig_53	22217	23176	-	LNHIMF_02114	1	persistent	2	0	1
PAPNPA_04149	contig_53	23173	24552	-	LNHIMF_02115	1	persistent	2	0	1
PAPNPA_04150	contig_53	25150	26061	-	LNHIMF_02116	1	persistent	2	0	1
PAPNPA_04152	contig_53	26278	27072	-	LNHIMF_02118	1	persistent	2	0	0
PAPNPA_04153	contig_53	27597	27881	+	GEGEGB_00882	2	persistent	4	0	0
PAPNPA_04154	contig_53	27878	28690	+	GEGEGB_00888	1	persistent	2	0	0
PAPNPA_04155	contig_53	28709	30373	+	GEGEGB_00887	1	persistent	2	0	0
PAPNPA_04156	contig_53	30384	31058	+	LNHIMF_02122	1	persistent	2	0	0
PAPNPA_04157	contig_53	31073	31594	+	LNHIMF_02123	1	persistent	2	0	0
PAPNPA_04158	contig_53	31610	33442	+	LNHIMF_02124	1	persistent	2	0	0
PAPNPA_04159	contig_53	33432	33782	+	GEGEGB_00883	1	persistent	2	0	0
PAPNPA_04160	contig_53	33802	34077	+	GEGEGB_00882	2	persistent	4	0	0
PAPNPA_04161	contig_53	34102	34563	+	GEGEGB_00881	1	persistent	2	0	0
PAPNPA_04162	contig_53	34563	35195	+	LNHIMF_02128	1	persistent	2	0	0
PAPNPA_04163	contig_53	35192	35683	+	LNHIMF_02129	1	persistent	3	0	0
PAPNPA_04164	contig_53	35687	35962	+	LNHIMF_02130	1	persistent	2	0	0
PAPNPA_04165	contig_53	35972	36982	+	GEGEGB_00878	1	persistent	3	0	0
PAPNPA_04166	contig_53	36979	38373	+	LNHIMF_02132	1	persistent	2	0	0
PAPNPA_04167	contig_53	38385	39497	+	GEGEGB_00876	1	persistent	2	0	0
PAPNPA_04168	contig_53	39494	40849	+	BEJGEH_02071	1	persistent	2	0	0
PAPNPA_04169	contig_53	40852	41406	+	LNHIMF_02135	1	persistent	2	0	0
PAPNPA_04170	contig_53	41406	41756	+	GEGEGB_00873	1	persistent	2	0	0
PAPNPA_04171	contig_53	41761	42213	+	LNHIMF_02137	1	persistent	2	0	0
PAPNPA_04172	contig_53	42198	43412	+	LNHIMF_02138	1	persistent	2	0	0
PAPNPA_04173	contig_53	43470	44372	+	LNHIMF_02139	1	persistent	2	0	0
PAPNPA_04174	contig_53	44406	44741	-	GEGEGB_00869	1	persistent	2	0	0
PAPNPA_04175	contig_53	44986	46044	-	LNHIMF_02141	1	persistent	2	0	0
PAPNPA_04176	contig_53	46163	46630	-	GEGEGB_00867	1	persistent	2	0	0
PAPNPA_04177	contig_53	46781	47947	-	LNHIMF_02143	1	persistent	2	0	0
PAPNPA_04178	contig_53	48077	48841	-	GEGEGB_00864	1	persistent	2	0	0
PAPNPA_04179	contig_53	48838	49416	-	GEGEGB_00863	1	persistent	2	0	0
PAPNPA_04180	contig_53	49431	51707	-	LNHIMF_02146	1	persistent	2	0	0
PAPNPA_04181	contig_53	52326	54674	+	HFCAGB_02326	1	persistent	2	0	1
PAPNPA_04182	contig_53	55040	56470	+	GEGEGB_00858	1	persistent	2	0	1
PAPNPA_04183	contig_53	56602	57960	-	GEGEGB_00857	1	persistent	2	0	0
PAPNPA_04184	contig_53	57950	58012	-	GEGEGB_00856	1	persistent	2	0	0
PAPNPA_04186	contig_53	58246	59160	-	GEGEGB_00854	1	persistent	2	0	0
PAPNPA_04187	contig_53	59206	60030	-	GEGEGB_00853	1	persistent	2	0	1
PAPNPA_04188	contig_53	60193	60243	+	LNHIMF_02213	1	persistent	2	0	0
PAPNPA_04189	contig_53	60389	61288	+	GEGEGB_00851	1	persistent	2	0	1
PAPNPA_04190	contig_53	61391	62695	+	LNHIMF_02215	1	persistent	2	0	0
PAPNPA_04191	contig_53	62692	63771	+	LNHIMF_02216	1	persistent	2	0	0
PAPNPA_04192	contig_53	63768	64835	+	LNHIMF_02217	1	persistent	2	0	0
PAPNPA_04193	contig_53	64835	65425	+	GEGEGB_00847	1	persistent	2	0	0
PAPNPA_04194	contig_53	65425	66162	+	GEGEGB_00846	1	persistent	2	0	0
PAPNPA_04195	contig_53	66144	66920	+	GEGEGB_00845	1	persistent	2	0	0
PAPNPA_04196	contig_53	66914	67525	+	LNHIMF_02221	1	persistent	2	0	0
PAPNPA_04197	contig_53	67608	68591	-	GEGEGB_00843	1	persistent	2	0	0
PAPNPA_04198	contig_53	68734	69900	-	LNHIMF_02223	1	persistent	2	0	0
PAPNPA_04199	contig_53	70136	71542	-	LNHIMF_02224	1	persistent	2	0	1
PAPNPA_04200	contig_53	71706	73136	-	LNHIMF_02225	1	persistent	1	1	1
PAPNPA_04201	contig_53	73215	74651	-	PKJKAM_04074	1	cloud	1	0	1
PAPNPA_04202	contig_53	74659	76056	-	PAPNPA_04202	1	cloud	0	0	2
PAPNPA_04203	contig_53	76095	77252	-	PAPNPA_04203	1	cloud	0	0	2
PAPNPA_04204	contig_53	77239	78249	-	PKJKAM_04071	1	cloud	0	0	2
PAPNPA_04205	contig_53	78249	79448	-	PKJKAM_04070	1	cloud	0	0	2
PAPNPA_04206	contig_53	79542	80585	-	PKJKAM_04069	1	cloud	0	0	2
PAPNPA_04207	contig_53	80587	81201	-	PKJKAM_04068	1	cloud	0	0	2
PAPNPA_04208	contig_53	81248	82210	-	PAPNPA_04208	1	cloud	0	0	2
PAPNPA_04209	contig_53	82203	83543	-	PKJKAM_04066	1	cloud	0	0	2
PAPNPA_04210	contig_53	83543	84415	-	IKCLMC_01912	1	cloud	1	0	1
PAPNPA_04211	contig_53	84438	85751	-	LNHIMF_02237	1	persistent	1	1	2
PAPNPA_04212	contig_53	85778	86857	-	LNHIMF_02238	1	persistent	2	0	0
PAPNPA_04213	contig_53	86862	87635	-	GEGEGB_00829	1	persistent	2	0	0
PAPNPA_04214	contig_53	87651	88625	-	AJBGEP_02257	1	persistent	2	0	0
PAPNPA_04215	contig_53	88631	89179	-	GEGEGB_00827	1	persistent	2	0	0
PAPNPA_04216	contig_53	89183	90061	-	LNHIMF_02242	1	persistent	2	0	0
PAPNPA_04217	contig_53	90109	91008	-	LNHIMF_02243	1	persistent	2	0	0
PAPNPA_04218	contig_53	91008	92093	-	GEGEGB_00824	1	persistent	2	0	0
PAPNPA_04219	contig_53	92470	93363	-	GEGEGB_00823	1	persistent	2	0	1
PAPNPA_04220	contig_53	93541	94944	-	LNHIMF_02246	1	persistent	2	0	0
PAPNPA_04221	contig_53	94955	96175	-	LNHIMF_02247	1	persistent	2	0	0
PAPNPA_04222	contig_53	96172	97452	-	LNHIMF_02248	1	persistent	2	0	1
PAPNPA_04223	contig_53	97474	98952	-	LNHIMF_02249	1	persistent	2	0	1
PAPNPA_04224	contig_53	99054	100448	-	LNHIMF_02250	1	persistent	2	0	0
PAPNPA_04225	contig_53	100502	101872	-	HFCAGB_02368	1	persistent	2	0	2
PAPNPA_04226	contig_53	101983	103419	-	GEGEGB_00815	1	persistent	2	0	0
PAPNPA_04227	contig_53	103422	104645	-	GEGEGB_00814	1	persistent	2	0	0
PAPNPA_04228	contig_53	104642	105115	-	LNHIMF_02254	1	persistent	2	0	0
PAPNPA_04229	contig_53	105118	106083	-	LNHIMF_02255	1	persistent	2	0	0
PAPNPA_04230	contig_53	106086	107207	-	LNHIMF_02256	1	persistent	2	0	0
PAPNPA_04231	contig_53	107231	107785	-	GEGEGB_00810	1	persistent	2	0	0
PAPNPA_04232	contig_53	107801	108547	-	GEGEGB_00809	1	persistent	2	0	0
PAPNPA_04233	contig_53	108560	109774	-	LNHIMF_02259	1	persistent	2	0	0
PAPNPA_04234	contig_53	109749	110966	-	GEGEGB_00806	1	persistent	2	0	0
PAPNPA_04235	contig_53	110963	111451	-	GEGEGB_00805	1	persistent	2	0	0
PAPNPA_04236	contig_53	111454	112365	-	GEGEGB_00804	1	persistent	2	0	0
PAPNPA_04237	contig_53	112383	114542	-	LNHIMF_02263	1	persistent	2	0	0
PAPNPA_04238	contig_53	114539	114988	-	LNHIMF_02264	1	persistent	2	0	0
PAPNPA_04239	contig_53	114994	116133	-	LNHIMF_02265	1	persistent	2	0	0
PAPNPA_04240	contig_53	116808	118388	+	GEGEGB_00800	1	persistent	2	0	0
PAPNPA_04241	contig_53	118474	120330	-	LNHIMF_02267	1	persistent	2	0	0
PAPNPA_04242	contig_53	120369	120950	-	GEGEGB_00798	1	persistent	2	0	0
PAPNPA_04243	contig_53	121041	121682	-	GEGEGB_00797	1	persistent	2	0	0
PAPNPA_04244	contig_53	122013	125003	+	LNHIMF_02270	1	persistent	2	0	0
PAPNPA_04245	contig_53	124971	125840	-	GEGEGB_00795	1	persistent	2	0	1
PAPNPA_04246	contig_53	125974	127326	+	LNHIMF_02272	1	persistent	2	1	1
PAPNPA_04248	contig_53	127465	127662	+	LNHIMF_02274	1	persistent	2	1	0
PAPNPA_04249	contig_53	127767	129008	+	LNHIMF_02275	1	persistent	2	0	0
PAPNPA_04250	contig_53	129008	132130	+	GEGEGB_00789	1	persistent	2	0	0
PAPNPA_04251	contig_53	132131	135211	+	LNHIMF_02277	1	persistent	2	0	0
PAPNPA_04252	contig_53	135208	136620	+	GEGEGB_00787	1	persistent	2	0	0
PAPNPA_04253	contig_53	136620	138023	+	LNHIMF_02279	1	persistent	2	0	0
PAPNPA_04254	contig_53	138020	138742	+	LNHIMF_02280	1	persistent	2	0	1
PAPNPA_04255	contig_53	139011	140213	+	AJBGEP_02298	1	persistent	2	0	1
PAPNPA_04256	contig_53	140213	140929	+	BEJGEH_02156	1	persistent	2	0	0
PAPNPA_04257	contig_53	140940	143051	+	LNHIMF_02283	1	persistent	2	0	2
PAPNPA_04258	contig_53	143056	143775	+	PAPNPA_04258	1	cloud	1	0	1
PAPNPA_04259	contig_53	143906	144649	-	ONMMKP_04710	1	cloud	1	0	5
PAPNPA_04260	contig_53	144752	144832	-	PAPNPA_04260	1	cloud	0	0	2
PAPNPA_04261	contig_53	144787	145098	-	PAPNPA_04261	1	cloud	0	0	2
PAPNPA_04262	contig_53	145098	145595	-	PAPNPA_04262	1	cloud	0	0	2
PAPNPA_04263	contig_53	145795	146172	-	PAPNPA_04263	1	cloud	0	0	2
PAPNPA_04264	contig_53	146547	146981	-	PAPNPA_04264	1	cloud	0	0	2
PAPNPA_04265	contig_53	147186	148052	-	PAPNPA_04265	1	cloud	0	0	2
PAPNPA_04266	contig_53	148262	148495	-	PAPNPA_04266	1	cloud	0	0	2
PAPNPA_04267	contig_53	148553	148894	-	PAPNPA_04267	1	cloud	0	0	2
PAPNPA_04268	contig_53	149169	149300	-	PAPNPA_04268	1	cloud	0	0	2
PAPNPA_04269	contig_53	149668	150036	-	PAPNPA_04269	1	cloud	0	0	2
PAPNPA_04270	contig_53	150356	150712	-	PAPNPA_04270	1	cloud	0	0	2
PAPNPA_04271	contig_53	152016	152321	-	PAPNPA_04271	1	cloud	0	0	2
PAPNPA_04272	contig_53	152871	153290	-	ALJMDI_01894	1	cloud	0	0	6
PAPNPA_04274	contig_53	153947	154564	-	ONMMKP_04705	1	cloud	1	0	2
PAPNPA_04275	contig_53	154728	156089	+	GEGEGB_00769	1	persistent	2	1	1
PAPNPA_04277	contig_53	156728	157144	-	LNHIMF_02286	1	persistent	3	1	0
PAPNPA_04278	contig_53	158166	159065	+	LNHIMF_02288	1	persistent	3	0	0
PAPNPA_04279	contig_53	159118	160170	-	GEGEGB_00764	1	persistent	2	0	0
PAPNPA_04280	contig_53	160424	161695	+	GEGEGB_00763	1	persistent	2	0	0
PAPNPA_04281	contig_53	161692	162696	+	GEGEGB_00762	1	persistent	2	0	0
PAPNPA_04282	contig_53	162693	163658	+	GEGEGB_00761	1	persistent	2	0	0
PAPNPA_04283	contig_53	163632	164378	-	GEGEGB_00760	1	persistent	2	0	0
PAPNPA_04284	contig_53	164414	165214	-	GEGEGB_00759	1	persistent	2	0	0
PAPNPA_04285	contig_53	165201	165998	-	GEGEGB_00758	1	persistent	2	0	0
PAPNPA_04286	contig_53	166408	166722	+	GEGEGB_00757	1	persistent	1	1	1
PAPNPA_04287	contig_53	166983	167990	-	GEGEGB_00756	1	shell	1	1	0
PAPNPA_04288	contig_53	168006	170495	-	BEJGEH_02184	1	shell	0	2	0
PAPNPA_04289	contig_53	170509	171192	-	GEGEGB_00753	1	shell	0	2	0
PAPNPA_04290	contig_53	171248	171778	-	GEGEGB_00752	1	shell	2	1	0
PAPNPA_04291	contig_53	172616	173725	-	LNHIMF_02302	1	persistent	2	1	0
PAPNPA_04292	contig_53	173890	175923	+	LNHIMF_02303	1	persistent	2	0	0
PAPNPA_04293	contig_53	176164	176622	+	GEGEGB_00748	1	persistent	2	0	0
PAPNPA_04294	contig_53	176794	177324	+	GEGEGB_00747	1	persistent	2	0	0
PAPNPA_04295	contig_53	177381	177848	-	LNHIMF_02306	1	persistent	2	0	0
PAPNPA_04296	contig_53	177895	178614	-	LNHIMF_02307	1	persistent	2	0	0
PAPNPA_04297	contig_53	178611	180296	-	LNHIMF_02308	1	persistent	2	0	0
PAPNPA_04298	contig_53	180519	181250	+	LNHIMF_02309	1	persistent	2	0	0
PAPNPA_04299	contig_53	181310	181417	+	GEGEGB_00742	1	persistent	2	0	0
PAPNPA_04300	contig_53	181398	182129	-	GEGEGB_00741	1	persistent	2	0	0
PAPNPA_04301	contig_53	182113	183060	-	GEGEGB_00740	1	persistent	2	0	0
PAPNPA_04302	contig_53	183053	184222	-	LNHIMF_02313	1	persistent	2	0	0
PAPNPA_04303	contig_53	184226	185143	-	GEGEGB_00738	1	persistent	2	0	0
PAPNPA_04304	contig_53	185324	187621	-	LNHIMF_02315	1	persistent	2	0	0
PAPNPA_04305	contig_53	187888	189618	+	GEGEGB_00736	1	persistent	2	0	0
PAPNPA_04306	contig_53	189677	190585	-	GEGEGB_00735	1	persistent	2	0	0
PAPNPA_04307	contig_53	190790	191377	-	GEGEGB_00734	1	persistent	2	0	0
PAPNPA_04308	contig_53	191536	192105	+	GEGEGB_00733	1	persistent	2	0	0
PAPNPA_04309	contig_53	192154	192915	-	GEGEGB_00732	1	persistent	2	0	1
PAPNPA_04310	contig_53	192981	194417	-	GEGEGB_00731	1	persistent	2	0	2
PAPNPA_04311	contig_53	194822	196027	-	PAPNPA_04311	1	cloud	3	0	2
PAPNPA_04312	contig_53	196696	197634	-	LNHIMF_02323	1	persistent	2	0	1
PAPNPA_04313	contig_53	197743	198936	-	GEGEGB_00728	1	persistent	2	0	0
PAPNPA_04314	contig_53	198951	199595	-	GEGEGB_00727	1	persistent	2	0	0
PAPNPA_04315	contig_53	199604	200305	-	GEGEGB_00726	1	persistent	2	0	0
PAPNPA_04316	contig_53	200321	201358	-	GEGEGB_00725	1	persistent	2	0	0
PAPNPA_04317	contig_53	201370	202728	-	GEGEGB_00724	1	persistent	2	0	0
PAPNPA_04318	contig_53	202854	203762	+	GEGEGB_00723	1	persistent	2	0	0
PAPNPA_04319	contig_53	203894	204292	+	GEGEGB_00722	1	persistent	2	0	0
PAPNPA_04320	contig_53	204289	204984	+	GEGEGB_00721	1	persistent	2	0	0
PAPNPA_04321	contig_53	205138	206022	+	GEGEGB_00720	1	persistent	2	0	0
PAPNPA_04322	contig_53	206199	206918	+	LNHIMF_02333	1	persistent	2	0	0
PAPNPA_04323	contig_53	206921	207160	+	GEGEGB_00718	1	persistent	2	0	0
PAPNPA_04324	contig_53	207365	208606	+	GEGEGB_00717	1	persistent	2	0	0
PAPNPA_04325	contig_53	208600	209835	+	BEJGEH_02222	1	persistent	2	0	0
PAPNPA_04326	contig_53	209910	210920	-	LNHIMF_02337	1	persistent	2	0	0
PAPNPA_04327	contig_53	210936	212456	-	LNHIMF_02338	1	persistent	2	0	0
PAPNPA_04328	contig_53	212590	213588	-	LNHIMF_02339	1	persistent	2	0	0
PAPNPA_04329	contig_53	214087	215109	-	LNHIMF_02340	1	persistent	2	0	0
PAPNPA_04330	contig_53	215259	216419	-	LNHIMF_02341	1	persistent	2	0	0
PAPNPA_04331	contig_53	216416	217084	-	GEGEGB_00708	1	persistent	2	0	0
PAPNPA_04332	contig_53	217414	218271	+	GEGEGB_00707	1	persistent	2	0	0
PAPNPA_04333	contig_53	218260	218649	-	GEGEGB_00706	1	persistent	2	0	0
PAPNPA_04334	contig_53	218654	220021	-	LNHIMF_02345	1	persistent	2	0	0
PAPNPA_04335	contig_53	220238	221125	+	GEGEGB_00704	1	persistent	2	0	0
PAPNPA_04336	contig_53	221158	222480	+	LNHIMF_02347	1	persistent	2	0	0
PAPNPA_04337	contig_53	222524	224515	-	LNHIMF_02348	1	persistent	2	0	3
PAPNPA_04338	contig_53	224635	224724	+	LNHIMF_02349	1	cloud	2	0	1
PAPNPA_04339	contig_53	224714	224827	-	GEGEGB_00700	1	cloud	2	0	1
PAPNPA_04340	contig_53	224862	226331	-	LNHIMF_02350	1	persistent	2	0	3
PAPNPA_04341	contig_53	226521	227384	-	GEGEGB_00698	1	persistent	2	0	1
PAPNPA_04342	contig_53	227505	228554	+	GEGEGB_00697	1	persistent	2	0	0
PAPNPA_04343	contig_53	228633	229490	+	GEGEGB_00696	1	persistent	2	0	0
PAPNPA_04344	contig_53	229555	231243	-	GEGEGB_00695	1	persistent	2	0	0
PAPNPA_04345	contig_53	231260	232198	-	GEGEGB_00694	1	persistent	2	0	1
PAPNPA_04346	contig_53	232198	233328	-	GEGEGB_00693	1	persistent	2	0	0
PAPNPA_04348	contig_53	233698	234879	+	GEGEGB_00692	1	persistent	2	0	0
PAPNPA_04349	contig_53	234944	235609	-	BEJGEH_02246	1	persistent	2	0	0
PAPNPA_04350	contig_53	236121	236375	-	GEGEGB_00690	1	persistent	2	0	0
PAPNPA_04351	contig_53	236699	237271	+	GEGEGB_00689	1	persistent	2	0	0
PAPNPA_04352	contig_53	237484	238470	+	GEGEGB_00688	1	persistent	2	0	0
PAPNPA_04353	contig_53	238500	239219	+	GEGEGB_00687	1	persistent	2	0	0
PAPNPA_04354	contig_53	239633	240205	+	GEGEGB_00686	1	persistent	2	0	0
PAPNPA_04355	contig_53	240528	242084	+	GEGEGB_00685	1	persistent	2	0	0
PAPNPA_04356	contig_53	242191	243996	+	GEGEGB_00684	1	persistent	2	0	0
PAPNPA_04357	contig_53	244006	245100	+	GEGEGB_00683	1	persistent	2	0	0
PAPNPA_04358	contig_53	245100	246125	+	GEGEGB_00682	1	persistent	2	0	0
PAPNPA_04359	contig_53	246127	247716	+	GEGEGB_00681	1	persistent	2	0	0
PAPNPA_04360	contig_53	247720	248064	-	GEGEGB_00680	1	persistent	2	0	0
PAPNPA_04361	contig_53	248455	249645	-	LNHIMF_02371	1	persistent	2	0	0
PAPNPA_04362	contig_53	249673	250368	-	GEGEGB_00678	1	persistent	2	0	0
PAPNPA_04363	contig_53	250520	252280	+	GEGEGB_00677	1	persistent	2	0	0
PAPNPA_04364	contig_53	252405	252689	+	GEGEGB_00676	1	persistent	3	0	0
PAPNPA_04365	contig_53	252797	253417	-	GEGEGB_00675	1	persistent	2	0	0
PAPNPA_04366	contig_53	253445	254452	-	GEGEGB_00674	1	persistent	3	0	0
PAPNPA_04367	contig_53	254632	254859	+	GEGEGB_00673	1	persistent	2	0	0
PAPNPA_04368	contig_53	254891	256651	+	GEGEGB_00672	1	persistent	2	0	4
PAPNPA_04370	contig_53	256843	257046	+	IKCLMC_01756	1	persistent	3	1	0
PAPNPA_04371	contig_53	257239	257796	-	LNHIMF_02380	1	persistent	2	0	2
PAPNPA_04372	contig_53	258475	258594	-	PAPNPA_04372	1	cloud	2	0	0
PAPNPA_04373	contig_53	258620	259267	+	GEGEGB_00665	1	persistent	3	0	1
PAPNPA_04374	contig_53	259311	260354	-	GEGEGB_00664	2	persistent	3	0	0
PAPNPA_04375	contig_53	260351	260908	-	GEGEGB_00663	2	persistent	2	0	1
PAPNPA_04376	contig_53	260905	262836	-	GEGEGB_00662	2	persistent	2	0	0
PAPNPA_04377	contig_53	262833	263312	-	HFCAGB_02510	2	persistent	2	0	0
PAPNPA_04378	contig_53	263309	263482	-	AJBGEP_02420	2	persistent	2	0	0
PAPNPA_04379	contig_53	263518	264264	-	GEGEGB_00659	2	persistent	2	0	0
PAPNPA_04380	contig_53	264307	264963	-	GEGEGB_00658	2	persistent	2	0	0
PAPNPA_04381	contig_53	264963	265580	-	GEGEGB_03907	2	persistent	3	0	0
PAPNPA_04382	contig_53	265601	266203	-	LNHIMF_02390	1	persistent	2	0	0
PAPNPA_04383	contig_53	266213	266662	-	GEGEGB_00655	1	persistent	2	0	0
PAPNPA_04384	contig_53	266778	267647	-	GEGEGB_00654	1	persistent	2	0	0
PAPNPA_04385	contig_53	267634	268329	-	GEGEGB_00653	1	persistent	2	0	0
PAPNPA_04386	contig_53	268336	270822	-	GEGEGB_00652	1	persistent	2	0	0
PAPNPA_04387	contig_53	270819	271082	-	GEGEGB_00651	1	persistent	2	0	0
PAPNPA_04388	contig_53	271072	271563	-	LNHIMF_02396	1	persistent	3	0	0
PAPNPA_04389	contig_53	271965	272471	+	GEGEGB_00648	1	persistent	3	0	0
PAPNPA_04390	contig_53	272654	274297	-	LNHIMF_02399	1	persistent	2	0	0
PAPNPA_04391	contig_53	274373	275023	-	LNHIMF_02400	1	persistent	2	0	0
PAPNPA_04392	contig_53	275026	276084	-	LNHIMF_02401	1	persistent	2	0	0
PAPNPA_04393	contig_53	276168	277220	-	GEGEGB_00644	1	persistent	2	0	0
PAPNPA_04394	contig_53	277335	278471	-	GEGEGB_00643	1	persistent	2	0	0
PAPNPA_04396	contig_53	279200	281869	+	LNHIMF_02405	1	persistent	2	0	0
PAPNPA_04397	contig_53	281886	282536	+	GEGEGB_00640	1	persistent	2	0	0
PAPNPA_04398	contig_53	282639	285485	-	LNHIMF_02407	1	persistent	2	1	0
PAPNPA_04399	contig_53	285603	288239	-	LNHIMF_02408	1	persistent	2	0	1
PAPNPA_04400	contig_53	288649	289851	-	LNHIMF_02409	1	persistent	2	0	0
PAPNPA_04401	contig_53	289866	291191	-	LNHIMF_02410	1	persistent	2	0	0
PAPNPA_04402	contig_53	291241	292125	+	GEGEGB_00631	1	persistent	2	0	0
PAPNPA_04403	contig_53	292208	292936	+	LNHIMF_02413	1	persistent	2	0	0
PAPNPA_04404	contig_53	293292	295577	+	LNHIMF_02414	1	persistent	2	0	0
PAPNPA_04405	contig_53	295690	296820	+	GEGEGB_00628	1	persistent	2	0	0
PAPNPA_04406	contig_53	296820	297074	+	GEGEGB_00627	1	persistent	2	0	0
PAPNPA_04407	contig_53	297076	298251	-	BEJGEH_02304	1	persistent	2	0	0
PAPNPA_04408	contig_53	298427	299305	+	LNHIMF_02419	1	persistent	2	0	0
PAPNPA_04409	contig_53	299421	300491	-	LNHIMF_02420	1	persistent	2	0	0
PAPNPA_04410	contig_53	300496	301854	-	LNHIMF_02421	1	persistent	2	0	0
PAPNPA_04411	contig_53	302127	303755	+	LNHIMF_02422	1	persistent	2	0	0
PAPNPA_04412	contig_53	303745	305004	+	LNHIMF_02423	1	persistent	2	0	0
PAPNPA_04413	contig_53	305001	306191	+	LNHIMF_02424	1	persistent	2	0	0
PAPNPA_04415	contig_53	306617	307639	+	BEJGEH_02312	1	persistent	2	0	0
PAPNPA_04416	contig_53	307873	308049	-	GEGEGB_00612	2	persistent	4	0	0
PAPNPA_04417	contig_53	308055	308858	-	LNHIMF_02428	1	persistent	2	0	0
PAPNPA_04418	contig_53	308884	310173	-	GEGEGB_00615	1	persistent	2	0	0
PAPNPA_04419	contig_53	310229	311434	-	GEGEGB_00614	1	persistent	2	0	0
PAPNPA_04420	contig_53	311448	312230	-	LNHIMF_02431	1	persistent	2	0	0
PAPNPA_04421	contig_53	312480	313676	-	GEGEGB_00612	2	persistent	4	0	0
PAPNPA_04422	contig_53	313791	314357	-	GEGEGB_00611	1	persistent	2	0	0
PAPNPA_04423	contig_53	314612	315037	+	GEGEGB_00610	2	persistent	3	0	0
PAPNPA_04424	contig_53	315082	315687	-	LNHIMF_02435	1	persistent	2	0	0
PAPNPA_04425	contig_53	315987	317126	+	LNHIMF_02436	1	persistent	2	0	0
PAPNPA_04426	contig_53	317129	318112	+	GEGEGB_00607	1	persistent	2	0	0
PAPNPA_04427	contig_53	318109	320091	+	LNHIMF_02438	1	persistent	2	0	0
PAPNPA_04428	contig_53	320088	320987	+	LNHIMF_02439	1	persistent	2	0	0
PAPNPA_04429	contig_53	320984	322630	+	LNHIMF_02440	1	persistent	2	0	0
PAPNPA_04430	contig_53	322627	322962	+	ALJMDI_02045	1	persistent	2	0	0
PAPNPA_04431	contig_53	322962	323339	+	LNHIMF_02442	1	persistent	2	0	0
PAPNPA_04432	contig_53	323334	323591	-	LNHIMF_02443	1	persistent	2	0	0
PAPNPA_04433	contig_53	323689	325056	-	LNHIMF_02444	1	persistent	2	0	0
PAPNPA_04434	contig_53	325053	326015	-	LNHIMF_02445	1	persistent	2	0	0
PAPNPA_04435	contig_53	326015	326872	-	GEGEGB_00598	1	persistent	2	0	0
PAPNPA_04436	contig_53	326887	327645	-	LNHIMF_02447	1	persistent	2	0	0
PAPNPA_04437	contig_53	327642	329312	-	LNHIMF_02448	1	persistent	2	0	0
PAPNPA_04438	contig_53	329398	330693	-	LNHIMF_02449	1	persistent	2	0	0
PAPNPA_04439	contig_53	330794	331099	-	GEGEGB_00594	1	persistent	2	0	0
PAPNPA_04440	contig_53	331154	331615	-	GEGEGB_00593	1	persistent	2	0	0
PAPNPA_04441	contig_53	331676	332593	+	GEGEGB_00592	1	persistent	2	0	0
PAPNPA_04442	contig_53	332659	333660	+	LNHIMF_02453	1	persistent	2	1	0
PAPNPA_04443	contig_53	333701	335491	-	BEJGEH_02340	1	shell	2	0	2
PAPNPA_04444	contig_53	336198	344795	-	PAPNPA_04444	1	cloud	1	1	0
PAPNPA_04445	contig_53	345404	346861	-	GEGEGB_00590	1	persistent	2	1	2
PAPNPA_04446	contig_53	346868	348397	-	LNHIMF_02455	1	persistent	2	0	0
PAPNPA_04447	contig_53	348474	350315	-	LNHIMF_02456	1	persistent	2	0	0
PAPNPA_04448	contig_53	350312	350614	-	GEGEGB_00586	1	persistent	2	0	0
PAPNPA_04449	contig_53	350611	351165	-	GEGEGB_00585	1	persistent	2	0	0
PAPNPA_04450	contig_53	351176	351718	-	GEGEGB_00584	1	persistent	2	0	0
PAPNPA_04451	contig_53	351733	352710	-	LNHIMF_02460	1	persistent	2	0	0
PAPNPA_04452	contig_53	352707	355433	-	LNHIMF_02461	1	persistent	2	0	0
PAPNPA_04453	contig_53	355464	356801	-	LNHIMF_02462	1	persistent	2	0	0
PAPNPA_04454	contig_53	356798	357298	-	GEGEGB_00580	1	persistent	2	0	0
PAPNPA_04455	contig_53	357301	359103	-	GEGEGB_00579	1	persistent	2	0	0
PAPNPA_04456	contig_53	359190	359852	-	GEGEGB_00578	1	persistent	2	0	0
PAPNPA_04457	contig_53	359868	360311	-	GEGEGB_00577	1	persistent	2	0	0
PAPNPA_04458	contig_53	360938	361876	-	LNHIMF_02467	1	persistent	2	0	0
PAPNPA_04459	contig_53	362810	364024	+	GEGEGB_00575	1	persistent	2	0	0
PAPNPA_04460	contig_53	364118	364717	+	LNHIMF_02469	1	persistent	2	0	0
PAPNPA_04461	contig_53	364809	366635	-	LNHIMF_02470	1	persistent	2	0	0
PAPNPA_04462	contig_53	366712	367371	-	GEGEGB_00572	1	persistent	2	0	0
PAPNPA_04463	contig_53	367382	367876	-	GEGEGB_00571	1	persistent	2	0	0
PAPNPA_04464	contig_53	367958	368413	-	LNHIMF_02473	1	persistent	2	0	0
PAPNPA_04465	contig_53	368753	369955	+	GEGEGB_00569	1	persistent	2	0	0
PAPNPA_04466	contig_53	370032	372176	+	LNHIMF_02475	1	persistent	2	0	0
PAPNPA_04467	contig_53	372394	373914	+	GEGEGB_00567	1	persistent	2	0	0
PAPNPA_04468	contig_53	373963	374916	-	GEGEGB_00566	1	persistent	2	0	0
PAPNPA_04469	contig_53	374909	375739	-	LNHIMF_02478	1	persistent	2	0	0
PAPNPA_04470	contig_53	375736	377127	-	LNHIMF_02479	1	persistent	2	0	0
PAPNPA_04471	contig_53	377148	377420	-	GEGEGB_00563	1	persistent	2	0	0
PAPNPA_04472	contig_53	377501	377944	-	GEGEGB_00562	1	persistent	2	0	0
PAPNPA_04473	contig_53	378197	379216	+	GEGEGB_00561	1	persistent	2	0	0
PAPNPA_04474	contig_53	379222	379776	-	GEGEGB_00560	1	persistent	2	0	0
PAPNPA_04475	contig_53	379833	380384	-	GEGEGB_00559	1	persistent	2	0	0
PAPNPA_04476	contig_53	380440	381084	-	LNHIMF_02485	1	persistent	2	0	0
PAPNPA_04477	contig_53	381227	381874	+	LNHIMF_02486	1	persistent	2	0	0
PAPNPA_04478	contig_53	382000	382893	+	LNHIMF_02487	1	persistent	2	0	0
PAPNPA_04479	contig_53	382945	383718	-	LNHIMF_02488	1	persistent	2	0	0
PAPNPA_04480	contig_53	383732	384439	-	GEGEGB_00554	1	persistent	2	0	0
PAPNPA_04481	contig_53	384436	385122	-	GEGEGB_00553	1	persistent	2	0	0
PAPNPA_04482	contig_53	385303	386085	-	LNHIMF_02491	1	persistent	2	0	0
PAPNPA_04483	contig_53	386323	387105	-	GEGEGB_00551	1	persistent	2	0	0
PAPNPA_04484	contig_53	387394	387963	-	GEGEGB_00550	1	persistent	2	0	0
PAPNPA_04485	contig_53	387990	389396	-	LNHIMF_02494	1	persistent	2	0	0
PAPNPA_04486	contig_53	389460	390563	-	LNHIMF_02495	1	persistent	2	0	0
PAPNPA_04487	contig_53	390565	391986	-	GEGEGB_00547	1	persistent	2	0	0
PAPNPA_04488	contig_53	392077	393474	-	GEGEGB_00546	1	persistent	2	0	0
PAPNPA_04489	contig_53	393685	395112	+	LNHIMF_02498	1	persistent	2	0	0
PAPNPA_04490	contig_53	395148	396665	-	LNHIMF_02499	1	persistent	2	0	0
PAPNPA_04491	contig_53	396703	397191	-	GEGEGB_00543	1	persistent	2	0	0
PAPNPA_04492	contig_53	397501	398175	-	BEJGEH_02389	1	persistent	2	0	0
PAPNPA_04493	contig_53	398165	399433	-	GEGEGB_00541	1	persistent	2	0	0
PAPNPA_04494	contig_53	399501	400415	-	GEGEGB_00540	1	persistent	2	0	0
PAPNPA_04495	contig_53	400565	401224	-	GEGEGB_00539	1	persistent	2	0	0
PAPNPA_04496	contig_53	401273	402085	-	GEGEGB_00538	1	persistent	2	0	0
PAPNPA_04497	contig_53	402085	403098	-	GEGEGB_00537	1	persistent	2	0	0
PAPNPA_04498	contig_53	403166	404302	-	GEGEGB_00536	1	persistent	2	0	0
PAPNPA_04499	contig_53	404406	405407	+	GEGEGB_00535	1	persistent	2	0	0
PAPNPA_04500	contig_53	405404	406582	-	LNHIMF_02509	1	persistent	3	0	0
PAPNPA_04501	contig_53	406762	407136	-	LNHIMF_02510	1	persistent	1	1	1
PAPNPA_04502	contig_53	407309	407491	+	LNHIMF_02511	1	cloud	2	0	0
PAPNPA_04503	contig_53	407703	408221	+	LNHIMF_02512	1	persistent	2	1	1
PAPNPA_04504	contig_53	408288	408944	-	LNHIMF_02513	1	persistent	2	0	0
PAPNPA_04505	contig_53	409042	410256	-	GEGEGB_00528	1	persistent	2	0	0
PAPNPA_04506	contig_53	410416	412416	+	LNHIMF_02515	1	persistent	2	0	0
PAPNPA_04507	contig_53	412468	412743	-	GEGEGB_00526	1	persistent	2	0	0
PAPNPA_04508	contig_53	412776	413324	-	LNHIMF_02517	1	persistent	2	0	0
PAPNPA_04509	contig_53	413324	414133	-	GEGEGB_00523	1	persistent	2	0	0
PAPNPA_04510	contig_53	414133	414957	-	GEGEGB_00522	1	persistent	2	0	0
PAPNPA_04511	contig_53	414961	416046	-	LNHIMF_02520	1	persistent	2	0	0
PAPNPA_04512	contig_53	416082	417014	-	GEGEGB_00520	1	persistent	2	0	0
PAPNPA_04513	contig_53	417180	417731	+	GEGEGB_00519	1	persistent	2	0	0
PAPNPA_04514	contig_53	417831	418316	-	GEGEGB_00518	1	persistent	2	0	0
PAPNPA_04515	contig_53	418525	420672	-	GEGEGB_00517	1	persistent	2	0	0
PAPNPA_04516	contig_53	420672	421982	-	GEGEGB_00516	1	persistent	2	0	0
PAPNPA_04517	contig_53	422160	422444	-	GEGEGB_00515	1	persistent	2	0	0
PAPNPA_04518	contig_53	422815	424122	+	LNHIMF_02527	1	persistent	2	0	0
PAPNPA_04519	contig_53	424183	424938	-	GEGEGB_00513	1	persistent	2	0	0
PAPNPA_04520	contig_53	425227	426168	+	GEGEGB_00512	1	persistent	3	0	1
PAPNPA_04522	contig_53	426475	427413	-	GEGEGB_00505	1	persistent	2	0	2
PAPNPA_04523	contig_53	427453	427548	+	GEGEGB_00504	1	persistent	2	0	0
PAPNPA_04524	contig_53	427681	428931	-	LNHIMF_02533	1	persistent	2	0	0
PAPNPA_04525	contig_53	428918	430924	-	GEGEGB_00502	1	persistent	2	0	0
PAPNPA_04526	contig_53	430921	432195	-	GEGEGB_00501	1	persistent	2	0	0
PAPNPA_04527	contig_53	432550	433941	+	LNHIMF_02536	1	persistent	2	0	0
PAPNPA_04528	contig_53	434216	434458	-	GEGEGB_00499	1	persistent	2	0	0
PAPNPA_04529	contig_53	434618	434731	-	GEGEGB_00498	1	persistent	2	0	0
PAPNPA_04530	contig_53	434979	435899	+	GEGEGB_00497	1	persistent	2	0	0
PAPNPA_04531	contig_53	436317	436373	+	GEGEGB_00496	1	persistent	2	1	0
PAPNPA_04532	contig_53	436423	437661	-	GEGEGB_00493	1	persistent	2	1	1
PAPNPA_04533	contig_53	438384	439349	-	LNHIMF_02542	1	persistent	2	0	1
PAPNPA_04534	contig_53	439553	440788	+	GEGEGB_00491	1	persistent	2	0	0
PAPNPA_04535	contig_53	440808	442460	-	LNHIMF_02544	1	persistent	2	0	0
PAPNPA_04536	contig_53	442640	443638	+	GEGEGB_00489	1	persistent	2	0	0
PAPNPA_04537	contig_53	443752	444078	+	GEGEGB_00488	1	persistent	2	0	0
PAPNPA_04538	contig_53	444139	445380	-	GEGEGB_00487	1	persistent	2	0	0
PAPNPA_04539	contig_53	445723	446925	+	GEGEGB_00486	1	persistent	2	0	0
PAPNPA_04540	contig_53	446978	449014	-	LNHIMF_02549	1	persistent	2	0	0
