gene	contig	start	stop	strand	family	nb_copy_in_genome	partition	persistent_neighbors	shell_neighbors	cloud_neighbors
HFCAGB_00001	contig_1	169	255	+	GEGEGB_00001	1	persistent	2	0	0
HFCAGB_00002	contig_1	337	2799	+	GEGEGB_00002	1	persistent	2	0	0
HFCAGB_00003	contig_1	2801	3730	+	GEGEGB_00003	1	persistent	2	0	0
HFCAGB_00004	contig_1	3734	5020	+	GEGEGB_00004	1	persistent	2	0	0
HFCAGB_00005	contig_1	5114	5887	-	GEGEGB_00005	1	persistent	2	0	0
HFCAGB_00006	contig_1	5966	7396	-	GEGEGB_00006	1	persistent	2	0	0
HFCAGB_00007	contig_1	7665	8618	+	GEGEGB_00007	1	persistent	2	0	0
HFCAGB_00008	contig_1	8729	9319	+	GEGEGB_00008	1	persistent	2	0	0
HFCAGB_00009	contig_1	9376	9942	-	GEGEGB_00009	1	persistent	2	0	0
HFCAGB_00010	contig_1	10092	10805	-	GEGEGB_00010	1	persistent	2	0	0
HFCAGB_00011	contig_1	10841	11245	-	GEGEGB_00011	1	persistent	2	0	0
HFCAGB_00012	contig_1	11594	13510	+	GEGEGB_00012	1	persistent	2	0	0
HFCAGB_00014	contig_1	13596	14735	+	GEGEGB_00014	1	persistent	2	0	1
HFCAGB_00015	contig_1	14682	14822	-	BEJGEH_00015	1	cloud	2	0	0
HFCAGB_00016	contig_1	15016	15963	+	GEGEGB_00015	1	persistent	2	0	1
HFCAGB_00017	contig_1	16090	16434	+	LNHIMF_00016	1	persistent	2	0	0
HFCAGB_00018	contig_1	16495	17028	-	LNHIMF_00017	1	persistent	2	0	0
HFCAGB_00019	contig_1	17045	17488	-	GEGEGB_00018	1	persistent	2	0	0
HFCAGB_00020	contig_1	17869	19968	+	BEJGEH_00020	1	persistent	2	0	0
HFCAGB_00021	contig_1	20060	23056	+	LNHIMF_00020	1	persistent	2	0	0
HFCAGB_00022	contig_1	23337	24041	+	BEJGEH_00022	1	persistent	2	0	0
HFCAGB_00023	contig_1	24471	25013	+	LNHIMF_00022	1	persistent	2	0	0
HFCAGB_00024	contig_1	25114	25800	+	LNHIMF_00023	1	persistent	2	0	0
HFCAGB_00025	contig_1	25805	28426	+	LNHIMF_00024	1	persistent	2	0	0
HFCAGB_00026	contig_1	28427	29434	+	LNHIMF_00025	1	persistent	2	0	0
HFCAGB_00027	contig_1	29435	29980	+	LNHIMF_00026	1	persistent	2	0	0
HFCAGB_00028	contig_1	29996	30514	+	GEGEGB_00030	1	persistent	2	0	0
HFCAGB_00029	contig_1	30480	31211	+	LNHIMF_00028	1	persistent	2	0	0
HFCAGB_00030	contig_1	31275	32120	+	LNHIMF_00029	1	persistent	2	0	1
HFCAGB_00031	contig_1	32159	32446	+	LNHIMF_00030	1	persistent	2	1	0
HFCAGB_00032	contig_1	32546	32995	-	GEGEGB_00034	1	persistent	1	1	1
HFCAGB_00033	contig_1	33365	34369	+	AJBGEP_00032	1	shell	2	1	0
HFCAGB_00034	contig_1	34377	34817	-	HFCAGB_00034	1	shell	0	2	0
HFCAGB_00035	contig_1	35340	37058	+	BEJGEH_00035	1	shell	0	2	0
HFCAGB_00036	contig_1	37104	38666	-	GEGEGB_00038	1	shell	0	2	0
HFCAGB_00037	contig_1	38774	39535	-	GEGEGB_00039	1	shell	1	1	0
HFCAGB_00038	contig_1	40129	41622	+	LNHIMF_00037	1	persistent	0	2	2
HFCAGB_00039	contig_1	41721	42911	+	LNHIMF_00038	1	shell	1	1	0
HFCAGB_00040	contig_1	42936	44183	+	IKCLMC_03170	1	shell	1	1	0
HFCAGB_00041	contig_1	44310	46025	+	LNHIMF_00040	1	persistent	1	1	1
HFCAGB_00042	contig_1	46188	47354	+	LNHIMF_00041	1	persistent	2	0	1
HFCAGB_00043	contig_1	47422	48315	+	GEGEGB_00045	1	persistent	2	0	0
HFCAGB_00044	contig_1	48370	50409	-	LNHIMF_00043	1	persistent	2	0	0
HFCAGB_00046	contig_1	50905	51822	-	LNHIMF_00044	1	persistent	2	0	1
HFCAGB_00047	contig_1	52317	52526	+	LNHIMF_00045	1	persistent	2	0	0
HFCAGB_00048	contig_1	52870	53808	+	GEGEGB_00049	1	persistent	2	0	1
HFCAGB_00049	contig_1	53853	56687	+	LNHIMF_00047	1	persistent	2	0	0
HFCAGB_00050	contig_1	56687	57187	+	LNHIMF_00048	1	persistent	2	0	0
HFCAGB_00051	contig_1	57342	57791	+	GEGEGB_00052	1	persistent	2	0	0
HFCAGB_00052	contig_1	57794	58744	+	GEGEGB_00053	1	persistent	2	0	0
HFCAGB_00054	contig_1	59187	60146	+	AJBGEP_00052	1	persistent	2	0	0
HFCAGB_00055	contig_1	60162	61082	+	GEGEGB_00056	1	persistent	2	0	0
HFCAGB_00056	contig_1	61104	61790	-	GEGEGB_00057	1	persistent	2	0	0
HFCAGB_00057	contig_1	61792	63450	-	BEJGEH_00056	1	persistent	2	0	0
HFCAGB_00058	contig_1	63546	64847	-	LNHIMF_00056	3	persistent	4	0	0
HFCAGB_00059	contig_1	64860	66632	-	GEGEGB_00060	3	persistent	2	0	1
HFCAGB_00060	contig_1	66648	66887	-	AJBGEP_03535	3	persistent	3	1	0
HFCAGB_00061	contig_1	67046	68386	-	GEGEGB_00062	1	persistent	2	0	0
HFCAGB_00062	contig_1	68706	69674	+	GEGEGB_00063	1	persistent	2	0	0
HFCAGB_00063	contig_1	69704	69997	+	GEGEGB_00064	1	persistent	2	0	0
HFCAGB_00064	contig_1	69994	70863	+	LNHIMF_00062	1	persistent	2	0	0
HFCAGB_00065	contig_1	70874	72394	+	LNHIMF_00063	1	persistent	2	0	0
HFCAGB_00066	contig_1	72394	72945	+	GEGEGB_00067	1	persistent	2	0	0
HFCAGB_00067	contig_1	72923	73831	+	LNHIMF_00065	1	persistent	2	0	0
HFCAGB_00068	contig_1	74011	74832	+	GEGEGB_00069	1	persistent	2	1	1
HFCAGB_00069	contig_1	75696	76844	+	LNHIMF_00068	1	persistent	2	1	1
HFCAGB_00070	contig_1	76863	80090	+	LNHIMF_00069	1	persistent	2	1	0
HFCAGB_00071	contig_1	80364	80759	+	GEGEGB_00072	1	persistent	2	1	0
HFCAGB_00072	contig_1	80836	81432	-	GEGEGB_00073	1	persistent	2	0	0
HFCAGB_00073	contig_1	81542	82327	-	LNHIMF_00072	1	persistent	2	0	0
HFCAGB_00074	contig_1	82381	83934	-	LNHIMF_00073	1	persistent	2	0	0
HFCAGB_00075	contig_1	83997	85214	-	GEGEGB_00076	1	persistent	2	0	0
HFCAGB_00076	contig_1	85326	86468	-	GEGEGB_00077	1	persistent	2	0	0
HFCAGB_00077	contig_1	86503	88020	-	LNHIMF_00076	1	persistent	2	0	0
HFCAGB_00078	contig_1	88501	89271	+	GEGEGB_00079	1	persistent	2	0	0
HFCAGB_00079	contig_1	89287	90228	+	GEGEGB_00080	1	persistent	2	0	0
HFCAGB_00080	contig_1	90278	91564	+	GEGEGB_00081	1	persistent	2	0	0
HFCAGB_00081	contig_1	91561	91848	+	GEGEGB_00082	1	persistent	2	0	0
HFCAGB_00083	contig_1	91995	93335	+	GEGEGB_00084	1	persistent	2	0	0
HFCAGB_00084	contig_1	93424	93654	+	GEGEGB_00085	1	persistent	3	0	0
HFCAGB_00085	contig_1	93754	94284	+	LNHIMF_00088	1	persistent	3	0	0
HFCAGB_00086	contig_1	94277	96139	+	GEGEGB_00093	1	persistent	2	0	0
HFCAGB_00087	contig_1	96338	96817	+	GEGEGB_00094	1	persistent	2	0	0
HFCAGB_00088	contig_1	96923	97771	-	GEGEGB_00095	1	persistent	2	0	0
HFCAGB_00089	contig_1	97782	98159	-	LNHIMF_00092	1	persistent	2	0	0
HFCAGB_00090	contig_1	98162	98983	-	GEGEGB_00097	1	persistent	2	0	0
HFCAGB_00091	contig_1	98980	99969	-	GEGEGB_00098	1	persistent	2	0	0
HFCAGB_00092	contig_1	99969	101255	-	GEGEGB_00099	1	persistent	2	0	0
HFCAGB_00093	contig_1	101309	103669	-	GEGEGB_00100	1	persistent	2	0	0
HFCAGB_00094	contig_1	103923	104735	+	GEGEGB_00101	1	persistent	2	0	0
HFCAGB_00095	contig_1	104830	105489	-	LNHIMF_00098	1	persistent	2	0	0
HFCAGB_00096	contig_1	105501	108407	-	GEGEGB_00103	1	persistent	2	0	0
HFCAGB_00097	contig_1	108581	110932	-	LNHIMF_00100	1	persistent	2	0	2
HFCAGB_00098	contig_1	110976	111596	-	HFCAGB_00098	1	persistent	2	0	1
HFCAGB_00099	contig_1	112114	112359	+	GEGEGB_00109	1	persistent	2	0	1
HFCAGB_00100	contig_1	112360	112539	-	HFCAGB_00100	1	cloud	2	0	0
HFCAGB_00101	contig_1	112539	113234	-	BEJGEH_00107	1	persistent	2	0	1
HFCAGB_00102	contig_1	113375	114877	-	LNHIMF_00104	1	persistent	2	0	0
HFCAGB_00103	contig_1	114888	116597	-	GEGEGB_00112	1	persistent	2	0	0
HFCAGB_00104	contig_1	116937	117782	+	LNHIMF_00106	1	persistent	2	0	0
HFCAGB_00105	contig_1	117901	118668	+	GEGEGB_00114	1	persistent	2	0	0
HFCAGB_00106	contig_1	118707	119414	-	GEGEGB_00115	1	persistent	2	0	0
HFCAGB_00107	contig_1	119398	121008	-	LNHIMF_00109	1	persistent	2	0	0
HFCAGB_00108	contig_1	120984	121967	-	GEGEGB_00117	1	persistent	2	0	0
HFCAGB_00109	contig_1	122145	123803	-	GEGEGB_00118	1	persistent	2	0	0
HFCAGB_00111	contig_1	123896	124018	+	GEGEGB_00120	1	persistent	2	0	1
HFCAGB_00112	contig_1	124338	124619	+	HFCAGB_00112	1	cloud	2	0	0
HFCAGB_00113	contig_1	124673	125278	-	LNHIMF_00114	1	persistent	2	0	1
HFCAGB_00114	contig_1	125289	126689	-	GEGEGB_00122	1	persistent	2	0	0
HFCAGB_00115	contig_1	126692	127783	-	LNHIMF_00116	1	persistent	2	0	0
HFCAGB_00116	contig_1	127783	129354	-	LNHIMF_00117	1	persistent	2	0	0
HFCAGB_00117	contig_1	129442	129528	-	LNHIMF_00118	1	persistent	2	0	0
HFCAGB_00118	contig_1	130185	131129	+	LNHIMF_00119	1	persistent	2	0	0
HFCAGB_00119	contig_1	131451	133175	+	BEJGEH_00124	1	persistent	2	0	0
HFCAGB_00120	contig_1	133175	133669	+	LNHIMF_00121	1	persistent	2	0	0
HFCAGB_00121	contig_1	133953	134957	+	GEGEGB_00129	1	persistent	2	0	0
HFCAGB_00122	contig_1	135563	136021	+	LNHIMF_00123	1	persistent	2	0	0
HFCAGB_00123	contig_1	136023	136964	+	LNHIMF_00124	1	persistent	2	0	0
HFCAGB_00124	contig_1	136961	137326	+	GEGEGB_00132	1	persistent	2	0	0
HFCAGB_00125	contig_1	137342	139108	+	GEGEGB_00133	1	persistent	2	0	0
HFCAGB_00126	contig_1	139095	140582	+	GEGEGB_00134	1	persistent	2	0	0
HFCAGB_00127	contig_1	140579	141937	+	LNHIMF_00128	1	persistent	2	0	0
HFCAGB_00128	contig_1	141931	143013	+	GEGEGB_00136	1	persistent	2	0	0
HFCAGB_00129	contig_1	143016	144332	+	LNHIMF_00130	1	persistent	2	0	0
HFCAGB_00130	contig_1	144332	145576	+	GEGEGB_00138	1	persistent	2	0	0
HFCAGB_00131	contig_1	145573	146640	+	LNHIMF_00132	1	persistent	2	0	0
HFCAGB_00132	contig_1	146759	148234	+	GEGEGB_00140	1	persistent	2	0	0
HFCAGB_00133	contig_1	148227	149084	+	HFCAGB_00133	1	persistent	2	0	0
HFCAGB_00134	contig_1	149086	149916	+	GEGEGB_00142	1	persistent	2	0	0
HFCAGB_00135	contig_1	149913	151175	+	GEGEGB_00143	1	persistent	2	0	0
HFCAGB_00137	contig_1	151236	152387	+	LNHIMF_00138	1	persistent	2	0	0
HFCAGB_00138	contig_1	152488	153405	+	LNHIMF_00139	1	persistent	2	0	0
HFCAGB_00139	contig_1	153684	154181	+	GEGEGB_00147	1	persistent	2	0	0
HFCAGB_00140	contig_1	154243	156948	+	LNHIMF_00141	1	persistent	2	0	0
HFCAGB_00142	contig_1	157100	157495	+	GEGEGB_00150	1	persistent	2	0	2
HFCAGB_00143	contig_1	157529	158518	-	BEJGEH_00148	1	cloud	1	0	1
HFCAGB_00144	contig_1	158622	159545	+	BEJGEH_00149	1	cloud	2	0	1
HFCAGB_00145	contig_1	159542	159733	-	GEGEGB_00153	1	persistent	2	0	1
HFCAGB_00146	contig_1	159743	160486	-	GEGEGB_00154	1	persistent	2	0	0
HFCAGB_00147	contig_1	160486	161106	-	GEGEGB_00155	1	persistent	2	0	0
HFCAGB_00148	contig_1	161332	162375	+	GEGEGB_00156	1	persistent	2	0	0
HFCAGB_00149	contig_1	162406	163608	-	LNHIMF_00148	1	persistent	2	0	0
HFCAGB_00150	contig_1	163598	164983	-	LNHIMF_00149	1	persistent	2	0	0
HFCAGB_00151	contig_1	164993	165430	-	GEGEGB_00159	1	persistent	2	0	0
HFCAGB_00152	contig_1	165652	166545	-	LNHIMF_00151	1	persistent	2	0	0
HFCAGB_00153	contig_1	166633	167196	+	GEGEGB_00161	1	persistent	2	0	0
HFCAGB_00154	contig_1	167193	168047	+	LNHIMF_00153	1	persistent	2	0	0
HFCAGB_00155	contig_1	168139	169089	-	LNHIMF_00154	1	persistent	2	0	0
HFCAGB_00156	contig_1	169089	170495	-	BEJGEH_00161	1	persistent	2	0	0
HFCAGB_00157	contig_1	170659	172029	-	GEGEGB_00165	1	persistent	2	0	0
HFCAGB_00158	contig_1	172595	173359	+	GEGEGB_00166	1	persistent	2	0	0
HFCAGB_00160	contig_1	173519	176182	+	GEGEGB_00168	1	persistent	2	0	0
HFCAGB_00161	contig_1	176197	178086	+	BEJGEH_00166	1	persistent	2	0	0
HFCAGB_00162	contig_1	178287	179711	+	GEGEGB_00170	1	persistent	2	0	0
HFCAGB_00164	contig_1	180000	180284	+	GEGEGB_00172	1	persistent	2	0	0
HFCAGB_00165	contig_1	180322	181113	-	GEGEGB_00173	1	persistent	2	0	0
HFCAGB_00166	contig_1	181126	182751	-	GEGEGB_00174	1	persistent	2	0	0
HFCAGB_00167	contig_1	183140	185737	+	GEGEGB_00175	1	persistent	2	1	2
HFCAGB_00168	contig_1	185777	186241	-	BEJGEH_00178	1	shell	1	1	2
HFCAGB_00169	contig_1	186659	186982	-	BEJGEH_00179	1	shell	1	1	1
HFCAGB_00170	contig_1	187253	187615	+	BEJGEH_00180	1	persistent	2	1	1
HFCAGB_00171	contig_1	187850	188803	+	GEGEGB_00177	1	persistent	2	0	0
HFCAGB_00172	contig_1	188800	190071	+	LNHIMF_00169	1	persistent	2	0	0
HFCAGB_00173	contig_1	190061	191044	+	LNHIMF_00170	1	persistent	2	0	0
HFCAGB_00174	contig_1	191054	191821	+	GEGEGB_00180	1	persistent	2	0	0
HFCAGB_00175	contig_1	191851	192645	-	GEGEGB_00181	1	persistent	2	0	0
HFCAGB_00176	contig_1	192666	193526	-	BEJGEH_00186	1	persistent	2	0	0
HFCAGB_00177	contig_1	193633	194019	-	GEGEGB_00183	1	persistent	2	0	0
HFCAGB_00178	contig_1	194182	195792	+	GEGEGB_00184	1	persistent	2	0	0
HFCAGB_00179	contig_1	195870	198260	-	GEGEGB_00185	1	persistent	2	0	0
HFCAGB_00180	contig_1	198466	199002	+	LNHIMF_00177	1	persistent	2	0	0
HFCAGB_00181	contig_1	199060	199722	-	LNHIMF_00178	1	persistent	2	0	0
HFCAGB_00182	contig_1	199831	200757	+	LNHIMF_00179	1	persistent	2	0	0
HFCAGB_00183	contig_1	200754	201524	+	GEGEGB_00189	1	persistent	3	0	0
HFCAGB_00184	contig_1	201644	202723	-	BEJGEH_00194	1	persistent	2	0	0
HFCAGB_00185	contig_1	202732	205290	-	LNHIMF_00182	1	persistent	2	0	0
HFCAGB_00186	contig_1	205305	205988	-	BEJGEH_00196	1	persistent	2	0	0
HFCAGB_00187	contig_1	206036	206575	-	PAPNPA_03682	1	persistent	2	0	0
HFCAGB_00188	contig_1	206945	207385	+	LNHIMF_00185	1	persistent	3	0	0
HFCAGB_00189	contig_1	207447	208676	+	BEJGEH_00199	1	persistent	2	0	1
HFCAGB_00190	contig_1	208683	209063	-	GEGEGB_00192	1	persistent	2	0	1
HFCAGB_00191	contig_1	209158	210012	-	LNHIMF_00188	1	persistent	2	0	0
HFCAGB_00192	contig_1	210138	210929	-	LNHIMF_00189	1	persistent	2	0	2
HFCAGB_00193	contig_1	211050	211529	-	GEGEGB_00202	1	persistent	2	0	2
HFCAGB_00194	contig_1	211526	212944	-	LNHIMF_00198	1	persistent	2	0	0
HFCAGB_00195	contig_1	213085	214026	-	GEGEGB_00204	1	persistent	2	0	0
HFCAGB_00196	contig_1	214050	214505	-	GEGEGB_00205	1	persistent	2	0	0
HFCAGB_00197	contig_1	214682	215386	-	LNHIMF_00201	1	persistent	2	0	0
HFCAGB_00198	contig_1	215403	215933	-	GEGEGB_00207	1	persistent	2	0	0
HFCAGB_00199	contig_1	215961	218435	+	LNHIMF_00203	1	persistent	2	0	0
HFCAGB_00200	contig_1	218576	221098	+	LNHIMF_00204	1	persistent	2	0	1
HFCAGB_00201	contig_1	221391	223580	+	LNHIMF_00205	1	persistent	2	0	0
HFCAGB_00202	contig_1	223629	224426	+	GEGEGB_00212	1	persistent	2	0	1
HFCAGB_00203	contig_1	224426	225316	+	LNHIMF_00207	1	persistent	2	0	0
HFCAGB_00204	contig_1	225313	227370	+	LNHIMF_00208	1	persistent	2	2	1
HFCAGB_00205	contig_1	227407	227613	+	HFCAGB_00205	1	shell	1	1	0
HFCAGB_00206	contig_1	228310	228870	+	BEJGEH_00216	1	shell	1	2	1
HFCAGB_00207	contig_1	228956	231613	+	HFCAGB_00207	1	shell	0	2	0
HFCAGB_00208	contig_1	231631	232383	+	BEJGEH_00218	1	shell	0	2	0
HFCAGB_00209	contig_1	232402	232914	+	BEJGEH_00219	1	shell	0	2	0
HFCAGB_00210	contig_1	232911	233387	+	BEJGEH_00220	1	shell	0	2	0
HFCAGB_00211	contig_1	233387	233917	+	HFCAGB_00211	1	shell	0	2	1
HFCAGB_00212	contig_1	233914	234756	+	HFCAGB_00212	1	shell	1	1	0
HFCAGB_00213	contig_1	234864	236144	-	GEGEGB_00215	1	persistent	2	1	1
HFCAGB_00214	contig_1	236314	237735	+	LNHIMF_00210	1	persistent	2	0	0
HFCAGB_00215	contig_1	237817	238161	+	GEGEGB_00217	1	persistent	2	0	1
HFCAGB_00216	contig_1	238262	238885	-	GEGEGB_00218	1	persistent	2	0	1
HFCAGB_00217	contig_1	238922	239722	-	LNHIMF_00213	1	persistent	2	0	0
HFCAGB_00218	contig_1	239715	240413	-	GEGEGB_00220	1	persistent	2	0	0
HFCAGB_00219	contig_1	240498	242015	+	GEGEGB_00221	1	persistent	2	0	0
HFCAGB_00220	contig_1	242145	243572	+	LNHIMF_00216	1	persistent	2	0	0
HFCAGB_00221	contig_1	243725	244882	+	GEGEGB_00223	1	persistent	2	0	1
HFCAGB_00222	contig_1	244939	247971	-	ALJMDI_04244	1	cloud	2	0	0
HFCAGB_00223	contig_1	248157	248543	-	GEGEGB_00224	1	persistent	2	0	2
HFCAGB_00224	contig_1	248790	250091	+	BEJGEH_00234	1	persistent	2	0	1
HFCAGB_00225	contig_1	250127	250951	-	LNHIMF_00221	1	persistent	2	0	0
HFCAGB_00226	contig_1	250981	253653	-	GEGEGB_00228	1	persistent	2	0	0
HFCAGB_00227	contig_1	253891	254685	-	GEGEGB_00229	1	persistent	2	0	1
HFCAGB_00229	contig_1	255136	255861	+	GEGEGB_00231	1	persistent	2	0	0
HFCAGB_00231	contig_1	256047	256970	+	GEGEGB_00233	1	persistent	2	0	0
HFCAGB_00232	contig_1	257115	257840	+	GEGEGB_00234	1	persistent	2	0	0
HFCAGB_00233	contig_1	257987	258544	+	GEGEGB_00235	1	persistent	2	0	0
HFCAGB_00234	contig_1	258685	259881	+	LNHIMF_00230	1	persistent	2	0	0
HFCAGB_00235	contig_1	260263	260952	+	BEJGEH_00245	1	persistent	2	0	0
HFCAGB_00236	contig_1	260965	261822	+	GEGEGB_00238	1	persistent	2	0	0
HFCAGB_00237	contig_1	261834	263186	+	GEGEGB_00239	1	persistent	2	0	0
HFCAGB_00238	contig_1	263218	265632	+	GEGEGB_00240	1	persistent	2	0	0
HFCAGB_00239	contig_1	265755	266240	+	GEGEGB_00241	1	persistent	2	0	0
HFCAGB_00240	contig_1	266244	267269	+	GEGEGB_00242	1	persistent	2	0	0
HFCAGB_00241	contig_1	267375	267830	+	GEGEGB_00243	1	persistent	2	0	0
HFCAGB_00242	contig_1	267834	268622	+	LNHIMF_00238	1	persistent	2	0	0
HFCAGB_00243	contig_1	268622	269770	+	GEGEGB_00245	1	persistent	2	0	0
HFCAGB_00244	contig_1	269767	270363	+	GEGEGB_00246	1	persistent	2	0	0
HFCAGB_00245	contig_1	270387	273869	+	GEGEGB_00247	1	persistent	2	0	0
HFCAGB_00246	contig_1	273882	274841	+	GEGEGB_00248	1	persistent	2	1	0
HFCAGB_00247	contig_1	275021	276784	+	BEJGEH_00257	1	persistent	2	1	0
HFCAGB_00248	contig_1	276860	279001	+	LNHIMF_00245	1	persistent	2	0	0
HFCAGB_00249	contig_1	279057	279446	+	GEGEGB_00254	1	persistent	2	0	0
HFCAGB_00250	contig_1	279509	280801	+	GEGEGB_00255	1	persistent	2	0	0
HFCAGB_00251	contig_1	280885	281145	-	GEGEGB_00256	1	persistent	2	0	0
HFCAGB_00252	contig_1	281132	281332	-	GEGEGB_00257	1	persistent	2	0	0
HFCAGB_00253	contig_1	281530	282075	+	GEGEGB_00258	1	persistent	2	0	0
HFCAGB_00254	contig_1	282072	282494	+	GEGEGB_00259	1	persistent	2	0	0
HFCAGB_00255	contig_1	282526	283227	+	GEGEGB_00260	1	persistent	2	2	0
HFCAGB_00256	contig_1	283301	285019	-	GEGEGB_00264	1	persistent	2	1	1
HFCAGB_00257	contig_1	285130	285837	-	LNHIMF_00254	1	persistent	2	0	0
HFCAGB_00258	contig_1	285834	286238	-	GEGEGB_00266	1	persistent	2	0	0
HFCAGB_00259	contig_1	286357	287172	-	LNHIMF_00256	1	persistent	2	0	0
HFCAGB_00260	contig_1	287211	287864	-	LNHIMF_00257	1	persistent	2	0	0
HFCAGB_00261	contig_1	287857	288888	-	LNHIMF_00258	1	persistent	2	0	0
HFCAGB_00262	contig_1	289078	289644	+	GEGEGB_00270	1	persistent	3	0	0
HFCAGB_00270	contig_1	295905	296708	+	LNHIMF_00267	1	persistent	3	0	0
HFCAGB_00271	contig_1	296729	297643	-	LNHIMF_00268	1	persistent	2	0	0
HFCAGB_00272	contig_1	297748	298923	+	LNHIMF_00269	1	persistent	2	0	0
HFCAGB_00273	contig_1	299055	299855	+	LNHIMF_00270	1	persistent	2	0	0
HFCAGB_00274	contig_1	299933	300703	+	LNHIMF_00271	1	persistent	2	0	0
HFCAGB_00275	contig_1	300759	301979	-	GEGEGB_02743	1	persistent	2	0	0
HFCAGB_00276	contig_1	302198	302953	-	LNHIMF_00273	1	persistent	2	0	0
HFCAGB_00277	contig_1	302988	303710	+	LNHIMF_00274	1	persistent	2	0	0
HFCAGB_00278	contig_1	303707	304174	-	GEGEGB_02740	1	persistent	2	0	0
HFCAGB_00279	contig_1	304229	304969	+	GEGEGB_02739	1	persistent	2	0	2
HFCAGB_00281	contig_1	305501	306556	-	HFCAGB_00281	1	persistent	1	1	1
HFCAGB_00282	contig_1	306567	307502	-	AJBGEP_00282	1	shell	1	1	0
HFCAGB_00283	contig_1	307474	309396	-	LNHIMF_00280	1	shell	0	2	0
HFCAGB_00284	contig_1	309412	309906	-	GEGEGB_02733	1	shell	0	2	0
HFCAGB_00285	contig_1	309903	310727	-	LNHIMF_00282	1	shell	0	2	0
HFCAGB_00286	contig_1	310714	311616	-	GEGEGB_02731	1	shell	0	3	1
HFCAGB_00287	contig_1	311984	314623	+	IKCLMC_02021	1	shell	0	2	1
HFCAGB_00288	contig_1	314723	315265	+	GEGEGB_02727	1	shell	0	2	1
HFCAGB_00289	contig_1	315289	316797	+	LNHIMF_00288	1	shell	0	2	2
HFCAGB_00290	contig_1	316864	317250	+	IKCLMC_02026	1	cloud	0	2	0
HFCAGB_00291	contig_1	317263	317709	+	HFCAGB_00291	1	shell	0	2	1
HFCAGB_00292	contig_1	317961	318446	+	GEGEGB_02722	1	shell	0	4	1
HFCAGB_00293	contig_1	318513	319049	+	GEGEGB_02721	1	shell	0	3	0
HFCAGB_00294	contig_1	319053	320396	+	GEGEGB_02720	1	shell	0	2	0
HFCAGB_00295	contig_1	320393	321697	+	GEGEGB_02719	1	shell	0	2	0
HFCAGB_00296	contig_1	321702	322475	+	HFCAGB_00296	1	shell	0	2	2
HFCAGB_00297	contig_1	322753	323109	+	AJBGEP_00299	1	shell	0	2	1
HFCAGB_00298	contig_1	323143	327012	+	HFCAGB_00298	1	shell	0	2	1
HFCAGB_00299	contig_1	327012	327800	+	HFCAGB_00299	1	shell	0	3	2
HFCAGB_00300	contig_1	327827	328213	+	GEGEGB_02711	1	shell	0	3	2
HFCAGB_00301	contig_1	328240	328758	+	BENMGJ_03886	1	shell	0	2	0
HFCAGB_00302	contig_1	329155	331344	+	PAPNPA_01857	1	shell	0	2	2
HFCAGB_00303	contig_1	331368	331814	+	GEGEGB_02708	1	shell	0	2	0
HFCAGB_00304	contig_1	331833	335519	+	AJBGEP_00306	1	shell	0	2	7
HFCAGB_00305	contig_1	335909	336346	+	HFCAGB_00305	1	cloud	0	1	1
HFCAGB_00306	contig_1	336750	336878	+	HFCAGB_00306	1	cloud	0	0	2
HFCAGB_00307	contig_1	336930	337022	+	HFCAGB_00307	1	cloud	0	0	2
HFCAGB_00308	contig_1	337145	337483	+	HFCAGB_00308	1	cloud	0	0	2
HFCAGB_00309	contig_1	337906	340680	+	PAPNPA_01859	1	cloud	0	1	7
HFCAGB_00310	contig_1	340677	341123	+	PAPNPA_01864	1	cloud	0	0	2
HFCAGB_00311	contig_1	341189	341446	-	PAPNPA_01865	1	cloud	0	0	6
HFCAGB_00313	contig_1	342519	342767	+	BEJGEH_00301	1	cloud	0	1	2
HFCAGB_00314	contig_1	342922	343353	+	BEJGEH_00302	1	cloud	0	1	2
HFCAGB_00315	contig_1	343726	343947	+	AJBGEP_00314	1	shell	0	3	3
HFCAGB_00316	contig_1	344014	344256	-	GEGEGB_02702	1	cloud	0	3	1
HFCAGB_00317	contig_1	344803	345081	+	AJBGEP_00317	1	shell	1	4	4
HFCAGB_00318	contig_1	346558	347070	+	PAPNPA_01873	1	persistent	1	2	3
HFCAGB_00319	contig_1	347186	349696	+	BEJGEH_00308	1	persistent	2	0	0
HFCAGB_00320	contig_1	349718	350188	+	GEGEGB_02695	1	persistent	2	0	0
HFCAGB_00321	contig_1	350596	351417	+	LNHIMF_00320	1	persistent	2	0	1
HFCAGB_00322	contig_1	351299	351910	-	HFCAGB_00322	1	cloud	2	0	0
HFCAGB_00323	contig_1	352232	353179	+	LNHIMF_00321	1	persistent	2	1	4
HFCAGB_00324	contig_1	353518	354237	-	LNHIMF_00332	1	persistent	2	0	3
HFCAGB_00325	contig_1	354568	354975	-	GEGEGB_02682	1	persistent	2	0	0
HFCAGB_00326	contig_1	355285	356052	-	LNHIMF_00334	1	persistent	2	0	0
HFCAGB_00327	contig_1	356161	358605	-	LNHIMF_00335	1	persistent	2	0	0
HFCAGB_00328	contig_1	358845	359423	+	GEGEGB_02679	1	persistent	2	0	0
HFCAGB_00329	contig_1	359636	360403	+	LNHIMF_00337	1	persistent	2	0	0
HFCAGB_00330	contig_1	360374	361114	-	GEGEGB_02677	1	persistent	2	0	0
HFCAGB_00331	contig_1	361364	362419	+	GEGEGB_02676	1	persistent	2	0	0
HFCAGB_00332	contig_1	362638	363777	+	LNHIMF_00340	1	persistent	2	0	0
HFCAGB_00333	contig_1	363774	364388	+	GEGEGB_02674	1	persistent	2	0	0
HFCAGB_00334	contig_1	364543	366000	-	LNHIMF_00342	1	persistent	2	0	0
HFCAGB_00335	contig_1	366249	366707	+	GEGEGB_02672	1	persistent	2	0	0
HFCAGB_00336	contig_1	366796	368040	+	LNHIMF_00344	1	persistent	2	0	0
HFCAGB_00337	contig_1	368098	368499	+	GEGEGB_02670	1	persistent	2	0	0
HFCAGB_00338	contig_1	368550	369602	-	GEGEGB_02669	1	persistent	2	0	0
HFCAGB_00339	contig_1	369886	370989	+	GEGEGB_02668	1	persistent	2	0	0
HFCAGB_00340	contig_1	371001	372248	+	HFCAGB_00340	1	persistent	2	3	3
HFCAGB_00342	contig_1	372603	372872	+	PKJKAM_03421	1	shell	2	3	0
HFCAGB_00343	contig_1	372885	373286	+	PKJKAM_03420	1	shell	1	4	0
HFCAGB_00344	contig_1	373211	373510	-	HFCAGB_00344	2	shell	0	3	2
HFCAGB_00345	contig_1	373577	373945	+	HFCAGB_00345	1	shell	0	4	0
HFCAGB_00346	contig_1	373890	374018	+	AJBGEP_00346	1	shell	0	4	0
HFCAGB_00347	contig_1	374152	374451	+	BEJGEH_00336	1	shell	0	2	1
HFCAGB_00348	contig_1	374799	376031	+	BEJGEH_00337	1	shell	0	2	0
HFCAGB_00349	contig_1	376163	377584	+	BEJGEH_00338	1	shell	0	2	0
HFCAGB_00350	contig_1	377586	378212	+	BEJGEH_00339	1	shell	0	2	1
HFCAGB_00351	contig_1	378227	379105	+	BEJGEH_00340	1	shell	0	2	0
HFCAGB_00352	contig_1	379105	380019	+	BEJGEH_00341	1	shell	0	2	1
HFCAGB_00353	contig_1	380053	381018	+	BEJGEH_00342	1	shell	0	2	0
HFCAGB_00354	contig_1	380963	381235	-	BEJGEH_00343	1	shell	2	1	0
HFCAGB_00355	contig_1	381926	382324	+	BEJGEH_00344	1	persistent	2	2	0
HFCAGB_00356	contig_1	382372	383130	-	GEGEGB_02664	1	persistent	2	1	1
HFCAGB_00357	contig_1	383096	384421	-	BEJGEH_00346	1	persistent	2	1	3
HFCAGB_00358	contig_1	384426	386987	-	LNHIMF_00366	1	persistent	2	0	0
HFCAGB_00359	contig_1	386971	387732	-	BEJGEH_00348	1	persistent	2	0	0
HFCAGB_00360	contig_1	387794	388330	-	GEGEGB_02659	1	persistent	2	0	0
HFCAGB_00361	contig_1	388994	389728	+	LNHIMF_00369	1	persistent	2	0	0
HFCAGB_00362	contig_1	389701	390201	+	LNHIMF_00370	1	persistent	2	0	0
HFCAGB_00363	contig_1	390503	392077	+	LNHIMF_00371	1	persistent	2	0	0
HFCAGB_00364	contig_1	392177	392920	+	LNHIMF_00372	1	persistent	2	0	0
HFCAGB_00365	contig_1	392893	393381	+	LNHIMF_00373	1	persistent	2	0	0
HFCAGB_00366	contig_1	393781	394305	+	GEGEGB_02652	1	persistent	2	0	0
HFCAGB_00367	contig_1	394563	395090	+	LNHIMF_00375	1	persistent	2	0	0
HFCAGB_00368	contig_1	395383	395742	+	LNHIMF_00376	1	persistent	2	0	0
HFCAGB_00369	contig_1	395812	397269	-	BEJGEH_00358	1	persistent	3	0	0
HFCAGB_00370	contig_1	397286	400453	-	LNHIMF_00378	1	persistent	2	0	0
HFCAGB_00371	contig_1	400450	401676	-	BEJGEH_00360	1	persistent	2	0	0
HFCAGB_00372	contig_1	401953	404256	+	HFCAGB_00372	1	persistent	2	0	0
HFCAGB_00373	contig_1	404253	404717	+	LNHIMF_00381	1	persistent	2	0	0
HFCAGB_00374	contig_1	404795	404989	+	GEGEGB_02648	1	persistent	3	0	1
HFCAGB_00375	contig_1	405033	405146	-	GEGEGB_02647	1	cloud	2	0	0
HFCAGB_00376	contig_1	405282	406535	+	LNHIMF_00383	1	persistent	2	0	1
HFCAGB_00377	contig_1	406724	408682	+	GEGEGB_02645	1	persistent	2	0	0
HFCAGB_00378	contig_1	408692	411664	+	BEJGEH_00367	1	persistent	2	0	0
HFCAGB_00379	contig_1	411941	412042	+	GEGEGB_02642	1	persistent	2	0	0
HFCAGB_00380	contig_1	412159	413562	+	LNHIMF_00387	1	persistent	2	0	0
HFCAGB_00381	contig_1	413559	414569	+	LNHIMF_00388	1	persistent	2	0	0
HFCAGB_00382	contig_1	414569	414700	+	GEGEGB_02639	1	persistent	2	0	0
HFCAGB_00383	contig_1	414906	415910	+	GEGEGB_02638	1	persistent	2	0	0
HFCAGB_00384	contig_1	416074	418164	+	LNHIMF_00391	1	persistent	2	0	0
HFCAGB_00385	contig_1	418203	418835	-	LNHIMF_00392	1	persistent	2	0	0
HFCAGB_00386	contig_1	419067	419342	+	GEGEGB_02635	1	persistent	2	0	0
HFCAGB_00387	contig_1	419478	420422	-	LNHIMF_00394	2	persistent	2	0	0
HFCAGB_00388	contig_1	420454	421011	-	LNHIMF_00394	2	persistent	2	0	0
HFCAGB_00389	contig_1	421277	422164	+	GEGEGB_02633	1	persistent	2	0	0
HFCAGB_00390	contig_1	422287	423456	+	GEGEGB_02632	1	persistent	2	0	0
HFCAGB_00391	contig_1	423494	424945	+	LNHIMF_00397	1	persistent	2	0	0
HFCAGB_00392	contig_1	424986	426872	+	LNHIMF_00398	1	persistent	2	0	0
HFCAGB_00393	contig_1	426976	427950	-	GEGEGB_02629	1	persistent	1	1	3
HFCAGB_00394	contig_1	428463	431408	+	BENMGJ_04032	1	cloud	2	0	0
HFCAGB_00395	contig_1	431494	432117	+	BEJGEH_00383	1	persistent	1	1	3
HFCAGB_00396	contig_1	432162	433319	-	GEGEGB_02626	1	persistent	2	0	0
HFCAGB_00397	contig_1	433666	434886	+	LNHIMF_00403	1	persistent	2	0	0
HFCAGB_00398	contig_1	434901	435995	+	LNHIMF_00404	1	persistent	2	0	0
HFCAGB_00399	contig_1	436033	436341	-	GEGEGB_02623	1	persistent	2	0	0
HFCAGB_00400	contig_1	436609	436824	+	GEGEGB_02622	1	persistent	2	0	0
HFCAGB_00401	contig_1	436850	437962	-	GEGEGB_02621	1	persistent	2	0	0
HFCAGB_00402	contig_1	438052	438735	+	LNHIMF_00408	1	persistent	2	0	0
HFCAGB_00403	contig_1	438904	439803	+	GEGEGB_02619	2	persistent	2	0	0
HFCAGB_00404	contig_1	439822	440115	+	GEGEGB_02619	2	persistent	2	0	0
HFCAGB_00405	contig_1	440412	440672	+	GEGEGB_02618	1	persistent	2	0	0
HFCAGB_00406	contig_1	441025	441345	+	GEGEGB_02617	1	persistent	2	0	0
HFCAGB_00407	contig_1	441437	442549	+	LNHIMF_00412	1	persistent	2	0	0
HFCAGB_00408	contig_1	442564	443373	-	LNHIMF_00413	1	persistent	2	0	0
HFCAGB_00409	contig_1	443513	443968	+	GEGEGB_02614	1	persistent	2	0	0
HFCAGB_00410	contig_1	444170	444715	+	GEGEGB_02613	1	persistent	2	0	0
HFCAGB_00411	contig_1	444742	444933	+	GEGEGB_02612	1	persistent	2	0	0
HFCAGB_00412	contig_1	445184	445861	+	LNHIMF_00417	1	persistent	2	0	0
HFCAGB_00413	contig_1	445932	446216	+	GEGEGB_02609	1	persistent	2	0	0
HFCAGB_00414	contig_1	446254	447165	-	GEGEGB_02608	1	persistent	2	0	0
HFCAGB_00415	contig_1	447291	448199	+	GEGEGB_02607	1	persistent	2	0	0
HFCAGB_00416	contig_1	448221	449393	-	LNHIMF_00421	1	persistent	2	0	0
HFCAGB_00417	contig_1	449566	452706	-	LNHIMF_00422	1	persistent	2	0	0
HFCAGB_00418	contig_1	452703	453905	-	LNHIMF_00423	1	persistent	2	0	0
HFCAGB_00419	contig_1	454119	454808	+	GEGEGB_02602	1	persistent	2	0	0
HFCAGB_00420	contig_1	454878	456173	+	LNHIMF_00425	1	persistent	2	0	0
HFCAGB_00421	contig_1	456582	457901	+	GEGEGB_02600	1	persistent	2	1	0
HFCAGB_00422	contig_1	457976	459346	+	LNHIMF_00427	1	persistent	2	1	0
HFCAGB_00423	contig_1	459508	459666	+	LNHIMF_00428	2	persistent	2	0	0
HFCAGB_00424	contig_1	459688	461325	+	LNHIMF_00428	2	persistent	2	0	0
HFCAGB_00425	contig_1	461397	461999	-	GEGEGB_02595	1	persistent	2	0	0
HFCAGB_00426	contig_1	462209	462790	-	GEGEGB_02594	1	persistent	2	0	0
HFCAGB_00427	contig_1	462884	463948	+	LNHIMF_00431	1	persistent	2	0	0
HFCAGB_00428	contig_1	464145	465272	+	LNHIMF_00432	1	persistent	2	0	0
HFCAGB_00429	contig_1	465295	465627	+	GEGEGB_02591	1	persistent	2	0	0
HFCAGB_00430	contig_1	465688	467502	+	GEGEGB_02590	1	persistent	2	0	0
HFCAGB_00431	contig_1	467513	468484	+	GEGEGB_02589	1	persistent	2	1	0
HFCAGB_00432	contig_1	468629	468994	+	GEGEGB_02588	1	shell	1	1	0
HFCAGB_00433	contig_1	469020	469712	+	GEGEGB_02587	1	shell	1	1	0
HFCAGB_00434	contig_1	469882	470229	+	GEGEGB_02586	1	persistent	2	1	0
HFCAGB_00435	contig_1	470511	470774	+	LNHIMF_00437	1	persistent	2	0	0
HFCAGB_00437	contig_1	470858	471721	-	GEGEGB_02583	1	persistent	2	0	0
HFCAGB_00438	contig_1	472021	472560	-	LNHIMF_00440	1	persistent	2	0	0
HFCAGB_00439	contig_1	472712	473161	+	GEGEGB_02581	1	persistent	2	0	0
HFCAGB_00440	contig_1	473165	474268	+	LNHIMF_00442	1	persistent	2	0	0
HFCAGB_00441	contig_1	474357	474827	+	GEGEGB_02579	1	persistent	2	0	0
HFCAGB_00442	contig_1	474848	475267	+	LNHIMF_00444	1	persistent	2	0	0
HFCAGB_00443	contig_1	475346	476326	+	LNHIMF_00445	1	persistent	2	0	0
HFCAGB_00444	contig_1	476304	476819	+	GEGEGB_02576	1	persistent	2	0	0
HFCAGB_00445	contig_1	476923	477897	-	LNHIMF_00447	1	persistent	2	0	0
HFCAGB_00446	contig_1	477954	479816	-	LNHIMF_00448	1	persistent	2	0	0
HFCAGB_00447	contig_1	479840	480739	-	GEGEGB_02573	1	persistent	2	0	0
HFCAGB_00448	contig_1	480740	480982	-	GEGEGB_02572	1	persistent	2	0	0
HFCAGB_00449	contig_1	481192	482640	+	LNHIMF_00451	1	persistent	2	0	0
HFCAGB_00450	contig_1	482684	483481	-	LNHIMF_00452	1	persistent	2	0	0
HFCAGB_00451	contig_1	483475	484344	-	HFCAGB_00451	1	persistent	2	0	0
HFCAGB_00452	contig_1	484347	485456	-	LNHIMF_00454	1	persistent	2	0	0
HFCAGB_00453	contig_1	485462	486475	-	LNHIMF_00455	1	persistent	2	0	0
HFCAGB_00454	contig_1	486673	487392	-	GEGEGB_02566	1	persistent	2	0	0
HFCAGB_00455	contig_1	487532	488635	+	GEGEGB_02565	1	persistent	2	0	0
HFCAGB_00456	contig_1	488645	489454	+	GEGEGB_02564	1	persistent	2	0	0
HFCAGB_00457	contig_1	489551	490141	-	GEGEGB_02563	1	persistent	2	0	0
HFCAGB_00458	contig_1	490104	491015	-	LNHIMF_00460	1	persistent	2	0	0
HFCAGB_00459	contig_1	491141	491632	+	LNHIMF_00461	1	persistent	2	0	0
HFCAGB_00460	contig_1	491679	493043	-	GEGEGB_02560	1	persistent	3	0	1
HFCAGB_00461	contig_1	493568	495079	+	HFCAGB_00461	1	persistent	1	1	2
HFCAGB_00462	contig_1	495091	496584	+	AJBGEP_00458	1	shell	2	0	0
HFCAGB_00463	contig_1	496666	497556	-	GEGEGB_02554	1	persistent	2	1	1
HFCAGB_00464	contig_1	497568	497897	-	GEGEGB_02553	1	persistent	2	0	0
HFCAGB_00465	contig_1	497897	498511	-	LNHIMF_00465	1	persistent	2	0	0
HFCAGB_00466	contig_1	498501	500492	-	GEGEGB_02551	1	persistent	2	0	0
HFCAGB_00467	contig_1	500503	501459	-	GEGEGB_02550	1	persistent	2	0	0
HFCAGB_00468	contig_1	501912	503393	-	GEGEGB_02549	1	persistent	2	0	0
HFCAGB_00469	contig_1	503431	504063	-	GEGEGB_02548	1	persistent	2	0	0
HFCAGB_00470	contig_1	504316	504630	+	GEGEGB_02547	1	persistent	2	0	0
HFCAGB_00471	contig_1	504977	506275	+	GEGEGB_02546	1	persistent	2	0	0
HFCAGB_00472	contig_1	506523	507146	+	GEGEGB_02545	1	persistent	2	0	0
HFCAGB_00473	contig_1	507398	508669	+	LNHIMF_00473	1	persistent	2	0	0
HFCAGB_00475	contig_1	508855	511209	+	GEGEGB_02542	1	persistent	2	0	0
HFCAGB_00476	contig_1	511418	511690	+	GEGEGB_02541	1	persistent	2	0	0
HFCAGB_00477	contig_1	511981	513852	+	GEGEGB_02540	1	persistent	2	0	0
HFCAGB_00478	contig_1	514002	514376	+	GEGEGB_02539	1	persistent	2	0	0
HFCAGB_00479	contig_1	514480	514878	+	GEGEGB_02538	1	persistent	2	0	0
HFCAGB_00480	contig_1	514984	515679	-	GEGEGB_02537	1	persistent	2	0	0
HFCAGB_00481	contig_1	515744	516493	-	GEGEGB_02536	2	persistent	2	0	0
HFCAGB_00482	contig_1	516521	517444	-	GEGEGB_02536	2	persistent	2	0	0
HFCAGB_00483	contig_1	517545	518363	+	GEGEGB_02535	1	persistent	2	0	1
HFCAGB_00484	contig_1	518413	519468	-	LNHIMF_00483	1	persistent	2	1	0
HFCAGB_00485	contig_1	519581	520039	+	GEGEGB_02530	1	persistent	2	0	0
HFCAGB_00486	contig_1	520080	521852	+	GEGEGB_02529	1	persistent	2	0	0
HFCAGB_00487	contig_1	521845	523626	+	LNHIMF_00486	1	persistent	2	0	0
HFCAGB_00488	contig_1	523839	524177	+	GEGEGB_02527	1	persistent	2	0	0
HFCAGB_00489	contig_1	524209	525495	+	GEGEGB_02526	1	persistent	2	0	0
HFCAGB_00490	contig_1	525595	526455	-	GEGEGB_02525	1	persistent	2	0	0
HFCAGB_00491	contig_1	526670	527239	+	GEGEGB_02524	1	persistent	2	0	0
HFCAGB_00492	contig_1	527272	527583	-	GEGEGB_02523	1	persistent	2	0	0
HFCAGB_00494	contig_1	527892	529442	-	BEJGEH_00477	1	persistent	2	0	0
HFCAGB_00495	contig_1	529667	529927	+	GEGEGB_02520	1	persistent	2	0	1
HFCAGB_00496	contig_1	530129	530599	-	GEGEGB_02519	1	persistent	2	0	1
HFCAGB_00497	contig_1	530717	531268	-	GEGEGB_02518	1	persistent	2	0	0
HFCAGB_00498	contig_1	531447	531665	-	GEGEGB_02517	1	persistent	2	0	0
HFCAGB_00499	contig_1	531693	532067	-	GEGEGB_02516	1	persistent	2	0	0
HFCAGB_00500	contig_1	532563	535712	-	LNHIMF_03443	2	persistent	4	0	0
HFCAGB_00501	contig_1	535735	536928	-	GEGEGB_02514	1	persistent	2	0	0
HFCAGB_00502	contig_1	537070	537723	+	GEGEGB_02513	1	persistent	2	0	0
HFCAGB_00503	contig_1	537842	541204	+	LNHIMF_00503	1	persistent	2	0	0
HFCAGB_00504	contig_1	541246	542181	-	LNHIMF_00504	1	persistent	2	0	0
HFCAGB_00505	contig_1	542251	542418	-	GEGEGB_02510	1	persistent	2	0	0
HFCAGB_00506	contig_1	542432	542947	-	BEJGEH_00490	1	persistent	2	0	1
HFCAGB_00507	contig_1	543028	543405	+	GEGEGB_02508	1	persistent	2	0	0
HFCAGB_00508	contig_1	543558	544109	+	LNHIMF_00508	1	persistent	2	0	1
HFCAGB_00509	contig_1	544223	546151	+	GEGEGB_02506	1	persistent	2	0	0
HFCAGB_00510	contig_1	546197	546526	+	GEGEGB_02505	1	persistent	2	0	0
HFCAGB_00511	contig_1	546526	547131	+	GEGEGB_02504	1	persistent	2	0	0
HFCAGB_00512	contig_1	547242	549116	+	GEGEGB_02503	1	persistent	2	0	0
HFCAGB_00513	contig_1	549474	550118	+	GEGEGB_02502	1	persistent	2	0	0
HFCAGB_00514	contig_1	550347	551309	+	LNHIMF_00514	1	persistent	2	0	0
HFCAGB_00515	contig_1	551306	552277	-	LNHIMF_00515	1	persistent	2	0	1
HFCAGB_00516	contig_1	552385	553734	+	GEGEGB_02499	1	persistent	2	0	1
HFCAGB_00517	contig_1	553783	555459	-	GEGEGB_02498	1	persistent	2	1	0
HFCAGB_00518	contig_1	555537	555662	+	LNHIMF_00518	1	shell	2	0	0
HFCAGB_00519	contig_1	555674	556894	-	GEGEGB_02496	1	persistent	2	1	0
HFCAGB_00520	contig_1	557067	558719	+	BEJGEH_00506	1	persistent	2	0	0
HFCAGB_00521	contig_1	558836	559315	-	LNHIMF_00521	1	persistent	2	0	0
HFCAGB_00523	contig_1	559517	560311	-	BEJGEH_00509	1	persistent	3	0	0
HFCAGB_00524	contig_1	560397	561224	-	BEJGEH_00510	1	persistent	2	0	0
HFCAGB_00525	contig_1	561378	563879	-	LNHIMF_00525	1	persistent	3	0	0
HFCAGB_00526	contig_1	563989	564405	+	LNHIMF_00526	1	persistent	2	0	0
HFCAGB_00527	contig_1	564406	564858	-	GEGEGB_02487	1	persistent	2	0	0
HFCAGB_00528	contig_1	564855	565772	-	LNHIMF_00528	1	persistent	2	0	0
HFCAGB_00529	contig_1	565919	566596	+	LNHIMF_00529	1	persistent	2	0	0
HFCAGB_00530	contig_1	566583	567362	+	LNHIMF_00530	1	persistent	2	0	0
HFCAGB_00531	contig_1	567448	568302	-	GEGEGB_02483	1	persistent	2	0	0
HFCAGB_00532	contig_1	568362	569132	-	GEGEGB_02482	1	persistent	2	0	0
HFCAGB_00533	contig_1	569287	569871	-	GEGEGB_02481	1	persistent	2	0	0
HFCAGB_00534	contig_1	569872	570558	+	GEGEGB_02480	1	persistent	2	0	0
HFCAGB_00535	contig_1	570555	572969	+	LNHIMF_00535	1	persistent	2	0	0
HFCAGB_00536	contig_1	572966	573070	+	LNHIMF_00536	1	persistent	2	0	0
HFCAGB_00537	contig_1	573155	574288	+	GEGEGB_02477	1	persistent	2	0	0
HFCAGB_00538	contig_1	574545	575375	+	LNHIMF_00538	1	persistent	2	0	0
HFCAGB_00539	contig_1	575412	576428	+	LNHIMF_00539	1	persistent	2	0	0
HFCAGB_00540	contig_1	576421	577080	+	GEGEGB_02474	1	persistent	2	0	0
HFCAGB_00541	contig_1	577119	578213	-	BEJGEH_00527	1	persistent	3	0	0
HFCAGB_00542	contig_1	578283	579209	-	BEJGEH_00528	1	persistent	2	0	0
HFCAGB_00543	contig_1	579436	579918	+	BEJGEH_00529	1	persistent	2	0	0
HFCAGB_00544	contig_1	579997	580815	+	BEJGEH_00530	1	persistent	2	0	0
HFCAGB_00545	contig_1	580900	582681	+	BEJGEH_00531	1	persistent	2	0	0
HFCAGB_00546	contig_1	582694	583470	+	BEJGEH_00532	1	persistent	2	0	0
HFCAGB_00547	contig_1	583571	584449	+	BEJGEH_00533	1	persistent	2	0	0
HFCAGB_00548	contig_1	584515	585762	+	BEJGEH_00534	1	persistent	2	0	0
HFCAGB_00549	contig_1	585858	587312	+	HFCAGB_00549	1	persistent	2	0	0
HFCAGB_00550	contig_1	587391	588752	+	GEGEGB_02462	1	persistent	2	0	0
HFCAGB_00551	contig_1	588811	590109	+	GEGEGB_02461	1	persistent	2	0	0
HFCAGB_00552	contig_1	590132	591280	+	BEJGEH_00538	1	persistent	2	0	0
HFCAGB_00554	contig_1	591360	592145	-	GEGEGB_02458	1	persistent	2	0	0
HFCAGB_00555	contig_1	592156	593391	-	BEJGEH_00541	1	persistent	2	0	0
HFCAGB_00556	contig_1	593413	594462	-	BEJGEH_00542	1	persistent	2	0	0
HFCAGB_00557	contig_1	594778	596442	+	HFCAGB_00557	1	persistent	2	0	0
HFCAGB_00558	contig_1	596452	597711	+	BEJGEH_00544	1	persistent	2	0	0
HFCAGB_00559	contig_1	597723	598532	+	HFCAGB_00559	1	persistent	2	0	0
HFCAGB_00560	contig_1	598536	599429	+	GEGEGB_02452	1	persistent	2	0	0
HFCAGB_00561	contig_1	599470	600537	-	GEGEGB_02451	1	persistent	3	0	0
HFCAGB_00562	contig_1	600534	601043	-	LNHIMF_00543	1	persistent	2	0	0
HFCAGB_00563	contig_1	601161	601883	-	LNHIMF_00544	1	persistent	2	0	0
HFCAGB_00564	contig_1	601886	602380	-	GEGEGB_02448	1	persistent	2	0	0
HFCAGB_00565	contig_1	602553	603938	+	GEGEGB_02447	1	persistent	3	0	0
HFCAGB_00566	contig_1	603983	604807	-	BEJGEH_00552	1	persistent	2	0	0
HFCAGB_00567	contig_1	604804	605241	-	BEJGEH_00553	1	persistent	2	0	0
HFCAGB_00568	contig_1	605234	605779	-	LNHIMF_00549	1	persistent	3	0	0
HFCAGB_00569	contig_1	605906	606118	-	GEGEGB_02445	1	persistent	2	0	0
HFCAGB_00570	contig_1	606120	606986	-	LNHIMF_00551	1	persistent	2	0	0
HFCAGB_00571	contig_1	607533	608090	+	LNHIMF_00552	1	persistent	2	0	0
HFCAGB_00572	contig_1	608164	608304	+	GEGEGB_02442	2	persistent	2	0	0
HFCAGB_00573	contig_1	608320	608697	+	GEGEGB_02442	2	persistent	2	0	0
HFCAGB_00574	contig_1	608741	609433	+	LNHIMF_00554	1	persistent	2	0	0
HFCAGB_00575	contig_1	609464	612076	+	LNHIMF_00555	1	persistent	2	0	0
HFCAGB_00576	contig_1	612091	613098	+	LNHIMF_00556	1	persistent	2	0	0
HFCAGB_00577	contig_1	613108	613626	+	BEJGEH_00562	1	persistent	2	0	0
HFCAGB_00578	contig_1	613672	614304	-	LNHIMF_00558	1	persistent	2	0	0
HFCAGB_00579	contig_1	614908	615630	-	LNHIMF_00559	1	persistent	2	1	0
HFCAGB_00580	contig_1	616121	616717	-	GEGEGB_02434	1	persistent	2	3	2
HFCAGB_00582	contig_1	617064	618227	-	PKJKAM_03184	1	cloud	1	0	4
HFCAGB_00583	contig_1	618457	618801	-	HFCAGB_00583	1	cloud	0	0	2
HFCAGB_00584	contig_1	618879	619178	-	HFCAGB_00584	1	cloud	0	0	2
HFCAGB_00585	contig_1	619272	619553	-	AJBGEP_01261	1	cloud	0	0	8
HFCAGB_00586	contig_1	619546	620628	-	HFCAGB_00586	1	cloud	0	0	2
HFCAGB_00587	contig_1	620625	620918	-	LNHIMF_04274	1	cloud	0	0	6
HFCAGB_00588	contig_1	620971	621147	-	HFCAGB_00588	1	cloud	0	0	2
HFCAGB_00589	contig_1	621190	621306	-	ONMMKP_00795	1	cloud	0	0	6
HFCAGB_00590	contig_1	621303	621884	-	LNHIMF_00569	1	cloud	0	0	4
HFCAGB_00591	contig_1	621881	622051	-	HFCAGB_00591	1	cloud	0	0	7
HFCAGB_00592	contig_1	622062	622355	-	ONMMKP_00792	1	cloud	0	0	5
HFCAGB_00593	contig_1	622371	622919	-	HFCAGB_00593	1	cloud	0	0	2
HFCAGB_00594	contig_1	622928	623434	-	HFCAGB_00594	1	cloud	0	0	2
HFCAGB_00595	contig_1	623435	624142	-	ONMMKP_00790	1	cloud	0	0	4
HFCAGB_00596	contig_1	624151	624339	-	HFCAGB_00596	1	cloud	0	0	2
HFCAGB_00597	contig_1	624336	624449	-	HFCAGB_00597	1	cloud	0	0	2
HFCAGB_00598	contig_1	624442	624582	-	HFCAGB_00598	1	cloud	0	0	2
HFCAGB_00599	contig_1	624781	624906	-	HFCAGB_00599	1	cloud	0	0	2
HFCAGB_00600	contig_1	624906	625205	-	HFCAGB_00600	1	cloud	0	0	2
HFCAGB_00601	contig_1	625245	625445	-	HFCAGB_00601	1	cloud	0	0	7
HFCAGB_00602	contig_1	625524	625856	-	PKJKAM_03167	1	cloud	0	0	5
HFCAGB_00603	contig_1	626220	626429	+	HFCAGB_00603	1	cloud	0	0	2
HFCAGB_00604	contig_1	626465	627388	-	HFCAGB_00604	1	cloud	0	0	2
HFCAGB_00605	contig_1	627477	628112	-	HFCAGB_00605	1	cloud	0	0	5
HFCAGB_00606	contig_1	628603	628884	+	LNHIMF_00582	1	cloud	0	0	4
HFCAGB_00607	contig_1	628919	629065	+	HFCAGB_00607	1	cloud	0	0	4
HFCAGB_00608	contig_1	629058	629891	+	IKCLMC_02345	1	cloud	0	0	2
HFCAGB_00609	contig_1	629888	631264	+	PKJKAM_03161	1	cloud	0	0	4
HFCAGB_00610	contig_1	631261	631341	+	HFCAGB_00610	1	cloud	0	0	5
HFCAGB_00611	contig_1	631338	631778	+	LNHIMF_00589	1	cloud	0	0	7
HFCAGB_00612	contig_1	631775	632647	+	HFCAGB_00612	1	cloud	0	0	2
HFCAGB_00613	contig_1	633117	633398	+	HFCAGB_00613	1	cloud	0	0	2
HFCAGB_00614	contig_1	633395	633790	+	HFCAGB_00614	1	cloud	0	1	2
HFCAGB_00615	contig_1	633787	633990	+	LNHIMF_00592	1	shell	0	2	2
HFCAGB_00616	contig_1	633971	634063	+	HFCAGB_00616	1	cloud	0	1	1
HFCAGB_00617	contig_1	634060	634548	+	HFCAGB_00617	1	cloud	0	0	2
HFCAGB_00618	contig_1	634928	635254	+	HFCAGB_00618	1	cloud	0	0	4
HFCAGB_00619	contig_1	635238	635675	+	PKJKAM_03147	1	cloud	0	0	4
HFCAGB_00620	contig_1	635672	636142	+	LNHIMF_00599	1	cloud	0	0	4
HFCAGB_00621	contig_1	636355	636885	+	HFCAGB_00621	1	cloud	0	0	2
HFCAGB_00622	contig_1	637144	637386	+	PKJKAM_03144	1	cloud	0	0	4
HFCAGB_00623	contig_1	637390	637779	+	HFCAGB_00623	1	cloud	0	0	2
HFCAGB_00624	contig_1	637779	638183	+	HFCAGB_00624	1	cloud	0	0	2
HFCAGB_00625	contig_1	638187	638675	+	BENMGJ_03963	1	cloud	0	0	3
HFCAGB_00626	contig_1	638653	640152	+	BENMGJ_03964	1	cloud	0	0	2
HFCAGB_00627	contig_1	640152	642329	+	BENMGJ_03965	1	cloud	0	0	2
HFCAGB_00628	contig_1	642343	643254	+	BENMGJ_03966	1	cloud	0	0	2
HFCAGB_00629	contig_1	643254	644546	+	BENMGJ_03967	1	cloud	0	0	3
HFCAGB_00630	contig_1	644587	645147	+	HFCAGB_00630	1	cloud	0	0	2
HFCAGB_00631	contig_1	645131	645631	+	BENMGJ_03969	1	cloud	0	0	3
HFCAGB_00632	contig_1	645591	647009	+	PKJKAM_03135	1	cloud	0	0	5
HFCAGB_00633	contig_1	647013	647714	+	HFCAGB_00633	1	cloud	0	0	2
HFCAGB_00634	contig_1	647714	648169	+	PKJKAM_03133	1	cloud	0	0	5
HFCAGB_00635	contig_1	648172	648861	+	HFCAGB_00635	1	cloud	0	0	3
HFCAGB_00636	contig_1	648872	650176	+	HFCAGB_00636	1	cloud	0	0	2
HFCAGB_00637	contig_1	650176	652089	+	HFCAGB_00637	1	cloud	0	0	2
HFCAGB_00638	contig_1	652107	652436	-	HFCAGB_00638	1	cloud	0	0	2
HFCAGB_00639	contig_1	652467	652832	+	HFCAGB_00639	1	cloud	0	0	2
HFCAGB_00640	contig_1	652846	653025	-	HFCAGB_00640	1	cloud	0	0	2
HFCAGB_00641	contig_1	653125	653376	-	HFCAGB_00641	1	cloud	0	0	2
HFCAGB_00642	contig_1	653512	655515	+	BENMGJ_03978	1	cloud	0	0	3
HFCAGB_00643	contig_1	655574	657031	-	BENMGJ_03979	1	cloud	1	0	1
HFCAGB_00644	contig_1	657021	657953	-	BEJGEH_04267	2	persistent	1	3	6
HFCAGB_00645	contig_1	657950	658312	-	GEGEGB_02428	3	persistent	3	3	2
HFCAGB_00647	contig_1	658742	659014	-	HFCAGB_00647	1	shell	2	1	0
HFCAGB_00648	contig_1	659191	659409	-	GEGEGB_02431	1	shell	1	3	0
HFCAGB_00649	contig_1	659581	659739	+	BEJGEH_00569	1	shell	0	2	0
HFCAGB_00650	contig_1	659796	661436	-	BEJGEH_00570	1	shell	1	2	0
HFCAGB_00651	contig_1	661429	662355	-	BEJGEH_04267	2	persistent	1	3	6
HFCAGB_00652	contig_1	662352	662714	-	GEGEGB_02428	3	persistent	3	3	2
HFCAGB_00654	contig_1	663139	663384	-	GEGEGB_02426	1	cloud	1	1	3
HFCAGB_00655	contig_1	663584	663913	-	HFCAGB_00655	1	shell	2	0	1
HFCAGB_00656	contig_1	664252	665106	-	BEJGEH_00577	1	persistent	1	1	2
HFCAGB_00657	contig_1	665322	666647	+	LNHIMF_00716	1	persistent	2	0	0
HFCAGB_00658	contig_1	666804	667040	+	GEGEGB_02422	1	persistent	2	0	0
HFCAGB_00659	contig_1	667053	667613	+	GEGEGB_02421	1	persistent	2	0	0
HFCAGB_00660	contig_1	667700	668875	-	LNHIMF_00719	1	persistent	2	0	0
HFCAGB_00661	contig_1	669201	670595	+	LNHIMF_00720	1	persistent	2	0	0
HFCAGB_00662	contig_1	670637	671884	-	GEGEGB_02417	1	persistent	2	0	1
HFCAGB_00663	contig_1	672195	672629	+	HFCAGB_00663	1	cloud	2	0	0
HFCAGB_00664	contig_1	672607	674181	+	AJBGEP_00592	1	persistent	3	1	1
HFCAGB_00665	contig_1	674447	675100	-	GEGEGB_02415	1	persistent	2	1	0
HFCAGB_00666	contig_1	675197	675565	-	BEJGEH_00586	1	persistent	2	0	0
HFCAGB_00667	contig_1	675565	676146	-	BEJGEH_00587	1	persistent	2	0	0
HFCAGB_00669	contig_1	676435	676776	+	LNHIMF_00724	1	persistent	3	0	0
HFCAGB_00670	contig_1	676782	677030	-	GEGEGB_02410	1	persistent	2	0	0
HFCAGB_00671	contig_1	677097	678215	-	LNHIMF_00726	1	persistent	2	0	0
HFCAGB_00672	contig_1	678227	678931	-	BENMGJ_04249	1	persistent	2	0	0
HFCAGB_00673	contig_1	678978	681233	-	LNHIMF_00728	1	persistent	2	0	0
HFCAGB_00674	contig_1	681422	682636	+	BEJGEH_00594	1	persistent	2	0	0
HFCAGB_00675	contig_1	682667	682885	+	LNHIMF_00730	1	persistent	2	0	0
HFCAGB_00676	contig_1	682882	686766	+	LNHIMF_00731	1	persistent	2	0	0
HFCAGB_00677	contig_1	687016	688152	+	HFCAGB_00677	1	persistent	2	0	0
HFCAGB_00678	contig_1	688205	688999	-	GEGEGB_02401	1	persistent	2	0	0
HFCAGB_00679	contig_1	688996	689985	-	GEGEGB_02400	1	persistent	2	0	0
HFCAGB_00680	contig_1	689985	690992	-	GEGEGB_02399	1	persistent	2	0	0
HFCAGB_00681	contig_1	691103	692347	+	GEGEGB_02398	1	persistent	2	0	0
HFCAGB_00682	contig_1	692410	693366	-	LNHIMF_00737	1	persistent	2	0	0
HFCAGB_00683	contig_1	693675	694850	+	GEGEGB_02396	1	persistent	2	0	0
HFCAGB_00684	contig_1	694860	696470	+	LNHIMF_00739	1	persistent	2	0	0
HFCAGB_00685	contig_1	696484	697341	+	GEGEGB_02394	1	persistent	2	0	0
HFCAGB_00686	contig_1	697341	698096	+	HFCAGB_00686	1	persistent	2	0	0
HFCAGB_00687	contig_1	698099	698512	+	GEGEGB_02392	1	persistent	2	0	0
HFCAGB_00688	contig_1	698694	700799	+	LNHIMF_00743	1	persistent	2	0	0
HFCAGB_00689	contig_1	700863	701060	+	GEGEGB_02390	1	persistent	2	0	0
HFCAGB_00690	contig_1	701096	701731	-	LNHIMF_00745	2	persistent	2	0	0
HFCAGB_00691	contig_1	701784	702182	-	LNHIMF_00745	2	persistent	2	0	0
HFCAGB_00692	contig_1	702309	703469	+	LNHIMF_00746	1	persistent	2	0	0
HFCAGB_00693	contig_1	703470	704087	-	BEJGEH_00612	1	persistent	2	0	0
HFCAGB_00694	contig_1	704060	705295	-	LNHIMF_00748	1	persistent	2	0	0
HFCAGB_00695	contig_1	705445	706362	-	LNHIMF_00749	1	persistent	2	0	0
HFCAGB_00696	contig_1	706679	707425	-	LNHIMF_00750	1	persistent	2	0	0
HFCAGB_00698	contig_1	707866	708429	+	GEGEGB_02382	1	persistent	2	0	0
HFCAGB_00699	contig_1	708671	710236	+	LNHIMF_00753	1	persistent	2	1	0
HFCAGB_00700	contig_1	710569	711129	+	BEJGEH_00619	1	persistent	2	1	0
HFCAGB_00701	contig_1	711122	711478	+	LNHIMF_00755	2	persistent	2	0	1
HFCAGB_00702	contig_1	711456	713402	+	LNHIMF_00755	2	persistent	2	0	1
HFCAGB_00703	contig_1	713399	713956	+	LNHIMF_00756	1	persistent	2	0	0
HFCAGB_00704	contig_1	713956	714723	+	GEGEGB_02375	1	persistent	2	0	1
HFCAGB_00705	contig_1	714791	715219	-	GEGEGB_02374	1	persistent	2	0	0
HFCAGB_00706	contig_1	715442	716680	+	LNHIMF_00759	1	persistent	2	0	0
HFCAGB_00707	contig_1	716763	717173	-	GEGEGB_02372	1	persistent	2	0	0
HFCAGB_00708	contig_1	717408	717800	-	LNHIMF_00761	2	persistent	2	0	0
HFCAGB_00709	contig_1	717826	718212	-	LNHIMF_00761	2	persistent	2	0	0
HFCAGB_00710	contig_1	718322	719656	-	LNHIMF_00762	1	persistent	2	0	0
HFCAGB_00712	contig_1	719823	720719	-	GEGEGB_02369	1	persistent	2	0	0
HFCAGB_00713	contig_1	720691	721242	-	BEJGEH_00629	1	persistent	2	0	0
HFCAGB_00714	contig_1	721246	722775	-	LNHIMF_00765	1	persistent	2	0	0
HFCAGB_00715	contig_1	722785	723693	-	LNHIMF_00766	1	persistent	2	0	0
HFCAGB_00716	contig_1	723690	723986	-	GEGEGB_02365	1	persistent	2	0	0
HFCAGB_00717	contig_1	723983	725059	-	LNHIMF_00768	1	persistent	2	0	1
HFCAGB_00718	contig_1	725444	726664	+	GEGEGB_02363	1	persistent	2	0	2
HFCAGB_00719	contig_1	726678	727751	+	HFCAGB_00719	1	cloud	2	0	0
HFCAGB_00720	contig_1	727805	729190	-	GEGEGB_02361	1	persistent	2	0	1
HFCAGB_00721	contig_1	729569	730141	+	LNHIMF_00773	1	persistent	2	0	0
HFCAGB_00722	contig_1	730329	730538	+	GEGEGB_01108	2	persistent	4	0	0
HFCAGB_00723	contig_1	730596	730979	-	GEGEGB_02358	1	persistent	2	0	0
HFCAGB_00724	contig_1	731070	731858	+	HFCAGB_00724	1	persistent	2	0	0
HFCAGB_00725	contig_1	731987	732190	+	GEGEGB_02356	1	persistent	2	0	0
HFCAGB_00726	contig_1	732276	733241	-	GEGEGB_02355	1	persistent	2	0	0
HFCAGB_00727	contig_1	733447	734400	-	GEGEGB_02354	1	persistent	2	0	0
HFCAGB_00728	contig_1	734702	735343	-	GEGEGB_02353	1	persistent	2	0	0
HFCAGB_00729	contig_1	735443	735706	-	GEGEGB_02352	1	persistent	2	0	0
HFCAGB_00730	contig_1	735815	737026	-	LNHIMF_00782	1	persistent	2	0	0
HFCAGB_00731	contig_1	737166	738299	-	AJBGEP_00662	1	persistent	2	0	0
HFCAGB_00732	contig_1	738310	739422	-	GEGEGB_02349	1	persistent	2	0	0
HFCAGB_00733	contig_1	739425	741326	-	LNHIMF_00785	1	persistent	2	0	0
HFCAGB_00734	contig_1	741357	741824	-	GEGEGB_02347	1	persistent	2	0	0
HFCAGB_00735	contig_1	741828	742145	-	GEGEGB_02346	1	persistent	2	0	0
HFCAGB_00736	contig_1	742474	743082	-	GEGEGB_02345	1	persistent	2	0	0
HFCAGB_00737	contig_1	743179	744273	+	LNHIMF_00789	1	persistent	2	0	0
HFCAGB_00738	contig_1	744248	744898	-	LNHIMF_00790	1	persistent	2	0	0
HFCAGB_00739	contig_1	744891	745922	-	GEGEGB_02342	1	persistent	2	0	0
HFCAGB_00740	contig_1	745922	746512	-	GEGEGB_02341	1	persistent	2	0	0
HFCAGB_00741	contig_1	746527	749109	-	LNHIMF_00793	1	persistent	2	0	0
HFCAGB_00742	contig_1	749397	749687	+	GEGEGB_02339	1	persistent	2	0	0
HFCAGB_00743	contig_1	749626	750876	+	BEJGEH_00660	1	persistent	2	0	0
HFCAGB_00744	contig_1	750926	751879	+	LNHIMF_00796	1	persistent	2	0	0
HFCAGB_00745	contig_1	751947	752714	+	LNHIMF_00797	2	persistent	2	0	0
HFCAGB_00746	contig_1	752781	753875	+	LNHIMF_00797	2	persistent	2	0	0
HFCAGB_00747	contig_1	753968	754441	+	GEGEGB_02335	1	persistent	3	1	1
HFCAGB_00748	contig_1	754480	755475	-	HFCAGB_00748	1	shell	1	1	0
HFCAGB_00749	contig_1	755600	756307	+	HFCAGB_00749	1	shell	0	2	1
HFCAGB_00750	contig_1	756304	757737	+	HFCAGB_00750	1	shell	0	2	0
HFCAGB_00751	contig_1	757749	758444	+	BEJGEH_00667	1	shell	0	2	0
HFCAGB_00752	contig_1	758441	759913	+	AJBGEP_00682	1	shell	0	2	0
HFCAGB_00753	contig_1	759935	761614	-	BEJGEH_00669	1	shell	2	1	0
HFCAGB_00754	contig_1	761690	762928	-	BEJGEH_00670	1	persistent	2	1	0
HFCAGB_00755	contig_1	762960	763895	-	GEGEGB_02333	1	persistent	3	0	0
HFCAGB_00756	contig_1	764012	764737	-	GEGEGB_02332	1	persistent	2	0	0
HFCAGB_00757	contig_1	764737	765411	-	GEGEGB_02331	1	persistent	2	0	0
HFCAGB_00758	contig_1	765411	766151	-	GEGEGB_02330	1	persistent	2	0	0
HFCAGB_00760	contig_1	766311	767219	-	LNHIMF_00804	1	persistent	2	0	0
HFCAGB_00761	contig_1	767574	769163	-	LNHIMF_00805	1	persistent	2	0	0
HFCAGB_00762	contig_1	769132	770010	-	GEGEGB_02326	1	persistent	2	0	0
HFCAGB_00763	contig_1	770168	770641	-	GEGEGB_02325	1	persistent	2	0	0
HFCAGB_00764	contig_1	770638	771684	-	GEGEGB_02324	1	persistent	2	0	0
HFCAGB_00765	contig_1	771889	773313	-	GEGEGB_02323	1	persistent	2	0	0
HFCAGB_00766	contig_1	773457	774632	+	GEGEGB_02322	1	persistent	2	2	0
HFCAGB_00767	contig_1	774699	775274	-	AJBGEP_00697	1	shell	2	1	0
HFCAGB_00775	contig_1	776341	778005	-	GEGEGB_02315	1	persistent	2	2	0
HFCAGB_00776	contig_1	778296	779048	-	GEGEGB_02314	1	persistent	2	0	1
HFCAGB_00777	contig_1	779095	780315	-	GEGEGB_02313	1	persistent	2	0	0
HFCAGB_00778	contig_1	780320	781534	-	LNHIMF_00823	1	persistent	2	0	0
HFCAGB_00779	contig_1	781534	782334	-	GEGEGB_02311	1	persistent	2	0	0
HFCAGB_00780	contig_1	782661	784613	+	LNHIMF_00825	1	persistent	2	0	0
HFCAGB_00781	contig_1	784824	786491	+	ALJMDI_00783	1	persistent	2	0	0
HFCAGB_00782	contig_1	787152	787535	+	GEGEGB_02308	2	persistent	2	0	0
HFCAGB_00783	contig_1	787483	788559	+	GEGEGB_02308	2	persistent	2	0	0
HFCAGB_00784	contig_1	788609	788941	+	GEGEGB_02307	1	persistent	2	0	0
HFCAGB_00785	contig_1	788990	790294	-	GEGEGB_02306	1	persistent	2	0	0
HFCAGB_00786	contig_1	790345	791484	-	BEJGEH_00703	1	persistent	2	0	0
HFCAGB_00787	contig_1	791471	792874	-	GEGEGB_02304	1	persistent	2	0	0
HFCAGB_00788	contig_1	792972	793898	-	LNHIMF_00832	1	persistent	2	0	0
HFCAGB_00789	contig_1	794013	794465	-	GEGEGB_02302	1	persistent	2	0	1
HFCAGB_00790	contig_1	794747	795277	-	LNHIMF_00835	1	persistent	2	0	1
HFCAGB_00791	contig_1	795428	795721	-	GEGEGB_02300	1	persistent	2	0	0
HFCAGB_00792	contig_1	795855	796625	-	LNHIMF_00837	1	persistent	2	0	0
HFCAGB_00793	contig_1	796810	797352	+	GEGEGB_02298	1	persistent	2	0	0
HFCAGB_00794	contig_1	797377	799017	+	GEGEGB_02297	1	persistent	2	0	0
HFCAGB_00795	contig_1	799132	799617	-	GEGEGB_02296	1	persistent	2	0	0
HFCAGB_00796	contig_1	799682	801001	-	GEGEGB_02295	1	persistent	2	0	0
HFCAGB_00797	contig_1	800998	803196	-	LNHIMF_00842	1	persistent	3	0	2
HFCAGB_00798	contig_1	803959	804636	-	LNHIMF_00844	1	persistent	3	0	1
HFCAGB_00799	contig_1	804633	807317	-	LNHIMF_00845	1	persistent	2	0	0
HFCAGB_00800	contig_1	807314	807898	-	LNHIMF_00846	1	persistent	2	0	0
HFCAGB_00801	contig_1	807907	809955	-	GEGEGB_02287	1	persistent	2	0	0
HFCAGB_00802	contig_1	809976	811655	-	GEGEGB_02286	1	persistent	2	0	0
HFCAGB_00803	contig_1	812081	812287	+	GEGEGB_02285	1	persistent	2	0	0
HFCAGB_00804	contig_1	812399	813820	+	LNHIMF_00850	1	persistent	2	0	0
HFCAGB_00805	contig_1	813859	815340	-	GEGEGB_02283	1	persistent	2	0	0
HFCAGB_00806	contig_1	815669	816412	+	GEGEGB_02282	1	persistent	2	0	0
HFCAGB_00807	contig_1	816428	817084	+	GEGEGB_02281	1	persistent	2	0	0
HFCAGB_00808	contig_1	817078	818010	+	LNHIMF_00854	1	persistent	2	0	0
HFCAGB_00809	contig_1	818000	818734	+	GEGEGB_02279	1	persistent	2	1	0
HFCAGB_00810	contig_1	818856	819647	+	BEJGEH_00728	1	persistent	2	1	0
HFCAGB_00811	contig_1	819702	820748	-	GEGEGB_02263	1	persistent	2	0	0
HFCAGB_00812	contig_1	820885	822168	-	LNHIMF_00870	1	persistent	2	1	0
HFCAGB_00813	contig_1	822908	823312	+	GEGEGB_02261	1	persistent	2	1	0
HFCAGB_00814	contig_1	823306	823653	+	GEGEGB_02260	1	persistent	2	0	0
HFCAGB_00815	contig_1	823653	825419	+	LNHIMF_00873	1	persistent	2	0	0
HFCAGB_00816	contig_1	825436	826152	+	LNHIMF_00874	1	persistent	2	0	0
HFCAGB_00817	contig_1	826678	829479	+	GEGEGB_02257	1	persistent	2	0	0
HFCAGB_00818	contig_1	829494	830702	+	GEGEGB_02256	1	persistent	2	0	0
HFCAGB_00819	contig_1	830844	832010	+	GEGEGB_02255	1	persistent	2	0	0
HFCAGB_00820	contig_1	832010	832879	+	LNHIMF_00878	1	persistent	2	0	0
HFCAGB_00821	contig_1	832908	833033	+	LNHIMF_00879	1	persistent	2	0	0
HFCAGB_00822	contig_1	834462	836030	+	LNHIMF_00880	1	persistent	2	0	0
HFCAGB_00823	contig_1	836046	837185	+	GEGEGB_02251	1	persistent	2	0	0
HFCAGB_00824	contig_1	837200	837313	+	GEGEGB_02250	1	persistent	2	0	0
HFCAGB_00825	contig_1	837313	837606	+	LNHIMF_00883	1	persistent	2	0	0
HFCAGB_00826	contig_1	837835	838239	+	LNHIMF_00884	1	persistent	2	0	0
HFCAGB_00827	contig_1	838236	838928	+	GEGEGB_02247	1	persistent	2	0	0
HFCAGB_00828	contig_1	838932	839360	+	GEGEGB_02246	1	persistent	2	0	1
HFCAGB_00829	contig_1	839425	840603	+	ODDLKH_01241	1	persistent	2	0	1
HFCAGB_00830	contig_1	840727	842019	+	LNHIMF_00889	1	persistent	2	0	1
HFCAGB_00831	contig_1	842054	842578	+	GEGEGB_02243	1	persistent	2	0	0
HFCAGB_00832	contig_1	842588	843376	+	GEGEGB_02242	1	persistent	2	0	0
HFCAGB_00837	contig_1	844417	845460	+	LNHIMF_00897	1	persistent	2	0	0
HFCAGB_00838	contig_1	845485	846204	+	LNHIMF_00898	1	persistent	2	0	0
HFCAGB_00839	contig_1	846201	847139	-	LNHIMF_00899	1	persistent	2	0	0
HFCAGB_00840	contig_1	847250	847636	-	GEGEGB_02235	1	persistent	2	0	0
HFCAGB_00841	contig_1	847955	849007	+	GEGEGB_02234	1	persistent	2	1	0
HFCAGB_00842	contig_1	849101	849646	-	BEJGEH_00762	1	shell	1	1	0
HFCAGB_00843	contig_1	849661	850506	-	BEJGEH_00763	1	shell	0	2	0
HFCAGB_00844	contig_1	850636	851526	+	BEJGEH_00764	1	shell	0	2	0
HFCAGB_00845	contig_1	851527	852453	-	BEJGEH_00765	1	shell	0	2	0
HFCAGB_00846	contig_1	852733	854001	+	BEJGEH_00766	1	shell	1	1	0
HFCAGB_00847	contig_1	854051	854299	+	AJBGEP_03535	3	persistent	3	1	0
HFCAGB_00848	contig_1	854315	856087	+	GEGEGB_00060	3	persistent	2	0	1
HFCAGB_00849	contig_1	856100	857401	+	LNHIMF_00056	3	persistent	4	0	0
HFCAGB_00850	contig_1	857520	858218	+	BEJGEH_00770	1	persistent	2	0	0
HFCAGB_00851	contig_1	858598	859677	+	GEGEGB_02233	1	persistent	3	0	0
HFCAGB_00852	contig_1	859677	860453	+	BEJGEH_00772	1	persistent	2	0	0
HFCAGB_00853	contig_1	860544	861296	-	GEGEGB_02231	1	persistent	2	0	0
HFCAGB_00854	contig_1	861520	862560	-	LNHIMF_00905	1	persistent	2	0	0
HFCAGB_00855	contig_1	862554	863702	-	GEGEGB_02229	1	persistent	2	0	0
HFCAGB_00856	contig_1	863705	864751	-	LNHIMF_00907	1	persistent	2	0	0
HFCAGB_00857	contig_1	864762	865778	-	GEGEGB_02227	1	persistent	2	0	0
HFCAGB_00858	contig_1	866001	866909	-	LNHIMF_00909	1	persistent	2	0	0
HFCAGB_00859	contig_1	867080	868555	-	LNHIMF_00910	1	persistent	2	0	0
HFCAGB_00860	contig_1	868623	869411	-	GEGEGB_02224	1	persistent	2	0	1
HFCAGB_00861	contig_1	869540	869689	+	GEGEGB_02223	1	persistent	2	0	0
HFCAGB_00862	contig_1	869856	870629	+	LNHIMF_00913	1	persistent	2	0	1
HFCAGB_00863	contig_1	870629	871318	+	GEGEGB_02221	1	persistent	2	0	0
HFCAGB_00864	contig_1	871321	872379	+	LNHIMF_00915	1	persistent	2	0	0
HFCAGB_00865	contig_1	872380	873198	-	LNHIMF_00916	1	persistent	2	0	3
HFCAGB_00866	contig_1	873362	874357	+	LNHIMF_00917	1	persistent	2	0	1
HFCAGB_00867	contig_1	874501	875784	-	GEGEGB_02217	1	persistent	2	0	0
HFCAGB_00868	contig_1	876076	877245	+	LNHIMF_00919	1	persistent	2	0	0
HFCAGB_00869	contig_1	877242	878183	+	LNHIMF_00920	1	persistent	2	0	0
HFCAGB_00870	contig_1	878228	878953	+	GEGEGB_02214	1	persistent	2	0	0
HFCAGB_00871	contig_1	879150	880835	+	LNHIMF_00922	1	persistent	2	0	0
HFCAGB_00872	contig_1	880837	882357	+	LNHIMF_00923	1	persistent	2	0	0
HFCAGB_00873	contig_1	882442	882918	-	GEGEGB_02211	1	persistent	2	0	0
HFCAGB_00874	contig_1	882966	884264	-	GEGEGB_02210	1	persistent	2	0	0
HFCAGB_00875	contig_1	884351	885391	+	GEGEGB_02209	1	persistent	2	0	0
HFCAGB_00876	contig_1	885388	886545	+	GEGEGB_02208	1	persistent	2	0	0
HFCAGB_00877	contig_1	886529	887284	+	LNHIMF_00928	1	persistent	2	0	0
HFCAGB_00878	contig_1	887277	887963	+	GEGEGB_02206	1	persistent	2	0	0
HFCAGB_00879	contig_1	888614	890635	+	LNHIMF_00930	1	persistent	2	0	0
HFCAGB_00880	contig_1	891125	893392	+	AJBGEP_00824	1	persistent	2	0	0
HFCAGB_00881	contig_1	893484	894392	-	GEGEGB_02202	1	persistent	2	0	0
HFCAGB_00882	contig_1	894756	895778	+	GEGEGB_02201	1	persistent	2	0	0
HFCAGB_00883	contig_1	895800	896312	+	GEGEGB_02200	1	persistent	2	0	0
HFCAGB_00884	contig_1	896357	896800	+	LNHIMF_00935	1	persistent	2	0	0
HFCAGB_00885	contig_1	896793	897038	+	LNHIMF_00936	1	persistent	2	0	0
HFCAGB_00886	contig_1	897040	897492	+	GEGEGB_02197	1	persistent	2	0	1
HFCAGB_00887	contig_1	897540	898244	+	LNHIMF_00938	1	persistent	2	0	4
HFCAGB_00888	contig_1	898575	899096	+	GEGEGB_02194	1	persistent	2	2	2
HFCAGB_00889	contig_1	899126	899728	+	HFCAGB_00889	1	shell	2	0	2
HFCAGB_00890	contig_1	899736	899906	+	HFCAGB_00890	1	cloud	1	1	0
HFCAGB_00891	contig_1	899903	900295	+	BEJGEH_00810	1	persistent	2	1	1
HFCAGB_00892	contig_1	900298	901260	-	GEGEGB_02192	1	persistent	2	0	1
HFCAGB_00893	contig_1	901260	902501	-	GEGEGB_02191	1	persistent	2	0	0
HFCAGB_00894	contig_1	902498	903256	-	LNHIMF_00943	1	persistent	2	0	0
HFCAGB_00895	contig_1	903389	903799	+	GEGEGB_02189	1	persistent	2	0	0
HFCAGB_00896	contig_1	903761	904867	-	GEGEGB_02188	1	persistent	2	0	0
HFCAGB_00897	contig_1	904983	906113	-	GEGEGB_02187	1	persistent	2	0	0
HFCAGB_00898	contig_1	906106	907842	-	LNHIMF_00947	1	persistent	2	0	0
HFCAGB_00899	contig_1	907835	908830	-	GEGEGB_02185	1	persistent	2	0	0
HFCAGB_00900	contig_1	908830	909504	-	LNHIMF_00949	1	persistent	2	0	1
HFCAGB_00901	contig_1	909734	911095	+	GEGEGB_02183	1	persistent	3	0	1
HFCAGB_00902	contig_1	911303	913447	+	LNHIMF_00951	1	persistent	2	0	1
HFCAGB_00903	contig_1	913477	914451	+	BEJGEH_00823	1	persistent	2	1	0
HFCAGB_00904	contig_1	914607	914867	-	GEGEGB_02178	1	persistent	2	1	0
HFCAGB_00905	contig_1	915152	915418	-	GEGEGB_02177	1	persistent	2	0	1
HFCAGB_00906	contig_1	915623	916549	+	GEGEGB_02175	1	persistent	2	0	1
HFCAGB_00907	contig_1	916546	918768	-	LNHIMF_00956	1	persistent	2	0	0
HFCAGB_00908	contig_1	918887	919609	-	GEGEGB_02173	1	persistent	2	0	0
HFCAGB_00909	contig_1	919606	920265	-	GEGEGB_02172	1	persistent	2	0	0
HFCAGB_00910	contig_1	920409	921155	-	GEGEGB_02171	1	persistent	2	0	1
HFCAGB_00911	contig_1	921632	922135	-	GEGEGB_02170	1	persistent	2	0	1
HFCAGB_00912	contig_1	922438	923298	-	GEGEGB_02169	1	persistent	2	0	0
HFCAGB_00913	contig_1	923652	924167	+	GEGEGB_02168	1	persistent	2	0	1
HFCAGB_00914	contig_1	924229	925809	-	LNHIMF_00963	1	persistent	2	1	0
HFCAGB_00915	contig_1	926074	926202	-	GEGEGB_02163	1	persistent	2	0	0
HFCAGB_00916	contig_1	926388	926861	+	GEGEGB_02162	1	persistent	2	0	0
HFCAGB_00917	contig_1	926858	927970	+	GEGEGB_02161	1	persistent	2	0	0
HFCAGB_00918	contig_1	928014	928934	-	GEGEGB_02160	1	persistent	2	0	0
HFCAGB_00919	contig_1	929153	930745	+	GEGEGB_02159	1	persistent	2	1	0
HFCAGB_00920	contig_1	931617	932096	+	BEJGEH_00840	1	shell	2	0	1
HFCAGB_00921	contig_1	932086	932256	+	PKJKAM_01055	1	cloud	1	1	0
HFCAGB_00922	contig_1	932218	932658	-	GEGEGB_02157	2	persistent	2	1	3
HFCAGB_00923	contig_1	933052	934317	-	LNHIMF_00969	1	persistent	2	0	2
HFCAGB_00924	contig_1	934579	935388	+	GEGEGB_02157	2	persistent	2	1	3
HFCAGB_00925	contig_1	935466	937898	-	LNHIMF_00971	1	persistent	2	0	0
HFCAGB_00926	contig_1	937904	938803	-	GEGEGB_02155	1	persistent	2	0	0
HFCAGB_00927	contig_1	939081	939830	-	LNHIMF_00973	1	persistent	2	0	0
HFCAGB_00928	contig_1	939830	941065	-	LNHIMF_00974	1	persistent	2	0	0
HFCAGB_00929	contig_1	941269	942210	+	GEGEGB_02152	1	persistent	2	0	0
HFCAGB_00930	contig_1	942221	944092	+	GEGEGB_02151	1	persistent	2	0	0
HFCAGB_00931	contig_1	944125	945663	+	GEGEGB_02150	1	persistent	2	0	0
HFCAGB_00932	contig_1	945724	946644	+	GEGEGB_02149	1	persistent	2	0	0
HFCAGB_00933	contig_1	946647	947558	+	GEGEGB_02148	1	persistent	2	0	0
HFCAGB_00934	contig_1	947649	948974	-	LNHIMF_00980	1	persistent	2	0	0
HFCAGB_00935	contig_1	949205	949588	+	GEGEGB_02146	1	persistent	1	1	2
HFCAGB_00936	contig_1	950301	950816	+	LNHIMF_00982	1	shell	1	1	1
HFCAGB_00937	contig_1	950839	951588	+	LNHIMF_00983	1	shell	0	2	0
HFCAGB_00938	contig_1	951599	952552	+	AJBGEP_00883	1	shell	0	2	1
HFCAGB_00939	contig_1	952585	952782	+	HFCAGB_00939	1	shell	0	2	0
HFCAGB_00940	contig_1	952846	954009	+	LNHIMF_00986	1	shell	0	3	1
HFCAGB_00941	contig_1	954034	954237	+	LNHIMF_00987	1	shell	0	2	0
HFCAGB_00942	contig_1	954457	956142	+	LNHIMF_00988	1	shell	0	3	0
HFCAGB_00943	contig_1	956148	957038	-	HFCAGB_00943	1	shell	0	2	0
HFCAGB_00944	contig_1	957303	957728	-	LNHIMF_00990	1	shell	0	2	1
HFCAGB_00945	contig_1	958075	958572	+	HFCAGB_00945	1	shell	0	2	0
HFCAGB_00946	contig_1	958593	958766	+	HFCAGB_00946	1	shell	1	1	0
HFCAGB_00947	contig_1	958763	959389	-	GEGEGB_02144	1	persistent	1	1	2
HFCAGB_00948	contig_1	959765	960835	+	GEGEGB_02143	1	persistent	2	0	0
HFCAGB_00949	contig_1	960880	961638	-	GEGEGB_02142	1	persistent	2	0	0
HFCAGB_00950	contig_1	961710	962384	-	GEGEGB_02141	1	persistent	2	0	0
HFCAGB_00951	contig_1	962631	963863	+	GEGEGB_02140	1	persistent	2	0	0
HFCAGB_00952	contig_1	963917	964732	-	GEGEGB_02139	1	persistent	2	0	0
HFCAGB_00953	contig_1	964729	965940	-	LNHIMF_00998	1	persistent	2	0	0
HFCAGB_00954	contig_1	966108	966728	+	LNHIMF_00999	1	persistent	2	0	0
HFCAGB_00956	contig_1	966845	968530	-	GEGEGB_02135	1	persistent	2	0	0
HFCAGB_00957	contig_1	968801	969178	+	LNHIMF_01002	1	persistent	2	0	0
HFCAGB_00958	contig_1	969210	969473	-	GEGEGB_02133	1	persistent	2	0	0
HFCAGB_00959	contig_1	969643	969933	+	LNHIMF_01004	1	persistent	2	0	0
HFCAGB_00960	contig_1	969917	970639	+	BEJGEH_00869	1	persistent	2	0	0
HFCAGB_00961	contig_1	970697	971599	+	GEGEGB_02130	1	persistent	2	0	0
HFCAGB_00962	contig_1	971695	972171	+	GEGEGB_02129	1	persistent	2	0	0
HFCAGB_00963	contig_1	972517	973632	+	LNHIMF_01008	1	persistent	2	0	0
HFCAGB_00964	contig_1	973720	974853	+	LNHIMF_01009	1	persistent	2	0	0
HFCAGB_00965	contig_1	974863	975816	+	LNHIMF_01010	1	persistent	2	0	0
HFCAGB_00966	contig_1	975813	976658	+	GEGEGB_02125	1	persistent	2	0	0
HFCAGB_00967	contig_1	976804	977205	+	GEGEGB_02124	1	persistent	2	0	0
HFCAGB_00968	contig_1	977248	978375	+	AJBGEP_00912	1	persistent	2	0	0
HFCAGB_00969	contig_1	978670	980013	+	BEJGEH_00878	1	persistent	2	0	0
HFCAGB_00970	contig_1	980043	980363	+	LNHIMF_01015	1	persistent	2	0	0
HFCAGB_00971	contig_1	980373	981860	+	LNHIMF_01016	1	persistent	2	0	0
HFCAGB_00972	contig_1	982068	982799	-	GEGEGB_02119	1	persistent	2	0	0
HFCAGB_00973	contig_1	983036	983704	-	GEGEGB_02118	1	persistent	2	0	0
HFCAGB_00974	contig_1	983704	984420	-	GEGEGB_02117	1	persistent	2	0	0
HFCAGB_00975	contig_1	984427	985158	-	LNHIMF_01020	1	persistent	2	0	0
HFCAGB_00976	contig_1	985176	985904	-	GEGEGB_02115	1	persistent	2	0	0
HFCAGB_00977	contig_1	986134	986649	-	GEGEGB_02114	1	persistent	2	0	0
HFCAGB_00978	contig_1	986777	987100	+	GEGEGB_02113	1	persistent	2	0	0
HFCAGB_00979	contig_1	987097	987927	+	GEGEGB_02112	1	persistent	2	0	0
HFCAGB_00980	contig_1	987924	988937	-	GEGEGB_02111	1	persistent	2	0	0
HFCAGB_00981	contig_1	989033	990466	-	LNHIMF_01026	1	persistent	2	0	0
HFCAGB_00982	contig_1	990477	991478	-	LNHIMF_01027	1	persistent	2	0	0
HFCAGB_00983	contig_1	991517	993235	-	GEGEGB_02108	1	persistent	2	0	0
HFCAGB_00984	contig_1	993394	994362	-	LNHIMF_01029	1	persistent	2	0	0
HFCAGB_00985	contig_1	994374	996026	-	LNHIMF_01030	1	persistent	2	0	0
HFCAGB_00986	contig_1	996170	997069	-	GEGEGB_02105	1	persistent	2	0	0
HFCAGB_00987	contig_1	997271	998929	+	LNHIMF_01032	1	persistent	2	0	0
HFCAGB_00988	contig_1	998926	999876	-	LNHIMF_01033	1	persistent	2	0	0
HFCAGB_00989	contig_1	1000022	1001140	+	GEGEGB_02102	1	persistent	2	0	0
HFCAGB_00990	contig_1	1001137	1003083	+	GEGEGB_02101	1	persistent	2	0	0
HFCAGB_00991	contig_1	1003213	1003434	-	GEGEGB_02100	1	persistent	2	0	0
HFCAGB_00992	contig_1	1003758	1004078	+	GEGEGB_02099	1	persistent	2	0	0
HFCAGB_00993	contig_1	1004109	1006385	+	LNHIMF_01038	1	persistent	2	4	1
HFCAGB_00994	contig_1	1006598	1006795	-	GEGEGB_02097	1	shell	2	3	2
HFCAGB_00996	contig_1	1007742	1008419	-	GEGEGB_03971	2	persistent	5	2	3
HFCAGB_00997	contig_1	1008439	1009299	-	LNHIMF_01041	1	persistent	2	0	0
HFCAGB_00998	contig_1	1009408	1010319	+	GEGEGB_02092	1	persistent	2	0	0
HFCAGB_00999	contig_1	1010410	1010628	-	GEGEGB_02091	1	persistent	2	0	0
HFCAGB_01000	contig_1	1010940	1011644	-	GEGEGB_02090	1	persistent	2	0	0
HFCAGB_01001	contig_1	1011689	1013410	-	LNHIMF_01045	1	persistent	2	0	0
HFCAGB_01002	contig_1	1013411	1015177	-	GEGEGB_02088	1	persistent	2	0	0
HFCAGB_01003	contig_1	1015291	1016259	-	GEGEGB_02087	1	persistent	2	0	1
HFCAGB_01004	contig_1	1016805	1017299	+	LNHIMF_01048	1	persistent	2	0	0
HFCAGB_01005	contig_1	1017434	1021399	+	ONMMKP_01187	1	persistent	2	0	0
HFCAGB_01006	contig_1	1021542	1022153	+	LNHIMF_01050	1	persistent	2	0	0
HFCAGB_01007	contig_1	1022163	1023506	+	GEGEGB_02083	1	persistent	2	0	0
HFCAGB_01008	contig_1	1023765	1025057	+	GEGEGB_02082	1	persistent	2	0	0
HFCAGB_01010	contig_1	1025294	1027738	+	LNHIMF_01054	1	persistent	2	0	0
HFCAGB_01011	contig_1	1027749	1028366	+	GEGEGB_01496	2	persistent	4	0	0
HFCAGB_01012	contig_1	1028368	1029231	+	GEGEGB_02078	1	persistent	2	0	0
HFCAGB_01013	contig_1	1029581	1030729	+	LNHIMF_01057	1	persistent	2	0	0
HFCAGB_01014	contig_1	1030947	1032368	+	GEGEGB_02076	1	persistent	2	0	0
HFCAGB_01015	contig_1	1032661	1033458	-	GEGEGB_02075	1	persistent	3	0	1
HFCAGB_01016	contig_1	1033577	1033744	-	HFCAGB_01016	1	persistent	2	0	1
HFCAGB_01017	contig_1	1034034	1034993	+	LNHIMF_01061	1	persistent	3	0	1
HFCAGB_01018	contig_1	1035069	1037351	-	GEGEGB_02071	1	persistent	2	0	1
HFCAGB_01019	contig_1	1037411	1038268	-	GEGEGB_02070	1	persistent	2	0	0
HFCAGB_01020	contig_1	1038673	1040508	-	LNHIMF_01064	1	persistent	2	0	0
HFCAGB_01021	contig_1	1040570	1041262	+	LNHIMF_01065	1	persistent	2	0	0
HFCAGB_01022	contig_1	1041448	1042536	+	GEGEGB_02067	1	persistent	2	0	0
HFCAGB_01023	contig_1	1042607	1043890	+	GEGEGB_02066	1	persistent	2	0	0
HFCAGB_01024	contig_1	1044033	1044794	+	BEJGEH_00936	1	persistent	2	0	0
HFCAGB_01025	contig_1	1044967	1045650	+	GEGEGB_02064	1	persistent	2	0	0
HFCAGB_01026	contig_1	1045764	1047437	+	GEGEGB_02063	1	persistent	2	0	0
HFCAGB_01027	contig_1	1047593	1047877	+	GEGEGB_02062	1	persistent	2	1	0
HFCAGB_01028	contig_1	1048107	1050371	+	ALJMDI_01283	1	persistent	2	1	0
HFCAGB_01029	contig_1	1050408	1052156	+	GEGEGB_02060	1	persistent	2	0	0
HFCAGB_01030	contig_1	1052153	1053130	+	GEGEGB_02059	1	persistent	2	0	0
HFCAGB_01031	contig_1	1053174	1054406	+	HFCAGB_01031	1	persistent	2	0	0
HFCAGB_01032	contig_1	1054458	1054640	+	GEGEGB_02056	1	persistent	2	0	0
HFCAGB_01033	contig_1	1054637	1055383	+	GEGEGB_02055	1	persistent	2	0	0
HFCAGB_01034	contig_1	1055594	1056487	+	LNHIMF_01078	1	persistent	2	0	0
HFCAGB_01035	contig_1	1056467	1057243	-	GEGEGB_02053	1	persistent	2	0	0
HFCAGB_01036	contig_1	1057379	1058182	+	GEGEGB_02052	1	persistent	2	0	0
HFCAGB_01037	contig_1	1058175	1059497	+	GEGEGB_02051	1	persistent	2	0	0
HFCAGB_01038	contig_1	1059478	1060182	+	GEGEGB_02050	1	persistent	2	0	0
HFCAGB_01039	contig_1	1060182	1064636	+	GEGEGB_02049	1	persistent	2	0	0
HFCAGB_01040	contig_1	1064981	1066831	+	LNHIMF_01084	1	persistent	2	0	0
HFCAGB_01041	contig_1	1067091	1067639	+	GEGEGB_02047	1	persistent	2	0	0
HFCAGB_01042	contig_1	1067667	1068314	+	LNHIMF_01086	1	persistent	2	0	0
HFCAGB_01043	contig_1	1068376	1069566	-	GEGEGB_02045	1	persistent	2	0	0
HFCAGB_01044	contig_1	1069751	1070842	-	GEGEGB_02044	1	persistent	2	0	1
HFCAGB_01045	contig_1	1071436	1072836	-	GEGEGB_02043	1	persistent	3	0	1
HFCAGB_01046	contig_1	1073037	1073498	-	GEGEGB_02042	1	persistent	2	0	0
HFCAGB_01047	contig_1	1073816	1075030	+	BEJGEH_00959	1	persistent	2	0	0
HFCAGB_01048	contig_1	1075276	1076712	+	AJBGEP_00996	1	persistent	2	0	0
HFCAGB_01049	contig_1	1076790	1077992	-	LNHIMF_01090	1	persistent	3	1	0
HFCAGB_01050	contig_1	1078187	1079479	-	HFCAGB_01050	1	shell	1	1	0
HFCAGB_01051	contig_1	1079524	1079772	-	GEGEGB_02036	1	shell	0	2	0
HFCAGB_01052	contig_1	1079813	1080052	-	GEGEGB_02035	1	shell	0	2	3
HFCAGB_01053	contig_1	1080095	1080583	-	LNHIMF_02203	1	shell	0	1	3
HFCAGB_01054	contig_1	1080580	1081206	-	HFCAGB_01054	1	cloud	0	1	1
HFCAGB_01055	contig_1	1081217	1084405	-	ALJMDI_01306	1	cloud	0	1	3
HFCAGB_01056	contig_1	1084546	1084716	-	AJBGEP_01250	1	cloud	0	0	6
HFCAGB_01057	contig_1	1085115	1085519	-	HFCAGB_01057	1	cloud	0	0	3
HFCAGB_01058	contig_1	1085649	1085885	+	HFCAGB_01058	1	cloud	0	1	1
HFCAGB_01059	contig_1	1085905	1086225	+	GEGEGB_02026	1	shell	0	1	10
HFCAGB_01060	contig_1	1086316	1087293	+	GEGEGB_02025	1	shell	0	2	0
HFCAGB_01061	contig_1	1087296	1088045	+	GEGEGB_02024	1	shell	0	2	0
HFCAGB_01062	contig_1	1088056	1088403	+	GEGEGB_02023	1	shell	0	1	4
HFCAGB_01063	contig_1	1088400	1088924	+	HFCAGB_01063	1	cloud	0	1	1
HFCAGB_01064	contig_1	1088924	1089397	+	GEGEGB_02021	2	cloud	0	0	6
HFCAGB_01065	contig_1	1089401	1089973	+	GEGEGB_02020	1	cloud	0	0	2
HFCAGB_01066	contig_1	1090067	1090333	+	HFCAGB_01066	1	cloud	0	1	2
HFCAGB_01067	contig_1	1090489	1090728	+	GEGEGB_02016	1	shell	0	2	9
HFCAGB_01068	contig_1	1091063	1091665	+	GEGEGB_02015	1	shell	0	2	2
HFCAGB_01069	contig_1	1091665	1091871	+	GEGEGB_02014	1	shell	0	2	1
HFCAGB_01070	contig_1	1091874	1092485	+	GEGEGB_02013	1	shell	0	3	0
HFCAGB_01071	contig_1	1092618	1093415	+	HFCAGB_01071	1	shell	0	3	4
HFCAGB_01072	contig_1	1093814	1094161	+	HFCAGB_02203	2	cloud	0	3	6
HFCAGB_01073	contig_1	1094164	1094778	+	LNHIMF_04297	1	cloud	0	1	5
HFCAGB_01074	contig_1	1094775	1095326	+	ALJMDI_01331	1	cloud	0	0	4
HFCAGB_01075	contig_1	1095316	1095729	+	HFCAGB_01075	1	cloud	0	0	2
HFCAGB_01076	contig_1	1095791	1096765	+	HFCAGB_01076	1	cloud	0	0	2
HFCAGB_01077	contig_1	1096755	1098026	+	HFCAGB_01077	1	cloud	0	0	2
HFCAGB_01078	contig_1	1098026	1099456	+	HFCAGB_01078	1	cloud	0	0	2
HFCAGB_01079	contig_1	1099428	1100303	+	HFCAGB_01079	1	cloud	0	0	2
HFCAGB_01080	contig_1	1100304	1101878	+	HFCAGB_01080	1	cloud	0	0	2
HFCAGB_01081	contig_1	1101899	1102771	+	HFCAGB_01081	1	cloud	0	0	2
HFCAGB_01082	contig_1	1102789	1103820	+	HFCAGB_01082	1	cloud	0	0	2
HFCAGB_01083	contig_1	1103885	1104370	+	HFCAGB_01083	1	cloud	0	0	2
HFCAGB_01084	contig_1	1104383	1104808	+	HFCAGB_01084	1	cloud	0	0	2
HFCAGB_01085	contig_1	1104805	1105236	+	HFCAGB_01085	1	cloud	0	0	2
HFCAGB_01086	contig_1	1105220	1106158	+	HFCAGB_01086	1	cloud	0	0	2
HFCAGB_01087	contig_1	1106163	1107557	+	HFCAGB_01087	1	cloud	0	0	2
HFCAGB_01088	contig_1	1107561	1107998	+	HFCAGB_01088	1	cloud	0	0	2
HFCAGB_01089	contig_1	1107998	1108585	+	HFCAGB_01089	1	cloud	0	0	2
HFCAGB_01090	contig_1	1108709	1110763	+	HFCAGB_01090	1	cloud	0	0	2
HFCAGB_01091	contig_1	1110763	1111260	+	HFCAGB_01091	1	cloud	0	0	2
HFCAGB_01092	contig_1	1111476	1111751	+	HFCAGB_01092	1	cloud	0	0	2
HFCAGB_01093	contig_1	1111751	1112803	+	HFCAGB_01093	1	cloud	0	0	2
HFCAGB_01094	contig_1	1112800	1113516	+	HFCAGB_01094	1	cloud	0	0	2
HFCAGB_01095	contig_1	1113513	1113845	+	HFCAGB_01095	1	cloud	0	0	2
HFCAGB_01096	contig_1	1113842	1115068	+	HFCAGB_01096	1	cloud	0	0	2
HFCAGB_01097	contig_1	1115052	1115678	+	HFCAGB_01097	1	cloud	0	0	2
HFCAGB_01098	contig_1	1115675	1117384	+	HFCAGB_01098	1	cloud	0	1	1
HFCAGB_01099	contig_1	1117384	1117965	+	AJBGEP_02770	2	shell	0	9	5
HFCAGB_01100	contig_1	1118443	1119411	+	AJBGEP_01051	1	shell	0	2	0
HFCAGB_01101	contig_1	1119679	1119927	+	AJBGEP_01052	1	shell	0	2	0
HFCAGB_01102	contig_1	1120059	1120685	-	OEKLIE_02525	1	shell	2	2	5
HFCAGB_01103	contig_1	1120754	1121002	-	HFCAGB_01103	1	cloud	0	2	0
HFCAGB_01104	contig_1	1121045	1121731	-	HFCAGB_01104	1	shell	0	3	1
HFCAGB_01105	contig_1	1122002	1122256	-	AJBGEP_01055	1	shell	1	1	0
HFCAGB_01106	contig_1	1122620	1125232	+	LNHIMF_01091	1	persistent	2	1	2
HFCAGB_01107	contig_1	1125440	1126450	+	LNHIMF_01092	1	persistent	2	0	0
HFCAGB_01108	contig_1	1126616	1127158	+	GEGEGB_01971	1	persistent	2	0	0
HFCAGB_01109	contig_1	1127155	1128264	-	LNHIMF_01094	1	persistent	2	0	0
HFCAGB_01110	contig_1	1128363	1130471	+	LNHIMF_01095	1	persistent	2	0	0
HFCAGB_01111	contig_1	1130484	1132391	+	GEGEGB_01968	1	persistent	2	0	0
HFCAGB_01112	contig_1	1132406	1133659	+	GEGEGB_01967	1	persistent	2	0	0
HFCAGB_01113	contig_1	1133664	1135304	+	GEGEGB_01966	1	persistent	2	0	0
HFCAGB_01114	contig_1	1135301	1135864	+	GEGEGB_01965	1	persistent	2	0	0
HFCAGB_01115	contig_1	1136387	1136905	-	GEGEGB_01964	1	persistent	2	0	0
HFCAGB_01116	contig_1	1136974	1138734	-	GEGEGB_01963	1	persistent	2	0	1
HFCAGB_01117	contig_1	1138920	1139372	+	GEGEGB_01962	1	persistent	2	0	0
HFCAGB_01118	contig_1	1139444	1140496	-	GEGEGB_01961	1	persistent	2	0	0
HFCAGB_01119	contig_1	1140853	1141362	-	GEGEGB_01960	1	persistent	2	0	2
HFCAGB_01120	contig_1	1141579	1142184	+	LNHIMF_01105	1	persistent	2	0	1
HFCAGB_01121	contig_1	1142171	1144324	-	GEGEGB_01957	1	persistent	2	0	0
HFCAGB_01122	contig_1	1144343	1144789	-	GEGEGB_01956	1	persistent	2	0	0
HFCAGB_01123	contig_1	1144913	1146967	+	BEJGEH_00979	1	persistent	2	0	0
HFCAGB_01124	contig_1	1147003	1147461	-	GEGEGB_01954	1	persistent	2	0	0
HFCAGB_01125	contig_1	1147556	1148218	-	GEGEGB_01953	1	persistent	2	0	0
HFCAGB_01126	contig_1	1148392	1148805	+	GEGEGB_01952	1	persistent	2	0	0
HFCAGB_01127	contig_1	1148850	1149167	-	GEGEGB_01951	1	persistent	2	0	0
HFCAGB_01128	contig_1	1149225	1150436	-	LNHIMF_01113	1	persistent	2	0	1
HFCAGB_01129	contig_1	1150651	1151199	+	BEJGEH_00985	1	persistent	2	0	0
HFCAGB_01130	contig_1	1151216	1152004	+	LNHIMF_01115	1	persistent	2	1	2
HFCAGB_01131	contig_1	1152053	1152334	+	GEGEGB_01943	1	persistent	2	0	0
HFCAGB_01132	contig_1	1152331	1152660	-	GEGEGB_01942	1	persistent	2	0	0
HFCAGB_01133	contig_1	1152747	1153406	-	GEGEGB_01941	1	persistent	2	1	2
HFCAGB_01135	contig_1	1154045	1154725	-	BEJGEH_00991	1	persistent	2	1	1
HFCAGB_01136	contig_1	1154947	1155822	-	LNHIMF_01121	1	persistent	2	0	1
HFCAGB_01138	contig_1	1156370	1156711	-	GEGEGB_01934	1	persistent	2	0	0
HFCAGB_01139	contig_1	1156728	1158413	-	LNHIMF_01124	1	persistent	3	0	0
HFCAGB_01140	contig_1	1158916	1159026	-	LNHIMF_01125	1	persistent	2	0	0
HFCAGB_01141	contig_1	1159135	1160697	-	HFCAGB_01141	1	persistent	3	0	0
HFCAGB_01142	contig_1	1160777	1162141	-	BEJGEH_00998	1	persistent	2	0	0
HFCAGB_01143	contig_1	1162134	1162871	-	LNHIMF_01128	1	persistent	2	0	0
HFCAGB_01144	contig_1	1162950	1163360	+	LNHIMF_01129	1	persistent	2	0	0
HFCAGB_01145	contig_1	1163693	1164205	-	LNHIMF_01130	1	persistent	2	0	0
HFCAGB_01146	contig_1	1164223	1165785	-	LNHIMF_01131	1	persistent	2	0	0
HFCAGB_01147	contig_1	1166003	1166443	-	GEGEGB_01926	1	persistent	2	0	0
HFCAGB_01148	contig_1	1166719	1168008	+	GEGEGB_01925	1	persistent	2	0	0
HFCAGB_01149	contig_1	1168005	1169471	+	BEJGEH_01005	1	persistent	2	0	0
HFCAGB_01150	contig_1	1169473	1170324	+	LNHIMF_01135	1	persistent	3	0	0
HFCAGB_01151	contig_1	1170334	1170714	+	GEGEGB_01921	1	persistent	2	0	0
HFCAGB_01152	contig_1	1170858	1171661	+	GEGEGB_01920	1	persistent	2	0	0
HFCAGB_01153	contig_1	1171672	1172463	+	GEGEGB_01919	1	persistent	2	0	0
HFCAGB_01154	contig_1	1172536	1173912	+	LNHIMF_01139	1	persistent	2	0	0
HFCAGB_01155	contig_1	1173922	1174818	+	LNHIMF_01140	1	persistent	2	0	0
HFCAGB_01156	contig_1	1174832	1175770	+	GEGEGB_01916	1	persistent	3	0	0
HFCAGB_01157	contig_1	1176178	1176540	-	LNHIMF_01142	1	persistent	2	0	0
HFCAGB_01158	contig_1	1177194	1177499	-	GEGEGB_01915	1	persistent	3	0	0
HFCAGB_01159	contig_1	1177499	1178419	-	GEGEGB_01914	1	persistent	2	0	0
HFCAGB_01160	contig_1	1178655	1179017	+	LNHIMF_01145	1	persistent	2	0	0
HFCAGB_01161	contig_1	1179066	1180952	+	LNHIMF_01146	1	persistent	2	0	0
HFCAGB_01162	contig_1	1180949	1181572	+	LNHIMF_01147	1	persistent	2	0	0
HFCAGB_01163	contig_1	1181562	1182068	+	LNHIMF_01148	1	persistent	2	0	0
HFCAGB_01164	contig_1	1182201	1183442	+	LNHIMF_01149	1	persistent	2	0	0
HFCAGB_01165	contig_1	1183475	1183702	-	GEGEGB_01908	1	persistent	2	0	0
HFCAGB_01166	contig_1	1183723	1184319	-	LNHIMF_01151	1	persistent	2	0	0
HFCAGB_01167	contig_1	1184704	1184871	+	GEGEGB_01513	3	persistent	6	0	0
HFCAGB_01168	contig_1	1185008	1185646	+	LNHIMF_01153	1	persistent	2	0	0
HFCAGB_01169	contig_1	1185643	1186038	-	GEGEGB_01904	1	persistent	2	0	0
HFCAGB_01170	contig_1	1186097	1190059	-	LNHIMF_01155	1	persistent	3	0	0
HFCAGB_01171	contig_1	1190480	1191988	+	GEGEGB_01902	1	persistent	2	0	1
HFCAGB_01172	contig_1	1192606	1192902	+	LNHIMF_01157	1	persistent	2	0	0
HFCAGB_01173	contig_1	1192881	1193669	+	GEGEGB_01899	1	persistent	2	0	2
HFCAGB_01175	contig_1	1193775	1194656	-	GEGEGB_01898	1	persistent	2	0	0
HFCAGB_01177	contig_1	1194942	1196438	-	HFCAGB_01177	1	persistent	2	0	1
HFCAGB_01178	contig_1	1196775	1197455	-	GEGEGB_01894	1	persistent	2	0	1
HFCAGB_01179	contig_1	1197973	1199115	+	GEGEGB_01893	1	persistent	2	0	0
HFCAGB_01180	contig_1	1199160	1199852	+	LNHIMF_01165	1	persistent	2	0	0
HFCAGB_01181	contig_1	1200135	1200926	+	LNHIMF_01166	2	persistent	2	0	0
HFCAGB_01182	contig_1	1200949	1201416	+	LNHIMF_01166	2	persistent	2	0	0
HFCAGB_01183	contig_1	1201430	1202533	+	GEGEGB_01890	1	persistent	2	0	1
HFCAGB_01184	contig_1	1202700	1202993	-	HFCAGB_01184	1	cloud	1	0	1
HFCAGB_01185	contig_1	1203024	1203242	+	HFCAGB_01185	1	cloud	0	0	2
HFCAGB_01186	contig_1	1203843	1204301	-	HFCAGB_01186	1	cloud	0	1	2
HFCAGB_01187	contig_1	1204294	1204383	-	HFCAGB_01187	1	cloud	0	0	2
HFCAGB_01188	contig_1	1204425	1204796	-	HFCAGB_01188	1	cloud	0	0	2
HFCAGB_01189	contig_1	1204805	1205245	-	HFCAGB_01189	1	cloud	0	0	3
HFCAGB_01190	contig_1	1205265	1206137	-	HFCAGB_01190	1	cloud	0	0	2
HFCAGB_01191	contig_1	1206170	1206649	-	HFCAGB_01191	1	cloud	0	0	2
HFCAGB_01192	contig_1	1206665	1208029	-	BEJGEH_01045	1	cloud	0	0	3
HFCAGB_01193	contig_1	1208040	1211561	-	HFCAGB_01193	1	cloud	0	0	4
HFCAGB_01194	contig_1	1211580	1212992	-	HFCAGB_01194	1	cloud	0	0	2
HFCAGB_01195	contig_1	1212994	1213731	-	HFCAGB_01195	1	cloud	0	0	2
HFCAGB_01196	contig_1	1213728	1216463	-	HFCAGB_01196	1	cloud	0	0	2
HFCAGB_01197	contig_1	1216476	1217234	-	HFCAGB_01197	1	cloud	0	0	2
HFCAGB_01198	contig_1	1217239	1218570	-	HFCAGB_01198	1	cloud	0	0	2
HFCAGB_01199	contig_1	1218573	1219106	-	HFCAGB_01199	1	cloud	0	0	2
HFCAGB_01200	contig_1	1219103	1220389	-	HFCAGB_01200	1	cloud	0	0	2
HFCAGB_01201	contig_1	1220414	1221502	-	HFCAGB_01201	1	cloud	0	0	2
HFCAGB_01202	contig_1	1221466	1223319	-	HFCAGB_01202	1	cloud	0	0	2
HFCAGB_01203	contig_1	1223324	1223740	-	HFCAGB_01203	1	cloud	0	0	2
HFCAGB_01204	contig_1	1223737	1225209	-	HFCAGB_01204	1	cloud	0	0	2
HFCAGB_01205	contig_1	1225258	1225470	-	HFCAGB_01205	1	cloud	0	0	2
HFCAGB_01206	contig_1	1225500	1226003	-	HFCAGB_01206	1	cloud	0	0	3
HFCAGB_01207	contig_1	1226284	1226394	-	HFCAGB_01207	1	cloud	0	0	2
HFCAGB_01208	contig_1	1226633	1227151	+	HFCAGB_01208	1	cloud	0	0	3
HFCAGB_01209	contig_1	1227373	1229487	+	HFCAGB_01209	1	cloud	0	0	2
HFCAGB_01210	contig_1	1229529	1233806	+	BEJGEH_01062	1	cloud	0	0	2
HFCAGB_01212	contig_1	1234964	1235416	+	BEJGEH_01063	1	cloud	0	1	1
HFCAGB_01213	contig_1	1236122	1236421	+	HFCAGB_00344	2	shell	0	3	2
HFCAGB_01214	contig_1	1236418	1236957	+	AJBGEP_02929	1	shell	2	6	2
HFCAGB_01215	contig_1	1237409	1238188	-	HFCAGB_01215	1	cloud	0	1	1
HFCAGB_01216	contig_1	1238456	1238734	+	HFCAGB_01216	1	cloud	0	0	2
HFCAGB_01217	contig_1	1238731	1239108	+	HFCAGB_01217	1	cloud	1	0	1
HFCAGB_01218	contig_1	1239648	1239860	+	LNHIMF_02073	1	persistent	2	0	1
HFCAGB_01220	contig_1	1240318	1240716	-	LNHIMF_02071	2	persistent	2	0	0
HFCAGB_01221	contig_1	1240972	1241529	-	LNHIMF_02071	2	persistent	2	0	0
HFCAGB_01223	contig_1	1242179	1242490	+	GEGEGB_00951	1	persistent	2	0	0
HFCAGB_01224	contig_1	1242570	1243265	+	LNHIMF_02068	1	persistent	2	0	0
HFCAGB_01225	contig_1	1243339	1244769	+	LNHIMF_02067	1	persistent	2	0	0
HFCAGB_01226	contig_1	1244750	1245220	+	GEGEGB_00954	1	persistent	2	0	0
HFCAGB_01227	contig_1	1245209	1246129	-	GEGEGB_00955	1	persistent	2	0	0
HFCAGB_01228	contig_1	1246305	1247216	+	BEJGEH_01078	1	persistent	2	0	0
HFCAGB_01229	contig_1	1247293	1247478	+	GEGEGB_00958	1	persistent	2	0	0
HFCAGB_01230	contig_1	1247643	1249355	+	GEGEGB_00959	1	persistent	2	0	0
HFCAGB_01231	contig_1	1249334	1250170	-	GEGEGB_00960	1	persistent	2	0	0
HFCAGB_01233	contig_1	1250480	1250707	-	GEGEGB_00962	1	persistent	2	0	0
HFCAGB_01234	contig_1	1250836	1251030	+	GEGEGB_00963	1	persistent	2	0	0
HFCAGB_01235	contig_1	1251069	1251692	-	LNHIMF_02057	1	persistent	2	0	0
HFCAGB_01236	contig_1	1251974	1252768	-	LNHIMF_02056	1	persistent	2	0	0
HFCAGB_01237	contig_1	1252777	1253046	-	GEGEGB_00966	1	persistent	2	0	0
HFCAGB_01238	contig_1	1253056	1253793	-	GEGEGB_00967	1	persistent	2	0	0
HFCAGB_01239	contig_1	1253793	1254170	-	GEGEGB_00968	1	persistent	2	0	0
HFCAGB_01240	contig_1	1254170	1254583	-	LNHIMF_02052	1	persistent	2	0	0
HFCAGB_01241	contig_1	1254580	1255584	-	GEGEGB_00970	1	persistent	2	0	0
HFCAGB_01242	contig_1	1255589	1256056	-	LNHIMF_02050	1	persistent	2	0	0
HFCAGB_01243	contig_1	1256161	1257378	-	LNHIMF_02049	1	persistent	2	0	0
HFCAGB_01244	contig_1	1257375	1257818	-	GEGEGB_00973	1	persistent	2	0	0
HFCAGB_01245	contig_1	1257840	1259210	-	LNHIMF_02047	1	persistent	2	0	0
HFCAGB_01246	contig_1	1259210	1259917	-	GEGEGB_00975	1	persistent	2	0	0
HFCAGB_01247	contig_1	1259910	1260905	-	GEGEGB_00976	1	persistent	2	0	0
HFCAGB_01248	contig_1	1260898	1262571	-	LNHIMF_02044	1	persistent	2	0	0
HFCAGB_01249	contig_1	1262788	1263102	+	LNHIMF_02043	1	persistent	2	1	0
HFCAGB_01250	contig_1	1263222	1263575	-	BEJGEH_01100	1	shell	2	0	0
HFCAGB_01251	contig_1	1263873	1264106	-	GEGEGB_00980	1	persistent	2	1	0
HFCAGB_01252	contig_1	1264103	1265308	-	LNHIMF_02041	1	persistent	2	0	0
HFCAGB_01253	contig_1	1265494	1265907	+	AJBGEP_02065	1	persistent	2	0	0
HFCAGB_01254	contig_1	1265947	1267431	-	LNHIMF_02039	1	persistent	2	0	0
HFCAGB_01255	contig_1	1267503	1267871	-	GEGEGB_00984	1	persistent	2	0	0
HFCAGB_01256	contig_1	1267871	1268278	-	LNHIMF_02037	1	persistent	2	0	1
HFCAGB_01257	contig_1	1268293	1269699	-	HFCAGB_01257	1	cloud	1	0	1
HFCAGB_01258	contig_1	1269955	1271472	+	HFCAGB_01258	1	cloud	1	0	1
HFCAGB_01259	contig_1	1271551	1272756	+	LNHIMF_02034	1	persistent	1	3	2
HFCAGB_01260	contig_1	1272953	1273672	+	GEGEGB_00990	1	persistent	2	1	0
HFCAGB_01261	contig_1	1273731	1274282	+	GEGEGB_00991	1	persistent	2	0	0
HFCAGB_01262	contig_1	1274429	1275229	+	GEGEGB_00992	1	persistent	2	0	0
HFCAGB_01263	contig_1	1275383	1276369	+	LNHIMF_02030	1	persistent	2	0	0
HFCAGB_01264	contig_1	1276390	1277058	+	GEGEGB_00994	1	persistent	2	0	0
HFCAGB_01265	contig_1	1277055	1277807	+	GEGEGB_00995	1	persistent	2	0	0
HFCAGB_01266	contig_1	1278040	1278762	+	LNHIMF_02027	1	persistent	2	0	0
HFCAGB_01267	contig_1	1278829	1279053	-	GEGEGB_00997	1	persistent	2	1	0
HFCAGB_01268	contig_1	1279377	1279454	+	GEGEGB_00998	1	shell	2	0	0
HFCAGB_01269	contig_1	1279517	1280173	+	GEGEGB_00999	1	persistent	2	1	0
HFCAGB_01270	contig_1	1280170	1282002	+	GEGEGB_01000	1	persistent	2	0	0
HFCAGB_01271	contig_1	1282059	1282607	+	GEGEGB_01001	1	persistent	3	0	0
HFCAGB_01275	contig_1	1283859	1285292	+	LNHIMF_02017	1	persistent	4	0	0
HFCAGB_01276	contig_1	1285505	1285831	+	LNHIMF_02016	1	persistent	2	0	0
HFCAGB_01278	contig_1	1286070	1286735	+	LNHIMF_02014	1	persistent	3	0	0
HFCAGB_01279	contig_1	1286810	1288078	-	GEGEGB_01009	1	persistent	2	0	0
HFCAGB_01280	contig_1	1288248	1288487	+	GEGEGB_01010	1	persistent	2	0	0
HFCAGB_01281	contig_1	1288533	1289030	-	GEGEGB_01011	1	persistent	2	0	0
HFCAGB_01282	contig_1	1289270	1289605	-	GEGEGB_01012	1	persistent	3	0	0
HFCAGB_01283	contig_1	1289861	1290499	+	LNHIMF_02009	1	persistent	2	0	0
HFCAGB_01284	contig_1	1290678	1291181	-	GEGEGB_01013	1	persistent	3	0	0
HFCAGB_01285	contig_1	1291732	1292289	+	BEJGEH_01135	1	persistent	2	0	1
HFCAGB_01286	contig_1	1292823	1293725	+	BEJGEH_01136	1	persistent	2	0	1
HFCAGB_01287	contig_1	1293700	1295121	+	GEGEGB_01016	1	persistent	2	0	0
HFCAGB_01288	contig_1	1295139	1295567	-	LNHIMF_02004	1	persistent	2	0	0
HFCAGB_01289	contig_1	1296363	1296704	+	GEGEGB_01018	1	persistent	2	0	0
HFCAGB_01290	contig_1	1296707	1297285	+	LNHIMF_02002	1	persistent	2	0	0
HFCAGB_01291	contig_1	1297410	1298297	+	LNHIMF_02001	1	persistent	2	0	0
HFCAGB_01292	contig_1	1298294	1299223	+	LNHIMF_02000	1	persistent	2	0	0
HFCAGB_01293	contig_1	1299228	1301243	+	GEGEGB_01022	1	persistent	2	0	0
HFCAGB_01294	contig_1	1301264	1301767	+	LNHIMF_01998	1	persistent	2	0	0
HFCAGB_01295	contig_1	1302004	1303665	+	LNHIMF_01997	1	persistent	2	0	0
HFCAGB_01296	contig_1	1303826	1304692	+	LNHIMF_01996	1	persistent	2	0	0
HFCAGB_01297	contig_1	1304689	1305738	+	GEGEGB_01026	1	persistent	2	0	0
HFCAGB_01298	contig_1	1305756	1306145	+	GEGEGB_01027	1	persistent	2	0	0
HFCAGB_01299	contig_1	1306153	1306800	+	LNHIMF_01993	1	persistent	2	0	1
HFCAGB_01300	contig_1	1306994	1308145	+	GEGEGB_01029	1	persistent	2	0	1
HFCAGB_01301	contig_1	1308138	1310216	+	GEGEGB_01030	1	persistent	2	0	0
HFCAGB_01302	contig_1	1310216	1310608	+	GEGEGB_01031	1	persistent	2	0	0
HFCAGB_01303	contig_1	1310844	1311983	+	LNHIMF_01988	1	persistent	2	0	0
HFCAGB_01304	contig_1	1312037	1313908	-	LNHIMF_01987	1	persistent	2	0	0
HFCAGB_01305	contig_1	1314097	1315830	-	GEGEGB_01035	1	persistent	2	0	0
HFCAGB_01306	contig_1	1316067	1316636	+	LNHIMF_01985	1	persistent	2	0	0
HFCAGB_01307	contig_1	1316656	1317402	+	LNHIMF_01984	1	persistent	2	0	0
HFCAGB_01309	contig_1	1317638	1318609	-	GEGEGB_01039	1	persistent	2	0	0
HFCAGB_01310	contig_1	1318606	1319349	-	GEGEGB_01040	1	persistent	2	0	0
HFCAGB_01311	contig_1	1319390	1319785	-	GEGEGB_01041	1	persistent	2	0	0
HFCAGB_01312	contig_1	1319838	1320656	-	GEGEGB_01042	1	persistent	2	0	0
HFCAGB_01313	contig_1	1320653	1321219	-	GEGEGB_01043	1	persistent	2	0	0
HFCAGB_01314	contig_1	1321544	1323316	+	LNHIMF_01977	1	persistent	2	0	0
HFCAGB_01315	contig_1	1323419	1323871	+	GEGEGB_01045	1	persistent	2	0	0
HFCAGB_01316	contig_1	1323901	1324641	+	GEGEGB_01046	1	persistent	2	0	0
HFCAGB_01317	contig_1	1324678	1325199	+	GEGEGB_01047	1	persistent	2	0	1
HFCAGB_01318	contig_1	1325230	1326726	+	ONMMKP_00132	1	cloud	2	0	0
HFCAGB_01319	contig_1	1326826	1327422	-	LNHIMF_01973	1	persistent	2	1	3
HFCAGB_01320	contig_1	1327631	1328323	+	LNHIMF_01972	1	shell	2	0	1
HFCAGB_01321	contig_1	1328683	1329294	+	LNHIMF_01971	1	persistent	2	1	1
HFCAGB_01322	contig_1	1329303	1330313	+	GEGEGB_01051	1	persistent	2	0	1
HFCAGB_01323	contig_1	1330392	1331177	-	GEGEGB_01052	1	persistent	2	0	0
HFCAGB_01324	contig_1	1331174	1331929	-	LNHIMF_01968	1	persistent	2	0	0
HFCAGB_01325	contig_1	1331951	1332952	+	LNHIMF_01967	1	persistent	2	0	0
HFCAGB_01326	contig_1	1332968	1334287	+	LNHIMF_01966	1	persistent	2	0	1
HFCAGB_01327	contig_1	1334404	1335375	+	GEGEGB_01056	1	persistent	2	1	0
HFCAGB_01328	contig_1	1335448	1336890	-	GEGEGB_01057	1	persistent	2	1	0
HFCAGB_01329	contig_1	1337014	1337883	-	GEGEGB_01058	1	persistent	2	0	1
HFCAGB_01330	contig_1	1338225	1339700	+	LNHIMF_01962	1	persistent	2	0	0
HFCAGB_01331	contig_1	1339935	1341746	+	GEGEGB_01060	1	persistent	2	0	0
HFCAGB_01332	contig_1	1341784	1342425	+	LNHIMF_01960	1	persistent	2	0	0
HFCAGB_01333	contig_1	1342525	1343703	-	GEGEGB_01062	1	persistent	2	0	0
HFCAGB_01334	contig_1	1343834	1344124	+	GEGEGB_01063	1	persistent	2	0	0
HFCAGB_01335	contig_1	1344192	1344545	+	GEGEGB_01064	1	persistent	2	0	0
HFCAGB_01336	contig_1	1344639	1345298	+	LNHIMF_01956	1	persistent	2	0	0
HFCAGB_01337	contig_1	1345511	1347562	+	GEGEGB_01066	1	persistent	2	0	0
HFCAGB_01338	contig_1	1347599	1348297	-	GEGEGB_01067	1	persistent	2	0	0
HFCAGB_01339	contig_1	1348321	1348977	-	LNHIMF_01953	1	persistent	2	0	0
HFCAGB_01340	contig_1	1349085	1349315	-	GEGEGB_01069	1	persistent	2	0	0
HFCAGB_01341	contig_1	1349453	1349827	+	LNHIMF_01951	1	persistent	2	0	0
HFCAGB_01342	contig_1	1349828	1350703	+	LNHIMF_01950	1	persistent	2	0	0
HFCAGB_01343	contig_1	1350720	1351073	+	GEGEGB_01072	1	persistent	2	0	1
HFCAGB_01346	contig_1	1351456	1352535	-	PAPNPA_00762	2	persistent	1	1	8
HFCAGB_01347	contig_1	1352849	1353277	-	PAPNPA_00761	1	cloud	1	0	1
HFCAGB_01348	contig_1	1353376	1353561	-	PAPNPA_00760	1	cloud	0	0	3
HFCAGB_01349	contig_1	1353608	1354438	-	AJBGEP_01247	1	cloud	1	0	5
HFCAGB_01350	contig_1	1354431	1357121	-	AJBGEP_01248	2	cloud	1	2	4
HFCAGB_01351	contig_1	1357262	1357597	-	IKCLMC_00892	1	cloud	0	0	4
HFCAGB_01352	contig_1	1357673	1357879	-	HFCAGB_01352	1	cloud	0	0	2
HFCAGB_01353	contig_1	1357883	1358158	-	HFCAGB_01353	1	cloud	0	0	2
HFCAGB_01355	contig_1	1358770	1358877	-	HFCAGB_01355	1	cloud	0	0	2
HFCAGB_01356	contig_1	1359176	1359508	-	HFCAGB_01356	1	cloud	0	0	4
HFCAGB_01357	contig_1	1359673	1359927	+	HFCAGB_01357	1	cloud	0	0	3
HFCAGB_01358	contig_1	1359914	1360408	+	IKCLMC_00898	1	cloud	0	0	2
HFCAGB_01359	contig_1	1360455	1361453	+	HFCAGB_01359	1	cloud	0	0	3
HFCAGB_01360	contig_1	1361446	1361907	+	HFCAGB_01360	1	cloud	0	0	2
HFCAGB_01361	contig_1	1361920	1362315	+	HFCAGB_01361	1	cloud	0	0	4
HFCAGB_01362	contig_1	1362602	1363732	-	HFCAGB_01362	1	cloud	0	0	3
HFCAGB_01363	contig_1	1364129	1366108	+	HFCAGB_01363	1	cloud	0	0	3
HFCAGB_01364	contig_1	1366740	1367045	+	HFCAGB_01364	1	cloud	0	1	3
HFCAGB_01365	contig_1	1367109	1367708	+	AJBGEP_01264	1	cloud	0	1	3
HFCAGB_01366	contig_1	1367705	1367932	+	HFCAGB_01366	1	cloud	0	0	2
HFCAGB_01367	contig_1	1368062	1368709	+	HFCAGB_01367	1	cloud	0	0	2
HFCAGB_01368	contig_1	1368806	1369330	+	HFCAGB_01368	1	cloud	0	1	1
HFCAGB_01369	contig_1	1369704	1370153	-	GEGEGB_02010	1	shell	0	2	2
HFCAGB_01370	contig_1	1370370	1370507	+	HFCAGB_01370	1	shell	0	2	0
HFCAGB_01371	contig_1	1370514	1370987	-	AJBGEP_01023	1	shell	0	3	4
HFCAGB_01372	contig_1	1371470	1371805	+	HFCAGB_01372	1	shell	0	2	0
HFCAGB_01373	contig_1	1371789	1372241	+	HFCAGB_01373	1	shell	0	2	1
HFCAGB_01374	contig_1	1372238	1372738	+	BENMGJ_01252	1	cloud	0	2	3
HFCAGB_01375	contig_1	1372895	1373479	+	AJBGEP_01027	1	shell	0	1	1
HFCAGB_01376	contig_1	1373439	1375574	+	HFCAGB_01376	1	shell	0	4	1
HFCAGB_01377	contig_1	1375571	1375777	+	HFCAGB_01377	1	shell	0	1	1
HFCAGB_01378	contig_1	1375774	1377321	+	AJBGEP_01030	1	cloud	0	1	1
HFCAGB_01379	contig_1	1377272	1379326	+	BENMGJ_01257	1	cloud	0	0	2
HFCAGB_01380	contig_1	1379417	1379740	+	HFCAGB_01380	1	cloud	0	0	2
HFCAGB_01381	contig_1	1379766	1380032	+	HFCAGB_01381	1	cloud	0	0	2
HFCAGB_01382	contig_1	1380013	1380579	+	HFCAGB_01382	1	cloud	0	0	2
HFCAGB_01383	contig_1	1380576	1380977	+	HFCAGB_01383	1	cloud	0	0	2
HFCAGB_01384	contig_1	1380989	1381738	+	AJBGEP_01036	1	cloud	0	0	2
HFCAGB_01385	contig_1	1381784	1382182	+	HFCAGB_01385	1	cloud	0	1	1
HFCAGB_01386	contig_1	1382257	1382508	+	HFCAGB_01386	1	shell	0	1	1
HFCAGB_01387	contig_1	1382489	1385575	+	LNHIMF_00684	1	shell	0	4	0
HFCAGB_01388	contig_1	1385572	1385904	+	HFCAGB_01388	1	shell	0	1	1
HFCAGB_01389	contig_1	1386003	1386500	+	OEKLIE_01757	1	cloud	0	1	1
HFCAGB_01390	contig_1	1386617	1387150	-	HFCAGB_01390	1	cloud	0	0	2
HFCAGB_01391	contig_1	1387240	1387935	+	HFCAGB_01391	1	cloud	0	0	2
HFCAGB_01392	contig_1	1387945	1388676	+	AJBGEP_01044	1	cloud	0	0	2
HFCAGB_01393	contig_1	1388619	1389284	+	AJBGEP_01045	1	cloud	0	1	1
HFCAGB_01394	contig_1	1389356	1390456	+	AJBGEP_01046	3	shell	0	1	1
HFCAGB_01395	contig_1	1390482	1391849	+	AJBGEP_01046	3	shell	0	1	1
HFCAGB_01396	contig_1	1391992	1392708	+	AJBGEP_01046	3	shell	0	1	1
HFCAGB_01397	contig_1	1392747	1392989	+	LNHIMF_00690	1	shell	0	3	1
HFCAGB_01398	contig_1	1393043	1395460	+	AJBGEP_02772	1	shell	0	8	0
HFCAGB_01400	contig_1	1395460	1396029	+	AJBGEP_02770	2	shell	0	9	5
HFCAGB_01401	contig_1	1396231	1396953	-	GEGEGB_04549	1	shell	1	1	5
HFCAGB_01402	contig_1	1397433	1397714	-	PKJKAM_00230	1	cloud	1	1	1
HFCAGB_01403	contig_1	1399187	1400266	-	PAPNPA_00762	2	persistent	1	1	8
HFCAGB_01404	contig_1	1400263	1401210	-	AJBGEP_01248	2	cloud	1	2	4
HFCAGB_01405	contig_1	1401400	1401687	+	AJBGEP_01966	1	shell	0	2	2
HFCAGB_01406	contig_1	1401684	1402217	+	AJBGEP_01965	1	shell	0	2	5
HFCAGB_01407	contig_1	1402474	1402641	-	LNHIMF_01943	1	shell	0	2	2
HFCAGB_01408	contig_1	1402706	1402831	-	HFCAGB_01408	1	cloud	0	2	0
HFCAGB_01409	contig_1	1402952	1403215	+	IKCLMC_04289	1	shell	0	3	4
HFCAGB_01410	contig_1	1403370	1403795	+	AJBGEP_01962	1	shell	0	5	1
HFCAGB_01411	contig_1	1405821	1405943	+	BENMGJ_03766	1	shell	0	4	2
HFCAGB_01412	contig_1	1406392	1407006	-	LNHIMF_01935	1	shell	0	2	1
HFCAGB_01413	contig_1	1407016	1407174	-	GEGEGB_01081	1	shell	0	2	0
HFCAGB_01414	contig_1	1407307	1407972	-	AJBGEP_01956	1	shell	1	2	3
HFCAGB_01415	contig_1	1407959	1408222	-	HFCAGB_01415	1	cloud	1	2	0
HFCAGB_01416	contig_1	1410010	1410867	+	AJBGEP_01954	1	shell	1	3	4
HFCAGB_01417	contig_1	1410867	1411013	+	AJBGEP_01953	1	shell	1	1	0
HFCAGB_01418	contig_1	1412295	1412714	+	LNHIMF_01928	1	persistent	1	2	6
HFCAGB_01419	contig_1	1413087	1413563	-	LNHIMF_01927	1	persistent	2	0	2
HFCAGB_01420	contig_1	1413945	1414286	-	LNHIMF_01926	1	persistent	2	0	0
HFCAGB_01421	contig_1	1414970	1415692	+	BEJGEH_01210	1	persistent	2	0	0
HFCAGB_01422	contig_1	1415977	1416141	+	GEGEGB_01090	1	persistent	3	0	1
HFCAGB_01423	contig_1	1416114	1416347	+	HFCAGB_01423	1	persistent	2	0	0
HFCAGB_01424	contig_1	1416365	1417015	+	GEGEGB_01092	1	persistent	3	0	0
HFCAGB_01425	contig_1	1417034	1417225	-	GEGEGB_01093	1	persistent	2	0	1
HFCAGB_01426	contig_1	1417336	1417575	-	GEGEGB_01094	1	persistent	2	0	0
HFCAGB_01427	contig_1	1417690	1419231	-	LNHIMF_01920	1	persistent	2	0	0
HFCAGB_01428	contig_1	1419207	1421840	-	GEGEGB_01096	1	persistent	2	0	0
HFCAGB_01429	contig_1	1421809	1423092	-	LNHIMF_01918	1	persistent	2	0	0
HFCAGB_01430	contig_1	1423149	1423718	+	LNHIMF_01917	1	persistent	2	0	0
HFCAGB_01431	contig_1	1423816	1424502	+	GEGEGB_01099	1	persistent	2	0	0
HFCAGB_01432	contig_1	1424522	1426570	+	GEGEGB_01100	1	persistent	2	0	0
HFCAGB_01433	contig_1	1426763	1427644	+	GEGEGB_01101	1	persistent	2	0	0
HFCAGB_01434	contig_1	1427692	1429065	-	BEJGEH_01222	1	persistent	2	1	0
HFCAGB_01435	contig_1	1429130	1429237	+	BEJGEH_01223	1	shell	2	0	0
HFCAGB_01436	contig_1	1429241	1430032	+	LNHIMF_01912	1	persistent	2	1	0
HFCAGB_01437	contig_1	1430244	1430483	-	GEGEGB_01105	1	persistent	2	0	0
HFCAGB_01438	contig_1	1430641	1430784	+	GEGEGB_01106	1	persistent	2	0	0
HFCAGB_01439	contig_1	1430855	1431142	+	GEGEGB_01107	1	persistent	2	0	0
HFCAGB_01440	contig_1	1431947	1432156	+	GEGEGB_01108	2	persistent	4	0	0
HFCAGB_01441	contig_1	1432376	1434121	+	GEGEGB_01109	1	persistent	2	0	0
HFCAGB_01442	contig_1	1434187	1434996	+	LNHIMF_01906	1	persistent	2	0	0
HFCAGB_01443	contig_1	1434993	1435559	-	GEGEGB_01111	1	persistent	2	0	0
HFCAGB_01444	contig_1	1435969	1436427	-	GEGEGB_01112	1	persistent	2	0	0
HFCAGB_01445	contig_1	1436486	1437337	-	GEGEGB_01113	1	persistent	2	0	0
HFCAGB_01446	contig_1	1437350	1438150	-	GEGEGB_01114	1	persistent	2	0	0
HFCAGB_01447	contig_1	1438203	1439171	-	GEGEGB_01115	1	persistent	2	0	0
HFCAGB_01448	contig_1	1439644	1441203	+	LNHIMF_01900	1	persistent	2	0	0
HFCAGB_01449	contig_1	1441225	1442826	-	LNHIMF_01899	1	persistent	2	0	0
HFCAGB_01450	contig_1	1442964	1444328	-	GEGEGB_01118	1	persistent	2	0	0
HFCAGB_01451	contig_1	1444592	1445170	-	LNHIMF_01897	1	persistent	2	0	0
HFCAGB_01452	contig_1	1445174	1446538	-	GEGEGB_01120	1	persistent	2	0	0
HFCAGB_01453	contig_1	1446619	1446798	+	GEGEGB_01121	1	persistent	2	0	0
HFCAGB_01454	contig_1	1446804	1447148	-	LNHIMF_01894	1	persistent	2	0	0
HFCAGB_01455	contig_1	1447279	1449189	+	GEGEGB_01123	1	persistent	2	0	0
HFCAGB_01456	contig_1	1449247	1449942	+	GEGEGB_01124	1	persistent	2	0	0
HFCAGB_01457	contig_1	1450014	1450595	+	GEGEGB_01125	1	persistent	2	0	0
HFCAGB_01458	contig_1	1450734	1452485	+	GEGEGB_01126	1	persistent	2	1	0
HFCAGB_01460	contig_1	1452570	1453685	+	GEGEGB_01128	1	persistent	2	1	0
HFCAGB_01461	contig_1	1453807	1454073	-	GEGEGB_01129	1	persistent	2	0	0
HFCAGB_01462	contig_1	1454077	1454889	-	LNHIMF_01886	1	persistent	2	0	0
HFCAGB_01463	contig_1	1454913	1455620	-	GEGEGB_01131	1	persistent	2	0	0
HFCAGB_01464	contig_1	1455746	1456039	+	LNHIMF_01884	1	persistent	2	0	0
HFCAGB_01465	contig_1	1456089	1456748	+	GEGEGB_01133	1	persistent	2	0	0
HFCAGB_01466	contig_1	1456841	1457287	+	LNHIMF_01882	1	persistent	2	0	0
HFCAGB_01467	contig_1	1457639	1457776	+	GEGEGB_01135	1	persistent	2	0	0
HFCAGB_01468	contig_1	1457968	1458141	+	GEGEGB_01136	1	persistent	2	0	0
HFCAGB_01469	contig_1	1458213	1458554	-	GEGEGB_01137	1	persistent	2	0	0
HFCAGB_01470	contig_1	1458663	1459193	-	GEGEGB_01138	1	persistent	2	0	0
HFCAGB_01471	contig_1	1459335	1460879	-	GEGEGB_01139	1	persistent	2	0	0
HFCAGB_01472	contig_1	1461099	1461818	+	LNHIMF_01876	1	persistent	2	0	0
HFCAGB_01473	contig_1	1461865	1463397	-	GEGEGB_01141	1	persistent	2	0	0
HFCAGB_01474	contig_1	1463720	1465018	+	LNHIMF_01874	1	persistent	2	0	0
HFCAGB_01475	contig_1	1465032	1466102	+	LNHIMF_01873	1	persistent	2	0	0
HFCAGB_01476	contig_1	1466165	1467898	-	GEGEGB_01144	1	persistent	2	0	0
HFCAGB_01477	contig_1	1467995	1468909	-	GEGEGB_01145	1	persistent	2	0	0
HFCAGB_01478	contig_1	1469080	1469691	+	GEGEGB_01146	1	persistent	2	0	0
HFCAGB_01479	contig_1	1469705	1470439	-	LNHIMF_01869	1	persistent	2	0	0
HFCAGB_01480	contig_1	1470608	1470862	+	GEGEGB_01148	1	persistent	2	0	0
HFCAGB_01481	contig_1	1470925	1472637	-	LNHIMF_01867	1	persistent	2	0	0
HFCAGB_01482	contig_1	1472851	1474125	-	LNHIMF_01866	1	persistent	2	0	0
HFCAGB_01483	contig_1	1474520	1474609	-	GEGEGB_01153	1	persistent	2	0	0
HFCAGB_01484	contig_1	1474622	1475758	-	LNHIMF_01864	1	persistent	2	0	0
HFCAGB_01485	contig_1	1475770	1477314	-	LNHIMF_01863	1	persistent	2	0	0
HFCAGB_01486	contig_1	1477389	1478237	-	GEGEGB_01156	1	persistent	2	0	0
HFCAGB_01487	contig_1	1478234	1478689	-	GEGEGB_01157	1	persistent	2	0	0
HFCAGB_01488	contig_1	1478628	1479224	-	GEGEGB_01158	1	persistent	2	0	0
HFCAGB_01489	contig_1	1479221	1479952	-	LNHIMF_01859	1	persistent	2	0	0
HFCAGB_01490	contig_1	1479971	1481764	-	GEGEGB_01160	1	persistent	2	0	0
HFCAGB_01491	contig_1	1481761	1482879	-	LNHIMF_01857	1	persistent	2	0	1
HFCAGB_01492	contig_1	1483794	1484246	-	BEJGEH_01281	1	cloud	2	0	1
HFCAGB_01493	contig_1	1484285	1484905	-	BEJGEH_01282	1	cloud	1	0	1
HFCAGB_01494	contig_1	1485664	1486755	-	GEGEGB_01164	1	persistent	2	0	2
HFCAGB_01495	contig_1	1486872	1487456	-	GEGEGB_01165	1	persistent	2	0	0
HFCAGB_01496	contig_1	1487732	1488010	+	LNHIMF_01852	1	persistent	2	0	0
HFCAGB_01497	contig_1	1488055	1489713	-	GEGEGB_01167	1	persistent	2	0	0
HFCAGB_01498	contig_1	1489865	1490812	-	GEGEGB_01168	1	persistent	2	0	0
HFCAGB_01499	contig_1	1491078	1491929	-	GEGEGB_01169	1	persistent	2	0	0
HFCAGB_01500	contig_1	1491926	1492549	-	LNHIMF_01848	1	persistent	2	0	0
HFCAGB_01501	contig_1	1492863	1494119	+	GEGEGB_01171	1	persistent	2	0	0
HFCAGB_01502	contig_1	1494160	1495242	+	GEGEGB_01172	1	persistent	2	0	0
HFCAGB_01503	contig_1	1495242	1496075	+	LNHIMF_01845	1	persistent	2	0	0
HFCAGB_01504	contig_1	1496072	1496461	+	GEGEGB_01174	1	persistent	2	0	0
HFCAGB_01505	contig_1	1496465	1497274	+	GEGEGB_01175	1	persistent	2	0	0
HFCAGB_01506	contig_1	1497312	1498166	+	GEGEGB_01176	1	persistent	2	1	0
HFCAGB_01507	contig_1	1498220	1499320	-	LNHIMF_01841	1	persistent	2	1	0
HFCAGB_01508	contig_1	1499588	1499818	+	GEGEGB_01777	1	persistent	2	0	0
HFCAGB_01509	contig_1	1499898	1500251	-	GEGEGB_01776	1	persistent	2	0	0
HFCAGB_01510	contig_1	1500428	1501852	+	PAPNPA_00575	1	persistent	2	0	0
HFCAGB_01511	contig_1	1501853	1502503	-	LNHIMF_01837	1	persistent	2	0	0
HFCAGB_01512	contig_1	1502496	1504292	-	LNHIMF_01836	1	persistent	2	0	0
HFCAGB_01513	contig_1	1504633	1506030	+	GEGEGB_01772	1	persistent	2	0	0
HFCAGB_01514	contig_1	1506418	1510161	+	GEGEGB_01771	1	persistent	2	0	0
HFCAGB_01515	contig_1	1510158	1511696	+	GEGEGB_01575	2	persistent	4	0	0
HFCAGB_01516	contig_1	1511693	1512403	+	LNHIMF_01832	1	persistent	2	0	0
HFCAGB_01517	contig_1	1512403	1513080	+	LNHIMF_01831	1	persistent	3	0	1
HFCAGB_01518	contig_1	1513322	1514851	+	BEJGEH_01307	1	persistent	2	0	0
HFCAGB_01521	contig_1	1516198	1517040	-	GEGEGB_01765	1	persistent	3	0	1
HFCAGB_01522	contig_1	1517091	1517549	-	BEJGEH_01311	1	persistent	2	0	0
HFCAGB_01523	contig_1	1517669	1518565	+	LNHIMF_01825	1	persistent	2	0	0
HFCAGB_01524	contig_1	1518656	1519669	+	GEGEGB_01762	1	persistent	2	0	0
HFCAGB_01525	contig_1	1519872	1520780	+	GEGEGB_01761	1	persistent	2	0	0
HFCAGB_01526	contig_1	1520912	1521325	-	GEGEGB_01760	1	persistent	2	0	0
HFCAGB_01527	contig_1	1521988	1522605	+	GEGEGB_01759	1	persistent	2	0	0
HFCAGB_01528	contig_1	1522802	1525480	-	GEGEGB_01758	1	persistent	3	0	1
HFCAGB_01529	contig_1	1525957	1526604	+	GEGEGB_01757	1	persistent	2	0	0
HFCAGB_01530	contig_1	1527368	1528999	+	BEJGEH_01319	1	persistent	2	0	0
HFCAGB_01531	contig_1	1529121	1530041	+	BEJGEH_01320	1	persistent	2	0	0
HFCAGB_01532	contig_1	1530056	1530964	+	LNHIMF_01816	1	persistent	2	0	0
HFCAGB_01533	contig_1	1530976	1531983	+	LNHIMF_01815	1	persistent	2	0	0
HFCAGB_01534	contig_1	1531980	1532984	+	GEGEGB_01751	1	persistent	2	0	0
HFCAGB_01535	contig_1	1533032	1533868	+	LNHIMF_01813	1	persistent	2	0	0
HFCAGB_01536	contig_1	1533916	1534245	-	GEGEGB_01749	1	persistent	2	0	0
HFCAGB_01537	contig_1	1534279	1535739	-	GEGEGB_01748	1	persistent	2	0	0
HFCAGB_01538	contig_1	1535882	1536055	+	GEGEGB_01747	1	persistent	2	0	0
HFCAGB_01539	contig_1	1536099	1536395	-	GEGEGB_01746	1	persistent	2	0	0
HFCAGB_01540	contig_1	1536619	1537347	+	LNHIMF_01808	1	persistent	2	0	0
HFCAGB_01541	contig_1	1537407	1537808	-	GEGEGB_01744	1	persistent	2	0	0
HFCAGB_01542	contig_1	1537969	1538508	-	GEGEGB_01743	1	persistent	2	0	0
HFCAGB_01543	contig_1	1538565	1539308	-	GEGEGB_01742	1	persistent	3	0	0
HFCAGB_01544	contig_1	1539334	1539738	-	GEGEGB_01741	1	persistent	2	0	0
HFCAGB_01545	contig_1	1540076	1540714	+	GEGEGB_01740	1	persistent	3	0	0
HFCAGB_01546	contig_1	1540796	1541674	-	LNHIMF_01802	1	persistent	2	0	0
HFCAGB_01547	contig_1	1541694	1542200	-	GEGEGB_01738	1	persistent	2	0	0
HFCAGB_01548	contig_1	1542274	1542777	-	GEGEGB_01737	1	persistent	2	0	0
HFCAGB_01549	contig_1	1542867	1543049	-	GEGEGB_01513	3	persistent	6	0	0
HFCAGB_01550	contig_1	1543529	1544335	-	GEGEGB_01735	1	persistent	2	0	0
HFCAGB_01551	contig_1	1544335	1545528	-	GEGEGB_01734	1	persistent	2	0	0
HFCAGB_01552	contig_1	1545538	1546896	-	GEGEGB_01733	1	persistent	2	0	0
HFCAGB_01553	contig_1	1546900	1548495	-	GEGEGB_01732	1	persistent	2	0	0
HFCAGB_01554	contig_1	1548495	1550057	-	LNHIMF_01794	1	persistent	2	0	0
HFCAGB_01555	contig_1	1550152	1550214	-	GEGEGB_01730	1	persistent	2	0	0
HFCAGB_01556	contig_1	1550330	1551199	+	GEGEGB_01729	1	persistent	2	0	0
HFCAGB_01557	contig_1	1551207	1551827	+	GEGEGB_01728	1	persistent	2	0	0
HFCAGB_01558	contig_1	1551928	1552803	+	GEGEGB_01727	1	persistent	2	0	0
HFCAGB_01559	contig_1	1552890	1553480	-	LNHIMF_01789	1	persistent	2	0	0
HFCAGB_01560	contig_1	1553477	1554238	-	GEGEGB_01725	1	persistent	2	0	0
HFCAGB_01561	contig_1	1554482	1555522	+	LNHIMF_01787	1	persistent	2	0	0
HFCAGB_01562	contig_1	1555564	1555815	-	GEGEGB_01723	1	persistent	2	0	0
HFCAGB_01563	contig_1	1556218	1558815	+	GEGEGB_01722	1	persistent	2	0	0
HFCAGB_01565	contig_1	1559226	1560200	+	GEGEGB_01720	1	persistent	2	0	0
HFCAGB_01566	contig_1	1560493	1560621	+	GEGEGB_01719	1	persistent	2	0	0
HFCAGB_01568	contig_1	1561177	1563852	+	LNHIMF_01780	1	persistent	2	0	0
HFCAGB_01569	contig_1	1563908	1564498	-	GEGEGB_01716	1	persistent	2	0	0
HFCAGB_01570	contig_1	1564694	1565458	+	GEGEGB_01715	1	persistent	2	0	0
HFCAGB_01571	contig_1	1565608	1565916	+	GEGEGB_01714	1	persistent	2	0	0
HFCAGB_01572	contig_1	1565923	1567092	+	GEGEGB_01713	1	persistent	2	0	0
HFCAGB_01573	contig_1	1567283	1568020	+	GEGEGB_01712	1	persistent	2	0	0
HFCAGB_01574	contig_1	1568020	1568346	+	GEGEGB_01711	1	persistent	2	0	0
HFCAGB_01575	contig_1	1568466	1568684	-	LNHIMF_01773	1	persistent	2	0	0
HFCAGB_01576	contig_1	1568943	1569665	-	GEGEGB_01709	1	persistent	2	0	0
HFCAGB_01577	contig_1	1569782	1569961	-	GEGEGB_01708	1	persistent	2	0	0
HFCAGB_01578	contig_1	1570083	1572065	-	LNHIMF_01770	1	persistent	2	0	0
HFCAGB_01579	contig_1	1572327	1574261	-	LNHIMF_01769	1	persistent	2	0	0
HFCAGB_01580	contig_1	1574350	1575483	-	BEJGEH_01368	1	persistent	2	0	0
HFCAGB_01581	contig_1	1575683	1576471	-	GEGEGB_01704	1	persistent	2	0	0
HFCAGB_01582	contig_1	1577076	1578449	+	HFCAGB_01582	1	persistent	2	0	0
HFCAGB_01583	contig_1	1578916	1579623	+	LNHIMF_01765	1	persistent	2	0	0
HFCAGB_01584	contig_1	1579639	1580445	-	LNHIMF_01764	1	persistent	2	0	0
HFCAGB_01585	contig_1	1580447	1581439	-	GEGEGB_01700	1	persistent	2	0	0
HFCAGB_01586	contig_1	1581439	1582329	-	GEGEGB_01699	1	persistent	2	0	2
HFCAGB_01587	contig_1	1582316	1583281	-	GEGEGB_01694	1	persistent	2	0	1
HFCAGB_01588	contig_1	1583278	1584927	-	LNHIMF_01756	1	persistent	2	0	0
HFCAGB_01589	contig_1	1585039	1586019	-	LNHIMF_01755	1	persistent	2	0	0
HFCAGB_01590	contig_1	1586190	1586858	+	GEGEGB_01691	1	persistent	2	0	0
HFCAGB_01591	contig_1	1586918	1587142	+	GEGEGB_01690	1	persistent	2	0	0
HFCAGB_01592	contig_1	1587142	1587501	+	LNHIMF_01752	1	persistent	2	0	1
HFCAGB_01593	contig_1	1587524	1587742	+	GEGEGB_01688	1	persistent	2	0	0
HFCAGB_01594	contig_1	1587818	1588132	+	GEGEGB_01687	1	persistent	2	0	1
HFCAGB_01595	contig_1	1588281	1589678	+	GEGEGB_01686	1	persistent	2	0	0
HFCAGB_01596	contig_1	1589675	1590736	+	LNHIMF_01748	1	persistent	2	0	0
HFCAGB_01597	contig_1	1590884	1592425	+	GEGEGB_01684	1	persistent	2	1	0
HFCAGB_01598	contig_1	1592515	1593021	-	LNHIMF_01746	1	persistent	2	1	1
HFCAGB_01599	contig_1	1593137	1594102	+	LNHIMF_01745	1	persistent	2	0	0
HFCAGB_01600	contig_1	1594077	1594805	-	GEGEGB_01678	1	persistent	2	0	0
HFCAGB_01601	contig_1	1594995	1596608	+	BEJGEH_01389	1	persistent	2	0	0
HFCAGB_01602	contig_1	1596705	1597634	-	LNHIMF_01742	1	persistent	2	0	0
HFCAGB_01603	contig_1	1597753	1598658	+	LNHIMF_01741	1	persistent	2	0	0
HFCAGB_01604	contig_1	1598967	1599803	+	ALJMDI_03500	1	persistent	2	0	0
HFCAGB_01605	contig_1	1599894	1600607	-	GEGEGB_01673	1	persistent	2	0	0
HFCAGB_01606	contig_1	1600685	1601275	+	GEGEGB_01672	1	persistent	2	0	0
HFCAGB_01607	contig_1	1601404	1601640	+	GEGEGB_01671	1	persistent	2	0	0
HFCAGB_01608	contig_1	1601854	1602909	-	BEJGEH_01396	1	persistent	2	0	0
HFCAGB_01609	contig_1	1603355	1604206	-	LNHIMF_01735	1	persistent	2	0	0
HFCAGB_01610	contig_1	1604593	1605351	+	LNHIMF_01734	1	persistent	2	0	0
HFCAGB_01611	contig_1	1605426	1607408	+	LNHIMF_01733	1	persistent	2	0	2
HFCAGB_01612	contig_1	1607435	1608259	+	BEJGEH_01400	1	persistent	2	0	0
HFCAGB_01613	contig_1	1608397	1608915	+	LNHIMF_01731	1	persistent	3	0	2
HFCAGB_01614	contig_1	1609022	1609360	-	GEGEGB_01664	1	persistent	2	0	0
HFCAGB_01615	contig_1	1609388	1610074	-	LNHIMF_01729	1	persistent	3	0	0
HFCAGB_01616	contig_1	1610118	1610720	+	GEGEGB_01662	1	persistent	2	0	0
HFCAGB_01617	contig_1	1610806	1611837	-	GEGEGB_01661	1	persistent	2	0	0
HFCAGB_01618	contig_1	1612076	1612330	+	GEGEGB_01660	1	persistent	2	0	0
HFCAGB_01619	contig_1	1612385	1613332	-	LNHIMF_01725	1	persistent	2	0	0
HFCAGB_01620	contig_1	1613483	1614235	-	LNHIMF_01724	1	persistent	2	0	0
HFCAGB_01621	contig_1	1614431	1614946	-	GEGEGB_01657	1	persistent	2	0	0
HFCAGB_01622	contig_1	1615204	1615767	+	LNHIMF_01722	1	persistent	2	0	0
HFCAGB_01623	contig_1	1616178	1617332	+	LNHIMF_01721	1	persistent	2	0	0
HFCAGB_01624	contig_1	1617478	1618461	+	LNHIMF_01720	1	persistent	2	0	0
HFCAGB_01626	contig_1	1618946	1620319	+	HFCAGB_01626	1	persistent	2	0	0
HFCAGB_01627	contig_1	1620363	1621298	-	GEGEGB_01650	1	persistent	2	0	2
HFCAGB_01628	contig_1	1621654	1621992	+	GEGEGB_01648	1	persistent	2	0	2
HFCAGB_01629	contig_1	1622042	1622476	-	GEGEGB_01647	1	persistent	2	0	1
HFCAGB_01631	contig_1	1622958	1626482	-	GEGEGB_01642	1	persistent	2	1	0
HFCAGB_01632	contig_1	1626758	1627024	+	GEGEGB_01641	1	persistent	2	0	0
HFCAGB_01633	contig_1	1627068	1627478	-	GEGEGB_01640	1	persistent	2	0	0
HFCAGB_01634	contig_1	1627589	1628578	-	GEGEGB_01639	1	persistent	2	0	0
HFCAGB_01635	contig_1	1628818	1631454	+	BEJGEH_01424	1	persistent	2	0	0
HFCAGB_01636	contig_1	1631454	1631645	+	GEGEGB_01636	1	persistent	2	0	0
HFCAGB_01637	contig_1	1631653	1631976	+	LNHIMF_01706	1	persistent	2	0	0
HFCAGB_01638	contig_1	1632119	1632568	+	GEGEGB_01634	1	persistent	2	0	0
HFCAGB_01639	contig_1	1632565	1633170	-	GEGEGB_01633	1	persistent	2	0	0
HFCAGB_01640	contig_1	1633353	1637273	+	LNHIMF_01703	1	persistent	2	0	0
HFCAGB_01641	contig_1	1637337	1638137	+	GEGEGB_01631	1	persistent	2	0	0
HFCAGB_01642	contig_1	1638254	1638784	+	LNHIMF_01701	1	persistent	2	0	0
HFCAGB_01644	contig_1	1639055	1639717	-	GEGEGB_01627	1	persistent	2	0	0
HFCAGB_01645	contig_1	1640085	1640180	+	GEGEGB_01626	1	persistent	2	0	0
HFCAGB_01646	contig_1	1640181	1641731	-	LNHIMF_01697	1	persistent	2	0	0
HFCAGB_01647	contig_1	1641868	1642548	-	GEGEGB_01624	1	persistent	2	0	0
HFCAGB_01648	contig_1	1642545	1643276	-	LNHIMF_01695	1	persistent	2	0	0
HFCAGB_01649	contig_1	1643301	1643933	-	ALJMDI_03455	1	persistent	2	0	0
HFCAGB_01650	contig_1	1643955	1644479	-	GEGEGB_01621	2	persistent	2	0	0
HFCAGB_01651	contig_1	1644486	1644716	-	GEGEGB_01621	2	persistent	2	0	0
HFCAGB_01652	contig_1	1645623	1645967	+	LNHIMF_01692	1	persistent	3	0	0
HFCAGB_01653	contig_1	1646088	1647314	-	LNHIMF_01691	1	persistent	2	0	0
HFCAGB_01654	contig_1	1647740	1648156	+	LNHIMF_01690	2	persistent	3	0	0
HFCAGB_01655	contig_1	1648156	1648455	+	LNHIMF_01690	2	persistent	3	0	0
HFCAGB_01656	contig_1	1648620	1648745	+	BEJGEH_01443	1	persistent	2	0	0
HFCAGB_01657	contig_1	1649508	1649783	+	LNHIMF_01689	1	persistent	3	0	0
HFCAGB_01658	contig_1	1649815	1650933	+	LNHIMF_01688	1	persistent	2	0	0
HFCAGB_01659	contig_1	1651102	1652727	+	LNHIMF_01687	1	persistent	2	0	0
HFCAGB_01660	contig_1	1652788	1653711	-	LNHIMF_01686	1	persistent	2	0	0
HFCAGB_01661	contig_1	1654004	1655347	+	LNHIMF_01685	1	persistent	3	0	0
HFCAGB_01662	contig_1	1655396	1656904	+	LNHIMF_01684	1	persistent	2	0	0
HFCAGB_01663	contig_1	1657160	1658779	+	GEGEGB_01617	1	persistent	2	0	0
HFCAGB_01664	contig_1	1658984	1659550	+	LNHIMF_01682	1	persistent	2	0	1
HFCAGB_01665	contig_1	1659559	1660698	+	HFCAGB_01665	1	persistent	2	0	0
HFCAGB_01666	contig_1	1660745	1661182	-	BEJGEH_01457	1	persistent	2	0	1
HFCAGB_01667	contig_1	1661182	1661973	-	GEGEGB_01613	1	persistent	2	0	0
HFCAGB_01668	contig_1	1661989	1662621	-	GEGEGB_01612	1	persistent	2	0	0
HFCAGB_01669	contig_1	1662633	1663070	-	GEGEGB_01611	1	persistent	2	0	0
HFCAGB_01670	contig_1	1663202	1664008	-	LNHIMF_01676	1	persistent	2	0	0
HFCAGB_01671	contig_1	1664022	1665335	-	GEGEGB_01609	1	persistent	2	0	0
HFCAGB_01672	contig_1	1665346	1665627	-	GEGEGB_01608	1	persistent	2	0	0
HFCAGB_01673	contig_1	1665624	1666742	-	LNHIMF_01673	1	persistent	2	0	0
HFCAGB_01674	contig_1	1666959	1667498	+	GEGEGB_01606	1	persistent	2	0	0
HFCAGB_01675	contig_1	1667495	1668475	-	LNHIMF_01671	1	persistent	2	0	0
HFCAGB_01676	contig_1	1668582	1669595	+	LNHIMF_01670	1	persistent	2	0	0
HFCAGB_01677	contig_1	1669582	1670178	+	LNHIMF_01669	1	persistent	2	0	0
HFCAGB_01678	contig_1	1670334	1671002	+	LNHIMF_01668	1	persistent	2	0	0
HFCAGB_01679	contig_1	1671056	1672234	-	LNHIMF_01667	1	persistent	2	0	0
HFCAGB_01680	contig_1	1672326	1672862	+	GEGEGB_01600	1	persistent	2	0	0
HFCAGB_01681	contig_1	1672941	1674905	+	LNHIMF_01665	1	persistent	2	0	0
HFCAGB_01682	contig_1	1674906	1675136	-	GEGEGB_01598	1	persistent	1	1	1
HFCAGB_01683	contig_1	1675410	1676030	-	GEGEGB_01597	1	shell	1	1	0
HFCAGB_01684	contig_1	1676027	1676200	-	GEGEGB_01596	1	shell	1	1	0
HFCAGB_01685	contig_1	1676889	1677287	+	GEGEGB_01595	1	persistent	1	1	2
HFCAGB_01686	contig_1	1677809	1678579	+	LNHIMF_01661	1	persistent	2	0	0
HFCAGB_01687	contig_1	1678715	1680139	+	LNHIMF_01660	1	persistent	2	0	0
HFCAGB_01688	contig_1	1680275	1681699	+	LNHIMF_01659	1	persistent	3	0	0
HFCAGB_01689	contig_1	1682098	1682271	+	BEJGEH_01479	1	persistent	2	0	0
HFCAGB_01690	contig_1	1682316	1684460	-	LNHIMF_01657	1	persistent	3	0	0
HFCAGB_01691	contig_1	1684457	1687438	-	GEGEGB_01590	1	persistent	2	0	0
HFCAGB_01692	contig_1	1687443	1688771	-	HFCAGB_01692	1	persistent	2	0	0
HFCAGB_01693	contig_1	1688995	1689228	+	LNHIMF_01654	1	persistent	2	0	0
HFCAGB_01694	contig_1	1689233	1689682	-	GEGEGB_01587	1	persistent	2	0	0
HFCAGB_01695	contig_1	1689682	1690197	-	LNHIMF_01652	1	persistent	2	0	0
HFCAGB_01696	contig_1	1690409	1691446	+	LNHIMF_01651	1	persistent	2	0	0
HFCAGB_01697	contig_1	1691780	1692445	+	GEGEGB_01584	1	persistent	2	0	0
HFCAGB_01698	contig_1	1692501	1694666	-	LNHIMF_01649	1	persistent	2	0	0
HFCAGB_01699	contig_1	1694885	1695946	+	GEGEGB_01582	1	persistent	2	0	0
HFCAGB_01700	contig_1	1696091	1696312	+	GEGEGB_01581	1	persistent	2	0	0
HFCAGB_01701	contig_1	1696389	1697882	-	GEGEGB_01580	1	persistent	2	0	0
HFCAGB_01702	contig_1	1698395	1699027	+	LNHIMF_01645	1	persistent	2	0	0
HFCAGB_01703	contig_1	1699310	1700155	+	LNHIMF_01644	1	persistent	2	0	0
HFCAGB_01704	contig_1	1700191	1701084	-	GEGEGB_01577	1	persistent	3	0	0
HFCAGB_01705	contig_1	1701190	1701870	-	LNHIMF_01642	1	persistent	2	0	0
HFCAGB_01706	contig_1	1701867	1702562	-	BEJGEH_01496	1	persistent	3	0	0
HFCAGB_01707	contig_1	1702562	1704106	-	GEGEGB_01575	2	persistent	4	0	0
HFCAGB_01708	contig_1	1704103	1707843	-	BEJGEH_01498	1	persistent	2	0	0
HFCAGB_01709	contig_1	1707935	1709323	-	LNHIMF_01638	1	persistent	2	0	0
HFCAGB_01710	contig_1	1709538	1710116	-	AJBGEP_01662	1	persistent	2	0	0
HFCAGB_01711	contig_1	1710234	1711721	+	LNHIMF_01636	1	persistent	2	0	0
HFCAGB_01712	contig_1	1711746	1712186	-	LNHIMF_01635	1	persistent	3	0	0
HFCAGB_01713	contig_1	1712270	1713358	-	BEJGEH_01503	1	persistent	2	0	1
HFCAGB_01714	contig_1	1713881	1714762	-	BEJGEH_01507	1	persistent	2	0	1
HFCAGB_01715	contig_1	1715040	1718087	+	LNHIMF_01632	1	persistent	4	0	0
HFCAGB_01716	contig_1	1718101	1718985	+	LNHIMF_01631	1	persistent	2	0	0
HFCAGB_01717	contig_1	1718978	1719634	+	LNHIMF_01630	1	persistent	2	0	0
HFCAGB_01718	contig_1	1719725	1720735	-	GEGEGB_01568	1	persistent	3	0	0
HFCAGB_01719	contig_1	1721017	1722714	-	GEGEGB_01567	1	persistent	2	0	0
HFCAGB_01720	contig_1	1722891	1723034	-	GEGEGB_01566	1	persistent	2	0	0
HFCAGB_01721	contig_1	1723129	1723344	-	GEGEGB_01565	1	persistent	2	0	0
HFCAGB_01722	contig_1	1723857	1724288	+	GEGEGB_01564	1	persistent	2	0	1
HFCAGB_01723	contig_1	1724638	1724967	+	GEGEGB_01561	1	persistent	2	0	1
HFCAGB_01724	contig_1	1725110	1725895	+	LNHIMF_01621	1	persistent	2	0	0
HFCAGB_01725	contig_1	1726024	1727808	+	LNHIMF_01620	1	persistent	2	0	0
HFCAGB_01726	contig_1	1727805	1730333	+	LNHIMF_01619	1	persistent	2	0	0
HFCAGB_01727	contig_1	1730390	1732465	+	HFCAGB_01727	1	persistent	2	0	0
HFCAGB_01728	contig_1	1732578	1733780	-	PAPNPA_03909	1	persistent	2	0	0
HFCAGB_01729	contig_1	1733793	1735244	-	LNHIMF_01616	1	persistent	2	1	0
HFCAGB_01730	contig_1	1735388	1736368	-	LNHIMF_01615	1	persistent	1	1	3
HFCAGB_01731	contig_1	1736626	1736907	+	HFCAGB_01731	1	cloud	2	0	0
HFCAGB_01733	contig_1	1737984	1739474	+	BEJGEH_01540	1	persistent	2	0	1
HFCAGB_01734	contig_1	1739651	1740937	+	LNHIMF_01598	1	persistent	2	0	0
HFCAGB_01735	contig_1	1740912	1741937	+	GEGEGB_01544	1	persistent	2	0	0
HFCAGB_01736	contig_1	1741996	1742667	-	GEGEGB_01543	1	persistent	2	0	0
HFCAGB_01737	contig_1	1742833	1743921	-	GEGEGB_01542	1	persistent	2	0	1
HFCAGB_01738	contig_1	1744352	1745455	+	LNHIMF_01594	1	persistent	2	0	1
HFCAGB_01739	contig_1	1745458	1747260	+	LNHIMF_01593	1	persistent	2	0	0
HFCAGB_01740	contig_1	1747280	1747954	+	GEGEGB_01538	1	persistent	2	0	0
HFCAGB_01741	contig_1	1747960	1748568	+	GEGEGB_01537	1	persistent	2	0	0
HFCAGB_01742	contig_1	1748568	1748867	+	LNHIMF_01590	1	persistent	2	0	0
HFCAGB_01743	contig_1	1748864	1749274	+	GEGEGB_01535	1	persistent	2	0	0
HFCAGB_01744	contig_1	1749292	1750353	+	LNHIMF_01588	1	persistent	2	0	0
HFCAGB_01745	contig_1	1750341	1751228	+	BEJGEH_01552	1	persistent	3	0	0
HFCAGB_01746	contig_1	1751241	1751582	+	LNHIMF_01586	1	persistent	2	0	0
HFCAGB_01747	contig_1	1751723	1752841	-	LNHIMF_01585	1	persistent	3	0	0
HFCAGB_01748	contig_1	1753573	1754100	+	LNHIMF_01583	1	persistent	2	0	0
HFCAGB_01749	contig_1	1754156	1755103	-	GEGEGB_01529	1	persistent	2	0	0
HFCAGB_01750	contig_1	1755324	1755683	-	BEJGEH_01558	1	persistent	2	0	0
HFCAGB_01751	contig_1	1755683	1756609	-	LNHIMF_01580	1	persistent	2	0	0
HFCAGB_01752	contig_1	1756682	1758070	-	LNHIMF_01579	1	persistent	2	0	0
HFCAGB_01753	contig_1	1758173	1759045	+	LNHIMF_01578	1	persistent	2	0	0
HFCAGB_01754	contig_1	1759161	1760351	+	GEGEGB_01524	1	persistent	2	0	0
HFCAGB_01755	contig_1	1760398	1761063	-	GEGEGB_01523	1	persistent	2	0	0
HFCAGB_01756	contig_1	1761322	1761756	+	GEGEGB_01522	1	persistent	2	0	0
HFCAGB_01757	contig_1	1761776	1762159	+	GEGEGB_01521	1	persistent	2	0	0
HFCAGB_01758	contig_1	1762194	1762403	+	GEGEGB_01520	1	persistent	2	0	0
HFCAGB_01759	contig_1	1762522	1763424	-	GEGEGB_01519	1	persistent	2	0	0
HFCAGB_01760	contig_1	1763652	1764389	+	LNHIMF_01571	2	persistent	2	0	0
HFCAGB_01761	contig_1	1764350	1764838	+	LNHIMF_01571	2	persistent	2	0	0
HFCAGB_01762	contig_1	1765086	1765181	+	GEGEGB_01517	1	persistent	2	0	0
HFCAGB_01764	contig_1	1765529	1765921	-	LNHIMF_01568	1	persistent	2	0	0
HFCAGB_01765	contig_1	1766349	1766876	+	LNHIMF_01567	1	persistent	3	0	0
HFCAGB_01766	contig_1	1766996	1767178	-	GEGEGB_01513	3	persistent	6	0	0
HFCAGB_01767	contig_1	1767330	1768412	-	LNHIMF_01565	1	persistent	3	0	0
HFCAGB_01768	contig_1	1768551	1769297	+	GEGEGB_01511	1	persistent	2	0	0
HFCAGB_01769	contig_1	1769427	1770113	+	GEGEGB_01510	1	persistent	2	0	0
HFCAGB_01770	contig_1	1770294	1770497	+	GEGEGB_01509	1	persistent	2	0	0
HFCAGB_01771	contig_1	1770564	1772030	-	BEJGEH_01578	1	persistent	2	0	0
HFCAGB_01772	contig_1	1772174	1773553	-	GEGEGB_01506	1	persistent	2	0	1
HFCAGB_01773	contig_1	1773607	1774161	-	HFCAGB_01773	1	cloud	2	0	0
HFCAGB_01774	contig_1	1774162	1774626	-	GEGEGB_01505	1	persistent	2	0	1
HFCAGB_01775	contig_1	1774637	1775851	-	LNHIMF_01558	1	persistent	2	0	0
HFCAGB_01776	contig_1	1775973	1776308	-	LNHIMF_01557	1	persistent	2	0	0
HFCAGB_01777	contig_1	1776452	1776793	+	GEGEGB_01502	1	persistent	2	0	0
HFCAGB_01778	contig_1	1776829	1777389	+	LNHIMF_01555	1	persistent	2	0	0
HFCAGB_01779	contig_1	1777430	1778107	-	OEKLIE_00834	1	persistent	2	0	1
HFCAGB_01780	contig_1	1778247	1778552	+	LNHIMF_01553	1	persistent	2	0	0
HFCAGB_01781	contig_1	1778709	1781147	+	LNHIMF_01552	1	persistent	2	0	1
HFCAGB_01782	contig_1	1781273	1783681	+	AJBGEP_01578	1	persistent	2	0	0
HFCAGB_01783	contig_1	1783692	1784309	+	GEGEGB_01496	2	persistent	4	0	0
HFCAGB_01784	contig_1	1784311	1785168	+	LNHIMF_01549	1	persistent	2	0	0
HFCAGB_01785	contig_1	1785211	1785825	+	LNHIMF_01548	1	persistent	2	0	0
HFCAGB_01786	contig_1	1786130	1786840	+	GEGEGB_01493	1	persistent	2	0	0
HFCAGB_01787	contig_1	1786869	1787771	+	GEGEGB_01492	1	persistent	2	0	0
HFCAGB_01788	contig_1	1787781	1788428	+	GEGEGB_01491	1	persistent	2	0	0
HFCAGB_01789	contig_1	1788428	1789576	+	GEGEGB_01490	1	persistent	2	0	0
HFCAGB_01790	contig_1	1789748	1791001	+	LNHIMF_01543	1	persistent	2	0	0
HFCAGB_01791	contig_1	1790957	1791652	-	LNHIMF_01542	1	persistent	2	0	0
HFCAGB_01792	contig_1	1791778	1792998	-	LNHIMF_01541	1	persistent	2	0	0
HFCAGB_01793	contig_1	1793126	1794025	-	LNHIMF_01540	1	persistent	2	0	0
HFCAGB_01794	contig_1	1794145	1795398	+	GEGEGB_01485	1	persistent	2	1	0
HFCAGB_01795	contig_1	1795793	1796041	+	GEGEGB_01480	1	persistent	2	0	1
HFCAGB_01796	contig_1	1796310	1797131	+	GEGEGB_01479	1	persistent	2	0	0
HFCAGB_01797	contig_1	1797171	1797500	-	GEGEGB_01478	1	persistent	2	0	0
HFCAGB_01798	contig_1	1797487	1797849	-	GEGEGB_01477	1	persistent	2	0	0
HFCAGB_01799	contig_1	1798267	1799301	+	GEGEGB_01476	1	persistent	2	0	0
HFCAGB_01800	contig_1	1799476	1800864	-	GEGEGB_01475	1	persistent	2	0	0
HFCAGB_01801	contig_1	1800875	1802404	-	GEGEGB_01474	1	persistent	2	0	0
HFCAGB_01802	contig_1	1802931	1803875	+	LNHIMF_01531	1	persistent	2	0	2
HFCAGB_01803	contig_1	1804174	1804377	+	HFCAGB_01803	1	cloud	2	0	0
HFCAGB_01804	contig_1	1804343	1805557	+	GEGEGB_01423	1	persistent	2	0	2
HFCAGB_01805	contig_1	1805629	1805955	-	GEGEGB_01422	1	persistent	2	0	0
HFCAGB_01806	contig_1	1806082	1806813	+	LNHIMF_01528	1	persistent	2	0	0
HFCAGB_01807	contig_1	1807293	1808444	+	LNHIMF_01527	1	persistent	2	0	0
HFCAGB_01808	contig_1	1808603	1810303	+	LNHIMF_01526	1	persistent	2	0	0
HFCAGB_01809	contig_1	1810414	1811715	+	LNHIMF_01525	1	persistent	2	0	1
HFCAGB_01810	contig_1	1811791	1812720	+	LNHIMF_01524	1	persistent	2	0	1
HFCAGB_01811	contig_1	1812717	1814120	-	LNHIMF_01523	1	persistent	2	0	0
HFCAGB_01812	contig_1	1814288	1815934	-	GEGEGB_01415	2	persistent	4	0	0
HFCAGB_01813	contig_1	1816134	1817309	+	GEGEGB_01414	1	persistent	2	0	0
HFCAGB_01814	contig_1	1817412	1818920	+	GEGEGB_01413	1	persistent	2	0	2
HFCAGB_01815	contig_1	1819023	1819259	+	GEGEGB_01412	1	cloud	2	0	0
HFCAGB_01816	contig_1	1819626	1820627	+	GEGEGB_01411	1	persistent	2	0	2
HFCAGB_01817	contig_1	1820702	1821742	-	GEGEGB_01410	1	persistent	2	0	0
HFCAGB_01818	contig_1	1822384	1822599	+	GEGEGB_01409	1	persistent	2	0	0
HFCAGB_01819	contig_1	1822688	1823128	+	GEGEGB_01408	1	persistent	2	0	0
HFCAGB_01820	contig_1	1823205	1823786	+	GEGEGB_01407	1	persistent	2	0	0
HFCAGB_01821	contig_1	1823786	1824364	+	GEGEGB_01406	1	persistent	2	0	0
HFCAGB_01822	contig_1	1824357	1826471	+	BEJGEH_01628	1	persistent	2	0	0
HFCAGB_01823	contig_1	1826472	1827530	+	GEGEGB_01404	1	persistent	2	0	0
HFCAGB_01824	contig_1	1827534	1828154	+	GEGEGB_01403	1	persistent	2	0	0
HFCAGB_01825	contig_1	1828157	1828849	+	GEGEGB_01402	1	persistent	2	0	0
HFCAGB_01826	contig_1	1828849	1829484	+	LNHIMF_01506	1	persistent	2	0	0
HFCAGB_01827	contig_1	1830086	1831591	+	BEJGEH_01633	1	persistent	2	0	0
HFCAGB_01828	contig_1	1831695	1832300	+	LNHIMF_01504	1	persistent	2	0	0
HFCAGB_01829	contig_1	1832359	1832880	-	LNHIMF_01503	2	persistent	2	0	0
HFCAGB_01830	contig_1	1832926	1833219	-	LNHIMF_01503	2	persistent	2	0	0
HFCAGB_01831	contig_1	1833279	1834553	-	GEGEGB_01397	1	persistent	2	0	0
HFCAGB_01832	contig_1	1834680	1835336	-	GEGEGB_01396	1	persistent	2	0	0
HFCAGB_01833	contig_1	1835395	1835724	-	LNHIMF_01500	1	persistent	2	0	0
HFCAGB_01834	contig_1	1835812	1836933	-	GEGEGB_01394	1	persistent	2	0	0
HFCAGB_01835	contig_1	1837206	1837673	+	GEGEGB_01393	1	persistent	2	0	0
HFCAGB_01836	contig_1	1837721	1838155	-	GEGEGB_01392	1	persistent	2	0	0
HFCAGB_01837	contig_1	1838363	1838599	+	GEGEGB_01391	1	persistent	2	0	0
HFCAGB_01838	contig_1	1838602	1839462	+	GEGEGB_01390	1	persistent	2	0	0
HFCAGB_01839	contig_1	1839462	1841501	+	LNHIMF_01494	1	persistent	2	0	0
HFCAGB_01840	contig_1	1841477	1841998	-	GEGEGB_01388	1	persistent	2	0	0
HFCAGB_01841	contig_1	1842078	1842974	-	GEGEGB_01387	1	persistent	3	0	0
HFCAGB_01842	contig_1	1843025	1843264	-	LNHIMF_01491	1	persistent	3	0	0
HFCAGB_01843	contig_1	1843367	1843966	+	GEGEGB_01386	1	persistent	3	0	0
HFCAGB_01844	contig_1	1844025	1845122	+	GEGEGB_01385	1	persistent	3	0	0
HFCAGB_01845	contig_1	1845191	1845598	+	GEGEGB_01384	1	persistent	2	0	0
HFCAGB_01846	contig_1	1845699	1846346	+	GEGEGB_01383	1	persistent	2	0	0
HFCAGB_01847	contig_1	1846424	1846771	-	GEGEGB_01382	1	persistent	2	0	0
HFCAGB_01848	contig_1	1847106	1847927	+	GEGEGB_01381	1	persistent	2	0	0
HFCAGB_01849	contig_1	1848054	1848635	+	GEGEGB_01380	1	persistent	2	0	0
HFCAGB_01851	contig_1	1848718	1848807	-	GEGEGB_01379	1	persistent	2	0	0
HFCAGB_01852	contig_1	1849103	1850128	+	GEGEGB_01377	1	persistent	2	0	0
HFCAGB_01853	contig_1	1850125	1851057	-	GEGEGB_01376	1	persistent	2	0	0
HFCAGB_01854	contig_1	1851170	1852375	+	LNHIMF_01479	1	persistent	2	0	0
HFCAGB_01855	contig_1	1852665	1853813	+	GEGEGB_01374	1	persistent	2	0	0
HFCAGB_01856	contig_1	1853855	1854496	-	GEGEGB_01373	1	persistent	2	0	0
HFCAGB_01857	contig_1	1854713	1856086	+	GEGEGB_01372	1	persistent	2	0	0
HFCAGB_01860	contig_1	1856559	1857617	-	GEGEGB_01369	1	persistent	2	0	0
HFCAGB_01861	contig_1	1857614	1858393	-	GEGEGB_01368	1	persistent	2	0	0
HFCAGB_01862	contig_1	1858394	1858660	-	GEGEGB_01367	1	persistent	2	0	0
HFCAGB_01863	contig_1	1858657	1859304	-	LNHIMF_01470	1	persistent	2	0	0
HFCAGB_01864	contig_1	1859372	1860340	-	LNHIMF_01469	1	persistent	2	0	0
HFCAGB_01865	contig_1	1860321	1860695	-	GEGEGB_01364	1	persistent	2	0	0
HFCAGB_01866	contig_1	1860676	1861107	-	LNHIMF_01467	1	persistent	2	0	0
HFCAGB_01867	contig_1	1861056	1862357	-	GEGEGB_01362	1	persistent	2	0	1
HFCAGB_01868	contig_1	1862347	1864392	-	LNHIMF_01465	1	persistent	2	0	1
HFCAGB_01869	contig_1	1864377	1864745	-	LNHIMF_01464	1	persistent	2	0	0
HFCAGB_01870	contig_1	1864803	1865795	-	LNHIMF_01463	1	persistent	2	0	0
HFCAGB_01871	contig_1	1865785	1866459	-	GEGEGB_01358	1	persistent	2	0	0
HFCAGB_01872	contig_1	1866456	1866707	-	GEGEGB_01357	1	persistent	2	0	0
HFCAGB_01873	contig_1	1867022	1867771	-	BEJGEH_01677	1	persistent	2	0	0
HFCAGB_01874	contig_1	1867768	1868031	-	LNHIMF_01459	1	persistent	2	0	0
HFCAGB_01875	contig_1	1868028	1868318	-	GEGEGB_01354	1	persistent	2	0	0
HFCAGB_01876	contig_1	1868296	1868511	-	GEGEGB_01353	1	persistent	2	0	0
HFCAGB_01877	contig_1	1868605	1869294	-	LNHIMF_01456	1	persistent	2	0	0
HFCAGB_01878	contig_1	1869291	1870073	-	HFCAGB_01878	1	persistent	2	0	0
HFCAGB_01879	contig_1	1870089	1870517	-	LNHIMF_01454	1	persistent	2	0	0
HFCAGB_01880	contig_1	1870575	1870991	-	GEGEGB_01349	1	persistent	2	0	0
HFCAGB_01881	contig_1	1870994	1871581	-	GEGEGB_01348	1	persistent	2	0	0
HFCAGB_01882	contig_1	1871597	1873051	-	LNHIMF_01451	1	persistent	2	0	0
HFCAGB_01883	contig_1	1873054	1873527	-	LNHIMF_01450	1	persistent	2	0	0
HFCAGB_01884	contig_1	1873524	1874114	-	GEGEGB_01345	1	persistent	2	0	0
HFCAGB_01885	contig_1	1874121	1874444	-	GEGEGB_01344	1	persistent	2	0	0
HFCAGB_01886	contig_1	1874650	1874892	-	GEGEGB_01343	1	persistent	2	0	0
HFCAGB_01887	contig_1	1874900	1876111	-	GEGEGB_01342	1	persistent	2	0	0
HFCAGB_01888	contig_1	1876092	1877585	-	LNHIMF_01445	1	persistent	2	0	0
HFCAGB_01889	contig_1	1877587	1877970	-	GEGEGB_01340	1	persistent	2	0	0
HFCAGB_01890	contig_1	1878389	1881151	+	LNHIMF_01443	1	persistent	2	0	0
HFCAGB_01891	contig_1	1881182	1881820	+	GEGEGB_01338	1	persistent	2	0	0
HFCAGB_01892	contig_1	1881999	1882241	+	GEGEGB_01337	2	persistent	2	0	0
HFCAGB_01893	contig_1	1882256	1882726	+	GEGEGB_01337	2	persistent	2	0	0
HFCAGB_01894	contig_1	1882898	1883857	+	GEGEGB_01336	1	persistent	2	0	0
HFCAGB_01895	contig_1	1883979	1884191	-	GEGEGB_01335	1	persistent	2	0	0
HFCAGB_01896	contig_1	1884289	1884909	-	GEGEGB_01334	1	persistent	2	0	0
HFCAGB_01897	contig_1	1884884	1886662	-	GEGEGB_01333	1	persistent	2	0	0
HFCAGB_01898	contig_1	1886844	1887578	+	GEGEGB_01332	1	persistent	2	0	0
HFCAGB_01899	contig_1	1887579	1888601	+	LNHIMF_01435	1	persistent	2	0	0
HFCAGB_01900	contig_1	1888594	1891656	+	GEGEGB_01330	1	persistent	2	0	0
HFCAGB_01901	contig_1	1891979	1893205	+	BEJGEH_01704	1	persistent	2	0	0
HFCAGB_01902	contig_1	1893217	1893954	+	LNHIMF_01432	1	persistent	2	0	1
HFCAGB_01903	contig_1	1894013	1894906	+	BEJGEH_01706	1	persistent	2	0	0
HFCAGB_01904	contig_1	1894928	1896271	+	LNHIMF_01430	1	persistent	2	0	1
HFCAGB_01905	contig_1	1896673	1898085	+	GEGEGB_01324	1	persistent	2	0	0
HFCAGB_01906	contig_1	1898396	1898632	+	GEGEGB_01322	1	persistent	3	0	2
HFCAGB_01907	contig_1	1898781	1898996	-	OEKLIE_00931	1	cloud	2	0	0
HFCAGB_01908	contig_1	1899023	1900024	-	LNHIMF_01426	1	persistent	2	0	3
HFCAGB_01909	contig_1	1900179	1900595	-	GEGEGB_01319	1	persistent	2	0	1
HFCAGB_01910	contig_1	1900608	1901828	-	GEGEGB_01318	1	persistent	2	0	0
HFCAGB_01911	contig_1	1901825	1903096	-	LNHIMF_01423	1	persistent	2	0	0
HFCAGB_01912	contig_1	1903071	1903817	-	LNHIMF_01422	1	persistent	2	0	0
HFCAGB_01913	contig_1	1903834	1905321	-	LNHIMF_01421	1	persistent	2	0	0
HFCAGB_01914	contig_1	1905330	1905698	-	GEGEGB_01314	1	persistent	2	0	0
HFCAGB_01915	contig_1	1906125	1907471	+	LNHIMF_01419	1	persistent	2	0	0
HFCAGB_01917	contig_1	1907759	1907947	-	LNHIMF_01417	1	persistent	2	0	0
HFCAGB_01918	contig_1	1908046	1908456	-	GEGEGB_01310	1	persistent	2	0	0
HFCAGB_01919	contig_1	1908453	1911509	-	LNHIMF_01415	1	persistent	2	0	0
HFCAGB_01920	contig_1	1911774	1912892	+	LNHIMF_01414	1	persistent	2	0	1
HFCAGB_01922	contig_1	1913350	1913709	+	LNHIMF_01412	1	persistent	2	0	0
HFCAGB_01923	contig_1	1913850	1914992	+	HFCAGB_01923	1	persistent	2	0	0
HFCAGB_01924	contig_1	1915356	1916591	+	LNHIMF_01410	1	persistent	2	0	0
HFCAGB_01925	contig_1	1916658	1917524	+	LNHIMF_01409	1	persistent	2	0	0
HFCAGB_01926	contig_1	1917569	1918327	+	LNHIMF_01408	1	persistent	2	0	0
HFCAGB_01927	contig_1	1918481	1920076	+	LNHIMF_01407	1	persistent	2	0	0
HFCAGB_01928	contig_1	1920090	1921241	+	LNHIMF_01406	1	persistent	2	0	0
HFCAGB_01929	contig_1	1921317	1921901	-	LNHIMF_01405	1	persistent	2	0	0
HFCAGB_01930	contig_1	1922364	1923128	+	LNHIMF_01404	1	persistent	2	0	0
HFCAGB_01931	contig_1	1923150	1924085	+	BEJGEH_01734	1	persistent	2	0	0
HFCAGB_01932	contig_1	1924142	1925428	+	BEJGEH_01735	1	persistent	2	0	0
HFCAGB_01933	contig_1	1925425	1925718	+	BEJGEH_01736	1	persistent	2	0	0
HFCAGB_01934	contig_1	1925808	1927448	+	LNHIMF_01400	1	persistent	2	0	0
HFCAGB_01935	contig_1	1927490	1929868	-	GEGEGB_01305	1	persistent	2	0	1
HFCAGB_01936	contig_1	1930205	1931038	+	GEGEGB_01304	1	persistent	2	0	0
HFCAGB_01937	contig_1	1931194	1932240	+	LNHIMF_01397	1	persistent	2	0	0
HFCAGB_01938	contig_1	1932397	1932588	+	GEGEGB_01302	1	persistent	2	0	0
HFCAGB_01939	contig_1	1932623	1934065	-	GEGEGB_01301	1	persistent	2	0	0
HFCAGB_01940	contig_1	1934127	1934840	-	IKCLMC_04832	1	persistent	2	0	0
HFCAGB_01941	contig_1	1935154	1935618	-	LNHIMF_01393	1	persistent	2	0	0
HFCAGB_01942	contig_1	1935695	1936444	-	GEGEGB_01298	1	persistent	2	0	0
HFCAGB_01943	contig_1	1936444	1936995	-	GEGEGB_01297	1	persistent	2	0	0
HFCAGB_01944	contig_1	1937087	1938067	-	LNHIMF_01390	1	persistent	2	0	0
HFCAGB_01946	contig_1	1938270	1938569	-	GEGEGB_01294	1	persistent	2	0	0
HFCAGB_01947	contig_1	1938574	1940961	-	LNHIMF_01387	1	persistent	2	0	0
HFCAGB_01948	contig_1	1940977	1941960	-	GEGEGB_01292	1	persistent	2	0	0
HFCAGB_01949	contig_1	1942097	1942141	-	GEGEGB_01291	1	persistent	2	0	0
HFCAGB_01950	contig_1	1942262	1942618	-	GEGEGB_01290	1	persistent	2	0	0
HFCAGB_01951	contig_1	1942669	1942866	-	GEGEGB_01289	1	persistent	2	0	0
HFCAGB_01952	contig_1	1942962	1943396	-	GEGEGB_01288	1	persistent	2	0	0
HFCAGB_01953	contig_1	1943508	1945436	-	GEGEGB_01287	1	persistent	3	2	0
HFCAGB_01954	contig_1	1946334	1947557	+	GEGEGB_01285	1	shell	2	1	0
HFCAGB_01955	contig_1	1948242	1949096	-	LNHIMF_01380	1	persistent	3	1	1
HFCAGB_01956	contig_1	1949158	1949406	-	GEGEGB_01283	1	persistent	2	0	0
HFCAGB_01957	contig_1	1949549	1950508	+	GEGEGB_01282	1	persistent	3	0	0
HFCAGB_01958	contig_1	1950557	1951315	-	GEGEGB_01281	1	persistent	2	0	0
HFCAGB_01959	contig_1	1951604	1952536	+	LNHIMF_01376	1	persistent	2	0	0
HFCAGB_01960	contig_1	1952632	1952922	+	GEGEGB_01279	1	persistent	2	0	0
HFCAGB_01961	contig_1	1953029	1953889	+	GEGEGB_01278	1	persistent	2	0	0
HFCAGB_01962	contig_1	1953932	1954468	-	GEGEGB_01277	1	persistent	2	0	0
HFCAGB_01963	contig_1	1954617	1955285	+	LNHIMF_01372	1	persistent	2	0	0
HFCAGB_01964	contig_1	1955423	1956022	+	LNHIMF_01371	1	persistent	2	0	0
HFCAGB_01965	contig_1	1956159	1957550	+	LNHIMF_01370	1	persistent	2	0	0
HFCAGB_01966	contig_1	1957652	1957894	-	GEGEGB_01273	1	persistent	2	0	0
HFCAGB_01967	contig_1	1958261	1960513	+	LNHIMF_01368	1	persistent	2	1	0
HFCAGB_01968	contig_1	1960557	1961315	-	LNHIMF_01367	1	persistent	2	1	0
HFCAGB_01969	contig_1	1961328	1962683	-	LNHIMF_01366	1	persistent	2	0	0
HFCAGB_01970	contig_1	1962808	1963647	-	GEGEGB_01267	1	persistent	2	0	0
HFCAGB_01971	contig_1	1963661	1964008	-	GEGEGB_01266	1	persistent	2	0	0
HFCAGB_01972	contig_1	1964059	1965417	-	GEGEGB_01265	1	persistent	2	0	1
HFCAGB_01973	contig_1	1965500	1965820	-	GEGEGB_01264	1	persistent	2	0	0
HFCAGB_01974	contig_1	1966121	1966462	-	GEGEGB_01263	1	persistent	2	0	1
HFCAGB_01975	contig_1	1966681	1967508	+	GEGEGB_01262	1	persistent	2	0	0
HFCAGB_01976	contig_1	1967629	1968510	+	GEGEGB_01261	1	persistent	2	0	0
HFCAGB_01977	contig_1	1968585	1969070	-	LNHIMF_01358	1	persistent	2	0	0
HFCAGB_01978	contig_1	1969154	1969369	-	GEGEGB_01259	1	persistent	2	0	0
HFCAGB_01979	contig_1	1969406	1970374	-	LNHIMF_01356	1	persistent	2	0	0
HFCAGB_01980	contig_1	1970367	1971710	-	GEGEGB_01257	1	persistent	2	0	0
HFCAGB_01981	contig_1	1971707	1973185	-	HFCAGB_01981	1	persistent	2	0	0
HFCAGB_01982	contig_1	1973182	1974216	-	LNHIMF_01353	1	persistent	2	0	0
HFCAGB_01983	contig_1	1974207	1975433	-	GEGEGB_01253	1	persistent	2	0	0
HFCAGB_01984	contig_1	1975879	1976685	+	GEGEGB_01252	1	persistent	2	0	0
HFCAGB_01985	contig_1	1976758	1977174	+	LNHIMF_01350	1	persistent	2	0	0
HFCAGB_01986	contig_1	1977134	1977409	-	LNHIMF_01349	1	persistent	2	0	0
HFCAGB_01987	contig_1	1977648	1978991	+	LNHIMF_01348	1	persistent	2	0	0
HFCAGB_01988	contig_1	1979021	1980970	-	GEGEGB_01248	1	persistent	2	0	0
HFCAGB_01989	contig_1	1980975	1982018	-	LNHIMF_01346	1	persistent	2	0	0
HFCAGB_01990	contig_1	1982136	1982687	-	GEGEGB_01246	1	persistent	2	0	0
HFCAGB_01991	contig_1	1982861	1984717	+	GEGEGB_01245	1	persistent	2	0	0
HFCAGB_01992	contig_1	1984741	1985829	+	LNHIMF_01343	1	persistent	2	0	0
HFCAGB_01993	contig_1	1985856	1986512	+	LNHIMF_01342	1	persistent	2	0	1
HFCAGB_01994	contig_1	1986615	1987973	-	HFCAGB_01994	1	cloud	1	0	1
HFCAGB_01995	contig_1	1988109	1988867	-	HFCAGB_01995	1	cloud	0	0	2
HFCAGB_01996	contig_1	1988997	1989980	-	PKJKAM_00929	1	cloud	0	0	2
HFCAGB_01997	contig_1	1989990	1990937	-	HFCAGB_01997	1	cloud	0	0	2
HFCAGB_01998	contig_1	1990942	1991778	-	PKJKAM_00931	1	cloud	0	0	2
HFCAGB_01999	contig_1	1991800	1992843	-	PKJKAM_00932	1	cloud	0	0	2
HFCAGB_02000	contig_1	1992854	1994233	-	PKJKAM_00933	1	cloud	0	0	2
HFCAGB_02001	contig_1	1994260	1995336	-	HFCAGB_02001	1	cloud	1	0	2
HFCAGB_02002	contig_1	1996230	1996508	-	GEGEGB_01242	1	persistent	2	0	2
HFCAGB_02003	contig_1	1996550	1996963	-	GEGEGB_01241	1	persistent	2	0	0
HFCAGB_02004	contig_1	1997305	1998300	+	GEGEGB_01240	1	persistent	2	0	2
HFCAGB_02005	contig_1	1998629	1999513	+	LNHIMF_01338	1	persistent	2	0	0
HFCAGB_02006	contig_1	1999612	2000460	-	GEGEGB_01237	1	persistent	2	0	0
HFCAGB_02007	contig_1	2000566	2001762	-	LNHIMF_01336	1	persistent	2	0	0
HFCAGB_02008	contig_1	2002052	2002798	-	GEGEGB_01235	1	persistent	2	0	0
HFCAGB_02009	contig_1	2003225	2005159	+	LNHIMF_01334	1	persistent	2	0	0
HFCAGB_02010	contig_1	2005282	2006568	+	PAPNPA_01180	1	persistent	2	0	3
HFCAGB_02011	contig_1	2007208	2008701	+	LNHIMF_01331	1	persistent	2	0	3
HFCAGB_02012	contig_1	2008742	2009269	+	GEGEGB_01230	1	persistent	2	0	0
HFCAGB_02013	contig_1	2009266	2009373	-	BEJGEH_01808	1	persistent	2	0	0
HFCAGB_02014	contig_1	2009579	2010025	+	GEGEGB_01228	1	persistent	2	0	0
HFCAGB_02015	contig_1	2010005	2010799	-	LNHIMF_01327	1	persistent	2	0	0
HFCAGB_02016	contig_1	2010900	2012084	+	LNHIMF_01326	1	persistent	2	0	0
HFCAGB_02017	contig_1	2012203	2012550	+	GEGEGB_01225	1	persistent	2	0	0
HFCAGB_02018	contig_1	2012536	2012847	-	GEGEGB_01224	1	persistent	2	0	0
HFCAGB_02019	contig_1	2012916	2013167	-	GEGEGB_01223	1	persistent	2	1	0
HFCAGB_02020	contig_1	2013600	2013848	-	GEGEGB_01220	1	persistent	2	1	0
HFCAGB_02022	contig_1	2014162	2014803	-	LNHIMF_01320	1	persistent	2	0	0
HFCAGB_02023	contig_1	2015033	2015215	-	GEGEGB_01217	1	persistent	2	0	0
HFCAGB_02024	contig_1	2015218	2015580	-	GEGEGB_01216	1	persistent	2	0	0
HFCAGB_02025	contig_1	2015754	2016392	-	GEGEGB_01215	1	persistent	2	0	0
HFCAGB_02026	contig_1	2016589	2017134	-	LNHIMF_01316	1	persistent	2	0	0
HFCAGB_02027	contig_1	2017450	2017698	+	LNHIMF_01315	1	persistent	2	0	0
HFCAGB_02028	contig_1	2017952	2018800	-	LNHIMF_01314	1	persistent	2	0	0
HFCAGB_02029	contig_1	2018869	2019462	-	GEGEGB_01211	1	persistent	2	0	0
HFCAGB_02030	contig_1	2019685	2020395	-	LNHIMF_01312	1	persistent	2	0	0
HFCAGB_02031	contig_1	2020504	2021154	-	GEGEGB_01209	1	persistent	2	0	0
HFCAGB_02034	contig_1	2021348	2021674	-	GEGEGB_01206	1	persistent	2	0	0
HFCAGB_02035	contig_1	2021868	2023001	+	GEGEGB_01205	1	persistent	2	0	0
HFCAGB_02036	contig_1	2023083	2023673	-	HFCAGB_02036	1	persistent	2	0	0
HFCAGB_02037	contig_1	2023667	2024464	-	GEGEGB_01203	1	persistent	2	0	0
HFCAGB_02038	contig_1	2024458	2025270	-	GEGEGB_01202	1	persistent	2	0	0
HFCAGB_02039	contig_1	2025260	2026234	-	GEGEGB_01201	1	persistent	2	0	0
HFCAGB_02040	contig_1	2026234	2027868	-	LNHIMF_01302	1	persistent	2	0	0
HFCAGB_02041	contig_1	2028550	2028864	+	GEGEGB_01199	1	persistent	2	0	0
HFCAGB_02042	contig_1	2029013	2029543	+	GEGEGB_01198	1	persistent	2	0	0
HFCAGB_02043	contig_1	2029626	2030408	-	LNHIMF_01299	2	persistent	2	0	0
HFCAGB_02044	contig_1	2030410	2030670	-	LNHIMF_01299	2	persistent	2	0	0
HFCAGB_02045	contig_1	2031009	2031476	-	GEGEGB_01196	1	persistent	2	0	0
HFCAGB_02046	contig_1	2031796	2031969	+	GEGEGB_01195	1	persistent	2	0	0
HFCAGB_02047	contig_1	2032604	2032948	+	LNHIMF_01296	1	persistent	2	0	0
HFCAGB_02050	contig_1	2034170	2034727	-	BEJGEH_01844	1	persistent	2	0	1
HFCAGB_02052	contig_1	2035539	2035802	+	HFCAGB_02052	1	persistent	2	0	2
HFCAGB_02053	contig_1	2036561	2037082	+	GEGEGB_01187	1	persistent	2	0	1
HFCAGB_02054	contig_1	2037273	2037512	+	LNHIMF_01289	1	persistent	1	1	2
HFCAGB_02056	contig_1	2038002	2038682	+	AJBGEP_01316	1	shell	1	1	0
HFCAGB_02057	contig_1	2039112	2039318	+	AJBGEP_01315	1	shell	1	1	1
HFCAGB_02058	contig_1	2039781	2040905	-	GEGEGB_01180	1	persistent	1	2	3
HFCAGB_02060	contig_1	2041366	2042616	-	GEGEGB_01781	1	persistent	2	1	1
HFCAGB_02061	contig_1	2042716	2043453	+	LNHIMF_01279	1	persistent	2	0	0
HFCAGB_02062	contig_1	2043450	2043779	+	GEGEGB_01783	1	persistent	2	0	0
HFCAGB_02063	contig_1	2043791	2044252	+	GEGEGB_01784	1	persistent	2	0	0
HFCAGB_02064	contig_1	2044306	2045412	+	GEGEGB_01785	1	persistent	2	0	0
HFCAGB_02065	contig_1	2045499	2046140	+	LNHIMF_01275	1	persistent	2	0	0
HFCAGB_02066	contig_1	2046144	2047514	+	BEJGEH_01862	1	persistent	2	0	0
HFCAGB_02067	contig_1	2047638	2048312	+	LNHIMF_01273	1	persistent	2	0	0
HFCAGB_02068	contig_1	2048312	2049775	+	GEGEGB_01789	1	persistent	2	0	0
HFCAGB_02069	contig_1	2049856	2050977	+	LNHIMF_01271	1	persistent	3	0	0
HFCAGB_02070	contig_1	2051017	2052351	-	HFCAGB_02070	1	persistent	2	1	0
HFCAGB_02071	contig_1	2052355	2053584	-	LNHIMF_01269	1	persistent	3	1	0
HFCAGB_02072	contig_1	2053835	2054971	+	LNHIMF_01268	1	persistent	2	0	0
HFCAGB_02073	contig_1	2054955	2055818	+	GEGEGB_01794	1	persistent	2	0	0
HFCAGB_02074	contig_1	2056147	2057157	+	LNHIMF_01266	1	persistent	2	0	0
HFCAGB_02075	contig_1	2057473	2058252	+	GEGEGB_01796	1	persistent	2	0	0
HFCAGB_02076	contig_1	2058277	2059323	+	GEGEGB_01797	1	persistent	2	0	0
HFCAGB_02077	contig_1	2059405	2060226	-	GEGEGB_01798	1	persistent	2	0	0
HFCAGB_02078	contig_1	2060245	2061156	-	GEGEGB_01799	1	persistent	2	0	0
HFCAGB_02079	contig_1	2061185	2062429	-	GEGEGB_01800	1	persistent	2	0	0
HFCAGB_02080	contig_1	2062429	2063130	-	GEGEGB_01801	1	persistent	2	0	0
HFCAGB_02081	contig_1	2063123	2064322	-	GEGEGB_01802	1	persistent	2	0	0
HFCAGB_02082	contig_1	2064660	2068106	+	BEJGEH_01878	1	persistent	2	0	0
HFCAGB_02083	contig_1	2068254	2069219	+	LNHIMF_01257	1	persistent	2	0	0
HFCAGB_02084	contig_1	2069316	2069573	-	GEGEGB_01805	1	persistent	2	0	0
HFCAGB_02085	contig_1	2069815	2070450	+	LNHIMF_01255	1	persistent	2	0	0
HFCAGB_02086	contig_1	2070524	2071063	-	GEGEGB_01807	1	persistent	2	0	1
HFCAGB_02087	contig_1	2071242	2072546	-	GEGEGB_01809	1	persistent	2	0	1
HFCAGB_02088	contig_1	2072801	2073343	-	GEGEGB_01810	1	persistent	2	0	0
HFCAGB_02089	contig_1	2073368	2074393	-	GEGEGB_01811	1	persistent	2	0	0
HFCAGB_02090	contig_1	2074404	2075228	-	GEGEGB_01812	1	persistent	2	0	0
HFCAGB_02091	contig_1	2075209	2075847	-	LNHIMF_01249	1	persistent	2	0	0
HFCAGB_02092	contig_1	2075861	2076235	-	GEGEGB_01814	1	persistent	2	0	0
HFCAGB_02093	contig_1	2076238	2076615	-	GEGEGB_01815	1	persistent	2	0	0
HFCAGB_02094	contig_1	2076939	2079113	+	BEJGEH_01890	1	persistent	2	0	0
HFCAGB_02095	contig_1	2079198	2080631	-	GEGEGB_01818	1	persistent	2	0	0
HFCAGB_02096	contig_1	2080926	2081723	-	GEGEGB_01819	1	persistent	2	0	0
HFCAGB_02097	contig_1	2081734	2082738	-	GEGEGB_01820	1	persistent	2	0	0
HFCAGB_02098	contig_1	2082735	2083376	-	GEGEGB_01821	1	persistent	2	0	0
HFCAGB_02099	contig_1	2083366	2084388	-	BEJGEH_01895	1	persistent	2	0	0
HFCAGB_02100	contig_1	2084391	2085200	-	GEGEGB_01823	1	persistent	2	0	1
HFCAGB_02101	contig_1	2085324	2086565	-	LNHIMF_01233	1	persistent	2	0	1
HFCAGB_02102	contig_1	2086651	2086887	-	GEGEGB_01825	1	persistent	2	0	0
HFCAGB_02103	contig_1	2087043	2087777	-	GEGEGB_01826	1	persistent	2	0	0
HFCAGB_02104	contig_1	2087790	2088719	-	GEGEGB_01827	1	persistent	2	0	0
HFCAGB_02105	contig_1	2088735	2089688	-	LNHIMF_01229	1	persistent	2	0	0
HFCAGB_02106	contig_1	2089768	2090817	-	GEGEGB_01829	1	persistent	2	0	0
HFCAGB_02107	contig_1	2090981	2091154	-	GEGEGB_01830	1	persistent	2	0	0
HFCAGB_02108	contig_1	2091206	2091727	-	GEGEGB_01831	1	persistent	2	0	0
HFCAGB_02110	contig_1	2091925	2092509	+	LNHIMF_01224	1	persistent	4	0	0
HFCAGB_02111	contig_1	2092580	2092804	-	LNHIMF_01223	1	persistent	2	0	0
HFCAGB_02112	contig_1	2093007	2093267	-	BEJGEH_01907	1	persistent	3	0	0
HFCAGB_02114	contig_1	2093905	2094948	-	LNHIMF_01221	1	persistent	3	0	0
HFCAGB_02115	contig_1	2095438	2098644	+	ONMMKP_00953	1	persistent	2	1	1
HFCAGB_02116	contig_1	2098901	2099854	-	LNHIMF_01219	1	persistent	2	1	0
HFCAGB_02117	contig_1	2099869	2101530	-	GEGEGB_01839	1	persistent	2	0	0
HFCAGB_02118	contig_1	2101595	2102545	-	GEGEGB_01840	1	persistent	2	0	0
HFCAGB_02119	contig_1	2102545	2103642	-	GEGEGB_01841	1	persistent	2	0	0
HFCAGB_02120	contig_1	2103654	2104319	-	GEGEGB_01842	1	persistent	2	0	0
HFCAGB_02121	contig_1	2104407	2105189	-	GEGEGB_01843	1	persistent	2	0	0
HFCAGB_02122	contig_1	2105203	2105958	-	LNHIMF_01213	1	persistent	2	0	0
HFCAGB_02123	contig_1	2105979	2107190	-	GEGEGB_01845	1	persistent	2	0	0
HFCAGB_02124	contig_1	2107217	2107915	-	GEGEGB_01846	1	persistent	2	0	0
HFCAGB_02125	contig_1	2107927	2108331	-	GEGEGB_01847	1	persistent	2	0	0
HFCAGB_02126	contig_1	2108335	2108751	-	LNHIMF_01209	1	persistent	2	0	0
HFCAGB_02127	contig_1	2108908	2109567	+	GEGEGB_01849	1	persistent	2	0	0
HFCAGB_02128	contig_1	2109659	2109952	+	LNHIMF_01207	1	persistent	2	0	0
HFCAGB_02129	contig_1	2109957	2110379	+	GEGEGB_01851	1	persistent	2	0	0
HFCAGB_02130	contig_1	2110461	2112035	-	LNHIMF_01205	1	persistent	2	0	0
HFCAGB_02131	contig_1	2112300	2113223	-	LNHIMF_01204	1	persistent	2	0	0
HFCAGB_02132	contig_1	2113225	2113872	-	GEGEGB_01854	1	persistent	2	0	0
HFCAGB_02133	contig_1	2113908	2114492	-	LNHIMF_01202	1	persistent	2	0	0
HFCAGB_02134	contig_1	2114729	2115937	+	LNHIMF_01201	1	persistent	2	0	0
HFCAGB_02135	contig_1	2116001	2116648	+	GEGEGB_01857	1	persistent	2	0	0
HFCAGB_02136	contig_1	2116773	2117333	+	LNHIMF_01199	1	persistent	2	0	0
HFCAGB_02137	contig_1	2117438	2118484	+	LNHIMF_01198	1	persistent	2	0	0
HFCAGB_02138	contig_1	2118558	2118803	+	LNHIMF_01197	1	persistent	2	0	0
HFCAGB_02139	contig_1	2119093	2119347	+	LNHIMF_01196	1	persistent	2	0	0
HFCAGB_02140	contig_1	2119460	2120578	+	LNHIMF_01195	1	persistent	2	0	0
HFCAGB_02141	contig_1	2120619	2120732	+	GEGEGB_01863	1	persistent	2	0	0
HFCAGB_02142	contig_1	2120995	2121567	+	BEJGEH_01936	1	persistent	2	0	0
HFCAGB_02143	contig_1	2121564	2122139	+	GEGEGB_01865	1	persistent	2	0	0
HFCAGB_02144	contig_1	2122191	2123243	-	LNHIMF_01191	1	persistent	2	0	0
HFCAGB_02145	contig_1	2123463	2124383	+	LNHIMF_01190	1	persistent	2	0	0
HFCAGB_02146	contig_1	2124538	2125752	+	GEGEGB_01868	1	persistent	2	0	0
HFCAGB_02147	contig_1	2125834	2126208	+	GEGEGB_01869	1	persistent	2	0	0
HFCAGB_02148	contig_1	2126209	2126436	-	GEGEGB_01870	1	persistent	2	0	0
HFCAGB_02149	contig_1	2126510	2129053	-	LNHIMF_01186	1	persistent	2	0	0
HFCAGB_02150	contig_1	2129046	2130599	-	GEGEGB_01872	1	persistent	2	0	0
HFCAGB_02151	contig_1	2130853	2132007	+	GEGEGB_01873	1	persistent	2	0	0
HFCAGB_02152	contig_1	2132024	2133508	-	GEGEGB_01874	1	persistent	2	0	0
HFCAGB_02153	contig_1	2133447	2133986	-	GEGEGB_01875	1	persistent	2	0	0
HFCAGB_02154	contig_1	2134073	2134393	-	GEGEGB_01876	1	persistent	2	0	0
HFCAGB_02155	contig_1	2134524	2134850	-	BEJGEH_01949	1	persistent	2	0	0
HFCAGB_02156	contig_1	2134912	2135367	-	GEGEGB_01878	1	persistent	2	0	0
HFCAGB_02157	contig_1	2135409	2135864	-	LNHIMF_01178	1	persistent	2	0	0
HFCAGB_02159	contig_1	2136619	2137269	+	LNHIMF_01176	1	persistent	2	0	0
HFCAGB_02160	contig_1	2137274	2137669	+	GEGEGB_01882	1	persistent	2	0	0
HFCAGB_02161	contig_1	2137696	2138112	+	GEGEGB_01883	1	persistent	2	0	0
HFCAGB_02162	contig_1	2138139	2138972	+	GEGEGB_01884	1	persistent	2	0	0
HFCAGB_02163	contig_1	2139011	2139505	-	GEGEGB_01885	1	persistent	2	0	0
HFCAGB_02164	contig_1	2139594	2140148	-	GEGEGB_01886	1	persistent	2	0	0
HFCAGB_02165	contig_1	2140172	2140909	-	GEGEGB_01887	1	persistent	2	0	0
HFCAGB_02166	contig_1	2140994	2141932	-	LNHIMF_01169	1	persistent	2	1	1
HFCAGB_02168	contig_1	2143127	2143276	+	BEJGEH_01965	1	cloud	1	2	3
HFCAGB_02169	contig_1	2143449	2144759	-	BEJGEH_01967	1	cloud	0	0	3
HFCAGB_02170	contig_1	2144933	2145751	-	PAPNPA_00355	1	cloud	1	1	2
HFCAGB_02172	contig_1	2147528	2148535	+	HFCAGB_02172	1	cloud	1	0	2
HFCAGB_02173	contig_1	2148536	2148685	-	HFCAGB_02173	1	cloud	0	0	2
HFCAGB_02174	contig_1	2148820	2149389	-	HFCAGB_02174	1	cloud	0	0	3
HFCAGB_02175	contig_1	2149389	2150951	-	LNHIMF_02156	1	cloud	0	0	2
HFCAGB_02176	contig_1	2150938	2151525	-	LNHIMF_02157	1	cloud	0	0	3
HFCAGB_02177	contig_1	2151528	2152607	-	LNHIMF_02158	1	cloud	0	0	2
HFCAGB_02178	contig_1	2152600	2153013	-	LNHIMF_02159	1	cloud	0	0	2
HFCAGB_02179	contig_1	2153018	2153551	-	LNHIMF_02160	1	cloud	0	0	2
HFCAGB_02180	contig_1	2153544	2154608	-	LNHIMF_02161	1	cloud	0	0	2
HFCAGB_02181	contig_1	2154605	2155945	-	LNHIMF_02162	1	cloud	0	0	3
HFCAGB_02182	contig_1	2155979	2157907	-	HFCAGB_02182	1	cloud	0	0	4
HFCAGB_02183	contig_1	2157992	2158318	-	LNHIMF_04314	1	cloud	0	0	2
HFCAGB_02184	contig_1	2158315	2158671	-	LNHIMF_02165	1	cloud	0	0	3
HFCAGB_02185	contig_1	2158671	2160167	-	LNHIMF_02166	1	cloud	0	0	2
HFCAGB_02186	contig_1	2160157	2160321	-	LNHIMF_02167	1	cloud	0	0	2
HFCAGB_02187	contig_1	2160325	2160885	-	LNHIMF_02168	1	cloud	0	0	2
HFCAGB_02188	contig_1	2160882	2161394	-	LNHIMF_02169	1	cloud	0	0	3
HFCAGB_02189	contig_1	2161366	2161770	-	OEKLIE_01644	1	cloud	0	0	2
HFCAGB_02190	contig_1	2161767	2162090	-	LNHIMF_02171	1	cloud	0	0	2
HFCAGB_02191	contig_1	2162093	2162293	-	HFCAGB_02191	1	cloud	0	0	2
HFCAGB_02192	contig_1	2162344	2163549	-	HFCAGB_02192	1	cloud	0	0	2
HFCAGB_02193	contig_1	2163564	2163788	-	LNHIMF_02174	2	cloud	0	0	2
HFCAGB_02194	contig_1	2163852	2164214	-	LNHIMF_02174	2	cloud	0	0	2
HFCAGB_02195	contig_1	2164192	2165433	-	AJBGEP_02125	1	cloud	0	0	2
HFCAGB_02196	contig_1	2165433	2165615	-	LNHIMF_02176	1	cloud	0	0	2
HFCAGB_02197	contig_1	2165627	2167360	-	OEKLIE_00091	1	cloud	0	0	2
HFCAGB_02198	contig_1	2167357	2167851	-	HFCAGB_02198	1	cloud	0	0	2
HFCAGB_02199	contig_1	2167978	2168328	-	OEKLIE_00093	1	cloud	0	0	4
HFCAGB_02200	contig_1	2168456	2168890	-	HFCAGB_02200	1	cloud	0	0	2
HFCAGB_02201	contig_1	2169416	2169808	-	HFCAGB_02201	1	cloud	0	0	2
HFCAGB_02202	contig_1	2169792	2170268	-	HFCAGB_02202	1	cloud	0	0	2
HFCAGB_02203	contig_1	2170272	2170619	-	HFCAGB_02203	2	cloud	0	3	6
HFCAGB_02204	contig_1	2170751	2170993	-	HFCAGB_02204	1	cloud	0	0	2
HFCAGB_02205	contig_1	2171282	2172034	-	HFCAGB_02205	1	cloud	0	1	2
HFCAGB_02206	contig_1	2172048	2173037	-	AJBGEP_02407	1	shell	0	1	5
HFCAGB_02207	contig_1	2173045	2173905	-	OEKLIE_00039	1	cloud	0	1	1
HFCAGB_02208	contig_1	2173922	2174311	-	HFCAGB_02208	1	cloud	0	0	7
HFCAGB_02209	contig_1	2174320	2175201	-	BENMGJ_01225	1	cloud	0	1	4
HFCAGB_02210	contig_1	2175198	2175671	-	HFCAGB_02210	1	cloud	0	0	2
HFCAGB_02211	contig_1	2175668	2176642	-	HFCAGB_02211	1	cloud	0	0	2
HFCAGB_02212	contig_1	2176639	2176863	-	HFCAGB_02212	1	cloud	0	0	4
HFCAGB_02213	contig_1	2176860	2178002	-	HFCAGB_02213	1	cloud	0	0	2
HFCAGB_02216	contig_1	2177999	2178553	-	AJBGEP_02147	1	cloud	0	0	3
HFCAGB_02217	contig_1	2178582	2178806	-	AJBGEP_02148	1	cloud	0	0	2
HFCAGB_02218	contig_1	2178904	2179599	+	OEKLIE_00102	1	cloud	0	0	3
HFCAGB_02219	contig_1	2179804	2179989	+	HFCAGB_02219	1	cloud	0	0	4
HFCAGB_02220	contig_1	2179938	2180222	-	HFCAGB_02220	1	cloud	0	0	2
HFCAGB_02221	contig_1	2180363	2180608	-	HFCAGB_02221	1	cloud	0	0	2
HFCAGB_02222	contig_1	2180983	2181516	+	OEKLIE_00103	1	cloud	0	0	4
HFCAGB_02223	contig_1	2181574	2182401	+	OEKLIE_00104	1	cloud	0	0	3
HFCAGB_02224	contig_1	2182538	2183077	+	HFCAGB_02224	1	cloud	0	0	5
HFCAGB_02225	contig_1	2183148	2183885	+	HFCAGB_02225	1	cloud	0	0	2
HFCAGB_02226	contig_1	2183885	2184358	+	GEGEGB_02021	2	cloud	0	0	6
HFCAGB_02227	contig_1	2184362	2185111	+	HFCAGB_02227	1	cloud	0	0	2
HFCAGB_02228	contig_1	2185108	2185677	+	OEKLIE_00110	1	cloud	0	0	3
HFCAGB_02229	contig_1	2185717	2185944	+	HFCAGB_02229	1	cloud	0	0	2
HFCAGB_02230	contig_1	2186081	2186935	+	OEKLIE_00112	1	cloud	0	1	2
HFCAGB_02232	contig_1	2187227	2188024	+	HFCAGB_02232	1	shell	2	1	4
HFCAGB_02234	contig_1	2188380	2189654	+	HFCAGB_02234	1	cloud	0	1	3
HFCAGB_02235	contig_1	2190456	2190953	-	HFCAGB_02235	1	cloud	0	0	2
HFCAGB_02236	contig_1	2190964	2191293	-	HFCAGB_02236	1	cloud	0	0	2
HFCAGB_02237	contig_1	2191315	2191923	-	HFCAGB_02237	1	cloud	0	0	2
HFCAGB_02238	contig_1	2192289	2193170	+	HFCAGB_02238	1	cloud	0	0	2
HFCAGB_02239	contig_1	2193744	2195540	-	HFCAGB_02239	1	cloud	0	0	2
HFCAGB_02240	contig_1	2195598	2196155	-	HFCAGB_02240	1	cloud	0	0	3
HFCAGB_02241	contig_1	2196563	2196868	-	HFCAGB_02241	1	cloud	0	0	3
HFCAGB_02242	contig_1	2197505	2199025	+	HFCAGB_02242	1	cloud	0	0	2
HFCAGB_02243	contig_1	2199049	2199894	-	HFCAGB_02243	1	cloud	0	0	2
HFCAGB_02244	contig_1	2200125	2200388	-	HFCAGB_02244	1	cloud	0	0	3
HFCAGB_02245	contig_1	2200399	2200929	-	HFCAGB_02245	1	cloud	0	0	2
HFCAGB_02246	contig_1	2201364	2201837	+	HFCAGB_02246	1	cloud	0	0	2
HFCAGB_02247	contig_1	2201870	2202247	+	HFCAGB_02247	1	cloud	0	0	3
HFCAGB_02248	contig_1	2202325	2203935	-	HFCAGB_02248	1	cloud	0	0	2
HFCAGB_02249	contig_1	2203987	2204949	-	HFCAGB_02249	1	cloud	0	0	2
HFCAGB_02250	contig_1	2205005	2205391	-	HFCAGB_02250	1	cloud	0	0	2
HFCAGB_02251	contig_1	2205476	2205745	-	HFCAGB_02251	1	cloud	0	0	3
HFCAGB_02252	contig_1	2207105	2207839	+	HFCAGB_02252	1	cloud	0	0	2
HFCAGB_02253	contig_1	2207867	2208658	+	HFCAGB_02253	1	cloud	0	0	2
HFCAGB_02254	contig_1	2208744	2209223	+	HFCAGB_02254	1	cloud	0	0	3
HFCAGB_02255	contig_1	2209384	2209788	+	HFCAGB_02255	1	cloud	0	0	2
HFCAGB_02256	contig_1	2210204	2210356	-	HFCAGB_02256	1	cloud	0	0	2
HFCAGB_02257	contig_1	2210817	2212088	-	HFCAGB_02257	1	cloud	0	0	2
HFCAGB_02258	contig_1	2212334	2212630	-	HFCAGB_02258	1	cloud	0	0	3
HFCAGB_02259	contig_1	2212675	2212965	-	HFCAGB_02259	1	cloud	0	0	2
HFCAGB_02260	contig_1	2213047	2213265	-	HFCAGB_02260	1	cloud	0	0	3
HFCAGB_02261	contig_1	2213416	2214291	-	HFCAGB_02261	1	cloud	0	1	3
HFCAGB_02262	contig_1	2214834	2215358	+	HFCAGB_02262	1	shell	0	3	4
HFCAGB_02264	contig_1	2215833	2216051	+	AJBGEP_02166	2	shell	0	2	2
HFCAGB_02265	contig_1	2215993	2216529	+	AJBGEP_02166	2	shell	0	2	2
HFCAGB_02266	contig_1	2216872	2219040	+	HFCAGB_02266	1	shell	0	2	2
HFCAGB_02267	contig_1	2219097	2220827	+	HFCAGB_02267	1	shell	0	2	0
HFCAGB_02268	contig_1	2221037	2221210	+	BEJGEH_02009	1	shell	1	2	0
HFCAGB_02269	contig_1	2221732	2223186	-	GEGEGB_00920	1	persistent	2	3	1
HFCAGB_02270	contig_1	2223382	2223708	-	LNHIMF_02081	1	persistent	2	0	1
HFCAGB_02272	contig_1	2224801	2226225	-	GEGEGB_00917	1	persistent	3	0	3
HFCAGB_02274	contig_1	2226719	2227648	-	LNHIMF_02095	1	persistent	2	0	2
HFCAGB_02275	contig_1	2227726	2228796	-	LNHIMF_02096	1	persistent	2	0	0
HFCAGB_02276	contig_1	2228823	2229566	-	LNHIMF_02097	1	persistent	2	0	0
HFCAGB_02277	contig_1	2229563	2230108	-	LNHIMF_02098	1	persistent	2	0	0
HFCAGB_02278	contig_1	2230105	2231625	-	GEGEGB_00911	1	persistent	2	0	0
HFCAGB_02279	contig_1	2231622	2232437	-	LNHIMF_02100	1	persistent	2	0	0
HFCAGB_02280	contig_1	2232446	2233123	-	GEGEGB_00909	1	persistent	2	0	0
HFCAGB_02281	contig_1	2233110	2233391	-	LNHIMF_02102	1	persistent	2	0	0
HFCAGB_02282	contig_1	2233393	2234130	-	LNHIMF_02103	1	persistent	2	0	0
HFCAGB_02283	contig_1	2234127	2234840	-	GEGEGB_00905	1	persistent	2	0	0
HFCAGB_02284	contig_1	2234837	2235631	-	BEJGEH_02042	1	persistent	2	0	1
HFCAGB_02285	contig_1	2235634	2236425	-	LNHIMF_02106	1	persistent	2	0	1
HFCAGB_02286	contig_1	2236422	2237147	-	GEGEGB_00901	1	persistent	2	0	0
HFCAGB_02287	contig_1	2237147	2238202	-	GEGEGB_00900	1	persistent	2	0	0
HFCAGB_02288	contig_1	2238183	2238956	-	GEGEGB_00899	1	persistent	2	0	0
HFCAGB_02289	contig_1	2238940	2239518	-	LNHIMF_02110	1	persistent	2	0	0
HFCAGB_02290	contig_1	2239508	2240113	-	GEGEGB_00897	1	persistent	2	0	0
HFCAGB_02291	contig_1	2240107	2241246	-	LNHIMF_02112	1	persistent	2	0	1
HFCAGB_02292	contig_1	2241246	2241878	-	LNHIMF_02113	1	persistent	2	0	0
HFCAGB_02293	contig_1	2241889	2242848	-	LNHIMF_02114	1	persistent	2	0	1
HFCAGB_02294	contig_1	2242845	2244224	-	LNHIMF_02115	1	persistent	2	0	1
HFCAGB_02295	contig_1	2244822	2245733	-	LNHIMF_02116	1	persistent	2	0	1
HFCAGB_02297	contig_1	2245950	2246744	-	LNHIMF_02118	1	persistent	2	0	0
HFCAGB_02298	contig_1	2247269	2247553	+	GEGEGB_00882	2	persistent	4	0	0
HFCAGB_02299	contig_1	2247550	2248362	+	GEGEGB_00888	1	persistent	2	0	0
HFCAGB_02300	contig_1	2248381	2250045	+	GEGEGB_00887	1	persistent	2	0	0
HFCAGB_02301	contig_1	2250056	2250730	+	LNHIMF_02122	1	persistent	2	0	0
HFCAGB_02302	contig_1	2250745	2251266	+	LNHIMF_02123	1	persistent	2	0	0
HFCAGB_02303	contig_1	2251276	2253108	+	LNHIMF_02124	1	persistent	2	0	0
HFCAGB_02304	contig_1	2253098	2253448	+	GEGEGB_00883	1	persistent	2	0	0
HFCAGB_02305	contig_1	2253467	2253742	+	GEGEGB_00882	2	persistent	4	0	0
HFCAGB_02306	contig_1	2253767	2254228	+	GEGEGB_00881	1	persistent	2	0	0
HFCAGB_02307	contig_1	2254228	2254860	+	LNHIMF_02128	1	persistent	2	0	0
HFCAGB_02308	contig_1	2254857	2255348	+	LNHIMF_02129	1	persistent	3	0	0
HFCAGB_02309	contig_1	2255352	2255627	+	LNHIMF_02130	1	persistent	2	0	0
HFCAGB_02310	contig_1	2255637	2256647	+	GEGEGB_00878	1	persistent	3	0	0
HFCAGB_02311	contig_1	2256644	2258038	+	LNHIMF_02132	1	persistent	2	0	0
HFCAGB_02312	contig_1	2258050	2259162	+	GEGEGB_00876	1	persistent	2	0	0
HFCAGB_02313	contig_1	2259159	2260514	+	BEJGEH_02071	1	persistent	2	0	0
HFCAGB_02314	contig_1	2260517	2261071	+	LNHIMF_02135	1	persistent	2	0	0
HFCAGB_02315	contig_1	2261071	2261421	+	GEGEGB_00873	1	persistent	2	0	0
HFCAGB_02316	contig_1	2261426	2261878	+	LNHIMF_02137	1	persistent	2	0	0
HFCAGB_02317	contig_1	2261863	2263077	+	LNHIMF_02138	1	persistent	2	0	0
HFCAGB_02318	contig_1	2263135	2264037	+	LNHIMF_02139	1	persistent	2	0	0
HFCAGB_02319	contig_1	2264071	2264406	-	GEGEGB_00869	1	persistent	2	0	0
HFCAGB_02320	contig_1	2264651	2265709	-	LNHIMF_02141	1	persistent	2	0	0
HFCAGB_02321	contig_1	2265828	2266295	-	GEGEGB_00867	1	persistent	2	0	0
HFCAGB_02322	contig_1	2266446	2267612	-	LNHIMF_02143	1	persistent	2	0	0
HFCAGB_02323	contig_1	2267742	2268506	-	GEGEGB_00864	1	persistent	2	0	0
HFCAGB_02324	contig_1	2268503	2269081	-	GEGEGB_00863	1	persistent	2	0	0
HFCAGB_02325	contig_1	2269096	2271372	-	LNHIMF_02146	1	persistent	2	0	0
HFCAGB_02326	contig_1	2271991	2274339	+	HFCAGB_02326	1	persistent	2	0	1
HFCAGB_02327	contig_1	2274706	2276136	+	GEGEGB_00858	1	persistent	2	0	1
HFCAGB_02328	contig_1	2276272	2277630	-	GEGEGB_00857	1	persistent	2	0	0
HFCAGB_02329	contig_1	2277620	2277682	-	GEGEGB_00856	1	persistent	2	0	0
HFCAGB_02331	contig_1	2277916	2278830	-	GEGEGB_00854	1	persistent	2	0	0
HFCAGB_02332	contig_1	2278876	2279700	-	GEGEGB_00853	1	persistent	2	0	1
HFCAGB_02333	contig_1	2279863	2279913	+	LNHIMF_02213	1	persistent	2	0	0
HFCAGB_02334	contig_1	2280059	2280958	+	GEGEGB_00851	1	persistent	2	0	1
HFCAGB_02335	contig_1	2281061	2282365	+	LNHIMF_02215	1	persistent	2	0	0
HFCAGB_02336	contig_1	2282362	2283441	+	LNHIMF_02216	1	persistent	2	0	0
HFCAGB_02337	contig_1	2283438	2284505	+	LNHIMF_02217	1	persistent	2	0	0
HFCAGB_02338	contig_1	2284505	2285095	+	GEGEGB_00847	1	persistent	2	0	0
HFCAGB_02339	contig_1	2285095	2285832	+	GEGEGB_00846	1	persistent	2	0	0
HFCAGB_02340	contig_1	2285814	2286590	+	GEGEGB_00845	1	persistent	2	0	0
HFCAGB_02341	contig_1	2286584	2287195	+	LNHIMF_02221	1	persistent	2	0	0
HFCAGB_02342	contig_1	2287276	2288259	-	GEGEGB_00843	1	persistent	2	0	0
HFCAGB_02343	contig_1	2288402	2289568	-	LNHIMF_02223	1	persistent	2	0	0
HFCAGB_02344	contig_1	2289806	2291212	-	LNHIMF_02224	1	persistent	2	0	1
HFCAGB_02345	contig_1	2291376	2292806	-	LNHIMF_02225	1	persistent	1	1	1
HFCAGB_02346	contig_1	2292877	2294310	-	LNHIMF_02226	1	shell	1	1	0
HFCAGB_02347	contig_1	2294297	2295736	-	LNHIMF_02227	1	shell	0	2	0
HFCAGB_02348	contig_1	2295737	2296681	-	LNHIMF_02228	1	shell	0	2	0
HFCAGB_02349	contig_1	2296682	2297743	-	HFCAGB_02349	1	shell	0	2	2
HFCAGB_02350	contig_1	2298318	2299319	-	ALJMDI_01835	1	cloud	0	1	1
HFCAGB_02351	contig_1	2299321	2300604	-	GEGEGB_00834	1	cloud	0	0	2
HFCAGB_02352	contig_1	2300690	2301706	-	GEGEGB_00833	1	cloud	0	0	2
HFCAGB_02353	contig_1	2301703	2302527	-	ALJMDI_01838	1	cloud	1	0	1
HFCAGB_02354	contig_1	2302578	2303891	-	LNHIMF_02237	1	persistent	1	1	2
HFCAGB_02355	contig_1	2303918	2304997	-	LNHIMF_02238	1	persistent	2	0	0
HFCAGB_02356	contig_1	2305002	2305775	-	GEGEGB_00829	1	persistent	2	0	0
HFCAGB_02357	contig_1	2305791	2306765	-	AJBGEP_02257	1	persistent	2	0	0
HFCAGB_02358	contig_1	2306771	2307319	-	GEGEGB_00827	1	persistent	2	0	0
HFCAGB_02359	contig_1	2307323	2308201	-	LNHIMF_02242	1	persistent	2	0	0
HFCAGB_02360	contig_1	2308249	2309148	-	LNHIMF_02243	1	persistent	2	0	0
HFCAGB_02361	contig_1	2309148	2310233	-	GEGEGB_00824	1	persistent	2	0	0
HFCAGB_02362	contig_1	2310610	2311503	-	GEGEGB_00823	1	persistent	2	0	1
HFCAGB_02363	contig_1	2311681	2313084	-	LNHIMF_02246	1	persistent	2	0	0
HFCAGB_02364	contig_1	2313095	2314315	-	LNHIMF_02247	1	persistent	2	0	0
HFCAGB_02365	contig_1	2314312	2315592	-	LNHIMF_02248	1	persistent	2	0	1
HFCAGB_02366	contig_1	2315614	2317092	-	LNHIMF_02249	1	persistent	2	0	1
HFCAGB_02367	contig_1	2317194	2318588	-	LNHIMF_02250	1	persistent	2	0	0
HFCAGB_02368	contig_1	2318642	2320012	-	HFCAGB_02368	1	persistent	2	0	2
HFCAGB_02369	contig_1	2320123	2321559	-	GEGEGB_00815	1	persistent	2	0	0
HFCAGB_02370	contig_1	2321562	2322785	-	GEGEGB_00814	1	persistent	2	0	0
HFCAGB_02371	contig_1	2322782	2323255	-	LNHIMF_02254	1	persistent	2	0	0
HFCAGB_02372	contig_1	2323258	2324223	-	LNHIMF_02255	1	persistent	2	0	0
HFCAGB_02373	contig_1	2324226	2325347	-	LNHIMF_02256	1	persistent	2	0	0
HFCAGB_02374	contig_1	2325371	2325925	-	GEGEGB_00810	1	persistent	2	0	0
HFCAGB_02375	contig_1	2325941	2326687	-	GEGEGB_00809	1	persistent	2	0	0
HFCAGB_02376	contig_1	2326700	2327914	-	LNHIMF_02259	1	persistent	2	0	0
HFCAGB_02377	contig_1	2327889	2329106	-	GEGEGB_00806	1	persistent	2	0	0
HFCAGB_02378	contig_1	2329103	2329591	-	GEGEGB_00805	1	persistent	2	0	0
HFCAGB_02379	contig_1	2329594	2330505	-	GEGEGB_00804	1	persistent	2	0	0
HFCAGB_02380	contig_1	2330523	2332682	-	LNHIMF_02263	1	persistent	2	0	0
HFCAGB_02381	contig_1	2332679	2333128	-	LNHIMF_02264	1	persistent	2	0	0
HFCAGB_02382	contig_1	2333134	2334273	-	LNHIMF_02265	1	persistent	2	0	0
HFCAGB_02383	contig_1	2334948	2336528	+	GEGEGB_00800	1	persistent	2	0	0
HFCAGB_02384	contig_1	2336614	2338470	-	LNHIMF_02267	1	persistent	2	0	0
HFCAGB_02385	contig_1	2338509	2339090	-	GEGEGB_00798	1	persistent	2	0	0
HFCAGB_02386	contig_1	2339181	2339822	-	GEGEGB_00797	1	persistent	2	0	0
HFCAGB_02387	contig_1	2340153	2340524	+	LNHIMF_02270	2	persistent	2	0	0
HFCAGB_02388	contig_1	2340549	2343143	+	LNHIMF_02270	2	persistent	2	0	0
HFCAGB_02389	contig_1	2343111	2343980	-	GEGEGB_00795	1	persistent	2	0	1
HFCAGB_02390	contig_1	2344127	2345041	+	LNHIMF_02272	2	persistent	2	1	1
HFCAGB_02391	contig_1	2345038	2345466	+	LNHIMF_02272	2	persistent	2	1	1
HFCAGB_02393	contig_1	2345605	2345802	+	LNHIMF_02274	1	persistent	2	1	0
HFCAGB_02394	contig_1	2345907	2347148	+	LNHIMF_02275	1	persistent	2	0	0
HFCAGB_02395	contig_1	2347148	2350270	+	GEGEGB_00789	1	persistent	2	0	0
HFCAGB_02396	contig_1	2350271	2353351	+	LNHIMF_02277	1	persistent	2	0	0
HFCAGB_02397	contig_1	2353348	2354760	+	GEGEGB_00787	1	persistent	2	0	0
HFCAGB_02398	contig_1	2354760	2356163	+	LNHIMF_02279	1	persistent	2	0	0
HFCAGB_02399	contig_1	2356160	2356882	+	LNHIMF_02280	1	persistent	2	0	1
HFCAGB_02400	contig_1	2357151	2358353	+	AJBGEP_02298	1	persistent	2	0	1
HFCAGB_02401	contig_1	2358353	2359069	+	BEJGEH_02156	1	persistent	2	0	0
HFCAGB_02402	contig_1	2359080	2361191	+	LNHIMF_02283	1	persistent	2	0	2
HFCAGB_02403	contig_1	2361307	2362668	+	GEGEGB_00769	1	persistent	2	1	1
HFCAGB_02405	contig_1	2363308	2363724	-	LNHIMF_02286	1	persistent	3	1	0
HFCAGB_02406	contig_1	2363846	2364181	-	LNHIMF_02287	1	persistent	2	0	0
HFCAGB_02407	contig_1	2364743	2365642	+	LNHIMF_02288	1	persistent	3	0	0
HFCAGB_02408	contig_1	2365695	2366747	-	GEGEGB_00764	1	persistent	2	0	0
HFCAGB_02409	contig_1	2367001	2368272	+	GEGEGB_00763	1	persistent	2	0	0
HFCAGB_02410	contig_1	2368269	2369273	+	GEGEGB_00762	1	persistent	2	0	0
HFCAGB_02411	contig_1	2369270	2370235	+	GEGEGB_00761	1	persistent	2	0	0
HFCAGB_02412	contig_1	2370209	2370955	-	GEGEGB_00760	1	persistent	2	0	0
HFCAGB_02413	contig_1	2370991	2371791	-	GEGEGB_00759	1	persistent	2	0	0
HFCAGB_02414	contig_1	2371778	2372575	-	GEGEGB_00758	1	persistent	2	0	0
HFCAGB_02415	contig_1	2372985	2373299	+	GEGEGB_00757	1	persistent	1	1	1
HFCAGB_02416	contig_1	2373343	2374365	-	LNHIMF_02297	1	cloud	1	0	1
HFCAGB_02417	contig_1	2374381	2376867	-	LNHIMF_02298	1	cloud	0	0	2
HFCAGB_02418	contig_1	2376896	2377576	-	LNHIMF_02299	1	cloud	0	0	2
HFCAGB_02419	contig_1	2377638	2378171	-	LNHIMF_02300	1	cloud	1	0	1
HFCAGB_02420	contig_1	2378450	2378731	-	GEGEGB_00751	1	persistent	1	1	1
HFCAGB_02421	contig_1	2379009	2380118	-	LNHIMF_02302	1	persistent	2	1	0
HFCAGB_02422	contig_1	2380283	2382316	+	LNHIMF_02303	1	persistent	2	0	0
HFCAGB_02423	contig_1	2382557	2383015	+	GEGEGB_00748	1	persistent	2	0	0
HFCAGB_02424	contig_1	2383187	2383717	+	GEGEGB_00747	1	persistent	2	0	0
HFCAGB_02425	contig_1	2383774	2384241	-	LNHIMF_02306	1	persistent	2	0	0
HFCAGB_02426	contig_1	2384288	2385007	-	LNHIMF_02307	1	persistent	2	0	0
HFCAGB_02427	contig_1	2385004	2386689	-	LNHIMF_02308	1	persistent	2	0	0
HFCAGB_02428	contig_1	2386912	2387643	+	LNHIMF_02309	1	persistent	2	0	0
HFCAGB_02429	contig_1	2387703	2387810	+	GEGEGB_00742	1	persistent	2	0	0
HFCAGB_02430	contig_1	2387791	2388522	-	GEGEGB_00741	1	persistent	2	0	0
HFCAGB_02431	contig_1	2388506	2389453	-	GEGEGB_00740	1	persistent	2	0	0
HFCAGB_02432	contig_1	2389446	2390615	-	LNHIMF_02313	1	persistent	2	0	0
HFCAGB_02433	contig_1	2390619	2391536	-	GEGEGB_00738	1	persistent	2	0	0
HFCAGB_02434	contig_1	2391717	2394014	-	LNHIMF_02315	1	persistent	2	0	0
HFCAGB_02435	contig_1	2394281	2396011	+	GEGEGB_00736	1	persistent	2	0	0
HFCAGB_02436	contig_1	2396070	2396978	-	GEGEGB_00735	1	persistent	2	0	0
HFCAGB_02437	contig_1	2397183	2397770	-	GEGEGB_00734	1	persistent	2	0	0
HFCAGB_02438	contig_1	2397929	2398498	+	GEGEGB_00733	1	persistent	2	0	0
HFCAGB_02439	contig_1	2398547	2399308	-	GEGEGB_00732	1	persistent	2	0	1
HFCAGB_02440	contig_1	2399374	2400810	-	GEGEGB_00731	1	persistent	2	0	2
HFCAGB_02441	contig_1	2401128	2401211	+	GEGEGB_00730	1	persistent	2	0	0
HFCAGB_02442	contig_1	2401269	2402207	-	LNHIMF_02323	1	persistent	2	0	1
HFCAGB_02443	contig_1	2402316	2403509	-	GEGEGB_00728	1	persistent	2	0	0
HFCAGB_02444	contig_1	2403524	2404168	-	GEGEGB_00727	1	persistent	2	0	0
HFCAGB_02445	contig_1	2404177	2404878	-	GEGEGB_00726	1	persistent	2	0	0
HFCAGB_02446	contig_1	2404894	2405931	-	GEGEGB_00725	1	persistent	2	0	0
HFCAGB_02447	contig_1	2405943	2407301	-	GEGEGB_00724	1	persistent	2	0	0
HFCAGB_02448	contig_1	2407427	2408335	+	GEGEGB_00723	1	persistent	2	0	0
HFCAGB_02449	contig_1	2408467	2408865	+	GEGEGB_00722	1	persistent	2	0	0
HFCAGB_02450	contig_1	2408862	2409557	+	GEGEGB_00721	1	persistent	2	0	0
HFCAGB_02451	contig_1	2409711	2410595	+	GEGEGB_00720	1	persistent	2	0	0
HFCAGB_02452	contig_1	2410772	2411491	+	LNHIMF_02333	1	persistent	2	0	0
HFCAGB_02453	contig_1	2411494	2411733	+	GEGEGB_00718	1	persistent	2	0	0
HFCAGB_02454	contig_1	2411938	2413179	+	GEGEGB_00717	1	persistent	2	0	0
HFCAGB_02455	contig_1	2413173	2414408	+	BEJGEH_02222	1	persistent	2	0	0
HFCAGB_02456	contig_1	2414483	2415493	-	LNHIMF_02337	1	persistent	2	0	0
HFCAGB_02457	contig_1	2415509	2416567	-	LNHIMF_02338	2	persistent	2	0	0
HFCAGB_02458	contig_1	2416646	2417029	-	LNHIMF_02338	2	persistent	2	0	0
HFCAGB_02459	contig_1	2417163	2417360	-	LNHIMF_02339	2	persistent	2	0	0
HFCAGB_02460	contig_1	2417357	2418139	-	LNHIMF_02339	2	persistent	2	0	0
HFCAGB_02461	contig_1	2418638	2419660	-	LNHIMF_02340	1	persistent	2	0	0
HFCAGB_02462	contig_1	2419810	2420970	-	LNHIMF_02341	1	persistent	2	0	0
HFCAGB_02463	contig_1	2420967	2421635	-	GEGEGB_00708	1	persistent	2	0	0
HFCAGB_02464	contig_1	2421965	2422822	+	GEGEGB_00707	1	persistent	2	0	0
HFCAGB_02465	contig_1	2422811	2423200	-	GEGEGB_00706	1	persistent	2	0	0
HFCAGB_02466	contig_1	2423205	2424572	-	LNHIMF_02345	1	persistent	2	0	0
HFCAGB_02467	contig_1	2424789	2425676	+	GEGEGB_00704	1	persistent	2	0	0
HFCAGB_02468	contig_1	2425709	2427031	+	LNHIMF_02347	1	persistent	2	0	0
HFCAGB_02469	contig_1	2427075	2429066	-	LNHIMF_02348	1	persistent	2	0	3
HFCAGB_02470	contig_1	2429414	2430883	-	LNHIMF_02350	1	persistent	2	0	3
HFCAGB_02471	contig_1	2431073	2431936	-	GEGEGB_00698	1	persistent	2	0	1
HFCAGB_02472	contig_1	2432057	2433106	+	GEGEGB_00697	1	persistent	2	0	0
HFCAGB_02473	contig_1	2433185	2434042	+	GEGEGB_00696	1	persistent	2	0	0
HFCAGB_02474	contig_1	2434107	2435795	-	GEGEGB_00695	1	persistent	2	0	0
HFCAGB_02475	contig_1	2435812	2436750	-	GEGEGB_00694	1	persistent	2	0	1
HFCAGB_02476	contig_1	2436750	2437880	-	GEGEGB_00693	1	persistent	2	0	0
HFCAGB_02477	contig_1	2438249	2439430	+	GEGEGB_00692	1	persistent	2	0	0
HFCAGB_02478	contig_1	2439494	2440159	-	BEJGEH_02246	1	persistent	2	0	0
HFCAGB_02479	contig_1	2440671	2440925	-	GEGEGB_00690	1	persistent	2	0	0
HFCAGB_02480	contig_1	2441250	2441822	+	GEGEGB_00689	1	persistent	2	0	0
HFCAGB_02481	contig_1	2442035	2443021	+	GEGEGB_00688	1	persistent	2	0	0
HFCAGB_02482	contig_1	2443051	2443770	+	GEGEGB_00687	1	persistent	2	0	0
HFCAGB_02483	contig_1	2444184	2444756	+	GEGEGB_00686	1	persistent	2	0	0
HFCAGB_02484	contig_1	2445130	2446686	+	GEGEGB_00685	1	persistent	2	0	0
HFCAGB_02485	contig_1	2446793	2448598	+	GEGEGB_00684	1	persistent	2	0	0
HFCAGB_02486	contig_1	2448608	2449702	+	GEGEGB_00683	1	persistent	2	0	0
HFCAGB_02487	contig_1	2449702	2450727	+	GEGEGB_00682	1	persistent	2	0	0
HFCAGB_02488	contig_1	2450729	2452318	+	GEGEGB_00681	1	persistent	2	0	0
HFCAGB_02489	contig_1	2452322	2452666	-	GEGEGB_00680	1	persistent	2	0	0
HFCAGB_02490	contig_1	2453057	2454247	-	LNHIMF_02371	1	persistent	2	0	0
HFCAGB_02491	contig_1	2454275	2454970	-	GEGEGB_00678	1	persistent	2	0	0
HFCAGB_02492	contig_1	2455122	2456882	+	GEGEGB_00677	1	persistent	2	0	0
HFCAGB_02493	contig_1	2457007	2457291	+	GEGEGB_00676	1	persistent	3	0	0
HFCAGB_02494	contig_1	2457400	2458020	-	GEGEGB_00675	1	persistent	2	0	0
HFCAGB_02495	contig_1	2458048	2459055	-	GEGEGB_00674	1	persistent	3	0	0
HFCAGB_02496	contig_1	2459235	2459462	+	GEGEGB_00673	1	persistent	2	0	0
HFCAGB_02497	contig_1	2459494	2461254	+	GEGEGB_00672	1	persistent	2	0	4
HFCAGB_02499	contig_1	2461715	2461864	-	HFCAGB_02499	1	cloud	1	1	0
HFCAGB_02500	contig_1	2462025	2464391	-	PKJKAM_03030	1	shell	0	2	2
HFCAGB_02501	contig_1	2465061	2465345	-	GEGEGB_00668	2	shell	1	1	0
HFCAGB_02502	contig_1	2465388	2465852	-	GEGEGB_00668	2	shell	1	1	0
HFCAGB_02504	contig_1	2465981	2466358	+	IKCLMC_01756	1	persistent	3	1	0
HFCAGB_02505	contig_1	2466550	2467107	-	LNHIMF_02380	1	persistent	2	0	2
HFCAGB_02506	contig_1	2467843	2468490	+	GEGEGB_00665	1	persistent	3	0	1
HFCAGB_02507	contig_1	2468534	2469577	-	GEGEGB_00664	2	persistent	3	0	0
HFCAGB_02508	contig_1	2469574	2470131	-	GEGEGB_00663	2	persistent	2	0	1
HFCAGB_02509	contig_1	2470128	2472059	-	GEGEGB_00662	2	persistent	2	0	0
HFCAGB_02510	contig_1	2472056	2472556	-	HFCAGB_02510	2	persistent	2	0	0
HFCAGB_02511	contig_1	2472553	2472726	-	AJBGEP_02420	2	persistent	2	0	0
HFCAGB_02512	contig_1	2472762	2473508	-	GEGEGB_00659	2	persistent	2	0	0
HFCAGB_02513	contig_1	2473551	2474207	-	GEGEGB_00658	2	persistent	2	0	0
HFCAGB_02514	contig_1	2474207	2474824	-	GEGEGB_03907	2	persistent	3	0	0
HFCAGB_02515	contig_1	2474845	2475447	-	LNHIMF_02390	1	persistent	2	0	0
HFCAGB_02516	contig_1	2475457	2475906	-	GEGEGB_00655	1	persistent	2	0	0
HFCAGB_02517	contig_1	2476022	2476891	-	GEGEGB_00654	1	persistent	2	0	0
HFCAGB_02518	contig_1	2476878	2477573	-	GEGEGB_00653	1	persistent	2	0	0
HFCAGB_02519	contig_1	2477580	2480066	-	GEGEGB_00652	1	persistent	2	0	0
HFCAGB_02520	contig_1	2480063	2480326	-	GEGEGB_00651	1	persistent	2	0	0
HFCAGB_02521	contig_1	2480316	2480807	-	LNHIMF_02396	1	persistent	3	0	0
HFCAGB_02522	contig_1	2480919	2481050	+	GEGEGB_00649	1	persistent	2	0	0
HFCAGB_02523	contig_1	2481209	2481715	+	GEGEGB_00648	1	persistent	3	0	0
HFCAGB_02524	contig_1	2481915	2483558	-	LNHIMF_02399	1	persistent	2	0	0
HFCAGB_02525	contig_1	2483634	2484284	-	LNHIMF_02400	1	persistent	2	0	0
HFCAGB_02526	contig_1	2484287	2485345	-	LNHIMF_02401	1	persistent	2	0	0
HFCAGB_02527	contig_1	2485429	2486481	-	GEGEGB_00644	1	persistent	2	0	0
HFCAGB_02528	contig_1	2486596	2487732	-	GEGEGB_00643	1	persistent	2	0	0
HFCAGB_02530	contig_1	2488461	2491130	+	LNHIMF_02405	1	persistent	2	0	0
HFCAGB_02531	contig_1	2491147	2491797	+	GEGEGB_00640	1	persistent	2	0	0
HFCAGB_02532	contig_1	2491899	2494745	-	LNHIMF_02407	1	persistent	2	1	0
HFCAGB_02533	contig_1	2494863	2497499	-	LNHIMF_02408	1	persistent	2	0	1
HFCAGB_02534	contig_1	2497909	2499111	-	LNHIMF_02409	1	persistent	2	0	0
HFCAGB_02535	contig_1	2499126	2500451	-	LNHIMF_02410	1	persistent	2	0	0
HFCAGB_02536	contig_1	2500501	2501385	+	GEGEGB_00631	1	persistent	2	0	0
HFCAGB_02537	contig_1	2501468	2502196	+	LNHIMF_02413	1	persistent	2	0	0
HFCAGB_02538	contig_1	2502552	2504837	+	LNHIMF_02414	1	persistent	2	0	0
HFCAGB_02539	contig_1	2504950	2506080	+	GEGEGB_00628	1	persistent	2	0	0
HFCAGB_02540	contig_1	2506080	2506334	+	GEGEGB_00627	1	persistent	2	0	0
HFCAGB_02541	contig_1	2506336	2507553	-	BEJGEH_02304	1	persistent	2	0	0
HFCAGB_02542	contig_1	2507688	2508566	+	LNHIMF_02419	1	persistent	2	0	0
HFCAGB_02543	contig_1	2508682	2509752	-	LNHIMF_02420	1	persistent	2	0	0
HFCAGB_02544	contig_1	2509757	2511115	-	LNHIMF_02421	1	persistent	2	0	0
HFCAGB_02545	contig_1	2511388	2513016	+	LNHIMF_02422	1	persistent	2	0	0
HFCAGB_02546	contig_1	2513006	2514265	+	LNHIMF_02423	1	persistent	2	0	0
HFCAGB_02547	contig_1	2514262	2515452	+	LNHIMF_02424	1	persistent	2	0	0
HFCAGB_02549	contig_1	2515878	2516624	+	BEJGEH_02312	1	persistent	2	0	0
HFCAGB_02550	contig_1	2517010	2517186	-	GEGEGB_00612	2	persistent	4	0	0
HFCAGB_02551	contig_1	2517192	2517995	-	LNHIMF_02428	1	persistent	2	0	0
HFCAGB_02552	contig_1	2518021	2519310	-	GEGEGB_00615	1	persistent	2	0	0
HFCAGB_02553	contig_1	2519366	2520571	-	GEGEGB_00614	1	persistent	2	0	0
HFCAGB_02554	contig_1	2520585	2521367	-	LNHIMF_02431	1	persistent	2	0	0
HFCAGB_02555	contig_1	2521617	2522813	-	GEGEGB_00612	2	persistent	4	0	0
HFCAGB_02556	contig_1	2522928	2523494	-	GEGEGB_00611	1	persistent	2	0	0
HFCAGB_02557	contig_1	2523749	2524174	+	GEGEGB_00610	1	persistent	3	0	0
HFCAGB_02558	contig_1	2524219	2524824	-	LNHIMF_02435	1	persistent	2	0	0
HFCAGB_02559	contig_1	2525123	2526262	+	LNHIMF_02436	1	persistent	2	0	0
HFCAGB_02560	contig_1	2526265	2527248	+	GEGEGB_00607	1	persistent	2	0	0
HFCAGB_02561	contig_1	2527245	2529227	+	LNHIMF_02438	1	persistent	2	0	0
HFCAGB_02562	contig_1	2529224	2530123	+	LNHIMF_02439	1	persistent	2	0	0
HFCAGB_02563	contig_1	2530120	2531766	+	LNHIMF_02440	1	persistent	2	0	0
HFCAGB_02564	contig_1	2531763	2532098	+	ALJMDI_02045	1	persistent	2	0	0
HFCAGB_02565	contig_1	2532098	2532475	+	LNHIMF_02442	1	persistent	2	0	0
HFCAGB_02566	contig_1	2532470	2532727	-	LNHIMF_02443	1	persistent	2	0	0
HFCAGB_02567	contig_1	2532825	2534192	-	LNHIMF_02444	1	persistent	2	0	0
HFCAGB_02568	contig_1	2534189	2535151	-	LNHIMF_02445	1	persistent	2	0	0
HFCAGB_02569	contig_1	2535151	2536008	-	GEGEGB_00598	1	persistent	2	0	0
HFCAGB_02570	contig_1	2536023	2536781	-	LNHIMF_02447	1	persistent	2	0	0
HFCAGB_02571	contig_1	2536778	2538448	-	LNHIMF_02448	1	persistent	2	0	0
HFCAGB_02572	contig_1	2538534	2539829	-	LNHIMF_02449	1	persistent	2	0	0
HFCAGB_02573	contig_1	2539930	2540235	-	GEGEGB_00594	1	persistent	2	0	0
HFCAGB_02574	contig_1	2540290	2540751	-	GEGEGB_00593	1	persistent	2	0	0
HFCAGB_02575	contig_1	2540812	2541729	+	GEGEGB_00592	1	persistent	2	0	0
HFCAGB_02576	contig_1	2541795	2542796	+	LNHIMF_02453	1	persistent	2	1	0
HFCAGB_02577	contig_1	2542837	2544618	-	BEJGEH_02340	1	shell	2	0	2
HFCAGB_02578	contig_1	2545507	2546964	-	GEGEGB_00590	1	persistent	2	1	2
HFCAGB_02579	contig_1	2546971	2548500	-	LNHIMF_02455	1	persistent	2	0	0
HFCAGB_02581	contig_1	2548814	2550655	-	LNHIMF_02456	1	persistent	2	0	0
HFCAGB_02582	contig_1	2550652	2550954	-	GEGEGB_00586	1	persistent	2	0	0
HFCAGB_02583	contig_1	2550951	2551505	-	GEGEGB_00585	1	persistent	2	0	0
HFCAGB_02584	contig_1	2551516	2552058	-	GEGEGB_00584	1	persistent	2	0	0
HFCAGB_02585	contig_1	2552073	2553050	-	LNHIMF_02460	1	persistent	2	0	0
HFCAGB_02586	contig_1	2553047	2555773	-	LNHIMF_02461	1	persistent	2	0	0
HFCAGB_02587	contig_1	2555804	2557141	-	LNHIMF_02462	1	persistent	2	0	0
HFCAGB_02588	contig_1	2557138	2557638	-	GEGEGB_00580	1	persistent	2	0	0
HFCAGB_02589	contig_1	2557641	2559443	-	GEGEGB_00579	1	persistent	2	0	0
HFCAGB_02590	contig_1	2559530	2560192	-	GEGEGB_00578	1	persistent	2	0	0
HFCAGB_02591	contig_1	2560208	2560651	-	GEGEGB_00577	1	persistent	2	0	0
HFCAGB_02592	contig_1	2561278	2562216	-	LNHIMF_02467	1	persistent	2	0	0
HFCAGB_02593	contig_1	2563157	2564179	+	GEGEGB_00575	2	persistent	2	0	0
HFCAGB_02594	contig_1	2564157	2564372	+	GEGEGB_00575	2	persistent	2	0	0
HFCAGB_02595	contig_1	2564466	2565065	+	LNHIMF_02469	1	persistent	2	0	0
HFCAGB_02596	contig_1	2565157	2566983	-	LNHIMF_02470	1	persistent	2	0	0
HFCAGB_02597	contig_1	2567060	2567719	-	GEGEGB_00572	1	persistent	2	0	0
HFCAGB_02598	contig_1	2567730	2568224	-	GEGEGB_00571	1	persistent	2	0	0
HFCAGB_02599	contig_1	2568307	2568762	-	LNHIMF_02473	1	persistent	2	0	0
HFCAGB_02600	contig_1	2569102	2570304	+	GEGEGB_00569	1	persistent	2	0	0
HFCAGB_02601	contig_1	2570381	2572525	+	LNHIMF_02475	1	persistent	2	0	0
HFCAGB_02602	contig_1	2572743	2574263	+	GEGEGB_00567	1	persistent	2	0	0
HFCAGB_02603	contig_1	2574312	2575265	-	GEGEGB_00566	1	persistent	2	0	0
HFCAGB_02604	contig_1	2575258	2576088	-	LNHIMF_02478	1	persistent	2	0	0
HFCAGB_02605	contig_1	2576085	2577476	-	LNHIMF_02479	1	persistent	2	0	0
HFCAGB_02606	contig_1	2577497	2577769	-	GEGEGB_00563	1	persistent	2	0	0
HFCAGB_02607	contig_1	2577850	2578293	-	GEGEGB_00562	1	persistent	2	0	0
HFCAGB_02608	contig_1	2578546	2579565	+	GEGEGB_00561	1	persistent	2	0	0
HFCAGB_02609	contig_1	2579571	2580125	-	GEGEGB_00560	1	persistent	2	0	0
HFCAGB_02610	contig_1	2580182	2580733	-	GEGEGB_00559	1	persistent	2	0	0
HFCAGB_02611	contig_1	2580789	2581433	-	LNHIMF_02485	1	persistent	2	0	0
HFCAGB_02612	contig_1	2581576	2582223	+	LNHIMF_02486	1	persistent	2	0	0
HFCAGB_02613	contig_1	2582349	2583242	+	LNHIMF_02487	1	persistent	2	0	0
HFCAGB_02614	contig_1	2583294	2584067	-	LNHIMF_02488	1	persistent	2	0	0
HFCAGB_02615	contig_1	2584081	2584788	-	GEGEGB_00554	1	persistent	2	0	0
HFCAGB_02616	contig_1	2584785	2585471	-	GEGEGB_00553	1	persistent	2	0	0
HFCAGB_02617	contig_1	2585654	2586436	-	LNHIMF_02491	1	persistent	2	0	0
HFCAGB_02618	contig_1	2586674	2587456	-	GEGEGB_00551	1	persistent	2	0	0
HFCAGB_02619	contig_1	2587745	2588314	-	GEGEGB_00550	1	persistent	2	0	0
HFCAGB_02620	contig_1	2588341	2589747	-	LNHIMF_02494	1	persistent	2	0	0
HFCAGB_02621	contig_1	2589811	2590914	-	LNHIMF_02495	1	persistent	2	0	0
HFCAGB_02622	contig_1	2590916	2592337	-	GEGEGB_00547	1	persistent	2	0	0
HFCAGB_02623	contig_1	2592428	2593825	-	GEGEGB_00546	1	persistent	2	0	0
HFCAGB_02624	contig_1	2594036	2595463	+	LNHIMF_02498	1	persistent	2	0	0
HFCAGB_02625	contig_1	2595499	2597016	-	LNHIMF_02499	1	persistent	2	0	0
HFCAGB_02626	contig_1	2597054	2597542	-	GEGEGB_00543	1	persistent	2	0	0
HFCAGB_02627	contig_1	2597853	2598527	-	BEJGEH_02389	1	persistent	2	0	0
HFCAGB_02628	contig_1	2598517	2599785	-	GEGEGB_00541	1	persistent	2	0	0
HFCAGB_02629	contig_1	2599853	2600767	-	GEGEGB_00540	1	persistent	2	0	0
HFCAGB_02630	contig_1	2600917	2601576	-	GEGEGB_00539	1	persistent	2	0	0
HFCAGB_02631	contig_1	2601625	2602437	-	GEGEGB_00538	1	persistent	2	0	0
HFCAGB_02632	contig_1	2602437	2603450	-	GEGEGB_00537	1	persistent	2	0	0
HFCAGB_02633	contig_1	2603518	2604654	-	GEGEGB_00536	1	persistent	2	0	0
HFCAGB_02634	contig_1	2604758	2605759	+	GEGEGB_00535	1	persistent	2	0	0
HFCAGB_02635	contig_1	2605756	2606625	-	LNHIMF_02509	2	persistent	3	0	0
HFCAGB_02636	contig_1	2606641	2606934	-	LNHIMF_02509	2	persistent	3	0	0
HFCAGB_02637	contig_1	2607114	2607488	-	LNHIMF_02510	1	persistent	1	1	1
HFCAGB_02638	contig_1	2607661	2607798	+	GEGEGB_00532	1	shell	1	1	0
HFCAGB_02639	contig_1	2608078	2608446	+	GEGEGB_00531	1	shell	1	1	0
HFCAGB_02640	contig_1	2608446	2608964	+	LNHIMF_02512	1	persistent	2	1	1
HFCAGB_02641	contig_1	2609031	2609687	-	LNHIMF_02513	1	persistent	2	0	0
HFCAGB_02642	contig_1	2609785	2610999	-	GEGEGB_00528	1	persistent	2	0	0
HFCAGB_02643	contig_1	2611159	2613159	+	LNHIMF_02515	1	persistent	2	0	0
HFCAGB_02644	contig_1	2613211	2613486	-	GEGEGB_00526	1	persistent	2	0	0
HFCAGB_02645	contig_1	2613519	2614067	-	LNHIMF_02517	1	persistent	2	0	0
HFCAGB_02646	contig_1	2614067	2614876	-	GEGEGB_00523	1	persistent	2	0	0
HFCAGB_02647	contig_1	2614876	2615700	-	GEGEGB_00522	1	persistent	2	0	0
HFCAGB_02648	contig_1	2615704	2616789	-	LNHIMF_02520	1	persistent	2	0	0
HFCAGB_02649	contig_1	2616825	2617757	-	GEGEGB_00520	1	persistent	2	0	0
HFCAGB_02650	contig_1	2617923	2618474	+	GEGEGB_00519	1	persistent	2	0	0
HFCAGB_02651	contig_1	2618574	2619059	-	GEGEGB_00518	1	persistent	2	0	0
HFCAGB_02652	contig_1	2619268	2621415	-	GEGEGB_00517	1	persistent	2	0	0
HFCAGB_02653	contig_1	2621415	2622725	-	GEGEGB_00516	1	persistent	2	0	0
HFCAGB_02654	contig_1	2622904	2623188	-	GEGEGB_00515	1	persistent	2	0	0
HFCAGB_02655	contig_1	2623560	2624867	+	LNHIMF_02527	1	persistent	2	0	0
HFCAGB_02656	contig_1	2624928	2625683	-	GEGEGB_00513	1	persistent	2	0	0
HFCAGB_02657	contig_1	2625972	2626913	+	GEGEGB_00512	1	persistent	3	0	1
HFCAGB_02659	contig_1	2628234	2628545	+	GEGEGB_02428	3	persistent	3	3	2
HFCAGB_02660	contig_1	2628514	2628768	+	HFCAGB_02660	1	cloud	1	0	1
HFCAGB_02661	contig_1	2628786	2630708	+	HFCAGB_02661	1	cloud	0	0	2
HFCAGB_02662	contig_1	2630825	2631325	-	HFCAGB_02662	1	cloud	1	0	1
HFCAGB_02663	contig_1	2632196	2633134	-	GEGEGB_00505	1	persistent	2	0	2
HFCAGB_02664	contig_1	2633174	2633269	+	GEGEGB_00504	1	persistent	2	0	0
HFCAGB_02665	contig_1	2633402	2634652	-	LNHIMF_02533	1	persistent	2	0	0
HFCAGB_02666	contig_1	2634639	2636645	-	GEGEGB_00502	1	persistent	2	0	0
HFCAGB_02667	contig_1	2636642	2637403	-	GEGEGB_00501	2	persistent	2	0	0
HFCAGB_02668	contig_1	2637416	2637916	-	GEGEGB_00501	2	persistent	2	0	0
HFCAGB_02669	contig_1	2638271	2639662	+	LNHIMF_02536	1	persistent	2	0	0
HFCAGB_02670	contig_1	2639937	2640179	-	GEGEGB_00499	1	persistent	2	0	0
HFCAGB_02671	contig_1	2640339	2640452	-	GEGEGB_00498	1	persistent	2	0	0
HFCAGB_02672	contig_1	2640700	2641620	+	GEGEGB_00497	1	persistent	2	0	0
HFCAGB_02673	contig_1	2642038	2642094	+	GEGEGB_00496	1	persistent	2	1	0
HFCAGB_02674	contig_1	2642144	2643382	-	GEGEGB_00493	1	persistent	2	1	1
HFCAGB_02675	contig_1	2644105	2645070	-	LNHIMF_02542	1	persistent	2	0	1
HFCAGB_02676	contig_1	2645274	2646509	+	GEGEGB_00491	1	persistent	2	0	0
HFCAGB_02677	contig_1	2646529	2647686	-	LNHIMF_02544	2	persistent	2	0	0
HFCAGB_02678	contig_1	2647757	2648182	-	LNHIMF_02544	2	persistent	2	0	0
HFCAGB_02679	contig_1	2648362	2649360	+	GEGEGB_00489	1	persistent	2	0	0
HFCAGB_02680	contig_1	2649474	2649800	+	GEGEGB_00488	1	persistent	2	0	0
HFCAGB_02681	contig_1	2649861	2651102	-	GEGEGB_00487	1	persistent	2	0	0
HFCAGB_02682	contig_1	2651445	2652647	+	GEGEGB_00486	1	persistent	2	0	0
HFCAGB_02683	contig_1	2652700	2654889	-	LNHIMF_02549	1	persistent	2	0	0
HFCAGB_02686	contig_1	2655495	2655857	+	GEGEGB_00482	1	persistent	2	0	0
HFCAGB_02687	contig_1	2655880	2656251	+	GEGEGB_00481	1	persistent	2	0	0
HFCAGB_02688	contig_1	2656305	2657720	-	GEGEGB_00480	1	persistent	2	0	0
HFCAGB_02693	contig_1	2658638	2659522	-	GEGEGB_00475	1	persistent	2	0	0
HFCAGB_02694	contig_1	2659574	2659732	-	GEGEGB_00474	1	persistent	2	0	0
HFCAGB_02695	contig_1	2659791	2661047	-	GEGEGB_00473	1	persistent	2	0	0
HFCAGB_02696	contig_1	2661102	2661935	-	GEGEGB_00472	1	persistent	2	0	0
HFCAGB_02697	contig_1	2662191	2662952	+	LNHIMF_02563	1	persistent	2	0	0
HFCAGB_02698	contig_1	2663014	2663940	-	GEGEGB_00470	1	persistent	2	0	0
HFCAGB_02699	contig_1	2664030	2665028	+	GEGEGB_00469	1	persistent	2	0	0
HFCAGB_02700	contig_1	2665025	2665243	-	LNHIMF_02566	1	persistent	2	0	0
HFCAGB_02701	contig_1	2665245	2667260	-	LNHIMF_02567	1	persistent	2	0	0
HFCAGB_02702	contig_1	2667332	2668318	-	GEGEGB_00466	1	persistent	2	0	0
HFCAGB_02703	contig_1	2668550	2669311	+	GEGEGB_00465	1	persistent	2	0	0
HFCAGB_02704	contig_1	2669475	2670446	+	GEGEGB_00464	1	persistent	2	0	0
HFCAGB_02705	contig_1	2670830	2671087	+	GEGEGB_00463	1	persistent	2	0	0
HFCAGB_02706	contig_1	2671136	2672863	+	GEGEGB_00462	1	persistent	2	0	0
HFCAGB_02707	contig_1	2672904	2673413	+	GEGEGB_00461	1	persistent	2	0	0
HFCAGB_02708	contig_1	2673563	2673802	-	LNHIMF_02574	1	persistent	2	0	0
HFCAGB_02709	contig_1	2673799	2674665	-	GEGEGB_00459	1	persistent	2	0	0
HFCAGB_02710	contig_1	2674748	2676040	+	BEJGEH_02464	1	persistent	2	0	0
HFCAGB_02711	contig_1	2676055	2676774	+	LNHIMF_02577	1	persistent	2	0	0
HFCAGB_02712	contig_1	2676851	2677213	+	BEJGEH_02466	1	persistent	2	1	1
HFCAGB_02713	contig_1	2677226	2677765	+	HFCAGB_02713	1	shell	2	0	0
HFCAGB_02714	contig_1	2677896	2678807	-	LNHIMF_02579	1	persistent	2	1	1
HFCAGB_02715	contig_1	2678875	2679972	-	BEJGEH_02469	1	persistent	2	0	0
HFCAGB_02716	contig_1	2679962	2680837	-	LNHIMF_02581	1	persistent	2	0	0
HFCAGB_02717	contig_1	2680837	2681670	-	GEGEGB_00452	1	persistent	2	0	0
HFCAGB_02718	contig_1	2681670	2682686	-	GEGEGB_00451	1	persistent	2	0	0
HFCAGB_02719	contig_1	2682844	2683635	-	GEGEGB_00450	1	persistent	2	0	1
HFCAGB_02720	contig_1	2683873	2684772	-	GEGEGB_00449	1	persistent	2	0	1
HFCAGB_02721	contig_1	2684867	2685442	-	GEGEGB_00448	1	persistent	2	0	0
HFCAGB_02722	contig_1	2685504	2685953	-	LNHIMF_02587	1	persistent	2	0	0
HFCAGB_02723	contig_1	2685940	2686365	-	GEGEGB_00446	1	persistent	2	0	0
HFCAGB_02724	contig_1	2686578	2687447	+	GEGEGB_00445	1	persistent	2	0	0
HFCAGB_02725	contig_1	2687450	2688349	+	GEGEGB_00444	1	persistent	2	1	2
HFCAGB_02726	contig_1	2688370	2688699	+	GEGEGB_00443	1	shell	2	1	1
HFCAGB_02727	contig_1	2688828	2689550	+	HFCAGB_02727	1	cloud	1	1	0
HFCAGB_02728	contig_1	2690304	2691356	-	LNHIMF_02591	1	persistent	2	2	3
HFCAGB_02729	contig_1	2691404	2691898	-	LNHIMF_02592	1	persistent	2	0	0
HFCAGB_02730	contig_1	2691911	2692570	-	GEGEGB_00439	1	persistent	2	0	0
HFCAGB_02731	contig_1	2692580	2693476	-	LNHIMF_02594	1	persistent	2	0	0
HFCAGB_02732	contig_1	2693495	2694856	-	LNHIMF_02595	1	persistent	2	0	0
HFCAGB_02733	contig_1	2694868	2696271	-	GEGEGB_00436	1	persistent	2	0	0
HFCAGB_02734	contig_1	2696268	2697494	-	LNHIMF_02597	1	persistent	2	0	0
HFCAGB_02735	contig_1	2697614	2698801	-	ALJMDI_01699	1	persistent	2	0	0
HFCAGB_02736	contig_1	2698791	2699630	-	GEGEGB_00433	1	persistent	2	0	0
HFCAGB_02737	contig_1	2699641	2701044	-	LNHIMF_02600	1	persistent	2	0	1
HFCAGB_02738	contig_1	2701056	2701343	-	LNHIMF_02601	1	persistent	2	0	0
HFCAGB_02739	contig_1	2701456	2701746	-	LNHIMF_02602	1	persistent	2	0	0
HFCAGB_02740	contig_1	2701787	2702803	-	GEGEGB_00430	1	persistent	2	0	1
HFCAGB_02741	contig_1	2702800	2703603	-	GEGEGB_00429	1	persistent	2	0	0
HFCAGB_02742	contig_1	2703600	2704289	-	LNHIMF_02605	1	persistent	2	0	0
HFCAGB_02743	contig_1	2704267	2704746	-	GEGEGB_00427	1	persistent	2	0	0
HFCAGB_02744	contig_1	2704759	2705094	-	GEGEGB_00426	1	persistent	2	1	1
HFCAGB_02745	contig_1	2705511	2707790	-	GEGEGB_00423	1	persistent	2	1	1
HFCAGB_02746	contig_1	2708062	2709012	+	LNHIMF_02609	1	persistent	2	0	0
HFCAGB_02747	contig_1	2709032	2711032	+	LNHIMF_02610	1	persistent	2	0	0
HFCAGB_02748	contig_1	2711095	2711325	-	GEGEGB_00420	1	persistent	2	0	0
HFCAGB_02749	contig_1	2711453	2712496	-	LNHIMF_02612	1	persistent	2	0	0
HFCAGB_02750	contig_1	2712621	2713196	-	GEGEGB_00418	1	persistent	2	0	0
HFCAGB_02751	contig_1	2713400	2714698	+	GEGEGB_00417	1	persistent	2	0	0
HFCAGB_02752	contig_1	2715147	2717108	-	GEGEGB_00416	1	persistent	2	0	0
HFCAGB_02753	contig_1	2717294	2718994	+	BEJGEH_02507	1	persistent	2	0	0
HFCAGB_02754	contig_1	2719179	2722292	+	GEGEGB_00414	1	persistent	2	0	1
HFCAGB_02756	contig_1	2722394	2722453	-	LNHIMF_02619	1	persistent	2	0	0
HFCAGB_02757	contig_1	2722866	2723222	+	GEGEGB_00411	1	persistent	2	0	1
HFCAGB_02758	contig_1	2723226	2724353	+	LNHIMF_02621	1	persistent	2	0	0
HFCAGB_02759	contig_1	2724381	2724581	+	GEGEGB_00409	1	persistent	2	0	0
HFCAGB_02760	contig_1	2724608	2726626	-	LNHIMF_02623	1	persistent	2	0	0
HFCAGB_02761	contig_1	2726642	2727505	-	LNHIMF_02624	1	persistent	2	0	0
HFCAGB_02762	contig_1	2727636	2728349	-	GEGEGB_00406	1	persistent	2	0	0
HFCAGB_02763	contig_1	2728524	2729558	-	GEGEGB_00405	1	persistent	2	0	0
HFCAGB_02764	contig_1	2729575	2730453	-	GEGEGB_00404	1	persistent	2	0	0
HFCAGB_02765	contig_1	2730599	2731171	+	LNHIMF_02628	1	persistent	2	0	0
HFCAGB_02766	contig_1	2731171	2731641	+	GEGEGB_00402	1	persistent	2	0	0
HFCAGB_02767	contig_1	2731688	2732827	-	LNHIMF_02630	1	persistent	2	1	0
HFCAGB_02768	contig_1	2732833	2734101	-	LNHIMF_02631	1	shell	1	1	0
HFCAGB_02769	contig_1	2734169	2735350	-	LNHIMF_02632	1	shell	1	1	0
HFCAGB_02770	contig_1	2735633	2736700	-	GEGEGB_00397	1	persistent	2	1	0
HFCAGB_02771	contig_1	2736908	2738371	+	GEGEGB_00396	1	persistent	2	0	0
HFCAGB_02772	contig_1	2738411	2738770	+	GEGEGB_00395	1	persistent	2	0	0
HFCAGB_02773	contig_1	2738797	2739522	-	GEGEGB_00394	1	persistent	2	0	0
HFCAGB_02774	contig_1	2739593	2740882	-	GEGEGB_00393	1	persistent	2	0	0
HFCAGB_02775	contig_1	2740970	2741596	-	GEGEGB_00392	1	persistent	2	0	0
HFCAGB_02776	contig_1	2742009	2743046	+	LNHIMF_02639	1	persistent	2	0	0
HFCAGB_02777	contig_1	2743046	2743684	+	GEGEGB_00390	1	persistent	2	0	0
HFCAGB_02778	contig_1	2743873	2745939	+	LNHIMF_02641	1	persistent	2	0	0
HFCAGB_02779	contig_1	2745944	2747485	+	GEGEGB_00388	1	persistent	2	0	0
HFCAGB_02780	contig_1	2747521	2749734	-	LNHIMF_02643	1	persistent	2	0	0
HFCAGB_02781	contig_1	2750147	2750338	+	BEJGEH_02536	1	persistent	2	0	4
HFCAGB_02782	contig_1	2750491	2750724	-	PAPNPA_02107	1	cloud	1	0	3
HFCAGB_02783	contig_1	2750795	2751061	+	PKJKAM_02759	1	cloud	2	0	1
HFCAGB_02784	contig_1	2751048	2751362	+	BEJGEH_02537	1	persistent	2	0	3
HFCAGB_02785	contig_1	2751382	2751669	-	HFCAGB_02785	1	persistent	2	0	2
HFCAGB_02786	contig_1	2751892	2753469	-	GEGEGB_00382	1	persistent	2	0	4
HFCAGB_02787	contig_1	2753539	2755005	-	GEGEGB_00381	1	persistent	2	0	0
HFCAGB_02788	contig_1	2755166	2756515	+	LNHIMF_02649	1	persistent	2	0	0
HFCAGB_02789	contig_1	2756677	2758443	-	PKJKAM_02753	1	persistent	2	0	2
HFCAGB_02790	contig_1	2758421	2761432	-	HFCAGB_02790	1	cloud	2	0	0
HFCAGB_02791	contig_1	2762093	2769388	-	ALJMDI_01641	1	persistent	2	0	4
HFCAGB_02792	contig_1	2769554	2771245	-	AJBGEP_02691	2	persistent	2	0	0
HFCAGB_02793	contig_1	2771467	2775132	-	AJBGEP_02691	2	persistent	2	0	0
HFCAGB_02794	contig_1	2775270	2776229	-	BEJGEH_02547	1	persistent	2	0	2
HFCAGB_02795	contig_1	2776287	2778479	-	LNHIMF_02655	1	persistent	2	0	0
HFCAGB_02796	contig_1	2778825	2779046	-	LNHIMF_02656	1	persistent	2	0	0
HFCAGB_02797	contig_1	2779135	2780607	-	GEGEGB_00368	1	persistent	2	0	0
HFCAGB_02798	contig_1	2780724	2781902	-	GEGEGB_00367	1	persistent	2	0	0
HFCAGB_02799	contig_1	2781913	2782533	-	GEGEGB_00366	1	persistent	2	0	0
HFCAGB_02800	contig_1	2782547	2783821	-	GEGEGB_00365	1	persistent	2	0	0
HFCAGB_02802	contig_1	2783932	2785050	-	LNHIMF_02662	1	persistent	2	0	0
HFCAGB_02803	contig_1	2785077	2786081	-	BEJGEH_02556	1	persistent	2	0	0
HFCAGB_02804	contig_1	2786373	2787539	-	GEGEGB_00361	1	persistent	2	0	0
HFCAGB_02805	contig_1	2787746	2788177	-	GEGEGB_00360	1	persistent	2	0	0
HFCAGB_02806	contig_1	2788298	2789161	-	LNHIMF_02666	1	persistent	2	0	0
HFCAGB_02807	contig_1	2789161	2789970	-	GEGEGB_00358	1	persistent	2	0	0
HFCAGB_02808	contig_1	2789963	2790592	-	LNHIMF_02668	1	persistent	2	0	0
HFCAGB_02809	contig_1	2790589	2792967	-	OEKLIE_03175	1	persistent	2	0	0
HFCAGB_02810	contig_1	2793123	2795438	-	LNHIMF_02670	1	persistent	2	0	0
HFCAGB_02811	contig_1	2795439	2800100	-	GEGEGB_00353	2	persistent	2	0	0
HFCAGB_02812	contig_1	2800209	2800373	-	GEGEGB_00353	2	persistent	2	0	0
HFCAGB_02813	contig_1	2800582	2801424	+	GEGEGB_00352	1	persistent	3	0	1
HFCAGB_02814	contig_1	2801404	2801628	-	BEJGEH_02566	1	persistent	2	0	0
HFCAGB_02815	contig_1	2801670	2802338	+	BEJGEH_02567	1	persistent	2	0	0
HFCAGB_02817	contig_1	2802907	2803683	-	GEGEGB_00348	1	persistent	3	0	0
HFCAGB_02818	contig_1	2803698	2803877	+	PKJKAM_02726	1	persistent	2	0	0
HFCAGB_02819	contig_1	2803793	2805076	-	GEGEGB_00346	1	persistent	2	0	0
HFCAGB_02820	contig_1	2805254	2805454	-	GEGEGB_00345	1	persistent	2	0	0
HFCAGB_02821	contig_1	2805466	2805801	-	GEGEGB_00344	1	persistent	2	0	0
HFCAGB_02822	contig_1	2805803	2807653	-	LNHIMF_02679	1	persistent	2	0	0
HFCAGB_02823	contig_1	2807666	2808181	-	LNHIMF_02680	1	persistent	2	0	0
HFCAGB_02824	contig_1	2808377	2808700	-	GEGEGB_00341	1	persistent	2	0	0
HFCAGB_02825	contig_1	2808729	2809115	-	GEGEGB_00340	1	persistent	2	0	0
HFCAGB_02826	contig_1	2809143	2810357	-	GEGEGB_00339	1	persistent	2	0	0
HFCAGB_02827	contig_1	2810538	2811032	-	GEGEGB_00338	1	persistent	2	0	0
HFCAGB_02828	contig_1	2811192	2811923	-	GEGEGB_00337	1	persistent	2	0	0
HFCAGB_02829	contig_1	2812042	2812845	+	LNHIMF_02686	1	persistent	2	0	0
HFCAGB_02830	contig_1	2812990	2813802	+	HFCAGB_02830	1	persistent	2	0	0
HFCAGB_02831	contig_1	2813984	2815027	+	GEGEGB_00334	1	persistent	2	0	0
HFCAGB_02832	contig_1	2815031	2815849	+	LNHIMF_02689	1	persistent	2	0	0
HFCAGB_02833	contig_1	2815860	2816873	+	GEGEGB_00332	1	persistent	2	0	0
HFCAGB_02834	contig_1	2816874	2817860	-	BEJGEH_02586	1	persistent	2	0	0
HFCAGB_02835	contig_1	2817851	2818489	-	LNHIMF_02692	1	persistent	2	0	0
HFCAGB_02836	contig_1	2818615	2819892	+	LNHIMF_02693	1	persistent	2	0	0
HFCAGB_02837	contig_1	2819887	2821026	-	GEGEGB_00327	1	persistent	2	0	0
HFCAGB_02838	contig_1	2821222	2822475	-	GEGEGB_00326	1	persistent	2	0	0
HFCAGB_02839	contig_1	2822800	2823990	+	LNHIMF_02696	1	persistent	2	0	0
HFCAGB_02840	contig_1	2824172	2825716	+	ODDLKH_03069	1	persistent	2	0	1
HFCAGB_02841	contig_1	2826077	2827408	+	ALJMDI_01593	1	persistent	2	0	0
HFCAGB_02842	contig_1	2827491	2829635	+	GEGEGB_00322	1	persistent	2	0	0
HFCAGB_02843	contig_1	2829691	2831151	+	LNHIMF_02700	1	persistent	2	0	0
HFCAGB_02844	contig_1	2831200	2831538	-	GEGEGB_00320	1	persistent	2	0	0
HFCAGB_02845	contig_1	2831615	2832952	-	GEGEGB_00319	1	persistent	2	0	0
HFCAGB_02846	contig_1	2832949	2833635	-	GEGEGB_00318	1	persistent	2	0	0
HFCAGB_02847	contig_1	2833715	2835100	-	GEGEGB_00317	1	persistent	2	1	0
HFCAGB_02850	contig_1	2835795	2839682	-	LNHIMF_02707	1	persistent	2	1	0
HFCAGB_02851	contig_1	2839938	2841482	+	BEJGEH_02606	1	persistent	2	0	0
HFCAGB_02852	contig_1	2841533	2842051	-	GEGEGB_00312	1	persistent	2	0	0
HFCAGB_02853	contig_1	2842109	2842744	-	LNHIMF_02710	1	persistent	2	0	0
HFCAGB_02854	contig_1	2842748	2844109	-	LNHIMF_02711	1	persistent	2	0	0
HFCAGB_02855	contig_1	2844120	2845013	-	GEGEGB_00309	1	persistent	2	0	0
HFCAGB_02856	contig_1	2845129	2845977	+	GEGEGB_00308	1	persistent	2	0	0
HFCAGB_02857	contig_1	2846016	2846933	-	GEGEGB_00307	1	persistent	2	0	0
HFCAGB_02858	contig_1	2846955	2848151	-	LNHIMF_02715	1	persistent	2	0	0
HFCAGB_02859	contig_1	2848267	2849193	+	BEJGEH_02614	1	persistent	2	0	0
HFCAGB_02860	contig_1	2849231	2849491	+	GEGEGB_00304	1	persistent	2	0	0
HFCAGB_02861	contig_1	2849603	2849983	-	GEGEGB_00303	1	persistent	2	0	0
HFCAGB_02862	contig_1	2849983	2850714	-	GEGEGB_00302	1	persistent	2	0	0
HFCAGB_02863	contig_1	2850726	2851454	-	GEGEGB_00301	1	persistent	2	0	0
HFCAGB_02864	contig_1	2851466	2852371	-	LNHIMF_02721	1	persistent	2	0	0
HFCAGB_02865	contig_1	2852368	2853105	-	GEGEGB_00299	1	persistent	2	0	0
HFCAGB_02866	contig_1	2853322	2854296	-	GEGEGB_00298	1	persistent	2	0	0
HFCAGB_02867	contig_1	2854313	2856112	-	GEGEGB_00297	1	persistent	2	0	2
HFCAGB_02869	contig_1	2856364	2856843	-	GEGEGB_00296	1	persistent	2	0	1
HFCAGB_02870	contig_1	2856840	2857796	-	LNHIMF_02727	1	persistent	2	0	0
HFCAGB_02871	contig_1	2857796	2858446	-	LNHIMF_02728	1	persistent	2	0	0
HFCAGB_02872	contig_1	2858478	2859053	-	GEGEGB_00292	1	persistent	2	0	0
HFCAGB_02873	contig_1	2859478	2861100	+	LNHIMF_02730	1	persistent	2	0	0
HFCAGB_02874	contig_1	2861085	2861822	-	LNHIMF_02731	1	persistent	2	0	0
HFCAGB_02875	contig_1	2861952	2863286	+	LNHIMF_02732	1	persistent	2	0	1
HFCAGB_02876	contig_1	2863304	2864203	-	LNHIMF_02733	1	persistent	2	0	0
HFCAGB_02877	contig_1	2864306	2864893	+	GEGEGB_00287	1	persistent	2	0	1
HFCAGB_02878	contig_1	2864955	2865338	-	GEGEGB_00286	1	persistent	2	0	0
HFCAGB_02879	contig_1	2865657	2866346	+	GEGEGB_00285	1	persistent	2	0	0
HFCAGB_02880	contig_1	2866462	2867499	-	GEGEGB_00284	1	persistent	2	0	0
HFCAGB_02881	contig_1	2867703	2868122	+	LNHIMF_02738	1	persistent	2	0	0
HFCAGB_02882	contig_1	2868195	2868875	+	LNHIMF_02739	1	persistent	2	0	0
HFCAGB_02883	contig_1	2868929	2871589	+	LNHIMF_02740	1	persistent	2	0	1
HFCAGB_02884	contig_1	2871679	2871720	+	GEGEGB_00280	1	persistent	2	0	0
HFCAGB_02885	contig_1	2871704	2873059	+	GEGEGB_00279	1	persistent	2	0	1
HFCAGB_02886	contig_1	2873104	2873427	+	GEGEGB_00278	1	persistent	2	0	0
HFCAGB_02887	contig_1	2873424	2874725	-	LNHIMF_02744	1	persistent	2	0	0
HFCAGB_02888	contig_1	2874829	2875284	-	LNHIMF_02745	1	persistent	3	0	1
HFCAGB_02894	contig_1	2881064	2883637	-	GEGEGB_02756	1	persistent	3	0	1
HFCAGB_02896	contig_1	2883767	2884498	-	LNHIMF_02753	1	persistent	2	0	0
HFCAGB_02897	contig_1	2884495	2885475	-	GEGEGB_02759	1	persistent	2	0	0
HFCAGB_02898	contig_1	2885607	2886344	+	BEJGEH_02653	1	persistent	2	0	0
HFCAGB_02899	contig_1	2886616	2886954	+	GEGEGB_02761	1	persistent	2	0	1
HFCAGB_02900	contig_1	2887205	2888365	+	LNHIMF_02757	1	persistent	2	0	1
HFCAGB_02901	contig_1	2888326	2889234	-	LNHIMF_02758	1	persistent	2	0	0
HFCAGB_02902	contig_1	2889292	2890413	-	GEGEGB_02764	1	persistent	2	0	0
HFCAGB_02903	contig_1	2890423	2891493	-	GEGEGB_02765	1	persistent	2	0	0
HFCAGB_02904	contig_1	2891933	2892451	+	GEGEGB_02766	1	persistent	2	0	0
HFCAGB_02905	contig_1	2892444	2893664	+	LNHIMF_02762	1	persistent	2	0	0
HFCAGB_02906	contig_1	2893822	2894169	-	GEGEGB_02768	1	persistent	2	0	0
HFCAGB_02907	contig_1	2894210	2894977	-	GEGEGB_02769	1	persistent	2	0	0
HFCAGB_02908	contig_1	2895022	2895570	-	GEGEGB_02770	1	persistent	2	0	0
HFCAGB_02909	contig_1	2895589	2895837	-	GEGEGB_02771	1	persistent	2	0	1
HFCAGB_02910	contig_1	2896090	2897451	-	GEGEGB_02772	1	persistent	2	0	1
HFCAGB_02911	contig_1	2897617	2898408	+	GEGEGB_02773	1	persistent	2	0	0
HFCAGB_02912	contig_1	2898473	2899714	+	GEGEGB_02774	1	persistent	2	0	1
HFCAGB_02913	contig_1	2899835	2900440	+	BEJGEH_02701	1	persistent	2	0	1
HFCAGB_02914	contig_1	2900475	2901257	-	GEGEGB_02776	1	cloud	2	0	0
HFCAGB_02915	contig_1	2901303	2902067	+	AJBGEP_02882	1	persistent	2	0	1
HFCAGB_02916	contig_1	2902153	2903814	+	LNHIMF_02773	1	persistent	2	0	0
HFCAGB_02917	contig_1	2903963	2904301	+	GEGEGB_02779	1	persistent	2	0	0
HFCAGB_02918	contig_1	2904467	2904757	-	LNHIMF_02775	1	persistent	2	0	0
HFCAGB_02919	contig_1	2904747	2905184	-	GEGEGB_02781	1	persistent	2	0	0
HFCAGB_02920	contig_1	2905328	2905855	+	GEGEGB_02782	1	persistent	2	0	0
HFCAGB_02921	contig_1	2906470	2917689	+	GEGEGB_02783	1	persistent	2	0	0
HFCAGB_02923	contig_1	2917754	2919163	+	LNHIMF_02780	1	persistent	2	0	0
HFCAGB_02924	contig_1	2919160	2919690	+	LNHIMF_02781	2	persistent	2	0	0
HFCAGB_02925	contig_1	2919722	2921335	+	LNHIMF_02781	2	persistent	2	0	0
HFCAGB_02926	contig_1	2921316	2922506	+	LNHIMF_02782	1	persistent	1	2	6
HFCAGB_02928	contig_1	2923345	2924445	-	GEGEGB_02807	1	cloud	1	0	3
HFCAGB_02929	contig_1	2924442	2924927	-	GEGEGB_02808	1	cloud	0	0	4
HFCAGB_02930	contig_1	2924924	2927731	-	ONMMKP_04188	1	cloud	0	0	2
HFCAGB_02931	contig_1	2927858	2928160	-	GEGEGB_02810	1	cloud	0	0	4
HFCAGB_02932	contig_1	2928215	2928730	-	GEGEGB_02811	1	cloud	0	0	2
HFCAGB_02933	contig_1	2928740	2929912	-	GEGEGB_02812	1	cloud	0	2	3
HFCAGB_02934	contig_1	2930043	2930570	-	BEJGEH_02721	1	shell	0	1	5
HFCAGB_02935	contig_1	2930573	2932258	-	HFCAGB_02935	1	cloud	0	1	1
HFCAGB_02936	contig_1	2932255	2932860	-	GEGEGB_03617	1	cloud	0	0	5
HFCAGB_02937	contig_1	2932853	2933761	-	BEJGEH_02724	1	cloud	0	0	2
HFCAGB_02938	contig_1	2933748	2934107	-	ONMMKP_04176	1	cloud	0	0	2
HFCAGB_02939	contig_1	2934104	2934682	-	GEGEGB_04555	1	cloud	0	0	5
HFCAGB_02940	contig_1	2934778	2935644	+	HFCAGB_02940	1	cloud	0	0	2
HFCAGB_02941	contig_1	2935671	2936117	-	GEGEGB_03613	1	cloud	0	0	5
HFCAGB_02942	contig_1	2936110	2936541	-	HFCAGB_02942	1	cloud	0	0	3
HFCAGB_02943	contig_1	2936637	2937065	-	HFCAGB_02943	1	cloud	0	0	2
HFCAGB_02944	contig_1	2937062	2937439	-	HFCAGB_02944	1	cloud	0	0	2
HFCAGB_02945	contig_1	2937441	2937953	-	GEGEGB_03609	1	cloud	0	0	3
HFCAGB_02946	contig_1	2937934	2938149	-	BEJGEH_02733	1	cloud	0	0	2
HFCAGB_02947	contig_1	2938153	2938356	-	GEGEGB_03607	1	cloud	0	0	2
HFCAGB_02948	contig_1	2938356	2938820	-	GEGEGB_04563	1	cloud	0	0	2
HFCAGB_02949	contig_1	2938916	2939566	-	GEGEGB_03605	1	cloud	0	0	2
HFCAGB_02950	contig_1	2939570	2940628	-	HFCAGB_02950	1	cloud	0	0	2
HFCAGB_02951	contig_1	2940645	2941478	-	HFCAGB_02951	1	cloud	0	0	2
HFCAGB_02952	contig_1	2941621	2943387	+	GEGEGB_04567	1	cloud	0	0	2
HFCAGB_02953	contig_1	2943387	2944418	+	HFCAGB_02953	1	cloud	0	0	7
HFCAGB_02954	contig_1	2944415	2945173	-	HFCAGB_02954	1	cloud	0	0	2
HFCAGB_02955	contig_1	2945199	2946359	-	HFCAGB_02955	1	cloud	0	0	2
HFCAGB_02956	contig_1	2946852	2947658	+	HFCAGB_02956	1	cloud	0	0	4
HFCAGB_02957	contig_1	2947869	2948156	+	HFCAGB_02957	1	cloud	0	0	2
HFCAGB_02958	contig_1	2948137	2948325	-	GEGEGB_03597	1	cloud	0	0	4
HFCAGB_02959	contig_1	2948481	2950877	-	BEJGEH_02746	1	cloud	0	0	3
HFCAGB_02960	contig_1	2950874	2951731	-	GEGEGB_04575	1	cloud	0	0	4
HFCAGB_02961	contig_1	2951728	2951955	-	GEGEGB_04577	1	cloud	0	0	5
HFCAGB_02962	contig_1	2951955	2952188	-	BEJGEH_02749	1	cloud	0	0	2
HFCAGB_02963	contig_1	2952256	2952597	-	BEJGEH_02750	1	cloud	0	0	7
HFCAGB_02964	contig_1	2952817	2953275	+	BEJGEH_02751	1	cloud	0	0	2
HFCAGB_02965	contig_1	2953528	2953974	-	BEJGEH_02752	1	cloud	0	0	7
HFCAGB_02966	contig_1	2954010	2954249	-	BEJGEH_02753	1	cloud	0	0	2
HFCAGB_02967	contig_1	2954366	2954998	+	GEGEGB_04583	1	cloud	0	0	2
HFCAGB_02968	contig_1	2955002	2956027	+	BEJGEH_02755	1	cloud	0	0	7
HFCAGB_02969	contig_1	2956287	2956880	+	HFCAGB_02969	1	cloud	0	0	2
HFCAGB_02970	contig_1	2957279	2958082	+	HFCAGB_02970	1	cloud	0	0	2
HFCAGB_02972	contig_1	2958878	2959501	-	BEJGEH_04595	1	cloud	1	1	3
HFCAGB_02974	contig_1	2959723	2959989	-	HFCAGB_04723	2	shell	1	1	8
HFCAGB_02975	contig_1	2960053	2960448	+	GEGEGB_00250	1	shell	58	4	2
HFCAGB_02976	contig_1	2961074	2962189	+	GEGEGB_02814	1	persistent	1	2	2
HFCAGB_02977	contig_1	2962270	2965926	+	HFCAGB_02977	1	persistent	2	0	0
HFCAGB_02978	contig_1	2966036	2967280	+	LNHIMF_02809	1	persistent	2	0	0
HFCAGB_02979	contig_1	2967312	2968241	+	HFCAGB_02979	1	persistent	2	0	0
HFCAGB_02980	contig_1	2968283	2970457	-	LNHIMF_02811	1	persistent	2	1	1
HFCAGB_02981	contig_1	2971495	2972547	-	LNHIMF_02813	1	persistent	2	1	1
HFCAGB_02982	contig_1	2973066	2973995	+	GEGEGB_02820	1	persistent	2	0	0
HFCAGB_02983	contig_1	2974289	2975185	+	GEGEGB_02821	1	persistent	2	0	0
HFCAGB_02984	contig_1	2975701	2975814	+	GEGEGB_02822	1	persistent	2	0	0
HFCAGB_02985	contig_1	2975907	2976920	-	LNHIMF_02817	1	persistent	2	0	0
HFCAGB_02986	contig_1	2977053	2978468	-	GEGEGB_02824	1	persistent	2	0	0
HFCAGB_02987	contig_1	2978455	2979129	-	LNHIMF_02819	1	persistent	2	0	0
HFCAGB_02988	contig_1	2979284	2980261	+	LNHIMF_02820	1	persistent	2	0	0
HFCAGB_02989	contig_1	2980276	2980707	+	GEGEGB_02827	1	persistent	2	0	0
HFCAGB_02990	contig_1	2980718	2982232	+	LNHIMF_02822	1	persistent	2	0	1
HFCAGB_02992	contig_1	2982536	2982925	+	GEGEGB_02829	2	persistent	2	0	1
HFCAGB_02993	contig_1	2982922	2983512	+	GEGEGB_02829	2	persistent	2	0	1
HFCAGB_02994	contig_1	2983538	2984806	+	LNHIMF_02824	1	persistent	2	0	0
HFCAGB_02995	contig_1	2984828	2986276	+	BEJGEH_02778	1	persistent	2	0	0
HFCAGB_02996	contig_1	2986291	2987289	+	LNHIMF_02827	2	persistent	2	0	0
HFCAGB_02997	contig_1	2987264	2987542	+	LNHIMF_02827	2	persistent	2	0	0
HFCAGB_02998	contig_1	2987672	2989072	+	BEJGEH_02780	1	persistent	2	0	0
HFCAGB_02999	contig_1	2989114	2989791	+	GEGEGB_02835	1	persistent	2	0	1
HFCAGB_03000	contig_1	2989813	2990262	-	LNHIMF_02830	1	persistent	2	0	0
HFCAGB_03001	contig_1	2990362	2990520	-	GEGEGB_02838	1	persistent	2	0	1
HFCAGB_03002	contig_1	2990703	2991002	+	LNHIMF_02832	1	persistent	2	0	0
HFCAGB_03003	contig_1	2991012	2991539	+	GEGEGB_02840	1	persistent	3	0	0
HFCAGB_03004	contig_1	2991618	2991797	+	LNHIMF_02834	1	persistent	2	0	0
HFCAGB_03005	contig_1	2991887	2992288	-	GEGEGB_02842	1	persistent	3	0	0
HFCAGB_03006	contig_1	2992986	2993435	+	LNHIMF_02836	1	persistent	2	0	0
HFCAGB_03007	contig_1	2993470	2993820	-	GEGEGB_02844	1	persistent	2	0	0
HFCAGB_03008	contig_1	2993982	2994308	+	GEGEGB_02845	1	persistent	2	0	0
HFCAGB_03009	contig_1	2994392	2995726	-	LNHIMF_02839	1	persistent	2	0	0
HFCAGB_03010	contig_1	2995815	2996246	+	LNHIMF_02840	1	persistent	2	0	0
HFCAGB_03011	contig_1	2996518	2996763	+	LNHIMF_02841	1	persistent	2	0	0
HFCAGB_03012	contig_1	2996760	2997170	+	LNHIMF_02842	1	persistent	2	0	0
HFCAGB_03013	contig_1	2997170	2999287	+	LNHIMF_02843	1	persistent	2	0	0
HFCAGB_03014	contig_1	2999298	3000257	+	LNHIMF_02844	1	persistent	2	0	1
HFCAGB_03015	contig_1	3000612	3001814	+	LNHIMF_02845	1	persistent	2	0	1
HFCAGB_03016	contig_1	3001807	3002871	+	GEGEGB_02855	1	persistent	2	0	0
HFCAGB_03017	contig_1	3002941	3003936	+	GEGEGB_02856	1	persistent	2	0	0
HFCAGB_03018	contig_1	3004101	3005285	+	LNHIMF_02848	1	persistent	2	0	0
HFCAGB_03019	contig_1	3005782	3006312	+	GEGEGB_02858	1	persistent	2	0	0
HFCAGB_03020	contig_1	3006439	3007611	+	LNHIMF_02850	1	persistent	2	0	0
HFCAGB_03021	contig_1	3007628	3009166	+	LNHIMF_02851	1	persistent	2	0	0
HFCAGB_03022	contig_1	3009215	3010426	-	GEGEGB_02861	2	persistent	2	0	0
HFCAGB_03023	contig_1	3010436	3010585	-	GEGEGB_02861	2	persistent	2	0	0
HFCAGB_03024	contig_1	3010931	3011446	-	GEGEGB_02863	1	persistent	2	0	0
HFCAGB_03026	contig_1	3011596	3013152	-	LNHIMF_02856	1	persistent	2	0	0
HFCAGB_03027	contig_1	3013229	3013654	-	GEGEGB_02866	1	persistent	2	0	0
HFCAGB_03028	contig_1	3013651	3014217	-	GEGEGB_02867	1	persistent	2	0	0
HFCAGB_03034	contig_1	3015339	3015524	-	GEGEGB_02873	1	persistent	2	0	0
HFCAGB_03035	contig_1	3015759	3018389	-	GEGEGB_02874	1	persistent	2	0	0
HFCAGB_03036	contig_1	3018625	3019164	-	LNHIMF_02866	1	persistent	2	0	1
HFCAGB_03037	contig_1	3019242	3020303	-	GEGEGB_02876	1	persistent	2	0	0
HFCAGB_03038	contig_1	3020388	3020885	-	LNHIMF_02868	1	persistent	2	0	0
HFCAGB_03039	contig_1	3021081	3021326	+	LNHIMF_02869	1	persistent	2	0	0
HFCAGB_03040	contig_1	3021364	3022443	-	GEGEGB_02879	1	persistent	2	0	0
HFCAGB_03041	contig_1	3022697	3023260	+	GEGEGB_02880	1	persistent	2	0	0
HFCAGB_03042	contig_1	3023257	3024228	+	LNHIMF_02872	1	persistent	2	0	0
HFCAGB_03043	contig_1	3024240	3024602	+	LNHIMF_02873	1	persistent	2	0	0
HFCAGB_03044	contig_1	3024614	3025393	+	LNHIMF_02874	1	persistent	2	0	0
HFCAGB_03045	contig_1	3025470	3025829	+	GEGEGB_02884	1	persistent	2	0	0
HFCAGB_03046	contig_1	3026027	3026800	+	GEGEGB_02885	1	persistent	2	0	0
HFCAGB_03047	contig_1	3026793	3027758	+	GEGEGB_02886	1	persistent	2	0	0
HFCAGB_03048	contig_1	3027755	3029275	-	GEGEGB_02887	1	persistent	2	0	0
HFCAGB_03049	contig_1	3029461	3030900	+	LNHIMF_02879	1	persistent	2	0	0
HFCAGB_03050	contig_1	3030897	3032030	+	LNHIMF_02880	1	persistent	2	0	0
HFCAGB_03051	contig_1	3032127	3034367	-	LNHIMF_02881	1	persistent	2	0	0
HFCAGB_03052	contig_1	3034513	3035058	-	GEGEGB_02891	1	persistent	2	0	0
HFCAGB_03053	contig_1	3035259	3036068	-	LNHIMF_02883	1	persistent	2	0	0
HFCAGB_03054	contig_1	3036095	3036565	-	HFCAGB_03054	1	persistent	2	0	0
HFCAGB_03055	contig_1	3036558	3036968	-	GEGEGB_02894	1	persistent	2	0	0
HFCAGB_03056	contig_1	3036965	3037732	-	LNHIMF_02886	1	persistent	2	0	0
HFCAGB_03057	contig_1	3037732	3038274	-	GEGEGB_02896	1	persistent	2	0	0
HFCAGB_03058	contig_1	3038284	3039993	-	GEGEGB_02897	1	persistent	2	0	0
HFCAGB_03059	contig_1	3040011	3040934	-	GEGEGB_02898	1	persistent	2	0	0
HFCAGB_03060	contig_1	3040937	3042763	-	LNHIMF_02890	1	persistent	2	0	0
HFCAGB_03061	contig_1	3042763	3043371	-	GEGEGB_02900	1	persistent	2	0	0
HFCAGB_03062	contig_1	3043517	3043978	-	GEGEGB_02901	1	persistent	2	0	0
HFCAGB_03063	contig_1	3044188	3044544	+	GEGEGB_02902	1	persistent	2	0	0
HFCAGB_03064	contig_1	3044613	3045485	+	GEGEGB_02903	1	persistent	2	0	0
HFCAGB_03065	contig_1	3045476	3045748	+	GEGEGB_02904	1	persistent	2	0	0
HFCAGB_03066	contig_1	3045748	3046869	+	GEGEGB_02905	1	persistent	2	0	0
HFCAGB_03067	contig_1	3046866	3047876	+	GEGEGB_02906	1	persistent	2	0	0
HFCAGB_03068	contig_1	3048095	3050173	+	LNHIMF_02898	1	persistent	2	0	0
HFCAGB_03069	contig_1	3050235	3050579	-	GEGEGB_02908	1	persistent	2	0	0
HFCAGB_03070	contig_1	3050761	3051678	+	GEGEGB_02909	1	persistent	2	0	0
HFCAGB_03071	contig_1	3051675	3052496	+	LNHIMF_02901	1	persistent	2	0	0
HFCAGB_03072	contig_1	3052493	3053353	+	GEGEGB_02911	1	persistent	2	0	0
HFCAGB_03073	contig_1	3053344	3054192	+	GEGEGB_02912	1	persistent	3	0	0
HFCAGB_03074	contig_1	3054320	3055156	-	BEJGEH_02856	1	persistent	2	0	0
HFCAGB_03076	contig_1	3055359	3056114	-	BEJGEH_02858	1	persistent	3	0	0
HFCAGB_03077	contig_1	3056498	3057385	-	LNHIMF_02907	1	persistent	2	0	0
HFCAGB_03078	contig_1	3057730	3058182	-	LNHIMF_02908	1	persistent	2	0	0
HFCAGB_03079	contig_1	3058179	3058859	-	HFCAGB_03079	1	persistent	2	0	0
HFCAGB_03080	contig_1	3058816	3059394	-	GEGEGB_02917	1	persistent	2	0	0
HFCAGB_03081	contig_1	3059387	3060145	-	LNHIMF_02911	1	persistent	2	0	0
HFCAGB_03082	contig_1	3060142	3060447	-	LNHIMF_02912	1	persistent	2	0	0
HFCAGB_03083	contig_1	3060466	3060708	-	GEGEGB_02920	1	persistent	2	0	0
HFCAGB_03084	contig_1	3060733	3061968	-	LNHIMF_02914	1	persistent	2	0	0
HFCAGB_03085	contig_1	3062227	3063156	+	LNHIMF_02915	1	persistent	2	0	0
HFCAGB_03086	contig_1	3064247	3065914	+	HFCAGB_03086	1	persistent	2	0	0
HFCAGB_03087	contig_1	3065932	3066414	+	LNHIMF_02917	1	persistent	2	0	0
HFCAGB_03088	contig_1	3066468	3068075	-	LNHIMF_02918	1	persistent	2	0	0
HFCAGB_03089	contig_1	3068086	3068478	-	LNHIMF_02919	1	persistent	2	0	0
HFCAGB_03090	contig_1	3068505	3068765	-	GEGEGB_02927	1	persistent	2	0	0
HFCAGB_03091	contig_1	3068809	3069057	-	GEGEGB_02928	1	persistent	2	0	0
HFCAGB_03092	contig_1	3069076	3071133	-	BEJGEH_02874	1	persistent	2	0	0
HFCAGB_03093	contig_1	3071152	3072183	-	ALJMDI_02659	1	persistent	2	0	0
HFCAGB_03094	contig_1	3072254	3073483	-	LNHIMF_02924	1	persistent	2	0	0
HFCAGB_03095	contig_1	3073511	3075292	-	GEGEGB_02932	1	persistent	2	0	0
HFCAGB_03096	contig_1	3075295	3075792	-	GEGEGB_02933	1	persistent	2	0	0
HFCAGB_03097	contig_1	3075930	3077000	-	GEGEGB_02934	1	persistent	2	0	0
HFCAGB_03098	contig_1	3076987	3077778	-	LNHIMF_02928	1	persistent	2	0	0
HFCAGB_03099	contig_1	3077782	3078042	-	GEGEGB_02936	1	persistent	2	0	0
HFCAGB_03100	contig_1	3078068	3078742	-	LNHIMF_02930	1	persistent	2	0	0
HFCAGB_03101	contig_1	3078732	3079643	-	LNHIMF_02931	1	persistent	2	0	0
HFCAGB_03102	contig_1	3079643	3080653	-	LNHIMF_02932	1	persistent	2	0	0
HFCAGB_03103	contig_1	3080653	3081096	-	GEGEGB_02940	1	persistent	2	0	0
HFCAGB_03104	contig_1	3081074	3082369	-	GEGEGB_02941	1	persistent	2	0	0
HFCAGB_03105	contig_1	3082366	3082773	-	GEGEGB_02942	1	persistent	2	0	0
HFCAGB_03106	contig_1	3082797	3084854	-	GEGEGB_02943	1	persistent	2	0	0
HFCAGB_03107	contig_1	3084879	3085997	-	GEGEGB_02944	1	persistent	2	0	0
HFCAGB_03108	contig_1	3085994	3087682	-	LNHIMF_02938	1	persistent	2	0	0
HFCAGB_03109	contig_1	3087679	3088428	-	GEGEGB_02946	1	persistent	2	0	0
HFCAGB_03110	contig_1	3088785	3089228	+	GEGEGB_02947	1	persistent	2	1	0
HFCAGB_03112	contig_1	3090089	3090370	+	GEGEGB_02949	1	shell	1	2	0
HFCAGB_03113	contig_1	3090367	3090894	+	GEGEGB_02950	1	shell	1	1	0
HFCAGB_03114	contig_1	3090967	3091107	-	AJBGEP_03073	1	persistent	2	1	0
HFCAGB_03115	contig_1	3091609	3092265	+	LNHIMF_02945	1	persistent	2	0	1
HFCAGB_03116	contig_1	3092437	3092931	-	BEJGEH_02901	1	cloud	1	0	1
HFCAGB_03117	contig_1	3092958	3093626	-	BEJGEH_02902	1	cloud	1	0	2
HFCAGB_03118	contig_1	3094049	3094138	-	BEJGEH_02903	1	cloud	1	0	1
HFCAGB_03119	contig_1	3094770	3097337	+	GEGEGB_02953	1	persistent	3	0	3
HFCAGB_03120	contig_1	3097393	3097773	-	LNHIMF_02947	1	persistent	2	0	0
HFCAGB_03121	contig_1	3097770	3098978	-	GEGEGB_02955	1	persistent	3	0	0
HFCAGB_03122	contig_1	3099087	3099998	+	GEGEGB_02956	1	persistent	2	0	0
HFCAGB_03123	contig_1	3100040	3101536	-	GEGEGB_02957	1	persistent	2	0	0
HFCAGB_03124	contig_1	3101533	3102483	-	LNHIMF_02951	1	persistent	2	0	0
HFCAGB_03125	contig_1	3102606	3103298	-	LNHIMF_02952	1	persistent	2	0	0
HFCAGB_03126	contig_1	3103303	3103941	-	GEGEGB_02960	1	persistent	2	0	0
HFCAGB_03127	contig_1	3103938	3105200	-	LNHIMF_02954	1	persistent	2	0	0
HFCAGB_03128	contig_1	3105194	3106117	-	BEJGEH_02913	1	persistent	2	0	0
HFCAGB_03129	contig_1	3106314	3107078	+	LNHIMF_02956	1	persistent	2	0	0
HFCAGB_03130	contig_1	3107097	3107501	-	GEGEGB_02964	1	persistent	2	0	0
HFCAGB_03131	contig_1	3107672	3108265	+	LNHIMF_02958	1	persistent	2	0	0
HFCAGB_03132	contig_1	3108265	3109692	+	LNHIMF_02959	1	persistent	2	0	0
HFCAGB_03133	contig_1	3109703	3109939	+	GEGEGB_02967	1	persistent	2	0	0
HFCAGB_03134	contig_1	3109984	3110976	-	LNHIMF_02961	1	persistent	2	0	1
HFCAGB_03135	contig_1	3111039	3112172	-	BEJGEH_02923	1	persistent	2	0	0
HFCAGB_03136	contig_1	3112348	3112974	-	GEGEGB_02970	1	persistent	2	0	0
HFCAGB_03137	contig_1	3112968	3113729	-	GEGEGB_02971	1	persistent	2	0	0
HFCAGB_03138	contig_1	3113710	3114759	-	LNHIMF_02965	1	persistent	2	0	0
HFCAGB_03139	contig_1	3114756	3115235	-	GEGEGB_02973	1	persistent	2	0	0
HFCAGB_03140	contig_1	3115235	3115945	-	GEGEGB_02974	1	persistent	2	0	0
HFCAGB_03141	contig_1	3115964	3116275	-	GEGEGB_02975	1	persistent	2	0	0
HFCAGB_03142	contig_1	3116466	3116789	-	GEGEGB_02976	1	persistent	2	0	0
HFCAGB_03143	contig_1	3116840	3117445	-	GEGEGB_02977	1	persistent	2	0	0
HFCAGB_03144	contig_1	3117432	3118871	-	LNHIMF_02971	1	persistent	2	0	0
HFCAGB_03145	contig_1	3118881	3119789	-	GEGEGB_02979	1	persistent	2	0	0
HFCAGB_03146	contig_1	3120040	3121086	+	GEGEGB_02980	1	persistent	3	0	0
HFCAGB_03147	contig_1	3121348	3121641	-	GEGEGB_02981	1	persistent	2	0	0
HFCAGB_03148	contig_1	3121641	3122561	-	BEJGEH_02936	1	persistent	1	1	1
HFCAGB_03149	contig_1	3122558	3123208	-	BEJGEH_02937	1	shell	1	1	0
HFCAGB_03150	contig_1	3123190	3123936	-	BEJGEH_02938	1	shell	0	2	0
HFCAGB_03151	contig_1	3123947	3125005	-	AJBGEP_03107	1	shell	0	2	0
HFCAGB_03152	contig_1	3125019	3125579	-	AJBGEP_03108	1	shell	0	2	0
HFCAGB_03153	contig_1	3125576	3127132	-	AJBGEP_03109	1	shell	0	2	0
HFCAGB_03154	contig_1	3127144	3127500	-	AJBGEP_03110	2	shell	1	1	0
HFCAGB_03155	contig_1	3127546	3129807	-	AJBGEP_03110	2	shell	1	1	0
HFCAGB_03156	contig_1	3130251	3131204	+	GEGEGB_02990	1	persistent	2	1	1
HFCAGB_03157	contig_1	3131292	3132026	-	LNHIMF_02983	1	persistent	2	0	0
HFCAGB_03158	contig_1	3132128	3133840	-	BEJGEH_02945	1	persistent	2	0	0
HFCAGB_03159	contig_1	3133840	3135639	-	LNHIMF_02985	1	persistent	2	0	0
HFCAGB_03160	contig_1	3136063	3136425	+	GEGEGB_02994	1	persistent	2	0	0
HFCAGB_03161	contig_1	3136513	3137310	-	BEJGEH_02948	1	persistent	2	0	1
HFCAGB_03162	contig_1	3138039	3138710	-	GEGEGB_02996	1	persistent	2	0	1
HFCAGB_03163	contig_1	3138846	3140144	-	GEGEGB_02997	1	persistent	2	0	0
HFCAGB_03164	contig_1	3140227	3141864	-	GEGEGB_02998	1	persistent	2	0	0
HFCAGB_03165	contig_1	3142092	3142892	-	LNHIMF_02992	1	persistent	1	2	0
HFCAGB_03166	contig_1	3143498	3144085	+	BEJGEH_02953	1	shell	1	1	0
HFCAGB_03167	contig_1	3144219	3146864	+	BEJGEH_02954	1	shell	0	2	0
HFCAGB_03168	contig_1	3146877	3147650	+	BEJGEH_02955	1	shell	0	2	0
HFCAGB_03169	contig_1	3147676	3148176	+	GEGEGB_03004	1	shell	0	2	0
HFCAGB_03170	contig_1	3148176	3148661	+	BEJGEH_02957	1	shell	0	2	0
HFCAGB_03171	contig_1	3148703	3149194	+	HFCAGB_03171	1	shell	0	2	2
HFCAGB_03172	contig_1	3149249	3150280	+	HFCAGB_03172	1	shell	1	1	1
HFCAGB_03173	contig_1	3150630	3152864	-	GEGEGB_03011	1	persistent	2	1	0
HFCAGB_03174	contig_1	3152916	3154211	-	BEJGEH_02963	1	persistent	2	0	0
HFCAGB_03175	contig_1	3154269	3157025	+	LNHIMF_02997	1	persistent	2	0	0
HFCAGB_03176	contig_1	3157069	3158211	-	GEGEGB_03014	1	persistent	2	0	0
HFCAGB_03177	contig_1	3158289	3159629	-	LNHIMF_02999	1	persistent	2	0	0
HFCAGB_03178	contig_1	3159650	3160735	-	LNHIMF_03000	2	persistent	2	0	0
HFCAGB_03179	contig_1	3160739	3160990	-	LNHIMF_03000	2	persistent	2	0	0
HFCAGB_03180	contig_1	3160987	3162345	-	LNHIMF_03001	1	persistent	2	0	0
HFCAGB_03181	contig_1	3162826	3163275	-	LNHIMF_03002	1	persistent	2	0	0
HFCAGB_03182	contig_1	3163294	3164076	-	LNHIMF_03003	1	persistent	2	0	0
HFCAGB_03183	contig_1	3164076	3164405	-	GEGEGB_03020	1	persistent	2	0	0
HFCAGB_03185	contig_1	3165017	3165562	-	GEGEGB_03022	1	persistent	2	0	0
HFCAGB_03186	contig_1	3165630	3166478	+	GEGEGB_03023	1	persistent	2	0	0
HFCAGB_03187	contig_1	3166591	3167955	+	LNHIMF_03008	1	persistent	2	0	0
HFCAGB_03188	contig_1	3168520	3169809	+	LNHIMF_03009	1	persistent	2	0	0
HFCAGB_03189	contig_1	3169868	3171235	+	GEGEGB_03026	1	persistent	2	0	0
HFCAGB_03190	contig_1	3171405	3172160	+	GEGEGB_03027	1	persistent	2	0	0
HFCAGB_03191	contig_1	3172252	3173400	-	GEGEGB_03028	1	persistent	2	0	0
HFCAGB_03192	contig_1	3173417	3174064	-	GEGEGB_03029	1	persistent	2	0	0
HFCAGB_03193	contig_1	3174619	3175935	+	LNHIMF_03014	1	persistent	2	0	1
HFCAGB_03194	contig_1	3175967	3177742	+	LNHIMF_03015	1	persistent	2	0	1
HFCAGB_03195	contig_1	3177843	3179261	+	LNHIMF_03016	1	persistent	2	0	0
HFCAGB_03196	contig_1	3179263	3179685	+	GEGEGB_03033	1	persistent	2	0	0
HFCAGB_03197	contig_1	3179743	3180453	+	GEGEGB_03034	1	persistent	2	0	0
HFCAGB_03198	contig_1	3180512	3181612	-	GEGEGB_03035	1	persistent	2	0	0
HFCAGB_03199	contig_1	3181605	3182000	-	GEGEGB_03036	1	persistent	2	0	0
HFCAGB_03200	contig_1	3182019	3182936	-	GEGEGB_03037	1	persistent	2	0	0
HFCAGB_03201	contig_1	3182893	3183015	-	LNHIMF_03022	1	persistent	2	0	0
HFCAGB_03203	contig_1	3183283	3183510	-	GEGEGB_03040	1	persistent	2	0	0
HFCAGB_03204	contig_1	3183703	3184908	+	GEGEGB_03041	1	persistent	2	0	0
HFCAGB_03205	contig_1	3184908	3185351	+	GEGEGB_03042	1	persistent	2	0	0
HFCAGB_03206	contig_1	3185624	3186538	+	GEGEGB_03043	1	persistent	2	0	0
HFCAGB_03207	contig_1	3186590	3187396	-	GEGEGB_03044	1	persistent	2	0	0
HFCAGB_03208	contig_1	3187506	3188603	-	GEGEGB_03045	1	persistent	2	0	0
HFCAGB_03211	contig_1	3189103	3190356	-	LNHIMF_03032	1	persistent	2	0	0
HFCAGB_03212	contig_1	3190589	3191920	+	GEGEGB_03049	1	persistent	2	0	0
HFCAGB_03213	contig_1	3192023	3193858	-	LNHIMF_03034	1	persistent	2	0	0
HFCAGB_03214	contig_1	3193855	3197400	-	GEGEGB_03051	1	persistent	2	0	0
HFCAGB_03215	contig_1	3197393	3200281	-	GEGEGB_03052	1	persistent	2	0	0
HFCAGB_03216	contig_1	3200459	3203830	-	GEGEGB_03053	1	persistent	2	0	0
HFCAGB_03217	contig_1	3203846	3204166	-	LNHIMF_03038	1	persistent	2	0	0
HFCAGB_03218	contig_1	3204151	3204558	-	GEGEGB_03055	1	persistent	2	0	0
HFCAGB_03219	contig_1	3204555	3205118	-	LNHIMF_03040	1	persistent	2	0	0
HFCAGB_03220	contig_1	3205109	3205579	-	GEGEGB_03057	1	persistent	2	1	0
HFCAGB_03221	contig_1	3205764	3206558	-	LNHIMF_03042	1	persistent	2	1	0
HFCAGB_03222	contig_1	3206565	3207440	-	GEGEGB_03061	1	persistent	2	0	0
HFCAGB_03223	contig_1	3207656	3209902	-	GEGEGB_03062	1	persistent	2	0	0
HFCAGB_03224	contig_1	3209915	3210445	-	GEGEGB_03063	1	persistent	2	0	0
HFCAGB_03225	contig_1	3211128	3211823	+	GEGEGB_03064	1	persistent	2	0	0
HFCAGB_03226	contig_1	3212005	3212718	+	GEGEGB_03065	1	persistent	2	0	0
HFCAGB_03227	contig_1	3212888	3213106	+	GEGEGB_03066	1	persistent	2	0	0
HFCAGB_03228	contig_1	3213297	3214337	+	LNHIMF_03049	1	persistent	2	0	0
HFCAGB_03229	contig_1	3214424	3215626	-	GEGEGB_03068	1	persistent	2	0	0
HFCAGB_03230	contig_1	3215619	3217778	-	LNHIMF_03051	1	persistent	2	1	0
HFCAGB_03233	contig_1	3218371	3219399	+	GEGEGB_03075	1	persistent	2	0	1
HFCAGB_03234	contig_1	3219413	3220432	+	LNHIMF_03055	1	persistent	2	0	0
HFCAGB_03235	contig_1	3220442	3221704	-	GEGEGB_03077	1	persistent	2	0	0
HFCAGB_03236	contig_1	3221822	3222757	+	GEGEGB_03078	1	persistent	2	0	0
HFCAGB_03237	contig_1	3222729	3223436	-	LNHIMF_03058	1	persistent	2	0	0
HFCAGB_03238	contig_1	3223549	3224967	-	LNHIMF_03059	1	persistent	2	0	0
HFCAGB_03239	contig_1	3225321	3226082	-	LNHIMF_03060	1	persistent	2	0	0
HFCAGB_03240	contig_1	3226139	3226975	-	ODDLKH_03450	1	persistent	2	0	0
HFCAGB_03242	contig_1	3227405	3228583	-	GEGEGB_03084	1	persistent	2	0	0
HFCAGB_03243	contig_1	3228706	3229569	-	LNHIMF_03064	1	persistent	2	0	0
HFCAGB_03244	contig_1	3229673	3230128	+	GEGEGB_03086	1	persistent	2	0	0
HFCAGB_03245	contig_1	3230270	3231499	+	GEGEGB_03087	1	persistent	2	0	0
HFCAGB_03246	contig_1	3231530	3231802	-	GEGEGB_03088	1	persistent	2	0	0
HFCAGB_03247	contig_1	3231923	3232807	+	PKJKAM_02341	1	persistent	2	0	0
HFCAGB_03248	contig_1	3233017	3233775	-	GEGEGB_03091	1	persistent	2	0	0
HFCAGB_03249	contig_1	3233762	3234274	-	HFCAGB_03249	1	persistent	1	1	3
HFCAGB_03250	contig_1	3234418	3235494	-	HFCAGB_03250	1	shell	2	0	0
HFCAGB_03251	contig_1	3235491	3236234	-	LNHIMF_03072	1	persistent	1	1	3
HFCAGB_03252	contig_1	3236275	3238764	-	LNHIMF_03073	1	persistent	2	0	0
HFCAGB_03253	contig_1	3238884	3239465	-	BEJGEH_03044	1	persistent	2	0	0
HFCAGB_03254	contig_1	3240184	3240816	-	LNHIMF_03075	1	persistent	2	0	0
HFCAGB_03255	contig_1	3240863	3241399	-	GEGEGB_03098	1	persistent	1	1	4
HFCAGB_03256	contig_1	3241581	3241946	-	ONMMKP_03825	1	cloud	1	1	0
HFCAGB_03258	contig_1	3242207	3242605	-	HFCAGB_03258	1	shell	1	1	4
HFCAGB_03259	contig_1	3242605	3242832	-	GEGEGB_03102	1	shell	1	2	0
HFCAGB_03260	contig_1	3243032	3243292	+	GEGEGB_03103	1	shell	2	1	0
HFCAGB_03261	contig_1	3243578	3244378	+	LNHIMF_03080	1	persistent	1	2	2
HFCAGB_03263	contig_1	3244663	3245421	-	GEGEGB_03111	1	persistent	2	1	2
HFCAGB_03265	contig_1	3245686	3246231	+	LNHIMF_03084	1	persistent	2	0	0
HFCAGB_03266	contig_1	3246307	3247824	-	LNHIMF_03085	1	persistent	2	0	0
HFCAGB_03267	contig_1	3247834	3248715	-	GEGEGB_03115	1	persistent	2	0	0
HFCAGB_03268	contig_1	3249037	3250638	-	LNHIMF_03087	1	persistent	2	0	0
HFCAGB_03269	contig_1	3250776	3251489	-	GEGEGB_03117	1	persistent	2	0	0
HFCAGB_03270	contig_1	3251513	3252409	-	GEGEGB_03118	1	persistent	2	0	0
HFCAGB_03271	contig_1	3252522	3253043	+	GEGEGB_03119	1	persistent	2	0	0
HFCAGB_03272	contig_1	3253096	3253509	-	LNHIMF_03091	1	persistent	2	0	0
HFCAGB_03273	contig_1	3253490	3253756	-	GEGEGB_03121	1	persistent	2	0	0
HFCAGB_03274	contig_1	3254006	3254986	+	GEGEGB_03122	1	persistent	3	0	0
HFCAGB_03275	contig_1	3254903	3255094	-	GEGEGB_03123	1	persistent	2	0	0
HFCAGB_03276	contig_1	3255102	3255761	-	GEGEGB_03124	1	persistent	3	0	0
HFCAGB_03277	contig_1	3255923	3256237	-	AJBGEP_03225	1	persistent	2	0	0
HFCAGB_03278	contig_1	3256392	3257825	+	LNHIMF_03097	1	persistent	2	0	0
HFCAGB_03279	contig_1	3257873	3258766	-	BEJGEH_03067	1	persistent	2	0	0
HFCAGB_03280	contig_1	3259222	3262095	-	BEJGEH_03068	1	persistent	2	0	0
HFCAGB_03281	contig_1	3262258	3262647	-	GEGEGB_03129	1	persistent	2	0	0
HFCAGB_03282	contig_1	3262673	3263767	-	GEGEGB_03130	1	persistent	2	0	0
HFCAGB_03283	contig_1	3264223	3265425	-	LNHIMF_03103	1	persistent	2	0	0
HFCAGB_03284	contig_1	3265551	3266729	-	GEGEGB_03132	1	persistent	2	0	1
HFCAGB_03285	contig_1	3266726	3268042	-	GEGEGB_03133	1	persistent	2	0	1
HFCAGB_03286	contig_1	3268068	3268646	-	LNHIMF_03106	1	persistent	2	0	0
HFCAGB_03287	contig_1	3268813	3269142	+	GEGEGB_03135	1	persistent	2	0	0
HFCAGB_03289	contig_1	3269436	3269984	+	BEJGEH_03077	1	persistent	2	0	0
HFCAGB_03291	contig_1	3270365	3271597	-	GEGEGB_03139	1	persistent	2	0	0
HFCAGB_03292	contig_1	3271864	3272523	-	GEGEGB_03140	1	persistent	2	0	0
HFCAGB_03293	contig_1	3272677	3273570	+	GEGEGB_03141	1	persistent	2	0	0
HFCAGB_03294	contig_1	3273836	3274582	-	GEGEGB_03142	1	persistent	2	0	0
HFCAGB_03295	contig_1	3274676	3274969	-	LNHIMF_03115	2	persistent	2	0	0
HFCAGB_03296	contig_1	3274957	3275310	-	LNHIMF_03115	2	persistent	2	0	0
HFCAGB_03297	contig_1	3275511	3276371	-	GEGEGB_03144	1	persistent	2	1	0
HFCAGB_03298	contig_1	3276604	3277683	-	GEGEGB_03148	1	persistent	2	0	1
HFCAGB_03299	contig_1	3277785	3278948	-	GEGEGB_03149	1	persistent	2	0	0
HFCAGB_03300	contig_1	3278970	3280016	-	GEGEGB_03150	1	persistent	2	0	0
HFCAGB_03301	contig_1	3280390	3280815	+	GEGEGB_03151	1	persistent	2	0	0
HFCAGB_03302	contig_1	3280841	3281419	+	GEGEGB_03152	1	persistent	2	0	0
HFCAGB_03303	contig_1	3281420	3282127	+	LNHIMF_03122	1	persistent	2	0	0
HFCAGB_03304	contig_1	3282115	3282792	+	LNHIMF_03123	1	persistent	2	0	0
HFCAGB_03305	contig_1	3282786	3283442	+	LNHIMF_03124	1	persistent	2	1	1
HFCAGB_03306	contig_1	3283486	3285477	-	GEGEGB_03158	1	persistent	2	1	1
HFCAGB_03307	contig_1	3285753	3286511	+	GEGEGB_03159	1	persistent	2	0	0
HFCAGB_03308	contig_1	3286612	3287532	-	GEGEGB_03160	1	persistent	2	1	1
HFCAGB_03309	contig_1	3287737	3288627	-	AJBGEP_03256	1	shell	1	1	0
HFCAGB_03310	contig_1	3288886	3289380	-	BEJGEH_03097	1	shell	0	2	1
HFCAGB_03311	contig_1	3289419	3290321	-	BEJGEH_03098	1	shell	0	2	0
HFCAGB_03312	contig_1	3290440	3291456	-	BEJGEH_03099	1	shell	0	2	0
HFCAGB_03313	contig_1	3291459	3292931	-	BEJGEH_03100	1	shell	0	2	0
HFCAGB_03314	contig_1	3294154	3294903	-	BEJGEH_03101	1	shell	0	2	0
HFCAGB_03315	contig_1	3295108	3295839	-	BEJGEH_03102	1	shell	1	1	0
HFCAGB_03316	contig_1	3295984	3297960	-	GEGEGB_03161	1	persistent	2	1	1
HFCAGB_03317	contig_1	3298750	3299904	+	GEGEGB_03162	1	persistent	2	0	0
HFCAGB_03318	contig_1	3300397	3301791	+	GEGEGB_03163	1	persistent	2	0	0
HFCAGB_03319	contig_1	3301912	3302367	+	GEGEGB_03164	1	persistent	2	0	0
HFCAGB_03320	contig_1	3302463	3303170	+	LNHIMF_03138	1	persistent	2	0	0
HFCAGB_03321	contig_1	3303247	3303978	+	GEGEGB_03166	1	persistent	2	0	0
HFCAGB_03322	contig_1	3303998	3304945	+	LNHIMF_03140	1	persistent	2	0	0
HFCAGB_03323	contig_1	3305161	3305724	+	GEGEGB_03168	1	persistent	2	0	0
HFCAGB_03324	contig_1	3305724	3306140	+	GEGEGB_03169	1	persistent	2	0	0
HFCAGB_03325	contig_1	3306187	3306873	-	LNHIMF_03143	1	persistent	2	0	0
HFCAGB_03326	contig_1	3307006	3307986	-	LNHIMF_03144	1	persistent	2	0	0
HFCAGB_03327	contig_1	3308004	3308708	+	GEGEGB_03172	1	persistent	2	0	0
HFCAGB_03328	contig_1	3308727	3309293	+	GEGEGB_03173	1	persistent	2	0	0
HFCAGB_03329	contig_1	3309290	3309580	+	GEGEGB_03174	1	persistent	2	0	0
HFCAGB_03330	contig_1	3309588	3310181	+	LNHIMF_03148	1	persistent	2	0	0
HFCAGB_03331	contig_1	3310174	3311310	+	GEGEGB_03176	1	persistent	2	0	0
HFCAGB_03332	contig_1	3311402	3312409	-	GEGEGB_03177	1	persistent	2	0	0
HFCAGB_03333	contig_1	3312542	3313588	-	GEGEGB_03178	1	persistent	2	1	0
HFCAGB_03334	contig_1	3313777	3314496	-	GEGEGB_03181	1	persistent	2	1	0
HFCAGB_03335	contig_1	3314546	3314872	-	GEGEGB_03182	1	persistent	2	0	0
HFCAGB_03336	contig_1	3314872	3315591	-	LNHIMF_03154	1	persistent	2	0	0
HFCAGB_03337	contig_1	3315746	3316798	+	LNHIMF_03155	1	persistent	2	0	0
HFCAGB_03338	contig_1	3316826	3317101	+	GEGEGB_03185	1	persistent	2	0	0
HFCAGB_03339	contig_1	3317214	3318299	+	GEGEGB_03186	1	persistent	2	0	1
HFCAGB_03340	contig_1	3318516	3319772	+	GEGEGB_03187	1	persistent	3	0	1
HFCAGB_03341	contig_1	3319834	3321969	-	LNHIMF_03159	1	persistent	2	0	2
HFCAGB_03342	contig_1	3322394	3323101	+	GEGEGB_03190	1	persistent	1	1	4
HFCAGB_03344	contig_1	3323441	3323821	-	LNHIMF_03162	1	shell	2	1	0
HFCAGB_03345	contig_1	3323886	3325208	-	AJBGEP_03293	1	shell	0	2	0
HFCAGB_03346	contig_1	3325236	3325763	-	HFCAGB_03346	1	shell	0	2	0
HFCAGB_03347	contig_1	3325787	3326629	-	LNHIMF_03165	1	shell	0	2	0
HFCAGB_03348	contig_1	3326721	3327599	+	LNHIMF_03166	1	shell	0	2	0
HFCAGB_03349	contig_1	3327647	3329386	-	LNHIMF_03167	1	shell	0	2	0
HFCAGB_03350	contig_1	3329455	3330639	-	HFCAGB_03350	1	shell	1	1	0
HFCAGB_03352	contig_1	3331151	3331834	+	LNHIMF_03170	1	persistent	1	1	1
HFCAGB_03353	contig_1	3331939	3332496	-	LNHIMF_03171	1	persistent	2	0	0
HFCAGB_03354	contig_1	3332474	3333973	-	GEGEGB_03203	1	persistent	2	0	0
HFCAGB_03355	contig_1	3334182	3334556	-	BEJGEH_03143	1	persistent	2	0	0
HFCAGB_03356	contig_1	3334571	3335872	-	GEGEGB_03206	1	persistent	2	0	0
HFCAGB_03357	contig_1	3336034	3337518	+	LNHIMF_03175	1	persistent	2	0	0
HFCAGB_03358	contig_1	3337654	3338034	-	BEJGEH_03146	1	persistent	2	0	0
HFCAGB_03359	contig_1	3338034	3338519	-	PKJKAM_01942	1	persistent	2	0	0
HFCAGB_03360	contig_1	3339242	3340165	-	GEGEGB_03210	1	persistent	3	0	0
HFCAGB_03361	contig_1	3340204	3341082	-	LNHIMF_03179	1	persistent	2	0	1
HFCAGB_03362	contig_1	3341478	3342782	-	GEGEGB_03211	1	persistent	3	0	1
HFCAGB_03363	contig_1	3343187	3344371	+	GEGEGB_03212	1	persistent	2	0	0
HFCAGB_03364	contig_1	3344482	3345954	+	GEGEGB_03213	1	persistent	2	0	0
HFCAGB_03365	contig_1	3345966	3347378	+	LNHIMF_03187	1	persistent	2	0	0
HFCAGB_03366	contig_1	3347679	3348737	-	BEJGEH_03154	1	persistent	2	0	0
HFCAGB_03367	contig_1	3349407	3351263	-	GEGEGB_03216	1	persistent	2	0	0
HFCAGB_03368	contig_1	3351490	3352356	+	LNHIMF_03190	1	persistent	2	0	0
HFCAGB_03369	contig_1	3352424	3353125	-	BEJGEH_03157	1	persistent	2	0	0
HFCAGB_03370	contig_1	3353125	3353265	-	LNHIMF_03192	2	persistent	2	0	0
HFCAGB_03371	contig_1	3353410	3354177	-	LNHIMF_03192	2	persistent	2	0	0
HFCAGB_03372	contig_1	3354253	3354501	-	GEGEGB_03220	1	persistent	2	0	0
HFCAGB_03373	contig_1	3354529	3354870	-	GEGEGB_03221	1	persistent	2	0	0
HFCAGB_03374	contig_1	3354863	3355351	-	GEGEGB_03222	1	persistent	2	0	0
HFCAGB_03375	contig_1	3355344	3355838	-	LNHIMF_03196	1	persistent	2	0	0
HFCAGB_03376	contig_1	3355838	3357541	-	LNHIMF_03197	1	persistent	2	0	0
HFCAGB_03377	contig_1	3357538	3358716	-	GEGEGB_03225	1	persistent	2	0	0
HFCAGB_03378	contig_1	3358706	3359692	-	GEGEGB_03226	1	persistent	2	0	0
HFCAGB_03379	contig_1	3359695	3360813	-	GEGEGB_03227	1	persistent	2	0	0
HFCAGB_03380	contig_1	3361003	3361290	-	GEGEGB_03228	1	persistent	2	0	0
HFCAGB_03381	contig_1	3361375	3363018	-	LNHIMF_03202	1	persistent	2	0	0
HFCAGB_03382	contig_1	3363325	3363819	-	GEGEGB_03231	1	persistent	2	0	0
HFCAGB_03383	contig_1	3364099	3364602	-	GEGEGB_03232	1	persistent	2	0	0
HFCAGB_03384	contig_1	3364706	3365116	+	LNHIMF_03205	1	persistent	2	0	0
HFCAGB_03385	contig_1	3365103	3365507	+	GEGEGB_03234	1	persistent	2	0	0
HFCAGB_03386	contig_1	3365631	3366515	+	GEGEGB_03235	1	persistent	2	0	0
HFCAGB_03387	contig_1	3366628	3367053	-	GEGEGB_03236	1	persistent	2	0	0
HFCAGB_03388	contig_1	3367060	3367794	-	GEGEGB_03237	1	persistent	2	0	0
HFCAGB_03389	contig_1	3367787	3367924	-	GEGEGB_03238	1	persistent	2	0	0
HFCAGB_03390	contig_1	3368046	3369233	+	LNHIMF_03211	1	persistent	2	0	0
HFCAGB_03391	contig_1	3369373	3370032	+	GEGEGB_03240	1	persistent	2	0	0
HFCAGB_03392	contig_1	3370096	3371013	-	LNHIMF_03213	1	persistent	2	0	0
HFCAGB_03393	contig_1	3371188	3372351	+	LNHIMF_03214	1	persistent	2	0	0
HFCAGB_03394	contig_1	3372457	3373284	+	LNHIMF_03215	1	persistent	2	0	0
HFCAGB_03395	contig_1	3373481	3374935	+	GEGEGB_03245	1	persistent	2	0	1
HFCAGB_03396	contig_1	3374980	3375435	+	LNHIMF_03217	1	persistent	3	0	0
HFCAGB_03397	contig_1	3375593	3375787	-	HFCAGB_03397	1	persistent	2	0	0
HFCAGB_03398	contig_1	3375990	3378161	-	GEGEGB_03247	1	persistent	2	1	2
HFCAGB_03399	contig_1	3378649	3379632	+	BEJGEH_03192	1	shell	1	1	0
HFCAGB_03400	contig_1	3379674	3380156	+	BEJGEH_03193	1	shell	0	2	0
HFCAGB_03401	contig_1	3380167	3381474	+	BEJGEH_03194	1	shell	1	1	0
HFCAGB_03402	contig_1	3381519	3382931	-	GEGEGB_03254	1	persistent	1	1	1
HFCAGB_03403	contig_1	3383005	3383742	-	GEGEGB_03255	1	persistent	2	0	0
HFCAGB_03404	contig_1	3383999	3386257	-	LNHIMF_03225	1	persistent	3	0	0
HFCAGB_03405	contig_1	3386368	3387234	-	AJBGEP_03353	1	persistent	2	0	0
HFCAGB_03406	contig_1	3387306	3387698	-	GEGEGB_03258	1	persistent	3	0	0
HFCAGB_03407	contig_1	3387850	3388509	+	GEGEGB_03259	1	persistent	2	0	0
HFCAGB_03408	contig_1	3388506	3389855	+	GEGEGB_03260	1	persistent	2	0	0
HFCAGB_03409	contig_1	3389962	3390543	+	LNHIMF_03229	1	persistent	2	0	0
HFCAGB_03410	contig_1	3390575	3390889	+	GEGEGB_03262	1	persistent	2	0	0
HFCAGB_03411	contig_1	3391014	3392906	-	GEGEGB_03263	1	persistent	2	0	0
HFCAGB_03412	contig_1	3392934	3393515	-	GEGEGB_03264	1	persistent	2	0	0
HFCAGB_03413	contig_1	3393515	3394342	-	GEGEGB_03265	1	persistent	2	0	0
HFCAGB_03414	contig_1	3394367	3394789	-	LNHIMF_03234	1	persistent	2	0	0
HFCAGB_03415	contig_1	3394786	3395418	-	GEGEGB_03267	1	persistent	2	0	0
HFCAGB_03416	contig_1	3395625	3397094	+	GEGEGB_03268	1	persistent	2	0	0
HFCAGB_03417	contig_1	3397307	3397978	+	ODDLKH_03623	1	persistent	2	0	0
HFCAGB_03418	contig_1	3397984	3399147	+	GEGEGB_03270	1	persistent	2	0	0
HFCAGB_03419	contig_1	3399209	3399997	-	GEGEGB_03271	1	persistent	2	0	0
HFCAGB_03420	contig_1	3400138	3400911	+	GEGEGB_03272	1	persistent	2	0	0
HFCAGB_03421	contig_1	3401554	3403350	+	GEGEGB_03273	1	persistent	2	0	0
HFCAGB_03422	contig_1	3403370	3404041	+	GEGEGB_03274	1	persistent	2	0	0
HFCAGB_03423	contig_1	3404056	3404733	+	GEGEGB_03275	1	persistent	2	2	0
HFCAGB_03424	contig_1	3404904	3405557	-	GEGEGB_03276	1	persistent	2	2	0
HFCAGB_03425	contig_1	3405994	3406290	+	AJBGEP_03373	1	persistent	2	0	0
HFCAGB_03426	contig_1	3406365	3406568	-	GEGEGB_03278	1	persistent	2	0	0
HFCAGB_03427	contig_1	3406832	3407452	+	LNHIMF_03249	1	persistent	2	0	0
HFCAGB_03428	contig_1	3407471	3409150	+	GEGEGB_03280	1	persistent	2	0	0
HFCAGB_03430	contig_1	3409390	3409449	+	GEGEGB_03282	1	persistent	2	0	0
HFCAGB_03431	contig_1	3409609	3411042	-	GEGEGB_03283	1	persistent	2	0	0
HFCAGB_03432	contig_1	3411090	3413933	-	GEGEGB_03284	1	persistent	2	0	0
HFCAGB_03433	contig_1	3414051	3415352	-	GEGEGB_03285	1	persistent	2	0	0
HFCAGB_03434	contig_1	3415594	3416208	+	GEGEGB_03286	1	persistent	2	0	0
HFCAGB_03435	contig_1	3416271	3417512	+	LNHIMF_03257	1	persistent	2	0	0
HFCAGB_03436	contig_1	3417616	3418437	-	GEGEGB_03288	1	persistent	2	0	0
HFCAGB_03437	contig_1	3418535	3418894	-	LNHIMF_03259	1	persistent	2	0	0
HFCAGB_03438	contig_1	3419001	3419612	+	LNHIMF_03260	1	persistent	2	0	0
HFCAGB_03439	contig_1	3419862	3420875	-	GEGEGB_03291	1	persistent	2	0	0
HFCAGB_03440	contig_1	3421103	3421318	+	GEGEGB_03292	1	persistent	2	0	0
HFCAGB_03441	contig_1	3421553	3423298	+	GEGEGB_03293	1	persistent	2	0	0
HFCAGB_03442	contig_1	3423313	3425295	+	LNHIMF_03264	1	persistent	2	0	0
HFCAGB_03443	contig_1	3425419	3425925	-	GEGEGB_03295	1	persistent	2	0	1
HFCAGB_03445	contig_1	3426206	3426973	-	LNHIMF_03267	1	persistent	2	0	1
HFCAGB_03446	contig_1	3427208	3427852	+	GEGEGB_03298	1	persistent	2	0	0
HFCAGB_03447	contig_1	3427849	3429417	-	AJBGEP_03395	1	persistent	2	0	0
HFCAGB_03448	contig_1	3429805	3431325	-	LNHIMF_03270	1	persistent	2	0	0
HFCAGB_03449	contig_1	3431754	3433133	+	GEGEGB_03301	1	persistent	2	0	0
HFCAGB_03450	contig_1	3433304	3435322	+	BEJGEH_03246	1	persistent	2	0	0
HFCAGB_03451	contig_1	3435403	3436539	-	GEGEGB_03305	1	persistent	2	0	0
HFCAGB_03452	contig_1	3436625	3437122	+	GEGEGB_03306	1	persistent	2	0	0
HFCAGB_03453	contig_1	3437274	3437966	+	GEGEGB_03307	1	persistent	2	0	0
HFCAGB_03454	contig_1	3438055	3439053	+	LNHIMF_03276	1	persistent	2	0	0
HFCAGB_03455	contig_1	3439324	3440292	+	GEGEGB_03309	1	persistent	2	0	0
HFCAGB_03457	contig_1	3440547	3441791	+	LNHIMF_03279	1	persistent	2	0	0
HFCAGB_03458	contig_1	3442241	3442903	+	GEGEGB_03312	1	persistent	2	0	0
HFCAGB_03459	contig_1	3442907	3443290	+	GEGEGB_03313	1	persistent	2	0	0
HFCAGB_03460	contig_1	3443435	3443803	+	GEGEGB_03314	1	persistent	2	0	0
HFCAGB_03461	contig_1	3443845	3444150	+	GEGEGB_03315	1	persistent	2	0	0
HFCAGB_03462	contig_1	3444153	3444551	+	GEGEGB_03316	1	persistent	2	0	0
HFCAGB_03463	contig_1	3444548	3444847	+	GEGEGB_03317	1	persistent	2	0	0
HFCAGB_03464	contig_1	3445095	3445487	+	GEGEGB_03318	1	persistent	2	0	0
HFCAGB_03465	contig_1	3446016	3446540	+	LNHIMF_03287	1	persistent	2	0	0
HFCAGB_03466	contig_1	3446664	3447029	+	GEGEGB_03320	1	persistent	2	0	0
HFCAGB_03467	contig_1	3447068	3447964	-	LNHIMF_03289	1	persistent	2	0	0
HFCAGB_03468	contig_1	3448069	3448770	+	GEGEGB_03322	1	persistent	2	0	0
HFCAGB_03469	contig_1	3448794	3448958	+	GEGEGB_03323	1	persistent	2	0	0
HFCAGB_03470	contig_1	3449071	3450381	-	LNHIMF_03292	1	persistent	2	0	0
HFCAGB_03471	contig_1	3450407	3451738	-	LNHIMF_03293	1	persistent	2	0	0
HFCAGB_03473	contig_1	3452053	3453417	-	GEGEGB_03329	1	persistent	2	0	0
HFCAGB_03474	contig_1	3453487	3455781	-	LNHIMF_03296	1	persistent	2	0	0
HFCAGB_03475	contig_1	3455815	3457023	-	LNHIMF_03297	1	persistent	2	0	0
HFCAGB_03476	contig_1	3457090	3458421	-	LNHIMF_03298	1	persistent	2	0	0
HFCAGB_03477	contig_1	3458442	3459431	-	GEGEGB_03334	1	persistent	2	0	0
HFCAGB_03478	contig_1	3459529	3460467	-	LNHIMF_03300	1	persistent	2	0	1
HFCAGB_03480	contig_1	3461694	3462839	-	GEGEGB_03337	1	persistent	2	0	1
HFCAGB_03481	contig_1	3462937	3463827	-	LNHIMF_03303	1	persistent	2	0	0
HFCAGB_03482	contig_1	3463853	3464623	-	GEGEGB_03339	1	persistent	2	0	0
HFCAGB_03483	contig_1	3465153	3466613	+	LNHIMF_03305	1	persistent	2	1	0
HFCAGB_03484	contig_1	3466982	3467836	+	GEGEGB_03343	1	persistent	2	2	0
HFCAGB_03485	contig_1	3467956	3469227	+	BEJGEH_03281	1	persistent	2	1	0
HFCAGB_03486	contig_1	3469242	3469706	+	LNHIMF_03308	1	persistent	2	0	0
HFCAGB_03487	contig_1	3469737	3470021	+	GEGEGB_03350	1	persistent	2	0	0
HFCAGB_03488	contig_1	3470025	3471398	+	LNHIMF_03310	1	persistent	2	0	0
HFCAGB_03489	contig_1	3471442	3472485	+	GEGEGB_03352	1	persistent	2	1	0
HFCAGB_03490	contig_1	3472596	3473369	+	GEGEGB_03353	1	persistent	2	0	0
HFCAGB_03491	contig_1	3473527	3474390	-	LNHIMF_03313	1	persistent	2	0	0
HFCAGB_03492	contig_1	3474454	3476496	+	LNHIMF_03314	1	persistent	2	0	0
HFCAGB_03493	contig_1	3476454	3476849	+	LNHIMF_03315	1	persistent	2	0	0
HFCAGB_03494	contig_1	3476871	3477461	+	LNHIMF_03316	1	persistent	2	0	0
HFCAGB_03495	contig_1	3477471	3478046	+	GEGEGB_03358	1	persistent	2	0	0
HFCAGB_03496	contig_1	3478113	3478748	-	LNHIMF_03318	1	persistent	2	0	0
HFCAGB_03497	contig_1	3478879	3479397	+	GEGEGB_03360	1	persistent	2	0	0
HFCAGB_03498	contig_1	3479377	3479820	-	GEGEGB_03361	1	persistent	2	0	0
HFCAGB_03499	contig_1	3479858	3480175	+	GEGEGB_03362	1	persistent	2	0	0
HFCAGB_03500	contig_1	3480162	3480665	-	GEGEGB_03363	1	persistent	2	0	0
HFCAGB_03501	contig_1	3480659	3481183	-	GEGEGB_03364	1	persistent	2	0	0
HFCAGB_03502	contig_1	3481400	3482395	+	GEGEGB_03365	1	persistent	2	0	0
HFCAGB_03503	contig_1	3482404	3483282	+	GEGEGB_03366	1	persistent	2	0	0
HFCAGB_03504	contig_1	3483460	3484467	+	LNHIMF_03326	1	persistent	2	1	0
HFCAGB_03505	contig_1	3484445	3485164	-	BEJGEH_03301	1	shell	1	1	0
HFCAGB_03506	contig_1	3485323	3485853	+	BEJGEH_03302	1	shell	1	1	0
HFCAGB_03507	contig_1	3485914	3487158	-	GEGEGB_03368	1	persistent	2	1	0
HFCAGB_03508	contig_1	3487312	3489201	-	GEGEGB_03369	1	persistent	2	0	0
HFCAGB_03509	contig_1	3489194	3489274	-	GEGEGB_03370	1	persistent	2	0	0
HFCAGB_03510	contig_1	3489380	3490264	-	GEGEGB_03371	1	persistent	2	0	0
HFCAGB_03511	contig_1	3490374	3492539	-	LNHIMF_03331	1	persistent	2	0	0
HFCAGB_03513	contig_1	3492751	3493020	-	GEGEGB_03374	1	persistent	2	0	0
HFCAGB_03514	contig_1	3493171	3494115	-	GEGEGB_03375	1	persistent	2	0	0
HFCAGB_03515	contig_1	3494115	3494516	-	GEGEGB_03376	1	persistent	2	0	0
HFCAGB_03516	contig_1	3494737	3497415	-	BEJGEH_03312	1	persistent	2	0	0
HFCAGB_03517	contig_1	3497440	3498942	-	LNHIMF_03337	1	persistent	2	0	0
HFCAGB_03518	contig_1	3498970	3499422	-	GEGEGB_03379	1	persistent	2	0	0
HFCAGB_03520	contig_1	3500050	3501393	+	GEGEGB_03381	1	persistent	2	1	1
HFCAGB_03521	contig_1	3501551	3502510	+	HFCAGB_03521	1	cloud	2	0	0
HFCAGB_03523	contig_1	3502695	3503027	-	GEGEGB_03383	1	persistent	2	1	1
HFCAGB_03524	contig_1	3503250	3504587	-	GEGEGB_03384	1	persistent	2	0	0
HFCAGB_03525	contig_1	3504580	3505428	-	GEGEGB_03385	1	persistent	2	1	0
HFCAGB_03526	contig_1	3505533	3507476	-	GEGEGB_03386	1	persistent	2	1	0
HFCAGB_03527	contig_1	3507571	3508197	-	LNHIMF_03346	1	persistent	2	0	0
HFCAGB_03528	contig_1	3508285	3508617	+	GEGEGB_03388	1	persistent	2	0	0
HFCAGB_03529	contig_1	3508773	3509249	-	GEGEGB_03389	1	persistent	2	0	0
HFCAGB_03530	contig_1	3509303	3509404	-	GEGEGB_03390	1	persistent	2	0	0
HFCAGB_03531	contig_1	3509497	3510930	+	GEGEGB_03391	1	persistent	2	0	0
HFCAGB_03532	contig_1	3511061	3512233	-	GEGEGB_03392	1	persistent	2	0	0
HFCAGB_03533	contig_1	3512249	3513139	-	GEGEGB_03393	1	persistent	2	0	0
HFCAGB_03534	contig_1	3513334	3513591	-	GEGEGB_03394	1	persistent	2	0	0
HFCAGB_03535	contig_1	3513611	3513922	-	GEGEGB_03395	1	persistent	2	0	0
HFCAGB_03536	contig_1	3514039	3515151	+	LNHIMF_03355	1	persistent	2	0	0
HFCAGB_03537	contig_1	3515383	3515670	+	GEGEGB_03397	1	persistent	2	0	0
HFCAGB_03538	contig_1	3515729	3516988	-	GEGEGB_03398	1	persistent	2	0	0
HFCAGB_03539	contig_1	3517042	3517335	-	GEGEGB_03399	1	persistent	2	0	0
HFCAGB_03540	contig_1	3517484	3517780	-	GEGEGB_03400	1	persistent	2	0	0
HFCAGB_03541	contig_1	3517780	3518415	-	GEGEGB_03401	1	persistent	2	0	0
HFCAGB_03542	contig_1	3518434	3518985	-	GEGEGB_03402	1	persistent	2	0	0
HFCAGB_03543	contig_1	3518990	3519772	-	GEGEGB_03403	1	persistent	2	0	0
HFCAGB_03544	contig_1	3519780	3520592	-	LNHIMF_03363	1	persistent	2	0	0
HFCAGB_03545	contig_1	3520805	3521782	+	LNHIMF_03364	1	persistent	2	0	0
HFCAGB_03546	contig_1	3521796	3522782	+	LNHIMF_03365	1	persistent	2	0	0
HFCAGB_03547	contig_1	3522803	3523369	+	GEGEGB_03407	1	persistent	2	0	0
HFCAGB_03548	contig_1	3523366	3523941	+	GEGEGB_03408	1	persistent	2	0	0
HFCAGB_03549	contig_1	3523910	3524464	+	GEGEGB_03409	1	persistent	2	0	0
HFCAGB_03550	contig_1	3524471	3525196	+	GEGEGB_03410	1	persistent	2	0	0
HFCAGB_03551	contig_1	3525244	3526677	+	GEGEGB_03411	1	persistent	2	0	0
HFCAGB_03552	contig_1	3526700	3526987	+	LNHIMF_03371	1	persistent	2	0	0
HFCAGB_03553	contig_1	3527105	3527596	+	GEGEGB_03413	1	persistent	2	0	0
HFCAGB_03554	contig_1	3527642	3528496	+	LNHIMF_03373	1	persistent	2	0	0
HFCAGB_03555	contig_1	3528493	3528765	+	GEGEGB_03415	1	persistent	2	0	0
HFCAGB_03557	contig_1	3529015	3529647	+	GEGEGB_03416	1	persistent	2	0	0
HFCAGB_03558	contig_1	3529722	3530450	-	GEGEGB_03417	1	persistent	2	0	0
HFCAGB_03559	contig_1	3530447	3531100	-	BEJGEH_03355	1	persistent	2	0	0
HFCAGB_03561	contig_1	3531327	3533663	-	LNHIMF_03380	1	persistent	2	0	0
HFCAGB_03562	contig_1	3533757	3534686	-	GEGEGB_03421	1	persistent	2	0	0
HFCAGB_03563	contig_1	3535358	3539818	+	GEGEGB_03422	1	persistent	2	0	0
HFCAGB_03564	contig_1	3539828	3541246	+	GEGEGB_03423	1	persistent	2	0	1
HFCAGB_03565	contig_1	3541454	3542557	+	GEGEGB_03424	1	persistent	2	0	1
HFCAGB_03566	contig_1	3542673	3543926	+	LNHIMF_03385	1	persistent	2	0	0
HFCAGB_03567	contig_1	3543913	3545193	+	LNHIMF_03386	1	persistent	2	0	0
HFCAGB_03568	contig_1	3545275	3545742	-	GEGEGB_03427	1	persistent	2	0	0
HFCAGB_03569	contig_1	3545739	3546614	-	LNHIMF_03388	1	persistent	2	0	0
HFCAGB_03570	contig_1	3546611	3547300	-	LNHIMF_03389	1	persistent	2	0	0
HFCAGB_03571	contig_1	3547347	3548837	-	LNHIMF_03390	1	persistent	2	0	0
HFCAGB_03572	contig_1	3548953	3549846	-	LNHIMF_03391	1	persistent	2	0	0
HFCAGB_03573	contig_1	3549981	3550763	-	GEGEGB_03433	1	persistent	2	0	0
HFCAGB_03574	contig_1	3550881	3551381	-	GEGEGB_03434	1	persistent	2	0	0
HFCAGB_03575	contig_1	3551387	3552025	-	LNHIMF_03394	1	persistent	2	1	2
HFCAGB_03576	contig_1	3552288	3553082	-	HFCAGB_03576	1	shell	2	0	0
HFCAGB_03577	contig_1	3553240	3553632	-	GEGEGB_03437	1	persistent	2	1	2
HFCAGB_03578	contig_1	3553648	3554076	-	GEGEGB_03438	1	persistent	2	0	0
HFCAGB_03579	contig_1	3554378	3555502	-	LNHIMF_03398	1	persistent	2	0	0
HFCAGB_03580	contig_1	3555695	3556093	+	LNHIMF_03399	1	persistent	2	0	0
HFCAGB_03581	contig_1	3556250	3557617	+	GEGEGB_03441	1	persistent	2	0	0
HFCAGB_03582	contig_1	3557710	3558780	+	GEGEGB_03442	1	persistent	2	0	0
HFCAGB_03583	contig_1	3558814	3559512	-	HFCAGB_03583	1	persistent	2	0	0
HFCAGB_03584	contig_1	3559565	3560866	-	LNHIMF_00056	3	persistent	4	0	0
HFCAGB_03585	contig_1	3560879	3562651	-	GEGEGB_00060	3	persistent	2	0	1
HFCAGB_03586	contig_1	3562667	3562909	-	AJBGEP_03535	3	persistent	3	1	0
HFCAGB_03587	contig_1	3563066	3563683	-	GEGEGB_03447	1	persistent	2	0	0
HFCAGB_03588	contig_1	3563683	3564582	-	GEGEGB_03448	1	persistent	2	0	0
HFCAGB_03589	contig_1	3564615	3565883	-	GEGEGB_03449	1	persistent	2	0	0
HFCAGB_03590	contig_1	3566094	3566759	-	GEGEGB_03450	1	persistent	2	0	0
HFCAGB_03591	contig_1	3566746	3567375	-	GEGEGB_03451	1	persistent	2	0	0
HFCAGB_03592	contig_1	3567495	3568433	-	GEGEGB_03452	1	persistent	2	0	0
HFCAGB_03593	contig_1	3568848	3569318	+	GEGEGB_03453	1	persistent	2	0	0
HFCAGB_03594	contig_1	3569683	3569946	+	GEGEGB_03454	1	persistent	2	0	0
HFCAGB_03595	contig_1	3570050	3570316	+	GEGEGB_03455	1	persistent	2	0	0
HFCAGB_03596	contig_1	3570376	3570648	-	GEGEGB_03456	1	persistent	2	0	0
HFCAGB_03597	contig_1	3570820	3572787	-	LNHIMF_03416	1	persistent	2	0	0
HFCAGB_03598	contig_1	3572793	3573725	-	GEGEGB_03458	1	persistent	2	0	0
HFCAGB_03599	contig_1	3573733	3573936	-	GEGEGB_03459	1	persistent	2	0	0
HFCAGB_03600	contig_1	3574118	3575047	+	GEGEGB_03460	1	persistent	2	0	0
HFCAGB_03601	contig_1	3575169	3576614	-	GEGEGB_03461	1	persistent	2	0	0
HFCAGB_03602	contig_1	3576759	3580559	-	LNHIMF_03421	1	persistent	2	0	0
HFCAGB_03603	contig_1	3580670	3582139	-	GEGEGB_03463	1	persistent	2	0	0
HFCAGB_03604	contig_1	3582129	3582722	-	LNHIMF_03423	1	persistent	2	0	0
HFCAGB_03605	contig_1	3582731	3583222	-	GEGEGB_03465	1	persistent	2	0	0
HFCAGB_03606	contig_1	3583222	3584274	-	LNHIMF_03425	1	persistent	2	0	0
HFCAGB_03607	contig_1	3584339	3585382	-	GEGEGB_03467	1	persistent	2	0	0
HFCAGB_03608	contig_1	3585690	3587630	-	LNHIMF_03427	1	persistent	2	0	0
HFCAGB_03609	contig_1	3587834	3588808	+	GEGEGB_03469	1	persistent	2	0	0
HFCAGB_03610	contig_1	3588921	3589925	+	GEGEGB_03470	1	persistent	2	0	0
HFCAGB_03611	contig_1	3589926	3590525	+	GEGEGB_03471	1	persistent	2	0	0
HFCAGB_03612	contig_1	3590918	3591388	+	GEGEGB_03472	1	persistent	2	0	0
HFCAGB_03613	contig_1	3591399	3592748	+	GEGEGB_03473	1	persistent	2	0	0
HFCAGB_03614	contig_1	3592857	3593099	+	LNHIMF_03433	1	persistent	2	0	0
HFCAGB_03615	contig_1	3593089	3594540	+	LNHIMF_03434	1	persistent	2	0	0
HFCAGB_03616	contig_1	3594552	3595433	+	GEGEGB_03476	1	persistent	2	0	1
HFCAGB_03617	contig_1	3595519	3595662	-	HFCAGB_03617	1	cloud	2	0	0
HFCAGB_03618	contig_1	3596094	3597059	+	GEGEGB_03477	1	persistent	2	0	1
HFCAGB_03619	contig_1	3597085	3597381	+	GEGEGB_03478	1	persistent	2	0	0
HFCAGB_03620	contig_1	3597467	3598351	+	GEGEGB_03479	1	persistent	2	0	0
HFCAGB_03621	contig_1	3598434	3598598	+	GEGEGB_03480	1	persistent	2	0	0
HFCAGB_03622	contig_1	3598749	3600848	+	LNHIMF_03440	1	persistent	3	0	0
HFCAGB_03623	contig_1	3600851	3601513	-	LNHIMF_03441	1	persistent	2	0	0
HFCAGB_03624	contig_1	3601927	3602472	+	BEJGEH_03419	2	persistent	3	0	0
HFCAGB_03625	contig_1	3602484	3603080	+	BEJGEH_03419	2	persistent	3	0	0
HFCAGB_03626	contig_1	3603092	3606205	+	LNHIMF_03443	2	persistent	4	0	0
HFCAGB_03627	contig_1	3606443	3606664	+	GEGEGB_03485	1	persistent	3	0	0
HFCAGB_03635	contig_1	3613281	3613835	+	GEGEGB_04339	1	persistent	3	0	0
HFCAGB_03636	contig_1	3613811	3614068	-	LNHIMF_03453	1	persistent	2	0	0
HFCAGB_03637	contig_1	3614065	3614886	-	LNHIMF_03454	1	persistent	2	0	0
HFCAGB_03638	contig_1	3614888	3615460	-	LNHIMF_03455	1	persistent	2	0	0
HFCAGB_03639	contig_1	3615465	3616007	-	LNHIMF_03456	1	persistent	2	0	0
HFCAGB_03640	contig_1	3616034	3616507	-	GEGEGB_04334	1	persistent	2	0	0
HFCAGB_03641	contig_1	3616479	3617603	-	LNHIMF_03458	1	persistent	2	0	0
HFCAGB_03642	contig_1	3617735	3618244	+	GEGEGB_04332	1	persistent	2	0	0
HFCAGB_03643	contig_1	3618260	3619207	+	GEGEGB_04331	1	persistent	2	0	0
HFCAGB_03644	contig_1	3619259	3620548	+	LNHIMF_03461	1	persistent	2	0	0
HFCAGB_03645	contig_1	3620570	3621946	+	GEGEGB_04329	1	persistent	2	0	0
HFCAGB_03646	contig_1	3622088	3622501	+	GEGEGB_04328	1	persistent	2	0	0
HFCAGB_03647	contig_1	3622437	3622706	-	GEGEGB_04327	1	persistent	2	0	0
HFCAGB_03648	contig_1	3622764	3623189	-	LNHIMF_03465	1	persistent	2	0	0
HFCAGB_03649	contig_1	3623200	3623568	-	LNHIMF_03466	1	persistent	2	0	0
HFCAGB_03650	contig_1	3623676	3624059	-	GEGEGB_04324	1	persistent	2	0	0
HFCAGB_03651	contig_1	3624100	3625089	-	GEGEGB_04323	1	persistent	1	1	0
HFCAGB_03652	contig_1	3625115	3625735	-	LNHIMF_03469	1	shell	1	2	0
HFCAGB_03653	contig_1	3625805	3626185	+	LNHIMF_03470	1	shell	0	2	0
HFCAGB_03654	contig_1	3626175	3626531	-	LNHIMF_03471	1	shell	0	3	0
HFCAGB_03655	contig_1	3626678	3626794	-	GEGEGB_04319	1	shell	0	2	0
HFCAGB_03656	contig_1	3626826	3628157	-	LNHIMF_03473	1	shell	0	2	0
HFCAGB_03657	contig_1	3628165	3628599	-	GEGEGB_04317	1	shell	0	2	0
HFCAGB_03658	contig_1	3628603	3628782	-	GEGEGB_04316	1	shell	0	2	0
HFCAGB_03659	contig_1	3628786	3629289	-	GEGEGB_04315	1	shell	0	2	0
HFCAGB_03660	contig_1	3629304	3629657	-	GEGEGB_04314	1	shell	0	2	1
HFCAGB_03661	contig_1	3629667	3630200	-	GEGEGB_04313	1	shell	0	2	0
HFCAGB_03662	contig_1	3630213	3630605	-	GEGEGB_04312	1	shell	0	2	0
HFCAGB_03663	contig_1	3630639	3630944	-	GEGEGB_04311	1	shell	0	2	0
HFCAGB_03664	contig_1	3630959	3631498	-	GEGEGB_04310	1	shell	0	2	0
HFCAGB_03665	contig_1	3631513	3631827	-	GEGEGB_04309	1	shell	0	2	0
HFCAGB_03666	contig_1	3631838	3632209	-	GEGEGB_04308	1	shell	0	2	0
HFCAGB_03667	contig_1	3632373	3632627	-	GEGEGB_04307	1	shell	0	2	0
HFCAGB_03668	contig_1	3632627	3632818	-	GEGEGB_04306	1	shell	0	2	0
HFCAGB_03669	contig_1	3632818	3633228	-	GEGEGB_04305	1	shell	0	2	0
HFCAGB_03670	contig_1	3633241	3633942	-	GEGEGB_04304	1	shell	0	2	0
HFCAGB_03671	contig_1	3633960	3634292	-	GEGEGB_04303	1	shell	0	2	0
HFCAGB_03672	contig_1	3634307	3634585	-	GEGEGB_04302	1	shell	0	2	0
HFCAGB_03673	contig_1	3634602	3635423	-	GEGEGB_04301	1	shell	0	2	0
HFCAGB_03674	contig_1	3635441	3635743	-	GEGEGB_04300	1	shell	0	2	1
HFCAGB_03675	contig_1	3635740	3636345	-	GEGEGB_04299	1	shell	0	2	0
HFCAGB_03676	contig_1	3636356	3636985	-	GEGEGB_04298	1	shell	0	2	0
HFCAGB_03677	contig_1	3637018	3637329	-	GEGEGB_04297	1	shell	1	1	0
HFCAGB_03678	contig_1	3637709	3638176	+	GEGEGB_04296	1	persistent	1	1	0
HFCAGB_03679	contig_1	3638173	3638649	-	LNHIMF_03496	1	persistent	2	0	0
HFCAGB_03680	contig_1	3638722	3638916	-	GEGEGB_04294	1	persistent	1	1	0
HFCAGB_03681	contig_1	3639101	3640285	-	GEGEGB_03670	2	shell	2	2	0
HFCAGB_03682	contig_1	3640357	3642471	-	GEGEGB_04292	1	shell	0	2	0
HFCAGB_03683	contig_1	3642568	3643038	-	GEGEGB_04291	1	shell	1	1	0
HFCAGB_03684	contig_1	3643134	3643508	-	GEGEGB_04290	1	persistent	1	1	0
HFCAGB_03685	contig_1	3643634	3643921	-	GEGEGB_04289	1	persistent	2	0	0
HFCAGB_03686	contig_1	3643929	3644285	-	GEGEGB_04288	1	persistent	2	0	0
HFCAGB_03687	contig_1	3644285	3644671	-	LNHIMF_03504	1	persistent	2	0	0
HFCAGB_03688	contig_1	3644671	3645393	-	GEGEGB_04286	1	persistent	2	0	0
HFCAGB_03689	contig_1	3645669	3646487	-	LNHIMF_03506	1	persistent	2	0	0
HFCAGB_03690	contig_1	3646707	3646925	+	GEGEGB_04284	1	persistent	2	0	0
HFCAGB_03691	contig_1	3647114	3647704	-	LNHIMF_03508	1	persistent	2	0	0
HFCAGB_03692	contig_1	3647799	3647999	-	GEGEGB_04282	1	persistent	2	0	0
HFCAGB_03693	contig_1	3648009	3649814	-	GEGEGB_04281	1	persistent	2	0	0
HFCAGB_03694	contig_1	3649814	3650365	-	GEGEGB_04280	1	persistent	2	0	0
HFCAGB_03695	contig_1	3650631	3652538	+	GEGEGB_04279	1	persistent	2	0	1
HFCAGB_03696	contig_1	3652701	3652922	+	LNHIMF_03513	1	persistent	3	0	0
HFCAGB_03697	contig_1	3653478	3654500	+	BEJGEH_03492	1	persistent	3	0	0
HFCAGB_03698	contig_1	3654497	3654715	+	GEGEGB_04274	1	persistent	2	0	0
HFCAGB_03699	contig_1	3654766	3655635	+	GEGEGB_04273	1	persistent	2	0	0
HFCAGB_03700	contig_1	3655731	3656135	-	BEJGEH_03495	1	persistent	2	0	0
HFCAGB_03701	contig_1	3656443	3657075	+	GEGEGB_04271	1	persistent	2	0	0
HFCAGB_03702	contig_1	3657124	3659211	+	LNHIMF_03520	1	persistent	2	0	0
HFCAGB_03703	contig_1	3659254	3660471	-	BEJGEH_03498	1	persistent	2	0	0
HFCAGB_03704	contig_1	3660557	3661120	-	GEGEGB_04267	1	persistent	2	0	0
HFCAGB_03705	contig_1	3661152	3661754	-	LNHIMF_03523	1	persistent	2	0	0
HFCAGB_03706	contig_1	3661744	3662016	-	LNHIMF_03524	1	persistent	2	0	0
HFCAGB_03707	contig_1	3662020	3662592	-	GEGEGB_04264	1	persistent	2	0	0
HFCAGB_03708	contig_1	3662869	3664050	+	GEGEGB_04263	1	persistent	2	0	1
HFCAGB_03709	contig_1	3663949	3664218	-	HFCAGB_03709	1	cloud	2	0	0
HFCAGB_03710	contig_1	3664313	3666856	+	LNHIMF_03527	1	persistent	2	0	1
HFCAGB_03711	contig_1	3666853	3667179	+	GEGEGB_04261	1	persistent	2	0	0
HFCAGB_03712	contig_1	3667375	3668184	+	GEGEGB_04260	1	persistent	2	0	0
HFCAGB_03713	contig_1	3668196	3669569	+	BEJGEH_03507	1	persistent	1	3	1
HFCAGB_03714	contig_1	3669907	3675678	+	AJBGEP_03662	1	shell	2	1	0
HFCAGB_03716	contig_1	3675871	3676041	+	GEGEGB_04255	1	persistent	1	3	0
HFCAGB_03717	contig_1	3676186	3677190	-	GEGEGB_04254	1	persistent	2	0	0
HFCAGB_03718	contig_1	3677183	3677941	-	BEJGEH_03515	1	persistent	2	0	0
HFCAGB_03719	contig_1	3677934	3678611	-	GEGEGB_04252	1	persistent	2	0	0
HFCAGB_03720	contig_1	3678629	3679465	-	GEGEGB_04251	1	persistent	2	0	0
HFCAGB_03721	contig_1	3679646	3680923	-	LNHIMF_03538	1	persistent	2	0	0
HFCAGB_03722	contig_1	3681021	3682109	-	GEGEGB_04249	1	persistent	2	0	0
HFCAGB_03723	contig_1	3682166	3682687	-	GEGEGB_04248	1	persistent	2	0	0
HFCAGB_03724	contig_1	3683285	3684355	-	LNHIMF_03541	1	persistent	2	0	0
HFCAGB_03725	contig_1	3684306	3684707	-	GEGEGB_04246	1	persistent	2	0	0
HFCAGB_03726	contig_1	3684697	3685170	-	LNHIMF_03543	1	persistent	2	0	0
HFCAGB_03727	contig_1	3685154	3685693	-	GEGEGB_04244	1	persistent	2	0	0
HFCAGB_03728	contig_1	3685693	3686472	-	GEGEGB_04243	1	persistent	2	0	0
HFCAGB_03729	contig_1	3686593	3689145	+	GEGEGB_04242	1	persistent	2	1	0
HFCAGB_03730	contig_1	3689241	3689837	-	LNHIMF_03547	1	persistent	2	1	0
HFCAGB_03731	contig_1	3690127	3692259	+	LNHIMF_03548	1	persistent	2	0	0
HFCAGB_03732	contig_1	3692324	3692992	+	GEGEGB_04239	1	persistent	2	0	0
HFCAGB_03733	contig_1	3693003	3693404	+	LNHIMF_03550	1	persistent	2	0	0
HFCAGB_03734	contig_1	3693429	3694307	+	LNHIMF_03551	1	persistent	2	0	1
HFCAGB_03735	contig_1	3694418	3696127	-	GEGEGB_04236	1	persistent	2	0	1
HFCAGB_03736	contig_1	3696507	3698126	+	GEGEGB_04235	1	persistent	2	0	0
HFCAGB_03737	contig_1	3698201	3699553	-	LNHIMF_03554	1	persistent	2	0	0
HFCAGB_03738	contig_1	3699550	3700269	-	GEGEGB_04233	1	persistent	2	0	0
HFCAGB_03739	contig_1	3700495	3700968	+	GEGEGB_04232	1	persistent	2	0	0
HFCAGB_03740	contig_1	3701067	3703397	+	IKCLMC_02888	1	persistent	2	0	0
HFCAGB_03741	contig_1	3703834	3704061	+	GEGEGB_04230	1	persistent	2	0	0
HFCAGB_03742	contig_1	3704080	3706398	+	LNHIMF_03559	1	persistent	2	0	0
HFCAGB_03743	contig_1	3706411	3706647	+	GEGEGB_04228	1	persistent	2	0	0
HFCAGB_03744	contig_1	3706882	3707808	+	GEGEGB_04227	1	persistent	2	0	0
HFCAGB_03745	contig_1	3707844	3708614	-	GEGEGB_04226	1	persistent	2	0	0
HFCAGB_03746	contig_1	3708652	3709335	+	LNHIMF_03563	1	persistent	2	0	0
HFCAGB_03747	contig_1	3709394	3709969	+	LNHIMF_03564	1	persistent	2	0	0
HFCAGB_03748	contig_1	3710346	3711662	+	GEGEGB_04223	1	persistent	2	0	0
HFCAGB_03749	contig_1	3711781	3713859	-	BEJGEH_03547	1	persistent	2	0	0
HFCAGB_03750	contig_1	3713869	3716262	-	LNHIMF_03567	1	persistent	2	0	0
HFCAGB_03751	contig_1	3716856	3719564	+	ODDLKH_03961	1	persistent	2	1	1
HFCAGB_03752	contig_1	3719652	3719927	-	HFCAGB_03752	1	shell	1	1	0
HFCAGB_03753	contig_1	3719930	3720190	-	HFCAGB_03753	1	shell	0	2	0
HFCAGB_03754	contig_1	3720299	3720733	-	IKCLMC_02875	2	shell	0	2	1
HFCAGB_03755	contig_1	3720738	3721310	-	IKCLMC_02875	2	shell	0	2	1
HFCAGB_03756	contig_1	3721314	3722531	-	HFCAGB_03756	1	shell	0	2	0
HFCAGB_03761	contig_1	3722876	3724429	-	HFCAGB_03761	1	shell	0	2	0
HFCAGB_03762	contig_1	3724619	3726202	+	BEJGEH_03558	1	shell	1	1	0
HFCAGB_03763	contig_1	3726199	3726957	-	GEGEGB_04219	1	persistent	2	1	0
HFCAGB_03764	contig_1	3727051	3727881	-	LNHIMF_03570	1	persistent	2	0	0
HFCAGB_03765	contig_1	3727957	3728283	-	GEGEGB_04217	1	persistent	2	0	0
HFCAGB_03766	contig_1	3728482	3729990	+	GEGEGB_04216	1	persistent	3	0	0
HFCAGB_03767	contig_1	3730037	3730582	-	BEJGEH_03563	1	persistent	2	0	1
HFCAGB_03768	contig_1	3730592	3732088	-	HFCAGB_03768	1	persistent	1	1	3
HFCAGB_03769	contig_1	3732246	3733355	-	BEJGEH_03565	1	shell	1	1	1
HFCAGB_03770	contig_1	3733693	3735027	+	BEJGEH_03566	1	shell	0	2	0
HFCAGB_03771	contig_1	3735024	3736739	+	BEJGEH_03567	1	shell	0	2	0
HFCAGB_03772	contig_1	3736783	3737688	+	BEJGEH_03568	1	shell	0	2	0
HFCAGB_03773	contig_1	3737732	3738487	-	BEJGEH_03569	1	shell	1	1	0
HFCAGB_03774	contig_1	3738665	3741112	-	LNHIMF_03577	1	persistent	2	1	1
HFCAGB_03775	contig_1	3741132	3742565	-	LNHIMF_03578	1	persistent	2	0	0
HFCAGB_03776	contig_1	3742565	3743860	-	LNHIMF_03579	1	persistent	2	0	0
HFCAGB_03777	contig_1	3743875	3745851	-	LNHIMF_03580	1	persistent	2	0	0
HFCAGB_03778	contig_1	3745848	3748034	-	GEGEGB_04211	1	persistent	2	0	0
HFCAGB_03779	contig_1	3748383	3749489	-	GEGEGB_04210	1	persistent	2	0	1
HFCAGB_03780	contig_1	3749913	3751253	-	GEGEGB_04208	1	persistent	2	0	1
HFCAGB_03781	contig_1	3751250	3751783	-	GEGEGB_04207	1	persistent	2	0	0
HFCAGB_03782	contig_1	3751922	3752917	-	GEGEGB_04206	1	persistent	2	0	0
HFCAGB_03783	contig_1	3753047	3753742	-	GEGEGB_04205	1	persistent	2	0	0
HFCAGB_03784	contig_1	3753866	3754903	-	LNHIMF_03588	1	persistent	2	1	1
HFCAGB_03785	contig_1	3754962	3755087	+	HFCAGB_03785	1	shell	2	0	0
HFCAGB_03787	contig_1	3755370	3755858	+	GEGEGB_04201	1	persistent	2	1	1
HFCAGB_03788	contig_1	3756123	3757337	+	GEGEGB_04200	1	persistent	2	0	0
HFCAGB_03789	contig_1	3757353	3758114	+	LNHIMF_03592	1	persistent	2	0	0
HFCAGB_03790	contig_1	3758168	3759139	+	GEGEGB_04198	1	persistent	2	0	0
HFCAGB_03791	contig_1	3759136	3760170	+	GEGEGB_04197	1	persistent	2	0	0
HFCAGB_03792	contig_1	3760215	3761957	-	GEGEGB_04196	1	persistent	2	0	0
HFCAGB_03793	contig_1	3762083	3762499	+	GEGEGB_04195	1	persistent	2	0	0
HFCAGB_03794	contig_1	3762496	3763236	-	GEGEGB_04194	1	persistent	2	0	0
HFCAGB_03795	contig_1	3763233	3764303	-	BEJGEH_03592	1	persistent	2	0	0
HFCAGB_03796	contig_1	3764305	3765150	-	GEGEGB_04192	1	persistent	2	0	0
HFCAGB_03797	contig_1	3765147	3766034	-	BENMGJ_02915	1	persistent	2	0	0
HFCAGB_03798	contig_1	3766139	3767455	-	GEGEGB_04190	1	persistent	1	1	1
HFCAGB_03799	contig_1	3767714	3768082	-	AJBGEP_03748	1	shell	1	1	0
HFCAGB_03800	contig_1	3768079	3768300	-	HFCAGB_03800	1	shell	1	1	0
HFCAGB_03801	contig_1	3768431	3769144	-	GEGEGB_04188	1	persistent	1	1	1
HFCAGB_03802	contig_1	3769146	3769913	-	GEGEGB_04187	1	persistent	2	0	0
HFCAGB_03803	contig_1	3769910	3771187	-	GEGEGB_04186	1	persistent	2	0	0
HFCAGB_03804	contig_1	3771184	3772110	-	GEGEGB_04185	1	persistent	2	0	0
HFCAGB_03805	contig_1	3772170	3773279	-	GEGEGB_04184	1	persistent	2	0	0
HFCAGB_03806	contig_1	3773701	3774084	+	GEGEGB_04183	1	persistent	2	0	0
HFCAGB_03807	contig_1	3774280	3775377	-	LNHIMF_03609	1	persistent	2	0	0
HFCAGB_03808	contig_1	3775705	3776559	-	GEGEGB_04180	1	persistent	2	0	0
HFCAGB_03809	contig_1	3776805	3777860	-	LNHIMF_03611	1	persistent	2	0	0
HFCAGB_03810	contig_1	3777853	3778521	-	GEGEGB_04178	1	persistent	2	0	0
HFCAGB_03811	contig_1	3778524	3779999	-	GEGEGB_04177	1	persistent	2	0	0
HFCAGB_03812	contig_1	3780125	3780721	+	GEGEGB_04176	1	persistent	2	0	0
HFCAGB_03813	contig_1	3780711	3780980	+	LNHIMF_03615	1	persistent	2	0	0
HFCAGB_03814	contig_1	3781002	3781373	-	GEGEGB_04174	1	persistent	2	0	0
HFCAGB_03815	contig_1	3781515	3782141	+	GEGEGB_04173	1	persistent	2	0	0
HFCAGB_03816	contig_1	3782222	3784420	+	GEGEGB_04172	1	persistent	2	0	0
HFCAGB_03817	contig_1	3784620	3786263	+	GEGEGB_04171	1	persistent	2	0	0
HFCAGB_03818	contig_1	3786287	3786622	-	LNHIMF_03620	1	persistent	2	0	0
HFCAGB_03819	contig_1	3786702	3787367	+	GEGEGB_04169	1	persistent	2	0	0
HFCAGB_03820	contig_1	3787440	3787997	+	GEGEGB_04168	1	persistent	2	0	0
HFCAGB_03821	contig_1	3788001	3789260	-	LNHIMF_03623	1	persistent	2	0	0
HFCAGB_03822	contig_1	3789350	3790399	+	GEGEGB_04166	1	persistent	2	0	0
HFCAGB_03823	contig_1	3790451	3791029	+	GEGEGB_04165	1	persistent	2	0	0
HFCAGB_03824	contig_1	3791084	3791521	+	GEGEGB_04164	1	persistent	2	0	0
HFCAGB_03825	contig_1	3791611	3792735	-	LNHIMF_03627	1	persistent	2	0	0
HFCAGB_03826	contig_1	3792735	3793292	-	LNHIMF_03628	2	persistent	2	0	0
HFCAGB_03827	contig_1	3793270	3795471	-	LNHIMF_03628	2	persistent	2	0	0
HFCAGB_03828	contig_1	3795468	3796535	-	LNHIMF_03629	1	persistent	2	0	1
HFCAGB_03829	contig_1	3796841	3798037	-	LNHIMF_03630	1	persistent	2	0	1
HFCAGB_03830	contig_1	3798268	3799764	+	GEGEGB_04152	1	persistent	2	0	0
HFCAGB_03831	contig_1	3799905	3800240	-	GEGEGB_04151	1	persistent	2	0	0
HFCAGB_03832	contig_1	3800628	3801062	+	LNHIMF_03633	1	persistent	2	0	0
HFCAGB_03834	contig_1	3801386	3802858	+	GEGEGB_04148	1	persistent	2	0	0
HFCAGB_03835	contig_1	3802950	3803708	-	LNHIMF_03636	1	persistent	2	0	0
HFCAGB_03836	contig_1	3803715	3805757	-	LNHIMF_03637	1	persistent	2	0	1
HFCAGB_03837	contig_1	3805939	3807210	-	HFCAGB_03837	1	persistent	2	0	0
HFCAGB_03838	contig_1	3807421	3808263	+	GEGEGB_04143	1	persistent	2	0	1
HFCAGB_03839	contig_1	3808368	3809720	+	GEGEGB_04142	1	persistent	2	0	0
HFCAGB_03840	contig_1	3809767	3810810	-	BEJGEH_03636	1	persistent	3	0	0
HFCAGB_03841	contig_1	3810869	3812188	-	LNHIMF_03642	1	persistent	2	0	0
HFCAGB_03842	contig_1	3812242	3813087	-	LNHIMF_03643	1	persistent	2	0	0
HFCAGB_03843	contig_1	3813151	3814128	-	LNHIMF_03644	1	persistent	3	0	0
HFCAGB_03844	contig_1	3814304	3815023	-	GEGEGB_04139	1	persistent	2	0	0
HFCAGB_03845	contig_1	3815349	3816998	+	LNHIMF_03646	1	persistent	2	0	0
HFCAGB_03846	contig_1	3817011	3818600	-	GEGEGB_04137	1	persistent	2	0	0
HFCAGB_03847	contig_1	3818881	3819237	+	LNHIMF_03648	1	persistent	2	0	0
HFCAGB_03848	contig_1	3819243	3819845	-	LNHIMF_03649	1	persistent	2	0	0
HFCAGB_03850	contig_1	3820476	3821375	+	LNHIMF_03650	1	persistent	2	0	0
HFCAGB_03851	contig_1	3821448	3822476	+	GEGEGB_04133	1	persistent	2	0	0
HFCAGB_03852	contig_1	3822827	3824149	+	LNHIMF_03652	1	persistent	2	0	0
HFCAGB_03853	contig_1	3824189	3826249	-	LNHIMF_03653	1	persistent	2	0	0
HFCAGB_03854	contig_1	3826359	3827126	-	LNHIMF_03654	1	persistent	2	0	0
HFCAGB_03855	contig_1	3827355	3828284	+	GEGEGB_04129	1	persistent	2	0	0
HFCAGB_03856	contig_1	3828338	3829825	-	LNHIMF_03656	1	persistent	2	0	0
HFCAGB_03857	contig_1	3830045	3831331	-	LNHIMF_03657	1	persistent	2	0	0
HFCAGB_03858	contig_1	3831489	3833495	-	LNHIMF_03658	1	persistent	2	0	0
HFCAGB_03859	contig_1	3833669	3837211	-	LNHIMF_03659	1	persistent	2	0	0
HFCAGB_03860	contig_1	3837193	3838302	-	LNHIMF_03660	1	persistent	2	0	0
HFCAGB_03861	contig_1	3838306	3840456	-	LNHIMF_03661	1	persistent	2	0	0
HFCAGB_03862	contig_1	3840617	3843241	-	GEGEGB_04120	1	persistent	2	0	0
HFCAGB_03863	contig_1	3843238	3843990	-	LNHIMF_03663	1	persistent	2	0	0
HFCAGB_03864	contig_1	3843991	3844194	-	GEGEGB_04118	1	persistent	2	0	0
HFCAGB_03865	contig_1	3844451	3846010	+	LNHIMF_03665	1	persistent	2	0	0
HFCAGB_03866	contig_1	3846007	3846198	+	GEGEGB_04116	1	persistent	2	0	0
HFCAGB_03867	contig_1	3846195	3847874	+	GEGEGB_04115	1	persistent	2	0	0
HFCAGB_03868	contig_1	3847956	3848063	-	GEGEGB_04114	1	persistent	2	0	0
HFCAGB_03870	contig_1	3848706	3850004	+	LNHIMF_03670	1	persistent	2	0	0
HFCAGB_03871	contig_1	3850105	3851118	-	LNHIMF_03671	1	persistent	2	0	0
HFCAGB_03872	contig_1	3851115	3852098	-	LNHIMF_03672	1	persistent	2	0	0
HFCAGB_03873	contig_1	3852109	3853011	-	LNHIMF_03673	1	persistent	2	0	0
HFCAGB_03874	contig_1	3853021	3854040	-	GEGEGB_04108	1	persistent	2	0	0
HFCAGB_03875	contig_1	3854197	3855804	-	LNHIMF_03675	1	persistent	2	0	0
HFCAGB_03876	contig_1	3856360	3857685	-	LNHIMF_03676	1	persistent	2	0	0
HFCAGB_03877	contig_1	3857743	3858867	-	LNHIMF_03677	1	persistent	2	0	0
HFCAGB_03878	contig_1	3859017	3860024	+	LNHIMF_03678	1	persistent	2	0	0
HFCAGB_03880	contig_1	3860505	3862196	-	GEGEGB_04101	1	persistent	2	1	0
HFCAGB_03881	contig_1	3862414	3862941	-	BEJGEH_03677	1	shell	1	1	1
HFCAGB_03882	contig_1	3862947	3864026	-	HFCAGB_03882	1	shell	0	2	0
HFCAGB_03883	contig_1	3864044	3866287	-	AJBGEP_03832	1	shell	0	2	2
HFCAGB_03884	contig_1	3866260	3866571	-	HFCAGB_03884	1	cloud	0	2	0
HFCAGB_03885	contig_1	3866594	3867292	-	BEJGEH_03680	1	shell	0	2	1
HFCAGB_03886	contig_1	3867377	3867901	-	BEJGEH_03681	1	shell	1	2	0
HFCAGB_03887	contig_1	3868220	3868408	+	AJBGEP_03835	1	shell	1	1	0
HFCAGB_03888	contig_1	3868410	3869114	-	LNHIMF_03681	1	persistent	2	2	0
HFCAGB_03889	contig_1	3869271	3869852	+	GEGEGB_04099	1	persistent	2	0	0
HFCAGB_03890	contig_1	3869830	3870270	+	GEGEGB_04098	1	persistent	2	0	0
HFCAGB_03891	contig_1	3870239	3872572	-	LNHIMF_03684	1	persistent	2	0	0
HFCAGB_03892	contig_1	3872725	3873387	+	GEGEGB_04096	1	persistent	2	0	0
HFCAGB_03893	contig_1	3873606	3874580	+	GEGEGB_04095	1	persistent	2	0	0
HFCAGB_03894	contig_1	3874630	3875340	-	GEGEGB_04094	1	persistent	2	0	0
HFCAGB_03895	contig_1	3875737	3876069	+	LNHIMF_03688	1	persistent	2	0	0
HFCAGB_03896	contig_1	3876357	3876569	+	GEGEGB_04092	1	persistent	2	0	0
HFCAGB_03897	contig_1	3876743	3877282	+	GEGEGB_04091	1	persistent	3	0	1
HFCAGB_03898	contig_1	3877653	3878138	-	BEJGEH_03692	1	persistent	2	0	1
HFCAGB_03899	contig_1	3878126	3878392	-	GEGEGB_04089	1	persistent	1	1	3
HFCAGB_03900	contig_1	3878591	3879058	-	GEGEGB_04088	1	shell	2	0	1
HFCAGB_03902	contig_1	3880018	3882087	-	LNHIMF_03696	1	persistent	2	1	3
HFCAGB_03903	contig_1	3882097	3883008	-	LNHIMF_03697	1	persistent	2	0	0
HFCAGB_03904	contig_1	3883147	3883449	-	GEGEGB_04084	1	persistent	2	0	1
HFCAGB_03905	contig_1	3883615	3884610	+	BEJGEH_03700	1	persistent	2	0	1
HFCAGB_03906	contig_1	3884633	3884986	-	GEGEGB_04081	1	persistent	2	0	0
HFCAGB_03907	contig_1	3885161	3886615	-	GEGEGB_04080	1	persistent	2	0	0
HFCAGB_03908	contig_1	3886715	3888037	-	LNHIMF_03703	1	persistent	2	0	0
HFCAGB_03909	contig_1	3888400	3889578	+	GEGEGB_04078	1	persistent	2	0	0
HFCAGB_03910	contig_1	3889639	3890463	-	LNHIMF_03705	1	persistent	2	0	0
HFCAGB_03911	contig_1	3890779	3892806	+	LNHIMF_03706	1	persistent	2	0	0
HFCAGB_03912	contig_1	3892980	3894230	+	GEGEGB_04075	1	persistent	2	0	0
HFCAGB_03913	contig_1	3894267	3894740	-	GEGEGB_04074	1	persistent	2	0	0
HFCAGB_03914	contig_1	3894857	3895657	-	GEGEGB_04073	1	persistent	2	0	0
HFCAGB_03915	contig_1	3895887	3896885	+	LNHIMF_03710	1	persistent	2	0	0
HFCAGB_03916	contig_1	3896897	3897361	+	LNHIMF_03711	1	persistent	2	0	0
HFCAGB_03917	contig_1	3897385	3898317	+	GEGEGB_04070	1	persistent	2	0	0
HFCAGB_03918	contig_1	3898456	3898929	+	GEGEGB_04069	1	persistent	2	0	0
HFCAGB_03919	contig_1	3898932	3900209	+	LNHIMF_03714	1	persistent	2	0	0
HFCAGB_03920	contig_1	3900221	3901207	+	GEGEGB_04067	1	persistent	2	0	0
HFCAGB_03921	contig_1	3901211	3902707	+	BEJGEH_03716	1	persistent	2	0	0
HFCAGB_03922	contig_1	3902704	3903366	+	BEJGEH_03717	1	persistent	2	0	0
HFCAGB_03923	contig_1	3903359	3904219	+	LNHIMF_03718	1	persistent	2	0	0
HFCAGB_03924	contig_1	3904213	3904908	+	GEGEGB_04063	1	persistent	2	0	0
HFCAGB_03925	contig_1	3905069	3905884	-	BENMGJ_03040	1	persistent	2	0	0
HFCAGB_03926	contig_1	3906148	3908103	+	LNHIMF_03721	1	persistent	2	0	0
HFCAGB_03927	contig_1	3908221	3909759	-	LNHIMF_03722	1	persistent	2	0	0
HFCAGB_03928	contig_1	3909928	3910809	+	GEGEGB_04059	1	persistent	2	0	1
HFCAGB_03929	contig_1	3911094	3912944	-	BEJGEH_03724	1	persistent	2	0	1
HFCAGB_03930	contig_1	3912941	3914332	-	GEGEGB_04057	1	persistent	2	0	0
HFCAGB_03931	contig_1	3914431	3915039	-	GEGEGB_04056	1	persistent	2	0	1
HFCAGB_03932	contig_1	3915515	3917431	+	GEGEGB_04055	1	persistent	2	0	1
HFCAGB_03933	contig_1	3917662	3918810	+	LNHIMF_03729	1	persistent	2	0	0
HFCAGB_03934	contig_1	3918807	3919397	+	GEGEGB_04053	1	persistent	2	0	0
HFCAGB_03935	contig_1	3919407	3919616	-	LNHIMF_03731	1	persistent	2	0	0
HFCAGB_03936	contig_1	3919907	3920269	+	GEGEGB_04051	1	persistent	2	0	0
HFCAGB_03937	contig_1	3920757	3921440	+	LNHIMF_03733	1	persistent	2	0	0
HFCAGB_03938	contig_1	3921484	3925512	+	LNHIMF_03734	1	persistent	2	0	0
HFCAGB_03940	contig_1	3925811	3927466	+	LNHIMF_03736	1	persistent	2	0	0
HFCAGB_03941	contig_1	3927463	3928239	+	GEGEGB_04046	1	persistent	2	0	0
HFCAGB_03942	contig_1	3928236	3929426	+	GEGEGB_04045	1	persistent	2	0	0
HFCAGB_03943	contig_1	3929490	3929963	+	GEGEGB_04044	1	persistent	3	0	0
HFCAGB_03944	contig_1	3930031	3931035	-	GEGEGB_04043	1	persistent	2	0	0
HFCAGB_03945	contig_1	3931354	3932550	+	BEJGEH_03742	1	persistent	2	0	0
HFCAGB_03946	contig_1	3932624	3933934	+	BEJGEH_03743	1	persistent	2	0	0
HFCAGB_03947	contig_1	3934017	3934838	-	GEGEGB_04039	1	persistent	3	0	0
HFCAGB_03948	contig_1	3934916	3935935	-	GEGEGB_04038	1	persistent	2	0	0
HFCAGB_03949	contig_1	3935935	3936402	-	GEGEGB_04037	1	persistent	2	0	0
HFCAGB_03950	contig_1	3936446	3936697	-	GEGEGB_04036	1	persistent	2	0	0
HFCAGB_03951	contig_1	3936784	3937215	-	GEGEGB_04035	1	persistent	2	0	0
HFCAGB_03952	contig_1	3937463	3939007	+	LNHIMF_03745	1	persistent	2	0	0
HFCAGB_03953	contig_1	3939017	3940300	+	GEGEGB_04033	1	persistent	2	0	0
HFCAGB_03954	contig_1	3940304	3941266	+	GEGEGB_04032	1	persistent	2	0	0
HFCAGB_03955	contig_1	3941253	3942287	-	GEGEGB_04031	1	persistent	2	0	1
HFCAGB_03957	contig_1	3942581	3943606	-	LNHIMF_03750	1	persistent	2	0	1
HFCAGB_03958	contig_1	3943616	3944812	-	GEGEGB_04028	1	persistent	2	0	0
HFCAGB_03959	contig_1	3945015	3945947	+	GEGEGB_04027	1	persistent	2	0	0
HFCAGB_03960	contig_1	3945950	3946996	+	GEGEGB_04026	1	persistent	2	0	0
HFCAGB_03961	contig_1	3946996	3947949	+	GEGEGB_04025	1	persistent	2	0	0
HFCAGB_03962	contig_1	3947989	3949203	+	BEJGEH_03759	1	persistent	2	0	0
HFCAGB_03963	contig_1	3949261	3950406	-	GEGEGB_04023	1	persistent	2	0	0
HFCAGB_03964	contig_1	3950506	3950634	-	LNHIMF_03757	2	persistent	2	0	0
HFCAGB_03965	contig_1	3950631	3951314	-	LNHIMF_03757	2	persistent	2	0	0
HFCAGB_03966	contig_1	3951464	3952162	-	LNHIMF_03758	1	persistent	2	0	0
HFCAGB_03967	contig_1	3952185	3953198	-	HFCAGB_03967	1	persistent	2	0	0
HFCAGB_03968	contig_1	3953216	3954238	-	HFCAGB_03968	1	persistent	2	0	0
HFCAGB_03969	contig_1	3954235	3955314	-	LNHIMF_03761	1	persistent	2	1	3
HFCAGB_03970	contig_1	3955384	3955593	-	AJBGEP_03917	1	shell	2	0	0
HFCAGB_03971	contig_1	3955649	3956446	-	BEJGEH_03767	1	persistent	2	1	3
HFCAGB_03972	contig_1	3956439	3957563	-	LNHIMF_03764	1	persistent	2	0	0
HFCAGB_03973	contig_1	3957560	3958630	-	LNHIMF_03765	1	persistent	2	0	0
HFCAGB_03974	contig_1	3959039	3960316	+	LNHIMF_03766	1	persistent	2	0	0
HFCAGB_03975	contig_1	3960325	3960804	+	GEGEGB_04012	1	persistent	2	0	0
HFCAGB_03976	contig_1	3960832	3961641	-	GEGEGB_04011	1	persistent	2	0	0
HFCAGB_03977	contig_1	3961739	3961906	-	GEGEGB_04010	1	persistent	2	0	0
HFCAGB_03978	contig_1	3961927	3962163	-	GEGEGB_04009	1	persistent	2	0	0
HFCAGB_03979	contig_1	3962381	3963046	-	GEGEGB_04008	1	persistent	2	0	0
HFCAGB_03980	contig_1	3963219	3964442	+	LNHIMF_03772	1	persistent	2	0	1
HFCAGB_03981	contig_1	3964420	3964878	+	GEGEGB_04006	1	persistent	2	0	0
HFCAGB_03982	contig_1	3964986	3965582	+	LNHIMF_03774	1	persistent	2	0	0
HFCAGB_03983	contig_1	3965660	3966301	-	LNHIMF_03775	1	persistent	2	0	0
HFCAGB_03984	contig_1	3966380	3967096	-	GEGEGB_04003	1	persistent	2	0	0
HFCAGB_03985	contig_1	3967222	3968085	+	GEGEGB_04002	1	persistent	2	0	1
HFCAGB_03986	contig_1	3968135	3969037	-	GEGEGB_04001	1	persistent	2	0	1
HFCAGB_03987	contig_1	3969111	3969992	+	ODDLKH_04192	1	persistent	2	0	0
HFCAGB_03988	contig_1	3970243	3970860	+	LNHIMF_03790	1	persistent	2	0	0
HFCAGB_03989	contig_1	3970857	3972542	-	LNHIMF_03791	1	persistent	2	0	0
HFCAGB_03990	contig_1	3972799	3973422	+	GEGEGB_03996	1	persistent	2	0	0
HFCAGB_03991	contig_1	3973477	3973752	+	GEGEGB_03995	1	persistent	2	0	0
HFCAGB_03992	contig_1	3973771	3975882	+	GEGEGB_03994	1	persistent	2	0	0
HFCAGB_03993	contig_1	3975887	3976576	+	LNHIMF_03795	1	persistent	2	0	0
HFCAGB_03994	contig_1	3976582	3978663	+	GEGEGB_03992	1	persistent	2	1	0
HFCAGB_03995	contig_1	3978699	3979904	-	GEGEGB_03991	1	persistent	2	1	0
HFCAGB_03996	contig_1	3980132	3981523	+	GEGEGB_03990	1	persistent	2	0	0
HFCAGB_03997	contig_1	3981644	3983353	+	LNHIMF_03799	1	persistent	2	0	0
HFCAGB_03998	contig_1	3983456	3985774	-	LNHIMF_03800	1	persistent	2	0	0
HFCAGB_03999	contig_1	3985786	3986691	-	GEGEGB_03987	2	persistent	2	1	2
HFCAGB_04000	contig_1	3986760	3987167	-	GEGEGB_03987	2	persistent	2	1	2
HFCAGB_04002	contig_1	3987866	3988210	-	HFCAGB_04002	1	shell	1	1	2
HFCAGB_04003	contig_1	3988888	3989064	+	AJBGEP_03950	3	shell	0	2	0
HFCAGB_04004	contig_1	3989079	3989576	+	AJBGEP_03950	3	shell	0	2	0
HFCAGB_04005	contig_1	3989573	3990073	+	AJBGEP_03950	3	shell	0	2	0
HFCAGB_04006	contig_1	3990073	3990420	+	AJBGEP_03951	1	shell	0	2	0
HFCAGB_04007	contig_1	3990607	3991644	+	ALJMDI_02303	1	shell	0	2	3
HFCAGB_04008	contig_1	3991756	3991929	-	HFCAGB_04008	1	shell	1	1	0
HFCAGB_04009	contig_1	3992943	3993560	+	LNHIMF_03804	1	persistent	2	1	1
HFCAGB_04010	contig_1	3993635	3996502	+	PAPNPA_01001	1	persistent	2	0	0
HFCAGB_04011	contig_1	3996597	3997061	-	GEGEGB_03975	1	persistent	3	0	1
HFCAGB_04014	contig_1	3998712	3999392	+	GEGEGB_03971	2	persistent	5	2	3
HFCAGB_04015	contig_1	3999560	4000039	-	LNHIMF_03809	1	persistent	2	0	0
HFCAGB_04016	contig_1	4000141	4000227	-	GEGEGB_03969	1	persistent	2	0	0
HFCAGB_04017	contig_1	4000240	4000332	-	GEGEGB_03968	1	persistent	2	0	0
HFCAGB_04018	contig_1	4000354	4003080	-	LNHIMF_03812	1	persistent	2	0	1
HFCAGB_04019	contig_1	4003300	4003983	-	GEGEGB_03966	1	persistent	2	0	1
HFCAGB_04020	contig_1	4004504	4005406	+	GEGEGB_03965	1	persistent	2	0	0
HFCAGB_04021	contig_1	4005449	4006390	-	BEJGEH_03820	1	persistent	2	0	0
HFCAGB_04022	contig_1	4006626	4007369	-	LNHIMF_03816	1	persistent	2	0	0
HFCAGB_04023	contig_1	4007356	4008465	-	GEGEGB_03962	1	persistent	2	0	0
HFCAGB_04024	contig_1	4008469	4009326	-	GEGEGB_03961	1	persistent	2	0	0
HFCAGB_04025	contig_1	4009326	4010075	-	GEGEGB_03960	1	persistent	2	0	0
HFCAGB_04026	contig_1	4010221	4010706	-	GEGEGB_03959	1	persistent	2	0	0
HFCAGB_04027	contig_1	4010717	4011142	-	GEGEGB_03958	1	persistent	2	0	0
HFCAGB_04028	contig_1	4011361	4012362	-	BEJGEH_03827	2	persistent	2	0	0
HFCAGB_04030	contig_1	4013858	4014016	-	BEJGEH_03827	2	persistent	2	0	0
HFCAGB_04031	contig_1	4014213	4014506	+	GEGEGB_03956	1	persistent	2	0	0
HFCAGB_04032	contig_1	4014612	4015994	+	LNHIMF_03824	1	persistent	2	0	0
HFCAGB_04033	contig_1	4016054	4017247	-	GEGEGB_03954	1	persistent	3	0	2
HFCAGB_04034	contig_1	4017463	4017822	+	LNHIMF_03827	1	persistent	2	0	1
HFCAGB_04035	contig_1	4017806	4018129	+	GEGEGB_03952	1	persistent	4	0	2
HFCAGB_04036	contig_1	4018562	4019014	-	GEGEGB_03943	1	persistent	3	0	0
HFCAGB_04037	contig_1	4019207	4020598	-	LNHIMF_03839	1	persistent	2	0	0
HFCAGB_04038	contig_1	4020741	4022069	-	LNHIMF_03840	1	persistent	2	0	0
HFCAGB_04039	contig_1	4022079	4023581	-	GEGEGB_03940	1	persistent	2	0	0
HFCAGB_04040	contig_1	4023581	4024171	-	LNHIMF_03842	1	persistent	2	0	0
HFCAGB_04041	contig_1	4024246	4025259	-	GEGEGB_03938	1	persistent	2	0	0
HFCAGB_04042	contig_1	4025271	4026587	-	GEGEGB_03937	1	persistent	2	0	0
HFCAGB_04043	contig_1	4026618	4027538	-	GEGEGB_03936	1	persistent	2	0	0
HFCAGB_04044	contig_1	4027863	4028648	+	GEGEGB_03935	1	persistent	2	0	0
HFCAGB_04045	contig_1	4028650	4028940	-	GEGEGB_03934	1	persistent	2	0	0
HFCAGB_04046	contig_1	4028944	4030632	-	LNHIMF_03848	1	persistent	2	0	0
HFCAGB_04047	contig_1	4030739	4030837	-	GEGEGB_03932	1	persistent	2	0	0
HFCAGB_04049	contig_1	4031471	4031560	+	GEGEGB_03930	1	persistent	2	0	0
HFCAGB_04050	contig_1	4031680	4032513	+	LNHIMF_03852	1	persistent	2	0	0
HFCAGB_04051	contig_1	4032716	4033900	+	GEGEGB_03927	1	persistent	2	0	0
HFCAGB_04052	contig_1	4033827	4034888	-	LNHIMF_03854	1	persistent	2	0	0
HFCAGB_04053	contig_1	4034976	4035899	-	LNHIMF_03855	1	persistent	2	0	0
HFCAGB_04054	contig_1	4036125	4037462	+	LNHIMF_03856	1	persistent	2	0	0
HFCAGB_04055	contig_1	4037480	4038802	+	LNHIMF_03857	1	persistent	2	0	0
HFCAGB_04056	contig_1	4038884	4039414	-	GEGEGB_03922	1	persistent	2	0	0
HFCAGB_04057	contig_1	4039411	4039773	-	LNHIMF_03859	1	persistent	3	0	0
HFCAGB_04058	contig_1	4039763	4040110	-	LNHIMF_03860	1	persistent	2	0	1
HFCAGB_04059	contig_1	4040553	4042214	-	GEGEGB_03919	1	persistent	3	0	1
HFCAGB_04060	contig_1	4042403	4042831	-	LNHIMF_03862	1	persistent	2	0	0
HFCAGB_04061	contig_1	4042941	4043354	-	GEGEGB_03917	1	persistent	2	0	0
HFCAGB_04062	contig_1	4043706	4043996	+	GEGEGB_03916	1	persistent	2	0	0
HFCAGB_04063	contig_1	4043998	4045224	-	LNHIMF_03865	1	persistent	2	0	0
HFCAGB_04064	contig_1	4045346	4046389	-	GEGEGB_00664	2	persistent	3	0	0
HFCAGB_04065	contig_1	4046386	4046943	-	GEGEGB_00663	2	persistent	2	0	1
HFCAGB_04066	contig_1	4046940	4048871	-	GEGEGB_00662	2	persistent	2	0	0
HFCAGB_04067	contig_1	4048868	4049368	-	HFCAGB_02510	2	persistent	2	0	0
HFCAGB_04068	contig_1	4049365	4049538	-	AJBGEP_02420	2	persistent	2	0	0
HFCAGB_04069	contig_1	4049574	4050320	-	GEGEGB_00659	2	persistent	2	0	0
HFCAGB_04070	contig_1	4050363	4051019	-	GEGEGB_00658	2	persistent	2	0	0
HFCAGB_04071	contig_1	4051019	4051645	-	GEGEGB_03907	2	persistent	3	0	0
HFCAGB_04072	contig_1	4051642	4053042	-	GEGEGB_03906	1	persistent	2	0	0
HFCAGB_04073	contig_1	4053232	4053864	-	GEGEGB_03905	1	persistent	2	0	0
HFCAGB_04074	contig_1	4053857	4056409	-	LNHIMF_03876	1	persistent	2	0	0
HFCAGB_04075	contig_1	4056399	4057583	-	LNHIMF_03877	1	persistent	2	0	0
HFCAGB_04076	contig_1	4057677	4058405	+	LNHIMF_03878	1	persistent	2	0	0
HFCAGB_04077	contig_1	4058378	4059418	-	GEGEGB_03900	1	persistent	2	0	0
HFCAGB_04078	contig_1	4059498	4062233	+	GEGEGB_03899	1	persistent	1	1	1
HFCAGB_04079	contig_1	4062259	4063551	-	HFCAGB_04079	1	shell	1	1	0
HFCAGB_04080	contig_1	4063681	4064829	-	HFCAGB_04080	1	shell	0	2	0
HFCAGB_04081	contig_1	4064826	4065443	-	HFCAGB_04081	1	shell	0	2	0
HFCAGB_04082	contig_1	4065427	4066305	-	HFCAGB_04082	1	shell	0	2	0
HFCAGB_04083	contig_1	4066302	4066991	-	HFCAGB_04083	1	shell	1	1	0
HFCAGB_04084	contig_1	4067252	4068097	-	HFCAGB_04084	1	persistent	1	1	3
HFCAGB_04085	contig_1	4068402	4069664	+	GEGEGB_03894	1	persistent	2	0	1
HFCAGB_04086	contig_1	4069681	4070871	+	LNHIMF_03887	1	persistent	2	0	0
HFCAGB_04087	contig_1	4070986	4071882	+	HFCAGB_04087	1	persistent	2	0	0
HFCAGB_04088	contig_1	4071901	4074315	-	GEGEGB_03891	1	persistent	2	0	1
HFCAGB_04089	contig_1	4074344	4075417	-	GEGEGB_03890	1	persistent	2	0	0
HFCAGB_04090	contig_1	4075565	4076665	-	GEGEGB_03889	1	persistent	2	0	0
HFCAGB_04091	contig_1	4076670	4078070	-	GEGEGB_03887	1	persistent	2	0	0
HFCAGB_04093	contig_1	4078924	4079121	-	GEGEGB_03886	1	persistent	2	0	0
HFCAGB_04094	contig_1	4079471	4081117	+	LNHIMF_03895	1	persistent	2	0	0
HFCAGB_04095	contig_1	4081219	4082622	+	BEJGEH_03895	1	persistent	2	0	2
HFCAGB_04096	contig_1	4082805	4083992	+	LNHIMF_03897	1	persistent	2	0	4
HFCAGB_04097	contig_1	4083961	4084920	+	LNHIMF_03898	1	persistent	2	0	0
HFCAGB_04098	contig_1	4085078	4085833	+	GEGEGB_03881	1	persistent	2	0	0
HFCAGB_04099	contig_1	4085833	4086417	+	HFCAGB_04099	1	persistent	2	0	1
HFCAGB_04100	contig_1	4086462	4087631	-	LNHIMF_03901	1	persistent	2	0	2
HFCAGB_04101	contig_1	4087800	4088465	+	LNHIMF_03902	1	persistent	2	0	1
HFCAGB_04102	contig_1	4088560	4089285	-	GEGEGB_03877	1	persistent	2	0	0
HFCAGB_04103	contig_1	4089300	4090073	-	GEGEGB_03876	1	persistent	2	0	0
HFCAGB_04104	contig_1	4090160	4091050	-	LNHIMF_03905	1	persistent	2	0	0
HFCAGB_04105	contig_1	4091050	4092009	-	GEGEGB_03874	1	persistent	2	0	0
HFCAGB_04106	contig_1	4092145	4093185	-	LNHIMF_03907	1	persistent	2	0	1
HFCAGB_04107	contig_1	4093351	4094007	-	LNHIMF_03908	2	persistent	2	0	1
HFCAGB_04108	contig_1	4093959	4094723	-	LNHIMF_03908	2	persistent	2	0	1
HFCAGB_04109	contig_1	4094772	4095590	-	GEGEGB_03871	1	persistent	2	0	0
HFCAGB_04110	contig_1	4095652	4097442	+	GEGEGB_03870	1	persistent	2	0	1
HFCAGB_04111	contig_1	4097593	4099422	-	LNHIMF_03911	1	persistent	2	0	1
HFCAGB_04112	contig_1	4099611	4100981	-	GEGEGB_03863	1	persistent	2	0	0
HFCAGB_04114	contig_1	4101301	4101999	-	LNHIMF_03914	1	persistent	2	0	0
HFCAGB_04115	contig_1	4102229	4102648	-	GEGEGB_03860	1	persistent	2	0	0
HFCAGB_04116	contig_1	4102669	4104051	-	GEGEGB_03859	1	persistent	2	0	0
HFCAGB_04117	contig_1	4104078	4104941	-	LNHIMF_03917	1	persistent	2	0	2
HFCAGB_04118	contig_1	4104992	4106533	-	GEGEGB_03857	1	persistent	2	0	0
HFCAGB_04119	contig_1	4106546	4107079	-	GEGEGB_03856	1	persistent	2	0	1
HFCAGB_04120	contig_1	4107094	4107564	-	GEGEGB_03855	1	persistent	2	0	0
HFCAGB_04121	contig_1	4107624	4107863	-	GEGEGB_03854	1	persistent	2	0	0
HFCAGB_04122	contig_1	4107910	4108725	-	GEGEGB_03853	1	persistent	2	0	0
HFCAGB_04123	contig_1	4108734	4109114	-	LNHIMF_03923	1	persistent	2	0	1
HFCAGB_04124	contig_1	4109728	4110351	-	GEGEGB_03851	1	persistent	2	0	0
HFCAGB_04125	contig_1	4110454	4112343	-	LNHIMF_03925	1	persistent	2	0	0
HFCAGB_04126	contig_1	4112722	4113165	-	GEGEGB_03849	1	persistent	2	0	0
HFCAGB_04127	contig_1	4113255	4113713	-	GEGEGB_03848	1	persistent	2	0	0
HFCAGB_04128	contig_1	4113864	4114856	+	LNHIMF_03928	1	persistent	2	0	0
HFCAGB_04129	contig_1	4114861	4116312	-	LNHIMF_03929	1	persistent	2	0	0
HFCAGB_04130	contig_1	4116306	4117802	-	LNHIMF_03930	1	persistent	2	0	0
HFCAGB_04131	contig_1	4118150	4120018	+	LNHIMF_03931	1	persistent	2	0	0
HFCAGB_04132	contig_1	4120235	4120654	+	LNHIMF_03932	1	persistent	2	0	0
HFCAGB_04133	contig_1	4120617	4122167	+	HFCAGB_04133	1	persistent	2	0	0
HFCAGB_04134	contig_1	4122173	4123138	+	GEGEGB_03841	1	persistent	2	0	0
HFCAGB_04135	contig_1	4123163	4124053	+	GEGEGB_03840	1	persistent	2	0	0
HFCAGB_04136	contig_1	4124186	4125115	+	LNHIMF_03936	1	persistent	2	0	0
HFCAGB_04137	contig_1	4125128	4126117	+	GEGEGB_03838	1	persistent	2	0	0
HFCAGB_04138	contig_1	4126083	4127510	-	LNHIMF_03938	1	persistent	2	0	0
HFCAGB_04139	contig_1	4127522	4128226	-	GEGEGB_03835	1	persistent	3	0	0
HFCAGB_04147	contig_1	4134139	4134975	-	GEGEGB_03633	1	persistent	3	0	0
HFCAGB_04148	contig_1	4135094	4135432	+	GEGEGB_03632	1	persistent	2	1	0
HFCAGB_04149	contig_1	4135457	4136977	-	LNHIMF_03949	1	persistent	2	1	2
HFCAGB_04150	contig_1	4137567	4139213	+	GEGEGB_03584	1	persistent	2	0	0
HFCAGB_04151	contig_1	4139210	4139473	+	GEGEGB_03583	1	persistent	2	0	0
HFCAGB_04152	contig_1	4139491	4140420	+	GEGEGB_03582	1	persistent	2	0	0
HFCAGB_04153	contig_1	4140580	4142430	+	LNHIMF_03953	1	persistent	2	0	0
HFCAGB_04154	contig_1	4142433	4143977	+	LNHIMF_03954	1	persistent	2	1	1
HFCAGB_04155	contig_1	4144215	4144577	+	HFCAGB_04155	1	shell	2	0	0
HFCAGB_04156	contig_1	4144574	4144915	+	BEJGEH_03957	1	persistent	2	1	0
HFCAGB_04157	contig_1	4144918	4145805	-	GEGEGB_03577	1	persistent	2	0	1
HFCAGB_04158	contig_1	4145970	4147445	+	GEGEGB_03576	1	persistent	2	0	0
HFCAGB_04159	contig_1	4147537	4147818	-	GEGEGB_03575	1	persistent	2	0	1
HFCAGB_04160	contig_1	4148356	4150380	+	GEGEGB_03570	1	persistent	2	0	1
HFCAGB_04161	contig_1	4150420	4151901	-	GEGEGB_03569	1	persistent	2	0	0
HFCAGB_04162	contig_1	4152038	4153303	-	GEGEGB_03568	1	persistent	2	0	0
HFCAGB_04163	contig_1	4153447	4153776	+	GEGEGB_03567	1	persistent	2	0	0
HFCAGB_04164	contig_1	4154195	4155454	+	GEGEGB_03566	1	persistent	2	0	0
HFCAGB_04165	contig_1	4155684	4156787	+	GEGEGB_03565	1	persistent	2	0	0
HFCAGB_04166	contig_1	4156799	4157845	+	LNHIMF_03970	1	persistent	2	0	0
HFCAGB_04167	contig_1	4157946	4159031	+	LNHIMF_03971	1	persistent	2	0	0
HFCAGB_04168	contig_1	4159028	4160290	+	GEGEGB_03562	1	persistent	2	0	0
HFCAGB_04169	contig_1	4160290	4161357	+	LNHIMF_03973	1	persistent	1	1	1
HFCAGB_04170	contig_1	4161390	4161614	+	BEJGEH_03974	1	shell	2	0	0
HFCAGB_04171	contig_1	4161592	4162269	+	LNHIMF_03975	1	persistent	1	1	1
HFCAGB_04172	contig_1	4162274	4163404	+	GEGEGB_03558	1	persistent	2	0	0
HFCAGB_04173	contig_1	4163406	4164656	+	GEGEGB_03557	1	persistent	2	0	0
HFCAGB_04174	contig_1	4164653	4165732	+	LNHIMF_03978	1	persistent	2	0	0
HFCAGB_04175	contig_1	4165729	4167087	+	LNHIMF_03979	1	persistent	2	0	0
HFCAGB_04176	contig_1	4167084	4167824	+	LNHIMF_03980	1	persistent	2	0	0
HFCAGB_04177	contig_1	4168031	4169413	+	HFCAGB_04177	1	persistent	2	0	0
HFCAGB_04184	contig_1	4170530	4171729	-	LNHIMF_03988	1	persistent	2	0	0
HFCAGB_04185	contig_1	4171729	4172898	-	GEGEGB_03545	1	persistent	2	0	0
HFCAGB_04186	contig_1	4172920	4173660	-	LNHIMF_03990	1	persistent	2	0	0
HFCAGB_04187	contig_1	4173657	4174619	-	GEGEGB_03543	1	persistent	2	0	0
HFCAGB_04188	contig_1	4174975	4177521	+	GEGEGB_03542	1	persistent	2	1	0
HFCAGB_04189	contig_1	4177599	4177919	-	GEGEGB_03538	1	persistent	2	1	0
HFCAGB_04190	contig_1	4177989	4178369	-	LNHIMF_03994	1	persistent	1	2	1
HFCAGB_04191	contig_1	4178366	4178599	-	BENMGJ_00575	1	shell	1	1	0
HFCAGB_04192	contig_1	4178638	4178889	-	HFCAGB_04192	1	shell	2	1	0
HFCAGB_04193	contig_1	4179075	4179278	+	GEGEGB_03535	1	persistent	1	1	1
HFCAGB_04194	contig_1	4179315	4180139	+	GEGEGB_03534	1	persistent	2	0	0
HFCAGB_04195	contig_1	4180136	4180843	+	GEGEGB_03533	1	persistent	2	0	0
HFCAGB_04196	contig_1	4180840	4181742	+	GEGEGB_03532	1	persistent	2	0	0
HFCAGB_04197	contig_1	4181742	4182458	+	GEGEGB_03531	1	persistent	2	0	0
HFCAGB_04198	contig_1	4182594	4184756	+	LNHIMF_04001	1	persistent	2	0	0
HFCAGB_04199	contig_1	4185228	4186178	+	GEGEGB_03529	1	persistent	2	2	0
HFCAGB_04200	contig_1	4186226	4186699	-	HFCAGB_04200	1	shell	1	1	0
HFCAGB_04201	contig_1	4186781	4187077	+	HFCAGB_04201	1	shell	1	1	0
HFCAGB_04202	contig_1	4187117	4188004	-	HFCAGB_04202	1	persistent	2	2	0
HFCAGB_04203	contig_1	4188048	4188515	-	GEGEGB_03525	1	persistent	2	0	0
HFCAGB_04204	contig_1	4188680	4189549	+	GEGEGB_03524	1	persistent	2	0	0
HFCAGB_04205	contig_1	4189615	4191462	+	GEGEGB_03523	1	persistent	2	0	0
HFCAGB_04206	contig_1	4191526	4192146	+	GEGEGB_03522	1	persistent	2	0	0
HFCAGB_04207	contig_1	4192186	4192806	-	GEGEGB_03521	1	persistent	2	0	0
HFCAGB_04208	contig_1	4192917	4193933	+	LNHIMF_04009	1	persistent	2	0	0
HFCAGB_04209	contig_1	4193949	4194749	+	LNHIMF_04010	1	persistent	2	0	0
HFCAGB_04210	contig_1	4194830	4195729	+	GEGEGB_03518	1	persistent	2	0	0
HFCAGB_04211	contig_1	4195617	4196570	-	GEGEGB_03517	1	persistent	2	0	0
HFCAGB_04212	contig_1	4196819	4199083	+	LNHIMF_04013	1	persistent	2	0	0
HFCAGB_04213	contig_1	4199474	4200769	+	LNHIMF_04014	1	persistent	2	0	0
HFCAGB_04214	contig_1	4200849	4201538	-	GEGEGB_03514	1	persistent	2	0	0
HFCAGB_04215	contig_1	4201913	4202674	+	GEGEGB_03513	1	persistent	2	0	0
HFCAGB_04216	contig_1	4202814	4204244	+	GEGEGB_03512	1	persistent	2	0	0
HFCAGB_04217	contig_1	4204340	4205095	+	GEGEGB_03511	1	persistent	2	0	0
HFCAGB_04218	contig_1	4205105	4205710	+	GEGEGB_03510	1	persistent	2	0	0
HFCAGB_04220	contig_1	4205707	4207347	+	GEGEGB_03508	1	persistent	2	0	0
HFCAGB_04221	contig_1	4207553	4207807	+	GEGEGB_03507	1	persistent	2	0	0
HFCAGB_04222	contig_1	4207811	4208359	+	GEGEGB_03506	1	persistent	2	0	0
HFCAGB_04223	contig_1	4208362	4209141	+	GEGEGB_03505	1	persistent	2	0	0
HFCAGB_04224	contig_1	4209171	4209965	+	GEGEGB_03504	1	persistent	2	0	0
HFCAGB_04225	contig_1	4209973	4210461	-	LNHIMF_04026	1	persistent	2	0	0
HFCAGB_04226	contig_1	4210647	4212125	+	GEGEGB_03502	1	persistent	2	0	0
HFCAGB_04227	contig_1	4212211	4212912	+	LNHIMF_04028	1	persistent	2	0	0
HFCAGB_04228	contig_1	4213115	4214938	+	GEGEGB_03500	1	persistent	2	0	0
HFCAGB_04229	contig_1	4215135	4216298	-	GEGEGB_03499	1	persistent	2	0	0
HFCAGB_04230	contig_1	4216308	4218497	-	GEGEGB_03498	1	persistent	2	0	0
HFCAGB_04231	contig_1	4218687	4220018	+	GEGEGB_03497	1	persistent	2	0	0
HFCAGB_04232	contig_1	4220018	4220632	+	BEJGEH_04039	1	persistent	2	0	0
HFCAGB_04233	contig_1	4220671	4222122	+	GEGEGB_03495	1	persistent	2	0	0
HFCAGB_04234	contig_1	4222134	4222679	+	GEGEGB_03494	1	persistent	3	0	0
HFCAGB_04241	contig_1	4228635	4229165	-	GEGEGB_03829	1	persistent	3	0	0
HFCAGB_04242	contig_1	4229147	4229731	-	LNHIMF_04043	1	persistent	2	0	0
HFCAGB_04243	contig_1	4229801	4230070	+	GEGEGB_03827	1	persistent	2	0	0
HFCAGB_04244	contig_1	4230147	4231133	+	GEGEGB_03826	1	persistent	2	0	0
HFCAGB_04245	contig_1	4231150	4231773	+	LNHIMF_04046	1	persistent	2	0	0
HFCAGB_04246	contig_1	4231786	4232694	-	GEGEGB_03824	1	persistent	2	0	0
HFCAGB_04247	contig_1	4233082	4235868	+	LNHIMF_04048	1	persistent	2	0	0
HFCAGB_04249	contig_1	4236035	4236082	+	GEGEGB_03822	1	persistent	2	0	0
HFCAGB_04250	contig_1	4236203	4236835	-	GEGEGB_03820	1	persistent	2	0	0
HFCAGB_04251	contig_1	4237102	4237299	+	GEGEGB_03819	1	persistent	2	0	0
HFCAGB_04253	contig_1	4237418	4237933	+	GEGEGB_03817	1	persistent	2	0	0
HFCAGB_04254	contig_1	4238122	4239495	+	GEGEGB_03816	1	persistent	2	0	0
HFCAGB_04255	contig_1	4239585	4239695	-	GEGEGB_03815	1	persistent	2	0	0
HFCAGB_04256	contig_1	4239808	4241217	-	GEGEGB_03814	1	persistent	2	0	0
HFCAGB_04257	contig_1	4241226	4242275	-	GEGEGB_03813	1	persistent	2	0	0
HFCAGB_04258	contig_1	4242550	4243959	-	GEGEGB_03812	1	persistent	2	0	0
HFCAGB_04260	contig_1	4244335	4246158	+	LNHIMF_04061	1	persistent	2	0	1
HFCAGB_04261	contig_1	4246213	4246947	-	GEGEGB_03809	1	persistent	2	0	0
HFCAGB_04262	contig_1	4246932	4247810	-	LNHIMF_04063	1	persistent	2	0	0
HFCAGB_04263	contig_1	4247965	4249047	-	BEJGEH_04070	1	persistent	2	0	0
HFCAGB_04264	contig_1	4249049	4249924	-	LNHIMF_04065	1	persistent	2	0	0
HFCAGB_04265	contig_1	4249917	4250903	-	AJBGEP_04224	1	persistent	2	0	0
HFCAGB_04266	contig_1	4250955	4251803	-	BEJGEH_04073	1	persistent	2	0	0
HFCAGB_04267	contig_1	4251960	4252652	-	LNHIMF_04068	1	persistent	2	0	1
HFCAGB_04268	contig_1	4252720	4254141	-	BEJGEH_04075	1	persistent	2	0	0
HFCAGB_04269	contig_1	4254187	4255569	-	GEGEGB_03799	1	persistent	2	0	0
HFCAGB_04270	contig_1	4255615	4257651	-	LNHIMF_04071	1	persistent	1	2	0
HFCAGB_04271	contig_1	4257695	4258537	-	HFCAGB_04271	1	shell	2	0	0
HFCAGB_04272	contig_1	4258556	4259797	-	BEJGEH_04080	1	persistent	1	2	0
HFCAGB_04273	contig_1	4259813	4260691	-	GEGEGB_03795	1	persistent	2	0	0
HFCAGB_04274	contig_1	4260714	4261610	-	GEGEGB_03794	1	persistent	2	0	0
HFCAGB_04275	contig_1	4261775	4262671	+	GEGEGB_03793	1	persistent	2	0	0
HFCAGB_04276	contig_1	4262705	4263508	+	GEGEGB_03792	1	persistent	2	0	0
HFCAGB_04277	contig_1	4263699	4264298	+	GEGEGB_03791	1	persistent	2	0	0
HFCAGB_04278	contig_1	4264385	4265164	+	GEGEGB_03790	1	persistent	2	0	0
HFCAGB_04279	contig_1	4265161	4265598	+	LNHIMF_04080	1	persistent	2	0	0
HFCAGB_04280	contig_1	4265643	4266584	+	GEGEGB_03788	1	persistent	2	0	0
HFCAGB_04281	contig_1	4266599	4267045	-	GEGEGB_03787	1	persistent	2	0	0
HFCAGB_04282	contig_1	4267042	4267353	-	LNHIMF_04083	1	persistent	2	0	0
HFCAGB_04283	contig_1	4267439	4268368	-	LNHIMF_04084	1	persistent	2	0	1
HFCAGB_04284	contig_1	4268586	4268897	+	LNHIMF_04085	1	persistent	2	0	0
HFCAGB_04285	contig_1	4268898	4269188	+	LNHIMF_04086	1	persistent	2	0	0
HFCAGB_04286	contig_1	4269235	4270164	-	LNHIMF_04087	1	persistent	2	0	1
HFCAGB_04287	contig_1	4270161	4270796	-	GEGEGB_03781	1	persistent	2	0	0
HFCAGB_04288	contig_1	4270793	4271695	-	LNHIMF_04089	1	persistent	2	0	0
HFCAGB_04289	contig_1	4271708	4274758	-	GEGEGB_03779	1	persistent	2	0	0
HFCAGB_04290	contig_1	4274953	4275789	+	GEGEGB_03778	1	persistent	3	0	0
HFCAGB_04291	contig_1	4276057	4277088	-	BEJGEH_04099	1	persistent	2	0	1
HFCAGB_04292	contig_1	4277271	4278371	+	LNHIMF_04092	1	persistent	3	0	1
HFCAGB_04294	contig_1	4278727	4279050	-	LNHIMF_04094	1	persistent	2	0	0
HFCAGB_04295	contig_1	4279050	4279709	-	GEGEGB_03773	1	persistent	2	0	0
HFCAGB_04296	contig_1	4279810	4280358	+	LNHIMF_04096	1	persistent	2	0	0
HFCAGB_04297	contig_1	4280447	4280761	-	GEGEGB_03771	1	persistent	2	0	0
HFCAGB_04298	contig_1	4280758	4281906	-	ALJMDI_00957	1	persistent	2	0	0
HFCAGB_04299	contig_1	4282033	4282860	-	LNHIMF_04099	1	persistent	2	0	0
HFCAGB_04300	contig_1	4283004	4284263	-	GEGEGB_03768	1	persistent	2	0	0
HFCAGB_04301	contig_1	4284260	4285729	-	LNHIMF_04101	1	persistent	2	0	0
HFCAGB_04302	contig_1	4286017	4286853	+	GEGEGB_03766	1	persistent	2	0	0
HFCAGB_04303	contig_1	4287006	4287854	+	GEGEGB_03765	1	persistent	2	0	0
HFCAGB_04304	contig_1	4287851	4288885	-	LNHIMF_04104	1	persistent	2	0	1
HFCAGB_04305	contig_1	4289516	4290187	+	GEGEGB_03763	1	persistent	2	0	1
HFCAGB_04306	contig_1	4290345	4291652	-	LNHIMF_04107	1	persistent	2	0	0
HFCAGB_04307	contig_1	4291645	4292160	-	GEGEGB_03761	1	persistent	2	0	0
HFCAGB_04308	contig_1	4292179	4293162	-	LNHIMF_04109	1	persistent	2	0	0
HFCAGB_04309	contig_1	4293491	4294111	+	GEGEGB_03758	1	persistent	2	0	0
HFCAGB_04310	contig_1	4294181	4294870	+	GEGEGB_03757	1	persistent	2	0	0
HFCAGB_04311	contig_1	4294882	4295277	+	LNHIMF_04112	1	persistent	2	0	1
HFCAGB_04312	contig_1	4295328	4296701	-	GEGEGB_03755	1	persistent	2	0	1
HFCAGB_04313	contig_1	4296698	4297396	-	LNHIMF_04114	1	persistent	2	0	0
HFCAGB_04314	contig_1	4297547	4298047	+	LNHIMF_04115	1	persistent	2	0	1
HFCAGB_04315	contig_1	4298195	4299097	+	GEGEGB_03752	1	persistent	2	0	1
HFCAGB_04316	contig_1	4299282	4300244	+	GEGEGB_03751	1	persistent	2	0	0
HFCAGB_04317	contig_1	4300448	4301437	+	LNHIMF_04118	1	persistent	2	0	0
HFCAGB_04318	contig_1	4301403	4302293	+	GEGEGB_03749	1	persistent	2	0	0
HFCAGB_04319	contig_1	4302557	4303891	+	LNHIMF_04120	1	persistent	2	0	0
HFCAGB_04320	contig_1	4303902	4304861	+	AJBGEP_04279	1	persistent	2	0	0
HFCAGB_04321	contig_1	4304871	4305911	+	GEGEGB_03745	1	persistent	2	0	0
HFCAGB_04322	contig_1	4305974	4306696	+	LNHIMF_04123	1	persistent	2	0	0
HFCAGB_04323	contig_1	4306794	4306964	+	LNHIMF_04124	1	persistent	2	0	0
HFCAGB_04324	contig_1	4307201	4307551	-	LNHIMF_04125	1	persistent	2	0	0
HFCAGB_04325	contig_1	4307565	4309157	-	GEGEGB_03741	1	persistent	2	0	0
HFCAGB_04326	contig_1	4309244	4310203	-	GEGEGB_03740	1	persistent	2	0	0
HFCAGB_04327	contig_1	4310460	4311995	+	LNHIMF_04128	1	persistent	2	0	0
HFCAGB_04328	contig_1	4311989	4313032	+	LNHIMF_04129	1	persistent	2	0	0
HFCAGB_04329	contig_1	4313032	4314030	+	GEGEGB_03737	1	persistent	2	0	0
HFCAGB_04330	contig_1	4314059	4315081	+	GEGEGB_03736	1	persistent	2	0	0
HFCAGB_04331	contig_1	4315110	4315985	+	GEGEGB_03735	1	persistent	2	0	0
HFCAGB_04332	contig_1	4316029	4316358	+	GEGEGB_03734	1	persistent	2	0	0
HFCAGB_04333	contig_1	4316368	4317132	+	LNHIMF_04134	1	persistent	2	0	0
HFCAGB_04334	contig_1	4317224	4317991	-	GEGEGB_03732	1	persistent	2	0	0
HFCAGB_04335	contig_1	4318104	4318700	-	GEGEGB_03731	1	persistent	2	0	0
HFCAGB_04336	contig_1	4318801	4319229	+	GEGEGB_03730	1	persistent	2	0	0
HFCAGB_04337	contig_1	4319335	4320081	-	GEGEGB_03729	1	persistent	2	0	0
HFCAGB_04338	contig_1	4320178	4321188	-	GEGEGB_03728	1	persistent	2	0	0
HFCAGB_04339	contig_1	4321300	4322808	-	LNHIMF_04140	1	persistent	2	0	0
HFCAGB_04340	contig_1	4322829	4323674	-	LNHIMF_04141	1	persistent	2	0	0
HFCAGB_04341	contig_1	4324073	4324312	+	LNHIMF_04142	1	persistent	2	0	0
HFCAGB_04342	contig_1	4324534	4325019	-	GEGEGB_03724	1	persistent	2	0	0
HFCAGB_04343	contig_1	4325112	4326041	-	LNHIMF_04144	1	persistent	2	0	0
HFCAGB_04344	contig_1	4326108	4327439	-	LNHIMF_04145	1	persistent	2	0	0
HFCAGB_04345	contig_1	4327449	4327979	-	GEGEGB_03721	1	persistent	2	0	0
HFCAGB_04346	contig_1	4328071	4328952	-	IKCLMC_00739	1	persistent	2	0	0
HFCAGB_04347	contig_1	4329139	4330164	-	GEGEGB_03719	1	persistent	2	0	0
HFCAGB_04348	contig_1	4330319	4332517	-	LNHIMF_04149	1	persistent	2	0	0
HFCAGB_04349	contig_1	4332721	4332933	+	GEGEGB_03717	1	persistent	2	1	0
HFCAGB_04350	contig_1	4332978	4333640	-	GEGEGB_03716	1	persistent	2	1	0
HFCAGB_04352	contig_1	4333841	4335631	-	LNHIMF_04153	1	persistent	2	0	0
HFCAGB_04353	contig_1	4336088	4336405	-	GEGEGB_03712	1	persistent	2	0	0
HFCAGB_04354	contig_1	4336670	4337830	+	LNHIMF_04155	1	persistent	2	0	0
HFCAGB_04355	contig_1	4337833	4340265	+	IKCLMC_00748	1	persistent	2	0	1
HFCAGB_04356	contig_1	4340381	4341238	-	HFCAGB_04356	1	persistent	2	0	0
HFCAGB_04357	contig_1	4341241	4342239	-	BEJGEH_04168	1	persistent	2	0	0
HFCAGB_04358	contig_1	4342474	4342905	-	LNHIMF_04158	2	persistent	2	0	1
HFCAGB_04359	contig_1	4343059	4343598	-	LNHIMF_04158	2	persistent	2	0	1
HFCAGB_04360	contig_1	4343734	4345290	+	GEGEGB_03707	1	persistent	2	0	1
HFCAGB_04361	contig_1	4345555	4346793	+	HFCAGB_04361	1	cloud	1	0	1
HFCAGB_04362	contig_1	4346790	4347896	+	HFCAGB_04362	1	cloud	0	0	2
HFCAGB_04363	contig_1	4347841	4349322	-	HFCAGB_04363	1	cloud	1	0	1
HFCAGB_04364	contig_1	4349601	4350491	+	GEGEGB_03703	1	persistent	2	0	1
HFCAGB_04365	contig_1	4350656	4352836	+	GEGEGB_03702	1	persistent	3	0	0
HFCAGB_04366	contig_1	4352894	4353517	-	BEJGEH_04173	1	persistent	2	0	0
HFCAGB_04367	contig_1	4353776	4354879	-	LNHIMF_04162	1	persistent	3	0	0
HFCAGB_04368	contig_1	4354891	4355553	-	BEJGEH_04175	1	persistent	1	1	1
HFCAGB_04369	contig_1	4355564	4358065	-	HFCAGB_04369	1	shell	1	1	0
HFCAGB_04370	contig_1	4358374	4359453	+	HFCAGB_04370	1	shell	0	2	0
HFCAGB_04371	contig_1	4359468	4359788	+	HFCAGB_04371	1	shell	0	2	0
HFCAGB_04372	contig_1	4359887	4362184	+	HFCAGB_04372	1	shell	0	2	0
HFCAGB_04373	contig_1	4362150	4363028	+	HFCAGB_04373	1	shell	0	2	0
HFCAGB_04374	contig_1	4363030	4363383	+	HFCAGB_04374	1	shell	1	1	0
HFCAGB_04375	contig_1	4363370	4364221	-	HFCAGB_04375	1	persistent	1	1	1
HFCAGB_04376	contig_1	4364382	4366115	-	GEGEGB_03697	1	persistent	2	0	0
HFCAGB_04377	contig_1	4366326	4368977	-	LNHIMF_04167	1	persistent	2	0	0
HFCAGB_04378	contig_1	4369346	4370497	-	GEGEGB_03695	1	persistent	2	0	0
HFCAGB_04379	contig_1	4370586	4371590	+	GEGEGB_03694	1	persistent	2	0	0
HFCAGB_04380	contig_1	4371598	4372374	+	GEGEGB_03693	1	persistent	2	0	0
HFCAGB_04381	contig_1	4372492	4373868	+	LNHIMF_04171	1	persistent	2	0	0
HFCAGB_04383	contig_1	4374152	4375069	+	GEGEGB_03690	1	persistent	2	0	0
HFCAGB_04384	contig_1	4375052	4376452	-	GEGEGB_03689	1	persistent	2	0	0
HFCAGB_04385	contig_1	4376651	4377286	+	GEGEGB_03688	1	persistent	2	0	0
HFCAGB_04386	contig_1	4377302	4377661	+	GEGEGB_03687	1	persistent	2	0	0
HFCAGB_04387	contig_1	4377708	4378808	-	LNHIMF_04177	1	persistent	2	0	0
HFCAGB_04388	contig_1	4379182	4381026	+	LNHIMF_04178	1	persistent	2	0	0
HFCAGB_04389	contig_1	4380971	4381822	+	GEGEGB_03684	1	persistent	2	0	0
HFCAGB_04396	contig_1	4387555	4388583	+	LNHIMF_04186	1	persistent	2	0	0
HFCAGB_04397	contig_1	4388580	4389542	+	GEGEGB_03676	1	persistent	2	0	0
HFCAGB_04398	contig_1	4389577	4390503	-	GEGEGB_03675	1	persistent	1	1	0
HFCAGB_04403	contig_1	4391486	4392670	+	GEGEGB_03670	2	shell	2	2	0
HFCAGB_04404	contig_1	4392900	4393283	+	GEGEGB_03669	1	shell	1	1	0
HFCAGB_04405	contig_1	4393285	4393830	+	GEGEGB_03668	1	persistent	1	1	0
HFCAGB_04406	contig_1	4393988	4394416	+	GEGEGB_03667	1	persistent	2	0	0
HFCAGB_04407	contig_1	4394420	4395124	+	GEGEGB_03666	1	persistent	2	0	0
HFCAGB_04408	contig_1	4395544	4396041	+	GEGEGB_03665	1	persistent	2	0	0
HFCAGB_04409	contig_1	4396108	4396473	+	GEGEGB_03664	1	persistent	2	0	0
HFCAGB_04411	contig_1	4396791	4400819	+	GEGEGB_03662	1	persistent	2	0	0
HFCAGB_04412	contig_1	4400896	4405119	+	GEGEGB_03661	1	persistent	2	1	1
HFCAGB_04413	contig_1	4405202	4405483	+	HFCAGB_04413	1	cloud	1	0	1
HFCAGB_04414	contig_1	4405485	4405919	-	ONMMKP_02631	1	cloud	2	1	1
HFCAGB_04415	contig_1	4406227	4407237	+	BEJGEH_04217	1	shell	1	2	1
HFCAGB_04416	contig_1	4407458	4408591	-	LNHIMF_04205	1	persistent	1	2	2
HFCAGB_04417	contig_1	4408588	4409358	-	LNHIMF_04206	1	persistent	3	0	0
HFCAGB_04418	contig_1	4409360	4409533	-	ODDLKH_00019	1	persistent	2	0	0
HFCAGB_04419	contig_1	4409541	4410299	-	LNHIMF_04208	1	persistent	3	0	0
HFCAGB_04420	contig_1	4410292	4410927	-	LNHIMF_04209	1	persistent	2	0	0
HFCAGB_04421	contig_1	4410927	4412822	-	LNHIMF_04210	1	persistent	2	0	0
HFCAGB_04422	contig_1	4413186	4413674	-	LNHIMF_04211	1	persistent	2	0	0
HFCAGB_04423	contig_1	4413767	4414540	+	LNHIMF_04212	1	persistent	2	0	0
HFCAGB_04424	contig_1	4414581	4415645	+	GEGEGB_03650	1	persistent	2	0	0
HFCAGB_04425	contig_1	4415655	4416326	+	GEGEGB_03649	1	persistent	2	0	0
HFCAGB_04426	contig_1	4416368	4416958	+	GEGEGB_03648	1	persistent	2	0	0
HFCAGB_04427	contig_1	4417145	4417417	+	GEGEGB_03647	1	persistent	2	0	0
HFCAGB_04428	contig_1	4417429	4418121	+	GEGEGB_03646	1	persistent	2	0	0
HFCAGB_04429	contig_1	4418163	4418618	-	GEGEGB_03645	1	persistent	2	0	0
HFCAGB_04430	contig_1	4418683	4420269	+	BEJGEH_04232	1	persistent	2	0	0
HFCAGB_04431	contig_1	4420275	4421600	+	LNHIMF_04220	1	persistent	2	0	0
HFCAGB_04432	contig_1	4421597	4422886	-	GEGEGB_03642	1	persistent	2	0	0
HFCAGB_04433	contig_1	4422902	4424491	-	BEJGEH_04235	1	persistent	3	0	0
HFCAGB_04439	contig_1	4430295	4430732	-	LNHIMF_04228	1	persistent	3	0	0
HFCAGB_04440	contig_1	4430889	4431818	+	LNHIMF_04229	1	persistent	2	0	0
HFCAGB_04441	contig_1	4432087	4433688	+	LNHIMF_04230	1	persistent	2	0	0
HFCAGB_04442	contig_1	4433720	4435024	+	LNHIMF_04231	1	persistent	2	0	0
HFCAGB_04443	contig_1	4435126	4436877	+	LNHIMF_04232	1	persistent	3	0	1
HFCAGB_04444	contig_1	4436841	4437275	-	LNHIMF_04233	1	persistent	2	0	0
HFCAGB_04445	contig_1	4437259	4438083	-	LNHIMF_04234	1	persistent	3	0	1
HFCAGB_04446	contig_1	4438387	4442070	+	LNHIMF_04235	1	persistent	2	0	1
HFCAGB_04447	contig_1	4442337	4443968	+	LNHIMF_04236	1	persistent	2	0	1
HFCAGB_04448	contig_1	4444028	4444732	-	LNHIMF_04237	1	persistent	2	0	0
HFCAGB_04449	contig_1	4444940	4445479	+	GEGEGB_04354	1	persistent	2	0	0
HFCAGB_04450	contig_1	4445526	4446395	+	GEGEGB_04355	1	persistent	2	0	0
HFCAGB_04451	contig_1	4446392	4446664	-	GEGEGB_04356	1	persistent	1	2	0
HFCAGB_04452	contig_1	4446727	4447485	-	GEGEGB_04357	1	shell	1	1	0
HFCAGB_04453	contig_1	4447472	4448335	-	LNHIMF_04242	1	shell	0	2	0
HFCAGB_04454	contig_1	4448352	4449191	-	GEGEGB_04359	1	shell	0	2	0
HFCAGB_04455	contig_1	4449215	4450804	-	HFCAGB_04455	1	shell	1	2	1
HFCAGB_04456	contig_1	4451233	4451961	-	BEJGEH_04259	1	shell	0	4	2
HFCAGB_04457	contig_1	4453405	4453752	+	BEJGEH_04281	1	shell	1	2	0
HFCAGB_04458	contig_1	4453883	4455232	-	GEGEGB_04361	1	persistent	1	2	0
HFCAGB_04459	contig_1	4455620	4457269	+	GEGEGB_04362	1	persistent	2	0	0
HFCAGB_04461	contig_1	4457710	4457955	+	GEGEGB_04364	1	persistent	2	0	0
HFCAGB_04462	contig_1	4458019	4458657	+	GEGEGB_04365	1	persistent	2	0	0
HFCAGB_04463	contig_1	4458654	4459391	+	GEGEGB_04366	1	persistent	2	0	0
HFCAGB_04464	contig_1	4459391	4461487	+	BEJGEH_04288	1	persistent	2	0	0
HFCAGB_04465	contig_1	4461630	4462040	+	GEGEGB_04368	1	persistent	2	0	1
HFCAGB_04466	contig_1	4462206	4463096	-	GEGEGB_04369	1	persistent	2	0	1
HFCAGB_04467	contig_1	4463111	4464655	-	GEGEGB_04370	1	persistent	2	0	0
HFCAGB_04468	contig_1	4464787	4465977	-	GEGEGB_04371	1	persistent	2	0	0
HFCAGB_04469	contig_1	4466339	4467448	+	GEGEGB_04372	1	persistent	2	0	0
HFCAGB_04470	contig_1	4467537	4468895	+	PAPNPA_02752	1	persistent	2	0	0
HFCAGB_04471	contig_1	4469059	4469976	+	GEGEGB_04374	1	persistent	2	0	0
HFCAGB_04472	contig_1	4470157	4470654	+	LNHIMF_04260	1	persistent	2	0	0
HFCAGB_04473	contig_1	4470668	4471540	+	GEGEGB_04376	1	persistent	2	0	0
HFCAGB_04474	contig_1	4471639	4474059	-	LNHIMF_04262	1	persistent	2	0	0
HFCAGB_04475	contig_1	4474230	4474598	+	GEGEGB_04378	1	persistent	2	0	0
HFCAGB_04476	contig_1	4474707	4475315	+	GEGEGB_04379	1	persistent	2	0	0
HFCAGB_04477	contig_1	4475494	4476819	+	LNHIMF_04265	1	persistent	3	0	0
HFCAGB_04478	contig_1	4476801	4476929	+	GEGEGB_04381	1	persistent	2	0	0
HFCAGB_04479	contig_1	4476948	4477160	+	GEGEGB_04382	1	persistent	3	0	0
HFCAGB_04480	contig_1	4477259	4477774	-	GEGEGB_04383	1	persistent	2	0	0
HFCAGB_04481	contig_1	4478021	4479331	+	LNHIMF_04269	1	persistent	2	0	1
HFCAGB_04482	contig_1	4479419	4480417	+	GEGEGB_04385	1	persistent	2	0	1
HFCAGB_04483	contig_1	4480585	4480827	+	GEGEGB_04386	1	persistent	2	0	0
HFCAGB_04484	contig_1	4481002	4481985	-	LNHIMF_04331	1	persistent	2	0	0
HFCAGB_04485	contig_1	4482050	4483465	+	GEGEGB_04388	1	persistent	2	0	0
HFCAGB_04486	contig_1	4483497	4484576	+	GEGEGB_04389	1	persistent	2	0	0
HFCAGB_04487	contig_1	4484762	4485955	+	LNHIMF_04334	1	persistent	2	0	0
HFCAGB_04488	contig_1	4486142	4486855	+	GEGEGB_04391	1	persistent	2	0	0
HFCAGB_04489	contig_1	4486984	4487400	+	GEGEGB_04392	1	persistent	2	0	0
HFCAGB_04490	contig_1	4487403	4487759	+	LNHIMF_04337	1	persistent	2	0	0
HFCAGB_04491	contig_1	4487760	4488098	-	LNHIMF_04338	1	persistent	2	0	0
HFCAGB_04492	contig_1	4488085	4488528	-	LNHIMF_04339	1	persistent	2	0	0
HFCAGB_04493	contig_1	4488672	4491497	-	GEGEGB_04396	1	persistent	2	0	0
HFCAGB_04494	contig_1	4491745	4492275	+	GEGEGB_04397	1	persistent	2	0	0
HFCAGB_04495	contig_1	4493316	4493948	+	GEGEGB_04398	1	persistent	2	0	0
HFCAGB_04496	contig_1	4493945	4495333	+	LNHIMF_04343	1	persistent	2	0	0
HFCAGB_04497	contig_1	4495323	4496642	+	LNHIMF_04344	1	persistent	2	0	0
HFCAGB_04498	contig_1	4496639	4497916	+	BEJGEH_04322	1	persistent	2	0	0
HFCAGB_04499	contig_1	4497933	4514612	+	PAPNPA_02781	1	persistent	2	0	0
HFCAGB_04500	contig_1	4514652	4516718	+	LNHIMF_04348	1	persistent	2	0	0
HFCAGB_04501	contig_1	4516996	4517277	-	GEGEGB_04405	1	persistent	2	0	0
HFCAGB_04502	contig_1	4517840	4519441	+	BEJGEH_04326	1	persistent	2	0	0
HFCAGB_04503	contig_1	4519429	4519752	-	GEGEGB_04407	1	persistent	2	0	0
HFCAGB_04504	contig_1	4519839	4520297	+	GEGEGB_04408	1	persistent	2	0	0
HFCAGB_04506	contig_1	4520590	4521258	+	LNHIMF_04354	1	persistent	2	0	0
HFCAGB_04507	contig_1	4521606	4522955	+	GEGEGB_04411	1	persistent	2	0	0
HFCAGB_04508	contig_1	4523105	4524751	+	AJBGEP_04481	1	persistent	2	0	0
HFCAGB_04509	contig_1	4524846	4525733	-	GEGEGB_04413	1	persistent	2	0	0
HFCAGB_04510	contig_1	4525837	4526247	+	GEGEGB_04414	1	persistent	2	0	0
HFCAGB_04511	contig_1	4526240	4526929	+	LNHIMF_04359	1	persistent	2	0	0
HFCAGB_04512	contig_1	4526968	4528617	-	LNHIMF_04360	1	persistent	2	0	0
HFCAGB_04513	contig_1	4528614	4528928	-	GEGEGB_04417	1	persistent	2	0	0
HFCAGB_04514	contig_1	4529168	4531126	-	LNHIMF_04362	1	persistent	2	0	0
HFCAGB_04515	contig_1	4531558	4532994	+	LNHIMF_04363	1	persistent	2	0	0
HFCAGB_04516	contig_1	4533106	4533672	+	GEGEGB_04420	1	persistent	2	0	0
HFCAGB_04517	contig_1	4533669	4534340	+	LNHIMF_04365	1	persistent	2	0	0
HFCAGB_04518	contig_1	4534337	4535293	+	GEGEGB_04422	1	persistent	1	2	0
HFCAGB_04519	contig_1	4535286	4537508	+	AJBGEP_04492	1	shell	2	0	0
HFCAGB_04520	contig_1	4537505	4538125	+	GEGEGB_04424	1	persistent	1	2	0
HFCAGB_04521	contig_1	4538470	4539780	+	LNHIMF_04369	1	persistent	2	0	1
HFCAGB_04522	contig_1	4539938	4540627	-	BEJGEH_04347	1	persistent	2	0	1
HFCAGB_04523	contig_1	4540804	4542951	-	LNHIMF_04371	1	persistent	2	0	0
HFCAGB_04524	contig_1	4543317	4544225	-	GEGEGB_04428	1	persistent	2	0	0
HFCAGB_04525	contig_1	4544483	4544917	-	GEGEGB_04429	1	persistent	2	0	0
HFCAGB_04526	contig_1	4545069	4545512	-	GEGEGB_04430	1	persistent	2	0	0
HFCAGB_04527	contig_1	4545632	4545967	-	GEGEGB_04431	1	persistent	2	0	1
HFCAGB_04528	contig_1	4546435	4547220	+	HFCAGB_04528	1	cloud	2	0	0
HFCAGB_04530	contig_1	4547290	4547379	+	GEGEGB_04434	1	persistent	2	0	1
HFCAGB_04531	contig_1	4547387	4548466	-	GEGEGB_04435	1	persistent	2	0	0
HFCAGB_04532	contig_1	4548467	4549135	-	LNHIMF_04380	1	persistent	2	0	0
HFCAGB_04533	contig_1	4549132	4550634	-	GEGEGB_04437	1	persistent	2	0	0
HFCAGB_04534	contig_1	4550909	4552246	-	GEGEGB_04438	1	persistent	2	0	0
HFCAGB_04535	contig_1	4552386	4553147	-	LNHIMF_04383	1	persistent	2	0	1
HFCAGB_04536	contig_1	4553445	4555715	-	GEGEGB_04440	1	persistent	2	0	0
HFCAGB_04537	contig_1	4555945	4556877	-	GEGEGB_04441	1	persistent	2	0	0
HFCAGB_04538	contig_1	4557149	4558501	+	LNHIMF_04386	1	persistent	2	0	0
HFCAGB_04539	contig_1	4558585	4560015	+	LNHIMF_04387	1	persistent	2	0	0
HFCAGB_04540	contig_1	4560117	4561763	-	GEGEGB_01415	2	persistent	4	0	0
HFCAGB_04541	contig_1	4561859	4563199	-	LNHIMF_04389	1	persistent	2	0	0
HFCAGB_04542	contig_1	4563346	4563612	-	GEGEGB_04446	1	persistent	2	0	0
HFCAGB_04543	contig_1	4563929	4564648	-	BEJGEH_04371	1	persistent	2	0	0
HFCAGB_04544	contig_1	4564645	4566276	-	LNHIMF_04392	1	persistent	2	0	0
HFCAGB_04545	contig_1	4566632	4569061	+	LNHIMF_04393	1	persistent	2	0	0
HFCAGB_04546	contig_1	4569075	4569701	+	LNHIMF_04394	1	persistent	2	0	0
HFCAGB_04547	contig_1	4569694	4570467	+	LNHIMF_04395	1	persistent	2	0	0
HFCAGB_04548	contig_1	4570543	4571136	+	LNHIMF_04396	1	persistent	2	0	0
HFCAGB_04549	contig_1	4571220	4572620	-	LNHIMF_04397	1	persistent	2	0	0
HFCAGB_04550	contig_1	4572969	4573829	+	GEGEGB_04456	1	persistent	1	0	5
HFCAGB_04552	contig_1	4574123	4574485	-	AJBGEP_04525	1	cloud	2	0	0
HFCAGB_04553	contig_1	4574638	4574910	-	GEGEGB_04459	1	persistent	1	0	5
HFCAGB_04554	contig_1	4574922	4575797	-	GEGEGB_04460	1	persistent	2	2	0
HFCAGB_04555	contig_1	4576600	4576893	+	GEGEGB_04603	1	persistent	2	1	1
HFCAGB_04556	contig_1	4576890	4577381	+	ONMMKP_03725	1	persistent	2	0	4
HFCAGB_04557	contig_1	4577629	4578381	-	LNHIMF_04420	1	persistent	2	1	4
HFCAGB_04559	contig_1	4579283	4579858	-	LNHIMF_04422	1	persistent	2	0	3
HFCAGB_04560	contig_1	4579895	4581598	-	LNHIMF_04423	1	persistent	2	0	0
HFCAGB_04561	contig_1	4581574	4581921	-	GEGEGB_04621	1	persistent	2	0	0
HFCAGB_04562	contig_1	4582042	4583343	-	LNHIMF_04425	1	persistent	2	0	0
HFCAGB_04563	contig_1	4583458	4584894	-	GEGEGB_04623	1	persistent	2	0	0
HFCAGB_04564	contig_1	4585196	4585711	+	LNHIMF_04427	1	persistent	2	0	0
HFCAGB_04565	contig_1	4585770	4587032	-	LNHIMF_04428	1	persistent	2	0	0
HFCAGB_04566	contig_1	4587287	4587580	+	GEGEGB_04626	1	persistent	2	0	0
HFCAGB_04567	contig_1	4587624	4589270	+	GEGEGB_04627	1	persistent	2	0	0
HFCAGB_04568	contig_1	4589514	4589867	+	GEGEGB_04628	1	persistent	2	0	0
HFCAGB_04569	contig_1	4589915	4590772	-	LNHIMF_04432	1	persistent	2	0	0
HFCAGB_04570	contig_1	4591054	4592082	-	BEJGEH_04410	1	persistent	2	0	0
HFCAGB_04571	contig_1	4592123	4592689	+	GEGEGB_04631	1	persistent	2	1	0
HFCAGB_04572	contig_1	4593169	4593756	-	LNHIMF_04435	1	persistent	2	1	0
HFCAGB_04573	contig_1	4594013	4594330	+	GEGEGB_04634	1	persistent	2	0	0
HFCAGB_04574	contig_1	4594347	4594880	-	LNHIMF_04437	1	persistent	2	0	0
HFCAGB_04575	contig_1	4594992	4595351	-	GEGEGB_04636	1	persistent	2	0	0
HFCAGB_04576	contig_1	4595362	4595757	-	GEGEGB_04637	1	persistent	2	0	0
HFCAGB_04577	contig_1	4595768	4596502	-	GEGEGB_04638	1	persistent	2	0	0
HFCAGB_04578	contig_1	4596495	4598285	-	GEGEGB_04639	1	persistent	2	0	0
HFCAGB_04579	contig_1	4598608	4599585	+	LNHIMF_04442	1	persistent	2	0	0
HFCAGB_04580	contig_1	4599832	4601313	+	GEGEGB_04641	1	persistent	2	2	0
HFCAGB_04581	contig_1	4601365	4601679	+	BEJGEH_04422	1	shell	2	0	0
HFCAGB_04582	contig_1	4601746	4605072	-	GEGEGB_04643	1	persistent	2	2	0
HFCAGB_04583	contig_1	4605091	4606059	-	LNHIMF_04445	1	persistent	2	0	0
HFCAGB_04584	contig_1	4606151	4607203	-	GEGEGB_04645	1	persistent	2	0	0
HFCAGB_04585	contig_1	4607310	4607855	+	GEGEGB_04646	1	persistent	2	0	0
HFCAGB_04586	contig_1	4607917	4608657	-	LNHIMF_04448	1	persistent	2	0	0
HFCAGB_04590	contig_1	4609742	4610881	-	LNHIMF_04451	1	persistent	2	0	0
HFCAGB_04591	contig_1	4610883	4612427	+	LNHIMF_04452	1	persistent	2	0	0
HFCAGB_04592	contig_1	4612399	4612860	+	GEGEGB_04652	1	persistent	2	0	0
HFCAGB_04593	contig_1	4612877	4614199	+	GEGEGB_04653	1	persistent	2	0	0
HFCAGB_04594	contig_1	4614209	4616065	+	GEGEGB_04654	1	persistent	2	0	0
HFCAGB_04595	contig_1	4616058	4617008	+	LNHIMF_04456	1	persistent	2	0	0
HFCAGB_04596	contig_1	4617091	4617399	+	GEGEGB_04656	1	persistent	2	0	0
HFCAGB_04597	contig_1	4617471	4618751	+	LNHIMF_04458	1	persistent	2	0	0
HFCAGB_04598	contig_1	4618966	4620225	+	LNHIMF_04459	1	persistent	2	0	0
HFCAGB_04599	contig_1	4620228	4621232	+	GEGEGB_04659	1	persistent	2	0	0
HFCAGB_04600	contig_1	4621311	4621508	+	GEGEGB_04660	1	persistent	2	0	1
HFCAGB_04601	contig_1	4621611	4622909	+	GEGEGB_04661	1	persistent	2	0	0
HFCAGB_04602	contig_1	4623116	4623541	+	LNHIMF_04463	1	persistent	2	0	0
HFCAGB_04603	contig_1	4623579	4626017	+	GEGEGB_04663	1	persistent	2	0	0
HFCAGB_04604	contig_1	4626108	4626839	+	LNHIMF_04465	1	persistent	2	0	0
HFCAGB_04605	contig_1	4626972	4627376	+	LNHIMF_04466	1	persistent	2	0	0
HFCAGB_04606	contig_1	4627391	4628089	+	BEJGEH_04447	1	persistent	2	0	1
HFCAGB_04607	contig_1	4628089	4629159	+	AJBGEP_04583	1	persistent	2	0	0
HFCAGB_04608	contig_1	4629156	4629815	+	GEGEGB_04668	1	persistent	2	0	1
HFCAGB_04609	contig_1	4629833	4630231	+	GEGEGB_04669	1	persistent	2	0	0
HFCAGB_04610	contig_1	4630241	4630879	+	BEJGEH_04451	1	persistent	2	0	0
HFCAGB_04611	contig_1	4630882	4632045	+	GEGEGB_04671	1	persistent	2	0	0
HFCAGB_04612	contig_1	4632130	4633752	+	LNHIMF_04473	1	persistent	2	0	0
HFCAGB_04613	contig_1	4633830	4634105	-	GEGEGB_04673	1	persistent	2	0	0
HFCAGB_04614	contig_1	4634236	4634538	-	LNHIMF_04475	1	persistent	2	0	0
HFCAGB_04615	contig_1	4634749	4635498	+	GEGEGB_04675	1	persistent	2	0	0
HFCAGB_04616	contig_1	4635495	4636250	-	GEGEGB_04676	1	persistent	2	0	0
HFCAGB_04617	contig_1	4636355	4637419	-	GEGEGB_04677	1	persistent	2	0	0
HFCAGB_04618	contig_1	4637782	4639179	+	LNHIMF_04479	1	persistent	2	0	1
HFCAGB_04619	contig_1	4639195	4639500	+	BEJGEH_04460	1	persistent	2	0	0
HFCAGB_04620	contig_1	4639510	4639974	+	LNHIMF_04481	1	persistent	2	0	1
HFCAGB_04621	contig_1	4639988	4640638	+	LNHIMF_04482	1	persistent	2	0	0
HFCAGB_04622	contig_1	4640648	4641502	+	LNHIMF_04483	1	persistent	2	0	0
HFCAGB_04623	contig_1	4641502	4642188	+	PAPNPA_02919	1	persistent	2	0	1
HFCAGB_04624	contig_1	4642317	4642592	-	AJBGEP_04600	1	persistent	2	0	0
HFCAGB_04625	contig_1	4643062	4643457	+	GEGEGB_04685	1	persistent	2	0	1
HFCAGB_04626	contig_1	4643464	4643778	+	GEGEGB_04686	1	persistent	2	0	0
HFCAGB_04627	contig_1	4643783	4644010	+	GEGEGB_04687	1	persistent	2	0	0
HFCAGB_04628	contig_1	4644052	4644501	+	GEGEGB_04688	1	persistent	2	0	0
HFCAGB_04629	contig_1	4644649	4645575	+	LNHIMF_04491	1	persistent	2	0	0
HFCAGB_04630	contig_1	4645625	4646260	-	LNHIMF_04492	1	persistent	2	0	0
HFCAGB_04631	contig_1	4646438	4647100	+	GEGEGB_04691	1	persistent	2	0	0
HFCAGB_04632	contig_1	4647396	4648799	+	LNHIMF_04494	1	persistent	2	0	1
HFCAGB_04633	contig_1	4649137	4650276	+	IKCLMC_03413	1	cloud	1	0	1
HFCAGB_04634	contig_1	4650291	4651679	+	IKCLMC_03412	1	cloud	1	0	1
HFCAGB_04635	contig_1	4651746	4652408	-	LNHIMF_04495	1	persistent	2	0	1
HFCAGB_04636	contig_1	4652511	4653476	-	LNHIMF_04496	1	persistent	2	0	0
HFCAGB_04637	contig_1	4653557	4654405	-	LNHIMF_04497	1	persistent	2	0	0
HFCAGB_04638	contig_1	4654493	4654879	+	GEGEGB_04698	1	persistent	2	0	0
HFCAGB_04639	contig_1	4654937	4656880	-	BEJGEH_04479	1	persistent	2	0	0
HFCAGB_04640	contig_1	4657148	4657888	+	GEGEGB_04700	1	persistent	2	0	0
HFCAGB_04641	contig_1	4657878	4658435	-	GEGEGB_04701	1	persistent	2	0	0
HFCAGB_04642	contig_1	4658762	4658968	+	GEGEGB_04702	1	persistent	2	1	0
HFCAGB_04643	contig_1	4659053	4660396	-	GEGEGB_04706	1	persistent	2	0	1
HFCAGB_04645	contig_1	4660579	4661217	-	GEGEGB_04708	1	persistent	2	0	0
HFCAGB_04646	contig_1	4661430	4663163	+	GEGEGB_04709	1	persistent	2	0	0
HFCAGB_04647	contig_1	4663160	4666939	+	LNHIMF_04507	1	persistent	2	0	0
HFCAGB_04648	contig_1	4666942	4667286	+	GEGEGB_04711	1	persistent	2	0	0
HFCAGB_04649	contig_1	4667340	4668548	-	LNHIMF_04509	1	persistent	2	0	0
HFCAGB_04650	contig_1	4668545	4669705	-	LNHIMF_04510	1	persistent	2	0	0
HFCAGB_04651	contig_1	4670118	4670648	-	GEGEGB_04714	1	persistent	2	0	0
HFCAGB_04652	contig_1	4670875	4671873	-	LNHIMF_04512	1	persistent	2	0	0
HFCAGB_04653	contig_1	4672048	4673421	+	BEJGEH_04493	1	persistent	2	1	0
HFCAGB_04654	contig_1	4673528	4674079	-	GEGEGB_04717	1	persistent	2	1	0
HFCAGB_04655	contig_1	4674175	4675527	+	GEGEGB_04718	1	persistent	2	0	0
HFCAGB_04656	contig_1	4675626	4676012	+	GEGEGB_04719	1	persistent	2	0	0
HFCAGB_04657	contig_1	4676299	4676628	+	GEGEGB_04720	1	persistent	2	0	0
HFCAGB_04658	contig_1	4676639	4677001	+	GEGEGB_04721	1	persistent	2	0	0
HFCAGB_04659	contig_1	4677001	4677303	+	GEGEGB_04722	1	persistent	2	0	0
HFCAGB_04660	contig_1	4677326	4678102	+	GEGEGB_04723	1	persistent	2	0	0
HFCAGB_04661	contig_1	4678114	4678758	+	GEGEGB_04724	1	persistent	2	0	0
HFCAGB_04662	contig_1	4678817	4679950	+	GEGEGB_04725	1	persistent	2	0	0
HFCAGB_04663	contig_1	4679934	4681052	+	GEGEGB_04726	1	persistent	2	0	0
HFCAGB_04664	contig_1	4681049	4681789	+	LNHIMF_04524	1	persistent	2	0	0
HFCAGB_04665	contig_1	4681806	4683719	+	LNHIMF_04525	1	persistent	2	0	1
HFCAGB_04666	contig_1	4683797	4684039	+	GEGEGB_04729	1	persistent	2	0	0
HFCAGB_04667	contig_1	4684029	4684313	+	GEGEGB_04730	1	persistent	2	0	0
HFCAGB_04668	contig_1	4684317	4684781	-	GEGEGB_04731	1	persistent	2	0	1
HFCAGB_04669	contig_1	4684998	4687136	-	LNHIMF_04529	1	persistent	2	0	0
HFCAGB_04670	contig_1	4687545	4689197	-	LNHIMF_04530	1	persistent	2	0	0
HFCAGB_04671	contig_1	4689247	4690665	-	LNHIMF_04531	1	persistent	2	0	0
HFCAGB_04672	contig_1	4690803	4691750	-	LNHIMF_04532	1	persistent	2	0	0
HFCAGB_04673	contig_1	4691940	4691993	+	GEGEGB_04737	1	persistent	2	0	0
HFCAGB_04674	contig_1	4692134	4694842	+	GEGEGB_04738	1	persistent	3	0	0
HFCAGB_04675	contig_1	4694958	4695404	-	LNHIMF_04535	1	persistent	2	0	0
HFCAGB_04676	contig_1	4695479	4695865	-	GEGEGB_04740	1	persistent	3	0	0
HFCAGB_04677	contig_1	4695942	4696403	-	GEGEGB_04741	1	persistent	2	0	0
HFCAGB_04678	contig_1	4696416	4697351	-	GEGEGB_04742	1	persistent	3	0	0
HFCAGB_04679	contig_1	4697387	4697488	-	GEGEGB_04743	1	persistent	2	0	0
HFCAGB_04680	contig_1	4697579	4698067	-	LNHIMF_04539	1	persistent	3	0	0
HFCAGB_04681	contig_1	4698254	4699657	-	GEGEGB_04745	1	persistent	2	0	0
HFCAGB_04682	contig_1	4699713	4700717	-	GEGEGB_04746	1	persistent	2	0	0
HFCAGB_04683	contig_1	4700829	4701761	-	BENMGJ_01145	1	persistent	2	0	0
HFCAGB_04684	contig_1	4701772	4702992	-	GEGEGB_04748	1	persistent	2	0	0
HFCAGB_04685	contig_1	4703668	4704120	+	GEGEGB_04749	1	persistent	2	0	0
HFCAGB_04686	contig_1	4704194	4705198	-	LNHIMF_04546	1	persistent	2	0	0
HFCAGB_04687	contig_1	4705364	4705780	+	GEGEGB_04751	1	persistent	2	1	0
HFCAGB_04688	contig_1	4705840	4706604	+	GEGEGB_04752	1	persistent	2	1	1
HFCAGB_04689	contig_1	4706838	4707326	-	GEGEGB_04754	1	persistent	2	0	1
HFCAGB_04690	contig_1	4707433	4707936	-	LNHIMF_04550	1	persistent	2	0	0
HFCAGB_04691	contig_1	4708131	4708451	+	LNHIMF_04551	2	persistent	2	0	0
HFCAGB_04692	contig_1	4708469	4709317	+	LNHIMF_04551	2	persistent	2	0	0
HFCAGB_04693	contig_1	4709459	4712314	-	GEGEGB_04757	1	persistent	2	0	0
HFCAGB_04694	contig_1	4712314	4712757	-	LNHIMF_04553	1	persistent	2	0	0
HFCAGB_04695	contig_1	4712894	4714405	-	LNHIMF_04554	1	persistent	2	0	0
HFCAGB_04697	contig_1	4714800	4715900	+	GEGEGB_04761	1	persistent	2	0	0
HFCAGB_04698	contig_1	4715900	4716982	+	LNHIMF_04557	1	persistent	2	0	0
HFCAGB_04699	contig_1	4717177	4718175	-	GEGEGB_04763	1	persistent	2	0	0
HFCAGB_04700	contig_1	4718239	4719558	-	BEJGEH_04557	1	persistent	2	0	1
HFCAGB_04701	contig_1	4719620	4720384	-	LNHIMF_04560	1	persistent	2	0	0
HFCAGB_04702	contig_1	4720409	4721440	-	LNHIMF_04561	1	persistent	2	0	0
HFCAGB_04703	contig_1	4721657	4722187	+	LNHIMF_04562	1	persistent	2	0	0
HFCAGB_04704	contig_1	4722215	4723234	-	LNHIMF_04563	1	persistent	1	0	8
HFCAGB_04706	contig_1	4724036	4724536	+	HFCAGB_04706	1	cloud	1	0	4
HFCAGB_04707	contig_1	4724613	4724861	+	ONMMKP_02297	1	cloud	0	0	4
HFCAGB_04708	contig_1	4724970	4725209	+	LNHIMF_04565	1	cloud	1	0	2
HFCAGB_04709	contig_1	4725212	4725520	+	LNHIMF_04566	1	cloud	0	1	3
HFCAGB_04710	contig_1	4725926	4726084	+	PKJKAM_02216	1	cloud	1	0	6
HFCAGB_04711	contig_1	4726606	4727139	-	HFCAGB_04711	1	cloud	0	0	2
HFCAGB_04712	contig_1	4727587	4728084	+	HFCAGB_04712	1	cloud	0	0	2
HFCAGB_04713	contig_1	4728206	4728946	+	HFCAGB_04713	1	cloud	0	0	3
HFCAGB_04714	contig_1	4728963	4731407	+	HFCAGB_04714	1	cloud	0	0	2
HFCAGB_04715	contig_1	4731404	4731850	+	HFCAGB_04715	1	cloud	0	0	2
HFCAGB_04716	contig_1	4731884	4732699	-	HFCAGB_04716	1	cloud	0	0	2
HFCAGB_04717	contig_1	4733276	4733485	+	HFCAGB_04717	1	cloud	0	0	3
HFCAGB_04718	contig_1	4733470	4733820	+	GEGEGB_04790	1	cloud	0	0	3
HFCAGB_04719	contig_1	4733799	4733942	+	HFCAGB_04719	1	cloud	0	0	2
HFCAGB_04720	contig_1	4734065	4734718	+	AJBGEP_04831	1	cloud	0	0	3
HFCAGB_04721	contig_1	4734669	4734854	+	OEKLIE_00585	1	cloud	0	0	2
HFCAGB_04722	contig_1	4735110	4735751	+	AJBGEP_04829	1	cloud	0	1	5
HFCAGB_04723	contig_1	4736014	4736292	+	HFCAGB_04723	2	shell	1	1	8
HFCAGB_04724	contig_1	4736276	4736524	-	PAPNPA_03394	1	cloud	0	1	1
HFCAGB_04726	contig_1	4736576	4736911	+	HFCAGB_04726	1	cloud	0	2	3
HFCAGB_04727	contig_1	4737380	4737544	+	ALJMDI_03931	2	shell	1	0	11
HFCAGB_04728	contig_1	4737545	4738255	+	ALJMDI_03931	2	shell	1	0	11
HFCAGB_04729	contig_1	4738686	4738793	-	GEGEGB_04803	1	persistent	1	1	6
HFCAGB_04730	contig_1	4738735	4739439	-	HFCAGB_04730	1	persistent	2	0	0
HFCAGB_04731	contig_1	4739999	4741624	-	LNHIMF_04572	1	persistent	2	0	2
HFCAGB_04732	contig_1	4741635	4741892	-	GEGEGB_04806	1	persistent	2	0	4
HFCAGB_04733	contig_1	4742379	4742987	+	GEGEGB_04807	1	persistent	2	1	2
HFCAGB_04734	contig_1	4743341	4744252	+	LNHIMF_04576	1	persistent	2	1	0
HFCAGB_04735	contig_1	4744457	4744918	+	BEJGEH_04618	1	persistent	1	1	1
HFCAGB_04736	contig_1	4744915	4745442	-	AJBGEP_04722	1	shell	2	0	0
HFCAGB_04737	contig_1	4745987	4746712	+	LNHIMF_04579	1	persistent	1	1	1
HFCAGB_04738	contig_1	4746713	4747726	-	LNHIMF_04580	1	persistent	2	0	0
HFCAGB_04740	contig_1	4748528	4748974	+	LNHIMF_04582	1	persistent	2	0	0
HFCAGB_04741	contig_1	4749213	4749947	+	LNHIMF_04583	1	persistent	2	0	0
HFCAGB_04742	contig_1	4749953	4750861	-	GEGEGB_04816	1	persistent	2	0	0
HFCAGB_04743	contig_1	4750980	4752152	-	GEGEGB_04817	1	persistent	2	0	0
HFCAGB_04744	contig_1	4752165	4752626	-	GEGEGB_04818	1	persistent	2	0	0
HFCAGB_04745	contig_1	4752623	4753294	-	GEGEGB_04819	1	persistent	2	0	0
HFCAGB_04746	contig_1	4754167	4755351	-	LNHIMF_04588	1	persistent	2	0	0
HFCAGB_04747	contig_1	4755571	4756842	-	LNHIMF_04589	1	persistent	2	0	0
HFCAGB_04748	contig_1	4756929	4758170	-	OEKLIE_03605	1	persistent	1	2	0
HFCAGB_04749	contig_1	4758649	4758852	+	GEGEGB_04823	2	shell	2	0	0
HFCAGB_04750	contig_1	4758837	4759601	+	GEGEGB_04823	2	shell	2	0	0
HFCAGB_04751	contig_1	4759782	4761152	+	LNHIMF_04592	1	persistent	1	2	0
HFCAGB_04752	contig_1	4761357	4761521	+	GEGEGB_04826	1	persistent	1	2	0
HFCAGB_04753	contig_1	4761598	4762518	-	LNHIMF_04594	1	shell	1	0	3
HFCAGB_04754	contig_1	4762682	4765948	-	IKCLMC_03291	1	cloud	0	1	2
HFCAGB_04755	contig_1	4766043	4766834	-	HFCAGB_04755	1	cloud	0	0	2
HFCAGB_04756	contig_1	4766919	4767347	-	HFCAGB_04756	1	cloud	0	0	2
HFCAGB_04757	contig_1	4767337	4768956	-	IKCLMC_03289	1	cloud	0	0	3
HFCAGB_04758	contig_1	4769020	4769358	-	IKCLMC_03288	1	cloud	0	0	2
HFCAGB_04759	contig_1	4769307	4769774	-	IKCLMC_03287	1	cloud	0	0	2
HFCAGB_04760	contig_1	4769746	4770186	-	IKCLMC_03286	1	cloud	0	0	2
HFCAGB_04761	contig_1	4770311	4770445	+	IKCLMC_03285	1	cloud	0	0	2
HFCAGB_04762	contig_1	4770477	4770743	-	IKCLMC_03284	2	cloud	0	0	2
HFCAGB_04763	contig_1	4770860	4771729	-	IKCLMC_03284	2	cloud	0	0	2
HFCAGB_04764	contig_1	4771734	4772309	-	IKCLMC_03283	1	cloud	0	0	2
HFCAGB_04765	contig_1	4772922	4774763	-	IKCLMC_03282	1	cloud	0	1	2
HFCAGB_04766	contig_1	4774928	4775122	+	HFCAGB_04766	1	cloud	0	1	1
HFCAGB_04767	contig_1	4775173	4775460	+	GEGEGB_04835	1	shell	0	2	2
HFCAGB_04768	contig_1	4775447	4775749	+	GEGEGB_04836	1	shell	1	1	0
HFCAGB_04769	contig_1	4775824	4776780	-	LNHIMF_04597	1	persistent	1	1	2
HFCAGB_04770	contig_1	4776791	4776994	-	GEGEGB_04838	1	persistent	2	0	0
HFCAGB_04771	contig_1	4777089	4779239	-	GEGEGB_04839	1	persistent	2	0	1
HFCAGB_04772	contig_1	4779606	4781267	+	LNHIMF_04600	1	persistent	2	1	1
HFCAGB_04773	contig_1	4781590	4784355	+	AJBGEP_04751	1	shell	1	1	0
HFCAGB_04774	contig_1	4784457	4784879	+	HFCAGB_04774	1	shell	0	2	0
HFCAGB_04775	contig_1	4784894	4785355	+	LNHIMF_04603	1	shell	0	2	0
HFCAGB_04776	contig_1	4785381	4786160	+	LNHIMF_04604	1	shell	0	2	0
HFCAGB_04777	contig_1	4786138	4786986	+	LNHIMF_04605	1	shell	0	2	0
HFCAGB_04778	contig_1	4786999	4788057	+	HFCAGB_04778	1	shell	0	2	0
HFCAGB_04779	contig_1	4788075	4789085	+	HFCAGB_04779	1	shell	1	1	0
HFCAGB_04780	contig_1	4789219	4791510	-	GEGEGB_04842	1	persistent	2	1	0
HFCAGB_04781	contig_1	4791793	4792254	-	LNHIMF_04609	1	persistent	2	0	0
HFCAGB_04782	contig_1	4792312	4793049	-	GEGEGB_04844	1	persistent	2	0	0
HFCAGB_04783	contig_1	4793052	4793591	-	GEGEGB_04845	1	persistent	2	0	0
HFCAGB_04784	contig_1	4793684	4794157	-	LNHIMF_04612	1	persistent	2	0	0
HFCAGB_04785	contig_1	4794148	4795092	-	LNHIMF_04613	1	persistent	2	0	1
HFCAGB_04786	contig_1	4795637	4796362	+	GEGEGB_04848	1	persistent	2	0	1
HFCAGB_04787	contig_1	4796323	4796997	+	GEGEGB_04849	1	persistent	2	0	0
HFCAGB_04788	contig_1	4797048	4797506	-	LNHIMF_04616	1	persistent	2	0	0
HFCAGB_04789	contig_1	4797665	4798453	-	GEGEGB_04851	1	persistent	2	0	0
HFCAGB_04790	contig_1	4798574	4799638	-	BEJGEH_04653	1	persistent	2	0	0
HFCAGB_04791	contig_1	4799889	4800125	+	GEGEGB_04853	1	persistent	2	0	0
HFCAGB_04795	contig_1	4800666	4801694	-	LNHIMF_04623	1	persistent	2	0	0
HFCAGB_04796	contig_1	4801797	4802234	+	BEJGEH_04659	1	persistent	2	0	1
HFCAGB_04797	contig_1	4802179	4802625	+	LNHIMF_04625	1	persistent	2	0	0
HFCAGB_04798	contig_1	4802644	4803324	+	LNHIMF_04626	1	persistent	2	0	0
HFCAGB_04799	contig_1	4803416	4805005	+	GEGEGB_04861	1	persistent	2	0	0
HFCAGB_04800	contig_1	4805407	4806024	+	GEGEGB_04862	1	persistent	2	0	0
HFCAGB_04801	contig_1	4806153	4806314	+	GEGEGB_04863	1	persistent	2	0	0
HFCAGB_04802	contig_1	4806417	4807511	+	LNHIMF_04630	1	persistent	2	0	0
HFCAGB_04803	contig_1	4807508	4808281	+	LNHIMF_04631	1	persistent	1	2	0
HFCAGB_04804	contig_1	4808314	4808901	-	BEJGEH_04667	1	shell	2	0	0
HFCAGB_04805	contig_1	4809149	4810699	-	BEJGEH_04668	1	persistent	1	2	0
HFCAGB_04806	contig_1	4810959	4811738	+	GEGEGB_04868	1	persistent	2	0	0
HFCAGB_04807	contig_1	4811862	4813184	+	GEGEGB_04869	1	persistent	2	0	0
HFCAGB_04808	contig_1	4813236	4814459	+	GEGEGB_04870	1	persistent	2	0	0
HFCAGB_04809	contig_1	4814669	4815388	+	GEGEGB_04871	1	persistent	1	1	2
HFCAGB_04810	contig_1	4815567	4816895	+	HFCAGB_04810	1	cloud	2	0	0
HFCAGB_04811	contig_1	4816900	4817916	-	BEJGEH_04678	1	persistent	1	1	2
HFCAGB_04812	contig_1	4817950	4818594	-	GEGEGB_04874	1	persistent	2	0	0
HFCAGB_04813	contig_1	4818711	4819679	+	GEGEGB_04875	1	persistent	2	0	0
HFCAGB_04814	contig_1	4819763	4821145	+	GEGEGB_04876	1	persistent	2	0	0
HFCAGB_04815	contig_1	4821296	4822528	+	GEGEGB_04877	1	persistent	2	0	0
HFCAGB_04816	contig_1	4822646	4824313	-	LNHIMF_04644	1	persistent	2	0	0
HFCAGB_04817	contig_1	4824522	4826459	+	GEGEGB_04879	1	persistent	2	0	0
HFCAGB_04818	contig_1	4826517	4826843	+	GEGEGB_04880	1	persistent	2	0	1
HFCAGB_04819	contig_1	4826945	4827460	-	BEJGEH_04686	1	persistent	2	0	0
HFCAGB_04820	contig_1	4827509	4828156	+	LNHIMF_04648	1	persistent	2	0	1
HFCAGB_04821	contig_1	4828153	4829022	-	LNHIMF_04649	1	persistent	2	0	0
HFCAGB_04822	contig_1	4829122	4829229	+	LNHIMF_04650	1	persistent	2	0	0
HFCAGB_04823	contig_1	4829219	4829707	+	GEGEGB_04885	1	persistent	2	0	0
HFCAGB_04824	contig_1	4829720	4830409	+	LNHIMF_04652	1	persistent	2	0	0
HFCAGB_04825	contig_1	4830409	4831833	+	BEJGEH_04692	1	persistent	2	0	0
HFCAGB_04826	contig_1	4831891	4832118	+	GEGEGB_04888	2	persistent	2	0	1
HFCAGB_04827	contig_1	4832087	4833229	+	GEGEGB_04888	2	persistent	2	0	1
HFCAGB_04828	contig_1	4833287	4834372	-	BEJGEH_04694	1	persistent	2	0	0
HFCAGB_04829	contig_1	4834413	4834970	-	LNHIMF_04656	1	persistent	2	0	1
HFCAGB_04830	contig_1	4834988	4837525	-	LNHIMF_04657	1	persistent	2	0	0
HFCAGB_04831	contig_1	4837571	4838254	-	LNHIMF_04658	1	persistent	2	0	0
HFCAGB_04832	contig_1	4838325	4838870	-	LNHIMF_04659	1	persistent	2	0	0
HFCAGB_04833	contig_1	4839209	4839880	-	GEGEGB_04895	1	persistent	2	0	1
HFCAGB_04834	contig_1	4840265	4840579	-	BEJGEH_04700	1	persistent	2	0	0
HFCAGB_04835	contig_1	4840846	4841562	-	GEGEGB_04897	1	persistent	2	0	1
HFCAGB_04836	contig_1	4842198	4842884	+	LNHIMF_04663	1	persistent	2	0	0
HFCAGB_04837	contig_2	279	1115	+	AJBGEP_04874	1	cloud	0	0	3
HFCAGB_04838	contig_2	1147	1713	-	HFCAGB_04838	1	cloud	0	0	2
HFCAGB_04839	contig_2	1770	2105	-	HFCAGB_04839	1	cloud	0	0	2
HFCAGB_04840	contig_2	2289	2798	-	HFCAGB_04840	1	cloud	0	0	2
HFCAGB_04841	contig_2	2791	3906	-	HFCAGB_04841	1	cloud	0	0	2
HFCAGB_04842	contig_2	4165	4653	+	HFCAGB_04842	1	cloud	0	0	3
HFCAGB_04843	contig_2	5308	6048	+	AJBGEP_04868	1	cloud	0	0	2
HFCAGB_04844	contig_2	6255	6815	+	OEKLIE_00300	1	cloud	0	0	2
HFCAGB_04845	contig_2	6799	8463	+	HFCAGB_04845	1	cloud	0	0	2
HFCAGB_04846	contig_2	8453	9421	+	HFCAGB_04846	1	cloud	0	0	2
HFCAGB_04847	contig_2	9610	10647	-	OEKLIE_00297	1	cloud	0	0	2
HFCAGB_04848	contig_2	10855	10986	-	HFCAGB_04848	1	cloud	0	0	2
HFCAGB_04849	contig_2	11254	12147	+	OEKLIE_00295	1	cloud	0	0	2
HFCAGB_04850	contig_2	12321	12485	+	HFCAGB_04850	1	cloud	0	0	2
HFCAGB_04851	contig_2	12659	13426	+	OEKLIE_00293	1	cloud	0	0	2
HFCAGB_04852	contig_2	13365	13577	-	HFCAGB_04852	1	cloud	0	0	2
HFCAGB_04853	contig_2	13608	15389	+	OEKLIE_00291	1	cloud	0	0	2
HFCAGB_04854	contig_2	15670	16395	+	HFCAGB_04854	1	cloud	0	0	2
HFCAGB_04855	contig_2	16656	17306	+	HFCAGB_04855	1	cloud	0	0	3
HFCAGB_04856	contig_2	17433	17858	-	HFCAGB_04856	1	cloud	0	0	2
HFCAGB_04857	contig_2	17915	18283	+	OEKLIE_00287	1	cloud	0	0	3
HFCAGB_04858	contig_2	18350	18910	-	HFCAGB_04858	1	cloud	0	0	3
HFCAGB_04859	contig_2	19452	19940	-	HFCAGB_04859	1	cloud	0	0	4
HFCAGB_04860	contig_2	19965	20678	-	HFCAGB_04860	1	cloud	0	0	2
HFCAGB_04861	contig_2	20687	21469	-	HFCAGB_04861	1	cloud	0	0	3
HFCAGB_04862	contig_2	21504	22025	-	HFCAGB_04862	1	cloud	0	0	2
HFCAGB_04863	contig_2	22022	22312	-	HFCAGB_04863	1	cloud	0	0	2
HFCAGB_04864	contig_2	22314	22619	-	HFCAGB_04864	1	cloud	0	0	2
HFCAGB_04865	contig_2	22621	22839	-	HFCAGB_04865	1	cloud	0	0	3
HFCAGB_04866	contig_2	23584	23814	+	BEJGEH_04525	1	cloud	1	0	2
HFCAGB_04867	contig_2	23811	24239	+	PAPNPA_01417	1	cloud	1	0	2
HFCAGB_04868	contig_2	24468	24734	+	HFCAGB_04868	1	cloud	0	0	2
HFCAGB_04869	contig_2	24809	25657	-	LNHIMF_04419	1	cloud	1	0	3
HFCAGB_04870	contig_2	25683	25829	-	LNHIMF_04418	1	cloud	0	0	3
HFCAGB_04871	contig_2	26105	26317	-	LNHIMF_04417	1	cloud	0	0	3
HFCAGB_04872	contig_2	26390	26962	-	LNHIMF_04416	1	cloud	0	0	2
HFCAGB_04873	contig_2	26988	27086	-	LNHIMF_04415	1	cloud	0	0	3
HFCAGB_04874	contig_2	27099	27812	-	HFCAGB_04874	1	cloud	0	0	2
HFCAGB_04875	contig_2	28074	28838	-	LNHIMF_04414	1	cloud	0	0	3
HFCAGB_04876	contig_2	28866	29663	-	LNHIMF_04413	1	cloud	0	0	4
HFCAGB_04877	contig_2	29899	30171	-	HFCAGB_04877	1	cloud	0	0	2
HFCAGB_04878	contig_2	31720	32289	+	HFCAGB_04878	1	cloud	0	0	2
HFCAGB_04879	contig_2	32325	33119	+	HFCAGB_04879	1	cloud	0	0	2
HFCAGB_04880	contig_2	33414	33611	+	HFCAGB_04880	1	cloud	0	0	2
HFCAGB_04881	contig_2	33566	33769	+	HFCAGB_04881	1	cloud	0	0	2
HFCAGB_04882	contig_2	33766	33939	+	HFCAGB_04882	1	cloud	0	0	2
HFCAGB_04883	contig_2	34017	34193	+	HFCAGB_04883	1	cloud	0	0	2
HFCAGB_04884	contig_2	35158	36027	-	OEKLIE_00580	1	cloud	0	0	3
HFCAGB_04885	contig_2	36020	36097	-	HFCAGB_04885	1	cloud	0	0	2
HFCAGB_04887	contig_2	36345	36590	-	OEKLIE_00577	1	cloud	0	0	3
HFCAGB_04888	contig_2	36722	36970	-	HFCAGB_04888	1	cloud	0	0	2
HFCAGB_04889	contig_2	37399	37851	-	HFCAGB_04889	1	cloud	0	0	2
HFCAGB_04890	contig_2	37968	38531	-	OEKLIE_00572	1	cloud	0	0	3
HFCAGB_04891	contig_2	38586	39326	-	OEKLIE_00571	1	cloud	0	0	2
HFCAGB_04892	contig_2	39346	43632	-	AJBGEP_04935	1	cloud	0	0	3
HFCAGB_04893	contig_2	43676	44320	+	BENMGJ_00363	1	cloud	0	0	4
HFCAGB_04894	contig_2	44477	44572	-	BENMGJ_00371	1	cloud	0	0	4
HFCAGB_04896	contig_2	45398	46525	+	HFCAGB_04896	1	cloud	0	0	2
HFCAGB_04897	contig_2	46684	47169	-	HFCAGB_04897	1	cloud	0	0	2
HFCAGB_04898	contig_2	47832	48266	-	BENMGJ_00331	1	cloud	0	0	3
HFCAGB_04899	contig_2	48282	48335	-	BENMGJ_00332	1	cloud	0	0	2
HFCAGB_04900	contig_2	48485	50638	-	BENMGJ_00333	1	cloud	0	0	3
HFCAGB_04901	contig_2	50643	51218	-	HFCAGB_04901	1	cloud	0	0	2
HFCAGB_04902	contig_2	51529	51831	-	BENMGJ_00334	1	cloud	0	0	3
HFCAGB_04903	contig_2	51828	52241	-	BENMGJ_00335	1	cloud	0	0	2
HFCAGB_04904	contig_2	52238	54073	-	BENMGJ_00336	1	cloud	0	0	2
HFCAGB_04905	contig_2	54342	55106	-	BENMGJ_00337	1	cloud	0	0	2
HFCAGB_04906	contig_2	55108	56313	-	BENMGJ_00338	1	cloud	0	0	2
HFCAGB_04907	contig_2	56310	57239	-	BENMGJ_00339	1	cloud	0	0	2
HFCAGB_04908	contig_2	57244	57957	-	BENMGJ_00340	1	cloud	0	0	3
HFCAGB_04909	contig_2	58202	59335	-	HFCAGB_04909	1	cloud	0	0	2
HFCAGB_04910	contig_2	59345	59572	-	HFCAGB_04910	1	cloud	0	0	2
HFCAGB_04911	contig_2	59573	60331	-	BENMGJ_00343	1	cloud	0	0	3
HFCAGB_04912	contig_2	60342	63095	-	BENMGJ_00344	1	cloud	0	0	2
HFCAGB_04913	contig_2	63114	63410	-	BENMGJ_00345	1	cloud	0	0	2
HFCAGB_04914	contig_2	63388	64035	-	BENMGJ_00346	1	cloud	0	0	2
HFCAGB_04915	contig_2	64210	64728	-	BENMGJ_00347	1	cloud	0	0	2
HFCAGB_04916	contig_2	65074	66255	-	BENMGJ_00348	1	cloud	0	0	2
HFCAGB_04917	contig_2	66258	66803	-	BENMGJ_00349	1	cloud	0	0	3
HFCAGB_04918	contig_2	66970	67263	+	HFCAGB_04918	1	cloud	0	0	2
HFCAGB_04919	contig_2	67129	67401	-	BENMGJ_00350	1	cloud	0	0	3
HFCAGB_04920	contig_2	67855	68184	-	BENMGJ_00351	1	cloud	0	0	2
HFCAGB_04921	contig_2	68277	68492	-	BENMGJ_00352	1	cloud	0	0	2
HFCAGB_04922	contig_2	68482	68727	-	BENMGJ_00353	1	cloud	0	0	2
HFCAGB_04923	contig_2	68772	69095	-	BENMGJ_00354	1	cloud	0	0	2
HFCAGB_04924	contig_2	69241	69522	-	BENMGJ_00355	1	cloud	0	0	2
HFCAGB_04925	contig_2	69512	69763	-	BENMGJ_00356	1	cloud	0	0	2
HFCAGB_04926	contig_2	70977	71813	+	BENMGJ_00357	1	cloud	0	0	2
HFCAGB_04927	contig_2	71853	72299	+	BENMGJ_00358	1	cloud	0	0	3
HFCAGB_04928	contig_2	72436	72789	+	HFCAGB_04928	1	cloud	0	0	2
HFCAGB_04929	contig_2	73428	73658	-	HFCAGB_04929	1	cloud	0	0	2
HFCAGB_04930	contig_2	73710	74330	-	HFCAGB_04930	1	cloud	0	0	2
