gene	contig	start	stop	strand	family	nb_copy_in_genome	partition	persistent_neighbors	shell_neighbors	cloud_neighbors
LNHIMF_00001	contig_1	169	255	+	GEGEGB_00001	1	persistent	2	0	0
LNHIMF_00002	contig_1	337	2799	+	GEGEGB_00002	1	persistent	2	0	0
LNHIMF_00003	contig_1	2801	3730	+	GEGEGB_00003	1	persistent	2	0	0
LNHIMF_00004	contig_1	3734	5020	+	GEGEGB_00004	1	persistent	2	0	0
LNHIMF_00005	contig_1	5114	5887	-	GEGEGB_00005	1	persistent	2	0	0
LNHIMF_00006	contig_1	5966	7396	-	GEGEGB_00006	1	persistent	2	0	0
LNHIMF_00007	contig_1	7665	8618	+	GEGEGB_00007	1	persistent	2	0	0
LNHIMF_00008	contig_1	8729	9319	+	GEGEGB_00008	1	persistent	2	0	0
LNHIMF_00009	contig_1	9376	9942	-	GEGEGB_00009	1	persistent	2	0	0
LNHIMF_00010	contig_1	10092	10805	-	GEGEGB_00010	1	persistent	2	0	0
LNHIMF_00011	contig_1	10841	11245	-	GEGEGB_00011	1	persistent	2	0	0
LNHIMF_00012	contig_1	11594	13510	+	GEGEGB_00012	1	persistent	2	0	0
LNHIMF_00014	contig_1	13596	14735	+	GEGEGB_00014	1	persistent	2	0	1
LNHIMF_00015	contig_1	15016	15963	+	GEGEGB_00015	1	persistent	2	0	1
LNHIMF_00016	contig_1	16090	16434	+	LNHIMF_00016	1	persistent	2	0	0
LNHIMF_00017	contig_1	16495	17028	-	LNHIMF_00017	1	persistent	2	0	0
LNHIMF_00018	contig_1	17045	17488	-	GEGEGB_00018	1	persistent	2	0	0
LNHIMF_00019	contig_1	17869	19968	+	BEJGEH_00020	1	persistent	2	0	0
LNHIMF_00020	contig_1	20061	23057	+	LNHIMF_00020	1	persistent	2	0	0
LNHIMF_00021	contig_1	23346	24041	+	BEJGEH_00022	1	persistent	2	0	0
LNHIMF_00022	contig_1	24472	25014	+	LNHIMF_00022	1	persistent	2	0	0
LNHIMF_00023	contig_1	25116	25802	+	LNHIMF_00023	1	persistent	2	0	0
LNHIMF_00024	contig_1	25807	28428	+	LNHIMF_00024	1	persistent	2	0	0
LNHIMF_00025	contig_1	28429	29436	+	LNHIMF_00025	1	persistent	2	0	0
LNHIMF_00026	contig_1	29437	29982	+	LNHIMF_00026	1	persistent	2	0	0
LNHIMF_00027	contig_1	29998	30516	+	GEGEGB_00030	1	persistent	2	0	0
LNHIMF_00028	contig_1	30482	31213	+	LNHIMF_00028	1	persistent	2	0	0
LNHIMF_00029	contig_1	31278	32123	+	LNHIMF_00029	1	persistent	2	0	1
LNHIMF_00030	contig_1	32162	32449	+	LNHIMF_00030	1	persistent	2	1	0
LNHIMF_00031	contig_1	32549	32998	-	GEGEGB_00034	1	persistent	1	1	1
LNHIMF_00032	contig_1	33368	34372	+	AJBGEP_00032	1	shell	2	1	0
LNHIMF_00033	contig_1	34380	34817	-	HFCAGB_00034	1	shell	0	2	0
LNHIMF_00034	contig_1	35340	37058	+	BEJGEH_00035	1	shell	0	2	0
LNHIMF_00035	contig_1	37104	38666	-	GEGEGB_00038	1	shell	0	2	0
LNHIMF_00036	contig_1	38774	39535	-	GEGEGB_00039	1	shell	1	1	0
LNHIMF_00037	contig_1	40130	41623	+	LNHIMF_00037	1	persistent	0	2	2
LNHIMF_00038	contig_1	41722	42912	+	LNHIMF_00038	1	shell	1	1	0
LNHIMF_00039	contig_1	42937	44184	+	IKCLMC_03170	1	shell	1	1	0
LNHIMF_00040	contig_1	44311	46026	+	LNHIMF_00040	1	persistent	1	1	1
LNHIMF_00041	contig_1	46189	47355	+	LNHIMF_00041	1	persistent	2	0	1
LNHIMF_00042	contig_1	47423	48316	+	GEGEGB_00045	1	persistent	2	0	0
LNHIMF_00043	contig_1	48371	50410	-	LNHIMF_00043	1	persistent	2	0	0
LNHIMF_00044	contig_1	50450	51823	-	LNHIMF_00044	1	persistent	2	0	1
LNHIMF_00045	contig_1	52323	52532	+	LNHIMF_00045	1	persistent	2	0	0
LNHIMF_00046	contig_1	52876	53814	+	GEGEGB_00049	1	persistent	2	0	1
LNHIMF_00047	contig_1	53859	56693	+	LNHIMF_00047	1	persistent	2	0	0
LNHIMF_00048	contig_1	56693	57193	+	LNHIMF_00048	1	persistent	2	0	0
LNHIMF_00049	contig_1	57348	57797	+	GEGEGB_00052	1	persistent	2	0	0
LNHIMF_00050	contig_1	57800	58750	+	GEGEGB_00053	1	persistent	2	0	0
LNHIMF_00052	contig_1	58950	60152	+	AJBGEP_00052	1	persistent	2	0	0
LNHIMF_00053	contig_1	60168	61088	+	GEGEGB_00056	1	persistent	2	0	0
LNHIMF_00054	contig_1	61110	61796	-	GEGEGB_00057	1	persistent	2	0	0
LNHIMF_00055	contig_1	61798	63456	-	BEJGEH_00056	1	persistent	2	0	0
LNHIMF_00056	contig_1	63552	64853	-	LNHIMF_00056	2	persistent	4	0	0
LNHIMF_00057	contig_1	64866	66635	-	GEGEGB_00060	2	persistent	2	0	1
LNHIMF_00058	contig_1	66651	66890	-	AJBGEP_03535	2	persistent	3	1	0
LNHIMF_00059	contig_1	67049	68389	-	GEGEGB_00062	1	persistent	2	0	0
LNHIMF_00060	contig_1	68634	69677	+	GEGEGB_00063	1	persistent	2	0	0
LNHIMF_00061	contig_1	69707	70000	+	GEGEGB_00064	1	persistent	2	0	0
LNHIMF_00062	contig_1	69997	70866	+	LNHIMF_00062	1	persistent	2	0	0
LNHIMF_00063	contig_1	70877	72397	+	LNHIMF_00063	1	persistent	2	0	0
LNHIMF_00064	contig_1	72397	72948	+	GEGEGB_00067	1	persistent	2	0	0
LNHIMF_00065	contig_1	72926	73834	+	LNHIMF_00065	1	persistent	2	0	0
LNHIMF_00066	contig_1	74014	74835	+	GEGEGB_00069	1	persistent	2	1	1
LNHIMF_00067	contig_1	74962	75126	-	AJBGEP_00067	1	shell	2	0	0
LNHIMF_00068	contig_1	75873	77021	+	LNHIMF_00068	1	persistent	2	1	1
LNHIMF_00069	contig_1	77040	80267	+	LNHIMF_00069	1	persistent	2	1	0
LNHIMF_00070	contig_1	80541	80936	+	GEGEGB_00072	1	persistent	2	1	0
LNHIMF_00071	contig_1	81013	81609	-	GEGEGB_00073	1	persistent	2	0	0
LNHIMF_00072	contig_1	81719	82504	-	LNHIMF_00072	1	persistent	2	0	0
LNHIMF_00073	contig_1	82558	84111	-	LNHIMF_00073	1	persistent	2	0	0
LNHIMF_00074	contig_1	84174	85391	-	GEGEGB_00076	1	persistent	2	0	0
LNHIMF_00075	contig_1	85503	86645	-	GEGEGB_00077	1	persistent	2	0	0
LNHIMF_00076	contig_1	86680	88197	-	LNHIMF_00076	1	persistent	2	0	0
LNHIMF_00077	contig_1	88678	89448	+	GEGEGB_00079	1	persistent	2	0	0
LNHIMF_00078	contig_1	89464	90405	+	GEGEGB_00080	1	persistent	2	0	0
LNHIMF_00079	contig_1	90455	91741	+	GEGEGB_00081	1	persistent	2	0	0
LNHIMF_00080	contig_1	91738	92025	+	GEGEGB_00082	1	persistent	2	0	0
LNHIMF_00082	contig_1	92172	93512	+	GEGEGB_00084	1	persistent	2	0	0
LNHIMF_00083	contig_1	93601	93831	+	GEGEGB_00085	1	persistent	3	0	0
LNHIMF_00084	contig_1	94125	94547	+	GEGEGB_00086	1	persistent	2	0	0
LNHIMF_00086	contig_1	94771	95061	-	GEGEGB_00088	1	persistent	2	0	0
LNHIMF_00087	contig_1	95959	97848	+	BEJGEH_00088	1	persistent	2	0	0
LNHIMF_00088	contig_1	98402	98932	+	LNHIMF_00088	1	persistent	3	0	0
LNHIMF_00089	contig_1	98925	100787	+	GEGEGB_00093	1	persistent	2	0	0
LNHIMF_00090	contig_1	100986	101465	+	GEGEGB_00094	1	persistent	2	0	0
LNHIMF_00091	contig_1	101573	102421	-	GEGEGB_00095	1	persistent	2	0	0
LNHIMF_00092	contig_1	102432	102809	-	LNHIMF_00092	1	persistent	2	0	0
LNHIMF_00093	contig_1	102812	103633	-	GEGEGB_00097	1	persistent	2	0	0
LNHIMF_00094	contig_1	103630	104619	-	GEGEGB_00098	1	persistent	2	0	0
LNHIMF_00095	contig_1	104619	105905	-	GEGEGB_00099	1	persistent	2	0	0
LNHIMF_00096	contig_1	105959	108313	-	GEGEGB_00100	1	persistent	2	0	0
LNHIMF_00097	contig_1	108567	109379	+	GEGEGB_00101	1	persistent	2	0	0
LNHIMF_00098	contig_1	109474	110133	-	LNHIMF_00098	1	persistent	2	0	0
LNHIMF_00099	contig_1	110145	113051	-	GEGEGB_00103	1	persistent	2	0	0
LNHIMF_00100	contig_1	113225	115576	-	LNHIMF_00100	1	persistent	2	0	2
LNHIMF_00101	contig_1	115620	116240	-	HFCAGB_00098	1	persistent	2	0	1
LNHIMF_00102	contig_1	116758	117177	+	GEGEGB_00109	1	persistent	2	0	1
LNHIMF_00103	contig_1	117183	117878	-	BEJGEH_00107	1	persistent	2	0	1
LNHIMF_00104	contig_1	118019	119521	-	LNHIMF_00104	1	persistent	2	0	0
LNHIMF_00105	contig_1	119532	121241	-	GEGEGB_00112	1	persistent	2	0	0
LNHIMF_00106	contig_1	121582	122427	+	LNHIMF_00106	1	persistent	2	0	0
LNHIMF_00107	contig_1	122546	123313	+	GEGEGB_00114	1	persistent	2	0	0
LNHIMF_00108	contig_1	123352	124059	-	GEGEGB_00115	1	persistent	2	0	0
LNHIMF_00109	contig_1	124043	125653	-	LNHIMF_00109	1	persistent	2	0	0
LNHIMF_00110	contig_1	125629	126612	-	GEGEGB_00117	1	persistent	2	0	0
LNHIMF_00111	contig_1	126790	128448	-	GEGEGB_00118	1	persistent	2	0	0
LNHIMF_00113	contig_1	128541	128663	+	GEGEGB_00120	1	persistent	2	0	1
LNHIMF_00114	contig_1	128949	129554	-	LNHIMF_00114	1	persistent	2	0	1
LNHIMF_00115	contig_1	129565	130965	-	GEGEGB_00122	1	persistent	2	0	0
LNHIMF_00116	contig_1	130968	132059	-	LNHIMF_00116	1	persistent	2	0	0
LNHIMF_00117	contig_1	132059	133630	-	LNHIMF_00117	1	persistent	2	0	0
LNHIMF_00118	contig_1	133719	133805	-	LNHIMF_00118	1	persistent	2	0	0
LNHIMF_00119	contig_1	134462	135406	+	LNHIMF_00119	1	persistent	2	0	0
LNHIMF_00120	contig_1	135728	137452	+	BEJGEH_00124	1	persistent	2	0	0
LNHIMF_00121	contig_1	137452	137961	+	LNHIMF_00121	1	persistent	2	0	0
LNHIMF_00122	contig_1	138228	139232	+	GEGEGB_00129	1	persistent	2	0	0
LNHIMF_00123	contig_1	139839	140297	+	LNHIMF_00123	1	persistent	2	0	0
LNHIMF_00124	contig_1	140299	141240	+	LNHIMF_00124	1	persistent	2	0	0
LNHIMF_00125	contig_1	141237	141602	+	GEGEGB_00132	1	persistent	2	0	0
LNHIMF_00126	contig_1	141618	143384	+	GEGEGB_00133	1	persistent	2	0	0
LNHIMF_00127	contig_1	143371	144858	+	GEGEGB_00134	1	persistent	2	0	0
LNHIMF_00128	contig_1	144855	146213	+	LNHIMF_00128	1	persistent	2	0	0
LNHIMF_00129	contig_1	146207	147289	+	GEGEGB_00136	1	persistent	2	0	0
LNHIMF_00130	contig_1	147292	148608	+	LNHIMF_00130	1	persistent	2	0	0
LNHIMF_00131	contig_1	148608	149852	+	GEGEGB_00138	1	persistent	2	0	0
LNHIMF_00132	contig_1	149849	150916	+	LNHIMF_00132	1	persistent	2	0	0
LNHIMF_00133	contig_1	151035	152510	+	GEGEGB_00140	1	persistent	2	0	0
LNHIMF_00134	contig_1	152503	153423	+	HFCAGB_00133	1	persistent	2	0	0
LNHIMF_00135	contig_1	153425	154255	+	GEGEGB_00142	1	persistent	2	0	0
LNHIMF_00136	contig_1	154252	155514	+	GEGEGB_00143	1	persistent	2	0	0
LNHIMF_00138	contig_1	155576	156727	+	LNHIMF_00138	1	persistent	2	0	0
LNHIMF_00139	contig_1	156828	157745	+	LNHIMF_00139	1	persistent	2	0	0
LNHIMF_00140	contig_1	158024	158521	+	GEGEGB_00147	1	persistent	2	0	0
LNHIMF_00141	contig_1	158583	161288	+	LNHIMF_00141	1	persistent	2	0	0
LNHIMF_00143	contig_1	161440	161835	+	GEGEGB_00150	1	persistent	2	0	2
LNHIMF_00144	contig_1	162150	162341	-	GEGEGB_00153	1	persistent	2	0	1
LNHIMF_00145	contig_1	162351	163094	-	GEGEGB_00154	1	persistent	2	0	0
LNHIMF_00146	contig_1	163094	163714	-	GEGEGB_00155	1	persistent	2	0	0
LNHIMF_00147	contig_1	163940	164983	+	GEGEGB_00156	1	persistent	2	0	0
LNHIMF_00148	contig_1	165014	166216	-	LNHIMF_00148	1	persistent	2	0	0
LNHIMF_00149	contig_1	166206	167591	-	LNHIMF_00149	1	persistent	2	0	0
LNHIMF_00150	contig_1	167601	168038	-	GEGEGB_00159	1	persistent	2	0	0
LNHIMF_00151	contig_1	168260	169153	-	LNHIMF_00151	1	persistent	2	0	0
LNHIMF_00152	contig_1	169241	169804	+	GEGEGB_00161	1	persistent	2	0	0
LNHIMF_00153	contig_1	169801	170655	+	LNHIMF_00153	1	persistent	2	0	0
LNHIMF_00154	contig_1	170747	171697	-	LNHIMF_00154	1	persistent	2	0	0
LNHIMF_00155	contig_1	171697	173103	-	BEJGEH_00161	1	persistent	2	0	0
LNHIMF_00156	contig_1	173267	174637	-	GEGEGB_00165	1	persistent	2	0	0
LNHIMF_00157	contig_1	175203	175967	+	GEGEGB_00166	1	persistent	2	0	0
LNHIMF_00159	contig_1	176127	178790	+	GEGEGB_00168	1	persistent	2	0	0
LNHIMF_00160	contig_1	178805	180691	+	BEJGEH_00166	1	persistent	2	0	0
LNHIMF_00161	contig_1	180891	182315	+	GEGEGB_00170	1	persistent	2	0	0
LNHIMF_00163	contig_1	182604	182888	+	GEGEGB_00172	1	persistent	2	0	0
LNHIMF_00164	contig_1	182926	183717	-	GEGEGB_00173	1	persistent	2	0	0
LNHIMF_00165	contig_1	183730	185325	-	GEGEGB_00174	1	persistent	2	0	0
LNHIMF_00166	contig_1	185714	188311	+	GEGEGB_00175	1	persistent	2	1	2
LNHIMF_00167	contig_1	188500	188862	+	BEJGEH_00180	1	persistent	2	1	1
LNHIMF_00168	contig_1	189096	190049	+	GEGEGB_00177	1	persistent	2	0	0
LNHIMF_00169	contig_1	190046	191317	+	LNHIMF_00169	1	persistent	2	0	0
LNHIMF_00170	contig_1	191307	192290	+	LNHIMF_00170	1	persistent	2	0	0
LNHIMF_00171	contig_1	192300	193067	+	GEGEGB_00180	1	persistent	2	0	0
LNHIMF_00172	contig_1	193097	193891	-	GEGEGB_00181	1	persistent	2	0	0
LNHIMF_00173	contig_1	193912	194772	-	BEJGEH_00186	1	persistent	2	0	0
LNHIMF_00174	contig_1	194879	195265	-	GEGEGB_00183	1	persistent	2	0	0
LNHIMF_00175	contig_1	195428	197038	+	GEGEGB_00184	1	persistent	2	0	0
LNHIMF_00176	contig_1	197116	199506	-	GEGEGB_00185	1	persistent	2	0	0
LNHIMF_00177	contig_1	199712	200248	+	LNHIMF_00177	1	persistent	2	0	0
LNHIMF_00178	contig_1	200306	200968	-	LNHIMF_00178	1	persistent	2	0	0
LNHIMF_00179	contig_1	201077	202003	+	LNHIMF_00179	1	persistent	2	0	0
LNHIMF_00180	contig_1	202000	202770	+	GEGEGB_00189	1	persistent	3	0	0
LNHIMF_00181	contig_1	202888	203964	-	BEJGEH_00194	1	persistent	2	0	0
LNHIMF_00182	contig_1	203973	206531	-	LNHIMF_00182	1	persistent	2	0	0
LNHIMF_00183	contig_1	206546	207229	-	BEJGEH_00196	1	persistent	2	0	0
LNHIMF_00184	contig_1	207277	207828	-	PAPNPA_03682	1	persistent	2	0	0
LNHIMF_00185	contig_1	208194	208634	+	LNHIMF_00185	1	persistent	3	0	0
LNHIMF_00186	contig_1	208696	209925	+	BEJGEH_00199	1	persistent	2	0	1
LNHIMF_00187	contig_1	209932	210312	-	GEGEGB_00192	1	persistent	2	0	1
LNHIMF_00188	contig_1	210407	211261	-	LNHIMF_00188	1	persistent	2	0	0
LNHIMF_00189	contig_1	211387	212181	-	LNHIMF_00189	1	persistent	2	0	2
LNHIMF_00190	contig_1	212303	213571	-	ALJMDI_04216	1	cloud	1	0	1
LNHIMF_00191	contig_1	213593	214189	-	ALJMDI_04217	1	cloud	0	0	2
LNHIMF_00192	contig_1	214189	214797	-	ALJMDI_04218	1	cloud	0	0	2
LNHIMF_00193	contig_1	214812	215378	-	ALJMDI_04219	1	cloud	0	0	3
LNHIMF_00194	contig_1	215365	218031	-	LNHIMF_00194	1	cloud	0	0	3
LNHIMF_00195	contig_1	218031	218768	-	ALJMDI_04221	1	cloud	0	0	2
LNHIMF_00196	contig_1	219034	219627	-	ALJMDI_04222	1	cloud	1	0	1
LNHIMF_00197	contig_1	220030	220509	-	GEGEGB_00202	1	persistent	2	0	2
LNHIMF_00198	contig_1	220506	221924	-	LNHIMF_00198	1	persistent	2	0	0
LNHIMF_00199	contig_1	222065	223006	-	GEGEGB_00204	1	persistent	2	0	0
LNHIMF_00200	contig_1	223030	223485	-	GEGEGB_00205	1	persistent	2	0	0
LNHIMF_00201	contig_1	223662	224366	-	LNHIMF_00201	1	persistent	2	0	0
LNHIMF_00202	contig_1	224383	224913	-	GEGEGB_00207	1	persistent	2	0	0
LNHIMF_00203	contig_1	224941	227415	+	LNHIMF_00203	1	persistent	2	0	0
LNHIMF_00204	contig_1	227556	230078	+	LNHIMF_00204	1	persistent	2	0	1
LNHIMF_00205	contig_1	230371	232560	+	LNHIMF_00205	1	persistent	2	0	0
LNHIMF_00206	contig_1	232609	233406	+	GEGEGB_00212	1	persistent	2	0	1
LNHIMF_00207	contig_1	233406	234296	+	LNHIMF_00207	1	persistent	2	0	0
LNHIMF_00208	contig_1	234293	236350	+	LNHIMF_00208	1	persistent	2	2	1
LNHIMF_00209	contig_1	236441	237721	-	GEGEGB_00215	1	persistent	2	1	1
LNHIMF_00210	contig_1	237891	239312	+	LNHIMF_00210	1	persistent	2	0	0
LNHIMF_00211	contig_1	239394	239738	+	GEGEGB_00217	1	persistent	2	0	1
LNHIMF_00212	contig_1	239839	240462	-	GEGEGB_00218	1	persistent	2	0	1
LNHIMF_00213	contig_1	240499	241299	-	LNHIMF_00213	1	persistent	2	0	0
LNHIMF_00214	contig_1	241292	241990	-	GEGEGB_00220	1	persistent	2	0	0
LNHIMF_00215	contig_1	242075	243592	+	GEGEGB_00221	1	persistent	2	0	0
LNHIMF_00216	contig_1	243722	245149	+	LNHIMF_00216	1	persistent	2	0	0
LNHIMF_00217	contig_1	245302	246459	+	GEGEGB_00223	1	persistent	2	0	1
LNHIMF_00218	contig_1	246581	249550	-	ALJMDI_04244	1	cloud	2	0	0
LNHIMF_00219	contig_1	249736	250122	-	GEGEGB_00224	1	persistent	2	0	2
LNHIMF_00220	contig_1	250369	251670	+	BEJGEH_00234	1	persistent	2	0	1
LNHIMF_00221	contig_1	251707	252531	-	LNHIMF_00221	1	persistent	2	0	0
LNHIMF_00222	contig_1	252561	255233	-	GEGEGB_00228	1	persistent	2	0	0
LNHIMF_00223	contig_1	255471	256265	-	GEGEGB_00229	1	persistent	2	0	1
LNHIMF_00225	contig_1	256716	257441	+	GEGEGB_00231	1	persistent	2	0	0
LNHIMF_00227	contig_1	257627	258550	+	GEGEGB_00233	1	persistent	2	0	0
LNHIMF_00228	contig_1	258695	259420	+	GEGEGB_00234	1	persistent	2	0	0
LNHIMF_00229	contig_1	259567	260124	+	GEGEGB_00235	1	persistent	2	0	0
LNHIMF_00230	contig_1	260266	261462	+	LNHIMF_00230	1	persistent	2	0	0
LNHIMF_00231	contig_1	261844	262533	+	BEJGEH_00245	1	persistent	2	0	0
LNHIMF_00232	contig_1	262546	263403	+	GEGEGB_00238	1	persistent	2	0	0
LNHIMF_00233	contig_1	263415	264767	+	GEGEGB_00239	1	persistent	2	0	0
LNHIMF_00234	contig_1	264799	267231	+	GEGEGB_00240	1	persistent	2	0	0
LNHIMF_00235	contig_1	267354	267839	+	GEGEGB_00241	1	persistent	2	0	0
LNHIMF_00236	contig_1	267843	268868	+	GEGEGB_00242	1	persistent	2	0	0
LNHIMF_00237	contig_1	268974	269429	+	GEGEGB_00243	1	persistent	2	0	0
LNHIMF_00238	contig_1	269433	270221	+	LNHIMF_00238	1	persistent	2	0	0
LNHIMF_00239	contig_1	270221	271369	+	GEGEGB_00245	1	persistent	2	0	0
LNHIMF_00240	contig_1	271366	271962	+	GEGEGB_00246	1	persistent	2	0	0
LNHIMF_00241	contig_1	271986	275468	+	GEGEGB_00247	1	persistent	2	0	0
LNHIMF_00242	contig_1	275481	276440	+	GEGEGB_00248	1	persistent	2	1	0
LNHIMF_00243	contig_1	276619	276711	+	BEJGEH_00257	2	persistent	2	1	0
LNHIMF_00244	contig_1	276708	278369	+	BEJGEH_00257	2	persistent	2	1	0
LNHIMF_00245	contig_1	278445	280586	+	LNHIMF_00245	1	persistent	2	0	0
LNHIMF_00246	contig_1	280642	281031	+	GEGEGB_00254	1	persistent	2	0	0
LNHIMF_00247	contig_1	281094	282386	+	GEGEGB_00255	1	persistent	2	0	0
LNHIMF_00248	contig_1	282470	282730	-	GEGEGB_00256	1	persistent	2	0	0
LNHIMF_00249	contig_1	282717	282917	-	GEGEGB_00257	1	persistent	2	0	0
LNHIMF_00250	contig_1	283115	283660	+	GEGEGB_00258	1	persistent	2	0	0
LNHIMF_00251	contig_1	283657	284079	+	GEGEGB_00259	1	persistent	2	0	0
LNHIMF_00252	contig_1	284111	284812	+	GEGEGB_00260	1	persistent	2	2	0
LNHIMF_00253	contig_1	284886	286604	-	GEGEGB_00264	1	persistent	2	1	1
LNHIMF_00254	contig_1	286715	287422	-	LNHIMF_00254	1	persistent	2	0	0
LNHIMF_00255	contig_1	287419	287823	-	GEGEGB_00266	1	persistent	2	0	0
LNHIMF_00256	contig_1	287942	288757	-	LNHIMF_00256	1	persistent	2	0	0
LNHIMF_00257	contig_1	288796	289449	-	LNHIMF_00257	1	persistent	2	0	0
LNHIMF_00258	contig_1	289442	290473	-	LNHIMF_00258	1	persistent	2	0	0
LNHIMF_00259	contig_1	290663	291229	+	GEGEGB_00270	1	persistent	3	0	0
LNHIMF_00267	contig_1	297075	297878	+	LNHIMF_00267	1	persistent	3	0	0
LNHIMF_00268	contig_1	297900	298814	-	LNHIMF_00268	1	persistent	2	0	0
LNHIMF_00269	contig_1	298919	300094	+	LNHIMF_00269	1	persistent	2	0	0
LNHIMF_00270	contig_1	300226	301026	+	LNHIMF_00270	1	persistent	2	0	0
LNHIMF_00271	contig_1	301104	301874	+	LNHIMF_00271	1	persistent	2	0	0
LNHIMF_00272	contig_1	301930	303150	-	GEGEGB_02743	1	persistent	2	0	0
LNHIMF_00273	contig_1	303369	304124	-	LNHIMF_00273	1	persistent	2	0	0
LNHIMF_00274	contig_1	304159	304881	+	LNHIMF_00274	1	persistent	2	0	0
LNHIMF_00275	contig_1	304878	305345	-	GEGEGB_02740	1	persistent	2	0	0
LNHIMF_00276	contig_1	305400	306140	+	GEGEGB_02739	1	persistent	2	0	2
LNHIMF_00278	contig_1	306670	307719	-	HFCAGB_00281	1	persistent	1	1	1
LNHIMF_00279	contig_1	307730	308725	-	AJBGEP_00282	1	shell	1	1	0
LNHIMF_00280	contig_1	308722	310605	-	LNHIMF_00280	1	shell	0	2	0
LNHIMF_00281	contig_1	310621	311115	-	GEGEGB_02733	1	shell	0	2	0
LNHIMF_00282	contig_1	311112	311936	-	LNHIMF_00282	1	shell	0	2	0
LNHIMF_00283	contig_1	311923	312825	-	GEGEGB_02731	1	shell	0	3	1
LNHIMF_00284	contig_1	313193	315856	+	IKCLMC_02021	1	shell	0	2	1
LNHIMF_00285	contig_1	315841	315939	+	GEGEGB_02729	1	cloud	0	1	1
LNHIMF_00286	contig_1	315942	316232	+	IKCLMC_02023	1	cloud	0	1	1
LNHIMF_00287	contig_1	316294	316836	+	GEGEGB_02727	1	shell	0	2	1
LNHIMF_00288	contig_1	316860	318368	+	LNHIMF_00288	1	shell	0	2	2
LNHIMF_00289	contig_1	318555	319001	+	HFCAGB_00291	1	shell	0	2	1
LNHIMF_00290	contig_1	319255	319740	+	GEGEGB_02722	2	shell	0	4	1
LNHIMF_00291	contig_1	320034	320519	+	AJBGEP_00292	1	shell	0	3	0
LNHIMF_00292	contig_1	320516	320887	+	PAPNPA_01836	1	shell	0	2	0
LNHIMF_00293	contig_1	321030	321515	+	GEGEGB_02722	2	shell	0	4	1
LNHIMF_00294	contig_1	321582	322118	+	GEGEGB_02721	1	shell	0	3	0
LNHIMF_00295	contig_1	322122	323465	+	GEGEGB_02720	1	shell	0	2	0
LNHIMF_00296	contig_1	323462	324766	+	GEGEGB_02719	1	shell	0	2	0
LNHIMF_00297	contig_1	324771	325544	+	HFCAGB_00296	1	shell	0	2	2
LNHIMF_00298	contig_1	325735	325908	+	LNHIMF_00298	1	cloud	0	2	0
LNHIMF_00299	contig_1	325934	326155	+	AJBGEP_00299	1	shell	0	2	1
LNHIMF_00300	contig_1	326189	330058	+	HFCAGB_00298	1	shell	0	2	1
LNHIMF_00301	contig_1	330058	330840	+	HFCAGB_00299	1	shell	0	3	2
LNHIMF_00302	contig_1	330837	331676	+	LNHIMF_00302	1	cloud	0	1	1
LNHIMF_00303	contig_1	331666	331926	+	LNHIMF_00303	1	cloud	0	1	1
LNHIMF_00304	contig_1	332051	334243	+	PAPNPA_01857	1	shell	0	2	2
LNHIMF_00305	contig_1	334267	334713	+	GEGEGB_02708	1	shell	0	2	0
LNHIMF_00306	contig_1	334732	338418	+	AJBGEP_00306	1	shell	0	2	7
LNHIMF_00307	contig_1	338475	338777	-	LNHIMF_00307	1	cloud	0	2	2
LNHIMF_00308	contig_1	338804	339250	+	LNHIMF_00308	1	shell	0	2	3
LNHIMF_00309	contig_1	339579	339716	-	OEKLIE_01806	1	cloud	0	2	1
LNHIMF_00310	contig_1	339769	340251	+	LNHIMF_00310	1	cloud	0	0	2
LNHIMF_00312	contig_1	340445	340819	-	LNHIMF_00312	1	cloud	0	1	1
LNHIMF_00313	contig_1	341049	341270	+	AJBGEP_00314	1	shell	0	3	3
LNHIMF_00314	contig_1	341337	341579	-	GEGEGB_02702	1	cloud	0	3	1
LNHIMF_00315	contig_1	342127	342405	+	AJBGEP_00317	1	shell	1	4	4
LNHIMF_00316	contig_1	343169	343663	+	LNHIMF_00316	1	cloud	1	1	0
LNHIMF_00317	contig_1	343879	344484	+	PAPNPA_01873	1	persistent	1	2	3
LNHIMF_00318	contig_1	344508	347018	+	BEJGEH_00308	1	persistent	2	0	0
LNHIMF_00319	contig_1	347040	347510	+	GEGEGB_02695	1	persistent	2	0	0
LNHIMF_00320	contig_1	347917	348738	+	LNHIMF_00320	1	persistent	2	0	1
LNHIMF_00321	contig_1	349555	350502	+	LNHIMF_00321	1	persistent	2	1	4
LNHIMF_00322	contig_1	350425	350793	-	LNHIMF_00322	1	cloud	1	0	1
LNHIMF_00323	contig_1	351055	351432	-	GEGEGB_02690	1	cloud	1	1	4
LNHIMF_00324	contig_1	351604	351834	+	LNHIMF_00324	1	cloud	0	0	2
LNHIMF_00325	contig_1	352723	353358	+	GEGEGB_02689	1	cloud	0	0	3
LNHIMF_00326	contig_1	353466	353984	+	BENMGJ_03898	1	cloud	0	0	2
LNHIMF_00327	contig_1	354093	356780	+	LNHIMF_00327	1	cloud	0	0	4
LNHIMF_00328	contig_1	356802	357851	+	LNHIMF_00328	1	cloud	0	0	2
LNHIMF_00329	contig_1	357984	358439	+	GEGEGB_02685	1	cloud	1	0	4
LNHIMF_00330	contig_1	358579	359196	+	ONMMKP_01857	1	cloud	1	0	2
LNHIMF_00331	contig_1	359575	359733	+	ALJMDI_04306	1	cloud	1	0	1
LNHIMF_00332	contig_1	360160	360879	-	LNHIMF_00332	1	persistent	2	0	3
LNHIMF_00333	contig_1	361203	361610	-	GEGEGB_02682	1	persistent	2	0	0
LNHIMF_00334	contig_1	361920	362687	-	LNHIMF_00334	1	persistent	2	0	0
LNHIMF_00335	contig_1	362796	365240	-	LNHIMF_00335	1	persistent	2	0	0
LNHIMF_00336	contig_1	365479	366057	+	GEGEGB_02679	1	persistent	2	0	0
LNHIMF_00337	contig_1	366270	367037	+	LNHIMF_00337	1	persistent	2	0	0
LNHIMF_00338	contig_1	367008	367748	-	GEGEGB_02677	1	persistent	2	0	0
LNHIMF_00339	contig_1	367998	369053	+	GEGEGB_02676	1	persistent	2	0	0
LNHIMF_00340	contig_1	369272	370411	+	LNHIMF_00340	1	persistent	2	0	0
LNHIMF_00341	contig_1	370408	371022	+	GEGEGB_02674	1	persistent	2	0	0
LNHIMF_00342	contig_1	371178	372635	-	LNHIMF_00342	1	persistent	2	0	0
LNHIMF_00343	contig_1	372884	373342	+	GEGEGB_02672	1	persistent	2	0	0
LNHIMF_00344	contig_1	373431	374675	+	LNHIMF_00344	1	persistent	2	0	0
LNHIMF_00345	contig_1	374733	375134	+	GEGEGB_02670	1	persistent	2	0	0
LNHIMF_00346	contig_1	375185	376237	-	GEGEGB_02669	1	persistent	2	0	0
LNHIMF_00347	contig_1	376520	377623	+	GEGEGB_02668	1	persistent	2	0	0
LNHIMF_00348	contig_1	377635	378885	+	HFCAGB_00340	1	persistent	2	3	3
LNHIMF_00350	contig_1	379241	380431	+	LNHIMF_00350	1	cloud	1	0	1
LNHIMF_00351	contig_1	380428	381252	+	LNHIMF_00351	1	cloud	0	0	2
LNHIMF_00352	contig_1	381378	381677	+	LNHIMF_00352	1	cloud	0	0	2
LNHIMF_00353	contig_1	381705	381878	-	LNHIMF_00353	1	cloud	0	0	2
LNHIMF_00354	contig_1	382009	382185	+	BEJGEH_04566	1	cloud	0	0	3
LNHIMF_00355	contig_1	382178	382537	+	BEJGEH_04567	1	cloud	0	0	2
LNHIMF_00356	contig_1	382569	382853	+	BEJGEH_04568	1	cloud	0	0	2
LNHIMF_00357	contig_1	382850	383233	+	BEJGEH_04569	1	cloud	0	0	2
LNHIMF_00358	contig_1	383230	385902	+	BEJGEH_04570	1	cloud	0	0	2
LNHIMF_00359	contig_1	386302	387063	+	BEJGEH_04571	1	cloud	0	0	3
LNHIMF_00360	contig_1	387063	387335	+	LNHIMF_00360	1	cloud	0	0	2
LNHIMF_00361	contig_1	387675	388658	+	LNHIMF_00361	1	cloud	0	0	2
LNHIMF_00362	contig_1	388677	391121	+	LNHIMF_00362	1	cloud	0	0	2
LNHIMF_00363	contig_1	391584	391751	-	LNHIMF_00363	1	cloud	1	0	1
LNHIMF_00364	contig_1	391751	392509	-	GEGEGB_02664	1	persistent	2	1	1
LNHIMF_00365	contig_1	392475	393800	-	BEJGEH_00346	2	persistent	2	1	3
LNHIMF_00366	contig_1	393805	396366	-	LNHIMF_00366	1	persistent	2	0	0
LNHIMF_00367	contig_1	396350	397111	-	BEJGEH_00348	1	persistent	2	0	0
LNHIMF_00368	contig_1	397173	397709	-	GEGEGB_02659	1	persistent	2	0	0
LNHIMF_00369	contig_1	398373	399107	+	LNHIMF_00369	1	persistent	2	0	0
LNHIMF_00370	contig_1	399080	399580	+	LNHIMF_00370	1	persistent	2	0	0
LNHIMF_00371	contig_1	399893	401467	+	LNHIMF_00371	1	persistent	2	0	0
LNHIMF_00372	contig_1	401567	402310	+	LNHIMF_00372	1	persistent	2	0	0
LNHIMF_00373	contig_1	402283	402771	+	LNHIMF_00373	1	persistent	2	0	0
LNHIMF_00374	contig_1	403173	403697	+	GEGEGB_02652	1	persistent	2	0	0
LNHIMF_00375	contig_1	403955	404482	+	LNHIMF_00375	1	persistent	2	0	0
LNHIMF_00376	contig_1	404775	405134	+	LNHIMF_00376	1	persistent	2	0	0
LNHIMF_00377	contig_1	405202	406659	-	BEJGEH_00358	1	persistent	3	0	0
LNHIMF_00378	contig_1	406676	409843	-	LNHIMF_00378	1	persistent	2	0	0
LNHIMF_00379	contig_1	409840	411066	-	BEJGEH_00360	1	persistent	2	0	0
LNHIMF_00380	contig_1	411343	413631	+	HFCAGB_00372	1	persistent	2	0	0
LNHIMF_00381	contig_1	413643	414107	+	LNHIMF_00381	1	persistent	2	0	0
LNHIMF_00382	contig_1	414185	414379	+	GEGEGB_02648	1	persistent	3	0	1
LNHIMF_00383	contig_1	414671	415924	+	LNHIMF_00383	1	persistent	2	0	1
LNHIMF_00384	contig_1	416113	418071	+	GEGEGB_02645	1	persistent	2	0	0
LNHIMF_00385	contig_1	418084	421053	+	BEJGEH_00367	1	persistent	2	0	0
LNHIMF_00386	contig_1	421330	421431	+	GEGEGB_02642	1	persistent	2	0	0
LNHIMF_00387	contig_1	421548	422951	+	LNHIMF_00387	1	persistent	2	0	0
LNHIMF_00388	contig_1	422948	423958	+	LNHIMF_00388	1	persistent	2	0	0
LNHIMF_00389	contig_1	423958	424089	+	GEGEGB_02639	1	persistent	2	0	0
LNHIMF_00390	contig_1	424296	425300	+	GEGEGB_02638	1	persistent	2	0	0
LNHIMF_00391	contig_1	425464	427554	+	LNHIMF_00391	1	persistent	2	0	0
LNHIMF_00392	contig_1	427595	428227	-	LNHIMF_00392	1	persistent	2	0	0
LNHIMF_00393	contig_1	428459	428734	+	GEGEGB_02635	1	persistent	2	0	0
LNHIMF_00394	contig_1	428870	430495	-	LNHIMF_00394	1	persistent	2	0	0
LNHIMF_00395	contig_1	430761	431648	+	GEGEGB_02633	1	persistent	2	0	0
LNHIMF_00396	contig_1	431759	432928	+	GEGEGB_02632	1	persistent	2	0	0
LNHIMF_00397	contig_1	432968	434419	+	LNHIMF_00397	1	persistent	2	0	0
LNHIMF_00398	contig_1	434460	436346	+	LNHIMF_00398	1	persistent	2	0	0
LNHIMF_00399	contig_1	436450	437424	-	GEGEGB_02629	1	persistent	1	1	3
LNHIMF_00400	contig_1	437937	440948	+	LNHIMF_00400	1	cloud	2	0	0
LNHIMF_00401	contig_1	441034	441657	+	BEJGEH_00383	1	persistent	1	1	3
LNHIMF_00402	contig_1	441702	442859	-	GEGEGB_02626	1	persistent	2	0	0
LNHIMF_00403	contig_1	443206	444426	+	LNHIMF_00403	1	persistent	2	0	0
LNHIMF_00404	contig_1	444441	445535	+	LNHIMF_00404	1	persistent	2	0	0
LNHIMF_00405	contig_1	445573	445881	-	GEGEGB_02623	1	persistent	2	0	0
LNHIMF_00406	contig_1	446149	446364	+	GEGEGB_02622	1	persistent	2	0	0
LNHIMF_00407	contig_1	446390	447502	-	GEGEGB_02621	1	persistent	2	0	0
LNHIMF_00408	contig_1	447592	448275	+	LNHIMF_00408	1	persistent	2	0	0
LNHIMF_00409	contig_1	448444	449655	+	GEGEGB_02619	1	persistent	2	0	0
LNHIMF_00410	contig_1	449952	450212	+	GEGEGB_02618	1	persistent	2	0	0
LNHIMF_00411	contig_1	450565	450885	+	GEGEGB_02617	1	persistent	2	0	0
LNHIMF_00412	contig_1	450977	452089	+	LNHIMF_00412	1	persistent	2	0	0
LNHIMF_00413	contig_1	452104	452913	-	LNHIMF_00413	1	persistent	2	0	0
LNHIMF_00414	contig_1	453053	453508	+	GEGEGB_02614	1	persistent	2	0	0
LNHIMF_00415	contig_1	453693	454238	+	GEGEGB_02613	1	persistent	2	0	0
LNHIMF_00416	contig_1	454265	454456	+	GEGEGB_02612	1	persistent	2	0	0
LNHIMF_00417	contig_1	454707	455384	+	LNHIMF_00417	1	persistent	2	0	0
LNHIMF_00418	contig_1	455455	455739	+	GEGEGB_02609	1	persistent	2	0	0
LNHIMF_00419	contig_1	455777	456688	-	GEGEGB_02608	1	persistent	2	0	0
LNHIMF_00420	contig_1	456814	457722	+	GEGEGB_02607	1	persistent	2	0	0
LNHIMF_00421	contig_1	457742	458914	-	LNHIMF_00421	1	persistent	2	0	0
LNHIMF_00422	contig_1	459087	462227	-	LNHIMF_00422	1	persistent	2	0	0
LNHIMF_00423	contig_1	462224	463426	-	LNHIMF_00423	1	persistent	2	0	0
LNHIMF_00424	contig_1	463641	464330	+	GEGEGB_02602	1	persistent	2	0	0
LNHIMF_00425	contig_1	464400	465695	+	LNHIMF_00425	1	persistent	2	0	0
LNHIMF_00426	contig_1	466104	467423	+	GEGEGB_02600	1	persistent	2	1	0
LNHIMF_00427	contig_1	467498	468868	+	LNHIMF_00427	1	persistent	2	1	0
LNHIMF_00428	contig_1	469030	470847	+	LNHIMF_00428	1	persistent	2	0	0
LNHIMF_00429	contig_1	470919	471521	-	GEGEGB_02595	1	persistent	2	0	0
LNHIMF_00430	contig_1	471731	472312	-	GEGEGB_02594	1	persistent	2	0	0
LNHIMF_00431	contig_1	472406	473470	+	LNHIMF_00431	1	persistent	2	0	0
LNHIMF_00432	contig_1	473667	474794	+	LNHIMF_00432	1	persistent	2	0	0
LNHIMF_00433	contig_1	474817	475149	+	GEGEGB_02591	1	persistent	2	0	0
LNHIMF_00434	contig_1	475210	477024	+	GEGEGB_02590	1	persistent	2	0	0
LNHIMF_00435	contig_1	477035	478006	+	GEGEGB_02589	1	persistent	2	1	0
LNHIMF_00436	contig_1	478100	478447	+	GEGEGB_02586	1	persistent	2	1	0
LNHIMF_00437	contig_1	478729	478992	+	LNHIMF_00437	1	persistent	2	0	0
LNHIMF_00439	contig_1	479076	479939	-	GEGEGB_02583	1	persistent	2	0	0
LNHIMF_00440	contig_1	480239	480778	-	LNHIMF_00440	1	persistent	2	0	0
LNHIMF_00441	contig_1	480930	481379	+	GEGEGB_02581	1	persistent	2	0	0
LNHIMF_00442	contig_1	481383	482486	+	LNHIMF_00442	1	persistent	2	0	0
LNHIMF_00443	contig_1	482575	483045	+	GEGEGB_02579	1	persistent	2	0	0
LNHIMF_00444	contig_1	483066	483485	+	LNHIMF_00444	1	persistent	2	0	0
LNHIMF_00445	contig_1	483564	484541	+	LNHIMF_00445	1	persistent	2	0	0
LNHIMF_00446	contig_1	484519	485034	+	GEGEGB_02576	1	persistent	2	0	0
LNHIMF_00447	contig_1	485138	486112	-	LNHIMF_00447	1	persistent	2	0	0
LNHIMF_00448	contig_1	486169	488031	-	LNHIMF_00448	1	persistent	2	0	0
LNHIMF_00449	contig_1	488055	488954	-	GEGEGB_02573	1	persistent	2	0	0
LNHIMF_00450	contig_1	488955	489197	-	GEGEGB_02572	1	persistent	2	0	0
LNHIMF_00451	contig_1	489407	490855	+	LNHIMF_00451	1	persistent	2	0	0
LNHIMF_00452	contig_1	490899	491696	-	LNHIMF_00452	1	persistent	2	0	0
LNHIMF_00453	contig_1	491699	492559	-	HFCAGB_00451	1	persistent	2	0	0
LNHIMF_00454	contig_1	492562	493671	-	LNHIMF_00454	1	persistent	2	0	0
LNHIMF_00455	contig_1	493677	494690	-	LNHIMF_00455	1	persistent	2	0	0
LNHIMF_00456	contig_1	494888	495607	-	GEGEGB_02566	1	persistent	2	0	0
LNHIMF_00457	contig_1	495747	496850	+	GEGEGB_02565	1	persistent	2	0	0
LNHIMF_00458	contig_1	496860	497669	+	GEGEGB_02564	1	persistent	2	0	0
LNHIMF_00459	contig_1	497766	498356	-	GEGEGB_02563	1	persistent	2	0	0
LNHIMF_00460	contig_1	498319	499230	-	LNHIMF_00460	1	persistent	2	0	0
LNHIMF_00461	contig_1	499356	499847	+	LNHIMF_00461	1	persistent	2	0	0
LNHIMF_00462	contig_1	499894	501258	-	GEGEGB_02560	1	persistent	3	0	1
LNHIMF_00463	contig_1	501479	502369	-	GEGEGB_02554	1	persistent	2	1	1
LNHIMF_00464	contig_1	502381	502710	-	GEGEGB_02553	1	persistent	2	0	0
LNHIMF_00465	contig_1	502710	503324	-	LNHIMF_00465	1	persistent	2	0	0
LNHIMF_00466	contig_1	503314	505305	-	GEGEGB_02551	1	persistent	2	0	0
LNHIMF_00467	contig_1	505316	506272	-	GEGEGB_02550	1	persistent	2	0	0
LNHIMF_00468	contig_1	506725	508206	-	GEGEGB_02549	1	persistent	2	0	0
LNHIMF_00469	contig_1	508244	508876	-	GEGEGB_02548	1	persistent	2	0	0
LNHIMF_00470	contig_1	509129	509443	+	GEGEGB_02547	1	persistent	2	0	0
LNHIMF_00471	contig_1	509790	511088	+	GEGEGB_02546	1	persistent	2	0	0
LNHIMF_00472	contig_1	511335	511958	+	GEGEGB_02545	1	persistent	2	0	0
LNHIMF_00473	contig_1	512209	513480	+	LNHIMF_00473	1	persistent	2	0	0
LNHIMF_00475	contig_1	513666	516020	+	GEGEGB_02542	1	persistent	2	0	0
LNHIMF_00476	contig_1	516229	516501	+	GEGEGB_02541	1	persistent	2	0	0
LNHIMF_00477	contig_1	516792	518663	+	GEGEGB_02540	1	persistent	2	0	0
LNHIMF_00478	contig_1	518813	519187	+	GEGEGB_02539	1	persistent	2	0	0
LNHIMF_00479	contig_1	519291	519689	+	GEGEGB_02538	1	persistent	2	0	0
LNHIMF_00480	contig_1	519797	520492	-	GEGEGB_02537	1	persistent	2	0	0
LNHIMF_00481	contig_1	520557	522257	-	GEGEGB_02536	1	persistent	2	0	0
LNHIMF_00482	contig_1	522357	523175	+	GEGEGB_02535	1	persistent	2	0	1
LNHIMF_00483	contig_1	523224	524279	-	LNHIMF_00483	1	persistent	2	1	0
LNHIMF_00484	contig_1	524392	524850	+	GEGEGB_02530	1	persistent	2	0	0
LNHIMF_00485	contig_1	524891	526663	+	GEGEGB_02529	1	persistent	2	0	0
LNHIMF_00486	contig_1	526656	528437	+	LNHIMF_00486	1	persistent	2	0	0
LNHIMF_00487	contig_1	528650	528988	+	GEGEGB_02527	1	persistent	2	0	0
LNHIMF_00488	contig_1	529020	530306	+	GEGEGB_02526	1	persistent	2	0	0
LNHIMF_00489	contig_1	530408	531268	-	GEGEGB_02525	1	persistent	2	0	0
LNHIMF_00490	contig_1	531483	532052	+	GEGEGB_02524	1	persistent	2	0	0
LNHIMF_00491	contig_1	532085	532396	-	GEGEGB_02523	1	persistent	2	0	0
LNHIMF_00493	contig_1	532705	534255	-	BEJGEH_00477	1	persistent	2	0	0
LNHIMF_00494	contig_1	534480	534740	+	GEGEGB_02520	1	persistent	2	0	1
LNHIMF_00495	contig_1	534746	534886	+	LNHIMF_00495	1	cloud	2	0	0
LNHIMF_00496	contig_1	534942	535412	-	GEGEGB_02519	1	persistent	2	0	1
LNHIMF_00497	contig_1	535530	536081	-	GEGEGB_02518	1	persistent	2	0	0
LNHIMF_00498	contig_1	536260	536478	-	GEGEGB_02517	1	persistent	2	0	0
LNHIMF_00499	contig_1	536506	536880	-	GEGEGB_02516	1	persistent	2	0	0
LNHIMF_00500	contig_1	537376	540525	-	LNHIMF_03443	2	persistent	4	0	0
LNHIMF_00501	contig_1	540548	541741	-	GEGEGB_02514	1	persistent	2	0	0
LNHIMF_00502	contig_1	541883	542536	+	GEGEGB_02513	1	persistent	2	0	0
LNHIMF_00503	contig_1	542655	546017	+	LNHIMF_00503	1	persistent	2	0	0
LNHIMF_00504	contig_1	546059	546994	-	LNHIMF_00504	1	persistent	2	0	0
LNHIMF_00505	contig_1	547064	547231	-	GEGEGB_02510	1	persistent	2	0	0
LNHIMF_00506	contig_1	547245	547760	-	BEJGEH_00490	1	persistent	2	0	1
LNHIMF_00507	contig_1	547841	548218	+	GEGEGB_02508	1	persistent	2	0	0
LNHIMF_00508	contig_1	548371	548922	+	LNHIMF_00508	1	persistent	2	0	1
LNHIMF_00509	contig_1	549036	550964	+	GEGEGB_02506	1	persistent	2	0	0
LNHIMF_00510	contig_1	551010	551339	+	GEGEGB_02505	1	persistent	2	0	0
LNHIMF_00511	contig_1	551339	551944	+	GEGEGB_02504	1	persistent	2	0	0
LNHIMF_00512	contig_1	552055	553929	+	GEGEGB_02503	1	persistent	2	0	0
LNHIMF_00513	contig_1	554281	554925	+	GEGEGB_02502	1	persistent	2	0	0
LNHIMF_00514	contig_1	555153	556115	+	LNHIMF_00514	1	persistent	2	0	0
LNHIMF_00515	contig_1	556112	557083	-	LNHIMF_00515	1	persistent	2	0	1
LNHIMF_00516	contig_1	557236	558540	+	GEGEGB_02499	1	persistent	2	0	1
LNHIMF_00517	contig_1	558589	560265	-	GEGEGB_02498	1	persistent	2	1	0
LNHIMF_00518	contig_1	560343	560468	+	LNHIMF_00518	1	shell	2	0	0
LNHIMF_00519	contig_1	560480	561700	-	GEGEGB_02496	1	persistent	2	1	0
LNHIMF_00520	contig_1	561873	563525	+	BEJGEH_00506	1	persistent	2	0	0
LNHIMF_00521	contig_1	563642	564121	-	LNHIMF_00521	1	persistent	2	0	0
LNHIMF_00523	contig_1	564323	565117	-	BEJGEH_00509	1	persistent	3	0	0
LNHIMF_00524	contig_1	565194	566030	-	BEJGEH_00510	1	persistent	2	0	0
LNHIMF_00525	contig_1	566183	568684	-	LNHIMF_00525	1	persistent	3	0	0
LNHIMF_00526	contig_1	568794	569210	+	LNHIMF_00526	1	persistent	2	0	0
LNHIMF_00527	contig_1	569211	569663	-	GEGEGB_02487	1	persistent	2	0	0
LNHIMF_00528	contig_1	569660	570577	-	LNHIMF_00528	1	persistent	2	0	0
LNHIMF_00529	contig_1	570724	571401	+	LNHIMF_00529	1	persistent	2	0	0
LNHIMF_00530	contig_1	571388	572167	+	LNHIMF_00530	1	persistent	2	0	0
LNHIMF_00531	contig_1	572253	573107	-	GEGEGB_02483	1	persistent	2	0	0
LNHIMF_00532	contig_1	573167	573937	-	GEGEGB_02482	1	persistent	2	0	0
LNHIMF_00533	contig_1	574092	574676	-	GEGEGB_02481	1	persistent	2	0	0
LNHIMF_00534	contig_1	574677	575363	+	GEGEGB_02480	1	persistent	2	0	0
LNHIMF_00535	contig_1	575360	577774	+	LNHIMF_00535	1	persistent	2	0	0
LNHIMF_00536	contig_1	577771	577875	+	LNHIMF_00536	1	persistent	2	0	0
LNHIMF_00537	contig_1	577960	579093	+	GEGEGB_02477	1	persistent	2	0	0
LNHIMF_00538	contig_1	579350	580180	+	LNHIMF_00538	1	persistent	2	0	0
LNHIMF_00539	contig_1	580217	581233	+	LNHIMF_00539	1	persistent	2	0	0
LNHIMF_00540	contig_1	581226	581885	+	GEGEGB_02474	1	persistent	2	0	0
LNHIMF_00541	contig_1	581924	583009	-	BEJGEH_00527	1	persistent	3	0	0
LNHIMF_00542	contig_1	583105	584172	-	GEGEGB_02451	1	persistent	3	0	0
LNHIMF_00543	contig_1	584169	584678	-	LNHIMF_00543	1	persistent	2	0	0
LNHIMF_00544	contig_1	584796	585518	-	LNHIMF_00544	1	persistent	2	0	0
LNHIMF_00545	contig_1	585521	586015	-	GEGEGB_02448	1	persistent	2	0	0
LNHIMF_00546	contig_1	586188	587573	+	GEGEGB_02447	1	persistent	3	0	0
LNHIMF_00547	contig_1	587617	588441	-	BEJGEH_00552	1	persistent	2	0	0
LNHIMF_00548	contig_1	588438	588875	-	BEJGEH_00553	1	persistent	2	0	0
LNHIMF_00549	contig_1	588868	589413	-	LNHIMF_00549	1	persistent	3	0	0
LNHIMF_00550	contig_1	589541	589753	-	GEGEGB_02445	1	persistent	2	0	0
LNHIMF_00551	contig_1	589755	590621	-	LNHIMF_00551	1	persistent	2	0	0
LNHIMF_00552	contig_1	591168	591725	+	LNHIMF_00552	1	persistent	2	0	0
LNHIMF_00553	contig_1	591800	592333	+	GEGEGB_02442	1	persistent	2	0	0
LNHIMF_00554	contig_1	592377	593069	+	LNHIMF_00554	1	persistent	2	0	0
LNHIMF_00555	contig_1	593100	595712	+	LNHIMF_00555	1	persistent	2	0	0
LNHIMF_00556	contig_1	595727	596734	+	LNHIMF_00556	1	persistent	2	0	0
LNHIMF_00557	contig_1	596744	597262	+	BEJGEH_00562	1	persistent	2	0	0
LNHIMF_00558	contig_1	597308	597940	-	LNHIMF_00558	1	persistent	2	0	0
LNHIMF_00559	contig_1	598544	599266	-	LNHIMF_00559	1	persistent	2	1	0
LNHIMF_00560	contig_1	599758	600354	-	GEGEGB_02434	1	persistent	2	3	2
LNHIMF_00562	contig_1	600701	601864	-	PKJKAM_03184	1	cloud	1	0	4
LNHIMF_00563	contig_1	602094	602231	-	LNHIMF_00563	1	cloud	0	0	2
LNHIMF_00564	contig_1	602303	602980	-	LNHIMF_00564	1	cloud	0	0	2
LNHIMF_00565	contig_1	602977	603327	-	LNHIMF_00565	1	cloud	0	0	2
LNHIMF_00566	contig_1	603328	603600	-	LNHIMF_00566	1	cloud	0	0	2
LNHIMF_00567	contig_1	603638	603937	-	LNHIMF_00567	1	cloud	0	0	2
LNHIMF_00568	contig_1	603941	604441	-	LNHIMF_00568	1	cloud	0	0	2
LNHIMF_00569	contig_1	604550	605047	-	LNHIMF_00569	1	cloud	0	0	4
LNHIMF_00570	contig_1	605219	605512	-	ONMMKP_00792	1	cloud	0	0	5
LNHIMF_00571	contig_1	605536	605919	-	LNHIMF_00571	1	cloud	0	0	2
LNHIMF_00572	contig_1	605919	606524	-	LNHIMF_00572	1	cloud	0	0	2
LNHIMF_00573	contig_1	606535	606705	-	LNHIMF_00573	1	cloud	0	0	2
LNHIMF_00574	contig_1	606781	606933	-	LNHIMF_00574	1	cloud	0	0	2
LNHIMF_00575	contig_1	606918	607049	-	LNHIMF_00575	1	cloud	0	0	2
LNHIMF_00576	contig_1	607074	608042	-	LNHIMF_00576	1	cloud	0	0	2
LNHIMF_00577	contig_1	608225	608695	-	LNHIMF_00577	1	cloud	0	0	2
LNHIMF_00578	contig_1	608758	608982	-	LNHIMF_00578	1	cloud	0	0	2
LNHIMF_00579	contig_1	608986	609288	-	IKCLMC_02338	1	cloud	0	0	5
LNHIMF_00580	contig_1	609673	610305	-	LNHIMF_00580	1	cloud	0	0	2
LNHIMF_00581	contig_1	610406	610621	+	LNHIMF_00581	1	cloud	0	0	2
LNHIMF_00582	contig_1	610732	611013	+	LNHIMF_00582	1	cloud	0	0	4
LNHIMF_00583	contig_1	611048	611194	+	HFCAGB_00607	1	cloud	0	0	4
LNHIMF_00584	contig_1	611187	612047	+	LNHIMF_00584	1	cloud	0	0	2
LNHIMF_00585	contig_1	612051	612158	+	LNHIMF_00585	1	cloud	0	0	2
LNHIMF_00586	contig_1	612155	614035	+	LNHIMF_00586	1	cloud	0	0	2
LNHIMF_00587	contig_1	614036	614314	+	LNHIMF_00587	1	cloud	0	0	2
LNHIMF_00588	contig_1	614311	614391	+	HFCAGB_00610	1	cloud	0	0	5
LNHIMF_00589	contig_1	614388	614825	+	LNHIMF_00589	1	cloud	0	0	7
LNHIMF_00590	contig_1	615135	615311	+	LNHIMF_00590	1	cloud	0	0	2
LNHIMF_00591	contig_1	615567	615962	+	HFCAGB_00614	1	cloud	0	1	2
LNHIMF_00592	contig_1	615959	616162	+	LNHIMF_00592	1	shell	0	2	2
LNHIMF_00593	contig_1	616143	616322	+	LNHIMF_00593	1	shell	0	1	3
LNHIMF_00594	contig_1	616319	616942	+	BENMGJ_03955	1	cloud	0	1	2
LNHIMF_00595	contig_1	617229	617747	+	LNHIMF_00595	1	cloud	0	0	2
LNHIMF_00596	contig_1	617971	618243	+	LNHIMF_00596	1	cloud	0	0	2
LNHIMF_00597	contig_1	618243	618740	+	LNHIMF_00597	1	cloud	0	0	3
LNHIMF_00598	contig_1	618737	618832	+	LNHIMF_00598	1	cloud	0	0	3
LNHIMF_00599	contig_1	618829	619296	+	LNHIMF_00599	1	cloud	0	0	4
LNHIMF_00600	contig_1	619506	620003	+	LNHIMF_00600	1	cloud	0	0	2
LNHIMF_00601	contig_1	620000	620257	+	LNHIMF_00601	1	cloud	0	0	2
LNHIMF_00602	contig_1	620652	621083	+	ONMMKP_00758	1	cloud	0	0	3
LNHIMF_00603	contig_1	621067	622386	+	ONMMKP_00757	1	cloud	0	0	2
LNHIMF_00604	contig_1	622519	623871	+	LNHIMF_00604	1	cloud	0	0	3
LNHIMF_00605	contig_1	623825	624784	+	LNHIMF_00605	1	cloud	0	0	2
LNHIMF_00606	contig_1	624800	626062	+	LNHIMF_00606	1	cloud	0	0	2
LNHIMF_00607	contig_1	626075	626524	+	ONMMKP_00753	1	cloud	0	0	3
LNHIMF_00608	contig_1	626542	627618	+	ONMMKP_00752	1	cloud	0	0	2
LNHIMF_00609	contig_1	627628	627807	+	ONMMKP_00751	1	cloud	0	0	2
LNHIMF_00610	contig_1	627859	628260	+	ONMMKP_00750	1	cloud	0	0	2
LNHIMF_00611	contig_1	628260	628439	+	LNHIMF_00611	1	cloud	0	0	2
LNHIMF_00612	contig_1	628432	628794	+	ONMMKP_00748	1	cloud	0	0	3
LNHIMF_00613	contig_1	628882	629319	+	LNHIMF_00613	1	cloud	0	0	2
LNHIMF_00614	contig_1	629316	629702	+	ONMMKP_00746	1	cloud	0	0	3
LNHIMF_00615	contig_1	629720	630460	+	ONMMKP_00745	1	cloud	0	0	2
LNHIMF_00616	contig_1	630505	631158	+	ONMMKP_00744	1	cloud	0	0	2
LNHIMF_00617	contig_1	631380	632108	+	ONMMKP_00743	1	cloud	0	0	3
LNHIMF_00618	contig_1	632130	632354	-	LNHIMF_00618	1	cloud	0	0	2
LNHIMF_00619	contig_1	632422	632679	+	LNHIMF_00619	1	cloud	0	0	2
LNHIMF_00620	contig_1	632700	633026	-	LNHIMF_00620	1	cloud	0	0	4
LNHIMF_00621	contig_1	633137	633310	+	LNHIMF_00621	1	cloud	0	0	2
LNHIMF_00622	contig_1	633300	634022	+	LNHIMF_00622	1	cloud	0	0	2
LNHIMF_00624	contig_1	634102	634890	+	ONMMKP_00738	1	cloud	0	0	4
LNHIMF_00625	contig_1	634890	635162	+	LNHIMF_00625	1	cloud	0	0	2
LNHIMF_00626	contig_1	635745	636041	+	LNHIMF_00626	1	cloud	0	0	2
LNHIMF_00627	contig_1	636124	636477	+	LNHIMF_00627	1	cloud	0	0	2
LNHIMF_00628	contig_1	636599	637453	-	LNHIMF_00628	1	cloud	0	0	2
LNHIMF_00630	contig_1	637763	638176	+	LNHIMF_00630	1	cloud	0	0	2
LNHIMF_00631	contig_1	638191	638487	+	LNHIMF_00631	1	cloud	0	0	2
LNHIMF_00632	contig_1	638552	641722	+	LNHIMF_00632	1	cloud	0	0	2
LNHIMF_00633	contig_1	641747	641986	-	LNHIMF_00633	1	cloud	0	0	2
LNHIMF_00634	contig_1	642072	642419	+	ONMMKP_00733	1	cloud	0	0	4
LNHIMF_00635	contig_1	642455	643159	+	ONMMKP_00730	1	cloud	0	0	3
LNHIMF_00636	contig_1	643159	643878	+	ONMMKP_00729	1	cloud	0	0	2
LNHIMF_00637	contig_1	643821	644348	+	ONMMKP_00728	1	cloud	0	0	3
LNHIMF_00638	contig_1	644358	647537	+	ONMMKP_00726	1	cloud	0	0	3
LNHIMF_00639	contig_1	647546	648505	+	ONMMKP_00725	1	cloud	0	0	3
LNHIMF_00640	contig_1	648516	649652	+	LNHIMF_00640	1	cloud	0	0	2
LNHIMF_00642	contig_1	650260	651447	+	LNHIMF_00642	1	cloud	0	0	2
LNHIMF_00643	contig_1	651444	651665	-	LNHIMF_00643	1	cloud	0	0	2
LNHIMF_00644	contig_1	651788	652093	+	LNHIMF_00644	1	cloud	0	0	2
LNHIMF_00645	contig_1	652090	652524	+	LNHIMF_00645	1	cloud	0	0	2
LNHIMF_00646	contig_1	652744	652941	+	LNHIMF_00646	1	cloud	0	0	2
LNHIMF_00647	contig_1	653043	653639	+	LNHIMF_00647	1	cloud	0	0	2
LNHIMF_00648	contig_1	653719	654051	-	LNHIMF_00648	1	cloud	0	0	2
LNHIMF_00649	contig_1	654245	654532	+	LNHIMF_00649	1	cloud	0	0	2
LNHIMF_00650	contig_1	654525	654686	+	LNHIMF_00650	1	cloud	0	0	2
LNHIMF_00651	contig_1	654679	655077	+	LNHIMF_00651	1	cloud	0	0	2
LNHIMF_00652	contig_1	655070	655240	+	LNHIMF_00652	1	cloud	0	0	2
LNHIMF_00653	contig_1	655233	655460	+	LNHIMF_00653	1	cloud	0	0	2
LNHIMF_00654	contig_1	655441	655761	+	LNHIMF_00654	1	cloud	0	0	2
LNHIMF_00655	contig_1	655772	656566	+	LNHIMF_00655	1	cloud	0	0	2
LNHIMF_00656	contig_1	656563	656868	+	LNHIMF_00656	1	cloud	0	0	2
LNHIMF_00657	contig_1	656958	657341	+	LNHIMF_00657	1	cloud	0	0	2
LNHIMF_00658	contig_1	657334	657981	+	LNHIMF_00658	1	cloud	0	0	2
LNHIMF_00659	contig_1	657991	660132	+	LNHIMF_00659	1	cloud	0	0	2
LNHIMF_00660	contig_1	660129	660524	+	LNHIMF_00660	1	cloud	0	0	2
LNHIMF_00661	contig_1	660568	661482	+	LNHIMF_00661	1	cloud	0	0	2
LNHIMF_00662	contig_1	661576	662379	+	LNHIMF_00662	1	cloud	0	0	2
LNHIMF_00663	contig_1	662495	662899	-	LNHIMF_00663	1	cloud	0	0	2
LNHIMF_00667	contig_1	664209	664547	+	LNHIMF_00667	1	cloud	0	0	3
LNHIMF_00668	contig_1	664550	665164	+	LNHIMF_04297	2	cloud	0	1	5
LNHIMF_00669	contig_1	665161	665697	+	AJBGEP_01965	1	shell	0	2	5
LNHIMF_00670	contig_1	665694	665945	+	LNHIMF_00670	1	cloud	0	1	1
LNHIMF_00671	contig_1	666021	666554	+	LNHIMF_00671	1	cloud	0	0	2
LNHIMF_00672	contig_1	667212	667709	+	LNHIMF_00672	1	cloud	0	0	2
LNHIMF_00673	contig_1	667696	669810	+	ALJMDI_01336	1	cloud	0	1	2
LNHIMF_00674	contig_1	669807	670013	+	ALJMDI_01337	1	cloud	0	0	2
LNHIMF_00675	contig_1	670010	671545	+	ALJMDI_01338	1	cloud	0	0	2
LNHIMF_00676	contig_1	671508	673577	+	ALJMDI_01339	1	cloud	0	0	2
LNHIMF_00677	contig_1	673666	673989	+	ALJMDI_01340	1	cloud	0	0	2
LNHIMF_00678	contig_1	674015	674257	+	ALJMDI_01341	1	cloud	0	0	2
LNHIMF_00679	contig_1	674261	674845	+	ALJMDI_01342	1	cloud	0	1	1
LNHIMF_00680	contig_1	674842	675243	+	LNHIMF_00680	1	shell	0	3	2
LNHIMF_00681	contig_1	675254	675997	+	LNHIMF_00681	1	shell	0	2	0
LNHIMF_00682	contig_1	676048	676443	+	LNHIMF_00682	1	shell	0	2	0
LNHIMF_00683	contig_1	676464	676778	+	LNHIMF_00683	1	shell	0	2	0
LNHIMF_00684	contig_1	676750	679845	+	LNHIMF_00684	1	shell	0	4	0
LNHIMF_00685	contig_1	679848	680177	+	LNHIMF_00685	1	shell	0	2	0
LNHIMF_00686	contig_1	680187	680885	+	AJBGEP_01299	1	shell	0	2	1
LNHIMF_00687	contig_1	680877	681482	-	LNHIMF_00687	1	cloud	0	2	0
LNHIMF_00688	contig_1	681527	682174	+	AJBGEP_01301	1	shell	0	2	2
LNHIMF_00689	contig_1	682236	685598	+	LNHIMF_00689	1	shell	0	2	0
LNHIMF_00690	contig_1	685637	685879	+	LNHIMF_00690	1	shell	0	3	1
LNHIMF_00691	contig_1	685933	688611	+	LNHIMF_00691	1	cloud	0	2	1
LNHIMF_00693	contig_1	688626	689144	+	OEKLIE_02528	1	cloud	0	0	5
LNHIMF_00694	contig_1	689411	689641	+	LNHIMF_00694	1	cloud	0	0	2
LNHIMF_00695	contig_1	689716	689871	-	LNHIMF_00695	1	cloud	0	0	2
LNHIMF_00696	contig_1	689969	690739	-	LNHIMF_00696	1	cloud	0	1	1
LNHIMF_00697	contig_1	691458	692129	-	OEKLIE_02525	1	shell	2	2	5
LNHIMF_00699	contig_1	692429	693127	-	LNHIMF_00699	1	cloud	0	1	1
LNHIMF_00700	contig_1	693213	693533	+	LNHIMF_00700	1	cloud	0	0	2
LNHIMF_00701	contig_1	693578	694867	+	LNHIMF_00701	1	cloud	0	0	2
LNHIMF_00702	contig_1	694880	695305	+	LNHIMF_00702	1	cloud	0	0	2
LNHIMF_00703	contig_1	695225	695476	-	LNHIMF_00703	1	cloud	0	0	2
LNHIMF_00704	contig_1	695659	695892	-	LNHIMF_00704	1	cloud	0	0	2
LNHIMF_00705	contig_1	696637	696903	+	PAPNPA_02579	1	cloud	1	0	3
LNHIMF_00707	contig_1	697268	697735	+	PAPNPA_02581	2	cloud	1	0	9
LNHIMF_00708	contig_1	697905	699362	-	LNHIMF_00708	1	cloud	1	0	1
LNHIMF_00709	contig_1	699364	700284	-	BEJGEH_04267	1	persistent	1	3	6
LNHIMF_00710	contig_1	700281	700643	-	GEGEGB_02428	1	persistent	3	3	2
LNHIMF_00712	contig_1	701068	701313	-	GEGEGB_02426	1	cloud	1	1	3
LNHIMF_00713	contig_1	701513	701935	-	PAPNPA_02587	1	cloud	0	0	2
LNHIMF_00714	contig_1	701966	702157	+	PAPNPA_02588	1	cloud	1	0	2
LNHIMF_00715	contig_1	702208	703062	-	BEJGEH_00577	1	persistent	1	1	2
LNHIMF_00716	contig_1	703278	704603	+	LNHIMF_00716	1	persistent	2	0	0
LNHIMF_00717	contig_1	704759	704995	+	GEGEGB_02422	1	persistent	2	0	0
LNHIMF_00718	contig_1	705008	705568	+	GEGEGB_02421	1	persistent	2	0	0
LNHIMF_00719	contig_1	705663	706838	-	LNHIMF_00719	1	persistent	2	0	0
LNHIMF_00720	contig_1	707164	708558	+	LNHIMF_00720	1	persistent	2	0	0
LNHIMF_00721	contig_1	708600	709847	-	GEGEGB_02417	1	persistent	2	0	1
LNHIMF_00722	contig_1	710158	711912	+	AJBGEP_00592	1	persistent	3	1	1
LNHIMF_00724	contig_1	712338	712679	+	LNHIMF_00724	1	persistent	3	0	0
LNHIMF_00725	contig_1	712685	712933	-	GEGEGB_02410	1	persistent	2	0	0
LNHIMF_00726	contig_1	713000	714118	-	LNHIMF_00726	1	persistent	2	0	0
LNHIMF_00727	contig_1	714130	714834	-	BENMGJ_04249	1	persistent	2	0	0
LNHIMF_00728	contig_1	714882	717137	-	LNHIMF_00728	1	persistent	2	0	0
LNHIMF_00729	contig_1	717326	718540	+	BEJGEH_00594	1	persistent	2	0	0
LNHIMF_00730	contig_1	718571	718789	+	LNHIMF_00730	1	persistent	2	0	0
LNHIMF_00731	contig_1	718786	722670	+	LNHIMF_00731	1	persistent	2	0	0
LNHIMF_00732	contig_1	722920	724056	+	HFCAGB_00677	1	persistent	2	0	0
LNHIMF_00733	contig_1	724110	724904	-	GEGEGB_02401	1	persistent	2	0	0
LNHIMF_00734	contig_1	724901	725890	-	GEGEGB_02400	1	persistent	2	0	0
LNHIMF_00735	contig_1	725890	726897	-	GEGEGB_02399	1	persistent	2	0	0
LNHIMF_00736	contig_1	727008	728252	+	GEGEGB_02398	1	persistent	2	0	0
LNHIMF_00737	contig_1	728315	729271	-	LNHIMF_00737	1	persistent	2	0	0
LNHIMF_00738	contig_1	729580	730755	+	GEGEGB_02396	1	persistent	2	0	0
LNHIMF_00739	contig_1	730765	732375	+	LNHIMF_00739	1	persistent	2	0	0
LNHIMF_00740	contig_1	732389	733246	+	GEGEGB_02394	1	persistent	2	0	0
LNHIMF_00741	contig_1	733246	734001	+	HFCAGB_00686	1	persistent	2	0	0
LNHIMF_00742	contig_1	734004	734417	+	GEGEGB_02392	1	persistent	2	0	0
LNHIMF_00743	contig_1	734599	736704	+	LNHIMF_00743	1	persistent	2	0	0
LNHIMF_00744	contig_1	736768	736965	+	GEGEGB_02390	1	persistent	2	0	0
LNHIMF_00745	contig_1	737001	738089	-	LNHIMF_00745	1	persistent	2	0	0
LNHIMF_00746	contig_1	738216	739376	+	LNHIMF_00746	1	persistent	2	0	0
LNHIMF_00747	contig_1	739377	739994	-	BEJGEH_00612	1	persistent	2	0	0
LNHIMF_00748	contig_1	739967	741202	-	LNHIMF_00748	1	persistent	2	0	0
LNHIMF_00749	contig_1	741365	742270	-	LNHIMF_00749	1	persistent	2	0	0
LNHIMF_00750	contig_1	742587	743333	-	LNHIMF_00750	1	persistent	2	0	0
LNHIMF_00752	contig_1	743774	744337	+	GEGEGB_02382	1	persistent	2	0	0
LNHIMF_00753	contig_1	744579	746144	+	LNHIMF_00753	1	persistent	2	1	0
LNHIMF_00754	contig_1	746477	747037	+	BEJGEH_00619	1	persistent	2	1	0
LNHIMF_00755	contig_1	747030	749309	+	LNHIMF_00755	1	persistent	2	0	1
LNHIMF_00756	contig_1	749306	749863	+	LNHIMF_00756	1	persistent	2	0	0
LNHIMF_00757	contig_1	749863	750630	+	GEGEGB_02375	1	persistent	2	0	1
LNHIMF_00758	contig_1	750698	751126	-	GEGEGB_02374	1	persistent	2	0	0
LNHIMF_00759	contig_1	751348	752586	+	LNHIMF_00759	1	persistent	2	0	0
LNHIMF_00760	contig_1	752669	753079	-	GEGEGB_02372	1	persistent	2	0	0
LNHIMF_00761	contig_1	753314	754120	-	LNHIMF_00761	1	persistent	2	0	0
LNHIMF_00762	contig_1	754230	755693	-	LNHIMF_00762	1	persistent	2	0	0
LNHIMF_00763	contig_1	755731	756627	-	GEGEGB_02369	1	persistent	2	0	0
LNHIMF_00764	contig_1	756599	757150	-	BEJGEH_00629	1	persistent	2	0	0
LNHIMF_00765	contig_1	757154	758683	-	LNHIMF_00765	1	persistent	2	0	0
LNHIMF_00766	contig_1	758693	759601	-	LNHIMF_00766	1	persistent	2	0	0
LNHIMF_00767	contig_1	759598	759894	-	GEGEGB_02365	1	persistent	2	0	0
LNHIMF_00768	contig_1	759891	760967	-	LNHIMF_00768	1	persistent	2	0	1
LNHIMF_00769	contig_1	761073	761171	+	LNHIMF_00769	1	cloud	2	0	0
LNHIMF_00770	contig_1	761353	763014	+	GEGEGB_02363	1	persistent	2	0	2
LNHIMF_00771	contig_1	762983	763663	+	GEGEGB_02362	1	persistent	2	0	0
LNHIMF_00772	contig_1	763717	765102	-	GEGEGB_02361	1	persistent	2	0	1
LNHIMF_00773	contig_1	765481	766053	+	LNHIMF_00773	1	persistent	2	0	0
LNHIMF_00774	contig_1	766241	766450	+	GEGEGB_01108	2	persistent	4	0	0
LNHIMF_00775	contig_1	766508	766891	-	GEGEGB_02358	1	persistent	2	0	0
LNHIMF_00776	contig_1	766982	767770	+	HFCAGB_00724	1	persistent	2	0	0
LNHIMF_00777	contig_1	767899	768102	+	GEGEGB_02356	1	persistent	2	0	0
LNHIMF_00778	contig_1	768188	769153	-	GEGEGB_02355	1	persistent	2	0	0
LNHIMF_00779	contig_1	769359	770312	-	GEGEGB_02354	1	persistent	2	0	0
LNHIMF_00780	contig_1	770614	771255	-	GEGEGB_02353	1	persistent	2	0	0
LNHIMF_00781	contig_1	771355	771618	-	GEGEGB_02352	1	persistent	2	0	0
LNHIMF_00782	contig_1	771727	772938	-	LNHIMF_00782	1	persistent	2	0	0
LNHIMF_00783	contig_1	773078	774211	-	AJBGEP_00662	1	persistent	2	0	0
LNHIMF_00784	contig_1	774222	775334	-	GEGEGB_02349	1	persistent	2	0	0
LNHIMF_00785	contig_1	775337	777238	-	LNHIMF_00785	1	persistent	2	0	0
LNHIMF_00786	contig_1	777269	777736	-	GEGEGB_02347	1	persistent	2	0	0
LNHIMF_00787	contig_1	777740	778057	-	GEGEGB_02346	1	persistent	2	0	0
LNHIMF_00788	contig_1	778385	778993	-	GEGEGB_02345	1	persistent	2	0	0
LNHIMF_00789	contig_1	779090	780184	+	LNHIMF_00789	1	persistent	2	0	0
LNHIMF_00790	contig_1	780159	780809	-	LNHIMF_00790	1	persistent	2	0	0
LNHIMF_00791	contig_1	780802	781833	-	GEGEGB_02342	1	persistent	2	0	0
LNHIMF_00792	contig_1	781833	782423	-	GEGEGB_02341	1	persistent	2	0	0
LNHIMF_00793	contig_1	782438	785020	-	LNHIMF_00793	1	persistent	2	0	0
LNHIMF_00794	contig_1	785308	785598	+	GEGEGB_02339	1	persistent	2	0	0
LNHIMF_00795	contig_1	785621	786787	+	BEJGEH_00660	1	persistent	2	0	0
LNHIMF_00796	contig_1	786837	787790	+	LNHIMF_00796	1	persistent	2	0	0
LNHIMF_00797	contig_1	787858	789786	+	LNHIMF_00797	1	persistent	2	0	0
LNHIMF_00798	contig_1	789879	790352	+	GEGEGB_02335	1	persistent	3	1	1
LNHIMF_00799	contig_1	790438	791373	-	GEGEGB_02333	1	persistent	3	0	0
LNHIMF_00800	contig_1	791490	792215	-	GEGEGB_02332	1	persistent	2	0	0
LNHIMF_00801	contig_1	792215	792889	-	GEGEGB_02331	1	persistent	2	0	0
LNHIMF_00802	contig_1	792889	793629	-	GEGEGB_02330	1	persistent	2	0	0
LNHIMF_00804	contig_1	793789	794697	-	LNHIMF_00804	1	persistent	2	0	0
LNHIMF_00805	contig_1	795052	796641	-	LNHIMF_00805	1	persistent	2	0	0
LNHIMF_00806	contig_1	796610	797488	-	GEGEGB_02326	1	persistent	2	0	0
LNHIMF_00807	contig_1	797646	798119	-	GEGEGB_02325	1	persistent	2	0	0
LNHIMF_00808	contig_1	798116	799162	-	GEGEGB_02324	1	persistent	2	0	0
LNHIMF_00809	contig_1	799367	800791	-	GEGEGB_02323	1	persistent	2	0	0
LNHIMF_00810	contig_1	800935	802110	+	GEGEGB_02322	1	persistent	2	2	0
LNHIMF_00818	contig_1	803137	803820	-	LNHIMF_00818	2	shell	12	5	5
LNHIMF_00819	contig_1	803991	804392	-	LNHIMF_00819	2	shell	12	3	3
LNHIMF_00820	contig_1	804490	806154	-	GEGEGB_02315	1	persistent	2	2	0
LNHIMF_00821	contig_1	806444	807196	-	GEGEGB_02314	1	persistent	2	0	1
LNHIMF_00822	contig_1	807243	808463	-	GEGEGB_02313	1	persistent	2	0	0
LNHIMF_00823	contig_1	808468	809682	-	LNHIMF_00823	1	persistent	2	0	0
LNHIMF_00824	contig_1	809682	810482	-	GEGEGB_02311	1	persistent	2	0	0
LNHIMF_00825	contig_1	810809	812761	+	LNHIMF_00825	1	persistent	2	0	0
LNHIMF_00826	contig_1	812972	814639	+	ALJMDI_00783	1	persistent	2	0	0
LNHIMF_00827	contig_1	815300	816706	+	GEGEGB_02308	1	persistent	2	0	0
LNHIMF_00828	contig_1	816756	817088	+	GEGEGB_02307	1	persistent	2	0	0
LNHIMF_00829	contig_1	817137	818441	-	GEGEGB_02306	1	persistent	2	0	0
LNHIMF_00830	contig_1	818492	819631	-	BEJGEH_00703	1	persistent	2	0	0
LNHIMF_00831	contig_1	819618	821021	-	GEGEGB_02304	1	persistent	2	0	0
LNHIMF_00832	contig_1	821119	822045	-	LNHIMF_00832	1	persistent	2	0	0
LNHIMF_00833	contig_1	822160	822612	-	GEGEGB_02302	1	persistent	2	0	1
LNHIMF_00834	contig_1	822711	822860	+	LNHIMF_00834	1	cloud	2	0	0
LNHIMF_00835	contig_1	822894	823424	-	LNHIMF_00835	1	persistent	2	0	1
LNHIMF_00836	contig_1	823575	823868	-	GEGEGB_02300	1	persistent	2	0	0
LNHIMF_00837	contig_1	824002	824772	-	LNHIMF_00837	1	persistent	2	0	0
LNHIMF_00838	contig_1	824957	825499	+	GEGEGB_02298	1	persistent	2	0	0
LNHIMF_00839	contig_1	825524	827164	+	GEGEGB_02297	1	persistent	2	0	0
LNHIMF_00840	contig_1	827279	827764	-	GEGEGB_02296	1	persistent	2	0	0
LNHIMF_00841	contig_1	827829	829148	-	GEGEGB_02295	1	persistent	2	0	0
LNHIMF_00842	contig_1	829145	831343	-	LNHIMF_00842	1	persistent	3	0	2
LNHIMF_00843	contig_1	831724	831828	-	LNHIMF_00843	1	persistent	2	0	0
LNHIMF_00844	contig_1	832106	832783	-	LNHIMF_00844	1	persistent	3	0	1
LNHIMF_00845	contig_1	832780	835497	-	LNHIMF_00845	1	persistent	2	0	0
LNHIMF_00846	contig_1	835494	836078	-	LNHIMF_00846	1	persistent	2	0	0
LNHIMF_00847	contig_1	836087	838135	-	GEGEGB_02287	1	persistent	2	0	0
LNHIMF_00848	contig_1	838156	839835	-	GEGEGB_02286	1	persistent	2	0	0
LNHIMF_00849	contig_1	840261	840467	+	GEGEGB_02285	1	persistent	2	0	0
LNHIMF_00850	contig_1	840578	841999	+	LNHIMF_00850	1	persistent	2	0	0
LNHIMF_00851	contig_1	842038	843519	-	GEGEGB_02283	1	persistent	2	0	0
LNHIMF_00852	contig_1	843848	844591	+	GEGEGB_02282	1	persistent	2	0	0
LNHIMF_00853	contig_1	844607	845263	+	GEGEGB_02281	1	persistent	2	0	0
LNHIMF_00854	contig_1	845257	846189	+	LNHIMF_00854	1	persistent	2	0	0
LNHIMF_00855	contig_1	846179	846913	+	GEGEGB_02279	1	persistent	2	1	0
LNHIMF_00856	contig_1	847428	847994	+	GEGEGB_02278	1	shell	1	1	0
LNHIMF_00857	contig_1	848568	848789	+	GEGEGB_02277	1	shell	0	2	0
LNHIMF_00858	contig_1	848791	849531	+	GEGEGB_02276	1	shell	0	2	0
LNHIMF_00859	contig_1	849817	850968	+	LNHIMF_00859	1	shell	0	2	0
LNHIMF_00860	contig_1	850968	851861	+	LNHIMF_00860	1	shell	0	2	0
LNHIMF_00861	contig_1	851874	853007	+	GEGEGB_02273	1	shell	0	3	0
LNHIMF_00862	contig_1	853136	853906	+	LNHIMF_00862	1	shell	0	2	0
LNHIMF_00863	contig_1	853910	854620	+	LNHIMF_00863	1	shell	0	3	0
LNHIMF_00864	contig_1	854714	856492	+	LNHIMF_00864	1	shell	0	2	0
LNHIMF_00865	contig_1	856685	857467	+	LNHIMF_00865	1	shell	0	2	0
LNHIMF_00866	contig_1	857471	859420	+	AJBGEP_00750	1	shell	0	2	0
LNHIMF_00867	contig_1	859488	859625	+	ALJMDI_01073	1	shell	1	1	0
LNHIMF_00868	contig_1	859674	860465	+	BEJGEH_00728	1	persistent	2	1	0
LNHIMF_00869	contig_1	860520	861566	-	GEGEGB_02263	1	persistent	2	0	0
LNHIMF_00870	contig_1	861703	862986	-	LNHIMF_00870	1	persistent	2	1	0
LNHIMF_00871	contig_1	863726	864130	+	GEGEGB_02261	1	persistent	2	1	0
LNHIMF_00872	contig_1	864124	864471	+	GEGEGB_02260	1	persistent	2	0	0
LNHIMF_00873	contig_1	864471	866237	+	LNHIMF_00873	1	persistent	2	0	0
LNHIMF_00874	contig_1	866254	866970	+	LNHIMF_00874	1	persistent	2	0	0
LNHIMF_00875	contig_1	867494	870295	+	GEGEGB_02257	1	persistent	2	0	0
LNHIMF_00876	contig_1	870310	871518	+	GEGEGB_02256	1	persistent	2	0	0
LNHIMF_00877	contig_1	871660	872826	+	GEGEGB_02255	1	persistent	2	0	0
LNHIMF_00878	contig_1	872826	873695	+	LNHIMF_00878	1	persistent	2	0	0
LNHIMF_00879	contig_1	873725	873850	+	LNHIMF_00879	1	persistent	2	0	0
LNHIMF_00880	contig_1	875277	876845	+	LNHIMF_00880	1	persistent	2	0	0
LNHIMF_00881	contig_1	876861	878000	+	GEGEGB_02251	1	persistent	2	0	0
LNHIMF_00882	contig_1	878015	878128	+	GEGEGB_02250	1	persistent	2	0	0
LNHIMF_00883	contig_1	878128	878421	+	LNHIMF_00883	1	persistent	2	0	0
LNHIMF_00884	contig_1	878650	879054	+	LNHIMF_00884	1	persistent	2	0	0
LNHIMF_00885	contig_1	879051	879743	+	GEGEGB_02247	1	persistent	2	0	0
LNHIMF_00886	contig_1	879747	880175	+	GEGEGB_02246	1	persistent	2	0	1
LNHIMF_00887	contig_1	880240	881271	+	LNHIMF_00887	1	cloud	3	0	0
LNHIMF_00888	contig_1	881322	881411	+	ODDLKH_01241	1	persistent	2	0	1
LNHIMF_00889	contig_1	881535	882827	+	LNHIMF_00889	1	persistent	2	0	1
LNHIMF_00890	contig_1	882862	883386	+	GEGEGB_02243	1	persistent	2	0	0
LNHIMF_00891	contig_1	883396	884184	+	GEGEGB_02242	1	persistent	2	0	0
LNHIMF_00897	contig_1	885802	886845	+	LNHIMF_00897	1	persistent	2	0	0
LNHIMF_00898	contig_1	886870	887589	+	LNHIMF_00898	1	persistent	2	0	0
LNHIMF_00899	contig_1	887586	888524	-	LNHIMF_00899	1	persistent	2	0	0
LNHIMF_00900	contig_1	888635	889021	-	GEGEGB_02235	1	persistent	2	0	0
LNHIMF_00901	contig_1	889341	890393	+	GEGEGB_02234	1	persistent	2	1	0
LNHIMF_00902	contig_1	890547	891626	+	GEGEGB_02233	1	persistent	3	0	0
LNHIMF_00903	contig_1	891626	892402	+	BEJGEH_00772	1	persistent	2	0	0
LNHIMF_00904	contig_1	892493	893245	-	GEGEGB_02231	1	persistent	2	0	0
LNHIMF_00905	contig_1	893469	894509	-	LNHIMF_00905	1	persistent	2	0	0
LNHIMF_00906	contig_1	894503	895651	-	GEGEGB_02229	1	persistent	2	0	0
LNHIMF_00907	contig_1	895654	896700	-	LNHIMF_00907	1	persistent	2	0	0
LNHIMF_00908	contig_1	896711	897727	-	GEGEGB_02227	1	persistent	2	0	0
LNHIMF_00909	contig_1	897950	898858	-	LNHIMF_00909	1	persistent	2	0	0
LNHIMF_00910	contig_1	899029	900504	-	LNHIMF_00910	1	persistent	2	0	0
LNHIMF_00911	contig_1	900572	901360	-	GEGEGB_02224	1	persistent	2	0	1
LNHIMF_00912	contig_1	901489	901638	+	GEGEGB_02223	1	persistent	2	0	0
LNHIMF_00913	contig_1	901805	902578	+	LNHIMF_00913	1	persistent	2	0	1
LNHIMF_00914	contig_1	902578	903267	+	GEGEGB_02221	1	persistent	2	0	0
LNHIMF_00915	contig_1	903270	904328	+	LNHIMF_00915	1	persistent	2	0	0
LNHIMF_00916	contig_1	904329	905147	-	LNHIMF_00916	1	persistent	2	0	3
LNHIMF_00917	contig_1	905311	906306	+	LNHIMF_00917	1	persistent	2	0	1
LNHIMF_00918	contig_1	906450	907733	-	GEGEGB_02217	1	persistent	2	0	0
LNHIMF_00919	contig_1	908025	909194	+	LNHIMF_00919	1	persistent	2	0	0
LNHIMF_00920	contig_1	909191	910132	+	LNHIMF_00920	1	persistent	2	0	0
LNHIMF_00921	contig_1	910177	910902	+	GEGEGB_02214	1	persistent	2	0	0
LNHIMF_00922	contig_1	911099	912784	+	LNHIMF_00922	1	persistent	2	0	0
LNHIMF_00923	contig_1	912786	914306	+	LNHIMF_00923	1	persistent	2	0	0
LNHIMF_00924	contig_1	914391	914867	-	GEGEGB_02211	1	persistent	2	0	0
LNHIMF_00925	contig_1	914925	916214	-	GEGEGB_02210	1	persistent	2	0	0
LNHIMF_00926	contig_1	916301	917341	+	GEGEGB_02209	1	persistent	2	0	0
LNHIMF_00927	contig_1	917338	918495	+	GEGEGB_02208	1	persistent	2	0	0
LNHIMF_00928	contig_1	918479	919234	+	LNHIMF_00928	1	persistent	2	0	0
LNHIMF_00929	contig_1	919227	919913	+	GEGEGB_02206	1	persistent	2	0	0
LNHIMF_00930	contig_1	920564	922585	+	LNHIMF_00930	1	persistent	2	0	0
LNHIMF_00931	contig_1	923074	925341	+	AJBGEP_00824	1	persistent	2	0	0
LNHIMF_00932	contig_1	925433	926341	-	GEGEGB_02202	1	persistent	2	0	0
LNHIMF_00933	contig_1	926705	927727	+	GEGEGB_02201	1	persistent	2	0	0
LNHIMF_00934	contig_1	927749	928261	+	GEGEGB_02200	1	persistent	2	0	0
LNHIMF_00935	contig_1	928306	928749	+	LNHIMF_00935	1	persistent	2	0	0
LNHIMF_00936	contig_1	928742	928987	+	LNHIMF_00936	1	persistent	2	0	0
LNHIMF_00937	contig_1	928989	929441	+	GEGEGB_02197	1	persistent	2	0	1
LNHIMF_00938	contig_1	929489	930193	+	LNHIMF_00938	1	persistent	2	0	4
LNHIMF_00939	contig_1	930525	931046	+	GEGEGB_02194	1	persistent	2	2	2
LNHIMF_00940	contig_1	931235	931477	+	BEJGEH_00810	1	persistent	2	1	1
LNHIMF_00941	contig_1	931480	932442	-	GEGEGB_02192	1	persistent	2	0	1
LNHIMF_00942	contig_1	932442	933683	-	GEGEGB_02191	1	persistent	2	0	0
LNHIMF_00943	contig_1	933680	934438	-	LNHIMF_00943	1	persistent	2	0	0
LNHIMF_00944	contig_1	934571	934981	+	GEGEGB_02189	1	persistent	2	0	0
LNHIMF_00945	contig_1	934943	936049	-	GEGEGB_02188	1	persistent	2	0	0
LNHIMF_00946	contig_1	936149	937279	-	GEGEGB_02187	1	persistent	2	0	0
LNHIMF_00947	contig_1	937272	939008	-	LNHIMF_00947	1	persistent	2	0	0
LNHIMF_00948	contig_1	939001	939996	-	GEGEGB_02185	1	persistent	2	0	0
LNHIMF_00949	contig_1	939996	940670	-	LNHIMF_00949	1	persistent	2	0	1
LNHIMF_00950	contig_1	940900	942261	+	GEGEGB_02183	1	persistent	3	0	1
LNHIMF_00951	contig_1	942469	944613	+	LNHIMF_00951	1	persistent	2	0	1
LNHIMF_00952	contig_1	944643	945617	+	BEJGEH_00823	1	persistent	2	1	0
LNHIMF_00953	contig_1	945773	946033	-	GEGEGB_02178	1	persistent	2	1	0
LNHIMF_00954	contig_1	946318	946584	-	GEGEGB_02177	1	persistent	2	0	1
LNHIMF_00955	contig_1	946789	947715	+	GEGEGB_02175	1	persistent	2	0	1
LNHIMF_00956	contig_1	947712	949934	-	LNHIMF_00956	1	persistent	2	0	0
LNHIMF_00957	contig_1	950053	950775	-	GEGEGB_02173	1	persistent	2	0	0
LNHIMF_00958	contig_1	950772	951431	-	GEGEGB_02172	1	persistent	2	0	0
LNHIMF_00959	contig_1	951577	952323	-	GEGEGB_02171	1	persistent	2	0	1
LNHIMF_00960	contig_1	952800	953303	-	GEGEGB_02170	1	persistent	2	0	1
LNHIMF_00961	contig_1	953606	954493	-	GEGEGB_02169	1	persistent	2	0	0
LNHIMF_00962	contig_1	954847	955362	+	GEGEGB_02168	1	persistent	2	0	1
LNHIMF_00963	contig_1	955425	957005	-	LNHIMF_00963	1	persistent	2	1	0
LNHIMF_00964	contig_1	957270	957398	-	GEGEGB_02163	1	persistent	2	0	0
LNHIMF_00965	contig_1	957584	958057	+	GEGEGB_02162	1	persistent	2	0	0
LNHIMF_00966	contig_1	958054	959088	+	GEGEGB_02161	1	persistent	2	0	0
LNHIMF_00967	contig_1	959210	960130	-	GEGEGB_02160	1	persistent	2	0	0
LNHIMF_00968	contig_1	960350	961945	+	GEGEGB_02159	1	persistent	2	1	0
LNHIMF_00969	contig_1	962067	963332	-	LNHIMF_00969	1	persistent	2	0	2
LNHIMF_00970	contig_1	963594	964403	+	GEGEGB_02157	1	persistent	2	1	3
LNHIMF_00971	contig_1	964481	966913	-	LNHIMF_00971	1	persistent	2	0	0
LNHIMF_00972	contig_1	966919	967818	-	GEGEGB_02155	1	persistent	2	0	0
LNHIMF_00973	contig_1	968096	968845	-	LNHIMF_00973	1	persistent	2	0	0
LNHIMF_00974	contig_1	968845	970080	-	LNHIMF_00974	1	persistent	2	0	0
LNHIMF_00975	contig_1	970284	971225	+	GEGEGB_02152	1	persistent	2	0	0
LNHIMF_00976	contig_1	971236	973107	+	GEGEGB_02151	1	persistent	2	0	0
LNHIMF_00977	contig_1	973140	974678	+	GEGEGB_02150	1	persistent	2	0	0
LNHIMF_00978	contig_1	974739	975659	+	GEGEGB_02149	1	persistent	2	0	0
LNHIMF_00979	contig_1	975662	976573	+	GEGEGB_02148	1	persistent	2	0	0
LNHIMF_00980	contig_1	976664	977989	-	LNHIMF_00980	1	persistent	2	0	0
LNHIMF_00981	contig_1	978220	978603	+	GEGEGB_02146	1	persistent	1	1	2
LNHIMF_00982	contig_1	979306	979821	+	LNHIMF_00982	1	shell	1	1	1
LNHIMF_00983	contig_1	979844	980593	+	LNHIMF_00983	1	shell	0	2	0
LNHIMF_00984	contig_1	980604	981557	+	AJBGEP_00883	1	shell	0	2	1
LNHIMF_00985	contig_1	981590	981853	+	ALJMDI_01197	1	cloud	0	2	0
LNHIMF_00986	contig_1	981850	983013	+	LNHIMF_00986	1	shell	0	3	1
LNHIMF_00987	contig_1	983038	983229	+	LNHIMF_00987	1	shell	0	2	0
LNHIMF_00988	contig_1	983462	985147	+	LNHIMF_00988	1	shell	0	3	0
LNHIMF_00989	contig_1	985153	986043	-	HFCAGB_00943	1	shell	0	2	0
LNHIMF_00990	contig_1	986308	986733	-	LNHIMF_00990	1	shell	0	2	1
LNHIMF_00991	contig_1	987080	987760	+	AJBGEP_00890	1	cloud	1	1	0
LNHIMF_00992	contig_1	987757	988383	-	GEGEGB_02144	1	persistent	1	1	2
LNHIMF_00993	contig_1	988759	989829	+	GEGEGB_02143	1	persistent	2	0	0
LNHIMF_00994	contig_1	989874	990632	-	GEGEGB_02142	1	persistent	2	0	0
LNHIMF_00995	contig_1	990704	991378	-	GEGEGB_02141	1	persistent	2	0	0
LNHIMF_00996	contig_1	991625	992857	+	GEGEGB_02140	1	persistent	2	0	0
LNHIMF_00997	contig_1	992911	993726	-	GEGEGB_02139	1	persistent	2	0	0
LNHIMF_00998	contig_1	993723	994934	-	LNHIMF_00998	1	persistent	2	0	0
LNHIMF_00999	contig_1	995102	995722	+	LNHIMF_00999	1	persistent	2	0	0
LNHIMF_01001	contig_1	995839	997524	-	GEGEGB_02135	1	persistent	2	0	0
LNHIMF_01002	contig_1	997795	998172	+	LNHIMF_01002	1	persistent	2	0	0
LNHIMF_01003	contig_1	998204	998467	-	GEGEGB_02133	1	persistent	2	0	0
LNHIMF_01004	contig_1	998637	998927	+	LNHIMF_01004	1	persistent	2	0	0
LNHIMF_01005	contig_1	998911	999633	+	BEJGEH_00869	1	persistent	2	0	0
LNHIMF_01006	contig_1	999691	1000593	+	GEGEGB_02130	1	persistent	2	0	0
LNHIMF_01007	contig_1	1000689	1001165	+	GEGEGB_02129	1	persistent	2	0	0
LNHIMF_01008	contig_1	1001511	1002626	+	LNHIMF_01008	1	persistent	2	0	0
LNHIMF_01009	contig_1	1002714	1003847	+	LNHIMF_01009	1	persistent	2	0	0
LNHIMF_01010	contig_1	1003857	1004810	+	LNHIMF_01010	1	persistent	2	0	0
LNHIMF_01011	contig_1	1004807	1005652	+	GEGEGB_02125	1	persistent	2	0	0
LNHIMF_01012	contig_1	1005798	1006199	+	GEGEGB_02124	1	persistent	2	0	0
LNHIMF_01013	contig_1	1006242	1007369	+	AJBGEP_00912	1	persistent	2	0	0
LNHIMF_01014	contig_1	1007664	1009007	+	BEJGEH_00878	1	persistent	2	0	0
LNHIMF_01015	contig_1	1009037	1009357	+	LNHIMF_01015	1	persistent	2	0	0
LNHIMF_01016	contig_1	1009367	1010854	+	LNHIMF_01016	1	persistent	2	0	0
LNHIMF_01017	contig_1	1011061	1011792	-	GEGEGB_02119	1	persistent	2	0	0
LNHIMF_01018	contig_1	1012029	1012697	-	GEGEGB_02118	1	persistent	2	0	0
LNHIMF_01019	contig_1	1012697	1013413	-	GEGEGB_02117	1	persistent	2	0	0
LNHIMF_01020	contig_1	1013420	1014151	-	LNHIMF_01020	1	persistent	2	0	0
LNHIMF_01021	contig_1	1014169	1014897	-	GEGEGB_02115	1	persistent	2	0	0
LNHIMF_01022	contig_1	1015126	1015641	-	GEGEGB_02114	1	persistent	2	0	0
LNHIMF_01023	contig_1	1015769	1016092	+	GEGEGB_02113	1	persistent	2	0	0
LNHIMF_01024	contig_1	1016089	1016919	+	GEGEGB_02112	1	persistent	2	0	0
LNHIMF_01025	contig_1	1016916	1017929	-	GEGEGB_02111	1	persistent	2	0	0
LNHIMF_01026	contig_1	1018025	1019458	-	LNHIMF_01026	1	persistent	2	0	0
LNHIMF_01027	contig_1	1019469	1020470	-	LNHIMF_01027	1	persistent	2	0	0
LNHIMF_01028	contig_1	1020509	1022227	-	GEGEGB_02108	1	persistent	2	0	0
LNHIMF_01029	contig_1	1022385	1023353	-	LNHIMF_01029	1	persistent	2	0	0
LNHIMF_01030	contig_1	1023365	1025017	-	LNHIMF_01030	1	persistent	2	0	0
LNHIMF_01031	contig_1	1025161	1026060	-	GEGEGB_02105	1	persistent	2	0	0
LNHIMF_01032	contig_1	1026261	1027919	+	LNHIMF_01032	1	persistent	2	0	0
LNHIMF_01033	contig_1	1027916	1028866	-	LNHIMF_01033	1	persistent	2	0	0
LNHIMF_01034	contig_1	1029012	1030130	+	GEGEGB_02102	1	persistent	2	0	0
LNHIMF_01035	contig_1	1030127	1032073	+	GEGEGB_02101	1	persistent	2	0	0
LNHIMF_01036	contig_1	1032203	1032424	-	GEGEGB_02100	1	persistent	2	0	0
LNHIMF_01037	contig_1	1032748	1033068	+	GEGEGB_02099	1	persistent	2	0	0
LNHIMF_01038	contig_1	1033099	1035375	+	LNHIMF_01038	1	persistent	2	4	1
LNHIMF_01040	contig_1	1036166	1036843	-	GEGEGB_03971	2	persistent	5	2	3
LNHIMF_01041	contig_1	1036863	1037723	-	LNHIMF_01041	1	persistent	2	0	0
LNHIMF_01042	contig_1	1037832	1038743	+	GEGEGB_02092	1	persistent	2	0	0
LNHIMF_01043	contig_1	1038834	1039052	-	GEGEGB_02091	1	persistent	2	0	0
LNHIMF_01044	contig_1	1039364	1040068	-	GEGEGB_02090	1	persistent	2	0	0
LNHIMF_01045	contig_1	1040113	1041834	-	LNHIMF_01045	1	persistent	2	0	0
LNHIMF_01046	contig_1	1041835	1043601	-	GEGEGB_02088	1	persistent	2	0	0
LNHIMF_01047	contig_1	1043716	1044684	-	GEGEGB_02087	1	persistent	2	0	1
LNHIMF_01048	contig_1	1045231	1045725	+	LNHIMF_01048	1	persistent	2	0	0
LNHIMF_01049	contig_1	1045860	1049936	+	ONMMKP_01187	1	persistent	2	0	0
LNHIMF_01050	contig_1	1050079	1050690	+	LNHIMF_01050	1	persistent	2	0	0
LNHIMF_01051	contig_1	1050700	1052043	+	GEGEGB_02083	1	persistent	2	0	0
LNHIMF_01052	contig_1	1052302	1053594	+	GEGEGB_02082	1	persistent	2	0	0
LNHIMF_01054	contig_1	1053832	1056276	+	LNHIMF_01054	1	persistent	2	0	0
LNHIMF_01055	contig_1	1056287	1056904	+	GEGEGB_01496	2	persistent	4	0	0
LNHIMF_01056	contig_1	1056906	1057769	+	GEGEGB_02078	1	persistent	2	0	0
LNHIMF_01057	contig_1	1058119	1059267	+	LNHIMF_01057	1	persistent	2	0	0
LNHIMF_01058	contig_1	1059485	1060906	+	GEGEGB_02076	1	persistent	2	0	0
LNHIMF_01059	contig_1	1061198	1061995	-	GEGEGB_02075	1	persistent	3	0	1
LNHIMF_01060	contig_1	1062114	1062281	-	HFCAGB_01016	1	persistent	2	0	1
LNHIMF_01061	contig_1	1062571	1063530	+	LNHIMF_01061	1	persistent	3	0	1
LNHIMF_01062	contig_1	1063602	1065884	-	GEGEGB_02071	1	persistent	2	0	1
LNHIMF_01063	contig_1	1065944	1066801	-	GEGEGB_02070	1	persistent	2	0	0
LNHIMF_01064	contig_1	1067206	1069041	-	LNHIMF_01064	1	persistent	2	0	0
LNHIMF_01065	contig_1	1069103	1069795	+	LNHIMF_01065	1	persistent	2	0	0
LNHIMF_01066	contig_1	1069981	1071069	+	GEGEGB_02067	1	persistent	2	0	0
LNHIMF_01067	contig_1	1071140	1072423	+	GEGEGB_02066	1	persistent	2	0	0
LNHIMF_01068	contig_1	1072567	1073328	+	BEJGEH_00936	1	persistent	2	0	0
LNHIMF_01069	contig_1	1073501	1074184	+	GEGEGB_02064	1	persistent	2	0	0
LNHIMF_01070	contig_1	1074298	1075971	+	GEGEGB_02063	1	persistent	2	0	0
LNHIMF_01071	contig_1	1076127	1076411	+	GEGEGB_02062	1	persistent	2	1	0
LNHIMF_01072	contig_1	1076641	1078905	+	ALJMDI_01283	1	persistent	2	1	0
LNHIMF_01073	contig_1	1078942	1080690	+	GEGEGB_02060	1	persistent	2	0	0
LNHIMF_01074	contig_1	1080687	1081664	+	GEGEGB_02059	1	persistent	2	0	0
LNHIMF_01075	contig_1	1081708	1082940	+	HFCAGB_01031	1	persistent	2	0	0
LNHIMF_01076	contig_1	1082992	1083174	+	GEGEGB_02056	1	persistent	2	0	0
LNHIMF_01077	contig_1	1083171	1083917	+	GEGEGB_02055	1	persistent	2	0	0
LNHIMF_01078	contig_1	1084128	1085021	+	LNHIMF_01078	1	persistent	2	0	0
LNHIMF_01079	contig_1	1085001	1085777	-	GEGEGB_02053	1	persistent	2	0	0
LNHIMF_01080	contig_1	1085913	1086716	+	GEGEGB_02052	1	persistent	2	0	0
LNHIMF_01081	contig_1	1086709	1088031	+	GEGEGB_02051	1	persistent	2	0	0
LNHIMF_01082	contig_1	1088012	1088716	+	GEGEGB_02050	1	persistent	2	0	0
LNHIMF_01083	contig_1	1088716	1093182	+	GEGEGB_02049	1	persistent	2	0	0
LNHIMF_01084	contig_1	1093527	1095374	+	LNHIMF_01084	1	persistent	2	0	0
LNHIMF_01085	contig_1	1095634	1096182	+	GEGEGB_02047	1	persistent	2	0	0
LNHIMF_01086	contig_1	1096210	1096857	+	LNHIMF_01086	1	persistent	2	0	0
LNHIMF_01087	contig_1	1096919	1098109	-	GEGEGB_02045	1	persistent	2	0	0
LNHIMF_01088	contig_1	1098294	1099385	-	GEGEGB_02044	1	persistent	2	0	1
LNHIMF_01089	contig_1	1099991	1101391	-	GEGEGB_02043	1	persistent	3	0	1
LNHIMF_01090	contig_1	1101560	1102762	-	LNHIMF_01090	1	persistent	3	1	0
LNHIMF_01091	contig_1	1103029	1105641	+	LNHIMF_01091	1	persistent	2	1	2
LNHIMF_01092	contig_1	1105849	1106859	+	LNHIMF_01092	1	persistent	2	0	0
LNHIMF_01093	contig_1	1107025	1107567	+	GEGEGB_01971	1	persistent	2	0	0
LNHIMF_01094	contig_1	1107564	1108673	-	LNHIMF_01094	1	persistent	2	0	0
LNHIMF_01095	contig_1	1108772	1110880	+	LNHIMF_01095	1	persistent	2	0	0
LNHIMF_01096	contig_1	1110893	1112800	+	GEGEGB_01968	1	persistent	2	0	0
LNHIMF_01097	contig_1	1112815	1114068	+	GEGEGB_01967	1	persistent	2	0	0
LNHIMF_01098	contig_1	1114073	1115713	+	GEGEGB_01966	1	persistent	2	0	0
LNHIMF_01099	contig_1	1115710	1116273	+	GEGEGB_01965	1	persistent	2	0	0
LNHIMF_01100	contig_1	1116796	1117314	-	GEGEGB_01964	1	persistent	2	0	0
LNHIMF_01101	contig_1	1117383	1119143	-	GEGEGB_01963	1	persistent	2	0	1
LNHIMF_01102	contig_1	1119329	1119781	+	GEGEGB_01962	1	persistent	2	0	0
LNHIMF_01103	contig_1	1119853	1120905	-	GEGEGB_01961	1	persistent	2	0	0
LNHIMF_01104	contig_1	1121262	1121771	-	GEGEGB_01960	1	persistent	2	0	2
LNHIMF_01105	contig_1	1121988	1122593	+	LNHIMF_01105	1	persistent	2	0	1
LNHIMF_01106	contig_1	1122580	1124733	-	GEGEGB_01957	1	persistent	2	0	0
LNHIMF_01107	contig_1	1124752	1125195	-	GEGEGB_01956	1	persistent	2	0	0
LNHIMF_01108	contig_1	1125319	1127373	+	BEJGEH_00979	1	persistent	2	0	0
LNHIMF_01109	contig_1	1127430	1127888	-	GEGEGB_01954	1	persistent	2	0	0
LNHIMF_01110	contig_1	1127983	1128645	-	GEGEGB_01953	1	persistent	2	0	0
LNHIMF_01111	contig_1	1128819	1129232	+	GEGEGB_01952	1	persistent	2	0	0
LNHIMF_01112	contig_1	1129277	1129594	-	GEGEGB_01951	1	persistent	2	0	0
LNHIMF_01113	contig_1	1129652	1130863	-	LNHIMF_01113	1	persistent	2	0	1
LNHIMF_01114	contig_1	1131078	1131626	+	BEJGEH_00985	1	persistent	2	0	0
LNHIMF_01115	contig_1	1131643	1132431	+	LNHIMF_01115	1	persistent	2	1	2
LNHIMF_01116	contig_1	1132480	1132761	+	GEGEGB_01943	1	persistent	2	0	0
LNHIMF_01117	contig_1	1132758	1133087	-	GEGEGB_01942	1	persistent	2	0	0
LNHIMF_01118	contig_1	1133174	1133833	-	GEGEGB_01941	1	persistent	2	1	2
LNHIMF_01120	contig_1	1134490	1134603	+	LNHIMF_01120	1	cloud	2	0	0
LNHIMF_01121	contig_1	1135122	1135997	-	LNHIMF_01121	1	persistent	2	0	1
LNHIMF_01123	contig_1	1136544	1136885	-	GEGEGB_01934	1	persistent	2	0	0
LNHIMF_01124	contig_1	1136902	1138587	-	LNHIMF_01124	1	persistent	3	0	0
LNHIMF_01125	contig_1	1139090	1139200	-	LNHIMF_01125	1	persistent	2	0	0
LNHIMF_01126	contig_1	1139309	1140871	-	HFCAGB_01141	1	persistent	3	0	0
LNHIMF_01127	contig_1	1140951	1142315	-	BEJGEH_00998	1	persistent	2	0	0
LNHIMF_01128	contig_1	1142308	1143045	-	LNHIMF_01128	1	persistent	2	0	0
LNHIMF_01129	contig_1	1143124	1143534	+	LNHIMF_01129	1	persistent	2	0	0
LNHIMF_01130	contig_1	1143867	1144379	-	LNHIMF_01130	1	persistent	2	0	0
LNHIMF_01131	contig_1	1144397	1145959	-	LNHIMF_01131	1	persistent	2	0	0
LNHIMF_01132	contig_1	1146177	1146617	-	GEGEGB_01926	1	persistent	2	0	0
LNHIMF_01133	contig_1	1146892	1148181	+	GEGEGB_01925	1	persistent	2	0	0
LNHIMF_01134	contig_1	1148178	1149644	+	BEJGEH_01005	1	persistent	2	0	0
LNHIMF_01135	contig_1	1149646	1150497	+	LNHIMF_01135	1	persistent	3	0	0
LNHIMF_01136	contig_1	1150507	1150887	+	GEGEGB_01921	1	persistent	2	0	0
LNHIMF_01137	contig_1	1151031	1151834	+	GEGEGB_01920	1	persistent	2	0	0
LNHIMF_01138	contig_1	1151845	1152636	+	GEGEGB_01919	1	persistent	2	0	0
LNHIMF_01139	contig_1	1152709	1154085	+	LNHIMF_01139	1	persistent	2	0	0
LNHIMF_01140	contig_1	1154095	1154991	+	LNHIMF_01140	1	persistent	2	0	0
LNHIMF_01141	contig_1	1155005	1155943	+	GEGEGB_01916	1	persistent	3	0	0
LNHIMF_01142	contig_1	1156351	1156713	-	LNHIMF_01142	1	persistent	2	0	0
LNHIMF_01143	contig_1	1157367	1157672	-	GEGEGB_01915	1	persistent	3	0	0
LNHIMF_01144	contig_1	1157672	1158592	-	GEGEGB_01914	1	persistent	2	0	0
LNHIMF_01145	contig_1	1158828	1159190	+	LNHIMF_01145	1	persistent	2	0	0
LNHIMF_01146	contig_1	1159239	1161125	+	LNHIMF_01146	1	persistent	2	0	0
LNHIMF_01147	contig_1	1161122	1161745	+	LNHIMF_01147	1	persistent	2	0	0
LNHIMF_01148	contig_1	1161735	1162241	+	LNHIMF_01148	1	persistent	2	0	0
LNHIMF_01149	contig_1	1162374	1163615	+	LNHIMF_01149	1	persistent	2	0	0
LNHIMF_01150	contig_1	1163649	1163876	-	GEGEGB_01908	1	persistent	2	0	0
LNHIMF_01151	contig_1	1163897	1164493	-	LNHIMF_01151	1	persistent	2	0	0
LNHIMF_01152	contig_1	1164878	1165045	+	GEGEGB_01513	3	persistent	6	0	0
LNHIMF_01153	contig_1	1165182	1165820	+	LNHIMF_01153	1	persistent	2	0	0
LNHIMF_01154	contig_1	1165817	1166212	-	GEGEGB_01904	1	persistent	2	0	0
LNHIMF_01155	contig_1	1166271	1170233	-	LNHIMF_01155	1	persistent	3	0	0
LNHIMF_01156	contig_1	1170655	1172163	+	GEGEGB_01902	1	persistent	2	0	1
LNHIMF_01157	contig_1	1172781	1173077	+	LNHIMF_01157	1	persistent	2	0	0
LNHIMF_01158	contig_1	1173056	1173844	+	GEGEGB_01899	1	persistent	2	0	2
LNHIMF_01160	contig_1	1173950	1174831	-	GEGEGB_01898	1	persistent	2	0	0
LNHIMF_01162	contig_1	1175116	1176612	-	HFCAGB_01177	1	persistent	2	0	1
LNHIMF_01163	contig_1	1176949	1177629	-	GEGEGB_01894	1	persistent	2	0	1
LNHIMF_01164	contig_1	1178148	1179296	+	GEGEGB_01893	1	persistent	2	0	0
LNHIMF_01165	contig_1	1179341	1180033	+	LNHIMF_01165	1	persistent	2	0	0
LNHIMF_01166	contig_1	1180316	1181596	+	LNHIMF_01166	1	persistent	2	0	0
LNHIMF_01167	contig_1	1181610	1182713	+	GEGEGB_01890	1	persistent	2	0	1
LNHIMF_01169	contig_1	1183372	1184310	+	LNHIMF_01169	1	persistent	2	1	1
LNHIMF_01170	contig_1	1184395	1185132	+	GEGEGB_01887	1	persistent	2	0	0
LNHIMF_01171	contig_1	1185156	1185710	+	GEGEGB_01886	1	persistent	2	0	0
LNHIMF_01172	contig_1	1185799	1186293	+	GEGEGB_01885	1	persistent	2	0	0
LNHIMF_01173	contig_1	1186332	1187165	-	GEGEGB_01884	1	persistent	2	0	0
LNHIMF_01174	contig_1	1187192	1187608	-	GEGEGB_01883	1	persistent	2	0	0
LNHIMF_01175	contig_1	1187635	1188030	-	GEGEGB_01882	1	persistent	2	0	0
LNHIMF_01176	contig_1	1188035	1188685	-	LNHIMF_01176	1	persistent	2	0	0
LNHIMF_01178	contig_1	1189441	1189896	+	LNHIMF_01178	1	persistent	2	0	0
LNHIMF_01179	contig_1	1189938	1190393	+	GEGEGB_01878	1	persistent	2	0	0
LNHIMF_01180	contig_1	1190455	1190781	+	BEJGEH_01949	1	persistent	2	0	0
LNHIMF_01181	contig_1	1190913	1191233	+	GEGEGB_01876	1	persistent	2	0	0
LNHIMF_01182	contig_1	1191319	1191858	+	GEGEGB_01875	1	persistent	2	0	0
LNHIMF_01183	contig_1	1191797	1193281	+	GEGEGB_01874	1	persistent	2	0	0
LNHIMF_01184	contig_1	1193298	1194452	-	GEGEGB_01873	1	persistent	2	0	0
LNHIMF_01185	contig_1	1194706	1196259	+	GEGEGB_01872	1	persistent	2	0	0
LNHIMF_01186	contig_1	1196252	1198795	+	LNHIMF_01186	1	persistent	2	0	0
LNHIMF_01187	contig_1	1198869	1199096	+	GEGEGB_01870	1	persistent	2	0	0
LNHIMF_01188	contig_1	1199097	1199471	-	GEGEGB_01869	1	persistent	2	0	0
LNHIMF_01189	contig_1	1199553	1200767	-	GEGEGB_01868	1	persistent	2	0	0
LNHIMF_01190	contig_1	1200922	1201842	-	LNHIMF_01190	1	persistent	2	0	0
LNHIMF_01191	contig_1	1202062	1203114	+	LNHIMF_01191	1	persistent	2	0	0
LNHIMF_01192	contig_1	1203166	1203741	-	GEGEGB_01865	1	persistent	2	0	0
LNHIMF_01193	contig_1	1203738	1204310	-	BEJGEH_01936	1	persistent	2	0	0
LNHIMF_01194	contig_1	1204573	1204686	-	GEGEGB_01863	1	persistent	2	0	0
LNHIMF_01195	contig_1	1204727	1205845	-	LNHIMF_01195	1	persistent	2	0	0
LNHIMF_01196	contig_1	1205958	1206212	-	LNHIMF_01196	1	persistent	2	0	0
LNHIMF_01197	contig_1	1206502	1206747	-	LNHIMF_01197	1	persistent	2	0	0
LNHIMF_01198	contig_1	1206821	1207867	-	LNHIMF_01198	1	persistent	2	0	0
LNHIMF_01199	contig_1	1207971	1208531	-	LNHIMF_01199	1	persistent	2	0	0
LNHIMF_01200	contig_1	1208656	1209303	-	GEGEGB_01857	1	persistent	2	0	0
LNHIMF_01201	contig_1	1209367	1210575	-	LNHIMF_01201	1	persistent	2	0	0
LNHIMF_01202	contig_1	1210812	1211396	+	LNHIMF_01202	1	persistent	2	0	0
LNHIMF_01203	contig_1	1211432	1212079	+	GEGEGB_01854	1	persistent	2	0	0
LNHIMF_01204	contig_1	1212081	1213004	+	LNHIMF_01204	1	persistent	2	0	0
LNHIMF_01205	contig_1	1213269	1214843	+	LNHIMF_01205	1	persistent	2	0	0
LNHIMF_01206	contig_1	1214925	1215347	-	GEGEGB_01851	1	persistent	2	0	0
LNHIMF_01207	contig_1	1215352	1215645	-	LNHIMF_01207	1	persistent	2	0	0
LNHIMF_01208	contig_1	1215737	1216396	-	GEGEGB_01849	1	persistent	2	0	0
LNHIMF_01209	contig_1	1216553	1216969	+	LNHIMF_01209	1	persistent	2	0	0
LNHIMF_01210	contig_1	1216973	1217377	+	GEGEGB_01847	1	persistent	2	0	0
LNHIMF_01211	contig_1	1217389	1218087	+	GEGEGB_01846	1	persistent	2	0	0
LNHIMF_01212	contig_1	1218114	1219325	+	GEGEGB_01845	1	persistent	2	0	0
LNHIMF_01213	contig_1	1219346	1220101	+	LNHIMF_01213	1	persistent	2	0	0
LNHIMF_01214	contig_1	1220115	1220897	+	GEGEGB_01843	1	persistent	2	0	0
LNHIMF_01215	contig_1	1220984	1221649	+	GEGEGB_01842	1	persistent	2	0	0
LNHIMF_01216	contig_1	1221661	1222758	+	GEGEGB_01841	1	persistent	2	0	0
LNHIMF_01217	contig_1	1222758	1223708	+	GEGEGB_01840	1	persistent	2	0	0
LNHIMF_01218	contig_1	1223773	1225434	+	GEGEGB_01839	1	persistent	2	0	0
LNHIMF_01219	contig_1	1225449	1226402	+	LNHIMF_01219	1	persistent	2	1	0
LNHIMF_01220	contig_1	1226659	1229862	-	ONMMKP_00953	1	persistent	2	1	1
LNHIMF_01221	contig_1	1230352	1231395	+	LNHIMF_01221	1	persistent	3	0	0
LNHIMF_01222	contig_1	1231533	1232294	+	BEJGEH_01907	1	persistent	3	0	0
LNHIMF_01223	contig_1	1232497	1232721	+	LNHIMF_01223	1	persistent	2	0	0
LNHIMF_01224	contig_1	1232793	1233377	-	LNHIMF_01224	1	persistent	4	0	0
LNHIMF_01226	contig_1	1233575	1234096	+	GEGEGB_01831	1	persistent	2	0	0
LNHIMF_01227	contig_1	1234148	1234321	+	GEGEGB_01830	1	persistent	2	0	0
LNHIMF_01228	contig_1	1234485	1235534	+	GEGEGB_01829	1	persistent	2	0	0
LNHIMF_01229	contig_1	1235614	1236567	+	LNHIMF_01229	1	persistent	2	0	0
LNHIMF_01230	contig_1	1236583	1237512	+	GEGEGB_01827	1	persistent	2	0	0
LNHIMF_01231	contig_1	1237525	1238259	+	GEGEGB_01826	1	persistent	2	0	0
LNHIMF_01232	contig_1	1238415	1238651	+	GEGEGB_01825	1	persistent	2	0	0
LNHIMF_01233	contig_1	1238737	1239978	+	LNHIMF_01233	1	persistent	2	0	1
LNHIMF_01234	contig_1	1240049	1240573	-	ALJMDI_00476	1	cloud	1	0	1
LNHIMF_01235	contig_1	1240588	1241082	-	ALJMDI_00477	1	cloud	0	0	2
LNHIMF_01236	contig_1	1241122	1242120	-	ALJMDI_00478	1	cloud	0	0	2
LNHIMF_01237	contig_1	1242158	1244713	-	ALJMDI_00479	1	cloud	0	0	2
LNHIMF_01238	contig_1	1244737	1245414	-	ALJMDI_00480	1	cloud	0	0	2
LNHIMF_01239	contig_1	1245490	1246032	-	ALJMDI_00481	1	cloud	1	0	1
LNHIMF_01240	contig_1	1246447	1247256	+	GEGEGB_01823	1	persistent	2	0	1
LNHIMF_01241	contig_1	1247259	1248281	+	BEJGEH_01895	1	persistent	2	0	0
LNHIMF_01242	contig_1	1248271	1248912	+	GEGEGB_01821	1	persistent	2	0	0
LNHIMF_01243	contig_1	1248909	1249913	+	GEGEGB_01820	1	persistent	2	0	0
LNHIMF_01244	contig_1	1249924	1250721	+	GEGEGB_01819	1	persistent	2	0	0
LNHIMF_01245	contig_1	1251016	1252449	+	GEGEGB_01818	1	persistent	2	0	0
LNHIMF_01246	contig_1	1252534	1254708	-	BEJGEH_01890	1	persistent	2	0	0
LNHIMF_01247	contig_1	1255032	1255409	+	GEGEGB_01815	1	persistent	2	0	0
LNHIMF_01248	contig_1	1255412	1255786	+	GEGEGB_01814	1	persistent	2	0	0
LNHIMF_01249	contig_1	1255800	1256438	+	LNHIMF_01249	1	persistent	2	0	0
LNHIMF_01250	contig_1	1256419	1257243	+	GEGEGB_01812	1	persistent	2	0	0
LNHIMF_01251	contig_1	1257254	1258279	+	GEGEGB_01811	1	persistent	2	0	0
LNHIMF_01252	contig_1	1258304	1258846	+	GEGEGB_01810	1	persistent	2	0	0
LNHIMF_01253	contig_1	1259100	1260404	+	GEGEGB_01809	1	persistent	2	0	1
LNHIMF_01254	contig_1	1260583	1261122	+	GEGEGB_01807	1	persistent	2	0	1
LNHIMF_01255	contig_1	1261196	1261831	-	LNHIMF_01255	1	persistent	2	0	0
LNHIMF_01256	contig_1	1262073	1262330	+	GEGEGB_01805	1	persistent	2	0	0
LNHIMF_01257	contig_1	1262427	1263392	-	LNHIMF_01257	1	persistent	2	0	0
LNHIMF_01258	contig_1	1263540	1266986	-	BEJGEH_01878	1	persistent	2	0	0
LNHIMF_01259	contig_1	1267324	1268523	+	GEGEGB_01802	1	persistent	2	0	0
LNHIMF_01260	contig_1	1268516	1269217	+	GEGEGB_01801	1	persistent	2	0	0
LNHIMF_01261	contig_1	1269217	1270461	+	GEGEGB_01800	1	persistent	2	0	0
LNHIMF_01262	contig_1	1270490	1271401	+	GEGEGB_01799	1	persistent	2	0	0
LNHIMF_01263	contig_1	1271420	1272241	+	GEGEGB_01798	1	persistent	2	0	0
LNHIMF_01264	contig_1	1272323	1273369	-	GEGEGB_01797	1	persistent	2	0	0
LNHIMF_01265	contig_1	1273394	1274173	-	GEGEGB_01796	1	persistent	2	0	0
LNHIMF_01266	contig_1	1274489	1275499	-	LNHIMF_01266	1	persistent	2	0	0
LNHIMF_01267	contig_1	1275828	1276691	-	GEGEGB_01794	1	persistent	2	0	0
LNHIMF_01268	contig_1	1276675	1277811	-	LNHIMF_01268	1	persistent	2	0	0
LNHIMF_01269	contig_1	1278062	1279291	+	LNHIMF_01269	1	persistent	3	1	0
LNHIMF_01271	contig_1	1279720	1280841	-	LNHIMF_01271	1	persistent	3	0	0
LNHIMF_01272	contig_1	1280922	1282385	-	GEGEGB_01789	1	persistent	2	0	0
LNHIMF_01273	contig_1	1282385	1283059	-	LNHIMF_01273	1	persistent	2	0	0
LNHIMF_01274	contig_1	1283183	1284553	-	BEJGEH_01862	1	persistent	2	0	0
LNHIMF_01275	contig_1	1284557	1285198	-	LNHIMF_01275	1	persistent	2	0	0
LNHIMF_01276	contig_1	1285285	1286391	-	GEGEGB_01785	1	persistent	2	0	0
LNHIMF_01277	contig_1	1286445	1286906	-	GEGEGB_01784	1	persistent	2	0	0
LNHIMF_01278	contig_1	1286918	1287247	-	GEGEGB_01783	1	persistent	2	0	0
LNHIMF_01279	contig_1	1287244	1287981	-	LNHIMF_01279	1	persistent	2	0	0
LNHIMF_01280	contig_1	1288081	1289331	+	GEGEGB_01781	1	persistent	2	1	1
LNHIMF_01282	contig_1	1289777	1290901	+	GEGEGB_01180	1	persistent	1	2	3
LNHIMF_01283	contig_1	1291948	1292361	+	ALJMDI_00543	1	cloud	1	0	1
LNHIMF_01284	contig_1	1292378	1293106	+	ALJMDI_00544	1	cloud	0	0	2
LNHIMF_01285	contig_1	1293299	1293841	+	GEGEGB_01183	1	cloud	0	0	2
LNHIMF_01286	contig_1	1293989	1294366	-	GEGEGB_01184	1	cloud	0	0	2
LNHIMF_01287	contig_1	1294439	1295248	-	GEGEGB_01185	1	cloud	1	0	2
LNHIMF_01288	contig_1	1295746	1295910	+	ALJMDI_00548	1	cloud	1	0	1
LNHIMF_01289	contig_1	1296121	1296360	-	LNHIMF_01289	1	persistent	1	1	2
LNHIMF_01290	contig_1	1296551	1297072	-	GEGEGB_01187	1	persistent	2	0	1
LNHIMF_01291	contig_1	1297833	1298096	-	HFCAGB_02052	1	persistent	2	0	2
LNHIMF_01293	contig_1	1298903	1299460	+	BEJGEH_01844	1	persistent	2	0	1
LNHIMF_01296	contig_1	1300697	1301041	-	LNHIMF_01296	1	persistent	2	0	0
LNHIMF_01297	contig_1	1301688	1301861	-	GEGEGB_01195	1	persistent	2	0	0
LNHIMF_01298	contig_1	1302181	1302648	+	GEGEGB_01196	1	persistent	2	0	0
LNHIMF_01299	contig_1	1302987	1304030	+	LNHIMF_01299	1	persistent	2	0	0
LNHIMF_01300	contig_1	1304113	1304643	-	GEGEGB_01198	1	persistent	2	0	0
LNHIMF_01301	contig_1	1304792	1305106	-	GEGEGB_01199	1	persistent	2	0	0
LNHIMF_01302	contig_1	1305788	1307422	+	LNHIMF_01302	1	persistent	2	0	0
LNHIMF_01303	contig_1	1307422	1308396	+	GEGEGB_01201	1	persistent	2	0	0
LNHIMF_01304	contig_1	1308386	1309198	+	GEGEGB_01202	1	persistent	2	0	0
LNHIMF_01305	contig_1	1309192	1309989	+	GEGEGB_01203	1	persistent	2	0	0
LNHIMF_01306	contig_1	1309983	1310573	+	HFCAGB_02036	1	persistent	2	0	0
LNHIMF_01307	contig_1	1310655	1311788	-	GEGEGB_01205	1	persistent	2	0	0
LNHIMF_01308	contig_1	1311982	1312308	+	GEGEGB_01206	1	persistent	2	0	0
LNHIMF_01311	contig_1	1312502	1313152	+	GEGEGB_01209	1	persistent	2	0	0
LNHIMF_01312	contig_1	1313261	1314049	+	LNHIMF_01312	1	persistent	2	0	0
LNHIMF_01313	contig_1	1314194	1314787	+	GEGEGB_01211	1	persistent	2	0	0
LNHIMF_01314	contig_1	1314856	1315704	+	LNHIMF_01314	1	persistent	2	0	0
LNHIMF_01315	contig_1	1315959	1316207	-	LNHIMF_01315	1	persistent	2	0	0
LNHIMF_01316	contig_1	1316523	1317068	+	LNHIMF_01316	1	persistent	2	0	0
LNHIMF_01317	contig_1	1317265	1317903	+	GEGEGB_01215	1	persistent	2	0	0
LNHIMF_01318	contig_1	1318076	1318438	+	GEGEGB_01216	1	persistent	2	0	0
LNHIMF_01319	contig_1	1318441	1318623	+	GEGEGB_01217	1	persistent	2	0	0
LNHIMF_01320	contig_1	1318853	1319494	+	LNHIMF_01320	1	persistent	2	0	0
LNHIMF_01322	contig_1	1319808	1320056	+	GEGEGB_01220	1	persistent	2	1	0
LNHIMF_01323	contig_1	1320489	1320740	+	GEGEGB_01223	1	persistent	2	1	0
LNHIMF_01324	contig_1	1320809	1321120	+	GEGEGB_01224	1	persistent	2	0	0
LNHIMF_01325	contig_1	1321106	1321453	-	GEGEGB_01225	1	persistent	2	0	0
LNHIMF_01326	contig_1	1321572	1322756	-	LNHIMF_01326	1	persistent	2	0	0
LNHIMF_01327	contig_1	1322857	1323651	+	LNHIMF_01327	1	persistent	2	0	0
LNHIMF_01328	contig_1	1323631	1324077	-	GEGEGB_01228	1	persistent	2	0	0
LNHIMF_01329	contig_1	1324283	1324390	+	BEJGEH_01808	1	persistent	2	0	0
LNHIMF_01330	contig_1	1324387	1324914	-	GEGEGB_01230	1	persistent	2	0	0
LNHIMF_01331	contig_1	1324955	1326448	-	LNHIMF_01331	1	persistent	2	0	3
LNHIMF_01332	contig_1	1326742	1326948	+	ONMMKP_00850	1	cloud	2	0	0
LNHIMF_01333	contig_1	1327098	1328384	-	PAPNPA_01180	1	persistent	2	0	3
LNHIMF_01334	contig_1	1328507	1330441	-	LNHIMF_01334	1	persistent	2	0	0
LNHIMF_01335	contig_1	1330868	1331614	+	GEGEGB_01235	1	persistent	2	0	0
LNHIMF_01336	contig_1	1331904	1333100	+	LNHIMF_01336	1	persistent	2	0	0
LNHIMF_01337	contig_1	1333206	1334054	+	GEGEGB_01237	1	persistent	2	0	0
LNHIMF_01338	contig_1	1334153	1335037	-	LNHIMF_01338	1	persistent	2	0	0
LNHIMF_01339	contig_1	1335366	1336361	-	GEGEGB_01240	2	persistent	2	0	2
LNHIMF_01340	contig_1	1336703	1337116	+	GEGEGB_01241	1	persistent	2	0	0
LNHIMF_01341	contig_1	1337158	1337436	+	GEGEGB_01242	1	persistent	2	0	2
LNHIMF_01342	contig_1	1337787	1338443	-	LNHIMF_01342	1	persistent	2	0	1
LNHIMF_01343	contig_1	1338470	1339558	-	LNHIMF_01343	1	persistent	2	0	0
LNHIMF_01344	contig_1	1339582	1341438	-	GEGEGB_01245	1	persistent	2	0	0
LNHIMF_01345	contig_1	1341612	1342163	+	GEGEGB_01246	1	persistent	2	0	0
LNHIMF_01346	contig_1	1342281	1343324	+	LNHIMF_01346	1	persistent	2	0	0
LNHIMF_01347	contig_1	1343329	1345278	+	GEGEGB_01248	1	persistent	2	0	0
LNHIMF_01348	contig_1	1345308	1346651	-	LNHIMF_01348	1	persistent	2	0	0
LNHIMF_01349	contig_1	1346890	1347165	+	LNHIMF_01349	1	persistent	2	0	0
LNHIMF_01350	contig_1	1347125	1347541	-	LNHIMF_01350	1	persistent	2	0	0
LNHIMF_01351	contig_1	1347614	1348492	-	GEGEGB_01252	1	persistent	2	0	0
LNHIMF_01352	contig_1	1348866	1350092	+	GEGEGB_01253	1	persistent	2	0	0
LNHIMF_01353	contig_1	1350083	1351117	+	LNHIMF_01353	1	persistent	2	0	0
LNHIMF_01354	contig_1	1351114	1352592	+	HFCAGB_01981	1	persistent	2	0	0
LNHIMF_01355	contig_1	1352589	1353932	+	GEGEGB_01257	1	persistent	2	0	0
LNHIMF_01356	contig_1	1353925	1354893	+	LNHIMF_01356	1	persistent	2	0	0
LNHIMF_01357	contig_1	1354930	1355145	+	GEGEGB_01259	1	persistent	2	0	0
LNHIMF_01358	contig_1	1355229	1355714	+	LNHIMF_01358	1	persistent	2	0	0
LNHIMF_01359	contig_1	1355789	1356670	-	GEGEGB_01261	1	persistent	2	0	0
LNHIMF_01360	contig_1	1356791	1357618	-	GEGEGB_01262	1	persistent	2	0	0
LNHIMF_01361	contig_1	1357837	1358178	+	GEGEGB_01263	1	persistent	2	0	1
LNHIMF_01362	contig_1	1358479	1358799	+	GEGEGB_01264	1	persistent	2	0	0
LNHIMF_01363	contig_1	1358882	1360240	+	GEGEGB_01265	1	persistent	2	0	1
LNHIMF_01364	contig_1	1360291	1360638	+	GEGEGB_01266	1	persistent	2	0	0
LNHIMF_01365	contig_1	1360652	1361491	+	GEGEGB_01267	1	persistent	2	0	0
LNHIMF_01366	contig_1	1361616	1362971	+	LNHIMF_01366	1	persistent	2	0	0
LNHIMF_01367	contig_1	1362984	1363742	+	LNHIMF_01367	1	persistent	2	1	0
LNHIMF_01368	contig_1	1363786	1366038	-	LNHIMF_01368	1	persistent	2	1	0
LNHIMF_01369	contig_1	1366255	1366497	+	GEGEGB_01273	1	persistent	2	0	0
LNHIMF_01370	contig_1	1366600	1367991	-	LNHIMF_01370	1	persistent	2	0	0
LNHIMF_01371	contig_1	1368128	1368727	-	LNHIMF_01371	1	persistent	2	0	0
LNHIMF_01372	contig_1	1368865	1369533	-	LNHIMF_01372	1	persistent	2	0	0
LNHIMF_01373	contig_1	1369682	1370218	+	GEGEGB_01277	1	persistent	2	0	0
LNHIMF_01374	contig_1	1370261	1371121	-	GEGEGB_01278	1	persistent	2	0	0
LNHIMF_01375	contig_1	1371228	1371518	-	GEGEGB_01279	1	persistent	2	0	0
LNHIMF_01376	contig_1	1371615	1372547	-	LNHIMF_01376	1	persistent	2	0	0
LNHIMF_01377	contig_1	1372836	1373594	+	GEGEGB_01281	1	persistent	2	0	0
LNHIMF_01378	contig_1	1373643	1374602	-	GEGEGB_01282	1	persistent	3	0	0
LNHIMF_01379	contig_1	1374745	1374993	+	GEGEGB_01283	1	persistent	2	0	0
LNHIMF_01380	contig_1	1375056	1375910	+	LNHIMF_01380	1	persistent	3	1	1
LNHIMF_01381	contig_1	1376170	1378098	+	GEGEGB_01287	1	persistent	3	2	0
LNHIMF_01382	contig_1	1378210	1378644	+	GEGEGB_01288	1	persistent	2	0	0
LNHIMF_01383	contig_1	1378740	1378937	+	GEGEGB_01289	1	persistent	2	0	0
LNHIMF_01384	contig_1	1378988	1379344	+	GEGEGB_01290	1	persistent	2	0	0
LNHIMF_01385	contig_1	1379465	1379509	+	GEGEGB_01291	1	persistent	2	0	0
LNHIMF_01386	contig_1	1379646	1380629	+	GEGEGB_01292	1	persistent	2	0	0
LNHIMF_01387	contig_1	1380645	1383032	+	LNHIMF_01387	1	persistent	2	0	0
LNHIMF_01388	contig_1	1383037	1383336	+	GEGEGB_01294	1	persistent	2	0	0
LNHIMF_01390	contig_1	1383539	1384519	+	LNHIMF_01390	1	persistent	2	0	0
LNHIMF_01391	contig_1	1384611	1385162	+	GEGEGB_01297	1	persistent	2	0	0
LNHIMF_01392	contig_1	1385162	1385911	+	GEGEGB_01298	1	persistent	2	0	0
LNHIMF_01393	contig_1	1385988	1386452	+	LNHIMF_01393	1	persistent	2	0	0
LNHIMF_01394	contig_1	1386766	1387479	+	IKCLMC_04832	1	persistent	2	0	0
LNHIMF_01395	contig_1	1387541	1388983	+	GEGEGB_01301	1	persistent	2	0	0
LNHIMF_01396	contig_1	1389019	1389210	-	GEGEGB_01302	1	persistent	2	0	0
LNHIMF_01397	contig_1	1389367	1390413	-	LNHIMF_01397	1	persistent	2	0	0
LNHIMF_01398	contig_1	1390569	1391402	-	GEGEGB_01304	1	persistent	2	0	0
LNHIMF_01399	contig_1	1391739	1394117	+	GEGEGB_01305	1	persistent	2	0	1
LNHIMF_01400	contig_1	1394159	1395799	-	LNHIMF_01400	1	persistent	2	0	0
LNHIMF_01401	contig_1	1395889	1396182	-	BEJGEH_01736	1	persistent	2	0	0
LNHIMF_01402	contig_1	1396179	1397465	-	BEJGEH_01735	1	persistent	2	0	0
LNHIMF_01403	contig_1	1397522	1398457	-	BEJGEH_01734	1	persistent	2	0	0
LNHIMF_01404	contig_1	1398479	1399243	-	LNHIMF_01404	1	persistent	2	0	0
LNHIMF_01405	contig_1	1399706	1400596	+	LNHIMF_01405	1	persistent	2	0	0
LNHIMF_01406	contig_1	1400672	1401823	-	LNHIMF_01406	1	persistent	2	0	0
LNHIMF_01407	contig_1	1401837	1403432	-	LNHIMF_01407	1	persistent	2	0	0
LNHIMF_01408	contig_1	1403586	1404344	-	LNHIMF_01408	1	persistent	2	0	0
LNHIMF_01409	contig_1	1404389	1405255	-	LNHIMF_01409	1	persistent	2	0	0
LNHIMF_01410	contig_1	1405322	1406557	-	LNHIMF_01410	1	persistent	2	0	0
LNHIMF_01411	contig_1	1406921	1408132	-	HFCAGB_01923	1	persistent	2	0	0
LNHIMF_01412	contig_1	1408272	1408631	-	LNHIMF_01412	1	persistent	2	0	0
LNHIMF_01414	contig_1	1409090	1410208	-	LNHIMF_01414	1	persistent	2	0	1
LNHIMF_01415	contig_1	1410473	1413529	+	LNHIMF_01415	1	persistent	2	0	0
LNHIMF_01416	contig_1	1413526	1413936	+	GEGEGB_01310	1	persistent	2	0	0
LNHIMF_01417	contig_1	1414035	1414223	+	LNHIMF_01417	1	persistent	2	0	0
LNHIMF_01419	contig_1	1414511	1415857	-	LNHIMF_01419	1	persistent	2	0	0
LNHIMF_01420	contig_1	1416284	1416652	+	GEGEGB_01314	1	persistent	2	0	0
LNHIMF_01421	contig_1	1416661	1418148	+	LNHIMF_01421	1	persistent	2	0	0
LNHIMF_01422	contig_1	1418165	1418911	+	LNHIMF_01422	1	persistent	2	0	0
LNHIMF_01423	contig_1	1418886	1420157	+	LNHIMF_01423	1	persistent	2	0	0
LNHIMF_01424	contig_1	1420154	1421374	+	GEGEGB_01318	1	persistent	2	0	0
LNHIMF_01425	contig_1	1421387	1421803	+	GEGEGB_01319	1	persistent	2	0	1
LNHIMF_01426	contig_1	1421958	1422959	+	LNHIMF_01426	1	persistent	2	0	3
LNHIMF_01427	contig_1	1422986	1423198	+	OEKLIE_00931	1	cloud	2	0	0
LNHIMF_01428	contig_1	1423347	1423583	-	GEGEGB_01322	1	persistent	3	0	2
LNHIMF_01429	contig_1	1423894	1425306	-	GEGEGB_01324	1	persistent	2	0	0
LNHIMF_01430	contig_1	1425708	1427051	-	LNHIMF_01430	1	persistent	2	0	1
LNHIMF_01431	contig_1	1427073	1427966	-	BEJGEH_01706	1	persistent	2	0	0
LNHIMF_01432	contig_1	1428025	1428762	-	LNHIMF_01432	1	persistent	2	0	1
LNHIMF_01433	contig_1	1428774	1430000	-	BEJGEH_01704	1	persistent	2	0	0
LNHIMF_01434	contig_1	1430323	1433385	-	GEGEGB_01330	1	persistent	2	0	0
LNHIMF_01435	contig_1	1433378	1434400	-	LNHIMF_01435	1	persistent	2	0	0
LNHIMF_01436	contig_1	1434401	1435135	-	GEGEGB_01332	1	persistent	2	0	0
LNHIMF_01437	contig_1	1435317	1437095	+	GEGEGB_01333	1	persistent	2	0	0
LNHIMF_01438	contig_1	1437070	1437690	+	GEGEGB_01334	1	persistent	2	0	0
LNHIMF_01439	contig_1	1437788	1438000	+	GEGEGB_01335	1	persistent	2	0	0
LNHIMF_01440	contig_1	1438096	1439055	-	GEGEGB_01336	1	persistent	2	0	0
LNHIMF_01441	contig_1	1439227	1439955	-	GEGEGB_01337	1	persistent	2	0	0
LNHIMF_01442	contig_1	1440134	1440772	-	GEGEGB_01338	1	persistent	2	0	0
LNHIMF_01443	contig_1	1440803	1443565	-	LNHIMF_01443	1	persistent	2	0	0
LNHIMF_01444	contig_1	1443984	1444367	+	GEGEGB_01340	1	persistent	2	0	0
LNHIMF_01445	contig_1	1444369	1445862	+	LNHIMF_01445	1	persistent	2	0	0
LNHIMF_01446	contig_1	1445843	1447054	+	GEGEGB_01342	1	persistent	2	0	0
LNHIMF_01447	contig_1	1447062	1447304	+	GEGEGB_01343	1	persistent	2	0	0
LNHIMF_01448	contig_1	1447509	1447832	+	GEGEGB_01344	1	persistent	2	0	0
LNHIMF_01449	contig_1	1447839	1448429	+	GEGEGB_01345	1	persistent	2	0	0
LNHIMF_01450	contig_1	1448426	1448899	+	LNHIMF_01450	1	persistent	2	0	0
LNHIMF_01451	contig_1	1448902	1450356	+	LNHIMF_01451	1	persistent	2	0	0
LNHIMF_01452	contig_1	1450372	1450959	+	GEGEGB_01348	1	persistent	2	0	0
LNHIMF_01453	contig_1	1450962	1451378	+	GEGEGB_01349	1	persistent	2	0	0
LNHIMF_01454	contig_1	1451436	1451864	+	LNHIMF_01454	1	persistent	2	0	0
LNHIMF_01455	contig_1	1451880	1452662	+	HFCAGB_01878	1	persistent	2	0	0
LNHIMF_01456	contig_1	1452659	1453348	+	LNHIMF_01456	1	persistent	2	0	0
LNHIMF_01457	contig_1	1453441	1453656	+	GEGEGB_01353	1	persistent	2	0	0
LNHIMF_01458	contig_1	1453634	1453924	+	GEGEGB_01354	1	persistent	2	0	0
LNHIMF_01459	contig_1	1453921	1454184	+	LNHIMF_01459	1	persistent	2	0	0
LNHIMF_01460	contig_1	1454181	1454930	+	BEJGEH_01677	1	persistent	2	0	0
LNHIMF_01461	contig_1	1455245	1455496	+	GEGEGB_01357	1	persistent	2	0	0
LNHIMF_01462	contig_1	1455493	1456167	+	GEGEGB_01358	1	persistent	2	0	0
LNHIMF_01463	contig_1	1456157	1457149	+	LNHIMF_01463	1	persistent	2	0	0
LNHIMF_01464	contig_1	1457207	1457575	+	LNHIMF_01464	1	persistent	2	0	0
LNHIMF_01465	contig_1	1457560	1459605	+	LNHIMF_01465	1	persistent	2	0	1
LNHIMF_01466	contig_1	1459595	1460896	+	GEGEGB_01362	1	persistent	2	0	1
LNHIMF_01467	contig_1	1460845	1461276	+	LNHIMF_01467	1	persistent	2	0	0
LNHIMF_01468	contig_1	1461257	1461631	+	GEGEGB_01364	1	persistent	2	0	0
LNHIMF_01469	contig_1	1461612	1462580	+	LNHIMF_01469	1	persistent	2	0	0
LNHIMF_01470	contig_1	1462648	1463295	+	LNHIMF_01470	1	persistent	2	0	0
LNHIMF_01471	contig_1	1463292	1463558	+	GEGEGB_01367	1	persistent	2	0	0
LNHIMF_01472	contig_1	1463559	1464338	+	GEGEGB_01368	1	persistent	2	0	0
LNHIMF_01473	contig_1	1464335	1465393	+	GEGEGB_01369	1	persistent	2	0	0
LNHIMF_01476	contig_1	1465876	1467249	-	GEGEGB_01372	1	persistent	2	0	0
LNHIMF_01477	contig_1	1467466	1468107	+	GEGEGB_01373	1	persistent	2	0	0
LNHIMF_01478	contig_1	1468149	1469297	-	GEGEGB_01374	1	persistent	2	0	0
LNHIMF_01479	contig_1	1469587	1470792	-	LNHIMF_01479	1	persistent	2	0	0
LNHIMF_01480	contig_1	1470905	1471837	+	GEGEGB_01376	1	persistent	2	0	0
LNHIMF_01481	contig_1	1471834	1472859	-	GEGEGB_01377	1	persistent	2	0	0
LNHIMF_01483	contig_1	1473155	1473244	+	GEGEGB_01379	1	persistent	2	0	0
LNHIMF_01484	contig_1	1473327	1473908	-	GEGEGB_01380	1	persistent	2	0	0
LNHIMF_01485	contig_1	1474035	1474856	-	GEGEGB_01381	1	persistent	2	0	0
LNHIMF_01486	contig_1	1475192	1475539	+	GEGEGB_01382	1	persistent	2	0	0
LNHIMF_01487	contig_1	1475617	1476264	-	GEGEGB_01383	1	persistent	2	0	0
LNHIMF_01488	contig_1	1476365	1476772	-	GEGEGB_01384	1	persistent	2	0	0
LNHIMF_01489	contig_1	1476841	1477938	-	GEGEGB_01385	1	persistent	3	0	0
LNHIMF_01490	contig_1	1477997	1478596	-	GEGEGB_01386	1	persistent	3	0	0
LNHIMF_01491	contig_1	1478699	1478938	+	LNHIMF_01491	1	persistent	3	0	0
LNHIMF_01492	contig_1	1478989	1479885	+	GEGEGB_01387	1	persistent	3	0	0
LNHIMF_01493	contig_1	1479965	1480486	+	GEGEGB_01388	1	persistent	2	0	0
LNHIMF_01494	contig_1	1480462	1482501	-	LNHIMF_01494	1	persistent	2	0	0
LNHIMF_01495	contig_1	1482501	1483361	-	GEGEGB_01390	1	persistent	2	0	0
LNHIMF_01496	contig_1	1483364	1483600	-	GEGEGB_01391	1	persistent	2	0	0
LNHIMF_01497	contig_1	1483801	1484235	+	GEGEGB_01392	1	persistent	2	0	0
LNHIMF_01498	contig_1	1484283	1484750	-	GEGEGB_01393	1	persistent	2	0	0
LNHIMF_01499	contig_1	1485023	1486144	+	GEGEGB_01394	1	persistent	2	0	0
LNHIMF_01500	contig_1	1486199	1486561	+	LNHIMF_01500	1	persistent	2	0	0
LNHIMF_01501	contig_1	1486620	1487276	+	GEGEGB_01396	1	persistent	2	0	0
LNHIMF_01502	contig_1	1487403	1488677	+	GEGEGB_01397	1	persistent	2	0	0
LNHIMF_01503	contig_1	1488737	1489597	+	LNHIMF_01503	1	persistent	2	0	0
LNHIMF_01504	contig_1	1489656	1490261	-	LNHIMF_01504	1	persistent	2	0	0
LNHIMF_01505	contig_1	1490366	1491871	-	BEJGEH_01633	1	persistent	2	0	0
LNHIMF_01506	contig_1	1492473	1493108	-	LNHIMF_01506	1	persistent	2	0	0
LNHIMF_01507	contig_1	1493108	1493800	-	GEGEGB_01402	1	persistent	2	0	0
LNHIMF_01508	contig_1	1493803	1494423	-	GEGEGB_01403	1	persistent	2	0	0
LNHIMF_01509	contig_1	1494427	1495485	-	GEGEGB_01404	1	persistent	2	0	0
LNHIMF_01510	contig_1	1495486	1497684	-	BEJGEH_01628	1	persistent	2	0	0
LNHIMF_01511	contig_1	1497677	1498255	-	GEGEGB_01406	1	persistent	2	0	0
LNHIMF_01512	contig_1	1498255	1498836	-	GEGEGB_01407	1	persistent	2	0	0
LNHIMF_01513	contig_1	1498913	1499353	-	GEGEGB_01408	1	persistent	2	0	0
LNHIMF_01514	contig_1	1499442	1499657	-	GEGEGB_01409	1	persistent	2	0	0
LNHIMF_01515	contig_1	1500289	1501329	+	GEGEGB_01410	1	persistent	2	0	0
LNHIMF_01516	contig_1	1501404	1502405	-	GEGEGB_01411	1	persistent	2	0	2
LNHIMF_01517	contig_1	1502619	1503791	-	ALJMDI_03277	1	cloud	1	0	2
LNHIMF_01518	contig_1	1503801	1505393	-	ALJMDI_03278	1	cloud	0	0	2
LNHIMF_01519	contig_1	1505566	1506594	+	ALJMDI_03279	1	cloud	1	0	2
LNHIMF_01520	contig_1	1506652	1508160	-	GEGEGB_01413	1	persistent	2	0	2
LNHIMF_01521	contig_1	1508263	1509438	-	GEGEGB_01414	1	persistent	2	0	0
LNHIMF_01522	contig_1	1509638	1511284	+	GEGEGB_01415	2	persistent	4	0	0
LNHIMF_01523	contig_1	1511452	1512855	+	LNHIMF_01523	1	persistent	2	0	0
LNHIMF_01524	contig_1	1512852	1513781	-	LNHIMF_01524	1	persistent	2	0	1
LNHIMF_01525	contig_1	1513857	1515158	-	LNHIMF_01525	1	persistent	2	0	1
LNHIMF_01526	contig_1	1515270	1516970	-	LNHIMF_01526	1	persistent	2	0	0
LNHIMF_01527	contig_1	1517129	1518271	-	LNHIMF_01527	1	persistent	2	0	0
LNHIMF_01528	contig_1	1518750	1519481	-	LNHIMF_01528	1	persistent	2	0	0
LNHIMF_01529	contig_1	1519608	1519943	+	GEGEGB_01422	1	persistent	2	0	0
LNHIMF_01530	contig_1	1520005	1521387	-	GEGEGB_01423	1	persistent	2	0	2
LNHIMF_01531	contig_1	1521686	1522630	-	LNHIMF_01531	1	persistent	2	0	2
LNHIMF_01532	contig_1	1523157	1524686	+	GEGEGB_01474	1	persistent	2	0	0
LNHIMF_01533	contig_1	1524697	1526085	+	GEGEGB_01475	1	persistent	2	0	0
LNHIMF_01534	contig_1	1526260	1527294	-	GEGEGB_01476	1	persistent	2	0	0
LNHIMF_01535	contig_1	1527712	1528074	+	GEGEGB_01477	1	persistent	2	0	0
LNHIMF_01536	contig_1	1528061	1528390	+	GEGEGB_01478	1	persistent	2	0	0
LNHIMF_01537	contig_1	1528430	1529251	-	GEGEGB_01479	1	persistent	2	0	0
LNHIMF_01538	contig_1	1529520	1529768	-	GEGEGB_01480	1	persistent	2	0	1
LNHIMF_01539	contig_1	1530163	1531416	-	GEGEGB_01485	1	persistent	2	1	0
LNHIMF_01540	contig_1	1531536	1532435	+	LNHIMF_01540	1	persistent	2	0	0
LNHIMF_01541	contig_1	1532563	1533783	+	LNHIMF_01541	1	persistent	2	0	0
LNHIMF_01542	contig_1	1533909	1534604	+	LNHIMF_01542	1	persistent	2	0	0
LNHIMF_01543	contig_1	1534560	1535813	-	LNHIMF_01543	1	persistent	2	0	0
LNHIMF_01544	contig_1	1535985	1537133	-	GEGEGB_01490	1	persistent	2	0	0
LNHIMF_01545	contig_1	1537133	1537780	-	GEGEGB_01491	1	persistent	2	0	0
LNHIMF_01546	contig_1	1537790	1538692	-	GEGEGB_01492	1	persistent	2	0	0
LNHIMF_01547	contig_1	1538721	1539431	-	GEGEGB_01493	1	persistent	2	0	0
LNHIMF_01548	contig_1	1539736	1540350	-	LNHIMF_01548	1	persistent	2	0	0
LNHIMF_01549	contig_1	1540393	1541250	-	LNHIMF_01549	1	persistent	2	0	0
LNHIMF_01550	contig_1	1541252	1541869	-	GEGEGB_01496	2	persistent	4	0	0
LNHIMF_01551	contig_1	1541880	1544315	-	AJBGEP_01578	1	persistent	2	0	0
LNHIMF_01552	contig_1	1544414	1546852	-	LNHIMF_01552	1	persistent	2	0	1
LNHIMF_01553	contig_1	1547009	1547314	-	LNHIMF_01553	1	persistent	2	0	0
LNHIMF_01554	contig_1	1547454	1548131	+	OEKLIE_00834	1	persistent	2	0	1
LNHIMF_01555	contig_1	1548172	1548732	-	LNHIMF_01555	1	persistent	2	0	0
LNHIMF_01556	contig_1	1548768	1549109	-	GEGEGB_01502	1	persistent	2	0	0
LNHIMF_01557	contig_1	1549253	1549588	+	LNHIMF_01557	1	persistent	2	0	0
LNHIMF_01558	contig_1	1549710	1550924	+	LNHIMF_01558	1	persistent	2	0	0
LNHIMF_01559	contig_1	1550935	1551954	+	GEGEGB_01505	1	persistent	2	0	1
LNHIMF_01560	contig_1	1552008	1553387	+	GEGEGB_01506	1	persistent	2	0	1
LNHIMF_01561	contig_1	1553531	1554997	+	BEJGEH_01578	1	persistent	2	0	0
LNHIMF_01562	contig_1	1555064	1555267	-	GEGEGB_01509	1	persistent	2	0	0
LNHIMF_01563	contig_1	1555448	1556134	-	GEGEGB_01510	1	persistent	2	0	0
LNHIMF_01564	contig_1	1556264	1557010	-	GEGEGB_01511	1	persistent	2	0	0
LNHIMF_01565	contig_1	1557149	1559191	+	LNHIMF_01565	1	persistent	3	0	0
LNHIMF_01566	contig_1	1559536	1559718	+	GEGEGB_01513	3	persistent	6	0	0
LNHIMF_01567	contig_1	1559838	1560365	-	LNHIMF_01567	1	persistent	3	0	0
LNHIMF_01568	contig_1	1560792	1561184	+	LNHIMF_01568	1	persistent	2	0	0
LNHIMF_01570	contig_1	1561533	1561628	-	GEGEGB_01517	1	persistent	2	0	0
LNHIMF_01571	contig_1	1561875	1563062	-	LNHIMF_01571	1	persistent	2	0	0
LNHIMF_01572	contig_1	1563290	1564192	+	GEGEGB_01519	1	persistent	2	0	0
LNHIMF_01573	contig_1	1564311	1564520	-	GEGEGB_01520	1	persistent	2	0	0
LNHIMF_01574	contig_1	1564555	1564938	-	GEGEGB_01521	1	persistent	2	0	0
LNHIMF_01575	contig_1	1564958	1565392	-	GEGEGB_01522	1	persistent	2	0	0
LNHIMF_01576	contig_1	1565651	1566316	+	GEGEGB_01523	1	persistent	2	0	0
LNHIMF_01577	contig_1	1566363	1567553	-	GEGEGB_01524	1	persistent	2	0	0
LNHIMF_01578	contig_1	1567669	1568541	-	LNHIMF_01578	1	persistent	2	0	0
LNHIMF_01579	contig_1	1568644	1570032	+	LNHIMF_01579	1	persistent	2	0	0
LNHIMF_01580	contig_1	1570105	1571031	+	LNHIMF_01580	1	persistent	2	0	0
LNHIMF_01581	contig_1	1571031	1571390	+	BEJGEH_01558	1	persistent	2	0	0
LNHIMF_01582	contig_1	1571613	1572560	+	GEGEGB_01529	1	persistent	2	0	0
LNHIMF_01583	contig_1	1572616	1573143	-	LNHIMF_01583	1	persistent	2	0	0
LNHIMF_01585	contig_1	1573874	1574992	+	LNHIMF_01585	1	persistent	3	0	0
LNHIMF_01586	contig_1	1575133	1575474	-	LNHIMF_01586	1	persistent	2	0	0
LNHIMF_01587	contig_1	1575487	1576374	-	BEJGEH_01552	1	persistent	3	0	0
LNHIMF_01588	contig_1	1576362	1577423	-	LNHIMF_01588	1	persistent	2	0	0
LNHIMF_01589	contig_1	1577441	1577851	-	GEGEGB_01535	1	persistent	2	0	0
LNHIMF_01590	contig_1	1577848	1578147	-	LNHIMF_01590	1	persistent	2	0	0
LNHIMF_01591	contig_1	1578147	1578755	-	GEGEGB_01537	1	persistent	2	0	0
LNHIMF_01592	contig_1	1578761	1579435	-	GEGEGB_01538	1	persistent	2	0	0
LNHIMF_01593	contig_1	1579455	1581257	-	LNHIMF_01593	1	persistent	2	0	0
LNHIMF_01594	contig_1	1581260	1582363	-	LNHIMF_01594	1	persistent	2	0	1
LNHIMF_01595	contig_1	1582784	1583872	+	GEGEGB_01542	1	persistent	2	0	1
LNHIMF_01596	contig_1	1584038	1584709	+	GEGEGB_01543	1	persistent	2	0	0
LNHIMF_01597	contig_1	1584768	1585793	-	GEGEGB_01544	1	persistent	2	0	0
LNHIMF_01598	contig_1	1585768	1587054	-	LNHIMF_01598	1	persistent	2	0	0
LNHIMF_01599	contig_1	1587231	1588721	-	BEJGEH_01540	1	persistent	2	0	1
LNHIMF_01600	contig_1	1588857	1590098	-	LNHIMF_01600	1	persistent	2	0	0
LNHIMF_01601	contig_1	1590088	1591596	-	BEJGEH_01538	1	persistent	2	0	0
LNHIMF_01602	contig_1	1591641	1592129	+	LNHIMF_01602	1	persistent	2	0	0
LNHIMF_01603	contig_1	1592322	1593401	+	LNHIMF_01603	1	persistent	2	0	1
LNHIMF_01604	contig_1	1593453	1593761	-	BEJGEH_01535	1	persistent	2	0	0
LNHIMF_01605	contig_1	1593853	1594137	-	LNHIMF_01605	1	persistent	2	0	0
LNHIMF_01606	contig_1	1594127	1594375	-	LNHIMF_01606	1	persistent	2	0	2
LNHIMF_01607	contig_1	1594675	1595133	+	LNHIMF_01607	1	cloud	2	0	0
LNHIMF_01608	contig_1	1595127	1595459	+	BEJGEH_01529	1	persistent	1	2	6
LNHIMF_01609	contig_1	1595623	1596573	+	LNHIMF_01609	1	cloud	1	0	1
LNHIMF_01610	contig_1	1596797	1597231	-	LNHIMF_01610	1	cloud	0	0	2
LNHIMF_01611	contig_1	1597267	1597470	+	LNHIMF_01611	1	cloud	0	0	2
LNHIMF_01612	contig_1	1597566	1597697	-	IKCLMC_04618	1	cloud	1	1	3
LNHIMF_01613	contig_1	1598148	1599056	+	BEJGEH_01526	1	cloud	0	0	5
LNHIMF_01614	contig_1	1599230	1600210	+	BEJGEH_01525	1	cloud	1	2	2
LNHIMF_01615	contig_1	1600702	1601682	+	LNHIMF_01615	1	persistent	1	1	3
LNHIMF_01616	contig_1	1601826	1603277	+	LNHIMF_01616	1	persistent	2	1	0
LNHIMF_01617	contig_1	1603290	1604492	+	PAPNPA_03909	1	persistent	2	0	0
LNHIMF_01618	contig_1	1604606	1606666	-	HFCAGB_01727	1	persistent	2	0	0
LNHIMF_01619	contig_1	1606723	1609251	-	LNHIMF_01619	1	persistent	2	0	0
LNHIMF_01620	contig_1	1609248	1611032	-	LNHIMF_01620	1	persistent	2	0	0
LNHIMF_01621	contig_1	1611161	1611946	-	LNHIMF_01621	1	persistent	2	0	0
LNHIMF_01622	contig_1	1612089	1612418	-	GEGEGB_01561	1	persistent	2	0	1
LNHIMF_01623	contig_1	1613186	1613821	+	ALJMDI_03382	1	cloud	1	0	1
LNHIMF_01624	contig_1	1613956	1614867	+	LNHIMF_01624	1	cloud	1	0	1
LNHIMF_01625	contig_1	1614988	1615419	-	GEGEGB_01564	1	persistent	2	0	1
LNHIMF_01626	contig_1	1615931	1616146	+	GEGEGB_01565	1	persistent	2	0	0
LNHIMF_01627	contig_1	1616241	1616384	+	GEGEGB_01566	1	persistent	2	0	0
LNHIMF_01628	contig_1	1616561	1618258	+	GEGEGB_01567	1	persistent	2	0	0
LNHIMF_01629	contig_1	1618540	1619550	+	GEGEGB_01568	1	persistent	3	0	0
LNHIMF_01630	contig_1	1619641	1620297	-	LNHIMF_01630	1	persistent	2	0	0
LNHIMF_01631	contig_1	1620290	1621174	-	LNHIMF_01631	1	persistent	2	0	0
LNHIMF_01632	contig_1	1621188	1624235	-	LNHIMF_01632	1	persistent	4	0	0
LNHIMF_01633	contig_1	1624513	1625394	+	BEJGEH_01507	1	persistent	2	0	1
LNHIMF_01634	contig_1	1625920	1627008	+	BEJGEH_01503	1	persistent	2	0	1
LNHIMF_01635	contig_1	1627092	1627532	+	LNHIMF_01635	1	persistent	3	0	0
LNHIMF_01636	contig_1	1627557	1629044	-	LNHIMF_01636	1	persistent	2	0	0
LNHIMF_01637	contig_1	1629162	1629740	+	AJBGEP_01662	1	persistent	2	0	0
LNHIMF_01638	contig_1	1629954	1631342	+	LNHIMF_01638	1	persistent	2	0	0
LNHIMF_01639	contig_1	1631434	1635174	+	BEJGEH_01498	1	persistent	2	0	0
LNHIMF_01640	contig_1	1635171	1636715	+	GEGEGB_01575	2	persistent	4	0	0
LNHIMF_01641	contig_1	1636715	1637410	+	BEJGEH_01496	1	persistent	3	0	0
LNHIMF_01642	contig_1	1637407	1638087	+	LNHIMF_01642	1	persistent	2	0	0
LNHIMF_01643	contig_1	1638193	1639086	+	GEGEGB_01577	1	persistent	3	0	0
LNHIMF_01644	contig_1	1639122	1639967	-	LNHIMF_01644	1	persistent	2	0	0
LNHIMF_01645	contig_1	1640250	1640882	-	LNHIMF_01645	1	persistent	2	0	0
LNHIMF_01646	contig_1	1641395	1642888	+	GEGEGB_01580	1	persistent	2	0	0
LNHIMF_01647	contig_1	1642965	1643186	-	GEGEGB_01581	1	persistent	2	0	0
LNHIMF_01648	contig_1	1643331	1644392	-	GEGEGB_01582	1	persistent	2	0	0
LNHIMF_01649	contig_1	1644611	1646776	+	LNHIMF_01649	1	persistent	2	0	0
LNHIMF_01650	contig_1	1646832	1647497	-	GEGEGB_01584	1	persistent	2	0	0
LNHIMF_01651	contig_1	1647831	1648868	-	LNHIMF_01651	1	persistent	2	0	0
LNHIMF_01652	contig_1	1649079	1649594	+	LNHIMF_01652	1	persistent	2	0	0
LNHIMF_01653	contig_1	1649594	1650043	+	GEGEGB_01587	1	persistent	2	0	0
LNHIMF_01654	contig_1	1650048	1650281	-	LNHIMF_01654	1	persistent	2	0	0
LNHIMF_01655	contig_1	1650505	1651830	+	HFCAGB_01692	1	persistent	2	0	0
LNHIMF_01656	contig_1	1651835	1654816	+	GEGEGB_01590	1	persistent	2	0	0
LNHIMF_01657	contig_1	1654813	1656957	+	LNHIMF_01657	1	persistent	3	0	0
LNHIMF_01658	contig_1	1657002	1657175	-	BEJGEH_01479	1	persistent	2	0	0
LNHIMF_01659	contig_1	1657574	1658998	-	LNHIMF_01659	1	persistent	3	0	0
LNHIMF_01660	contig_1	1659134	1660558	-	LNHIMF_01660	1	persistent	2	0	0
LNHIMF_01661	contig_1	1660694	1661464	-	LNHIMF_01661	1	persistent	2	0	0
LNHIMF_01662	contig_1	1661988	1662386	-	GEGEGB_01595	1	persistent	1	1	2
LNHIMF_01663	contig_1	1662902	1663852	+	PAPNPA_03953	1	cloud	2	0	1
LNHIMF_01664	contig_1	1664124	1664354	+	GEGEGB_01598	1	persistent	1	1	1
LNHIMF_01665	contig_1	1664355	1666319	-	LNHIMF_01665	1	persistent	2	0	0
LNHIMF_01666	contig_1	1666398	1666934	-	GEGEGB_01600	1	persistent	2	0	0
LNHIMF_01667	contig_1	1667026	1668204	+	LNHIMF_01667	1	persistent	2	0	0
LNHIMF_01668	contig_1	1668258	1668926	-	LNHIMF_01668	1	persistent	2	0	0
LNHIMF_01669	contig_1	1669082	1669678	-	LNHIMF_01669	1	persistent	2	0	0
LNHIMF_01670	contig_1	1669665	1670678	-	LNHIMF_01670	1	persistent	2	0	0
LNHIMF_01671	contig_1	1670785	1671765	+	LNHIMF_01671	1	persistent	2	0	0
LNHIMF_01672	contig_1	1671762	1672301	-	GEGEGB_01606	1	persistent	2	0	0
LNHIMF_01673	contig_1	1672518	1673636	+	LNHIMF_01673	1	persistent	2	0	0
LNHIMF_01674	contig_1	1673633	1673914	+	GEGEGB_01608	1	persistent	2	0	0
LNHIMF_01675	contig_1	1673925	1675238	+	GEGEGB_01609	1	persistent	2	0	0
LNHIMF_01676	contig_1	1675252	1676058	+	LNHIMF_01676	1	persistent	2	0	0
LNHIMF_01677	contig_1	1676190	1676627	+	GEGEGB_01611	1	persistent	2	0	0
LNHIMF_01678	contig_1	1676639	1677271	+	GEGEGB_01612	1	persistent	2	0	0
LNHIMF_01679	contig_1	1677287	1678078	+	GEGEGB_01613	1	persistent	2	0	0
LNHIMF_01680	contig_1	1678078	1678515	+	BEJGEH_01457	1	persistent	2	0	1
LNHIMF_01681	contig_1	1678562	1679767	-	HFCAGB_01665	1	persistent	2	0	0
LNHIMF_01682	contig_1	1679776	1680342	-	LNHIMF_01682	1	persistent	2	0	1
LNHIMF_01683	contig_1	1680547	1682166	-	GEGEGB_01617	1	persistent	2	0	0
LNHIMF_01684	contig_1	1682422	1683930	-	LNHIMF_01684	1	persistent	2	0	0
LNHIMF_01685	contig_1	1683979	1685322	-	LNHIMF_01685	1	persistent	3	0	0
LNHIMF_01686	contig_1	1685615	1686538	+	LNHIMF_01686	1	persistent	2	0	0
LNHIMF_01687	contig_1	1686599	1688224	-	LNHIMF_01687	1	persistent	2	0	0
LNHIMF_01688	contig_1	1688393	1689511	-	LNHIMF_01688	1	persistent	2	0	0
LNHIMF_01689	contig_1	1689543	1689818	-	LNHIMF_01689	1	persistent	3	0	0
LNHIMF_01690	contig_1	1690872	1691588	-	LNHIMF_01690	1	persistent	3	0	0
LNHIMF_01691	contig_1	1692014	1693240	+	LNHIMF_01691	1	persistent	2	0	0
LNHIMF_01692	contig_1	1693361	1693705	-	LNHIMF_01692	1	persistent	3	0	0
LNHIMF_01693	contig_1	1694631	1695392	+	GEGEGB_01621	1	persistent	2	0	0
LNHIMF_01694	contig_1	1695414	1696046	+	ALJMDI_03455	1	persistent	2	0	0
LNHIMF_01695	contig_1	1696071	1696802	+	LNHIMF_01695	1	persistent	2	0	0
LNHIMF_01696	contig_1	1696799	1697479	+	GEGEGB_01624	1	persistent	2	0	0
LNHIMF_01697	contig_1	1697616	1699166	+	LNHIMF_01697	1	persistent	2	0	0
LNHIMF_01698	contig_1	1699167	1699262	-	GEGEGB_01626	1	persistent	2	0	0
LNHIMF_01699	contig_1	1699630	1700292	+	GEGEGB_01627	1	persistent	2	0	0
LNHIMF_01701	contig_1	1700563	1701093	-	LNHIMF_01701	1	persistent	2	0	0
LNHIMF_01702	contig_1	1701210	1702010	-	GEGEGB_01631	1	persistent	2	0	0
LNHIMF_01703	contig_1	1702074	1705994	-	LNHIMF_01703	1	persistent	2	0	0
LNHIMF_01704	contig_1	1706177	1706782	+	GEGEGB_01633	1	persistent	2	0	0
LNHIMF_01705	contig_1	1706779	1707228	-	GEGEGB_01634	1	persistent	2	0	0
LNHIMF_01706	contig_1	1707372	1707695	-	LNHIMF_01706	1	persistent	2	0	0
LNHIMF_01707	contig_1	1707703	1707894	-	GEGEGB_01636	1	persistent	2	0	0
LNHIMF_01708	contig_1	1707894	1710530	-	BEJGEH_01424	1	persistent	2	0	0
LNHIMF_01709	contig_1	1710770	1711759	+	GEGEGB_01639	1	persistent	2	0	0
LNHIMF_01710	contig_1	1711870	1712280	+	GEGEGB_01640	1	persistent	2	0	0
LNHIMF_01711	contig_1	1712324	1712590	-	GEGEGB_01641	1	persistent	2	0	0
LNHIMF_01712	contig_1	1712866	1716390	+	GEGEGB_01642	1	persistent	2	1	0
LNHIMF_01714	contig_1	1716872	1717306	+	GEGEGB_01647	1	persistent	2	0	1
LNHIMF_01715	contig_1	1717356	1717694	-	GEGEGB_01648	1	persistent	2	0	2
LNHIMF_01716	contig_1	1717969	1719801	-	GEGEGB_01649	1	cloud	2	0	0
LNHIMF_01717	contig_1	1720489	1721424	+	GEGEGB_01650	1	persistent	2	0	2
LNHIMF_01718	contig_1	1721468	1722841	-	HFCAGB_01626	1	persistent	2	0	0
LNHIMF_01720	contig_1	1723328	1724311	-	LNHIMF_01720	1	persistent	2	0	0
LNHIMF_01721	contig_1	1724457	1725611	-	LNHIMF_01721	1	persistent	2	0	0
LNHIMF_01722	contig_1	1726022	1726585	-	LNHIMF_01722	1	persistent	2	0	0
LNHIMF_01723	contig_1	1726843	1727358	+	GEGEGB_01657	1	persistent	2	0	0
LNHIMF_01724	contig_1	1727554	1728306	+	LNHIMF_01724	1	persistent	2	0	0
LNHIMF_01725	contig_1	1728457	1729404	+	LNHIMF_01725	1	persistent	2	0	0
LNHIMF_01726	contig_1	1729459	1729713	-	GEGEGB_01660	1	persistent	2	0	0
LNHIMF_01727	contig_1	1729952	1730983	+	GEGEGB_01661	1	persistent	2	0	0
LNHIMF_01728	contig_1	1731069	1731671	-	GEGEGB_01662	1	persistent	2	0	0
LNHIMF_01729	contig_1	1731715	1732401	+	LNHIMF_01729	1	persistent	3	0	0
LNHIMF_01730	contig_1	1732429	1732767	+	GEGEGB_01664	1	persistent	2	0	0
LNHIMF_01731	contig_1	1732872	1733390	-	LNHIMF_01731	1	persistent	3	0	2
LNHIMF_01732	contig_1	1733525	1734349	-	ALJMDI_03492	1	cloud	2	0	0
LNHIMF_01733	contig_1	1734376	1736358	-	LNHIMF_01733	1	persistent	2	0	2
LNHIMF_01734	contig_1	1736433	1737278	-	LNHIMF_01734	1	persistent	2	0	0
LNHIMF_01735	contig_1	1737576	1738427	+	LNHIMF_01735	1	persistent	2	0	0
LNHIMF_01736	contig_1	1738871	1739926	+	BEJGEH_01396	1	persistent	2	0	0
LNHIMF_01737	contig_1	1740140	1740376	-	GEGEGB_01671	1	persistent	2	0	0
LNHIMF_01738	contig_1	1740504	1741094	-	GEGEGB_01672	1	persistent	2	0	0
LNHIMF_01739	contig_1	1741172	1741885	+	GEGEGB_01673	1	persistent	2	0	0
LNHIMF_01740	contig_1	1741976	1742812	-	ALJMDI_03500	1	persistent	2	0	0
LNHIMF_01741	contig_1	1743121	1744026	-	LNHIMF_01741	1	persistent	2	0	0
LNHIMF_01742	contig_1	1744146	1745075	+	LNHIMF_01742	1	persistent	2	0	0
LNHIMF_01743	contig_1	1745172	1746785	-	BEJGEH_01389	1	persistent	2	0	0
LNHIMF_01744	contig_1	1746975	1747703	+	GEGEGB_01678	1	persistent	2	0	0
LNHIMF_01745	contig_1	1747678	1748643	-	LNHIMF_01745	1	persistent	2	0	0
LNHIMF_01746	contig_1	1748759	1749265	+	LNHIMF_01746	1	persistent	2	1	1
LNHIMF_01747	contig_1	1749355	1750896	-	GEGEGB_01684	1	persistent	2	1	0
LNHIMF_01748	contig_1	1751044	1752105	-	LNHIMF_01748	1	persistent	2	0	0
LNHIMF_01749	contig_1	1752102	1753499	-	GEGEGB_01686	1	persistent	2	0	0
LNHIMF_01750	contig_1	1753648	1753962	-	GEGEGB_01687	1	persistent	2	0	1
LNHIMF_01751	contig_1	1754038	1754256	-	GEGEGB_01688	1	persistent	2	0	0
LNHIMF_01752	contig_1	1754279	1754638	-	LNHIMF_01752	1	persistent	2	0	1
LNHIMF_01753	contig_1	1754638	1754862	-	GEGEGB_01690	1	persistent	2	0	0
LNHIMF_01754	contig_1	1754922	1755590	-	GEGEGB_01691	1	persistent	2	0	0
LNHIMF_01755	contig_1	1755761	1756741	+	LNHIMF_01755	1	persistent	2	0	0
LNHIMF_01756	contig_1	1756853	1758502	+	LNHIMF_01756	1	persistent	2	0	0
LNHIMF_01757	contig_1	1758499	1759464	+	GEGEGB_01694	1	persistent	2	0	1
LNHIMF_01758	contig_1	1759818	1759982	+	GEGEGB_01695	1	cloud	1	0	1
LNHIMF_01759	contig_1	1760385	1760810	-	ALJMDI_03519	1	cloud	0	0	3
LNHIMF_01760	contig_1	1761465	1761647	-	ALJMDI_03520	1	cloud	0	0	2
LNHIMF_01761	contig_1	1762118	1762840	+	ALJMDI_03521	1	cloud	1	0	1
LNHIMF_01762	contig_1	1763663	1764553	+	GEGEGB_01699	1	persistent	2	0	2
LNHIMF_01763	contig_1	1764553	1765545	+	GEGEGB_01700	1	persistent	2	0	0
LNHIMF_01764	contig_1	1765547	1766353	+	LNHIMF_01764	1	persistent	2	0	0
LNHIMF_01765	contig_1	1766369	1767076	-	LNHIMF_01765	1	persistent	2	0	0
LNHIMF_01766	contig_1	1767542	1768915	-	HFCAGB_01582	1	persistent	2	0	0
LNHIMF_01767	contig_1	1769522	1770310	+	GEGEGB_01704	1	persistent	2	0	0
LNHIMF_01768	contig_1	1770510	1771643	+	BEJGEH_01368	1	persistent	2	0	0
LNHIMF_01769	contig_1	1771732	1773666	+	LNHIMF_01769	1	persistent	2	0	0
LNHIMF_01770	contig_1	1773928	1775910	+	LNHIMF_01770	1	persistent	2	0	0
LNHIMF_01771	contig_1	1776032	1776211	+	GEGEGB_01708	1	persistent	2	0	0
LNHIMF_01772	contig_1	1776328	1777050	+	GEGEGB_01709	1	persistent	2	0	0
LNHIMF_01773	contig_1	1777309	1777527	+	LNHIMF_01773	1	persistent	2	0	0
LNHIMF_01774	contig_1	1777647	1777973	-	GEGEGB_01711	1	persistent	2	0	0
LNHIMF_01775	contig_1	1777973	1778710	-	GEGEGB_01712	1	persistent	2	0	0
LNHIMF_01776	contig_1	1778901	1780070	-	GEGEGB_01713	1	persistent	2	0	0
LNHIMF_01777	contig_1	1780077	1780385	-	GEGEGB_01714	1	persistent	2	0	0
LNHIMF_01778	contig_1	1780535	1781299	-	GEGEGB_01715	1	persistent	2	0	0
LNHIMF_01779	contig_1	1781495	1782085	+	GEGEGB_01716	1	persistent	2	0	0
LNHIMF_01780	contig_1	1782141	1784816	-	LNHIMF_01780	1	persistent	2	0	0
LNHIMF_01782	contig_1	1785372	1785500	-	GEGEGB_01719	1	persistent	2	0	0
LNHIMF_01783	contig_1	1785793	1786767	-	GEGEGB_01720	1	persistent	2	0	0
LNHIMF_01785	contig_1	1787171	1789768	-	GEGEGB_01722	1	persistent	2	0	0
LNHIMF_01786	contig_1	1790171	1790422	+	GEGEGB_01723	1	persistent	2	0	0
LNHIMF_01787	contig_1	1790464	1791582	-	LNHIMF_01787	1	persistent	2	0	0
LNHIMF_01788	contig_1	1791748	1792509	+	GEGEGB_01725	1	persistent	2	0	0
LNHIMF_01789	contig_1	1792506	1793096	+	LNHIMF_01789	1	persistent	2	0	0
LNHIMF_01790	contig_1	1793183	1794058	-	GEGEGB_01727	1	persistent	2	0	0
LNHIMF_01791	contig_1	1794159	1794779	-	GEGEGB_01728	1	persistent	2	0	0
LNHIMF_01792	contig_1	1794787	1795656	-	GEGEGB_01729	1	persistent	2	0	0
LNHIMF_01793	contig_1	1795772	1795834	+	GEGEGB_01730	1	persistent	2	0	0
LNHIMF_01794	contig_1	1795929	1797491	+	LNHIMF_01794	1	persistent	2	0	0
LNHIMF_01795	contig_1	1797491	1799086	+	GEGEGB_01732	1	persistent	2	0	0
LNHIMF_01796	contig_1	1799090	1800448	+	GEGEGB_01733	1	persistent	2	0	0
LNHIMF_01797	contig_1	1800458	1801651	+	GEGEGB_01734	1	persistent	2	0	0
LNHIMF_01798	contig_1	1801651	1802457	+	GEGEGB_01735	1	persistent	2	0	0
LNHIMF_01799	contig_1	1802937	1803119	+	GEGEGB_01513	3	persistent	6	0	0
LNHIMF_01800	contig_1	1803209	1803712	+	GEGEGB_01737	1	persistent	2	0	0
LNHIMF_01801	contig_1	1803786	1804292	+	GEGEGB_01738	1	persistent	2	0	0
LNHIMF_01802	contig_1	1804312	1805190	+	LNHIMF_01802	1	persistent	2	0	0
LNHIMF_01803	contig_1	1805272	1805910	-	GEGEGB_01740	1	persistent	3	0	0
LNHIMF_01804	contig_1	1806247	1806651	+	GEGEGB_01741	1	persistent	2	0	0
LNHIMF_01805	contig_1	1806677	1807420	+	GEGEGB_01742	1	persistent	3	0	0
LNHIMF_01806	contig_1	1807477	1808016	+	GEGEGB_01743	1	persistent	2	0	0
LNHIMF_01807	contig_1	1808177	1808578	+	GEGEGB_01744	1	persistent	2	0	0
LNHIMF_01808	contig_1	1808648	1809376	-	LNHIMF_01808	1	persistent	2	0	0
LNHIMF_01809	contig_1	1809599	1809895	+	GEGEGB_01746	1	persistent	2	0	0
LNHIMF_01810	contig_1	1809939	1810112	-	GEGEGB_01747	1	persistent	2	0	0
LNHIMF_01811	contig_1	1810255	1811715	+	GEGEGB_01748	1	persistent	2	0	0
LNHIMF_01812	contig_1	1811749	1812078	+	GEGEGB_01749	1	persistent	2	0	0
LNHIMF_01813	contig_1	1812126	1812962	-	LNHIMF_01813	1	persistent	2	0	0
LNHIMF_01814	contig_1	1813010	1814014	-	GEGEGB_01751	1	persistent	2	0	0
LNHIMF_01815	contig_1	1814011	1815018	-	LNHIMF_01815	1	persistent	2	0	0
LNHIMF_01816	contig_1	1815030	1815938	-	LNHIMF_01816	1	persistent	2	0	0
LNHIMF_01817	contig_1	1815953	1816996	-	BEJGEH_01320	1	persistent	2	0	0
LNHIMF_01818	contig_1	1816996	1818627	-	BEJGEH_01319	1	persistent	2	0	0
LNHIMF_01819	contig_1	1819392	1820039	-	GEGEGB_01757	1	persistent	2	0	0
LNHIMF_01820	contig_1	1820516	1823194	+	GEGEGB_01758	1	persistent	3	0	1
LNHIMF_01821	contig_1	1823389	1824006	-	GEGEGB_01759	1	persistent	2	0	0
LNHIMF_01822	contig_1	1824669	1825082	+	GEGEGB_01760	1	persistent	2	0	0
LNHIMF_01823	contig_1	1825214	1826122	-	GEGEGB_01761	1	persistent	2	0	0
LNHIMF_01824	contig_1	1826325	1827338	-	GEGEGB_01762	1	persistent	2	0	0
LNHIMF_01825	contig_1	1827429	1828325	-	LNHIMF_01825	1	persistent	2	0	0
LNHIMF_01826	contig_1	1828445	1828903	+	BEJGEH_01311	1	persistent	2	0	0
LNHIMF_01827	contig_1	1828954	1829796	+	GEGEGB_01765	1	persistent	3	0	1
LNHIMF_01830	contig_1	1830802	1831356	+	LNHIMF_01830	1	cloud	2	0	0
LNHIMF_01831	contig_1	1831524	1832201	-	LNHIMF_01831	1	persistent	3	0	1
LNHIMF_01832	contig_1	1832201	1832911	-	LNHIMF_01832	1	persistent	2	0	0
LNHIMF_01833	contig_1	1832908	1834443	-	GEGEGB_01575	2	persistent	4	0	0
LNHIMF_01834	contig_1	1834440	1838183	-	GEGEGB_01771	1	persistent	2	0	0
LNHIMF_01835	contig_1	1838571	1839968	-	GEGEGB_01772	1	persistent	2	0	0
LNHIMF_01836	contig_1	1840307	1842103	+	LNHIMF_01836	1	persistent	2	0	0
LNHIMF_01837	contig_1	1842096	1842746	+	LNHIMF_01837	1	persistent	2	0	0
LNHIMF_01838	contig_1	1842747	1844171	-	PAPNPA_00575	1	persistent	2	0	0
LNHIMF_01839	contig_1	1844348	1844701	+	GEGEGB_01776	1	persistent	2	0	0
LNHIMF_01840	contig_1	1844781	1845011	-	GEGEGB_01777	1	persistent	2	0	0
LNHIMF_01841	contig_1	1845278	1846378	+	LNHIMF_01841	1	persistent	2	1	0
LNHIMF_01842	contig_1	1846432	1847286	-	GEGEGB_01176	1	persistent	2	1	0
LNHIMF_01843	contig_1	1847324	1848133	-	GEGEGB_01175	1	persistent	2	0	0
LNHIMF_01844	contig_1	1848137	1848526	-	GEGEGB_01174	1	persistent	2	0	0
LNHIMF_01845	contig_1	1848523	1849356	-	LNHIMF_01845	1	persistent	2	0	0
LNHIMF_01846	contig_1	1849356	1850438	-	GEGEGB_01172	1	persistent	2	0	0
LNHIMF_01847	contig_1	1850479	1851735	-	GEGEGB_01171	1	persistent	2	0	0
LNHIMF_01848	contig_1	1852049	1852672	+	LNHIMF_01848	1	persistent	2	0	0
LNHIMF_01849	contig_1	1852669	1853520	+	GEGEGB_01169	1	persistent	2	0	0
LNHIMF_01850	contig_1	1853786	1854733	+	GEGEGB_01168	1	persistent	2	0	0
LNHIMF_01851	contig_1	1854885	1856543	+	GEGEGB_01167	1	persistent	2	0	0
LNHIMF_01852	contig_1	1856588	1856866	-	LNHIMF_01852	1	persistent	2	0	0
LNHIMF_01853	contig_1	1857142	1857726	+	GEGEGB_01165	1	persistent	2	0	0
LNHIMF_01854	contig_1	1857843	1858934	+	GEGEGB_01164	1	persistent	2	0	2
LNHIMF_01855	contig_1	1859820	1860587	+	LNHIMF_01855	1	cloud	2	0	0
LNHIMF_01856	contig_1	1861077	1862342	-	BEJGEH_01280	1	persistent	2	0	2
LNHIMF_01857	contig_1	1862835	1863953	+	LNHIMF_01857	1	persistent	2	0	1
LNHIMF_01858	contig_1	1863950	1865743	+	GEGEGB_01160	1	persistent	2	0	0
LNHIMF_01859	contig_1	1865762	1866493	+	LNHIMF_01859	1	persistent	2	0	0
LNHIMF_01860	contig_1	1866490	1867086	+	GEGEGB_01158	1	persistent	2	0	0
LNHIMF_01861	contig_1	1867025	1867480	+	GEGEGB_01157	1	persistent	2	0	0
LNHIMF_01862	contig_1	1867477	1868325	+	GEGEGB_01156	1	persistent	2	0	0
LNHIMF_01863	contig_1	1868400	1869944	+	LNHIMF_01863	1	persistent	2	0	0
LNHIMF_01864	contig_1	1869956	1871092	+	LNHIMF_01864	1	persistent	2	0	0
LNHIMF_01865	contig_1	1871105	1871194	+	GEGEGB_01153	1	persistent	2	0	0
LNHIMF_01866	contig_1	1871589	1872863	+	LNHIMF_01866	1	persistent	2	0	0
LNHIMF_01867	contig_1	1873077	1874789	+	LNHIMF_01867	1	persistent	2	0	0
LNHIMF_01868	contig_1	1874852	1875106	-	GEGEGB_01148	1	persistent	2	0	0
LNHIMF_01869	contig_1	1875275	1876009	+	LNHIMF_01869	1	persistent	2	0	0
LNHIMF_01870	contig_1	1876023	1876634	-	GEGEGB_01146	1	persistent	2	0	0
LNHIMF_01871	contig_1	1876805	1877719	+	GEGEGB_01145	1	persistent	2	0	0
LNHIMF_01872	contig_1	1877816	1879549	+	GEGEGB_01144	1	persistent	2	0	0
LNHIMF_01873	contig_1	1879612	1880682	-	LNHIMF_01873	1	persistent	2	0	0
LNHIMF_01874	contig_1	1880696	1881994	-	LNHIMF_01874	1	persistent	2	0	0
LNHIMF_01875	contig_1	1882317	1883849	+	GEGEGB_01141	1	persistent	2	0	0
LNHIMF_01876	contig_1	1883896	1884615	-	LNHIMF_01876	1	persistent	2	0	0
LNHIMF_01877	contig_1	1884835	1886379	+	GEGEGB_01139	1	persistent	2	0	0
LNHIMF_01878	contig_1	1886521	1887051	+	GEGEGB_01138	1	persistent	2	0	0
LNHIMF_01879	contig_1	1887160	1887501	+	GEGEGB_01137	1	persistent	2	0	0
LNHIMF_01880	contig_1	1887573	1887746	-	GEGEGB_01136	1	persistent	2	0	0
LNHIMF_01881	contig_1	1887939	1888076	-	GEGEGB_01135	1	persistent	2	0	0
LNHIMF_01882	contig_1	1888428	1888874	-	LNHIMF_01882	1	persistent	2	0	0
LNHIMF_01883	contig_1	1888967	1889626	-	GEGEGB_01133	1	persistent	2	0	0
LNHIMF_01884	contig_1	1889676	1889969	-	LNHIMF_01884	1	persistent	2	0	0
LNHIMF_01885	contig_1	1890095	1890802	+	GEGEGB_01131	1	persistent	2	0	0
LNHIMF_01886	contig_1	1890826	1891638	+	LNHIMF_01886	1	persistent	2	0	0
LNHIMF_01887	contig_1	1891642	1891908	+	GEGEGB_01129	1	persistent	2	0	0
LNHIMF_01888	contig_1	1892030	1893145	-	GEGEGB_01128	1	persistent	2	1	0
LNHIMF_01890	contig_1	1893230	1894981	-	GEGEGB_01126	1	persistent	2	1	0
LNHIMF_01891	contig_1	1895120	1895701	-	GEGEGB_01125	1	persistent	2	0	0
LNHIMF_01892	contig_1	1895773	1896468	-	GEGEGB_01124	1	persistent	2	0	0
LNHIMF_01893	contig_1	1896526	1898436	-	GEGEGB_01123	1	persistent	2	0	0
LNHIMF_01894	contig_1	1898568	1898912	+	LNHIMF_01894	1	persistent	2	0	0
LNHIMF_01895	contig_1	1898918	1899097	-	GEGEGB_01121	1	persistent	2	0	0
LNHIMF_01896	contig_1	1899178	1900542	+	GEGEGB_01120	1	persistent	2	0	0
LNHIMF_01897	contig_1	1900546	1901124	+	LNHIMF_01897	1	persistent	2	0	0
LNHIMF_01898	contig_1	1901388	1902752	+	GEGEGB_01118	1	persistent	2	0	0
LNHIMF_01899	contig_1	1902890	1904491	+	LNHIMF_01899	1	persistent	2	0	0
LNHIMF_01900	contig_1	1904513	1906072	-	LNHIMF_01900	1	persistent	2	0	0
LNHIMF_01901	contig_1	1906545	1907513	+	GEGEGB_01115	1	persistent	2	0	0
LNHIMF_01902	contig_1	1907566	1908366	+	GEGEGB_01114	1	persistent	2	0	0
LNHIMF_01903	contig_1	1908379	1909230	+	GEGEGB_01113	1	persistent	2	0	0
LNHIMF_01904	contig_1	1909289	1909747	+	GEGEGB_01112	1	persistent	2	0	0
LNHIMF_01905	contig_1	1910157	1910723	+	GEGEGB_01111	1	persistent	2	0	0
LNHIMF_01906	contig_1	1910720	1911529	-	LNHIMF_01906	1	persistent	2	0	0
LNHIMF_01907	contig_1	1911595	1913340	-	GEGEGB_01109	1	persistent	2	0	0
LNHIMF_01908	contig_1	1913560	1913769	-	GEGEGB_01108	2	persistent	4	0	0
LNHIMF_01909	contig_1	1914574	1914861	-	GEGEGB_01107	1	persistent	2	0	0
LNHIMF_01910	contig_1	1914932	1915075	-	GEGEGB_01106	1	persistent	2	0	0
LNHIMF_01911	contig_1	1915233	1915472	+	GEGEGB_01105	1	persistent	2	0	0
LNHIMF_01912	contig_1	1915684	1916475	-	LNHIMF_01912	1	persistent	2	1	0
LNHIMF_01913	contig_1	1916651	1918024	+	BEJGEH_01222	1	persistent	2	1	0
LNHIMF_01914	contig_1	1918072	1918953	-	GEGEGB_01101	1	persistent	2	0	0
LNHIMF_01915	contig_1	1919146	1921194	-	GEGEGB_01100	1	persistent	2	0	0
LNHIMF_01916	contig_1	1921214	1921900	-	GEGEGB_01099	1	persistent	2	0	0
LNHIMF_01917	contig_1	1921998	1922567	-	LNHIMF_01917	1	persistent	2	0	0
LNHIMF_01918	contig_1	1922624	1923907	+	LNHIMF_01918	1	persistent	2	0	0
LNHIMF_01919	contig_1	1923876	1926509	+	GEGEGB_01096	1	persistent	2	0	0
LNHIMF_01920	contig_1	1926485	1928026	+	LNHIMF_01920	1	persistent	2	0	0
LNHIMF_01921	contig_1	1928140	1928379	+	GEGEGB_01094	1	persistent	2	0	0
LNHIMF_01922	contig_1	1928490	1928681	+	GEGEGB_01093	1	persistent	2	0	1
LNHIMF_01923	contig_1	1928700	1929584	-	LNHIMF_01923	1	cloud	2	0	0
LNHIMF_01924	contig_1	1929575	1929739	-	GEGEGB_01090	1	persistent	3	0	1
LNHIMF_01925	contig_1	1930024	1930746	-	BEJGEH_01210	1	persistent	2	0	0
LNHIMF_01926	contig_1	1931430	1931825	+	LNHIMF_01926	1	persistent	2	0	0
LNHIMF_01927	contig_1	1932153	1932629	+	LNHIMF_01927	1	persistent	2	0	2
LNHIMF_01928	contig_1	1933017	1933436	-	LNHIMF_01928	1	persistent	1	2	6
LNHIMF_01929	contig_1	1933565	1933765	-	LNHIMF_01929	1	cloud	1	0	1
LNHIMF_01930	contig_1	1934576	1934857	-	LNHIMF_01930	1	cloud	2	1	2
LNHIMF_01931	contig_1	1934937	1935593	+	BEJGEH_00346	2	persistent	2	1	3
LNHIMF_01932	contig_1	1936384	1936647	+	HFCAGB_01415	1	cloud	1	2	0
LNHIMF_01933	contig_1	1936634	1937299	+	AJBGEP_01956	1	shell	1	2	3
LNHIMF_01934	contig_1	1937432	1937590	+	GEGEGB_01081	1	shell	0	2	0
LNHIMF_01935	contig_1	1937600	1938214	+	LNHIMF_01935	1	shell	0	2	1
LNHIMF_01936	contig_1	1938663	1938785	-	BENMGJ_03766	1	shell	0	4	2
LNHIMF_01937	contig_1	1939386	1939544	+	LNHIMF_01937	1	shell	0	3	1
LNHIMF_01938	contig_1	1940213	1940257	+	AJBGEP_01961	1	shell	0	4	1
LNHIMF_01939	contig_1	1940354	1941682	-	AJBGEP_02772	1	shell	0	8	0
LNHIMF_01940	contig_1	1941675	1942049	-	HFCAGB_01376	1	shell	0	4	1
LNHIMF_01941	contig_1	1942069	1942248	-	LNHIMF_01941	1	shell	0	3	1
LNHIMF_01942	contig_1	1942235	1942726	-	IKCLMC_04289	1	shell	0	3	4
LNHIMF_01943	contig_1	1943029	1943196	+	LNHIMF_01943	1	shell	0	2	2
LNHIMF_01944	contig_1	1943509	1943763	-	ODDLKH_02361	1	cloud	0	2	1
LNHIMF_01945	contig_1	1944135	1945406	+	AJBGEP_01248	1	cloud	1	2	4
LNHIMF_01946	contig_1	1945403	1946482	+	PAPNPA_00762	1	persistent	1	1	8
LNHIMF_01949	contig_1	1946857	1947210	-	GEGEGB_01072	1	persistent	2	0	1
LNHIMF_01950	contig_1	1947227	1948102	-	LNHIMF_01950	1	persistent	2	0	0
LNHIMF_01951	contig_1	1948103	1948477	-	LNHIMF_01951	1	persistent	2	0	0
LNHIMF_01952	contig_1	1948615	1948845	+	GEGEGB_01069	1	persistent	2	0	0
LNHIMF_01953	contig_1	1948953	1949609	+	LNHIMF_01953	1	persistent	2	0	0
LNHIMF_01954	contig_1	1949633	1950331	+	GEGEGB_01067	1	persistent	2	0	0
LNHIMF_01955	contig_1	1950368	1952419	-	GEGEGB_01066	1	persistent	2	0	0
LNHIMF_01956	contig_1	1952632	1953291	-	LNHIMF_01956	1	persistent	2	0	0
LNHIMF_01957	contig_1	1953385	1953738	-	GEGEGB_01064	1	persistent	2	0	0
LNHIMF_01958	contig_1	1953806	1954096	-	GEGEGB_01063	1	persistent	2	0	0
LNHIMF_01959	contig_1	1954227	1955405	+	GEGEGB_01062	1	persistent	2	0	0
LNHIMF_01960	contig_1	1955505	1956146	-	LNHIMF_01960	1	persistent	2	0	0
LNHIMF_01961	contig_1	1956184	1957995	-	GEGEGB_01060	1	persistent	2	0	0
LNHIMF_01962	contig_1	1958230	1959705	-	LNHIMF_01962	1	persistent	2	0	0
LNHIMF_01963	contig_1	1960047	1960916	+	GEGEGB_01058	1	persistent	2	0	1
LNHIMF_01964	contig_1	1961040	1962482	+	GEGEGB_01057	1	persistent	2	1	0
LNHIMF_01965	contig_1	1962555	1963526	-	GEGEGB_01056	1	persistent	2	1	0
LNHIMF_01966	contig_1	1963643	1964962	-	LNHIMF_01966	1	persistent	2	0	1
LNHIMF_01967	contig_1	1964978	1965979	-	LNHIMF_01967	1	persistent	2	0	0
LNHIMF_01968	contig_1	1966001	1966756	+	LNHIMF_01968	1	persistent	2	0	0
LNHIMF_01969	contig_1	1966753	1967538	+	GEGEGB_01052	1	persistent	2	0	0
LNHIMF_01970	contig_1	1967617	1968627	-	GEGEGB_01051	1	persistent	2	0	1
LNHIMF_01971	contig_1	1968636	1969247	-	LNHIMF_01971	1	persistent	2	1	1
LNHIMF_01972	contig_1	1969606	1970298	-	LNHIMF_01972	1	shell	2	0	1
LNHIMF_01973	contig_1	1970507	1971106	+	LNHIMF_01973	1	persistent	2	1	3
LNHIMF_01974	contig_1	1971108	1971629	-	GEGEGB_01047	1	persistent	2	0	1
LNHIMF_01975	contig_1	1971666	1972406	-	GEGEGB_01046	1	persistent	2	0	0
LNHIMF_01976	contig_1	1972436	1972888	-	GEGEGB_01045	1	persistent	2	0	0
LNHIMF_01977	contig_1	1972991	1974763	-	LNHIMF_01977	1	persistent	2	0	0
LNHIMF_01978	contig_1	1975088	1975654	+	GEGEGB_01043	1	persistent	2	0	0
LNHIMF_01979	contig_1	1975651	1976469	+	GEGEGB_01042	1	persistent	2	0	0
LNHIMF_01980	contig_1	1976522	1976917	+	GEGEGB_01041	1	persistent	2	0	0
LNHIMF_01981	contig_1	1976958	1977701	+	GEGEGB_01040	1	persistent	2	0	0
LNHIMF_01982	contig_1	1977698	1978669	+	GEGEGB_01039	1	persistent	2	0	0
LNHIMF_01984	contig_1	1978905	1979651	-	LNHIMF_01984	1	persistent	2	0	0
LNHIMF_01985	contig_1	1979671	1980240	-	LNHIMF_01985	1	persistent	2	0	0
LNHIMF_01986	contig_1	1980477	1982210	+	GEGEGB_01035	1	persistent	2	0	0
LNHIMF_01987	contig_1	1982399	1984270	+	LNHIMF_01987	1	persistent	2	0	0
LNHIMF_01988	contig_1	1984324	1985463	-	LNHIMF_01988	1	persistent	2	0	0
LNHIMF_01989	contig_1	1985700	1986092	-	GEGEGB_01031	1	persistent	2	0	0
LNHIMF_01990	contig_1	1986092	1988170	-	GEGEGB_01030	1	persistent	2	0	0
LNHIMF_01991	contig_1	1988163	1989314	-	GEGEGB_01029	1	persistent	2	0	1
LNHIMF_01992	contig_1	1989406	1989600	+	ODDLKH_02410	1	cloud	2	0	0
LNHIMF_01993	contig_1	1989508	1990155	-	LNHIMF_01993	1	persistent	2	0	1
LNHIMF_01994	contig_1	1990163	1990552	-	GEGEGB_01027	1	persistent	2	0	0
LNHIMF_01995	contig_1	1990570	1991619	-	GEGEGB_01026	1	persistent	2	0	0
LNHIMF_01996	contig_1	1991616	1992482	-	LNHIMF_01996	1	persistent	2	0	0
LNHIMF_01997	contig_1	1992643	1994304	-	LNHIMF_01997	1	persistent	2	0	0
LNHIMF_01998	contig_1	1994541	1995044	-	LNHIMF_01998	1	persistent	2	0	0
LNHIMF_01999	contig_1	1995065	1997080	-	GEGEGB_01022	1	persistent	2	0	0
LNHIMF_02000	contig_1	1997085	1998014	-	LNHIMF_02000	1	persistent	2	0	0
LNHIMF_02001	contig_1	1998011	1998898	-	LNHIMF_02001	1	persistent	2	0	0
LNHIMF_02002	contig_1	1999023	1999601	-	LNHIMF_02002	1	persistent	2	0	0
LNHIMF_02003	contig_1	1999604	1999945	-	GEGEGB_01018	1	persistent	2	0	0
LNHIMF_02004	contig_1	2000741	2001169	+	LNHIMF_02004	1	persistent	2	0	0
LNHIMF_02005	contig_1	2001187	2002608	-	GEGEGB_01016	1	persistent	2	0	0
LNHIMF_02006	contig_1	2002583	2003386	-	BEJGEH_01136	1	persistent	2	0	1
LNHIMF_02007	contig_1	2004018	2004575	-	BEJGEH_01135	1	persistent	2	0	1
LNHIMF_02008	contig_1	2005133	2005636	+	GEGEGB_01013	1	persistent	3	0	0
LNHIMF_02009	contig_1	2005815	2006453	-	LNHIMF_02009	1	persistent	2	0	0
LNHIMF_02010	contig_1	2006664	2006999	+	GEGEGB_01012	1	persistent	3	0	0
LNHIMF_02011	contig_1	2007239	2007736	+	GEGEGB_01011	1	persistent	2	0	0
LNHIMF_02012	contig_1	2007782	2008021	-	GEGEGB_01010	1	persistent	2	0	0
LNHIMF_02013	contig_1	2008191	2009459	+	GEGEGB_01009	1	persistent	2	0	0
LNHIMF_02014	contig_1	2009534	2010199	-	LNHIMF_02014	1	persistent	3	0	0
LNHIMF_02016	contig_1	2010438	2010764	-	LNHIMF_02016	1	persistent	2	0	0
LNHIMF_02017	contig_1	2010977	2012410	-	LNHIMF_02017	1	persistent	4	0	0
LNHIMF_02018	contig_1	2012630	2012914	-	LNHIMF_02018	1	persistent	2	0	1
LNHIMF_02022	contig_1	2013662	2014210	-	GEGEGB_01001	1	persistent	3	0	0
LNHIMF_02023	contig_1	2014267	2016099	-	GEGEGB_01000	1	persistent	2	0	0
LNHIMF_02024	contig_1	2016096	2016752	-	GEGEGB_00999	1	persistent	2	1	0
LNHIMF_02025	contig_1	2016815	2016892	-	GEGEGB_00998	1	shell	2	0	0
LNHIMF_02026	contig_1	2017216	2017440	+	GEGEGB_00997	1	persistent	2	1	0
LNHIMF_02027	contig_1	2017507	2018229	-	LNHIMF_02027	1	persistent	2	0	0
LNHIMF_02028	contig_1	2018462	2019214	-	GEGEGB_00995	1	persistent	2	0	0
LNHIMF_02029	contig_1	2019211	2019879	-	GEGEGB_00994	1	persistent	2	0	0
LNHIMF_02030	contig_1	2019900	2020886	-	LNHIMF_02030	1	persistent	2	0	0
LNHIMF_02031	contig_1	2021040	2021840	-	GEGEGB_00992	1	persistent	2	0	0
LNHIMF_02032	contig_1	2021987	2022538	-	GEGEGB_00991	1	persistent	2	0	0
LNHIMF_02033	contig_1	2022597	2023316	-	GEGEGB_00990	1	persistent	2	1	0
LNHIMF_02034	contig_1	2023513	2024718	-	LNHIMF_02034	1	persistent	1	3	2
LNHIMF_02035	contig_1	2024797	2026317	-	LNHIMF_02035	1	cloud	2	0	0
LNHIMF_02036	contig_1	2026574	2027977	+	GEGEGB_00986	1	persistent	1	2	1
LNHIMF_02037	contig_1	2027992	2028399	+	LNHIMF_02037	1	persistent	2	0	1
LNHIMF_02038	contig_1	2028399	2028767	+	GEGEGB_00984	1	persistent	2	0	0
LNHIMF_02039	contig_1	2028839	2030323	+	LNHIMF_02039	1	persistent	2	0	0
LNHIMF_02040	contig_1	2030363	2030776	-	AJBGEP_02065	1	persistent	2	0	0
LNHIMF_02041	contig_1	2030962	2032167	+	LNHIMF_02041	1	persistent	2	0	0
LNHIMF_02042	contig_1	2032164	2032397	+	GEGEGB_00980	1	persistent	2	1	0
LNHIMF_02043	contig_1	2033169	2033483	-	LNHIMF_02043	1	persistent	2	1	0
LNHIMF_02044	contig_1	2033700	2035382	+	LNHIMF_02044	1	persistent	2	0	0
LNHIMF_02045	contig_1	2035375	2036370	+	GEGEGB_00976	1	persistent	2	0	0
LNHIMF_02046	contig_1	2036363	2037070	+	GEGEGB_00975	1	persistent	2	0	0
LNHIMF_02047	contig_1	2037070	2038440	+	LNHIMF_02047	1	persistent	2	0	0
LNHIMF_02048	contig_1	2038462	2038905	+	GEGEGB_00973	1	persistent	2	0	0
LNHIMF_02049	contig_1	2038902	2040125	+	LNHIMF_02049	1	persistent	2	0	0
LNHIMF_02050	contig_1	2040230	2040697	+	LNHIMF_02050	1	persistent	2	0	0
LNHIMF_02051	contig_1	2040702	2041706	+	GEGEGB_00970	1	persistent	2	0	0
LNHIMF_02052	contig_1	2041703	2042116	+	LNHIMF_02052	1	persistent	2	0	0
LNHIMF_02053	contig_1	2042116	2042493	+	GEGEGB_00968	1	persistent	2	0	0
LNHIMF_02054	contig_1	2042493	2043230	+	GEGEGB_00967	1	persistent	2	0	0
LNHIMF_02055	contig_1	2043240	2043509	+	GEGEGB_00966	1	persistent	2	0	0
LNHIMF_02056	contig_1	2043518	2044312	+	LNHIMF_02056	1	persistent	2	0	0
LNHIMF_02057	contig_1	2044594	2045217	+	LNHIMF_02057	1	persistent	2	0	0
LNHIMF_02058	contig_1	2045256	2045450	-	GEGEGB_00963	1	persistent	2	0	0
LNHIMF_02059	contig_1	2045579	2045806	+	GEGEGB_00962	1	persistent	2	0	0
LNHIMF_02061	contig_1	2046116	2046931	+	GEGEGB_00960	1	persistent	2	0	0
LNHIMF_02062	contig_1	2046910	2048622	-	GEGEGB_00959	1	persistent	2	0	0
LNHIMF_02063	contig_1	2048787	2048972	-	GEGEGB_00958	1	persistent	2	0	0
LNHIMF_02064	contig_1	2049049	2049960	-	BEJGEH_01078	1	persistent	2	0	0
LNHIMF_02065	contig_1	2050136	2051056	+	GEGEGB_00955	1	persistent	2	0	0
LNHIMF_02066	contig_1	2051045	2051515	-	GEGEGB_00954	1	persistent	2	0	0
LNHIMF_02067	contig_1	2051496	2052926	-	LNHIMF_02067	1	persistent	2	0	0
LNHIMF_02068	contig_1	2053000	2053695	-	LNHIMF_02068	1	persistent	2	0	0
LNHIMF_02069	contig_1	2053787	2054086	-	GEGEGB_00951	1	persistent	2	0	0
LNHIMF_02071	contig_1	2054736	2055938	+	LNHIMF_02071	1	persistent	2	0	0
LNHIMF_02073	contig_1	2056398	2056610	-	LNHIMF_02073	1	persistent	2	0	1
LNHIMF_02074	contig_1	2057065	2058333	-	LNHIMF_02074	1	persistent	3	1	1
LNHIMF_02075	contig_1	2058336	2058755	-	GEGEGB_00945	1	persistent	1	1	4
LNHIMF_02077	contig_1	2059525	2060322	+	HFCAGB_02232	1	shell	2	1	4
LNHIMF_02080	contig_1	2061677	2063131	-	GEGEGB_00920	1	persistent	2	3	1
LNHIMF_02081	contig_1	2063327	2063653	-	LNHIMF_02081	1	persistent	2	0	1
LNHIMF_02082	contig_1	2063780	2064112	-	PAPNPA_00051	1	cloud	2	0	0
LNHIMF_02084	contig_1	2064750	2066174	-	GEGEGB_00917	1	persistent	3	0	3
LNHIMF_02086	contig_1	2066604	2066753	+	IKCLMC_01996	1	cloud	2	0	2
LNHIMF_02087	contig_1	2066963	2067337	+	LNHIMF_02087	1	cloud	0	0	3
LNHIMF_02088	contig_1	2067428	2067859	+	LNHIMF_02088	1	cloud	0	0	2
LNHIMF_02089	contig_1	2068560	2069438	+	ALJMDI_01753	1	cloud	1	0	1
LNHIMF_02090	contig_1	2069588	2070583	-	GEGEGB_01240	2	persistent	2	0	2
LNHIMF_02091	contig_1	2070671	2071633	-	ALJMDI_01755	1	cloud	1	0	1
LNHIMF_02092	contig_1	2071756	2073252	-	LNHIMF_02092	1	cloud	0	0	2
LNHIMF_02093	contig_1	2073287	2074669	-	BEJGEH_02030	1	cloud	0	0	2
LNHIMF_02094	contig_1	2074894	2074995	+	LNHIMF_02094	1	cloud	1	0	1
LNHIMF_02095	contig_1	2075825	2076754	-	LNHIMF_02095	1	persistent	2	0	2
LNHIMF_02096	contig_1	2076832	2077902	-	LNHIMF_02096	1	persistent	2	0	0
LNHIMF_02097	contig_1	2077929	2078672	-	LNHIMF_02097	1	persistent	2	0	0
LNHIMF_02098	contig_1	2078669	2079214	-	LNHIMF_02098	1	persistent	2	0	0
LNHIMF_02099	contig_1	2079211	2080731	-	GEGEGB_00911	1	persistent	2	0	0
LNHIMF_02100	contig_1	2080728	2081543	-	LNHIMF_02100	1	persistent	2	0	0
LNHIMF_02101	contig_1	2081552	2082229	-	GEGEGB_00909	1	persistent	2	0	0
LNHIMF_02102	contig_1	2082216	2082497	-	LNHIMF_02102	1	persistent	2	0	0
LNHIMF_02103	contig_1	2082499	2083236	-	LNHIMF_02103	1	persistent	2	0	0
LNHIMF_02104	contig_1	2083233	2083946	-	GEGEGB_00905	1	persistent	2	0	0
LNHIMF_02105	contig_1	2083943	2084737	-	BEJGEH_02042	1	persistent	2	0	1
LNHIMF_02106	contig_1	2084740	2085531	-	LNHIMF_02106	1	persistent	2	0	1
LNHIMF_02107	contig_1	2085528	2086253	-	GEGEGB_00901	1	persistent	2	0	0
LNHIMF_02108	contig_1	2086253	2087308	-	GEGEGB_00900	1	persistent	2	0	0
LNHIMF_02109	contig_1	2087289	2088062	-	GEGEGB_00899	1	persistent	2	0	0
LNHIMF_02110	contig_1	2088046	2088624	-	LNHIMF_02110	1	persistent	2	0	0
LNHIMF_02111	contig_1	2088614	2089219	-	GEGEGB_00897	1	persistent	2	0	0
LNHIMF_02112	contig_1	2089213	2090352	-	LNHIMF_02112	1	persistent	2	0	1
LNHIMF_02113	contig_1	2090352	2090984	-	LNHIMF_02113	1	persistent	2	0	0
LNHIMF_02114	contig_1	2090995	2091954	-	LNHIMF_02114	1	persistent	2	0	1
LNHIMF_02115	contig_1	2091951	2093330	-	LNHIMF_02115	1	persistent	2	0	1
LNHIMF_02116	contig_1	2093928	2094839	-	LNHIMF_02116	1	persistent	2	0	1
LNHIMF_02118	contig_1	2095056	2095850	-	LNHIMF_02118	1	persistent	2	0	0
LNHIMF_02119	contig_1	2096375	2096659	+	GEGEGB_00882	2	persistent	4	0	0
LNHIMF_02120	contig_1	2096656	2097468	+	GEGEGB_00888	1	persistent	2	0	0
LNHIMF_02121	contig_1	2097487	2099151	+	GEGEGB_00887	1	persistent	2	0	0
LNHIMF_02122	contig_1	2099162	2099836	+	LNHIMF_02122	1	persistent	2	0	0
LNHIMF_02123	contig_1	2099851	2100372	+	LNHIMF_02123	1	persistent	2	0	0
LNHIMF_02124	contig_1	2100579	2102411	+	LNHIMF_02124	1	persistent	2	0	0
LNHIMF_02125	contig_1	2102401	2102751	+	GEGEGB_00883	1	persistent	2	0	0
LNHIMF_02126	contig_1	2102771	2103046	+	GEGEGB_00882	2	persistent	4	0	0
LNHIMF_02127	contig_1	2103071	2103532	+	GEGEGB_00881	1	persistent	2	0	0
LNHIMF_02128	contig_1	2103532	2104164	+	LNHIMF_02128	1	persistent	2	0	0
LNHIMF_02129	contig_1	2104161	2104652	+	LNHIMF_02129	1	persistent	3	0	0
LNHIMF_02130	contig_1	2104656	2104931	+	LNHIMF_02130	1	persistent	2	0	0
LNHIMF_02131	contig_1	2104941	2105951	+	GEGEGB_00878	1	persistent	3	0	0
LNHIMF_02132	contig_1	2105948	2107342	+	LNHIMF_02132	1	persistent	2	0	0
LNHIMF_02133	contig_1	2107354	2108466	+	GEGEGB_00876	1	persistent	2	0	0
LNHIMF_02134	contig_1	2108463	2109818	+	BEJGEH_02071	1	persistent	2	0	0
LNHIMF_02135	contig_1	2109821	2110375	+	LNHIMF_02135	1	persistent	2	0	0
LNHIMF_02136	contig_1	2110375	2110725	+	GEGEGB_00873	1	persistent	2	0	0
LNHIMF_02137	contig_1	2110730	2111182	+	LNHIMF_02137	1	persistent	2	0	0
LNHIMF_02138	contig_1	2111167	2112381	+	LNHIMF_02138	1	persistent	2	0	0
LNHIMF_02139	contig_1	2112439	2113341	+	LNHIMF_02139	1	persistent	2	0	0
LNHIMF_02140	contig_1	2113375	2113710	-	GEGEGB_00869	1	persistent	2	0	0
LNHIMF_02141	contig_1	2113955	2115013	-	LNHIMF_02141	1	persistent	2	0	0
LNHIMF_02142	contig_1	2115132	2115599	-	GEGEGB_00867	1	persistent	2	0	0
LNHIMF_02143	contig_1	2115750	2116916	-	LNHIMF_02143	1	persistent	2	0	0
LNHIMF_02144	contig_1	2117046	2117810	-	GEGEGB_00864	1	persistent	2	0	0
LNHIMF_02145	contig_1	2117807	2118385	-	GEGEGB_00863	1	persistent	2	0	0
LNHIMF_02146	contig_1	2118400	2120676	-	LNHIMF_02146	1	persistent	2	0	0
LNHIMF_02147	contig_1	2121305	2123653	+	HFCAGB_02326	1	persistent	2	0	1
LNHIMF_02148	contig_1	2124202	2124468	+	LNHIMF_02148	1	cloud	1	0	1
LNHIMF_02149	contig_1	2124484	2124675	-	LNHIMF_02149	1	cloud	0	0	2
LNHIMF_02150	contig_1	2124784	2125506	-	LNHIMF_02150	1	cloud	0	0	2
LNHIMF_02151	contig_1	2125574	2125717	-	LNHIMF_02151	1	cloud	0	0	2
LNHIMF_02152	contig_1	2125692	2125898	-	LNHIMF_02152	1	cloud	0	0	2
LNHIMF_02153	contig_1	2126118	2127251	+	LNHIMF_02153	1	cloud	0	0	2
LNHIMF_02154	contig_1	2127327	2127500	-	LNHIMF_02154	1	cloud	0	0	2
LNHIMF_02155	contig_1	2127490	2128065	-	HFCAGB_02174	1	cloud	0	0	3
LNHIMF_02156	contig_1	2128065	2129609	-	LNHIMF_02156	1	cloud	0	0	2
LNHIMF_02157	contig_1	2129596	2130183	-	LNHIMF_02157	2	cloud	0	0	3
LNHIMF_02158	contig_1	2130186	2131265	-	LNHIMF_02158	2	cloud	0	0	2
LNHIMF_02159	contig_1	2131258	2131671	-	LNHIMF_02159	2	cloud	0	0	2
LNHIMF_02160	contig_1	2131676	2132209	-	LNHIMF_02160	2	cloud	0	0	2
LNHIMF_02161	contig_1	2132209	2133267	-	LNHIMF_02161	2	cloud	0	0	2
LNHIMF_02162	contig_1	2133264	2134604	-	LNHIMF_02162	2	cloud	0	0	3
LNHIMF_02163	contig_1	2134638	2136566	-	HFCAGB_02182	2	cloud	0	0	4
LNHIMF_02164	contig_1	2136651	2136977	-	LNHIMF_04314	2	cloud	0	0	2
LNHIMF_02165	contig_1	2136974	2137330	-	LNHIMF_02165	2	cloud	0	0	3
LNHIMF_02166	contig_1	2137330	2138826	-	LNHIMF_02166	2	cloud	0	0	2
LNHIMF_02167	contig_1	2138816	2138980	-	LNHIMF_02167	2	cloud	0	0	2
LNHIMF_02168	contig_1	2138984	2139544	-	LNHIMF_02168	2	cloud	0	0	2
LNHIMF_02169	contig_1	2139541	2140053	-	LNHIMF_02169	2	cloud	0	0	3
LNHIMF_02170	contig_1	2140025	2140429	-	OEKLIE_01644	1	cloud	0	0	2
LNHIMF_02171	contig_1	2140426	2140749	-	LNHIMF_02171	1	cloud	0	0	2
LNHIMF_02172	contig_1	2140752	2140952	-	HFCAGB_02191	1	cloud	0	0	2
LNHIMF_02173	contig_1	2141003	2142208	-	HFCAGB_02192	1	cloud	0	0	2
LNHIMF_02174	contig_1	2142223	2142873	-	LNHIMF_02174	1	cloud	0	0	2
LNHIMF_02175	contig_1	2142851	2144092	-	AJBGEP_02125	1	cloud	0	0	2
LNHIMF_02176	contig_1	2144092	2144274	-	LNHIMF_02176	1	cloud	0	0	2
LNHIMF_02177	contig_1	2144286	2146019	-	OEKLIE_00091	1	cloud	0	0	2
LNHIMF_02178	contig_1	2146016	2146510	-	HFCAGB_02198	1	cloud	0	0	2
LNHIMF_02179	contig_1	2146636	2146986	-	OEKLIE_00093	1	cloud	0	0	4
LNHIMF_02180	contig_1	2147037	2147591	-	LNHIMF_02180	1	cloud	0	0	2
LNHIMF_02181	contig_1	2147669	2148013	-	LNHIMF_02181	1	cloud	0	0	2
LNHIMF_02182	contig_1	2148221	2148835	-	LNHIMF_02182	1	cloud	0	0	2
LNHIMF_02183	contig_1	2148838	2149185	-	HFCAGB_02203	1	cloud	0	3	6
LNHIMF_02185	contig_1	2149380	2150069	-	AJBGEP_02810	1	shell	0	2	3
LNHIMF_02186	contig_1	2150066	2150206	-	LNHIMF_02186	1	shell	0	2	2
LNHIMF_02187	contig_1	2150203	2150814	-	GEGEGB_02013	1	shell	0	3	0
LNHIMF_02188	contig_1	2150817	2151023	-	GEGEGB_02014	1	shell	0	2	1
LNHIMF_02189	contig_1	2151023	2151625	-	GEGEGB_02015	1	shell	0	2	2
LNHIMF_02190	contig_1	2152041	2152274	-	GEGEGB_02016	1	shell	0	2	9
LNHIMF_02191	contig_1	2152566	2152835	-	OEKLIE_01729	1	cloud	0	1	1
LNHIMF_02192	contig_1	2152934	2153245	-	LNHIMF_02192	1	cloud	0	1	1
LNHIMF_02193	contig_1	2153242	2153589	-	GEGEGB_02023	1	shell	0	1	4
LNHIMF_02194	contig_1	2153600	2154349	-	GEGEGB_02024	1	shell	0	2	0
LNHIMF_02195	contig_1	2154352	2155329	-	GEGEGB_02025	1	shell	0	2	0
LNHIMF_02196	contig_1	2155420	2155740	-	GEGEGB_02026	1	shell	0	1	10
LNHIMF_02197	contig_1	2155760	2155999	-	LNHIMF_02197	1	cloud	0	1	1
LNHIMF_02198	contig_1	2156119	2156529	+	LNHIMF_02198	1	cloud	0	0	2
LNHIMF_02199	contig_1	2156832	2156990	+	LNHIMF_02199	1	cloud	0	0	4
LNHIMF_02200	contig_1	2157075	2157362	+	LNHIMF_02200	1	cloud	0	0	7
LNHIMF_02202	contig_1	2157489	2160416	+	OEKLIE_01718	1	cloud	0	1	3
LNHIMF_02203	contig_1	2160427	2161536	+	LNHIMF_02203	1	shell	0	1	3
LNHIMF_02204	contig_1	2161579	2161818	+	GEGEGB_02035	1	shell	0	2	3
LNHIMF_02205	contig_1	2161995	2162201	+	LNHIMF_02205	1	cloud	0	1	1
LNHIMF_02206	contig_1	2162182	2163363	-	LNHIMF_02206	1	cloud	1	0	1
LNHIMF_02207	contig_1	2163539	2164969	+	GEGEGB_00858	1	persistent	2	0	1
LNHIMF_02208	contig_1	2165105	2166463	-	GEGEGB_00857	1	persistent	2	0	0
LNHIMF_02209	contig_1	2166453	2166515	-	GEGEGB_00856	1	persistent	2	0	0
LNHIMF_02211	contig_1	2166749	2167663	-	GEGEGB_00854	1	persistent	2	0	0
LNHIMF_02212	contig_1	2167709	2168533	-	GEGEGB_00853	1	persistent	2	0	1
LNHIMF_02213	contig_1	2168696	2168746	+	LNHIMF_02213	1	persistent	2	0	0
LNHIMF_02214	contig_1	2168892	2169791	+	GEGEGB_00851	1	persistent	2	0	1
LNHIMF_02215	contig_1	2169894	2171198	+	LNHIMF_02215	1	persistent	2	0	0
LNHIMF_02216	contig_1	2171195	2172274	+	LNHIMF_02216	1	persistent	2	0	0
LNHIMF_02217	contig_1	2172271	2173338	+	LNHIMF_02217	1	persistent	2	0	0
LNHIMF_02218	contig_1	2173338	2173928	+	GEGEGB_00847	1	persistent	2	0	0
LNHIMF_02219	contig_1	2173928	2174665	+	GEGEGB_00846	1	persistent	2	0	0
LNHIMF_02220	contig_1	2174647	2175423	+	GEGEGB_00845	1	persistent	2	0	0
LNHIMF_02221	contig_1	2175417	2176028	+	LNHIMF_02221	1	persistent	2	0	0
LNHIMF_02222	contig_1	2176110	2177093	-	GEGEGB_00843	1	persistent	2	0	0
LNHIMF_02223	contig_1	2177236	2178402	-	LNHIMF_02223	1	persistent	2	0	0
LNHIMF_02224	contig_1	2178639	2180045	-	LNHIMF_02224	1	persistent	2	0	1
LNHIMF_02225	contig_1	2180209	2181639	-	LNHIMF_02225	1	persistent	1	1	1
LNHIMF_02226	contig_1	2181711	2183144	-	LNHIMF_02226	1	shell	1	1	0
LNHIMF_02227	contig_1	2183131	2184570	-	LNHIMF_02227	1	shell	0	2	0
LNHIMF_02228	contig_1	2184571	2185515	-	LNHIMF_02228	1	shell	0	2	0
LNHIMF_02229	contig_1	2185516	2186577	-	HFCAGB_02349	1	shell	0	2	2
LNHIMF_02230	contig_1	2186574	2187749	-	LNHIMF_02230	1	cloud	0	1	1
LNHIMF_02231	contig_1	2188125	2188316	-	PAPNPA_02581	2	cloud	1	0	9
LNHIMF_02233	contig_1	2188948	2189070	-	BEJGEH_01965	1	cloud	1	2	3
LNHIMF_02234	contig_1	2189161	2190162	-	BEJGEH_02108	1	shell	0	2	1
LNHIMF_02235	contig_1	2190167	2191072	-	AJBGEP_02252	1	shell	0	2	0
LNHIMF_02236	contig_1	2191541	2192440	-	BEJGEH_02110	1	shell	1	1	0
LNHIMF_02237	contig_1	2192468	2193781	-	LNHIMF_02237	1	persistent	1	1	2
LNHIMF_02238	contig_1	2193808	2194887	-	LNHIMF_02238	1	persistent	2	0	0
LNHIMF_02239	contig_1	2194892	2195665	-	GEGEGB_00829	1	persistent	2	0	0
LNHIMF_02240	contig_1	2195681	2196655	-	AJBGEP_02257	1	persistent	2	0	0
LNHIMF_02241	contig_1	2196661	2197209	-	GEGEGB_00827	1	persistent	2	0	0
LNHIMF_02242	contig_1	2197213	2198091	-	LNHIMF_02242	1	persistent	2	0	0
LNHIMF_02243	contig_1	2198139	2199038	-	LNHIMF_02243	1	persistent	2	0	0
LNHIMF_02244	contig_1	2199038	2200123	-	GEGEGB_00824	1	persistent	2	0	0
LNHIMF_02245	contig_1	2200500	2201393	-	GEGEGB_00823	1	persistent	2	0	1
LNHIMF_02246	contig_1	2201571	2202974	-	LNHIMF_02246	1	persistent	2	0	0
LNHIMF_02247	contig_1	2202985	2204205	-	LNHIMF_02247	1	persistent	2	0	0
LNHIMF_02248	contig_1	2204202	2205482	-	LNHIMF_02248	1	persistent	2	0	1
LNHIMF_02249	contig_1	2205504	2206982	-	LNHIMF_02249	1	persistent	2	0	1
LNHIMF_02250	contig_1	2207115	2208509	-	LNHIMF_02250	1	persistent	2	0	0
LNHIMF_02251	contig_1	2208563	2209933	-	HFCAGB_02368	1	persistent	2	0	2
LNHIMF_02252	contig_1	2210044	2211480	-	GEGEGB_00815	1	persistent	2	0	0
LNHIMF_02253	contig_1	2211483	2212706	-	GEGEGB_00814	1	persistent	2	0	0
LNHIMF_02254	contig_1	2212703	2213176	-	LNHIMF_02254	1	persistent	2	0	0
LNHIMF_02255	contig_1	2213179	2214144	-	LNHIMF_02255	1	persistent	2	0	0
LNHIMF_02256	contig_1	2214147	2215268	-	LNHIMF_02256	1	persistent	2	0	0
LNHIMF_02257	contig_1	2215292	2215846	-	GEGEGB_00810	1	persistent	2	0	0
LNHIMF_02258	contig_1	2215862	2216608	-	GEGEGB_00809	1	persistent	2	0	0
LNHIMF_02259	contig_1	2216621	2217835	-	LNHIMF_02259	1	persistent	2	0	0
LNHIMF_02260	contig_1	2217810	2219027	-	GEGEGB_00806	1	persistent	2	0	0
LNHIMF_02261	contig_1	2219024	2219512	-	GEGEGB_00805	1	persistent	2	0	0
LNHIMF_02262	contig_1	2219515	2220426	-	GEGEGB_00804	1	persistent	2	0	0
LNHIMF_02263	contig_1	2220444	2222603	-	LNHIMF_02263	1	persistent	2	0	0
LNHIMF_02264	contig_1	2222600	2223049	-	LNHIMF_02264	1	persistent	2	0	0
LNHIMF_02265	contig_1	2223055	2224194	-	LNHIMF_02265	1	persistent	2	0	0
LNHIMF_02266	contig_1	2224869	2226449	+	GEGEGB_00800	1	persistent	2	0	0
LNHIMF_02267	contig_1	2226535	2228391	-	LNHIMF_02267	1	persistent	2	0	0
LNHIMF_02268	contig_1	2228430	2229011	-	GEGEGB_00798	1	persistent	2	0	0
LNHIMF_02269	contig_1	2229102	2229743	-	GEGEGB_00797	1	persistent	2	0	0
LNHIMF_02270	contig_1	2230074	2233064	+	LNHIMF_02270	1	persistent	2	0	0
LNHIMF_02271	contig_1	2233032	2233901	-	GEGEGB_00795	1	persistent	2	0	1
LNHIMF_02272	contig_1	2234035	2235387	+	LNHIMF_02272	1	persistent	2	1	1
LNHIMF_02274	contig_1	2235526	2235723	+	LNHIMF_02274	1	persistent	2	1	0
LNHIMF_02275	contig_1	2235828	2237069	+	LNHIMF_02275	1	persistent	2	0	0
LNHIMF_02276	contig_1	2237069	2240191	+	GEGEGB_00789	1	persistent	2	0	0
LNHIMF_02277	contig_1	2240192	2243272	+	LNHIMF_02277	1	persistent	2	0	0
LNHIMF_02278	contig_1	2243269	2244681	+	GEGEGB_00787	1	persistent	2	0	0
LNHIMF_02279	contig_1	2244681	2246084	+	LNHIMF_02279	1	persistent	2	0	0
LNHIMF_02280	contig_1	2246081	2246803	+	LNHIMF_02280	1	persistent	2	0	1
LNHIMF_02281	contig_1	2247072	2248274	+	AJBGEP_02298	1	persistent	2	0	1
LNHIMF_02282	contig_1	2248274	2248990	+	BEJGEH_02156	1	persistent	2	0	0
LNHIMF_02283	contig_1	2249001	2251112	+	LNHIMF_02283	1	persistent	2	0	2
LNHIMF_02284	contig_1	2251228	2252589	+	GEGEGB_00769	1	persistent	2	1	1
LNHIMF_02286	contig_1	2253230	2253646	-	LNHIMF_02286	1	persistent	3	1	0
LNHIMF_02287	contig_1	2253768	2254103	-	LNHIMF_02287	1	persistent	2	0	0
LNHIMF_02288	contig_1	2254662	2255561	+	LNHIMF_02288	1	persistent	3	0	0
LNHIMF_02289	contig_1	2255614	2256666	-	GEGEGB_00764	1	persistent	2	0	0
LNHIMF_02290	contig_1	2256920	2258191	+	GEGEGB_00763	1	persistent	2	0	0
LNHIMF_02291	contig_1	2258188	2259192	+	GEGEGB_00762	1	persistent	2	0	0
LNHIMF_02292	contig_1	2259189	2260154	+	GEGEGB_00761	1	persistent	2	0	0
LNHIMF_02293	contig_1	2260128	2260874	-	GEGEGB_00760	1	persistent	2	0	0
LNHIMF_02294	contig_1	2260910	2261710	-	GEGEGB_00759	1	persistent	2	0	0
LNHIMF_02295	contig_1	2261697	2262494	-	GEGEGB_00758	1	persistent	2	0	0
LNHIMF_02296	contig_1	2262904	2263218	+	GEGEGB_00757	1	persistent	1	1	1
LNHIMF_02297	contig_1	2263262	2264284	-	LNHIMF_02297	1	cloud	1	0	1
LNHIMF_02298	contig_1	2264300	2266786	-	LNHIMF_02298	1	cloud	0	0	2
LNHIMF_02299	contig_1	2266815	2267495	-	LNHIMF_02299	1	cloud	0	0	2
LNHIMF_02300	contig_1	2267557	2268090	-	LNHIMF_02300	1	cloud	1	0	1
LNHIMF_02301	contig_1	2268371	2268652	-	GEGEGB_00751	1	persistent	1	1	1
LNHIMF_02302	contig_1	2268930	2270039	-	LNHIMF_02302	1	persistent	2	1	0
LNHIMF_02303	contig_1	2270204	2272237	+	LNHIMF_02303	1	persistent	2	0	0
LNHIMF_02304	contig_1	2272479	2272937	+	GEGEGB_00748	1	persistent	2	0	0
LNHIMF_02305	contig_1	2273109	2273639	+	GEGEGB_00747	1	persistent	2	0	0
LNHIMF_02306	contig_1	2273696	2274163	-	LNHIMF_02306	1	persistent	2	0	0
LNHIMF_02307	contig_1	2274210	2274929	-	LNHIMF_02307	1	persistent	2	0	0
LNHIMF_02308	contig_1	2274926	2276611	-	LNHIMF_02308	1	persistent	2	0	0
LNHIMF_02309	contig_1	2276834	2277565	+	LNHIMF_02309	1	persistent	2	0	0
LNHIMF_02310	contig_1	2277625	2277732	+	GEGEGB_00742	1	persistent	2	0	0
LNHIMF_02311	contig_1	2277713	2278444	-	GEGEGB_00741	1	persistent	2	0	0
LNHIMF_02312	contig_1	2278428	2279375	-	GEGEGB_00740	1	persistent	2	0	0
LNHIMF_02313	contig_1	2279368	2280537	-	LNHIMF_02313	1	persistent	2	0	0
LNHIMF_02314	contig_1	2280541	2281458	-	GEGEGB_00738	1	persistent	2	0	0
LNHIMF_02315	contig_1	2281639	2283936	-	LNHIMF_02315	1	persistent	2	0	0
LNHIMF_02316	contig_1	2284203	2285933	+	GEGEGB_00736	1	persistent	2	0	0
LNHIMF_02317	contig_1	2285992	2286900	-	GEGEGB_00735	1	persistent	2	0	0
LNHIMF_02318	contig_1	2287105	2287692	-	GEGEGB_00734	1	persistent	2	0	0
LNHIMF_02319	contig_1	2287851	2288420	+	GEGEGB_00733	1	persistent	2	0	0
LNHIMF_02320	contig_1	2288468	2289229	-	GEGEGB_00732	1	persistent	2	0	1
LNHIMF_02321	contig_1	2289295	2290731	-	GEGEGB_00731	1	persistent	2	0	2
LNHIMF_02322	contig_1	2291049	2291132	+	GEGEGB_00730	1	persistent	2	0	0
LNHIMF_02323	contig_1	2291190	2292128	-	LNHIMF_02323	1	persistent	2	0	1
LNHIMF_02324	contig_1	2292237	2293430	-	GEGEGB_00728	1	persistent	2	0	0
LNHIMF_02325	contig_1	2293445	2294089	-	GEGEGB_00727	1	persistent	2	0	0
LNHIMF_02326	contig_1	2294098	2294799	-	GEGEGB_00726	1	persistent	2	0	0
LNHIMF_02327	contig_1	2294815	2295852	-	GEGEGB_00725	1	persistent	2	0	0
LNHIMF_02328	contig_1	2295864	2297222	-	GEGEGB_00724	1	persistent	2	0	0
LNHIMF_02329	contig_1	2297348	2298256	+	GEGEGB_00723	1	persistent	2	0	0
LNHIMF_02330	contig_1	2298388	2298786	+	GEGEGB_00722	1	persistent	2	0	0
LNHIMF_02331	contig_1	2298783	2299478	+	GEGEGB_00721	1	persistent	2	0	0
LNHIMF_02332	contig_1	2299632	2300516	+	GEGEGB_00720	1	persistent	2	0	0
LNHIMF_02333	contig_1	2300693	2301412	+	LNHIMF_02333	1	persistent	2	0	0
LNHIMF_02334	contig_1	2301415	2301654	+	GEGEGB_00718	1	persistent	2	0	0
LNHIMF_02335	contig_1	2301859	2303100	+	GEGEGB_00717	1	persistent	2	0	0
LNHIMF_02336	contig_1	2303094	2304329	+	BEJGEH_02222	1	persistent	2	0	0
LNHIMF_02337	contig_1	2304404	2305414	-	LNHIMF_02337	1	persistent	2	0	0
LNHIMF_02338	contig_1	2305430	2306950	-	LNHIMF_02338	1	persistent	2	0	0
LNHIMF_02339	contig_1	2307084	2308082	-	LNHIMF_02339	1	persistent	2	0	0
LNHIMF_02340	contig_1	2308581	2309603	-	LNHIMF_02340	1	persistent	2	0	0
LNHIMF_02341	contig_1	2309753	2310913	-	LNHIMF_02341	1	persistent	2	0	0
LNHIMF_02342	contig_1	2310910	2311578	-	GEGEGB_00708	1	persistent	2	0	0
LNHIMF_02343	contig_1	2311908	2312765	+	GEGEGB_00707	1	persistent	2	0	0
LNHIMF_02344	contig_1	2312754	2313143	-	GEGEGB_00706	1	persistent	2	0	0
LNHIMF_02345	contig_1	2313148	2314515	-	LNHIMF_02345	1	persistent	2	0	0
LNHIMF_02346	contig_1	2314732	2315619	+	GEGEGB_00704	1	persistent	2	0	0
LNHIMF_02347	contig_1	2315652	2316974	+	LNHIMF_02347	1	persistent	2	0	0
LNHIMF_02348	contig_1	2317018	2319009	-	LNHIMF_02348	1	persistent	2	0	3
LNHIMF_02349	contig_1	2319128	2319217	+	LNHIMF_02349	1	cloud	2	0	1
LNHIMF_02350	contig_1	2319354	2320823	-	LNHIMF_02350	1	persistent	2	0	3
LNHIMF_02351	contig_1	2321013	2321876	-	GEGEGB_00698	1	persistent	2	0	1
LNHIMF_02352	contig_1	2321997	2323046	+	GEGEGB_00697	1	persistent	2	0	0
LNHIMF_02353	contig_1	2323125	2323982	+	GEGEGB_00696	1	persistent	2	0	0
LNHIMF_02354	contig_1	2324047	2325735	-	GEGEGB_00695	1	persistent	2	0	0
LNHIMF_02355	contig_1	2325752	2326690	-	GEGEGB_00694	1	persistent	2	0	1
LNHIMF_02356	contig_1	2326690	2327820	-	GEGEGB_00693	1	persistent	2	0	0
LNHIMF_02358	contig_1	2328189	2329370	+	GEGEGB_00692	1	persistent	2	0	0
LNHIMF_02359	contig_1	2329435	2330100	-	BEJGEH_02246	1	persistent	2	0	0
LNHIMF_02360	contig_1	2330612	2330866	-	GEGEGB_00690	1	persistent	2	0	0
LNHIMF_02361	contig_1	2331191	2331763	+	GEGEGB_00689	1	persistent	2	0	0
LNHIMF_02362	contig_1	2331975	2332961	+	GEGEGB_00688	1	persistent	2	0	0
LNHIMF_02363	contig_1	2332991	2333710	+	GEGEGB_00687	1	persistent	2	0	0
LNHIMF_02364	contig_1	2334124	2334696	+	GEGEGB_00686	1	persistent	2	0	0
LNHIMF_02365	contig_1	2335022	2336578	+	GEGEGB_00685	1	persistent	2	0	0
LNHIMF_02366	contig_1	2336685	2338490	+	GEGEGB_00684	1	persistent	2	0	0
LNHIMF_02367	contig_1	2338500	2339594	+	GEGEGB_00683	1	persistent	2	0	0
LNHIMF_02368	contig_1	2339594	2340619	+	GEGEGB_00682	1	persistent	2	0	0
LNHIMF_02369	contig_1	2340621	2342210	+	GEGEGB_00681	1	persistent	2	0	0
LNHIMF_02370	contig_1	2342214	2342558	-	GEGEGB_00680	1	persistent	2	0	0
LNHIMF_02371	contig_1	2342949	2344139	-	LNHIMF_02371	1	persistent	2	0	0
LNHIMF_02372	contig_1	2344167	2344862	-	GEGEGB_00678	1	persistent	2	0	0
LNHIMF_02373	contig_1	2345014	2346774	+	GEGEGB_00677	1	persistent	2	0	0
LNHIMF_02374	contig_1	2346899	2347183	+	GEGEGB_00676	1	persistent	3	0	0
LNHIMF_02375	contig_1	2347304	2348311	-	GEGEGB_00674	1	persistent	3	0	0
LNHIMF_02376	contig_1	2348491	2348718	+	GEGEGB_00673	1	persistent	2	0	0
LNHIMF_02377	contig_1	2348750	2350510	+	GEGEGB_00672	1	persistent	2	0	4
LNHIMF_02379	contig_1	2350702	2350905	+	IKCLMC_01756	1	persistent	3	1	0
LNHIMF_02380	contig_1	2351098	2351655	-	LNHIMF_02380	1	persistent	2	0	2
LNHIMF_02381	contig_1	2352480	2353127	+	GEGEGB_00665	1	persistent	3	0	1
LNHIMF_02382	contig_1	2353171	2354214	-	GEGEGB_00664	2	persistent	3	0	0
LNHIMF_02383	contig_1	2354211	2354768	-	GEGEGB_00663	2	persistent	2	0	1
LNHIMF_02384	contig_1	2354765	2356696	-	GEGEGB_00662	2	persistent	2	0	0
LNHIMF_02385	contig_1	2356693	2357172	-	HFCAGB_02510	2	persistent	2	0	0
LNHIMF_02386	contig_1	2357169	2357342	-	AJBGEP_02420	2	persistent	2	0	0
LNHIMF_02387	contig_1	2357378	2358124	-	GEGEGB_00659	2	persistent	2	0	0
LNHIMF_02388	contig_1	2358167	2358823	-	GEGEGB_00658	2	persistent	2	0	0
LNHIMF_02389	contig_1	2358823	2359440	-	GEGEGB_03907	2	persistent	3	0	0
LNHIMF_02390	contig_1	2359461	2360063	-	LNHIMF_02390	1	persistent	2	0	0
LNHIMF_02391	contig_1	2360073	2360522	-	GEGEGB_00655	1	persistent	2	0	0
LNHIMF_02392	contig_1	2360638	2361507	-	GEGEGB_00654	1	persistent	2	0	0
LNHIMF_02393	contig_1	2361494	2362189	-	GEGEGB_00653	1	persistent	2	0	0
LNHIMF_02394	contig_1	2362196	2364682	-	GEGEGB_00652	1	persistent	2	0	0
LNHIMF_02395	contig_1	2364679	2364942	-	GEGEGB_00651	1	persistent	2	0	0
LNHIMF_02396	contig_1	2364932	2365423	-	LNHIMF_02396	1	persistent	3	0	0
LNHIMF_02397	contig_1	2365535	2365666	+	GEGEGB_00649	1	persistent	2	0	0
LNHIMF_02398	contig_1	2365825	2366331	+	GEGEGB_00648	1	persistent	3	0	0
LNHIMF_02399	contig_1	2366540	2368183	-	LNHIMF_02399	1	persistent	2	0	0
LNHIMF_02400	contig_1	2368259	2368909	-	LNHIMF_02400	1	persistent	2	0	0
LNHIMF_02401	contig_1	2368912	2369970	-	LNHIMF_02401	1	persistent	2	0	0
LNHIMF_02402	contig_1	2370054	2371106	-	GEGEGB_00644	1	persistent	2	0	0
LNHIMF_02403	contig_1	2371221	2372357	-	GEGEGB_00643	1	persistent	2	0	0
LNHIMF_02405	contig_1	2373086	2375755	+	LNHIMF_02405	1	persistent	2	0	0
LNHIMF_02406	contig_1	2375772	2376422	+	GEGEGB_00640	1	persistent	2	0	0
LNHIMF_02407	contig_1	2376525	2379371	-	LNHIMF_02407	1	persistent	2	1	0
LNHIMF_02408	contig_1	2379489	2382125	-	LNHIMF_02408	1	persistent	2	0	1
LNHIMF_02409	contig_1	2382535	2383737	-	LNHIMF_02409	1	persistent	2	0	0
LNHIMF_02410	contig_1	2383752	2385077	-	LNHIMF_02410	1	persistent	2	0	0
LNHIMF_02412	contig_1	2385644	2386012	+	GEGEGB_00631	1	persistent	2	0	0
LNHIMF_02413	contig_1	2386095	2386823	+	LNHIMF_02413	1	persistent	2	0	0
LNHIMF_02414	contig_1	2387179	2389464	+	LNHIMF_02414	1	persistent	2	0	0
LNHIMF_02415	contig_1	2389577	2390707	+	GEGEGB_00628	1	persistent	2	0	0
LNHIMF_02416	contig_1	2390707	2390961	+	GEGEGB_00627	1	persistent	2	0	0
LNHIMF_02417	contig_1	2390963	2391268	-	BEJGEH_02304	2	persistent	2	0	0
LNHIMF_02418	contig_1	2391265	2392179	-	BEJGEH_02304	2	persistent	2	0	0
LNHIMF_02419	contig_1	2392313	2393191	+	LNHIMF_02419	1	persistent	2	0	0
LNHIMF_02420	contig_1	2393307	2394377	-	LNHIMF_02420	1	persistent	2	0	0
LNHIMF_02421	contig_1	2394382	2395740	-	LNHIMF_02421	1	persistent	2	0	0
LNHIMF_02422	contig_1	2396013	2397641	+	LNHIMF_02422	1	persistent	2	0	0
LNHIMF_02423	contig_1	2397631	2398890	+	LNHIMF_02423	1	persistent	2	0	0
LNHIMF_02424	contig_1	2398887	2400077	+	LNHIMF_02424	1	persistent	2	0	0
LNHIMF_02426	contig_1	2400503	2401525	+	BEJGEH_02312	1	persistent	2	0	0
LNHIMF_02427	contig_1	2401759	2401935	-	GEGEGB_00612	2	persistent	4	0	0
LNHIMF_02428	contig_1	2401941	2402744	-	LNHIMF_02428	1	persistent	2	0	0
LNHIMF_02429	contig_1	2402770	2404059	-	GEGEGB_00615	1	persistent	2	0	0
LNHIMF_02430	contig_1	2404115	2405320	-	GEGEGB_00614	1	persistent	2	0	0
LNHIMF_02431	contig_1	2405334	2406116	-	LNHIMF_02431	1	persistent	2	0	0
LNHIMF_02432	contig_1	2406366	2407562	-	GEGEGB_00612	2	persistent	4	0	0
LNHIMF_02433	contig_1	2407677	2408243	-	GEGEGB_00611	1	persistent	2	0	0
LNHIMF_02434	contig_1	2408498	2408923	+	GEGEGB_00610	1	persistent	3	0	0
LNHIMF_02435	contig_1	2408969	2409574	-	LNHIMF_02435	1	persistent	2	0	0
LNHIMF_02436	contig_1	2409873	2411012	+	LNHIMF_02436	1	persistent	2	0	0
LNHIMF_02437	contig_1	2411015	2411998	+	GEGEGB_00607	1	persistent	2	0	0
LNHIMF_02438	contig_1	2411995	2413977	+	LNHIMF_02438	1	persistent	2	0	0
LNHIMF_02439	contig_1	2413974	2414873	+	LNHIMF_02439	1	persistent	2	0	0
LNHIMF_02440	contig_1	2414870	2416516	+	LNHIMF_02440	1	persistent	2	0	0
LNHIMF_02441	contig_1	2416513	2416848	+	ALJMDI_02045	1	persistent	2	0	0
LNHIMF_02442	contig_1	2416848	2417225	+	LNHIMF_02442	1	persistent	2	0	0
LNHIMF_02443	contig_1	2417220	2417477	-	LNHIMF_02443	1	persistent	2	0	0
LNHIMF_02444	contig_1	2417575	2418942	-	LNHIMF_02444	1	persistent	2	0	0
LNHIMF_02445	contig_1	2418939	2419901	-	LNHIMF_02445	1	persistent	2	0	0
LNHIMF_02446	contig_1	2419901	2420758	-	GEGEGB_00598	1	persistent	2	0	0
LNHIMF_02447	contig_1	2420773	2421531	-	LNHIMF_02447	1	persistent	2	0	0
LNHIMF_02448	contig_1	2421528	2423198	-	LNHIMF_02448	1	persistent	2	0	0
LNHIMF_02449	contig_1	2423284	2424579	-	LNHIMF_02449	1	persistent	2	0	0
LNHIMF_02450	contig_1	2424680	2424985	-	GEGEGB_00594	1	persistent	2	0	0
LNHIMF_02451	contig_1	2425040	2425501	-	GEGEGB_00593	1	persistent	2	0	0
LNHIMF_02452	contig_1	2425562	2426479	+	GEGEGB_00592	1	persistent	2	0	0
LNHIMF_02453	contig_1	2426545	2427549	+	LNHIMF_02453	1	persistent	2	1	0
LNHIMF_02454	contig_1	2427690	2429147	-	GEGEGB_00590	1	persistent	2	1	2
LNHIMF_02455	contig_1	2429154	2430683	-	LNHIMF_02455	1	persistent	2	0	0
LNHIMF_02456	contig_1	2430760	2432601	-	LNHIMF_02456	1	persistent	2	0	0
LNHIMF_02457	contig_1	2432598	2432900	-	GEGEGB_00586	1	persistent	2	0	0
LNHIMF_02458	contig_1	2432897	2433451	-	GEGEGB_00585	1	persistent	2	0	0
LNHIMF_02459	contig_1	2433462	2434004	-	GEGEGB_00584	1	persistent	2	0	0
LNHIMF_02460	contig_1	2434019	2434996	-	LNHIMF_02460	1	persistent	2	0	0
LNHIMF_02461	contig_1	2434993	2437719	-	LNHIMF_02461	1	persistent	2	0	0
LNHIMF_02462	contig_1	2437750	2439087	-	LNHIMF_02462	1	persistent	2	0	0
LNHIMF_02463	contig_1	2439084	2439584	-	GEGEGB_00580	1	persistent	2	0	0
LNHIMF_02464	contig_1	2439587	2441389	-	GEGEGB_00579	1	persistent	2	0	0
LNHIMF_02465	contig_1	2441476	2442138	-	GEGEGB_00578	1	persistent	2	0	0
LNHIMF_02466	contig_1	2442154	2442597	-	GEGEGB_00577	1	persistent	2	0	0
LNHIMF_02467	contig_1	2443224	2444162	-	LNHIMF_02467	1	persistent	2	0	0
LNHIMF_02468	contig_1	2445094	2446308	+	GEGEGB_00575	1	persistent	2	0	0
LNHIMF_02469	contig_1	2446402	2447001	+	LNHIMF_02469	1	persistent	2	0	0
LNHIMF_02470	contig_1	2447093	2448919	-	LNHIMF_02470	1	persistent	2	0	0
LNHIMF_02471	contig_1	2448996	2449655	-	GEGEGB_00572	1	persistent	2	0	0
LNHIMF_02472	contig_1	2449666	2450160	-	GEGEGB_00571	1	persistent	2	0	0
LNHIMF_02473	contig_1	2450243	2450698	-	LNHIMF_02473	1	persistent	2	0	0
LNHIMF_02474	contig_1	2451038	2452240	+	GEGEGB_00569	1	persistent	2	0	0
LNHIMF_02475	contig_1	2452317	2454461	+	LNHIMF_02475	1	persistent	2	0	0
LNHIMF_02476	contig_1	2454679	2456199	+	GEGEGB_00567	1	persistent	2	0	0
LNHIMF_02477	contig_1	2456248	2457201	-	GEGEGB_00566	1	persistent	2	0	0
LNHIMF_02478	contig_1	2457194	2458024	-	LNHIMF_02478	1	persistent	2	0	0
LNHIMF_02479	contig_1	2458021	2459412	-	LNHIMF_02479	1	persistent	2	0	0
LNHIMF_02480	contig_1	2459433	2459705	-	GEGEGB_00563	1	persistent	2	0	0
LNHIMF_02481	contig_1	2459786	2460229	-	GEGEGB_00562	1	persistent	2	0	0
LNHIMF_02482	contig_1	2460482	2461501	+	GEGEGB_00561	1	persistent	2	0	0
LNHIMF_02483	contig_1	2461507	2462061	-	GEGEGB_00560	1	persistent	2	0	0
LNHIMF_02484	contig_1	2462118	2462669	-	GEGEGB_00559	1	persistent	2	0	0
LNHIMF_02485	contig_1	2462725	2463369	-	LNHIMF_02485	1	persistent	2	0	0
LNHIMF_02486	contig_1	2463512	2464159	+	LNHIMF_02486	1	persistent	2	0	0
LNHIMF_02487	contig_1	2464285	2465178	+	LNHIMF_02487	1	persistent	2	0	0
LNHIMF_02488	contig_1	2465230	2466003	-	LNHIMF_02488	1	persistent	2	0	0
LNHIMF_02489	contig_1	2466017	2466724	-	GEGEGB_00554	1	persistent	2	0	0
LNHIMF_02490	contig_1	2466721	2467407	-	GEGEGB_00553	1	persistent	2	0	0
LNHIMF_02491	contig_1	2467588	2468370	-	LNHIMF_02491	1	persistent	2	0	0
LNHIMF_02492	contig_1	2468608	2469390	-	GEGEGB_00551	1	persistent	2	0	0
LNHIMF_02493	contig_1	2469679	2470248	-	GEGEGB_00550	1	persistent	2	0	0
LNHIMF_02494	contig_1	2470275	2471681	-	LNHIMF_02494	1	persistent	2	0	0
LNHIMF_02495	contig_1	2471745	2472848	-	LNHIMF_02495	1	persistent	2	0	0
LNHIMF_02496	contig_1	2472850	2474271	-	GEGEGB_00547	1	persistent	2	0	0
LNHIMF_02497	contig_1	2474362	2475759	-	GEGEGB_00546	1	persistent	2	0	0
LNHIMF_02498	contig_1	2475971	2477398	+	LNHIMF_02498	1	persistent	2	0	0
LNHIMF_02499	contig_1	2477434	2478951	-	LNHIMF_02499	1	persistent	2	0	0
LNHIMF_02500	contig_1	2478989	2479477	-	GEGEGB_00543	1	persistent	2	0	0
LNHIMF_02501	contig_1	2479788	2480462	-	BEJGEH_02389	1	persistent	2	0	0
LNHIMF_02502	contig_1	2480452	2481720	-	GEGEGB_00541	1	persistent	2	0	0
LNHIMF_02503	contig_1	2481788	2482702	-	GEGEGB_00540	1	persistent	2	0	0
LNHIMF_02504	contig_1	2482852	2483511	-	GEGEGB_00539	1	persistent	2	0	0
LNHIMF_02505	contig_1	2483560	2484372	-	GEGEGB_00538	1	persistent	2	0	0
LNHIMF_02506	contig_1	2484372	2485385	-	GEGEGB_00537	1	persistent	2	0	0
LNHIMF_02507	contig_1	2485453	2486589	-	GEGEGB_00536	1	persistent	2	0	0
LNHIMF_02508	contig_1	2486693	2487694	+	GEGEGB_00535	1	persistent	2	0	0
LNHIMF_02509	contig_1	2487691	2488869	-	LNHIMF_02509	1	persistent	3	0	0
LNHIMF_02510	contig_1	2489049	2489423	-	LNHIMF_02510	1	persistent	1	1	1
LNHIMF_02511	contig_1	2489596	2489778	+	LNHIMF_02511	1	cloud	2	0	0
LNHIMF_02512	contig_1	2489990	2490508	+	LNHIMF_02512	1	persistent	2	1	1
LNHIMF_02513	contig_1	2490575	2491231	-	LNHIMF_02513	1	persistent	2	0	0
LNHIMF_02514	contig_1	2491329	2492543	-	GEGEGB_00528	1	persistent	2	0	0
LNHIMF_02515	contig_1	2492703	2494703	+	LNHIMF_02515	1	persistent	2	0	0
LNHIMF_02516	contig_1	2494755	2495030	-	GEGEGB_00526	1	persistent	2	0	0
LNHIMF_02517	contig_1	2495063	2495611	-	LNHIMF_02517	1	persistent	2	0	0
LNHIMF_02518	contig_1	2495611	2496420	-	GEGEGB_00523	1	persistent	2	0	0
LNHIMF_02519	contig_1	2496420	2497244	-	GEGEGB_00522	1	persistent	2	0	0
LNHIMF_02520	contig_1	2497248	2498333	-	LNHIMF_02520	1	persistent	2	0	0
LNHIMF_02521	contig_1	2498369	2499301	-	GEGEGB_00520	1	persistent	2	0	0
LNHIMF_02522	contig_1	2499467	2500018	+	GEGEGB_00519	1	persistent	2	0	0
LNHIMF_02523	contig_1	2500118	2500603	-	GEGEGB_00518	1	persistent	2	0	0
LNHIMF_02524	contig_1	2500812	2502959	-	GEGEGB_00517	1	persistent	2	0	0
LNHIMF_02525	contig_1	2502959	2504269	-	GEGEGB_00516	1	persistent	2	0	0
LNHIMF_02526	contig_1	2504447	2504731	-	GEGEGB_00515	1	persistent	2	0	0
LNHIMF_02527	contig_1	2505102	2506409	+	LNHIMF_02527	1	persistent	2	0	0
LNHIMF_02528	contig_1	2506470	2507225	-	GEGEGB_00513	1	persistent	2	0	0
LNHIMF_02529	contig_1	2507514	2508455	+	GEGEGB_00512	1	persistent	3	0	1
LNHIMF_02531	contig_1	2508761	2509699	-	GEGEGB_00505	1	persistent	2	0	2
LNHIMF_02532	contig_1	2509739	2509834	+	GEGEGB_00504	1	persistent	2	0	0
LNHIMF_02533	contig_1	2509967	2511217	-	LNHIMF_02533	1	persistent	2	0	0
LNHIMF_02534	contig_1	2511204	2513210	-	GEGEGB_00502	1	persistent	2	0	0
LNHIMF_02535	contig_1	2513207	2514481	-	GEGEGB_00501	1	persistent	2	0	0
LNHIMF_02536	contig_1	2514836	2516227	+	LNHIMF_02536	1	persistent	2	0	0
LNHIMF_02537	contig_1	2516477	2516719	-	GEGEGB_00499	1	persistent	2	0	0
LNHIMF_02538	contig_1	2516880	2516993	-	GEGEGB_00498	1	persistent	2	0	0
LNHIMF_02539	contig_1	2517241	2518161	+	GEGEGB_00497	1	persistent	2	0	0
LNHIMF_02540	contig_1	2518579	2518635	+	GEGEGB_00496	1	persistent	2	1	0
LNHIMF_02541	contig_1	2518685	2519923	-	GEGEGB_00493	1	persistent	2	1	1
LNHIMF_02542	contig_1	2520645	2521610	-	LNHIMF_02542	1	persistent	2	0	1
LNHIMF_02543	contig_1	2521814	2523049	+	GEGEGB_00491	1	persistent	2	0	0
LNHIMF_02544	contig_1	2523069	2524721	-	LNHIMF_02544	1	persistent	2	0	0
LNHIMF_02545	contig_1	2524901	2525899	+	GEGEGB_00489	1	persistent	2	0	0
LNHIMF_02546	contig_1	2526013	2526339	+	GEGEGB_00488	1	persistent	2	0	0
LNHIMF_02547	contig_1	2526400	2527641	-	GEGEGB_00487	1	persistent	2	0	0
LNHIMF_02548	contig_1	2527984	2529186	+	GEGEGB_00486	1	persistent	2	0	0
LNHIMF_02549	contig_1	2529240	2531429	-	LNHIMF_02549	1	persistent	2	0	0
LNHIMF_02552	contig_1	2532035	2532397	+	GEGEGB_00482	1	persistent	2	0	0
LNHIMF_02553	contig_1	2532420	2532791	+	GEGEGB_00481	1	persistent	2	0	0
LNHIMF_02554	contig_1	2532845	2534260	-	GEGEGB_00480	1	persistent	2	0	0
LNHIMF_02559	contig_1	2535230	2536114	-	GEGEGB_00475	1	persistent	2	0	0
LNHIMF_02560	contig_1	2536166	2536324	-	GEGEGB_00474	1	persistent	2	0	0
LNHIMF_02561	contig_1	2536383	2537639	-	GEGEGB_00473	1	persistent	2	0	0
LNHIMF_02562	contig_1	2537694	2538527	-	GEGEGB_00472	1	persistent	2	0	0
LNHIMF_02563	contig_1	2538783	2539544	+	LNHIMF_02563	1	persistent	2	0	0
LNHIMF_02564	contig_1	2539606	2540532	-	GEGEGB_00470	1	persistent	2	0	0
LNHIMF_02565	contig_1	2540622	2541620	+	GEGEGB_00469	1	persistent	2	0	0
LNHIMF_02566	contig_1	2541617	2541835	-	LNHIMF_02566	1	persistent	2	0	0
LNHIMF_02567	contig_1	2541837	2543852	-	LNHIMF_02567	1	persistent	2	0	0
LNHIMF_02568	contig_1	2543924	2544910	-	GEGEGB_00466	1	persistent	2	0	0
LNHIMF_02569	contig_1	2545142	2545903	+	GEGEGB_00465	1	persistent	2	0	0
LNHIMF_02570	contig_1	2546067	2547038	+	GEGEGB_00464	1	persistent	2	0	0
LNHIMF_02571	contig_1	2547422	2547679	+	GEGEGB_00463	1	persistent	2	0	0
LNHIMF_02572	contig_1	2547728	2549455	+	GEGEGB_00462	1	persistent	2	0	0
LNHIMF_02573	contig_1	2549496	2550005	+	GEGEGB_00461	1	persistent	2	0	0
LNHIMF_02574	contig_1	2550169	2550408	-	LNHIMF_02574	1	persistent	2	0	0
LNHIMF_02575	contig_1	2550405	2551271	-	GEGEGB_00459	1	persistent	2	0	0
LNHIMF_02576	contig_1	2551354	2552646	+	BEJGEH_02464	1	persistent	2	0	0
LNHIMF_02577	contig_1	2552661	2553380	+	LNHIMF_02577	1	persistent	2	0	0
LNHIMF_02578	contig_1	2553457	2553816	+	BEJGEH_02466	1	persistent	2	1	1
LNHIMF_02579	contig_1	2553849	2554760	-	LNHIMF_02579	1	persistent	2	1	1
LNHIMF_02580	contig_1	2554881	2555975	-	BEJGEH_02469	1	persistent	2	0	0
LNHIMF_02581	contig_1	2555965	2556840	-	LNHIMF_02581	1	persistent	2	0	0
LNHIMF_02582	contig_1	2556840	2557673	-	GEGEGB_00452	1	persistent	2	0	0
LNHIMF_02583	contig_1	2557673	2558689	-	GEGEGB_00451	1	persistent	2	0	0
LNHIMF_02584	contig_1	2558847	2559638	-	GEGEGB_00450	1	persistent	2	0	1
LNHIMF_02585	contig_1	2559876	2560775	-	GEGEGB_00449	1	persistent	2	0	1
LNHIMF_02586	contig_1	2560870	2561445	-	GEGEGB_00448	1	persistent	2	0	0
LNHIMF_02587	contig_1	2561507	2561956	-	LNHIMF_02587	1	persistent	2	0	0
LNHIMF_02588	contig_1	2561943	2562368	-	GEGEGB_00446	1	persistent	2	0	0
LNHIMF_02589	contig_1	2562581	2563450	+	GEGEGB_00445	1	persistent	2	0	0
LNHIMF_02590	contig_1	2563453	2564352	+	GEGEGB_00444	1	persistent	2	1	2
LNHIMF_02591	contig_1	2564452	2565504	-	LNHIMF_02591	1	persistent	2	2	3
LNHIMF_02592	contig_1	2565552	2566046	-	LNHIMF_02592	1	persistent	2	0	0
LNHIMF_02593	contig_1	2566059	2566718	-	GEGEGB_00439	1	persistent	2	0	0
LNHIMF_02594	contig_1	2566728	2567624	-	LNHIMF_02594	1	persistent	2	0	0
LNHIMF_02595	contig_1	2567643	2569004	-	LNHIMF_02595	1	persistent	2	0	0
LNHIMF_02596	contig_1	2569016	2570419	-	GEGEGB_00436	1	persistent	2	0	0
LNHIMF_02597	contig_1	2570416	2571642	-	LNHIMF_02597	1	persistent	2	0	0
LNHIMF_02598	contig_1	2571762	2572949	-	ALJMDI_01699	1	persistent	2	0	0
LNHIMF_02599	contig_1	2572939	2573778	-	GEGEGB_00433	1	persistent	2	0	0
LNHIMF_02600	contig_1	2573789	2575192	-	LNHIMF_02600	1	persistent	2	0	1
LNHIMF_02601	contig_1	2575204	2575491	-	LNHIMF_02601	1	persistent	2	0	0
LNHIMF_02602	contig_1	2575604	2575894	-	LNHIMF_02602	1	persistent	2	0	0
LNHIMF_02603	contig_1	2575935	2576951	-	GEGEGB_00430	1	persistent	2	0	1
LNHIMF_02604	contig_1	2576948	2577751	-	GEGEGB_00429	1	persistent	2	0	0
LNHIMF_02605	contig_1	2577748	2578437	-	LNHIMF_02605	1	persistent	2	0	0
LNHIMF_02606	contig_1	2578415	2578894	-	GEGEGB_00427	1	persistent	2	0	0
LNHIMF_02607	contig_1	2578907	2579242	-	GEGEGB_00426	1	persistent	2	1	1
LNHIMF_02608	contig_1	2579659	2581938	-	GEGEGB_00423	1	persistent	2	1	1
LNHIMF_02609	contig_1	2582210	2583160	+	LNHIMF_02609	1	persistent	2	0	0
LNHIMF_02610	contig_1	2583180	2585180	+	LNHIMF_02610	1	persistent	2	0	0
LNHIMF_02611	contig_1	2585243	2585473	-	GEGEGB_00420	1	persistent	2	0	0
LNHIMF_02612	contig_1	2585602	2586645	-	LNHIMF_02612	1	persistent	2	0	0
LNHIMF_02613	contig_1	2586770	2587345	-	GEGEGB_00418	1	persistent	2	0	0
LNHIMF_02614	contig_1	2587549	2588847	+	GEGEGB_00417	1	persistent	2	0	0
LNHIMF_02615	contig_1	2589296	2591257	-	GEGEGB_00416	1	persistent	2	0	0
LNHIMF_02616	contig_1	2591443	2593143	+	BEJGEH_02507	1	persistent	2	0	0
LNHIMF_02617	contig_1	2593328	2596441	+	GEGEGB_00414	1	persistent	2	0	1
LNHIMF_02619	contig_1	2596543	2596602	-	LNHIMF_02619	1	persistent	2	0	0
LNHIMF_02620	contig_1	2597015	2597371	+	GEGEGB_00411	1	persistent	2	0	1
LNHIMF_02621	contig_1	2597375	2598502	+	LNHIMF_02621	1	persistent	2	0	0
LNHIMF_02622	contig_1	2598530	2598730	+	GEGEGB_00409	1	persistent	2	0	0
LNHIMF_02623	contig_1	2598757	2600775	-	LNHIMF_02623	1	persistent	2	0	0
LNHIMF_02624	contig_1	2600791	2601654	-	LNHIMF_02624	1	persistent	2	0	0
LNHIMF_02625	contig_1	2601785	2602498	-	GEGEGB_00406	1	persistent	2	0	0
LNHIMF_02626	contig_1	2602673	2603707	-	GEGEGB_00405	1	persistent	2	0	0
LNHIMF_02627	contig_1	2603724	2604602	-	GEGEGB_00404	1	persistent	2	0	0
LNHIMF_02628	contig_1	2604748	2605320	+	LNHIMF_02628	1	persistent	2	0	0
LNHIMF_02629	contig_1	2605320	2605790	+	GEGEGB_00402	1	persistent	2	0	0
LNHIMF_02630	contig_1	2605837	2606976	-	LNHIMF_02630	1	persistent	2	1	0
LNHIMF_02631	contig_1	2606982	2608250	-	LNHIMF_02631	1	shell	1	1	0
LNHIMF_02632	contig_1	2608318	2609499	-	LNHIMF_02632	1	shell	1	1	0
LNHIMF_02633	contig_1	2609781	2610848	-	GEGEGB_00397	1	persistent	2	1	0
LNHIMF_02634	contig_1	2611056	2612519	+	GEGEGB_00396	1	persistent	2	0	0
LNHIMF_02635	contig_1	2612559	2612918	+	GEGEGB_00395	1	persistent	2	0	0
LNHIMF_02636	contig_1	2612945	2613670	-	GEGEGB_00394	1	persistent	2	0	0
LNHIMF_02637	contig_1	2613741	2615030	-	GEGEGB_00393	1	persistent	2	0	0
LNHIMF_02638	contig_1	2615118	2615744	-	GEGEGB_00392	1	persistent	2	0	0
LNHIMF_02639	contig_1	2616038	2617195	+	LNHIMF_02639	1	persistent	2	0	0
LNHIMF_02640	contig_1	2617195	2617833	+	GEGEGB_00390	1	persistent	2	0	0
LNHIMF_02641	contig_1	2618022	2620088	+	LNHIMF_02641	1	persistent	2	0	0
LNHIMF_02642	contig_1	2620093	2621634	+	GEGEGB_00388	1	persistent	2	0	0
LNHIMF_02643	contig_1	2621670	2623883	-	LNHIMF_02643	1	persistent	2	0	0
LNHIMF_02644	contig_1	2624314	2624487	+	BEJGEH_02536	1	persistent	2	0	4
LNHIMF_02645	contig_1	2625043	2625357	+	BEJGEH_02537	1	persistent	2	0	3
LNHIMF_02646	contig_1	2625377	2625667	-	HFCAGB_02785	1	persistent	2	0	2
LNHIMF_02647	contig_1	2625890	2627467	-	GEGEGB_00382	1	persistent	2	0	4
LNHIMF_02648	contig_1	2627537	2629003	-	GEGEGB_00381	1	persistent	2	0	0
LNHIMF_02649	contig_1	2629164	2630513	+	LNHIMF_02649	1	persistent	2	0	0
LNHIMF_02650	contig_1	2630675	2636041	-	PKJKAM_02753	1	persistent	2	0	2
LNHIMF_02651	contig_1	2636641	2642130	-	ALJMDI_01641	2	persistent	2	0	4
LNHIMF_02652	contig_1	2642179	2643951	-	ALJMDI_01641	2	persistent	2	0	4
LNHIMF_02653	contig_1	2644077	2649662	-	ALJMDI_01640	1	cloud	2	0	0
LNHIMF_02654	contig_1	2649800	2650765	-	BEJGEH_02547	1	persistent	2	0	2
LNHIMF_02655	contig_1	2650823	2653015	-	LNHIMF_02655	1	persistent	2	0	0
LNHIMF_02656	contig_1	2653362	2653583	-	LNHIMF_02656	1	persistent	2	0	0
LNHIMF_02657	contig_1	2653672	2655144	-	GEGEGB_00368	1	persistent	2	0	0
LNHIMF_02658	contig_1	2655261	2656439	-	GEGEGB_00367	1	persistent	2	0	0
LNHIMF_02659	contig_1	2656450	2657070	-	GEGEGB_00366	1	persistent	2	0	0
LNHIMF_02660	contig_1	2657084	2658358	-	GEGEGB_00365	1	persistent	2	0	0
LNHIMF_02662	contig_1	2658469	2659587	-	LNHIMF_02662	1	persistent	2	0	0
LNHIMF_02663	contig_1	2659614	2660618	-	BEJGEH_02556	1	persistent	2	0	0
LNHIMF_02664	contig_1	2660911	2662077	-	GEGEGB_00361	1	persistent	2	0	0
LNHIMF_02665	contig_1	2662284	2662715	-	GEGEGB_00360	1	persistent	2	0	0
LNHIMF_02666	contig_1	2662836	2663699	-	LNHIMF_02666	1	persistent	2	0	0
LNHIMF_02667	contig_1	2663699	2664508	-	GEGEGB_00358	1	persistent	2	0	0
LNHIMF_02668	contig_1	2664501	2665130	-	LNHIMF_02668	1	persistent	2	0	0
LNHIMF_02669	contig_1	2665127	2667505	-	OEKLIE_03175	1	persistent	2	0	0
LNHIMF_02670	contig_1	2667660	2669975	-	LNHIMF_02670	1	persistent	2	0	0
LNHIMF_02671	contig_1	2669976	2674910	-	GEGEGB_00353	1	persistent	2	0	0
LNHIMF_02672	contig_1	2675119	2675961	+	GEGEGB_00352	1	persistent	3	0	1
LNHIMF_02674	contig_1	2676530	2677306	-	GEGEGB_00348	1	persistent	3	0	0
LNHIMF_02675	contig_1	2677321	2677500	+	PKJKAM_02726	1	persistent	2	0	0
LNHIMF_02676	contig_1	2677416	2678699	-	GEGEGB_00346	1	persistent	2	0	0
LNHIMF_02677	contig_1	2678753	2678953	-	GEGEGB_00345	1	persistent	2	0	0
LNHIMF_02678	contig_1	2678965	2679300	-	GEGEGB_00344	1	persistent	2	0	0
LNHIMF_02679	contig_1	2679302	2681152	-	LNHIMF_02679	1	persistent	2	0	0
LNHIMF_02680	contig_1	2681165	2681680	-	LNHIMF_02680	1	persistent	2	0	0
LNHIMF_02681	contig_1	2681876	2682199	-	GEGEGB_00341	1	persistent	2	0	0
LNHIMF_02682	contig_1	2682228	2682614	-	GEGEGB_00340	1	persistent	2	0	0
LNHIMF_02683	contig_1	2682642	2683856	-	GEGEGB_00339	1	persistent	2	0	0
LNHIMF_02684	contig_1	2684037	2684531	-	GEGEGB_00338	1	persistent	2	0	0
LNHIMF_02685	contig_1	2684691	2685422	-	GEGEGB_00337	1	persistent	2	0	0
LNHIMF_02686	contig_1	2685541	2686344	+	LNHIMF_02686	1	persistent	2	0	0
LNHIMF_02687	contig_1	2686489	2687367	+	HFCAGB_02830	1	persistent	2	0	0
LNHIMF_02688	contig_1	2687549	2688592	+	GEGEGB_00334	1	persistent	2	0	0
LNHIMF_02689	contig_1	2688596	2689414	+	LNHIMF_02689	1	persistent	2	0	0
LNHIMF_02690	contig_1	2689425	2690438	+	GEGEGB_00332	1	persistent	2	0	0
LNHIMF_02691	contig_1	2690439	2691425	-	BEJGEH_02586	1	persistent	2	0	0
LNHIMF_02692	contig_1	2691416	2692054	-	LNHIMF_02692	1	persistent	2	0	0
LNHIMF_02693	contig_1	2692180	2693457	+	LNHIMF_02693	1	persistent	2	0	0
LNHIMF_02694	contig_1	2693452	2694591	-	GEGEGB_00327	1	persistent	2	0	0
LNHIMF_02695	contig_1	2694787	2696040	-	GEGEGB_00326	1	persistent	2	0	0
LNHIMF_02696	contig_1	2696365	2697555	+	LNHIMF_02696	1	persistent	2	0	0
LNHIMF_02697	contig_1	2697737	2699281	+	ODDLKH_03069	1	persistent	2	0	1
LNHIMF_02698	contig_1	2699643	2700974	+	ALJMDI_01593	1	persistent	2	0	0
LNHIMF_02699	contig_1	2701057	2703201	+	GEGEGB_00322	1	persistent	2	0	0
LNHIMF_02700	contig_1	2703257	2704717	+	LNHIMF_02700	1	persistent	2	0	0
LNHIMF_02701	contig_1	2704766	2705104	-	GEGEGB_00320	1	persistent	2	0	0
LNHIMF_02702	contig_1	2705181	2706518	-	GEGEGB_00319	1	persistent	2	0	0
LNHIMF_02703	contig_1	2706515	2707279	-	GEGEGB_00318	1	persistent	2	0	0
LNHIMF_02704	contig_1	2707281	2708666	-	GEGEGB_00317	1	persistent	2	1	0
LNHIMF_02707	contig_1	2709360	2713247	-	LNHIMF_02707	1	persistent	2	1	0
LNHIMF_02708	contig_1	2713503	2715047	+	BEJGEH_02606	1	persistent	2	0	0
LNHIMF_02709	contig_1	2715098	2715616	-	GEGEGB_00312	1	persistent	2	0	0
LNHIMF_02710	contig_1	2715674	2716309	-	LNHIMF_02710	1	persistent	2	0	0
LNHIMF_02711	contig_1	2716313	2717674	-	LNHIMF_02711	1	persistent	2	0	0
LNHIMF_02712	contig_1	2717685	2718578	-	GEGEGB_00309	1	persistent	2	0	0
LNHIMF_02713	contig_1	2718694	2719542	+	GEGEGB_00308	1	persistent	2	0	0
LNHIMF_02714	contig_1	2719581	2720498	-	GEGEGB_00307	1	persistent	2	0	0
LNHIMF_02715	contig_1	2720520	2721716	-	LNHIMF_02715	1	persistent	2	0	0
LNHIMF_02716	contig_1	2721832	2722758	+	BEJGEH_02614	1	persistent	2	0	0
LNHIMF_02717	contig_1	2722796	2723056	+	GEGEGB_00304	1	persistent	2	0	0
LNHIMF_02718	contig_1	2723168	2723548	-	GEGEGB_00303	1	persistent	2	0	0
LNHIMF_02719	contig_1	2723548	2724279	-	GEGEGB_00302	1	persistent	2	0	0
LNHIMF_02720	contig_1	2724291	2725019	-	GEGEGB_00301	1	persistent	2	0	0
LNHIMF_02721	contig_1	2725031	2725936	-	LNHIMF_02721	1	persistent	2	0	0
LNHIMF_02722	contig_1	2725933	2726670	-	GEGEGB_00299	1	persistent	2	0	0
LNHIMF_02723	contig_1	2726887	2727861	-	GEGEGB_00298	1	persistent	2	0	0
LNHIMF_02724	contig_1	2727878	2729677	-	GEGEGB_00297	1	persistent	2	0	2
LNHIMF_02726	contig_1	2729929	2730408	-	GEGEGB_00296	1	persistent	2	0	1
LNHIMF_02727	contig_1	2730405	2731361	-	LNHIMF_02727	1	persistent	2	0	0
LNHIMF_02728	contig_1	2731361	2732011	-	LNHIMF_02728	1	persistent	2	0	0
LNHIMF_02729	contig_1	2732043	2732618	-	GEGEGB_00292	1	persistent	2	0	0
LNHIMF_02730	contig_1	2733043	2734665	+	LNHIMF_02730	1	persistent	2	0	0
LNHIMF_02731	contig_1	2734650	2735387	-	LNHIMF_02731	1	persistent	2	0	0
LNHIMF_02732	contig_1	2735517	2736851	+	LNHIMF_02732	1	persistent	2	0	1
LNHIMF_02733	contig_1	2736869	2737768	-	LNHIMF_02733	1	persistent	2	0	0
LNHIMF_02734	contig_1	2737871	2738458	+	GEGEGB_00287	1	persistent	2	0	1
LNHIMF_02735	contig_1	2738520	2738903	-	GEGEGB_00286	1	persistent	2	0	0
LNHIMF_02736	contig_1	2739222	2739911	+	GEGEGB_00285	1	persistent	2	0	0
LNHIMF_02737	contig_1	2740027	2741064	-	GEGEGB_00284	1	persistent	2	0	0
LNHIMF_02738	contig_1	2741268	2741687	+	LNHIMF_02738	1	persistent	2	0	0
LNHIMF_02739	contig_1	2741760	2742440	+	LNHIMF_02739	1	persistent	2	0	0
LNHIMF_02740	contig_1	2742494	2745154	+	LNHIMF_02740	1	persistent	2	0	1
LNHIMF_02741	contig_1	2745151	2745285	+	LNHIMF_02741	1	cloud	2	0	0
LNHIMF_02742	contig_1	2745269	2746624	+	GEGEGB_00279	1	persistent	2	0	1
LNHIMF_02743	contig_1	2746669	2746992	+	GEGEGB_00278	1	persistent	2	0	0
LNHIMF_02744	contig_1	2746989	2748290	-	LNHIMF_02744	1	persistent	2	0	0
LNHIMF_02745	contig_1	2748394	2748849	-	LNHIMF_02745	1	persistent	3	0	1
LNHIMF_02751	contig_1	2754780	2757353	-	GEGEGB_02756	1	persistent	3	0	1
LNHIMF_02753	contig_1	2757483	2758214	-	LNHIMF_02753	1	persistent	2	0	0
LNHIMF_02754	contig_1	2758211	2759191	-	GEGEGB_02759	1	persistent	2	0	0
LNHIMF_02755	contig_1	2759323	2760060	+	BEJGEH_02653	1	persistent	2	0	0
LNHIMF_02756	contig_1	2760332	2760670	+	GEGEGB_02761	1	persistent	2	0	1
LNHIMF_02757	contig_1	2760921	2762081	+	LNHIMF_02757	1	persistent	2	0	1
LNHIMF_02758	contig_1	2762042	2762950	-	LNHIMF_02758	1	persistent	2	0	0
LNHIMF_02759	contig_1	2763008	2764129	-	GEGEGB_02764	1	persistent	2	0	0
LNHIMF_02760	contig_1	2764139	2765209	-	GEGEGB_02765	1	persistent	2	0	0
LNHIMF_02761	contig_1	2765649	2766167	+	GEGEGB_02766	1	persistent	2	0	0
LNHIMF_02762	contig_1	2766160	2767380	+	LNHIMF_02762	1	persistent	2	0	0
LNHIMF_02763	contig_1	2767537	2767884	-	GEGEGB_02768	1	persistent	2	0	0
LNHIMF_02764	contig_1	2767925	2768692	-	GEGEGB_02769	1	persistent	2	0	0
LNHIMF_02765	contig_1	2768737	2769285	-	GEGEGB_02770	1	persistent	2	0	0
LNHIMF_02766	contig_1	2769304	2769552	-	GEGEGB_02771	1	persistent	2	0	1
LNHIMF_02767	contig_1	2769805	2771166	-	GEGEGB_02772	1	persistent	2	0	1
LNHIMF_02768	contig_1	2771332	2772123	+	GEGEGB_02773	1	persistent	2	0	0
LNHIMF_02769	contig_1	2772188	2773429	+	GEGEGB_02774	1	persistent	2	0	1
LNHIMF_02770	contig_1	2773550	2774155	+	BEJGEH_02701	1	persistent	2	0	1
LNHIMF_02771	contig_1	2774190	2774780	-	LNHIMF_02771	1	persistent	2	0	1
LNHIMF_02772	contig_1	2774903	2775781	+	AJBGEP_02882	1	persistent	2	0	1
LNHIMF_02773	contig_1	2775867	2777528	+	LNHIMF_02773	1	persistent	2	0	0
LNHIMF_02774	contig_1	2777677	2778015	+	GEGEGB_02779	1	persistent	2	0	0
LNHIMF_02775	contig_1	2778177	2778467	-	LNHIMF_02775	1	persistent	2	0	0
LNHIMF_02776	contig_1	2778457	2778894	-	GEGEGB_02781	1	persistent	2	0	0
LNHIMF_02777	contig_1	2779038	2779565	+	GEGEGB_02782	1	persistent	2	0	0
LNHIMF_02778	contig_1	2780180	2791654	+	GEGEGB_02783	1	persistent	2	0	0
LNHIMF_02780	contig_1	2791719	2793128	+	LNHIMF_02780	1	persistent	2	0	0
LNHIMF_02781	contig_1	2793125	2795305	+	LNHIMF_02781	1	persistent	2	0	0
LNHIMF_02782	contig_1	2795286	2796476	+	LNHIMF_02782	1	persistent	1	2	6
LNHIMF_02784	contig_1	2797076	2798305	+	ALJMDI_01438	1	cloud	1	0	3
LNHIMF_02785	contig_1	2798975	2800318	-	LNHIMF_02785	1	cloud	0	0	2
LNHIMF_02786	contig_1	2800315	2800407	-	LNHIMF_02786	1	cloud	0	0	2
LNHIMF_02787	contig_1	2800659	2800856	-	LNHIMF_02787	1	cloud	0	0	2
LNHIMF_02788	contig_1	2800940	2804758	-	LNHIMF_02788	1	cloud	0	0	2
LNHIMF_02789	contig_1	2805956	2806396	+	LNHIMF_02789	1	cloud	0	0	2
LNHIMF_02790	contig_1	2806413	2807360	+	LNHIMF_02790	1	cloud	0	0	2
LNHIMF_02791	contig_1	2807754	2807978	+	LNHIMF_02791	1	cloud	0	0	2
LNHIMF_02792	contig_1	2807975	2809216	+	LNHIMF_02792	1	cloud	0	0	2
LNHIMF_02793	contig_1	2809397	2809669	+	LNHIMF_02793	1	cloud	0	0	2
LNHIMF_02794	contig_1	2809711	2810097	+	LNHIMF_02794	1	cloud	0	0	2
LNHIMF_02795	contig_1	2810127	2810447	+	LNHIMF_02795	1	cloud	0	0	2
LNHIMF_02796	contig_1	2810601	2811023	-	LNHIMF_02796	1	cloud	0	0	2
LNHIMF_02797	contig_1	2811947	2812510	+	LNHIMF_02797	1	cloud	0	0	2
LNHIMF_02798	contig_1	2812593	2812823	+	LNHIMF_02798	1	cloud	0	0	2
LNHIMF_02799	contig_1	2813037	2813345	-	LNHIMF_02799	1	cloud	0	0	2
LNHIMF_02800	contig_1	2813361	2813570	-	IKCLMC_03340	1	cloud	0	0	4
LNHIMF_02801	contig_1	2813693	2814544	-	LNHIMF_02801	1	cloud	0	0	2
LNHIMF_02802	contig_1	2814885	2816159	+	LNHIMF_02802	1	cloud	0	0	2
LNHIMF_02803	contig_1	2816150	2818162	+	LNHIMF_02803	1	cloud	0	1	1
LNHIMF_02804	contig_1	2819742	2820098	-	AJBGEP_02930	1	shell	1	2	5
LNHIMF_02805	contig_1	2820349	2821869	-	AJBGEP_02931	1	shell	2	2	0
LNHIMF_02806	contig_1	2821961	2822533	+	LNHIMF_02806	1	shell	1	1	1
LNHIMF_02807	contig_1	2823496	2824611	+	GEGEGB_02814	1	persistent	1	2	2
LNHIMF_02808	contig_1	2824692	2828348	+	HFCAGB_02977	1	persistent	2	0	0
LNHIMF_02809	contig_1	2828458	2829702	+	LNHIMF_02809	1	persistent	2	0	0
LNHIMF_02810	contig_1	2829734	2830669	+	HFCAGB_02979	1	persistent	2	0	0
LNHIMF_02811	contig_1	2830711	2832885	-	LNHIMF_02811	1	persistent	2	1	1
LNHIMF_02812	contig_1	2833416	2833733	-	ALJMDI_01418	1	cloud	2	0	0
LNHIMF_02813	contig_1	2833929	2834981	-	LNHIMF_02813	1	persistent	2	1	1
LNHIMF_02814	contig_1	2835499	2836428	+	GEGEGB_02820	1	persistent	2	0	0
LNHIMF_02815	contig_1	2836722	2837618	+	GEGEGB_02821	1	persistent	2	0	0
LNHIMF_02816	contig_1	2838134	2838247	+	GEGEGB_02822	1	persistent	2	0	0
LNHIMF_02817	contig_1	2838340	2839353	-	LNHIMF_02817	1	persistent	2	0	0
LNHIMF_02818	contig_1	2839486	2840901	-	GEGEGB_02824	1	persistent	2	0	0
LNHIMF_02819	contig_1	2840888	2841562	-	LNHIMF_02819	1	persistent	2	0	0
LNHIMF_02820	contig_1	2841717	2842694	+	LNHIMF_02820	1	persistent	2	0	0
LNHIMF_02821	contig_1	2842709	2843140	+	GEGEGB_02827	1	persistent	2	0	0
LNHIMF_02822	contig_1	2843151	2844665	+	LNHIMF_02822	1	persistent	2	0	1
LNHIMF_02823	contig_1	2844967	2845944	+	GEGEGB_02829	1	persistent	2	0	1
LNHIMF_02824	contig_1	2845970	2847238	+	LNHIMF_02824	1	persistent	2	0	0
LNHIMF_02825	contig_1	2847260	2847685	+	BEJGEH_02778	2	persistent	2	0	0
LNHIMF_02826	contig_1	2847682	2848707	+	BEJGEH_02778	2	persistent	2	0	0
LNHIMF_02827	contig_1	2848722	2850005	+	LNHIMF_02827	1	persistent	2	0	0
LNHIMF_02828	contig_1	2850136	2851536	+	BEJGEH_02780	1	persistent	2	0	0
LNHIMF_02829	contig_1	2851578	2852255	+	GEGEGB_02835	1	persistent	2	0	1
LNHIMF_02830	contig_1	2852277	2852726	-	LNHIMF_02830	1	persistent	2	0	0
LNHIMF_02831	contig_1	2852826	2852984	-	GEGEGB_02838	1	persistent	2	0	1
LNHIMF_02832	contig_1	2853167	2853466	+	LNHIMF_02832	1	persistent	2	0	0
LNHIMF_02833	contig_1	2853476	2854003	+	GEGEGB_02840	1	persistent	3	0	0
LNHIMF_02834	contig_1	2854082	2854261	+	LNHIMF_02834	1	persistent	2	0	0
LNHIMF_02835	contig_1	2854351	2854752	-	GEGEGB_02842	1	persistent	3	0	0
LNHIMF_02836	contig_1	2855652	2856101	+	LNHIMF_02836	1	persistent	2	0	0
LNHIMF_02837	contig_1	2856136	2856486	-	GEGEGB_02844	1	persistent	2	0	0
LNHIMF_02838	contig_1	2856648	2856974	+	GEGEGB_02845	1	persistent	2	0	0
LNHIMF_02839	contig_1	2857058	2858392	-	LNHIMF_02839	1	persistent	2	0	0
LNHIMF_02840	contig_1	2858481	2858912	+	LNHIMF_02840	1	persistent	2	0	0
LNHIMF_02841	contig_1	2859184	2859429	+	LNHIMF_02841	1	persistent	2	0	0
LNHIMF_02842	contig_1	2859426	2859836	+	LNHIMF_02842	1	persistent	2	0	0
LNHIMF_02843	contig_1	2859836	2861953	+	LNHIMF_02843	1	persistent	2	0	0
LNHIMF_02844	contig_1	2861964	2862923	+	LNHIMF_02844	1	persistent	2	0	1
LNHIMF_02845	contig_1	2863278	2864480	+	LNHIMF_02845	1	persistent	2	0	1
LNHIMF_02846	contig_1	2864473	2865537	+	GEGEGB_02855	1	persistent	2	0	0
LNHIMF_02847	contig_1	2865607	2866602	+	GEGEGB_02856	1	persistent	2	0	0
LNHIMF_02848	contig_1	2866767	2867951	+	LNHIMF_02848	1	persistent	2	0	0
LNHIMF_02849	contig_1	2868448	2868978	+	GEGEGB_02858	1	persistent	2	0	0
LNHIMF_02850	contig_1	2869105	2870277	+	LNHIMF_02850	1	persistent	2	0	0
LNHIMF_02851	contig_1	2870294	2871832	+	LNHIMF_02851	1	persistent	2	0	0
LNHIMF_02852	contig_1	2871881	2873251	-	GEGEGB_02861	1	persistent	2	0	0
LNHIMF_02854	contig_1	2873597	2874112	-	GEGEGB_02863	1	persistent	2	0	0
LNHIMF_02856	contig_1	2874262	2875818	-	LNHIMF_02856	1	persistent	2	0	0
LNHIMF_02857	contig_1	2875895	2876320	-	GEGEGB_02866	1	persistent	2	0	0
LNHIMF_02858	contig_1	2876317	2876883	-	GEGEGB_02867	1	persistent	2	0	0
LNHIMF_02864	contig_1	2878145	2878330	-	GEGEGB_02873	1	persistent	2	0	0
LNHIMF_02865	contig_1	2878565	2881195	-	GEGEGB_02874	1	persistent	2	0	0
LNHIMF_02866	contig_1	2881431	2881970	-	LNHIMF_02866	1	persistent	2	0	1
LNHIMF_02867	contig_1	2882048	2883109	-	GEGEGB_02876	1	persistent	2	0	0
LNHIMF_02868	contig_1	2883194	2883691	-	LNHIMF_02868	1	persistent	2	0	0
LNHIMF_02869	contig_1	2883886	2884131	+	LNHIMF_02869	1	persistent	2	0	0
LNHIMF_02870	contig_1	2884169	2885248	-	GEGEGB_02879	1	persistent	2	0	0
LNHIMF_02871	contig_1	2885501	2886064	+	GEGEGB_02880	1	persistent	2	0	0
LNHIMF_02872	contig_1	2886061	2887032	+	LNHIMF_02872	1	persistent	2	0	0
LNHIMF_02873	contig_1	2887044	2887406	+	LNHIMF_02873	1	persistent	2	0	0
LNHIMF_02874	contig_1	2887418	2888197	+	LNHIMF_02874	1	persistent	2	0	0
LNHIMF_02875	contig_1	2888274	2888633	+	GEGEGB_02884	1	persistent	2	0	0
LNHIMF_02876	contig_1	2888831	2889604	+	GEGEGB_02885	1	persistent	2	0	0
LNHIMF_02877	contig_1	2889597	2890562	+	GEGEGB_02886	1	persistent	2	0	0
LNHIMF_02878	contig_1	2890559	2892079	-	GEGEGB_02887	1	persistent	2	0	0
LNHIMF_02879	contig_1	2892265	2893704	+	LNHIMF_02879	1	persistent	2	0	0
LNHIMF_02880	contig_1	2893701	2894834	+	LNHIMF_02880	1	persistent	2	0	0
LNHIMF_02881	contig_1	2894931	2897171	-	LNHIMF_02881	1	persistent	2	0	0
LNHIMF_02882	contig_1	2897317	2897862	-	GEGEGB_02891	1	persistent	2	0	0
LNHIMF_02883	contig_1	2898063	2898872	-	LNHIMF_02883	1	persistent	2	0	0
LNHIMF_02884	contig_1	2898899	2899369	-	HFCAGB_03054	1	persistent	2	0	0
LNHIMF_02885	contig_1	2899362	2899772	-	GEGEGB_02894	1	persistent	2	0	0
LNHIMF_02886	contig_1	2899769	2900536	-	LNHIMF_02886	1	persistent	2	0	0
LNHIMF_02887	contig_1	2900536	2901078	-	GEGEGB_02896	1	persistent	2	0	0
LNHIMF_02888	contig_1	2901088	2902797	-	GEGEGB_02897	1	persistent	2	0	0
LNHIMF_02889	contig_1	2902815	2903738	-	GEGEGB_02898	1	persistent	2	0	0
LNHIMF_02890	contig_1	2903741	2905567	-	LNHIMF_02890	1	persistent	2	0	0
LNHIMF_02891	contig_1	2905567	2906175	-	GEGEGB_02900	1	persistent	2	0	0
LNHIMF_02892	contig_1	2906321	2906782	-	GEGEGB_02901	1	persistent	2	0	0
LNHIMF_02893	contig_1	2906992	2907348	+	GEGEGB_02902	1	persistent	2	0	0
LNHIMF_02894	contig_1	2907417	2908289	+	GEGEGB_02903	1	persistent	2	0	0
LNHIMF_02895	contig_1	2908280	2908552	+	GEGEGB_02904	1	persistent	2	0	0
LNHIMF_02896	contig_1	2908552	2909673	+	GEGEGB_02905	1	persistent	2	0	0
LNHIMF_02897	contig_1	2909670	2910680	+	GEGEGB_02906	1	persistent	2	0	0
LNHIMF_02898	contig_1	2910899	2912977	+	LNHIMF_02898	1	persistent	2	0	0
LNHIMF_02899	contig_1	2913039	2913383	-	GEGEGB_02908	1	persistent	2	0	0
LNHIMF_02900	contig_1	2913565	2914482	+	GEGEGB_02909	1	persistent	2	0	0
LNHIMF_02901	contig_1	2914479	2915300	+	LNHIMF_02901	1	persistent	2	0	0
LNHIMF_02902	contig_1	2915297	2916157	+	GEGEGB_02911	1	persistent	2	0	0
LNHIMF_02903	contig_1	2916148	2916996	+	GEGEGB_02912	1	persistent	3	0	0
LNHIMF_02904	contig_1	2917095	2917961	-	BEJGEH_02856	1	persistent	2	0	0
LNHIMF_02906	contig_1	2918164	2918919	-	BEJGEH_02858	1	persistent	3	0	0
LNHIMF_02907	contig_1	2919304	2920191	-	LNHIMF_02907	1	persistent	2	0	0
LNHIMF_02908	contig_1	2920535	2920987	-	LNHIMF_02908	1	persistent	2	0	0
LNHIMF_02909	contig_1	2921003	2921674	-	HFCAGB_03079	1	persistent	2	0	0
LNHIMF_02910	contig_1	2921631	2922209	-	GEGEGB_02917	1	persistent	2	0	0
LNHIMF_02911	contig_1	2922202	2922960	-	LNHIMF_02911	1	persistent	2	0	0
LNHIMF_02912	contig_1	2922957	2923262	-	LNHIMF_02912	1	persistent	2	0	0
LNHIMF_02913	contig_1	2923281	2923523	-	GEGEGB_02920	1	persistent	2	0	0
LNHIMF_02914	contig_1	2923548	2924783	-	LNHIMF_02914	1	persistent	2	0	0
LNHIMF_02915	contig_1	2925042	2925971	+	LNHIMF_02915	1	persistent	2	0	0
LNHIMF_02916	contig_1	2927061	2928722	+	HFCAGB_03086	1	persistent	2	0	0
LNHIMF_02917	contig_1	2928740	2929222	+	LNHIMF_02917	1	persistent	2	0	0
LNHIMF_02918	contig_1	2929276	2930883	-	LNHIMF_02918	1	persistent	2	0	0
LNHIMF_02919	contig_1	2930894	2931286	-	LNHIMF_02919	1	persistent	2	0	0
LNHIMF_02920	contig_1	2931313	2931573	-	GEGEGB_02927	1	persistent	2	0	0
LNHIMF_02921	contig_1	2931617	2931865	-	GEGEGB_02928	1	persistent	2	0	0
LNHIMF_02922	contig_1	2931884	2933941	-	BEJGEH_02874	1	persistent	2	0	0
LNHIMF_02923	contig_1	2933960	2934982	-	ALJMDI_02659	1	persistent	2	0	0
LNHIMF_02924	contig_1	2935053	2936282	-	LNHIMF_02924	1	persistent	2	0	0
LNHIMF_02925	contig_1	2936310	2938091	-	GEGEGB_02932	1	persistent	2	0	0
LNHIMF_02926	contig_1	2938094	2938591	-	GEGEGB_02933	1	persistent	2	0	0
LNHIMF_02927	contig_1	2938729	2939799	-	GEGEGB_02934	1	persistent	2	0	0
LNHIMF_02928	contig_1	2939786	2940577	-	LNHIMF_02928	1	persistent	2	0	0
LNHIMF_02929	contig_1	2940581	2940841	-	GEGEGB_02936	1	persistent	2	0	0
LNHIMF_02930	contig_1	2940867	2941541	-	LNHIMF_02930	1	persistent	2	0	0
LNHIMF_02931	contig_1	2941531	2942442	-	LNHIMF_02931	1	persistent	2	0	0
LNHIMF_02932	contig_1	2942442	2943452	-	LNHIMF_02932	1	persistent	2	0	0
LNHIMF_02933	contig_1	2943452	2943895	-	GEGEGB_02940	1	persistent	2	0	0
LNHIMF_02934	contig_1	2943873	2945168	-	GEGEGB_02941	1	persistent	2	0	0
LNHIMF_02935	contig_1	2945165	2945572	-	GEGEGB_02942	1	persistent	2	0	0
LNHIMF_02936	contig_1	2945596	2947653	-	GEGEGB_02943	1	persistent	2	0	0
LNHIMF_02937	contig_1	2947678	2948796	-	GEGEGB_02944	1	persistent	2	0	0
LNHIMF_02938	contig_1	2948793	2950481	-	LNHIMF_02938	1	persistent	2	0	0
LNHIMF_02939	contig_1	2950478	2951227	-	GEGEGB_02946	1	persistent	2	0	0
LNHIMF_02940	contig_1	2951585	2952028	+	GEGEGB_02947	1	persistent	2	1	0
LNHIMF_02942	contig_1	2952460	2952909	+	LNHIMF_02942	1	persistent	2	0	0
LNHIMF_02943	contig_1	2952909	2953241	+	LNHIMF_02943	1	persistent	2	1	0
LNHIMF_02944	contig_1	2953456	2953596	-	AJBGEP_03073	1	persistent	2	1	0
LNHIMF_02945	contig_1	2954108	2954764	+	LNHIMF_02945	1	persistent	2	0	1
LNHIMF_02946	contig_1	2955616	2958183	+	GEGEGB_02953	1	persistent	3	0	3
LNHIMF_02947	contig_1	2958239	2958619	-	LNHIMF_02947	1	persistent	2	0	0
LNHIMF_02948	contig_1	2958616	2959824	-	GEGEGB_02955	1	persistent	3	0	0
LNHIMF_02949	contig_1	2959933	2960844	+	GEGEGB_02956	1	persistent	2	0	0
LNHIMF_02950	contig_1	2960886	2962382	-	GEGEGB_02957	1	persistent	2	0	0
LNHIMF_02951	contig_1	2962379	2963329	-	LNHIMF_02951	1	persistent	2	0	0
LNHIMF_02952	contig_1	2963369	2964145	-	LNHIMF_02952	1	persistent	2	0	0
LNHIMF_02953	contig_1	2964150	2964788	-	GEGEGB_02960	1	persistent	2	0	0
LNHIMF_02954	contig_1	2964785	2966047	-	LNHIMF_02954	1	persistent	2	0	0
LNHIMF_02955	contig_1	2966041	2966964	-	BEJGEH_02913	1	persistent	2	0	0
LNHIMF_02956	contig_1	2967161	2967925	+	LNHIMF_02956	1	persistent	2	0	0
LNHIMF_02957	contig_1	2967944	2968348	-	GEGEGB_02964	1	persistent	2	0	0
LNHIMF_02958	contig_1	2968519	2969112	+	LNHIMF_02958	1	persistent	2	0	0
LNHIMF_02959	contig_1	2969112	2970539	+	LNHIMF_02959	1	persistent	2	0	0
LNHIMF_02960	contig_1	2970550	2970786	+	GEGEGB_02967	1	persistent	2	0	0
LNHIMF_02961	contig_1	2970832	2971824	-	LNHIMF_02961	1	persistent	2	0	1
LNHIMF_02962	contig_1	2971887	2973020	-	BEJGEH_02923	1	persistent	2	0	0
LNHIMF_02963	contig_1	2973196	2973822	-	GEGEGB_02970	1	persistent	2	0	0
LNHIMF_02964	contig_1	2973816	2974577	-	GEGEGB_02971	1	persistent	2	0	0
LNHIMF_02965	contig_1	2974558	2975607	-	LNHIMF_02965	1	persistent	2	0	0
LNHIMF_02966	contig_1	2975604	2976083	-	GEGEGB_02973	1	persistent	2	0	0
LNHIMF_02967	contig_1	2976083	2976793	-	GEGEGB_02974	1	persistent	2	0	0
LNHIMF_02968	contig_1	2976812	2977123	-	GEGEGB_02975	1	persistent	2	0	0
LNHIMF_02969	contig_1	2977314	2977637	-	GEGEGB_02976	1	persistent	2	0	0
LNHIMF_02970	contig_1	2977688	2978293	-	GEGEGB_02977	1	persistent	2	0	0
LNHIMF_02971	contig_1	2978280	2979719	-	LNHIMF_02971	1	persistent	2	0	0
LNHIMF_02972	contig_1	2979729	2980637	-	GEGEGB_02979	1	persistent	2	0	0
LNHIMF_02973	contig_1	2980888	2981934	+	GEGEGB_02980	1	persistent	3	0	0
LNHIMF_02974	contig_1	2982794	2983087	-	GEGEGB_02981	1	persistent	2	0	0
LNHIMF_02975	contig_1	2983090	2984007	-	BEJGEH_02936	1	persistent	1	1	1
LNHIMF_02976	contig_1	2984004	2984711	-	PKJKAM_02437	1	cloud	1	0	1
LNHIMF_02977	contig_1	2984711	2985436	-	PKJKAM_02436	1	cloud	0	0	2
LNHIMF_02978	contig_1	2985446	2986504	-	GEGEGB_02985	1	cloud	0	0	2
LNHIMF_02979	contig_1	2986527	2987129	-	PKJKAM_02434	1	cloud	0	0	2
LNHIMF_02980	contig_1	2987146	2988681	-	PKJKAM_02433	1	cloud	0	0	3
LNHIMF_02981	contig_1	2989243	2991942	+	GEGEGB_02989	1	cloud	1	0	2
LNHIMF_02982	contig_1	2992326	2993279	+	GEGEGB_02990	1	persistent	2	1	1
LNHIMF_02983	contig_1	2993367	2994101	-	LNHIMF_02983	1	persistent	2	0	0
LNHIMF_02984	contig_1	2994177	2995889	-	BEJGEH_02945	1	persistent	2	0	0
LNHIMF_02985	contig_1	2995889	2997688	-	LNHIMF_02985	1	persistent	2	0	0
LNHIMF_02986	contig_1	2998124	2998486	+	GEGEGB_02994	1	persistent	2	0	0
LNHIMF_02987	contig_1	2998574	2999371	-	BEJGEH_02948	1	persistent	2	0	1
LNHIMF_02988	contig_1	3000654	3000800	-	ONMMKP_03919	1	cloud	2	0	0
LNHIMF_02989	contig_1	3000831	3001502	-	GEGEGB_02996	1	persistent	2	0	1
LNHIMF_02990	contig_1	3001638	3002936	-	GEGEGB_02997	1	persistent	2	0	0
LNHIMF_02991	contig_1	3003019	3004656	-	GEGEGB_02998	1	persistent	2	0	0
LNHIMF_02992	contig_1	3004884	3005684	-	LNHIMF_02992	1	persistent	1	2	0
LNHIMF_02993	contig_1	3006452	3006748	-	LNHIMF_02993	1	shell	2	0	1
LNHIMF_02994	contig_1	3006714	3007001	-	GEGEGB_03010	1	persistent	1	1	1
LNHIMF_02995	contig_1	3007155	3009389	-	GEGEGB_03011	1	persistent	2	1	0
LNHIMF_02996	contig_1	3009441	3010736	-	BEJGEH_02963	1	persistent	2	0	0
LNHIMF_02997	contig_1	3010794	3013550	+	LNHIMF_02997	1	persistent	2	0	0
LNHIMF_02998	contig_1	3013594	3014736	-	GEGEGB_03014	1	persistent	2	0	0
LNHIMF_02999	contig_1	3014814	3016154	-	LNHIMF_02999	1	persistent	2	0	0
LNHIMF_03000	contig_1	3016175	3017515	-	LNHIMF_03000	1	persistent	2	0	0
LNHIMF_03001	contig_1	3017512	3018870	-	LNHIMF_03001	1	persistent	2	0	0
LNHIMF_03002	contig_1	3019352	3019801	-	LNHIMF_03002	1	persistent	2	0	0
LNHIMF_03003	contig_1	3019820	3020602	-	LNHIMF_03003	1	persistent	2	0	0
LNHIMF_03004	contig_1	3020602	3020931	-	GEGEGB_03020	1	persistent	2	0	0
LNHIMF_03006	contig_1	3021543	3022088	-	GEGEGB_03022	1	persistent	2	0	0
LNHIMF_03007	contig_1	3022157	3023005	+	GEGEGB_03023	1	persistent	2	0	0
LNHIMF_03008	contig_1	3023119	3024483	+	LNHIMF_03008	1	persistent	2	0	0
LNHIMF_03009	contig_1	3025048	3026337	+	LNHIMF_03009	1	persistent	2	0	0
LNHIMF_03010	contig_1	3026396	3027763	+	GEGEGB_03026	1	persistent	2	0	0
LNHIMF_03011	contig_1	3027933	3028688	+	GEGEGB_03027	1	persistent	2	0	0
LNHIMF_03012	contig_1	3028780	3029928	-	GEGEGB_03028	1	persistent	2	0	0
LNHIMF_03013	contig_1	3029945	3030592	-	GEGEGB_03029	1	persistent	2	0	0
LNHIMF_03014	contig_1	3031148	3032464	+	LNHIMF_03014	1	persistent	2	0	1
LNHIMF_03015	contig_1	3032496	3034271	+	LNHIMF_03015	1	persistent	2	0	1
LNHIMF_03016	contig_1	3034372	3035790	+	LNHIMF_03016	1	persistent	2	0	0
LNHIMF_03017	contig_1	3035792	3036214	+	GEGEGB_03033	1	persistent	2	0	0
LNHIMF_03018	contig_1	3036272	3036982	+	GEGEGB_03034	1	persistent	2	0	0
LNHIMF_03019	contig_1	3037041	3038141	-	GEGEGB_03035	1	persistent	2	0	0
LNHIMF_03020	contig_1	3038134	3038529	-	GEGEGB_03036	1	persistent	2	0	0
LNHIMF_03021	contig_1	3038548	3039465	-	GEGEGB_03037	1	persistent	2	0	0
LNHIMF_03022	contig_1	3039422	3039544	-	LNHIMF_03022	1	persistent	2	0	0
LNHIMF_03024	contig_1	3039812	3040039	-	GEGEGB_03040	1	persistent	2	0	0
LNHIMF_03025	contig_1	3040232	3041437	+	GEGEGB_03041	1	persistent	2	0	0
LNHIMF_03026	contig_1	3041437	3041880	+	GEGEGB_03042	1	persistent	2	0	0
LNHIMF_03027	contig_1	3042153	3043067	+	GEGEGB_03043	1	persistent	2	0	0
LNHIMF_03028	contig_1	3043119	3043925	-	GEGEGB_03044	1	persistent	2	0	0
LNHIMF_03029	contig_1	3044035	3045132	-	GEGEGB_03045	1	persistent	2	0	0
LNHIMF_03032	contig_1	3045632	3046885	-	LNHIMF_03032	1	persistent	2	0	0
LNHIMF_03033	contig_1	3047118	3048449	+	GEGEGB_03049	1	persistent	2	0	0
LNHIMF_03034	contig_1	3048552	3050387	-	LNHIMF_03034	1	persistent	2	0	0
LNHIMF_03035	contig_1	3050384	3053929	-	GEGEGB_03051	1	persistent	2	0	0
LNHIMF_03036	contig_1	3053922	3056810	-	GEGEGB_03052	1	persistent	2	0	0
LNHIMF_03037	contig_1	3056988	3060359	-	GEGEGB_03053	1	persistent	2	0	0
LNHIMF_03038	contig_1	3060375	3060695	-	LNHIMF_03038	1	persistent	2	0	0
LNHIMF_03039	contig_1	3060680	3061087	-	GEGEGB_03055	1	persistent	2	0	0
LNHIMF_03040	contig_1	3061084	3061647	-	LNHIMF_03040	1	persistent	2	0	0
LNHIMF_03041	contig_1	3061638	3062108	-	GEGEGB_03057	1	persistent	2	1	0
LNHIMF_03042	contig_1	3062293	3063087	-	LNHIMF_03042	1	persistent	2	1	0
LNHIMF_03043	contig_1	3063094	3063969	-	GEGEGB_03061	1	persistent	2	0	0
LNHIMF_03044	contig_1	3064185	3066431	-	GEGEGB_03062	1	persistent	2	0	0
LNHIMF_03045	contig_1	3066444	3066974	-	GEGEGB_03063	1	persistent	2	0	0
LNHIMF_03046	contig_1	3067657	3068352	+	GEGEGB_03064	1	persistent	2	0	0
LNHIMF_03047	contig_1	3068534	3069247	+	GEGEGB_03065	1	persistent	2	0	0
LNHIMF_03048	contig_1	3069417	3069635	+	GEGEGB_03066	1	persistent	2	0	0
LNHIMF_03049	contig_1	3069826	3070866	+	LNHIMF_03049	1	persistent	2	0	0
LNHIMF_03050	contig_1	3070953	3072155	-	GEGEGB_03068	1	persistent	2	0	0
LNHIMF_03051	contig_1	3072148	3074307	-	LNHIMF_03051	1	persistent	2	1	0
LNHIMF_03054	contig_1	3074900	3075928	+	GEGEGB_03075	1	persistent	2	0	1
LNHIMF_03055	contig_1	3075942	3076961	+	LNHIMF_03055	1	persistent	2	0	0
LNHIMF_03056	contig_1	3076971	3078233	-	GEGEGB_03077	1	persistent	2	0	0
LNHIMF_03057	contig_1	3078351	3079286	+	GEGEGB_03078	1	persistent	2	0	0
LNHIMF_03058	contig_1	3079258	3079965	-	LNHIMF_03058	1	persistent	2	0	0
LNHIMF_03059	contig_1	3080078	3081496	-	LNHIMF_03059	1	persistent	2	0	0
LNHIMF_03060	contig_1	3081848	3082609	-	LNHIMF_03060	1	persistent	2	0	0
LNHIMF_03061	contig_1	3082666	3083502	-	ODDLKH_03450	1	persistent	2	0	0
LNHIMF_03063	contig_1	3083932	3085110	-	GEGEGB_03084	1	persistent	2	0	0
LNHIMF_03064	contig_1	3085233	3086096	-	LNHIMF_03064	1	persistent	2	0	0
LNHIMF_03065	contig_1	3086200	3086655	+	GEGEGB_03086	1	persistent	2	0	0
LNHIMF_03066	contig_1	3086797	3088026	+	GEGEGB_03087	1	persistent	2	0	0
LNHIMF_03067	contig_1	3088057	3088329	-	GEGEGB_03088	1	persistent	2	0	0
LNHIMF_03068	contig_1	3088451	3089299	+	PKJKAM_02341	1	persistent	2	0	0
LNHIMF_03069	contig_1	3089509	3090267	-	GEGEGB_03091	1	persistent	2	0	0
LNHIMF_03070	contig_1	3090254	3090760	-	HFCAGB_03249	1	persistent	1	1	3
LNHIMF_03071	contig_1	3090870	3091931	-	ONMMKP_03831	1	cloud	2	0	0
LNHIMF_03072	contig_1	3091949	3092692	-	LNHIMF_03072	1	persistent	1	1	3
LNHIMF_03073	contig_1	3092733	3095222	-	LNHIMF_03073	1	persistent	2	0	0
LNHIMF_03074	contig_1	3095342	3095929	-	BEJGEH_03044	1	persistent	2	0	0
LNHIMF_03075	contig_1	3096648	3097280	-	LNHIMF_03075	1	persistent	2	0	0
LNHIMF_03076	contig_1	3097327	3097863	-	GEGEGB_03098	1	persistent	1	1	4
LNHIMF_03077	contig_1	3098208	3098483	-	LNHIMF_03077	1	cloud	1	1	1
LNHIMF_03079	contig_1	3098661	3098867	+	PKJKAM_02331	1	cloud	2	0	1
LNHIMF_03080	contig_1	3099037	3099837	+	LNHIMF_03080	1	persistent	1	2	2
LNHIMF_03082	contig_1	3100112	3100870	-	GEGEGB_03111	1	persistent	2	1	2
LNHIMF_03084	contig_1	3101135	3101680	+	LNHIMF_03084	1	persistent	2	0	0
LNHIMF_03085	contig_1	3101756	3103273	-	LNHIMF_03085	1	persistent	2	0	0
LNHIMF_03086	contig_1	3103283	3104164	-	GEGEGB_03115	1	persistent	2	0	0
LNHIMF_03087	contig_1	3104486	3106087	-	LNHIMF_03087	1	persistent	2	0	0
LNHIMF_03088	contig_1	3106225	3106938	-	GEGEGB_03117	1	persistent	2	0	0
LNHIMF_03089	contig_1	3106962	3107858	-	GEGEGB_03118	1	persistent	2	0	0
LNHIMF_03090	contig_1	3107971	3108492	+	GEGEGB_03119	1	persistent	2	0	0
LNHIMF_03091	contig_1	3108545	3108958	-	LNHIMF_03091	1	persistent	2	0	0
LNHIMF_03092	contig_1	3108939	3109205	-	GEGEGB_03121	1	persistent	2	0	0
LNHIMF_03093	contig_1	3109455	3110435	+	GEGEGB_03122	1	persistent	3	0	0
LNHIMF_03094	contig_1	3110352	3110543	-	GEGEGB_03123	1	persistent	2	0	0
LNHIMF_03095	contig_1	3110551	3111210	-	GEGEGB_03124	1	persistent	3	0	0
LNHIMF_03096	contig_1	3111374	3111685	-	AJBGEP_03225	1	persistent	2	0	0
LNHIMF_03097	contig_1	3111843	3113276	+	LNHIMF_03097	1	persistent	2	0	0
LNHIMF_03098	contig_1	3113324	3114217	-	BEJGEH_03067	1	persistent	2	0	0
LNHIMF_03099	contig_1	3114673	3117150	-	BEJGEH_03068	2	persistent	2	0	0
LNHIMF_03100	contig_1	3117147	3117545	-	BEJGEH_03068	2	persistent	2	0	0
LNHIMF_03101	contig_1	3117708	3118097	-	GEGEGB_03129	1	persistent	2	0	0
LNHIMF_03102	contig_1	3118123	3119217	-	GEGEGB_03130	1	persistent	2	0	0
LNHIMF_03103	contig_1	3119672	3120874	-	LNHIMF_03103	1	persistent	2	0	0
LNHIMF_03104	contig_1	3121000	3122178	-	GEGEGB_03132	1	persistent	2	0	1
LNHIMF_03105	contig_1	3122175	3123491	-	GEGEGB_03133	1	persistent	2	0	1
LNHIMF_03106	contig_1	3123517	3124095	-	LNHIMF_03106	1	persistent	2	0	0
LNHIMF_03107	contig_1	3124262	3124591	+	GEGEGB_03135	1	persistent	2	0	0
LNHIMF_03109	contig_1	3124957	3125433	+	BEJGEH_03077	1	persistent	2	0	0
LNHIMF_03111	contig_1	3125814	3127046	-	GEGEGB_03139	1	persistent	2	0	0
LNHIMF_03112	contig_1	3127313	3127972	-	GEGEGB_03140	1	persistent	2	0	0
LNHIMF_03113	contig_1	3128126	3129019	+	GEGEGB_03141	1	persistent	2	0	0
LNHIMF_03114	contig_1	3129187	3129933	-	GEGEGB_03142	1	persistent	2	0	0
LNHIMF_03115	contig_1	3130027	3130662	-	LNHIMF_03115	1	persistent	2	0	0
LNHIMF_03116	contig_1	3130863	3131723	-	GEGEGB_03144	1	persistent	2	1	0
LNHIMF_03117	contig_1	3131946	3133025	-	GEGEGB_03148	1	persistent	2	0	1
LNHIMF_03118	contig_1	3133127	3134290	-	GEGEGB_03149	1	persistent	2	0	0
LNHIMF_03119	contig_1	3134312	3135358	-	GEGEGB_03150	1	persistent	2	0	0
LNHIMF_03120	contig_1	3135732	3136157	+	GEGEGB_03151	1	persistent	2	0	0
LNHIMF_03121	contig_1	3136183	3136761	+	GEGEGB_03152	1	persistent	2	0	0
LNHIMF_03122	contig_1	3136762	3137469	+	LNHIMF_03122	1	persistent	2	0	0
LNHIMF_03123	contig_1	3137457	3138134	+	LNHIMF_03123	1	persistent	2	0	0
LNHIMF_03124	contig_1	3138128	3138817	+	LNHIMF_03124	1	persistent	2	1	1
LNHIMF_03125	contig_1	3138786	3139502	-	PAPNPA_00185	1	cloud	1	0	1
LNHIMF_03126	contig_1	3139487	3140074	-	PAPNPA_00186	1	cloud	0	0	2
LNHIMF_03127	contig_1	3140222	3141193	-	LNHIMF_03127	1	cloud	0	0	2
LNHIMF_03128	contig_1	3141190	3142464	-	LNHIMF_03128	1	cloud	0	0	2
LNHIMF_03129	contig_1	3142488	3143867	-	LNHIMF_03129	1	cloud	0	0	2
LNHIMF_03130	contig_1	3143895	3144338	-	LNHIMF_03130	1	cloud	1	0	1
LNHIMF_03131	contig_1	3144650	3146641	-	GEGEGB_03158	1	persistent	2	1	1
LNHIMF_03132	contig_1	3146917	3147675	+	GEGEGB_03159	1	persistent	2	0	0
LNHIMF_03133	contig_1	3147776	3148696	-	GEGEGB_03160	1	persistent	2	1	1
LNHIMF_03134	contig_1	3148924	3150900	-	GEGEGB_03161	1	persistent	2	1	1
LNHIMF_03135	contig_1	3151690	3152844	+	GEGEGB_03162	1	persistent	2	0	0
LNHIMF_03136	contig_1	3153337	3154731	+	GEGEGB_03163	1	persistent	2	0	0
LNHIMF_03137	contig_1	3154852	3155307	+	GEGEGB_03164	1	persistent	2	0	0
LNHIMF_03138	contig_1	3155402	3156109	+	LNHIMF_03138	1	persistent	2	0	0
LNHIMF_03139	contig_1	3156186	3156917	+	GEGEGB_03166	1	persistent	2	0	0
LNHIMF_03140	contig_1	3156937	3157884	+	LNHIMF_03140	1	persistent	2	0	0
LNHIMF_03141	contig_1	3158100	3158663	+	GEGEGB_03168	1	persistent	2	0	0
LNHIMF_03142	contig_1	3158663	3159079	+	GEGEGB_03169	1	persistent	2	0	0
LNHIMF_03143	contig_1	3159126	3159812	-	LNHIMF_03143	1	persistent	2	0	0
LNHIMF_03144	contig_1	3159940	3160920	-	LNHIMF_03144	1	persistent	2	0	0
LNHIMF_03145	contig_1	3160938	3161642	+	GEGEGB_03172	1	persistent	2	0	0
LNHIMF_03146	contig_1	3161661	3162227	+	GEGEGB_03173	1	persistent	2	0	0
LNHIMF_03147	contig_1	3162224	3162514	+	GEGEGB_03174	1	persistent	2	0	0
LNHIMF_03148	contig_1	3162522	3163115	+	LNHIMF_03148	1	persistent	2	0	0
LNHIMF_03149	contig_1	3163108	3164244	+	GEGEGB_03176	1	persistent	2	0	0
LNHIMF_03150	contig_1	3164335	3165342	-	GEGEGB_03177	1	persistent	2	0	0
LNHIMF_03151	contig_1	3165475	3166521	-	GEGEGB_03178	1	persistent	2	1	0
LNHIMF_03152	contig_1	3166710	3167429	-	GEGEGB_03181	1	persistent	2	1	0
LNHIMF_03153	contig_1	3167479	3167805	-	GEGEGB_03182	1	persistent	2	0	0
LNHIMF_03154	contig_1	3167805	3168524	-	LNHIMF_03154	1	persistent	2	0	0
LNHIMF_03155	contig_1	3168679	3169731	+	LNHIMF_03155	1	persistent	2	0	0
LNHIMF_03156	contig_1	3169759	3170034	+	GEGEGB_03185	1	persistent	2	0	0
LNHIMF_03157	contig_1	3170147	3171232	+	GEGEGB_03186	1	persistent	2	0	1
LNHIMF_03158	contig_1	3171449	3172705	+	GEGEGB_03187	1	persistent	3	0	1
LNHIMF_03159	contig_1	3172767	3174902	-	LNHIMF_03159	1	persistent	2	0	2
LNHIMF_03160	contig_1	3175328	3176035	+	GEGEGB_03190	1	persistent	1	1	4
LNHIMF_03162	contig_1	3176375	3176755	-	LNHIMF_03162	1	shell	2	1	0
LNHIMF_03163	contig_1	3176819	3178144	-	AJBGEP_03293	1	shell	0	2	0
LNHIMF_03164	contig_1	3178169	3178696	-	HFCAGB_03346	1	shell	0	2	0
LNHIMF_03165	contig_1	3178720	3179562	-	LNHIMF_03165	1	shell	0	2	0
LNHIMF_03166	contig_1	3179654	3180532	+	LNHIMF_03166	1	shell	0	2	0
LNHIMF_03167	contig_1	3180580	3182319	-	LNHIMF_03167	1	shell	0	2	0
LNHIMF_03168	contig_1	3182388	3183572	-	HFCAGB_03350	1	shell	1	1	0
LNHIMF_03170	contig_1	3184084	3184767	+	LNHIMF_03170	1	persistent	1	1	1
LNHIMF_03171	contig_1	3184872	3185429	-	LNHIMF_03171	1	persistent	2	0	0
LNHIMF_03172	contig_1	3185407	3186906	-	GEGEGB_03203	1	persistent	2	0	0
LNHIMF_03173	contig_1	3187115	3187489	-	BEJGEH_03143	1	persistent	2	0	0
LNHIMF_03174	contig_1	3187504	3188805	-	GEGEGB_03206	1	persistent	2	0	0
LNHIMF_03175	contig_1	3188967	3190451	+	LNHIMF_03175	1	persistent	2	0	0
LNHIMF_03176	contig_1	3190587	3190967	-	BEJGEH_03146	1	persistent	2	0	0
LNHIMF_03177	contig_1	3190967	3191452	-	PKJKAM_01942	1	persistent	2	0	0
LNHIMF_03178	contig_1	3192178	3193101	-	GEGEGB_03210	1	persistent	3	0	0
LNHIMF_03179	contig_1	3193140	3194018	-	LNHIMF_03179	1	persistent	2	0	1
LNHIMF_03180	contig_1	3194331	3194804	-	ALJMDI_02904	1	cloud	1	0	1
LNHIMF_03181	contig_1	3195302	3197113	+	ALJMDI_02905	1	cloud	0	0	2
LNHIMF_03182	contig_1	3197110	3198483	+	ALJMDI_02906	1	cloud	0	0	2
LNHIMF_03183	contig_1	3198519	3199784	+	ALJMDI_02907	1	cloud	1	0	1
LNHIMF_03184	contig_1	3199864	3201168	-	GEGEGB_03211	1	persistent	3	0	1
LNHIMF_03185	contig_1	3201573	3202757	+	GEGEGB_03212	1	persistent	2	0	0
LNHIMF_03186	contig_1	3202868	3204340	+	GEGEGB_03213	1	persistent	2	0	0
LNHIMF_03187	contig_1	3204352	3205764	+	LNHIMF_03187	1	persistent	2	0	0
LNHIMF_03188	contig_1	3206064	3207119	-	BEJGEH_03154	1	persistent	2	0	0
LNHIMF_03189	contig_1	3207789	3209645	-	GEGEGB_03216	1	persistent	2	0	0
LNHIMF_03190	contig_1	3209872	3210738	+	LNHIMF_03190	1	persistent	2	0	0
LNHIMF_03191	contig_1	3210806	3211516	-	BEJGEH_03157	1	persistent	2	0	0
LNHIMF_03192	contig_1	3211516	3212568	-	LNHIMF_03192	1	persistent	2	0	0
LNHIMF_03193	contig_1	3212644	3212892	-	GEGEGB_03220	1	persistent	2	0	0
LNHIMF_03194	contig_1	3212920	3213261	-	GEGEGB_03221	1	persistent	2	0	0
LNHIMF_03195	contig_1	3213254	3213742	-	GEGEGB_03222	1	persistent	2	0	0
LNHIMF_03196	contig_1	3213735	3214229	-	LNHIMF_03196	1	persistent	2	0	0
LNHIMF_03197	contig_1	3214229	3215932	-	LNHIMF_03197	1	persistent	2	0	0
LNHIMF_03198	contig_1	3215929	3217107	-	GEGEGB_03225	1	persistent	2	0	0
LNHIMF_03199	contig_1	3217097	3218083	-	GEGEGB_03226	1	persistent	2	0	0
LNHIMF_03200	contig_1	3218086	3219204	-	GEGEGB_03227	1	persistent	2	0	0
LNHIMF_03201	contig_1	3219394	3219681	-	GEGEGB_03228	1	persistent	2	0	0
LNHIMF_03202	contig_1	3219766	3221409	-	LNHIMF_03202	1	persistent	2	0	0
LNHIMF_03203	contig_1	3221716	3222210	-	GEGEGB_03231	1	persistent	2	0	0
LNHIMF_03204	contig_1	3222428	3222931	-	GEGEGB_03232	1	persistent	2	0	0
LNHIMF_03205	contig_1	3223035	3223445	+	LNHIMF_03205	1	persistent	2	0	0
LNHIMF_03206	contig_1	3223432	3223836	+	GEGEGB_03234	1	persistent	2	0	0
LNHIMF_03207	contig_1	3223960	3224844	+	GEGEGB_03235	1	persistent	2	0	0
LNHIMF_03208	contig_1	3224957	3225382	-	GEGEGB_03236	1	persistent	2	0	0
LNHIMF_03209	contig_1	3225389	3226123	-	GEGEGB_03237	1	persistent	2	0	0
LNHIMF_03210	contig_1	3226116	3226253	-	GEGEGB_03238	1	persistent	2	0	0
LNHIMF_03211	contig_1	3226375	3227562	+	LNHIMF_03211	1	persistent	2	0	0
LNHIMF_03212	contig_1	3227702	3228361	+	GEGEGB_03240	1	persistent	2	0	0
LNHIMF_03213	contig_1	3228425	3229342	-	LNHIMF_03213	1	persistent	2	0	0
LNHIMF_03214	contig_1	3229517	3230680	+	LNHIMF_03214	1	persistent	2	0	0
LNHIMF_03215	contig_1	3230786	3231613	+	LNHIMF_03215	1	persistent	2	0	0
LNHIMF_03216	contig_1	3231810	3233264	+	GEGEGB_03245	1	persistent	2	0	1
LNHIMF_03217	contig_1	3233309	3233764	+	LNHIMF_03217	1	persistent	3	0	0
LNHIMF_03218	contig_1	3233900	3236071	-	GEGEGB_03247	1	persistent	2	1	2
LNHIMF_03219	contig_1	3236206	3237627	-	ALJMDI_02944	1	cloud	1	0	1
LNHIMF_03220	contig_1	3237692	3239116	-	ALJMDI_02945	1	cloud	0	0	2
LNHIMF_03221	contig_1	3239132	3240553	-	ALJMDI_02946	1	cloud	0	0	3
LNHIMF_03222	contig_1	3240949	3241602	-	ALJMDI_02947	1	cloud	1	0	2
LNHIMF_03223	contig_1	3241623	3243035	-	GEGEGB_03254	1	persistent	1	1	1
LNHIMF_03224	contig_1	3243109	3243846	-	GEGEGB_03255	1	persistent	2	0	0
LNHIMF_03225	contig_1	3244102	3246360	-	LNHIMF_03225	1	persistent	3	0	0
LNHIMF_03226	contig_1	3246490	3246882	-	GEGEGB_03258	1	persistent	3	0	0
LNHIMF_03227	contig_1	3247034	3247693	+	GEGEGB_03259	1	persistent	2	0	0
LNHIMF_03228	contig_1	3247690	3249039	+	GEGEGB_03260	1	persistent	2	0	0
LNHIMF_03229	contig_1	3249146	3249727	+	LNHIMF_03229	1	persistent	2	0	0
LNHIMF_03230	contig_1	3249759	3250073	+	GEGEGB_03262	1	persistent	2	0	0
LNHIMF_03231	contig_1	3250198	3252090	-	GEGEGB_03263	1	persistent	2	0	0
LNHIMF_03232	contig_1	3252118	3252699	-	GEGEGB_03264	1	persistent	2	0	0
LNHIMF_03233	contig_1	3252699	3253526	-	GEGEGB_03265	1	persistent	2	0	0
LNHIMF_03234	contig_1	3253551	3253973	-	LNHIMF_03234	1	persistent	2	0	0
LNHIMF_03235	contig_1	3253970	3254602	-	GEGEGB_03267	1	persistent	2	0	0
LNHIMF_03236	contig_1	3254809	3256278	+	GEGEGB_03268	1	persistent	2	0	0
LNHIMF_03237	contig_1	3256491	3257162	+	ODDLKH_03623	1	persistent	2	0	0
LNHIMF_03238	contig_1	3257168	3258331	+	GEGEGB_03270	1	persistent	2	0	0
LNHIMF_03239	contig_1	3258393	3259181	-	GEGEGB_03271	1	persistent	2	0	0
LNHIMF_03240	contig_1	3259322	3260095	+	GEGEGB_03272	1	persistent	2	0	0
LNHIMF_03241	contig_1	3260738	3262534	+	GEGEGB_03273	1	persistent	2	0	0
LNHIMF_03242	contig_1	3262554	3263225	+	GEGEGB_03274	1	persistent	2	0	0
LNHIMF_03243	contig_1	3263240	3263917	+	GEGEGB_03275	1	persistent	2	2	0
LNHIMF_03244	contig_1	3264131	3264532	+	LNHIMF_00819	2	shell	12	3	3
LNHIMF_03245	contig_1	3264703	3265386	+	LNHIMF_00818	2	shell	12	5	5
LNHIMF_03246	contig_1	3265403	3266056	-	GEGEGB_03276	1	persistent	2	2	0
LNHIMF_03247	contig_1	3266493	3266789	+	AJBGEP_03373	1	persistent	2	0	0
LNHIMF_03248	contig_1	3266863	3267066	-	GEGEGB_03278	1	persistent	2	0	0
LNHIMF_03249	contig_1	3267330	3267950	+	LNHIMF_03249	1	persistent	2	0	0
LNHIMF_03250	contig_1	3267969	3269648	+	GEGEGB_03280	1	persistent	2	0	0
LNHIMF_03252	contig_1	3269888	3269947	+	GEGEGB_03282	1	persistent	2	0	0
LNHIMF_03253	contig_1	3270107	3271540	-	GEGEGB_03283	1	persistent	2	0	0
LNHIMF_03254	contig_1	3271588	3274431	-	GEGEGB_03284	1	persistent	2	0	0
LNHIMF_03255	contig_1	3274549	3275850	-	GEGEGB_03285	1	persistent	2	0	0
LNHIMF_03256	contig_1	3276092	3276706	+	GEGEGB_03286	1	persistent	2	0	0
LNHIMF_03257	contig_1	3276769	3278010	+	LNHIMF_03257	1	persistent	2	0	0
LNHIMF_03258	contig_1	3278114	3278935	-	GEGEGB_03288	1	persistent	2	0	0
LNHIMF_03259	contig_1	3279033	3279392	-	LNHIMF_03259	1	persistent	2	0	0
LNHIMF_03260	contig_1	3279499	3280116	+	LNHIMF_03260	1	persistent	2	0	0
LNHIMF_03261	contig_1	3280339	3281352	-	GEGEGB_03291	1	persistent	2	0	0
LNHIMF_03262	contig_1	3281580	3281795	+	GEGEGB_03292	1	persistent	2	0	0
LNHIMF_03263	contig_1	3282031	3283776	+	GEGEGB_03293	1	persistent	2	0	0
LNHIMF_03264	contig_1	3283791	3285773	+	LNHIMF_03264	1	persistent	2	0	0
LNHIMF_03265	contig_1	3285897	3286403	-	GEGEGB_03295	1	persistent	2	0	1
LNHIMF_03267	contig_1	3286684	3287451	-	LNHIMF_03267	1	persistent	2	0	1
LNHIMF_03268	contig_1	3287686	3288330	+	GEGEGB_03298	1	persistent	2	0	0
LNHIMF_03269	contig_1	3288327	3289895	-	AJBGEP_03395	1	persistent	2	0	0
LNHIMF_03270	contig_1	3290282	3291802	-	LNHIMF_03270	1	persistent	2	0	0
LNHIMF_03271	contig_1	3292232	3293611	+	GEGEGB_03301	1	persistent	2	0	0
LNHIMF_03272	contig_1	3293782	3295800	+	BEJGEH_03246	1	persistent	2	0	0
LNHIMF_03273	contig_1	3295881	3297017	-	GEGEGB_03305	1	persistent	2	0	0
LNHIMF_03274	contig_1	3297103	3297600	+	GEGEGB_03306	1	persistent	2	0	0
LNHIMF_03275	contig_1	3297752	3298444	+	GEGEGB_03307	1	persistent	2	0	0
LNHIMF_03276	contig_1	3298532	3299530	+	LNHIMF_03276	1	persistent	2	0	0
LNHIMF_03277	contig_1	3299801	3300769	+	GEGEGB_03309	1	persistent	2	0	0
LNHIMF_03279	contig_1	3301024	3302268	+	LNHIMF_03279	1	persistent	2	0	0
LNHIMF_03280	contig_1	3302718	3303380	+	GEGEGB_03312	1	persistent	2	0	0
LNHIMF_03281	contig_1	3303384	3303767	+	GEGEGB_03313	1	persistent	2	0	0
LNHIMF_03282	contig_1	3303912	3304280	+	GEGEGB_03314	1	persistent	2	0	0
LNHIMF_03283	contig_1	3304322	3304627	+	GEGEGB_03315	1	persistent	2	0	0
LNHIMF_03284	contig_1	3304630	3305028	+	GEGEGB_03316	1	persistent	2	0	0
LNHIMF_03285	contig_1	3305025	3305324	+	GEGEGB_03317	1	persistent	2	0	0
LNHIMF_03286	contig_1	3305479	3305964	+	GEGEGB_03318	1	persistent	2	0	0
LNHIMF_03287	contig_1	3306032	3307018	+	LNHIMF_03287	1	persistent	2	0	0
LNHIMF_03288	contig_1	3307142	3307507	+	GEGEGB_03320	1	persistent	2	0	0
LNHIMF_03289	contig_1	3307546	3308442	-	LNHIMF_03289	1	persistent	2	0	0
LNHIMF_03290	contig_1	3308547	3309248	+	GEGEGB_03322	1	persistent	2	0	0
LNHIMF_03291	contig_1	3309272	3309436	+	GEGEGB_03323	1	persistent	2	0	0
LNHIMF_03292	contig_1	3309549	3310859	-	LNHIMF_03292	1	persistent	2	0	0
LNHIMF_03293	contig_1	3310885	3312216	-	LNHIMF_03293	1	persistent	2	0	0
LNHIMF_03295	contig_1	3312532	3313896	-	GEGEGB_03329	1	persistent	2	0	0
LNHIMF_03296	contig_1	3313966	3316260	-	LNHIMF_03296	1	persistent	2	0	0
LNHIMF_03297	contig_1	3316294	3317502	-	LNHIMF_03297	1	persistent	2	0	0
LNHIMF_03298	contig_1	3317569	3318900	-	LNHIMF_03298	1	persistent	2	0	0
LNHIMF_03299	contig_1	3318921	3319910	-	GEGEGB_03334	1	persistent	2	0	0
LNHIMF_03300	contig_1	3320008	3320946	-	LNHIMF_03300	1	persistent	2	0	1
LNHIMF_03302	contig_1	3322409	3323554	-	GEGEGB_03337	1	persistent	2	0	1
LNHIMF_03303	contig_1	3323652	3324542	-	LNHIMF_03303	1	persistent	2	0	0
LNHIMF_03304	contig_1	3324568	3325338	-	GEGEGB_03339	1	persistent	2	0	0
LNHIMF_03305	contig_1	3325868	3327439	+	LNHIMF_03305	1	persistent	2	1	0
LNHIMF_03306	contig_1	3327697	3328551	+	GEGEGB_03343	1	persistent	2	2	0
LNHIMF_03307	contig_1	3328671	3329942	+	BEJGEH_03281	1	persistent	2	1	0
LNHIMF_03308	contig_1	3329957	3330421	+	LNHIMF_03308	1	persistent	2	0	0
LNHIMF_03309	contig_1	3330452	3330736	+	GEGEGB_03350	1	persistent	2	0	0
LNHIMF_03310	contig_1	3330740	3332113	+	LNHIMF_03310	1	persistent	2	0	0
LNHIMF_03311	contig_1	3332157	3333200	+	GEGEGB_03352	1	persistent	2	1	0
LNHIMF_03312	contig_1	3333311	3334084	+	GEGEGB_03353	1	persistent	2	0	0
LNHIMF_03313	contig_1	3334242	3335105	-	LNHIMF_03313	1	persistent	2	0	0
LNHIMF_03314	contig_1	3335169	3337211	+	LNHIMF_03314	1	persistent	2	0	0
LNHIMF_03315	contig_1	3337169	3337564	+	LNHIMF_03315	1	persistent	2	0	0
LNHIMF_03316	contig_1	3337586	3338176	+	LNHIMF_03316	1	persistent	2	0	0
LNHIMF_03317	contig_1	3338186	3338761	+	GEGEGB_03358	1	persistent	2	0	0
LNHIMF_03318	contig_1	3338828	3339463	-	LNHIMF_03318	1	persistent	2	0	0
LNHIMF_03319	contig_1	3339594	3340112	+	GEGEGB_03360	1	persistent	2	0	0
LNHIMF_03320	contig_1	3340092	3340535	-	GEGEGB_03361	1	persistent	2	0	0
LNHIMF_03321	contig_1	3340573	3340890	+	GEGEGB_03362	1	persistent	2	0	0
LNHIMF_03322	contig_1	3340877	3341380	-	GEGEGB_03363	1	persistent	2	0	0
LNHIMF_03323	contig_1	3341374	3341898	-	GEGEGB_03364	1	persistent	2	0	0
LNHIMF_03324	contig_1	3342115	3343110	+	GEGEGB_03365	1	persistent	2	0	0
LNHIMF_03325	contig_1	3343119	3343997	+	GEGEGB_03366	1	persistent	2	0	0
LNHIMF_03326	contig_1	3344174	3345181	+	LNHIMF_03326	1	persistent	2	1	0
LNHIMF_03327	contig_1	3345272	3346516	-	GEGEGB_03368	1	persistent	2	1	0
LNHIMF_03328	contig_1	3346670	3348559	-	GEGEGB_03369	1	persistent	2	0	0
LNHIMF_03329	contig_1	3348552	3348632	-	GEGEGB_03370	1	persistent	2	0	0
LNHIMF_03330	contig_1	3348738	3349622	-	GEGEGB_03371	1	persistent	2	0	0
LNHIMF_03331	contig_1	3349732	3351897	-	LNHIMF_03331	1	persistent	2	0	0
LNHIMF_03333	contig_1	3352109	3352378	-	GEGEGB_03374	1	persistent	2	0	0
LNHIMF_03334	contig_1	3352529	3353473	-	GEGEGB_03375	1	persistent	2	0	0
LNHIMF_03335	contig_1	3353473	3353874	-	GEGEGB_03376	1	persistent	2	0	0
LNHIMF_03336	contig_1	3354026	3356704	-	BEJGEH_03312	1	persistent	2	0	0
LNHIMF_03337	contig_1	3356729	3358231	-	LNHIMF_03337	1	persistent	2	0	0
LNHIMF_03338	contig_1	3358259	3358711	-	GEGEGB_03379	1	persistent	2	0	0
LNHIMF_03340	contig_1	3359339	3360682	+	GEGEGB_03381	1	persistent	2	1	1
LNHIMF_03342	contig_1	3360984	3361316	-	GEGEGB_03383	1	persistent	2	1	1
LNHIMF_03343	contig_1	3361539	3362876	-	GEGEGB_03384	1	persistent	2	0	0
LNHIMF_03344	contig_1	3362869	3363717	-	GEGEGB_03385	1	persistent	2	1	0
LNHIMF_03345	contig_1	3363822	3365765	-	GEGEGB_03386	1	persistent	2	1	0
LNHIMF_03346	contig_1	3365860	3366486	-	LNHIMF_03346	1	persistent	2	0	0
LNHIMF_03347	contig_1	3366574	3366906	+	GEGEGB_03388	1	persistent	2	0	0
LNHIMF_03348	contig_1	3367062	3367538	-	GEGEGB_03389	1	persistent	2	0	0
LNHIMF_03349	contig_1	3367592	3367693	-	GEGEGB_03390	1	persistent	2	0	0
LNHIMF_03350	contig_1	3367786	3369219	+	GEGEGB_03391	1	persistent	2	0	0
LNHIMF_03351	contig_1	3369350	3370522	-	GEGEGB_03392	1	persistent	2	0	0
LNHIMF_03352	contig_1	3370538	3371503	-	GEGEGB_03393	1	persistent	2	0	0
LNHIMF_03353	contig_1	3371633	3371890	-	GEGEGB_03394	1	persistent	2	0	0
LNHIMF_03354	contig_1	3371910	3372221	-	GEGEGB_03395	1	persistent	2	0	0
LNHIMF_03355	contig_1	3372338	3373450	+	LNHIMF_03355	1	persistent	2	0	0
LNHIMF_03356	contig_1	3373682	3373969	+	GEGEGB_03397	1	persistent	2	0	0
LNHIMF_03357	contig_1	3374027	3375286	-	GEGEGB_03398	1	persistent	2	0	0
LNHIMF_03358	contig_1	3375340	3375633	-	GEGEGB_03399	1	persistent	2	0	0
LNHIMF_03359	contig_1	3375782	3376078	-	GEGEGB_03400	1	persistent	2	0	0
LNHIMF_03360	contig_1	3376078	3376713	-	GEGEGB_03401	1	persistent	2	0	0
LNHIMF_03361	contig_1	3376732	3377283	-	GEGEGB_03402	1	persistent	2	0	0
LNHIMF_03362	contig_1	3377288	3378070	-	GEGEGB_03403	1	persistent	2	0	0
LNHIMF_03363	contig_1	3378078	3378890	-	LNHIMF_03363	1	persistent	2	0	0
LNHIMF_03364	contig_1	3379103	3380080	+	LNHIMF_03364	1	persistent	2	0	0
LNHIMF_03365	contig_1	3380094	3381080	+	LNHIMF_03365	1	persistent	2	0	0
LNHIMF_03366	contig_1	3381101	3381667	+	GEGEGB_03407	1	persistent	2	0	0
LNHIMF_03367	contig_1	3381664	3382239	+	GEGEGB_03408	1	persistent	2	0	0
LNHIMF_03368	contig_1	3382208	3382762	+	GEGEGB_03409	1	persistent	2	0	0
LNHIMF_03369	contig_1	3382769	3383494	+	GEGEGB_03410	1	persistent	2	0	0
LNHIMF_03370	contig_1	3383542	3384975	+	GEGEGB_03411	1	persistent	2	0	0
LNHIMF_03371	contig_1	3384998	3385285	+	LNHIMF_03371	1	persistent	2	0	0
LNHIMF_03372	contig_1	3385403	3385894	+	GEGEGB_03413	1	persistent	2	0	0
LNHIMF_03373	contig_1	3385940	3386794	+	LNHIMF_03373	1	persistent	2	0	0
LNHIMF_03374	contig_1	3386791	3387063	+	GEGEGB_03415	1	persistent	2	0	0
LNHIMF_03376	contig_1	3387313	3387945	+	GEGEGB_03416	1	persistent	2	0	0
LNHIMF_03377	contig_1	3388020	3388748	-	GEGEGB_03417	1	persistent	2	0	0
LNHIMF_03378	contig_1	3388745	3389398	-	BEJGEH_03355	1	persistent	2	0	0
LNHIMF_03380	contig_1	3389625	3391961	-	LNHIMF_03380	1	persistent	2	0	0
LNHIMF_03381	contig_1	3392055	3392984	-	GEGEGB_03421	1	persistent	2	0	0
LNHIMF_03382	contig_1	3393656	3398116	+	GEGEGB_03422	1	persistent	2	0	0
LNHIMF_03383	contig_1	3398126	3399544	+	GEGEGB_03423	1	persistent	2	0	1
LNHIMF_03384	contig_1	3399752	3400855	+	GEGEGB_03424	1	persistent	2	0	1
LNHIMF_03385	contig_1	3400971	3402224	+	LNHIMF_03385	1	persistent	2	0	0
LNHIMF_03386	contig_1	3402211	3403491	+	LNHIMF_03386	1	persistent	2	0	0
LNHIMF_03387	contig_1	3403573	3404040	-	GEGEGB_03427	1	persistent	2	0	0
LNHIMF_03388	contig_1	3404037	3404912	-	LNHIMF_03388	1	persistent	2	0	0
LNHIMF_03389	contig_1	3404909	3405598	-	LNHIMF_03389	1	persistent	2	0	0
LNHIMF_03390	contig_1	3405645	3407135	-	LNHIMF_03390	1	persistent	2	0	0
LNHIMF_03391	contig_1	3407251	3408144	-	LNHIMF_03391	1	persistent	2	0	0
LNHIMF_03392	contig_1	3408279	3409061	-	GEGEGB_03433	1	persistent	2	0	0
LNHIMF_03393	contig_1	3409179	3409679	-	GEGEGB_03434	1	persistent	2	0	0
LNHIMF_03394	contig_1	3409685	3410323	-	LNHIMF_03394	1	persistent	2	1	2
LNHIMF_03395	contig_1	3410438	3410719	+	LNHIMF_03395	1	cloud	2	0	0
LNHIMF_03396	contig_1	3410637	3411029	-	GEGEGB_03437	1	persistent	2	1	2
LNHIMF_03397	contig_1	3411045	3411473	-	GEGEGB_03438	1	persistent	2	0	0
LNHIMF_03398	contig_1	3411775	3412899	-	LNHIMF_03398	1	persistent	2	0	0
LNHIMF_03399	contig_1	3413092	3413490	+	LNHIMF_03399	1	persistent	2	0	0
LNHIMF_03400	contig_1	3413647	3415002	+	GEGEGB_03441	1	persistent	2	0	0
LNHIMF_03401	contig_1	3415095	3416165	+	GEGEGB_03442	1	persistent	2	0	0
LNHIMF_03402	contig_1	3416199	3416897	-	HFCAGB_03583	1	persistent	2	0	0
LNHIMF_03403	contig_1	3416950	3418251	-	LNHIMF_00056	2	persistent	4	0	0
LNHIMF_03404	contig_1	3418264	3420033	-	GEGEGB_00060	2	persistent	2	0	1
LNHIMF_03405	contig_1	3420049	3420291	-	AJBGEP_03535	2	persistent	3	1	0
LNHIMF_03406	contig_1	3420448	3421065	-	GEGEGB_03447	1	persistent	2	0	0
LNHIMF_03407	contig_1	3421065	3421964	-	GEGEGB_03448	1	persistent	2	0	0
LNHIMF_03408	contig_1	3421997	3423265	-	GEGEGB_03449	1	persistent	2	0	0
LNHIMF_03409	contig_1	3423476	3424141	-	GEGEGB_03450	1	persistent	2	0	0
LNHIMF_03410	contig_1	3424128	3424757	-	GEGEGB_03451	1	persistent	2	0	0
LNHIMF_03411	contig_1	3424877	3425815	-	GEGEGB_03452	1	persistent	2	0	0
LNHIMF_03412	contig_1	3426230	3426700	+	GEGEGB_03453	1	persistent	2	0	0
LNHIMF_03413	contig_1	3427065	3427328	+	GEGEGB_03454	1	persistent	2	0	0
LNHIMF_03414	contig_1	3427432	3427698	+	GEGEGB_03455	1	persistent	2	0	0
LNHIMF_03415	contig_1	3427758	3428030	-	GEGEGB_03456	1	persistent	2	0	0
LNHIMF_03416	contig_1	3428202	3430169	-	LNHIMF_03416	1	persistent	2	0	0
LNHIMF_03417	contig_1	3430175	3431107	-	GEGEGB_03458	1	persistent	2	0	0
LNHIMF_03418	contig_1	3431115	3431318	-	GEGEGB_03459	1	persistent	2	0	0
LNHIMF_03419	contig_1	3431500	3432429	+	GEGEGB_03460	1	persistent	2	0	0
LNHIMF_03420	contig_1	3432551	3433996	-	GEGEGB_03461	1	persistent	2	0	0
LNHIMF_03421	contig_1	3434141	3437941	-	LNHIMF_03421	1	persistent	2	0	0
LNHIMF_03422	contig_1	3438052	3439521	-	GEGEGB_03463	1	persistent	2	0	0
LNHIMF_03423	contig_1	3439511	3440104	-	LNHIMF_03423	1	persistent	2	0	0
LNHIMF_03424	contig_1	3440113	3440604	-	GEGEGB_03465	1	persistent	2	0	0
LNHIMF_03425	contig_1	3440604	3441656	-	LNHIMF_03425	1	persistent	2	0	0
LNHIMF_03426	contig_1	3441721	3442764	-	GEGEGB_03467	1	persistent	2	0	0
LNHIMF_03427	contig_1	3443072	3445012	-	LNHIMF_03427	1	persistent	2	0	0
LNHIMF_03428	contig_1	3445216	3446190	+	GEGEGB_03469	1	persistent	2	0	0
LNHIMF_03429	contig_1	3446303	3447307	+	GEGEGB_03470	1	persistent	2	0	0
LNHIMF_03430	contig_1	3447308	3447907	+	GEGEGB_03471	1	persistent	2	0	0
LNHIMF_03431	contig_1	3448300	3448770	+	GEGEGB_03472	1	persistent	2	0	0
LNHIMF_03432	contig_1	3448781	3450130	+	GEGEGB_03473	1	persistent	2	0	0
LNHIMF_03433	contig_1	3450239	3450481	+	LNHIMF_03433	1	persistent	2	0	0
LNHIMF_03434	contig_1	3450471	3451922	+	LNHIMF_03434	1	persistent	2	0	0
LNHIMF_03435	contig_1	3451934	3452815	+	GEGEGB_03476	1	persistent	2	0	1
LNHIMF_03436	contig_1	3453477	3454442	+	GEGEGB_03477	1	persistent	2	0	1
LNHIMF_03437	contig_1	3454468	3454764	+	GEGEGB_03478	1	persistent	2	0	0
LNHIMF_03438	contig_1	3454850	3455734	+	GEGEGB_03479	1	persistent	2	0	0
LNHIMF_03439	contig_1	3455817	3455981	+	GEGEGB_03480	1	persistent	2	0	0
LNHIMF_03440	contig_1	3456132	3458231	+	LNHIMF_03440	1	persistent	3	0	0
LNHIMF_03441	contig_1	3458234	3458896	-	LNHIMF_03441	1	persistent	2	0	0
LNHIMF_03442	contig_1	3459309	3460466	+	BEJGEH_03419	1	persistent	3	0	0
LNHIMF_03443	contig_1	3460478	3463591	+	LNHIMF_03443	2	persistent	4	0	0
LNHIMF_03444	contig_1	3463829	3464050	+	GEGEGB_03485	1	persistent	3	0	0
LNHIMF_03452	contig_1	3470396	3470950	+	GEGEGB_04339	1	persistent	3	0	0
LNHIMF_03453	contig_1	3470926	3471183	-	LNHIMF_03453	1	persistent	2	0	0
LNHIMF_03454	contig_1	3471180	3472001	-	LNHIMF_03454	1	persistent	2	0	0
LNHIMF_03455	contig_1	3472003	3472575	-	LNHIMF_03455	1	persistent	2	0	0
LNHIMF_03456	contig_1	3472580	3473122	-	LNHIMF_03456	1	persistent	2	0	0
LNHIMF_03457	contig_1	3473149	3473622	-	GEGEGB_04334	1	persistent	2	0	0
LNHIMF_03458	contig_1	3473594	3474718	-	LNHIMF_03458	1	persistent	2	0	0
LNHIMF_03459	contig_1	3474850	3475359	+	GEGEGB_04332	1	persistent	2	0	0
LNHIMF_03460	contig_1	3475375	3476322	+	GEGEGB_04331	1	persistent	2	0	0
LNHIMF_03461	contig_1	3476374	3477663	+	LNHIMF_03461	1	persistent	2	0	0
LNHIMF_03462	contig_1	3477685	3479061	+	GEGEGB_04329	1	persistent	2	0	0
LNHIMF_03463	contig_1	3479203	3479616	+	GEGEGB_04328	1	persistent	2	0	0
LNHIMF_03464	contig_1	3479552	3479821	-	GEGEGB_04327	1	persistent	2	0	0
LNHIMF_03465	contig_1	3479879	3480304	-	LNHIMF_03465	1	persistent	2	0	0
LNHIMF_03466	contig_1	3480315	3480683	-	LNHIMF_03466	1	persistent	2	0	0
LNHIMF_03467	contig_1	3480791	3481174	-	GEGEGB_04324	1	persistent	2	0	0
LNHIMF_03468	contig_1	3481215	3482204	-	GEGEGB_04323	1	persistent	1	1	0
LNHIMF_03469	contig_1	3482230	3482850	-	LNHIMF_03469	1	shell	1	2	0
LNHIMF_03470	contig_1	3482920	3483300	+	LNHIMF_03470	1	shell	0	2	0
LNHIMF_03471	contig_1	3483290	3483646	-	LNHIMF_03471	1	shell	0	3	0
LNHIMF_03472	contig_1	3483793	3483909	-	GEGEGB_04319	1	shell	0	2	0
LNHIMF_03473	contig_1	3483941	3485272	-	LNHIMF_03473	1	shell	0	2	0
LNHIMF_03474	contig_1	3485280	3485714	-	GEGEGB_04317	1	shell	0	2	0
LNHIMF_03475	contig_1	3485718	3485897	-	GEGEGB_04316	1	shell	0	2	0
LNHIMF_03476	contig_1	3485901	3486404	-	GEGEGB_04315	1	shell	0	2	0
LNHIMF_03477	contig_1	3486419	3486772	-	GEGEGB_04314	1	shell	0	2	1
LNHIMF_03478	contig_1	3486782	3487315	-	GEGEGB_04313	1	shell	0	2	0
LNHIMF_03479	contig_1	3487328	3487720	-	GEGEGB_04312	1	shell	0	2	0
LNHIMF_03480	contig_1	3487754	3488059	-	GEGEGB_04311	1	shell	0	2	0
LNHIMF_03481	contig_1	3488074	3488613	-	GEGEGB_04310	1	shell	0	2	0
LNHIMF_03482	contig_1	3488628	3488942	-	GEGEGB_04309	1	shell	0	2	0
LNHIMF_03483	contig_1	3488953	3489324	-	GEGEGB_04308	1	shell	0	2	0
LNHIMF_03484	contig_1	3489488	3489742	-	GEGEGB_04307	1	shell	0	2	0
LNHIMF_03485	contig_1	3489742	3489933	-	GEGEGB_04306	1	shell	0	2	0
LNHIMF_03486	contig_1	3489933	3490343	-	GEGEGB_04305	1	shell	0	2	0
LNHIMF_03487	contig_1	3490356	3491057	-	GEGEGB_04304	1	shell	0	2	0
LNHIMF_03488	contig_1	3491075	3491407	-	GEGEGB_04303	1	shell	0	2	0
LNHIMF_03489	contig_1	3491422	3491700	-	GEGEGB_04302	1	shell	0	2	0
LNHIMF_03490	contig_1	3491717	3492538	-	GEGEGB_04301	1	shell	0	2	0
LNHIMF_03491	contig_1	3492555	3492857	-	GEGEGB_04300	1	shell	0	2	1
LNHIMF_03492	contig_1	3492854	3493459	-	GEGEGB_04299	1	shell	0	2	0
LNHIMF_03493	contig_1	3493470	3494099	-	GEGEGB_04298	1	shell	0	2	0
LNHIMF_03494	contig_1	3494132	3494443	-	GEGEGB_04297	1	shell	1	1	0
LNHIMF_03495	contig_1	3494823	3495290	+	GEGEGB_04296	1	persistent	1	1	0
LNHIMF_03496	contig_1	3495287	3495763	-	LNHIMF_03496	1	persistent	2	0	0
LNHIMF_03497	contig_1	3495836	3496030	-	GEGEGB_04294	1	persistent	1	1	0
LNHIMF_03498	contig_1	3496215	3497399	-	GEGEGB_03670	2	shell	2	2	0
LNHIMF_03499	contig_1	3497471	3499585	-	GEGEGB_04292	1	shell	0	2	0
LNHIMF_03500	contig_1	3499682	3500152	-	GEGEGB_04291	1	shell	1	1	0
LNHIMF_03501	contig_1	3500248	3500622	-	GEGEGB_04290	1	persistent	1	1	0
LNHIMF_03502	contig_1	3500748	3501035	-	GEGEGB_04289	1	persistent	2	0	0
LNHIMF_03503	contig_1	3501043	3501399	-	GEGEGB_04288	1	persistent	2	0	0
LNHIMF_03504	contig_1	3501399	3501785	-	LNHIMF_03504	1	persistent	2	0	0
LNHIMF_03505	contig_1	3501785	3502507	-	GEGEGB_04286	1	persistent	2	0	0
LNHIMF_03506	contig_1	3502783	3503601	-	LNHIMF_03506	1	persistent	2	0	0
LNHIMF_03507	contig_1	3503821	3504039	+	GEGEGB_04284	1	persistent	2	0	0
LNHIMF_03508	contig_1	3504229	3504819	-	LNHIMF_03508	1	persistent	2	0	0
LNHIMF_03509	contig_1	3504914	3505114	-	GEGEGB_04282	1	persistent	2	0	0
LNHIMF_03510	contig_1	3505124	3506929	-	GEGEGB_04281	1	persistent	2	0	0
LNHIMF_03511	contig_1	3506929	3507480	-	GEGEGB_04280	1	persistent	2	0	0
LNHIMF_03512	contig_1	3507746	3509653	+	GEGEGB_04279	1	persistent	2	0	1
LNHIMF_03513	contig_1	3509669	3509890	+	LNHIMF_03513	1	persistent	3	0	0
LNHIMF_03514	contig_1	3509892	3510203	-	GEGEGB_04277	1	persistent	2	0	1
LNHIMF_03515	contig_1	3510446	3511468	+	BEJGEH_03492	1	persistent	3	0	0
LNHIMF_03516	contig_1	3511465	3511683	+	GEGEGB_04274	1	persistent	2	0	0
LNHIMF_03517	contig_1	3511735	3512604	+	GEGEGB_04273	1	persistent	2	0	0
LNHIMF_03518	contig_1	3512700	3513104	-	BEJGEH_03495	1	persistent	2	0	0
LNHIMF_03519	contig_1	3513412	3514044	+	GEGEGB_04271	1	persistent	2	0	0
LNHIMF_03520	contig_1	3514093	3516180	+	LNHIMF_03520	1	persistent	2	0	0
LNHIMF_03521	contig_1	3516223	3517440	-	BEJGEH_03498	1	persistent	2	0	0
LNHIMF_03522	contig_1	3517526	3518089	-	GEGEGB_04267	1	persistent	2	0	0
LNHIMF_03523	contig_1	3518121	3518723	-	LNHIMF_03523	1	persistent	2	0	0
LNHIMF_03524	contig_1	3518713	3518985	-	LNHIMF_03524	1	persistent	2	0	0
LNHIMF_03525	contig_1	3518994	3519566	-	GEGEGB_04264	1	persistent	2	0	0
LNHIMF_03526	contig_1	3519843	3521024	+	GEGEGB_04263	1	persistent	2	0	1
LNHIMF_03527	contig_1	3521344	3523887	+	LNHIMF_03527	1	persistent	2	0	1
LNHIMF_03528	contig_1	3523884	3524210	+	GEGEGB_04261	1	persistent	2	0	0
LNHIMF_03529	contig_1	3524392	3525201	+	GEGEGB_04260	1	persistent	2	0	0
LNHIMF_03530	contig_1	3525213	3526586	+	BEJGEH_03507	1	persistent	1	3	1
LNHIMF_03531	contig_1	3526923	3532745	+	ODDLKH_03924	1	shell	2	1	1
LNHIMF_03533	contig_1	3532939	3533109	+	GEGEGB_04255	1	persistent	1	3	0
LNHIMF_03534	contig_1	3533254	3534258	-	GEGEGB_04254	1	persistent	2	0	0
LNHIMF_03535	contig_1	3534251	3535009	-	BEJGEH_03515	1	persistent	2	0	0
LNHIMF_03536	contig_1	3535002	3535679	-	GEGEGB_04252	1	persistent	2	0	0
LNHIMF_03537	contig_1	3535697	3536533	-	GEGEGB_04251	1	persistent	2	0	0
LNHIMF_03538	contig_1	3536713	3537990	-	LNHIMF_03538	1	persistent	2	0	0
LNHIMF_03539	contig_1	3538088	3539176	-	GEGEGB_04249	1	persistent	2	0	0
LNHIMF_03540	contig_1	3539233	3539754	-	GEGEGB_04248	1	persistent	2	0	0
LNHIMF_03541	contig_1	3540208	3541422	-	LNHIMF_03541	1	persistent	2	0	0
LNHIMF_03542	contig_1	3541373	3541774	-	GEGEGB_04246	1	persistent	2	0	0
LNHIMF_03543	contig_1	3541764	3542237	-	LNHIMF_03543	1	persistent	2	0	0
LNHIMF_03544	contig_1	3542221	3542760	-	GEGEGB_04244	1	persistent	2	0	0
LNHIMF_03545	contig_1	3542760	3543539	-	GEGEGB_04243	1	persistent	2	0	0
LNHIMF_03546	contig_1	3543660	3546212	+	GEGEGB_04242	1	persistent	2	1	0
LNHIMF_03547	contig_1	3546308	3546904	-	LNHIMF_03547	1	persistent	2	1	0
LNHIMF_03548	contig_1	3547194	3549326	+	LNHIMF_03548	1	persistent	2	0	0
LNHIMF_03549	contig_1	3549391	3550059	+	GEGEGB_04239	1	persistent	2	0	0
LNHIMF_03550	contig_1	3550070	3550471	+	LNHIMF_03550	1	persistent	2	0	0
LNHIMF_03551	contig_1	3550496	3551374	+	LNHIMF_03551	1	persistent	2	0	1
LNHIMF_03552	contig_1	3551485	3553194	-	GEGEGB_04236	1	persistent	2	0	1
LNHIMF_03553	contig_1	3553574	3555193	+	GEGEGB_04235	1	persistent	2	0	0
LNHIMF_03554	contig_1	3555268	3556620	-	LNHIMF_03554	1	persistent	2	0	0
LNHIMF_03555	contig_1	3556617	3557336	-	GEGEGB_04233	1	persistent	2	0	0
LNHIMF_03556	contig_1	3557562	3558035	+	GEGEGB_04232	1	persistent	2	0	0
LNHIMF_03557	contig_1	3558134	3560464	+	IKCLMC_02888	1	persistent	2	0	0
LNHIMF_03558	contig_1	3560901	3561128	+	GEGEGB_04230	1	persistent	2	0	0
LNHIMF_03559	contig_1	3561147	3563465	+	LNHIMF_03559	1	persistent	2	0	0
LNHIMF_03560	contig_1	3563478	3563714	+	GEGEGB_04228	1	persistent	2	0	0
LNHIMF_03561	contig_1	3563949	3564863	+	GEGEGB_04227	1	persistent	2	0	0
LNHIMF_03562	contig_1	3564899	3565669	-	GEGEGB_04226	1	persistent	2	0	0
LNHIMF_03563	contig_1	3565707	3566390	+	LNHIMF_03563	1	persistent	2	0	0
LNHIMF_03564	contig_1	3566449	3567024	+	LNHIMF_03564	1	persistent	2	0	0
LNHIMF_03565	contig_1	3567401	3568717	+	GEGEGB_04223	1	persistent	2	0	0
LNHIMF_03566	contig_1	3568836	3570914	-	BEJGEH_03547	1	persistent	2	0	0
LNHIMF_03567	contig_1	3570924	3573317	-	LNHIMF_03567	1	persistent	2	0	0
LNHIMF_03568	contig_1	3573911	3576616	+	ODDLKH_03961	1	persistent	2	1	1
LNHIMF_03569	contig_1	3576683	3577441	-	GEGEGB_04219	1	persistent	2	1	0
LNHIMF_03570	contig_1	3577535	3578365	-	LNHIMF_03570	1	persistent	2	0	0
LNHIMF_03571	contig_1	3578441	3578767	-	GEGEGB_04217	1	persistent	2	0	0
LNHIMF_03572	contig_1	3578966	3580474	+	GEGEGB_04216	1	persistent	3	0	0
LNHIMF_03573	contig_1	3580521	3580940	-	BEJGEH_03563	1	persistent	2	0	1
LNHIMF_03574	contig_1	3580934	3581641	-	ALJMDI_02531	1	cloud	2	0	0
LNHIMF_03575	contig_1	3581651	3582025	-	HFCAGB_03768	1	persistent	1	1	3
LNHIMF_03576	contig_1	3582190	3582732	-	ALJMDI_02529	1	cloud	2	0	0
LNHIMF_03577	contig_1	3582832	3585279	-	LNHIMF_03577	1	persistent	2	1	1
LNHIMF_03578	contig_1	3585299	3586732	-	LNHIMF_03578	1	persistent	2	0	0
LNHIMF_03579	contig_1	3586732	3588027	-	LNHIMF_03579	1	persistent	2	0	0
LNHIMF_03580	contig_1	3588042	3590018	-	LNHIMF_03580	1	persistent	2	0	0
LNHIMF_03581	contig_1	3590015	3592201	-	GEGEGB_04211	1	persistent	2	0	0
LNHIMF_03582	contig_1	3592579	3593685	-	GEGEGB_04210	1	persistent	2	0	1
LNHIMF_03583	contig_1	3593791	3594270	+	PAPNPA_01623	1	cloud	2	0	0
LNHIMF_03584	contig_1	3594109	3595449	-	GEGEGB_04208	1	persistent	2	0	1
LNHIMF_03585	contig_1	3595446	3595979	-	GEGEGB_04207	1	persistent	2	0	0
LNHIMF_03586	contig_1	3596118	3597113	-	GEGEGB_04206	1	persistent	2	0	0
LNHIMF_03587	contig_1	3597243	3597938	-	GEGEGB_04205	1	persistent	2	0	0
LNHIMF_03588	contig_1	3598062	3599099	-	LNHIMF_03588	1	persistent	2	1	1
LNHIMF_03590	contig_1	3599566	3600054	+	GEGEGB_04201	1	persistent	2	1	1
LNHIMF_03591	contig_1	3600319	3601533	+	GEGEGB_04200	1	persistent	2	0	0
LNHIMF_03592	contig_1	3601549	3602310	+	LNHIMF_03592	1	persistent	2	0	0
LNHIMF_03593	contig_1	3602364	3603335	+	GEGEGB_04198	1	persistent	2	0	0
LNHIMF_03594	contig_1	3603332	3604366	+	GEGEGB_04197	1	persistent	2	0	0
LNHIMF_03595	contig_1	3604411	3606153	-	GEGEGB_04196	1	persistent	2	0	0
LNHIMF_03596	contig_1	3606279	3606695	+	GEGEGB_04195	1	persistent	2	0	0
LNHIMF_03597	contig_1	3606708	3607448	-	GEGEGB_04194	1	persistent	2	0	0
LNHIMF_03598	contig_1	3607445	3608515	-	BEJGEH_03592	1	persistent	2	0	0
LNHIMF_03599	contig_1	3608784	3609629	-	GEGEGB_04192	1	persistent	2	0	0
LNHIMF_03600	contig_1	3609626	3610513	-	BENMGJ_02915	1	persistent	2	0	0
LNHIMF_03601	contig_1	3610618	3611934	-	GEGEGB_04190	1	persistent	1	1	1
LNHIMF_03602	contig_1	3612167	3612445	-	GEGEGB_04189	1	cloud	2	0	0
LNHIMF_03603	contig_1	3612609	3613322	-	GEGEGB_04188	1	persistent	1	1	1
LNHIMF_03604	contig_1	3613324	3614091	-	GEGEGB_04187	1	persistent	2	0	0
LNHIMF_03605	contig_1	3614088	3615365	-	GEGEGB_04186	1	persistent	2	0	0
LNHIMF_03606	contig_1	3615362	3616288	-	GEGEGB_04185	1	persistent	2	0	0
LNHIMF_03607	contig_1	3616348	3617457	-	GEGEGB_04184	1	persistent	2	0	0
LNHIMF_03608	contig_1	3617879	3618262	+	GEGEGB_04183	1	persistent	2	0	0
LNHIMF_03609	contig_1	3618458	3619555	-	LNHIMF_03609	1	persistent	2	0	0
LNHIMF_03610	contig_1	3619883	3620737	-	GEGEGB_04180	1	persistent	2	0	0
LNHIMF_03611	contig_1	3620983	3622038	-	LNHIMF_03611	1	persistent	2	0	0
LNHIMF_03612	contig_1	3622031	3622699	-	GEGEGB_04178	1	persistent	2	0	0
LNHIMF_03613	contig_1	3622702	3624177	-	GEGEGB_04177	1	persistent	2	0	0
LNHIMF_03614	contig_1	3624303	3624899	+	GEGEGB_04176	1	persistent	2	0	0
LNHIMF_03615	contig_1	3624889	3625158	+	LNHIMF_03615	1	persistent	2	0	0
LNHIMF_03616	contig_1	3625180	3625551	-	GEGEGB_04174	1	persistent	2	0	0
LNHIMF_03617	contig_1	3625693	3626319	+	GEGEGB_04173	1	persistent	2	0	0
LNHIMF_03618	contig_1	3626400	3628598	+	GEGEGB_04172	1	persistent	2	0	0
LNHIMF_03619	contig_1	3628798	3630441	+	GEGEGB_04171	1	persistent	2	0	0
LNHIMF_03620	contig_1	3630465	3630800	-	LNHIMF_03620	1	persistent	2	0	0
LNHIMF_03621	contig_1	3630880	3631545	+	GEGEGB_04169	1	persistent	2	0	0
LNHIMF_03622	contig_1	3631618	3632175	+	GEGEGB_04168	1	persistent	2	0	0
LNHIMF_03623	contig_1	3632179	3633438	-	LNHIMF_03623	1	persistent	2	0	0
LNHIMF_03624	contig_1	3633528	3634577	+	GEGEGB_04166	1	persistent	2	0	0
LNHIMF_03625	contig_1	3634629	3635207	+	GEGEGB_04165	1	persistent	2	0	0
LNHIMF_03626	contig_1	3635263	3635700	+	GEGEGB_04164	1	persistent	2	0	0
LNHIMF_03627	contig_1	3635802	3636926	-	LNHIMF_03627	1	persistent	2	0	0
LNHIMF_03628	contig_1	3636926	3639667	-	LNHIMF_03628	1	persistent	2	0	0
LNHIMF_03629	contig_1	3639664	3640731	-	LNHIMF_03629	1	persistent	2	0	1
LNHIMF_03630	contig_1	3641037	3642233	-	LNHIMF_03630	1	persistent	2	0	1
LNHIMF_03631	contig_1	3642464	3643960	+	GEGEGB_04152	1	persistent	2	0	0
LNHIMF_03632	contig_1	3644102	3644437	-	GEGEGB_04151	1	persistent	2	0	0
LNHIMF_03633	contig_1	3644825	3645259	+	LNHIMF_03633	1	persistent	2	0	0
LNHIMF_03635	contig_1	3645584	3647056	+	GEGEGB_04148	1	persistent	2	0	0
LNHIMF_03636	contig_1	3647148	3647906	-	LNHIMF_03636	1	persistent	2	0	0
LNHIMF_03637	contig_1	3647913	3649955	-	LNHIMF_03637	1	persistent	2	0	1
LNHIMF_03638	contig_1	3650137	3651408	-	HFCAGB_03837	1	persistent	2	0	0
LNHIMF_03639	contig_1	3651619	3652461	+	GEGEGB_04143	1	persistent	2	0	1
LNHIMF_03640	contig_1	3652566	3653918	+	GEGEGB_04142	1	persistent	2	0	0
LNHIMF_03641	contig_1	3653965	3655008	-	BEJGEH_03636	1	persistent	3	0	0
LNHIMF_03642	contig_1	3655067	3656386	-	LNHIMF_03642	1	persistent	2	0	0
LNHIMF_03643	contig_1	3656440	3657285	-	LNHIMF_03643	1	persistent	2	0	0
LNHIMF_03644	contig_1	3657349	3658326	-	LNHIMF_03644	1	persistent	3	0	0
LNHIMF_03645	contig_1	3658502	3659221	-	GEGEGB_04139	1	persistent	2	0	0
LNHIMF_03646	contig_1	3659547	3661196	+	LNHIMF_03646	1	persistent	2	0	0
LNHIMF_03647	contig_1	3661209	3662798	-	GEGEGB_04137	1	persistent	2	0	0
LNHIMF_03648	contig_1	3663079	3663435	+	LNHIMF_03648	1	persistent	2	0	0
LNHIMF_03649	contig_1	3663441	3664043	-	LNHIMF_03649	1	persistent	2	0	0
LNHIMF_03650	contig_1	3664674	3665573	+	LNHIMF_03650	1	persistent	2	0	0
LNHIMF_03651	contig_1	3665646	3666674	+	GEGEGB_04133	1	persistent	2	0	0
LNHIMF_03652	contig_1	3667025	3668347	+	LNHIMF_03652	1	persistent	2	0	0
LNHIMF_03653	contig_1	3668387	3670447	-	LNHIMF_03653	1	persistent	2	0	0
LNHIMF_03654	contig_1	3670557	3671324	-	LNHIMF_03654	1	persistent	2	0	0
LNHIMF_03655	contig_1	3671553	3672482	+	GEGEGB_04129	1	persistent	2	0	0
LNHIMF_03656	contig_1	3672536	3674023	-	LNHIMF_03656	1	persistent	2	0	0
LNHIMF_03657	contig_1	3674243	3675529	-	LNHIMF_03657	1	persistent	2	0	0
LNHIMF_03658	contig_1	3675687	3677693	-	LNHIMF_03658	1	persistent	2	0	0
LNHIMF_03659	contig_1	3677867	3681409	-	LNHIMF_03659	1	persistent	2	0	0
LNHIMF_03660	contig_1	3681391	3682500	-	LNHIMF_03660	1	persistent	2	0	0
LNHIMF_03661	contig_1	3682504	3684654	-	LNHIMF_03661	1	persistent	2	0	0
LNHIMF_03662	contig_1	3684815	3687439	-	GEGEGB_04120	1	persistent	2	0	0
LNHIMF_03663	contig_1	3687436	3688188	-	LNHIMF_03663	1	persistent	2	0	0
LNHIMF_03664	contig_1	3688189	3688392	-	GEGEGB_04118	1	persistent	2	0	0
LNHIMF_03665	contig_1	3688649	3690208	+	LNHIMF_03665	1	persistent	2	0	0
LNHIMF_03666	contig_1	3690205	3690396	+	GEGEGB_04116	1	persistent	2	0	0
LNHIMF_03667	contig_1	3690393	3692072	+	GEGEGB_04115	1	persistent	2	0	0
LNHIMF_03668	contig_1	3692154	3692261	-	GEGEGB_04114	1	persistent	2	0	0
LNHIMF_03670	contig_1	3692903	3694201	+	LNHIMF_03670	1	persistent	2	0	0
LNHIMF_03671	contig_1	3694302	3695315	-	LNHIMF_03671	1	persistent	2	0	0
LNHIMF_03672	contig_1	3695312	3696295	-	LNHIMF_03672	1	persistent	2	0	0
LNHIMF_03673	contig_1	3696306	3697208	-	LNHIMF_03673	1	persistent	2	0	0
LNHIMF_03674	contig_1	3697218	3698237	-	GEGEGB_04108	1	persistent	2	0	0
LNHIMF_03675	contig_1	3698394	3700001	-	LNHIMF_03675	1	persistent	2	0	0
LNHIMF_03676	contig_1	3700560	3701885	-	LNHIMF_03676	1	persistent	2	0	0
LNHIMF_03677	contig_1	3701943	3703067	-	LNHIMF_03677	1	persistent	2	0	0
LNHIMF_03678	contig_1	3703217	3704224	+	LNHIMF_03678	1	persistent	2	0	0
LNHIMF_03680	contig_1	3704550	3706241	-	GEGEGB_04101	1	persistent	2	1	0
LNHIMF_03681	contig_1	3706472	3707176	-	LNHIMF_03681	1	persistent	2	2	0
LNHIMF_03682	contig_1	3707333	3707914	+	GEGEGB_04099	1	persistent	2	0	0
LNHIMF_03683	contig_1	3707892	3708332	+	GEGEGB_04098	1	persistent	2	0	0
LNHIMF_03684	contig_1	3708301	3710634	-	LNHIMF_03684	1	persistent	2	0	0
LNHIMF_03685	contig_1	3710787	3711449	+	GEGEGB_04096	1	persistent	2	0	0
LNHIMF_03686	contig_1	3711678	3712652	+	GEGEGB_04095	1	persistent	2	0	0
LNHIMF_03687	contig_1	3712702	3713412	-	GEGEGB_04094	1	persistent	2	0	0
LNHIMF_03688	contig_1	3713809	3714141	+	LNHIMF_03688	1	persistent	2	0	0
LNHIMF_03689	contig_1	3714429	3714641	+	GEGEGB_04092	1	persistent	2	0	0
LNHIMF_03690	contig_1	3714814	3715353	+	GEGEGB_04091	1	persistent	3	0	1
LNHIMF_03691	contig_1	3715724	3716209	-	BEJGEH_03692	1	persistent	2	0	1
LNHIMF_03692	contig_1	3716197	3716463	-	GEGEGB_04089	1	persistent	1	1	3
LNHIMF_03693	contig_1	3716662	3717129	-	GEGEGB_04088	1	shell	2	0	1
LNHIMF_03696	contig_1	3717964	3720033	-	LNHIMF_03696	1	persistent	2	1	3
LNHIMF_03697	contig_1	3720043	3720954	-	LNHIMF_03697	1	persistent	2	0	0
LNHIMF_03698	contig_1	3721093	3721395	-	GEGEGB_04084	1	persistent	2	0	1
LNHIMF_03699	contig_1	3721561	3722556	+	BEJGEH_03700	1	persistent	2	0	1
LNHIMF_03700	contig_1	3722579	3722932	-	GEGEGB_04081	1	persistent	2	0	0
LNHIMF_03701	contig_1	3723107	3724000	-	GEGEGB_04080	2	persistent	2	0	0
LNHIMF_03702	contig_1	3724010	3724561	-	GEGEGB_04080	2	persistent	2	0	0
LNHIMF_03703	contig_1	3724661	3725983	-	LNHIMF_03703	1	persistent	2	0	0
LNHIMF_03704	contig_1	3726346	3727524	+	GEGEGB_04078	1	persistent	2	0	0
LNHIMF_03705	contig_1	3727585	3728409	-	LNHIMF_03705	1	persistent	2	0	0
LNHIMF_03706	contig_1	3728725	3730752	+	LNHIMF_03706	1	persistent	2	0	0
LNHIMF_03707	contig_1	3730926	3732176	+	GEGEGB_04075	1	persistent	2	0	0
LNHIMF_03708	contig_1	3732213	3732686	-	GEGEGB_04074	1	persistent	2	0	0
LNHIMF_03709	contig_1	3732803	3733603	-	GEGEGB_04073	1	persistent	2	0	0
LNHIMF_03710	contig_1	3733833	3734831	+	LNHIMF_03710	1	persistent	2	0	0
LNHIMF_03711	contig_1	3734843	3735307	+	LNHIMF_03711	1	persistent	2	0	0
LNHIMF_03712	contig_1	3735331	3736263	+	GEGEGB_04070	1	persistent	2	0	0
LNHIMF_03713	contig_1	3736402	3736875	+	GEGEGB_04069	1	persistent	2	0	0
LNHIMF_03714	contig_1	3736878	3738155	+	LNHIMF_03714	1	persistent	2	0	0
LNHIMF_03715	contig_1	3738167	3739153	+	GEGEGB_04067	1	persistent	2	0	0
LNHIMF_03716	contig_1	3739157	3740653	+	BEJGEH_03716	1	persistent	2	0	0
LNHIMF_03717	contig_1	3740650	3741300	+	BEJGEH_03717	1	persistent	2	0	0
LNHIMF_03718	contig_1	3741305	3742165	+	LNHIMF_03718	1	persistent	2	0	0
LNHIMF_03719	contig_1	3742159	3742854	+	GEGEGB_04063	1	persistent	2	0	0
LNHIMF_03720	contig_1	3743003	3743818	-	BENMGJ_03040	1	persistent	2	0	0
LNHIMF_03721	contig_1	3744082	3746037	+	LNHIMF_03721	1	persistent	2	0	0
LNHIMF_03722	contig_1	3746323	3747861	-	LNHIMF_03722	1	persistent	2	0	0
LNHIMF_03723	contig_1	3748030	3748911	+	GEGEGB_04059	1	persistent	2	0	1
LNHIMF_03724	contig_1	3748983	3750134	-	ALJMDI_02377	1	cloud	2	0	0
LNHIMF_03725	contig_1	3750320	3752170	-	BEJGEH_03724	1	persistent	2	0	1
LNHIMF_03726	contig_1	3752167	3753558	-	GEGEGB_04057	1	persistent	2	0	0
LNHIMF_03727	contig_1	3753657	3754265	-	GEGEGB_04056	1	persistent	2	0	1
LNHIMF_03728	contig_1	3754741	3756657	+	GEGEGB_04055	1	persistent	2	0	1
LNHIMF_03729	contig_1	3756878	3758026	+	LNHIMF_03729	1	persistent	2	0	0
LNHIMF_03730	contig_1	3758023	3758613	+	GEGEGB_04053	1	persistent	2	0	0
LNHIMF_03731	contig_1	3758623	3758832	-	LNHIMF_03731	1	persistent	2	0	0
LNHIMF_03732	contig_1	3759123	3759485	+	GEGEGB_04051	1	persistent	2	0	0
LNHIMF_03733	contig_1	3759972	3760655	+	LNHIMF_03733	1	persistent	2	0	0
LNHIMF_03734	contig_1	3760699	3765039	+	LNHIMF_03734	1	persistent	2	0	0
LNHIMF_03736	contig_1	3765338	3766993	+	LNHIMF_03736	1	persistent	2	0	0
LNHIMF_03737	contig_1	3766990	3767766	+	GEGEGB_04046	1	persistent	2	0	0
LNHIMF_03738	contig_1	3767763	3768953	+	GEGEGB_04045	1	persistent	2	0	0
LNHIMF_03739	contig_1	3769018	3769491	+	GEGEGB_04044	1	persistent	3	0	0
LNHIMF_03740	contig_1	3769674	3770495	-	GEGEGB_04039	1	persistent	3	0	0
LNHIMF_03741	contig_1	3770573	3771592	-	GEGEGB_04038	1	persistent	2	0	0
LNHIMF_03742	contig_1	3771592	3772059	-	GEGEGB_04037	1	persistent	2	0	0
LNHIMF_03743	contig_1	3772103	3772354	-	GEGEGB_04036	1	persistent	2	0	0
LNHIMF_03744	contig_1	3772440	3772871	-	GEGEGB_04035	1	persistent	2	0	0
LNHIMF_03745	contig_1	3773119	3774663	+	LNHIMF_03745	1	persistent	2	0	0
LNHIMF_03746	contig_1	3774673	3775956	+	GEGEGB_04033	1	persistent	2	0	0
LNHIMF_03747	contig_1	3775960	3776922	+	GEGEGB_04032	1	persistent	2	0	0
LNHIMF_03748	contig_1	3776909	3777943	-	GEGEGB_04031	1	persistent	2	0	1
LNHIMF_03750	contig_1	3778237	3779262	-	LNHIMF_03750	1	persistent	2	0	1
LNHIMF_03751	contig_1	3779272	3780468	-	GEGEGB_04028	1	persistent	2	0	0
LNHIMF_03752	contig_1	3780671	3781603	+	GEGEGB_04027	1	persistent	2	0	0
LNHIMF_03753	contig_1	3781606	3782652	+	GEGEGB_04026	1	persistent	2	0	0
LNHIMF_03754	contig_1	3782652	3783605	+	GEGEGB_04025	1	persistent	2	0	0
LNHIMF_03755	contig_1	3783645	3784859	+	BEJGEH_03759	1	persistent	2	0	0
LNHIMF_03756	contig_1	3784916	3786061	-	GEGEGB_04023	1	persistent	2	0	0
LNHIMF_03757	contig_1	3786161	3786970	-	LNHIMF_03757	1	persistent	2	0	0
LNHIMF_03758	contig_1	3787120	3787818	-	LNHIMF_03758	1	persistent	2	0	0
LNHIMF_03759	contig_1	3787841	3788854	-	HFCAGB_03967	1	persistent	2	0	0
LNHIMF_03760	contig_1	3788872	3789885	-	HFCAGB_03968	1	persistent	2	0	0
LNHIMF_03761	contig_1	3789891	3790982	-	LNHIMF_03761	1	persistent	2	1	3
LNHIMF_03762	contig_1	3791056	3791997	-	ALJMDI_02338	1	cloud	2	0	0
LNHIMF_03763	contig_1	3792034	3792831	-	BEJGEH_03767	1	persistent	2	1	3
LNHIMF_03764	contig_1	3792824	3793948	-	LNHIMF_03764	1	persistent	2	0	0
LNHIMF_03765	contig_1	3793945	3795015	-	LNHIMF_03765	1	persistent	2	0	0
LNHIMF_03766	contig_1	3795424	3796701	+	LNHIMF_03766	1	persistent	2	0	0
LNHIMF_03767	contig_1	3796710	3797189	+	GEGEGB_04012	1	persistent	2	0	0
LNHIMF_03768	contig_1	3797217	3798026	-	GEGEGB_04011	1	persistent	2	0	0
LNHIMF_03769	contig_1	3798124	3798291	-	GEGEGB_04010	1	persistent	2	0	0
LNHIMF_03770	contig_1	3798312	3798548	-	GEGEGB_04009	1	persistent	2	0	0
LNHIMF_03771	contig_1	3798766	3799431	-	GEGEGB_04008	1	persistent	2	0	0
LNHIMF_03772	contig_1	3799604	3800827	+	LNHIMF_03772	1	persistent	2	0	1
LNHIMF_03773	contig_1	3800805	3801263	+	GEGEGB_04006	1	persistent	2	0	0
LNHIMF_03774	contig_1	3801371	3801967	+	LNHIMF_03774	1	persistent	2	0	0
LNHIMF_03775	contig_1	3802045	3802686	-	LNHIMF_03775	1	persistent	2	0	0
LNHIMF_03776	contig_1	3802765	3803481	-	GEGEGB_04003	1	persistent	2	0	0
LNHIMF_03777	contig_1	3803607	3804470	+	GEGEGB_04002	1	persistent	2	0	1
LNHIMF_03778	contig_1	3804662	3805924	+	LNHIMF_03778	1	cloud	1	0	1
LNHIMF_03779	contig_1	3806101	3806526	+	LNHIMF_03779	1	cloud	0	0	2
LNHIMF_03780	contig_1	3806527	3807849	+	LNHIMF_03780	1	cloud	0	0	2
LNHIMF_03781	contig_1	3807903	3808424	-	LNHIMF_03781	1	cloud	0	0	2
LNHIMF_03782	contig_1	3808712	3809071	-	LNHIMF_03782	1	cloud	0	0	2
LNHIMF_03783	contig_1	3809083	3809916	-	LNHIMF_03783	1	cloud	0	0	2
LNHIMF_03784	contig_1	3809939	3810523	-	LNHIMF_03784	1	cloud	0	0	2
LNHIMF_03785	contig_1	3810758	3811135	+	LNHIMF_03785	1	cloud	0	0	2
LNHIMF_03786	contig_1	3811188	3811790	-	LNHIMF_03786	1	cloud	0	0	2
LNHIMF_03787	contig_1	3812412	3813491	+	LNHIMF_03787	1	cloud	1	0	1
LNHIMF_03788	contig_1	3813596	3814498	-	GEGEGB_04001	1	persistent	2	0	1
LNHIMF_03789	contig_1	3814572	3815453	+	ODDLKH_04192	1	persistent	2	0	0
LNHIMF_03790	contig_1	3815704	3816321	+	LNHIMF_03790	1	persistent	2	0	0
LNHIMF_03791	contig_1	3816318	3818003	-	LNHIMF_03791	1	persistent	2	0	0
LNHIMF_03792	contig_1	3818260	3818883	+	GEGEGB_03996	1	persistent	2	0	0
LNHIMF_03793	contig_1	3818938	3819213	+	GEGEGB_03995	1	persistent	2	0	0
LNHIMF_03794	contig_1	3819232	3821343	+	GEGEGB_03994	1	persistent	2	0	0
LNHIMF_03795	contig_1	3821348	3822037	+	LNHIMF_03795	1	persistent	2	0	0
LNHIMF_03796	contig_1	3822043	3824124	+	GEGEGB_03992	1	persistent	2	1	0
LNHIMF_03797	contig_1	3824160	3825365	-	GEGEGB_03991	1	persistent	2	1	0
LNHIMF_03798	contig_1	3825593	3826984	+	GEGEGB_03990	1	persistent	2	0	0
LNHIMF_03799	contig_1	3827105	3828814	+	LNHIMF_03799	1	persistent	2	0	0
LNHIMF_03800	contig_1	3828917	3831235	-	LNHIMF_03800	1	persistent	2	0	0
LNHIMF_03801	contig_1	3831247	3832629	-	GEGEGB_03987	1	persistent	2	1	2
LNHIMF_03803	contig_1	3833765	3833896	+	GEGEGB_03979	1	cloud	2	1	2
LNHIMF_03804	contig_1	3834632	3835249	+	LNHIMF_03804	1	persistent	2	1	1
LNHIMF_03805	contig_1	3835324	3838191	+	PAPNPA_01001	1	persistent	2	0	0
LNHIMF_03806	contig_1	3838286	3838750	-	GEGEGB_03975	1	persistent	3	0	1
LNHIMF_03807	contig_1	3838761	3839618	-	BEJGEH_03812	1	persistent	2	0	0
LNHIMF_03808	contig_1	3840403	3841083	+	GEGEGB_03971	2	persistent	5	2	3
LNHIMF_03809	contig_1	3841251	3841730	-	LNHIMF_03809	1	persistent	2	0	0
LNHIMF_03810	contig_1	3841832	3841918	-	GEGEGB_03969	1	persistent	2	0	0
LNHIMF_03811	contig_1	3841931	3842023	-	GEGEGB_03968	1	persistent	2	0	0
LNHIMF_03812	contig_1	3842045	3844771	-	LNHIMF_03812	1	persistent	2	0	1
LNHIMF_03813	contig_1	3844990	3845673	-	GEGEGB_03966	1	persistent	2	0	1
LNHIMF_03814	contig_1	3846191	3847093	+	GEGEGB_03965	1	persistent	2	0	0
LNHIMF_03815	contig_1	3847136	3848065	-	BEJGEH_03820	1	persistent	2	0	0
LNHIMF_03816	contig_1	3848301	3849044	-	LNHIMF_03816	1	persistent	2	0	0
LNHIMF_03817	contig_1	3849031	3850140	-	GEGEGB_03962	1	persistent	2	0	0
LNHIMF_03818	contig_1	3850144	3851001	-	GEGEGB_03961	1	persistent	2	0	0
LNHIMF_03819	contig_1	3851001	3851750	-	GEGEGB_03960	1	persistent	2	0	0
LNHIMF_03820	contig_1	3851896	3852381	-	GEGEGB_03959	1	persistent	2	0	0
LNHIMF_03821	contig_1	3852392	3852817	-	GEGEGB_03958	1	persistent	2	0	0
LNHIMF_03822	contig_1	3853036	3855834	-	BEJGEH_03827	1	persistent	2	0	0
LNHIMF_03823	contig_1	3856031	3856324	+	GEGEGB_03956	1	persistent	2	0	0
LNHIMF_03824	contig_1	3856430	3857812	+	LNHIMF_03824	1	persistent	2	0	0
LNHIMF_03825	contig_1	3857872	3859065	-	GEGEGB_03954	1	persistent	3	0	2
LNHIMF_03826	contig_1	3859101	3859190	+	LNHIMF_03826	1	cloud	2	0	0
LNHIMF_03827	contig_1	3859281	3859640	+	LNHIMF_03827	1	persistent	2	0	1
LNHIMF_03828	contig_1	3859624	3859947	+	GEGEGB_03952	1	persistent	4	0	2
LNHIMF_03829	contig_1	3860132	3860911	+	LNHIMF_03829	1	cloud	1	0	2
LNHIMF_03830	contig_1	3860939	3861100	-	ALJMDI_02273	1	cloud	1	0	1
LNHIMF_03831	contig_1	3861262	3861531	-	GEGEGB_03951	1	persistent	2	0	2
LNHIMF_03832	contig_1	3861541	3862401	-	LNHIMF_03832	1	persistent	2	0	0
LNHIMF_03833	contig_1	3862464	3863948	-	LNHIMF_03833	1	persistent	2	0	0
LNHIMF_03834	contig_1	3863941	3865299	-	GEGEGB_03947	1	persistent	2	0	0
LNHIMF_03835	contig_1	3865376	3865663	-	GEGEGB_03946	1	persistent	2	0	0
LNHIMF_03836	contig_1	3865660	3866133	-	BEJGEH_03838	1	persistent	2	0	0
LNHIMF_03837	contig_1	3866151	3866894	-	GEGEGB_03944	1	persistent	2	0	0
LNHIMF_03838	contig_1	3867247	3867699	-	GEGEGB_03943	1	persistent	3	0	0
LNHIMF_03839	contig_1	3867892	3869283	-	LNHIMF_03839	1	persistent	2	0	0
LNHIMF_03840	contig_1	3869426	3870754	-	LNHIMF_03840	1	persistent	2	0	0
LNHIMF_03841	contig_1	3870764	3872266	-	GEGEGB_03940	1	persistent	2	0	0
LNHIMF_03842	contig_1	3872266	3872856	-	LNHIMF_03842	1	persistent	2	0	0
LNHIMF_03843	contig_1	3873010	3874023	-	GEGEGB_03938	1	persistent	2	0	0
LNHIMF_03844	contig_1	3874035	3875351	-	GEGEGB_03937	1	persistent	2	0	0
LNHIMF_03845	contig_1	3875382	3876302	-	GEGEGB_03936	1	persistent	2	0	0
LNHIMF_03846	contig_1	3876627	3877412	+	GEGEGB_03935	1	persistent	2	0	0
LNHIMF_03847	contig_1	3877414	3877704	-	GEGEGB_03934	1	persistent	2	0	0
LNHIMF_03848	contig_1	3877708	3879396	-	LNHIMF_03848	1	persistent	2	0	0
LNHIMF_03849	contig_1	3879503	3879601	-	GEGEGB_03932	1	persistent	2	0	0
LNHIMF_03851	contig_1	3880235	3880324	+	GEGEGB_03930	1	persistent	2	0	0
LNHIMF_03852	contig_1	3880444	3881277	+	LNHIMF_03852	1	persistent	2	0	0
LNHIMF_03853	contig_1	3881480	3882664	+	GEGEGB_03927	1	persistent	2	0	0
LNHIMF_03854	contig_1	3882591	3883652	-	LNHIMF_03854	1	persistent	2	0	0
LNHIMF_03855	contig_1	3883740	3884663	-	LNHIMF_03855	1	persistent	2	0	0
LNHIMF_03856	contig_1	3884889	3886226	+	LNHIMF_03856	1	persistent	2	0	0
LNHIMF_03857	contig_1	3886244	3887566	+	LNHIMF_03857	1	persistent	2	0	0
LNHIMF_03858	contig_1	3887648	3888178	-	GEGEGB_03922	1	persistent	2	0	0
LNHIMF_03859	contig_1	3888175	3888537	-	LNHIMF_03859	1	persistent	3	0	0
LNHIMF_03860	contig_1	3888527	3888874	-	LNHIMF_03860	1	persistent	2	0	1
LNHIMF_03861	contig_1	3889318	3890979	-	GEGEGB_03919	1	persistent	3	0	1
LNHIMF_03862	contig_1	3891168	3891596	-	LNHIMF_03862	1	persistent	2	0	0
LNHIMF_03863	contig_1	3891706	3892119	-	GEGEGB_03917	1	persistent	2	0	0
LNHIMF_03864	contig_1	3892471	3892761	+	GEGEGB_03916	1	persistent	2	0	0
LNHIMF_03865	contig_1	3892763	3893989	-	LNHIMF_03865	1	persistent	2	0	0
LNHIMF_03866	contig_1	3894111	3895154	-	GEGEGB_00664	2	persistent	3	0	0
LNHIMF_03867	contig_1	3895151	3895708	-	GEGEGB_00663	2	persistent	2	0	1
LNHIMF_03868	contig_1	3895705	3897636	-	GEGEGB_00662	2	persistent	2	0	0
LNHIMF_03869	contig_1	3897633	3898112	-	HFCAGB_02510	2	persistent	2	0	0
LNHIMF_03870	contig_1	3898109	3898282	-	AJBGEP_02420	2	persistent	2	0	0
LNHIMF_03871	contig_1	3898318	3899064	-	GEGEGB_00659	2	persistent	2	0	0
LNHIMF_03872	contig_1	3899107	3899763	-	GEGEGB_00658	2	persistent	2	0	0
LNHIMF_03873	contig_1	3899763	3900389	-	GEGEGB_03907	2	persistent	3	0	0
LNHIMF_03874	contig_1	3900386	3901786	-	GEGEGB_03906	1	persistent	2	0	0
LNHIMF_03875	contig_1	3901976	3902608	-	GEGEGB_03905	1	persistent	2	0	0
LNHIMF_03876	contig_1	3902601	3905153	-	LNHIMF_03876	1	persistent	2	0	0
LNHIMF_03877	contig_1	3905143	3906327	-	LNHIMF_03877	1	persistent	2	0	0
LNHIMF_03878	contig_1	3906421	3907149	+	LNHIMF_03878	1	persistent	2	0	0
LNHIMF_03879	contig_1	3907122	3908162	-	GEGEGB_03900	1	persistent	2	0	0
LNHIMF_03880	contig_1	3908242	3910977	+	GEGEGB_03899	1	persistent	1	1	1
LNHIMF_03881	contig_1	3911082	3912209	-	BEJGEH_03883	1	cloud	1	0	1
LNHIMF_03882	contig_1	3912206	3913345	-	LNHIMF_03882	1	cloud	0	0	2
LNHIMF_03883	contig_1	3913342	3914364	-	GEGEGB_03896	1	cloud	1	0	1
LNHIMF_03884	contig_1	3914566	3915378	-	HFCAGB_04084	1	persistent	1	1	3
LNHIMF_03885	contig_1	3915409	3915603	+	LNHIMF_03885	1	cloud	2	0	0
LNHIMF_03886	contig_1	3915684	3916946	+	GEGEGB_03894	1	persistent	2	0	1
LNHIMF_03887	contig_1	3916963	3918153	+	LNHIMF_03887	1	persistent	2	0	0
LNHIMF_03888	contig_1	3918268	3919164	+	HFCAGB_04087	1	persistent	2	0	0
LNHIMF_03889	contig_1	3919183	3921597	-	GEGEGB_03891	1	persistent	2	0	1
LNHIMF_03890	contig_1	3921626	3922699	-	GEGEGB_03890	1	persistent	2	0	0
LNHIMF_03891	contig_1	3922847	3923947	-	GEGEGB_03889	1	persistent	2	0	0
LNHIMF_03892	contig_1	3923952	3925352	-	GEGEGB_03887	1	persistent	2	0	0
LNHIMF_03894	contig_1	3926206	3926403	-	GEGEGB_03886	1	persistent	2	0	0
LNHIMF_03895	contig_1	3926753	3928399	+	LNHIMF_03895	1	persistent	2	0	0
LNHIMF_03896	contig_1	3928541	3929905	+	BEJGEH_03895	1	persistent	2	0	2
LNHIMF_03897	contig_1	3930088	3931275	+	LNHIMF_03897	1	persistent	2	0	4
LNHIMF_03898	contig_1	3931244	3932203	+	LNHIMF_03898	1	persistent	2	0	0
LNHIMF_03899	contig_1	3932361	3933116	+	GEGEGB_03881	1	persistent	2	0	0
LNHIMF_03900	contig_1	3933134	3933700	+	HFCAGB_04099	1	persistent	2	0	1
LNHIMF_03901	contig_1	3933744	3935081	-	LNHIMF_03901	1	persistent	2	0	2
LNHIMF_03902	contig_1	3935250	3935915	+	LNHIMF_03902	1	persistent	2	0	1
LNHIMF_03903	contig_1	3936010	3936735	-	GEGEGB_03877	1	persistent	2	0	0
LNHIMF_03904	contig_1	3936750	3937523	-	GEGEGB_03876	1	persistent	2	0	0
LNHIMF_03905	contig_1	3937610	3938500	-	LNHIMF_03905	1	persistent	2	0	0
LNHIMF_03906	contig_1	3938500	3939459	-	GEGEGB_03874	1	persistent	2	0	0
LNHIMF_03907	contig_1	3939596	3940636	-	LNHIMF_03907	1	persistent	2	0	1
LNHIMF_03908	contig_1	3940802	3942175	-	LNHIMF_03908	1	persistent	2	0	1
LNHIMF_03909	contig_1	3942225	3943043	-	GEGEGB_03871	1	persistent	2	0	0
LNHIMF_03910	contig_1	3943105	3944895	+	GEGEGB_03870	1	persistent	2	0	1
LNHIMF_03911	contig_1	3945046	3946875	-	LNHIMF_03911	1	persistent	2	0	1
LNHIMF_03912	contig_1	3947064	3948434	-	GEGEGB_03863	1	persistent	2	0	0
LNHIMF_03914	contig_1	3948754	3949452	-	LNHIMF_03914	1	persistent	2	0	0
LNHIMF_03915	contig_1	3949682	3950101	-	GEGEGB_03860	1	persistent	2	0	0
LNHIMF_03916	contig_1	3950122	3951504	-	GEGEGB_03859	1	persistent	2	0	0
LNHIMF_03917	contig_1	3951531	3952394	-	LNHIMF_03917	1	persistent	2	0	2
LNHIMF_03918	contig_1	3952445	3953986	-	GEGEGB_03857	1	persistent	2	0	0
LNHIMF_03919	contig_1	3953999	3954532	-	GEGEGB_03856	1	persistent	2	0	1
LNHIMF_03920	contig_1	3954547	3955017	-	GEGEGB_03855	1	persistent	2	0	0
LNHIMF_03921	contig_1	3955077	3955316	-	GEGEGB_03854	1	persistent	2	0	0
LNHIMF_03922	contig_1	3955363	3956178	-	GEGEGB_03853	1	persistent	2	0	0
LNHIMF_03923	contig_1	3956187	3956567	-	LNHIMF_03923	1	persistent	2	0	1
LNHIMF_03924	contig_1	3957183	3957806	-	GEGEGB_03851	1	persistent	2	0	0
LNHIMF_03925	contig_1	3957909	3959798	-	LNHIMF_03925	1	persistent	2	0	0
LNHIMF_03926	contig_1	3960177	3960620	-	GEGEGB_03849	1	persistent	2	0	0
LNHIMF_03927	contig_1	3960710	3961168	-	GEGEGB_03848	1	persistent	2	0	0
LNHIMF_03928	contig_1	3961319	3962311	+	LNHIMF_03928	1	persistent	2	0	0
LNHIMF_03929	contig_1	3962316	3963767	-	LNHIMF_03929	1	persistent	2	0	0
LNHIMF_03930	contig_1	3963761	3965257	-	LNHIMF_03930	1	persistent	2	0	0
LNHIMF_03931	contig_1	3965605	3967473	+	LNHIMF_03931	1	persistent	2	0	0
LNHIMF_03932	contig_1	3967690	3968109	+	LNHIMF_03932	1	persistent	2	0	0
LNHIMF_03933	contig_1	3968117	3969622	+	HFCAGB_04133	1	persistent	2	0	0
LNHIMF_03934	contig_1	3969628	3970593	+	GEGEGB_03841	1	persistent	2	0	0
LNHIMF_03935	contig_1	3970618	3971508	+	GEGEGB_03840	1	persistent	2	0	0
LNHIMF_03936	contig_1	3971641	3972570	+	LNHIMF_03936	1	persistent	2	0	0
LNHIMF_03937	contig_1	3972583	3973572	+	GEGEGB_03838	1	persistent	2	0	0
LNHIMF_03938	contig_1	3973538	3974965	-	LNHIMF_03938	1	persistent	2	0	0
LNHIMF_03939	contig_1	3974977	3975681	-	GEGEGB_03835	1	persistent	3	0	0
LNHIMF_03947	contig_1	3981582	3982418	-	GEGEGB_03633	1	persistent	3	0	0
LNHIMF_03948	contig_1	3982537	3982875	+	GEGEGB_03632	1	persistent	2	1	0
LNHIMF_03949	contig_1	3982900	3984420	-	LNHIMF_03949	1	persistent	2	1	2
LNHIMF_03950	contig_1	3985010	3986656	+	GEGEGB_03584	1	persistent	2	0	0
LNHIMF_03951	contig_1	3986653	3986916	+	GEGEGB_03583	1	persistent	2	0	0
LNHIMF_03952	contig_1	3986934	3987863	+	GEGEGB_03582	1	persistent	2	0	0
LNHIMF_03953	contig_1	3988023	3989873	+	LNHIMF_03953	1	persistent	2	0	0
LNHIMF_03954	contig_1	3989876	3991420	+	LNHIMF_03954	1	persistent	2	1	1
LNHIMF_03955	contig_1	3991526	3992227	+	ALJMDI_00809	1	cloud	1	0	1
LNHIMF_03956	contig_1	3992238	3992612	-	ALJMDI_00810	1	cloud	0	0	2
LNHIMF_03957	contig_1	3992626	3993015	-	ALJMDI_00811	1	cloud	1	0	1
LNHIMF_03958	contig_1	3993028	3993915	-	GEGEGB_03577	1	persistent	2	0	1
LNHIMF_03959	contig_1	3994080	3995555	+	GEGEGB_03576	1	persistent	2	0	0
LNHIMF_03960	contig_1	3995647	3995928	-	GEGEGB_03575	1	persistent	2	0	1
LNHIMF_03961	contig_1	3996032	3996823	+	LNHIMF_03961	1	cloud	1	0	1
LNHIMF_03962	contig_1	3996852	3997595	+	GEGEGB_03572	1	cloud	0	0	2
LNHIMF_03963	contig_1	3997595	3998323	+	LNHIMF_03963	1	cloud	1	0	1
LNHIMF_03964	contig_1	3998423	4000447	+	GEGEGB_03570	1	persistent	2	0	1
LNHIMF_03965	contig_1	4000487	4001968	-	GEGEGB_03569	1	persistent	2	0	0
LNHIMF_03966	contig_1	4002087	4003352	-	GEGEGB_03568	1	persistent	2	0	0
LNHIMF_03967	contig_1	4003496	4003825	+	GEGEGB_03567	1	persistent	2	0	0
LNHIMF_03968	contig_1	4004244	4005503	+	GEGEGB_03566	1	persistent	2	0	0
LNHIMF_03969	contig_1	4005733	4006836	+	GEGEGB_03565	1	persistent	2	0	0
LNHIMF_03970	contig_1	4006848	4007894	+	LNHIMF_03970	1	persistent	2	0	0
LNHIMF_03971	contig_1	4007995	4009080	+	LNHIMF_03971	1	persistent	2	0	0
LNHIMF_03972	contig_1	4009077	4010339	+	GEGEGB_03562	1	persistent	2	0	0
LNHIMF_03973	contig_1	4010339	4011406	+	LNHIMF_03973	1	persistent	1	1	1
LNHIMF_03974	contig_1	4011439	4012320	+	GEGEGB_03560	1	cloud	2	0	0
LNHIMF_03975	contig_1	4012298	4012975	+	LNHIMF_03975	1	persistent	1	1	1
LNHIMF_03976	contig_1	4012980	4014110	+	GEGEGB_03558	1	persistent	2	0	0
LNHIMF_03977	contig_1	4014112	4015362	+	GEGEGB_03557	1	persistent	2	0	0
LNHIMF_03978	contig_1	4015359	4016438	+	LNHIMF_03978	1	persistent	2	0	0
LNHIMF_03979	contig_1	4016435	4017793	+	LNHIMF_03979	1	persistent	2	0	0
LNHIMF_03980	contig_1	4017790	4018530	+	LNHIMF_03980	1	persistent	2	0	0
LNHIMF_03981	contig_1	4018737	4020122	+	HFCAGB_04177	1	persistent	2	0	0
LNHIMF_03988	contig_1	4021239	4022438	-	LNHIMF_03988	1	persistent	2	0	0
LNHIMF_03989	contig_1	4022438	4023607	-	GEGEGB_03545	1	persistent	2	0	0
LNHIMF_03990	contig_1	4023629	4024369	-	LNHIMF_03990	1	persistent	2	0	0
LNHIMF_03991	contig_1	4024366	4025328	-	GEGEGB_03543	1	persistent	2	0	0
LNHIMF_03992	contig_1	4025684	4028230	+	GEGEGB_03542	1	persistent	2	1	0
LNHIMF_03993	contig_1	4028308	4028628	-	GEGEGB_03538	1	persistent	2	1	0
LNHIMF_03994	contig_1	4028698	4029087	-	LNHIMF_03994	1	persistent	1	2	1
LNHIMF_03995	contig_1	4029066	4031078	-	GEGEGB_03536	1	cloud	2	0	0
LNHIMF_03996	contig_1	4031264	4031467	+	GEGEGB_03535	1	persistent	1	1	1
LNHIMF_03997	contig_1	4031504	4032328	+	GEGEGB_03534	1	persistent	2	0	0
LNHIMF_03998	contig_1	4032325	4033032	+	GEGEGB_03533	1	persistent	2	0	0
LNHIMF_03999	contig_1	4033029	4033931	+	GEGEGB_03532	1	persistent	2	0	0
LNHIMF_04000	contig_1	4033931	4034647	+	GEGEGB_03531	1	persistent	2	0	0
LNHIMF_04001	contig_1	4034783	4036945	+	LNHIMF_04001	1	persistent	2	0	0
LNHIMF_04002	contig_1	4037417	4038367	+	GEGEGB_03529	1	persistent	2	2	0
LNHIMF_04003	contig_1	4038441	4039337	-	HFCAGB_04202	1	persistent	2	2	0
LNHIMF_04004	contig_1	4039381	4039848	-	GEGEGB_03525	1	persistent	2	0	0
LNHIMF_04005	contig_1	4040013	4040882	+	GEGEGB_03524	1	persistent	2	0	0
LNHIMF_04006	contig_1	4040948	4042795	+	GEGEGB_03523	1	persistent	2	0	0
LNHIMF_04007	contig_1	4042859	4043479	+	GEGEGB_03522	1	persistent	2	0	0
LNHIMF_04008	contig_1	4043519	4044139	-	GEGEGB_03521	1	persistent	2	0	0
LNHIMF_04009	contig_1	4044250	4045266	+	LNHIMF_04009	1	persistent	2	0	0
LNHIMF_04010	contig_1	4045282	4046082	+	LNHIMF_04010	1	persistent	2	0	0
LNHIMF_04011	contig_1	4046163	4047062	+	GEGEGB_03518	1	persistent	2	0	0
LNHIMF_04012	contig_1	4046950	4047903	-	GEGEGB_03517	1	persistent	2	0	0
LNHIMF_04013	contig_1	4048152	4050416	+	LNHIMF_04013	1	persistent	2	0	0
LNHIMF_04014	contig_1	4050799	4052094	+	LNHIMF_04014	1	persistent	2	0	0
LNHIMF_04015	contig_1	4052174	4052986	-	GEGEGB_03514	1	persistent	2	0	0
LNHIMF_04016	contig_1	4053245	4054006	+	GEGEGB_03513	1	persistent	2	0	0
LNHIMF_04017	contig_1	4054146	4055576	+	GEGEGB_03512	1	persistent	2	0	0
LNHIMF_04018	contig_1	4055672	4056427	+	GEGEGB_03511	1	persistent	2	0	0
LNHIMF_04019	contig_1	4056437	4057042	+	GEGEGB_03510	1	persistent	2	0	0
LNHIMF_04021	contig_1	4057039	4058679	+	GEGEGB_03508	1	persistent	2	0	0
LNHIMF_04022	contig_1	4058886	4059140	+	GEGEGB_03507	1	persistent	2	0	0
LNHIMF_04023	contig_1	4059144	4059692	+	GEGEGB_03506	1	persistent	2	0	0
LNHIMF_04024	contig_1	4059695	4060474	+	GEGEGB_03505	1	persistent	2	0	0
LNHIMF_04025	contig_1	4060504	4061298	+	GEGEGB_03504	1	persistent	2	0	0
LNHIMF_04026	contig_1	4061306	4061794	-	LNHIMF_04026	1	persistent	2	0	0
LNHIMF_04027	contig_1	4061980	4063458	+	GEGEGB_03502	1	persistent	2	0	0
LNHIMF_04028	contig_1	4063544	4064245	+	LNHIMF_04028	1	persistent	2	0	0
LNHIMF_04029	contig_1	4064499	4066322	+	GEGEGB_03500	1	persistent	2	0	0
LNHIMF_04030	contig_1	4066519	4067682	-	GEGEGB_03499	1	persistent	2	0	0
LNHIMF_04031	contig_1	4067692	4069881	-	GEGEGB_03498	1	persistent	2	0	0
LNHIMF_04032	contig_1	4070071	4071402	+	GEGEGB_03497	1	persistent	2	0	0
LNHIMF_04033	contig_1	4071402	4072016	+	BEJGEH_04039	1	persistent	2	0	0
LNHIMF_04034	contig_1	4072055	4073506	+	GEGEGB_03495	1	persistent	2	0	0
LNHIMF_04035	contig_1	4073518	4074063	+	GEGEGB_03494	1	persistent	3	0	0
LNHIMF_04042	contig_1	4080021	4080551	-	GEGEGB_03829	1	persistent	3	0	0
LNHIMF_04043	contig_1	4080533	4081117	-	LNHIMF_04043	1	persistent	2	0	0
LNHIMF_04044	contig_1	4081187	4081456	+	GEGEGB_03827	1	persistent	2	0	0
LNHIMF_04045	contig_1	4081533	4082519	+	GEGEGB_03826	1	persistent	2	0	0
LNHIMF_04046	contig_1	4082536	4083159	+	LNHIMF_04046	1	persistent	2	0	0
LNHIMF_04047	contig_1	4083172	4084080	-	GEGEGB_03824	1	persistent	2	0	0
LNHIMF_04048	contig_1	4084468	4087254	+	LNHIMF_04048	1	persistent	2	0	0
LNHIMF_04050	contig_1	4087421	4087468	+	GEGEGB_03822	1	persistent	2	0	0
LNHIMF_04051	contig_1	4087589	4088221	-	GEGEGB_03820	1	persistent	2	0	0
LNHIMF_04052	contig_1	4088488	4088685	+	GEGEGB_03819	1	persistent	2	0	0
LNHIMF_04054	contig_1	4088804	4089319	+	GEGEGB_03817	1	persistent	2	0	0
LNHIMF_04055	contig_1	4089508	4090881	+	GEGEGB_03816	1	persistent	2	0	0
LNHIMF_04056	contig_1	4090971	4091081	-	GEGEGB_03815	1	persistent	2	0	0
LNHIMF_04057	contig_1	4091194	4092603	-	GEGEGB_03814	1	persistent	2	0	0
LNHIMF_04058	contig_1	4092612	4093661	-	GEGEGB_03813	1	persistent	2	0	0
LNHIMF_04059	contig_1	4093936	4095345	-	GEGEGB_03812	1	persistent	2	0	0
LNHIMF_04061	contig_1	4095721	4097544	+	LNHIMF_04061	1	persistent	2	0	1
LNHIMF_04062	contig_1	4097599	4098333	-	GEGEGB_03809	1	persistent	2	0	0
LNHIMF_04063	contig_1	4098318	4099196	-	LNHIMF_04063	1	persistent	2	0	0
LNHIMF_04064	contig_1	4099193	4100434	-	BEJGEH_04070	1	persistent	2	0	0
LNHIMF_04065	contig_1	4100436	4101311	-	LNHIMF_04065	1	persistent	2	0	0
LNHIMF_04066	contig_1	4101304	4102290	-	AJBGEP_04224	1	persistent	2	0	0
LNHIMF_04067	contig_1	4102342	4103190	-	BEJGEH_04073	1	persistent	2	0	0
LNHIMF_04068	contig_1	4103347	4104039	-	LNHIMF_04068	1	persistent	2	0	1
LNHIMF_04069	contig_1	4104107	4105528	-	BEJGEH_04075	1	persistent	2	0	0
LNHIMF_04070	contig_1	4105574	4106956	-	GEGEGB_03799	1	persistent	2	0	0
LNHIMF_04071	contig_1	4107002	4109038	-	LNHIMF_04071	1	persistent	1	2	0
LNHIMF_04072	contig_1	4109082	4109924	-	HFCAGB_04271	1	shell	2	0	0
LNHIMF_04073	contig_1	4109943	4111184	-	BEJGEH_04080	1	persistent	1	2	0
LNHIMF_04074	contig_1	4111200	4112078	-	GEGEGB_03795	1	persistent	2	0	0
LNHIMF_04075	contig_1	4112101	4112997	-	GEGEGB_03794	1	persistent	2	0	0
LNHIMF_04076	contig_1	4113162	4114058	+	GEGEGB_03793	1	persistent	2	0	0
LNHIMF_04077	contig_1	4114092	4114895	+	GEGEGB_03792	1	persistent	2	0	0
LNHIMF_04078	contig_1	4115086	4115685	+	GEGEGB_03791	1	persistent	2	0	0
LNHIMF_04079	contig_1	4115772	4116551	+	GEGEGB_03790	1	persistent	2	0	0
LNHIMF_04080	contig_1	4116548	4116985	+	LNHIMF_04080	1	persistent	2	0	0
LNHIMF_04081	contig_1	4117030	4117971	+	GEGEGB_03788	1	persistent	2	0	0
LNHIMF_04082	contig_1	4117986	4118432	-	GEGEGB_03787	1	persistent	2	0	0
LNHIMF_04083	contig_1	4118429	4118740	-	LNHIMF_04083	1	persistent	2	0	0
LNHIMF_04084	contig_1	4118826	4119755	-	LNHIMF_04084	1	persistent	2	0	1
LNHIMF_04085	contig_1	4119973	4120284	+	LNHIMF_04085	1	persistent	2	0	0
LNHIMF_04086	contig_1	4120285	4120575	+	LNHIMF_04086	1	persistent	2	0	0
LNHIMF_04087	contig_1	4120622	4121551	-	LNHIMF_04087	1	persistent	2	0	1
LNHIMF_04088	contig_1	4121548	4122183	-	GEGEGB_03781	1	persistent	2	0	0
LNHIMF_04089	contig_1	4122180	4123082	-	LNHIMF_04089	1	persistent	2	0	0
LNHIMF_04090	contig_1	4123095	4126145	-	GEGEGB_03779	1	persistent	2	0	0
LNHIMF_04091	contig_1	4126340	4127176	+	GEGEGB_03778	1	persistent	3	0	0
LNHIMF_04092	contig_1	4127369	4128469	+	LNHIMF_04092	1	persistent	3	0	1
LNHIMF_04094	contig_1	4128825	4129148	-	LNHIMF_04094	1	persistent	2	0	0
LNHIMF_04095	contig_1	4129148	4129807	-	GEGEGB_03773	1	persistent	2	0	0
LNHIMF_04096	contig_1	4129908	4130456	+	LNHIMF_04096	1	persistent	2	0	0
LNHIMF_04097	contig_1	4130545	4130859	-	GEGEGB_03771	1	persistent	2	0	0
LNHIMF_04098	contig_1	4130856	4132004	-	ALJMDI_00957	1	persistent	2	0	0
LNHIMF_04099	contig_1	4132131	4132958	-	LNHIMF_04099	1	persistent	2	0	0
LNHIMF_04100	contig_1	4133101	4134360	-	GEGEGB_03768	1	persistent	2	0	0
LNHIMF_04101	contig_1	4134357	4135826	-	LNHIMF_04101	1	persistent	2	0	0
LNHIMF_04102	contig_1	4136114	4136950	+	GEGEGB_03766	1	persistent	2	0	0
LNHIMF_04103	contig_1	4137103	4137951	+	GEGEGB_03765	1	persistent	2	0	0
LNHIMF_04104	contig_1	4137948	4138982	-	LNHIMF_04104	1	persistent	2	0	1
LNHIMF_04105	contig_1	4139152	4139265	+	ALJMDI_00964	1	cloud	2	0	0
LNHIMF_04106	contig_1	4139613	4140284	+	GEGEGB_03763	1	persistent	2	0	1
LNHIMF_04107	contig_1	4140442	4141749	-	LNHIMF_04107	1	persistent	2	0	0
LNHIMF_04108	contig_1	4141742	4142257	-	GEGEGB_03761	1	persistent	2	0	0
LNHIMF_04109	contig_1	4142276	4143259	-	LNHIMF_04109	1	persistent	2	0	0
LNHIMF_04110	contig_1	4143588	4144208	+	GEGEGB_03758	1	persistent	2	0	0
LNHIMF_04111	contig_1	4144278	4144967	+	GEGEGB_03757	1	persistent	2	0	0
LNHIMF_04112	contig_1	4144979	4145374	+	LNHIMF_04112	1	persistent	2	0	1
LNHIMF_04113	contig_1	4145425	4146798	-	GEGEGB_03755	1	persistent	2	0	1
LNHIMF_04114	contig_1	4146795	4147493	-	LNHIMF_04114	1	persistent	2	0	0
LNHIMF_04115	contig_1	4147644	4148144	+	LNHIMF_04115	1	persistent	2	0	1
LNHIMF_04116	contig_1	4148292	4149194	+	GEGEGB_03752	1	persistent	2	0	1
LNHIMF_04117	contig_1	4149379	4150341	+	GEGEGB_03751	1	persistent	2	0	0
LNHIMF_04118	contig_1	4150545	4151534	+	LNHIMF_04118	1	persistent	2	0	0
LNHIMF_04119	contig_1	4151635	4152390	+	GEGEGB_03749	1	persistent	2	0	0
LNHIMF_04120	contig_1	4152653	4153987	+	LNHIMF_04120	1	persistent	2	0	0
LNHIMF_04121	contig_1	4153998	4154957	+	AJBGEP_04279	1	persistent	2	0	0
LNHIMF_04122	contig_1	4154967	4156007	+	GEGEGB_03745	1	persistent	2	0	0
LNHIMF_04123	contig_1	4156070	4156792	+	LNHIMF_04123	1	persistent	2	0	0
LNHIMF_04124	contig_1	4156890	4157054	+	LNHIMF_04124	1	persistent	2	0	0
LNHIMF_04125	contig_1	4157291	4157641	-	LNHIMF_04125	1	persistent	2	0	0
LNHIMF_04126	contig_1	4157655	4159247	-	GEGEGB_03741	1	persistent	2	0	0
LNHIMF_04127	contig_1	4159334	4160293	-	GEGEGB_03740	1	persistent	2	0	0
LNHIMF_04128	contig_1	4160549	4162084	+	LNHIMF_04128	1	persistent	2	0	0
LNHIMF_04129	contig_1	4162078	4163121	+	LNHIMF_04129	1	persistent	2	0	0
LNHIMF_04130	contig_1	4163121	4164119	+	GEGEGB_03737	1	persistent	2	0	0
LNHIMF_04131	contig_1	4164148	4165170	+	GEGEGB_03736	1	persistent	2	0	0
LNHIMF_04132	contig_1	4165199	4166074	+	GEGEGB_03735	1	persistent	2	0	0
LNHIMF_04133	contig_1	4166118	4166447	+	GEGEGB_03734	1	persistent	2	0	0
LNHIMF_04134	contig_1	4166457	4167221	+	LNHIMF_04134	1	persistent	2	0	0
LNHIMF_04135	contig_1	4167313	4168080	-	GEGEGB_03732	1	persistent	2	0	0
LNHIMF_04136	contig_1	4168193	4168789	-	GEGEGB_03731	1	persistent	2	0	0
LNHIMF_04137	contig_1	4168890	4169318	+	GEGEGB_03730	1	persistent	2	0	0
LNHIMF_04138	contig_1	4169428	4170174	-	GEGEGB_03729	1	persistent	2	0	0
LNHIMF_04139	contig_1	4170271	4171281	-	GEGEGB_03728	1	persistent	2	0	0
LNHIMF_04140	contig_1	4171393	4172901	-	LNHIMF_04140	1	persistent	2	0	0
LNHIMF_04141	contig_1	4172922	4173767	-	LNHIMF_04141	1	persistent	2	0	0
LNHIMF_04142	contig_1	4174166	4174405	+	LNHIMF_04142	1	persistent	2	0	0
LNHIMF_04143	contig_1	4174627	4175112	-	GEGEGB_03724	1	persistent	2	0	0
LNHIMF_04144	contig_1	4175205	4176134	-	LNHIMF_04144	1	persistent	2	0	0
LNHIMF_04145	contig_1	4176201	4177532	-	LNHIMF_04145	1	persistent	2	0	0
LNHIMF_04146	contig_1	4177542	4178072	-	GEGEGB_03721	1	persistent	2	0	0
LNHIMF_04147	contig_1	4178164	4179075	-	IKCLMC_00739	1	persistent	2	0	0
LNHIMF_04148	contig_1	4179262	4180287	-	GEGEGB_03719	1	persistent	2	0	0
LNHIMF_04149	contig_1	4180442	4182640	-	LNHIMF_04149	1	persistent	2	0	0
LNHIMF_04150	contig_1	4182844	4183056	+	GEGEGB_03717	1	persistent	2	1	0
LNHIMF_04151	contig_1	4183101	4183763	-	GEGEGB_03716	1	persistent	2	1	0
LNHIMF_04153	contig_1	4183964	4185754	-	LNHIMF_04153	1	persistent	2	0	0
LNHIMF_04154	contig_1	4186212	4186529	-	GEGEGB_03712	1	persistent	2	0	0
LNHIMF_04155	contig_1	4186794	4187954	+	LNHIMF_04155	1	persistent	2	0	0
LNHIMF_04156	contig_1	4187957	4190389	+	IKCLMC_00748	1	persistent	2	0	1
LNHIMF_04157	contig_1	4190628	4190882	-	LNHIMF_04157	1	cloud	2	0	0
LNHIMF_04158	contig_1	4191117	4192241	-	LNHIMF_04158	1	persistent	2	0	1
LNHIMF_04159	contig_1	4192377	4193933	+	GEGEGB_03707	1	persistent	2	0	1
LNHIMF_04160	contig_1	4194128	4195018	+	GEGEGB_03703	1	persistent	2	0	1
LNHIMF_04161	contig_1	4195183	4197363	+	GEGEGB_03702	1	persistent	3	0	0
LNHIMF_04162	contig_1	4197470	4198573	-	LNHIMF_04162	1	persistent	3	0	0
LNHIMF_04163	contig_1	4198585	4199247	-	BEJGEH_04175	1	persistent	1	1	1
LNHIMF_04164	contig_1	4199274	4199396	+	GEGEGB_03699	1	cloud	2	0	0
LNHIMF_04165	contig_1	4199502	4200338	-	HFCAGB_04375	1	persistent	1	1	1
LNHIMF_04166	contig_1	4200499	4202232	-	GEGEGB_03697	1	persistent	2	0	0
LNHIMF_04167	contig_1	4202443	4205181	-	LNHIMF_04167	1	persistent	2	0	0
LNHIMF_04168	contig_1	4205486	4206637	-	GEGEGB_03695	1	persistent	2	0	0
LNHIMF_04169	contig_1	4206726	4207730	+	GEGEGB_03694	1	persistent	2	0	0
LNHIMF_04170	contig_1	4207738	4208514	+	GEGEGB_03693	1	persistent	2	0	0
LNHIMF_04171	contig_1	4208632	4210008	+	LNHIMF_04171	1	persistent	2	0	0
LNHIMF_04173	contig_1	4210292	4211209	+	GEGEGB_03690	1	persistent	2	0	0
LNHIMF_04174	contig_1	4211192	4212592	-	GEGEGB_03689	1	persistent	2	0	0
LNHIMF_04175	contig_1	4212791	4213426	+	GEGEGB_03688	1	persistent	2	0	0
LNHIMF_04176	contig_1	4213442	4213801	+	GEGEGB_03687	1	persistent	2	0	0
LNHIMF_04177	contig_1	4213848	4214948	-	LNHIMF_04177	1	persistent	2	0	0
LNHIMF_04178	contig_1	4215322	4217166	+	LNHIMF_04178	1	persistent	2	0	0
LNHIMF_04179	contig_1	4217111	4217962	+	GEGEGB_03684	1	persistent	2	0	0
LNHIMF_04186	contig_1	4224000	4225028	+	LNHIMF_04186	1	persistent	2	0	0
LNHIMF_04187	contig_1	4225025	4225987	+	GEGEGB_03676	1	persistent	2	0	0
LNHIMF_04188	contig_1	4226022	4226948	-	GEGEGB_03675	1	persistent	1	1	0
LNHIMF_04193	contig_1	4227931	4229115	+	GEGEGB_03670	2	shell	2	2	0
LNHIMF_04194	contig_1	4229345	4229728	+	GEGEGB_03669	1	shell	1	1	0
LNHIMF_04195	contig_1	4229730	4230275	+	GEGEGB_03668	1	persistent	1	1	0
LNHIMF_04196	contig_1	4230433	4230861	+	GEGEGB_03667	1	persistent	2	0	0
LNHIMF_04197	contig_1	4230865	4231569	+	GEGEGB_03666	1	persistent	2	0	0
LNHIMF_04198	contig_1	4231985	4232482	+	GEGEGB_03665	1	persistent	2	0	0
LNHIMF_04199	contig_1	4232549	4232914	+	GEGEGB_03664	1	persistent	2	0	0
LNHIMF_04201	contig_1	4233232	4237260	+	GEGEGB_03662	1	persistent	2	0	0
LNHIMF_04202	contig_1	4237337	4241560	+	GEGEGB_03661	1	persistent	2	1	1
LNHIMF_04203	contig_1	4241647	4241928	+	LNHIMF_04203	1	persistent	1	2	1
LNHIMF_04204	contig_1	4241914	4242363	-	ONMMKP_02631	1	cloud	2	1	1
LNHIMF_04205	contig_1	4243024	4244157	-	LNHIMF_04205	1	persistent	1	2	2
LNHIMF_04206	contig_1	4244154	4244924	-	LNHIMF_04206	1	persistent	3	0	0
LNHIMF_04207	contig_1	4244926	4245126	-	ODDLKH_00019	1	persistent	2	0	0
LNHIMF_04208	contig_1	4245107	4245865	-	LNHIMF_04208	1	persistent	3	0	0
LNHIMF_04209	contig_1	4245858	4246493	-	LNHIMF_04209	1	persistent	2	0	0
LNHIMF_04210	contig_1	4246493	4248388	-	LNHIMF_04210	1	persistent	2	0	0
LNHIMF_04211	contig_1	4248752	4249240	-	LNHIMF_04211	1	persistent	2	0	0
LNHIMF_04212	contig_1	4249333	4250106	+	LNHIMF_04212	1	persistent	2	0	0
LNHIMF_04213	contig_1	4250147	4251211	+	GEGEGB_03650	1	persistent	2	0	0
LNHIMF_04214	contig_1	4251221	4251892	+	GEGEGB_03649	1	persistent	2	0	0
LNHIMF_04215	contig_1	4251934	4252524	+	GEGEGB_03648	1	persistent	2	0	0
LNHIMF_04216	contig_1	4252711	4252983	+	GEGEGB_03647	1	persistent	2	0	0
LNHIMF_04217	contig_1	4252995	4253687	+	GEGEGB_03646	1	persistent	2	0	0
LNHIMF_04218	contig_1	4253729	4254184	-	GEGEGB_03645	1	persistent	2	0	0
LNHIMF_04219	contig_1	4254438	4255835	+	BEJGEH_04232	1	persistent	2	0	0
LNHIMF_04220	contig_1	4255841	4257166	+	LNHIMF_04220	1	persistent	2	0	0
LNHIMF_04221	contig_1	4257163	4258452	-	GEGEGB_03642	1	persistent	2	0	0
LNHIMF_04222	contig_1	4258468	4260057	-	BEJGEH_04235	1	persistent	3	0	0
LNHIMF_04228	contig_1	4266219	4266656	-	LNHIMF_04228	1	persistent	3	0	0
LNHIMF_04229	contig_1	4266813	4267742	+	LNHIMF_04229	1	persistent	2	0	0
LNHIMF_04230	contig_1	4268011	4269612	+	LNHIMF_04230	1	persistent	2	0	0
LNHIMF_04231	contig_1	4269644	4270948	+	LNHIMF_04231	1	persistent	2	0	0
LNHIMF_04232	contig_1	4271050	4272801	+	LNHIMF_04232	1	persistent	3	0	1
LNHIMF_04233	contig_1	4272765	4273199	-	LNHIMF_04233	1	persistent	2	0	0
LNHIMF_04234	contig_1	4273183	4274007	-	LNHIMF_04234	1	persistent	3	0	1
LNHIMF_04235	contig_1	4274314	4277997	+	LNHIMF_04235	1	persistent	2	0	1
LNHIMF_04236	contig_1	4278264	4279895	+	LNHIMF_04236	1	persistent	2	0	1
LNHIMF_04237	contig_1	4279971	4280660	-	LNHIMF_04237	1	persistent	2	0	0
LNHIMF_04238	contig_1	4280868	4281407	+	GEGEGB_04354	1	persistent	2	0	0
LNHIMF_04239	contig_1	4281454	4282323	+	GEGEGB_04355	1	persistent	2	0	0
LNHIMF_04240	contig_1	4282320	4282592	-	GEGEGB_04356	1	persistent	1	2	0
LNHIMF_04241	contig_1	4282803	4283561	-	GEGEGB_04357	1	shell	1	1	0
LNHIMF_04242	contig_1	4283548	4284411	-	LNHIMF_04242	1	shell	0	2	0
LNHIMF_04243	contig_1	4284428	4285267	-	GEGEGB_04359	1	shell	0	2	0
LNHIMF_04244	contig_1	4285291	4286880	-	HFCAGB_04455	1	shell	1	2	1
LNHIMF_04245	contig_1	4287258	4288607	-	GEGEGB_04361	1	persistent	1	2	0
LNHIMF_04246	contig_1	4288995	4290644	+	GEGEGB_04362	1	persistent	2	0	0
LNHIMF_04248	contig_1	4291085	4291330	+	GEGEGB_04364	1	persistent	2	0	0
LNHIMF_04249	contig_1	4291394	4292032	+	GEGEGB_04365	1	persistent	2	0	0
LNHIMF_04250	contig_1	4292029	4292766	+	GEGEGB_04366	1	persistent	2	0	0
LNHIMF_04251	contig_1	4292766	4294862	+	BEJGEH_04288	1	persistent	2	0	0
LNHIMF_04252	contig_1	4295005	4295415	+	GEGEGB_04368	1	persistent	2	0	1
LNHIMF_04253	contig_1	4295461	4296936	-	LNHIMF_04253	1	cloud	2	0	0
LNHIMF_04254	contig_1	4297256	4298146	-	GEGEGB_04369	1	persistent	2	0	1
LNHIMF_04255	contig_1	4298161	4299705	-	GEGEGB_04370	1	persistent	2	0	0
LNHIMF_04256	contig_1	4299837	4301027	-	GEGEGB_04371	1	persistent	2	0	0
LNHIMF_04257	contig_1	4301389	4302498	+	GEGEGB_04372	1	persistent	2	0	0
LNHIMF_04258	contig_1	4302587	4303945	+	PAPNPA_02752	1	persistent	2	0	0
LNHIMF_04259	contig_1	4304109	4305026	+	GEGEGB_04374	1	persistent	2	0	0
LNHIMF_04260	contig_1	4305207	4305704	+	LNHIMF_04260	1	persistent	2	0	0
LNHIMF_04261	contig_1	4305718	4306590	+	GEGEGB_04376	1	persistent	2	0	0
LNHIMF_04262	contig_1	4306689	4309109	-	LNHIMF_04262	1	persistent	2	0	0
LNHIMF_04263	contig_1	4309280	4309648	+	GEGEGB_04378	1	persistent	2	0	0
LNHIMF_04264	contig_1	4309757	4310365	+	GEGEGB_04379	1	persistent	2	0	0
LNHIMF_04265	contig_1	4310543	4311868	+	LNHIMF_04265	1	persistent	3	0	0
LNHIMF_04266	contig_1	4311850	4311978	+	GEGEGB_04381	1	persistent	2	0	0
LNHIMF_04267	contig_1	4311997	4312209	+	GEGEGB_04382	1	persistent	3	0	0
LNHIMF_04268	contig_1	4312309	4312824	-	GEGEGB_04383	1	persistent	2	0	0
LNHIMF_04269	contig_1	4313071	4314381	+	LNHIMF_04269	1	persistent	2	0	1
LNHIMF_04270	contig_1	4314690	4315223	+	LNHIMF_04270	1	cloud	1	0	1
LNHIMF_04271	contig_1	4315417	4315590	+	LNHIMF_04271	1	cloud	0	0	2
LNHIMF_04272	contig_1	4315653	4315925	-	LNHIMF_04272	1	cloud	0	0	2
LNHIMF_04273	contig_1	4316061	4316429	-	LNHIMF_04273	1	cloud	0	0	2
LNHIMF_04274	contig_1	4316426	4316719	-	LNHIMF_04274	1	cloud	0	0	6
LNHIMF_04275	contig_1	4316761	4317063	-	LNHIMF_04275	1	cloud	0	0	3
LNHIMF_04276	contig_1	4317067	4317768	-	LNHIMF_04276	1	cloud	0	0	2
LNHIMF_04277	contig_1	4317839	4318378	-	HFCAGB_02224	1	cloud	0	0	5
LNHIMF_04278	contig_1	4318515	4319342	-	OEKLIE_00104	1	cloud	0	0	3
LNHIMF_04279	contig_1	4319400	4319771	-	OEKLIE_00103	1	cloud	0	0	4
LNHIMF_04280	contig_1	4320343	4320594	+	LNHIMF_04280	1	cloud	0	0	2
LNHIMF_04281	contig_1	4320670	4320861	-	HFCAGB_02219	1	cloud	0	0	4
LNHIMF_04282	contig_1	4321045	4321671	-	LNHIMF_04282	1	cloud	0	0	2
LNHIMF_04283	contig_1	4321769	4321969	+	LNHIMF_04283	1	cloud	0	0	2
LNHIMF_04284	contig_1	4322007	4322558	+	LNHIMF_04284	1	cloud	0	0	2
LNHIMF_04285	contig_1	4322555	4322893	+	LNHIMF_04285	1	cloud	0	0	2
LNHIMF_04286	contig_1	4322903	4323844	+	LNHIMF_04286	1	cloud	0	0	4
LNHIMF_04287	contig_1	4323939	4324592	+	ALJMDI_00530	1	cloud	0	0	4
LNHIMF_04288	contig_1	4324589	4324915	+	LNHIMF_04288	1	cloud	0	0	2
LNHIMF_04289	contig_1	4324912	4325301	+	HFCAGB_02208	1	cloud	0	0	7
LNHIMF_04290	contig_1	4325321	4326118	+	LNHIMF_04290	1	cloud	0	1	1
LNHIMF_04291	contig_1	4326126	4327115	+	AJBGEP_02407	1	shell	0	1	5
LNHIMF_04292	contig_1	4327129	4327881	+	HFCAGB_02205	1	cloud	0	1	2
LNHIMF_04293	contig_1	4328560	4328748	+	AJBGEP_01272	1	cloud	0	2	7
LNHIMF_04295	contig_1	4328838	4329227	+	LNHIMF_04295	1	cloud	0	1	2
LNHIMF_04296	contig_1	4329214	4329495	+	LNHIMF_04296	1	cloud	0	0	2
LNHIMF_04297	contig_1	4329495	4330109	+	LNHIMF_04297	2	cloud	0	1	5
LNHIMF_04298	contig_1	4330106	4330648	+	ALJMDI_01331	1	cloud	0	0	4
LNHIMF_04299	contig_1	4330703	4331254	+	LNHIMF_04299	1	cloud	0	2	3
LNHIMF_04300	contig_1	4331322	4331666	+	LNHIMF_04300	1	cloud	0	0	2
LNHIMF_04301	contig_1	4331799	4332263	+	LNHIMF_04301	1	cloud	0	0	2
LNHIMF_04302	contig_1	4332217	4333959	+	LNHIMF_04302	1	cloud	0	0	2
LNHIMF_04303	contig_1	4333959	4335263	+	LNHIMF_04303	1	cloud	0	0	2
LNHIMF_04304	contig_1	4335277	4336125	+	LNHIMF_04304	1	cloud	0	0	2
LNHIMF_04305	contig_1	4336135	4337352	+	LNHIMF_04305	1	cloud	0	0	2
LNHIMF_04306	contig_1	4337396	4337665	+	LNHIMF_04306	1	cloud	0	0	2
LNHIMF_04307	contig_1	4337665	4337988	+	LNHIMF_04307	1	cloud	0	0	2
LNHIMF_04308	contig_1	4338000	4338413	+	LNHIMF_04308	1	cloud	0	0	2
LNHIMF_04309	contig_1	4338385	4338897	+	LNHIMF_02169	2	cloud	0	0	3
LNHIMF_04310	contig_1	4338894	4339439	+	LNHIMF_02168	2	cloud	0	0	2
LNHIMF_04311	contig_1	4339461	4339625	+	LNHIMF_02167	2	cloud	0	0	2
LNHIMF_04312	contig_1	4339615	4341111	+	LNHIMF_02166	2	cloud	0	0	2
LNHIMF_04313	contig_1	4341111	4341467	+	LNHIMF_02165	2	cloud	0	0	3
LNHIMF_04314	contig_1	4341464	4341790	+	LNHIMF_04314	2	cloud	0	0	2
LNHIMF_04315	contig_1	4341875	4343800	+	HFCAGB_02182	2	cloud	0	0	4
LNHIMF_04316	contig_1	4343817	4344266	+	LNHIMF_04316	1	cloud	0	0	2
LNHIMF_04317	contig_1	4344326	4345666	+	LNHIMF_02162	2	cloud	0	0	3
LNHIMF_04318	contig_1	4345663	4346721	+	LNHIMF_02161	2	cloud	0	0	2
LNHIMF_04319	contig_1	4346721	4347254	+	LNHIMF_02160	2	cloud	0	0	2
LNHIMF_04320	contig_1	4347259	4347672	+	LNHIMF_02159	2	cloud	0	0	2
LNHIMF_04321	contig_1	4347665	4348744	+	LNHIMF_02158	2	cloud	0	0	2
LNHIMF_04322	contig_1	4348747	4349334	+	LNHIMF_02157	2	cloud	0	0	3
LNHIMF_04323	contig_1	4349321	4350415	+	LNHIMF_04323	1	cloud	0	0	2
LNHIMF_04324	contig_1	4350422	4350829	+	GEGEGB_04550	1	cloud	1	1	6
LNHIMF_04325	contig_1	4351026	4351748	-	GEGEGB_04549	1	shell	1	1	5
LNHIMF_04326	contig_1	4352273	4352836	+	LNHIMF_04326	1	cloud	0	1	1
LNHIMF_04327	contig_1	4352980	4353228	-	LNHIMF_04327	1	cloud	0	0	2
LNHIMF_04328	contig_1	4353290	4354387	-	LNHIMF_04328	1	cloud	1	0	1
LNHIMF_04329	contig_1	4354476	4355513	+	GEGEGB_04385	1	persistent	2	0	1
LNHIMF_04330	contig_1	4355681	4355923	+	GEGEGB_04386	1	persistent	2	0	0
LNHIMF_04331	contig_1	4356098	4357081	-	LNHIMF_04331	1	persistent	2	0	0
LNHIMF_04332	contig_1	4357146	4358561	+	GEGEGB_04388	1	persistent	2	0	0
LNHIMF_04333	contig_1	4358593	4359672	+	GEGEGB_04389	1	persistent	2	0	0
LNHIMF_04334	contig_1	4359858	4361051	+	LNHIMF_04334	1	persistent	2	0	0
LNHIMF_04335	contig_1	4361238	4361951	+	GEGEGB_04391	1	persistent	2	0	0
LNHIMF_04336	contig_1	4362080	4362496	+	GEGEGB_04392	1	persistent	2	0	0
LNHIMF_04337	contig_1	4362499	4362855	+	LNHIMF_04337	1	persistent	2	0	0
LNHIMF_04338	contig_1	4362856	4363194	-	LNHIMF_04338	1	persistent	2	0	0
LNHIMF_04339	contig_1	4363181	4363624	-	LNHIMF_04339	1	persistent	2	0	0
LNHIMF_04340	contig_1	4363768	4366593	-	GEGEGB_04396	1	persistent	2	0	0
LNHIMF_04341	contig_1	4366841	4367371	+	GEGEGB_04397	1	persistent	2	0	0
LNHIMF_04342	contig_1	4368411	4369043	+	GEGEGB_04398	1	persistent	2	0	0
LNHIMF_04343	contig_1	4369040	4370428	+	LNHIMF_04343	1	persistent	2	0	0
LNHIMF_04344	contig_1	4370418	4371737	+	LNHIMF_04344	1	persistent	2	0	0
LNHIMF_04345	contig_1	4371734	4372516	+	BEJGEH_04322	2	persistent	2	0	0
LNHIMF_04346	contig_1	4372646	4373011	+	BEJGEH_04322	2	persistent	2	0	0
LNHIMF_04347	contig_1	4373028	4389713	+	PAPNPA_02781	1	persistent	2	0	0
LNHIMF_04348	contig_1	4389753	4391819	+	LNHIMF_04348	1	persistent	2	0	0
LNHIMF_04349	contig_1	4392097	4392378	-	GEGEGB_04405	1	persistent	2	0	0
LNHIMF_04350	contig_1	4392941	4394542	+	BEJGEH_04326	1	persistent	2	0	0
LNHIMF_04351	contig_1	4394530	4394853	-	GEGEGB_04407	1	persistent	2	0	0
LNHIMF_04352	contig_1	4394940	4395398	+	GEGEGB_04408	1	persistent	2	0	0
LNHIMF_04354	contig_1	4395691	4396359	+	LNHIMF_04354	1	persistent	2	0	0
LNHIMF_04355	contig_1	4396707	4398056	+	GEGEGB_04411	1	persistent	2	0	0
LNHIMF_04356	contig_1	4398206	4399852	+	AJBGEP_04481	1	persistent	2	0	0
LNHIMF_04357	contig_1	4399947	4400834	-	GEGEGB_04413	1	persistent	2	0	0
LNHIMF_04358	contig_1	4400938	4401348	+	GEGEGB_04414	1	persistent	2	0	0
LNHIMF_04359	contig_1	4401341	4402030	+	LNHIMF_04359	1	persistent	2	0	0
LNHIMF_04360	contig_1	4402069	4403718	-	LNHIMF_04360	1	persistent	2	0	0
LNHIMF_04361	contig_1	4403715	4404029	-	GEGEGB_04417	1	persistent	2	0	0
LNHIMF_04362	contig_1	4404269	4406227	-	LNHIMF_04362	1	persistent	2	0	0
LNHIMF_04363	contig_1	4406659	4408095	+	LNHIMF_04363	1	persistent	2	0	0
LNHIMF_04364	contig_1	4408207	4408773	+	GEGEGB_04420	1	persistent	2	0	0
LNHIMF_04365	contig_1	4408770	4409441	+	LNHIMF_04365	1	persistent	2	0	0
LNHIMF_04366	contig_1	4409438	4410394	+	GEGEGB_04422	1	persistent	1	2	0
LNHIMF_04367	contig_1	4410387	4412123	+	ALJMDI_03727	1	shell	2	0	0
LNHIMF_04368	contig_1	4412622	4413242	+	GEGEGB_04424	1	persistent	1	2	0
LNHIMF_04369	contig_1	4413587	4414897	+	LNHIMF_04369	1	persistent	2	0	1
LNHIMF_04370	contig_1	4415055	4415723	-	BEJGEH_04347	1	persistent	2	0	1
LNHIMF_04371	contig_1	4415921	4418068	-	LNHIMF_04371	1	persistent	2	0	0
LNHIMF_04372	contig_1	4418440	4419348	-	GEGEGB_04428	1	persistent	2	0	0
LNHIMF_04373	contig_1	4419606	4420040	-	GEGEGB_04429	1	persistent	2	0	0
LNHIMF_04374	contig_1	4420192	4420635	-	GEGEGB_04430	1	persistent	2	0	0
LNHIMF_04375	contig_1	4420755	4421090	-	GEGEGB_04431	1	persistent	2	0	1
LNHIMF_04376	contig_1	4421558	4423060	+	BEJGEH_04353	1	persistent	2	0	0
LNHIMF_04378	contig_1	4423130	4423219	+	GEGEGB_04434	1	persistent	2	0	1
LNHIMF_04379	contig_1	4423227	4424306	-	GEGEGB_04435	1	persistent	2	0	0
LNHIMF_04380	contig_1	4424307	4424975	-	LNHIMF_04380	1	persistent	2	0	0
LNHIMF_04381	contig_1	4424972	4426615	-	GEGEGB_04437	1	persistent	2	0	0
LNHIMF_04382	contig_1	4426749	4428086	-	GEGEGB_04438	1	persistent	2	0	0
LNHIMF_04383	contig_1	4428226	4428987	-	LNHIMF_04383	1	persistent	2	0	1
LNHIMF_04384	contig_1	4429285	4431555	-	GEGEGB_04440	1	persistent	2	0	0
LNHIMF_04385	contig_1	4431785	4432717	-	GEGEGB_04441	1	persistent	2	0	0
LNHIMF_04386	contig_1	4432989	4434341	+	LNHIMF_04386	1	persistent	2	0	0
LNHIMF_04387	contig_1	4434425	4435855	+	LNHIMF_04387	1	persistent	2	0	0
LNHIMF_04388	contig_1	4435944	4437590	-	GEGEGB_01415	2	persistent	4	0	0
LNHIMF_04389	contig_1	4437686	4439026	-	LNHIMF_04389	1	persistent	2	0	0
LNHIMF_04390	contig_1	4439173	4439439	-	GEGEGB_04446	1	persistent	2	0	0
LNHIMF_04391	contig_1	4439756	4440475	-	BEJGEH_04371	1	persistent	2	0	0
LNHIMF_04392	contig_1	4440472	4442103	-	LNHIMF_04392	1	persistent	2	0	0
LNHIMF_04393	contig_1	4442478	4444907	+	LNHIMF_04393	1	persistent	2	0	0
LNHIMF_04394	contig_1	4444921	4445547	+	LNHIMF_04394	1	persistent	2	0	0
LNHIMF_04395	contig_1	4445540	4446313	+	LNHIMF_04395	1	persistent	2	0	0
LNHIMF_04396	contig_1	4446389	4446982	+	LNHIMF_04396	1	persistent	2	0	0
LNHIMF_04397	contig_1	4447066	4448466	-	LNHIMF_04397	1	persistent	2	0	0
LNHIMF_04398	contig_1	4448815	4449675	+	GEGEGB_04456	1	persistent	1	0	5
LNHIMF_04400	contig_1	4450333	4450515	+	LNHIMF_04400	1	cloud	2	0	0
LNHIMF_04401	contig_1	4450508	4450780	-	GEGEGB_04459	1	persistent	1	0	5
LNHIMF_04402	contig_1	4450792	4451667	-	GEGEGB_04460	1	persistent	2	2	0
LNHIMF_04403	contig_1	4452470	4452763	+	GEGEGB_04603	1	persistent	2	1	1
LNHIMF_04404	contig_1	4452760	4453251	+	ONMMKP_03725	1	persistent	2	0	4
LNHIMF_04405	contig_1	4453447	4453926	+	ODDLKH_00178	1	cloud	1	0	3
LNHIMF_04406	contig_1	4454560	4454691	+	LNHIMF_04406	1	cloud	0	0	2
LNHIMF_04407	contig_1	4454804	4455094	+	LNHIMF_04407	1	cloud	0	0	3
LNHIMF_04408	contig_1	4455129	4455668	+	LNHIMF_04408	1	cloud	0	0	2
LNHIMF_04409	contig_1	4455678	4458116	+	PAPNPA_02842	1	cloud	0	0	3
LNHIMF_04410	contig_1	4458133	4458930	+	ODDLKH_00182	1	cloud	0	0	3
LNHIMF_04411	contig_1	4458966	4459457	+	LNHIMF_04411	1	cloud	0	0	3
LNHIMF_04412	contig_1	4459680	4460462	+	LNHIMF_04412	1	cloud	0	0	2
LNHIMF_04413	contig_1	4460696	4461493	+	LNHIMF_04413	1	cloud	0	0	4
LNHIMF_04414	contig_1	4461521	4462285	+	LNHIMF_04414	1	cloud	0	0	3
LNHIMF_04415	contig_1	4462594	4462692	+	LNHIMF_04415	1	cloud	0	0	3
LNHIMF_04416	contig_1	4462719	4463291	+	LNHIMF_04416	1	cloud	0	0	2
LNHIMF_04417	contig_1	4463364	4463576	+	LNHIMF_04417	1	cloud	0	0	3
LNHIMF_04418	contig_1	4463853	4463999	+	LNHIMF_04418	1	cloud	0	0	3
LNHIMF_04419	contig_1	4464025	4464873	+	LNHIMF_04419	1	cloud	1	0	3
LNHIMF_04420	contig_1	4465005	4465757	-	LNHIMF_04420	1	persistent	2	1	4
LNHIMF_04422	contig_1	4466658	4467233	-	LNHIMF_04422	1	persistent	2	0	3
LNHIMF_04423	contig_1	4467270	4468973	-	LNHIMF_04423	1	persistent	2	0	0
LNHIMF_04424	contig_1	4468949	4469296	-	GEGEGB_04621	1	persistent	2	0	0
LNHIMF_04425	contig_1	4469417	4470718	-	LNHIMF_04425	1	persistent	2	0	0
LNHIMF_04426	contig_1	4470833	4472269	-	GEGEGB_04623	1	persistent	2	0	0
LNHIMF_04427	contig_1	4472571	4473086	+	LNHIMF_04427	1	persistent	2	0	0
LNHIMF_04428	contig_1	4473145	4474407	-	LNHIMF_04428	1	persistent	2	0	0
LNHIMF_04429	contig_1	4474662	4474955	+	GEGEGB_04626	1	persistent	2	0	0
LNHIMF_04430	contig_1	4474999	4476645	+	GEGEGB_04627	1	persistent	2	0	0
LNHIMF_04431	contig_1	4476889	4477242	+	GEGEGB_04628	1	persistent	2	0	0
LNHIMF_04432	contig_1	4477290	4478147	-	LNHIMF_04432	1	persistent	2	0	0
LNHIMF_04433	contig_1	4478429	4479457	-	BEJGEH_04410	1	persistent	2	0	0
LNHIMF_04434	contig_1	4479498	4480064	+	GEGEGB_04631	1	persistent	2	1	0
LNHIMF_04435	contig_1	4480544	4481188	-	LNHIMF_04435	1	persistent	2	1	0
LNHIMF_04436	contig_1	4481387	4481704	+	GEGEGB_04634	1	persistent	2	0	0
LNHIMF_04437	contig_1	4481721	4482254	-	LNHIMF_04437	1	persistent	2	0	0
LNHIMF_04438	contig_1	4482365	4482724	-	GEGEGB_04636	1	persistent	2	0	0
LNHIMF_04439	contig_1	4482735	4483130	-	GEGEGB_04637	1	persistent	2	0	0
LNHIMF_04440	contig_1	4483141	4483875	-	GEGEGB_04638	1	persistent	2	0	0
LNHIMF_04441	contig_1	4483868	4485658	-	GEGEGB_04639	1	persistent	2	0	0
LNHIMF_04442	contig_1	4485981	4486958	+	LNHIMF_04442	1	persistent	2	0	0
LNHIMF_04443	contig_1	4487184	4488686	+	GEGEGB_04641	1	persistent	2	2	0
LNHIMF_04444	contig_1	4488748	4492074	-	GEGEGB_04643	1	persistent	2	2	0
LNHIMF_04445	contig_1	4492093	4493061	-	LNHIMF_04445	1	persistent	2	0	0
LNHIMF_04446	contig_1	4493153	4494205	-	GEGEGB_04645	1	persistent	2	0	0
LNHIMF_04447	contig_1	4494312	4494857	+	GEGEGB_04646	1	persistent	2	0	0
LNHIMF_04448	contig_1	4494919	4495659	-	LNHIMF_04448	1	persistent	2	0	0
LNHIMF_04451	contig_1	4496512	4497651	-	LNHIMF_04451	1	persistent	2	0	0
LNHIMF_04452	contig_1	4497653	4499197	+	LNHIMF_04452	1	persistent	2	0	0
LNHIMF_04453	contig_1	4499169	4499630	+	GEGEGB_04652	1	persistent	2	0	0
LNHIMF_04454	contig_1	4499647	4500966	+	GEGEGB_04653	1	persistent	2	0	0
LNHIMF_04455	contig_1	4500976	4502832	+	GEGEGB_04654	1	persistent	2	0	0
LNHIMF_04456	contig_1	4502825	4503775	+	LNHIMF_04456	1	persistent	2	0	0
LNHIMF_04457	contig_1	4503858	4504166	+	GEGEGB_04656	1	persistent	2	0	0
LNHIMF_04458	contig_1	4504238	4505518	+	LNHIMF_04458	1	persistent	2	0	0
LNHIMF_04459	contig_1	4505733	4506992	+	LNHIMF_04459	1	persistent	2	0	0
LNHIMF_04460	contig_1	4506995	4507999	+	GEGEGB_04659	1	persistent	2	0	0
LNHIMF_04461	contig_1	4508078	4508275	+	GEGEGB_04660	1	persistent	2	0	1
LNHIMF_04462	contig_1	4508378	4509676	+	GEGEGB_04661	1	persistent	2	0	0
LNHIMF_04463	contig_1	4509896	4510321	+	LNHIMF_04463	1	persistent	2	0	0
LNHIMF_04464	contig_1	4510359	4512797	+	GEGEGB_04663	1	persistent	2	0	0
LNHIMF_04465	contig_1	4512888	4513619	+	LNHIMF_04465	1	persistent	2	0	0
LNHIMF_04466	contig_1	4513752	4514156	+	LNHIMF_04466	1	persistent	2	0	0
LNHIMF_04467	contig_1	4514171	4514851	+	BEJGEH_04447	1	persistent	2	0	1
LNHIMF_04468	contig_1	4514869	4515105	+	ALJMDI_03819	1	cloud	2	0	0
LNHIMF_04469	contig_1	4515102	4515761	+	GEGEGB_04668	1	persistent	2	0	1
LNHIMF_04470	contig_1	4515779	4516177	+	GEGEGB_04669	1	persistent	2	0	0
LNHIMF_04471	contig_1	4516187	4516825	+	BEJGEH_04451	1	persistent	2	0	0
LNHIMF_04472	contig_1	4516828	4517991	+	GEGEGB_04671	1	persistent	2	0	0
LNHIMF_04473	contig_1	4518076	4519698	+	LNHIMF_04473	1	persistent	2	0	0
LNHIMF_04474	contig_1	4519743	4520018	-	GEGEGB_04673	1	persistent	2	0	0
LNHIMF_04475	contig_1	4520149	4520451	-	LNHIMF_04475	1	persistent	2	0	0
LNHIMF_04476	contig_1	4520662	4521411	+	GEGEGB_04675	1	persistent	2	0	0
LNHIMF_04477	contig_1	4521408	4522163	-	GEGEGB_04676	1	persistent	2	0	0
LNHIMF_04478	contig_1	4522268	4523332	-	GEGEGB_04677	1	persistent	2	0	0
LNHIMF_04479	contig_1	4523695	4525092	+	LNHIMF_04479	1	persistent	2	0	1
LNHIMF_04480	contig_1	4525108	4525407	+	BEJGEH_04460	1	persistent	2	0	0
LNHIMF_04481	contig_1	4525422	4525886	+	LNHIMF_04481	1	persistent	2	0	1
LNHIMF_04482	contig_1	4525900	4526550	+	LNHIMF_04482	1	persistent	2	0	0
LNHIMF_04483	contig_1	4526560	4527414	+	LNHIMF_04483	1	persistent	2	0	0
LNHIMF_04484	contig_1	4527414	4528100	+	PAPNPA_02919	1	persistent	2	0	1
LNHIMF_04485	contig_1	4528188	4528745	+	LNHIMF_04485	1	cloud	1	0	1
LNHIMF_04486	contig_1	4528798	4529073	-	LNHIMF_04486	1	cloud	1	0	1
LNHIMF_04487	contig_1	4529460	4529855	+	GEGEGB_04685	1	persistent	2	0	1
LNHIMF_04488	contig_1	4529862	4530176	+	GEGEGB_04686	1	persistent	2	0	0
LNHIMF_04489	contig_1	4530181	4530408	+	GEGEGB_04687	1	persistent	2	0	0
LNHIMF_04490	contig_1	4530450	4530899	+	GEGEGB_04688	1	persistent	2	0	0
LNHIMF_04491	contig_1	4531047	4531973	+	LNHIMF_04491	1	persistent	2	0	0
LNHIMF_04492	contig_1	4532023	4532658	-	LNHIMF_04492	1	persistent	2	0	0
LNHIMF_04493	contig_1	4532878	4533498	+	GEGEGB_04691	1	persistent	2	0	0
LNHIMF_04494	contig_1	4533794	4535203	+	LNHIMF_04494	1	persistent	2	0	1
LNHIMF_04495	contig_1	4535315	4535977	-	LNHIMF_04495	1	persistent	2	0	1
LNHIMF_04496	contig_1	4536080	4537045	-	LNHIMF_04496	1	persistent	2	0	0
LNHIMF_04497	contig_1	4537126	4537974	-	LNHIMF_04497	1	persistent	2	0	0
LNHIMF_04498	contig_1	4538062	4538448	+	GEGEGB_04698	1	persistent	2	0	0
LNHIMF_04499	contig_1	4538506	4540449	-	BEJGEH_04479	1	persistent	2	0	0
LNHIMF_04500	contig_1	4540717	4541457	+	GEGEGB_04700	1	persistent	2	0	0
LNHIMF_04501	contig_1	4541447	4542004	-	GEGEGB_04701	1	persistent	2	0	0
LNHIMF_04502	contig_1	4542331	4542537	+	GEGEGB_04702	1	persistent	2	1	0
LNHIMF_04503	contig_1	4542621	4543964	-	GEGEGB_04706	1	persistent	2	0	1
LNHIMF_04505	contig_1	4544147	4544785	-	GEGEGB_04708	1	persistent	2	0	0
LNHIMF_04506	contig_1	4544998	4546731	+	GEGEGB_04709	1	persistent	2	0	0
LNHIMF_04507	contig_1	4546728	4550507	+	LNHIMF_04507	1	persistent	2	0	0
LNHIMF_04508	contig_1	4550510	4550854	+	GEGEGB_04711	1	persistent	2	0	0
LNHIMF_04509	contig_1	4550909	4552117	-	LNHIMF_04509	1	persistent	2	0	0
LNHIMF_04510	contig_1	4552114	4553274	-	LNHIMF_04510	1	persistent	2	0	0
LNHIMF_04511	contig_1	4553687	4554217	-	GEGEGB_04714	1	persistent	2	0	0
LNHIMF_04512	contig_1	4554444	4555442	-	LNHIMF_04512	1	persistent	2	0	0
LNHIMF_04513	contig_1	4555617	4556990	+	BEJGEH_04493	1	persistent	2	1	0
LNHIMF_04514	contig_1	4557097	4557648	-	GEGEGB_04717	1	persistent	2	1	0
LNHIMF_04515	contig_1	4557744	4559096	+	GEGEGB_04718	1	persistent	2	0	0
LNHIMF_04516	contig_1	4559195	4559581	+	GEGEGB_04719	1	persistent	2	0	0
LNHIMF_04517	contig_1	4559868	4560197	+	GEGEGB_04720	1	persistent	2	0	0
LNHIMF_04518	contig_1	4560208	4560570	+	GEGEGB_04721	1	persistent	2	0	0
LNHIMF_04519	contig_1	4560570	4560872	+	GEGEGB_04722	1	persistent	2	0	0
LNHIMF_04520	contig_1	4560895	4561671	+	GEGEGB_04723	1	persistent	2	0	0
LNHIMF_04521	contig_1	4561683	4562327	+	GEGEGB_04724	1	persistent	2	0	0
LNHIMF_04522	contig_1	4562386	4563519	+	GEGEGB_04725	1	persistent	2	0	0
LNHIMF_04523	contig_1	4563503	4564621	+	GEGEGB_04726	1	persistent	2	0	0
LNHIMF_04524	contig_1	4564618	4565358	+	LNHIMF_04524	1	persistent	2	0	0
LNHIMF_04525	contig_1	4565375	4567288	+	LNHIMF_04525	1	persistent	2	0	1
LNHIMF_04526	contig_1	4567366	4567608	+	GEGEGB_04729	1	persistent	2	0	0
LNHIMF_04527	contig_1	4567598	4567882	+	GEGEGB_04730	1	persistent	2	0	0
LNHIMF_04528	contig_1	4567886	4568350	-	GEGEGB_04731	1	persistent	2	0	1
LNHIMF_04529	contig_1	4568567	4570705	-	LNHIMF_04529	1	persistent	2	0	0
LNHIMF_04530	contig_1	4571114	4572766	-	LNHIMF_04530	1	persistent	2	0	0
LNHIMF_04531	contig_1	4572816	4574234	-	LNHIMF_04531	1	persistent	2	0	0
LNHIMF_04532	contig_1	4574372	4575319	-	LNHIMF_04532	1	persistent	2	0	0
LNHIMF_04533	contig_1	4575516	4575569	+	GEGEGB_04737	1	persistent	2	0	0
LNHIMF_04534	contig_1	4575710	4578418	+	GEGEGB_04738	1	persistent	3	0	0
LNHIMF_04535	contig_1	4578534	4578980	-	LNHIMF_04535	1	persistent	2	0	0
LNHIMF_04536	contig_1	4579055	4579441	-	GEGEGB_04740	1	persistent	3	0	0
LNHIMF_04537	contig_1	4579518	4579979	-	GEGEGB_04741	1	persistent	2	0	0
LNHIMF_04538	contig_1	4579992	4580927	-	GEGEGB_04742	1	persistent	3	0	0
LNHIMF_04539	contig_1	4581154	4581642	-	LNHIMF_04539	1	persistent	3	0	0
LNHIMF_04540	contig_1	4581829	4583232	-	GEGEGB_04745	1	persistent	2	0	0
LNHIMF_04542	contig_1	4583487	4584290	-	GEGEGB_04746	1	persistent	2	0	0
LNHIMF_04543	contig_1	4584402	4585334	-	BENMGJ_01145	1	persistent	2	0	0
LNHIMF_04544	contig_1	4585345	4586565	-	GEGEGB_04748	1	persistent	2	0	0
LNHIMF_04545	contig_1	4587241	4587693	+	GEGEGB_04749	1	persistent	2	0	0
LNHIMF_04546	contig_1	4587766	4588770	-	LNHIMF_04546	1	persistent	2	0	0
LNHIMF_04547	contig_1	4588936	4589352	+	GEGEGB_04751	1	persistent	2	1	0
LNHIMF_04548	contig_1	4589412	4590176	+	GEGEGB_04752	1	persistent	2	1	1
LNHIMF_04549	contig_1	4590421	4590909	-	GEGEGB_04754	1	persistent	2	0	1
LNHIMF_04550	contig_1	4591016	4591519	-	LNHIMF_04550	1	persistent	2	0	0
LNHIMF_04551	contig_1	4591714	4592901	+	LNHIMF_04551	1	persistent	2	0	0
LNHIMF_04552	contig_1	4593043	4595898	-	GEGEGB_04757	1	persistent	2	0	0
LNHIMF_04553	contig_1	4595898	4596380	-	LNHIMF_04553	1	persistent	2	0	0
LNHIMF_04554	contig_1	4596478	4597989	-	LNHIMF_04554	1	persistent	2	0	0
LNHIMF_04556	contig_1	4598384	4599484	+	GEGEGB_04761	1	persistent	2	0	0
LNHIMF_04557	contig_1	4599484	4600566	+	LNHIMF_04557	1	persistent	2	0	0
LNHIMF_04558	contig_1	4600783	4601781	-	GEGEGB_04763	1	persistent	2	0	0
LNHIMF_04559	contig_1	4601845	4603164	-	BEJGEH_04557	1	persistent	2	0	1
LNHIMF_04560	contig_1	4603226	4603990	-	LNHIMF_04560	1	persistent	2	0	0
LNHIMF_04561	contig_1	4604015	4605046	-	LNHIMF_04561	1	persistent	2	0	0
LNHIMF_04562	contig_1	4605263	4605793	+	LNHIMF_04562	1	persistent	2	0	0
LNHIMF_04563	contig_1	4605821	4606840	-	LNHIMF_04563	1	persistent	1	0	8
LNHIMF_04565	contig_1	4607958	4608197	+	LNHIMF_04565	1	cloud	1	0	2
LNHIMF_04566	contig_1	4608200	4608508	+	LNHIMF_04566	1	cloud	0	1	3
LNHIMF_04567	contig_1	4609593	4613108	+	AJBGEP_04701	1	cloud	0	0	4
LNHIMF_04568	contig_1	4613401	4614825	+	LNHIMF_04568	1	cloud	0	0	2
LNHIMF_04569	contig_1	4614868	4616079	-	LNHIMF_04569	1	cloud	1	0	1
LNHIMF_04570	contig_1	4616888	4616995	-	GEGEGB_04803	1	persistent	1	1	6
LNHIMF_04571	contig_1	4616937	4617653	-	HFCAGB_04730	1	persistent	2	0	0
LNHIMF_04572	contig_1	4618213	4619838	-	LNHIMF_04572	1	persistent	2	0	2
LNHIMF_04573	contig_1	4619849	4620106	-	GEGEGB_04806	1	persistent	2	0	4
LNHIMF_04574	contig_1	4620349	4620540	-	BEJGEH_04615	1	cloud	2	0	0
LNHIMF_04575	contig_1	4620594	4621202	+	GEGEGB_04807	1	persistent	2	1	2
LNHIMF_04576	contig_1	4621554	4622465	+	LNHIMF_04576	1	persistent	2	1	0
LNHIMF_04577	contig_1	4622764	4623132	+	BEJGEH_04618	1	persistent	1	1	1
LNHIMF_04578	contig_1	4623129	4623803	-	LNHIMF_04578	1	cloud	2	0	0
LNHIMF_04579	contig_1	4624201	4624926	+	LNHIMF_04579	1	persistent	1	1	1
LNHIMF_04580	contig_1	4624927	4625940	-	LNHIMF_04580	1	persistent	2	0	0
LNHIMF_04582	contig_1	4626742	4627188	+	LNHIMF_04582	1	persistent	2	0	0
LNHIMF_04583	contig_1	4627427	4628161	+	LNHIMF_04583	1	persistent	2	0	0
LNHIMF_04584	contig_1	4628167	4629075	-	GEGEGB_04816	1	persistent	2	0	0
LNHIMF_04585	contig_1	4629194	4630366	-	GEGEGB_04817	1	persistent	2	0	0
LNHIMF_04586	contig_1	4630379	4630840	-	GEGEGB_04818	1	persistent	2	0	0
LNHIMF_04587	contig_1	4630837	4631508	-	GEGEGB_04819	1	persistent	2	0	0
LNHIMF_04588	contig_1	4632380	4633564	-	LNHIMF_04588	1	persistent	2	0	0
LNHIMF_04589	contig_1	4633784	4635055	-	LNHIMF_04589	1	persistent	2	0	0
LNHIMF_04590	contig_1	4635142	4636383	-	OEKLIE_03605	1	persistent	1	2	0
LNHIMF_04591	contig_1	4636862	4637815	+	GEGEGB_04823	1	shell	2	0	0
LNHIMF_04592	contig_1	4637996	4639366	+	LNHIMF_04592	1	persistent	1	2	0
LNHIMF_04593	contig_1	4639571	4639735	+	GEGEGB_04826	1	persistent	1	2	0
LNHIMF_04594	contig_1	4639812	4640732	-	LNHIMF_04594	1	shell	1	0	3
LNHIMF_04595	contig_1	4641143	4641784	-	LNHIMF_04595	1	cloud	0	1	1
LNHIMF_04596	contig_1	4641832	4642647	-	LNHIMF_04596	1	cloud	1	0	1
LNHIMF_04597	contig_1	4642684	4643640	-	LNHIMF_04597	1	persistent	1	1	2
LNHIMF_04598	contig_1	4643651	4643854	-	GEGEGB_04838	1	persistent	2	0	0
LNHIMF_04599	contig_1	4643949	4646099	-	GEGEGB_04839	1	persistent	2	0	1
LNHIMF_04600	contig_1	4646466	4648127	+	LNHIMF_04600	1	persistent	2	1	1
LNHIMF_04601	contig_1	4648450	4651215	+	AJBGEP_04751	1	shell	1	1	0
LNHIMF_04602	contig_1	4651317	4651739	+	HFCAGB_04774	1	shell	0	2	0
LNHIMF_04603	contig_1	4651754	4652215	+	LNHIMF_04603	1	shell	0	2	0
LNHIMF_04604	contig_1	4652241	4653020	+	LNHIMF_04604	1	shell	0	2	0
LNHIMF_04605	contig_1	4652998	4653846	+	LNHIMF_04605	1	shell	0	2	0
LNHIMF_04606	contig_1	4653859	4654920	+	HFCAGB_04778	1	shell	0	2	0
LNHIMF_04607	contig_1	4654938	4655948	+	HFCAGB_04779	1	shell	1	1	0
LNHIMF_04608	contig_1	4656082	4658373	-	GEGEGB_04842	1	persistent	2	1	0
LNHIMF_04609	contig_1	4658656	4659147	-	LNHIMF_04609	1	persistent	2	0	0
LNHIMF_04610	contig_1	4659205	4659942	-	GEGEGB_04844	1	persistent	2	0	0
LNHIMF_04611	contig_1	4659945	4660484	-	GEGEGB_04845	1	persistent	2	0	0
LNHIMF_04612	contig_1	4660577	4661050	-	LNHIMF_04612	1	persistent	2	0	0
LNHIMF_04613	contig_1	4661041	4661985	-	LNHIMF_04613	1	persistent	2	0	1
LNHIMF_04614	contig_1	4662529	4663254	+	GEGEGB_04848	1	persistent	2	0	1
LNHIMF_04615	contig_1	4663215	4663889	+	GEGEGB_04849	1	persistent	2	0	0
LNHIMF_04616	contig_1	4663940	4664398	-	LNHIMF_04616	1	persistent	2	0	0
LNHIMF_04617	contig_1	4664549	4665337	-	GEGEGB_04851	1	persistent	2	0	0
LNHIMF_04618	contig_1	4665458	4666384	-	BEJGEH_04653	1	persistent	2	0	0
LNHIMF_04619	contig_1	4666773	4667009	+	GEGEGB_04853	1	persistent	2	0	0
LNHIMF_04623	contig_1	4667550	4668578	-	LNHIMF_04623	1	persistent	2	0	0
LNHIMF_04624	contig_1	4668681	4669118	+	BEJGEH_04659	1	persistent	2	0	1
LNHIMF_04625	contig_1	4669063	4669509	+	LNHIMF_04625	1	persistent	2	0	0
LNHIMF_04626	contig_1	4669528	4670208	+	LNHIMF_04626	1	persistent	2	0	0
LNHIMF_04627	contig_1	4670300	4671889	+	GEGEGB_04861	1	persistent	2	0	0
LNHIMF_04628	contig_1	4672291	4672908	+	GEGEGB_04862	1	persistent	2	0	0
LNHIMF_04629	contig_1	4673037	4673198	+	GEGEGB_04863	1	persistent	2	0	0
LNHIMF_04630	contig_1	4673301	4674395	+	LNHIMF_04630	1	persistent	2	0	0
LNHIMF_04631	contig_1	4674392	4675165	+	LNHIMF_04631	1	persistent	1	2	0
LNHIMF_04632	contig_1	4675198	4676061	-	LNHIMF_04632	1	shell	2	0	0
LNHIMF_04633	contig_1	4676033	4677583	-	BEJGEH_04668	1	persistent	1	2	0
LNHIMF_04634	contig_1	4677843	4678622	+	GEGEGB_04868	1	persistent	2	0	0
LNHIMF_04635	contig_1	4678746	4680068	+	GEGEGB_04869	1	persistent	2	0	0
LNHIMF_04636	contig_1	4680120	4681343	+	GEGEGB_04870	1	persistent	2	0	0
LNHIMF_04637	contig_1	4681553	4682272	+	GEGEGB_04871	1	persistent	1	1	2
LNHIMF_04638	contig_1	4682479	4682970	+	GEGEGB_04872	1	cloud	2	0	0
LNHIMF_04639	contig_1	4683055	4684071	-	BEJGEH_04678	1	persistent	1	1	2
LNHIMF_04640	contig_1	4684105	4684749	-	GEGEGB_04874	1	persistent	2	0	0
LNHIMF_04641	contig_1	4684866	4685834	+	GEGEGB_04875	1	persistent	2	0	0
LNHIMF_04642	contig_1	4685918	4687300	+	GEGEGB_04876	1	persistent	2	0	0
LNHIMF_04643	contig_1	4687451	4688683	+	GEGEGB_04877	1	persistent	2	0	0
LNHIMF_04644	contig_1	4688801	4690468	-	LNHIMF_04644	1	persistent	2	0	0
LNHIMF_04645	contig_1	4690677	4692614	+	GEGEGB_04879	1	persistent	2	0	0
LNHIMF_04646	contig_1	4692672	4692998	+	GEGEGB_04880	1	persistent	2	0	1
LNHIMF_04647	contig_1	4693100	4693615	-	BEJGEH_04686	1	persistent	2	0	0
LNHIMF_04648	contig_1	4693664	4694311	+	LNHIMF_04648	1	persistent	2	0	1
LNHIMF_04649	contig_1	4694308	4695177	-	LNHIMF_04649	1	persistent	2	0	0
LNHIMF_04650	contig_1	4695277	4695384	+	LNHIMF_04650	1	persistent	2	0	0
LNHIMF_04651	contig_1	4695374	4695862	+	GEGEGB_04885	1	persistent	2	0	0
LNHIMF_04652	contig_1	4695875	4696564	+	LNHIMF_04652	1	persistent	2	0	0
LNHIMF_04653	contig_1	4696564	4697988	+	BEJGEH_04692	1	persistent	2	0	0
LNHIMF_04654	contig_1	4698046	4699395	+	GEGEGB_04888	1	persistent	2	0	1
LNHIMF_04655	contig_1	4699453	4700538	-	BEJGEH_04694	1	persistent	2	0	0
LNHIMF_04656	contig_1	4700580	4701137	-	LNHIMF_04656	1	persistent	2	0	1
LNHIMF_04657	contig_1	4701155	4703692	-	LNHIMF_04657	1	persistent	2	0	0
LNHIMF_04658	contig_1	4703738	4704421	-	LNHIMF_04658	1	persistent	2	0	0
LNHIMF_04659	contig_1	4704492	4705037	-	LNHIMF_04659	1	persistent	2	0	0
LNHIMF_04660	contig_1	4705376	4706047	-	GEGEGB_04895	1	persistent	2	0	1
LNHIMF_04661	contig_1	4706432	4706746	-	BEJGEH_04700	1	persistent	2	0	0
LNHIMF_04662	contig_1	4707013	4707729	-	GEGEGB_04897	1	persistent	2	0	1
LNHIMF_04663	contig_1	4708365	4709051	+	LNHIMF_04663	1	persistent	2	0	0
LNHIMF_04664	contig_2	34	459	+	LNHIMF_04664	1	cloud	0	0	2
LNHIMF_04665	contig_2	459	1730	+	AJBGEP_04878	1	cloud	0	0	6
LNHIMF_04666	contig_2	1809	2060	+	LNHIMF_04666	1	cloud	0	0	2
LNHIMF_04667	contig_2	2114	2419	+	LNHIMF_04667	1	cloud	0	0	2
LNHIMF_04668	contig_2	3496	4467	-	LNHIMF_04668	1	cloud	0	0	2
LNHIMF_04669	contig_2	4467	5633	-	LNHIMF_04669	1	cloud	0	0	2
LNHIMF_04670	contig_2	6374	7384	+	LNHIMF_04670	1	cloud	0	0	2
LNHIMF_04671	contig_2	8174	8518	-	LNHIMF_04671	1	cloud	0	0	2
LNHIMF_04672	contig_2	8636	9361	+	LNHIMF_04672	1	cloud	0	0	2
LNHIMF_04673	contig_2	9461	9871	+	LNHIMF_04673	1	cloud	0	0	2
LNHIMF_04674	contig_2	9974	10933	+	LNHIMF_04674	1	cloud	0	0	2
LNHIMF_04675	contig_2	11079	12167	+	LNHIMF_04675	1	cloud	0	0	2
LNHIMF_04676	contig_2	12230	12934	-	LNHIMF_04699	9	cloud	3	0	22
LNHIMF_04677	contig_2	13198	14271	-	LNHIMF_04677	1	cloud	0	0	2
LNHIMF_04678	contig_2	14315	14464	-	LNHIMF_04678	1	cloud	0	0	2
LNHIMF_04679	contig_2	14806	15045	+	LNHIMF_04679	1	cloud	0	0	2
LNHIMF_04680	contig_2	15045	15332	+	LNHIMF_04680	1	cloud	0	0	2
LNHIMF_04681	contig_2	15636	16415	-	LNHIMF_04681	1	cloud	0	0	2
LNHIMF_04682	contig_2	16415	17437	-	LNHIMF_04682	1	cloud	0	0	2
LNHIMF_04683	contig_2	18237	20444	+	LNHIMF_04683	1	cloud	0	0	2
LNHIMF_04684	contig_2	20447	23029	+	LNHIMF_04684	1	cloud	0	0	2
LNHIMF_04685	contig_2	23075	23272	-	LNHIMF_04737	2	cloud	0	0	4
LNHIMF_04686	contig_2	23450	24280	-	LNHIMF_04686	1	cloud	0	0	2
LNHIMF_04687	contig_2	24307	24570	-	LNHIMF_04687	1	cloud	0	0	2
LNHIMF_04688	contig_2	24583	24951	+	LNHIMF_04688	1	cloud	0	0	2
LNHIMF_04689	contig_2	24999	25976	-	LNHIMF_04689	1	cloud	0	0	2
LNHIMF_04690	contig_2	27048	28844	-	PKJKAM_04026	4	cloud	0	0	6
LNHIMF_04691	contig_2	29333	30217	+	PKJKAM_04022	1	cloud	0	0	2
LNHIMF_04692	contig_2	30249	31448	-	PKJKAM_04023	1	cloud	0	0	2
LNHIMF_04693	contig_2	31527	32204	+	PKJKAM_04024	1	cloud	0	0	2
LNHIMF_04694	contig_2	32236	32478	-	PKJKAM_04025	1	cloud	0	0	2
LNHIMF_04695	contig_2	32536	33303	-	PKJKAM_04026	4	cloud	0	0	6
LNHIMF_04696	contig_2	33549	36521	-	PKJKAM_04026	4	cloud	0	0	6
LNHIMF_04697	contig_2	36524	37081	-	LNHIMF_04711	2	cloud	0	0	3
LNHIMF_04698	contig_2	37387	37866	-	ONMMKP_02972	2	cloud	0	0	6
LNHIMF_04699	contig_2	37923	38627	-	LNHIMF_04699	9	cloud	3	0	22
LNHIMF_04700	contig_2	38674	39942	-	ONMMKP_02951	1	cloud	0	0	5
LNHIMF_04701	contig_2	40017	40724	-	LNHIMF_04701	1	cloud	0	0	2
LNHIMF_04702	contig_2	40721	40957	-	LNHIMF_04702	1	cloud	0	0	2
LNHIMF_04703	contig_2	40954	41316	-	LNHIMF_04703	1	cloud	0	0	3
LNHIMF_04704	contig_2	41334	43028	-	ONMMKP_02946	1	cloud	0	0	3
LNHIMF_04705	contig_2	43192	44052	-	LNHIMF_04705	1	cloud	0	0	2
LNHIMF_04706	contig_2	44446	45150	+	LNHIMF_04699	9	cloud	3	0	22
LNHIMF_04707	contig_2	45214	45330	+	LNHIMF_04707	1	cloud	0	0	2
LNHIMF_04708	contig_2	45485	45877	+	LNHIMF_04708	1	cloud	0	0	2
LNHIMF_04709	contig_2	46197	46481	-	LNHIMF_04709	1	cloud	0	0	2
LNHIMF_04710	contig_2	46715	49681	-	PKJKAM_04026	4	cloud	0	0	6
LNHIMF_04711	contig_2	49684	50244	-	LNHIMF_04711	2	cloud	0	0	3
LNHIMF_04712	contig_2	50555	51259	+	LNHIMF_04699	9	cloud	3	0	22
LNHIMF_04713	contig_2	51588	51704	+	LNHIMF_04713	1	cloud	0	0	2
LNHIMF_04714	contig_2	51717	52580	+	LNHIMF_04714	1	cloud	0	0	2
LNHIMF_04715	contig_2	52618	52863	+	LNHIMF_04715	1	cloud	0	0	2
LNHIMF_04716	contig_2	52993	53241	+	LNHIMF_04716	1	cloud	0	0	2
LNHIMF_04717	contig_2	53332	54123	+	LNHIMF_04717	1	cloud	0	0	2
LNHIMF_04718	contig_2	54481	55056	+	LNHIMF_04718	1	cloud	0	0	2
LNHIMF_04719	contig_2	55303	55635	-	LNHIMF_04719	1	cloud	0	0	2
LNHIMF_04720	contig_2	55805	56584	-	LNHIMF_04723	2	cloud	0	0	4
LNHIMF_04721	contig_2	56689	57948	-	LNHIMF_04721	1	cloud	0	0	2
LNHIMF_04722	contig_2	58047	58076	-	LNHIMF_04722	1	cloud	0	0	2
LNHIMF_04723	contig_2	58210	58989	-	LNHIMF_04723	2	cloud	0	0	4
LNHIMF_04724	contig_2	59059	59667	-	LNHIMF_04724	1	cloud	0	0	2
LNHIMF_04725	contig_2	59763	60689	-	LNHIMF_04725	1	cloud	0	0	2
LNHIMF_04726	contig_2	60772	61785	+	ONMMKP_02972	2	cloud	0	0	6
LNHIMF_04727	contig_2	61754	62386	+	LNHIMF_04727	1	cloud	0	0	2
LNHIMF_04728	contig_2	62277	62981	-	LNHIMF_04699	9	cloud	3	0	22
LNHIMF_04729	contig_2	62993	63667	-	LNHIMF_04729	1	cloud	0	0	2
LNHIMF_04730	contig_2	63858	65252	+	LNHIMF_04730	1	cloud	0	0	2
LNHIMF_04731	contig_2	65318	65788	-	LNHIMF_04731	1	cloud	0	0	2
LNHIMF_04732	contig_2	65850	66419	-	LNHIMF_04732	1	cloud	0	0	2
LNHIMF_04733	contig_2	66574	67278	-	LNHIMF_04699	9	cloud	3	0	22
LNHIMF_04734	contig_2	67396	67536	-	LNHIMF_04734	1	cloud	0	0	2
LNHIMF_04735	contig_2	67700	68224	+	LNHIMF_04735	1	cloud	0	0	2
LNHIMF_04736	contig_2	68170	68874	-	LNHIMF_04699	9	cloud	3	0	22
LNHIMF_04737	contig_2	68954	70240	+	LNHIMF_04737	2	cloud	0	0	4
LNHIMF_04738	contig_2	70314	70736	-	LNHIMF_04738	1	cloud	0	0	2
LNHIMF_04739	contig_2	70772	71047	-	ONMMKP_02948	1	cloud	0	0	3
LNHIMF_04740	contig_2	71061	71411	-	ONMMKP_02949	1	cloud	0	0	2
LNHIMF_04741	contig_2	71483	71917	+	ONMMKP_02950	1	cloud	0	0	3
LNHIMF_04742	contig_2	71907	72689	-	LNHIMF_04742	1	cloud	0	0	3
LNHIMF_04743	contig_2	72689	73492	-	PKJKAM_04015	1	cloud	0	0	3
LNHIMF_04744	contig_2	73906	74547	-	LNHIMF_04744	1	cloud	0	0	2
LNHIMF_04745	contig_2	74760	75137	-	LNHIMF_04745	1	cloud	0	0	3
LNHIMF_04746	contig_2	75182	75457	-	ONMMKP_02960	1	cloud	0	0	3
LNHIMF_04747	contig_2	75588	75764	-	LNHIMF_04747	1	cloud	0	0	2
LNHIMF_04748	contig_2	76091	76906	+	LNHIMF_04748	1	cloud	0	0	2
LNHIMF_04749	contig_2	76993	77295	+	LNHIMF_04749	1	cloud	0	0	2
LNHIMF_04750	contig_2	77471	78964	-	LNHIMF_04750	1	cloud	0	0	2
LNHIMF_04751	contig_2	79175	79399	-	LNHIMF_04751	1	cloud	0	0	2
LNHIMF_04752	contig_2	79396	80133	-	LNHIMF_04752	1	cloud	0	0	2
LNHIMF_04753	contig_2	80240	80731	+	LNHIMF_04753	1	cloud	0	0	2
LNHIMF_04754	contig_2	80765	81469	-	LNHIMF_04699	9	cloud	3	0	22
LNHIMF_04755	contig_2	81549	82049	+	LNHIMF_04755	1	cloud	0	0	2
LNHIMF_04756	contig_2	82199	82840	+	LNHIMF_04756	1	cloud	0	0	2
LNHIMF_04757	contig_2	82984	83688	-	LNHIMF_04699	9	cloud	3	0	22
LNHIMF_04758	contig_2	83905	85623	-	LNHIMF_04758	1	cloud	0	0	2
LNHIMF_04759	contig_2	85620	86108	-	LNHIMF_04759	1	cloud	0	0	2
LNHIMF_04760	contig_2	86101	87084	-	LNHIMF_04760	1	cloud	0	0	2
LNHIMF_04761	contig_2	87088	88002	-	LNHIMF_04761	1	cloud	0	0	2
LNHIMF_04762	contig_2	88316	88624	+	LNHIMF_04762	1	cloud	0	0	2
LNHIMF_04763	contig_2	88617	88832	+	LNHIMF_04763	1	cloud	0	0	2
LNHIMF_04764	contig_2	88835	89497	+	LNHIMF_04764	1	cloud	0	0	2
LNHIMF_04765	contig_2	89508	89807	+	LNHIMF_04765	1	cloud	0	0	2
LNHIMF_04766	contig_2	89817	92567	+	LNHIMF_04766	1	cloud	0	0	2
LNHIMF_04767	contig_2	92586	93302	+	LNHIMF_04767	1	cloud	0	0	2
LNHIMF_04768	contig_2	93314	93598	+	LNHIMF_04768	1	cloud	0	0	2
LNHIMF_04769	contig_2	93616	94623	+	LNHIMF_04769	1	cloud	0	0	2
LNHIMF_04770	contig_2	94700	94840	+	LNHIMF_04770	1	cloud	0	0	2
LNHIMF_04771	contig_2	94833	95519	+	LNHIMF_04771	1	cloud	0	0	2
LNHIMF_04772	contig_2	95512	96405	+	LNHIMF_04772	1	cloud	0	0	2
LNHIMF_04773	contig_2	96402	97598	+	LNHIMF_04773	1	cloud	0	0	2
LNHIMF_04774	contig_2	97602	98651	+	LNHIMF_04774	1	cloud	0	0	2
LNHIMF_04775	contig_2	98638	99039	+	LNHIMF_04775	1	cloud	0	0	2
LNHIMF_04776	contig_2	99130	99447	+	LNHIMF_04776	1	cloud	0	0	2
LNHIMF_04777	contig_2	99474	99809	+	LNHIMF_04777	1	cloud	0	0	2
LNHIMF_04778	contig_2	99785	100093	+	LNHIMF_04778	1	cloud	0	0	2
LNHIMF_04779	contig_2	100090	102291	+	LNHIMF_04779	1	cloud	0	0	2
LNHIMF_04780	contig_2	102288	102680	+	LNHIMF_04780	1	cloud	0	0	2
LNHIMF_04781	contig_2	103389	105296	+	LNHIMF_04781	1	cloud	0	0	2
LNHIMF_04782	contig_2	105311	106057	+	LNHIMF_04782	1	cloud	0	0	2
LNHIMF_04783	contig_2	106050	106577	+	LNHIMF_04783	1	cloud	0	0	2
LNHIMF_04784	contig_2	106609	107040	-	LNHIMF_04784	1	cloud	0	0	2
LNHIMF_04785	contig_2	107520	108485	-	LNHIMF_04785	1	cloud	0	0	2
LNHIMF_04786	contig_2	109102	110160	-	BENMGJ_01279	1	cloud	0	1	3
LNHIMF_04787	contig_3	160	1095	-	LNHIMF_04787	1	cloud	0	0	3
LNHIMF_04788	contig_3	1983	2306	-	LNHIMF_04788	1	cloud	0	0	2
LNHIMF_04789	contig_3	2398	3933	-	LNHIMF_04789	1	cloud	0	0	2
LNHIMF_04790	contig_3	4105	4551	+	PKJKAM_00043	1	cloud	0	0	3
