gene	contig	start	stop	strand	family	nb_copy_in_genome	partition	persistent_neighbors	shell_neighbors	cloud_neighbors
BEJGEH_00001	contig_1	169	255	+	GEGEGB_00001	1	persistent	2	0	0
BEJGEH_00002	contig_1	337	2799	+	GEGEGB_00002	1	persistent	2	0	0
BEJGEH_00003	contig_1	2801	3730	+	GEGEGB_00003	1	persistent	2	0	0
BEJGEH_00004	contig_1	3734	5020	+	GEGEGB_00004	1	persistent	2	0	0
BEJGEH_00005	contig_1	5113	5886	-	GEGEGB_00005	1	persistent	2	0	0
BEJGEH_00006	contig_1	5965	7395	-	GEGEGB_00006	1	persistent	2	0	0
BEJGEH_00007	contig_1	7664	8617	+	GEGEGB_00007	1	persistent	2	0	0
BEJGEH_00008	contig_1	8728	9318	+	GEGEGB_00008	1	persistent	2	0	0
BEJGEH_00009	contig_1	9375	9941	-	GEGEGB_00009	1	persistent	2	0	0
BEJGEH_00010	contig_1	10091	10804	-	GEGEGB_00010	1	persistent	2	0	0
BEJGEH_00011	contig_1	10840	11244	-	GEGEGB_00011	1	persistent	2	0	0
BEJGEH_00012	contig_1	11593	13509	+	GEGEGB_00012	1	persistent	2	0	0
BEJGEH_00014	contig_1	13595	14734	+	GEGEGB_00014	1	persistent	2	0	1
BEJGEH_00015	contig_1	14681	14821	-	BEJGEH_00015	1	cloud	2	0	0
BEJGEH_00016	contig_1	15015	15962	+	GEGEGB_00015	1	persistent	2	0	1
BEJGEH_00017	contig_1	16089	16433	+	LNHIMF_00016	1	persistent	2	0	0
BEJGEH_00018	contig_1	16494	17027	-	LNHIMF_00017	1	persistent	2	0	0
BEJGEH_00019	contig_1	17044	17487	-	GEGEGB_00018	1	persistent	2	0	0
BEJGEH_00020	contig_1	17868	19967	+	BEJGEH_00020	1	persistent	2	0	0
BEJGEH_00021	contig_1	20060	23056	+	LNHIMF_00020	1	persistent	2	0	0
BEJGEH_00022	contig_1	23337	24041	+	BEJGEH_00022	1	persistent	2	0	0
BEJGEH_00023	contig_1	24471	25013	+	LNHIMF_00022	1	persistent	2	0	0
BEJGEH_00024	contig_1	25114	25800	+	LNHIMF_00023	1	persistent	2	0	0
BEJGEH_00025	contig_1	25805	28426	+	LNHIMF_00024	1	persistent	2	0	0
BEJGEH_00026	contig_1	28427	29434	+	LNHIMF_00025	1	persistent	2	0	0
BEJGEH_00027	contig_1	29435	29980	+	LNHIMF_00026	1	persistent	2	0	0
BEJGEH_00028	contig_1	29996	30514	+	GEGEGB_00030	1	persistent	2	0	0
BEJGEH_00029	contig_1	30480	31211	+	LNHIMF_00028	1	persistent	2	0	0
BEJGEH_00030	contig_1	31276	32121	+	LNHIMF_00029	1	persistent	2	0	1
BEJGEH_00031	contig_1	32160	32447	+	LNHIMF_00030	1	persistent	2	1	0
BEJGEH_00032	contig_1	32547	32996	-	GEGEGB_00034	1	persistent	1	1	1
BEJGEH_00033	contig_1	33366	34370	+	AJBGEP_00032	1	shell	2	1	0
BEJGEH_00034	contig_1	34378	34815	-	HFCAGB_00034	1	shell	0	2	0
BEJGEH_00035	contig_1	35338	37056	+	BEJGEH_00035	1	shell	0	2	0
BEJGEH_00036	contig_1	37102	38664	-	GEGEGB_00038	1	shell	0	2	0
BEJGEH_00037	contig_1	38772	39533	-	GEGEGB_00039	1	shell	1	1	0
BEJGEH_00038	contig_1	40128	41621	+	LNHIMF_00037	1	persistent	0	2	2
BEJGEH_00039	contig_1	41720	42910	+	LNHIMF_00038	1	shell	1	1	0
BEJGEH_00040	contig_1	42935	44182	+	IKCLMC_03170	1	shell	1	1	0
BEJGEH_00041	contig_1	44309	46024	+	LNHIMF_00040	1	persistent	1	1	1
BEJGEH_00042	contig_1	46187	47353	+	LNHIMF_00041	1	persistent	2	0	1
BEJGEH_00043	contig_1	47421	48314	+	GEGEGB_00045	1	persistent	2	0	0
BEJGEH_00044	contig_1	48369	50408	-	LNHIMF_00043	1	persistent	2	0	0
BEJGEH_00045	contig_1	50448	51821	-	LNHIMF_00044	1	persistent	2	0	1
BEJGEH_00046	contig_1	52316	52525	+	LNHIMF_00045	1	persistent	2	0	0
BEJGEH_00047	contig_1	52869	53807	+	GEGEGB_00049	1	persistent	2	0	1
BEJGEH_00048	contig_1	53852	56686	+	LNHIMF_00047	1	persistent	2	0	0
BEJGEH_00049	contig_1	56686	57186	+	LNHIMF_00048	1	persistent	2	0	0
BEJGEH_00050	contig_1	57341	57790	+	GEGEGB_00052	1	persistent	2	0	0
BEJGEH_00051	contig_1	57793	58743	+	GEGEGB_00053	1	persistent	2	0	0
BEJGEH_00053	contig_1	58943	60145	+	AJBGEP_00052	1	persistent	2	0	0
BEJGEH_00054	contig_1	60161	61081	+	GEGEGB_00056	1	persistent	2	0	0
BEJGEH_00055	contig_1	61103	61789	-	GEGEGB_00057	1	persistent	2	0	0
BEJGEH_00056	contig_1	61791	63449	-	BEJGEH_00056	1	persistent	2	0	0
BEJGEH_00057	contig_1	63545	64846	-	LNHIMF_00056	3	persistent	4	0	0
BEJGEH_00058	contig_1	64862	66628	-	GEGEGB_00060	3	persistent	2	0	1
BEJGEH_00059	contig_1	66644	66883	-	AJBGEP_03535	3	persistent	3	1	0
BEJGEH_00060	contig_1	67042	68382	-	GEGEGB_00062	1	persistent	2	0	0
BEJGEH_00061	contig_1	68702	69670	+	GEGEGB_00063	1	persistent	2	0	0
BEJGEH_00062	contig_1	69700	69993	+	GEGEGB_00064	1	persistent	2	0	0
BEJGEH_00063	contig_1	69990	70859	+	LNHIMF_00062	1	persistent	2	0	0
BEJGEH_00064	contig_1	70870	72390	+	LNHIMF_00063	1	persistent	2	0	0
BEJGEH_00065	contig_1	72390	72941	+	GEGEGB_00067	1	persistent	2	0	0
BEJGEH_00066	contig_1	72919	73827	+	LNHIMF_00065	1	persistent	2	0	0
BEJGEH_00067	contig_1	74007	74828	+	GEGEGB_00069	1	persistent	2	1	1
BEJGEH_00068	contig_1	74949	75083	-	BEJGEH_00068	1	cloud	2	0	0
BEJGEH_00069	contig_1	75692	76840	+	LNHIMF_00068	1	persistent	2	1	1
BEJGEH_00070	contig_1	76859	80086	+	LNHIMF_00069	1	persistent	2	1	0
BEJGEH_00071	contig_1	80360	80755	+	GEGEGB_00072	1	persistent	2	1	0
BEJGEH_00072	contig_1	80832	81428	-	GEGEGB_00073	1	persistent	2	0	0
BEJGEH_00073	contig_1	81538	82323	-	LNHIMF_00072	1	persistent	2	0	0
BEJGEH_00074	contig_1	82377	83930	-	LNHIMF_00073	1	persistent	2	0	0
BEJGEH_00075	contig_1	83993	85210	-	GEGEGB_00076	1	persistent	2	0	0
BEJGEH_00076	contig_1	85322	86464	-	GEGEGB_00077	1	persistent	2	0	0
BEJGEH_00077	contig_1	86499	88016	-	LNHIMF_00076	1	persistent	2	0	0
BEJGEH_00078	contig_1	88497	89267	+	GEGEGB_00079	1	persistent	2	0	0
BEJGEH_00079	contig_1	89283	90224	+	GEGEGB_00080	1	persistent	2	0	0
BEJGEH_00080	contig_1	90274	91560	+	GEGEGB_00081	1	persistent	2	0	0
BEJGEH_00081	contig_1	91557	91844	+	GEGEGB_00082	1	persistent	2	0	0
BEJGEH_00083	contig_1	91991	93331	+	GEGEGB_00084	1	persistent	2	0	0
BEJGEH_00084	contig_1	93420	93650	+	GEGEGB_00085	1	persistent	3	0	0
BEJGEH_00085	contig_1	93936	94358	+	GEGEGB_00086	1	persistent	2	0	0
BEJGEH_00087	contig_1	94582	94872	-	GEGEGB_00088	1	persistent	2	0	0
BEJGEH_00088	contig_1	95769	97658	+	BEJGEH_00088	1	persistent	2	0	0
BEJGEH_00089	contig_1	98212	98742	+	LNHIMF_00088	1	persistent	3	0	0
BEJGEH_00090	contig_1	98735	100597	+	GEGEGB_00093	1	persistent	2	0	0
BEJGEH_00091	contig_1	100796	101275	+	GEGEGB_00094	1	persistent	2	0	0
BEJGEH_00092	contig_1	101381	102229	-	GEGEGB_00095	1	persistent	2	0	0
BEJGEH_00093	contig_1	102240	102617	-	LNHIMF_00092	1	persistent	2	0	0
BEJGEH_00094	contig_1	102620	103441	-	GEGEGB_00097	1	persistent	2	0	0
BEJGEH_00095	contig_1	103438	104427	-	GEGEGB_00098	1	persistent	2	0	0
BEJGEH_00096	contig_1	104427	105713	-	GEGEGB_00099	1	persistent	2	0	0
BEJGEH_00097	contig_1	105767	108127	-	GEGEGB_00100	1	persistent	2	0	0
BEJGEH_00098	contig_1	108381	109193	+	GEGEGB_00101	1	persistent	2	0	0
BEJGEH_00099	contig_1	109288	109947	-	LNHIMF_00098	1	persistent	2	0	0
BEJGEH_00100	contig_1	109959	112865	-	GEGEGB_00103	1	persistent	2	0	0
BEJGEH_00101	contig_1	113085	115391	-	LNHIMF_00100	1	persistent	2	0	2
BEJGEH_00102	contig_1	115435	115731	-	BEJGEH_00102	1	cloud	1	0	2
BEJGEH_00103	contig_1	115731	116162	-	ALJMDI_04124	1	cloud	1	0	2
BEJGEH_00104	contig_1	116194	117399	+	PAPNPA_04311	1	cloud	3	0	2
BEJGEH_00105	contig_1	117469	117873	-	HFCAGB_00098	1	persistent	2	0	1
BEJGEH_00106	contig_1	118391	118810	+	GEGEGB_00109	1	persistent	2	0	1
BEJGEH_00107	contig_1	118816	119511	-	BEJGEH_00107	1	persistent	2	0	1
BEJGEH_00108	contig_1	119652	121154	-	LNHIMF_00104	1	persistent	2	0	0
BEJGEH_00109	contig_1	121165	122874	-	GEGEGB_00112	1	persistent	2	0	0
BEJGEH_00110	contig_1	123215	124060	+	LNHIMF_00106	1	persistent	2	0	0
BEJGEH_00111	contig_1	124179	124946	+	GEGEGB_00114	1	persistent	2	0	0
BEJGEH_00112	contig_1	124985	125692	-	GEGEGB_00115	1	persistent	2	0	0
BEJGEH_00113	contig_1	125676	127286	-	LNHIMF_00109	1	persistent	2	0	0
BEJGEH_00114	contig_1	127262	128245	-	GEGEGB_00117	1	persistent	2	0	0
BEJGEH_00115	contig_1	128423	130081	-	GEGEGB_00118	1	persistent	2	0	0
BEJGEH_00117	contig_1	130174	130296	+	GEGEGB_00120	1	persistent	2	0	1
BEJGEH_00118	contig_1	130632	131237	-	LNHIMF_00114	1	persistent	2	0	1
BEJGEH_00119	contig_1	131248	132648	-	GEGEGB_00122	1	persistent	2	0	0
BEJGEH_00120	contig_1	132651	133742	-	LNHIMF_00116	1	persistent	2	0	0
BEJGEH_00121	contig_1	133742	135313	-	LNHIMF_00117	1	persistent	2	0	0
BEJGEH_00122	contig_1	135401	135487	-	LNHIMF_00118	1	persistent	2	0	0
BEJGEH_00123	contig_1	136144	137088	+	LNHIMF_00119	1	persistent	2	0	0
BEJGEH_00124	contig_1	137410	139134	+	BEJGEH_00124	1	persistent	2	0	0
BEJGEH_00125	contig_1	139134	139628	+	LNHIMF_00121	1	persistent	2	0	0
BEJGEH_00126	contig_1	139912	140916	+	GEGEGB_00129	1	persistent	2	0	0
BEJGEH_00127	contig_1	141522	141980	+	LNHIMF_00123	1	persistent	2	0	0
BEJGEH_00128	contig_1	141982	142923	+	LNHIMF_00124	1	persistent	2	0	0
BEJGEH_00129	contig_1	142920	143285	+	GEGEGB_00132	1	persistent	2	0	0
BEJGEH_00130	contig_1	143301	145067	+	GEGEGB_00133	1	persistent	2	0	0
BEJGEH_00131	contig_1	145054	146541	+	GEGEGB_00134	1	persistent	2	0	0
BEJGEH_00132	contig_1	146538	147896	+	LNHIMF_00128	1	persistent	2	0	0
BEJGEH_00133	contig_1	147890	148972	+	GEGEGB_00136	1	persistent	2	0	0
BEJGEH_00134	contig_1	148975	150291	+	LNHIMF_00130	1	persistent	2	0	0
BEJGEH_00135	contig_1	150291	151535	+	GEGEGB_00138	1	persistent	2	0	0
BEJGEH_00136	contig_1	151532	152599	+	LNHIMF_00132	1	persistent	2	0	0
BEJGEH_00137	contig_1	152718	154193	+	GEGEGB_00140	1	persistent	2	0	0
BEJGEH_00138	contig_1	154186	155106	+	HFCAGB_00133	1	persistent	2	0	0
BEJGEH_00139	contig_1	155108	155938	+	GEGEGB_00142	1	persistent	2	0	0
BEJGEH_00140	contig_1	155935	157197	+	GEGEGB_00143	1	persistent	2	0	0
BEJGEH_00142	contig_1	157258	158409	+	LNHIMF_00138	1	persistent	2	0	0
BEJGEH_00143	contig_1	158510	159427	+	LNHIMF_00139	1	persistent	2	0	0
BEJGEH_00144	contig_1	159706	160203	+	GEGEGB_00147	1	persistent	2	0	0
BEJGEH_00145	contig_1	160265	162970	+	LNHIMF_00141	1	persistent	2	0	0
BEJGEH_00147	contig_1	163122	163517	+	GEGEGB_00150	1	persistent	2	0	2
BEJGEH_00148	contig_1	163551	164540	-	BEJGEH_00148	1	cloud	1	0	1
BEJGEH_00149	contig_1	164644	165567	+	BEJGEH_00149	1	cloud	2	0	1
BEJGEH_00150	contig_1	165564	165755	-	GEGEGB_00153	1	persistent	2	0	1
BEJGEH_00151	contig_1	165765	166508	-	GEGEGB_00154	1	persistent	2	0	0
BEJGEH_00152	contig_1	166508	167128	-	GEGEGB_00155	1	persistent	2	0	0
BEJGEH_00153	contig_1	167354	168397	+	GEGEGB_00156	1	persistent	2	0	0
BEJGEH_00154	contig_1	168428	169630	-	LNHIMF_00148	1	persistent	2	0	0
BEJGEH_00155	contig_1	169620	171005	-	LNHIMF_00149	1	persistent	2	0	0
BEJGEH_00156	contig_1	171015	171452	-	GEGEGB_00159	1	persistent	2	0	0
BEJGEH_00157	contig_1	171674	172567	-	LNHIMF_00151	1	persistent	2	0	0
BEJGEH_00158	contig_1	172655	173218	+	GEGEGB_00161	1	persistent	2	0	0
BEJGEH_00159	contig_1	173215	174069	+	LNHIMF_00153	1	persistent	2	0	0
BEJGEH_00160	contig_1	174161	175111	-	LNHIMF_00154	1	persistent	2	0	0
BEJGEH_00161	contig_1	175111	176517	-	BEJGEH_00161	1	persistent	2	0	0
BEJGEH_00162	contig_1	176681	178051	-	GEGEGB_00165	1	persistent	2	0	0
BEJGEH_00163	contig_1	178617	179381	+	GEGEGB_00166	1	persistent	2	0	0
BEJGEH_00165	contig_1	179541	182204	+	GEGEGB_00168	1	persistent	2	0	0
BEJGEH_00166	contig_1	182219	184108	+	BEJGEH_00166	1	persistent	2	0	0
BEJGEH_00167	contig_1	184309	185733	+	GEGEGB_00170	1	persistent	2	0	0
BEJGEH_00169	contig_1	186022	186306	+	GEGEGB_00172	1	persistent	2	0	0
BEJGEH_00170	contig_1	186344	187135	-	GEGEGB_00173	1	persistent	2	0	0
BEJGEH_00171	contig_1	187148	188770	-	GEGEGB_00174	1	persistent	2	0	0
BEJGEH_00172	contig_1	189159	191756	+	GEGEGB_00175	1	persistent	2	1	2
BEJGEH_00173	contig_1	191788	192759	-	BENMGJ_01546	1	cloud	1	0	1
BEJGEH_00174	contig_1	192832	193920	+	BENMGJ_01545	1	cloud	0	0	2
BEJGEH_00175	contig_1	193954	194262	+	BEJGEH_00175	1	cloud	0	0	2
BEJGEH_00176	contig_1	194277	195209	-	BENMGJ_01543	1	cloud	0	0	2
BEJGEH_00177	contig_1	195284	196417	+	PAPNPA_03662	1	cloud	0	1	1
BEJGEH_00178	contig_1	196638	197102	-	BEJGEH_00178	1	shell	1	1	2
BEJGEH_00179	contig_1	197512	197835	-	BEJGEH_00179	1	shell	1	1	1
BEJGEH_00180	contig_1	198106	198468	+	BEJGEH_00180	1	persistent	2	1	1
BEJGEH_00181	contig_1	198703	199656	+	GEGEGB_00177	1	persistent	2	0	0
BEJGEH_00182	contig_1	199653	200924	+	LNHIMF_00169	1	persistent	2	0	0
BEJGEH_00183	contig_1	200914	201897	+	LNHIMF_00170	1	persistent	2	0	0
BEJGEH_00184	contig_1	201907	202674	+	GEGEGB_00180	1	persistent	2	0	0
BEJGEH_00185	contig_1	202704	203498	-	GEGEGB_00181	1	persistent	2	0	0
BEJGEH_00186	contig_1	203519	204379	-	BEJGEH_00186	1	persistent	2	0	0
BEJGEH_00187	contig_1	204486	204872	-	GEGEGB_00183	1	persistent	2	0	0
BEJGEH_00188	contig_1	205035	206645	+	GEGEGB_00184	1	persistent	2	0	0
BEJGEH_00189	contig_1	206723	209113	-	GEGEGB_00185	1	persistent	2	0	0
BEJGEH_00190	contig_1	209319	209855	+	LNHIMF_00177	1	persistent	2	0	0
BEJGEH_00191	contig_1	209913	210575	-	LNHIMF_00178	1	persistent	2	0	0
BEJGEH_00192	contig_1	210684	211610	+	LNHIMF_00179	1	persistent	2	0	0
BEJGEH_00193	contig_1	211607	212377	+	GEGEGB_00189	1	persistent	3	0	0
BEJGEH_00194	contig_1	212486	213562	-	BEJGEH_00194	1	persistent	2	0	0
BEJGEH_00195	contig_1	213571	216129	-	LNHIMF_00182	1	persistent	2	0	0
BEJGEH_00196	contig_1	216144	216827	-	BEJGEH_00196	1	persistent	2	0	0
BEJGEH_00197	contig_1	216875	217408	-	PAPNPA_03682	1	persistent	2	0	0
BEJGEH_00198	contig_1	217778	218218	+	LNHIMF_00185	1	persistent	3	0	0
BEJGEH_00199	contig_1	218280	219509	+	BEJGEH_00199	1	persistent	2	0	1
BEJGEH_00200	contig_1	219516	219896	-	GEGEGB_00192	1	persistent	2	0	1
BEJGEH_00201	contig_1	219991	220845	-	LNHIMF_00188	1	persistent	2	0	0
BEJGEH_00202	contig_1	220971	221762	-	LNHIMF_00189	1	persistent	2	0	2
BEJGEH_00203	contig_1	221883	222362	-	GEGEGB_00202	1	persistent	2	0	2
BEJGEH_00204	contig_1	222359	223777	-	LNHIMF_00198	1	persistent	2	0	0
BEJGEH_00205	contig_1	223918	224859	-	GEGEGB_00204	1	persistent	2	0	0
BEJGEH_00206	contig_1	224883	225338	-	GEGEGB_00205	1	persistent	2	0	0
BEJGEH_00207	contig_1	225515	226219	-	LNHIMF_00201	1	persistent	2	0	0
BEJGEH_00208	contig_1	226236	226766	-	GEGEGB_00207	1	persistent	2	0	0
BEJGEH_00209	contig_1	226794	229268	+	LNHIMF_00203	1	persistent	2	0	0
BEJGEH_00210	contig_1	229409	231931	+	LNHIMF_00204	1	persistent	2	0	1
BEJGEH_00211	contig_1	232224	234467	+	BEJGEH_00211	1	cloud	2	0	0
BEJGEH_00212	contig_1	234516	235313	+	GEGEGB_00212	1	persistent	2	0	1
BEJGEH_00213	contig_1	235313	236203	+	LNHIMF_00207	1	persistent	2	0	0
BEJGEH_00214	contig_1	236200	238257	+	LNHIMF_00208	1	persistent	2	2	1
BEJGEH_00215	contig_1	238293	238637	+	BEJGEH_00215	1	cloud	1	1	0
BEJGEH_00216	contig_1	239198	239758	+	BEJGEH_00216	1	shell	1	2	1
BEJGEH_00217	contig_1	239844	242501	+	HFCAGB_00207	1	shell	0	2	0
BEJGEH_00218	contig_1	242519	243271	+	BEJGEH_00218	1	shell	0	2	0
BEJGEH_00219	contig_1	243290	243802	+	BEJGEH_00219	1	shell	0	2	0
BEJGEH_00220	contig_1	243799	244275	+	BEJGEH_00220	1	shell	0	2	0
BEJGEH_00221	contig_1	244275	244805	+	HFCAGB_00211	1	shell	0	2	1
BEJGEH_00222	contig_1	244802	245647	+	BENMGJ_00223	1	cloud	1	1	0
BEJGEH_00223	contig_1	245746	247026	-	GEGEGB_00215	1	persistent	2	1	1
BEJGEH_00224	contig_1	247196	248617	+	LNHIMF_00210	1	persistent	2	0	0
BEJGEH_00225	contig_1	248699	249043	+	GEGEGB_00217	1	persistent	2	0	1
BEJGEH_00226	contig_1	249298	250284	+	BEJGEH_00226	4	cloud	10	0	0
BEJGEH_00227	contig_1	250355	250978	-	GEGEGB_00218	1	persistent	2	0	1
BEJGEH_00228	contig_1	251015	251815	-	LNHIMF_00213	1	persistent	2	0	0
BEJGEH_00229	contig_1	251808	252506	-	GEGEGB_00220	1	persistent	2	0	0
BEJGEH_00230	contig_1	252591	254108	+	GEGEGB_00221	1	persistent	2	0	0
BEJGEH_00231	contig_1	254238	255665	+	LNHIMF_00216	1	persistent	2	0	0
BEJGEH_00232	contig_1	255818	256975	+	GEGEGB_00223	1	persistent	2	0	1
BEJGEH_00233	contig_1	257064	257450	-	GEGEGB_00224	1	persistent	2	0	2
BEJGEH_00234	contig_1	257697	258998	+	BEJGEH_00234	1	persistent	2	0	1
BEJGEH_00235	contig_1	259034	259858	-	LNHIMF_00221	1	persistent	2	0	0
BEJGEH_00236	contig_1	259888	262560	-	GEGEGB_00228	1	persistent	2	0	0
BEJGEH_00237	contig_1	262798	263592	-	GEGEGB_00229	1	persistent	2	0	1
BEJGEH_00239	contig_1	264043	264768	+	GEGEGB_00231	1	persistent	2	0	0
BEJGEH_00241	contig_1	264954	265877	+	GEGEGB_00233	1	persistent	2	0	0
BEJGEH_00242	contig_1	266022	266747	+	GEGEGB_00234	1	persistent	2	0	0
BEJGEH_00243	contig_1	266894	267451	+	GEGEGB_00235	1	persistent	2	0	0
BEJGEH_00244	contig_1	267593	268789	+	LNHIMF_00230	1	persistent	2	0	0
BEJGEH_00245	contig_1	269102	269860	+	BEJGEH_00245	1	persistent	2	0	0
BEJGEH_00246	contig_1	269873	270730	+	GEGEGB_00238	1	persistent	2	0	0
BEJGEH_00247	contig_1	270742	272094	+	GEGEGB_00239	1	persistent	2	0	0
BEJGEH_00248	contig_1	272126	274537	+	GEGEGB_00240	1	persistent	2	0	0
BEJGEH_00249	contig_1	274660	275145	+	GEGEGB_00241	1	persistent	2	0	0
BEJGEH_00250	contig_1	275149	276174	+	GEGEGB_00242	1	persistent	2	0	0
BEJGEH_00251	contig_1	276280	276735	+	GEGEGB_00243	1	persistent	2	0	0
BEJGEH_00252	contig_1	276739	277527	+	LNHIMF_00238	1	persistent	2	0	0
BEJGEH_00253	contig_1	277527	278675	+	GEGEGB_00245	1	persistent	2	0	0
BEJGEH_00254	contig_1	278672	279268	+	GEGEGB_00246	1	persistent	2	0	0
BEJGEH_00255	contig_1	279292	282774	+	GEGEGB_00247	1	persistent	2	0	0
BEJGEH_00256	contig_1	282787	283746	+	GEGEGB_00248	1	persistent	2	1	0
BEJGEH_00257	contig_1	283926	285689	+	BEJGEH_00257	1	persistent	2	1	0
BEJGEH_00258	contig_1	285765	287906	+	LNHIMF_00245	1	persistent	2	0	0
BEJGEH_00259	contig_1	287962	288351	+	GEGEGB_00254	1	persistent	2	0	0
BEJGEH_00260	contig_1	288414	289706	+	GEGEGB_00255	1	persistent	2	0	0
BEJGEH_00261	contig_1	289790	290050	-	GEGEGB_00256	1	persistent	2	0	0
BEJGEH_00262	contig_1	290037	290237	-	GEGEGB_00257	1	persistent	2	0	0
BEJGEH_00263	contig_1	290435	290980	+	GEGEGB_00258	1	persistent	2	0	0
BEJGEH_00264	contig_1	290977	291399	+	GEGEGB_00259	1	persistent	2	0	0
BEJGEH_00265	contig_1	291431	292132	+	GEGEGB_00260	1	persistent	2	2	0
BEJGEH_00266	contig_1	292206	293924	-	GEGEGB_00264	1	persistent	2	1	1
BEJGEH_00267	contig_1	294035	294742	-	LNHIMF_00254	1	persistent	2	0	0
BEJGEH_00268	contig_1	294739	295143	-	GEGEGB_00266	1	persistent	2	0	0
BEJGEH_00269	contig_1	295262	296077	-	LNHIMF_00256	1	persistent	2	0	0
BEJGEH_00270	contig_1	296116	296769	-	LNHIMF_00257	1	persistent	2	0	0
BEJGEH_00271	contig_1	296762	297793	-	LNHIMF_00258	1	persistent	2	0	0
BEJGEH_00272	contig_1	297983	298549	+	GEGEGB_00270	1	persistent	3	0	0
BEJGEH_00280	contig_1	304701	305504	+	LNHIMF_00267	1	persistent	3	0	0
BEJGEH_00281	contig_1	305526	306440	-	LNHIMF_00268	1	persistent	2	0	0
BEJGEH_00282	contig_1	306545	307720	+	LNHIMF_00269	1	persistent	2	0	0
BEJGEH_00283	contig_1	307852	308652	+	LNHIMF_00270	1	persistent	2	0	0
BEJGEH_00284	contig_1	308730	309500	+	LNHIMF_00271	1	persistent	2	0	0
BEJGEH_00285	contig_1	309556	310776	-	GEGEGB_02743	1	persistent	2	0	0
BEJGEH_00286	contig_1	310995	311750	-	LNHIMF_00273	1	persistent	2	0	0
BEJGEH_00287	contig_1	311785	312507	+	LNHIMF_00274	1	persistent	2	0	0
BEJGEH_00288	contig_1	312504	312971	-	GEGEGB_02740	1	persistent	2	0	0
BEJGEH_00289	contig_1	313026	313766	+	GEGEGB_02739	1	persistent	2	0	2
BEJGEH_00291	contig_1	314139	314501	+	BEJGEH_00291	1	cloud	1	0	1
BEJGEH_00292	contig_1	314876	315145	-	BEJGEH_00292	1	cloud	0	0	2
BEJGEH_00293	contig_1	315805	316290	+	BEJGEH_00293	1	cloud	0	0	2
BEJGEH_00294	contig_1	316306	316977	+	BEJGEH_00294	1	cloud	0	0	2
BEJGEH_00295	contig_1	316978	317262	+	BEJGEH_00295	1	cloud	0	1	1
BEJGEH_00296	contig_1	317558	317944	+	HFCAGB_00299	1	shell	0	3	2
BEJGEH_00297	contig_1	317971	318357	+	GEGEGB_02711	1	shell	0	3	2
BEJGEH_00298	contig_1	318429	318860	+	BEJGEH_00298	1	cloud	0	1	1
BEJGEH_00299	contig_1	318927	319184	-	PAPNPA_01865	1	cloud	0	0	6
BEJGEH_00301	contig_1	320210	320509	+	BEJGEH_00301	1	cloud	0	1	2
BEJGEH_00302	contig_1	320664	321095	+	BEJGEH_00302	1	cloud	0	1	2
BEJGEH_00303	contig_1	321470	321691	+	AJBGEP_00314	1	shell	0	3	3
BEJGEH_00304	contig_1	321714	321872	+	BEJGEH_00304	1	shell	0	2	0
BEJGEH_00305	contig_1	322056	322253	+	AJBGEP_00316	1	shell	1	2	3
BEJGEH_00306	contig_1	323521	324018	+	PAPNPA_01872	1	cloud	1	2	0
BEJGEH_00307	contig_1	324234	324839	+	PAPNPA_01873	1	persistent	1	2	3
BEJGEH_00308	contig_1	324863	327373	+	BEJGEH_00308	1	persistent	2	0	0
BEJGEH_00309	contig_1	327395	327865	+	GEGEGB_02695	1	persistent	2	0	0
BEJGEH_00310	contig_1	328273	329094	+	LNHIMF_00320	1	persistent	2	0	1
BEJGEH_00311	contig_1	329911	330858	+	LNHIMF_00321	1	persistent	2	1	4
BEJGEH_00312	contig_1	331018	331200	+	BEJGEH_00312	1	cloud	1	0	1
BEJGEH_00314	contig_1	331418	332626	+	BEJGEH_00314	7	cloud	6	0	5
BEJGEH_00315	contig_1	332595	333254	-	LNHIMF_00332	1	persistent	2	0	3
BEJGEH_00316	contig_1	333600	334007	-	GEGEGB_02682	1	persistent	2	0	0
BEJGEH_00317	contig_1	334317	335084	-	LNHIMF_00334	1	persistent	2	0	0
BEJGEH_00318	contig_1	335193	337637	-	LNHIMF_00335	1	persistent	2	0	0
BEJGEH_00319	contig_1	337877	338455	+	GEGEGB_02679	1	persistent	2	0	0
BEJGEH_00320	contig_1	338668	339435	+	LNHIMF_00337	1	persistent	2	0	0
BEJGEH_00321	contig_1	339406	340146	-	GEGEGB_02677	1	persistent	2	0	0
BEJGEH_00322	contig_1	340396	341451	+	GEGEGB_02676	1	persistent	2	0	0
BEJGEH_00323	contig_1	341670	342809	+	LNHIMF_00340	1	persistent	2	0	0
BEJGEH_00324	contig_1	342806	343420	+	GEGEGB_02674	1	persistent	2	0	0
BEJGEH_00325	contig_1	343575	345032	-	LNHIMF_00342	1	persistent	2	0	0
BEJGEH_00326	contig_1	345281	345739	+	GEGEGB_02672	1	persistent	2	0	0
BEJGEH_00327	contig_1	345828	347072	+	LNHIMF_00344	1	persistent	2	0	0
BEJGEH_00328	contig_1	347130	347531	+	GEGEGB_02670	1	persistent	2	0	0
BEJGEH_00329	contig_1	347582	348634	-	GEGEGB_02669	1	persistent	2	0	0
BEJGEH_00330	contig_1	348917	350020	+	GEGEGB_02668	1	persistent	2	0	0
BEJGEH_00331	contig_1	350032	351282	+	HFCAGB_00340	1	persistent	2	3	3
BEJGEH_00333	contig_1	351637	351912	+	PKJKAM_03421	1	shell	2	3	0
BEJGEH_00334	contig_1	351909	352532	-	AJBGEP_02929	2	shell	2	6	2
BEJGEH_00335	contig_1	352699	353412	+	BEJGEH_00335	1	cloud	0	2	0
BEJGEH_00336	contig_1	353546	353845	+	BEJGEH_00336	1	shell	0	2	1
BEJGEH_00337	contig_1	354192	355424	+	BEJGEH_00337	1	shell	0	2	0
BEJGEH_00338	contig_1	355556	356977	+	BEJGEH_00338	1	shell	0	2	0
BEJGEH_00339	contig_1	356979	357605	+	BEJGEH_00339	1	shell	0	2	1
BEJGEH_00340	contig_1	357620	358498	+	BEJGEH_00340	1	shell	0	2	0
BEJGEH_00341	contig_1	358498	359412	+	BEJGEH_00341	1	shell	0	2	1
BEJGEH_00342	contig_1	359446	360411	+	BEJGEH_00342	1	shell	0	2	0
BEJGEH_00343	contig_1	360356	360628	-	BEJGEH_00343	1	shell	2	1	0
BEJGEH_00344	contig_1	361320	361718	+	BEJGEH_00344	1	persistent	2	2	0
BEJGEH_00345	contig_1	361765	362523	-	GEGEGB_02664	1	persistent	2	1	1
BEJGEH_00346	contig_1	362489	363814	-	BEJGEH_00346	1	persistent	2	1	3
BEJGEH_00347	contig_1	363819	366380	-	LNHIMF_00366	1	persistent	2	0	0
BEJGEH_00348	contig_1	366364	367125	-	BEJGEH_00348	1	persistent	2	0	0
BEJGEH_00349	contig_1	367187	367723	-	GEGEGB_02659	1	persistent	2	0	0
BEJGEH_00350	contig_1	368387	369121	+	LNHIMF_00369	1	persistent	2	0	0
BEJGEH_00351	contig_1	369094	369594	+	LNHIMF_00370	1	persistent	2	0	0
BEJGEH_00352	contig_1	369905	371479	+	LNHIMF_00371	1	persistent	2	0	0
BEJGEH_00353	contig_1	371579	372322	+	LNHIMF_00372	1	persistent	2	0	0
BEJGEH_00354	contig_1	372295	372783	+	LNHIMF_00373	1	persistent	2	0	0
BEJGEH_00355	contig_1	373185	373709	+	GEGEGB_02652	1	persistent	2	0	0
BEJGEH_00356	contig_1	373967	374494	+	LNHIMF_00375	1	persistent	2	0	0
BEJGEH_00357	contig_1	374787	375146	+	LNHIMF_00376	1	persistent	2	0	0
BEJGEH_00358	contig_1	375216	376673	-	BEJGEH_00358	1	persistent	3	0	0
BEJGEH_00359	contig_1	376690	379857	-	LNHIMF_00378	1	persistent	2	0	0
BEJGEH_00360	contig_1	379854	381080	-	BEJGEH_00360	1	persistent	2	0	0
BEJGEH_00361	contig_1	381357	383645	+	HFCAGB_00372	1	persistent	2	0	0
BEJGEH_00362	contig_1	383657	384121	+	LNHIMF_00381	1	persistent	2	0	0
BEJGEH_00363	contig_1	384199	384393	+	GEGEGB_02648	1	persistent	3	0	1
BEJGEH_00364	contig_1	384437	384550	-	GEGEGB_02647	1	cloud	2	0	0
BEJGEH_00365	contig_1	384685	385938	+	LNHIMF_00383	1	persistent	2	0	1
BEJGEH_00366	contig_1	386127	388085	+	GEGEGB_02645	1	persistent	2	0	0
BEJGEH_00367	contig_1	388095	391067	+	BEJGEH_00367	1	persistent	2	0	0
BEJGEH_00368	contig_1	391344	391445	+	GEGEGB_02642	1	persistent	2	0	0
BEJGEH_00369	contig_1	391562	392965	+	LNHIMF_00387	1	persistent	2	0	0
BEJGEH_00370	contig_1	392962	393972	+	LNHIMF_00388	1	persistent	2	0	0
BEJGEH_00371	contig_1	393972	394103	+	GEGEGB_02639	1	persistent	2	0	0
BEJGEH_00372	contig_1	394310	395314	+	GEGEGB_02638	1	persistent	2	0	0
BEJGEH_00373	contig_1	395478	397568	+	LNHIMF_00391	1	persistent	2	0	0
BEJGEH_00374	contig_1	397609	398241	-	LNHIMF_00392	1	persistent	2	0	0
BEJGEH_00375	contig_1	398473	398748	+	GEGEGB_02635	1	persistent	2	0	0
BEJGEH_00376	contig_1	398884	400509	-	LNHIMF_00394	1	persistent	2	0	0
BEJGEH_00377	contig_1	400775	401662	+	GEGEGB_02633	1	persistent	2	0	0
BEJGEH_00378	contig_1	401785	402954	+	GEGEGB_02632	1	persistent	2	0	0
BEJGEH_00379	contig_1	402994	404445	+	LNHIMF_00397	1	persistent	2	0	0
BEJGEH_00380	contig_1	404486	406372	+	LNHIMF_00398	1	persistent	2	0	0
BEJGEH_00381	contig_1	406476	407450	-	GEGEGB_02629	1	persistent	1	1	3
BEJGEH_00382	contig_1	407963	410935	+	AJBGEP_00392	1	shell	2	0	0
BEJGEH_00383	contig_1	411021	411644	+	BEJGEH_00383	1	persistent	1	1	3
BEJGEH_00384	contig_1	411688	412845	-	GEGEGB_02626	1	persistent	2	0	0
BEJGEH_00385	contig_1	413192	414412	+	LNHIMF_00403	1	persistent	2	0	0
BEJGEH_00386	contig_1	414427	415521	+	LNHIMF_00404	1	persistent	2	0	0
BEJGEH_00387	contig_1	415559	415867	-	GEGEGB_02623	1	persistent	2	0	0
BEJGEH_00388	contig_1	416135	416350	+	GEGEGB_02622	1	persistent	2	0	0
BEJGEH_00389	contig_1	416376	417488	-	GEGEGB_02621	1	persistent	2	0	0
BEJGEH_00390	contig_1	417578	418261	+	LNHIMF_00408	1	persistent	2	0	0
BEJGEH_00391	contig_1	418430	419641	+	GEGEGB_02619	1	persistent	2	0	0
BEJGEH_00392	contig_1	419938	420198	+	GEGEGB_02618	1	persistent	2	0	0
BEJGEH_00393	contig_1	420548	420868	+	GEGEGB_02617	1	persistent	2	0	0
BEJGEH_00394	contig_1	420960	422072	+	LNHIMF_00412	1	persistent	2	0	0
BEJGEH_00395	contig_1	422087	422896	-	LNHIMF_00413	1	persistent	2	0	0
BEJGEH_00396	contig_1	423036	423491	+	GEGEGB_02614	1	persistent	2	0	0
BEJGEH_00397	contig_1	423676	424221	+	GEGEGB_02613	1	persistent	2	0	0
BEJGEH_00398	contig_1	424248	424439	+	GEGEGB_02612	1	persistent	2	0	0
BEJGEH_00399	contig_1	424690	425367	+	LNHIMF_00417	1	persistent	2	0	0
BEJGEH_00400	contig_1	425438	425722	+	GEGEGB_02609	1	persistent	2	0	0
BEJGEH_00401	contig_1	425765	426676	-	GEGEGB_02608	1	persistent	2	0	0
BEJGEH_00402	contig_1	426802	427710	+	GEGEGB_02607	1	persistent	2	0	0
BEJGEH_00403	contig_1	427730	428902	-	LNHIMF_00421	1	persistent	2	0	0
BEJGEH_00404	contig_1	429075	432215	-	LNHIMF_00422	1	persistent	2	0	0
BEJGEH_00405	contig_1	432212	433414	-	LNHIMF_00423	1	persistent	2	0	0
BEJGEH_00406	contig_1	433630	434319	+	GEGEGB_02602	1	persistent	2	0	0
BEJGEH_00407	contig_1	434389	435684	+	LNHIMF_00425	1	persistent	2	0	0
BEJGEH_00408	contig_1	436093	437412	+	GEGEGB_02600	1	persistent	2	1	0
BEJGEH_00409	contig_1	437487	438857	+	LNHIMF_00427	1	persistent	2	1	0
BEJGEH_00410	contig_1	439019	440836	+	LNHIMF_00428	1	persistent	2	0	0
BEJGEH_00411	contig_1	440908	441510	-	GEGEGB_02595	1	persistent	2	0	0
BEJGEH_00412	contig_1	441720	442301	-	GEGEGB_02594	1	persistent	2	0	0
BEJGEH_00413	contig_1	442395	443459	+	LNHIMF_00431	1	persistent	2	0	0
BEJGEH_00414	contig_1	443656	444783	+	LNHIMF_00432	1	persistent	2	0	0
BEJGEH_00415	contig_1	444806	445138	+	GEGEGB_02591	1	persistent	2	0	0
BEJGEH_00416	contig_1	445199	447013	+	GEGEGB_02590	1	persistent	2	0	0
BEJGEH_00417	contig_1	447024	447995	+	GEGEGB_02589	1	persistent	2	1	0
BEJGEH_00418	contig_1	448089	448436	+	GEGEGB_02586	1	persistent	2	1	0
BEJGEH_00419	contig_1	448719	448982	+	LNHIMF_00437	1	persistent	2	0	0
BEJGEH_00421	contig_1	449066	449929	-	GEGEGB_02583	1	persistent	2	0	0
BEJGEH_00422	contig_1	450229	450768	-	LNHIMF_00440	1	persistent	2	0	0
BEJGEH_00423	contig_1	450920	451369	+	GEGEGB_02581	1	persistent	2	0	0
BEJGEH_00424	contig_1	451373	452476	+	LNHIMF_00442	1	persistent	2	0	0
BEJGEH_00425	contig_1	452565	453035	+	GEGEGB_02579	1	persistent	2	0	0
BEJGEH_00426	contig_1	453056	453475	+	LNHIMF_00444	1	persistent	2	0	0
BEJGEH_00427	contig_1	453557	454537	+	LNHIMF_00445	1	persistent	2	0	0
BEJGEH_00428	contig_1	454515	455030	+	GEGEGB_02576	1	persistent	2	0	0
BEJGEH_00429	contig_1	455134	456108	-	LNHIMF_00447	1	persistent	2	0	0
BEJGEH_00430	contig_1	456165	458027	-	LNHIMF_00448	1	persistent	2	0	0
BEJGEH_00431	contig_1	458051	458950	-	GEGEGB_02573	1	persistent	2	0	0
BEJGEH_00432	contig_1	458951	459193	-	GEGEGB_02572	1	persistent	2	0	0
BEJGEH_00433	contig_1	459403	460851	+	LNHIMF_00451	1	persistent	2	0	0
BEJGEH_00434	contig_1	460895	461692	-	LNHIMF_00452	1	persistent	2	0	0
BEJGEH_00435	contig_1	461695	462555	-	HFCAGB_00451	1	persistent	2	0	0
BEJGEH_00436	contig_1	462558	463667	-	LNHIMF_00454	1	persistent	2	0	0
BEJGEH_00437	contig_1	463673	464686	-	LNHIMF_00455	1	persistent	2	0	0
BEJGEH_00438	contig_1	464884	465603	-	GEGEGB_02566	1	persistent	2	0	0
BEJGEH_00439	contig_1	465743	466846	+	GEGEGB_02565	1	persistent	2	0	0
BEJGEH_00440	contig_1	466856	467665	+	GEGEGB_02564	1	persistent	2	0	0
BEJGEH_00441	contig_1	467762	468352	-	GEGEGB_02563	1	persistent	2	0	0
BEJGEH_00442	contig_1	468315	469226	-	LNHIMF_00460	1	persistent	2	0	0
BEJGEH_00443	contig_1	469352	469843	+	LNHIMF_00461	1	persistent	2	0	0
BEJGEH_00444	contig_1	469890	471254	-	GEGEGB_02560	1	persistent	3	0	1
BEJGEH_00445	contig_1	471800	473311	+	HFCAGB_00461	1	persistent	1	1	2
BEJGEH_00446	contig_1	473323	474813	+	AJBGEP_00458	1	shell	2	0	0
BEJGEH_00447	contig_1	474898	475788	-	GEGEGB_02554	1	persistent	2	1	1
BEJGEH_00448	contig_1	475800	476129	-	GEGEGB_02553	1	persistent	2	0	0
BEJGEH_00449	contig_1	476129	476743	-	LNHIMF_00465	1	persistent	2	0	0
BEJGEH_00450	contig_1	476733	478724	-	GEGEGB_02551	1	persistent	2	0	0
BEJGEH_00451	contig_1	478735	479691	-	GEGEGB_02550	1	persistent	2	0	0
BEJGEH_00452	contig_1	480144	481625	-	GEGEGB_02549	1	persistent	2	0	0
BEJGEH_00453	contig_1	481663	482295	-	GEGEGB_02548	1	persistent	2	0	0
BEJGEH_00454	contig_1	482548	482862	+	GEGEGB_02547	1	persistent	2	0	0
BEJGEH_00455	contig_1	483209	484507	+	GEGEGB_02546	1	persistent	2	0	0
BEJGEH_00456	contig_1	484754	485377	+	GEGEGB_02545	1	persistent	2	0	0
BEJGEH_00457	contig_1	485629	486900	+	LNHIMF_00473	1	persistent	2	0	0
BEJGEH_00459	contig_1	487086	489440	+	GEGEGB_02542	1	persistent	2	0	0
BEJGEH_00460	contig_1	489649	489921	+	GEGEGB_02541	1	persistent	2	0	0
BEJGEH_00461	contig_1	490212	492083	+	GEGEGB_02540	1	persistent	2	0	0
BEJGEH_00462	contig_1	492233	492607	+	GEGEGB_02539	1	persistent	2	0	0
BEJGEH_00463	contig_1	492711	493109	+	GEGEGB_02538	1	persistent	2	0	0
BEJGEH_00464	contig_1	493215	493910	-	GEGEGB_02537	1	persistent	2	0	0
BEJGEH_00465	contig_1	493975	495675	-	GEGEGB_02536	1	persistent	2	0	0
BEJGEH_00466	contig_1	495776	496594	+	GEGEGB_02535	1	persistent	2	0	1
BEJGEH_00467	contig_1	496643	497698	-	LNHIMF_00483	1	persistent	2	1	0
BEJGEH_00468	contig_1	497811	498269	+	GEGEGB_02530	1	persistent	2	0	0
BEJGEH_00469	contig_1	498310	500082	+	GEGEGB_02529	1	persistent	2	0	0
BEJGEH_00470	contig_1	500075	501856	+	LNHIMF_00486	1	persistent	2	0	0
BEJGEH_00471	contig_1	502069	502407	+	GEGEGB_02527	1	persistent	2	0	0
BEJGEH_00472	contig_1	502439	503725	+	GEGEGB_02526	1	persistent	2	0	0
BEJGEH_00473	contig_1	503825	504685	-	GEGEGB_02525	1	persistent	2	0	0
BEJGEH_00474	contig_1	504900	505469	+	GEGEGB_02524	1	persistent	2	0	0
BEJGEH_00475	contig_1	505502	505813	-	GEGEGB_02523	1	persistent	2	0	0
BEJGEH_00477	contig_1	506122	507672	-	BEJGEH_00477	1	persistent	2	0	0
BEJGEH_00478	contig_1	507897	508157	+	GEGEGB_02520	1	persistent	2	0	1
BEJGEH_00479	contig_1	508163	508303	+	LNHIMF_00495	1	cloud	2	0	0
BEJGEH_00480	contig_1	508359	508829	-	GEGEGB_02519	1	persistent	2	0	1
BEJGEH_00481	contig_1	508947	509498	-	GEGEGB_02518	1	persistent	2	0	0
BEJGEH_00482	contig_1	509677	509895	-	GEGEGB_02517	1	persistent	2	0	0
BEJGEH_00483	contig_1	509923	510297	-	GEGEGB_02516	1	persistent	2	0	0
BEJGEH_00484	contig_1	510793	513942	-	LNHIMF_03443	2	persistent	4	0	0
BEJGEH_00485	contig_1	513965	515158	-	GEGEGB_02514	1	persistent	2	0	0
BEJGEH_00486	contig_1	515300	515953	+	GEGEGB_02513	1	persistent	2	0	0
BEJGEH_00487	contig_1	516072	519434	+	LNHIMF_00503	1	persistent	2	0	0
BEJGEH_00488	contig_1	519476	520399	-	LNHIMF_00504	1	persistent	2	0	0
BEJGEH_00489	contig_1	520469	520636	-	GEGEGB_02510	1	persistent	2	0	0
BEJGEH_00490	contig_1	520650	521165	-	BEJGEH_00490	1	persistent	2	0	1
BEJGEH_00492	contig_1	521414	522622	+	BEJGEH_00314	7	cloud	6	0	5
BEJGEH_00493	contig_1	522619	522939	+	BEJGEH_00493	1	cloud	0	0	2
BEJGEH_00494	contig_1	522939	523046	+	BEJGEH_00494	1	cloud	1	0	1
BEJGEH_00495	contig_1	523114	523665	+	LNHIMF_00508	1	persistent	2	0	1
BEJGEH_00496	contig_1	523779	525707	+	GEGEGB_02506	1	persistent	2	0	0
BEJGEH_00497	contig_1	525753	526082	+	GEGEGB_02505	1	persistent	2	0	0
BEJGEH_00498	contig_1	526082	526687	+	GEGEGB_02504	1	persistent	2	0	0
BEJGEH_00499	contig_1	526798	528672	+	GEGEGB_02503	1	persistent	2	0	0
BEJGEH_00500	contig_1	528914	529558	+	GEGEGB_02502	1	persistent	2	0	0
BEJGEH_00501	contig_1	529787	530749	+	LNHIMF_00514	1	persistent	2	0	0
BEJGEH_00502	contig_1	530746	531717	-	LNHIMF_00515	1	persistent	2	0	1
BEJGEH_00503	contig_1	531870	533174	+	GEGEGB_02499	1	persistent	2	0	1
BEJGEH_00504	contig_1	533223	534899	-	GEGEGB_02498	1	persistent	2	1	0
BEJGEH_00505	contig_1	535114	536334	-	GEGEGB_02496	1	persistent	2	1	0
BEJGEH_00506	contig_1	536507	538159	+	BEJGEH_00506	1	persistent	2	0	0
BEJGEH_00507	contig_1	538276	538755	-	LNHIMF_00521	1	persistent	2	0	0
BEJGEH_00509	contig_1	538957	539751	-	BEJGEH_00509	1	persistent	3	0	0
BEJGEH_00510	contig_1	539837	540664	-	BEJGEH_00510	1	persistent	2	0	0
BEJGEH_00511	contig_1	540818	543319	-	LNHIMF_00525	1	persistent	3	0	0
BEJGEH_00512	contig_1	543429	543845	+	LNHIMF_00526	1	persistent	2	0	0
BEJGEH_00513	contig_1	543846	544298	-	GEGEGB_02487	1	persistent	2	0	0
BEJGEH_00514	contig_1	544295	545212	-	LNHIMF_00528	1	persistent	2	0	0
BEJGEH_00515	contig_1	545359	546036	+	LNHIMF_00529	1	persistent	2	0	0
BEJGEH_00516	contig_1	546023	546802	+	LNHIMF_00530	1	persistent	2	0	0
BEJGEH_00517	contig_1	546888	547742	-	GEGEGB_02483	1	persistent	2	0	0
BEJGEH_00518	contig_1	547802	548572	-	GEGEGB_02482	1	persistent	2	0	0
BEJGEH_00519	contig_1	548727	549311	-	GEGEGB_02481	1	persistent	2	0	0
BEJGEH_00520	contig_1	549312	549998	+	GEGEGB_02480	1	persistent	2	0	0
BEJGEH_00521	contig_1	549995	552409	+	LNHIMF_00535	1	persistent	2	0	0
BEJGEH_00522	contig_1	552406	552510	+	LNHIMF_00536	1	persistent	2	0	0
BEJGEH_00523	contig_1	552595	553728	+	GEGEGB_02477	1	persistent	2	0	0
BEJGEH_00524	contig_1	553985	554815	+	LNHIMF_00538	1	persistent	2	0	0
BEJGEH_00525	contig_1	554852	555868	+	LNHIMF_00539	1	persistent	2	0	0
BEJGEH_00526	contig_1	555861	556520	+	GEGEGB_02474	1	persistent	2	0	0
BEJGEH_00527	contig_1	556549	557643	-	BEJGEH_00527	1	persistent	3	0	0
BEJGEH_00528	contig_1	557713	558639	-	BEJGEH_00528	1	persistent	2	0	0
BEJGEH_00529	contig_1	558866	559348	+	BEJGEH_00529	1	persistent	2	0	0
BEJGEH_00530	contig_1	559427	560245	+	BEJGEH_00530	1	persistent	2	0	0
BEJGEH_00531	contig_1	560330	562111	+	BEJGEH_00531	1	persistent	2	0	0
BEJGEH_00532	contig_1	562124	562900	+	BEJGEH_00532	1	persistent	2	0	0
BEJGEH_00533	contig_1	563001	563879	+	BEJGEH_00533	1	persistent	2	0	0
BEJGEH_00534	contig_1	563945	565192	+	BEJGEH_00534	1	persistent	2	0	0
BEJGEH_00535	contig_1	565288	566742	+	HFCAGB_00549	1	persistent	2	0	0
BEJGEH_00536	contig_1	566821	568182	+	GEGEGB_02462	1	persistent	2	0	0
BEJGEH_00537	contig_1	568241	569539	+	GEGEGB_02461	1	persistent	2	0	0
BEJGEH_00538	contig_1	569562	570710	+	BEJGEH_00538	1	persistent	2	0	0
BEJGEH_00540	contig_1	570790	571575	-	GEGEGB_02458	1	persistent	2	0	0
BEJGEH_00541	contig_1	571586	572821	-	BEJGEH_00541	1	persistent	2	0	0
BEJGEH_00542	contig_1	572843	573892	-	BEJGEH_00542	1	persistent	2	0	0
BEJGEH_00543	contig_1	574208	575872	+	HFCAGB_00557	1	persistent	2	0	0
BEJGEH_00544	contig_1	575882	577141	+	BEJGEH_00544	1	persistent	2	0	0
BEJGEH_00545	contig_1	577153	577962	+	HFCAGB_00559	1	persistent	2	0	0
BEJGEH_00546	contig_1	577966	578859	+	GEGEGB_02452	1	persistent	2	0	0
BEJGEH_00547	contig_1	578900	579967	-	GEGEGB_02451	1	persistent	3	0	0
BEJGEH_00548	contig_1	579964	580473	-	LNHIMF_00543	1	persistent	2	0	0
BEJGEH_00549	contig_1	580591	581313	-	LNHIMF_00544	1	persistent	2	0	0
BEJGEH_00550	contig_1	581316	581810	-	GEGEGB_02448	1	persistent	2	0	0
BEJGEH_00551	contig_1	581983	583368	+	GEGEGB_02447	1	persistent	3	0	0
BEJGEH_00552	contig_1	583412	584236	-	BEJGEH_00552	1	persistent	2	0	0
BEJGEH_00553	contig_1	584233	584670	-	BEJGEH_00553	1	persistent	2	0	0
BEJGEH_00554	contig_1	584663	585208	-	LNHIMF_00549	1	persistent	3	0	0
BEJGEH_00555	contig_1	585336	585548	-	GEGEGB_02445	1	persistent	2	0	0
BEJGEH_00556	contig_1	585550	586416	-	LNHIMF_00551	1	persistent	2	0	0
BEJGEH_00557	contig_1	586963	587520	+	LNHIMF_00552	1	persistent	2	0	0
BEJGEH_00558	contig_1	587595	588128	+	GEGEGB_02442	1	persistent	2	0	0
BEJGEH_00559	contig_1	588172	588864	+	LNHIMF_00554	1	persistent	2	0	0
BEJGEH_00560	contig_1	588895	591507	+	LNHIMF_00555	1	persistent	2	0	0
BEJGEH_00561	contig_1	591522	592529	+	LNHIMF_00556	1	persistent	2	0	0
BEJGEH_00562	contig_1	592539	593057	+	BEJGEH_00562	1	persistent	2	0	0
BEJGEH_00563	contig_1	593103	593735	-	LNHIMF_00558	1	persistent	2	0	0
BEJGEH_00564	contig_1	594339	595061	-	LNHIMF_00559	1	persistent	2	1	0
BEJGEH_00565	contig_1	595080	595388	-	AJBGEP_00574	1	shell	2	0	0
BEJGEH_00566	contig_1	595553	596149	-	GEGEGB_02434	1	persistent	2	3	2
BEJGEH_00568	contig_1	597045	597263	-	GEGEGB_02431	1	shell	1	3	0
BEJGEH_00569	contig_1	597435	597593	+	BEJGEH_00569	1	shell	0	2	0
BEJGEH_00570	contig_1	597650	599290	-	BEJGEH_00570	1	shell	1	2	0
BEJGEH_00571	contig_1	599283	600209	-	BEJGEH_04267	2	persistent	1	3	6
BEJGEH_00572	contig_1	600206	600568	-	GEGEGB_02428	1	persistent	3	3	2
BEJGEH_00574	contig_1	600991	601236	-	GEGEGB_02426	1	cloud	1	1	3
BEJGEH_00575	contig_1	601436	601858	-	PAPNPA_02587	1	cloud	0	0	2
BEJGEH_00576	contig_1	601889	602080	+	PAPNPA_02588	1	cloud	1	0	2
BEJGEH_00577	contig_1	602131	602985	-	BEJGEH_00577	1	persistent	1	1	2
BEJGEH_00578	contig_1	603201	604526	+	LNHIMF_00716	1	persistent	2	0	0
BEJGEH_00579	contig_1	604683	604919	+	GEGEGB_02422	1	persistent	2	0	0
BEJGEH_00580	contig_1	604932	605492	+	GEGEGB_02421	1	persistent	2	0	0
BEJGEH_00581	contig_1	605587	606762	-	LNHIMF_00719	1	persistent	2	0	0
BEJGEH_00582	contig_1	607088	608482	+	LNHIMF_00720	1	persistent	2	0	0
BEJGEH_00583	contig_1	608524	609771	-	GEGEGB_02417	1	persistent	2	0	1
BEJGEH_00584	contig_1	610082	612052	+	AJBGEP_00592	1	persistent	3	1	1
BEJGEH_00585	contig_1	612318	612971	-	GEGEGB_02415	1	persistent	2	1	0
BEJGEH_00586	contig_1	613068	613436	-	BEJGEH_00586	1	persistent	2	0	0
BEJGEH_00587	contig_1	613436	614017	-	BEJGEH_00587	1	persistent	2	0	0
BEJGEH_00589	contig_1	614306	614647	+	LNHIMF_00724	1	persistent	3	0	0
BEJGEH_00590	contig_1	614653	614901	-	GEGEGB_02410	1	persistent	2	0	0
BEJGEH_00591	contig_1	614968	616086	-	LNHIMF_00726	1	persistent	2	0	0
BEJGEH_00592	contig_1	616098	616802	-	BENMGJ_04249	1	persistent	2	0	0
BEJGEH_00593	contig_1	616849	619104	-	LNHIMF_00728	1	persistent	2	0	0
BEJGEH_00594	contig_1	619293	620507	+	BEJGEH_00594	1	persistent	2	0	0
BEJGEH_00595	contig_1	620538	620756	+	LNHIMF_00730	1	persistent	2	0	0
BEJGEH_00596	contig_1	620753	624637	+	LNHIMF_00731	1	persistent	2	0	0
BEJGEH_00597	contig_1	624888	626024	+	HFCAGB_00677	1	persistent	2	0	0
BEJGEH_00598	contig_1	626077	626871	-	GEGEGB_02401	1	persistent	2	0	0
BEJGEH_00599	contig_1	626868	627857	-	GEGEGB_02400	1	persistent	2	0	0
BEJGEH_00600	contig_1	627857	628864	-	GEGEGB_02399	1	persistent	2	0	0
BEJGEH_00601	contig_1	628975	630219	+	GEGEGB_02398	1	persistent	2	0	0
BEJGEH_00602	contig_1	630282	631238	-	LNHIMF_00737	1	persistent	2	0	0
BEJGEH_00603	contig_1	631547	632722	+	GEGEGB_02396	1	persistent	2	0	0
BEJGEH_00604	contig_1	632732	634342	+	LNHIMF_00739	1	persistent	2	0	0
BEJGEH_00605	contig_1	634356	635213	+	GEGEGB_02394	1	persistent	2	0	0
BEJGEH_00606	contig_1	635213	635968	+	HFCAGB_00686	1	persistent	2	0	0
BEJGEH_00607	contig_1	635971	636384	+	GEGEGB_02392	1	persistent	2	0	0
BEJGEH_00608	contig_1	636566	638671	+	LNHIMF_00743	1	persistent	2	0	0
BEJGEH_00609	contig_1	638735	638932	+	GEGEGB_02390	1	persistent	2	0	0
BEJGEH_00610	contig_1	638968	640056	-	LNHIMF_00745	1	persistent	2	0	0
BEJGEH_00611	contig_1	640183	641343	+	LNHIMF_00746	1	persistent	2	0	0
BEJGEH_00612	contig_1	641344	641961	-	BEJGEH_00612	1	persistent	2	0	0
BEJGEH_00613	contig_1	641934	643169	-	LNHIMF_00748	1	persistent	2	0	0
BEJGEH_00614	contig_1	643335	644237	-	LNHIMF_00749	1	persistent	2	0	0
BEJGEH_00615	contig_1	644554	645300	-	LNHIMF_00750	1	persistent	2	0	0
BEJGEH_00617	contig_1	645741	646304	+	GEGEGB_02382	1	persistent	2	0	0
BEJGEH_00618	contig_1	646546	648111	+	LNHIMF_00753	1	persistent	2	1	0
BEJGEH_00619	contig_1	648444	649004	+	BEJGEH_00619	1	persistent	2	1	0
BEJGEH_00620	contig_1	648997	651276	+	LNHIMF_00755	1	persistent	2	0	1
BEJGEH_00621	contig_1	651273	651830	+	LNHIMF_00756	1	persistent	2	0	0
BEJGEH_00622	contig_1	651830	652597	+	GEGEGB_02375	1	persistent	2	0	1
BEJGEH_00623	contig_1	652665	653093	-	GEGEGB_02374	1	persistent	2	0	0
BEJGEH_00624	contig_1	653316	654554	+	LNHIMF_00759	1	persistent	2	0	0
BEJGEH_00625	contig_1	654637	655047	-	GEGEGB_02372	1	persistent	2	0	0
BEJGEH_00626	contig_1	655282	656088	-	LNHIMF_00761	1	persistent	2	0	0
BEJGEH_00627	contig_1	656198	657661	-	LNHIMF_00762	1	persistent	2	0	0
BEJGEH_00628	contig_1	657699	658595	-	GEGEGB_02369	1	persistent	2	0	0
BEJGEH_00629	contig_1	658567	659118	-	BEJGEH_00629	1	persistent	2	0	0
BEJGEH_00630	contig_1	659122	660651	-	LNHIMF_00765	1	persistent	2	0	0
BEJGEH_00631	contig_1	660661	661569	-	LNHIMF_00766	1	persistent	2	0	0
BEJGEH_00632	contig_1	661566	661862	-	GEGEGB_02365	1	persistent	2	0	0
BEJGEH_00633	contig_1	661859	662935	-	LNHIMF_00768	1	persistent	2	0	1
BEJGEH_00634	contig_1	663041	663139	+	LNHIMF_00769	1	cloud	2	0	0
BEJGEH_00635	contig_1	663321	664982	+	GEGEGB_02363	1	persistent	2	0	2
BEJGEH_00636	contig_1	664951	665631	+	GEGEGB_02362	1	persistent	2	0	0
BEJGEH_00637	contig_1	665685	667070	-	GEGEGB_02361	1	persistent	2	0	1
BEJGEH_00638	contig_1	667449	668021	+	LNHIMF_00773	1	persistent	2	0	0
BEJGEH_00639	contig_1	668209	668418	+	GEGEGB_01108	2	persistent	4	0	0
BEJGEH_00640	contig_1	668476	668859	-	GEGEGB_02358	1	persistent	2	0	0
BEJGEH_00641	contig_1	668950	669738	+	HFCAGB_00724	1	persistent	2	0	0
BEJGEH_00642	contig_1	669867	670070	+	GEGEGB_02356	1	persistent	2	0	0
BEJGEH_00643	contig_1	670156	671121	-	GEGEGB_02355	1	persistent	2	0	0
BEJGEH_00644	contig_1	671327	672280	-	GEGEGB_02354	1	persistent	2	0	0
BEJGEH_00645	contig_1	672582	673223	-	GEGEGB_02353	1	persistent	2	0	0
BEJGEH_00646	contig_1	673323	673586	-	GEGEGB_02352	1	persistent	2	0	0
BEJGEH_00647	contig_1	673694	674905	-	LNHIMF_00782	1	persistent	2	0	0
BEJGEH_00648	contig_1	675045	676178	-	AJBGEP_00662	1	persistent	2	0	0
BEJGEH_00649	contig_1	676189	677301	-	GEGEGB_02349	1	persistent	2	0	0
BEJGEH_00650	contig_1	677304	679205	-	LNHIMF_00785	1	persistent	2	0	0
BEJGEH_00651	contig_1	679236	679703	-	GEGEGB_02347	1	persistent	2	0	0
BEJGEH_00652	contig_1	679707	680024	-	GEGEGB_02346	1	persistent	2	0	0
BEJGEH_00653	contig_1	680352	680993	-	GEGEGB_02345	1	persistent	2	0	0
BEJGEH_00654	contig_1	681057	682151	+	LNHIMF_00789	1	persistent	2	0	0
BEJGEH_00655	contig_1	682126	682776	-	LNHIMF_00790	1	persistent	2	0	0
BEJGEH_00656	contig_1	682769	683800	-	GEGEGB_02342	1	persistent	2	0	0
BEJGEH_00657	contig_1	683800	684390	-	GEGEGB_02341	1	persistent	2	0	0
BEJGEH_00658	contig_1	684405	686987	-	LNHIMF_00793	1	persistent	2	0	0
BEJGEH_00659	contig_1	687275	687565	+	GEGEGB_02339	1	persistent	2	0	0
BEJGEH_00660	contig_1	687504	688754	+	BEJGEH_00660	1	persistent	2	0	0
BEJGEH_00661	contig_1	688804	689757	+	LNHIMF_00796	1	persistent	2	0	0
BEJGEH_00662	contig_1	689825	691753	+	LNHIMF_00797	1	persistent	2	0	0
BEJGEH_00663	contig_1	691846	692319	+	GEGEGB_02335	1	persistent	3	1	1
BEJGEH_00664	contig_1	692358	693353	-	BEJGEH_00664	1	cloud	1	1	0
BEJGEH_00665	contig_1	693478	694185	+	HFCAGB_00749	1	shell	0	2	1
BEJGEH_00666	contig_1	694182	695615	+	HFCAGB_00750	1	shell	0	2	0
BEJGEH_00667	contig_1	695627	696322	+	BEJGEH_00667	1	shell	0	2	0
BEJGEH_00668	contig_1	696319	697782	+	AJBGEP_00682	1	shell	0	2	0
BEJGEH_00669	contig_1	697804	699483	-	BEJGEH_00669	1	shell	2	1	0
BEJGEH_00670	contig_1	699559	700797	-	BEJGEH_00670	1	persistent	2	1	0
BEJGEH_00671	contig_1	700829	701764	-	GEGEGB_02333	1	persistent	3	0	0
BEJGEH_00672	contig_1	701881	702606	-	GEGEGB_02332	1	persistent	2	0	0
BEJGEH_00673	contig_1	702606	703280	-	GEGEGB_02331	1	persistent	2	0	0
BEJGEH_00674	contig_1	703280	704020	-	GEGEGB_02330	1	persistent	2	0	0
BEJGEH_00676	contig_1	704180	705088	-	LNHIMF_00804	1	persistent	2	0	0
BEJGEH_00677	contig_1	705443	707032	-	LNHIMF_00805	1	persistent	2	0	0
BEJGEH_00678	contig_1	707001	707879	-	GEGEGB_02326	1	persistent	2	0	0
BEJGEH_00679	contig_1	708037	708510	-	GEGEGB_02325	1	persistent	2	0	0
BEJGEH_00680	contig_1	708507	709553	-	GEGEGB_02324	1	persistent	2	0	0
BEJGEH_00681	contig_1	709758	711182	-	GEGEGB_02323	1	persistent	2	0	0
BEJGEH_00682	contig_1	711326	712501	+	GEGEGB_02322	1	persistent	2	2	0
BEJGEH_00683	contig_1	712568	713092	-	AJBGEP_00697	1	shell	2	1	0
BEJGEH_00691	contig_1	714171	714854	-	LNHIMF_00818	6	shell	12	5	5
BEJGEH_00692	contig_1	715025	715426	-	LNHIMF_00819	6	shell	12	3	3
BEJGEH_00693	contig_1	715524	717188	-	GEGEGB_02315	1	persistent	2	2	0
BEJGEH_00694	contig_1	717478	718230	-	GEGEGB_02314	1	persistent	2	0	1
BEJGEH_00695	contig_1	718277	719497	-	GEGEGB_02313	1	persistent	2	0	0
BEJGEH_00696	contig_1	719502	720716	-	LNHIMF_00823	1	persistent	2	0	0
BEJGEH_00697	contig_1	720716	721516	-	GEGEGB_02311	1	persistent	2	0	0
BEJGEH_00698	contig_1	721843	723795	+	LNHIMF_00825	1	persistent	2	0	0
BEJGEH_00699	contig_1	724006	725673	+	ALJMDI_00783	1	persistent	2	0	0
BEJGEH_00700	contig_1	726334	727740	+	GEGEGB_02308	1	persistent	2	0	0
BEJGEH_00701	contig_1	727790	728122	+	GEGEGB_02307	1	persistent	2	0	0
BEJGEH_00702	contig_1	728171	729475	-	GEGEGB_02306	1	persistent	2	0	0
BEJGEH_00703	contig_1	729526	730665	-	BEJGEH_00703	1	persistent	2	0	0
BEJGEH_00704	contig_1	730652	732055	-	GEGEGB_02304	1	persistent	2	0	0
BEJGEH_00705	contig_1	732153	733079	-	LNHIMF_00832	1	persistent	2	0	0
BEJGEH_00706	contig_1	733194	733646	-	GEGEGB_02302	1	persistent	2	0	1
BEJGEH_00707	contig_1	733928	734458	-	LNHIMF_00835	1	persistent	2	0	1
BEJGEH_00708	contig_1	734609	734902	-	GEGEGB_02300	1	persistent	2	0	0
BEJGEH_00709	contig_1	735036	735806	-	LNHIMF_00837	1	persistent	2	0	0
BEJGEH_00710	contig_1	735991	736533	+	GEGEGB_02298	1	persistent	2	0	0
BEJGEH_00711	contig_1	736558	738198	+	GEGEGB_02297	1	persistent	2	0	0
BEJGEH_00712	contig_1	738313	738798	-	GEGEGB_02296	1	persistent	2	0	0
BEJGEH_00713	contig_1	738863	740182	-	GEGEGB_02295	1	persistent	2	0	0
BEJGEH_00714	contig_1	740179	742377	-	LNHIMF_00842	1	persistent	3	0	2
BEJGEH_00715	contig_1	742757	742861	-	LNHIMF_00843	1	persistent	2	0	0
BEJGEH_00716	contig_1	743139	743816	-	LNHIMF_00844	1	persistent	3	0	1
BEJGEH_00717	contig_1	743813	746497	-	LNHIMF_00845	1	persistent	2	0	0
BEJGEH_00718	contig_1	746494	747078	-	LNHIMF_00846	1	persistent	2	0	0
BEJGEH_00719	contig_1	747087	749135	-	GEGEGB_02287	1	persistent	2	0	0
BEJGEH_00720	contig_1	749156	750835	-	GEGEGB_02286	1	persistent	2	0	0
BEJGEH_00721	contig_1	751261	751467	+	GEGEGB_02285	1	persistent	2	0	0
BEJGEH_00722	contig_1	751579	753000	+	LNHIMF_00850	1	persistent	2	0	0
BEJGEH_00723	contig_1	753039	754562	-	GEGEGB_02283	1	persistent	2	0	0
BEJGEH_00724	contig_1	754849	755592	+	GEGEGB_02282	1	persistent	2	0	0
BEJGEH_00725	contig_1	755608	756264	+	GEGEGB_02281	1	persistent	2	0	0
BEJGEH_00726	contig_1	756258	757190	+	LNHIMF_00854	1	persistent	2	0	0
BEJGEH_00727	contig_1	757180	757914	+	GEGEGB_02279	1	persistent	2	1	0
BEJGEH_00728	contig_1	758036	758827	+	BEJGEH_00728	1	persistent	2	1	0
BEJGEH_00729	contig_1	758882	759928	-	GEGEGB_02263	1	persistent	2	0	0
BEJGEH_00730	contig_1	760065	761348	-	LNHIMF_00870	1	persistent	2	1	0
BEJGEH_00731	contig_1	761449	761694	+	BEJGEH_00731	1	shell	2	0	0
BEJGEH_00732	contig_1	762088	762492	+	GEGEGB_02261	1	persistent	2	1	0
BEJGEH_00733	contig_1	762486	762833	+	GEGEGB_02260	1	persistent	2	0	0
BEJGEH_00734	contig_1	762833	764599	+	LNHIMF_00873	1	persistent	2	0	0
BEJGEH_00735	contig_1	764616	765332	+	LNHIMF_00874	1	persistent	2	0	0
BEJGEH_00736	contig_1	765856	768657	+	GEGEGB_02257	1	persistent	2	0	0
BEJGEH_00737	contig_1	768672	769880	+	GEGEGB_02256	1	persistent	2	0	0
BEJGEH_00738	contig_1	770022	771188	+	GEGEGB_02255	1	persistent	2	0	0
BEJGEH_00739	contig_1	771188	772057	+	LNHIMF_00878	1	persistent	2	0	0
BEJGEH_00740	contig_1	772086	772211	+	LNHIMF_00879	1	persistent	2	0	0
BEJGEH_00741	contig_1	773640	775208	+	LNHIMF_00880	1	persistent	2	0	0
BEJGEH_00742	contig_1	775224	776363	+	GEGEGB_02251	1	persistent	2	0	0
BEJGEH_00743	contig_1	776379	776492	+	GEGEGB_02250	1	persistent	2	0	0
BEJGEH_00744	contig_1	776492	776785	+	LNHIMF_00883	1	persistent	2	0	0
BEJGEH_00745	contig_1	777014	777418	+	LNHIMF_00884	1	persistent	2	0	0
BEJGEH_00746	contig_1	777415	778107	+	GEGEGB_02247	1	persistent	2	0	0
BEJGEH_00747	contig_1	778111	778539	+	GEGEGB_02246	1	persistent	2	0	1
BEJGEH_00748	contig_1	778604	779782	+	ODDLKH_01241	1	persistent	2	0	1
BEJGEH_00749	contig_1	779906	781198	+	LNHIMF_00889	1	persistent	2	0	1
BEJGEH_00750	contig_1	781233	781757	+	GEGEGB_02243	1	persistent	2	0	0
BEJGEH_00751	contig_1	781767	782555	+	GEGEGB_02242	1	persistent	2	0	0
BEJGEH_00757	contig_1	783908	784951	+	LNHIMF_00897	1	persistent	2	0	0
BEJGEH_00758	contig_1	784976	785695	+	LNHIMF_00898	1	persistent	2	0	0
BEJGEH_00759	contig_1	785692	786630	-	LNHIMF_00899	1	persistent	2	0	0
BEJGEH_00760	contig_1	786741	787127	-	GEGEGB_02235	1	persistent	2	0	0
BEJGEH_00761	contig_1	787447	788499	+	GEGEGB_02234	1	persistent	2	1	0
BEJGEH_00762	contig_1	788593	789138	-	BEJGEH_00762	1	shell	1	1	0
BEJGEH_00763	contig_1	789153	789998	-	BEJGEH_00763	1	shell	0	2	0
BEJGEH_00764	contig_1	790128	791018	+	BEJGEH_00764	1	shell	0	2	0
BEJGEH_00765	contig_1	791019	791945	-	BEJGEH_00765	1	shell	0	2	0
BEJGEH_00766	contig_1	792225	793493	+	BEJGEH_00766	1	shell	1	1	0
BEJGEH_00767	contig_1	793543	793791	+	AJBGEP_03535	3	persistent	3	1	0
BEJGEH_00768	contig_1	793807	795576	+	GEGEGB_00060	3	persistent	2	0	1
BEJGEH_00769	contig_1	795589	796890	+	LNHIMF_00056	3	persistent	4	0	0
BEJGEH_00770	contig_1	797009	797707	+	BEJGEH_00770	1	persistent	2	0	0
BEJGEH_00771	contig_1	798087	799166	+	GEGEGB_02233	1	persistent	3	0	0
BEJGEH_00772	contig_1	799166	799945	+	BEJGEH_00772	1	persistent	2	0	0
BEJGEH_00773	contig_1	800022	800774	-	GEGEGB_02231	1	persistent	2	0	0
BEJGEH_00774	contig_1	800998	802038	-	LNHIMF_00905	1	persistent	2	0	0
BEJGEH_00775	contig_1	802032	803180	-	GEGEGB_02229	1	persistent	2	0	0
BEJGEH_00776	contig_1	803183	804229	-	LNHIMF_00907	1	persistent	2	0	0
BEJGEH_00777	contig_1	804240	805256	-	GEGEGB_02227	1	persistent	2	0	0
BEJGEH_00778	contig_1	805477	806385	-	LNHIMF_00909	1	persistent	2	0	0
BEJGEH_00779	contig_1	806556	808031	-	LNHIMF_00910	1	persistent	2	0	0
BEJGEH_00780	contig_1	808099	808887	-	GEGEGB_02224	1	persistent	2	0	1
BEJGEH_00781	contig_1	809016	809165	+	GEGEGB_02223	1	persistent	2	0	0
BEJGEH_00782	contig_1	809332	810105	+	LNHIMF_00913	1	persistent	2	0	1
BEJGEH_00783	contig_1	810105	810794	+	GEGEGB_02221	1	persistent	2	0	0
BEJGEH_00784	contig_1	810797	811855	+	LNHIMF_00915	1	persistent	2	0	0
BEJGEH_00785	contig_1	811856	812674	-	LNHIMF_00916	1	persistent	2	0	3
BEJGEH_00786	contig_1	812838	813833	+	LNHIMF_00917	1	persistent	2	0	1
BEJGEH_00787	contig_1	813977	815260	-	GEGEGB_02217	1	persistent	2	0	0
BEJGEH_00788	contig_1	815552	816721	+	LNHIMF_00919	1	persistent	2	0	0
BEJGEH_00789	contig_1	816718	817659	+	LNHIMF_00920	1	persistent	2	0	0
BEJGEH_00790	contig_1	817704	818429	+	GEGEGB_02214	1	persistent	2	0	0
BEJGEH_00791	contig_1	818626	820311	+	LNHIMF_00922	1	persistent	2	0	0
BEJGEH_00792	contig_1	820313	821833	+	LNHIMF_00923	1	persistent	2	0	0
BEJGEH_00793	contig_1	821918	822394	-	GEGEGB_02211	1	persistent	2	0	0
BEJGEH_00794	contig_1	822452	823741	-	GEGEGB_02210	1	persistent	2	0	0
BEJGEH_00795	contig_1	823828	824868	+	GEGEGB_02209	1	persistent	2	0	0
BEJGEH_00796	contig_1	824865	826022	+	GEGEGB_02208	1	persistent	2	0	0
BEJGEH_00797	contig_1	826006	826761	+	LNHIMF_00928	1	persistent	2	0	0
BEJGEH_00798	contig_1	826754	827440	+	GEGEGB_02206	1	persistent	2	0	0
BEJGEH_00799	contig_1	828091	830112	+	LNHIMF_00930	1	persistent	2	0	0
BEJGEH_00800	contig_1	830603	832900	+	AJBGEP_00824	1	persistent	2	0	0
BEJGEH_00801	contig_1	832992	833900	-	GEGEGB_02202	1	persistent	2	0	0
BEJGEH_00802	contig_1	834264	835286	+	GEGEGB_02201	1	persistent	2	0	0
BEJGEH_00803	contig_1	835308	835820	+	GEGEGB_02200	1	persistent	2	0	0
BEJGEH_00804	contig_1	835865	836308	+	LNHIMF_00935	1	persistent	2	0	0
BEJGEH_00805	contig_1	836301	836546	+	LNHIMF_00936	1	persistent	2	0	0
BEJGEH_00806	contig_1	836548	837000	+	GEGEGB_02197	1	persistent	2	0	1
BEJGEH_00807	contig_1	837048	837752	+	LNHIMF_00938	1	persistent	2	0	4
BEJGEH_00808	contig_1	838084	838605	+	GEGEGB_02194	1	persistent	2	2	2
BEJGEH_00809	contig_1	838636	839238	+	HFCAGB_00889	1	shell	2	0	2
BEJGEH_00810	contig_1	839246	839806	+	BEJGEH_00810	1	persistent	2	1	1
BEJGEH_00811	contig_1	839809	840771	-	GEGEGB_02192	1	persistent	2	0	1
BEJGEH_00812	contig_1	840771	842012	-	GEGEGB_02191	1	persistent	2	0	0
BEJGEH_00813	contig_1	842009	842767	-	LNHIMF_00943	1	persistent	2	0	0
BEJGEH_00814	contig_1	842900	843310	+	GEGEGB_02189	1	persistent	2	0	0
BEJGEH_00815	contig_1	843272	844378	-	GEGEGB_02188	1	persistent	2	0	0
BEJGEH_00816	contig_1	844494	845624	-	GEGEGB_02187	1	persistent	2	0	0
BEJGEH_00817	contig_1	845617	847353	-	LNHIMF_00947	1	persistent	2	0	0
BEJGEH_00818	contig_1	847346	848341	-	GEGEGB_02185	1	persistent	2	0	0
BEJGEH_00819	contig_1	848341	849015	-	LNHIMF_00949	1	persistent	2	0	1
BEJGEH_00820	contig_1	849245	850606	+	GEGEGB_02183	1	persistent	3	0	1
BEJGEH_00821	contig_1	850688	851674	-	BEJGEH_00226	4	cloud	10	0	0
BEJGEH_00822	contig_1	852025	854169	+	LNHIMF_00951	1	persistent	2	0	1
BEJGEH_00823	contig_1	854199	855173	+	BEJGEH_00823	1	persistent	2	1	0
BEJGEH_00824	contig_1	855329	855589	-	GEGEGB_02178	1	persistent	2	1	0
BEJGEH_00825	contig_1	855874	856140	-	GEGEGB_02177	1	persistent	2	0	1
BEJGEH_00826	contig_1	856345	857271	+	GEGEGB_02175	1	persistent	2	0	1
BEJGEH_00827	contig_1	857268	859490	-	LNHIMF_00956	1	persistent	2	0	0
BEJGEH_00828	contig_1	859609	860331	-	GEGEGB_02173	1	persistent	2	0	0
BEJGEH_00829	contig_1	860328	860987	-	GEGEGB_02172	1	persistent	2	0	0
BEJGEH_00830	contig_1	861133	861879	-	GEGEGB_02171	1	persistent	2	0	1
BEJGEH_00831	contig_1	862356	862859	-	GEGEGB_02170	1	persistent	2	0	1
BEJGEH_00832	contig_1	863162	864049	-	GEGEGB_02169	1	persistent	2	0	0
BEJGEH_00833	contig_1	864403	864918	+	GEGEGB_02168	1	persistent	2	0	1
BEJGEH_00834	contig_1	864981	866561	-	LNHIMF_00963	1	persistent	2	1	0
BEJGEH_00835	contig_1	866826	866954	-	GEGEGB_02163	1	persistent	2	0	0
BEJGEH_00836	contig_1	867140	867613	+	GEGEGB_02162	1	persistent	2	0	0
BEJGEH_00837	contig_1	867610	868722	+	GEGEGB_02161	1	persistent	2	0	0
BEJGEH_00838	contig_1	868767	869687	-	GEGEGB_02160	1	persistent	2	0	0
BEJGEH_00839	contig_1	869906	871498	+	GEGEGB_02159	1	persistent	2	1	0
BEJGEH_00840	contig_1	871745	872641	+	BEJGEH_00840	1	shell	2	0	1
BEJGEH_00841	contig_1	872670	873200	-	GEGEGB_02157	2	persistent	2	1	3
BEJGEH_00842	contig_1	873590	874855	-	LNHIMF_00969	1	persistent	2	0	2
BEJGEH_00843	contig_1	875117	875926	+	GEGEGB_02157	2	persistent	2	1	3
BEJGEH_00844	contig_1	876004	878436	-	LNHIMF_00971	1	persistent	2	0	0
BEJGEH_00845	contig_1	878442	879341	-	GEGEGB_02155	1	persistent	2	0	0
BEJGEH_00846	contig_1	879619	880368	-	LNHIMF_00973	1	persistent	2	0	0
BEJGEH_00847	contig_1	880368	881603	-	LNHIMF_00974	1	persistent	2	0	0
BEJGEH_00848	contig_1	881807	882748	+	GEGEGB_02152	1	persistent	2	0	0
BEJGEH_00849	contig_1	882759	884630	+	GEGEGB_02151	1	persistent	2	0	0
BEJGEH_00850	contig_1	884663	886201	+	GEGEGB_02150	1	persistent	2	0	0
BEJGEH_00851	contig_1	886262	887182	+	GEGEGB_02149	1	persistent	2	0	0
BEJGEH_00852	contig_1	887185	888096	+	GEGEGB_02148	1	persistent	2	0	0
BEJGEH_00853	contig_1	888187	889512	-	LNHIMF_00980	1	persistent	2	0	0
BEJGEH_00854	contig_1	889743	890126	+	GEGEGB_02146	1	persistent	1	1	2
BEJGEH_00855	contig_1	890245	891366	+	PAPNPA_03345	1	cloud	2	0	0
BEJGEH_00856	contig_1	891363	891989	-	GEGEGB_02144	1	persistent	1	1	2
BEJGEH_00857	contig_1	892233	893435	+	GEGEGB_02143	1	persistent	2	0	0
BEJGEH_00858	contig_1	893480	894238	-	GEGEGB_02142	1	persistent	2	0	0
BEJGEH_00859	contig_1	894310	894984	-	GEGEGB_02141	1	persistent	2	0	0
BEJGEH_00860	contig_1	895231	896463	+	GEGEGB_02140	1	persistent	2	0	0
BEJGEH_00861	contig_1	896517	897332	-	GEGEGB_02139	1	persistent	2	0	0
BEJGEH_00862	contig_1	897329	898540	-	LNHIMF_00998	1	persistent	2	0	0
BEJGEH_00863	contig_1	898708	899328	+	LNHIMF_00999	1	persistent	2	0	0
BEJGEH_00865	contig_1	899445	901130	-	GEGEGB_02135	1	persistent	2	0	0
BEJGEH_00866	contig_1	901401	901778	+	LNHIMF_01002	1	persistent	2	0	0
BEJGEH_00867	contig_1	901810	902073	-	GEGEGB_02133	1	persistent	2	0	0
BEJGEH_00868	contig_1	902243	902533	+	LNHIMF_01004	1	persistent	2	0	0
BEJGEH_00869	contig_1	902517	903239	+	BEJGEH_00869	1	persistent	2	0	0
BEJGEH_00870	contig_1	903297	904199	+	GEGEGB_02130	1	persistent	2	0	0
BEJGEH_00871	contig_1	904296	904772	+	GEGEGB_02129	1	persistent	2	0	0
BEJGEH_00872	contig_1	905118	906233	+	LNHIMF_01008	1	persistent	2	0	0
BEJGEH_00873	contig_1	906321	907454	+	LNHIMF_01009	1	persistent	2	0	0
BEJGEH_00874	contig_1	907464	908417	+	LNHIMF_01010	1	persistent	2	0	0
BEJGEH_00875	contig_1	908414	909259	+	GEGEGB_02125	1	persistent	2	0	0
BEJGEH_00876	contig_1	909405	909806	+	GEGEGB_02124	1	persistent	2	0	0
BEJGEH_00877	contig_1	909849	910976	+	AJBGEP_00912	1	persistent	2	0	0
BEJGEH_00878	contig_1	911271	912614	+	BEJGEH_00878	1	persistent	2	0	0
BEJGEH_00879	contig_1	912644	912964	+	LNHIMF_01015	1	persistent	2	0	0
BEJGEH_00880	contig_1	912974	914461	+	LNHIMF_01016	1	persistent	2	0	0
BEJGEH_00881	contig_1	914680	915411	-	GEGEGB_02119	1	persistent	2	0	0
BEJGEH_00882	contig_1	915648	916316	-	GEGEGB_02118	1	persistent	2	0	0
BEJGEH_00883	contig_1	916316	917032	-	GEGEGB_02117	1	persistent	2	0	0
BEJGEH_00884	contig_1	917039	917770	-	LNHIMF_01020	1	persistent	2	0	0
BEJGEH_00885	contig_1	917788	918516	-	GEGEGB_02115	1	persistent	2	0	0
BEJGEH_00886	contig_1	918746	919261	-	GEGEGB_02114	1	persistent	2	0	0
BEJGEH_00887	contig_1	919389	919712	+	GEGEGB_02113	1	persistent	2	0	0
BEJGEH_00888	contig_1	919709	920539	+	GEGEGB_02112	1	persistent	2	0	0
BEJGEH_00889	contig_1	920536	921549	-	GEGEGB_02111	1	persistent	2	0	0
BEJGEH_00890	contig_1	921645	923078	-	LNHIMF_01026	1	persistent	2	0	0
BEJGEH_00891	contig_1	923089	924090	-	LNHIMF_01027	1	persistent	2	0	0
BEJGEH_00892	contig_1	924129	925847	-	GEGEGB_02108	1	persistent	2	0	0
BEJGEH_00893	contig_1	926005	926973	-	LNHIMF_01029	1	persistent	2	0	0
BEJGEH_00894	contig_1	926985	928637	-	LNHIMF_01030	1	persistent	2	0	0
BEJGEH_00895	contig_1	928781	929680	-	GEGEGB_02105	1	persistent	2	0	0
BEJGEH_00896	contig_1	929882	931540	+	LNHIMF_01032	1	persistent	2	0	0
BEJGEH_00897	contig_1	931537	932487	-	LNHIMF_01033	1	persistent	2	0	0
BEJGEH_00898	contig_1	932633	933751	+	GEGEGB_02102	1	persistent	2	0	0
BEJGEH_00899	contig_1	933748	935694	+	GEGEGB_02101	1	persistent	2	0	0
BEJGEH_00900	contig_1	935824	936045	-	GEGEGB_02100	1	persistent	2	0	0
BEJGEH_00901	contig_1	936369	936689	+	GEGEGB_02099	1	persistent	2	0	0
BEJGEH_00902	contig_1	936720	938996	+	LNHIMF_01038	1	persistent	2	4	1
BEJGEH_00903	contig_1	939052	939408	-	BEJGEH_00903	1	cloud	1	0	1
BEJGEH_00904	contig_1	939493	939969	-	BEJGEH_00904	1	cloud	0	1	1
BEJGEH_00905	contig_1	940258	940455	-	AJBGEP_01954	1	shell	1	3	4
BEJGEH_00906	contig_1	940544	941050	-	BENMGJ_01495	2	shell	1	3	2
BEJGEH_00907	contig_1	941244	941441	-	GEGEGB_02097	1	shell	2	3	2
BEJGEH_00909	contig_1	943021	943698	-	GEGEGB_03971	2	persistent	5	2	3
BEJGEH_00910	contig_1	943718	944578	-	LNHIMF_01041	1	persistent	2	0	0
BEJGEH_00911	contig_1	944687	945598	+	GEGEGB_02092	1	persistent	2	0	0
BEJGEH_00912	contig_1	945689	945907	-	GEGEGB_02091	1	persistent	2	0	0
BEJGEH_00913	contig_1	946219	946923	-	GEGEGB_02090	1	persistent	2	0	0
BEJGEH_00914	contig_1	946968	948689	-	LNHIMF_01045	1	persistent	2	0	0
BEJGEH_00915	contig_1	948690	950456	-	GEGEGB_02088	1	persistent	2	0	0
BEJGEH_00916	contig_1	950570	951538	-	GEGEGB_02087	1	persistent	2	0	1
BEJGEH_00917	contig_1	952085	952579	+	LNHIMF_01048	1	persistent	2	0	0
BEJGEH_00918	contig_1	952714	956796	+	ONMMKP_01187	1	persistent	2	0	0
BEJGEH_00919	contig_1	956939	957550	+	LNHIMF_01050	1	persistent	2	0	0
BEJGEH_00920	contig_1	957560	958903	+	GEGEGB_02083	1	persistent	2	0	0
BEJGEH_00921	contig_1	959162	960454	+	GEGEGB_02082	1	persistent	2	0	0
BEJGEH_00923	contig_1	960691	963135	+	LNHIMF_01054	1	persistent	2	0	0
BEJGEH_00924	contig_1	963146	963763	+	GEGEGB_01496	2	persistent	4	0	0
BEJGEH_00925	contig_1	963765	964628	+	GEGEGB_02078	1	persistent	2	0	0
BEJGEH_00926	contig_1	964978	966126	+	LNHIMF_01057	1	persistent	2	0	0
BEJGEH_00927	contig_1	966344	967765	+	GEGEGB_02076	1	persistent	2	0	0
BEJGEH_00928	contig_1	968065	968862	-	GEGEGB_02075	1	persistent	3	0	1
BEJGEH_00929	contig_1	969448	970407	+	LNHIMF_01061	1	persistent	3	0	1
BEJGEH_00930	contig_1	970480	972762	-	GEGEGB_02071	1	persistent	2	0	1
BEJGEH_00931	contig_1	972822	973679	-	GEGEGB_02070	1	persistent	2	0	0
BEJGEH_00932	contig_1	974084	975919	-	LNHIMF_01064	1	persistent	2	0	0
BEJGEH_00933	contig_1	975981	976673	+	LNHIMF_01065	1	persistent	2	0	0
BEJGEH_00934	contig_1	976859	977947	+	GEGEGB_02067	1	persistent	2	0	0
BEJGEH_00935	contig_1	978018	979301	+	GEGEGB_02066	1	persistent	2	0	0
BEJGEH_00936	contig_1	979444	980205	+	BEJGEH_00936	1	persistent	2	0	0
BEJGEH_00937	contig_1	980378	981061	+	GEGEGB_02064	1	persistent	2	0	0
BEJGEH_00938	contig_1	981175	982848	+	GEGEGB_02063	1	persistent	2	0	0
BEJGEH_00939	contig_1	983004	983288	+	GEGEGB_02062	1	persistent	2	1	0
BEJGEH_00940	contig_1	983518	985782	+	ALJMDI_01283	1	persistent	2	1	0
BEJGEH_00941	contig_1	985819	987567	+	GEGEGB_02060	1	persistent	2	0	0
BEJGEH_00942	contig_1	987564	988541	+	GEGEGB_02059	1	persistent	2	0	0
BEJGEH_00943	contig_1	988585	989817	+	HFCAGB_01031	1	persistent	2	0	0
BEJGEH_00944	contig_1	989869	990051	+	GEGEGB_02056	1	persistent	2	0	0
BEJGEH_00945	contig_1	990048	990794	+	GEGEGB_02055	1	persistent	2	0	0
BEJGEH_00946	contig_1	991005	991898	+	LNHIMF_01078	1	persistent	2	0	0
BEJGEH_00947	contig_1	991878	992654	-	GEGEGB_02053	1	persistent	2	0	0
BEJGEH_00948	contig_1	992790	993593	+	GEGEGB_02052	1	persistent	2	0	0
BEJGEH_00949	contig_1	993586	994908	+	GEGEGB_02051	1	persistent	2	0	0
BEJGEH_00950	contig_1	994889	995593	+	GEGEGB_02050	1	persistent	2	0	0
BEJGEH_00951	contig_1	995593	1000059	+	GEGEGB_02049	1	persistent	2	0	0
BEJGEH_00952	contig_1	1000404	1002251	+	LNHIMF_01084	1	persistent	2	0	0
BEJGEH_00953	contig_1	1002511	1003059	+	GEGEGB_02047	1	persistent	2	0	0
BEJGEH_00954	contig_1	1003087	1003734	+	LNHIMF_01086	1	persistent	2	0	0
BEJGEH_00955	contig_1	1003796	1004986	-	GEGEGB_02045	1	persistent	2	0	0
BEJGEH_00956	contig_1	1005171	1006262	-	GEGEGB_02044	1	persistent	2	0	1
BEJGEH_00957	contig_1	1006868	1008268	-	GEGEGB_02043	1	persistent	3	0	1
BEJGEH_00958	contig_1	1008469	1008930	-	GEGEGB_02042	1	persistent	2	0	0
BEJGEH_00959	contig_1	1009248	1010462	+	BEJGEH_00959	1	persistent	2	0	0
BEJGEH_00960	contig_1	1010708	1012141	+	AJBGEP_00996	1	persistent	2	0	0
BEJGEH_00961	contig_1	1012222	1013424	-	LNHIMF_01090	1	persistent	3	1	0
BEJGEH_00962	contig_1	1013691	1016303	+	LNHIMF_01091	1	persistent	2	1	2
BEJGEH_00963	contig_1	1016511	1017521	+	LNHIMF_01092	1	persistent	2	0	0
BEJGEH_00964	contig_1	1017687	1018229	+	GEGEGB_01971	1	persistent	2	0	0
BEJGEH_00965	contig_1	1018226	1019335	-	LNHIMF_01094	1	persistent	2	0	0
BEJGEH_00966	contig_1	1019434	1021542	+	LNHIMF_01095	1	persistent	2	0	0
BEJGEH_00967	contig_1	1021555	1023462	+	GEGEGB_01968	1	persistent	2	0	0
BEJGEH_00968	contig_1	1023477	1024730	+	GEGEGB_01967	1	persistent	2	0	0
BEJGEH_00969	contig_1	1024735	1026375	+	GEGEGB_01966	1	persistent	2	0	0
BEJGEH_00970	contig_1	1026372	1026935	+	GEGEGB_01965	1	persistent	2	0	0
BEJGEH_00971	contig_1	1027458	1027976	-	GEGEGB_01964	1	persistent	2	0	0
BEJGEH_00972	contig_1	1028045	1029805	-	GEGEGB_01963	1	persistent	2	0	1
BEJGEH_00973	contig_1	1029991	1030443	+	GEGEGB_01962	1	persistent	2	0	0
BEJGEH_00974	contig_1	1030515	1031573	-	GEGEGB_01961	1	persistent	2	0	0
BEJGEH_00975	contig_1	1031930	1032439	-	GEGEGB_01960	1	persistent	2	0	2
BEJGEH_00976	contig_1	1032656	1033261	+	LNHIMF_01105	1	persistent	2	0	1
BEJGEH_00977	contig_1	1033248	1035401	-	GEGEGB_01957	1	persistent	2	0	0
BEJGEH_00978	contig_1	1035420	1035866	-	GEGEGB_01956	1	persistent	2	0	0
BEJGEH_00979	contig_1	1035990	1038044	+	BEJGEH_00979	1	persistent	2	0	0
BEJGEH_00980	contig_1	1038080	1038538	-	GEGEGB_01954	1	persistent	2	0	0
BEJGEH_00981	contig_1	1038633	1039295	-	GEGEGB_01953	1	persistent	2	0	0
BEJGEH_00982	contig_1	1039469	1039882	+	GEGEGB_01952	1	persistent	2	0	0
BEJGEH_00983	contig_1	1039927	1040244	-	GEGEGB_01951	1	persistent	2	0	0
BEJGEH_00984	contig_1	1040302	1041513	-	LNHIMF_01113	1	persistent	2	0	1
BEJGEH_00985	contig_1	1041728	1042276	+	BEJGEH_00985	1	persistent	2	0	0
BEJGEH_00986	contig_1	1042293	1043081	+	LNHIMF_01115	1	persistent	2	1	2
BEJGEH_00987	contig_1	1043130	1043411	+	GEGEGB_01943	1	persistent	2	0	0
BEJGEH_00988	contig_1	1043408	1043737	-	GEGEGB_01942	1	persistent	2	0	0
BEJGEH_00989	contig_1	1043824	1044483	-	GEGEGB_01941	1	persistent	2	1	2
BEJGEH_00991	contig_1	1045102	1045782	-	BEJGEH_00991	1	persistent	2	1	1
BEJGEH_00992	contig_1	1046005	1046880	-	LNHIMF_01121	1	persistent	2	0	1
BEJGEH_00994	contig_1	1047863	1048204	-	GEGEGB_01934	1	persistent	2	0	0
BEJGEH_00995	contig_1	1048221	1049906	-	LNHIMF_01124	1	persistent	3	0	0
BEJGEH_00996	contig_1	1050410	1050520	-	LNHIMF_01125	1	persistent	2	0	0
BEJGEH_00997	contig_1	1050629	1052098	-	HFCAGB_01141	1	persistent	3	0	0
BEJGEH_00998	contig_1	1052270	1053634	-	BEJGEH_00998	1	persistent	2	0	0
BEJGEH_00999	contig_1	1053627	1054364	-	LNHIMF_01128	1	persistent	2	0	0
BEJGEH_01000	contig_1	1054443	1054853	+	LNHIMF_01129	1	persistent	2	0	0
BEJGEH_01001	contig_1	1055186	1055698	-	LNHIMF_01130	1	persistent	2	0	0
BEJGEH_01002	contig_1	1055716	1057278	-	LNHIMF_01131	1	persistent	2	0	0
BEJGEH_01003	contig_1	1057496	1057936	-	GEGEGB_01926	1	persistent	2	0	0
BEJGEH_01004	contig_1	1058211	1059500	+	GEGEGB_01925	1	persistent	2	0	0
BEJGEH_01005	contig_1	1059497	1060963	+	BEJGEH_01005	1	persistent	2	0	0
BEJGEH_01006	contig_1	1060965	1061816	+	LNHIMF_01135	1	persistent	3	0	0
BEJGEH_01007	contig_1	1061826	1062206	+	GEGEGB_01921	1	persistent	2	0	0
BEJGEH_01008	contig_1	1062349	1063152	+	GEGEGB_01920	1	persistent	2	0	0
BEJGEH_01009	contig_1	1063163	1063954	+	GEGEGB_01919	1	persistent	2	0	0
BEJGEH_01010	contig_1	1064027	1065403	+	LNHIMF_01139	1	persistent	2	0	0
BEJGEH_01011	contig_1	1065413	1066309	+	LNHIMF_01140	1	persistent	2	0	0
BEJGEH_01012	contig_1	1066323	1067261	+	GEGEGB_01916	1	persistent	3	0	0
BEJGEH_01013	contig_1	1068685	1068990	-	GEGEGB_01915	1	persistent	3	0	0
BEJGEH_01014	contig_1	1068990	1069910	-	GEGEGB_01914	1	persistent	2	0	0
BEJGEH_01015	contig_1	1070146	1070508	+	LNHIMF_01145	1	persistent	2	0	0
BEJGEH_01016	contig_1	1070557	1072443	+	LNHIMF_01146	1	persistent	2	0	0
BEJGEH_01017	contig_1	1072440	1073063	+	LNHIMF_01147	1	persistent	2	0	0
BEJGEH_01018	contig_1	1073053	1073559	+	LNHIMF_01148	1	persistent	2	0	0
BEJGEH_01019	contig_1	1073692	1074933	+	LNHIMF_01149	1	persistent	2	0	0
BEJGEH_01020	contig_1	1074967	1075194	-	GEGEGB_01908	1	persistent	2	0	0
BEJGEH_01021	contig_1	1075215	1075811	-	LNHIMF_01151	1	persistent	2	0	0
BEJGEH_01022	contig_1	1076196	1076363	+	GEGEGB_01513	3	persistent	6	0	0
BEJGEH_01023	contig_1	1076500	1077138	+	LNHIMF_01153	1	persistent	2	0	0
BEJGEH_01024	contig_1	1077135	1077530	-	GEGEGB_01904	1	persistent	2	0	0
BEJGEH_01025	contig_1	1077589	1081551	-	LNHIMF_01155	1	persistent	3	0	0
BEJGEH_01026	contig_1	1081973	1083481	+	GEGEGB_01902	1	persistent	2	0	1
BEJGEH_01027	contig_1	1084099	1084395	+	LNHIMF_01157	1	persistent	2	0	0
BEJGEH_01028	contig_1	1084374	1085162	+	GEGEGB_01899	1	persistent	2	0	2
BEJGEH_01030	contig_1	1085511	1086170	+	BEJGEH_01030	1	cloud	1	1	0
BEJGEH_01031	contig_1	1086220	1086903	-	LNHIMF_00818	6	shell	12	5	5
BEJGEH_01032	contig_1	1087074	1087475	-	LNHIMF_00819	6	shell	12	3	3
BEJGEH_01033	contig_1	1087756	1088214	-	HFCAGB_01186	1	cloud	0	1	2
BEJGEH_01034	contig_1	1088207	1088296	-	HFCAGB_01187	1	cloud	0	0	2
BEJGEH_01035	contig_1	1088338	1088709	-	HFCAGB_01188	1	cloud	0	0	2
BEJGEH_01036	contig_1	1088718	1089158	-	HFCAGB_01189	1	cloud	0	0	3
BEJGEH_01037	contig_1	1089178	1089690	-	BEJGEH_01037	1	cloud	0	0	2
BEJGEH_01038	contig_1	1089731	1090177	-	BEJGEH_01038	1	cloud	0	0	2
BEJGEH_01039	contig_1	1090219	1090458	+	BEJGEH_01039	1	cloud	0	0	2
BEJGEH_01040	contig_1	1090415	1091650	-	BEJGEH_01040	1	cloud	0	0	2
BEJGEH_01041	contig_1	1091793	1092053	-	HFCAGB_01193	2	cloud	0	0	4
BEJGEH_01042	contig_1	1092423	1092638	-	BEJGEH_01042	1	cloud	0	0	2
BEJGEH_01043	contig_1	1092622	1093464	-	BEJGEH_01043	1	cloud	0	0	2
BEJGEH_01044	contig_1	1093488	1093967	-	BEJGEH_01044	1	cloud	0	0	2
BEJGEH_01045	contig_1	1093986	1095347	-	BEJGEH_01045	1	cloud	0	0	3
BEJGEH_01046	contig_1	1095358	1098879	-	HFCAGB_01193	2	cloud	0	0	4
BEJGEH_01047	contig_1	1098898	1100310	-	HFCAGB_01194	1	cloud	0	0	2
BEJGEH_01048	contig_1	1100312	1101049	-	HFCAGB_01195	1	cloud	0	0	2
BEJGEH_01049	contig_1	1101046	1103781	-	HFCAGB_01196	1	cloud	0	0	2
BEJGEH_01050	contig_1	1103794	1104552	-	HFCAGB_01197	1	cloud	0	0	2
BEJGEH_01051	contig_1	1104557	1105888	-	HFCAGB_01198	1	cloud	0	0	2
BEJGEH_01052	contig_1	1105891	1106424	-	HFCAGB_01199	1	cloud	0	0	2
BEJGEH_01053	contig_1	1106421	1107707	-	HFCAGB_01200	1	cloud	0	0	2
BEJGEH_01054	contig_1	1107732	1108820	-	HFCAGB_01201	1	cloud	0	0	2
BEJGEH_01055	contig_1	1108784	1110637	-	HFCAGB_01202	1	cloud	0	0	2
BEJGEH_01056	contig_1	1110642	1111058	-	HFCAGB_01203	1	cloud	0	0	2
BEJGEH_01057	contig_1	1111055	1112527	-	HFCAGB_01204	1	cloud	0	0	2
BEJGEH_01058	contig_1	1112576	1112788	-	HFCAGB_01205	1	cloud	0	0	2
BEJGEH_01059	contig_1	1112818	1113321	-	HFCAGB_01206	1	cloud	0	0	3
BEJGEH_01060	contig_1	1113950	1114468	+	HFCAGB_01208	1	cloud	0	0	3
BEJGEH_01061	contig_1	1114691	1116832	+	HFCAGB_01209	1	cloud	0	0	2
BEJGEH_01062	contig_1	1116901	1121067	+	BEJGEH_01062	1	cloud	0	0	2
BEJGEH_01063	contig_1	1121135	1122100	+	BEJGEH_01063	1	cloud	0	1	1
BEJGEH_01064	contig_1	1122294	1122593	+	HFCAGB_00344	1	shell	0	3	2
BEJGEH_01065	contig_1	1122590	1123456	+	AJBGEP_02929	2	shell	2	6	2
BEJGEH_01066	contig_1	1123595	1124374	-	HFCAGB_01215	1	cloud	0	1	1
BEJGEH_01067	contig_1	1124642	1124920	+	HFCAGB_01216	1	cloud	0	0	2
BEJGEH_01068	contig_1	1124917	1125294	+	HFCAGB_01217	1	cloud	1	0	1
BEJGEH_01069	contig_1	1125834	1126046	+	LNHIMF_02073	1	persistent	2	0	1
BEJGEH_01071	contig_1	1126504	1127715	-	LNHIMF_02071	1	persistent	2	0	0
BEJGEH_01073	contig_1	1128365	1128676	+	GEGEGB_00951	1	persistent	2	0	0
BEJGEH_01074	contig_1	1128756	1129451	+	LNHIMF_02068	1	persistent	2	0	0
BEJGEH_01075	contig_1	1129525	1130955	+	LNHIMF_02067	1	persistent	2	0	0
BEJGEH_01076	contig_1	1130936	1131406	+	GEGEGB_00954	1	persistent	2	0	0
BEJGEH_01077	contig_1	1131395	1132315	-	GEGEGB_00955	1	persistent	2	0	0
BEJGEH_01078	contig_1	1132491	1133402	+	BEJGEH_01078	1	persistent	2	0	0
BEJGEH_01079	contig_1	1133479	1133664	+	GEGEGB_00958	1	persistent	2	0	0
BEJGEH_01080	contig_1	1133829	1135541	+	GEGEGB_00959	1	persistent	2	0	0
BEJGEH_01081	contig_1	1135520	1136335	-	GEGEGB_00960	1	persistent	2	0	0
BEJGEH_01083	contig_1	1136645	1136872	-	GEGEGB_00962	1	persistent	2	0	0
BEJGEH_01084	contig_1	1137001	1137195	+	GEGEGB_00963	1	persistent	2	0	0
BEJGEH_01085	contig_1	1137234	1137857	-	LNHIMF_02057	1	persistent	2	0	0
BEJGEH_01086	contig_1	1138139	1138933	-	LNHIMF_02056	1	persistent	2	0	0
BEJGEH_01087	contig_1	1138942	1139211	-	GEGEGB_00966	1	persistent	2	0	0
BEJGEH_01088	contig_1	1139221	1139958	-	GEGEGB_00967	1	persistent	2	0	0
BEJGEH_01089	contig_1	1139958	1140335	-	GEGEGB_00968	1	persistent	2	0	0
BEJGEH_01090	contig_1	1140335	1140748	-	LNHIMF_02052	1	persistent	2	0	0
BEJGEH_01091	contig_1	1140745	1141749	-	GEGEGB_00970	1	persistent	2	0	0
BEJGEH_01092	contig_1	1141754	1142221	-	LNHIMF_02050	1	persistent	2	0	0
BEJGEH_01093	contig_1	1142326	1143549	-	LNHIMF_02049	1	persistent	2	0	0
BEJGEH_01094	contig_1	1143546	1143989	-	GEGEGB_00973	1	persistent	2	0	0
BEJGEH_01095	contig_1	1144011	1145381	-	LNHIMF_02047	1	persistent	2	0	0
BEJGEH_01096	contig_1	1145381	1146088	-	GEGEGB_00975	1	persistent	2	0	0
BEJGEH_01097	contig_1	1146081	1147076	-	GEGEGB_00976	1	persistent	2	0	0
BEJGEH_01098	contig_1	1147069	1148751	-	LNHIMF_02044	1	persistent	2	0	0
BEJGEH_01099	contig_1	1148968	1149282	+	LNHIMF_02043	1	persistent	2	1	0
BEJGEH_01100	contig_1	1149402	1149755	-	BEJGEH_01100	1	shell	2	0	0
BEJGEH_01101	contig_1	1150054	1150287	-	GEGEGB_00980	1	persistent	2	1	0
BEJGEH_01102	contig_1	1150284	1151489	-	LNHIMF_02041	1	persistent	2	0	0
BEJGEH_01103	contig_1	1151675	1152088	+	AJBGEP_02065	1	persistent	2	0	0
BEJGEH_01104	contig_1	1152128	1153612	-	LNHIMF_02039	1	persistent	2	0	0
BEJGEH_01105	contig_1	1153684	1154052	-	GEGEGB_00984	1	persistent	2	0	0
BEJGEH_01106	contig_1	1154052	1154459	-	LNHIMF_02037	1	persistent	2	0	1
BEJGEH_01107	contig_1	1154474	1155880	-	HFCAGB_01257	1	cloud	1	0	1
BEJGEH_01108	contig_1	1156136	1157653	+	HFCAGB_01258	1	cloud	1	0	1
BEJGEH_01109	contig_1	1157732	1158937	+	LNHIMF_02034	1	persistent	1	3	2
BEJGEH_01110	contig_1	1159134	1159853	+	GEGEGB_00990	1	persistent	2	1	0
BEJGEH_01111	contig_1	1159912	1160463	+	GEGEGB_00991	1	persistent	2	0	0
BEJGEH_01112	contig_1	1160610	1161410	+	GEGEGB_00992	1	persistent	2	0	0
BEJGEH_01113	contig_1	1161564	1162550	+	LNHIMF_02030	1	persistent	2	0	0
BEJGEH_01114	contig_1	1162571	1163239	+	GEGEGB_00994	1	persistent	2	0	0
BEJGEH_01115	contig_1	1163236	1163988	+	GEGEGB_00995	1	persistent	2	0	0
BEJGEH_01116	contig_1	1164220	1164942	+	LNHIMF_02027	1	persistent	2	0	0
BEJGEH_01117	contig_1	1165009	1165233	-	GEGEGB_00997	1	persistent	2	1	0
BEJGEH_01118	contig_1	1165697	1166353	+	GEGEGB_00999	1	persistent	2	1	0
BEJGEH_01119	contig_1	1166350	1168182	+	GEGEGB_01000	1	persistent	2	0	0
BEJGEH_01120	contig_1	1168239	1168787	+	GEGEGB_01001	1	persistent	3	0	0
BEJGEH_01124	contig_1	1169537	1169821	+	LNHIMF_02018	1	persistent	2	0	1
BEJGEH_01125	contig_1	1170041	1171474	+	LNHIMF_02017	1	persistent	4	0	0
BEJGEH_01126	contig_1	1171687	1172013	+	LNHIMF_02016	1	persistent	2	0	0
BEJGEH_01128	contig_1	1172252	1172917	+	LNHIMF_02014	1	persistent	3	0	0
BEJGEH_01129	contig_1	1172992	1174260	-	GEGEGB_01009	1	persistent	2	0	0
BEJGEH_01130	contig_1	1174430	1174669	+	GEGEGB_01010	1	persistent	2	0	0
BEJGEH_01131	contig_1	1174715	1175212	-	GEGEGB_01011	1	persistent	2	0	0
BEJGEH_01132	contig_1	1175452	1175787	-	GEGEGB_01012	1	persistent	3	0	0
BEJGEH_01133	contig_1	1176043	1176681	+	LNHIMF_02009	1	persistent	2	0	0
BEJGEH_01134	contig_1	1176860	1177363	-	GEGEGB_01013	1	persistent	3	0	0
BEJGEH_01135	contig_1	1177914	1178471	+	BEJGEH_01135	1	persistent	2	0	1
BEJGEH_01136	contig_1	1179006	1179908	+	BEJGEH_01136	1	persistent	2	0	1
BEJGEH_01137	contig_1	1179883	1181304	+	GEGEGB_01016	1	persistent	2	0	0
BEJGEH_01138	contig_1	1181322	1181750	-	LNHIMF_02004	1	persistent	2	0	0
BEJGEH_01139	contig_1	1182545	1182886	+	GEGEGB_01018	1	persistent	2	0	0
BEJGEH_01140	contig_1	1182889	1183467	+	LNHIMF_02002	1	persistent	2	0	0
BEJGEH_01141	contig_1	1183592	1184479	+	LNHIMF_02001	1	persistent	2	0	0
BEJGEH_01142	contig_1	1184476	1185405	+	LNHIMF_02000	1	persistent	2	0	0
BEJGEH_01143	contig_1	1185410	1187425	+	GEGEGB_01022	1	persistent	2	0	0
BEJGEH_01144	contig_1	1187446	1187949	+	LNHIMF_01998	1	persistent	2	0	0
BEJGEH_01145	contig_1	1188186	1189847	+	LNHIMF_01997	1	persistent	2	0	0
BEJGEH_01146	contig_1	1190008	1190874	+	LNHIMF_01996	1	persistent	2	0	0
BEJGEH_01147	contig_1	1190871	1191920	+	GEGEGB_01026	1	persistent	2	0	0
BEJGEH_01148	contig_1	1191938	1192327	+	GEGEGB_01027	1	persistent	2	0	0
BEJGEH_01149	contig_1	1192335	1192982	+	LNHIMF_01993	1	persistent	2	0	1
BEJGEH_01150	contig_1	1193176	1194327	+	GEGEGB_01029	1	persistent	2	0	1
BEJGEH_01151	contig_1	1194320	1196398	+	GEGEGB_01030	1	persistent	2	0	0
BEJGEH_01152	contig_1	1196398	1196790	+	GEGEGB_01031	1	persistent	2	0	0
BEJGEH_01153	contig_1	1197027	1198166	+	LNHIMF_01988	1	persistent	2	0	0
BEJGEH_01154	contig_1	1198220	1200091	-	LNHIMF_01987	1	persistent	2	0	0
BEJGEH_01155	contig_1	1200280	1202013	-	GEGEGB_01035	1	persistent	2	0	0
BEJGEH_01156	contig_1	1202250	1202819	+	LNHIMF_01985	1	persistent	2	0	0
BEJGEH_01157	contig_1	1202839	1203585	+	LNHIMF_01984	1	persistent	2	0	0
BEJGEH_01159	contig_1	1203821	1204792	-	GEGEGB_01039	1	persistent	2	0	0
BEJGEH_01160	contig_1	1204789	1205532	-	GEGEGB_01040	1	persistent	2	0	0
BEJGEH_01161	contig_1	1205573	1205968	-	GEGEGB_01041	1	persistent	2	0	0
BEJGEH_01162	contig_1	1206021	1206839	-	GEGEGB_01042	1	persistent	2	0	0
BEJGEH_01163	contig_1	1206836	1207402	-	GEGEGB_01043	1	persistent	2	0	0
BEJGEH_01164	contig_1	1207727	1209499	+	LNHIMF_01977	1	persistent	2	0	0
BEJGEH_01165	contig_1	1209593	1210045	+	GEGEGB_01045	1	persistent	2	0	0
BEJGEH_01166	contig_1	1210075	1210815	+	GEGEGB_01046	1	persistent	2	0	0
BEJGEH_01167	contig_1	1210852	1211373	+	GEGEGB_01047	1	persistent	2	0	1
BEJGEH_01168	contig_1	1211375	1211974	-	LNHIMF_01973	1	persistent	2	1	3
BEJGEH_01169	contig_1	1212602	1213585	-	BEJGEH_01169	1	cloud	2	0	1
BEJGEH_01170	contig_1	1213918	1214529	+	LNHIMF_01971	1	persistent	2	1	1
BEJGEH_01171	contig_1	1214538	1215548	+	GEGEGB_01051	1	persistent	2	0	1
BEJGEH_01172	contig_1	1215627	1216412	-	GEGEGB_01052	1	persistent	2	0	0
BEJGEH_01173	contig_1	1216409	1217164	-	LNHIMF_01968	1	persistent	2	0	0
BEJGEH_01174	contig_1	1217186	1218187	+	LNHIMF_01967	1	persistent	2	0	0
BEJGEH_01175	contig_1	1218203	1219522	+	LNHIMF_01966	1	persistent	2	0	1
BEJGEH_01176	contig_1	1219639	1220610	+	GEGEGB_01056	1	persistent	2	1	0
BEJGEH_01177	contig_1	1220683	1222125	-	GEGEGB_01057	1	persistent	2	1	0
BEJGEH_01178	contig_1	1222249	1223118	-	GEGEGB_01058	1	persistent	2	0	1
BEJGEH_01179	contig_1	1223460	1224935	+	LNHIMF_01962	1	persistent	2	0	0
BEJGEH_01180	contig_1	1225170	1226981	+	GEGEGB_01060	1	persistent	2	0	0
BEJGEH_01181	contig_1	1227019	1227660	+	LNHIMF_01960	1	persistent	2	0	0
BEJGEH_01182	contig_1	1227760	1228938	-	GEGEGB_01062	1	persistent	2	0	0
BEJGEH_01183	contig_1	1229069	1229359	+	GEGEGB_01063	1	persistent	2	0	0
BEJGEH_01184	contig_1	1229427	1229780	+	GEGEGB_01064	1	persistent	2	0	0
BEJGEH_01185	contig_1	1229874	1230533	+	LNHIMF_01956	1	persistent	2	0	0
BEJGEH_01186	contig_1	1230746	1232797	+	GEGEGB_01066	1	persistent	2	0	0
BEJGEH_01187	contig_1	1232832	1233530	-	GEGEGB_01067	1	persistent	2	0	0
BEJGEH_01188	contig_1	1233554	1234210	-	LNHIMF_01953	1	persistent	2	0	0
BEJGEH_01189	contig_1	1234318	1234548	-	GEGEGB_01069	1	persistent	2	0	0
BEJGEH_01190	contig_1	1234686	1235060	+	LNHIMF_01951	1	persistent	2	0	0
BEJGEH_01191	contig_1	1235061	1235936	+	LNHIMF_01950	1	persistent	2	0	0
BEJGEH_01192	contig_1	1235953	1236306	+	GEGEGB_01072	1	persistent	2	0	1
BEJGEH_01195	contig_1	1236689	1236958	-	PAPNPA_00762	1	persistent	1	1	8
BEJGEH_01196	contig_1	1237304	1239724	+	PAPNPA_00703	1	cloud	1	0	2
BEJGEH_01197	contig_1	1239731	1240408	+	BEJGEH_01197	1	cloud	1	0	1
BEJGEH_01198	contig_1	1241500	1241919	+	LNHIMF_01928	1	persistent	1	2	6
BEJGEH_01199	contig_1	1242155	1242313	-	PKJKAM_04314	1	cloud	1	0	2
BEJGEH_01200	contig_1	1242310	1242804	-	BEJGEH_01200	1	cloud	0	0	2
BEJGEH_01201	contig_1	1242795	1242896	-	BEJGEH_01201	1	cloud	0	0	2
BEJGEH_01202	contig_1	1243060	1243479	-	BEJGEH_01202	1	cloud	0	0	2
BEJGEH_01203	contig_1	1243476	1243787	-	BEJGEH_01203	1	cloud	0	0	2
BEJGEH_01204	contig_1	1243966	1244265	+	BEJGEH_01204	1	cloud	0	0	2
BEJGEH_01205	contig_1	1244295	1244510	+	BEJGEH_01205	1	cloud	0	0	2
BEJGEH_01206	contig_1	1244564	1245508	-	BEJGEH_01206	1	cloud	0	0	2
BEJGEH_01207	contig_1	1245709	1245903	-	BEJGEH_01207	1	cloud	1	0	1
BEJGEH_01208	contig_1	1246013	1246489	-	LNHIMF_01927	1	persistent	2	0	2
BEJGEH_01209	contig_1	1246818	1247213	-	LNHIMF_01926	1	persistent	2	0	0
BEJGEH_01210	contig_1	1247898	1248620	+	BEJGEH_01210	1	persistent	2	0	0
BEJGEH_01211	contig_1	1248905	1249069	+	GEGEGB_01090	1	persistent	3	0	1
BEJGEH_01212	contig_1	1249293	1249943	+	GEGEGB_01092	1	persistent	3	0	0
BEJGEH_01213	contig_1	1249962	1250153	-	GEGEGB_01093	1	persistent	2	0	1
BEJGEH_01214	contig_1	1250264	1250503	-	GEGEGB_01094	1	persistent	2	0	0
BEJGEH_01215	contig_1	1250618	1252159	-	LNHIMF_01920	1	persistent	2	0	0
BEJGEH_01216	contig_1	1252135	1254768	-	GEGEGB_01096	1	persistent	2	0	0
BEJGEH_01217	contig_1	1254737	1256020	-	LNHIMF_01918	1	persistent	2	0	0
BEJGEH_01218	contig_1	1256077	1256646	+	LNHIMF_01917	1	persistent	2	0	0
BEJGEH_01219	contig_1	1256744	1257430	+	GEGEGB_01099	1	persistent	2	0	0
BEJGEH_01220	contig_1	1257450	1259498	+	GEGEGB_01100	1	persistent	2	0	0
BEJGEH_01221	contig_1	1259692	1260573	+	GEGEGB_01101	1	persistent	2	0	0
BEJGEH_01222	contig_1	1260621	1261994	-	BEJGEH_01222	1	persistent	2	1	0
BEJGEH_01223	contig_1	1262059	1262166	+	BEJGEH_01223	1	shell	2	0	0
BEJGEH_01224	contig_1	1262170	1262961	+	LNHIMF_01912	1	persistent	2	1	0
BEJGEH_01225	contig_1	1263173	1263412	-	GEGEGB_01105	1	persistent	2	0	0
BEJGEH_01226	contig_1	1263570	1263713	+	GEGEGB_01106	1	persistent	2	0	0
BEJGEH_01227	contig_1	1263784	1264071	+	GEGEGB_01107	1	persistent	2	0	0
BEJGEH_01228	contig_1	1264876	1265085	+	GEGEGB_01108	2	persistent	4	0	0
BEJGEH_01229	contig_1	1265305	1267050	+	GEGEGB_01109	1	persistent	2	0	0
BEJGEH_01230	contig_1	1267116	1267925	+	LNHIMF_01906	1	persistent	2	0	0
BEJGEH_01231	contig_1	1267922	1268488	-	GEGEGB_01111	1	persistent	2	0	0
BEJGEH_01232	contig_1	1268898	1269356	-	GEGEGB_01112	1	persistent	2	0	0
BEJGEH_01233	contig_1	1269415	1270266	-	GEGEGB_01113	1	persistent	2	0	0
BEJGEH_01234	contig_1	1270279	1271079	-	GEGEGB_01114	1	persistent	2	0	0
BEJGEH_01235	contig_1	1271132	1272100	-	GEGEGB_01115	1	persistent	2	0	0
BEJGEH_01236	contig_1	1272573	1274132	+	LNHIMF_01900	1	persistent	2	0	0
BEJGEH_01237	contig_1	1274154	1275755	-	LNHIMF_01899	1	persistent	2	0	0
BEJGEH_01238	contig_1	1275893	1277257	-	GEGEGB_01118	1	persistent	2	0	0
BEJGEH_01239	contig_1	1277521	1278099	-	LNHIMF_01897	1	persistent	2	0	0
BEJGEH_01240	contig_1	1278103	1279467	-	GEGEGB_01120	1	persistent	2	0	0
BEJGEH_01241	contig_1	1279548	1279727	+	GEGEGB_01121	1	persistent	2	0	0
BEJGEH_01242	contig_1	1279733	1280077	-	LNHIMF_01894	1	persistent	2	0	0
BEJGEH_01243	contig_1	1280208	1282118	+	GEGEGB_01123	1	persistent	2	0	0
BEJGEH_01244	contig_1	1282176	1282871	+	GEGEGB_01124	1	persistent	2	0	0
BEJGEH_01245	contig_1	1282943	1283524	+	GEGEGB_01125	1	persistent	2	0	0
BEJGEH_01246	contig_1	1283663	1285414	+	GEGEGB_01126	1	persistent	2	1	0
BEJGEH_01248	contig_1	1285499	1286614	+	GEGEGB_01128	1	persistent	2	1	0
BEJGEH_01249	contig_1	1286735	1287001	-	GEGEGB_01129	1	persistent	2	0	0
BEJGEH_01250	contig_1	1287005	1287817	-	LNHIMF_01886	1	persistent	2	0	0
BEJGEH_01251	contig_1	1287841	1288548	-	GEGEGB_01131	1	persistent	2	0	0
BEJGEH_01252	contig_1	1288674	1288943	+	LNHIMF_01884	1	persistent	2	0	0
BEJGEH_01253	contig_1	1289017	1289676	+	GEGEGB_01133	1	persistent	2	0	0
BEJGEH_01254	contig_1	1289769	1290215	+	LNHIMF_01882	1	persistent	2	0	0
BEJGEH_01255	contig_1	1290567	1290704	+	GEGEGB_01135	1	persistent	2	0	0
BEJGEH_01256	contig_1	1290897	1291070	+	GEGEGB_01136	1	persistent	2	0	0
BEJGEH_01257	contig_1	1291141	1291482	-	GEGEGB_01137	1	persistent	2	0	0
BEJGEH_01258	contig_1	1291591	1292121	-	GEGEGB_01138	1	persistent	2	0	0
BEJGEH_01259	contig_1	1292263	1293807	-	GEGEGB_01139	1	persistent	2	0	0
BEJGEH_01260	contig_1	1294027	1294746	+	LNHIMF_01876	1	persistent	2	0	0
BEJGEH_01261	contig_1	1294793	1296325	-	GEGEGB_01141	1	persistent	2	0	0
BEJGEH_01262	contig_1	1296648	1297946	+	LNHIMF_01874	1	persistent	2	0	0
BEJGEH_01263	contig_1	1297960	1299030	+	LNHIMF_01873	1	persistent	2	0	0
BEJGEH_01264	contig_1	1299093	1300826	-	GEGEGB_01144	1	persistent	2	0	0
BEJGEH_01265	contig_1	1300923	1301837	-	GEGEGB_01145	1	persistent	2	0	0
BEJGEH_01266	contig_1	1302008	1302619	+	GEGEGB_01146	1	persistent	2	0	0
BEJGEH_01267	contig_1	1302633	1303367	-	LNHIMF_01869	1	persistent	2	0	0
BEJGEH_01268	contig_1	1303536	1303790	+	GEGEGB_01148	1	persistent	2	0	0
BEJGEH_01269	contig_1	1303853	1305565	-	LNHIMF_01867	1	persistent	2	0	0
BEJGEH_01270	contig_1	1305779	1307053	-	LNHIMF_01866	1	persistent	2	0	0
BEJGEH_01271	contig_1	1307448	1307537	-	GEGEGB_01153	1	persistent	2	0	0
BEJGEH_01272	contig_1	1307550	1308686	-	LNHIMF_01864	1	persistent	2	0	0
BEJGEH_01273	contig_1	1308698	1310242	-	LNHIMF_01863	1	persistent	2	0	0
BEJGEH_01274	contig_1	1310317	1311165	-	GEGEGB_01156	1	persistent	2	0	0
BEJGEH_01275	contig_1	1311162	1311566	-	GEGEGB_01157	1	persistent	2	0	0
BEJGEH_01276	contig_1	1311556	1312152	-	GEGEGB_01158	1	persistent	2	0	0
BEJGEH_01277	contig_1	1312149	1312880	-	LNHIMF_01859	1	persistent	2	0	0
BEJGEH_01278	contig_1	1312899	1314692	-	GEGEGB_01160	1	persistent	2	0	0
BEJGEH_01279	contig_1	1314689	1315807	-	LNHIMF_01857	1	persistent	2	0	1
BEJGEH_01280	contig_1	1316302	1317567	+	BEJGEH_01280	1	persistent	2	0	2
BEJGEH_01281	contig_1	1318051	1318506	-	BEJGEH_01281	1	cloud	2	0	1
BEJGEH_01282	contig_1	1318545	1319165	-	BEJGEH_01282	1	cloud	1	0	1
BEJGEH_01283	contig_1	1319915	1321006	-	GEGEGB_01164	1	persistent	2	0	2
BEJGEH_01284	contig_1	1321123	1321707	-	GEGEGB_01165	1	persistent	2	0	0
BEJGEH_01285	contig_1	1321983	1322261	+	LNHIMF_01852	1	persistent	2	0	0
BEJGEH_01286	contig_1	1322306	1323964	-	GEGEGB_01167	1	persistent	2	0	0
BEJGEH_01287	contig_1	1324116	1325063	-	GEGEGB_01168	1	persistent	2	0	0
BEJGEH_01288	contig_1	1325329	1326180	-	GEGEGB_01169	1	persistent	2	0	0
BEJGEH_01289	contig_1	1326177	1326800	-	LNHIMF_01848	1	persistent	2	0	0
BEJGEH_01290	contig_1	1327114	1328370	+	GEGEGB_01171	1	persistent	2	0	0
BEJGEH_01291	contig_1	1328411	1329493	+	GEGEGB_01172	1	persistent	2	0	0
BEJGEH_01292	contig_1	1329493	1330326	+	LNHIMF_01845	1	persistent	2	0	0
BEJGEH_01293	contig_1	1330323	1330712	+	GEGEGB_01174	1	persistent	2	0	0
BEJGEH_01294	contig_1	1330716	1331525	+	GEGEGB_01175	1	persistent	2	0	0
BEJGEH_01295	contig_1	1331563	1332417	+	GEGEGB_01176	1	persistent	2	1	0
BEJGEH_01296	contig_1	1332471	1333571	-	LNHIMF_01841	1	persistent	2	1	0
BEJGEH_01297	contig_1	1333838	1334068	+	GEGEGB_01777	1	persistent	2	0	0
BEJGEH_01298	contig_1	1334148	1334501	-	GEGEGB_01776	1	persistent	2	0	0
BEJGEH_01299	contig_1	1334678	1336102	+	PAPNPA_00575	1	persistent	2	0	0
BEJGEH_01300	contig_1	1336103	1336753	-	LNHIMF_01837	1	persistent	2	0	0
BEJGEH_01301	contig_1	1336746	1338542	-	LNHIMF_01836	1	persistent	2	0	0
BEJGEH_01302	contig_1	1338883	1340280	+	GEGEGB_01772	1	persistent	2	0	0
BEJGEH_01303	contig_1	1340668	1344411	+	GEGEGB_01771	1	persistent	2	0	0
BEJGEH_01304	contig_1	1344408	1345943	+	GEGEGB_01575	2	persistent	4	0	0
BEJGEH_01305	contig_1	1345940	1346650	+	LNHIMF_01832	1	persistent	2	0	0
BEJGEH_01306	contig_1	1346650	1347327	+	LNHIMF_01831	1	persistent	3	0	1
BEJGEH_01307	contig_1	1347569	1349098	+	BEJGEH_01307	1	persistent	2	0	0
BEJGEH_01310	contig_1	1350455	1351297	-	GEGEGB_01765	1	persistent	3	0	1
BEJGEH_01311	contig_1	1351348	1351806	-	BEJGEH_01311	1	persistent	2	0	0
BEJGEH_01312	contig_1	1351926	1352822	+	LNHIMF_01825	1	persistent	2	0	0
BEJGEH_01313	contig_1	1353046	1354059	+	GEGEGB_01762	1	persistent	2	0	0
BEJGEH_01314	contig_1	1354262	1355170	+	GEGEGB_01761	1	persistent	2	0	0
BEJGEH_01315	contig_1	1355302	1355715	-	GEGEGB_01760	1	persistent	2	0	0
BEJGEH_01316	contig_1	1356378	1356995	+	GEGEGB_01759	1	persistent	2	0	0
BEJGEH_01317	contig_1	1357192	1359870	-	GEGEGB_01758	1	persistent	3	0	1
BEJGEH_01318	contig_1	1360347	1360994	+	GEGEGB_01757	1	persistent	2	0	0
BEJGEH_01319	contig_1	1361771	1363402	+	BEJGEH_01319	1	persistent	2	0	0
BEJGEH_01320	contig_1	1363524	1364444	+	BEJGEH_01320	1	persistent	2	0	0
BEJGEH_01321	contig_1	1364459	1365367	+	LNHIMF_01816	1	persistent	2	0	0
BEJGEH_01322	contig_1	1365379	1366386	+	LNHIMF_01815	1	persistent	2	0	0
BEJGEH_01323	contig_1	1366383	1367387	+	GEGEGB_01751	1	persistent	2	0	0
BEJGEH_01324	contig_1	1367435	1368271	+	LNHIMF_01813	1	persistent	2	0	0
BEJGEH_01325	contig_1	1368319	1368648	-	GEGEGB_01749	1	persistent	2	0	0
BEJGEH_01326	contig_1	1368682	1370142	-	GEGEGB_01748	1	persistent	2	0	0
BEJGEH_01327	contig_1	1370285	1370458	+	GEGEGB_01747	1	persistent	2	0	0
BEJGEH_01328	contig_1	1370502	1370798	-	GEGEGB_01746	1	persistent	2	0	0
BEJGEH_01329	contig_1	1371022	1371750	+	LNHIMF_01808	1	persistent	2	0	0
BEJGEH_01330	contig_1	1371810	1372211	-	GEGEGB_01744	1	persistent	2	0	0
BEJGEH_01331	contig_1	1372372	1372911	-	GEGEGB_01743	1	persistent	2	0	0
BEJGEH_01332	contig_1	1372968	1373711	-	GEGEGB_01742	1	persistent	3	0	0
BEJGEH_01333	contig_1	1374478	1375116	+	GEGEGB_01740	1	persistent	3	0	0
BEJGEH_01334	contig_1	1375198	1376076	-	LNHIMF_01802	1	persistent	2	0	0
BEJGEH_01335	contig_1	1376096	1376602	-	GEGEGB_01738	1	persistent	2	0	0
BEJGEH_01336	contig_1	1376676	1377179	-	GEGEGB_01737	1	persistent	2	0	0
BEJGEH_01337	contig_1	1377269	1377451	-	GEGEGB_01513	3	persistent	6	0	0
BEJGEH_01338	contig_1	1377931	1378737	-	GEGEGB_01735	1	persistent	2	0	0
BEJGEH_01339	contig_1	1378737	1379930	-	GEGEGB_01734	1	persistent	2	0	0
BEJGEH_01340	contig_1	1379940	1381298	-	GEGEGB_01733	1	persistent	2	0	0
BEJGEH_01341	contig_1	1381302	1382897	-	GEGEGB_01732	1	persistent	2	0	0
BEJGEH_01342	contig_1	1382897	1384459	-	LNHIMF_01794	1	persistent	2	0	0
BEJGEH_01343	contig_1	1384554	1384598	-	GEGEGB_01730	1	persistent	2	0	0
BEJGEH_01344	contig_1	1384732	1385601	+	GEGEGB_01729	1	persistent	2	0	0
BEJGEH_01345	contig_1	1385609	1386229	+	GEGEGB_01728	1	persistent	2	0	0
BEJGEH_01346	contig_1	1386330	1387205	+	GEGEGB_01727	1	persistent	2	0	0
BEJGEH_01347	contig_1	1387292	1387882	-	LNHIMF_01789	1	persistent	2	0	0
BEJGEH_01348	contig_1	1387879	1388640	-	GEGEGB_01725	1	persistent	2	0	0
BEJGEH_01349	contig_1	1388884	1389924	+	LNHIMF_01787	1	persistent	2	0	0
BEJGEH_01350	contig_1	1389966	1390217	-	GEGEGB_01723	1	persistent	2	0	0
BEJGEH_01351	contig_1	1390620	1393217	+	GEGEGB_01722	1	persistent	2	0	0
BEJGEH_01353	contig_1	1393628	1394602	+	GEGEGB_01720	1	persistent	2	0	0
BEJGEH_01354	contig_1	1394895	1395023	+	GEGEGB_01719	1	persistent	2	0	0
BEJGEH_01356	contig_1	1395579	1398254	+	LNHIMF_01780	1	persistent	2	0	0
BEJGEH_01357	contig_1	1398310	1398900	-	GEGEGB_01716	1	persistent	2	0	0
BEJGEH_01358	contig_1	1399096	1399860	+	GEGEGB_01715	1	persistent	2	0	0
BEJGEH_01359	contig_1	1400010	1400318	+	GEGEGB_01714	1	persistent	2	0	0
BEJGEH_01360	contig_1	1400325	1401494	+	GEGEGB_01713	1	persistent	2	0	0
BEJGEH_01361	contig_1	1401685	1402422	+	GEGEGB_01712	1	persistent	2	0	0
BEJGEH_01362	contig_1	1402422	1402748	+	GEGEGB_01711	1	persistent	2	0	0
BEJGEH_01363	contig_1	1402868	1403086	-	LNHIMF_01773	1	persistent	2	0	0
BEJGEH_01364	contig_1	1403345	1404067	-	GEGEGB_01709	1	persistent	2	0	0
BEJGEH_01365	contig_1	1404184	1404363	-	GEGEGB_01708	1	persistent	2	0	0
BEJGEH_01366	contig_1	1404485	1406467	-	LNHIMF_01770	1	persistent	2	0	0
BEJGEH_01367	contig_1	1406729	1408663	-	LNHIMF_01769	1	persistent	2	0	0
BEJGEH_01368	contig_1	1408752	1409885	-	BEJGEH_01368	1	persistent	2	0	0
BEJGEH_01369	contig_1	1410085	1410873	-	GEGEGB_01704	1	persistent	2	0	0
BEJGEH_01370	contig_1	1411604	1412977	+	HFCAGB_01582	1	persistent	2	0	0
BEJGEH_01371	contig_1	1413444	1414151	+	LNHIMF_01765	1	persistent	2	0	0
BEJGEH_01372	contig_1	1414167	1414973	-	LNHIMF_01764	1	persistent	2	0	0
BEJGEH_01373	contig_1	1414975	1415967	-	GEGEGB_01700	1	persistent	2	0	0
BEJGEH_01374	contig_1	1415967	1416857	-	GEGEGB_01699	1	persistent	2	0	2
BEJGEH_01375	contig_1	1416844	1417809	-	GEGEGB_01694	1	persistent	2	0	1
BEJGEH_01376	contig_1	1417806	1419455	-	LNHIMF_01756	1	persistent	2	0	0
BEJGEH_01377	contig_1	1419567	1420547	-	LNHIMF_01755	1	persistent	2	0	0
BEJGEH_01378	contig_1	1420718	1421386	+	GEGEGB_01691	1	persistent	2	0	0
BEJGEH_01379	contig_1	1421446	1421670	+	GEGEGB_01690	1	persistent	2	0	0
BEJGEH_01380	contig_1	1421670	1422029	+	LNHIMF_01752	1	persistent	2	0	1
BEJGEH_01381	contig_1	1422052	1422270	+	GEGEGB_01688	1	persistent	2	0	0
BEJGEH_01382	contig_1	1422346	1422660	+	GEGEGB_01687	1	persistent	2	0	1
BEJGEH_01383	contig_1	1422809	1424206	+	GEGEGB_01686	1	persistent	2	0	0
BEJGEH_01384	contig_1	1424203	1425264	+	LNHIMF_01748	1	persistent	2	0	0
BEJGEH_01385	contig_1	1425412	1426953	+	GEGEGB_01684	1	persistent	2	1	0
BEJGEH_01386	contig_1	1427043	1427549	-	LNHIMF_01746	1	persistent	2	1	1
BEJGEH_01387	contig_1	1427665	1428630	+	LNHIMF_01745	1	persistent	2	0	0
BEJGEH_01388	contig_1	1428605	1429333	-	GEGEGB_01678	1	persistent	2	0	0
BEJGEH_01389	contig_1	1429523	1431136	+	BEJGEH_01389	1	persistent	2	0	0
BEJGEH_01390	contig_1	1431233	1432162	-	LNHIMF_01742	1	persistent	2	0	0
BEJGEH_01391	contig_1	1432281	1433186	+	LNHIMF_01741	1	persistent	2	0	0
BEJGEH_01392	contig_1	1433495	1434331	+	ALJMDI_03500	1	persistent	2	0	0
BEJGEH_01393	contig_1	1434422	1435135	-	GEGEGB_01673	1	persistent	2	0	0
BEJGEH_01394	contig_1	1435213	1435803	+	GEGEGB_01672	1	persistent	2	0	0
BEJGEH_01395	contig_1	1435932	1436168	+	GEGEGB_01671	1	persistent	2	0	0
BEJGEH_01396	contig_1	1436382	1437437	-	BEJGEH_01396	1	persistent	2	0	0
BEJGEH_01397	contig_1	1437882	1438733	-	LNHIMF_01735	1	persistent	2	0	0
BEJGEH_01398	contig_1	1439033	1439878	+	LNHIMF_01734	1	persistent	2	0	0
BEJGEH_01399	contig_1	1439953	1441935	+	LNHIMF_01733	1	persistent	2	0	2
BEJGEH_01400	contig_1	1441962	1442786	+	BEJGEH_01400	1	persistent	2	0	0
BEJGEH_01401	contig_1	1442924	1443442	+	LNHIMF_01731	1	persistent	3	0	2
BEJGEH_01402	contig_1	1443547	1443885	-	GEGEGB_01664	1	persistent	2	0	0
BEJGEH_01403	contig_1	1443913	1444599	-	LNHIMF_01729	1	persistent	3	0	0
BEJGEH_01404	contig_1	1444643	1445245	+	GEGEGB_01662	1	persistent	2	0	0
BEJGEH_01405	contig_1	1445327	1446358	-	GEGEGB_01661	1	persistent	2	0	0
BEJGEH_01406	contig_1	1446597	1446851	+	GEGEGB_01660	1	persistent	2	0	0
BEJGEH_01407	contig_1	1446906	1447853	-	LNHIMF_01725	1	persistent	2	0	0
BEJGEH_01408	contig_1	1448004	1448756	-	LNHIMF_01724	1	persistent	2	0	0
BEJGEH_01409	contig_1	1448952	1449467	-	GEGEGB_01657	1	persistent	2	0	0
BEJGEH_01410	contig_1	1449725	1450288	+	LNHIMF_01722	1	persistent	2	0	0
BEJGEH_01411	contig_1	1450700	1451854	+	LNHIMF_01721	1	persistent	2	0	0
BEJGEH_01412	contig_1	1452000	1452983	+	LNHIMF_01720	1	persistent	2	0	0
BEJGEH_01414	contig_1	1453470	1454843	+	HFCAGB_01626	1	persistent	2	0	0
BEJGEH_01415	contig_1	1454887	1455822	-	GEGEGB_01650	1	persistent	2	0	2
BEJGEH_01416	contig_1	1456499	1459921	+	PAPNPA_04009	1	cloud	2	0	0
BEJGEH_01417	contig_1	1460196	1460534	+	GEGEGB_01648	1	persistent	2	0	2
BEJGEH_01418	contig_1	1460587	1461021	-	GEGEGB_01647	1	persistent	2	0	1
BEJGEH_01420	contig_1	1461503	1465027	-	GEGEGB_01642	1	persistent	2	1	0
BEJGEH_01421	contig_1	1465303	1465569	+	GEGEGB_01641	1	persistent	2	0	0
BEJGEH_01422	contig_1	1465613	1466023	-	GEGEGB_01640	1	persistent	2	0	0
BEJGEH_01423	contig_1	1466134	1467123	-	GEGEGB_01639	1	persistent	2	0	0
BEJGEH_01424	contig_1	1467363	1469999	+	BEJGEH_01424	1	persistent	2	0	0
BEJGEH_01425	contig_1	1469999	1470190	+	GEGEGB_01636	1	persistent	2	0	0
BEJGEH_01426	contig_1	1470198	1470521	+	LNHIMF_01706	1	persistent	2	0	0
BEJGEH_01427	contig_1	1470664	1471113	+	GEGEGB_01634	1	persistent	2	0	0
BEJGEH_01428	contig_1	1471110	1471715	-	GEGEGB_01633	1	persistent	2	0	0
BEJGEH_01429	contig_1	1471898	1475818	+	LNHIMF_01703	1	persistent	2	0	0
BEJGEH_01430	contig_1	1475882	1476682	+	GEGEGB_01631	1	persistent	2	0	0
BEJGEH_01431	contig_1	1476799	1477329	+	LNHIMF_01701	1	persistent	2	0	0
BEJGEH_01433	contig_1	1477600	1478262	-	GEGEGB_01627	1	persistent	2	0	0
BEJGEH_01434	contig_1	1478630	1478725	+	GEGEGB_01626	1	persistent	2	0	0
BEJGEH_01435	contig_1	1478726	1480276	-	LNHIMF_01697	1	persistent	2	0	0
BEJGEH_01436	contig_1	1480413	1481093	-	GEGEGB_01624	1	persistent	2	0	0
BEJGEH_01437	contig_1	1481090	1481821	-	LNHIMF_01695	1	persistent	2	0	0
BEJGEH_01438	contig_1	1481846	1482478	-	ALJMDI_03455	1	persistent	2	0	0
BEJGEH_01439	contig_1	1482500	1483261	-	GEGEGB_01621	1	persistent	2	0	0
BEJGEH_01440	contig_1	1484171	1484515	+	LNHIMF_01692	1	persistent	3	0	0
BEJGEH_01441	contig_1	1484636	1485862	-	LNHIMF_01691	1	persistent	2	0	0
BEJGEH_01442	contig_1	1486282	1486998	+	LNHIMF_01690	1	persistent	3	0	0
BEJGEH_01443	contig_1	1487157	1487282	+	BEJGEH_01443	1	persistent	2	0	0
BEJGEH_01444	contig_1	1488045	1488320	+	LNHIMF_01689	1	persistent	3	0	0
BEJGEH_01445	contig_1	1488352	1489470	+	LNHIMF_01688	1	persistent	2	0	0
BEJGEH_01446	contig_1	1489639	1491264	+	LNHIMF_01687	1	persistent	2	0	0
BEJGEH_01447	contig_1	1491325	1492248	-	LNHIMF_01686	1	persistent	2	0	0
BEJGEH_01448	contig_1	1492541	1493884	+	LNHIMF_01685	1	persistent	3	0	0
BEJGEH_01449	contig_1	1493933	1495441	+	LNHIMF_01684	1	persistent	2	0	0
BEJGEH_01450	contig_1	1495697	1497316	+	GEGEGB_01617	1	persistent	2	0	0
BEJGEH_01451	contig_1	1497521	1498087	+	LNHIMF_01682	1	persistent	2	0	1
BEJGEH_01452	contig_1	1498265	1498984	-	ONMMKP_00422	1	cloud	1	0	1
BEJGEH_01453	contig_1	1499075	1500166	-	ONMMKP_00423	1	cloud	0	0	2
BEJGEH_01454	contig_1	1500135	1501496	-	ONMMKP_00424	1	cloud	0	0	2
BEJGEH_01455	contig_1	1501580	1502347	-	ONMMKP_00425	1	cloud	0	0	2
BEJGEH_01456	contig_1	1502685	1503938	+	ONMMKP_00426	1	cloud	1	0	1
BEJGEH_01457	contig_1	1504079	1504516	-	BEJGEH_01457	1	persistent	2	0	1
BEJGEH_01458	contig_1	1504516	1505307	-	GEGEGB_01613	1	persistent	2	0	0
BEJGEH_01459	contig_1	1505323	1505955	-	GEGEGB_01612	1	persistent	2	0	0
BEJGEH_01460	contig_1	1505967	1506404	-	GEGEGB_01611	1	persistent	2	0	0
BEJGEH_01461	contig_1	1506536	1507342	-	LNHIMF_01676	1	persistent	2	0	0
BEJGEH_01462	contig_1	1507356	1508669	-	GEGEGB_01609	1	persistent	2	0	0
BEJGEH_01463	contig_1	1508680	1508961	-	GEGEGB_01608	1	persistent	2	0	0
BEJGEH_01464	contig_1	1508958	1510076	-	LNHIMF_01673	1	persistent	2	0	0
BEJGEH_01465	contig_1	1510293	1510832	+	GEGEGB_01606	1	persistent	2	0	0
BEJGEH_01466	contig_1	1510829	1511809	-	LNHIMF_01671	1	persistent	2	0	0
BEJGEH_01467	contig_1	1511916	1512929	+	LNHIMF_01670	1	persistent	2	0	0
BEJGEH_01468	contig_1	1512916	1513512	+	LNHIMF_01669	1	persistent	2	0	0
BEJGEH_01469	contig_1	1513668	1514336	+	LNHIMF_01668	1	persistent	2	0	0
BEJGEH_01470	contig_1	1514390	1515568	-	LNHIMF_01667	1	persistent	2	0	0
BEJGEH_01471	contig_1	1515660	1516196	+	GEGEGB_01600	1	persistent	2	0	0
BEJGEH_01472	contig_1	1516275	1518239	+	LNHIMF_01665	1	persistent	2	0	0
BEJGEH_01473	contig_1	1518240	1518470	-	GEGEGB_01598	1	persistent	1	1	1
BEJGEH_01474	contig_1	1518743	1519693	-	PAPNPA_03953	1	cloud	2	0	1
BEJGEH_01475	contig_1	1520209	1520607	+	GEGEGB_01595	1	persistent	1	1	2
BEJGEH_01476	contig_1	1521130	1521900	+	LNHIMF_01661	1	persistent	2	0	0
BEJGEH_01477	contig_1	1522036	1523460	+	LNHIMF_01660	1	persistent	2	0	0
BEJGEH_01478	contig_1	1523596	1525020	+	LNHIMF_01659	1	persistent	3	0	0
BEJGEH_01479	contig_1	1525419	1525592	+	BEJGEH_01479	1	persistent	2	0	0
BEJGEH_01480	contig_1	1525637	1527781	-	LNHIMF_01657	1	persistent	3	0	0
BEJGEH_01481	contig_1	1527778	1530759	-	GEGEGB_01590	1	persistent	2	0	0
BEJGEH_01482	contig_1	1530764	1532083	-	HFCAGB_01692	1	persistent	2	0	0
BEJGEH_01483	contig_1	1532307	1532540	+	LNHIMF_01654	1	persistent	2	0	0
BEJGEH_01484	contig_1	1532545	1532994	-	GEGEGB_01587	1	persistent	2	0	0
BEJGEH_01485	contig_1	1532994	1533509	-	LNHIMF_01652	1	persistent	2	0	0
BEJGEH_01486	contig_1	1533721	1534758	+	LNHIMF_01651	1	persistent	2	0	0
BEJGEH_01487	contig_1	1535092	1535757	+	GEGEGB_01584	1	persistent	2	0	0
BEJGEH_01488	contig_1	1535824	1537989	-	LNHIMF_01649	1	persistent	2	0	0
BEJGEH_01489	contig_1	1538208	1539269	+	GEGEGB_01582	1	persistent	2	0	0
BEJGEH_01490	contig_1	1539414	1539635	+	GEGEGB_01581	1	persistent	2	0	0
BEJGEH_01491	contig_1	1539712	1541205	-	GEGEGB_01580	1	persistent	2	0	0
BEJGEH_01492	contig_1	1541718	1542350	+	LNHIMF_01645	1	persistent	2	0	0
BEJGEH_01493	contig_1	1542634	1543479	+	LNHIMF_01644	1	persistent	2	0	0
BEJGEH_01494	contig_1	1543515	1544408	-	GEGEGB_01577	1	persistent	3	0	0
BEJGEH_01495	contig_1	1544514	1545194	-	LNHIMF_01642	1	persistent	2	0	0
BEJGEH_01496	contig_1	1545191	1545886	-	BEJGEH_01496	1	persistent	3	0	0
BEJGEH_01497	contig_1	1545886	1547430	-	GEGEGB_01575	2	persistent	4	0	0
BEJGEH_01498	contig_1	1547427	1551167	-	BEJGEH_01498	1	persistent	2	0	0
BEJGEH_01499	contig_1	1551259	1552647	-	LNHIMF_01638	1	persistent	2	0	0
BEJGEH_01500	contig_1	1552861	1553439	-	AJBGEP_01662	1	persistent	2	0	0
BEJGEH_01501	contig_1	1553557	1555044	+	LNHIMF_01636	1	persistent	2	0	0
BEJGEH_01502	contig_1	1555069	1555509	-	LNHIMF_01635	1	persistent	3	0	0
BEJGEH_01503	contig_1	1555593	1556615	-	BEJGEH_01503	1	persistent	2	0	1
BEJGEH_01505	contig_1	1556667	1557875	+	BEJGEH_00314	7	cloud	6	0	5
BEJGEH_01506	contig_1	1557885	1558013	-	BEJGEH_01506	1	cloud	1	0	1
BEJGEH_01507	contig_1	1558538	1559419	-	BEJGEH_01507	1	persistent	2	0	1
BEJGEH_01508	contig_1	1559697	1562744	+	LNHIMF_01632	1	persistent	4	0	0
BEJGEH_01509	contig_1	1562758	1563642	+	LNHIMF_01631	1	persistent	2	0	0
BEJGEH_01510	contig_1	1563635	1564291	+	LNHIMF_01630	1	persistent	2	0	0
BEJGEH_01511	contig_1	1564382	1565392	-	GEGEGB_01568	1	persistent	3	0	0
BEJGEH_01512	contig_1	1565674	1567371	-	GEGEGB_01567	1	persistent	2	0	0
BEJGEH_01513	contig_1	1567548	1567691	-	GEGEGB_01566	1	persistent	2	0	0
BEJGEH_01514	contig_1	1567786	1568001	-	GEGEGB_01565	1	persistent	2	0	0
BEJGEH_01515	contig_1	1568513	1568944	+	GEGEGB_01564	1	persistent	2	0	1
BEJGEH_01516	contig_1	1569296	1569625	+	GEGEGB_01561	1	persistent	2	0	1
BEJGEH_01517	contig_1	1569768	1570553	+	LNHIMF_01621	1	persistent	2	0	0
BEJGEH_01518	contig_1	1570682	1572466	+	LNHIMF_01620	1	persistent	2	0	0
BEJGEH_01519	contig_1	1572463	1574991	+	LNHIMF_01619	1	persistent	2	0	0
BEJGEH_01520	contig_1	1575048	1577123	+	HFCAGB_01727	1	persistent	2	0	0
BEJGEH_01521	contig_1	1577236	1578438	-	PAPNPA_03909	1	persistent	2	0	0
BEJGEH_01522	contig_1	1578451	1579902	-	LNHIMF_01616	1	persistent	2	1	0
BEJGEH_01523	contig_1	1580046	1581026	-	LNHIMF_01615	1	persistent	1	1	3
BEJGEH_01524	contig_1	1581314	1582777	+	BEJGEH_01524	1	shell	2	0	5
BEJGEH_01525	contig_1	1583032	1584012	-	BEJGEH_01525	1	cloud	1	2	2
BEJGEH_01526	contig_1	1584186	1585094	-	BEJGEH_01526	1	cloud	0	0	5
BEJGEH_01527	contig_1	1585250	1585465	+	BEJGEH_01527	1	cloud	0	0	2
BEJGEH_01528	contig_1	1585507	1585695	+	BEJGEH_01528	1	cloud	1	0	2
BEJGEH_01529	contig_1	1585970	1586302	-	BEJGEH_01529	1	persistent	1	2	6
BEJGEH_01530	contig_1	1587190	1587579	+	PAPNPA_03895	1	cloud	1	0	1
BEJGEH_01531	contig_1	1587582	1587935	+	PAPNPA_03894	1	cloud	1	0	1
BEJGEH_01533	contig_1	1588348	1588596	+	LNHIMF_01606	1	persistent	2	0	2
BEJGEH_01534	contig_1	1588586	1588870	+	LNHIMF_01605	1	persistent	2	0	0
BEJGEH_01535	contig_1	1589041	1589430	+	BEJGEH_01535	1	persistent	2	0	0
BEJGEH_01536	contig_1	1589482	1590561	-	LNHIMF_01603	1	persistent	2	0	1
BEJGEH_01537	contig_1	1590754	1591242	-	LNHIMF_01602	1	persistent	2	0	0
BEJGEH_01538	contig_1	1591287	1592795	+	BEJGEH_01538	1	persistent	2	0	0
BEJGEH_01539	contig_1	1592785	1594026	+	LNHIMF_01600	1	persistent	2	0	0
BEJGEH_01540	contig_1	1594096	1595652	+	BEJGEH_01540	1	persistent	2	0	1
BEJGEH_01541	contig_1	1595829	1597115	+	LNHIMF_01598	1	persistent	2	0	0
BEJGEH_01542	contig_1	1597090	1598115	+	GEGEGB_01544	1	persistent	2	0	0
BEJGEH_01543	contig_1	1598174	1598845	-	GEGEGB_01543	1	persistent	2	0	0
BEJGEH_01544	contig_1	1599011	1600099	-	GEGEGB_01542	1	persistent	2	0	1
BEJGEH_01545	contig_1	1600531	1601634	+	LNHIMF_01594	1	persistent	2	0	1
BEJGEH_01546	contig_1	1601637	1603439	+	LNHIMF_01593	1	persistent	2	0	0
BEJGEH_01547	contig_1	1603459	1604133	+	GEGEGB_01538	1	persistent	2	0	0
BEJGEH_01548	contig_1	1604139	1604747	+	GEGEGB_01537	1	persistent	2	0	0
BEJGEH_01549	contig_1	1604747	1605046	+	LNHIMF_01590	1	persistent	2	0	0
BEJGEH_01550	contig_1	1605043	1605453	+	GEGEGB_01535	1	persistent	2	0	0
BEJGEH_01551	contig_1	1605471	1606532	+	LNHIMF_01588	1	persistent	2	0	0
BEJGEH_01552	contig_1	1606520	1607407	+	BEJGEH_01552	1	persistent	3	0	0
BEJGEH_01553	contig_1	1607420	1607761	+	LNHIMF_01586	1	persistent	2	0	0
BEJGEH_01554	contig_1	1607902	1609020	-	LNHIMF_01585	1	persistent	3	0	0
BEJGEH_01556	contig_1	1609752	1610279	+	LNHIMF_01583	1	persistent	2	0	0
BEJGEH_01557	contig_1	1610335	1611282	-	GEGEGB_01529	1	persistent	2	0	0
BEJGEH_01558	contig_1	1611505	1611864	-	BEJGEH_01558	1	persistent	2	0	0
BEJGEH_01559	contig_1	1611864	1612790	-	LNHIMF_01580	1	persistent	2	0	0
BEJGEH_01560	contig_1	1612863	1614251	-	LNHIMF_01579	1	persistent	2	0	0
BEJGEH_01561	contig_1	1614354	1615226	+	LNHIMF_01578	1	persistent	2	0	0
BEJGEH_01562	contig_1	1615342	1616532	+	GEGEGB_01524	1	persistent	2	0	0
BEJGEH_01563	contig_1	1616579	1617244	-	GEGEGB_01523	1	persistent	2	0	0
BEJGEH_01564	contig_1	1617503	1617937	+	GEGEGB_01522	1	persistent	2	0	0
BEJGEH_01565	contig_1	1617957	1618340	+	GEGEGB_01521	1	persistent	2	0	0
BEJGEH_01566	contig_1	1618375	1618584	+	GEGEGB_01520	1	persistent	2	0	0
BEJGEH_01567	contig_1	1618703	1619602	-	GEGEGB_01519	1	persistent	2	0	0
BEJGEH_01568	contig_1	1619833	1621020	+	LNHIMF_01571	1	persistent	2	0	0
BEJGEH_01569	contig_1	1621268	1621363	+	GEGEGB_01517	1	persistent	2	0	0
BEJGEH_01571	contig_1	1621710	1622102	-	LNHIMF_01568	1	persistent	2	0	0
BEJGEH_01572	contig_1	1622485	1623012	+	LNHIMF_01567	1	persistent	3	0	0
BEJGEH_01573	contig_1	1623132	1623314	-	GEGEGB_01513	3	persistent	6	0	0
BEJGEH_01574	contig_1	1623659	1625701	-	LNHIMF_01565	1	persistent	3	0	0
BEJGEH_01575	contig_1	1625840	1626586	+	GEGEGB_01511	1	persistent	2	0	0
BEJGEH_01576	contig_1	1626716	1627402	+	GEGEGB_01510	1	persistent	2	0	0
BEJGEH_01577	contig_1	1627583	1627786	+	GEGEGB_01509	1	persistent	2	0	0
BEJGEH_01578	contig_1	1627853	1629319	-	BEJGEH_01578	1	persistent	2	0	0
BEJGEH_01579	contig_1	1629463	1630842	-	GEGEGB_01506	1	persistent	2	0	1
BEJGEH_01580	contig_1	1630896	1631915	-	GEGEGB_01505	1	persistent	2	0	1
BEJGEH_01581	contig_1	1631926	1633140	-	LNHIMF_01558	1	persistent	2	0	0
BEJGEH_01582	contig_1	1633262	1633597	-	LNHIMF_01557	1	persistent	2	0	0
BEJGEH_01583	contig_1	1633741	1634082	+	GEGEGB_01502	1	persistent	2	0	0
BEJGEH_01584	contig_1	1634118	1634678	+	LNHIMF_01555	1	persistent	2	0	0
BEJGEH_01585	contig_1	1634719	1635396	-	OEKLIE_00834	1	persistent	2	0	1
BEJGEH_01586	contig_1	1635536	1635841	+	LNHIMF_01553	1	persistent	2	0	0
BEJGEH_01587	contig_1	1635998	1638436	+	LNHIMF_01552	1	persistent	2	0	1
BEJGEH_01588	contig_1	1638562	1640970	+	AJBGEP_01578	1	persistent	2	0	0
BEJGEH_01589	contig_1	1640981	1641598	+	GEGEGB_01496	2	persistent	4	0	0
BEJGEH_01590	contig_1	1641600	1642457	+	LNHIMF_01549	1	persistent	2	0	0
BEJGEH_01591	contig_1	1642500	1643114	+	LNHIMF_01548	1	persistent	2	0	0
BEJGEH_01592	contig_1	1643419	1644129	+	GEGEGB_01493	1	persistent	2	0	0
BEJGEH_01593	contig_1	1644158	1645060	+	GEGEGB_01492	1	persistent	2	0	0
BEJGEH_01594	contig_1	1645070	1645717	+	GEGEGB_01491	1	persistent	2	0	0
BEJGEH_01595	contig_1	1645717	1646865	+	GEGEGB_01490	1	persistent	2	0	0
BEJGEH_01596	contig_1	1647037	1648290	+	LNHIMF_01543	1	persistent	2	0	0
BEJGEH_01597	contig_1	1648246	1648941	-	LNHIMF_01542	1	persistent	2	0	0
BEJGEH_01598	contig_1	1649067	1650287	-	LNHIMF_01541	1	persistent	2	0	0
BEJGEH_01599	contig_1	1650415	1651314	-	LNHIMF_01540	1	persistent	2	0	0
BEJGEH_01600	contig_1	1651434	1652687	+	GEGEGB_01485	1	persistent	2	1	0
BEJGEH_01601	contig_1	1653082	1653330	+	GEGEGB_01480	1	persistent	2	0	1
BEJGEH_01602	contig_1	1653599	1654420	+	GEGEGB_01479	1	persistent	2	0	0
BEJGEH_01603	contig_1	1654455	1654784	-	GEGEGB_01478	1	persistent	2	0	0
BEJGEH_01604	contig_1	1654771	1655133	-	GEGEGB_01477	1	persistent	2	0	0
BEJGEH_01605	contig_1	1655551	1656585	+	GEGEGB_01476	1	persistent	2	0	0
BEJGEH_01606	contig_1	1656760	1658148	-	GEGEGB_01475	1	persistent	2	0	0
BEJGEH_01607	contig_1	1658159	1659688	-	GEGEGB_01474	1	persistent	2	0	0
BEJGEH_01608	contig_1	1660215	1661159	+	LNHIMF_01531	1	persistent	2	0	2
BEJGEH_01609	contig_1	1661458	1662840	+	GEGEGB_01423	1	persistent	2	0	2
BEJGEH_01610	contig_1	1662902	1663237	-	GEGEGB_01422	1	persistent	2	0	0
BEJGEH_01611	contig_1	1663364	1664095	+	LNHIMF_01528	1	persistent	2	0	0
BEJGEH_01612	contig_1	1664575	1665741	+	LNHIMF_01527	1	persistent	2	0	0
BEJGEH_01613	contig_1	1665900	1667600	+	LNHIMF_01526	1	persistent	2	0	0
BEJGEH_01614	contig_1	1667711	1669012	+	LNHIMF_01525	1	persistent	2	0	1
BEJGEH_01615	contig_1	1669088	1670017	+	LNHIMF_01524	1	persistent	2	0	1
BEJGEH_01616	contig_1	1670014	1671417	-	LNHIMF_01523	1	persistent	2	0	0
BEJGEH_01617	contig_1	1671585	1673231	-	GEGEGB_01415	2	persistent	4	0	0
BEJGEH_01618	contig_1	1673431	1674606	+	GEGEGB_01414	1	persistent	2	0	0
BEJGEH_01619	contig_1	1674709	1676217	+	GEGEGB_01413	1	persistent	2	0	2
BEJGEH_01620	contig_1	1676275	1676865	-	ALJMDI_03279	1	cloud	1	0	2
BEJGEH_01621	contig_1	1676875	1677270	+	ALJMDI_03277	1	cloud	1	0	2
BEJGEH_01622	contig_1	1677488	1678489	+	GEGEGB_01411	1	persistent	2	0	2
BEJGEH_01623	contig_1	1678564	1679604	-	GEGEGB_01410	1	persistent	2	0	0
BEJGEH_01624	contig_1	1680234	1680449	+	GEGEGB_01409	1	persistent	2	0	0
BEJGEH_01625	contig_1	1680538	1680978	+	GEGEGB_01408	1	persistent	2	0	0
BEJGEH_01626	contig_1	1681055	1681636	+	GEGEGB_01407	1	persistent	2	0	0
BEJGEH_01627	contig_1	1681636	1682214	+	GEGEGB_01406	1	persistent	2	0	0
BEJGEH_01628	contig_1	1682207	1684414	+	BEJGEH_01628	1	persistent	2	0	0
BEJGEH_01629	contig_1	1684415	1685473	+	GEGEGB_01404	1	persistent	2	0	0
BEJGEH_01630	contig_1	1685477	1686097	+	GEGEGB_01403	1	persistent	2	0	0
BEJGEH_01631	contig_1	1686100	1686792	+	GEGEGB_01402	1	persistent	2	0	0
BEJGEH_01632	contig_1	1686792	1687427	+	LNHIMF_01506	1	persistent	2	0	0
BEJGEH_01633	contig_1	1688029	1689534	+	BEJGEH_01633	1	persistent	2	0	0
BEJGEH_01634	contig_1	1689639	1690244	+	LNHIMF_01504	1	persistent	2	0	0
BEJGEH_01635	contig_1	1690303	1691163	-	LNHIMF_01503	1	persistent	2	0	0
BEJGEH_01636	contig_1	1691223	1692497	-	GEGEGB_01397	1	persistent	2	0	0
BEJGEH_01637	contig_1	1692624	1693280	-	GEGEGB_01396	1	persistent	2	0	0
BEJGEH_01638	contig_1	1693339	1693701	-	LNHIMF_01500	1	persistent	2	0	0
BEJGEH_01639	contig_1	1693756	1694877	-	GEGEGB_01394	1	persistent	2	0	0
BEJGEH_01640	contig_1	1695150	1695617	+	GEGEGB_01393	1	persistent	2	0	0
BEJGEH_01641	contig_1	1695665	1696099	-	GEGEGB_01392	1	persistent	2	0	0
BEJGEH_01642	contig_1	1696300	1696536	+	GEGEGB_01391	1	persistent	2	0	0
BEJGEH_01643	contig_1	1696539	1697399	+	GEGEGB_01390	1	persistent	2	0	0
BEJGEH_01644	contig_1	1697399	1699438	+	LNHIMF_01494	1	persistent	2	0	0
BEJGEH_01645	contig_1	1699414	1699935	-	GEGEGB_01388	1	persistent	2	0	0
BEJGEH_01646	contig_1	1700015	1700911	-	GEGEGB_01387	1	persistent	3	0	0
BEJGEH_01647	contig_1	1701304	1701903	+	GEGEGB_01386	1	persistent	3	0	0
BEJGEH_01648	contig_1	1701962	1703059	+	GEGEGB_01385	1	persistent	3	0	0
BEJGEH_01649	contig_1	1703128	1703535	+	GEGEGB_01384	1	persistent	2	0	0
BEJGEH_01650	contig_1	1703636	1704283	+	GEGEGB_01383	1	persistent	2	0	0
BEJGEH_01651	contig_1	1704360	1704707	-	GEGEGB_01382	1	persistent	2	0	0
BEJGEH_01652	contig_1	1705042	1705863	+	GEGEGB_01381	1	persistent	2	0	0
BEJGEH_01653	contig_1	1705990	1706571	+	GEGEGB_01380	1	persistent	2	0	0
BEJGEH_01655	contig_1	1706654	1706743	-	GEGEGB_01379	1	persistent	2	0	0
BEJGEH_01656	contig_1	1707039	1708064	+	GEGEGB_01377	1	persistent	2	0	0
BEJGEH_01657	contig_1	1708061	1708993	-	GEGEGB_01376	1	persistent	2	0	0
BEJGEH_01658	contig_1	1709106	1710311	+	LNHIMF_01479	1	persistent	2	0	0
BEJGEH_01659	contig_1	1710601	1711749	+	GEGEGB_01374	1	persistent	2	0	0
BEJGEH_01660	contig_1	1711791	1712432	-	GEGEGB_01373	1	persistent	2	0	0
BEJGEH_01661	contig_1	1712649	1714022	+	GEGEGB_01372	1	persistent	2	0	0
BEJGEH_01664	contig_1	1714495	1715553	-	GEGEGB_01369	1	persistent	2	0	0
BEJGEH_01665	contig_1	1715550	1716329	-	GEGEGB_01368	1	persistent	2	0	0
BEJGEH_01666	contig_1	1716330	1716596	-	GEGEGB_01367	1	persistent	2	0	0
BEJGEH_01667	contig_1	1716593	1717240	-	LNHIMF_01470	1	persistent	2	0	0
BEJGEH_01668	contig_1	1717308	1718276	-	LNHIMF_01469	1	persistent	2	0	0
BEJGEH_01669	contig_1	1718257	1718631	-	GEGEGB_01364	1	persistent	2	0	0
BEJGEH_01670	contig_1	1718612	1719043	-	LNHIMF_01467	1	persistent	2	0	0
BEJGEH_01671	contig_1	1718992	1720293	-	GEGEGB_01362	1	persistent	2	0	1
BEJGEH_01672	contig_1	1720283	1722328	-	LNHIMF_01465	1	persistent	2	0	1
BEJGEH_01673	contig_1	1722313	1722681	-	LNHIMF_01464	1	persistent	2	0	0
BEJGEH_01674	contig_1	1722739	1723731	-	LNHIMF_01463	1	persistent	2	0	0
BEJGEH_01675	contig_1	1723721	1724395	-	GEGEGB_01358	1	persistent	2	0	0
BEJGEH_01676	contig_1	1724392	1724643	-	GEGEGB_01357	1	persistent	2	0	0
BEJGEH_01677	contig_1	1724958	1725707	-	BEJGEH_01677	1	persistent	2	0	0
BEJGEH_01678	contig_1	1725704	1725967	-	LNHIMF_01459	1	persistent	2	0	0
BEJGEH_01679	contig_1	1725964	1726254	-	GEGEGB_01354	1	persistent	2	0	0
BEJGEH_01680	contig_1	1726232	1726447	-	GEGEGB_01353	1	persistent	2	0	0
BEJGEH_01681	contig_1	1726541	1727230	-	LNHIMF_01456	1	persistent	2	0	0
BEJGEH_01682	contig_1	1727227	1728009	-	HFCAGB_01878	1	persistent	2	0	0
BEJGEH_01683	contig_1	1728025	1728453	-	LNHIMF_01454	1	persistent	2	0	0
BEJGEH_01684	contig_1	1728511	1728927	-	GEGEGB_01349	1	persistent	2	0	0
BEJGEH_01685	contig_1	1728930	1729517	-	GEGEGB_01348	1	persistent	2	0	0
BEJGEH_01686	contig_1	1729533	1730987	-	LNHIMF_01451	1	persistent	2	0	0
BEJGEH_01687	contig_1	1730990	1731463	-	LNHIMF_01450	1	persistent	2	0	0
BEJGEH_01688	contig_1	1731460	1732050	-	GEGEGB_01345	1	persistent	2	0	0
BEJGEH_01689	contig_1	1732057	1732380	-	GEGEGB_01344	1	persistent	2	0	0
BEJGEH_01690	contig_1	1732646	1732888	-	GEGEGB_01343	1	persistent	2	0	0
BEJGEH_01691	contig_1	1732896	1734107	-	GEGEGB_01342	1	persistent	2	0	0
BEJGEH_01692	contig_1	1734088	1735581	-	LNHIMF_01445	1	persistent	2	0	0
BEJGEH_01693	contig_1	1735583	1735966	-	GEGEGB_01340	1	persistent	2	0	0
BEJGEH_01694	contig_1	1736385	1739147	+	LNHIMF_01443	1	persistent	2	0	0
BEJGEH_01695	contig_1	1739178	1739816	+	GEGEGB_01338	1	persistent	2	0	0
BEJGEH_01696	contig_1	1739995	1740723	+	GEGEGB_01337	1	persistent	2	0	0
BEJGEH_01697	contig_1	1740895	1741854	+	GEGEGB_01336	1	persistent	2	0	0
BEJGEH_01698	contig_1	1741950	1742162	-	GEGEGB_01335	1	persistent	2	0	0
BEJGEH_01699	contig_1	1742260	1742880	-	GEGEGB_01334	1	persistent	2	0	0
BEJGEH_01700	contig_1	1742855	1744633	-	GEGEGB_01333	1	persistent	2	0	0
BEJGEH_01701	contig_1	1744815	1745549	+	GEGEGB_01332	1	persistent	2	0	0
BEJGEH_01702	contig_1	1745550	1746572	+	LNHIMF_01435	1	persistent	2	0	0
BEJGEH_01703	contig_1	1746565	1749627	+	GEGEGB_01330	1	persistent	2	0	0
BEJGEH_01704	contig_1	1749950	1751176	+	BEJGEH_01704	1	persistent	2	0	0
BEJGEH_01705	contig_1	1751188	1751925	+	LNHIMF_01432	1	persistent	2	0	1
BEJGEH_01706	contig_1	1751984	1752877	+	BEJGEH_01706	1	persistent	2	0	0
BEJGEH_01707	contig_1	1752899	1754242	+	LNHIMF_01430	1	persistent	2	0	1
BEJGEH_01708	contig_1	1754644	1756056	+	GEGEGB_01324	1	persistent	2	0	0
BEJGEH_01709	contig_1	1756367	1756603	+	GEGEGB_01322	2	persistent	3	0	2
BEJGEH_01710	contig_1	1756686	1756925	+	GEGEGB_01322	2	persistent	3	0	2
BEJGEH_01711	contig_1	1756992	1757993	-	LNHIMF_01426	1	persistent	2	0	3
BEJGEH_01712	contig_1	1758148	1758564	-	GEGEGB_01319	1	persistent	2	0	1
BEJGEH_01713	contig_1	1758577	1759797	-	GEGEGB_01318	1	persistent	2	0	0
BEJGEH_01714	contig_1	1759794	1761065	-	LNHIMF_01423	1	persistent	2	0	0
BEJGEH_01715	contig_1	1761040	1761786	-	LNHIMF_01422	1	persistent	2	0	0
BEJGEH_01716	contig_1	1761803	1763290	-	LNHIMF_01421	1	persistent	2	0	0
BEJGEH_01717	contig_1	1763299	1763667	-	GEGEGB_01314	1	persistent	2	0	0
BEJGEH_01718	contig_1	1764095	1765441	+	LNHIMF_01419	1	persistent	2	0	0
BEJGEH_01720	contig_1	1765729	1765917	-	LNHIMF_01417	1	persistent	2	0	0
BEJGEH_01721	contig_1	1766016	1766426	-	GEGEGB_01310	1	persistent	2	0	0
BEJGEH_01722	contig_1	1766423	1769479	-	LNHIMF_01415	1	persistent	2	0	0
BEJGEH_01723	contig_1	1769744	1770862	+	LNHIMF_01414	1	persistent	2	0	1
BEJGEH_01725	contig_1	1771320	1771679	+	LNHIMF_01412	1	persistent	2	0	0
BEJGEH_01726	contig_1	1771820	1773031	+	HFCAGB_01923	1	persistent	2	0	0
BEJGEH_01727	contig_1	1773395	1774630	+	LNHIMF_01410	1	persistent	2	0	0
BEJGEH_01728	contig_1	1774697	1775563	+	LNHIMF_01409	1	persistent	2	0	0
BEJGEH_01729	contig_1	1775608	1776366	+	LNHIMF_01408	1	persistent	2	0	0
BEJGEH_01730	contig_1	1776520	1778115	+	LNHIMF_01407	1	persistent	2	0	0
BEJGEH_01731	contig_1	1778129	1779280	+	LNHIMF_01406	1	persistent	2	0	0
BEJGEH_01732	contig_1	1779356	1780246	-	LNHIMF_01405	1	persistent	2	0	0
BEJGEH_01733	contig_1	1780709	1781473	+	LNHIMF_01404	1	persistent	2	0	0
BEJGEH_01734	contig_1	1781495	1782430	+	BEJGEH_01734	1	persistent	2	0	0
BEJGEH_01735	contig_1	1782487	1783773	+	BEJGEH_01735	1	persistent	2	0	0
BEJGEH_01736	contig_1	1783770	1784063	+	BEJGEH_01736	1	persistent	2	0	0
BEJGEH_01737	contig_1	1784153	1785793	+	LNHIMF_01400	1	persistent	2	0	0
BEJGEH_01738	contig_1	1785835	1788213	-	GEGEGB_01305	1	persistent	2	0	1
BEJGEH_01739	contig_1	1788550	1789383	+	GEGEGB_01304	1	persistent	2	0	0
BEJGEH_01740	contig_1	1789539	1790585	+	LNHIMF_01397	1	persistent	2	0	0
BEJGEH_01741	contig_1	1790742	1790933	+	GEGEGB_01302	1	persistent	2	0	0
BEJGEH_01742	contig_1	1790969	1792411	-	GEGEGB_01301	1	persistent	2	0	0
BEJGEH_01743	contig_1	1792473	1793186	-	IKCLMC_04832	1	persistent	2	0	0
BEJGEH_01744	contig_1	1793500	1793964	-	LNHIMF_01393	1	persistent	2	0	0
BEJGEH_01745	contig_1	1794041	1794790	-	GEGEGB_01298	1	persistent	2	0	0
BEJGEH_01746	contig_1	1794790	1795341	-	GEGEGB_01297	1	persistent	2	0	0
BEJGEH_01747	contig_1	1795433	1796413	-	LNHIMF_01390	1	persistent	2	0	0
BEJGEH_01749	contig_1	1796616	1796915	-	GEGEGB_01294	1	persistent	2	0	0
BEJGEH_01750	contig_1	1796920	1799307	-	LNHIMF_01387	1	persistent	2	0	0
BEJGEH_01751	contig_1	1799323	1800306	-	GEGEGB_01292	1	persistent	2	0	0
BEJGEH_01752	contig_1	1800443	1800487	-	GEGEGB_01291	1	persistent	2	0	0
BEJGEH_01753	contig_1	1800608	1800964	-	GEGEGB_01290	1	persistent	2	0	0
BEJGEH_01754	contig_1	1801015	1801212	-	GEGEGB_01289	1	persistent	2	0	0
BEJGEH_01755	contig_1	1801308	1801742	-	GEGEGB_01288	1	persistent	2	0	0
BEJGEH_01756	contig_1	1801854	1803782	-	GEGEGB_01287	1	persistent	3	2	0
BEJGEH_01757	contig_1	1804042	1804896	-	LNHIMF_01380	1	persistent	3	1	1
BEJGEH_01758	contig_1	1804893	1805207	-	GEGEGB_01283	1	persistent	2	0	0
BEJGEH_01759	contig_1	1805350	1806309	+	GEGEGB_01282	1	persistent	3	0	0
BEJGEH_01760	contig_1	1806358	1807116	-	GEGEGB_01281	1	persistent	2	0	0
BEJGEH_01761	contig_1	1807405	1808337	+	LNHIMF_01376	1	persistent	2	0	0
BEJGEH_01762	contig_1	1808434	1808724	+	GEGEGB_01279	1	persistent	2	0	0
BEJGEH_01763	contig_1	1808831	1809691	+	GEGEGB_01278	1	persistent	2	0	0
BEJGEH_01764	contig_1	1809734	1810270	-	GEGEGB_01277	1	persistent	2	0	0
BEJGEH_01765	contig_1	1810419	1811087	+	LNHIMF_01372	1	persistent	2	0	0
BEJGEH_01766	contig_1	1811225	1811824	+	LNHIMF_01371	1	persistent	2	0	0
BEJGEH_01767	contig_1	1811961	1813352	+	LNHIMF_01370	1	persistent	2	0	0
BEJGEH_01768	contig_1	1813455	1813697	-	GEGEGB_01273	1	persistent	2	0	0
BEJGEH_01769	contig_1	1813914	1816166	+	LNHIMF_01368	1	persistent	2	1	0
BEJGEH_01770	contig_1	1816210	1816968	-	LNHIMF_01367	1	persistent	2	1	0
BEJGEH_01771	contig_1	1816981	1818336	-	LNHIMF_01366	1	persistent	2	0	0
BEJGEH_01772	contig_1	1818461	1819300	-	GEGEGB_01267	1	persistent	2	0	0
BEJGEH_01773	contig_1	1819314	1819661	-	GEGEGB_01266	1	persistent	2	0	0
BEJGEH_01774	contig_1	1819712	1821070	-	GEGEGB_01265	1	persistent	2	0	1
BEJGEH_01775	contig_1	1821153	1821473	-	GEGEGB_01264	1	persistent	2	0	0
BEJGEH_01776	contig_1	1821774	1822115	-	GEGEGB_01263	1	persistent	2	0	1
BEJGEH_01777	contig_1	1822334	1823161	+	GEGEGB_01262	1	persistent	2	0	0
BEJGEH_01778	contig_1	1823282	1824163	+	GEGEGB_01261	1	persistent	2	0	0
BEJGEH_01779	contig_1	1824238	1824723	-	LNHIMF_01358	1	persistent	2	0	0
BEJGEH_01780	contig_1	1824807	1825022	-	GEGEGB_01259	1	persistent	2	0	0
BEJGEH_01781	contig_1	1825059	1826027	-	LNHIMF_01356	1	persistent	2	0	0
BEJGEH_01782	contig_1	1826020	1827363	-	GEGEGB_01257	1	persistent	2	0	0
BEJGEH_01783	contig_1	1827360	1828838	-	HFCAGB_01981	1	persistent	2	0	0
BEJGEH_01784	contig_1	1828835	1829869	-	LNHIMF_01353	1	persistent	2	0	0
BEJGEH_01785	contig_1	1829860	1831086	-	GEGEGB_01253	1	persistent	2	0	0
BEJGEH_01786	contig_1	1831460	1832338	+	GEGEGB_01252	1	persistent	2	0	0
BEJGEH_01787	contig_1	1832411	1832827	+	LNHIMF_01350	1	persistent	2	0	0
BEJGEH_01788	contig_1	1832787	1833062	-	LNHIMF_01349	1	persistent	2	0	0
BEJGEH_01789	contig_1	1833301	1834644	+	LNHIMF_01348	1	persistent	2	0	0
BEJGEH_01790	contig_1	1834674	1836623	-	GEGEGB_01248	1	persistent	2	0	0
BEJGEH_01791	contig_1	1836628	1837671	-	LNHIMF_01346	1	persistent	2	0	0
BEJGEH_01792	contig_1	1837789	1838340	-	GEGEGB_01246	1	persistent	2	0	0
BEJGEH_01793	contig_1	1838514	1840370	+	GEGEGB_01245	1	persistent	2	0	0
BEJGEH_01794	contig_1	1840394	1841482	+	LNHIMF_01343	1	persistent	2	0	0
BEJGEH_01795	contig_1	1841509	1842165	+	LNHIMF_01342	1	persistent	2	0	1
BEJGEH_01796	contig_1	1842516	1842794	-	GEGEGB_01242	1	persistent	2	0	2
BEJGEH_01797	contig_1	1842836	1843249	-	GEGEGB_01241	1	persistent	2	0	0
BEJGEH_01798	contig_1	1843591	1844586	+	GEGEGB_01240	2	persistent	2	0	2
BEJGEH_01799	contig_1	1844921	1845805	+	LNHIMF_01338	1	persistent	2	0	0
BEJGEH_01800	contig_1	1845904	1846752	-	GEGEGB_01237	1	persistent	2	0	0
BEJGEH_01801	contig_1	1846858	1848054	-	LNHIMF_01336	1	persistent	2	0	0
BEJGEH_01802	contig_1	1848344	1849090	-	GEGEGB_01235	1	persistent	2	0	0
BEJGEH_01803	contig_1	1849517	1851451	+	LNHIMF_01334	1	persistent	2	0	0
BEJGEH_01804	contig_1	1851574	1852860	+	PAPNPA_01180	1	persistent	2	0	3
BEJGEH_01805	contig_1	1853014	1853229	-	IKCLMC_04894	1	cloud	2	0	0
BEJGEH_01806	contig_1	1853532	1855025	+	LNHIMF_01331	1	persistent	2	0	3
BEJGEH_01807	contig_1	1855066	1855593	+	GEGEGB_01230	1	persistent	2	0	0
BEJGEH_01808	contig_1	1855722	1855844	-	BEJGEH_01808	1	persistent	2	0	0
BEJGEH_01809	contig_1	1856050	1856496	+	GEGEGB_01228	1	persistent	2	0	0
BEJGEH_01810	contig_1	1856476	1857270	-	LNHIMF_01327	1	persistent	2	0	0
BEJGEH_01811	contig_1	1857371	1858555	+	LNHIMF_01326	1	persistent	2	0	0
BEJGEH_01812	contig_1	1858674	1859021	+	GEGEGB_01225	1	persistent	2	0	0
BEJGEH_01813	contig_1	1859007	1859318	-	GEGEGB_01224	1	persistent	2	0	0
BEJGEH_01814	contig_1	1859387	1859638	-	GEGEGB_01223	1	persistent	2	1	0
BEJGEH_01815	contig_1	1860071	1860319	-	GEGEGB_01220	1	persistent	2	1	0
BEJGEH_01817	contig_1	1860633	1861274	-	LNHIMF_01320	1	persistent	2	0	0
BEJGEH_01818	contig_1	1861504	1861686	-	GEGEGB_01217	1	persistent	2	0	0
BEJGEH_01819	contig_1	1861689	1862051	-	GEGEGB_01216	1	persistent	2	0	0
BEJGEH_01820	contig_1	1862224	1862862	-	GEGEGB_01215	1	persistent	2	0	0
BEJGEH_01821	contig_1	1863060	1863605	-	LNHIMF_01316	1	persistent	2	0	0
BEJGEH_01822	contig_1	1863922	1864170	+	LNHIMF_01315	1	persistent	2	0	0
BEJGEH_01823	contig_1	1864425	1865273	-	LNHIMF_01314	1	persistent	2	0	0
BEJGEH_01824	contig_1	1865342	1865935	-	GEGEGB_01211	1	persistent	2	0	0
BEJGEH_01825	contig_1	1866080	1866868	-	LNHIMF_01312	1	persistent	2	0	0
BEJGEH_01826	contig_1	1866977	1867627	-	GEGEGB_01209	1	persistent	2	0	0
BEJGEH_01829	contig_1	1867821	1868147	-	GEGEGB_01206	1	persistent	2	0	0
BEJGEH_01830	contig_1	1868341	1869474	+	GEGEGB_01205	1	persistent	2	0	0
BEJGEH_01831	contig_1	1869556	1870146	-	HFCAGB_02036	1	persistent	2	0	0
BEJGEH_01832	contig_1	1870140	1870937	-	GEGEGB_01203	1	persistent	2	0	0
BEJGEH_01833	contig_1	1870931	1871743	-	GEGEGB_01202	1	persistent	2	0	0
BEJGEH_01834	contig_1	1871733	1872707	-	GEGEGB_01201	1	persistent	2	0	0
BEJGEH_01835	contig_1	1872707	1874341	-	LNHIMF_01302	1	persistent	2	0	0
BEJGEH_01836	contig_1	1875023	1875337	+	GEGEGB_01199	1	persistent	2	0	0
BEJGEH_01837	contig_1	1875486	1876016	+	GEGEGB_01198	1	persistent	2	0	0
BEJGEH_01838	contig_1	1876099	1877142	-	LNHIMF_01299	1	persistent	2	0	0
BEJGEH_01839	contig_1	1877481	1877948	-	GEGEGB_01196	1	persistent	2	0	0
BEJGEH_01840	contig_1	1878268	1878441	+	GEGEGB_01195	1	persistent	2	0	0
BEJGEH_01841	contig_1	1879076	1879420	+	LNHIMF_01296	1	persistent	2	0	0
BEJGEH_01844	contig_1	1880656	1881213	-	BEJGEH_01844	1	persistent	2	0	1
BEJGEH_01846	contig_1	1882021	1882284	+	HFCAGB_02052	1	persistent	2	0	2
BEJGEH_01847	contig_1	1882501	1882758	+	BEJGEH_01847	1	cloud	2	0	0
BEJGEH_01848	contig_1	1883046	1883567	+	GEGEGB_01187	1	persistent	2	0	1
BEJGEH_01849	contig_1	1883758	1883997	+	LNHIMF_01289	1	persistent	1	1	2
BEJGEH_01851	contig_1	1884486	1885274	+	AJBGEP_01316	1	shell	1	1	0
BEJGEH_01852	contig_1	1885596	1885802	+	AJBGEP_01315	1	shell	1	1	1
BEJGEH_01853	contig_1	1885901	1886065	+	PAPNPA_01133	1	cloud	1	1	0
BEJGEH_01854	contig_1	1886925	1888049	-	GEGEGB_01180	1	persistent	1	2	3
BEJGEH_01856	contig_1	1888507	1889757	-	GEGEGB_01781	1	persistent	2	1	1
BEJGEH_01857	contig_1	1889857	1890594	+	LNHIMF_01279	1	persistent	2	0	0
BEJGEH_01858	contig_1	1890591	1890920	+	GEGEGB_01783	1	persistent	2	0	0
BEJGEH_01859	contig_1	1890932	1891393	+	GEGEGB_01784	1	persistent	2	0	0
BEJGEH_01860	contig_1	1891447	1892553	+	GEGEGB_01785	1	persistent	2	0	0
BEJGEH_01861	contig_1	1892640	1893281	+	LNHIMF_01275	1	persistent	2	0	0
BEJGEH_01862	contig_1	1893285	1894655	+	BEJGEH_01862	1	persistent	2	0	0
BEJGEH_01863	contig_1	1894779	1895453	+	LNHIMF_01273	1	persistent	2	0	0
BEJGEH_01864	contig_1	1895453	1896916	+	GEGEGB_01789	1	persistent	2	0	0
BEJGEH_01865	contig_1	1896997	1898118	+	LNHIMF_01271	1	persistent	3	0	0
BEJGEH_01866	contig_1	1898158	1899492	-	HFCAGB_02070	1	persistent	2	1	0
BEJGEH_01867	contig_1	1899496	1900725	-	LNHIMF_01269	1	persistent	3	1	0
BEJGEH_01868	contig_1	1900976	1902112	+	LNHIMF_01268	1	persistent	2	0	0
BEJGEH_01869	contig_1	1902096	1902959	+	GEGEGB_01794	1	persistent	2	0	0
BEJGEH_01870	contig_1	1903288	1904298	+	LNHIMF_01266	1	persistent	2	0	0
BEJGEH_01871	contig_1	1904614	1905393	+	GEGEGB_01796	1	persistent	2	0	0
BEJGEH_01872	contig_1	1905418	1906464	+	GEGEGB_01797	1	persistent	2	0	0
BEJGEH_01873	contig_1	1906546	1907367	-	GEGEGB_01798	1	persistent	2	0	0
BEJGEH_01874	contig_1	1907386	1908297	-	GEGEGB_01799	1	persistent	2	0	0
BEJGEH_01875	contig_1	1908326	1909570	-	GEGEGB_01800	1	persistent	2	0	0
BEJGEH_01876	contig_1	1909570	1910271	-	GEGEGB_01801	1	persistent	2	0	0
BEJGEH_01877	contig_1	1910264	1911463	-	GEGEGB_01802	1	persistent	2	0	0
BEJGEH_01878	contig_1	1911801	1915247	+	BEJGEH_01878	1	persistent	2	0	0
BEJGEH_01879	contig_1	1915395	1916360	+	LNHIMF_01257	1	persistent	2	0	0
BEJGEH_01880	contig_1	1916457	1916714	-	GEGEGB_01805	1	persistent	2	0	0
BEJGEH_01881	contig_1	1916956	1917591	+	LNHIMF_01255	1	persistent	2	0	0
BEJGEH_01882	contig_1	1917666	1918205	-	GEGEGB_01807	1	persistent	2	0	1
BEJGEH_01883	contig_1	1918384	1919688	-	GEGEGB_01809	1	persistent	2	0	1
BEJGEH_01884	contig_1	1919942	1920484	-	GEGEGB_01810	1	persistent	2	0	0
BEJGEH_01885	contig_1	1920509	1921534	-	GEGEGB_01811	1	persistent	2	0	0
BEJGEH_01886	contig_1	1921545	1922369	-	GEGEGB_01812	1	persistent	2	0	0
BEJGEH_01887	contig_1	1922350	1922988	-	LNHIMF_01249	1	persistent	2	0	0
BEJGEH_01888	contig_1	1923002	1923376	-	GEGEGB_01814	1	persistent	2	0	0
BEJGEH_01889	contig_1	1923379	1923756	-	GEGEGB_01815	1	persistent	2	0	0
BEJGEH_01890	contig_1	1924080	1926254	+	BEJGEH_01890	1	persistent	2	0	0
BEJGEH_01891	contig_1	1926327	1927760	-	GEGEGB_01818	1	persistent	2	0	0
BEJGEH_01892	contig_1	1928055	1928852	-	GEGEGB_01819	1	persistent	2	0	0
BEJGEH_01893	contig_1	1928863	1929867	-	GEGEGB_01820	1	persistent	2	0	0
BEJGEH_01894	contig_1	1929864	1930505	-	GEGEGB_01821	1	persistent	2	0	0
BEJGEH_01895	contig_1	1930495	1931517	-	BEJGEH_01895	1	persistent	2	0	0
BEJGEH_01896	contig_1	1931520	1932329	-	GEGEGB_01823	1	persistent	2	0	1
BEJGEH_01897	contig_1	1932453	1933694	-	LNHIMF_01233	1	persistent	2	0	1
BEJGEH_01898	contig_1	1933780	1934016	-	GEGEGB_01825	1	persistent	2	0	0
BEJGEH_01899	contig_1	1934172	1934906	-	GEGEGB_01826	1	persistent	2	0	0
BEJGEH_01900	contig_1	1934919	1935848	-	GEGEGB_01827	1	persistent	2	0	0
BEJGEH_01901	contig_1	1935864	1936817	-	LNHIMF_01229	1	persistent	2	0	0
BEJGEH_01902	contig_1	1936897	1937946	-	GEGEGB_01829	1	persistent	2	0	0
BEJGEH_01903	contig_1	1938110	1938283	-	GEGEGB_01830	1	persistent	2	0	0
BEJGEH_01904	contig_1	1938335	1938856	-	GEGEGB_01831	1	persistent	2	0	0
BEJGEH_01906	contig_1	1939054	1939638	+	LNHIMF_01224	1	persistent	4	0	0
BEJGEH_01907	contig_1	1940137	1940898	-	BEJGEH_01907	1	persistent	3	0	0
BEJGEH_01908	contig_1	1941036	1942079	-	LNHIMF_01221	1	persistent	3	0	0
BEJGEH_01909	contig_1	1942569	1945772	+	ONMMKP_00953	1	persistent	2	1	1
BEJGEH_01910	contig_1	1946029	1946982	-	LNHIMF_01219	1	persistent	2	1	0
BEJGEH_01911	contig_1	1946997	1948658	-	GEGEGB_01839	1	persistent	2	0	0
BEJGEH_01912	contig_1	1948723	1949673	-	GEGEGB_01840	1	persistent	2	0	0
BEJGEH_01913	contig_1	1949673	1950770	-	GEGEGB_01841	1	persistent	2	0	0
BEJGEH_01914	contig_1	1950782	1951447	-	GEGEGB_01842	1	persistent	2	0	0
BEJGEH_01915	contig_1	1951535	1952317	-	GEGEGB_01843	1	persistent	2	0	0
BEJGEH_01916	contig_1	1952331	1953086	-	LNHIMF_01213	1	persistent	2	0	0
BEJGEH_01917	contig_1	1953107	1954318	-	GEGEGB_01845	1	persistent	2	0	0
BEJGEH_01918	contig_1	1954345	1955043	-	GEGEGB_01846	1	persistent	2	0	0
BEJGEH_01919	contig_1	1955055	1955459	-	GEGEGB_01847	1	persistent	2	0	0
BEJGEH_01920	contig_1	1955463	1955879	-	LNHIMF_01209	1	persistent	2	0	0
BEJGEH_01921	contig_1	1956036	1956695	+	GEGEGB_01849	1	persistent	2	0	0
BEJGEH_01922	contig_1	1956787	1957080	+	LNHIMF_01207	1	persistent	2	0	0
BEJGEH_01923	contig_1	1957085	1957507	+	GEGEGB_01851	1	persistent	2	0	0
BEJGEH_01924	contig_1	1957589	1959163	-	LNHIMF_01205	1	persistent	2	0	0
BEJGEH_01925	contig_1	1959428	1960351	-	LNHIMF_01204	1	persistent	2	0	0
BEJGEH_01926	contig_1	1960353	1961000	-	GEGEGB_01854	1	persistent	2	0	0
BEJGEH_01927	contig_1	1961036	1961620	-	LNHIMF_01202	1	persistent	2	0	0
BEJGEH_01928	contig_1	1961857	1963065	+	LNHIMF_01201	1	persistent	2	0	0
BEJGEH_01929	contig_1	1963129	1963776	+	GEGEGB_01857	1	persistent	2	0	0
BEJGEH_01930	contig_1	1963901	1964461	+	LNHIMF_01199	1	persistent	2	0	0
BEJGEH_01931	contig_1	1964565	1965611	+	LNHIMF_01198	1	persistent	2	0	0
BEJGEH_01932	contig_1	1965685	1965930	+	LNHIMF_01197	1	persistent	2	0	0
BEJGEH_01933	contig_1	1966220	1966474	+	LNHIMF_01196	1	persistent	2	0	0
BEJGEH_01934	contig_1	1966587	1967705	+	LNHIMF_01195	1	persistent	2	0	0
BEJGEH_01935	contig_1	1967746	1967859	+	GEGEGB_01863	1	persistent	2	0	0
BEJGEH_01936	contig_1	1968122	1968694	+	BEJGEH_01936	1	persistent	2	0	0
BEJGEH_01937	contig_1	1968691	1969266	+	GEGEGB_01865	1	persistent	2	0	0
BEJGEH_01938	contig_1	1969318	1970370	-	LNHIMF_01191	1	persistent	2	0	0
BEJGEH_01939	contig_1	1970590	1971510	+	LNHIMF_01190	1	persistent	2	0	0
BEJGEH_01940	contig_1	1971665	1972879	+	GEGEGB_01868	1	persistent	2	0	0
BEJGEH_01941	contig_1	1972961	1973335	+	GEGEGB_01869	1	persistent	2	0	0
BEJGEH_01942	contig_1	1973336	1973563	-	GEGEGB_01870	1	persistent	2	0	0
BEJGEH_01943	contig_1	1973629	1976172	-	LNHIMF_01186	1	persistent	2	0	0
BEJGEH_01944	contig_1	1976165	1977718	-	GEGEGB_01872	1	persistent	2	0	0
BEJGEH_01945	contig_1	1977972	1979126	+	GEGEGB_01873	1	persistent	2	0	0
BEJGEH_01946	contig_1	1979143	1980627	-	GEGEGB_01874	1	persistent	2	0	0
BEJGEH_01947	contig_1	1980566	1981105	-	GEGEGB_01875	1	persistent	2	0	0
BEJGEH_01948	contig_1	1981191	1981511	-	GEGEGB_01876	1	persistent	2	0	0
BEJGEH_01949	contig_1	1981643	1981969	-	BEJGEH_01949	1	persistent	2	0	0
BEJGEH_01950	contig_1	1982031	1982486	-	GEGEGB_01878	1	persistent	2	0	0
BEJGEH_01951	contig_1	1982528	1982983	-	LNHIMF_01178	1	persistent	2	0	0
BEJGEH_01953	contig_1	1983738	1984388	+	LNHIMF_01176	1	persistent	2	0	0
BEJGEH_01954	contig_1	1984393	1984788	+	GEGEGB_01882	1	persistent	2	0	0
BEJGEH_01955	contig_1	1984815	1985231	+	GEGEGB_01883	1	persistent	2	0	0
BEJGEH_01956	contig_1	1985258	1986091	+	GEGEGB_01884	1	persistent	2	0	0
BEJGEH_01957	contig_1	1986130	1986624	-	GEGEGB_01885	1	persistent	2	0	0
BEJGEH_01958	contig_1	1986713	1987267	-	GEGEGB_01886	1	persistent	2	0	0
BEJGEH_01959	contig_1	1987291	1988028	-	GEGEGB_01887	1	persistent	2	0	0
BEJGEH_01960	contig_1	1988113	1989051	-	LNHIMF_01169	1	persistent	2	1	1
BEJGEH_01962	contig_1	1989475	1989876	+	LNHIMF_00819	6	shell	12	3	3
BEJGEH_01963	contig_1	1989810	1990163	-	BEJGEH_01963	4	shell	0	2	0
BEJGEH_01964	contig_1	1990494	1990730	+	LNHIMF_00818	6	shell	12	5	5
BEJGEH_01965	contig_1	1991543	1991692	+	BEJGEH_01965	1	cloud	1	2	3
BEJGEH_01966	contig_1	1991885	1992013	-	BEJGEH_01967	2	cloud	0	0	3
BEJGEH_01967	contig_1	1992010	1993188	-	BEJGEH_01967	2	cloud	0	0	3
BEJGEH_01968	contig_1	1993362	1994180	-	PAPNPA_00355	1	cloud	1	1	2
BEJGEH_01970	contig_1	1995376	1996173	+	HFCAGB_02232	1	shell	2	1	4
BEJGEH_01972	contig_1	1996529	1997803	+	HFCAGB_02234	1	cloud	0	1	3
BEJGEH_01973	contig_1	1998733	1999788	+	BEJGEH_01973	1	cloud	0	0	2
BEJGEH_01974	contig_1	1999792	2000781	+	BEJGEH_01974	1	cloud	0	0	2
BEJGEH_01975	contig_1	2000778	2001215	+	BEJGEH_01975	1	cloud	0	0	2
BEJGEH_01976	contig_1	2001320	2002756	-	BEJGEH_01976	1	cloud	0	0	2
BEJGEH_01977	contig_1	2002809	2003366	-	HFCAGB_02240	1	cloud	0	0	3
BEJGEH_01978	contig_1	2003773	2004078	-	HFCAGB_02241	1	cloud	0	0	3
BEJGEH_01979	contig_1	2004722	2006227	+	BEJGEH_01979	1	cloud	0	0	2
BEJGEH_01980	contig_1	2006281	2007564	-	BEJGEH_01980	1	cloud	0	0	2
BEJGEH_01981	contig_1	2007701	2007976	-	HFCAGB_02244	1	cloud	0	0	3
BEJGEH_01982	contig_1	2007987	2008517	-	HFCAGB_02245	1	cloud	0	0	2
BEJGEH_01983	contig_1	2008949	2009422	+	HFCAGB_02246	1	cloud	0	0	2
BEJGEH_01984	contig_1	2009461	2009838	+	HFCAGB_02247	1	cloud	0	0	3
BEJGEH_01985	contig_1	2010043	2010543	+	BEJGEH_01985	1	cloud	0	0	2
BEJGEH_01986	contig_1	2010614	2011216	+	BEJGEH_01986	1	cloud	0	0	2
BEJGEH_01987	contig_1	2011686	2011955	-	HFCAGB_02251	1	cloud	0	0	3
BEJGEH_01988	contig_1	2013290	2014024	+	HFCAGB_02252	1	cloud	0	0	2
BEJGEH_01989	contig_1	2014052	2014852	+	HFCAGB_02253	1	cloud	0	0	2
BEJGEH_01990	contig_1	2014931	2015413	+	HFCAGB_02254	1	cloud	0	0	3
BEJGEH_01991	contig_1	2015462	2015758	-	HFCAGB_02258	1	cloud	0	0	3
BEJGEH_01992	contig_1	2015811	2016101	-	HFCAGB_02259	1	cloud	0	0	2
BEJGEH_01993	contig_1	2016183	2016401	-	HFCAGB_02260	1	cloud	0	0	3
BEJGEH_01994	contig_1	2016437	2016532	+	BEJGEH_01994	1	cloud	0	0	2
BEJGEH_01995	contig_1	2016552	2017427	-	HFCAGB_02261	1	cloud	0	1	3
BEJGEH_01996	contig_1	2017970	2018278	+	BEJGEH_01996	1	cloud	0	0	2
BEJGEH_01998	contig_1	2018442	2019314	+	PAPNPA_00045	2	cloud	0	3	4
BEJGEH_01999	contig_1	2019524	2020318	+	BEJGEH_01999	1	cloud	0	0	2
BEJGEH_02000	contig_1	2020531	2022492	-	BEJGEH_02000	1	cloud	0	0	2
BEJGEH_02001	contig_1	2022619	2026479	-	BEJGEH_02001	1	cloud	0	1	1
BEJGEH_02003	contig_1	2027901	2028425	+	HFCAGB_02262	1	shell	0	3	4
BEJGEH_02005	contig_1	2028900	2029460	+	AJBGEP_02166	1	shell	0	2	2
BEJGEH_02006	contig_1	2029457	2029771	+	PAPNPA_00045	2	cloud	0	3	4
BEJGEH_02007	contig_1	2030281	2032449	+	HFCAGB_02266	1	shell	0	2	2
BEJGEH_02008	contig_1	2032506	2034236	+	HFCAGB_02267	1	shell	0	2	0
BEJGEH_02009	contig_1	2034446	2034619	+	BEJGEH_02009	1	shell	1	2	0
BEJGEH_02010	contig_1	2035146	2036600	-	GEGEGB_00920	1	persistent	2	3	1
BEJGEH_02011	contig_1	2036796	2037122	-	LNHIMF_02081	1	persistent	2	0	1
BEJGEH_02012	contig_1	2037116	2037580	-	PAPNPA_00051	1	cloud	2	0	0
BEJGEH_02014	contig_1	2038217	2039641	-	GEGEGB_00917	1	persistent	3	0	3
BEJGEH_02016	contig_1	2040075	2040377	+	ALJMDI_01745	1	cloud	1	0	1
BEJGEH_02017	contig_1	2040396	2040755	-	IKCLMC_02001	1	cloud	0	0	2
BEJGEH_02019	contig_1	2041456	2043216	-	IKCLMC_02000	1	cloud	0	0	2
BEJGEH_02020	contig_1	2043260	2043622	-	BEJGEH_02020	1	cloud	0	0	2
BEJGEH_02021	contig_1	2043656	2044132	-	ALJMDI_01749	1	cloud	0	0	2
BEJGEH_02022	contig_1	2044129	2044503	-	BEJGEH_02022	1	cloud	0	0	3
BEJGEH_02023	contig_1	2044917	2045066	+	IKCLMC_01996	1	cloud	2	0	2
BEJGEH_02024	contig_1	2045276	2045650	+	LNHIMF_02087	1	cloud	0	0	3
BEJGEH_02025	contig_1	2045741	2046172	+	LNHIMF_02088	1	cloud	0	0	2
BEJGEH_02026	contig_1	2046873	2047751	+	ALJMDI_01753	1	cloud	1	0	1
BEJGEH_02027	contig_1	2047901	2048896	-	GEGEGB_01240	2	persistent	2	0	2
BEJGEH_02028	contig_1	2048984	2049946	-	ALJMDI_01755	1	cloud	1	0	1
BEJGEH_02029	contig_1	2050068	2051564	-	LNHIMF_02092	1	cloud	0	0	2
BEJGEH_02030	contig_1	2051599	2052981	-	BEJGEH_02030	1	cloud	0	0	2
BEJGEH_02031	contig_1	2053206	2053307	+	LNHIMF_02094	1	cloud	1	0	1
BEJGEH_02032	contig_1	2054137	2055066	-	LNHIMF_02095	1	persistent	2	0	2
BEJGEH_02033	contig_1	2055144	2056214	-	LNHIMF_02096	1	persistent	2	0	0
BEJGEH_02034	contig_1	2056241	2056984	-	LNHIMF_02097	1	persistent	2	0	0
BEJGEH_02035	contig_1	2056981	2057526	-	LNHIMF_02098	1	persistent	2	0	0
BEJGEH_02036	contig_1	2057523	2059043	-	GEGEGB_00911	1	persistent	2	0	0
BEJGEH_02037	contig_1	2059040	2059855	-	LNHIMF_02100	1	persistent	2	0	0
BEJGEH_02038	contig_1	2059864	2060541	-	GEGEGB_00909	1	persistent	2	0	0
BEJGEH_02039	contig_1	2060528	2060809	-	LNHIMF_02102	1	persistent	2	0	0
BEJGEH_02040	contig_1	2060811	2061548	-	LNHIMF_02103	1	persistent	2	0	0
BEJGEH_02041	contig_1	2061545	2062258	-	GEGEGB_00905	1	persistent	2	0	0
BEJGEH_02042	contig_1	2062255	2063049	-	BEJGEH_02042	1	persistent	2	0	1
BEJGEH_02043	contig_1	2063052	2063843	-	LNHIMF_02106	1	persistent	2	0	1
BEJGEH_02044	contig_1	2063840	2064565	-	GEGEGB_00901	1	persistent	2	0	0
BEJGEH_02045	contig_1	2064565	2065620	-	GEGEGB_00900	1	persistent	2	0	0
BEJGEH_02046	contig_1	2065601	2066374	-	GEGEGB_00899	1	persistent	2	0	0
BEJGEH_02047	contig_1	2066358	2066936	-	LNHIMF_02110	1	persistent	2	0	0
BEJGEH_02048	contig_1	2066926	2067531	-	GEGEGB_00897	1	persistent	2	0	0
BEJGEH_02049	contig_1	2067525	2068664	-	LNHIMF_02112	1	persistent	2	0	1
BEJGEH_02050	contig_1	2068664	2069296	-	LNHIMF_02113	1	persistent	2	0	0
BEJGEH_02051	contig_1	2069307	2070266	-	LNHIMF_02114	1	persistent	2	0	1
BEJGEH_02052	contig_1	2070263	2071642	-	LNHIMF_02115	1	persistent	2	0	1
BEJGEH_02053	contig_1	2072240	2073151	-	LNHIMF_02116	1	persistent	2	0	1
BEJGEH_02055	contig_1	2073368	2074162	-	LNHIMF_02118	1	persistent	2	0	0
BEJGEH_02056	contig_1	2074687	2074971	+	GEGEGB_00882	2	persistent	4	0	0
BEJGEH_02057	contig_1	2074968	2075780	+	GEGEGB_00888	1	persistent	2	0	0
BEJGEH_02058	contig_1	2075799	2077463	+	GEGEGB_00887	1	persistent	2	0	0
BEJGEH_02059	contig_1	2077474	2078148	+	LNHIMF_02122	1	persistent	2	0	0
BEJGEH_02060	contig_1	2078163	2078684	+	LNHIMF_02123	1	persistent	2	0	0
BEJGEH_02061	contig_1	2078700	2080532	+	LNHIMF_02124	1	persistent	2	0	0
BEJGEH_02062	contig_1	2080522	2080872	+	GEGEGB_00883	1	persistent	2	0	0
BEJGEH_02063	contig_1	2080891	2081166	+	GEGEGB_00882	2	persistent	4	0	0
BEJGEH_02064	contig_1	2081191	2081652	+	GEGEGB_00881	1	persistent	2	0	0
BEJGEH_02065	contig_1	2081652	2082284	+	LNHIMF_02128	1	persistent	2	0	0
BEJGEH_02066	contig_1	2082281	2082772	+	LNHIMF_02129	1	persistent	3	0	0
BEJGEH_02067	contig_1	2082776	2083051	+	LNHIMF_02130	1	persistent	2	0	0
BEJGEH_02068	contig_1	2083061	2084071	+	GEGEGB_00878	1	persistent	3	0	0
BEJGEH_02069	contig_1	2084068	2085462	+	LNHIMF_02132	1	persistent	2	0	0
BEJGEH_02070	contig_1	2085474	2086586	+	GEGEGB_00876	1	persistent	2	0	0
BEJGEH_02071	contig_1	2086583	2087938	+	BEJGEH_02071	1	persistent	2	0	0
BEJGEH_02072	contig_1	2087941	2088495	+	LNHIMF_02135	1	persistent	2	0	0
BEJGEH_02073	contig_1	2088495	2088845	+	GEGEGB_00873	1	persistent	2	0	0
BEJGEH_02074	contig_1	2088850	2089302	+	LNHIMF_02137	1	persistent	2	0	0
BEJGEH_02075	contig_1	2089287	2090501	+	LNHIMF_02138	1	persistent	2	0	0
BEJGEH_02076	contig_1	2090559	2091461	+	LNHIMF_02139	1	persistent	2	0	0
BEJGEH_02077	contig_1	2091495	2091830	-	GEGEGB_00869	1	persistent	2	0	0
BEJGEH_02078	contig_1	2092075	2093133	-	LNHIMF_02141	1	persistent	2	0	0
BEJGEH_02079	contig_1	2093252	2093719	-	GEGEGB_00867	1	persistent	2	0	0
BEJGEH_02080	contig_1	2093870	2095036	-	LNHIMF_02143	1	persistent	2	0	0
BEJGEH_02081	contig_1	2095166	2095930	-	GEGEGB_00864	1	persistent	2	0	0
BEJGEH_02082	contig_1	2095927	2096505	-	GEGEGB_00863	1	persistent	2	0	0
BEJGEH_02083	contig_1	2096520	2098796	-	LNHIMF_02146	1	persistent	2	0	0
BEJGEH_02084	contig_1	2099415	2101763	+	HFCAGB_02326	1	persistent	2	0	1
BEJGEH_02085	contig_1	2102129	2103559	+	GEGEGB_00858	1	persistent	2	0	1
BEJGEH_02086	contig_1	2103695	2105053	-	GEGEGB_00857	1	persistent	2	0	0
BEJGEH_02087	contig_1	2105043	2105105	-	GEGEGB_00856	1	persistent	2	0	0
BEJGEH_02089	contig_1	2105339	2106253	-	GEGEGB_00854	1	persistent	2	0	0
BEJGEH_02090	contig_1	2106299	2107123	-	GEGEGB_00853	1	persistent	2	0	1
BEJGEH_02091	contig_1	2107286	2107336	+	LNHIMF_02213	1	persistent	2	0	0
BEJGEH_02092	contig_1	2107482	2108381	+	GEGEGB_00851	1	persistent	2	0	1
BEJGEH_02093	contig_1	2108484	2109788	+	LNHIMF_02215	1	persistent	2	0	0
BEJGEH_02094	contig_1	2109785	2110864	+	LNHIMF_02216	1	persistent	2	0	0
BEJGEH_02095	contig_1	2110861	2111928	+	LNHIMF_02217	1	persistent	2	0	0
BEJGEH_02096	contig_1	2111928	2112518	+	GEGEGB_00847	1	persistent	2	0	0
BEJGEH_02097	contig_1	2112518	2113255	+	GEGEGB_00846	1	persistent	2	0	0
BEJGEH_02098	contig_1	2113237	2114013	+	GEGEGB_00845	1	persistent	2	0	0
BEJGEH_02099	contig_1	2114007	2114618	+	LNHIMF_02221	1	persistent	2	0	0
BEJGEH_02100	contig_1	2114699	2115682	-	GEGEGB_00843	1	persistent	2	0	0
BEJGEH_02101	contig_1	2115825	2116991	-	LNHIMF_02223	1	persistent	2	0	0
BEJGEH_02102	contig_1	2117227	2118633	-	LNHIMF_02224	1	persistent	2	0	1
BEJGEH_02103	contig_1	2118797	2120227	-	LNHIMF_02225	1	persistent	1	1	1
BEJGEH_02104	contig_1	2120299	2121732	-	LNHIMF_02226	1	shell	1	1	0
BEJGEH_02105	contig_1	2121719	2123158	-	LNHIMF_02227	1	shell	0	2	0
BEJGEH_02106	contig_1	2123159	2124103	-	LNHIMF_02228	1	shell	0	2	0
BEJGEH_02107	contig_1	2124104	2125165	-	HFCAGB_02349	1	shell	0	2	2
BEJGEH_02108	contig_1	2125484	2126485	-	BEJGEH_02108	1	shell	0	2	1
BEJGEH_02109	contig_1	2126490	2127395	-	AJBGEP_02252	1	shell	0	2	0
BEJGEH_02110	contig_1	2127864	2128763	-	BEJGEH_02110	1	shell	1	1	0
BEJGEH_02111	contig_1	2128791	2130104	-	LNHIMF_02237	1	persistent	1	1	2
BEJGEH_02112	contig_1	2130131	2131210	-	LNHIMF_02238	1	persistent	2	0	0
BEJGEH_02113	contig_1	2131215	2131988	-	GEGEGB_00829	1	persistent	2	0	0
BEJGEH_02114	contig_1	2132004	2132978	-	AJBGEP_02257	1	persistent	2	0	0
BEJGEH_02115	contig_1	2132984	2133532	-	GEGEGB_00827	1	persistent	2	0	0
BEJGEH_02116	contig_1	2133536	2134414	-	LNHIMF_02242	1	persistent	2	0	0
BEJGEH_02117	contig_1	2134462	2135361	-	LNHIMF_02243	1	persistent	2	0	0
BEJGEH_02118	contig_1	2135361	2136446	-	GEGEGB_00824	1	persistent	2	0	0
BEJGEH_02119	contig_1	2136823	2137845	-	GEGEGB_00823	1	persistent	2	0	1
BEJGEH_02120	contig_1	2137894	2139297	-	LNHIMF_02246	1	persistent	2	0	0
BEJGEH_02121	contig_1	2139308	2140528	-	LNHIMF_02247	1	persistent	2	0	0
BEJGEH_02122	contig_1	2140525	2141805	-	LNHIMF_02248	1	persistent	2	0	1
BEJGEH_02123	contig_1	2141827	2143305	-	LNHIMF_02249	1	persistent	2	0	1
BEJGEH_02124	contig_1	2143438	2144832	-	LNHIMF_02250	1	persistent	2	0	0
BEJGEH_02125	contig_1	2144886	2146256	-	HFCAGB_02368	1	persistent	2	0	2
BEJGEH_02126	contig_1	2146367	2147803	-	GEGEGB_00815	1	persistent	2	0	0
BEJGEH_02127	contig_1	2147806	2149029	-	GEGEGB_00814	1	persistent	2	0	0
BEJGEH_02128	contig_1	2149026	2149499	-	LNHIMF_02254	1	persistent	2	0	0
BEJGEH_02129	contig_1	2149502	2150467	-	LNHIMF_02255	1	persistent	2	0	0
BEJGEH_02130	contig_1	2150470	2151591	-	LNHIMF_02256	1	persistent	2	0	0
BEJGEH_02131	contig_1	2151615	2152169	-	GEGEGB_00810	1	persistent	2	0	0
BEJGEH_02132	contig_1	2152185	2152931	-	GEGEGB_00809	1	persistent	2	0	0
BEJGEH_02133	contig_1	2152944	2154158	-	LNHIMF_02259	1	persistent	2	0	0
BEJGEH_02134	contig_1	2154133	2155350	-	GEGEGB_00806	1	persistent	2	0	0
BEJGEH_02135	contig_1	2155347	2155835	-	GEGEGB_00805	1	persistent	2	0	0
BEJGEH_02136	contig_1	2155838	2156749	-	GEGEGB_00804	1	persistent	2	0	0
BEJGEH_02137	contig_1	2156767	2158926	-	LNHIMF_02263	1	persistent	2	0	0
BEJGEH_02138	contig_1	2158923	2159372	-	LNHIMF_02264	1	persistent	2	0	0
BEJGEH_02139	contig_1	2159378	2160517	-	LNHIMF_02265	1	persistent	2	0	0
BEJGEH_02140	contig_1	2161192	2162772	+	GEGEGB_00800	1	persistent	2	0	0
BEJGEH_02141	contig_1	2162858	2164714	-	LNHIMF_02267	1	persistent	2	0	0
BEJGEH_02142	contig_1	2164753	2165334	-	GEGEGB_00798	1	persistent	2	0	0
BEJGEH_02143	contig_1	2165425	2166066	-	GEGEGB_00797	1	persistent	2	0	0
BEJGEH_02144	contig_1	2166397	2169387	+	LNHIMF_02270	1	persistent	2	0	0
BEJGEH_02145	contig_1	2169355	2170224	-	GEGEGB_00795	1	persistent	2	0	1
BEJGEH_02146	contig_1	2170358	2171710	+	LNHIMF_02272	1	persistent	2	1	1
BEJGEH_02148	contig_1	2171849	2172046	+	LNHIMF_02274	1	persistent	2	1	0
BEJGEH_02149	contig_1	2172151	2173392	+	LNHIMF_02275	1	persistent	2	0	0
BEJGEH_02150	contig_1	2173392	2176514	+	GEGEGB_00789	1	persistent	2	0	0
BEJGEH_02151	contig_1	2176515	2179595	+	LNHIMF_02277	1	persistent	2	0	0
BEJGEH_02152	contig_1	2179592	2181004	+	GEGEGB_00787	1	persistent	2	0	0
BEJGEH_02153	contig_1	2181004	2182407	+	LNHIMF_02279	1	persistent	2	0	0
BEJGEH_02154	contig_1	2182404	2183126	+	LNHIMF_02280	1	persistent	2	0	1
BEJGEH_02155	contig_1	2183395	2184597	+	AJBGEP_02298	1	persistent	2	0	1
BEJGEH_02156	contig_1	2184597	2185313	+	BEJGEH_02156	1	persistent	2	0	0
BEJGEH_02157	contig_1	2185324	2187435	+	LNHIMF_02283	1	persistent	2	0	2
BEJGEH_02158	contig_1	2187440	2188159	+	PAPNPA_04258	1	cloud	1	0	1
BEJGEH_02159	contig_1	2188290	2189027	-	ONMMKP_04710	1	cloud	1	0	5
BEJGEH_02160	contig_1	2189129	2189557	-	BEJGEH_02160	1	cloud	0	0	2
BEJGEH_02161	contig_1	2189673	2190170	-	GEGEGB_00777	1	cloud	0	0	2
BEJGEH_02162	contig_1	2190205	2190684	-	ALJMDI_01890	1	cloud	0	0	3
BEJGEH_02163	contig_1	2190794	2191396	-	ALJMDI_01891	1	cloud	0	0	3
BEJGEH_02164	contig_1	2191465	2191893	-	ALJMDI_01892	1	cloud	0	0	2
BEJGEH_02165	contig_1	2191961	2192497	-	ALJMDI_01893	1	cloud	0	0	3
BEJGEH_02166	contig_1	2192571	2193071	-	BEJGEH_02166	1	cloud	0	0	3
BEJGEH_02167	contig_1	2193202	2193504	-	BEJGEH_02167	1	cloud	0	0	2
BEJGEH_02168	contig_1	2194312	2194731	-	ALJMDI_01894	1	cloud	0	0	6
BEJGEH_02169	contig_1	2195382	2195999	-	ONMMKP_04705	1	cloud	1	0	2
BEJGEH_02170	contig_1	2196163	2197524	+	GEGEGB_00769	1	persistent	2	1	1
BEJGEH_02172	contig_1	2198165	2198581	-	LNHIMF_02286	1	persistent	3	1	0
BEJGEH_02173	contig_1	2198703	2199038	-	LNHIMF_02287	1	persistent	2	0	0
BEJGEH_02174	contig_1	2199603	2200502	+	LNHIMF_02288	1	persistent	3	0	0
BEJGEH_02175	contig_1	2200555	2201607	-	GEGEGB_00764	1	persistent	2	0	0
BEJGEH_02176	contig_1	2201861	2203132	+	GEGEGB_00763	1	persistent	2	0	0
BEJGEH_02177	contig_1	2203129	2204133	+	GEGEGB_00762	1	persistent	2	0	0
BEJGEH_02178	contig_1	2204130	2205095	+	GEGEGB_00761	1	persistent	2	0	0
BEJGEH_02179	contig_1	2205069	2205815	-	GEGEGB_00760	1	persistent	2	0	0
BEJGEH_02180	contig_1	2205851	2206651	-	GEGEGB_00759	1	persistent	2	0	0
BEJGEH_02181	contig_1	2206638	2207435	-	GEGEGB_00758	1	persistent	2	0	0
BEJGEH_02182	contig_1	2207845	2208159	+	GEGEGB_00757	1	persistent	1	1	1
BEJGEH_02183	contig_1	2208421	2209428	-	GEGEGB_00756	1	shell	1	1	0
BEJGEH_02184	contig_1	2209444	2211933	-	BEJGEH_02184	1	shell	0	2	0
BEJGEH_02185	contig_1	2211947	2212630	-	GEGEGB_00753	1	shell	0	2	0
BEJGEH_02186	contig_1	2212686	2213216	-	GEGEGB_00752	1	shell	2	1	0
BEJGEH_02187	contig_1	2213495	2213776	-	GEGEGB_00751	1	persistent	1	1	1
BEJGEH_02188	contig_1	2214054	2215163	-	LNHIMF_02302	1	persistent	2	1	0
BEJGEH_02189	contig_1	2215328	2217361	+	LNHIMF_02303	1	persistent	2	0	0
BEJGEH_02190	contig_1	2217602	2218060	+	GEGEGB_00748	1	persistent	2	0	0
BEJGEH_02191	contig_1	2218232	2218762	+	GEGEGB_00747	1	persistent	2	0	0
BEJGEH_02192	contig_1	2218819	2219286	-	LNHIMF_02306	1	persistent	2	0	0
BEJGEH_02193	contig_1	2219333	2220052	-	LNHIMF_02307	1	persistent	2	0	0
BEJGEH_02194	contig_1	2220049	2221734	-	LNHIMF_02308	1	persistent	2	0	0
BEJGEH_02195	contig_1	2221957	2222688	+	LNHIMF_02309	1	persistent	2	0	0
BEJGEH_02196	contig_1	2222748	2222855	+	GEGEGB_00742	1	persistent	2	0	0
BEJGEH_02197	contig_1	2222836	2223567	-	GEGEGB_00741	1	persistent	2	0	0
BEJGEH_02198	contig_1	2223551	2224498	-	GEGEGB_00740	1	persistent	2	0	0
BEJGEH_02199	contig_1	2224491	2225660	-	LNHIMF_02313	1	persistent	2	0	0
BEJGEH_02200	contig_1	2225664	2226581	-	GEGEGB_00738	1	persistent	2	0	0
BEJGEH_02201	contig_1	2226762	2229059	-	LNHIMF_02315	1	persistent	2	0	0
BEJGEH_02202	contig_1	2229326	2231056	+	GEGEGB_00736	1	persistent	2	0	0
BEJGEH_02203	contig_1	2231115	2232023	-	GEGEGB_00735	1	persistent	2	0	0
BEJGEH_02204	contig_1	2232228	2232815	-	GEGEGB_00734	1	persistent	2	0	0
BEJGEH_02205	contig_1	2232974	2233543	+	GEGEGB_00733	1	persistent	2	0	0
BEJGEH_02206	contig_1	2233592	2234353	-	GEGEGB_00732	1	persistent	2	0	1
BEJGEH_02207	contig_1	2234419	2235855	-	GEGEGB_00731	1	persistent	2	0	2
BEJGEH_02208	contig_1	2236173	2236256	+	GEGEGB_00730	1	persistent	2	0	0
BEJGEH_02209	contig_1	2236314	2237252	-	LNHIMF_02323	1	persistent	2	0	1
BEJGEH_02210	contig_1	2237361	2238554	-	GEGEGB_00728	1	persistent	2	0	0
BEJGEH_02211	contig_1	2238569	2239213	-	GEGEGB_00727	1	persistent	2	0	0
BEJGEH_02212	contig_1	2239222	2239923	-	GEGEGB_00726	1	persistent	2	0	0
BEJGEH_02213	contig_1	2239939	2240976	-	GEGEGB_00725	1	persistent	2	0	0
BEJGEH_02214	contig_1	2240988	2242346	-	GEGEGB_00724	1	persistent	2	0	0
BEJGEH_02215	contig_1	2242472	2243380	+	GEGEGB_00723	1	persistent	2	0	0
BEJGEH_02216	contig_1	2243512	2243910	+	GEGEGB_00722	1	persistent	2	0	0
BEJGEH_02217	contig_1	2243907	2244602	+	GEGEGB_00721	1	persistent	2	0	0
BEJGEH_02218	contig_1	2244756	2245640	+	GEGEGB_00720	1	persistent	2	0	0
BEJGEH_02219	contig_1	2245817	2246536	+	LNHIMF_02333	1	persistent	2	0	0
BEJGEH_02220	contig_1	2246539	2246778	+	GEGEGB_00718	1	persistent	2	0	0
BEJGEH_02221	contig_1	2246983	2248224	+	GEGEGB_00717	1	persistent	2	0	0
BEJGEH_02222	contig_1	2248218	2249453	+	BEJGEH_02222	1	persistent	2	0	0
BEJGEH_02223	contig_1	2249528	2250538	-	LNHIMF_02337	1	persistent	2	0	0
BEJGEH_02224	contig_1	2250554	2252074	-	LNHIMF_02338	1	persistent	2	0	0
BEJGEH_02225	contig_1	2252208	2253206	-	LNHIMF_02339	1	persistent	2	0	0
BEJGEH_02226	contig_1	2253705	2254727	-	LNHIMF_02340	1	persistent	2	0	0
BEJGEH_02227	contig_1	2254877	2256037	-	LNHIMF_02341	1	persistent	2	0	0
BEJGEH_02228	contig_1	2256034	2256702	-	GEGEGB_00708	1	persistent	2	0	0
BEJGEH_02229	contig_1	2257032	2257889	+	GEGEGB_00707	1	persistent	2	0	0
BEJGEH_02230	contig_1	2257878	2258267	-	GEGEGB_00706	1	persistent	2	0	0
BEJGEH_02231	contig_1	2258272	2259639	-	LNHIMF_02345	1	persistent	2	0	0
BEJGEH_02232	contig_1	2259856	2260743	+	GEGEGB_00704	1	persistent	2	0	0
BEJGEH_02233	contig_1	2260776	2262098	+	LNHIMF_02347	1	persistent	2	0	0
BEJGEH_02234	contig_1	2262142	2264133	-	LNHIMF_02348	1	persistent	2	0	3
BEJGEH_02235	contig_1	2264253	2264342	+	LNHIMF_02349	1	cloud	2	0	1
BEJGEH_02236	contig_1	2264332	2264445	-	GEGEGB_00700	1	cloud	2	0	1
BEJGEH_02237	contig_1	2264479	2265948	-	LNHIMF_02350	1	persistent	2	0	3
BEJGEH_02238	contig_1	2266138	2267001	-	GEGEGB_00698	1	persistent	2	0	1
BEJGEH_02239	contig_1	2267122	2268171	+	GEGEGB_00697	1	persistent	2	0	0
BEJGEH_02240	contig_1	2268250	2269107	+	GEGEGB_00696	1	persistent	2	0	0
BEJGEH_02241	contig_1	2269172	2270860	-	GEGEGB_00695	1	persistent	2	0	0
BEJGEH_02242	contig_1	2270877	2271815	-	GEGEGB_00694	1	persistent	2	0	1
BEJGEH_02243	contig_1	2271815	2272945	-	GEGEGB_00693	1	persistent	2	0	0
BEJGEH_02245	contig_1	2273315	2274496	+	GEGEGB_00692	1	persistent	2	0	0
BEJGEH_02246	contig_1	2274561	2275226	-	BEJGEH_02246	1	persistent	2	0	0
BEJGEH_02247	contig_1	2275738	2275992	-	GEGEGB_00690	1	persistent	2	0	0
BEJGEH_02248	contig_1	2276316	2276888	+	GEGEGB_00689	1	persistent	2	0	0
BEJGEH_02249	contig_1	2277100	2278086	+	GEGEGB_00688	1	persistent	2	0	0
BEJGEH_02250	contig_1	2278116	2278835	+	GEGEGB_00687	1	persistent	2	0	0
BEJGEH_02251	contig_1	2279249	2279821	+	GEGEGB_00686	1	persistent	2	0	0
BEJGEH_02252	contig_1	2280147	2281703	+	GEGEGB_00685	1	persistent	2	0	0
BEJGEH_02253	contig_1	2281810	2283615	+	GEGEGB_00684	1	persistent	2	0	0
BEJGEH_02254	contig_1	2283625	2284719	+	GEGEGB_00683	1	persistent	2	0	0
BEJGEH_02255	contig_1	2284719	2285744	+	GEGEGB_00682	1	persistent	2	0	0
BEJGEH_02256	contig_1	2285746	2287335	+	GEGEGB_00681	1	persistent	2	0	0
BEJGEH_02257	contig_1	2287339	2287683	-	GEGEGB_00680	1	persistent	2	0	0
BEJGEH_02258	contig_1	2288074	2289264	-	LNHIMF_02371	1	persistent	2	0	0
BEJGEH_02259	contig_1	2289292	2289987	-	GEGEGB_00678	1	persistent	2	0	0
BEJGEH_02260	contig_1	2290139	2291899	+	GEGEGB_00677	1	persistent	2	0	0
BEJGEH_02261	contig_1	2292024	2292308	+	GEGEGB_00676	1	persistent	3	0	0
BEJGEH_02262	contig_1	2292417	2293037	-	GEGEGB_00675	1	persistent	2	0	0
BEJGEH_02263	contig_1	2293065	2294072	-	GEGEGB_00674	1	persistent	3	0	0
BEJGEH_02264	contig_1	2294252	2294479	+	GEGEGB_00673	1	persistent	2	0	0
BEJGEH_02265	contig_1	2294511	2296271	+	GEGEGB_00672	1	persistent	2	0	4
BEJGEH_02267	contig_1	2296463	2296618	+	BEJGEH_02267	1	cloud	2	0	0
BEJGEH_02268	contig_1	2296803	2297360	-	LNHIMF_02380	1	persistent	2	0	2
BEJGEH_02269	contig_1	2298185	2298832	+	GEGEGB_00665	1	persistent	3	0	1
BEJGEH_02270	contig_1	2298876	2299919	-	GEGEGB_00664	2	persistent	3	0	0
BEJGEH_02271	contig_1	2299916	2300473	-	GEGEGB_00663	2	persistent	2	0	1
BEJGEH_02272	contig_1	2300470	2302401	-	GEGEGB_00662	2	persistent	2	0	0
BEJGEH_02273	contig_1	2302398	2302877	-	HFCAGB_02510	2	persistent	2	0	0
BEJGEH_02274	contig_1	2302874	2303047	-	AJBGEP_02420	2	persistent	2	0	0
BEJGEH_02275	contig_1	2303083	2303829	-	GEGEGB_00659	2	persistent	2	0	0
BEJGEH_02276	contig_1	2303872	2304528	-	GEGEGB_00658	2	persistent	2	0	0
BEJGEH_02277	contig_1	2304528	2305145	-	GEGEGB_03907	2	persistent	3	0	0
BEJGEH_02278	contig_1	2305166	2305768	-	LNHIMF_02390	1	persistent	2	0	0
BEJGEH_02279	contig_1	2305778	2306227	-	GEGEGB_00655	1	persistent	2	0	0
BEJGEH_02280	contig_1	2306343	2307212	-	GEGEGB_00654	1	persistent	2	0	0
BEJGEH_02281	contig_1	2307199	2307894	-	GEGEGB_00653	1	persistent	2	0	0
BEJGEH_02282	contig_1	2307901	2310387	-	GEGEGB_00652	1	persistent	2	0	0
BEJGEH_02283	contig_1	2310384	2310647	-	GEGEGB_00651	1	persistent	2	0	0
BEJGEH_02284	contig_1	2310637	2311128	-	LNHIMF_02396	1	persistent	3	0	0
BEJGEH_02285	contig_1	2311240	2311371	+	GEGEGB_00649	1	persistent	2	0	0
BEJGEH_02286	contig_1	2311530	2312036	+	GEGEGB_00648	1	persistent	3	0	0
BEJGEH_02287	contig_1	2312245	2313888	-	LNHIMF_02399	1	persistent	2	0	0
BEJGEH_02288	contig_1	2313964	2314614	-	LNHIMF_02400	1	persistent	2	0	0
BEJGEH_02289	contig_1	2314617	2315675	-	LNHIMF_02401	1	persistent	2	0	0
BEJGEH_02290	contig_1	2315759	2316811	-	GEGEGB_00644	1	persistent	2	0	0
BEJGEH_02291	contig_1	2316926	2318062	-	GEGEGB_00643	1	persistent	2	0	0
BEJGEH_02293	contig_1	2318791	2321460	+	LNHIMF_02405	1	persistent	2	0	0
BEJGEH_02294	contig_1	2321477	2322127	+	GEGEGB_00640	1	persistent	2	0	0
BEJGEH_02295	contig_1	2322229	2325075	-	LNHIMF_02407	1	persistent	2	1	0
BEJGEH_02296	contig_1	2325193	2327829	-	LNHIMF_02408	1	persistent	2	0	1
BEJGEH_02297	contig_1	2328239	2329441	-	LNHIMF_02409	1	persistent	2	0	0
BEJGEH_02298	contig_1	2329456	2330781	-	LNHIMF_02410	1	persistent	2	0	0
BEJGEH_02299	contig_1	2330831	2331715	+	GEGEGB_00631	1	persistent	2	0	0
BEJGEH_02300	contig_1	2331798	2332526	+	LNHIMF_02413	1	persistent	2	0	0
BEJGEH_02301	contig_1	2332882	2335167	+	LNHIMF_02414	1	persistent	2	0	0
BEJGEH_02302	contig_1	2335280	2336410	+	GEGEGB_00628	1	persistent	2	0	0
BEJGEH_02303	contig_1	2336410	2336664	+	GEGEGB_00627	1	persistent	2	0	0
BEJGEH_02304	contig_1	2336666	2337883	-	BEJGEH_02304	1	persistent	2	0	0
BEJGEH_02305	contig_1	2338018	2338896	+	LNHIMF_02419	1	persistent	2	0	0
BEJGEH_02306	contig_1	2339013	2340083	-	LNHIMF_02420	1	persistent	2	0	0
BEJGEH_02307	contig_1	2340088	2341446	-	LNHIMF_02421	1	persistent	2	0	0
BEJGEH_02308	contig_1	2341719	2343347	+	LNHIMF_02422	1	persistent	2	0	0
BEJGEH_02309	contig_1	2343337	2344596	+	LNHIMF_02423	1	persistent	2	0	0
BEJGEH_02310	contig_1	2344593	2345783	+	LNHIMF_02424	1	persistent	2	0	0
BEJGEH_02312	contig_1	2346210	2347232	+	BEJGEH_02312	1	persistent	2	0	0
BEJGEH_02313	contig_1	2347353	2347529	-	GEGEGB_00612	2	persistent	4	0	0
BEJGEH_02314	contig_1	2347535	2348338	-	LNHIMF_02428	1	persistent	2	0	0
BEJGEH_02315	contig_1	2348364	2349653	-	GEGEGB_00615	1	persistent	2	0	0
BEJGEH_02316	contig_1	2349709	2350914	-	GEGEGB_00614	1	persistent	2	0	0
BEJGEH_02317	contig_1	2350928	2351710	-	LNHIMF_02431	1	persistent	2	0	0
BEJGEH_02318	contig_1	2351960	2353156	-	GEGEGB_00612	2	persistent	4	0	0
BEJGEH_02319	contig_1	2353271	2353837	-	GEGEGB_00611	1	persistent	2	0	0
BEJGEH_02320	contig_1	2354092	2354517	+	GEGEGB_00610	1	persistent	3	0	0
BEJGEH_02321	contig_1	2354562	2355167	-	LNHIMF_02435	1	persistent	2	0	0
BEJGEH_02322	contig_1	2355466	2356605	+	LNHIMF_02436	1	persistent	2	0	0
BEJGEH_02323	contig_1	2356608	2357591	+	GEGEGB_00607	1	persistent	2	0	0
BEJGEH_02324	contig_1	2357588	2359570	+	LNHIMF_02438	1	persistent	2	0	0
BEJGEH_02325	contig_1	2359567	2360466	+	LNHIMF_02439	1	persistent	2	0	0
BEJGEH_02326	contig_1	2360463	2362109	+	LNHIMF_02440	1	persistent	2	0	0
BEJGEH_02327	contig_1	2362106	2362441	+	ALJMDI_02045	1	persistent	2	0	0
BEJGEH_02328	contig_1	2362441	2362818	+	LNHIMF_02442	1	persistent	2	0	0
BEJGEH_02329	contig_1	2362813	2363070	-	LNHIMF_02443	1	persistent	2	0	0
BEJGEH_02330	contig_1	2363168	2364535	-	LNHIMF_02444	1	persistent	2	0	0
BEJGEH_02331	contig_1	2364532	2365494	-	LNHIMF_02445	1	persistent	2	0	0
BEJGEH_02332	contig_1	2365494	2366351	-	GEGEGB_00598	1	persistent	2	0	0
BEJGEH_02333	contig_1	2366366	2367124	-	LNHIMF_02447	1	persistent	2	0	0
BEJGEH_02334	contig_1	2367121	2368791	-	LNHIMF_02448	1	persistent	2	0	0
BEJGEH_02335	contig_1	2368877	2370172	-	LNHIMF_02449	1	persistent	2	0	0
BEJGEH_02336	contig_1	2370273	2370578	-	GEGEGB_00594	1	persistent	2	0	0
BEJGEH_02337	contig_1	2370633	2371094	-	GEGEGB_00593	1	persistent	2	0	0
BEJGEH_02338	contig_1	2371155	2372072	+	GEGEGB_00592	1	persistent	2	0	0
BEJGEH_02339	contig_1	2372138	2373139	+	LNHIMF_02453	1	persistent	2	1	0
BEJGEH_02340	contig_1	2373180	2374976	-	BEJGEH_02340	1	shell	2	0	2
BEJGEH_02341	contig_1	2375695	2385663	-	PAPNPA_04444	1	cloud	1	1	0
BEJGEH_02342	contig_1	2386272	2387729	-	GEGEGB_00590	1	persistent	2	1	2
BEJGEH_02343	contig_1	2387736	2389265	-	LNHIMF_02455	1	persistent	2	0	0
BEJGEH_02344	contig_1	2389342	2391183	-	LNHIMF_02456	1	persistent	2	0	0
BEJGEH_02345	contig_1	2391180	2391482	-	GEGEGB_00586	1	persistent	2	0	0
BEJGEH_02346	contig_1	2391479	2392033	-	GEGEGB_00585	1	persistent	2	0	0
BEJGEH_02347	contig_1	2392044	2392586	-	GEGEGB_00584	1	persistent	2	0	0
BEJGEH_02348	contig_1	2392601	2393578	-	LNHIMF_02460	1	persistent	2	0	0
BEJGEH_02349	contig_1	2393575	2396301	-	LNHIMF_02461	1	persistent	2	0	0
BEJGEH_02350	contig_1	2396332	2397669	-	LNHIMF_02462	1	persistent	2	0	0
BEJGEH_02351	contig_1	2397666	2398166	-	GEGEGB_00580	1	persistent	2	0	0
BEJGEH_02352	contig_1	2398169	2399971	-	GEGEGB_00579	1	persistent	2	0	0
BEJGEH_02353	contig_1	2400058	2400720	-	GEGEGB_00578	1	persistent	2	0	0
BEJGEH_02354	contig_1	2400736	2401179	-	GEGEGB_00577	1	persistent	2	0	0
BEJGEH_02355	contig_1	2401806	2402744	-	LNHIMF_02467	1	persistent	2	0	0
BEJGEH_02356	contig_1	2403676	2404890	+	GEGEGB_00575	1	persistent	2	0	0
BEJGEH_02357	contig_1	2404984	2405583	+	LNHIMF_02469	1	persistent	2	0	0
BEJGEH_02358	contig_1	2405675	2407501	-	LNHIMF_02470	1	persistent	2	0	0
BEJGEH_02359	contig_1	2407578	2408237	-	GEGEGB_00572	1	persistent	2	0	0
BEJGEH_02360	contig_1	2408248	2408742	-	GEGEGB_00571	1	persistent	2	0	0
BEJGEH_02361	contig_1	2408825	2409280	-	LNHIMF_02473	1	persistent	2	0	0
BEJGEH_02362	contig_1	2409620	2410822	+	GEGEGB_00569	1	persistent	2	0	0
BEJGEH_02363	contig_1	2410899	2413043	+	LNHIMF_02475	1	persistent	2	0	0
BEJGEH_02364	contig_1	2413261	2414781	+	GEGEGB_00567	1	persistent	2	0	0
BEJGEH_02365	contig_1	2414830	2415783	-	GEGEGB_00566	1	persistent	2	0	0
BEJGEH_02366	contig_1	2415776	2416606	-	LNHIMF_02478	1	persistent	2	0	0
BEJGEH_02367	contig_1	2416603	2417994	-	LNHIMF_02479	1	persistent	2	0	0
BEJGEH_02368	contig_1	2418015	2418287	-	GEGEGB_00563	1	persistent	2	0	0
BEJGEH_02369	contig_1	2418368	2418811	-	GEGEGB_00562	1	persistent	2	0	0
BEJGEH_02370	contig_1	2419064	2420083	+	GEGEGB_00561	1	persistent	2	0	0
BEJGEH_02371	contig_1	2420089	2420643	-	GEGEGB_00560	1	persistent	2	0	0
BEJGEH_02372	contig_1	2420700	2421251	-	GEGEGB_00559	1	persistent	2	0	0
BEJGEH_02373	contig_1	2421307	2421951	-	LNHIMF_02485	1	persistent	2	0	0
BEJGEH_02374	contig_1	2422094	2422741	+	LNHIMF_02486	1	persistent	2	0	0
BEJGEH_02375	contig_1	2422867	2423760	+	LNHIMF_02487	1	persistent	2	0	0
BEJGEH_02376	contig_1	2423812	2424585	-	LNHIMF_02488	1	persistent	2	0	0
BEJGEH_02377	contig_1	2424599	2425306	-	GEGEGB_00554	1	persistent	2	0	0
BEJGEH_02378	contig_1	2425303	2425989	-	GEGEGB_00553	1	persistent	2	0	0
BEJGEH_02379	contig_1	2426170	2426952	-	LNHIMF_02491	1	persistent	2	0	0
BEJGEH_02380	contig_1	2427190	2427972	-	GEGEGB_00551	1	persistent	2	0	0
BEJGEH_02381	contig_1	2428261	2428830	-	GEGEGB_00550	1	persistent	2	0	0
BEJGEH_02382	contig_1	2428857	2430263	-	LNHIMF_02494	1	persistent	2	0	0
BEJGEH_02383	contig_1	2430327	2431430	-	LNHIMF_02495	1	persistent	2	0	0
BEJGEH_02384	contig_1	2431432	2432853	-	GEGEGB_00547	1	persistent	2	0	0
BEJGEH_02385	contig_1	2432944	2434341	-	GEGEGB_00546	1	persistent	2	0	0
BEJGEH_02386	contig_1	2434552	2435979	+	LNHIMF_02498	1	persistent	2	0	0
BEJGEH_02387	contig_1	2436015	2437532	-	LNHIMF_02499	1	persistent	2	0	0
BEJGEH_02388	contig_1	2437570	2438058	-	GEGEGB_00543	1	persistent	2	0	0
BEJGEH_02389	contig_1	2438369	2439043	-	BEJGEH_02389	1	persistent	2	0	0
BEJGEH_02390	contig_1	2439033	2440301	-	GEGEGB_00541	1	persistent	2	0	0
BEJGEH_02391	contig_1	2440369	2441283	-	GEGEGB_00540	1	persistent	2	0	0
BEJGEH_02392	contig_1	2441433	2442092	-	GEGEGB_00539	1	persistent	2	0	0
BEJGEH_02393	contig_1	2442141	2442953	-	GEGEGB_00538	1	persistent	2	0	0
BEJGEH_02394	contig_1	2442953	2443966	-	GEGEGB_00537	1	persistent	2	0	0
BEJGEH_02395	contig_1	2444034	2445170	-	GEGEGB_00536	1	persistent	2	0	0
BEJGEH_02396	contig_1	2445274	2446275	+	GEGEGB_00535	1	persistent	2	0	0
BEJGEH_02397	contig_1	2446272	2447450	-	LNHIMF_02509	1	persistent	3	0	0
BEJGEH_02398	contig_1	2447630	2448004	-	LNHIMF_02510	1	persistent	1	1	1
BEJGEH_02399	contig_1	2448177	2448359	+	LNHIMF_02511	1	cloud	2	0	0
BEJGEH_02400	contig_1	2448571	2449089	+	LNHIMF_02512	1	persistent	2	1	1
BEJGEH_02401	contig_1	2449155	2449811	-	LNHIMF_02513	1	persistent	2	0	0
BEJGEH_02402	contig_1	2449909	2451123	-	GEGEGB_00528	1	persistent	2	0	0
BEJGEH_02403	contig_1	2451283	2453283	+	LNHIMF_02515	1	persistent	2	0	0
BEJGEH_02404	contig_1	2453335	2453610	-	GEGEGB_00526	1	persistent	2	0	0
BEJGEH_02405	contig_1	2453643	2454191	-	LNHIMF_02517	1	persistent	2	0	0
BEJGEH_02406	contig_1	2454191	2455000	-	GEGEGB_00523	1	persistent	2	0	0
BEJGEH_02407	contig_1	2455000	2455824	-	GEGEGB_00522	1	persistent	2	0	0
BEJGEH_02408	contig_1	2455828	2456913	-	LNHIMF_02520	1	persistent	2	0	0
BEJGEH_02409	contig_1	2456949	2457881	-	GEGEGB_00520	1	persistent	2	0	0
BEJGEH_02410	contig_1	2458047	2458598	+	GEGEGB_00519	1	persistent	2	0	0
BEJGEH_02411	contig_1	2458698	2459183	-	GEGEGB_00518	1	persistent	2	0	0
BEJGEH_02412	contig_1	2459392	2461539	-	GEGEGB_00517	1	persistent	2	0	0
BEJGEH_02413	contig_1	2461539	2462849	-	GEGEGB_00516	1	persistent	2	0	0
BEJGEH_02414	contig_1	2463027	2463311	-	GEGEGB_00515	1	persistent	2	0	0
BEJGEH_02415	contig_1	2463682	2464989	+	LNHIMF_02527	1	persistent	2	0	0
BEJGEH_02416	contig_1	2465050	2465805	-	GEGEGB_00513	1	persistent	2	0	0
BEJGEH_02417	contig_1	2466094	2467035	+	GEGEGB_00512	1	persistent	3	0	1
BEJGEH_02419	contig_1	2467342	2468280	-	GEGEGB_00505	1	persistent	2	0	2
BEJGEH_02420	contig_1	2468320	2468415	+	GEGEGB_00504	1	persistent	2	0	0
BEJGEH_02421	contig_1	2468548	2469798	-	LNHIMF_02533	1	persistent	2	0	0
BEJGEH_02422	contig_1	2469785	2471791	-	GEGEGB_00502	1	persistent	2	0	0
BEJGEH_02423	contig_1	2471788	2473062	-	GEGEGB_00501	1	persistent	2	0	0
BEJGEH_02424	contig_1	2473417	2474808	+	LNHIMF_02536	1	persistent	2	0	0
BEJGEH_02425	contig_1	2475047	2475289	-	GEGEGB_00499	1	persistent	2	0	0
BEJGEH_02426	contig_1	2475450	2475563	-	GEGEGB_00498	1	persistent	2	0	0
BEJGEH_02427	contig_1	2475811	2476731	+	GEGEGB_00497	1	persistent	2	0	0
BEJGEH_02428	contig_1	2477149	2477205	+	GEGEGB_00496	1	persistent	2	1	0
BEJGEH_02429	contig_1	2477255	2478493	-	GEGEGB_00493	1	persistent	2	1	1
BEJGEH_02430	contig_1	2479216	2480181	-	LNHIMF_02542	1	persistent	2	0	1
BEJGEH_02431	contig_1	2480385	2481620	+	GEGEGB_00491	1	persistent	2	0	0
BEJGEH_02432	contig_1	2481640	2483292	-	LNHIMF_02544	1	persistent	2	0	0
BEJGEH_02433	contig_1	2483472	2484470	+	GEGEGB_00489	1	persistent	2	0	0
BEJGEH_02434	contig_1	2484584	2484910	+	GEGEGB_00488	1	persistent	2	0	0
BEJGEH_02435	contig_1	2484971	2486212	-	GEGEGB_00487	1	persistent	2	0	0
BEJGEH_02436	contig_1	2486555	2487757	+	GEGEGB_00486	1	persistent	2	0	0
BEJGEH_02437	contig_1	2487810	2489999	-	LNHIMF_02549	1	persistent	2	0	0
BEJGEH_02440	contig_1	2490605	2490967	+	GEGEGB_00482	1	persistent	2	0	0
BEJGEH_02441	contig_1	2490990	2491361	+	GEGEGB_00481	1	persistent	2	0	0
BEJGEH_02442	contig_1	2491415	2492830	-	GEGEGB_00480	1	persistent	2	0	0
BEJGEH_02447	contig_1	2493748	2494632	-	GEGEGB_00475	1	persistent	2	0	0
BEJGEH_02448	contig_1	2494684	2494842	-	GEGEGB_00474	1	persistent	2	0	0
BEJGEH_02449	contig_1	2494901	2496157	-	GEGEGB_00473	1	persistent	2	0	0
BEJGEH_02450	contig_1	2496212	2497045	-	GEGEGB_00472	1	persistent	2	0	0
BEJGEH_02451	contig_1	2497301	2498062	+	LNHIMF_02563	1	persistent	2	0	0
BEJGEH_02452	contig_1	2498124	2499050	-	GEGEGB_00470	1	persistent	2	0	0
BEJGEH_02453	contig_1	2499140	2500138	+	GEGEGB_00469	1	persistent	2	0	0
BEJGEH_02454	contig_1	2500135	2500353	-	LNHIMF_02566	1	persistent	2	0	0
BEJGEH_02455	contig_1	2500355	2502370	-	LNHIMF_02567	1	persistent	2	0	0
BEJGEH_02456	contig_1	2502442	2503428	-	GEGEGB_00466	1	persistent	2	0	0
BEJGEH_02457	contig_1	2503660	2504421	+	GEGEGB_00465	1	persistent	2	0	0
BEJGEH_02458	contig_1	2504585	2505556	+	GEGEGB_00464	1	persistent	2	0	0
BEJGEH_02459	contig_1	2505940	2506197	+	GEGEGB_00463	1	persistent	2	0	0
BEJGEH_02460	contig_1	2506246	2507973	+	GEGEGB_00462	1	persistent	2	0	0
BEJGEH_02461	contig_1	2508014	2508523	+	GEGEGB_00461	1	persistent	2	0	0
BEJGEH_02462	contig_1	2508673	2508912	-	LNHIMF_02574	1	persistent	2	0	0
BEJGEH_02463	contig_1	2508909	2509775	-	GEGEGB_00459	1	persistent	2	0	0
BEJGEH_02464	contig_1	2509858	2511150	+	BEJGEH_02464	1	persistent	2	0	0
BEJGEH_02465	contig_1	2511165	2511884	+	LNHIMF_02577	1	persistent	2	0	0
BEJGEH_02466	contig_1	2511961	2512323	+	BEJGEH_02466	1	persistent	2	1	1
BEJGEH_02467	contig_1	2512336	2512875	+	HFCAGB_02713	1	shell	2	0	0
BEJGEH_02468	contig_1	2513007	2513918	-	LNHIMF_02579	1	persistent	2	1	1
BEJGEH_02469	contig_1	2513986	2515083	-	BEJGEH_02469	1	persistent	2	0	0
BEJGEH_02470	contig_1	2515073	2515948	-	LNHIMF_02581	1	persistent	2	0	0
BEJGEH_02471	contig_1	2515948	2516781	-	GEGEGB_00452	1	persistent	2	0	0
BEJGEH_02472	contig_1	2516781	2517797	-	GEGEGB_00451	1	persistent	2	0	0
BEJGEH_02473	contig_1	2517955	2518746	-	GEGEGB_00450	1	persistent	2	0	1
BEJGEH_02474	contig_1	2518984	2519883	-	GEGEGB_00449	1	persistent	2	0	1
BEJGEH_02475	contig_1	2519978	2520553	-	GEGEGB_00448	1	persistent	2	0	0
BEJGEH_02476	contig_1	2520615	2521064	-	LNHIMF_02587	1	persistent	2	0	0
BEJGEH_02477	contig_1	2521051	2521476	-	GEGEGB_00446	1	persistent	2	0	0
BEJGEH_02478	contig_1	2521689	2522558	+	GEGEGB_00445	1	persistent	2	0	0
BEJGEH_02479	contig_1	2522561	2523460	+	GEGEGB_00444	1	persistent	2	1	2
BEJGEH_02480	contig_1	2523481	2523810	+	GEGEGB_00443	1	shell	2	1	1
BEJGEH_02481	contig_1	2523939	2525216	+	GEGEGB_00442	1	shell	1	1	0
BEJGEH_02482	contig_1	2525416	2526468	-	LNHIMF_02591	1	persistent	2	2	3
BEJGEH_02483	contig_1	2526516	2527010	-	LNHIMF_02592	1	persistent	2	0	0
BEJGEH_02484	contig_1	2527023	2527682	-	GEGEGB_00439	1	persistent	2	0	0
BEJGEH_02485	contig_1	2527692	2528588	-	LNHIMF_02594	1	persistent	2	0	0
BEJGEH_02486	contig_1	2528607	2529968	-	LNHIMF_02595	1	persistent	2	0	0
BEJGEH_02487	contig_1	2529980	2531383	-	GEGEGB_00436	1	persistent	2	0	0
BEJGEH_02488	contig_1	2531380	2532606	-	LNHIMF_02597	1	persistent	2	0	0
BEJGEH_02489	contig_1	2532726	2533913	-	ALJMDI_01699	1	persistent	2	0	0
BEJGEH_02490	contig_1	2533903	2534742	-	GEGEGB_00433	1	persistent	2	0	0
BEJGEH_02491	contig_1	2534753	2536156	-	LNHIMF_02600	1	persistent	2	0	1
BEJGEH_02492	contig_1	2536168	2536455	-	LNHIMF_02601	1	persistent	2	0	0
BEJGEH_02493	contig_1	2536568	2536858	-	LNHIMF_02602	1	persistent	2	0	0
BEJGEH_02494	contig_1	2536899	2537915	-	GEGEGB_00430	1	persistent	2	0	1
BEJGEH_02495	contig_1	2537912	2538715	-	GEGEGB_00429	1	persistent	2	0	0
BEJGEH_02496	contig_1	2538712	2539401	-	LNHIMF_02605	1	persistent	2	0	0
BEJGEH_02497	contig_1	2539379	2539858	-	GEGEGB_00427	1	persistent	2	0	0
BEJGEH_02498	contig_1	2539871	2540206	-	GEGEGB_00426	1	persistent	2	1	1
BEJGEH_02499	contig_1	2540623	2542902	-	GEGEGB_00423	1	persistent	2	1	1
BEJGEH_02500	contig_1	2543174	2544124	+	LNHIMF_02609	1	persistent	2	0	0
BEJGEH_02501	contig_1	2544144	2546144	+	LNHIMF_02610	1	persistent	2	0	0
BEJGEH_02502	contig_1	2546207	2546437	-	GEGEGB_00420	1	persistent	2	0	0
BEJGEH_02503	contig_1	2546565	2547608	-	LNHIMF_02612	1	persistent	2	0	0
BEJGEH_02504	contig_1	2547733	2548308	-	GEGEGB_00418	1	persistent	2	0	0
BEJGEH_02505	contig_1	2548512	2549810	+	GEGEGB_00417	1	persistent	2	0	0
BEJGEH_02506	contig_1	2550259	2552220	-	GEGEGB_00416	1	persistent	2	0	0
BEJGEH_02507	contig_1	2552406	2554106	+	BEJGEH_02507	1	persistent	2	0	0
BEJGEH_02508	contig_1	2554291	2557404	+	GEGEGB_00414	1	persistent	2	0	1
BEJGEH_02510	contig_1	2557506	2557565	-	LNHIMF_02619	1	persistent	2	0	0
BEJGEH_02511	contig_1	2557978	2558334	+	GEGEGB_00411	1	persistent	2	0	1
BEJGEH_02512	contig_1	2558338	2559465	+	LNHIMF_02621	1	persistent	2	0	0
BEJGEH_02513	contig_1	2559493	2559693	+	GEGEGB_00409	1	persistent	2	0	0
BEJGEH_02514	contig_1	2559720	2560661	-	LNHIMF_02623	2	persistent	2	0	0
BEJGEH_02515	contig_1	2560736	2561737	-	LNHIMF_02623	2	persistent	2	0	0
BEJGEH_02516	contig_1	2561753	2562616	-	LNHIMF_02624	1	persistent	2	0	0
BEJGEH_02517	contig_1	2562747	2563460	-	GEGEGB_00406	1	persistent	2	0	0
BEJGEH_02518	contig_1	2563635	2564669	-	GEGEGB_00405	1	persistent	2	0	0
BEJGEH_02519	contig_1	2564686	2565564	-	GEGEGB_00404	1	persistent	2	0	0
BEJGEH_02520	contig_1	2565710	2566282	+	LNHIMF_02628	1	persistent	2	0	0
BEJGEH_02521	contig_1	2566282	2566752	+	GEGEGB_00402	1	persistent	2	0	0
BEJGEH_02522	contig_1	2566799	2567938	-	LNHIMF_02630	1	persistent	2	1	0
BEJGEH_02523	contig_1	2567944	2569212	-	LNHIMF_02631	1	shell	1	1	0
BEJGEH_02524	contig_1	2569280	2570461	-	LNHIMF_02632	1	shell	1	1	0
BEJGEH_02525	contig_1	2570744	2571811	-	GEGEGB_00397	1	persistent	2	1	0
BEJGEH_02526	contig_1	2572019	2573482	+	GEGEGB_00396	1	persistent	2	0	0
BEJGEH_02527	contig_1	2573522	2573881	+	GEGEGB_00395	1	persistent	2	0	0
BEJGEH_02528	contig_1	2573908	2574633	-	GEGEGB_00394	1	persistent	2	0	0
BEJGEH_02529	contig_1	2574704	2575993	-	GEGEGB_00393	1	persistent	2	0	0
BEJGEH_02530	contig_1	2576081	2576707	-	GEGEGB_00392	1	persistent	2	0	0
BEJGEH_02531	contig_1	2577001	2578158	+	LNHIMF_02639	1	persistent	2	0	0
BEJGEH_02532	contig_1	2578158	2578796	+	GEGEGB_00390	1	persistent	2	0	0
BEJGEH_02533	contig_1	2578985	2581051	+	LNHIMF_02641	1	persistent	2	0	0
BEJGEH_02534	contig_1	2581056	2582597	+	GEGEGB_00388	1	persistent	2	0	0
BEJGEH_02535	contig_1	2582633	2584846	-	LNHIMF_02643	1	persistent	2	0	0
BEJGEH_02536	contig_1	2585259	2585450	+	BEJGEH_02536	1	persistent	2	0	4
BEJGEH_02537	contig_1	2586151	2586465	+	BEJGEH_02537	1	persistent	2	0	3
BEJGEH_02538	contig_1	2586486	2586773	-	HFCAGB_02785	1	persistent	2	0	2
BEJGEH_02539	contig_1	2587248	2589626	-	BEJGEH_02539	1	cloud	1	0	1
BEJGEH_02540	contig_1	2589721	2589981	-	BEJGEH_02540	1	cloud	1	0	1
BEJGEH_02541	contig_1	2590289	2591866	-	GEGEGB_00382	1	persistent	2	0	4
BEJGEH_02542	contig_1	2591936	2593402	-	GEGEGB_00381	1	persistent	2	0	0
BEJGEH_02543	contig_1	2593563	2594912	+	LNHIMF_02649	1	persistent	2	0	0
BEJGEH_02544	contig_1	2595074	2601247	-	PKJKAM_02753	1	persistent	2	0	2
BEJGEH_02545	contig_1	2601754	2601843	-	ALJMDI_01641	1	persistent	2	0	4
BEJGEH_02546	contig_1	2602283	2607868	-	AJBGEP_02691	1	persistent	2	0	0
BEJGEH_02547	contig_1	2608006	2608977	-	BEJGEH_02547	1	persistent	2	0	2
BEJGEH_02548	contig_1	2609035	2611227	-	LNHIMF_02655	1	persistent	2	0	0
BEJGEH_02549	contig_1	2611562	2611783	-	LNHIMF_02656	1	persistent	2	0	0
BEJGEH_02550	contig_1	2611872	2613344	-	GEGEGB_00368	1	persistent	2	0	0
BEJGEH_02551	contig_1	2613461	2614639	-	GEGEGB_00367	1	persistent	2	0	0
BEJGEH_02552	contig_1	2614650	2615270	-	GEGEGB_00366	1	persistent	2	0	0
BEJGEH_02553	contig_1	2615284	2616558	-	GEGEGB_00365	1	persistent	2	0	0
BEJGEH_02555	contig_1	2616669	2617787	-	LNHIMF_02662	1	persistent	2	0	0
BEJGEH_02556	contig_1	2617814	2618818	-	BEJGEH_02556	1	persistent	2	0	0
BEJGEH_02557	contig_1	2619110	2620276	-	GEGEGB_00361	1	persistent	2	0	0
BEJGEH_02558	contig_1	2620483	2620914	-	GEGEGB_00360	1	persistent	2	0	0
BEJGEH_02559	contig_1	2621035	2621898	-	LNHIMF_02666	1	persistent	2	0	0
BEJGEH_02560	contig_1	2621898	2622707	-	GEGEGB_00358	1	persistent	2	0	0
BEJGEH_02561	contig_1	2622700	2623329	-	LNHIMF_02668	1	persistent	2	0	0
BEJGEH_02562	contig_1	2623326	2625704	-	OEKLIE_03175	1	persistent	2	0	0
BEJGEH_02563	contig_1	2625860	2628175	-	LNHIMF_02670	1	persistent	2	0	0
BEJGEH_02564	contig_1	2628176	2633116	-	GEGEGB_00353	1	persistent	2	0	0
BEJGEH_02565	contig_1	2633325	2634167	+	GEGEGB_00352	1	persistent	3	0	1
BEJGEH_02566	contig_1	2634147	2634371	-	BEJGEH_02566	1	persistent	2	0	0
BEJGEH_02567	contig_1	2634413	2635081	+	BEJGEH_02567	1	persistent	2	0	0
BEJGEH_02569	contig_1	2635650	2636426	-	GEGEGB_00348	1	persistent	3	0	0
BEJGEH_02570	contig_1	2636441	2636620	+	PKJKAM_02726	1	persistent	2	0	0
BEJGEH_02571	contig_1	2636536	2637819	-	GEGEGB_00346	1	persistent	2	0	0
BEJGEH_02572	contig_1	2638066	2638266	-	GEGEGB_00345	1	persistent	2	0	0
BEJGEH_02573	contig_1	2638278	2638613	-	GEGEGB_00344	1	persistent	2	0	0
BEJGEH_02574	contig_1	2638615	2640465	-	LNHIMF_02679	1	persistent	2	0	0
BEJGEH_02575	contig_1	2640478	2640993	-	LNHIMF_02680	1	persistent	2	0	0
BEJGEH_02576	contig_1	2641189	2641512	-	GEGEGB_00341	1	persistent	2	0	0
BEJGEH_02577	contig_1	2641541	2641927	-	GEGEGB_00340	1	persistent	2	0	0
BEJGEH_02578	contig_1	2641955	2643169	-	GEGEGB_00339	1	persistent	2	0	0
BEJGEH_02579	contig_1	2643350	2643844	-	GEGEGB_00338	1	persistent	2	0	0
BEJGEH_02580	contig_1	2644004	2644735	-	GEGEGB_00337	1	persistent	2	0	0
BEJGEH_02581	contig_1	2644854	2645657	+	LNHIMF_02686	1	persistent	2	0	0
BEJGEH_02582	contig_1	2645802	2646680	+	HFCAGB_02830	1	persistent	2	0	0
BEJGEH_02583	contig_1	2646862	2647905	+	GEGEGB_00334	1	persistent	2	0	0
BEJGEH_02584	contig_1	2647909	2648727	+	LNHIMF_02689	1	persistent	2	0	0
BEJGEH_02585	contig_1	2648738	2649751	+	GEGEGB_00332	1	persistent	2	0	0
BEJGEH_02586	contig_1	2649752	2650738	-	BEJGEH_02586	1	persistent	2	0	0
BEJGEH_02587	contig_1	2650729	2651367	-	LNHIMF_02692	1	persistent	2	0	0
BEJGEH_02588	contig_1	2651493	2652770	+	LNHIMF_02693	1	persistent	2	0	0
BEJGEH_02589	contig_1	2652765	2653904	-	GEGEGB_00327	1	persistent	2	0	0
BEJGEH_02590	contig_1	2654100	2655353	-	GEGEGB_00326	1	persistent	2	0	0
BEJGEH_02591	contig_1	2655678	2656868	+	LNHIMF_02696	1	persistent	2	0	0
BEJGEH_02592	contig_1	2657050	2658237	+	ODDLKH_03069	2	persistent	2	0	1
BEJGEH_02593	contig_1	2658206	2659414	-	BEJGEH_00314	7	cloud	6	0	5
BEJGEH_02595	contig_1	2659528	2659929	+	ODDLKH_03069	2	persistent	2	0	1
BEJGEH_02596	contig_1	2660290	2661621	+	ALJMDI_01593	1	persistent	2	0	0
BEJGEH_02597	contig_1	2661704	2663848	+	GEGEGB_00322	1	persistent	2	0	0
BEJGEH_02598	contig_1	2663904	2665364	+	LNHIMF_02700	1	persistent	2	0	0
BEJGEH_02599	contig_1	2665413	2665751	-	GEGEGB_00320	1	persistent	2	0	0
BEJGEH_02600	contig_1	2665828	2667165	-	GEGEGB_00319	1	persistent	2	0	0
BEJGEH_02601	contig_1	2667162	2667848	-	GEGEGB_00318	1	persistent	2	0	0
BEJGEH_02602	contig_1	2667928	2669313	-	GEGEGB_00317	1	persistent	2	1	0
BEJGEH_02605	contig_1	2670008	2673895	-	LNHIMF_02707	1	persistent	2	1	0
BEJGEH_02606	contig_1	2674151	2675695	+	BEJGEH_02606	1	persistent	2	0	0
BEJGEH_02607	contig_1	2675746	2676264	-	GEGEGB_00312	1	persistent	2	0	0
BEJGEH_02608	contig_1	2676322	2676957	-	LNHIMF_02710	1	persistent	2	0	0
BEJGEH_02609	contig_1	2676961	2678322	-	LNHIMF_02711	1	persistent	2	0	0
BEJGEH_02610	contig_1	2678333	2679226	-	GEGEGB_00309	1	persistent	2	0	0
BEJGEH_02611	contig_1	2679342	2680190	+	GEGEGB_00308	1	persistent	2	0	0
BEJGEH_02612	contig_1	2680229	2681146	-	GEGEGB_00307	1	persistent	2	0	0
BEJGEH_02613	contig_1	2681168	2682364	-	LNHIMF_02715	1	persistent	2	0	0
BEJGEH_02614	contig_1	2682480	2683406	+	BEJGEH_02614	1	persistent	2	0	0
BEJGEH_02615	contig_1	2683444	2683704	+	GEGEGB_00304	1	persistent	2	0	0
BEJGEH_02616	contig_1	2683816	2684196	-	GEGEGB_00303	1	persistent	2	0	0
BEJGEH_02617	contig_1	2684196	2684927	-	GEGEGB_00302	1	persistent	2	0	0
BEJGEH_02618	contig_1	2684939	2685667	-	GEGEGB_00301	1	persistent	2	0	0
BEJGEH_02619	contig_1	2685679	2686584	-	LNHIMF_02721	1	persistent	2	0	0
BEJGEH_02620	contig_1	2686581	2687318	-	GEGEGB_00299	1	persistent	2	0	0
BEJGEH_02621	contig_1	2687535	2688509	-	GEGEGB_00298	1	persistent	2	0	0
BEJGEH_02622	contig_1	2688526	2690325	-	GEGEGB_00297	1	persistent	2	0	2
BEJGEH_02624	contig_1	2690576	2691055	-	GEGEGB_00296	1	persistent	2	0	1
BEJGEH_02625	contig_1	2691052	2692008	-	LNHIMF_02727	1	persistent	2	0	0
BEJGEH_02626	contig_1	2692008	2692658	-	LNHIMF_02728	1	persistent	2	0	0
BEJGEH_02627	contig_1	2692690	2693265	-	GEGEGB_00292	1	persistent	2	0	0
BEJGEH_02628	contig_1	2693690	2695312	+	LNHIMF_02730	1	persistent	2	0	0
BEJGEH_02629	contig_1	2695297	2696034	-	LNHIMF_02731	1	persistent	2	0	0
BEJGEH_02630	contig_1	2696165	2697499	+	LNHIMF_02732	1	persistent	2	0	1
BEJGEH_02631	contig_1	2697517	2698416	-	LNHIMF_02733	1	persistent	2	0	0
BEJGEH_02632	contig_1	2698519	2699106	+	GEGEGB_00287	1	persistent	2	0	1
BEJGEH_02633	contig_1	2699168	2699551	-	GEGEGB_00286	1	persistent	2	0	0
BEJGEH_02634	contig_1	2699870	2700559	+	GEGEGB_00285	1	persistent	2	0	0
BEJGEH_02635	contig_1	2700675	2701712	-	GEGEGB_00284	1	persistent	2	0	0
BEJGEH_02636	contig_1	2701916	2702335	+	LNHIMF_02738	1	persistent	2	0	0
BEJGEH_02637	contig_1	2702408	2703088	+	LNHIMF_02739	1	persistent	2	0	0
BEJGEH_02638	contig_1	2703142	2705802	+	LNHIMF_02740	1	persistent	2	0	1
BEJGEH_02639	contig_1	2705892	2705933	+	GEGEGB_00280	1	persistent	2	0	0
BEJGEH_02640	contig_1	2705917	2707272	+	GEGEGB_00279	1	persistent	2	0	1
BEJGEH_02641	contig_1	2707315	2707638	+	GEGEGB_00278	1	persistent	2	0	0
BEJGEH_02642	contig_1	2707635	2708936	-	LNHIMF_02744	1	persistent	2	0	0
BEJGEH_02643	contig_1	2709040	2709495	-	LNHIMF_02745	1	persistent	3	0	1
BEJGEH_02649	contig_1	2715551	2718124	-	GEGEGB_02756	1	persistent	3	0	1
BEJGEH_02651	contig_1	2718254	2718985	-	LNHIMF_02753	1	persistent	2	0	0
BEJGEH_02652	contig_1	2718982	2719962	-	GEGEGB_02759	1	persistent	2	0	0
BEJGEH_02653	contig_1	2720094	2720831	+	BEJGEH_02653	1	persistent	2	0	0
BEJGEH_02654	contig_1	2721103	2721441	+	GEGEGB_02761	1	persistent	2	0	1
BEJGEH_02655	contig_1	2721599	2721985	+	BEJGEH_02655	1	cloud	1	0	1
BEJGEH_02656	contig_1	2722121	2723593	-	BEJGEH_02656	1	cloud	0	0	2
BEJGEH_02657	contig_1	2724711	2726414	-	BEJGEH_02657	1	cloud	0	0	4
BEJGEH_02658	contig_1	2726414	2726959	-	ONMMKP_04141	1	cloud	0	0	2
BEJGEH_02659	contig_1	2726931	2727656	-	ONMMKP_04140	1	cloud	0	1	2
BEJGEH_02660	contig_1	2727646	2728176	-	BEJGEH_02721	2	shell	0	1	5
BEJGEH_02661	contig_1	2728179	2730191	-	BEJGEH_02661	1	cloud	0	1	1
BEJGEH_02662	contig_1	2730201	2730788	-	BEJGEH_02662	1	cloud	0	0	4
BEJGEH_02663	contig_1	2730781	2731965	-	BEJGEH_02663	1	cloud	0	0	2
BEJGEH_02664	contig_1	2731962	2732291	-	BEJGEH_02664	1	cloud	0	0	2
BEJGEH_02665	contig_1	2732288	2734255	-	BEJGEH_02665	1	cloud	0	0	2
BEJGEH_02666	contig_1	2734443	2734700	-	ONMMKP_04133	1	cloud	0	0	2
BEJGEH_02667	contig_1	2734847	2735179	-	ONMMKP_04132	1	cloud	0	0	2
BEJGEH_02668	contig_1	2735179	2735520	-	ONMMKP_04131	1	cloud	0	0	3
BEJGEH_02669	contig_1	2735517	2735813	-	BEJGEH_02669	1	cloud	0	0	2
BEJGEH_02670	contig_1	2735826	2736281	-	ONMMKP_04129	1	cloud	0	0	3
BEJGEH_02671	contig_1	2736278	2737405	-	ONMMKP_04128	1	cloud	0	0	3
BEJGEH_02672	contig_1	2737402	2738106	-	BEJGEH_02672	1	cloud	0	0	2
BEJGEH_02673	contig_1	2738103	2738585	-	BEJGEH_02673	1	cloud	0	0	2
BEJGEH_02674	contig_1	2738582	2739034	-	BEJGEH_02674	1	cloud	0	0	2
BEJGEH_02675	contig_1	2739133	2739831	-	BEJGEH_02675	1	cloud	0	0	2
BEJGEH_02676	contig_1	2739843	2740871	-	BEJGEH_02676	1	cloud	0	0	2
BEJGEH_02677	contig_1	2740906	2741895	-	BEJGEH_02677	1	cloud	0	0	2
BEJGEH_02678	contig_1	2741953	2743737	+	BEJGEH_02678	1	cloud	0	0	2
BEJGEH_02679	contig_1	2743734	2744753	+	BEJGEH_02679	1	cloud	0	0	2
BEJGEH_02680	contig_1	2744807	2745076	+	BEJGEH_02680	1	cloud	0	0	2
BEJGEH_02681	contig_1	2745104	2747761	-	BEJGEH_02681	1	cloud	0	0	2
BEJGEH_02682	contig_1	2747800	2748018	-	BEJGEH_02682	1	cloud	0	0	2
BEJGEH_02683	contig_1	2748021	2748590	-	BEJGEH_02683	1	cloud	0	0	2
BEJGEH_02684	contig_1	2748600	2748932	-	BEJGEH_02684	1	cloud	0	0	2
BEJGEH_02685	contig_1	2748958	2749296	-	BEJGEH_02685	1	cloud	0	0	2
BEJGEH_02686	contig_1	2749394	2749699	+	BEJGEH_02686	1	cloud	0	0	2
BEJGEH_02687	contig_1	2749766	2750758	+	BEJGEH_02687	1	cloud	1	0	1
BEJGEH_02688	contig_1	2751069	2752229	+	LNHIMF_02757	1	persistent	2	0	1
BEJGEH_02689	contig_1	2752190	2753098	-	LNHIMF_02758	1	persistent	2	0	0
BEJGEH_02690	contig_1	2753156	2754277	-	GEGEGB_02764	1	persistent	2	0	0
BEJGEH_02691	contig_1	2754287	2755357	-	GEGEGB_02765	1	persistent	2	0	0
BEJGEH_02692	contig_1	2755797	2756315	+	GEGEGB_02766	1	persistent	2	0	0
BEJGEH_02693	contig_1	2756308	2757528	+	LNHIMF_02762	1	persistent	2	0	0
BEJGEH_02694	contig_1	2757685	2758032	-	GEGEGB_02768	1	persistent	2	0	0
BEJGEH_02695	contig_1	2758073	2758840	-	GEGEGB_02769	1	persistent	2	0	0
BEJGEH_02696	contig_1	2758885	2759433	-	GEGEGB_02770	1	persistent	2	0	0
BEJGEH_02697	contig_1	2759452	2759700	-	GEGEGB_02771	1	persistent	2	0	1
BEJGEH_02698	contig_1	2759953	2761314	-	GEGEGB_02772	1	persistent	2	0	1
BEJGEH_02699	contig_1	2761480	2762271	+	GEGEGB_02773	1	persistent	2	0	0
BEJGEH_02700	contig_1	2762336	2763577	+	GEGEGB_02774	1	persistent	2	0	1
BEJGEH_02701	contig_1	2763698	2764303	+	BEJGEH_02701	1	persistent	2	0	1
BEJGEH_02702	contig_1	2764338	2765120	-	GEGEGB_02776	1	cloud	2	0	0
BEJGEH_02703	contig_1	2765166	2765930	+	AJBGEP_02882	1	persistent	2	0	1
BEJGEH_02704	contig_1	2766016	2767677	+	LNHIMF_02773	1	persistent	2	0	0
BEJGEH_02705	contig_1	2767826	2768164	+	GEGEGB_02779	1	persistent	2	0	0
BEJGEH_02706	contig_1	2768330	2768620	-	LNHIMF_02775	1	persistent	2	0	0
BEJGEH_02707	contig_1	2768610	2769047	-	GEGEGB_02781	1	persistent	2	0	0
BEJGEH_02708	contig_1	2769191	2769718	+	GEGEGB_02782	1	persistent	2	0	0
BEJGEH_02709	contig_1	2770333	2781807	+	GEGEGB_02783	1	persistent	2	0	0
BEJGEH_02711	contig_1	2781872	2783281	+	LNHIMF_02780	1	persistent	2	0	0
BEJGEH_02712	contig_1	2783278	2785458	+	LNHIMF_02781	1	persistent	2	0	0
BEJGEH_02713	contig_1	2785439	2786629	+	LNHIMF_02782	1	persistent	1	2	6
BEJGEH_02715	contig_1	2787468	2788568	-	GEGEGB_02807	1	cloud	1	0	3
BEJGEH_02716	contig_1	2788565	2789050	-	GEGEGB_02808	1	cloud	0	0	4
BEJGEH_02717	contig_1	2789047	2791854	-	ONMMKP_04188	1	cloud	0	0	2
BEJGEH_02718	contig_1	2791981	2792283	-	GEGEGB_02810	1	cloud	0	0	4
BEJGEH_02719	contig_1	2792338	2792853	-	GEGEGB_02811	1	cloud	0	0	2
BEJGEH_02720	contig_1	2792863	2794035	-	GEGEGB_02812	1	cloud	0	2	3
BEJGEH_02721	contig_1	2794166	2794693	-	BEJGEH_02721	2	shell	0	1	5
BEJGEH_02722	contig_1	2794696	2796462	-	HFCAGB_02935	1	cloud	0	1	1
BEJGEH_02723	contig_1	2796459	2797064	-	GEGEGB_03617	1	cloud	0	0	5
BEJGEH_02724	contig_1	2797057	2797965	-	BEJGEH_02724	1	cloud	0	0	2
BEJGEH_02725	contig_1	2797952	2798311	-	ONMMKP_04176	1	cloud	0	0	2
BEJGEH_02726	contig_1	2798308	2798886	-	GEGEGB_04555	1	cloud	0	0	5
BEJGEH_02727	contig_1	2798966	2800411	+	BEJGEH_02727	1	cloud	0	0	2
BEJGEH_02728	contig_1	2800423	2800872	-	GEGEGB_03613	1	cloud	0	0	5
BEJGEH_02729	contig_1	2800865	2801296	-	HFCAGB_02942	1	cloud	0	0	3
BEJGEH_02730	contig_1	2801392	2801817	-	GEGEGB_04558	1	cloud	0	0	2
BEJGEH_02731	contig_1	2801817	2802194	-	BEJGEH_02731	1	cloud	0	0	2
BEJGEH_02732	contig_1	2802199	2802708	-	GEGEGB_03609	1	cloud	0	0	3
BEJGEH_02733	contig_1	2802689	2802904	-	BEJGEH_02733	1	cloud	0	0	2
BEJGEH_02734	contig_1	2802908	2803111	-	GEGEGB_03607	1	cloud	0	0	2
BEJGEH_02735	contig_1	2803111	2803575	-	GEGEGB_04563	1	cloud	0	0	2
BEJGEH_02736	contig_1	2803669	2804319	-	GEGEGB_03605	1	cloud	0	0	2
BEJGEH_02737	contig_1	2804323	2805384	-	HFCAGB_02950	1	cloud	0	0	2
BEJGEH_02738	contig_1	2805401	2806234	-	HFCAGB_02951	1	cloud	0	0	2
BEJGEH_02739	contig_1	2806377	2808143	+	GEGEGB_04567	1	cloud	0	0	2
BEJGEH_02740	contig_1	2808143	2809171	+	HFCAGB_02953	1	cloud	0	0	7
BEJGEH_02741	contig_1	2809218	2810882	-	BEJGEH_02741	1	cloud	0	0	2
BEJGEH_02742	contig_1	2811121	2811498	-	BEJGEH_02742	1	cloud	0	0	2
BEJGEH_02743	contig_1	2811476	2812531	-	BEJGEH_02743	1	cloud	0	0	2
BEJGEH_02744	contig_1	2812691	2812924	-	GEGEGB_04572	1	cloud	0	0	5
BEJGEH_02745	contig_1	2812936	2813124	-	GEGEGB_03597	1	cloud	0	0	4
BEJGEH_02746	contig_1	2813448	2815691	-	BEJGEH_02746	1	cloud	0	0	3
BEJGEH_02747	contig_1	2815682	2816539	-	ONMMKP_04154	1	cloud	0	0	2
BEJGEH_02748	contig_1	2816536	2816763	-	GEGEGB_04577	1	cloud	0	0	5
BEJGEH_02749	contig_1	2816763	2816996	-	BEJGEH_02749	1	cloud	0	0	2
BEJGEH_02750	contig_1	2817064	2817405	-	BEJGEH_02750	1	cloud	0	0	7
BEJGEH_02751	contig_1	2817625	2818083	+	BEJGEH_02751	1	cloud	0	0	2
BEJGEH_02752	contig_1	2818272	2818781	-	BEJGEH_02752	1	cloud	0	0	7
BEJGEH_02753	contig_1	2818817	2819056	-	BEJGEH_02753	1	cloud	0	0	2
BEJGEH_02754	contig_1	2819173	2819805	+	GEGEGB_04583	1	cloud	0	0	2
BEJGEH_02755	contig_1	2819809	2820834	+	BEJGEH_02755	1	cloud	0	0	7
BEJGEH_02756	contig_1	2821164	2821745	+	AJBGEP_02894	1	cloud	1	0	3
BEJGEH_02757	contig_1	2821804	2822064	-	BEJGEH_02757	1	cloud	0	0	2
BEJGEH_02758	contig_1	2822085	2823959	+	AJBGEP_02919	1	cloud	0	0	4
BEJGEH_02759	contig_1	2824066	2824344	-	BEJGEH_02759	1	cloud	1	0	1
BEJGEH_02760	contig_1	2824849	2825964	+	GEGEGB_02814	1	persistent	1	2	2
BEJGEH_02761	contig_1	2826045	2829701	+	HFCAGB_02977	1	persistent	2	0	0
BEJGEH_02762	contig_1	2829811	2831055	+	LNHIMF_02809	1	persistent	2	0	0
BEJGEH_02763	contig_1	2831087	2832022	+	HFCAGB_02979	1	persistent	2	0	0
BEJGEH_02764	contig_1	2832064	2834238	-	LNHIMF_02811	1	persistent	2	1	1
BEJGEH_02765	contig_1	2834758	2835069	-	BEJGEH_02765	1	shell	2	0	0
BEJGEH_02766	contig_1	2835265	2836317	-	LNHIMF_02813	1	persistent	2	1	1
BEJGEH_02767	contig_1	2836834	2837763	+	GEGEGB_02820	1	persistent	2	0	0
BEJGEH_02768	contig_1	2838057	2838953	+	GEGEGB_02821	1	persistent	2	0	0
BEJGEH_02769	contig_1	2839468	2839581	+	GEGEGB_02822	1	persistent	2	0	0
BEJGEH_02770	contig_1	2839674	2840687	-	LNHIMF_02817	1	persistent	2	0	0
BEJGEH_02771	contig_1	2840820	2842235	-	GEGEGB_02824	1	persistent	2	0	0
BEJGEH_02772	contig_1	2842222	2842896	-	LNHIMF_02819	1	persistent	2	0	0
BEJGEH_02773	contig_1	2843051	2844028	+	LNHIMF_02820	1	persistent	2	0	0
BEJGEH_02774	contig_1	2844043	2844474	+	GEGEGB_02827	1	persistent	2	0	0
BEJGEH_02775	contig_1	2844485	2845999	+	LNHIMF_02822	1	persistent	2	0	1
BEJGEH_02776	contig_1	2846302	2847279	+	GEGEGB_02829	1	persistent	2	0	1
BEJGEH_02777	contig_1	2847305	2848573	+	LNHIMF_02824	1	persistent	2	0	0
BEJGEH_02778	contig_1	2848595	2850043	+	BEJGEH_02778	1	persistent	2	0	0
BEJGEH_02779	contig_1	2850058	2851341	+	LNHIMF_02827	1	persistent	2	0	0
BEJGEH_02780	contig_1	2851471	2852871	+	BEJGEH_02780	1	persistent	2	0	0
BEJGEH_02781	contig_1	2852913	2853590	+	GEGEGB_02835	1	persistent	2	0	1
BEJGEH_02782	contig_1	2853612	2854061	-	LNHIMF_02830	1	persistent	2	0	0
BEJGEH_02783	contig_1	2854161	2854319	-	GEGEGB_02838	1	persistent	2	0	1
BEJGEH_02784	contig_1	2854502	2854801	+	LNHIMF_02832	1	persistent	2	0	0
BEJGEH_02785	contig_1	2854811	2855338	+	GEGEGB_02840	1	persistent	3	0	0
BEJGEH_02786	contig_1	2855417	2855596	+	LNHIMF_02834	1	persistent	2	0	0
BEJGEH_02787	contig_1	2855686	2856087	-	GEGEGB_02842	1	persistent	3	0	0
BEJGEH_02788	contig_1	2856986	2857435	+	LNHIMF_02836	1	persistent	2	0	0
BEJGEH_02789	contig_1	2857470	2857820	-	GEGEGB_02844	1	persistent	2	0	0
BEJGEH_02790	contig_1	2857982	2858308	+	GEGEGB_02845	1	persistent	2	0	0
BEJGEH_02791	contig_1	2858392	2859726	-	LNHIMF_02839	1	persistent	2	0	0
BEJGEH_02792	contig_1	2859815	2860246	+	LNHIMF_02840	1	persistent	2	0	0
BEJGEH_02793	contig_1	2860518	2860763	+	LNHIMF_02841	1	persistent	2	0	0
BEJGEH_02794	contig_1	2860760	2861170	+	LNHIMF_02842	1	persistent	2	0	0
BEJGEH_02795	contig_1	2861170	2863287	+	LNHIMF_02843	1	persistent	2	0	0
BEJGEH_02796	contig_1	2863298	2864257	+	LNHIMF_02844	1	persistent	2	0	1
BEJGEH_02797	contig_1	2864612	2865814	+	LNHIMF_02845	1	persistent	2	0	1
BEJGEH_02798	contig_1	2865807	2866871	+	GEGEGB_02855	1	persistent	2	0	0
BEJGEH_02799	contig_1	2866941	2867936	+	GEGEGB_02856	1	persistent	2	0	0
BEJGEH_02800	contig_1	2868101	2869285	+	LNHIMF_02848	1	persistent	2	0	0
BEJGEH_02801	contig_1	2869782	2870312	+	GEGEGB_02858	1	persistent	2	0	0
BEJGEH_02802	contig_1	2870439	2871611	+	LNHIMF_02850	1	persistent	2	0	0
BEJGEH_02803	contig_1	2871628	2873166	+	LNHIMF_02851	1	persistent	2	0	0
BEJGEH_02804	contig_1	2873215	2874585	-	GEGEGB_02861	1	persistent	2	0	0
BEJGEH_02806	contig_1	2874931	2875446	-	GEGEGB_02863	1	persistent	2	0	0
BEJGEH_02808	contig_1	2875596	2877152	-	LNHIMF_02856	1	persistent	2	0	0
BEJGEH_02809	contig_1	2877229	2877654	-	GEGEGB_02866	1	persistent	2	0	0
BEJGEH_02810	contig_1	2877651	2878217	-	GEGEGB_02867	1	persistent	2	0	0
BEJGEH_02816	contig_1	2879465	2879650	-	GEGEGB_02873	1	persistent	2	0	0
BEJGEH_02817	contig_1	2879885	2882515	-	GEGEGB_02874	1	persistent	2	0	0
BEJGEH_02818	contig_1	2882751	2883290	-	LNHIMF_02866	1	persistent	2	0	1
BEJGEH_02819	contig_1	2883368	2884429	-	GEGEGB_02876	1	persistent	2	0	0
BEJGEH_02820	contig_1	2884514	2885011	-	LNHIMF_02868	1	persistent	2	0	0
BEJGEH_02821	contig_1	2885207	2885452	+	LNHIMF_02869	1	persistent	2	0	0
BEJGEH_02822	contig_1	2885490	2886569	-	GEGEGB_02879	1	persistent	2	0	0
BEJGEH_02823	contig_1	2886823	2887386	+	GEGEGB_02880	1	persistent	2	0	0
BEJGEH_02824	contig_1	2887383	2888354	+	LNHIMF_02872	1	persistent	2	0	0
BEJGEH_02825	contig_1	2888366	2888728	+	LNHIMF_02873	1	persistent	2	0	0
BEJGEH_02826	contig_1	2888740	2889519	+	LNHIMF_02874	1	persistent	2	0	0
BEJGEH_02827	contig_1	2889596	2889955	+	GEGEGB_02884	1	persistent	2	0	0
BEJGEH_02828	contig_1	2890153	2890926	+	GEGEGB_02885	1	persistent	2	0	0
BEJGEH_02829	contig_1	2890919	2891884	+	GEGEGB_02886	1	persistent	2	0	0
BEJGEH_02830	contig_1	2891881	2893401	-	GEGEGB_02887	1	persistent	2	0	0
BEJGEH_02831	contig_1	2893587	2895026	+	LNHIMF_02879	1	persistent	2	0	0
BEJGEH_02832	contig_1	2895023	2896156	+	LNHIMF_02880	1	persistent	2	0	0
BEJGEH_02833	contig_1	2896253	2898493	-	LNHIMF_02881	1	persistent	2	0	0
BEJGEH_02834	contig_1	2898639	2899184	-	GEGEGB_02891	1	persistent	2	0	0
BEJGEH_02835	contig_1	2899385	2900194	-	LNHIMF_02883	1	persistent	2	0	0
BEJGEH_02836	contig_1	2900219	2900689	-	HFCAGB_03054	1	persistent	2	0	0
BEJGEH_02837	contig_1	2900682	2901092	-	GEGEGB_02894	1	persistent	2	0	0
BEJGEH_02838	contig_1	2901089	2901856	-	LNHIMF_02886	1	persistent	2	0	0
BEJGEH_02839	contig_1	2901856	2902398	-	GEGEGB_02896	1	persistent	2	0	0
BEJGEH_02840	contig_1	2902408	2904117	-	GEGEGB_02897	1	persistent	2	0	0
BEJGEH_02841	contig_1	2904135	2905058	-	GEGEGB_02898	1	persistent	2	0	0
BEJGEH_02842	contig_1	2905061	2906887	-	LNHIMF_02890	1	persistent	2	0	0
BEJGEH_02843	contig_1	2906887	2907495	-	GEGEGB_02900	1	persistent	2	0	0
BEJGEH_02844	contig_1	2907641	2908102	-	GEGEGB_02901	1	persistent	2	0	0
BEJGEH_02845	contig_1	2908312	2908668	+	GEGEGB_02902	1	persistent	2	0	0
BEJGEH_02846	contig_1	2908737	2909609	+	GEGEGB_02903	1	persistent	2	0	0
BEJGEH_02847	contig_1	2909600	2909872	+	GEGEGB_02904	1	persistent	2	0	0
BEJGEH_02848	contig_1	2909872	2910993	+	GEGEGB_02905	1	persistent	2	0	0
BEJGEH_02849	contig_1	2910990	2912000	+	GEGEGB_02906	1	persistent	2	0	0
BEJGEH_02850	contig_1	2912219	2914297	+	LNHIMF_02898	1	persistent	2	0	0
BEJGEH_02851	contig_1	2914359	2914703	-	GEGEGB_02908	1	persistent	2	0	0
BEJGEH_02852	contig_1	2914885	2915802	+	GEGEGB_02909	1	persistent	2	0	0
BEJGEH_02853	contig_1	2915799	2916620	+	LNHIMF_02901	1	persistent	2	0	0
BEJGEH_02854	contig_1	2916617	2917477	+	GEGEGB_02911	1	persistent	2	0	0
BEJGEH_02855	contig_1	2917468	2918316	+	GEGEGB_02912	1	persistent	3	0	0
BEJGEH_02856	contig_1	2918415	2919281	-	BEJGEH_02856	1	persistent	2	0	0
BEJGEH_02858	contig_1	2919484	2920239	-	BEJGEH_02858	1	persistent	3	0	0
BEJGEH_02859	contig_1	2920624	2921511	-	LNHIMF_02907	1	persistent	2	0	0
BEJGEH_02860	contig_1	2921857	2922309	-	LNHIMF_02908	1	persistent	2	0	0
BEJGEH_02861	contig_1	2922325	2922996	-	HFCAGB_03079	1	persistent	2	0	0
BEJGEH_02862	contig_1	2922953	2923531	-	GEGEGB_02917	1	persistent	2	0	0
BEJGEH_02863	contig_1	2923524	2924282	-	LNHIMF_02911	1	persistent	2	0	0
BEJGEH_02864	contig_1	2924279	2924584	-	LNHIMF_02912	1	persistent	2	0	0
BEJGEH_02865	contig_1	2924603	2924845	-	GEGEGB_02920	1	persistent	2	0	0
BEJGEH_02866	contig_1	2924870	2926105	-	LNHIMF_02914	1	persistent	2	0	0
BEJGEH_02867	contig_1	2926364	2927293	+	LNHIMF_02915	1	persistent	2	0	0
BEJGEH_02868	contig_1	2928382	2930043	+	HFCAGB_03086	1	persistent	2	0	0
BEJGEH_02869	contig_1	2930061	2930543	+	LNHIMF_02917	1	persistent	2	0	0
BEJGEH_02870	contig_1	2930597	2932204	-	LNHIMF_02918	1	persistent	2	0	0
BEJGEH_02871	contig_1	2932215	2932607	-	LNHIMF_02919	1	persistent	2	0	0
BEJGEH_02872	contig_1	2932634	2932894	-	GEGEGB_02927	1	persistent	2	0	0
BEJGEH_02873	contig_1	2932938	2933186	-	GEGEGB_02928	1	persistent	2	0	0
BEJGEH_02874	contig_1	2933205	2935262	-	BEJGEH_02874	1	persistent	2	0	0
BEJGEH_02875	contig_1	2935281	2936312	-	ALJMDI_02659	1	persistent	2	0	0
BEJGEH_02876	contig_1	2936383	2937612	-	LNHIMF_02924	1	persistent	2	0	0
BEJGEH_02877	contig_1	2937640	2939421	-	GEGEGB_02932	1	persistent	2	0	0
BEJGEH_02878	contig_1	2939424	2939921	-	GEGEGB_02933	1	persistent	2	0	0
BEJGEH_02879	contig_1	2940059	2941129	-	GEGEGB_02934	1	persistent	2	0	0
BEJGEH_02880	contig_1	2941116	2941907	-	LNHIMF_02928	1	persistent	2	0	0
BEJGEH_02881	contig_1	2941911	2942171	-	GEGEGB_02936	1	persistent	2	0	0
BEJGEH_02882	contig_1	2942197	2942871	-	LNHIMF_02930	1	persistent	2	0	0
BEJGEH_02883	contig_1	2942861	2943772	-	LNHIMF_02931	1	persistent	2	0	0
BEJGEH_02884	contig_1	2943772	2944782	-	LNHIMF_02932	1	persistent	2	0	0
BEJGEH_02885	contig_1	2944782	2945225	-	GEGEGB_02940	1	persistent	2	0	0
BEJGEH_02886	contig_1	2945203	2946498	-	GEGEGB_02941	1	persistent	2	0	0
BEJGEH_02887	contig_1	2946495	2946902	-	GEGEGB_02942	1	persistent	2	0	0
BEJGEH_02888	contig_1	2946926	2948983	-	GEGEGB_02943	1	persistent	2	0	0
BEJGEH_02889	contig_1	2949008	2950126	-	GEGEGB_02944	1	persistent	2	0	0
BEJGEH_02890	contig_1	2950123	2951811	-	LNHIMF_02938	1	persistent	2	0	0
BEJGEH_02891	contig_1	2951808	2952557	-	GEGEGB_02946	1	persistent	2	0	0
BEJGEH_02892	contig_1	2952914	2953357	+	GEGEGB_02947	1	persistent	2	1	0
BEJGEH_02894	contig_1	2953789	2954238	+	LNHIMF_02942	1	persistent	2	0	0
BEJGEH_02895	contig_1	2954238	2954570	+	LNHIMF_02943	1	persistent	2	1	0
BEJGEH_02896	contig_1	2954843	2955169	-	BEJGEH_02896	1	shell	1	1	1
BEJGEH_02897	contig_1	2955771	2956052	+	GEGEGB_02949	1	shell	1	2	0
BEJGEH_02898	contig_1	2956049	2956576	+	GEGEGB_02950	1	shell	1	1	0
BEJGEH_02899	contig_1	2956649	2956825	-	AJBGEP_03073	1	persistent	2	1	0
BEJGEH_02900	contig_1	2957201	2957857	+	LNHIMF_02945	1	persistent	2	0	1
BEJGEH_02901	contig_1	2958102	2958596	-	BEJGEH_02901	1	cloud	1	0	1
BEJGEH_02902	contig_1	2958623	2959291	-	BEJGEH_02902	1	cloud	1	0	2
BEJGEH_02903	contig_1	2959714	2959803	-	BEJGEH_02903	1	cloud	1	0	1
BEJGEH_02904	contig_1	2960435	2963002	+	GEGEGB_02953	1	persistent	3	0	3
BEJGEH_02905	contig_1	2963058	2963438	-	LNHIMF_02947	1	persistent	2	0	0
BEJGEH_02906	contig_1	2963435	2964643	-	GEGEGB_02955	1	persistent	3	0	0
BEJGEH_02907	contig_1	2964752	2965663	+	GEGEGB_02956	1	persistent	2	0	0
BEJGEH_02908	contig_1	2965705	2967201	-	GEGEGB_02957	1	persistent	2	0	0
BEJGEH_02909	contig_1	2967198	2968148	-	LNHIMF_02951	1	persistent	2	0	0
BEJGEH_02910	contig_1	2968188	2968964	-	LNHIMF_02952	1	persistent	2	0	0
BEJGEH_02911	contig_1	2968969	2969607	-	GEGEGB_02960	1	persistent	2	0	0
BEJGEH_02912	contig_1	2969604	2970866	-	LNHIMF_02954	1	persistent	2	0	0
BEJGEH_02913	contig_1	2970860	2971783	-	BEJGEH_02913	1	persistent	2	0	0
BEJGEH_02914	contig_1	2971980	2972744	+	LNHIMF_02956	1	persistent	2	0	0
BEJGEH_02915	contig_1	2972763	2973167	-	GEGEGB_02964	1	persistent	2	0	0
BEJGEH_02916	contig_1	2973338	2973931	+	LNHIMF_02958	1	persistent	2	0	0
BEJGEH_02917	contig_1	2973931	2975358	+	LNHIMF_02959	1	persistent	2	0	0
BEJGEH_02918	contig_1	2975369	2975605	+	GEGEGB_02967	1	persistent	2	0	0
BEJGEH_02919	contig_1	2975650	2975856	-	LNHIMF_02961	2	persistent	2	0	1
BEJGEH_02921	contig_1	2975984	2977192	+	BEJGEH_00314	7	cloud	6	0	5
BEJGEH_02922	contig_1	2977171	2977980	-	LNHIMF_02961	2	persistent	2	0	1
BEJGEH_02923	contig_1	2978043	2979176	-	BEJGEH_02923	1	persistent	2	0	0
BEJGEH_02924	contig_1	2979352	2979978	-	GEGEGB_02970	1	persistent	2	0	0
BEJGEH_02925	contig_1	2979972	2980733	-	GEGEGB_02971	1	persistent	2	0	0
BEJGEH_02926	contig_1	2980714	2981763	-	LNHIMF_02965	1	persistent	2	0	0
BEJGEH_02927	contig_1	2981760	2982239	-	GEGEGB_02973	1	persistent	2	0	0
BEJGEH_02928	contig_1	2982239	2982949	-	GEGEGB_02974	1	persistent	2	0	0
BEJGEH_02929	contig_1	2982968	2983279	-	GEGEGB_02975	1	persistent	2	0	0
BEJGEH_02930	contig_1	2983470	2983793	-	GEGEGB_02976	1	persistent	2	0	0
BEJGEH_02931	contig_1	2983844	2984449	-	GEGEGB_02977	1	persistent	2	0	0
BEJGEH_02932	contig_1	2984436	2985875	-	LNHIMF_02971	1	persistent	2	0	0
BEJGEH_02933	contig_1	2985885	2986793	-	GEGEGB_02979	1	persistent	2	0	0
BEJGEH_02934	contig_1	2987044	2988090	+	GEGEGB_02980	1	persistent	3	0	0
BEJGEH_02935	contig_1	2989328	2989621	-	GEGEGB_02981	1	persistent	2	0	0
BEJGEH_02936	contig_1	2989621	2990541	-	BEJGEH_02936	1	persistent	1	1	1
BEJGEH_02937	contig_1	2990538	2991188	-	BEJGEH_02937	1	shell	1	1	0
BEJGEH_02938	contig_1	2991170	2991916	-	BEJGEH_02938	1	shell	0	2	0
BEJGEH_02939	contig_1	2991927	2992985	-	AJBGEP_03107	1	shell	0	2	0
BEJGEH_02940	contig_1	2992999	2993547	-	AJBGEP_03108	1	shell	0	2	0
BEJGEH_02941	contig_1	2993544	2995103	-	AJBGEP_03109	1	shell	0	2	0
BEJGEH_02942	contig_1	2995115	2997778	-	AJBGEP_03110	1	shell	1	1	0
BEJGEH_02943	contig_1	2998223	2999089	+	GEGEGB_02990	1	persistent	2	1	1
BEJGEH_02944	contig_1	2999390	3000124	-	LNHIMF_02983	1	persistent	2	0	0
BEJGEH_02945	contig_1	3000226	3001938	-	BEJGEH_02945	1	persistent	2	0	0
BEJGEH_02946	contig_1	3001938	3003737	-	LNHIMF_02985	1	persistent	2	0	0
BEJGEH_02947	contig_1	3004172	3004534	+	GEGEGB_02994	1	persistent	2	0	0
BEJGEH_02948	contig_1	3004622	3005419	-	BEJGEH_02948	1	persistent	2	0	1
BEJGEH_02949	contig_1	3006330	3007001	-	GEGEGB_02996	1	persistent	2	0	1
BEJGEH_02950	contig_1	3007137	3008435	-	GEGEGB_02997	1	persistent	2	0	0
BEJGEH_02951	contig_1	3008518	3010155	-	GEGEGB_02998	1	persistent	2	0	0
BEJGEH_02952	contig_1	3010383	3011183	-	LNHIMF_02992	1	persistent	1	2	0
BEJGEH_02953	contig_1	3011791	3012378	+	BEJGEH_02953	1	shell	1	1	0
BEJGEH_02954	contig_1	3012512	3015157	+	BEJGEH_02954	1	shell	0	2	0
BEJGEH_02955	contig_1	3015170	3015943	+	BEJGEH_02955	1	shell	0	2	0
BEJGEH_02956	contig_1	3015969	3016469	+	GEGEGB_03004	1	shell	0	2	0
BEJGEH_02957	contig_1	3016469	3016954	+	BEJGEH_02957	1	shell	0	2	0
BEJGEH_02958	contig_1	3016996	3017487	+	HFCAGB_03171	1	shell	0	2	2
BEJGEH_02959	contig_1	3017516	3018601	+	BEJGEH_02959	1	cloud	0	1	2
BEJGEH_02960	contig_1	3018616	3019662	+	PAPNPA_03063	1	cloud	1	1	2
BEJGEH_02961	contig_1	3019867	3020154	-	GEGEGB_03010	1	persistent	1	1	1
BEJGEH_02962	contig_1	3020308	3022542	-	GEGEGB_03011	1	persistent	2	1	0
BEJGEH_02963	contig_1	3022594	3023889	-	BEJGEH_02963	1	persistent	2	0	0
BEJGEH_02964	contig_1	3023947	3026703	+	LNHIMF_02997	1	persistent	2	0	0
BEJGEH_02965	contig_1	3026747	3027889	-	GEGEGB_03014	1	persistent	2	0	0
BEJGEH_02966	contig_1	3027967	3029307	-	LNHIMF_02999	1	persistent	2	0	0
BEJGEH_02967	contig_1	3029328	3030668	-	LNHIMF_03000	1	persistent	2	0	0
BEJGEH_02968	contig_1	3030665	3032023	-	LNHIMF_03001	1	persistent	2	0	0
BEJGEH_02969	contig_1	3032505	3032954	-	LNHIMF_03002	1	persistent	2	0	0
BEJGEH_02970	contig_1	3032973	3033755	-	LNHIMF_03003	1	persistent	2	0	0
BEJGEH_02971	contig_1	3033755	3034084	-	GEGEGB_03020	1	persistent	2	0	0
BEJGEH_02973	contig_1	3034696	3035241	-	GEGEGB_03022	1	persistent	2	0	0
BEJGEH_02974	contig_1	3035310	3036158	+	GEGEGB_03023	1	persistent	2	0	0
BEJGEH_02975	contig_1	3036271	3037635	+	LNHIMF_03008	1	persistent	2	0	0
BEJGEH_02976	contig_1	3038200	3039489	+	LNHIMF_03009	1	persistent	2	0	0
BEJGEH_02977	contig_1	3039548	3040915	+	GEGEGB_03026	1	persistent	2	0	0
BEJGEH_02978	contig_1	3041086	3041841	+	GEGEGB_03027	1	persistent	2	0	0
BEJGEH_02979	contig_1	3041933	3043081	-	GEGEGB_03028	1	persistent	2	0	0
BEJGEH_02980	contig_1	3043098	3043745	-	GEGEGB_03029	1	persistent	2	0	0
BEJGEH_02981	contig_1	3044301	3045617	+	LNHIMF_03014	1	persistent	2	0	1
BEJGEH_02982	contig_1	3045649	3047424	+	LNHIMF_03015	1	persistent	2	0	1
BEJGEH_02983	contig_1	3047525	3048943	+	LNHIMF_03016	1	persistent	2	0	0
BEJGEH_02984	contig_1	3048945	3049367	+	GEGEGB_03033	1	persistent	2	0	0
BEJGEH_02985	contig_1	3049425	3050135	+	GEGEGB_03034	1	persistent	2	0	0
BEJGEH_02986	contig_1	3050194	3051294	-	GEGEGB_03035	1	persistent	2	0	0
BEJGEH_02987	contig_1	3051287	3051682	-	GEGEGB_03036	1	persistent	2	0	0
BEJGEH_02988	contig_1	3051701	3052618	-	GEGEGB_03037	1	persistent	2	0	0
BEJGEH_02989	contig_1	3052575	3052697	-	LNHIMF_03022	1	persistent	2	0	0
BEJGEH_02991	contig_1	3052965	3053192	-	GEGEGB_03040	1	persistent	2	0	0
BEJGEH_02992	contig_1	3053385	3054590	+	GEGEGB_03041	1	persistent	2	0	0
BEJGEH_02993	contig_1	3054590	3055033	+	GEGEGB_03042	1	persistent	2	0	0
BEJGEH_02994	contig_1	3055306	3056220	+	GEGEGB_03043	1	persistent	2	0	0
BEJGEH_02995	contig_1	3056272	3057078	-	GEGEGB_03044	1	persistent	2	0	0
BEJGEH_02996	contig_1	3057188	3058285	-	GEGEGB_03045	1	persistent	2	0	0
BEJGEH_02999	contig_1	3058785	3060038	-	LNHIMF_03032	1	persistent	2	0	0
BEJGEH_03000	contig_1	3060271	3061602	+	GEGEGB_03049	1	persistent	2	0	0
BEJGEH_03001	contig_1	3061705	3063540	-	LNHIMF_03034	1	persistent	2	0	0
BEJGEH_03002	contig_1	3063537	3067082	-	GEGEGB_03051	1	persistent	2	0	0
BEJGEH_03003	contig_1	3067075	3069963	-	GEGEGB_03052	1	persistent	2	0	0
BEJGEH_03004	contig_1	3070141	3073512	-	GEGEGB_03053	1	persistent	2	0	0
BEJGEH_03005	contig_1	3073528	3073848	-	LNHIMF_03038	1	persistent	2	0	0
BEJGEH_03006	contig_1	3073833	3074240	-	GEGEGB_03055	1	persistent	2	0	0
BEJGEH_03007	contig_1	3074237	3074800	-	LNHIMF_03040	1	persistent	2	0	0
BEJGEH_03008	contig_1	3074791	3075261	-	GEGEGB_03057	1	persistent	2	1	0
BEJGEH_03009	contig_1	3075446	3076240	-	LNHIMF_03042	1	persistent	2	1	0
BEJGEH_03010	contig_1	3076247	3077122	-	GEGEGB_03061	1	persistent	2	0	0
BEJGEH_03011	contig_1	3077338	3079584	-	GEGEGB_03062	1	persistent	2	0	0
BEJGEH_03012	contig_1	3079597	3080127	-	GEGEGB_03063	1	persistent	2	0	0
BEJGEH_03013	contig_1	3080810	3081505	+	GEGEGB_03064	1	persistent	2	0	0
BEJGEH_03014	contig_1	3081687	3082400	+	GEGEGB_03065	1	persistent	2	0	0
BEJGEH_03015	contig_1	3082570	3082788	+	GEGEGB_03066	1	persistent	2	0	0
BEJGEH_03016	contig_1	3082979	3084019	+	LNHIMF_03049	1	persistent	2	0	0
BEJGEH_03017	contig_1	3084106	3085308	-	GEGEGB_03068	1	persistent	2	0	0
BEJGEH_03018	contig_1	3085301	3087460	-	LNHIMF_03051	1	persistent	2	1	0
BEJGEH_03021	contig_1	3088053	3089081	+	GEGEGB_03075	1	persistent	2	0	1
BEJGEH_03022	contig_1	3089095	3090114	+	LNHIMF_03055	1	persistent	2	0	0
BEJGEH_03023	contig_1	3090124	3091386	-	GEGEGB_03077	1	persistent	2	0	0
BEJGEH_03024	contig_1	3091504	3092439	+	GEGEGB_03078	1	persistent	2	0	0
BEJGEH_03025	contig_1	3092411	3093118	-	LNHIMF_03058	1	persistent	2	0	0
BEJGEH_03026	contig_1	3093231	3094649	-	LNHIMF_03059	1	persistent	2	0	0
BEJGEH_03027	contig_1	3095003	3095764	-	LNHIMF_03060	1	persistent	2	0	0
BEJGEH_03028	contig_1	3095821	3096657	-	ODDLKH_03450	1	persistent	2	0	0
BEJGEH_03030	contig_1	3097087	3098265	-	GEGEGB_03084	1	persistent	2	0	0
BEJGEH_03031	contig_1	3098388	3099251	-	LNHIMF_03064	1	persistent	2	0	0
BEJGEH_03032	contig_1	3099355	3099810	+	GEGEGB_03086	1	persistent	2	0	0
BEJGEH_03033	contig_1	3099952	3101181	+	GEGEGB_03087	1	persistent	2	0	0
BEJGEH_03034	contig_1	3101212	3101484	-	GEGEGB_03088	1	persistent	2	0	0
BEJGEH_03035	contig_1	3101606	3102430	+	PKJKAM_02341	1	persistent	2	0	0
BEJGEH_03036	contig_1	3102640	3103398	-	GEGEGB_03091	1	persistent	2	0	0
BEJGEH_03037	contig_1	3103385	3103891	-	HFCAGB_03249	1	persistent	1	1	3
BEJGEH_03038	contig_1	3104001	3104894	-	BEJGEH_03038	1	cloud	1	0	1
BEJGEH_03040	contig_1	3105001	3106209	+	BEJGEH_00314	7	cloud	6	0	5
BEJGEH_03041	contig_1	3106206	3106310	+	BEJGEH_03041	1	cloud	1	0	1
BEJGEH_03042	contig_1	3106403	3107146	-	LNHIMF_03072	1	persistent	1	1	3
BEJGEH_03043	contig_1	3107187	3109676	-	LNHIMF_03073	1	persistent	2	0	0
BEJGEH_03044	contig_1	3109796	3110386	-	BEJGEH_03044	1	persistent	2	0	0
BEJGEH_03045	contig_1	3111104	3111736	-	LNHIMF_03075	1	persistent	2	0	0
BEJGEH_03046	contig_1	3111783	3112319	-	GEGEGB_03098	1	persistent	1	1	4
BEJGEH_03048	contig_1	3113116	3113322	+	PKJKAM_02331	1	cloud	2	0	1
BEJGEH_03049	contig_1	3113492	3114292	+	LNHIMF_03080	1	persistent	1	2	2
BEJGEH_03051	contig_1	3114577	3115335	-	GEGEGB_03111	1	persistent	2	1	2
BEJGEH_03053	contig_1	3115600	3116145	+	LNHIMF_03084	1	persistent	2	0	0
BEJGEH_03054	contig_1	3116221	3117738	-	LNHIMF_03085	1	persistent	2	0	0
BEJGEH_03055	contig_1	3117748	3118629	-	GEGEGB_03115	1	persistent	2	0	0
BEJGEH_03056	contig_1	3118951	3120552	-	LNHIMF_03087	1	persistent	2	0	0
BEJGEH_03057	contig_1	3120690	3121403	-	GEGEGB_03117	1	persistent	2	0	0
BEJGEH_03058	contig_1	3121427	3122323	-	GEGEGB_03118	1	persistent	2	0	0
BEJGEH_03059	contig_1	3122436	3122957	+	GEGEGB_03119	1	persistent	2	0	0
BEJGEH_03060	contig_1	3123010	3123423	-	LNHIMF_03091	1	persistent	2	0	0
BEJGEH_03061	contig_1	3123404	3123670	-	GEGEGB_03121	1	persistent	2	0	0
BEJGEH_03062	contig_1	3123920	3124900	+	GEGEGB_03122	1	persistent	3	0	0
BEJGEH_03063	contig_1	3124817	3125008	-	GEGEGB_03123	1	persistent	2	0	0
BEJGEH_03064	contig_1	3125016	3125675	-	GEGEGB_03124	1	persistent	3	0	0
BEJGEH_03065	contig_1	3125836	3126150	-	AJBGEP_03225	1	persistent	2	0	0
BEJGEH_03066	contig_1	3126309	3127742	+	LNHIMF_03097	1	persistent	2	0	0
BEJGEH_03067	contig_1	3127790	3128683	-	BEJGEH_03067	1	persistent	2	0	0
BEJGEH_03068	contig_1	3129139	3132012	-	BEJGEH_03068	1	persistent	2	0	0
BEJGEH_03069	contig_1	3132175	3132564	-	GEGEGB_03129	1	persistent	2	0	0
BEJGEH_03070	contig_1	3132590	3133684	-	GEGEGB_03130	1	persistent	2	0	0
BEJGEH_03071	contig_1	3134139	3135341	-	LNHIMF_03103	1	persistent	2	0	0
BEJGEH_03072	contig_1	3135466	3136644	-	GEGEGB_03132	1	persistent	2	0	1
BEJGEH_03073	contig_1	3136641	3137957	-	GEGEGB_03133	1	persistent	2	0	1
BEJGEH_03074	contig_1	3137983	3138561	-	LNHIMF_03106	1	persistent	2	0	0
BEJGEH_03075	contig_1	3138728	3139057	+	GEGEGB_03135	1	persistent	2	0	0
BEJGEH_03077	contig_1	3139351	3139899	+	BEJGEH_03077	1	persistent	2	0	0
BEJGEH_03079	contig_1	3140281	3141513	-	GEGEGB_03139	1	persistent	2	0	0
BEJGEH_03080	contig_1	3141780	3142439	-	GEGEGB_03140	1	persistent	2	0	0
BEJGEH_03081	contig_1	3142593	3143486	+	GEGEGB_03141	1	persistent	2	0	0
BEJGEH_03082	contig_1	3143654	3144400	-	GEGEGB_03142	1	persistent	2	0	0
BEJGEH_03083	contig_1	3144494	3145129	-	LNHIMF_03115	1	persistent	2	0	0
BEJGEH_03084	contig_1	3145317	3146177	-	GEGEGB_03144	1	persistent	2	1	0
BEJGEH_03085	contig_1	3146404	3147483	-	GEGEGB_03148	1	persistent	2	0	1
BEJGEH_03086	contig_1	3147585	3148748	-	GEGEGB_03149	1	persistent	2	0	0
BEJGEH_03087	contig_1	3148770	3149816	-	GEGEGB_03150	1	persistent	2	0	0
BEJGEH_03088	contig_1	3150190	3150615	+	GEGEGB_03151	1	persistent	2	0	0
BEJGEH_03089	contig_1	3150641	3151219	+	GEGEGB_03152	1	persistent	2	0	0
BEJGEH_03090	contig_1	3151220	3151927	+	LNHIMF_03122	1	persistent	2	0	0
BEJGEH_03091	contig_1	3151915	3152592	+	LNHIMF_03123	1	persistent	2	0	0
BEJGEH_03092	contig_1	3152586	3153242	+	LNHIMF_03124	1	persistent	2	1	1
BEJGEH_03093	contig_1	3153286	3155277	-	GEGEGB_03158	1	persistent	2	1	1
BEJGEH_03094	contig_1	3155553	3156311	+	GEGEGB_03159	1	persistent	2	0	0
BEJGEH_03095	contig_1	3156412	3157332	-	GEGEGB_03160	1	persistent	2	1	1
BEJGEH_03096	contig_1	3157537	3158427	-	AJBGEP_03256	1	shell	1	1	0
BEJGEH_03097	contig_1	3158686	3159180	-	BEJGEH_03097	1	shell	0	2	1
BEJGEH_03098	contig_1	3159219	3160226	-	BEJGEH_03098	1	shell	0	2	0
BEJGEH_03099	contig_1	3160240	3161256	-	BEJGEH_03099	1	shell	0	2	0
BEJGEH_03100	contig_1	3161259	3162731	-	BEJGEH_03100	1	shell	0	2	0
BEJGEH_03101	contig_1	3163964	3164713	-	BEJGEH_03101	1	shell	0	2	0
BEJGEH_03102	contig_1	3164918	3165649	-	BEJGEH_03102	1	shell	1	1	0
BEJGEH_03103	contig_1	3165794	3167770	-	GEGEGB_03161	1	persistent	2	1	1
BEJGEH_03104	contig_1	3168560	3169714	+	GEGEGB_03162	1	persistent	2	0	0
BEJGEH_03105	contig_1	3170207	3171601	+	GEGEGB_03163	1	persistent	2	0	0
BEJGEH_03106	contig_1	3171722	3172177	+	GEGEGB_03164	1	persistent	2	0	0
BEJGEH_03107	contig_1	3172272	3172979	+	LNHIMF_03138	1	persistent	2	0	0
BEJGEH_03108	contig_1	3173056	3173787	+	GEGEGB_03166	1	persistent	2	0	0
BEJGEH_03109	contig_1	3173807	3174754	+	LNHIMF_03140	1	persistent	2	0	0
BEJGEH_03110	contig_1	3174970	3175533	+	GEGEGB_03168	1	persistent	2	0	0
BEJGEH_03111	contig_1	3175533	3175949	+	GEGEGB_03169	1	persistent	2	0	0
BEJGEH_03112	contig_1	3175996	3176682	-	LNHIMF_03143	1	persistent	2	0	0
BEJGEH_03113	contig_1	3176815	3177795	-	LNHIMF_03144	1	persistent	2	0	0
BEJGEH_03114	contig_1	3177813	3178517	+	GEGEGB_03172	1	persistent	2	0	0
BEJGEH_03115	contig_1	3178536	3179102	+	GEGEGB_03173	1	persistent	2	0	0
BEJGEH_03116	contig_1	3179099	3179389	+	GEGEGB_03174	1	persistent	2	0	0
BEJGEH_03117	contig_1	3179397	3179990	+	LNHIMF_03148	1	persistent	2	0	0
BEJGEH_03118	contig_1	3179983	3181119	+	GEGEGB_03176	1	persistent	2	0	0
BEJGEH_03119	contig_1	3181210	3182217	-	GEGEGB_03177	1	persistent	2	0	0
BEJGEH_03120	contig_1	3182350	3183396	-	GEGEGB_03178	1	persistent	2	1	0
BEJGEH_03121	contig_1	3183585	3184304	-	GEGEGB_03181	1	persistent	2	1	0
BEJGEH_03122	contig_1	3184354	3184680	-	GEGEGB_03182	1	persistent	2	0	0
BEJGEH_03123	contig_1	3184680	3185399	-	LNHIMF_03154	1	persistent	2	0	0
BEJGEH_03124	contig_1	3185554	3186606	+	LNHIMF_03155	1	persistent	2	0	0
BEJGEH_03125	contig_1	3186634	3186909	+	GEGEGB_03185	1	persistent	2	0	0
BEJGEH_03126	contig_1	3187022	3188107	+	GEGEGB_03186	1	persistent	2	0	1
BEJGEH_03127	contig_1	3188324	3189580	+	GEGEGB_03187	1	persistent	3	0	1
BEJGEH_03128	contig_1	3189642	3191777	-	LNHIMF_03159	1	persistent	2	0	2
BEJGEH_03129	contig_1	3192203	3192910	+	GEGEGB_03190	1	persistent	1	1	4
BEJGEH_03131	contig_1	3193252	3193536	+	PAPNPA_02231	1	cloud	1	0	2
BEJGEH_03132	contig_1	3193679	3193852	-	BEJGEH_03132	1	cloud	0	0	2
BEJGEH_03133	contig_1	3195132	3195449	+	BEJGEH_03133	1	cloud	0	0	3
BEJGEH_03134	contig_1	3195446	3195712	+	PAPNPA_02234	1	cloud	0	0	2
BEJGEH_03135	contig_1	3195955	3196233	+	GEGEGB_03196	1	cloud	0	0	2
BEJGEH_03136	contig_1	3196637	3197140	+	GEGEGB_03197	1	cloud	0	0	3
BEJGEH_03137	contig_1	3197787	3198311	+	BEJGEH_03137	1	cloud	0	0	2
BEJGEH_03138	contig_1	3198289	3198939	+	PAPNPA_02238	1	cloud	1	0	2
BEJGEH_03140	contig_1	3200373	3201056	+	LNHIMF_03170	1	persistent	1	1	1
BEJGEH_03141	contig_1	3201161	3201718	-	LNHIMF_03171	1	persistent	2	0	0
BEJGEH_03142	contig_1	3201696	3203195	-	GEGEGB_03203	1	persistent	2	0	0
BEJGEH_03143	contig_1	3203404	3203778	-	BEJGEH_03143	1	persistent	2	0	0
BEJGEH_03144	contig_1	3203793	3205094	-	GEGEGB_03206	1	persistent	2	0	0
BEJGEH_03145	contig_1	3205256	3206740	+	LNHIMF_03175	1	persistent	2	0	0
BEJGEH_03146	contig_1	3206872	3207255	-	BEJGEH_03146	1	persistent	2	0	0
BEJGEH_03147	contig_1	3207255	3207740	-	PKJKAM_01942	1	persistent	2	0	0
BEJGEH_03148	contig_1	3208466	3209389	-	GEGEGB_03210	1	persistent	3	0	0
BEJGEH_03149	contig_1	3209428	3210306	-	LNHIMF_03179	1	persistent	2	0	1
BEJGEH_03150	contig_1	3210702	3212006	-	GEGEGB_03211	1	persistent	3	0	1
BEJGEH_03151	contig_1	3212411	3213595	+	GEGEGB_03212	1	persistent	2	0	0
BEJGEH_03152	contig_1	3213706	3215178	+	GEGEGB_03213	1	persistent	2	0	0
BEJGEH_03153	contig_1	3215190	3216602	+	LNHIMF_03187	1	persistent	2	0	0
BEJGEH_03154	contig_1	3216902	3217960	-	BEJGEH_03154	1	persistent	2	0	0
BEJGEH_03155	contig_1	3218630	3220486	-	GEGEGB_03216	1	persistent	2	0	0
BEJGEH_03156	contig_1	3220713	3221579	+	LNHIMF_03190	1	persistent	2	0	0
BEJGEH_03157	contig_1	3221647	3222357	-	BEJGEH_03157	1	persistent	2	0	0
BEJGEH_03158	contig_1	3222357	3223409	-	LNHIMF_03192	1	persistent	2	0	0
BEJGEH_03159	contig_1	3223485	3223733	-	GEGEGB_03220	1	persistent	2	0	0
BEJGEH_03160	contig_1	3223761	3224102	-	GEGEGB_03221	1	persistent	2	0	0
BEJGEH_03161	contig_1	3224095	3224583	-	GEGEGB_03222	1	persistent	2	0	0
BEJGEH_03162	contig_1	3224576	3225070	-	LNHIMF_03196	1	persistent	2	0	0
BEJGEH_03163	contig_1	3225070	3226773	-	LNHIMF_03197	1	persistent	2	0	0
BEJGEH_03164	contig_1	3226770	3227948	-	GEGEGB_03225	1	persistent	2	0	0
BEJGEH_03165	contig_1	3227938	3228924	-	GEGEGB_03226	1	persistent	2	0	0
BEJGEH_03166	contig_1	3228927	3230045	-	GEGEGB_03227	1	persistent	2	0	0
BEJGEH_03167	contig_1	3230235	3230522	-	GEGEGB_03228	1	persistent	2	0	0
BEJGEH_03168	contig_1	3230607	3232250	-	LNHIMF_03202	1	persistent	2	0	0
BEJGEH_03169	contig_1	3232557	3233051	-	GEGEGB_03231	1	persistent	2	0	0
BEJGEH_03170	contig_1	3233329	3233832	-	GEGEGB_03232	1	persistent	2	0	0
BEJGEH_03171	contig_1	3233936	3234346	+	LNHIMF_03205	1	persistent	2	0	0
BEJGEH_03172	contig_1	3234333	3234737	+	GEGEGB_03234	1	persistent	2	0	0
BEJGEH_03173	contig_1	3234861	3235745	+	GEGEGB_03235	1	persistent	2	0	0
BEJGEH_03174	contig_1	3235858	3236283	-	GEGEGB_03236	1	persistent	2	0	0
BEJGEH_03175	contig_1	3236290	3237024	-	GEGEGB_03237	1	persistent	2	0	0
BEJGEH_03176	contig_1	3237017	3237154	-	GEGEGB_03238	1	persistent	2	0	0
BEJGEH_03177	contig_1	3237276	3238463	+	LNHIMF_03211	1	persistent	2	0	0
BEJGEH_03178	contig_1	3238603	3239262	+	GEGEGB_03240	1	persistent	2	0	0
BEJGEH_03179	contig_1	3239326	3240243	-	LNHIMF_03213	1	persistent	2	0	0
BEJGEH_03180	contig_1	3240418	3241581	+	LNHIMF_03214	1	persistent	2	0	0
BEJGEH_03181	contig_1	3241687	3242514	+	LNHIMF_03215	1	persistent	2	0	0
BEJGEH_03182	contig_1	3242711	3244165	+	GEGEGB_03245	1	persistent	2	0	1
BEJGEH_03183	contig_1	3244306	3245214	+	BEJGEH_03183	1	cloud	1	0	1
BEJGEH_03184	contig_1	3245269	3246321	+	BEJGEH_03184	1	cloud	0	0	2
BEJGEH_03185	contig_1	3246360	3246593	+	BEJGEH_03185	1	cloud	0	0	2
BEJGEH_03186	contig_1	3246719	3248425	+	BEJGEH_03186	1	cloud	0	0	2
BEJGEH_03187	contig_1	3248422	3249567	+	BEJGEH_03187	1	cloud	0	0	2
BEJGEH_03188	contig_1	3249564	3249674	+	BEJGEH_03188	1	cloud	0	0	2
BEJGEH_03189	contig_1	3249737	3249865	+	BEJGEH_03189	1	cloud	0	0	2
BEJGEH_03190	contig_1	3250153	3250347	-	BEJGEH_03190	1	cloud	1	0	1
BEJGEH_03191	contig_1	3250550	3252721	-	GEGEGB_03247	1	persistent	2	1	2
BEJGEH_03192	contig_1	3253209	3254192	+	BEJGEH_03192	1	shell	1	1	0
BEJGEH_03193	contig_1	3254234	3254716	+	BEJGEH_03193	1	shell	0	2	0
BEJGEH_03194	contig_1	3254727	3256034	+	BEJGEH_03194	1	shell	1	1	0
BEJGEH_03195	contig_1	3256079	3257491	-	GEGEGB_03254	1	persistent	1	1	1
BEJGEH_03196	contig_1	3257565	3258302	-	GEGEGB_03255	1	persistent	2	0	0
BEJGEH_03197	contig_1	3258559	3260817	-	LNHIMF_03225	1	persistent	3	0	0
BEJGEH_03198	contig_1	3260928	3261794	-	AJBGEP_03353	1	persistent	2	0	0
BEJGEH_03199	contig_1	3261866	3262258	-	GEGEGB_03258	1	persistent	3	0	0
BEJGEH_03200	contig_1	3262410	3263069	+	GEGEGB_03259	1	persistent	2	0	0
BEJGEH_03201	contig_1	3263066	3264415	+	GEGEGB_03260	1	persistent	2	0	0
BEJGEH_03202	contig_1	3264522	3265103	+	LNHIMF_03229	1	persistent	2	0	0
BEJGEH_03203	contig_1	3265135	3265449	+	GEGEGB_03262	1	persistent	2	0	0
BEJGEH_03204	contig_1	3265574	3267466	-	GEGEGB_03263	1	persistent	2	0	0
BEJGEH_03205	contig_1	3267494	3268075	-	GEGEGB_03264	1	persistent	2	0	0
BEJGEH_03206	contig_1	3268075	3268902	-	GEGEGB_03265	1	persistent	2	0	0
BEJGEH_03207	contig_1	3268927	3269349	-	LNHIMF_03234	1	persistent	2	0	0
BEJGEH_03208	contig_1	3269346	3269978	-	GEGEGB_03267	1	persistent	2	0	0
BEJGEH_03209	contig_1	3270185	3271654	+	GEGEGB_03268	1	persistent	2	0	0
BEJGEH_03210	contig_1	3271867	3272538	+	ODDLKH_03623	1	persistent	2	0	0
BEJGEH_03211	contig_1	3272544	3273707	+	GEGEGB_03270	1	persistent	2	0	0
BEJGEH_03212	contig_1	3273769	3274557	-	GEGEGB_03271	1	persistent	2	0	0
BEJGEH_03213	contig_1	3274698	3275471	+	GEGEGB_03272	1	persistent	2	0	0
BEJGEH_03214	contig_1	3276114	3277910	+	GEGEGB_03273	1	persistent	2	0	0
BEJGEH_03215	contig_1	3277930	3278601	+	GEGEGB_03274	1	persistent	2	0	0
BEJGEH_03216	contig_1	3278616	3279293	+	GEGEGB_03275	1	persistent	2	2	0
BEJGEH_03217	contig_1	3279412	3279648	-	LNHIMF_00818	6	shell	12	5	5
BEJGEH_03218	contig_1	3279979	3280332	+	BEJGEH_01963	4	shell	0	2	0
BEJGEH_03219	contig_1	3280266	3280667	-	LNHIMF_00819	6	shell	12	3	3
BEJGEH_03220	contig_1	3280779	3281432	-	GEGEGB_03276	1	persistent	2	2	0
BEJGEH_03221	contig_1	3281869	3282165	+	AJBGEP_03373	1	persistent	2	0	0
BEJGEH_03222	contig_1	3282240	3282443	-	GEGEGB_03278	1	persistent	2	0	0
BEJGEH_03223	contig_1	3282707	3283327	+	LNHIMF_03249	1	persistent	2	0	0
BEJGEH_03224	contig_1	3283346	3285025	+	GEGEGB_03280	1	persistent	2	0	0
BEJGEH_03226	contig_1	3285265	3285324	+	GEGEGB_03282	1	persistent	2	0	0
BEJGEH_03227	contig_1	3285484	3286917	-	GEGEGB_03283	1	persistent	2	0	0
BEJGEH_03228	contig_1	3286965	3289808	-	GEGEGB_03284	1	persistent	2	0	0
BEJGEH_03229	contig_1	3289926	3291227	-	GEGEGB_03285	1	persistent	2	0	0
BEJGEH_03230	contig_1	3291469	3292083	+	GEGEGB_03286	1	persistent	2	0	0
BEJGEH_03231	contig_1	3292146	3293387	+	LNHIMF_03257	1	persistent	2	0	0
BEJGEH_03232	contig_1	3293495	3294316	-	GEGEGB_03288	1	persistent	2	0	0
BEJGEH_03233	contig_1	3294414	3294773	-	LNHIMF_03259	1	persistent	2	0	0
BEJGEH_03234	contig_1	3294880	3295491	+	LNHIMF_03260	1	persistent	2	0	0
BEJGEH_03235	contig_1	3295741	3296754	-	GEGEGB_03291	1	persistent	2	0	0
BEJGEH_03236	contig_1	3296982	3297197	+	GEGEGB_03292	1	persistent	2	0	0
BEJGEH_03237	contig_1	3297433	3299178	+	GEGEGB_03293	1	persistent	2	0	0
BEJGEH_03238	contig_1	3299193	3301175	+	LNHIMF_03264	1	persistent	2	0	0
BEJGEH_03239	contig_1	3301299	3301805	-	GEGEGB_03295	1	persistent	2	0	1
BEJGEH_03241	contig_1	3302086	3302853	-	LNHIMF_03267	1	persistent	2	0	1
BEJGEH_03242	contig_1	3303088	3303732	+	GEGEGB_03298	1	persistent	2	0	0
BEJGEH_03243	contig_1	3303729	3305297	-	AJBGEP_03395	1	persistent	2	0	0
BEJGEH_03244	contig_1	3305685	3307205	-	LNHIMF_03270	1	persistent	2	0	0
BEJGEH_03245	contig_1	3307635	3309014	+	GEGEGB_03301	1	persistent	2	0	0
BEJGEH_03246	contig_1	3309185	3311203	+	BEJGEH_03246	1	persistent	2	0	0
BEJGEH_03247	contig_1	3311284	3312420	-	GEGEGB_03305	1	persistent	2	0	0
BEJGEH_03248	contig_1	3312506	3313003	+	GEGEGB_03306	1	persistent	2	0	0
BEJGEH_03249	contig_1	3313155	3313847	+	GEGEGB_03307	1	persistent	2	0	0
BEJGEH_03250	contig_1	3313935	3314933	+	LNHIMF_03276	1	persistent	2	0	0
BEJGEH_03251	contig_1	3315204	3316172	+	GEGEGB_03309	1	persistent	2	0	0
BEJGEH_03253	contig_1	3316427	3317671	+	LNHIMF_03279	1	persistent	2	0	0
BEJGEH_03254	contig_1	3318121	3318783	+	GEGEGB_03312	1	persistent	2	0	0
BEJGEH_03255	contig_1	3318787	3319170	+	GEGEGB_03313	1	persistent	2	0	0
BEJGEH_03256	contig_1	3319315	3319683	+	GEGEGB_03314	1	persistent	2	0	0
BEJGEH_03257	contig_1	3319725	3320030	+	GEGEGB_03315	1	persistent	2	0	0
BEJGEH_03258	contig_1	3320033	3320431	+	GEGEGB_03316	1	persistent	2	0	0
BEJGEH_03259	contig_1	3320428	3320727	+	GEGEGB_03317	1	persistent	2	0	0
BEJGEH_03260	contig_1	3320872	3321357	+	GEGEGB_03318	1	persistent	2	0	0
BEJGEH_03261	contig_1	3321425	3322411	+	LNHIMF_03287	1	persistent	2	0	0
BEJGEH_03262	contig_1	3322535	3322900	+	GEGEGB_03320	1	persistent	2	0	0
BEJGEH_03263	contig_1	3322939	3323835	-	LNHIMF_03289	1	persistent	2	0	0
BEJGEH_03264	contig_1	3323940	3324641	+	GEGEGB_03322	1	persistent	2	0	0
BEJGEH_03265	contig_1	3324665	3324829	+	GEGEGB_03323	1	persistent	2	0	0
BEJGEH_03266	contig_1	3324942	3326252	-	LNHIMF_03292	1	persistent	2	0	0
BEJGEH_03267	contig_1	3326278	3327609	-	LNHIMF_03293	1	persistent	2	0	0
BEJGEH_03269	contig_1	3327925	3329289	-	GEGEGB_03329	1	persistent	2	0	0
BEJGEH_03270	contig_1	3329359	3331653	-	LNHIMF_03296	1	persistent	2	0	0
BEJGEH_03271	contig_1	3331687	3332895	-	LNHIMF_03297	1	persistent	2	0	0
BEJGEH_03272	contig_1	3332962	3334293	-	LNHIMF_03298	1	persistent	2	0	0
BEJGEH_03273	contig_1	3334314	3335303	-	GEGEGB_03334	1	persistent	2	0	0
BEJGEH_03274	contig_1	3335401	3336339	-	LNHIMF_03300	1	persistent	2	0	1
BEJGEH_03276	contig_1	3337790	3338935	-	GEGEGB_03337	1	persistent	2	0	1
BEJGEH_03277	contig_1	3339033	3339923	-	LNHIMF_03303	1	persistent	2	0	0
BEJGEH_03278	contig_1	3339949	3340719	-	GEGEGB_03339	1	persistent	2	0	0
BEJGEH_03279	contig_1	3341237	3342808	+	LNHIMF_03305	1	persistent	2	1	0
BEJGEH_03280	contig_1	3343066	3343920	+	GEGEGB_03343	1	persistent	2	2	0
BEJGEH_03281	contig_1	3344040	3345311	+	BEJGEH_03281	1	persistent	2	1	0
BEJGEH_03282	contig_1	3345326	3345790	+	LNHIMF_03308	1	persistent	2	0	0
BEJGEH_03283	contig_1	3345821	3346105	+	GEGEGB_03350	1	persistent	2	0	0
BEJGEH_03284	contig_1	3346109	3347482	+	LNHIMF_03310	1	persistent	2	0	0
BEJGEH_03285	contig_1	3347526	3348569	+	GEGEGB_03352	1	persistent	2	1	0
BEJGEH_03286	contig_1	3348680	3349453	+	GEGEGB_03353	1	persistent	2	0	0
BEJGEH_03287	contig_1	3349611	3350474	-	LNHIMF_03313	1	persistent	2	0	0
BEJGEH_03288	contig_1	3350538	3352580	+	LNHIMF_03314	1	persistent	2	0	0
BEJGEH_03289	contig_1	3352538	3352933	+	LNHIMF_03315	1	persistent	2	0	0
BEJGEH_03290	contig_1	3352955	3353545	+	LNHIMF_03316	1	persistent	2	0	0
BEJGEH_03291	contig_1	3353555	3354130	+	GEGEGB_03358	1	persistent	2	0	0
BEJGEH_03292	contig_1	3354197	3354832	-	LNHIMF_03318	1	persistent	2	0	0
BEJGEH_03293	contig_1	3354963	3355481	+	GEGEGB_03360	1	persistent	2	0	0
BEJGEH_03294	contig_1	3355461	3355904	-	GEGEGB_03361	1	persistent	2	0	0
BEJGEH_03295	contig_1	3355942	3356259	+	GEGEGB_03362	1	persistent	2	0	0
BEJGEH_03296	contig_1	3356246	3356749	-	GEGEGB_03363	1	persistent	2	0	0
BEJGEH_03297	contig_1	3356743	3357267	-	GEGEGB_03364	1	persistent	2	0	0
BEJGEH_03298	contig_1	3357484	3358479	+	GEGEGB_03365	1	persistent	2	0	0
BEJGEH_03299	contig_1	3358488	3359366	+	GEGEGB_03366	1	persistent	2	0	0
BEJGEH_03300	contig_1	3359543	3360550	+	LNHIMF_03326	1	persistent	2	1	0
BEJGEH_03301	contig_1	3360528	3361247	-	BEJGEH_03301	1	shell	1	1	0
BEJGEH_03302	contig_1	3361406	3361936	+	BEJGEH_03302	1	shell	1	1	0
BEJGEH_03303	contig_1	3361998	3363242	-	GEGEGB_03368	1	persistent	2	1	0
BEJGEH_03304	contig_1	3363396	3365285	-	GEGEGB_03369	1	persistent	2	0	0
BEJGEH_03305	contig_1	3365278	3365358	-	GEGEGB_03370	1	persistent	2	0	0
BEJGEH_03306	contig_1	3365464	3366348	-	GEGEGB_03371	1	persistent	2	0	0
BEJGEH_03307	contig_1	3366458	3368623	-	LNHIMF_03331	1	persistent	2	0	0
BEJGEH_03309	contig_1	3368835	3369104	-	GEGEGB_03374	1	persistent	2	0	0
BEJGEH_03310	contig_1	3369255	3370199	-	GEGEGB_03375	1	persistent	2	0	0
BEJGEH_03311	contig_1	3370199	3370600	-	GEGEGB_03376	1	persistent	2	0	0
BEJGEH_03312	contig_1	3370821	3373499	-	BEJGEH_03312	1	persistent	2	0	0
BEJGEH_03313	contig_1	3373524	3375026	-	LNHIMF_03337	1	persistent	2	0	0
BEJGEH_03314	contig_1	3375054	3375506	-	GEGEGB_03379	1	persistent	2	0	0
BEJGEH_03316	contig_1	3376134	3377477	+	GEGEGB_03381	1	persistent	2	1	1
BEJGEH_03317	contig_1	3377563	3378627	-	AJBGEP_03469	1	shell	2	0	0
BEJGEH_03319	contig_1	3379062	3379394	-	GEGEGB_03383	1	persistent	2	1	1
BEJGEH_03320	contig_1	3379617	3380954	-	GEGEGB_03384	1	persistent	2	0	0
BEJGEH_03321	contig_1	3380947	3381795	-	GEGEGB_03385	1	persistent	2	1	0
BEJGEH_03322	contig_1	3381899	3383842	-	GEGEGB_03386	1	persistent	2	1	0
BEJGEH_03323	contig_1	3383937	3384563	-	LNHIMF_03346	1	persistent	2	0	0
BEJGEH_03324	contig_1	3384651	3384983	+	GEGEGB_03388	1	persistent	2	0	0
BEJGEH_03325	contig_1	3385139	3385615	-	GEGEGB_03389	1	persistent	2	0	0
BEJGEH_03326	contig_1	3385669	3385770	-	GEGEGB_03390	1	persistent	2	0	0
BEJGEH_03327	contig_1	3385863	3387296	+	GEGEGB_03391	1	persistent	2	0	0
BEJGEH_03328	contig_1	3387427	3388599	-	GEGEGB_03392	1	persistent	2	0	0
BEJGEH_03329	contig_1	3388615	3389580	-	GEGEGB_03393	1	persistent	2	0	0
BEJGEH_03330	contig_1	3389710	3389967	-	GEGEGB_03394	1	persistent	2	0	0
BEJGEH_03331	contig_1	3389987	3390298	-	GEGEGB_03395	1	persistent	2	0	0
BEJGEH_03332	contig_1	3390415	3391527	+	LNHIMF_03355	1	persistent	2	0	0
BEJGEH_03333	contig_1	3391760	3392047	+	GEGEGB_03397	1	persistent	2	0	0
BEJGEH_03334	contig_1	3392106	3393365	-	GEGEGB_03398	1	persistent	2	0	0
BEJGEH_03335	contig_1	3393419	3393712	-	GEGEGB_03399	1	persistent	2	0	0
BEJGEH_03336	contig_1	3393861	3394157	-	GEGEGB_03400	1	persistent	2	0	0
BEJGEH_03337	contig_1	3394157	3394792	-	GEGEGB_03401	1	persistent	2	0	0
BEJGEH_03338	contig_1	3394811	3395362	-	GEGEGB_03402	1	persistent	2	0	0
BEJGEH_03339	contig_1	3395367	3396149	-	GEGEGB_03403	1	persistent	2	0	0
BEJGEH_03340	contig_1	3396157	3396969	-	LNHIMF_03363	1	persistent	2	0	0
BEJGEH_03341	contig_1	3397182	3398159	+	LNHIMF_03364	1	persistent	2	0	0
BEJGEH_03342	contig_1	3398173	3399159	+	LNHIMF_03365	1	persistent	2	0	0
BEJGEH_03343	contig_1	3399180	3399746	+	GEGEGB_03407	1	persistent	2	0	0
BEJGEH_03344	contig_1	3399743	3400318	+	GEGEGB_03408	1	persistent	2	0	0
BEJGEH_03345	contig_1	3400287	3400841	+	GEGEGB_03409	1	persistent	2	0	0
BEJGEH_03346	contig_1	3400848	3401573	+	GEGEGB_03410	1	persistent	2	0	0
BEJGEH_03347	contig_1	3401621	3403054	+	GEGEGB_03411	1	persistent	2	0	0
BEJGEH_03348	contig_1	3403077	3403364	+	LNHIMF_03371	1	persistent	2	0	0
BEJGEH_03349	contig_1	3403482	3403973	+	GEGEGB_03413	1	persistent	2	0	0
BEJGEH_03350	contig_1	3404019	3404873	+	LNHIMF_03373	1	persistent	2	0	0
BEJGEH_03351	contig_1	3404870	3405142	+	GEGEGB_03415	1	persistent	2	0	0
BEJGEH_03353	contig_1	3405391	3406023	+	GEGEGB_03416	1	persistent	2	0	0
BEJGEH_03354	contig_1	3406098	3406826	-	GEGEGB_03417	1	persistent	2	0	0
BEJGEH_03355	contig_1	3406823	3407476	-	BEJGEH_03355	1	persistent	2	0	0
BEJGEH_03357	contig_1	3407703	3410039	-	LNHIMF_03380	1	persistent	2	0	0
BEJGEH_03358	contig_1	3410133	3411062	-	GEGEGB_03421	1	persistent	2	0	0
BEJGEH_03359	contig_1	3411734	3416194	+	GEGEGB_03422	1	persistent	2	0	0
BEJGEH_03360	contig_1	3416204	3417622	+	GEGEGB_03423	1	persistent	2	0	1
BEJGEH_03361	contig_1	3417830	3418933	+	GEGEGB_03424	1	persistent	2	0	1
BEJGEH_03362	contig_1	3419050	3420303	+	LNHIMF_03385	1	persistent	2	0	0
BEJGEH_03363	contig_1	3420290	3421570	+	LNHIMF_03386	1	persistent	2	0	0
BEJGEH_03364	contig_1	3421653	3422120	-	GEGEGB_03427	1	persistent	2	0	0
BEJGEH_03365	contig_1	3422117	3422992	-	LNHIMF_03388	1	persistent	2	0	0
BEJGEH_03366	contig_1	3422989	3423678	-	LNHIMF_03389	1	persistent	2	0	0
BEJGEH_03367	contig_1	3423725	3425215	-	LNHIMF_03390	1	persistent	2	0	0
BEJGEH_03368	contig_1	3425331	3426224	-	LNHIMF_03391	1	persistent	2	0	0
BEJGEH_03369	contig_1	3426359	3427141	-	GEGEGB_03433	1	persistent	2	0	0
BEJGEH_03370	contig_1	3427259	3427759	-	GEGEGB_03434	1	persistent	2	0	0
BEJGEH_03371	contig_1	3427765	3428403	-	LNHIMF_03394	1	persistent	2	1	2
BEJGEH_03372	contig_1	3428560	3428718	-	BEJGEH_03372	1	cloud	2	0	0
BEJGEH_03373	contig_1	3428718	3429110	-	GEGEGB_03437	1	persistent	2	1	2
BEJGEH_03374	contig_1	3429126	3429554	-	GEGEGB_03438	1	persistent	2	0	0
BEJGEH_03375	contig_1	3429856	3430980	-	LNHIMF_03398	1	persistent	2	0	0
BEJGEH_03376	contig_1	3431173	3431571	+	LNHIMF_03399	1	persistent	2	0	0
BEJGEH_03377	contig_1	3431728	3433095	+	GEGEGB_03441	1	persistent	2	0	0
BEJGEH_03378	contig_1	3433188	3434258	+	GEGEGB_03442	1	persistent	2	0	0
BEJGEH_03379	contig_1	3434292	3434990	-	HFCAGB_03583	1	persistent	2	0	0
BEJGEH_03380	contig_1	3435043	3436344	-	LNHIMF_00056	3	persistent	4	0	0
BEJGEH_03381	contig_1	3436360	3438129	-	GEGEGB_00060	3	persistent	2	0	1
BEJGEH_03382	contig_1	3438145	3438387	-	AJBGEP_03535	3	persistent	3	1	0
BEJGEH_03383	contig_1	3438544	3439161	-	GEGEGB_03447	1	persistent	2	0	0
BEJGEH_03384	contig_1	3439161	3440060	-	GEGEGB_03448	1	persistent	2	0	0
BEJGEH_03385	contig_1	3440093	3441361	-	GEGEGB_03449	1	persistent	2	0	0
BEJGEH_03386	contig_1	3441572	3442237	-	GEGEGB_03450	1	persistent	2	0	0
BEJGEH_03387	contig_1	3442224	3442853	-	GEGEGB_03451	1	persistent	2	0	0
BEJGEH_03388	contig_1	3442973	3443911	-	GEGEGB_03452	1	persistent	2	0	0
BEJGEH_03389	contig_1	3444326	3444796	+	GEGEGB_03453	1	persistent	2	0	0
BEJGEH_03390	contig_1	3445161	3445424	+	GEGEGB_03454	1	persistent	2	0	0
BEJGEH_03391	contig_1	3445528	3445794	+	GEGEGB_03455	1	persistent	2	0	0
BEJGEH_03392	contig_1	3445854	3446126	-	GEGEGB_03456	1	persistent	2	0	0
BEJGEH_03393	contig_1	3446298	3448265	-	LNHIMF_03416	1	persistent	2	0	0
BEJGEH_03394	contig_1	3448271	3449203	-	GEGEGB_03458	1	persistent	2	0	0
BEJGEH_03395	contig_1	3449211	3449414	-	GEGEGB_03459	1	persistent	2	0	0
BEJGEH_03396	contig_1	3449596	3450525	+	GEGEGB_03460	1	persistent	2	0	0
BEJGEH_03397	contig_1	3450647	3452092	-	GEGEGB_03461	1	persistent	2	0	0
BEJGEH_03398	contig_1	3452237	3456037	-	LNHIMF_03421	1	persistent	2	0	0
BEJGEH_03399	contig_1	3456148	3457617	-	GEGEGB_03463	1	persistent	2	0	0
BEJGEH_03400	contig_1	3457607	3458200	-	LNHIMF_03423	1	persistent	2	0	0
BEJGEH_03401	contig_1	3458209	3458700	-	GEGEGB_03465	1	persistent	2	0	0
BEJGEH_03402	contig_1	3458700	3459752	-	LNHIMF_03425	1	persistent	2	0	0
BEJGEH_03403	contig_1	3459817	3460860	-	GEGEGB_03467	1	persistent	2	0	0
BEJGEH_03404	contig_1	3461168	3463108	-	LNHIMF_03427	1	persistent	2	0	0
BEJGEH_03405	contig_1	3463312	3464286	+	GEGEGB_03469	1	persistent	2	0	0
BEJGEH_03406	contig_1	3464404	3465408	+	GEGEGB_03470	1	persistent	2	0	0
BEJGEH_03407	contig_1	3465409	3466008	+	GEGEGB_03471	1	persistent	2	0	0
BEJGEH_03408	contig_1	3466401	3466871	+	GEGEGB_03472	1	persistent	2	0	0
BEJGEH_03409	contig_1	3466882	3468231	+	GEGEGB_03473	1	persistent	2	0	0
BEJGEH_03410	contig_1	3468340	3468582	+	LNHIMF_03433	1	persistent	2	0	0
BEJGEH_03411	contig_1	3468572	3470023	+	LNHIMF_03434	1	persistent	2	0	0
BEJGEH_03412	contig_1	3470035	3470916	+	GEGEGB_03476	1	persistent	2	0	1
BEJGEH_03413	contig_1	3471578	3472543	+	GEGEGB_03477	1	persistent	2	0	1
BEJGEH_03414	contig_1	3472569	3472865	+	GEGEGB_03478	1	persistent	2	0	0
BEJGEH_03415	contig_1	3472951	3473835	+	GEGEGB_03479	1	persistent	2	0	0
BEJGEH_03416	contig_1	3473918	3474082	+	GEGEGB_03480	1	persistent	2	0	0
BEJGEH_03417	contig_1	3474233	3476308	+	LNHIMF_03440	1	persistent	3	0	0
BEJGEH_03418	contig_1	3476335	3476997	-	LNHIMF_03441	1	persistent	2	0	0
BEJGEH_03419	contig_1	3477411	3478568	+	BEJGEH_03419	1	persistent	3	0	0
BEJGEH_03420	contig_1	3478580	3481693	+	LNHIMF_03443	2	persistent	4	0	0
BEJGEH_03421	contig_1	3481931	3482152	+	GEGEGB_03485	1	persistent	3	0	0
BEJGEH_03429	contig_1	3488496	3489050	+	GEGEGB_04339	1	persistent	3	0	0
BEJGEH_03430	contig_1	3489026	3489283	-	LNHIMF_03453	1	persistent	2	0	0
BEJGEH_03431	contig_1	3489280	3490101	-	LNHIMF_03454	1	persistent	2	0	0
BEJGEH_03432	contig_1	3490103	3490675	-	LNHIMF_03455	1	persistent	2	0	0
BEJGEH_03433	contig_1	3490680	3491222	-	LNHIMF_03456	1	persistent	2	0	0
BEJGEH_03434	contig_1	3491249	3491722	-	GEGEGB_04334	1	persistent	2	0	0
BEJGEH_03435	contig_1	3491694	3492818	-	LNHIMF_03458	1	persistent	2	0	0
BEJGEH_03436	contig_1	3492950	3493459	+	GEGEGB_04332	1	persistent	2	0	0
BEJGEH_03437	contig_1	3493475	3494422	+	GEGEGB_04331	1	persistent	2	0	0
BEJGEH_03438	contig_1	3494474	3495763	+	LNHIMF_03461	1	persistent	2	0	0
BEJGEH_03439	contig_1	3495785	3497161	+	GEGEGB_04329	1	persistent	2	0	0
BEJGEH_03440	contig_1	3497303	3497716	+	GEGEGB_04328	1	persistent	2	0	0
BEJGEH_03441	contig_1	3497652	3497921	-	GEGEGB_04327	1	persistent	2	0	0
BEJGEH_03442	contig_1	3497979	3498404	-	LNHIMF_03465	1	persistent	2	0	0
BEJGEH_03443	contig_1	3498415	3498783	-	LNHIMF_03466	1	persistent	2	0	0
BEJGEH_03444	contig_1	3498891	3499274	-	GEGEGB_04324	1	persistent	2	0	0
BEJGEH_03445	contig_1	3499315	3500304	-	GEGEGB_04323	1	persistent	1	1	0
BEJGEH_03446	contig_1	3500330	3500950	-	LNHIMF_03469	1	shell	1	2	0
BEJGEH_03447	contig_1	3500984	3501373	-	BEJGEH_03447	1	shell	0	2	0
BEJGEH_03448	contig_1	3501390	3501746	-	LNHIMF_03471	1	shell	0	3	0
BEJGEH_03449	contig_1	3501893	3502009	-	GEGEGB_04319	1	shell	0	2	0
BEJGEH_03450	contig_1	3502041	3503372	-	LNHIMF_03473	1	shell	0	2	0
BEJGEH_03451	contig_1	3503380	3503814	-	GEGEGB_04317	1	shell	0	2	0
BEJGEH_03452	contig_1	3503818	3503997	-	GEGEGB_04316	1	shell	0	2	0
BEJGEH_03453	contig_1	3504001	3504504	-	GEGEGB_04315	1	shell	0	2	0
BEJGEH_03454	contig_1	3504519	3504872	-	GEGEGB_04314	1	shell	0	2	1
BEJGEH_03455	contig_1	3504882	3505415	-	GEGEGB_04313	1	shell	0	2	0
BEJGEH_03456	contig_1	3505428	3505820	-	GEGEGB_04312	1	shell	0	2	0
BEJGEH_03457	contig_1	3505854	3506159	-	GEGEGB_04311	1	shell	0	2	0
BEJGEH_03458	contig_1	3506174	3506713	-	GEGEGB_04310	1	shell	0	2	0
BEJGEH_03459	contig_1	3506728	3507042	-	GEGEGB_04309	1	shell	0	2	0
BEJGEH_03460	contig_1	3507053	3507424	-	GEGEGB_04308	1	shell	0	2	0
BEJGEH_03461	contig_1	3507588	3507842	-	GEGEGB_04307	1	shell	0	2	0
BEJGEH_03462	contig_1	3507842	3508033	-	GEGEGB_04306	1	shell	0	2	0
BEJGEH_03463	contig_1	3508033	3508443	-	GEGEGB_04305	1	shell	0	2	0
BEJGEH_03464	contig_1	3508456	3509157	-	GEGEGB_04304	1	shell	0	2	0
BEJGEH_03465	contig_1	3509175	3509507	-	GEGEGB_04303	1	shell	0	2	0
BEJGEH_03466	contig_1	3509522	3509800	-	GEGEGB_04302	1	shell	0	2	0
BEJGEH_03467	contig_1	3509817	3510638	-	GEGEGB_04301	1	shell	0	2	0
BEJGEH_03468	contig_1	3510656	3510958	-	GEGEGB_04300	1	shell	0	2	1
BEJGEH_03469	contig_1	3510955	3511560	-	GEGEGB_04299	1	shell	0	2	0
BEJGEH_03470	contig_1	3511571	3512200	-	GEGEGB_04298	1	shell	0	2	0
BEJGEH_03471	contig_1	3512233	3512544	-	GEGEGB_04297	1	shell	1	1	0
BEJGEH_03472	contig_1	3512924	3513391	+	GEGEGB_04296	1	persistent	1	1	0
BEJGEH_03473	contig_1	3513388	3513864	-	LNHIMF_03496	1	persistent	2	0	0
BEJGEH_03474	contig_1	3513937	3514131	-	GEGEGB_04294	1	persistent	1	1	0
BEJGEH_03475	contig_1	3514316	3515500	-	GEGEGB_03670	2	shell	2	2	0
BEJGEH_03476	contig_1	3515572	3517686	-	GEGEGB_04292	1	shell	0	2	0
BEJGEH_03477	contig_1	3517783	3518253	-	GEGEGB_04291	1	shell	1	1	0
BEJGEH_03478	contig_1	3518349	3518723	-	GEGEGB_04290	1	persistent	1	1	0
BEJGEH_03479	contig_1	3518849	3519136	-	GEGEGB_04289	1	persistent	2	0	0
BEJGEH_03480	contig_1	3519144	3519500	-	GEGEGB_04288	1	persistent	2	0	0
BEJGEH_03481	contig_1	3519500	3519886	-	LNHIMF_03504	1	persistent	2	0	0
BEJGEH_03482	contig_1	3519886	3520608	-	GEGEGB_04286	1	persistent	2	0	0
BEJGEH_03483	contig_1	3520885	3521703	-	LNHIMF_03506	1	persistent	2	0	0
BEJGEH_03484	contig_1	3521923	3522141	+	GEGEGB_04284	1	persistent	2	0	0
BEJGEH_03485	contig_1	3522330	3522920	-	LNHIMF_03508	1	persistent	2	0	0
BEJGEH_03486	contig_1	3523015	3523215	-	GEGEGB_04282	1	persistent	2	0	0
BEJGEH_03487	contig_1	3523226	3525031	-	GEGEGB_04281	1	persistent	2	0	0
BEJGEH_03488	contig_1	3525031	3525582	-	GEGEGB_04280	1	persistent	2	0	0
BEJGEH_03489	contig_1	3525848	3527755	+	GEGEGB_04279	1	persistent	2	0	1
BEJGEH_03490	contig_1	3527918	3528139	+	LNHIMF_03513	1	persistent	3	0	0
BEJGEH_03491	contig_1	3528141	3528452	-	GEGEGB_04277	1	persistent	2	0	1
BEJGEH_03492	contig_1	3528695	3529717	+	BEJGEH_03492	1	persistent	3	0	0
BEJGEH_03493	contig_1	3529714	3529932	+	GEGEGB_04274	1	persistent	2	0	0
BEJGEH_03494	contig_1	3529984	3530853	+	GEGEGB_04273	1	persistent	2	0	0
BEJGEH_03495	contig_1	3530949	3531353	-	BEJGEH_03495	1	persistent	2	0	0
BEJGEH_03496	contig_1	3531661	3532293	+	GEGEGB_04271	1	persistent	2	0	0
BEJGEH_03497	contig_1	3532342	3534429	+	LNHIMF_03520	1	persistent	2	0	0
BEJGEH_03498	contig_1	3534472	3535689	-	BEJGEH_03498	1	persistent	2	0	0
BEJGEH_03499	contig_1	3535775	3536338	-	GEGEGB_04267	1	persistent	2	0	0
BEJGEH_03500	contig_1	3536370	3536972	-	LNHIMF_03523	1	persistent	2	0	0
BEJGEH_03501	contig_1	3536962	3537234	-	LNHIMF_03524	1	persistent	2	0	0
BEJGEH_03502	contig_1	3537238	3537810	-	GEGEGB_04264	1	persistent	2	0	0
BEJGEH_03503	contig_1	3538087	3539268	+	GEGEGB_04263	1	persistent	2	0	1
BEJGEH_03504	contig_1	3539530	3542073	+	LNHIMF_03527	1	persistent	2	0	1
BEJGEH_03505	contig_1	3542070	3542396	+	GEGEGB_04261	1	persistent	2	0	0
BEJGEH_03506	contig_1	3542579	3543388	+	GEGEGB_04260	1	persistent	2	0	0
BEJGEH_03507	contig_1	3543400	3544779	+	BEJGEH_03507	1	persistent	1	3	1
BEJGEH_03508	contig_1	3544776	3545012	-	LNHIMF_00818	6	shell	12	5	5
BEJGEH_03509	contig_1	3545343	3545696	+	BEJGEH_01963	4	shell	0	2	0
BEJGEH_03510	contig_1	3545630	3546031	-	LNHIMF_00819	6	shell	12	3	3
BEJGEH_03511	contig_1	3546426	3552374	+	ODDLKH_03924	1	shell	2	1	1
BEJGEH_03513	contig_1	3552567	3552737	+	GEGEGB_04255	1	persistent	1	3	0
BEJGEH_03514	contig_1	3552882	3553886	-	GEGEGB_04254	1	persistent	2	0	0
BEJGEH_03515	contig_1	3553879	3554637	-	BEJGEH_03515	1	persistent	2	0	0
BEJGEH_03516	contig_1	3554630	3555307	-	GEGEGB_04252	1	persistent	2	0	0
BEJGEH_03517	contig_1	3555325	3556161	-	GEGEGB_04251	1	persistent	2	0	0
BEJGEH_03518	contig_1	3556342	3557619	-	LNHIMF_03538	1	persistent	2	0	0
BEJGEH_03519	contig_1	3557717	3558805	-	GEGEGB_04249	1	persistent	2	0	0
BEJGEH_03520	contig_1	3558862	3559383	-	GEGEGB_04248	1	persistent	2	0	0
BEJGEH_03521	contig_1	3559848	3561050	-	LNHIMF_03541	1	persistent	2	0	0
BEJGEH_03522	contig_1	3561001	3561402	-	GEGEGB_04246	1	persistent	2	0	0
BEJGEH_03523	contig_1	3561392	3561865	-	LNHIMF_03543	1	persistent	2	0	0
BEJGEH_03524	contig_1	3561849	3562388	-	GEGEGB_04244	1	persistent	2	0	0
BEJGEH_03525	contig_1	3562388	3563167	-	GEGEGB_04243	1	persistent	2	0	0
BEJGEH_03526	contig_1	3563288	3565840	+	GEGEGB_04242	1	persistent	2	1	0
BEJGEH_03527	contig_1	3565936	3566532	-	LNHIMF_03547	1	persistent	2	1	0
BEJGEH_03528	contig_1	3566822	3568954	+	LNHIMF_03548	1	persistent	2	0	0
BEJGEH_03529	contig_1	3569019	3569687	+	GEGEGB_04239	1	persistent	2	0	0
BEJGEH_03530	contig_1	3569698	3570099	+	LNHIMF_03550	1	persistent	2	0	0
BEJGEH_03531	contig_1	3570124	3571002	+	LNHIMF_03551	1	persistent	2	0	1
BEJGEH_03532	contig_1	3571090	3572076	-	BEJGEH_00226	4	cloud	10	0	0
BEJGEH_03533	contig_1	3572324	3574033	-	GEGEGB_04236	1	persistent	2	0	1
BEJGEH_03534	contig_1	3574413	3576032	+	GEGEGB_04235	1	persistent	2	0	0
BEJGEH_03535	contig_1	3576107	3577459	-	LNHIMF_03554	1	persistent	2	0	0
BEJGEH_03536	contig_1	3577456	3578175	-	GEGEGB_04233	1	persistent	2	0	0
BEJGEH_03537	contig_1	3578401	3578874	+	GEGEGB_04232	1	persistent	2	0	0
BEJGEH_03538	contig_1	3578973	3581303	+	IKCLMC_02888	1	persistent	2	0	0
BEJGEH_03539	contig_1	3581740	3581967	+	GEGEGB_04230	1	persistent	2	0	0
BEJGEH_03540	contig_1	3581986	3584304	+	LNHIMF_03559	1	persistent	2	0	0
BEJGEH_03541	contig_1	3584317	3584553	+	GEGEGB_04228	1	persistent	2	0	0
BEJGEH_03542	contig_1	3584799	3585713	+	GEGEGB_04227	1	persistent	2	0	0
BEJGEH_03543	contig_1	3585749	3586519	-	GEGEGB_04226	1	persistent	2	0	0
BEJGEH_03544	contig_1	3586557	3587240	+	LNHIMF_03563	1	persistent	2	0	0
BEJGEH_03545	contig_1	3587299	3587874	+	LNHIMF_03564	1	persistent	2	0	0
BEJGEH_03546	contig_1	3588251	3589567	+	GEGEGB_04223	1	persistent	2	0	0
BEJGEH_03547	contig_1	3589686	3591764	-	BEJGEH_03547	1	persistent	2	0	0
BEJGEH_03548	contig_1	3591774	3594167	-	LNHIMF_03567	1	persistent	2	0	0
BEJGEH_03549	contig_1	3594762	3597467	+	ODDLKH_03961	1	persistent	2	1	1
BEJGEH_03550	contig_1	3597582	3598142	-	PAPNPA_01596	1	cloud	1	1	0
BEJGEH_03551	contig_1	3598139	3599173	-	IKCLMC_02875	1	shell	0	2	1
BEJGEH_03552	contig_1	3599177	3600394	-	HFCAGB_03756	1	shell	0	2	0
BEJGEH_03557	contig_1	3600739	3602292	-	HFCAGB_03761	1	shell	0	2	0
BEJGEH_03558	contig_1	3602482	3604065	+	BEJGEH_03558	1	shell	1	1	0
BEJGEH_03559	contig_1	3604062	3604820	-	GEGEGB_04219	1	persistent	2	1	0
BEJGEH_03560	contig_1	3604914	3605744	-	LNHIMF_03570	1	persistent	2	0	0
BEJGEH_03561	contig_1	3605820	3606146	-	GEGEGB_04217	1	persistent	2	0	0
BEJGEH_03562	contig_1	3606345	3607853	+	GEGEGB_04216	1	persistent	3	0	0
BEJGEH_03563	contig_1	3607900	3608445	-	BEJGEH_03563	1	persistent	2	0	1
BEJGEH_03564	contig_1	3608455	3609915	-	HFCAGB_03768	1	persistent	1	1	3
BEJGEH_03565	contig_1	3610109	3611218	-	BEJGEH_03565	1	shell	1	1	1
BEJGEH_03566	contig_1	3611556	3612890	+	BEJGEH_03566	1	shell	0	2	0
BEJGEH_03567	contig_1	3612887	3614602	+	BEJGEH_03567	1	shell	0	2	0
BEJGEH_03568	contig_1	3614646	3615551	+	BEJGEH_03568	1	shell	0	2	0
BEJGEH_03569	contig_1	3615595	3616350	-	BEJGEH_03569	1	shell	1	1	0
BEJGEH_03570	contig_1	3616528	3618975	-	LNHIMF_03577	1	persistent	2	1	1
BEJGEH_03571	contig_1	3618995	3620428	-	LNHIMF_03578	1	persistent	2	0	0
BEJGEH_03572	contig_1	3620428	3621723	-	LNHIMF_03579	1	persistent	2	0	0
BEJGEH_03573	contig_1	3621738	3623714	-	LNHIMF_03580	1	persistent	2	0	0
BEJGEH_03574	contig_1	3623711	3625897	-	GEGEGB_04211	1	persistent	2	0	0
BEJGEH_03575	contig_1	3626245	3627351	-	GEGEGB_04210	1	persistent	2	0	1
BEJGEH_03576	contig_1	3627457	3627936	+	PAPNPA_01623	1	cloud	2	0	0
BEJGEH_03577	contig_1	3627775	3629115	-	GEGEGB_04208	1	persistent	2	0	1
BEJGEH_03578	contig_1	3629112	3629645	-	GEGEGB_04207	1	persistent	2	0	0
BEJGEH_03579	contig_1	3629784	3630779	-	GEGEGB_04206	1	persistent	2	0	0
BEJGEH_03580	contig_1	3630909	3631604	-	GEGEGB_04205	1	persistent	2	0	0
BEJGEH_03581	contig_1	3631728	3632765	-	LNHIMF_03588	1	persistent	2	1	1
BEJGEH_03582	contig_1	3632824	3632997	+	BEJGEH_03582	1	cloud	2	0	0
BEJGEH_03584	contig_1	3633232	3633720	+	GEGEGB_04201	1	persistent	2	1	1
BEJGEH_03585	contig_1	3633985	3635199	+	GEGEGB_04200	1	persistent	2	0	0
BEJGEH_03586	contig_1	3635215	3635976	+	LNHIMF_03592	1	persistent	2	0	0
BEJGEH_03587	contig_1	3636030	3637001	+	GEGEGB_04198	1	persistent	2	0	0
BEJGEH_03588	contig_1	3636998	3638032	+	GEGEGB_04197	1	persistent	2	0	0
BEJGEH_03589	contig_1	3638077	3639819	-	GEGEGB_04196	1	persistent	2	0	0
BEJGEH_03590	contig_1	3639945	3640361	+	GEGEGB_04195	1	persistent	2	0	0
BEJGEH_03591	contig_1	3640358	3641098	-	GEGEGB_04194	1	persistent	2	0	0
BEJGEH_03592	contig_1	3641095	3642165	-	BEJGEH_03592	1	persistent	2	0	0
BEJGEH_03593	contig_1	3642167	3643012	-	GEGEGB_04192	1	persistent	2	0	0
BEJGEH_03594	contig_1	3643009	3643896	-	BENMGJ_02915	1	persistent	2	0	0
BEJGEH_03595	contig_1	3644001	3645317	-	GEGEGB_04190	1	persistent	1	1	1
BEJGEH_03596	contig_1	3645550	3645828	-	GEGEGB_04189	1	cloud	2	0	0
BEJGEH_03597	contig_1	3645992	3646705	-	GEGEGB_04188	1	persistent	1	1	1
BEJGEH_03598	contig_1	3646707	3647474	-	GEGEGB_04187	1	persistent	2	0	0
BEJGEH_03599	contig_1	3647471	3648748	-	GEGEGB_04186	1	persistent	2	0	0
BEJGEH_03600	contig_1	3648745	3649671	-	GEGEGB_04185	1	persistent	2	0	0
BEJGEH_03601	contig_1	3649731	3650840	-	GEGEGB_04184	1	persistent	2	0	0
BEJGEH_03602	contig_1	3651262	3651645	+	GEGEGB_04183	1	persistent	2	0	0
BEJGEH_03603	contig_1	3651768	3652865	-	LNHIMF_03609	1	persistent	2	0	0
BEJGEH_03604	contig_1	3653193	3654047	-	GEGEGB_04180	1	persistent	2	0	0
BEJGEH_03605	contig_1	3654293	3655348	-	LNHIMF_03611	1	persistent	2	0	0
BEJGEH_03606	contig_1	3655341	3656009	-	GEGEGB_04178	1	persistent	2	0	0
BEJGEH_03607	contig_1	3656012	3657487	-	GEGEGB_04177	1	persistent	2	0	0
BEJGEH_03608	contig_1	3657613	3658209	+	GEGEGB_04176	1	persistent	2	0	0
BEJGEH_03609	contig_1	3658199	3658468	+	LNHIMF_03615	1	persistent	2	0	0
BEJGEH_03610	contig_1	3658490	3658861	-	GEGEGB_04174	1	persistent	2	0	0
BEJGEH_03611	contig_1	3659003	3659629	+	GEGEGB_04173	1	persistent	2	0	0
BEJGEH_03612	contig_1	3659710	3661908	+	GEGEGB_04172	1	persistent	2	0	0
BEJGEH_03613	contig_1	3662113	3663756	+	GEGEGB_04171	1	persistent	2	0	0
BEJGEH_03614	contig_1	3663780	3664115	-	LNHIMF_03620	1	persistent	2	0	0
BEJGEH_03615	contig_1	3664195	3664860	+	GEGEGB_04169	1	persistent	2	0	0
BEJGEH_03616	contig_1	3664933	3665490	+	GEGEGB_04168	1	persistent	2	0	0
BEJGEH_03617	contig_1	3665494	3666753	-	LNHIMF_03623	1	persistent	2	0	0
BEJGEH_03618	contig_1	3666843	3667892	+	GEGEGB_04166	1	persistent	2	0	0
BEJGEH_03619	contig_1	3667944	3668522	+	GEGEGB_04165	1	persistent	2	0	0
BEJGEH_03620	contig_1	3668578	3669015	+	GEGEGB_04164	1	persistent	2	0	0
BEJGEH_03621	contig_1	3669105	3670229	-	LNHIMF_03627	1	persistent	2	0	0
BEJGEH_03622	contig_1	3670229	3672970	-	LNHIMF_03628	1	persistent	2	0	0
BEJGEH_03623	contig_1	3672967	3674034	-	LNHIMF_03629	1	persistent	2	0	1
BEJGEH_03624	contig_1	3674340	3675536	-	LNHIMF_03630	1	persistent	2	0	1
BEJGEH_03625	contig_1	3675767	3677263	+	GEGEGB_04152	1	persistent	2	0	0
BEJGEH_03626	contig_1	3677403	3677738	-	GEGEGB_04151	1	persistent	2	0	0
BEJGEH_03627	contig_1	3678126	3678560	+	LNHIMF_03633	1	persistent	2	0	0
BEJGEH_03629	contig_1	3678885	3680357	+	GEGEGB_04148	1	persistent	2	0	0
BEJGEH_03630	contig_1	3680449	3681207	-	LNHIMF_03636	1	persistent	2	0	0
BEJGEH_03631	contig_1	3681214	3683256	-	LNHIMF_03637	1	persistent	2	0	1
BEJGEH_03632	contig_1	3683419	3684072	-	PAPNPA_01677	1	cloud	1	0	1
BEJGEH_03633	contig_1	3684239	3684793	+	GEGEGB_04144	1	cloud	1	0	1
BEJGEH_03634	contig_1	3684914	3685756	+	GEGEGB_04143	1	persistent	2	0	1
BEJGEH_03635	contig_1	3685861	3687213	+	GEGEGB_04142	1	persistent	2	0	0
BEJGEH_03636	contig_1	3687260	3688303	-	BEJGEH_03636	1	persistent	3	0	0
BEJGEH_03637	contig_1	3688362	3689681	-	LNHIMF_03642	1	persistent	2	0	0
BEJGEH_03638	contig_1	3689735	3690580	-	LNHIMF_03643	1	persistent	2	0	0
BEJGEH_03639	contig_1	3690644	3691621	-	LNHIMF_03644	1	persistent	3	0	0
BEJGEH_03640	contig_1	3691797	3692516	-	GEGEGB_04139	1	persistent	2	0	0
BEJGEH_03641	contig_1	3692842	3694491	+	LNHIMF_03646	1	persistent	2	0	0
BEJGEH_03642	contig_1	3694504	3696093	-	GEGEGB_04137	1	persistent	2	0	0
BEJGEH_03643	contig_1	3696374	3696730	+	LNHIMF_03648	1	persistent	2	0	0
BEJGEH_03644	contig_1	3696736	3697338	-	LNHIMF_03649	1	persistent	2	0	0
BEJGEH_03646	contig_1	3697969	3698868	+	LNHIMF_03650	1	persistent	2	0	0
BEJGEH_03647	contig_1	3698941	3699969	+	GEGEGB_04133	1	persistent	2	0	0
BEJGEH_03648	contig_1	3700320	3701642	+	LNHIMF_03652	1	persistent	2	0	0
BEJGEH_03649	contig_1	3701682	3703742	-	LNHIMF_03653	1	persistent	2	0	0
BEJGEH_03650	contig_1	3703852	3704619	-	LNHIMF_03654	1	persistent	2	0	0
BEJGEH_03651	contig_1	3704848	3705777	+	GEGEGB_04129	1	persistent	2	0	0
BEJGEH_03652	contig_1	3705831	3707318	-	LNHIMF_03656	1	persistent	2	0	0
BEJGEH_03653	contig_1	3707538	3708824	-	LNHIMF_03657	1	persistent	2	0	0
BEJGEH_03654	contig_1	3708982	3710988	-	LNHIMF_03658	1	persistent	2	0	0
BEJGEH_03655	contig_1	3711162	3714704	-	LNHIMF_03659	1	persistent	2	0	0
BEJGEH_03656	contig_1	3714686	3715795	-	LNHIMF_03660	1	persistent	2	0	0
BEJGEH_03657	contig_1	3715799	3717949	-	LNHIMF_03661	1	persistent	2	0	0
BEJGEH_03658	contig_1	3718110	3720734	-	GEGEGB_04120	1	persistent	2	0	0
BEJGEH_03659	contig_1	3720731	3721483	-	LNHIMF_03663	1	persistent	2	0	0
BEJGEH_03660	contig_1	3721484	3721687	-	GEGEGB_04118	1	persistent	2	0	0
BEJGEH_03661	contig_1	3721944	3723503	+	LNHIMF_03665	1	persistent	2	0	0
BEJGEH_03662	contig_1	3723500	3723691	+	GEGEGB_04116	1	persistent	2	0	0
BEJGEH_03663	contig_1	3723688	3725367	+	GEGEGB_04115	1	persistent	2	0	0
BEJGEH_03664	contig_1	3725449	3725556	-	GEGEGB_04114	1	persistent	2	0	0
BEJGEH_03666	contig_1	3726188	3727486	+	LNHIMF_03670	1	persistent	2	0	0
BEJGEH_03667	contig_1	3727587	3728600	-	LNHIMF_03671	1	persistent	2	0	0
BEJGEH_03668	contig_1	3728597	3729580	-	LNHIMF_03672	1	persistent	2	0	0
BEJGEH_03669	contig_1	3729591	3730493	-	LNHIMF_03673	1	persistent	2	0	0
BEJGEH_03670	contig_1	3730503	3731522	-	GEGEGB_04108	1	persistent	2	0	0
BEJGEH_03671	contig_1	3731679	3733286	-	LNHIMF_03675	1	persistent	2	0	0
BEJGEH_03672	contig_1	3733842	3735167	-	LNHIMF_03676	1	persistent	2	0	0
BEJGEH_03673	contig_1	3735225	3736349	-	LNHIMF_03677	1	persistent	2	0	0
BEJGEH_03674	contig_1	3736499	3737506	+	LNHIMF_03678	1	persistent	2	0	0
BEJGEH_03676	contig_1	3737986	3739677	-	GEGEGB_04101	1	persistent	2	1	0
BEJGEH_03677	contig_1	3739895	3740422	-	BEJGEH_03677	1	shell	1	1	1
BEJGEH_03678	contig_1	3740428	3741492	-	PAPNPA_01724	1	cloud	0	2	0
BEJGEH_03679	contig_1	3741510	3744038	-	AJBGEP_03832	1	shell	0	2	2
BEJGEH_03680	contig_1	3744061	3744759	-	BEJGEH_03680	1	shell	0	2	1
BEJGEH_03681	contig_1	3744844	3745368	-	BEJGEH_03681	1	shell	1	2	0
BEJGEH_03682	contig_1	3745887	3746591	-	LNHIMF_03681	1	persistent	2	2	0
BEJGEH_03683	contig_1	3746748	3747329	+	GEGEGB_04099	1	persistent	2	0	0
BEJGEH_03684	contig_1	3747307	3747747	+	GEGEGB_04098	1	persistent	2	0	0
BEJGEH_03685	contig_1	3747716	3750049	-	LNHIMF_03684	1	persistent	2	0	0
BEJGEH_03686	contig_1	3750202	3750864	+	GEGEGB_04096	1	persistent	2	0	0
BEJGEH_03687	contig_1	3751094	3752068	+	GEGEGB_04095	1	persistent	2	0	0
BEJGEH_03688	contig_1	3752118	3752828	-	GEGEGB_04094	1	persistent	2	0	0
BEJGEH_03689	contig_1	3753225	3753557	+	LNHIMF_03688	1	persistent	2	0	0
BEJGEH_03690	contig_1	3753845	3754057	+	GEGEGB_04092	1	persistent	2	0	0
BEJGEH_03691	contig_1	3754232	3754771	+	GEGEGB_04091	1	persistent	3	0	1
BEJGEH_03692	contig_1	3755143	3755628	-	BEJGEH_03692	1	persistent	2	0	1
BEJGEH_03693	contig_1	3755616	3755882	-	GEGEGB_04089	1	persistent	1	1	3
BEJGEH_03694	contig_1	3756081	3756548	-	GEGEGB_04088	1	shell	2	0	1
BEJGEH_03695	contig_1	3756954	3757190	-	ONMMKP_03187	1	cloud	1	1	1
BEJGEH_03697	contig_1	3757583	3759652	-	LNHIMF_03696	1	persistent	2	1	3
BEJGEH_03698	contig_1	3759662	3760573	-	LNHIMF_03697	1	persistent	2	0	0
BEJGEH_03699	contig_1	3760712	3761014	-	GEGEGB_04084	1	persistent	2	0	1
BEJGEH_03700	contig_1	3761180	3762175	+	BEJGEH_03700	1	persistent	2	0	1
BEJGEH_03701	contig_1	3762198	3762551	-	GEGEGB_04081	1	persistent	2	0	0
BEJGEH_03702	contig_1	3762726	3764180	-	GEGEGB_04080	1	persistent	2	0	0
BEJGEH_03703	contig_1	3764280	3765602	-	LNHIMF_03703	1	persistent	2	0	0
BEJGEH_03704	contig_1	3765965	3767143	+	GEGEGB_04078	1	persistent	2	0	0
BEJGEH_03705	contig_1	3767204	3768028	-	LNHIMF_03705	1	persistent	2	0	0
BEJGEH_03706	contig_1	3768344	3770371	+	LNHIMF_03706	1	persistent	2	0	0
BEJGEH_03707	contig_1	3770546	3771796	+	GEGEGB_04075	1	persistent	2	0	0
BEJGEH_03708	contig_1	3771833	3772306	-	GEGEGB_04074	1	persistent	2	0	0
BEJGEH_03709	contig_1	3772423	3773223	-	GEGEGB_04073	1	persistent	2	0	0
BEJGEH_03710	contig_1	3773453	3774451	+	LNHIMF_03710	1	persistent	2	0	0
BEJGEH_03711	contig_1	3774463	3774927	+	LNHIMF_03711	1	persistent	2	0	0
BEJGEH_03712	contig_1	3774951	3775883	+	GEGEGB_04070	1	persistent	2	0	0
BEJGEH_03713	contig_1	3776022	3776495	+	GEGEGB_04069	1	persistent	2	0	0
BEJGEH_03714	contig_1	3776498	3777775	+	LNHIMF_03714	1	persistent	2	0	0
BEJGEH_03715	contig_1	3777787	3778773	+	GEGEGB_04067	1	persistent	2	0	0
BEJGEH_03716	contig_1	3778777	3780273	+	BEJGEH_03716	1	persistent	2	0	0
BEJGEH_03717	contig_1	3780270	3780932	+	BEJGEH_03717	1	persistent	2	0	0
BEJGEH_03718	contig_1	3780925	3781785	+	LNHIMF_03718	1	persistent	2	0	0
BEJGEH_03719	contig_1	3781779	3782474	+	GEGEGB_04063	1	persistent	2	0	0
BEJGEH_03720	contig_1	3782635	3783450	-	BENMGJ_03040	1	persistent	2	0	0
BEJGEH_03721	contig_1	3783714	3785669	+	LNHIMF_03721	1	persistent	2	0	0
BEJGEH_03722	contig_1	3785843	3787381	-	LNHIMF_03722	1	persistent	2	0	0
BEJGEH_03723	contig_1	3787550	3788431	+	GEGEGB_04059	1	persistent	2	0	1
BEJGEH_03724	contig_1	3788706	3790556	-	BEJGEH_03724	1	persistent	2	0	1
BEJGEH_03725	contig_1	3790553	3791944	-	GEGEGB_04057	1	persistent	2	0	0
BEJGEH_03726	contig_1	3792043	3792651	-	GEGEGB_04056	1	persistent	2	0	1
BEJGEH_03727	contig_1	3792749	3793885	-	ONMMKP_03155	1	cloud	1	0	1
BEJGEH_03728	contig_1	3793888	3794250	-	ONMMKP_03154	1	cloud	1	0	1
BEJGEH_03729	contig_1	3794784	3796700	+	GEGEGB_04055	1	persistent	2	0	1
BEJGEH_03730	contig_1	3796931	3798079	+	LNHIMF_03729	1	persistent	2	0	0
BEJGEH_03731	contig_1	3798076	3798666	+	GEGEGB_04053	1	persistent	2	0	0
BEJGEH_03732	contig_1	3798676	3798885	-	LNHIMF_03731	1	persistent	2	0	0
BEJGEH_03733	contig_1	3799176	3799538	+	GEGEGB_04051	1	persistent	2	0	0
BEJGEH_03734	contig_1	3800026	3800709	+	LNHIMF_03733	1	persistent	2	0	0
BEJGEH_03735	contig_1	3800753	3805171	+	LNHIMF_03734	1	persistent	2	0	0
BEJGEH_03737	contig_1	3805470	3807125	+	LNHIMF_03736	1	persistent	2	0	0
BEJGEH_03738	contig_1	3807122	3807898	+	GEGEGB_04046	1	persistent	2	0	0
BEJGEH_03739	contig_1	3807895	3809085	+	GEGEGB_04045	1	persistent	2	0	0
BEJGEH_03740	contig_1	3809150	3809623	+	GEGEGB_04044	1	persistent	3	0	0
BEJGEH_03741	contig_1	3809691	3810695	-	GEGEGB_04043	1	persistent	2	0	0
BEJGEH_03742	contig_1	3811014	3812210	+	BEJGEH_03742	1	persistent	2	0	0
BEJGEH_03743	contig_1	3812284	3813594	+	BEJGEH_03743	1	persistent	2	0	0
BEJGEH_03744	contig_1	3813677	3814498	-	GEGEGB_04039	1	persistent	3	0	0
BEJGEH_03745	contig_1	3814576	3815595	-	GEGEGB_04038	1	persistent	2	0	0
BEJGEH_03746	contig_1	3815595	3816062	-	GEGEGB_04037	1	persistent	2	0	0
BEJGEH_03747	contig_1	3816106	3816357	-	GEGEGB_04036	1	persistent	2	0	0
BEJGEH_03748	contig_1	3816443	3816874	-	GEGEGB_04035	1	persistent	2	0	0
BEJGEH_03749	contig_1	3817122	3818666	+	LNHIMF_03745	1	persistent	2	0	0
BEJGEH_03750	contig_1	3818676	3819959	+	GEGEGB_04033	1	persistent	2	0	0
BEJGEH_03751	contig_1	3819963	3820925	+	GEGEGB_04032	1	persistent	2	0	0
BEJGEH_03752	contig_1	3820912	3821946	-	GEGEGB_04031	1	persistent	2	0	1
BEJGEH_03754	contig_1	3822252	3823277	-	LNHIMF_03750	1	persistent	2	0	1
BEJGEH_03755	contig_1	3823287	3824483	-	GEGEGB_04028	1	persistent	2	0	0
BEJGEH_03756	contig_1	3824686	3825618	+	GEGEGB_04027	1	persistent	2	0	0
BEJGEH_03757	contig_1	3825621	3826667	+	GEGEGB_04026	1	persistent	2	0	0
BEJGEH_03758	contig_1	3826667	3827620	+	GEGEGB_04025	1	persistent	2	0	0
BEJGEH_03759	contig_1	3827660	3828874	+	BEJGEH_03759	1	persistent	2	0	0
BEJGEH_03760	contig_1	3828930	3830075	-	GEGEGB_04023	1	persistent	2	0	0
BEJGEH_03761	contig_1	3830175	3830984	-	LNHIMF_03757	1	persistent	2	0	0
BEJGEH_03762	contig_1	3831134	3831832	-	LNHIMF_03758	1	persistent	2	0	0
BEJGEH_03763	contig_1	3831855	3832865	-	HFCAGB_03967	1	persistent	2	0	0
BEJGEH_03764	contig_1	3832883	3833896	-	HFCAGB_03968	1	persistent	2	0	0
BEJGEH_03765	contig_1	3833902	3834981	-	LNHIMF_03761	1	persistent	2	1	3
BEJGEH_03766	contig_1	3835065	3835259	-	AJBGEP_03917	1	shell	2	0	0
BEJGEH_03767	contig_1	3835315	3836112	-	BEJGEH_03767	1	persistent	2	1	3
BEJGEH_03768	contig_1	3836105	3837229	-	LNHIMF_03764	1	persistent	2	0	0
BEJGEH_03769	contig_1	3837226	3838296	-	LNHIMF_03765	1	persistent	2	0	0
BEJGEH_03770	contig_1	3838705	3839982	+	LNHIMF_03766	1	persistent	2	0	0
BEJGEH_03771	contig_1	3839991	3840470	+	GEGEGB_04012	1	persistent	2	0	0
BEJGEH_03772	contig_1	3840498	3841307	-	GEGEGB_04011	1	persistent	2	0	0
BEJGEH_03773	contig_1	3841405	3841572	-	GEGEGB_04010	1	persistent	2	0	0
BEJGEH_03774	contig_1	3841593	3841829	-	GEGEGB_04009	1	persistent	2	0	0
BEJGEH_03775	contig_1	3842047	3842712	-	GEGEGB_04008	1	persistent	2	0	0
BEJGEH_03776	contig_1	3842885	3844108	+	LNHIMF_03772	1	persistent	2	0	1
BEJGEH_03777	contig_1	3844086	3844544	+	GEGEGB_04006	1	persistent	2	0	0
BEJGEH_03778	contig_1	3844652	3845248	+	LNHIMF_03774	1	persistent	2	0	0
BEJGEH_03779	contig_1	3845326	3845967	-	LNHIMF_03775	1	persistent	2	0	0
BEJGEH_03780	contig_1	3846046	3846762	-	GEGEGB_04003	1	persistent	2	0	0
BEJGEH_03781	contig_1	3846888	3847751	+	GEGEGB_04002	1	persistent	2	0	1
BEJGEH_03782	contig_1	3847801	3848703	-	GEGEGB_04001	1	persistent	2	0	1
BEJGEH_03783	contig_1	3848777	3849658	+	ODDLKH_04192	1	persistent	2	0	0
BEJGEH_03784	contig_1	3849909	3850526	+	LNHIMF_03790	1	persistent	2	0	0
BEJGEH_03785	contig_1	3850523	3852208	-	LNHIMF_03791	1	persistent	2	0	0
BEJGEH_03786	contig_1	3852465	3853088	+	GEGEGB_03996	1	persistent	2	0	0
BEJGEH_03787	contig_1	3853143	3853418	+	GEGEGB_03995	1	persistent	2	0	0
BEJGEH_03788	contig_1	3853437	3855548	+	GEGEGB_03994	1	persistent	2	0	0
BEJGEH_03789	contig_1	3855553	3856242	+	LNHIMF_03795	1	persistent	2	0	0
BEJGEH_03790	contig_1	3856248	3858329	+	GEGEGB_03992	1	persistent	2	1	0
BEJGEH_03791	contig_1	3858332	3859153	-	AJBGEP_03942	1	shell	2	0	0
BEJGEH_03792	contig_1	3859156	3860361	-	GEGEGB_03991	1	persistent	2	1	0
BEJGEH_03793	contig_1	3860589	3861980	+	GEGEGB_03990	1	persistent	2	0	0
BEJGEH_03794	contig_1	3862101	3863810	+	LNHIMF_03799	1	persistent	2	0	0
BEJGEH_03795	contig_1	3863913	3866231	-	LNHIMF_03800	1	persistent	2	0	0
BEJGEH_03796	contig_1	3866243	3867625	-	GEGEGB_03987	1	persistent	2	1	2
BEJGEH_03798	contig_1	3868721	3868894	+	BEJGEH_03798	1	cloud	1	0	1
BEJGEH_03799	contig_1	3869196	3870425	-	BEJGEH_03799	1	cloud	0	0	2
BEJGEH_03800	contig_1	3870449	3871042	-	BEJGEH_03800	1	cloud	0	0	2
BEJGEH_03801	contig_1	3871058	3871666	-	BEJGEH_03801	1	cloud	0	0	2
BEJGEH_03802	contig_1	3871681	3872265	-	BEJGEH_03802	1	cloud	0	0	2
BEJGEH_03803	contig_1	3872279	3874879	-	BEJGEH_03803	1	cloud	0	0	2
BEJGEH_03804	contig_1	3874900	3875643	-	BEJGEH_03804	1	cloud	0	0	2
BEJGEH_03805	contig_1	3875787	3876413	-	BEJGEH_03805	1	cloud	0	0	2
BEJGEH_03806	contig_1	3876778	3877026	-	HFCAGB_04706	2	cloud	1	0	4
BEJGEH_03807	contig_1	3877212	3877316	-	BEJGEH_03807	1	cloud	0	0	2
BEJGEH_03808	contig_1	3877697	3877828	+	GEGEGB_03979	1	cloud	2	1	2
BEJGEH_03809	contig_1	3878564	3879181	+	LNHIMF_03804	1	persistent	2	1	1
BEJGEH_03810	contig_1	3879256	3882123	+	PAPNPA_01001	1	persistent	2	0	0
BEJGEH_03811	contig_1	3882217	3882681	-	GEGEGB_03975	1	persistent	3	0	1
BEJGEH_03812	contig_1	3882692	3883549	-	BEJGEH_03812	1	persistent	2	0	0
BEJGEH_03813	contig_1	3884333	3885013	+	GEGEGB_03971	2	persistent	5	2	3
BEJGEH_03814	contig_1	3885242	3885742	-	LNHIMF_03809	1	persistent	2	0	0
BEJGEH_03815	contig_1	3885844	3885930	-	GEGEGB_03969	1	persistent	2	0	0
BEJGEH_03816	contig_1	3885943	3886035	-	GEGEGB_03968	1	persistent	2	0	0
BEJGEH_03817	contig_1	3886057	3888783	-	LNHIMF_03812	1	persistent	2	0	1
BEJGEH_03818	contig_1	3889003	3889686	-	GEGEGB_03966	1	persistent	2	0	1
BEJGEH_03819	contig_1	3890204	3891106	+	GEGEGB_03965	1	persistent	2	0	0
BEJGEH_03820	contig_1	3891149	3892090	-	BEJGEH_03820	1	persistent	2	0	0
BEJGEH_03821	contig_1	3892326	3893069	-	LNHIMF_03816	1	persistent	2	0	0
BEJGEH_03822	contig_1	3893056	3894165	-	GEGEGB_03962	1	persistent	2	0	0
BEJGEH_03823	contig_1	3894169	3895026	-	GEGEGB_03961	1	persistent	2	0	0
BEJGEH_03824	contig_1	3895026	3895775	-	GEGEGB_03960	1	persistent	2	0	0
BEJGEH_03825	contig_1	3895921	3896406	-	GEGEGB_03959	1	persistent	2	0	0
BEJGEH_03826	contig_1	3896417	3896842	-	GEGEGB_03958	1	persistent	2	0	0
BEJGEH_03827	contig_1	3897061	3899859	-	BEJGEH_03827	1	persistent	2	0	0
BEJGEH_03828	contig_1	3900056	3900349	+	GEGEGB_03956	1	persistent	2	0	0
BEJGEH_03829	contig_1	3900455	3901837	+	LNHIMF_03824	1	persistent	2	0	0
BEJGEH_03830	contig_1	3901897	3903090	-	GEGEGB_03954	1	persistent	3	0	2
BEJGEH_03831	contig_1	3903306	3903665	+	LNHIMF_03827	1	persistent	2	0	1
BEJGEH_03832	contig_1	3903649	3903972	+	GEGEGB_03952	1	persistent	4	0	2
BEJGEH_03833	contig_1	3904063	3904332	-	GEGEGB_03951	1	persistent	2	0	2
BEJGEH_03834	contig_1	3904342	3905202	-	LNHIMF_03832	1	persistent	2	0	0
BEJGEH_03835	contig_1	3905265	3906749	-	LNHIMF_03833	1	persistent	2	0	0
BEJGEH_03836	contig_1	3906742	3908100	-	GEGEGB_03947	1	persistent	2	0	0
BEJGEH_03837	contig_1	3908176	3908463	-	GEGEGB_03946	1	persistent	2	0	0
BEJGEH_03838	contig_1	3908460	3908933	-	BEJGEH_03838	1	persistent	2	0	0
BEJGEH_03839	contig_1	3908951	3909694	-	GEGEGB_03944	1	persistent	2	0	0
BEJGEH_03840	contig_1	3910047	3910499	-	GEGEGB_03943	1	persistent	3	0	0
BEJGEH_03841	contig_1	3910692	3912083	-	LNHIMF_03839	1	persistent	2	0	0
BEJGEH_03842	contig_1	3912226	3913554	-	LNHIMF_03840	1	persistent	2	0	0
BEJGEH_03843	contig_1	3913564	3915066	-	GEGEGB_03940	1	persistent	2	0	0
BEJGEH_03844	contig_1	3915066	3915656	-	LNHIMF_03842	1	persistent	2	0	0
BEJGEH_03845	contig_1	3915731	3916744	-	GEGEGB_03938	1	persistent	2	0	0
BEJGEH_03846	contig_1	3916756	3918072	-	GEGEGB_03937	1	persistent	2	0	0
BEJGEH_03847	contig_1	3918103	3919023	-	GEGEGB_03936	1	persistent	2	0	0
BEJGEH_03848	contig_1	3919337	3920122	+	GEGEGB_03935	1	persistent	2	0	0
BEJGEH_03849	contig_1	3920124	3920414	-	GEGEGB_03934	1	persistent	2	0	0
BEJGEH_03850	contig_1	3920418	3922106	-	LNHIMF_03848	1	persistent	2	0	0
BEJGEH_03851	contig_1	3922213	3922311	-	GEGEGB_03932	1	persistent	2	0	0
BEJGEH_03853	contig_1	3922945	3923034	+	GEGEGB_03930	1	persistent	2	0	0
BEJGEH_03854	contig_1	3923154	3923987	+	LNHIMF_03852	1	persistent	2	0	0
BEJGEH_03855	contig_1	3924190	3925374	+	GEGEGB_03927	1	persistent	2	0	0
BEJGEH_03856	contig_1	3925301	3926362	-	LNHIMF_03854	1	persistent	2	0	0
BEJGEH_03857	contig_1	3926450	3927373	-	LNHIMF_03855	1	persistent	2	0	0
BEJGEH_03858	contig_1	3927599	3928936	+	LNHIMF_03856	1	persistent	2	0	0
BEJGEH_03859	contig_1	3928954	3930276	+	LNHIMF_03857	1	persistent	2	0	0
BEJGEH_03860	contig_1	3930358	3930888	-	GEGEGB_03922	1	persistent	2	0	0
BEJGEH_03861	contig_1	3930885	3931247	-	LNHIMF_03859	1	persistent	3	0	0
BEJGEH_03862	contig_1	3931237	3931584	-	LNHIMF_03860	1	persistent	2	0	1
BEJGEH_03863	contig_1	3932028	3933689	-	GEGEGB_03919	1	persistent	3	0	1
BEJGEH_03864	contig_1	3933870	3934298	-	LNHIMF_03862	1	persistent	2	0	0
BEJGEH_03865	contig_1	3934408	3934821	-	GEGEGB_03917	1	persistent	2	0	0
BEJGEH_03866	contig_1	3935173	3935463	+	GEGEGB_03916	1	persistent	2	0	0
BEJGEH_03867	contig_1	3935465	3936691	-	LNHIMF_03865	1	persistent	2	0	0
BEJGEH_03868	contig_1	3936813	3937856	-	GEGEGB_00664	2	persistent	3	0	0
BEJGEH_03869	contig_1	3937853	3938410	-	GEGEGB_00663	2	persistent	2	0	1
BEJGEH_03870	contig_1	3938407	3940338	-	GEGEGB_00662	2	persistent	2	0	0
BEJGEH_03871	contig_1	3940335	3940814	-	HFCAGB_02510	2	persistent	2	0	0
BEJGEH_03872	contig_1	3940811	3940984	-	AJBGEP_02420	2	persistent	2	0	0
BEJGEH_03873	contig_1	3941020	3941766	-	GEGEGB_00659	2	persistent	2	0	0
BEJGEH_03874	contig_1	3941809	3942465	-	GEGEGB_00658	2	persistent	2	0	0
BEJGEH_03875	contig_1	3942465	3943091	-	GEGEGB_03907	2	persistent	3	0	0
BEJGEH_03876	contig_1	3943088	3944488	-	GEGEGB_03906	1	persistent	2	0	0
BEJGEH_03877	contig_1	3944678	3945310	-	GEGEGB_03905	1	persistent	2	0	0
BEJGEH_03878	contig_1	3945303	3947855	-	LNHIMF_03876	1	persistent	2	0	0
BEJGEH_03879	contig_1	3947845	3949029	-	LNHIMF_03877	1	persistent	2	0	0
BEJGEH_03880	contig_1	3949123	3949851	+	LNHIMF_03878	1	persistent	2	0	0
BEJGEH_03881	contig_1	3949824	3950864	-	GEGEGB_03900	1	persistent	2	0	0
BEJGEH_03882	contig_1	3950944	3953763	+	GEGEGB_03899	1	persistent	1	1	1
BEJGEH_03883	contig_1	3953782	3954909	-	BEJGEH_03883	1	cloud	1	0	1
BEJGEH_03884	contig_1	3954906	3956045	-	LNHIMF_03882	1	cloud	0	0	2
BEJGEH_03885	contig_1	3956042	3957064	-	GEGEGB_03896	1	cloud	1	0	1
BEJGEH_03886	contig_1	3957266	3958078	-	HFCAGB_04084	1	persistent	1	1	3
BEJGEH_03887	contig_1	3958518	3959210	+	ONMMKP_03004	1	cloud	2	0	0
BEJGEH_03888	contig_1	3959549	3961963	-	GEGEGB_03891	1	persistent	2	0	1
BEJGEH_03889	contig_1	3961992	3963065	-	GEGEGB_03890	1	persistent	2	0	0
BEJGEH_03890	contig_1	3963213	3964313	-	GEGEGB_03889	1	persistent	2	0	0
BEJGEH_03891	contig_1	3964318	3965718	-	GEGEGB_03887	1	persistent	2	0	0
BEJGEH_03893	contig_1	3966572	3966769	-	GEGEGB_03886	1	persistent	2	0	0
BEJGEH_03894	contig_1	3967119	3968765	+	LNHIMF_03895	1	persistent	2	0	0
BEJGEH_03895	contig_1	3968867	3970270	+	BEJGEH_03895	1	persistent	2	0	2
BEJGEH_03896	contig_1	3970453	3971640	+	LNHIMF_03897	1	persistent	2	0	4
BEJGEH_03897	contig_1	3971609	3972568	+	LNHIMF_03898	1	persistent	2	0	0
BEJGEH_03898	contig_1	3972726	3973481	+	GEGEGB_03881	1	persistent	2	0	0
BEJGEH_03899	contig_1	3973499	3974065	+	HFCAGB_04099	1	persistent	2	0	1
BEJGEH_03900	contig_1	3974072	3974497	-	ONMMKP_02934	1	cloud	2	0	0
BEJGEH_03901	contig_1	3974543	3975880	-	LNHIMF_03901	1	persistent	2	0	2
BEJGEH_03902	contig_1	3976086	3976895	+	BEJGEH_03902	1	cloud	2	0	0
BEJGEH_03903	contig_1	3976908	3977573	+	LNHIMF_03902	1	persistent	2	0	1
BEJGEH_03904	contig_1	3977668	3978393	-	GEGEGB_03877	1	persistent	2	0	0
BEJGEH_03905	contig_1	3978408	3979181	-	GEGEGB_03876	1	persistent	2	0	0
BEJGEH_03906	contig_1	3979268	3980158	-	LNHIMF_03905	1	persistent	2	0	0
BEJGEH_03907	contig_1	3980158	3981117	-	GEGEGB_03874	1	persistent	2	0	0
BEJGEH_03908	contig_1	3981253	3982293	-	LNHIMF_03907	1	persistent	2	0	1
BEJGEH_03909	contig_1	3982362	3982463	+	BEJGEH_03909	1	cloud	2	0	0
BEJGEH_03910	contig_1	3982460	3983833	-	LNHIMF_03908	1	persistent	2	0	1
BEJGEH_03911	contig_1	3983882	3984700	-	GEGEGB_03871	1	persistent	2	0	0
BEJGEH_03912	contig_1	3984762	3986552	+	GEGEGB_03870	1	persistent	2	0	1
BEJGEH_03913	contig_1	3986702	3988531	-	LNHIMF_03911	1	persistent	2	0	1
BEJGEH_03914	contig_1	3988720	3990090	-	GEGEGB_03863	1	persistent	2	0	0
BEJGEH_03916	contig_1	3990410	3991108	-	LNHIMF_03914	1	persistent	2	0	0
BEJGEH_03917	contig_1	3991338	3991757	-	GEGEGB_03860	1	persistent	2	0	0
BEJGEH_03918	contig_1	3991778	3993160	-	GEGEGB_03859	1	persistent	2	0	0
BEJGEH_03919	contig_1	3993187	3994050	-	LNHIMF_03917	1	persistent	2	0	2
BEJGEH_03920	contig_1	3994101	3995642	-	GEGEGB_03857	1	persistent	2	0	0
BEJGEH_03921	contig_1	3995655	3996188	-	GEGEGB_03856	1	persistent	2	0	1
BEJGEH_03922	contig_1	3996203	3996673	-	GEGEGB_03855	1	persistent	2	0	0
BEJGEH_03923	contig_1	3996733	3996972	-	GEGEGB_03854	1	persistent	2	0	0
BEJGEH_03924	contig_1	3997019	3997834	-	GEGEGB_03853	1	persistent	2	0	0
BEJGEH_03925	contig_1	3997843	3998223	-	LNHIMF_03923	1	persistent	2	0	1
BEJGEH_03926	contig_1	3998839	3999462	-	GEGEGB_03851	1	persistent	2	0	0
BEJGEH_03927	contig_1	3999565	4001454	-	LNHIMF_03925	1	persistent	2	0	0
BEJGEH_03928	contig_1	4001833	4002276	-	GEGEGB_03849	1	persistent	2	0	0
BEJGEH_03929	contig_1	4002366	4002824	-	GEGEGB_03848	1	persistent	2	0	0
BEJGEH_03930	contig_1	4002975	4003967	+	LNHIMF_03928	1	persistent	2	0	0
BEJGEH_03931	contig_1	4003972	4005423	-	LNHIMF_03929	1	persistent	2	0	0
BEJGEH_03932	contig_1	4005417	4006913	-	LNHIMF_03930	1	persistent	2	0	0
BEJGEH_03933	contig_1	4007261	4009129	+	LNHIMF_03931	1	persistent	2	0	0
BEJGEH_03934	contig_1	4009346	4009765	+	LNHIMF_03932	1	persistent	2	0	0
BEJGEH_03935	contig_1	4009773	4011278	+	HFCAGB_04133	1	persistent	2	0	0
BEJGEH_03936	contig_1	4011284	4012249	+	GEGEGB_03841	1	persistent	2	0	0
BEJGEH_03937	contig_1	4012274	4013164	+	GEGEGB_03840	1	persistent	2	0	0
BEJGEH_03938	contig_1	4013297	4014226	+	LNHIMF_03936	1	persistent	2	0	0
BEJGEH_03939	contig_1	4014239	4015228	+	GEGEGB_03838	1	persistent	2	0	0
BEJGEH_03940	contig_1	4015194	4016621	-	LNHIMF_03938	1	persistent	2	0	0
BEJGEH_03941	contig_1	4016633	4017337	-	GEGEGB_03835	1	persistent	3	0	0
BEJGEH_03949	contig_1	4023335	4024171	-	GEGEGB_03633	1	persistent	3	0	0
BEJGEH_03950	contig_1	4024290	4024628	+	GEGEGB_03632	1	persistent	2	1	0
BEJGEH_03951	contig_1	4024653	4026173	-	LNHIMF_03949	1	persistent	2	1	2
BEJGEH_03952	contig_1	4026763	4028409	+	GEGEGB_03584	1	persistent	2	0	0
BEJGEH_03953	contig_1	4028406	4028669	+	GEGEGB_03583	1	persistent	2	0	0
BEJGEH_03954	contig_1	4028687	4029616	+	GEGEGB_03582	1	persistent	2	0	0
BEJGEH_03955	contig_1	4029777	4031627	+	LNHIMF_03953	1	persistent	2	0	0
BEJGEH_03956	contig_1	4031630	4033174	+	LNHIMF_03954	1	persistent	2	1	1
BEJGEH_03957	contig_1	4033771	4034112	+	BEJGEH_03957	1	persistent	2	1	0
BEJGEH_03958	contig_1	4034115	4035002	-	GEGEGB_03577	1	persistent	2	0	1
BEJGEH_03959	contig_1	4035167	4036642	+	GEGEGB_03576	1	persistent	2	0	0
BEJGEH_03960	contig_1	4036734	4037015	-	GEGEGB_03575	1	persistent	2	0	1
BEJGEH_03961	contig_1	4037209	4037910	+	LNHIMF_03961	1	cloud	1	0	1
BEJGEH_03962	contig_1	4037939	4038682	+	GEGEGB_03572	1	cloud	0	0	2
BEJGEH_03963	contig_1	4038682	4039410	+	LNHIMF_03963	1	cloud	1	0	1
BEJGEH_03964	contig_1	4039510	4041534	+	GEGEGB_03570	1	persistent	2	0	1
BEJGEH_03965	contig_1	4041574	4043055	-	GEGEGB_03569	1	persistent	2	0	0
BEJGEH_03966	contig_1	4043174	4044439	-	GEGEGB_03568	1	persistent	2	0	0
BEJGEH_03967	contig_1	4044583	4044912	+	GEGEGB_03567	1	persistent	2	0	0
BEJGEH_03968	contig_1	4045331	4046590	+	GEGEGB_03566	1	persistent	2	0	0
BEJGEH_03969	contig_1	4047003	4047923	+	GEGEGB_03565	1	persistent	2	0	0
BEJGEH_03970	contig_1	4047935	4048981	+	LNHIMF_03970	1	persistent	2	0	0
BEJGEH_03971	contig_1	4049082	4050167	+	LNHIMF_03971	1	persistent	2	0	0
BEJGEH_03972	contig_1	4050164	4051426	+	GEGEGB_03562	1	persistent	2	0	0
BEJGEH_03973	contig_1	4051426	4052493	+	LNHIMF_03973	1	persistent	1	1	1
BEJGEH_03974	contig_1	4052526	4052750	+	BEJGEH_03974	1	shell	2	0	0
BEJGEH_03975	contig_1	4052728	4053405	+	LNHIMF_03975	1	persistent	1	1	1
BEJGEH_03976	contig_1	4053410	4054540	+	GEGEGB_03558	1	persistent	2	0	0
BEJGEH_03977	contig_1	4054542	4055792	+	GEGEGB_03557	1	persistent	2	0	0
BEJGEH_03978	contig_1	4055789	4056868	+	LNHIMF_03978	1	persistent	2	0	0
BEJGEH_03979	contig_1	4056865	4058223	+	LNHIMF_03979	1	persistent	2	0	0
BEJGEH_03980	contig_1	4058220	4058960	+	LNHIMF_03980	1	persistent	2	0	0
BEJGEH_03981	contig_1	4059166	4060551	+	HFCAGB_04177	1	persistent	2	0	0
BEJGEH_03988	contig_1	4061668	4062867	-	LNHIMF_03988	1	persistent	2	0	0
BEJGEH_03989	contig_1	4062867	4064036	-	GEGEGB_03545	1	persistent	2	0	0
BEJGEH_03990	contig_1	4064058	4064798	-	LNHIMF_03990	1	persistent	2	0	0
BEJGEH_03991	contig_1	4064795	4065757	-	GEGEGB_03543	1	persistent	2	0	0
BEJGEH_03992	contig_1	4066113	4068659	+	GEGEGB_03542	1	persistent	2	1	0
BEJGEH_03993	contig_1	4068767	4069123	+	AJBGEP_04145	1	shell	1	1	0
BEJGEH_03994	contig_1	4069336	4069851	+	BEJGEH_03994	1	shell	0	2	0
BEJGEH_03995	contig_1	4069863	4070225	+	BEJGEH_03995	1	shell	1	1	0
BEJGEH_03996	contig_1	4070296	4070616	-	GEGEGB_03538	1	persistent	2	1	0
BEJGEH_03997	contig_1	4070686	4071075	-	LNHIMF_03994	1	persistent	1	2	1
BEJGEH_03998	contig_1	4071063	4071296	-	BENMGJ_00575	1	shell	1	1	0
BEJGEH_03999	contig_1	4071362	4071586	-	HFCAGB_04192	1	shell	2	1	0
BEJGEH_04000	contig_1	4071772	4071975	+	GEGEGB_03535	1	persistent	1	1	1
BEJGEH_04001	contig_1	4072012	4072836	+	GEGEGB_03534	1	persistent	2	0	0
BEJGEH_04002	contig_1	4072833	4073540	+	GEGEGB_03533	1	persistent	2	0	0
BEJGEH_04003	contig_1	4073537	4074439	+	GEGEGB_03532	1	persistent	2	0	0
BEJGEH_04004	contig_1	4074439	4075155	+	GEGEGB_03531	1	persistent	2	0	0
BEJGEH_04005	contig_1	4075290	4077452	+	LNHIMF_04001	1	persistent	2	0	0
BEJGEH_04006	contig_1	4077924	4078874	+	GEGEGB_03529	1	persistent	2	2	0
BEJGEH_04007	contig_1	4078923	4079303	-	GEGEGB_03528	1	shell	1	1	0
BEJGEH_04008	contig_1	4079319	4079777	-	GEGEGB_03527	1	shell	1	1	0
BEJGEH_04009	contig_1	4079812	4080696	-	HFCAGB_04202	1	persistent	2	2	0
BEJGEH_04010	contig_1	4080740	4081207	-	GEGEGB_03525	1	persistent	2	0	0
BEJGEH_04011	contig_1	4081372	4082241	+	GEGEGB_03524	1	persistent	2	0	0
BEJGEH_04012	contig_1	4082307	4084154	+	GEGEGB_03523	1	persistent	2	0	0
BEJGEH_04013	contig_1	4084218	4084838	+	GEGEGB_03522	1	persistent	2	0	0
BEJGEH_04014	contig_1	4084878	4085498	-	GEGEGB_03521	1	persistent	2	0	0
BEJGEH_04015	contig_1	4085609	4086625	+	LNHIMF_04009	1	persistent	2	0	0
BEJGEH_04016	contig_1	4086641	4087441	+	LNHIMF_04010	1	persistent	2	0	0
BEJGEH_04017	contig_1	4087522	4088421	+	GEGEGB_03518	1	persistent	2	0	0
BEJGEH_04018	contig_1	4088309	4089262	-	GEGEGB_03517	1	persistent	2	0	0
BEJGEH_04019	contig_1	4089498	4091762	+	LNHIMF_04013	1	persistent	2	0	0
BEJGEH_04020	contig_1	4092154	4093449	+	LNHIMF_04014	1	persistent	2	0	0
BEJGEH_04021	contig_1	4093529	4094341	-	GEGEGB_03514	1	persistent	2	0	0
BEJGEH_04022	contig_1	4094600	4095361	+	GEGEGB_03513	1	persistent	2	0	0
BEJGEH_04023	contig_1	4095501	4096931	+	GEGEGB_03512	1	persistent	2	0	0
BEJGEH_04024	contig_1	4097027	4097782	+	GEGEGB_03511	1	persistent	2	0	0
BEJGEH_04025	contig_1	4097792	4098397	+	GEGEGB_03510	1	persistent	2	0	0
BEJGEH_04027	contig_1	4098394	4100034	+	GEGEGB_03508	1	persistent	2	0	0
BEJGEH_04028	contig_1	4100240	4100494	+	GEGEGB_03507	1	persistent	2	0	0
BEJGEH_04029	contig_1	4100498	4101046	+	GEGEGB_03506	1	persistent	2	0	0
BEJGEH_04030	contig_1	4101049	4101828	+	GEGEGB_03505	1	persistent	2	0	0
BEJGEH_04031	contig_1	4101858	4102652	+	GEGEGB_03504	1	persistent	2	0	0
BEJGEH_04032	contig_1	4102660	4103148	-	LNHIMF_04026	1	persistent	2	0	0
BEJGEH_04033	contig_1	4103334	4104812	+	GEGEGB_03502	1	persistent	2	0	0
BEJGEH_04034	contig_1	4104898	4105599	+	LNHIMF_04028	1	persistent	2	0	0
BEJGEH_04035	contig_1	4105853	4107676	+	GEGEGB_03500	1	persistent	2	0	0
BEJGEH_04036	contig_1	4107873	4109036	-	GEGEGB_03499	1	persistent	2	0	0
BEJGEH_04037	contig_1	4109046	4111235	-	GEGEGB_03498	1	persistent	2	0	0
BEJGEH_04038	contig_1	4111425	4112756	+	GEGEGB_03497	1	persistent	2	0	0
BEJGEH_04039	contig_1	4112756	4113370	+	BEJGEH_04039	1	persistent	2	0	0
BEJGEH_04040	contig_1	4113409	4114860	+	GEGEGB_03495	1	persistent	2	0	0
BEJGEH_04041	contig_1	4114872	4115417	+	GEGEGB_03494	1	persistent	3	0	0
BEJGEH_04048	contig_1	4121244	4121774	-	GEGEGB_03829	1	persistent	3	0	0
BEJGEH_04049	contig_1	4121756	4122340	-	LNHIMF_04043	1	persistent	2	0	0
BEJGEH_04050	contig_1	4122410	4122679	+	GEGEGB_03827	1	persistent	2	0	0
BEJGEH_04051	contig_1	4122756	4123742	+	GEGEGB_03826	1	persistent	2	0	0
BEJGEH_04052	contig_1	4123759	4124382	+	LNHIMF_04046	1	persistent	2	0	0
BEJGEH_04053	contig_1	4124395	4125303	-	GEGEGB_03824	1	persistent	2	0	0
BEJGEH_04054	contig_1	4125691	4128477	+	LNHIMF_04048	1	persistent	2	0	0
BEJGEH_04056	contig_1	4128644	4128691	+	GEGEGB_03822	1	persistent	2	0	0
BEJGEH_04057	contig_1	4128812	4129444	-	GEGEGB_03820	1	persistent	2	0	0
BEJGEH_04058	contig_1	4129711	4129908	+	GEGEGB_03819	1	persistent	2	0	0
BEJGEH_04060	contig_1	4130027	4130542	+	GEGEGB_03817	1	persistent	2	0	0
BEJGEH_04061	contig_1	4130731	4132104	+	GEGEGB_03816	1	persistent	2	0	0
BEJGEH_04062	contig_1	4132194	4132304	-	GEGEGB_03815	1	persistent	2	0	0
BEJGEH_04063	contig_1	4132417	4133826	-	GEGEGB_03814	1	persistent	2	0	0
BEJGEH_04064	contig_1	4133835	4134884	-	GEGEGB_03813	1	persistent	2	0	0
BEJGEH_04065	contig_1	4135159	4136568	-	GEGEGB_03812	1	persistent	2	0	0
BEJGEH_04067	contig_1	4136944	4138767	+	LNHIMF_04061	1	persistent	2	0	1
BEJGEH_04068	contig_1	4138822	4139556	-	GEGEGB_03809	1	persistent	2	0	0
BEJGEH_04069	contig_1	4139541	4140419	-	LNHIMF_04063	1	persistent	2	0	0
BEJGEH_04070	contig_1	4140416	4141657	-	BEJGEH_04070	1	persistent	2	0	0
BEJGEH_04071	contig_1	4141659	4142534	-	LNHIMF_04065	1	persistent	2	0	0
BEJGEH_04072	contig_1	4142527	4143513	-	AJBGEP_04224	1	persistent	2	0	0
BEJGEH_04073	contig_1	4143565	4144413	-	BEJGEH_04073	1	persistent	2	0	0
BEJGEH_04074	contig_1	4144570	4145262	-	LNHIMF_04068	1	persistent	2	0	1
BEJGEH_04075	contig_1	4145330	4146748	-	BEJGEH_04075	1	persistent	2	0	0
BEJGEH_04076	contig_1	4146794	4148176	-	GEGEGB_03799	1	persistent	2	0	0
BEJGEH_04077	contig_1	4148222	4150258	-	LNHIMF_04071	1	persistent	1	2	0
BEJGEH_04078	contig_1	4150382	4151257	-	BEJGEH_04078	1	shell	1	1	0
BEJGEH_04079	contig_1	4151346	4152233	-	BEJGEH_04079	1	shell	1	1	0
BEJGEH_04080	contig_1	4152320	4153561	-	BEJGEH_04080	1	persistent	1	2	0
BEJGEH_04081	contig_1	4153577	4154455	-	GEGEGB_03795	1	persistent	2	0	0
BEJGEH_04082	contig_1	4154478	4155374	-	GEGEGB_03794	1	persistent	2	0	0
BEJGEH_04083	contig_1	4155539	4156435	+	GEGEGB_03793	1	persistent	2	0	0
BEJGEH_04084	contig_1	4156469	4157272	+	GEGEGB_03792	1	persistent	2	0	0
BEJGEH_04085	contig_1	4157463	4158062	+	GEGEGB_03791	1	persistent	2	0	0
BEJGEH_04086	contig_1	4158149	4158928	+	GEGEGB_03790	1	persistent	2	0	0
BEJGEH_04087	contig_1	4158925	4159362	+	LNHIMF_04080	1	persistent	2	0	0
BEJGEH_04088	contig_1	4159407	4160348	+	GEGEGB_03788	1	persistent	2	0	0
BEJGEH_04089	contig_1	4160363	4160809	-	GEGEGB_03787	1	persistent	2	0	0
BEJGEH_04090	contig_1	4160806	4161117	-	LNHIMF_04083	1	persistent	2	0	0
BEJGEH_04091	contig_1	4161203	4162132	-	LNHIMF_04084	1	persistent	2	0	1
BEJGEH_04092	contig_1	4162350	4162661	+	LNHIMF_04085	1	persistent	2	0	0
BEJGEH_04093	contig_1	4162662	4162952	+	LNHIMF_04086	1	persistent	2	0	0
BEJGEH_04094	contig_1	4162999	4163928	-	LNHIMF_04087	1	persistent	2	0	1
BEJGEH_04095	contig_1	4163925	4164560	-	GEGEGB_03781	1	persistent	2	0	0
BEJGEH_04096	contig_1	4164557	4165459	-	LNHIMF_04089	1	persistent	2	0	0
BEJGEH_04097	contig_1	4165472	4168522	-	GEGEGB_03779	1	persistent	2	0	0
BEJGEH_04098	contig_1	4168717	4169553	+	GEGEGB_03778	1	persistent	3	0	0
BEJGEH_04099	contig_1	4169818	4170849	-	BEJGEH_04099	1	persistent	2	0	1
BEJGEH_04100	contig_1	4171046	4171312	+	PAPNPA_01289	1	cloud	1	0	1
BEJGEH_04101	contig_1	4171970	4173805	+	PAPNPA_01290	1	cloud	0	0	2
BEJGEH_04102	contig_1	4173808	4176117	+	PAPNPA_01291	1	cloud	1	0	1
BEJGEH_04103	contig_1	4176702	4177802	+	LNHIMF_04092	1	persistent	3	0	1
BEJGEH_04105	contig_1	4178157	4178480	-	LNHIMF_04094	1	persistent	2	0	0
BEJGEH_04106	contig_1	4178480	4179139	-	GEGEGB_03773	1	persistent	2	0	0
BEJGEH_04107	contig_1	4179240	4179788	+	LNHIMF_04096	1	persistent	2	0	0
BEJGEH_04108	contig_1	4179877	4180191	-	GEGEGB_03771	1	persistent	2	0	0
BEJGEH_04109	contig_1	4180188	4181336	-	ALJMDI_00957	1	persistent	2	0	0
BEJGEH_04110	contig_1	4181463	4182290	-	LNHIMF_04099	1	persistent	2	0	0
BEJGEH_04111	contig_1	4182433	4183692	-	GEGEGB_03768	1	persistent	2	0	0
BEJGEH_04112	contig_1	4183689	4185158	-	LNHIMF_04101	1	persistent	2	0	0
BEJGEH_04113	contig_1	4185446	4186282	+	GEGEGB_03766	1	persistent	2	0	0
BEJGEH_04114	contig_1	4186435	4187283	+	GEGEGB_03765	1	persistent	2	0	0
BEJGEH_04115	contig_1	4187280	4188314	-	LNHIMF_04104	1	persistent	2	0	1
BEJGEH_04116	contig_1	4188945	4189616	+	GEGEGB_03763	1	persistent	2	0	1
BEJGEH_04117	contig_1	4189774	4191081	-	LNHIMF_04107	1	persistent	2	0	0
BEJGEH_04118	contig_1	4191074	4191589	-	GEGEGB_03761	1	persistent	2	0	0
BEJGEH_04119	contig_1	4191608	4192591	-	LNHIMF_04109	1	persistent	2	0	0
BEJGEH_04120	contig_1	4192920	4193540	+	GEGEGB_03758	1	persistent	2	0	0
BEJGEH_04121	contig_1	4193610	4194299	+	GEGEGB_03757	1	persistent	2	0	0
BEJGEH_04122	contig_1	4194311	4194706	+	LNHIMF_04112	1	persistent	2	0	1
BEJGEH_04123	contig_1	4194757	4196130	-	GEGEGB_03755	1	persistent	2	0	1
BEJGEH_04124	contig_1	4196127	4196825	-	LNHIMF_04114	1	persistent	2	0	0
BEJGEH_04125	contig_1	4196976	4197476	+	LNHIMF_04115	1	persistent	2	0	1
BEJGEH_04126	contig_1	4197624	4198526	+	GEGEGB_03752	1	persistent	2	0	1
BEJGEH_04127	contig_1	4198711	4199673	+	GEGEGB_03751	1	persistent	2	0	0
BEJGEH_04128	contig_1	4199877	4200866	+	LNHIMF_04118	1	persistent	2	0	0
BEJGEH_04129	contig_1	4200967	4201722	+	GEGEGB_03749	1	persistent	2	0	0
BEJGEH_04130	contig_1	4201985	4203319	+	LNHIMF_04120	1	persistent	2	0	0
BEJGEH_04131	contig_1	4203330	4204289	+	AJBGEP_04279	1	persistent	2	0	0
BEJGEH_04132	contig_1	4204299	4205339	+	GEGEGB_03745	1	persistent	2	0	0
BEJGEH_04133	contig_1	4205402	4206124	+	LNHIMF_04123	1	persistent	2	0	0
BEJGEH_04134	contig_1	4206222	4206392	+	LNHIMF_04124	1	persistent	2	0	0
BEJGEH_04135	contig_1	4206629	4206979	-	LNHIMF_04125	1	persistent	2	0	0
BEJGEH_04136	contig_1	4206993	4208585	-	GEGEGB_03741	1	persistent	2	0	0
BEJGEH_04137	contig_1	4208673	4209632	-	GEGEGB_03740	1	persistent	2	0	0
BEJGEH_04138	contig_1	4209888	4211423	+	LNHIMF_04128	1	persistent	2	0	0
BEJGEH_04139	contig_1	4211417	4212460	+	LNHIMF_04129	1	persistent	2	0	0
BEJGEH_04140	contig_1	4212460	4213458	+	GEGEGB_03737	1	persistent	2	0	0
BEJGEH_04141	contig_1	4213487	4214509	+	GEGEGB_03736	1	persistent	2	0	0
BEJGEH_04142	contig_1	4214538	4215413	+	GEGEGB_03735	1	persistent	2	0	0
BEJGEH_04143	contig_1	4215457	4215786	+	GEGEGB_03734	1	persistent	2	0	0
BEJGEH_04144	contig_1	4215796	4216560	+	LNHIMF_04134	1	persistent	2	0	0
BEJGEH_04145	contig_1	4216652	4217419	-	GEGEGB_03732	1	persistent	2	0	0
BEJGEH_04146	contig_1	4217532	4218128	-	GEGEGB_03731	1	persistent	2	0	0
BEJGEH_04147	contig_1	4218229	4218657	+	GEGEGB_03730	1	persistent	2	0	0
BEJGEH_04148	contig_1	4218767	4219513	-	GEGEGB_03729	1	persistent	2	0	0
BEJGEH_04149	contig_1	4219610	4220620	-	GEGEGB_03728	1	persistent	2	0	0
BEJGEH_04150	contig_1	4220732	4222240	-	LNHIMF_04140	1	persistent	2	0	0
BEJGEH_04151	contig_1	4222261	4223106	-	LNHIMF_04141	1	persistent	2	0	0
BEJGEH_04152	contig_1	4223505	4223744	+	LNHIMF_04142	1	persistent	2	0	0
BEJGEH_04153	contig_1	4223966	4224451	-	GEGEGB_03724	1	persistent	2	0	0
BEJGEH_04154	contig_1	4224544	4225473	-	LNHIMF_04144	1	persistent	2	0	0
BEJGEH_04155	contig_1	4225540	4226871	-	LNHIMF_04145	1	persistent	2	0	0
BEJGEH_04156	contig_1	4226881	4227411	-	GEGEGB_03721	1	persistent	2	0	0
BEJGEH_04157	contig_1	4227503	4228384	-	IKCLMC_00739	1	persistent	2	0	0
BEJGEH_04158	contig_1	4228571	4229596	-	GEGEGB_03719	1	persistent	2	0	0
BEJGEH_04159	contig_1	4229751	4231949	-	LNHIMF_04149	1	persistent	2	0	0
BEJGEH_04160	contig_1	4232153	4232365	+	GEGEGB_03717	1	persistent	2	1	0
BEJGEH_04161	contig_1	4232410	4233072	-	GEGEGB_03716	1	persistent	2	1	0
BEJGEH_04163	contig_1	4233273	4235063	-	LNHIMF_04153	1	persistent	2	0	0
BEJGEH_04164	contig_1	4235520	4235837	-	GEGEGB_03712	1	persistent	2	0	0
BEJGEH_04165	contig_1	4236102	4237262	+	LNHIMF_04155	1	persistent	2	0	0
BEJGEH_04166	contig_1	4237265	4239697	+	IKCLMC_00748	1	persistent	2	0	1
BEJGEH_04167	contig_1	4239813	4240670	-	HFCAGB_04356	1	persistent	2	0	0
BEJGEH_04168	contig_1	4240673	4241671	-	BEJGEH_04168	1	persistent	2	0	0
BEJGEH_04169	contig_1	4241906	4243030	-	LNHIMF_04158	1	persistent	2	0	1
BEJGEH_04170	contig_1	4243166	4244722	+	GEGEGB_03707	1	persistent	2	0	1
BEJGEH_04171	contig_1	4244917	4245807	+	GEGEGB_03703	1	persistent	2	0	1
BEJGEH_04172	contig_1	4245972	4248152	+	GEGEGB_03702	1	persistent	3	0	0
BEJGEH_04173	contig_1	4248210	4248833	-	BEJGEH_04173	1	persistent	2	0	0
BEJGEH_04174	contig_1	4249092	4250195	-	LNHIMF_04162	1	persistent	3	0	0
BEJGEH_04175	contig_1	4250207	4250869	-	BEJGEH_04175	1	persistent	1	1	1
BEJGEH_04176	contig_1	4250896	4251018	+	GEGEGB_03699	1	cloud	2	0	0
BEJGEH_04177	contig_1	4251124	4251960	-	HFCAGB_04375	1	persistent	1	1	1
BEJGEH_04178	contig_1	4252121	4253854	-	GEGEGB_03697	1	persistent	2	0	0
BEJGEH_04179	contig_1	4254065	4256803	-	LNHIMF_04167	1	persistent	2	0	0
BEJGEH_04180	contig_1	4257108	4258259	-	GEGEGB_03695	1	persistent	2	0	0
BEJGEH_04181	contig_1	4258348	4259352	+	GEGEGB_03694	1	persistent	2	0	0
BEJGEH_04182	contig_1	4259360	4260136	+	GEGEGB_03693	1	persistent	2	0	0
BEJGEH_04183	contig_1	4260254	4261630	+	LNHIMF_04171	1	persistent	2	0	0
BEJGEH_04185	contig_1	4261914	4262831	+	GEGEGB_03690	1	persistent	2	0	0
BEJGEH_04186	contig_1	4262814	4264214	-	GEGEGB_03689	1	persistent	2	0	0
BEJGEH_04187	contig_1	4264413	4265048	+	GEGEGB_03688	1	persistent	2	0	0
BEJGEH_04188	contig_1	4265064	4265423	+	GEGEGB_03687	1	persistent	2	0	0
BEJGEH_04189	contig_1	4265470	4266570	-	LNHIMF_04177	1	persistent	2	0	0
BEJGEH_04190	contig_1	4266944	4268788	+	LNHIMF_04178	1	persistent	2	0	0
BEJGEH_04191	contig_1	4268733	4269584	+	GEGEGB_03684	1	persistent	2	0	0
BEJGEH_04198	contig_1	4275315	4276343	+	LNHIMF_04186	1	persistent	2	0	0
BEJGEH_04199	contig_1	4276340	4277302	+	GEGEGB_03676	1	persistent	2	0	0
BEJGEH_04200	contig_1	4277337	4278263	-	GEGEGB_03675	1	persistent	1	1	0
BEJGEH_04205	contig_1	4279246	4280430	+	GEGEGB_03670	2	shell	2	2	0
BEJGEH_04206	contig_1	4280660	4281043	+	GEGEGB_03669	1	shell	1	1	0
BEJGEH_04207	contig_1	4281045	4281590	+	GEGEGB_03668	1	persistent	1	1	0
BEJGEH_04208	contig_1	4281748	4282176	+	GEGEGB_03667	1	persistent	2	0	0
BEJGEH_04209	contig_1	4282180	4282884	+	GEGEGB_03666	1	persistent	2	0	0
BEJGEH_04210	contig_1	4283304	4283801	+	GEGEGB_03665	1	persistent	2	0	0
BEJGEH_04211	contig_1	4283868	4284233	+	GEGEGB_03664	1	persistent	2	0	0
BEJGEH_04213	contig_1	4284551	4288579	+	GEGEGB_03662	1	persistent	2	0	0
BEJGEH_04214	contig_1	4288656	4292879	+	GEGEGB_03661	1	persistent	2	1	1
BEJGEH_04215	contig_1	4293236	4293580	-	ODDLKH_00015	1	shell	2	2	0
BEJGEH_04217	contig_1	4293979	4294989	+	BEJGEH_04217	1	shell	1	2	1
BEJGEH_04218	contig_1	4295211	4296344	-	LNHIMF_04205	1	persistent	1	2	2
BEJGEH_04219	contig_1	4296341	4297111	-	LNHIMF_04206	1	persistent	3	0	0
BEJGEH_04220	contig_1	4297113	4297313	-	ODDLKH_00019	1	persistent	2	0	0
BEJGEH_04221	contig_1	4297294	4298052	-	LNHIMF_04208	1	persistent	3	0	0
BEJGEH_04222	contig_1	4298045	4298680	-	LNHIMF_04209	1	persistent	2	0	0
BEJGEH_04223	contig_1	4298680	4300575	-	LNHIMF_04210	1	persistent	2	0	0
BEJGEH_04224	contig_1	4300939	4301427	-	LNHIMF_04211	1	persistent	2	0	0
BEJGEH_04225	contig_1	4301520	4302293	+	LNHIMF_04212	1	persistent	2	0	0
BEJGEH_04226	contig_1	4302334	4303398	+	GEGEGB_03650	1	persistent	2	0	0
BEJGEH_04227	contig_1	4303408	4304079	+	GEGEGB_03649	1	persistent	2	0	0
BEJGEH_04228	contig_1	4304121	4304711	+	GEGEGB_03648	1	persistent	2	0	0
BEJGEH_04229	contig_1	4304898	4305170	+	GEGEGB_03647	1	persistent	2	0	0
BEJGEH_04230	contig_1	4305182	4305874	+	GEGEGB_03646	1	persistent	2	0	0
BEJGEH_04231	contig_1	4305916	4306371	-	GEGEGB_03645	1	persistent	2	0	0
BEJGEH_04232	contig_1	4306436	4308022	+	BEJGEH_04232	1	persistent	2	0	0
BEJGEH_04233	contig_1	4308028	4309353	+	LNHIMF_04220	1	persistent	2	0	0
BEJGEH_04234	contig_1	4309350	4310639	-	GEGEGB_03642	1	persistent	2	0	0
BEJGEH_04235	contig_1	4310655	4312244	-	BEJGEH_04235	1	persistent	3	0	0
BEJGEH_04241	contig_1	4318230	4318667	-	LNHIMF_04228	1	persistent	3	0	0
BEJGEH_04242	contig_1	4318824	4319753	+	LNHIMF_04229	1	persistent	2	0	0
BEJGEH_04243	contig_1	4320022	4321623	+	LNHIMF_04230	1	persistent	2	0	0
BEJGEH_04244	contig_1	4321655	4322959	+	LNHIMF_04231	1	persistent	2	0	0
BEJGEH_04245	contig_1	4323061	4324812	+	LNHIMF_04232	1	persistent	3	0	1
BEJGEH_04246	contig_1	4324776	4325210	-	LNHIMF_04233	1	persistent	2	0	0
BEJGEH_04247	contig_1	4325194	4326018	-	LNHIMF_04234	1	persistent	3	0	1
BEJGEH_04248	contig_1	4326323	4330006	+	LNHIMF_04235	1	persistent	2	0	1
BEJGEH_04249	contig_1	4330182	4330472	+	BEJGEH_04249	1	cloud	1	0	1
BEJGEH_04250	contig_1	4330539	4330943	+	BEJGEH_04250	1	cloud	0	0	2
BEJGEH_04251	contig_1	4331006	4331353	+	BEJGEH_04251	1	cloud	0	0	2
BEJGEH_04252	contig_1	4331353	4331727	+	BEJGEH_04252	1	cloud	1	0	1
BEJGEH_04253	contig_1	4331918	4333549	+	LNHIMF_04236	1	persistent	2	0	1
BEJGEH_04254	contig_1	4333625	4334314	-	LNHIMF_04237	1	persistent	2	0	0
BEJGEH_04255	contig_1	4334522	4335061	+	GEGEGB_04354	1	persistent	2	0	0
BEJGEH_04256	contig_1	4335108	4335977	+	GEGEGB_04355	1	persistent	2	0	0
BEJGEH_04257	contig_1	4335974	4336246	-	GEGEGB_04356	1	persistent	1	2	0
BEJGEH_04258	contig_1	4336344	4337285	-	BEJGEH_04258	1	shell	1	1	0
BEJGEH_04259	contig_1	4337547	4338275	-	BEJGEH_04259	1	shell	0	4	2
BEJGEH_04260	contig_1	4339013	4339468	-	AJBGEP_04409	1	shell	0	1	6
BEJGEH_04261	contig_1	4339465	4340070	-	OEKLIE_03352	1	cloud	0	1	1
BEJGEH_04262	contig_1	4340075	4341820	-	OEKLIE_03353	1	cloud	0	1	1
BEJGEH_04263	contig_1	4341823	4342455	-	AJBGEP_04412	1	shell	0	1	5
BEJGEH_04264	contig_1	4342448	4343563	-	AJBGEP_04413	1	shell	0	2	0
BEJGEH_04265	contig_1	4343554	4343913	-	BEJGEH_04265	1	shell	0	2	1
BEJGEH_04266	contig_1	4344077	4345624	-	AJBGEP_04415	1	shell	1	1	1
BEJGEH_04267	contig_1	4345624	4346553	-	BEJGEH_04267	2	persistent	1	3	6
BEJGEH_04268	contig_1	4347240	4347962	-	BEJGEH_04268	1	shell	1	1	0
BEJGEH_04269	contig_1	4347972	4349015	-	BEJGEH_04269	1	shell	0	2	0
BEJGEH_04270	contig_1	4349003	4349212	-	BEJGEH_04270	1	shell	0	2	0
BEJGEH_04271	contig_1	4349212	4350165	-	AJBGEP_04420	1	shell	0	2	0
BEJGEH_04272	contig_1	4350165	4352519	-	IKCLMC_01017	1	shell	0	2	0
BEJGEH_04273	contig_1	4352704	4353021	-	BEJGEH_04273	1	shell	0	2	0
BEJGEH_04274	contig_1	4353073	4353597	-	BEJGEH_04274	1	shell	0	2	0
BEJGEH_04275	contig_1	4353597	4355024	-	AJBGEP_04424	1	shell	0	2	0
BEJGEH_04276	contig_1	4355014	4355211	-	BEJGEH_04276	1	shell	0	2	0
BEJGEH_04277	contig_1	4355208	4355663	-	AJBGEP_04426	1	shell	0	2	0
BEJGEH_04278	contig_1	4355822	4356136	-	BEJGEH_04278	1	shell	0	2	0
BEJGEH_04279	contig_1	4356149	4356721	-	BEJGEH_04279	1	shell	0	2	0
BEJGEH_04280	contig_1	4356757	4357044	-	BEJGEH_04280	1	shell	0	2	0
BEJGEH_04281	contig_1	4357621	4357968	+	BEJGEH_04281	1	shell	1	2	0
BEJGEH_04282	contig_1	4358099	4359448	-	GEGEGB_04361	1	persistent	1	2	0
BEJGEH_04283	contig_1	4359793	4361442	+	GEGEGB_04362	1	persistent	2	0	0
BEJGEH_04285	contig_1	4361883	4362128	+	GEGEGB_04364	1	persistent	2	0	0
BEJGEH_04286	contig_1	4362192	4362830	+	GEGEGB_04365	1	persistent	2	0	0
BEJGEH_04287	contig_1	4362827	4363564	+	GEGEGB_04366	1	persistent	2	0	0
BEJGEH_04288	contig_1	4363564	4365660	+	BEJGEH_04288	1	persistent	2	0	0
BEJGEH_04289	contig_1	4365803	4366213	+	GEGEGB_04368	1	persistent	2	0	1
BEJGEH_04290	contig_1	4366379	4367269	-	GEGEGB_04369	1	persistent	2	0	1
BEJGEH_04291	contig_1	4367284	4368828	-	GEGEGB_04370	1	persistent	2	0	0
BEJGEH_04292	contig_1	4368960	4370150	-	GEGEGB_04371	1	persistent	2	0	0
BEJGEH_04293	contig_1	4370512	4371621	+	GEGEGB_04372	1	persistent	2	0	0
BEJGEH_04294	contig_1	4371710	4373068	+	PAPNPA_02752	1	persistent	2	0	0
BEJGEH_04295	contig_1	4373232	4374149	+	GEGEGB_04374	1	persistent	2	0	0
BEJGEH_04296	contig_1	4374330	4374827	+	LNHIMF_04260	1	persistent	2	0	0
BEJGEH_04297	contig_1	4374841	4375713	+	GEGEGB_04376	1	persistent	2	0	0
BEJGEH_04298	contig_1	4375812	4378232	-	LNHIMF_04262	1	persistent	2	0	0
BEJGEH_04299	contig_1	4378403	4378771	+	GEGEGB_04378	1	persistent	2	0	0
BEJGEH_04300	contig_1	4378880	4379488	+	GEGEGB_04379	1	persistent	2	0	0
BEJGEH_04301	contig_1	4379667	4380992	+	LNHIMF_04265	1	persistent	3	0	0
BEJGEH_04302	contig_1	4380974	4381102	+	GEGEGB_04381	1	persistent	2	0	0
BEJGEH_04303	contig_1	4381121	4381333	+	GEGEGB_04382	1	persistent	3	0	0
BEJGEH_04304	contig_1	4381432	4381947	-	GEGEGB_04383	1	persistent	2	0	0
BEJGEH_04305	contig_1	4382194	4383504	+	LNHIMF_04269	1	persistent	2	0	1
BEJGEH_04306	contig_1	4383592	4384590	+	GEGEGB_04385	1	persistent	2	0	1
BEJGEH_04307	contig_1	4384758	4385000	+	GEGEGB_04386	1	persistent	2	0	0
BEJGEH_04308	contig_1	4385175	4386158	-	LNHIMF_04331	1	persistent	2	0	0
BEJGEH_04309	contig_1	4386223	4387638	+	GEGEGB_04388	1	persistent	2	0	0
BEJGEH_04310	contig_1	4387670	4388749	+	GEGEGB_04389	1	persistent	2	0	0
BEJGEH_04311	contig_1	4388935	4390128	+	LNHIMF_04334	1	persistent	2	0	0
BEJGEH_04312	contig_1	4390315	4391028	+	GEGEGB_04391	1	persistent	2	0	0
BEJGEH_04313	contig_1	4391157	4391573	+	GEGEGB_04392	1	persistent	2	0	0
BEJGEH_04314	contig_1	4391576	4391932	+	LNHIMF_04337	1	persistent	2	0	0
BEJGEH_04315	contig_1	4391933	4392271	-	LNHIMF_04338	1	persistent	2	0	0
BEJGEH_04316	contig_1	4392258	4392701	-	LNHIMF_04339	1	persistent	2	0	0
BEJGEH_04317	contig_1	4392845	4395670	-	GEGEGB_04396	1	persistent	2	0	0
BEJGEH_04318	contig_1	4395918	4396448	+	GEGEGB_04397	1	persistent	2	0	0
BEJGEH_04319	contig_1	4397487	4398119	+	GEGEGB_04398	1	persistent	2	0	0
BEJGEH_04320	contig_1	4398116	4399504	+	LNHIMF_04343	1	persistent	2	0	0
BEJGEH_04321	contig_1	4399494	4400813	+	LNHIMF_04344	1	persistent	2	0	0
BEJGEH_04322	contig_1	4400810	4402087	+	BEJGEH_04322	1	persistent	2	0	0
BEJGEH_04323	contig_1	4402104	4418789	+	PAPNPA_02781	1	persistent	2	0	0
BEJGEH_04324	contig_1	4418829	4420895	+	LNHIMF_04348	1	persistent	2	0	0
BEJGEH_04325	contig_1	4421174	4421455	-	GEGEGB_04405	1	persistent	2	0	0
BEJGEH_04326	contig_1	4422018	4423619	+	BEJGEH_04326	1	persistent	2	0	0
BEJGEH_04327	contig_1	4423607	4423930	-	GEGEGB_04407	1	persistent	2	0	0
BEJGEH_04328	contig_1	4424017	4424475	+	GEGEGB_04408	1	persistent	2	0	0
BEJGEH_04330	contig_1	4424768	4425436	+	LNHIMF_04354	1	persistent	2	0	0
BEJGEH_04331	contig_1	4425783	4427132	+	GEGEGB_04411	1	persistent	2	0	0
BEJGEH_04332	contig_1	4427282	4428928	+	AJBGEP_04481	1	persistent	2	0	0
BEJGEH_04333	contig_1	4429023	4429910	-	GEGEGB_04413	1	persistent	2	0	0
BEJGEH_04334	contig_1	4430014	4430424	+	GEGEGB_04414	1	persistent	2	0	0
BEJGEH_04335	contig_1	4430417	4431106	+	LNHIMF_04359	1	persistent	2	0	0
BEJGEH_04336	contig_1	4431145	4432794	-	LNHIMF_04360	1	persistent	2	0	0
BEJGEH_04337	contig_1	4432791	4433105	-	GEGEGB_04417	1	persistent	2	0	0
BEJGEH_04338	contig_1	4433345	4435303	-	LNHIMF_04362	1	persistent	2	0	0
BEJGEH_04339	contig_1	4435735	4437171	+	LNHIMF_04363	1	persistent	2	0	0
BEJGEH_04340	contig_1	4437216	4437782	+	GEGEGB_04420	1	persistent	2	0	0
BEJGEH_04341	contig_1	4437779	4438450	+	LNHIMF_04365	1	persistent	2	0	0
BEJGEH_04342	contig_1	4438447	4439403	+	GEGEGB_04422	1	persistent	1	2	0
BEJGEH_04343	contig_1	4439396	4441618	+	AJBGEP_04492	1	shell	2	0	0
BEJGEH_04344	contig_1	4441615	4442235	+	GEGEGB_04424	1	persistent	1	2	0
BEJGEH_04345	contig_1	4442580	4443890	+	LNHIMF_04369	1	persistent	2	0	1
BEJGEH_04346	contig_1	4444132	4445118	+	BEJGEH_00226	4	cloud	10	0	0
BEJGEH_04347	contig_1	4445259	4445948	-	BEJGEH_04347	1	persistent	2	0	1
BEJGEH_04348	contig_1	4446125	4448272	-	LNHIMF_04371	1	persistent	2	0	0
BEJGEH_04349	contig_1	4448627	4449535	-	GEGEGB_04428	1	persistent	2	0	0
BEJGEH_04350	contig_1	4449793	4450227	-	GEGEGB_04429	1	persistent	2	0	0
BEJGEH_04351	contig_1	4450379	4450822	-	GEGEGB_04430	1	persistent	2	0	0
BEJGEH_04352	contig_1	4450942	4451277	-	GEGEGB_04431	1	persistent	2	0	1
BEJGEH_04353	contig_1	4451745	4453247	+	BEJGEH_04353	1	persistent	2	0	0
BEJGEH_04355	contig_1	4453317	4453406	+	GEGEGB_04434	1	persistent	2	0	1
BEJGEH_04356	contig_1	4453414	4454493	-	GEGEGB_04435	1	persistent	2	0	0
BEJGEH_04357	contig_1	4454494	4455162	-	LNHIMF_04380	1	persistent	2	0	0
BEJGEH_04358	contig_1	4455159	4456802	-	GEGEGB_04437	1	persistent	2	0	0
BEJGEH_04359	contig_1	4456936	4458273	-	GEGEGB_04438	1	persistent	2	0	0
BEJGEH_04360	contig_1	4458413	4458751	-	LNHIMF_04383	2	persistent	2	0	1
BEJGEH_04361	contig_1	4458764	4459972	-	BEJGEH_00314	7	cloud	6	0	5
BEJGEH_04363	contig_1	4460042	4460512	-	LNHIMF_04383	2	persistent	2	0	1
BEJGEH_04364	contig_1	4460810	4463077	-	GEGEGB_04440	1	persistent	2	0	0
BEJGEH_04365	contig_1	4463310	4464242	-	GEGEGB_04441	1	persistent	2	0	0
BEJGEH_04366	contig_1	4464514	4465866	+	LNHIMF_04386	1	persistent	2	0	0
BEJGEH_04367	contig_1	4465950	4467380	+	LNHIMF_04387	1	persistent	2	0	0
BEJGEH_04368	contig_1	4467478	4469124	-	GEGEGB_01415	2	persistent	4	0	0
BEJGEH_04369	contig_1	4469220	4470560	-	LNHIMF_04389	1	persistent	2	0	0
BEJGEH_04370	contig_1	4470707	4470973	-	GEGEGB_04446	1	persistent	2	0	0
BEJGEH_04371	contig_1	4471290	4472009	-	BEJGEH_04371	1	persistent	2	0	0
BEJGEH_04372	contig_1	4472006	4473637	-	LNHIMF_04392	1	persistent	2	0	0
BEJGEH_04373	contig_1	4474012	4476441	+	LNHIMF_04393	1	persistent	2	0	0
BEJGEH_04374	contig_1	4476455	4477081	+	LNHIMF_04394	1	persistent	2	0	0
BEJGEH_04375	contig_1	4477074	4477847	+	LNHIMF_04395	1	persistent	2	0	0
BEJGEH_04376	contig_1	4477923	4478516	+	LNHIMF_04396	1	persistent	2	0	0
BEJGEH_04377	contig_1	4478600	4480000	-	LNHIMF_04397	1	persistent	2	0	0
BEJGEH_04378	contig_1	4480349	4481209	+	GEGEGB_04456	1	persistent	1	0	5
BEJGEH_04380	contig_1	4481865	4482047	+	LNHIMF_04400	1	cloud	2	0	0
BEJGEH_04381	contig_1	4482040	4482312	-	GEGEGB_04459	1	persistent	1	0	5
BEJGEH_04382	contig_1	4482324	4483199	-	GEGEGB_04460	1	persistent	2	2	0
BEJGEH_04383	contig_1	4485024	4486025	+	ONMMKP_02470	1	shell	1	2	0
BEJGEH_04384	contig_1	4486274	4486564	-	BENMGJ_01494	1	shell	0	2	0
BEJGEH_04385	contig_1	4486626	4487159	-	BENMGJ_01495	2	shell	1	3	2
BEJGEH_04386	contig_1	4487302	4488054	-	LNHIMF_04420	1	persistent	2	1	4
BEJGEH_04387	contig_1	4488634	4488963	-	PAPNPA_02581	1	cloud	1	0	9
BEJGEH_04388	contig_1	4489018	4489509	+	BEJGEH_04388	1	cloud	0	0	2
BEJGEH_04389	contig_1	4489715	4490104	+	BEJGEH_04389	1	cloud	0	0	2
BEJGEH_04390	contig_1	4490122	4490604	+	BEJGEH_04390	1	cloud	0	0	2
BEJGEH_04391	contig_1	4490657	4491406	+	BEJGEH_04391	1	cloud	0	0	2
BEJGEH_04392	contig_1	4491420	4492292	+	BEJGEH_04392	1	cloud	0	0	2
BEJGEH_04393	contig_1	4492347	4493387	+	BEJGEH_04393	1	cloud	0	0	2
BEJGEH_04394	contig_1	4493388	4493951	+	BEJGEH_04394	1	cloud	0	0	2
BEJGEH_04395	contig_1	4493980	4495026	+	BEJGEH_04395	1	cloud	0	0	2
BEJGEH_04396	contig_1	4495031	4495708	+	BEJGEH_04396	1	cloud	0	0	2
BEJGEH_04397	contig_1	4495750	4498470	-	BEJGEH_04397	1	cloud	1	0	1
BEJGEH_04399	contig_1	4499570	4500145	-	LNHIMF_04422	1	persistent	2	0	3
BEJGEH_04400	contig_1	4500182	4501885	-	LNHIMF_04423	1	persistent	2	0	0
BEJGEH_04401	contig_1	4501861	4502208	-	GEGEGB_04621	1	persistent	2	0	0
BEJGEH_04402	contig_1	4502329	4503630	-	LNHIMF_04425	1	persistent	2	0	0
BEJGEH_04403	contig_1	4503745	4505181	-	GEGEGB_04623	1	persistent	2	0	0
BEJGEH_04404	contig_1	4505483	4505998	+	LNHIMF_04427	1	persistent	2	0	0
BEJGEH_04405	contig_1	4506057	4507319	-	LNHIMF_04428	1	persistent	2	0	0
BEJGEH_04406	contig_1	4507574	4507867	+	GEGEGB_04626	1	persistent	2	0	0
BEJGEH_04407	contig_1	4507911	4509548	+	GEGEGB_04627	1	persistent	2	0	0
BEJGEH_04408	contig_1	4509783	4510136	+	GEGEGB_04628	1	persistent	2	0	0
BEJGEH_04409	contig_1	4510184	4511041	-	LNHIMF_04432	1	persistent	2	0	0
BEJGEH_04410	contig_1	4511323	4512351	-	BEJGEH_04410	1	persistent	2	0	0
BEJGEH_04411	contig_1	4512392	4512958	+	GEGEGB_04631	1	persistent	2	1	0
BEJGEH_04412	contig_1	4512980	4513153	+	GEGEGB_04632	1	shell	2	0	0
BEJGEH_04413	contig_1	4513438	4514025	-	LNHIMF_04435	1	persistent	2	1	0
BEJGEH_04414	contig_1	4514282	4514599	+	GEGEGB_04634	1	persistent	2	0	0
BEJGEH_04415	contig_1	4514616	4515149	-	LNHIMF_04437	1	persistent	2	0	0
BEJGEH_04416	contig_1	4515261	4515620	-	GEGEGB_04636	1	persistent	2	0	0
BEJGEH_04417	contig_1	4515631	4516026	-	GEGEGB_04637	1	persistent	2	0	0
BEJGEH_04418	contig_1	4516037	4516771	-	GEGEGB_04638	1	persistent	2	0	0
BEJGEH_04419	contig_1	4516764	4518554	-	GEGEGB_04639	1	persistent	2	0	0
BEJGEH_04420	contig_1	4518877	4519854	+	LNHIMF_04442	1	persistent	2	0	0
BEJGEH_04421	contig_1	4520080	4521582	+	GEGEGB_04641	1	persistent	2	2	0
BEJGEH_04422	contig_1	4521634	4521948	+	BEJGEH_04422	1	shell	2	0	0
BEJGEH_04423	contig_1	4522015	4525341	-	GEGEGB_04643	1	persistent	2	2	0
BEJGEH_04424	contig_1	4525360	4526328	-	LNHIMF_04445	1	persistent	2	0	0
BEJGEH_04425	contig_1	4526420	4527472	-	GEGEGB_04645	1	persistent	2	0	0
BEJGEH_04426	contig_1	4527579	4528124	+	GEGEGB_04646	1	persistent	2	0	0
BEJGEH_04427	contig_1	4528186	4528926	-	LNHIMF_04448	1	persistent	2	0	0
BEJGEH_04431	contig_1	4529892	4531031	-	LNHIMF_04451	1	persistent	2	0	0
BEJGEH_04432	contig_1	4531033	4532577	+	LNHIMF_04452	1	persistent	2	0	0
BEJGEH_04433	contig_1	4532549	4533010	+	GEGEGB_04652	1	persistent	2	0	0
BEJGEH_04434	contig_1	4533027	4534349	+	GEGEGB_04653	1	persistent	2	0	0
BEJGEH_04435	contig_1	4534359	4536215	+	GEGEGB_04654	1	persistent	2	0	0
BEJGEH_04436	contig_1	4536208	4537158	+	LNHIMF_04456	1	persistent	2	0	0
BEJGEH_04437	contig_1	4537241	4537549	+	GEGEGB_04656	1	persistent	2	0	0
BEJGEH_04438	contig_1	4537621	4538901	+	LNHIMF_04458	1	persistent	2	0	0
BEJGEH_04439	contig_1	4539116	4540375	+	LNHIMF_04459	1	persistent	2	0	0
BEJGEH_04440	contig_1	4540378	4541382	+	GEGEGB_04659	1	persistent	2	0	0
BEJGEH_04441	contig_1	4541461	4541658	+	GEGEGB_04660	1	persistent	2	0	1
BEJGEH_04442	contig_1	4541761	4543059	+	GEGEGB_04661	1	persistent	2	0	0
BEJGEH_04443	contig_1	4543267	4543692	+	LNHIMF_04463	1	persistent	2	0	0
BEJGEH_04444	contig_1	4543730	4546168	+	GEGEGB_04663	1	persistent	2	0	0
BEJGEH_04445	contig_1	4546259	4546990	+	LNHIMF_04465	1	persistent	2	0	0
BEJGEH_04446	contig_1	4547122	4547526	+	LNHIMF_04466	1	persistent	2	0	0
BEJGEH_04447	contig_1	4547541	4548239	+	BEJGEH_04447	1	persistent	2	0	1
BEJGEH_04448	contig_1	4548239	4548346	+	AJBGEP_04583	1	persistent	2	0	0
BEJGEH_04449	contig_1	4548487	4549146	+	GEGEGB_04668	1	persistent	2	0	1
BEJGEH_04450	contig_1	4549164	4549562	+	GEGEGB_04669	1	persistent	2	0	0
BEJGEH_04451	contig_1	4549572	4550210	+	BEJGEH_04451	1	persistent	2	0	0
BEJGEH_04452	contig_1	4550213	4551376	+	GEGEGB_04671	1	persistent	2	0	0
BEJGEH_04453	contig_1	4551461	4553083	+	LNHIMF_04473	1	persistent	2	0	0
BEJGEH_04454	contig_1	4553128	4553403	-	GEGEGB_04673	1	persistent	2	0	0
BEJGEH_04455	contig_1	4553534	4553836	-	LNHIMF_04475	1	persistent	2	0	0
BEJGEH_04456	contig_1	4554047	4554796	+	GEGEGB_04675	1	persistent	2	0	0
BEJGEH_04457	contig_1	4554793	4555548	-	GEGEGB_04676	1	persistent	2	0	0
BEJGEH_04458	contig_1	4555653	4556717	-	GEGEGB_04677	1	persistent	2	0	0
BEJGEH_04459	contig_1	4557079	4558476	+	LNHIMF_04479	1	persistent	2	0	1
BEJGEH_04460	contig_1	4558492	4558797	+	BEJGEH_04460	1	persistent	2	0	0
BEJGEH_04461	contig_1	4558807	4559271	+	LNHIMF_04481	1	persistent	2	0	1
BEJGEH_04462	contig_1	4559285	4559935	+	LNHIMF_04482	1	persistent	2	0	0
BEJGEH_04463	contig_1	4559945	4560799	+	LNHIMF_04483	1	persistent	2	0	0
BEJGEH_04464	contig_1	4560799	4561485	+	PAPNPA_02919	1	persistent	2	0	1
BEJGEH_04465	contig_1	4561573	4562130	+	LNHIMF_04485	1	cloud	1	0	1
BEJGEH_04466	contig_1	4562184	4562459	-	LNHIMF_04486	1	cloud	1	0	1
BEJGEH_04467	contig_1	4562846	4563241	+	GEGEGB_04685	1	persistent	2	0	1
BEJGEH_04468	contig_1	4563248	4563562	+	GEGEGB_04686	1	persistent	2	0	0
BEJGEH_04469	contig_1	4563567	4563794	+	GEGEGB_04687	1	persistent	2	0	0
BEJGEH_04470	contig_1	4563836	4564285	+	GEGEGB_04688	1	persistent	2	0	0
BEJGEH_04471	contig_1	4564433	4565359	+	LNHIMF_04491	1	persistent	2	0	0
BEJGEH_04472	contig_1	4565409	4566044	-	LNHIMF_04492	1	persistent	2	0	0
BEJGEH_04473	contig_1	4566264	4566884	+	GEGEGB_04691	1	persistent	2	0	0
BEJGEH_04474	contig_1	4567180	4568589	+	LNHIMF_04494	1	persistent	2	0	1
BEJGEH_04475	contig_1	4568701	4569363	-	LNHIMF_04495	1	persistent	2	0	1
BEJGEH_04476	contig_1	4569466	4570431	-	LNHIMF_04496	1	persistent	2	0	0
BEJGEH_04477	contig_1	4570512	4571360	-	LNHIMF_04497	1	persistent	2	0	0
BEJGEH_04478	contig_1	4571448	4571834	+	GEGEGB_04698	1	persistent	2	0	0
BEJGEH_04479	contig_1	4571892	4573835	-	BEJGEH_04479	1	persistent	2	0	0
BEJGEH_04480	contig_1	4574103	4574843	+	GEGEGB_04700	1	persistent	2	0	0
BEJGEH_04481	contig_1	4574833	4575390	-	GEGEGB_04701	1	persistent	2	0	0
BEJGEH_04482	contig_1	4575717	4575923	+	GEGEGB_04702	1	persistent	2	1	0
BEJGEH_04483	contig_1	4576008	4577351	-	GEGEGB_04706	1	persistent	2	0	1
BEJGEH_04485	contig_1	4577534	4578172	-	GEGEGB_04708	1	persistent	2	0	0
BEJGEH_04486	contig_1	4578385	4580118	+	GEGEGB_04709	1	persistent	2	0	0
BEJGEH_04487	contig_1	4580115	4583894	+	LNHIMF_04507	1	persistent	2	0	0
BEJGEH_04488	contig_1	4583897	4584241	+	GEGEGB_04711	1	persistent	2	0	0
BEJGEH_04489	contig_1	4584295	4585503	-	LNHIMF_04509	1	persistent	2	0	0
BEJGEH_04490	contig_1	4585500	4586660	-	LNHIMF_04510	1	persistent	2	0	0
BEJGEH_04491	contig_1	4587073	4587603	-	GEGEGB_04714	1	persistent	2	0	0
BEJGEH_04492	contig_1	4587830	4588828	-	LNHIMF_04512	1	persistent	2	0	0
BEJGEH_04493	contig_1	4589003	4590382	+	BEJGEH_04493	1	persistent	2	1	0
BEJGEH_04494	contig_1	4590379	4590693	-	BEJGEH_04494	1	shell	1	1	0
BEJGEH_04495	contig_1	4590873	4591706	+	BEJGEH_04495	1	shell	0	2	0
BEJGEH_04496	contig_1	4591757	4593190	-	BEJGEH_04496	1	shell	0	2	1
BEJGEH_04497	contig_1	4593649	4595085	+	BEJGEH_04497	1	shell	0	2	1
BEJGEH_04498	contig_1	4595437	4596246	-	BEJGEH_04498	1	shell	0	2	0
BEJGEH_04499	contig_1	4596271	4597776	-	BEJGEH_04499	1	shell	0	2	0
BEJGEH_04500	contig_1	4598166	4599041	+	BEJGEH_04500	1	shell	0	2	0
BEJGEH_04501	contig_1	4599315	4600220	+	BEJGEH_04501	1	shell	0	2	0
BEJGEH_04502	contig_1	4600239	4601249	+	BEJGEH_04502	1	shell	0	2	0
BEJGEH_04503	contig_1	4601347	4602690	+	BEJGEH_04503	1	shell	0	2	0
BEJGEH_04504	contig_1	4602691	4603524	+	BEJGEH_04504	1	shell	0	2	0
BEJGEH_04505	contig_1	4603521	4604687	-	BEJGEH_04505	1	shell	0	2	0
BEJGEH_04506	contig_1	4604748	4606679	-	BEJGEH_04506	1	shell	0	2	0
BEJGEH_04507	contig_1	4607102	4609042	+	BEJGEH_04507	1	shell	0	2	0
BEJGEH_04508	contig_1	4609223	4610245	+	BEJGEH_04508	1	shell	0	2	0
BEJGEH_04509	contig_1	4610318	4611544	+	BEJGEH_04509	1	shell	0	2	0
BEJGEH_04510	contig_1	4611705	4612520	+	BEJGEH_04510	1	shell	0	2	0
BEJGEH_04511	contig_1	4612573	4613457	+	BEJGEH_04511	1	shell	1	1	0
BEJGEH_04512	contig_1	4613513	4614064	-	GEGEGB_04717	1	persistent	2	1	0
BEJGEH_04513	contig_1	4614160	4615512	+	GEGEGB_04718	1	persistent	2	0	0
BEJGEH_04514	contig_1	4615611	4615997	+	GEGEGB_04719	1	persistent	2	0	0
BEJGEH_04515	contig_1	4616284	4616613	+	GEGEGB_04720	1	persistent	2	0	0
BEJGEH_04516	contig_1	4616624	4616986	+	GEGEGB_04721	1	persistent	2	0	0
BEJGEH_04517	contig_1	4616986	4617288	+	GEGEGB_04722	1	persistent	2	0	0
BEJGEH_04518	contig_1	4617311	4618087	+	GEGEGB_04723	1	persistent	2	0	0
BEJGEH_04519	contig_1	4618099	4618743	+	GEGEGB_04724	1	persistent	2	0	0
BEJGEH_04520	contig_1	4618802	4619935	+	GEGEGB_04725	1	persistent	2	0	0
BEJGEH_04521	contig_1	4619919	4621037	+	GEGEGB_04726	1	persistent	2	0	0
BEJGEH_04522	contig_1	4621034	4621774	+	LNHIMF_04524	1	persistent	2	0	0
BEJGEH_04523	contig_1	4621791	4623704	+	LNHIMF_04525	1	persistent	2	0	1
BEJGEH_04524	contig_1	4623765	4624166	-	PAPNPA_01417	1	cloud	1	0	2
BEJGEH_04525	contig_1	4624178	4624408	-	BEJGEH_04525	1	cloud	1	0	2
BEJGEH_04526	contig_1	4624575	4625039	-	GEGEGB_04731	1	persistent	2	0	1
BEJGEH_04527	contig_1	4625256	4627394	-	LNHIMF_04529	1	persistent	2	0	0
BEJGEH_04528	contig_1	4627803	4629455	-	LNHIMF_04530	1	persistent	2	0	0
BEJGEH_04529	contig_1	4629505	4630923	-	LNHIMF_04531	1	persistent	2	0	0
BEJGEH_04530	contig_1	4631061	4632008	-	LNHIMF_04532	1	persistent	2	0	0
BEJGEH_04531	contig_1	4632198	4632251	+	GEGEGB_04737	1	persistent	2	0	0
BEJGEH_04532	contig_1	4632392	4635100	+	GEGEGB_04738	1	persistent	3	0	0
BEJGEH_04533	contig_1	4635216	4635662	-	LNHIMF_04535	1	persistent	2	0	0
BEJGEH_04534	contig_1	4635737	4636123	-	GEGEGB_04740	1	persistent	3	0	0
BEJGEH_04535	contig_1	4636200	4636661	-	GEGEGB_04741	1	persistent	2	0	0
BEJGEH_04536	contig_1	4636674	4637609	-	GEGEGB_04742	1	persistent	3	0	0
BEJGEH_04537	contig_1	4637645	4637746	-	GEGEGB_04743	1	persistent	2	0	0
BEJGEH_04538	contig_1	4637836	4638324	-	LNHIMF_04539	1	persistent	3	0	0
BEJGEH_04539	contig_1	4638511	4639914	-	GEGEGB_04745	1	persistent	2	0	0
BEJGEH_04540	contig_1	4639970	4640974	-	GEGEGB_04746	1	persistent	2	0	0
BEJGEH_04541	contig_1	4641086	4642018	-	BENMGJ_01145	1	persistent	2	0	0
BEJGEH_04542	contig_1	4642029	4643249	-	GEGEGB_04748	1	persistent	2	0	0
BEJGEH_04543	contig_1	4643925	4644377	+	GEGEGB_04749	1	persistent	2	0	0
BEJGEH_04544	contig_1	4644451	4645455	-	LNHIMF_04546	1	persistent	2	0	0
BEJGEH_04545	contig_1	4645621	4646037	+	GEGEGB_04751	1	persistent	2	1	0
BEJGEH_04546	contig_1	4646097	4646861	+	GEGEGB_04752	1	persistent	2	1	1
BEJGEH_04547	contig_1	4647106	4647594	-	GEGEGB_04754	1	persistent	2	0	1
BEJGEH_04548	contig_1	4647702	4648205	-	LNHIMF_04550	1	persistent	2	0	0
BEJGEH_04549	contig_1	4648400	4649587	+	LNHIMF_04551	1	persistent	2	0	0
BEJGEH_04550	contig_1	4649729	4652584	-	GEGEGB_04757	1	persistent	2	0	0
BEJGEH_04551	contig_1	4652584	4653066	-	LNHIMF_04553	1	persistent	2	0	0
BEJGEH_04552	contig_1	4653164	4654675	-	LNHIMF_04554	1	persistent	2	0	0
BEJGEH_04554	contig_1	4655069	4656169	+	GEGEGB_04761	1	persistent	2	0	0
BEJGEH_04555	contig_1	4656169	4657251	+	LNHIMF_04557	1	persistent	2	0	0
BEJGEH_04556	contig_1	4657447	4658445	-	GEGEGB_04763	1	persistent	2	0	0
BEJGEH_04557	contig_1	4658509	4659828	-	BEJGEH_04557	1	persistent	2	0	1
BEJGEH_04558	contig_1	4659890	4660654	-	LNHIMF_04560	1	persistent	2	0	0
BEJGEH_04559	contig_1	4660679	4661710	-	LNHIMF_04561	1	persistent	2	0	0
BEJGEH_04560	contig_1	4661927	4662457	+	LNHIMF_04562	1	persistent	2	0	0
BEJGEH_04561	contig_1	4662485	4663504	-	LNHIMF_04563	1	persistent	1	0	8
BEJGEH_04563	contig_1	4663976	4665238	+	BEJGEH_04563	1	cloud	1	0	1
BEJGEH_04564	contig_1	4665269	4665907	+	BEJGEH_04564	1	cloud	0	0	2
BEJGEH_04565	contig_1	4666278	4666508	+	BEJGEH_04565	1	cloud	0	0	2
BEJGEH_04566	contig_1	4666474	4667154	+	BEJGEH_04566	1	cloud	0	0	3
BEJGEH_04567	contig_1	4667147	4667506	+	BEJGEH_04567	1	cloud	0	0	2
BEJGEH_04568	contig_1	4667538	4667822	+	BEJGEH_04568	1	cloud	0	0	2
BEJGEH_04569	contig_1	4667819	4668202	+	BEJGEH_04569	1	cloud	0	0	2
BEJGEH_04570	contig_1	4668199	4670871	+	BEJGEH_04570	1	cloud	0	0	2
BEJGEH_04571	contig_1	4671272	4672033	+	BEJGEH_04571	1	cloud	0	0	3
BEJGEH_04572	contig_1	4672033	4672305	+	BEJGEH_04572	1	cloud	0	0	2
BEJGEH_04573	contig_1	4672682	4672993	+	BEJGEH_04573	1	cloud	0	0	2
BEJGEH_04574	contig_1	4672993	4673127	+	BEJGEH_04574	1	cloud	0	0	2
BEJGEH_04575	contig_1	4673120	4675753	+	BEJGEH_04575	1	cloud	0	0	2
BEJGEH_04576	contig_1	4676478	4676978	+	HFCAGB_04706	2	cloud	1	0	4
BEJGEH_04577	contig_1	4677055	4677303	+	ONMMKP_02297	1	cloud	0	0	4
BEJGEH_04578	contig_1	4677412	4677651	+	LNHIMF_04565	1	cloud	1	0	2
BEJGEH_04579	contig_1	4677654	4677962	+	LNHIMF_04566	1	cloud	0	1	3
BEJGEH_04580	contig_1	4678342	4678743	+	LNHIMF_00819	6	shell	12	3	3
BEJGEH_04581	contig_1	4678677	4679030	-	BEJGEH_01963	4	shell	0	2	0
BEJGEH_04582	contig_1	4679052	4679597	+	LNHIMF_00818	6	shell	12	5	5
BEJGEH_04583	contig_1	4679643	4680569	-	BEJGEH_04583	1	cloud	0	1	1
BEJGEH_04584	contig_1	4680855	4682171	-	BEJGEH_04584	1	cloud	0	0	2
BEJGEH_04585	contig_1	4682462	4682728	-	BEJGEH_04585	1	cloud	0	0	2
BEJGEH_04586	contig_1	4683023	4683661	-	BEJGEH_04586	1	cloud	0	0	2
BEJGEH_04587	contig_1	4683631	4683933	-	BEJGEH_04587	1	cloud	0	0	2
BEJGEH_04588	contig_1	4684019	4684312	-	BEJGEH_04588	1	cloud	0	0	2
BEJGEH_04589	contig_1	4684844	4685812	+	BEJGEH_04589	1	cloud	0	0	2
BEJGEH_04590	contig_1	4685809	4687821	+	BEJGEH_04590	1	cloud	0	0	2
BEJGEH_04591	contig_1	4687821	4689209	+	BEJGEH_04591	1	cloud	0	0	2
BEJGEH_04592	contig_1	4689326	4689562	-	BEJGEH_04592	1	cloud	0	1	1
BEJGEH_04593	contig_1	4689626	4689892	+	HFCAGB_04723	1	shell	1	1	8
BEJGEH_04595	contig_1	4690114	4690737	+	BEJGEH_04595	1	cloud	1	1	3
BEJGEH_04596	contig_1	4691100	4691570	-	BEJGEH_04596	1	cloud	0	0	2
BEJGEH_04597	contig_1	4692627	4693955	+	BEJGEH_04597	1	cloud	0	0	2
BEJGEH_04598	contig_1	4694083	4694190	+	BEJGEH_04598	1	cloud	0	0	2
BEJGEH_04599	contig_1	4694165	4695256	+	OEKLIE_03573	1	cloud	0	0	4
BEJGEH_04600	contig_1	4695526	4696641	+	BEJGEH_04600	1	cloud	0	0	2
BEJGEH_04601	contig_1	4696638	4697165	+	BEJGEH_04601	1	cloud	0	0	2
BEJGEH_04602	contig_1	4697434	4698417	-	BEJGEH_04602	1	cloud	0	0	2
BEJGEH_04603	contig_1	4698715	4700214	+	BEJGEH_04603	1	cloud	0	0	2
BEJGEH_04604	contig_1	4700220	4701710	+	BEJGEH_04604	1	cloud	0	0	2
BEJGEH_04605	contig_1	4701711	4702859	+	BEJGEH_04605	1	cloud	0	0	2
BEJGEH_04606	contig_1	4702862	4705924	+	BEJGEH_04606	1	cloud	0	0	2
BEJGEH_04607	contig_1	4706000	4706932	-	BEJGEH_04607	1	cloud	0	0	2
BEJGEH_04608	contig_1	4706892	4707296	-	BEJGEH_04608	1	cloud	0	0	3
BEJGEH_04609	contig_1	4707419	4707841	+	BENMGJ_01113	1	cloud	0	1	1
BEJGEH_04610	contig_1	4708194	4709069	+	ALJMDI_03931	1	shell	1	0	11
BEJGEH_04611	contig_1	4709498	4709605	-	GEGEGB_04803	1	persistent	1	1	6
BEJGEH_04612	contig_1	4709547	4710263	-	HFCAGB_04730	1	persistent	2	0	0
BEJGEH_04613	contig_1	4710823	4712448	-	LNHIMF_04572	1	persistent	2	0	2
BEJGEH_04614	contig_1	4712459	4712716	-	GEGEGB_04806	1	persistent	2	0	4
BEJGEH_04615	contig_1	4712959	4713150	-	BEJGEH_04615	1	cloud	2	0	0
BEJGEH_04616	contig_1	4713204	4713812	+	GEGEGB_04807	1	persistent	2	1	2
BEJGEH_04617	contig_1	4714164	4715075	+	LNHIMF_04576	1	persistent	2	1	0
BEJGEH_04618	contig_1	4715280	4715741	+	BEJGEH_04618	1	persistent	1	1	1
BEJGEH_04619	contig_1	4715758	4716423	-	LNHIMF_04578	1	cloud	2	0	0
BEJGEH_04620	contig_1	4716821	4717546	+	LNHIMF_04579	1	persistent	1	1	1
BEJGEH_04621	contig_1	4717547	4718560	-	LNHIMF_04580	1	persistent	2	0	0
BEJGEH_04623	contig_1	4719362	4719808	+	LNHIMF_04582	1	persistent	2	0	0
BEJGEH_04624	contig_1	4720047	4720781	+	LNHIMF_04583	1	persistent	2	0	0
BEJGEH_04625	contig_1	4720787	4721695	-	GEGEGB_04816	1	persistent	2	0	0
BEJGEH_04626	contig_1	4721814	4722986	-	GEGEGB_04817	1	persistent	2	0	0
BEJGEH_04627	contig_1	4722999	4723460	-	GEGEGB_04818	1	persistent	2	0	0
BEJGEH_04628	contig_1	4723457	4724128	-	GEGEGB_04819	1	persistent	2	0	0
BEJGEH_04629	contig_1	4725000	4726184	-	LNHIMF_04588	1	persistent	2	0	0
BEJGEH_04630	contig_1	4726404	4727675	-	LNHIMF_04589	1	persistent	2	0	0
BEJGEH_04631	contig_1	4727762	4729003	-	OEKLIE_03605	1	persistent	1	2	0
BEJGEH_04632	contig_1	4729482	4730447	+	GEGEGB_04823	1	shell	2	0	0
BEJGEH_04633	contig_1	4730628	4731998	+	LNHIMF_04592	1	persistent	1	2	0
BEJGEH_04634	contig_1	4732203	4732367	+	GEGEGB_04826	1	persistent	1	2	0
BEJGEH_04635	contig_1	4732444	4733364	-	LNHIMF_04594	1	shell	1	0	3
BEJGEH_04636	contig_1	4733775	4734416	-	LNHIMF_04595	1	cloud	0	1	1
BEJGEH_04637	contig_1	4734464	4735279	-	LNHIMF_04596	1	cloud	1	0	1
BEJGEH_04638	contig_1	4735317	4736273	-	LNHIMF_04597	1	persistent	1	1	2
BEJGEH_04639	contig_1	4736284	4736487	-	GEGEGB_04838	1	persistent	2	0	0
BEJGEH_04640	contig_1	4736582	4738732	-	GEGEGB_04839	1	persistent	2	0	1
BEJGEH_04641	contig_1	4739099	4739284	+	GEGEGB_04840	1	cloud	2	0	0
BEJGEH_04642	contig_1	4739321	4740760	+	LNHIMF_04600	1	persistent	2	1	1
BEJGEH_04643	contig_1	4740929	4743220	-	GEGEGB_04842	1	persistent	2	1	0
BEJGEH_04644	contig_1	4743503	4743964	-	LNHIMF_04609	1	persistent	2	0	0
BEJGEH_04645	contig_1	4744022	4744759	-	GEGEGB_04844	1	persistent	2	0	0
BEJGEH_04646	contig_1	4744762	4745301	-	GEGEGB_04845	1	persistent	2	0	0
BEJGEH_04647	contig_1	4745394	4745867	-	LNHIMF_04612	1	persistent	2	0	0
BEJGEH_04648	contig_1	4745858	4746802	-	LNHIMF_04613	1	persistent	2	0	1
BEJGEH_04649	contig_1	4747347	4748072	+	GEGEGB_04848	1	persistent	2	0	1
BEJGEH_04650	contig_1	4748033	4748707	+	GEGEGB_04849	1	persistent	2	0	0
BEJGEH_04651	contig_1	4748758	4749216	-	LNHIMF_04616	1	persistent	2	0	0
BEJGEH_04652	contig_1	4749367	4750155	-	GEGEGB_04851	1	persistent	2	0	0
BEJGEH_04653	contig_1	4750276	4751340	-	BEJGEH_04653	1	persistent	2	0	0
BEJGEH_04654	contig_1	4751591	4751827	+	GEGEGB_04853	1	persistent	2	0	0
BEJGEH_04658	contig_1	4752368	4753396	-	LNHIMF_04623	1	persistent	2	0	0
BEJGEH_04659	contig_1	4753499	4753936	+	BEJGEH_04659	1	persistent	2	0	1
BEJGEH_04660	contig_1	4753881	4754327	+	LNHIMF_04625	1	persistent	2	0	0
BEJGEH_04661	contig_1	4754346	4755026	+	LNHIMF_04626	1	persistent	2	0	0
BEJGEH_04662	contig_1	4755118	4756707	+	GEGEGB_04861	1	persistent	2	0	0
BEJGEH_04663	contig_1	4757109	4757726	+	GEGEGB_04862	1	persistent	2	0	0
BEJGEH_04664	contig_1	4757855	4758016	+	GEGEGB_04863	1	persistent	2	0	0
BEJGEH_04665	contig_1	4758119	4759213	+	LNHIMF_04630	1	persistent	2	0	0
BEJGEH_04666	contig_1	4759210	4759983	+	LNHIMF_04631	1	persistent	1	2	0
BEJGEH_04667	contig_1	4760016	4760603	-	BEJGEH_04667	1	shell	2	0	0
BEJGEH_04668	contig_1	4760851	4762401	-	BEJGEH_04668	1	persistent	1	2	0
BEJGEH_04669	contig_1	4762661	4763440	+	GEGEGB_04868	1	persistent	2	0	0
BEJGEH_04670	contig_1	4763564	4764886	+	GEGEGB_04869	1	persistent	2	0	0
BEJGEH_04671	contig_1	4764938	4766161	+	GEGEGB_04870	1	persistent	2	0	0
BEJGEH_04672	contig_1	4766371	4767090	+	GEGEGB_04871	1	persistent	1	1	2
BEJGEH_04673	contig_1	4767128	4767700	-	BEJGEH_04673	1	shell	1	1	0
BEJGEH_04674	contig_1	4767697	4770105	-	BEJGEH_04674	1	shell	0	2	0
BEJGEH_04675	contig_1	4770119	4770826	-	BEJGEH_04675	1	shell	0	2	0
BEJGEH_04676	contig_1	4770904	4771593	-	BEJGEH_04676	1	shell	0	2	0
BEJGEH_04677	contig_1	4771641	4772330	-	AJBGEP_04792	1	shell	1	1	0
BEJGEH_04678	contig_1	4772641	4773657	-	BEJGEH_04678	1	persistent	1	1	2
BEJGEH_04679	contig_1	4773691	4774335	-	GEGEGB_04874	1	persistent	2	0	0
BEJGEH_04680	contig_1	4774452	4775420	+	GEGEGB_04875	1	persistent	2	0	0
BEJGEH_04681	contig_1	4775504	4776886	+	GEGEGB_04876	1	persistent	2	0	0
BEJGEH_04682	contig_1	4777037	4778269	+	GEGEGB_04877	1	persistent	2	0	0
BEJGEH_04683	contig_1	4778387	4780054	-	LNHIMF_04644	1	persistent	2	0	0
BEJGEH_04684	contig_1	4780263	4782200	+	GEGEGB_04879	1	persistent	2	0	0
BEJGEH_04685	contig_1	4782258	4782584	+	GEGEGB_04880	1	persistent	2	0	1
BEJGEH_04686	contig_1	4782686	4783201	-	BEJGEH_04686	1	persistent	2	0	0
BEJGEH_04687	contig_1	4783250	4783897	+	LNHIMF_04648	1	persistent	2	0	1
BEJGEH_04688	contig_1	4783894	4784763	-	LNHIMF_04649	1	persistent	2	0	0
BEJGEH_04689	contig_1	4784863	4784970	+	LNHIMF_04650	1	persistent	2	0	0
BEJGEH_04690	contig_1	4784960	4785448	+	GEGEGB_04885	1	persistent	2	0	0
BEJGEH_04691	contig_1	4785461	4786150	+	LNHIMF_04652	1	persistent	2	0	0
BEJGEH_04692	contig_1	4786150	4787574	+	BEJGEH_04692	1	persistent	2	0	0
BEJGEH_04693	contig_1	4787632	4788981	+	GEGEGB_04888	1	persistent	2	0	1
BEJGEH_04694	contig_1	4789039	4790124	-	BEJGEH_04694	1	persistent	2	0	0
BEJGEH_04695	contig_1	4790165	4790722	-	LNHIMF_04656	1	persistent	2	0	1
BEJGEH_04696	contig_1	4790740	4793277	-	LNHIMF_04657	1	persistent	2	0	0
BEJGEH_04697	contig_1	4793323	4794006	-	LNHIMF_04658	1	persistent	2	0	0
BEJGEH_04698	contig_1	4794077	4794622	-	LNHIMF_04659	1	persistent	2	0	0
BEJGEH_04699	contig_1	4794961	4795632	-	GEGEGB_04895	1	persistent	2	0	1
BEJGEH_04700	contig_1	4796017	4796331	-	BEJGEH_04700	1	persistent	2	0	0
BEJGEH_04701	contig_1	4796598	4797314	-	GEGEGB_04897	1	persistent	2	0	1
BEJGEH_04702	contig_1	4797950	4798636	+	LNHIMF_04663	1	persistent	2	0	0
BEJGEH_04704	contig_2	79	240	-	BEJGEH_04704	1	cloud	0	0	2
BEJGEH_04705	contig_2	529	636	+	BEJGEH_04705	1	cloud	0	0	2
BEJGEH_04706	contig_2	663	890	-	BEJGEH_04706	1	cloud	0	0	2
BEJGEH_04707	contig_2	897	1148	-	BEJGEH_04707	1	cloud	0	0	2
BEJGEH_04708	contig_2	1160	1363	-	BEJGEH_04708	1	cloud	0	0	2
BEJGEH_04709	contig_2	1364	1759	-	BEJGEH_04709	1	cloud	0	0	2
BEJGEH_04710	contig_2	1762	2205	-	BEJGEH_04710	1	cloud	0	0	2
BEJGEH_04711	contig_2	2285	2698	-	BEJGEH_04711	1	cloud	0	0	2
BEJGEH_04712	contig_2	2747	3034	-	BEJGEH_04712	1	cloud	0	0	2
BEJGEH_04713	contig_2	3160	3468	-	BEJGEH_04713	1	cloud	0	0	2
BEJGEH_04714	contig_2	3474	3974	-	BEJGEH_04714	1	cloud	0	0	2
BEJGEH_04715	contig_2	3974	4189	-	BEJGEH_04715	1	cloud	0	0	2
BEJGEH_04716	contig_2	4210	4551	-	BEJGEH_04716	1	cloud	0	0	2
BEJGEH_04717	contig_2	4795	4998	-	BEJGEH_04717	1	cloud	0	0	2
BEJGEH_04718	contig_2	5010	5579	-	BEJGEH_04718	1	cloud	0	0	2
BEJGEH_04719	contig_2	5581	6366	-	BEJGEH_04719	1	cloud	0	0	2
BEJGEH_04720	contig_2	6629	6922	-	BEJGEH_04720	1	cloud	0	0	2
BEJGEH_04721	contig_2	6919	7257	-	BEJGEH_04721	1	cloud	0	0	2
BEJGEH_04722	contig_2	7270	7695	-	BEJGEH_04722	1	cloud	0	0	2
BEJGEH_04723	contig_2	7793	9973	-	BEJGEH_04723	1	cloud	0	0	2
BEJGEH_04724	contig_2	10015	10416	-	BEJGEH_04724	1	cloud	0	0	2
BEJGEH_04725	contig_2	10504	10869	-	BEJGEH_04725	1	cloud	0	0	2
BEJGEH_04726	contig_2	10886	12907	-	BEJGEH_04726	1	cloud	0	0	2
BEJGEH_04727	contig_2	12929	13990	-	BEJGEH_04727	1	cloud	0	0	2
BEJGEH_04728	contig_2	14067	15293	-	BEJGEH_04728	1	cloud	0	0	2
BEJGEH_04729	contig_2	15286	16074	-	BEJGEH_04729	1	cloud	0	0	2
BEJGEH_04730	contig_2	16096	16887	-	BEJGEH_04730	1	cloud	0	0	2
BEJGEH_04731	contig_2	17112	17792	-	BEJGEH_04731	1	cloud	0	0	2
BEJGEH_04732	contig_2	17776	20313	-	BEJGEH_04732	1	cloud	0	0	2
BEJGEH_04733	contig_2	20267	20665	-	BEJGEH_04733	1	cloud	0	0	2
BEJGEH_04734	contig_2	20726	21043	-	BEJGEH_04734	1	cloud	0	0	2
BEJGEH_04735	contig_2	21057	21734	-	BEJGEH_04735	1	cloud	0	0	2
BEJGEH_04736	contig_2	21828	22238	-	BEJGEH_04736	1	cloud	0	0	2
BEJGEH_04737	contig_2	22449	22952	-	BEJGEH_04737	1	cloud	0	0	2
BEJGEH_04738	contig_2	22953	24017	-	BEJGEH_04738	1	cloud	0	0	2
BEJGEH_04739	contig_2	25110	25358	+	BEJGEH_04739	1	cloud	0	0	2
BEJGEH_04740	contig_2	25378	26430	+	BEJGEH_04740	1	cloud	0	0	2
BEJGEH_04741	contig_2	26531	27112	+	BEJGEH_04741	1	cloud	0	0	2
BEJGEH_04742	contig_2	27209	27466	+	BEJGEH_04742	1	cloud	0	0	2
BEJGEH_04743	contig_2	27694	27849	+	BEJGEH_04743	1	cloud	0	0	2
BEJGEH_04744	contig_2	27948	28274	+	BEJGEH_04744	1	cloud	0	0	2
BEJGEH_04745	contig_2	28412	29392	+	BEJGEH_04745	1	cloud	0	0	2
BEJGEH_04746	contig_2	29436	30134	+	BEJGEH_04746	1	cloud	0	0	2
BEJGEH_04747	contig_2	30196	30471	+	BEJGEH_04747	1	cloud	0	0	2
BEJGEH_04748	contig_2	30494	30847	-	BEJGEH_04748	1	cloud	0	0	2
BEJGEH_04749	contig_2	30880	31437	-	BEJGEH_04749	1	cloud	0	0	2
BEJGEH_04750	contig_2	31485	32291	-	BEJGEH_04750	1	cloud	0	0	2
BEJGEH_04751	contig_2	32284	32712	-	BEJGEH_04751	1	cloud	0	0	2
BEJGEH_04752	contig_2	33070	33459	+	BEJGEH_04752	1	cloud	0	0	2
BEJGEH_04753	contig_2	33440	37045	+	BEJGEH_04753	1	cloud	0	0	2
BEJGEH_04754	contig_2	37351	37563	-	BEJGEH_04754	1	cloud	0	0	2
BEJGEH_04755	contig_2	37611	37823	-	BEJGEH_04755	1	cloud	0	0	2
