gene	contig	start	stop	strand	family	nb_copy_in_genome	partition	persistent_neighbors	shell_neighbors	cloud_neighbors
AJBGEP_00001	contig_1	169	255	+	GEGEGB_00001	1	persistent	2	0	0
AJBGEP_00002	contig_1	337	2799	+	GEGEGB_00002	1	persistent	2	0	0
AJBGEP_00003	contig_1	2801	3730	+	GEGEGB_00003	1	persistent	2	0	0
AJBGEP_00004	contig_1	3734	5020	+	GEGEGB_00004	1	persistent	2	0	0
AJBGEP_00005	contig_1	5114	5887	-	GEGEGB_00005	1	persistent	2	0	0
AJBGEP_00006	contig_1	5966	7396	-	GEGEGB_00006	1	persistent	2	0	0
AJBGEP_00007	contig_1	7665	8618	+	GEGEGB_00007	1	persistent	2	0	0
AJBGEP_00008	contig_1	8729	9319	+	GEGEGB_00008	1	persistent	2	0	0
AJBGEP_00009	contig_1	9376	9942	-	GEGEGB_00009	1	persistent	2	0	0
AJBGEP_00010	contig_1	10092	10805	-	GEGEGB_00010	1	persistent	2	0	0
AJBGEP_00011	contig_1	10841	11245	-	GEGEGB_00011	1	persistent	2	0	0
AJBGEP_00012	contig_1	11593	13509	+	GEGEGB_00012	1	persistent	2	0	0
AJBGEP_00014	contig_1	13595	14734	+	GEGEGB_00014	1	persistent	2	0	1
AJBGEP_00015	contig_1	15014	15961	+	GEGEGB_00015	1	persistent	2	0	1
AJBGEP_00016	contig_1	16088	16432	+	LNHIMF_00016	1	persistent	2	0	0
AJBGEP_00017	contig_1	16493	17026	-	LNHIMF_00017	1	persistent	2	0	0
AJBGEP_00018	contig_1	17043	17486	-	GEGEGB_00018	1	persistent	2	0	0
AJBGEP_00019	contig_1	17867	19966	+	BEJGEH_00020	1	persistent	2	0	0
AJBGEP_00020	contig_1	20058	23054	+	LNHIMF_00020	1	persistent	2	0	0
AJBGEP_00021	contig_1	23335	24039	+	BEJGEH_00022	1	persistent	2	0	0
AJBGEP_00022	contig_1	24469	25011	+	LNHIMF_00022	1	persistent	2	0	0
AJBGEP_00023	contig_1	25112	25798	+	LNHIMF_00023	1	persistent	2	0	0
AJBGEP_00024	contig_1	25803	28424	+	LNHIMF_00024	1	persistent	2	0	0
AJBGEP_00025	contig_1	28425	29432	+	LNHIMF_00025	1	persistent	2	0	0
AJBGEP_00026	contig_1	29433	29978	+	LNHIMF_00026	1	persistent	2	0	0
AJBGEP_00027	contig_1	29994	30512	+	GEGEGB_00030	1	persistent	2	0	0
AJBGEP_00028	contig_1	30478	31209	+	LNHIMF_00028	1	persistent	2	0	0
AJBGEP_00029	contig_1	31274	32119	+	LNHIMF_00029	1	persistent	2	0	1
AJBGEP_00030	contig_1	32158	32445	+	LNHIMF_00030	1	persistent	2	1	0
AJBGEP_00031	contig_1	32545	32994	-	GEGEGB_00034	1	persistent	1	1	1
AJBGEP_00032	contig_1	33364	34368	+	AJBGEP_00032	1	shell	2	1	0
AJBGEP_00033	contig_1	34376	34816	-	HFCAGB_00034	1	shell	0	2	0
AJBGEP_00034	contig_1	35339	37057	+	BEJGEH_00035	1	shell	0	2	0
AJBGEP_00035	contig_1	37103	38665	-	GEGEGB_00038	1	shell	0	2	0
AJBGEP_00036	contig_1	38773	39534	-	GEGEGB_00039	1	shell	1	1	0
AJBGEP_00037	contig_1	40131	41624	+	LNHIMF_00037	1	persistent	0	2	2
AJBGEP_00038	contig_1	41723	42913	+	LNHIMF_00038	1	shell	1	1	0
AJBGEP_00039	contig_1	42938	44185	+	IKCLMC_03170	1	shell	1	1	0
AJBGEP_00040	contig_1	44312	46027	+	LNHIMF_00040	1	persistent	1	1	1
AJBGEP_00041	contig_1	46190	47356	+	LNHIMF_00041	1	persistent	2	0	1
AJBGEP_00042	contig_1	47424	48317	+	GEGEGB_00045	1	persistent	2	0	0
AJBGEP_00043	contig_1	48372	50411	-	LNHIMF_00043	1	persistent	2	0	0
AJBGEP_00044	contig_1	50451	51824	-	LNHIMF_00044	1	persistent	2	0	1
AJBGEP_00045	contig_1	52319	52528	+	LNHIMF_00045	1	persistent	2	0	0
AJBGEP_00046	contig_1	52872	53810	+	GEGEGB_00049	1	persistent	2	0	1
AJBGEP_00047	contig_1	53855	56689	+	LNHIMF_00047	1	persistent	2	0	0
AJBGEP_00048	contig_1	56689	57189	+	LNHIMF_00048	1	persistent	2	0	0
AJBGEP_00049	contig_1	57344	57793	+	GEGEGB_00052	1	persistent	2	0	0
AJBGEP_00050	contig_1	57796	58746	+	GEGEGB_00053	1	persistent	2	0	0
AJBGEP_00052	contig_1	58946	60148	+	AJBGEP_00052	1	persistent	2	0	0
AJBGEP_00053	contig_1	60164	61084	+	GEGEGB_00056	1	persistent	2	0	0
AJBGEP_00054	contig_1	61106	61792	-	GEGEGB_00057	1	persistent	2	0	0
AJBGEP_00055	contig_1	61794	63452	-	BEJGEH_00056	1	persistent	2	0	0
AJBGEP_00056	contig_1	63548	64849	-	LNHIMF_00056	3	persistent	4	0	0
AJBGEP_00057	contig_1	64862	66637	-	GEGEGB_00060	3	persistent	2	0	1
AJBGEP_00058	contig_1	66654	66893	-	AJBGEP_03535	3	persistent	3	1	0
AJBGEP_00059	contig_1	67052	68392	-	GEGEGB_00062	1	persistent	2	0	0
AJBGEP_00060	contig_1	68712	69680	+	GEGEGB_00063	1	persistent	2	0	0
AJBGEP_00061	contig_1	69710	70003	+	GEGEGB_00064	1	persistent	2	0	0
AJBGEP_00062	contig_1	70000	70869	+	LNHIMF_00062	1	persistent	2	0	0
AJBGEP_00063	contig_1	70880	72400	+	LNHIMF_00063	1	persistent	2	0	0
AJBGEP_00064	contig_1	72400	72951	+	GEGEGB_00067	1	persistent	2	0	0
AJBGEP_00065	contig_1	72929	73837	+	LNHIMF_00065	1	persistent	2	0	0
AJBGEP_00066	contig_1	74017	74838	+	GEGEGB_00069	1	persistent	2	1	1
AJBGEP_00067	contig_1	74964	75239	-	AJBGEP_00067	1	shell	2	0	0
AJBGEP_00068	contig_1	75881	77029	+	LNHIMF_00068	1	persistent	2	1	1
AJBGEP_00069	contig_1	77048	80275	+	LNHIMF_00069	1	persistent	2	1	0
AJBGEP_00071	contig_1	80499	80957	+	GEGEGB_00250	10	shell	58	4	2
AJBGEP_00072	contig_1	81260	81655	+	GEGEGB_00072	1	persistent	2	1	0
AJBGEP_00073	contig_1	81732	82328	-	GEGEGB_00073	1	persistent	2	0	0
AJBGEP_00074	contig_1	82437	83222	-	LNHIMF_00072	1	persistent	2	0	0
AJBGEP_00075	contig_1	83276	84829	-	LNHIMF_00073	1	persistent	2	0	0
AJBGEP_00076	contig_1	84892	86109	-	GEGEGB_00076	1	persistent	2	0	0
AJBGEP_00077	contig_1	86221	87363	-	GEGEGB_00077	1	persistent	2	0	0
AJBGEP_00078	contig_1	87398	88915	-	LNHIMF_00076	1	persistent	2	0	0
AJBGEP_00079	contig_1	89396	90166	+	GEGEGB_00079	1	persistent	2	0	0
AJBGEP_00080	contig_1	90182	91123	+	GEGEGB_00080	1	persistent	2	0	0
AJBGEP_00081	contig_1	91173	92459	+	GEGEGB_00081	1	persistent	2	0	0
AJBGEP_00082	contig_1	92456	92743	+	GEGEGB_00082	1	persistent	2	0	0
AJBGEP_00084	contig_1	92890	94230	+	GEGEGB_00084	1	persistent	2	0	0
AJBGEP_00085	contig_1	94319	94549	+	GEGEGB_00085	1	persistent	3	0	0
AJBGEP_00086	contig_1	94843	95259	+	GEGEGB_00086	1	persistent	2	0	0
AJBGEP_00088	contig_1	95483	95773	-	GEGEGB_00088	1	persistent	2	0	0
AJBGEP_00089	contig_1	96671	98560	+	BEJGEH_00088	1	persistent	2	0	0
AJBGEP_00090	contig_1	98967	99497	+	LNHIMF_00088	1	persistent	3	0	0
AJBGEP_00091	contig_1	99490	101352	+	GEGEGB_00093	1	persistent	2	0	0
AJBGEP_00092	contig_1	101551	102030	+	GEGEGB_00094	1	persistent	2	0	0
AJBGEP_00093	contig_1	102136	102984	-	GEGEGB_00095	1	persistent	2	0	0
AJBGEP_00094	contig_1	102995	103372	-	LNHIMF_00092	1	persistent	2	0	0
AJBGEP_00095	contig_1	103375	104196	-	GEGEGB_00097	1	persistent	2	0	0
AJBGEP_00096	contig_1	104193	105182	-	GEGEGB_00098	1	persistent	2	0	0
AJBGEP_00097	contig_1	105182	106468	-	GEGEGB_00099	1	persistent	2	0	0
AJBGEP_00098	contig_1	106522	108882	-	GEGEGB_00100	1	persistent	2	0	0
AJBGEP_00099	contig_1	109136	109948	+	GEGEGB_00101	1	persistent	2	0	0
AJBGEP_00100	contig_1	110043	110702	-	LNHIMF_00098	1	persistent	2	0	0
AJBGEP_00101	contig_1	110714	113620	-	GEGEGB_00103	1	persistent	2	0	0
AJBGEP_00102	contig_1	113794	116145	-	LNHIMF_00100	1	persistent	2	0	2
AJBGEP_00103	contig_1	116189	116809	-	HFCAGB_00098	1	persistent	2	0	1
AJBGEP_00104	contig_1	117528	117947	+	GEGEGB_00109	1	persistent	2	0	1
AJBGEP_00105	contig_1	117953	118648	-	BEJGEH_00107	1	persistent	2	0	1
AJBGEP_00106	contig_1	118789	120291	-	LNHIMF_00104	1	persistent	2	0	0
AJBGEP_00107	contig_1	120302	122011	-	GEGEGB_00112	1	persistent	2	0	0
AJBGEP_00108	contig_1	122352	123197	+	LNHIMF_00106	1	persistent	2	0	0
AJBGEP_00109	contig_1	123316	124083	+	GEGEGB_00114	1	persistent	2	0	0
AJBGEP_00110	contig_1	124122	124829	-	GEGEGB_00115	1	persistent	2	0	0
AJBGEP_00111	contig_1	124813	126423	-	LNHIMF_00109	1	persistent	2	0	0
AJBGEP_00112	contig_1	126399	127382	-	GEGEGB_00117	1	persistent	2	0	0
AJBGEP_00113	contig_1	127560	129218	-	GEGEGB_00118	1	persistent	2	0	0
AJBGEP_00115	contig_1	129311	129433	+	GEGEGB_00120	1	persistent	2	0	1
AJBGEP_00116	contig_1	129769	130374	-	LNHIMF_00114	1	persistent	2	0	1
AJBGEP_00117	contig_1	130385	131785	-	GEGEGB_00122	1	persistent	2	0	0
AJBGEP_00118	contig_1	131788	132879	-	LNHIMF_00116	1	persistent	2	0	0
AJBGEP_00119	contig_1	132879	134450	-	LNHIMF_00117	1	persistent	2	0	0
AJBGEP_00120	contig_1	134538	134624	-	LNHIMF_00118	1	persistent	2	0	0
AJBGEP_00121	contig_1	135281	136225	+	LNHIMF_00119	1	persistent	2	0	0
AJBGEP_00122	contig_1	136547	138271	+	BEJGEH_00124	1	persistent	2	0	0
AJBGEP_00123	contig_1	138271	138765	+	LNHIMF_00121	1	persistent	2	0	0
AJBGEP_00124	contig_1	139049	140053	+	GEGEGB_00129	1	persistent	2	0	0
AJBGEP_00125	contig_1	140659	141117	+	LNHIMF_00123	1	persistent	2	0	0
AJBGEP_00126	contig_1	141119	142060	+	LNHIMF_00124	1	persistent	2	0	0
AJBGEP_00127	contig_1	142057	142422	+	GEGEGB_00132	1	persistent	2	0	0
AJBGEP_00128	contig_1	142438	144204	+	GEGEGB_00133	1	persistent	2	0	0
AJBGEP_00129	contig_1	144191	145678	+	GEGEGB_00134	1	persistent	2	0	0
AJBGEP_00130	contig_1	145675	147033	+	LNHIMF_00128	1	persistent	2	0	0
AJBGEP_00131	contig_1	147027	148109	+	GEGEGB_00136	1	persistent	2	0	0
AJBGEP_00132	contig_1	148112	149428	+	LNHIMF_00130	1	persistent	2	0	0
AJBGEP_00133	contig_1	149428	150672	+	GEGEGB_00138	1	persistent	2	0	0
AJBGEP_00134	contig_1	150669	151736	+	LNHIMF_00132	1	persistent	2	0	0
AJBGEP_00135	contig_1	151855	153330	+	GEGEGB_00140	1	persistent	2	0	0
AJBGEP_00136	contig_1	153323	154243	+	HFCAGB_00133	1	persistent	2	0	0
AJBGEP_00137	contig_1	154245	155075	+	GEGEGB_00142	1	persistent	2	0	0
AJBGEP_00138	contig_1	155072	156334	+	GEGEGB_00143	1	persistent	2	0	0
AJBGEP_00140	contig_1	156395	157546	+	LNHIMF_00138	1	persistent	2	0	0
AJBGEP_00141	contig_1	157647	158564	+	LNHIMF_00139	1	persistent	2	0	0
AJBGEP_00142	contig_1	158843	159340	+	GEGEGB_00147	1	persistent	2	0	0
AJBGEP_00143	contig_1	159402	162107	+	LNHIMF_00141	1	persistent	2	0	0
AJBGEP_00145	contig_1	162259	162654	+	GEGEGB_00150	1	persistent	2	0	2
AJBGEP_00146	contig_1	162976	163167	-	GEGEGB_00153	1	persistent	2	0	1
AJBGEP_00147	contig_1	163177	163920	-	GEGEGB_00154	1	persistent	2	0	0
AJBGEP_00148	contig_1	163920	164540	-	GEGEGB_00155	1	persistent	2	0	0
AJBGEP_00149	contig_1	164766	165809	+	GEGEGB_00156	1	persistent	2	0	0
AJBGEP_00150	contig_1	165840	167042	-	LNHIMF_00148	1	persistent	2	0	0
AJBGEP_00151	contig_1	167032	168417	-	LNHIMF_00149	1	persistent	2	0	0
AJBGEP_00152	contig_1	168427	168864	-	GEGEGB_00159	1	persistent	2	0	0
AJBGEP_00153	contig_1	169086	169979	-	LNHIMF_00151	1	persistent	2	0	0
AJBGEP_00154	contig_1	170067	170630	+	GEGEGB_00161	1	persistent	2	0	0
AJBGEP_00155	contig_1	170627	171481	+	LNHIMF_00153	1	persistent	2	0	0
AJBGEP_00156	contig_1	171573	172523	-	LNHIMF_00154	1	persistent	2	0	0
AJBGEP_00157	contig_1	172523	173929	-	BEJGEH_00161	1	persistent	2	0	0
AJBGEP_00158	contig_1	174093	175463	-	GEGEGB_00165	1	persistent	2	0	0
AJBGEP_00159	contig_1	176029	176793	+	GEGEGB_00166	1	persistent	2	0	0
AJBGEP_00161	contig_1	176953	179616	+	GEGEGB_00168	1	persistent	2	0	0
AJBGEP_00162	contig_1	179631	181520	+	BEJGEH_00166	1	persistent	2	0	0
AJBGEP_00163	contig_1	181720	183144	+	GEGEGB_00170	1	persistent	2	0	0
AJBGEP_00165	contig_1	183433	183717	+	GEGEGB_00172	1	persistent	2	0	0
AJBGEP_00166	contig_1	183755	184546	-	GEGEGB_00173	1	persistent	2	0	0
AJBGEP_00167	contig_1	184559	185332	-	GEGEGB_00174	2	persistent	2	0	0
AJBGEP_00168	contig_1	185316	186173	-	GEGEGB_00174	2	persistent	2	0	0
AJBGEP_00169	contig_1	186562	189159	+	GEGEGB_00175	1	persistent	2	1	2
AJBGEP_00170	contig_1	189220	190062	-	AJBGEP_00170	1	cloud	2	0	0
AJBGEP_00171	contig_1	190308	190670	+	BEJGEH_00180	1	persistent	2	1	1
AJBGEP_00172	contig_1	190905	191858	+	GEGEGB_00177	1	persistent	2	0	0
AJBGEP_00173	contig_1	191855	193126	+	LNHIMF_00169	1	persistent	2	0	0
AJBGEP_00174	contig_1	193116	194099	+	LNHIMF_00170	1	persistent	2	0	0
AJBGEP_00175	contig_1	194109	194876	+	GEGEGB_00180	1	persistent	2	0	0
AJBGEP_00176	contig_1	194906	195700	-	GEGEGB_00181	1	persistent	2	0	0
AJBGEP_00177	contig_1	195721	196581	-	BEJGEH_00186	1	persistent	2	0	0
AJBGEP_00178	contig_1	196688	197074	-	GEGEGB_00183	1	persistent	2	0	0
AJBGEP_00179	contig_1	197237	198847	+	GEGEGB_00184	1	persistent	2	0	0
AJBGEP_00180	contig_1	198925	201315	-	GEGEGB_00185	1	persistent	2	0	0
AJBGEP_00181	contig_1	201521	202057	+	LNHIMF_00177	1	persistent	2	0	0
AJBGEP_00182	contig_1	202115	202777	-	LNHIMF_00178	1	persistent	2	0	0
AJBGEP_00183	contig_1	202886	203812	+	LNHIMF_00179	1	persistent	2	0	0
AJBGEP_00184	contig_1	203809	204579	+	GEGEGB_00189	1	persistent	3	0	0
AJBGEP_00185	contig_1	204696	205775	-	BEJGEH_00194	1	persistent	2	0	0
AJBGEP_00186	contig_1	205784	208342	-	LNHIMF_00182	1	persistent	2	0	0
AJBGEP_00187	contig_1	208357	209040	-	BEJGEH_00196	1	persistent	2	0	0
AJBGEP_00188	contig_1	209088	209627	-	PAPNPA_03682	1	persistent	2	0	0
AJBGEP_00189	contig_1	209997	210437	+	LNHIMF_00185	1	persistent	3	0	0
AJBGEP_00190	contig_1	210499	211728	+	BEJGEH_00199	1	persistent	2	0	1
AJBGEP_00191	contig_1	211735	212115	-	GEGEGB_00192	1	persistent	2	0	1
AJBGEP_00192	contig_1	212210	213064	-	LNHIMF_00188	1	persistent	2	0	0
AJBGEP_00193	contig_1	213190	213981	-	LNHIMF_00189	1	persistent	2	0	2
AJBGEP_00194	contig_1	214102	214581	-	GEGEGB_00202	1	persistent	2	0	2
AJBGEP_00195	contig_1	214578	215996	-	LNHIMF_00198	1	persistent	2	0	0
AJBGEP_00196	contig_1	216137	217078	-	GEGEGB_00204	1	persistent	2	0	0
AJBGEP_00197	contig_1	217102	217557	-	GEGEGB_00205	1	persistent	2	0	0
AJBGEP_00198	contig_1	217734	218438	-	LNHIMF_00201	1	persistent	2	0	0
AJBGEP_00199	contig_1	218455	218985	-	GEGEGB_00207	1	persistent	2	0	0
AJBGEP_00200	contig_1	219013	221487	+	LNHIMF_00203	1	persistent	2	0	0
AJBGEP_00201	contig_1	221628	224150	+	LNHIMF_00204	1	persistent	2	0	1
AJBGEP_00202	contig_1	224443	226632	+	LNHIMF_00205	1	persistent	2	0	0
AJBGEP_00203	contig_1	226681	227478	+	GEGEGB_00212	1	persistent	2	0	1
AJBGEP_00204	contig_1	227478	228368	+	LNHIMF_00207	1	persistent	2	0	0
AJBGEP_00205	contig_1	228365	230422	+	LNHIMF_00208	1	persistent	2	2	1
AJBGEP_00206	contig_1	230459	230665	+	HFCAGB_00205	1	shell	1	1	0
AJBGEP_00207	contig_1	231361	231921	+	BEJGEH_00216	1	shell	1	2	1
AJBGEP_00208	contig_1	232007	234664	+	HFCAGB_00207	1	shell	0	2	0
AJBGEP_00209	contig_1	234682	235434	+	BEJGEH_00218	1	shell	0	2	0
AJBGEP_00210	contig_1	235453	235965	+	BEJGEH_00219	1	shell	0	2	0
AJBGEP_00211	contig_1	235962	236438	+	BEJGEH_00220	1	shell	0	2	0
AJBGEP_00212	contig_1	236438	236968	+	HFCAGB_00211	1	shell	0	2	1
AJBGEP_00213	contig_1	236968	237807	+	HFCAGB_00212	1	shell	1	1	0
AJBGEP_00214	contig_1	237915	239195	-	GEGEGB_00215	1	persistent	2	1	1
AJBGEP_00215	contig_1	239365	240786	+	LNHIMF_00210	1	persistent	2	0	0
AJBGEP_00216	contig_1	240868	241212	+	GEGEGB_00217	1	persistent	2	0	1
AJBGEP_00217	contig_1	241313	241936	-	GEGEGB_00218	1	persistent	2	0	1
AJBGEP_00218	contig_1	241973	242773	-	LNHIMF_00213	1	persistent	2	0	0
AJBGEP_00219	contig_1	242766	243464	-	GEGEGB_00220	1	persistent	2	0	0
AJBGEP_00220	contig_1	243549	245066	+	GEGEGB_00221	1	persistent	2	0	0
AJBGEP_00221	contig_1	245196	246623	+	LNHIMF_00216	1	persistent	2	0	0
AJBGEP_00222	contig_1	246776	247933	+	GEGEGB_00223	1	persistent	2	0	1
AJBGEP_00223	contig_1	248022	248408	-	GEGEGB_00224	1	persistent	2	0	2
AJBGEP_00224	contig_1	248932	249957	+	BEJGEH_00234	1	persistent	2	0	1
AJBGEP_00225	contig_1	249994	250818	-	LNHIMF_00221	1	persistent	2	0	0
AJBGEP_00226	contig_1	250848	253520	-	GEGEGB_00228	1	persistent	2	0	0
AJBGEP_00227	contig_1	253757	254551	-	GEGEGB_00229	1	persistent	2	0	1
AJBGEP_00229	contig_1	255002	255727	+	GEGEGB_00231	1	persistent	2	0	0
AJBGEP_00231	contig_1	255913	256836	+	GEGEGB_00233	1	persistent	2	0	0
AJBGEP_00232	contig_1	256981	257706	+	GEGEGB_00234	1	persistent	2	0	0
AJBGEP_00233	contig_1	257853	258410	+	GEGEGB_00235	1	persistent	2	0	0
AJBGEP_00234	contig_1	258551	259747	+	LNHIMF_00230	1	persistent	2	0	0
AJBGEP_00235	contig_1	260060	260818	+	BEJGEH_00245	1	persistent	2	0	0
AJBGEP_00236	contig_1	260831	261688	+	GEGEGB_00238	1	persistent	2	0	0
AJBGEP_00237	contig_1	261700	263052	+	GEGEGB_00239	1	persistent	2	0	0
AJBGEP_00238	contig_1	263084	265498	+	GEGEGB_00240	1	persistent	2	0	0
AJBGEP_00239	contig_1	265621	266106	+	GEGEGB_00241	1	persistent	2	0	0
AJBGEP_00240	contig_1	266110	267135	+	GEGEGB_00242	1	persistent	2	0	0
AJBGEP_00241	contig_1	267241	267696	+	GEGEGB_00243	1	persistent	2	0	0
AJBGEP_00242	contig_1	267700	268488	+	LNHIMF_00238	1	persistent	2	0	0
AJBGEP_00243	contig_1	268488	269636	+	GEGEGB_00245	1	persistent	2	0	0
AJBGEP_00244	contig_1	269633	270229	+	GEGEGB_00246	1	persistent	2	0	0
AJBGEP_00245	contig_1	270253	273735	+	GEGEGB_00247	1	persistent	2	0	0
AJBGEP_00246	contig_1	273748	274707	+	GEGEGB_00248	1	persistent	2	1	0
AJBGEP_00247	contig_1	274887	276650	+	BEJGEH_00257	1	persistent	2	1	0
AJBGEP_00248	contig_1	276726	278867	+	LNHIMF_00245	1	persistent	2	0	0
AJBGEP_00249	contig_1	278923	279312	+	GEGEGB_00254	1	persistent	2	0	0
AJBGEP_00250	contig_1	279375	280667	+	GEGEGB_00255	1	persistent	2	0	0
AJBGEP_00251	contig_1	280751	281011	-	GEGEGB_00256	1	persistent	2	0	0
AJBGEP_00252	contig_1	280998	281198	-	GEGEGB_00257	1	persistent	2	0	0
AJBGEP_00253	contig_1	281396	281941	+	GEGEGB_00258	1	persistent	2	0	0
AJBGEP_00254	contig_1	281938	282360	+	GEGEGB_00259	1	persistent	2	0	0
AJBGEP_00255	contig_1	282392	283093	+	GEGEGB_00260	1	persistent	2	2	0
AJBGEP_00256	contig_1	283167	284885	-	GEGEGB_00264	1	persistent	2	1	1
AJBGEP_00257	contig_1	284996	285703	-	LNHIMF_00254	1	persistent	2	0	0
AJBGEP_00258	contig_1	285700	286104	-	GEGEGB_00266	1	persistent	2	0	0
AJBGEP_00259	contig_1	286223	287038	-	LNHIMF_00256	1	persistent	2	0	0
AJBGEP_00260	contig_1	287077	287730	-	LNHIMF_00257	1	persistent	2	0	0
AJBGEP_00261	contig_1	287723	288754	-	LNHIMF_00258	1	persistent	2	0	0
AJBGEP_00262	contig_1	288944	289510	+	GEGEGB_00270	1	persistent	3	0	0
AJBGEP_00270	contig_1	295769	296572	+	LNHIMF_00267	1	persistent	3	0	0
AJBGEP_00271	contig_1	296593	297507	-	LNHIMF_00268	1	persistent	2	0	0
AJBGEP_00272	contig_1	297612	298787	+	LNHIMF_00269	1	persistent	2	0	0
AJBGEP_00273	contig_1	298919	299719	+	LNHIMF_00270	1	persistent	2	0	0
AJBGEP_00274	contig_1	299797	300567	+	LNHIMF_00271	1	persistent	2	0	0
AJBGEP_00275	contig_1	300623	301843	-	GEGEGB_02743	1	persistent	2	0	0
AJBGEP_00276	contig_1	302062	302817	-	LNHIMF_00273	1	persistent	2	0	0
AJBGEP_00277	contig_1	302852	303574	+	LNHIMF_00274	1	persistent	2	0	0
AJBGEP_00278	contig_1	303571	304038	-	GEGEGB_02740	1	persistent	2	0	0
AJBGEP_00279	contig_1	304093	304833	+	GEGEGB_02739	1	persistent	2	0	2
AJBGEP_00281	contig_1	305365	306420	-	HFCAGB_00281	1	persistent	1	1	1
AJBGEP_00282	contig_1	306431	307426	-	AJBGEP_00282	1	shell	1	1	0
AJBGEP_00283	contig_1	307423	309306	-	LNHIMF_00280	1	shell	0	2	0
AJBGEP_00284	contig_1	309322	309816	-	GEGEGB_02733	1	shell	0	2	0
AJBGEP_00285	contig_1	309813	310637	-	LNHIMF_00282	1	shell	0	2	0
AJBGEP_00286	contig_1	310624	311526	-	GEGEGB_02731	1	shell	0	3	1
AJBGEP_00287	contig_1	311894	314533	+	IKCLMC_02021	1	shell	0	2	1
AJBGEP_00288	contig_1	314633	315175	+	GEGEGB_02727	1	shell	0	2	1
AJBGEP_00289	contig_1	315199	316692	+	LNHIMF_00288	1	shell	0	2	2
AJBGEP_00290	contig_1	316878	317324	+	HFCAGB_00291	1	shell	0	2	1
AJBGEP_00291	contig_1	317578	318063	+	GEGEGB_02722	2	shell	0	4	1
AJBGEP_00292	contig_1	318368	318853	+	AJBGEP_00292	1	shell	0	3	0
AJBGEP_00293	contig_1	318850	319221	+	PAPNPA_01836	1	shell	0	2	0
AJBGEP_00294	contig_1	319364	319849	+	GEGEGB_02722	2	shell	0	4	1
AJBGEP_00295	contig_1	319916	320452	+	GEGEGB_02721	1	shell	0	3	0
AJBGEP_00296	contig_1	320456	321799	+	GEGEGB_02720	1	shell	0	2	0
AJBGEP_00297	contig_1	321796	323100	+	GEGEGB_02719	1	shell	0	2	0
AJBGEP_00298	contig_1	323105	323878	+	HFCAGB_00296	1	shell	0	2	2
AJBGEP_00299	contig_1	324156	324512	+	AJBGEP_00299	1	shell	0	2	1
AJBGEP_00300	contig_1	324546	328415	+	HFCAGB_00298	1	shell	0	2	1
AJBGEP_00301	contig_1	328415	329203	+	HFCAGB_00299	1	shell	0	3	2
AJBGEP_00302	contig_1	329230	329616	+	GEGEGB_02711	1	shell	0	3	2
AJBGEP_00303	contig_1	329643	330161	+	BENMGJ_03886	1	shell	0	2	0
AJBGEP_00304	contig_1	330558	332747	+	PAPNPA_01857	1	shell	0	2	2
AJBGEP_00305	contig_1	332771	333217	+	GEGEGB_02708	1	shell	0	2	0
AJBGEP_00306	contig_1	333236	337330	+	AJBGEP_00306	1	shell	0	2	7
AJBGEP_00307	contig_1	337324	337587	+	OEKLIE_01803	1	cloud	0	1	1
AJBGEP_00308	contig_1	337747	338520	+	OEKLIE_01804	1	cloud	0	1	1
AJBGEP_00309	contig_1	338514	338960	+	LNHIMF_00308	1	shell	0	2	3
AJBGEP_00310	contig_1	339288	339425	-	OEKLIE_01806	1	cloud	0	2	1
AJBGEP_00311	contig_1	339523	339960	+	IKCLMC_02056	1	shell	0	2	1
AJBGEP_00312	contig_1	340013	340288	-	BENMGJ_03891	1	shell	0	2	4
AJBGEP_00314	contig_1	340786	341037	+	AJBGEP_00314	1	shell	0	3	3
AJBGEP_00315	contig_1	341030	341188	+	BEJGEH_00304	1	shell	0	2	0
AJBGEP_00316	contig_1	341440	341637	+	AJBGEP_00316	1	shell	1	2	3
AJBGEP_00317	contig_1	341863	342144	+	AJBGEP_00317	1	shell	1	4	4
AJBGEP_00318	contig_1	342906	343406	+	AJBGEP_00318	1	shell	1	1	0
AJBGEP_00319	contig_1	343514	344227	+	PAPNPA_01873	1	persistent	1	2	3
AJBGEP_00320	contig_1	344251	346761	+	BEJGEH_00308	1	persistent	2	0	0
AJBGEP_00321	contig_1	346783	347253	+	GEGEGB_02695	1	persistent	2	0	0
AJBGEP_00322	contig_1	347659	348480	+	LNHIMF_00320	1	persistent	2	0	1
AJBGEP_00323	contig_1	348362	348973	-	HFCAGB_00322	1	cloud	2	0	0
AJBGEP_00324	contig_1	349295	350242	+	LNHIMF_00321	1	persistent	2	1	4
AJBGEP_00325	contig_1	350578	351297	-	LNHIMF_00332	1	persistent	2	0	3
AJBGEP_00326	contig_1	351628	352035	-	GEGEGB_02682	1	persistent	2	0	0
AJBGEP_00327	contig_1	352406	353173	-	LNHIMF_00334	1	persistent	2	0	0
AJBGEP_00328	contig_1	353282	355726	-	LNHIMF_00335	1	persistent	2	0	0
AJBGEP_00329	contig_1	355966	356544	+	GEGEGB_02679	1	persistent	2	0	0
AJBGEP_00330	contig_1	356757	357524	+	LNHIMF_00337	1	persistent	2	0	0
AJBGEP_00331	contig_1	357495	358235	-	GEGEGB_02677	1	persistent	2	0	0
AJBGEP_00332	contig_1	358485	359540	+	GEGEGB_02676	1	persistent	2	0	0
AJBGEP_00333	contig_1	359759	360733	+	LNHIMF_00340	2	persistent	2	0	0
AJBGEP_00334	contig_1	360730	360891	+	LNHIMF_00340	2	persistent	2	0	0
AJBGEP_00335	contig_1	360888	361502	+	GEGEGB_02674	1	persistent	2	0	0
AJBGEP_00336	contig_1	361658	363115	-	LNHIMF_00342	1	persistent	2	0	0
AJBGEP_00337	contig_1	363364	363822	+	GEGEGB_02672	1	persistent	2	0	0
AJBGEP_00338	contig_1	363911	365155	+	LNHIMF_00344	1	persistent	2	0	0
AJBGEP_00339	contig_1	365213	365614	+	GEGEGB_02670	1	persistent	2	0	0
AJBGEP_00340	contig_1	365665	366717	-	GEGEGB_02669	1	persistent	2	0	0
AJBGEP_00341	contig_1	367000	368103	+	GEGEGB_02668	1	persistent	2	0	0
AJBGEP_00342	contig_1	368115	369365	+	HFCAGB_00340	1	persistent	2	3	3
AJBGEP_00344	contig_1	370356	370658	+	PKJKAM_03420	1	shell	1	4	0
AJBGEP_00345	contig_1	370609	370953	+	AJBGEP_00345	1	shell	0	3	0
AJBGEP_00346	contig_1	370898	371314	+	AJBGEP_00346	1	shell	0	4	0
AJBGEP_00347	contig_1	371448	371747	+	BEJGEH_00336	1	shell	0	2	1
AJBGEP_00348	contig_1	372094	373326	+	BEJGEH_00337	1	shell	0	2	0
AJBGEP_00349	contig_1	373458	374879	+	BEJGEH_00338	1	shell	0	2	0
AJBGEP_00350	contig_1	374881	375507	+	BEJGEH_00339	1	shell	0	2	1
AJBGEP_00351	contig_1	375522	376400	+	BEJGEH_00340	1	shell	0	2	0
AJBGEP_00352	contig_1	376400	377314	+	BEJGEH_00341	1	shell	0	2	1
AJBGEP_00353	contig_1	377348	378313	+	BEJGEH_00342	1	shell	0	2	0
AJBGEP_00354	contig_1	378258	378530	-	BEJGEH_00343	1	shell	2	1	0
AJBGEP_00355	contig_1	379221	379619	+	BEJGEH_00344	1	persistent	2	2	0
AJBGEP_00356	contig_1	379666	380424	-	GEGEGB_02664	1	persistent	2	1	1
AJBGEP_00357	contig_1	380390	381715	-	BEJGEH_00346	1	persistent	2	1	3
AJBGEP_00358	contig_1	381720	384287	-	LNHIMF_00366	1	persistent	2	0	0
AJBGEP_00359	contig_1	384271	385032	-	BEJGEH_00348	1	persistent	2	0	0
AJBGEP_00360	contig_1	385094	385630	-	GEGEGB_02659	1	persistent	2	0	0
AJBGEP_00361	contig_1	386294	387028	+	LNHIMF_00369	1	persistent	2	0	0
AJBGEP_00362	contig_1	387001	387501	+	LNHIMF_00370	1	persistent	2	0	0
AJBGEP_00363	contig_1	387801	389375	+	LNHIMF_00371	1	persistent	2	0	0
AJBGEP_00364	contig_1	389475	390218	+	LNHIMF_00372	1	persistent	2	0	0
AJBGEP_00365	contig_1	390191	390679	+	LNHIMF_00373	1	persistent	2	0	0
AJBGEP_00366	contig_1	391081	391605	+	GEGEGB_02652	1	persistent	2	0	0
AJBGEP_00367	contig_1	391863	392390	+	LNHIMF_00375	1	persistent	2	0	0
AJBGEP_00368	contig_1	392683	393042	+	LNHIMF_00376	1	persistent	2	0	0
AJBGEP_00369	contig_1	393112	394569	-	BEJGEH_00358	1	persistent	3	0	0
AJBGEP_00370	contig_1	394586	397753	-	LNHIMF_00378	1	persistent	2	0	0
AJBGEP_00371	contig_1	397750	398976	-	BEJGEH_00360	1	persistent	2	0	0
AJBGEP_00372	contig_1	399253	401541	+	HFCAGB_00372	1	persistent	2	0	0
AJBGEP_00373	contig_1	401553	402017	+	LNHIMF_00381	1	persistent	2	0	0
AJBGEP_00374	contig_1	402095	402289	+	GEGEGB_02648	1	persistent	3	0	1
AJBGEP_00375	contig_1	402582	403835	+	LNHIMF_00383	1	persistent	2	0	1
AJBGEP_00376	contig_1	404024	405982	+	GEGEGB_02645	1	persistent	2	0	0
AJBGEP_00377	contig_1	405992	408964	+	BEJGEH_00367	1	persistent	2	0	0
AJBGEP_00378	contig_1	409241	409342	+	GEGEGB_02642	1	persistent	2	0	0
AJBGEP_00379	contig_1	409459	410862	+	LNHIMF_00387	1	persistent	2	0	0
AJBGEP_00380	contig_1	410859	411869	+	LNHIMF_00388	1	persistent	2	0	0
AJBGEP_00381	contig_1	411869	412000	+	GEGEGB_02639	1	persistent	2	0	0
AJBGEP_00382	contig_1	412206	413210	+	GEGEGB_02638	1	persistent	2	0	0
AJBGEP_00383	contig_1	413374	415464	+	LNHIMF_00391	1	persistent	2	0	0
AJBGEP_00384	contig_1	415505	416137	-	LNHIMF_00392	1	persistent	2	0	0
AJBGEP_00385	contig_1	416369	416644	+	GEGEGB_02635	1	persistent	2	0	0
AJBGEP_00386	contig_1	416780	418405	-	LNHIMF_00394	1	persistent	2	0	0
AJBGEP_00387	contig_1	418670	419557	+	GEGEGB_02633	1	persistent	2	0	0
AJBGEP_00388	contig_1	419680	420849	+	GEGEGB_02632	1	persistent	2	0	0
AJBGEP_00389	contig_1	420889	422340	+	LNHIMF_00397	1	persistent	2	0	0
AJBGEP_00390	contig_1	422381	424267	+	LNHIMF_00398	1	persistent	2	0	0
AJBGEP_00391	contig_1	424371	425345	-	GEGEGB_02629	1	persistent	1	1	3
AJBGEP_00392	contig_1	425858	428794	+	AJBGEP_00392	1	shell	2	0	0
AJBGEP_00393	contig_1	428880	429503	+	BEJGEH_00383	1	persistent	1	1	3
AJBGEP_00394	contig_1	429548	430705	-	GEGEGB_02626	1	persistent	2	0	0
AJBGEP_00395	contig_1	431052	432272	+	LNHIMF_00403	1	persistent	2	0	0
AJBGEP_00396	contig_1	432287	433381	+	LNHIMF_00404	1	persistent	2	0	0
AJBGEP_00397	contig_1	433419	433727	-	GEGEGB_02623	1	persistent	2	0	0
AJBGEP_00398	contig_1	433995	434210	+	GEGEGB_02622	1	persistent	2	0	0
AJBGEP_00399	contig_1	434236	435348	-	GEGEGB_02621	1	persistent	2	0	0
AJBGEP_00400	contig_1	435438	436121	+	LNHIMF_00408	1	persistent	2	0	0
AJBGEP_00401	contig_1	436290	437501	+	GEGEGB_02619	1	persistent	2	0	0
AJBGEP_00402	contig_1	437798	438058	+	GEGEGB_02618	1	persistent	2	0	0
AJBGEP_00403	contig_1	438410	438730	+	GEGEGB_02617	1	persistent	2	0	0
AJBGEP_00404	contig_1	438822	439934	+	LNHIMF_00412	1	persistent	2	0	0
AJBGEP_00405	contig_1	439949	440758	-	LNHIMF_00413	1	persistent	2	0	0
AJBGEP_00406	contig_1	440898	441353	+	GEGEGB_02614	1	persistent	2	0	0
AJBGEP_00407	contig_1	441538	442083	+	GEGEGB_02613	1	persistent	2	0	0
AJBGEP_00408	contig_1	442110	442301	+	GEGEGB_02612	1	persistent	2	0	0
AJBGEP_00409	contig_1	442552	443229	+	LNHIMF_00417	1	persistent	2	0	0
AJBGEP_00410	contig_1	443300	443584	+	GEGEGB_02609	1	persistent	2	0	0
AJBGEP_00411	contig_1	443622	444533	-	GEGEGB_02608	1	persistent	2	0	0
AJBGEP_00412	contig_1	444659	445567	+	GEGEGB_02607	1	persistent	2	0	0
AJBGEP_00413	contig_1	445589	446761	-	LNHIMF_00421	1	persistent	2	0	0
AJBGEP_00414	contig_1	446934	450074	-	LNHIMF_00422	1	persistent	2	0	0
AJBGEP_00415	contig_1	450071	451273	-	LNHIMF_00423	1	persistent	2	0	0
AJBGEP_00416	contig_1	451488	452177	+	GEGEGB_02602	1	persistent	2	0	0
AJBGEP_00417	contig_1	452247	453542	+	LNHIMF_00425	1	persistent	2	0	0
AJBGEP_00418	contig_1	453951	455270	+	GEGEGB_02600	1	persistent	2	1	0
AJBGEP_00419	contig_1	455345	456715	+	LNHIMF_00427	1	persistent	2	1	0
AJBGEP_00420	contig_1	456877	458694	+	LNHIMF_00428	1	persistent	2	0	0
AJBGEP_00421	contig_1	458766	459368	-	GEGEGB_02595	1	persistent	2	0	0
AJBGEP_00422	contig_1	459578	460159	-	GEGEGB_02594	1	persistent	2	0	0
AJBGEP_00423	contig_1	460253	461317	+	LNHIMF_00431	1	persistent	2	0	0
AJBGEP_00424	contig_1	461514	462641	+	LNHIMF_00432	1	persistent	2	0	0
AJBGEP_00425	contig_1	462664	462996	+	GEGEGB_02591	1	persistent	2	0	0
AJBGEP_00426	contig_1	463057	464871	+	GEGEGB_02590	1	persistent	2	0	0
AJBGEP_00427	contig_1	464882	465853	+	GEGEGB_02589	1	persistent	2	1	0
AJBGEP_00428	contig_1	466001	466366	+	GEGEGB_02588	1	shell	1	1	0
AJBGEP_00429	contig_1	466392	467084	+	GEGEGB_02587	1	shell	1	1	0
AJBGEP_00430	contig_1	467254	467601	+	GEGEGB_02586	1	persistent	2	1	0
AJBGEP_00432	contig_1	468039	468146	+	LNHIMF_00437	1	persistent	2	0	0
AJBGEP_00433	contig_1	468230	469093	-	GEGEGB_02583	1	persistent	2	0	0
AJBGEP_00434	contig_1	469393	469932	-	LNHIMF_00440	1	persistent	2	0	0
AJBGEP_00435	contig_1	470084	470533	+	GEGEGB_02581	1	persistent	2	0	0
AJBGEP_00436	contig_1	470537	471640	+	LNHIMF_00442	1	persistent	2	0	0
AJBGEP_00437	contig_1	471729	472199	+	GEGEGB_02579	1	persistent	2	0	0
AJBGEP_00438	contig_1	472220	472639	+	LNHIMF_00444	1	persistent	2	0	0
AJBGEP_00439	contig_1	472718	473695	+	LNHIMF_00445	1	persistent	2	0	0
AJBGEP_00440	contig_1	473673	474188	+	GEGEGB_02576	1	persistent	2	0	0
AJBGEP_00441	contig_1	474292	475266	-	LNHIMF_00447	1	persistent	2	0	0
AJBGEP_00442	contig_1	475323	477185	-	LNHIMF_00448	1	persistent	2	0	0
AJBGEP_00443	contig_1	477209	478108	-	GEGEGB_02573	1	persistent	2	0	0
AJBGEP_00444	contig_1	478109	478351	-	GEGEGB_02572	1	persistent	2	0	0
AJBGEP_00445	contig_1	478561	480009	+	LNHIMF_00451	1	persistent	2	0	0
AJBGEP_00446	contig_1	480053	480850	-	LNHIMF_00452	1	persistent	2	0	0
AJBGEP_00447	contig_1	480853	481713	-	HFCAGB_00451	1	persistent	2	0	0
AJBGEP_00448	contig_1	481716	482825	-	LNHIMF_00454	1	persistent	2	0	0
AJBGEP_00449	contig_1	482831	483844	-	LNHIMF_00455	1	persistent	2	0	0
AJBGEP_00450	contig_1	484042	484761	-	GEGEGB_02566	1	persistent	2	0	0
AJBGEP_00451	contig_1	484901	486004	+	GEGEGB_02565	1	persistent	2	0	0
AJBGEP_00452	contig_1	486014	486823	+	GEGEGB_02564	1	persistent	2	0	0
AJBGEP_00453	contig_1	486920	487510	-	GEGEGB_02563	1	persistent	2	0	0
AJBGEP_00454	contig_1	487473	488384	-	LNHIMF_00460	1	persistent	2	0	0
AJBGEP_00455	contig_1	488510	489001	+	LNHIMF_00461	1	persistent	2	0	0
AJBGEP_00456	contig_1	489048	490412	-	GEGEGB_02560	1	persistent	3	0	1
AJBGEP_00457	contig_1	490949	492460	+	HFCAGB_00461	1	persistent	1	1	2
AJBGEP_00458	contig_1	492472	493965	+	AJBGEP_00458	1	shell	2	0	0
AJBGEP_00459	contig_1	494047	494937	-	GEGEGB_02554	1	persistent	2	1	1
AJBGEP_00460	contig_1	494949	495278	-	GEGEGB_02553	1	persistent	2	0	0
AJBGEP_00461	contig_1	495278	495892	-	LNHIMF_00465	1	persistent	2	0	0
AJBGEP_00462	contig_1	495882	497873	-	GEGEGB_02551	1	persistent	2	0	0
AJBGEP_00463	contig_1	497884	498840	-	GEGEGB_02550	1	persistent	2	0	0
AJBGEP_00464	contig_1	499293	500774	-	GEGEGB_02549	1	persistent	2	0	0
AJBGEP_00465	contig_1	500812	501444	-	GEGEGB_02548	1	persistent	2	0	0
AJBGEP_00466	contig_1	501697	502011	+	GEGEGB_02547	1	persistent	2	0	0
AJBGEP_00467	contig_1	502358	503656	+	GEGEGB_02546	1	persistent	2	0	0
AJBGEP_00468	contig_1	503903	504526	+	GEGEGB_02545	1	persistent	2	0	0
AJBGEP_00469	contig_1	504778	506049	+	LNHIMF_00473	1	persistent	2	0	0
AJBGEP_00471	contig_1	506235	508589	+	GEGEGB_02542	1	persistent	2	0	0
AJBGEP_00472	contig_1	508798	509070	+	GEGEGB_02541	1	persistent	2	0	0
AJBGEP_00473	contig_1	509361	511232	+	GEGEGB_02540	1	persistent	2	0	0
AJBGEP_00474	contig_1	511382	511756	+	GEGEGB_02539	1	persistent	2	0	0
AJBGEP_00475	contig_1	511860	512258	+	GEGEGB_02538	1	persistent	2	0	0
AJBGEP_00476	contig_1	512364	513059	-	GEGEGB_02537	1	persistent	2	0	0
AJBGEP_00477	contig_1	513124	514824	-	GEGEGB_02536	1	persistent	2	0	0
AJBGEP_00478	contig_1	514925	515743	+	GEGEGB_02535	1	persistent	2	0	1
AJBGEP_00479	contig_1	515792	516847	-	LNHIMF_00483	1	persistent	2	1	0
AJBGEP_00480	contig_1	516960	517418	+	GEGEGB_02530	1	persistent	2	0	0
AJBGEP_00481	contig_1	517459	519231	+	GEGEGB_02529	1	persistent	2	0	0
AJBGEP_00482	contig_1	519224	521005	+	LNHIMF_00486	1	persistent	2	0	0
AJBGEP_00483	contig_1	521218	521556	+	GEGEGB_02527	1	persistent	2	0	0
AJBGEP_00484	contig_1	521588	522874	+	GEGEGB_02526	1	persistent	2	0	0
AJBGEP_00485	contig_1	522974	523834	-	GEGEGB_02525	1	persistent	2	0	0
AJBGEP_00486	contig_1	524049	524618	+	GEGEGB_02524	1	persistent	2	0	0
AJBGEP_00487	contig_1	524651	524962	-	GEGEGB_02523	1	persistent	2	0	0
AJBGEP_00489	contig_1	525271	526821	-	BEJGEH_00477	1	persistent	2	0	0
AJBGEP_00490	contig_1	527046	527306	+	GEGEGB_02520	1	persistent	2	0	1
AJBGEP_00491	contig_1	527508	527978	-	GEGEGB_02519	1	persistent	2	0	1
AJBGEP_00492	contig_1	528095	528646	-	GEGEGB_02518	1	persistent	2	0	0
AJBGEP_00493	contig_1	528825	529043	-	GEGEGB_02517	1	persistent	2	0	0
AJBGEP_00494	contig_1	529071	529445	-	GEGEGB_02516	1	persistent	2	0	0
AJBGEP_00495	contig_1	529941	533090	-	LNHIMF_03443	2	persistent	4	0	0
AJBGEP_00496	contig_1	533113	534306	-	GEGEGB_02514	1	persistent	2	0	0
AJBGEP_00497	contig_1	534448	535101	+	GEGEGB_02513	1	persistent	2	0	0
AJBGEP_00498	contig_1	535220	538582	+	LNHIMF_00503	1	persistent	2	0	0
AJBGEP_00499	contig_1	538624	539559	-	LNHIMF_00504	1	persistent	2	0	0
AJBGEP_00500	contig_1	539629	539796	-	GEGEGB_02510	1	persistent	2	0	0
AJBGEP_00501	contig_1	539810	540325	-	BEJGEH_00490	1	persistent	2	0	1
AJBGEP_00502	contig_1	540406	540783	+	GEGEGB_02508	1	persistent	2	0	0
AJBGEP_00503	contig_1	540936	541487	+	LNHIMF_00508	1	persistent	2	0	1
AJBGEP_00504	contig_1	541601	543529	+	GEGEGB_02506	1	persistent	2	0	0
AJBGEP_00505	contig_1	543575	543904	+	GEGEGB_02505	1	persistent	2	0	0
AJBGEP_00506	contig_1	543904	544509	+	GEGEGB_02504	1	persistent	2	0	0
AJBGEP_00507	contig_1	544620	546494	+	GEGEGB_02503	1	persistent	2	0	0
AJBGEP_00508	contig_1	546735	547379	+	GEGEGB_02502	1	persistent	2	0	0
AJBGEP_00509	contig_1	547608	548570	+	LNHIMF_00514	1	persistent	2	0	0
AJBGEP_00510	contig_1	548567	549538	-	LNHIMF_00515	1	persistent	2	0	1
AJBGEP_00511	contig_1	549646	550995	+	GEGEGB_02499	1	persistent	2	0	1
AJBGEP_00512	contig_1	551044	552720	-	GEGEGB_02498	1	persistent	2	1	0
AJBGEP_00513	contig_1	552798	552923	+	LNHIMF_00518	1	shell	2	0	0
AJBGEP_00514	contig_1	552935	554155	-	GEGEGB_02496	1	persistent	2	1	0
AJBGEP_00515	contig_1	554328	555980	+	BEJGEH_00506	1	persistent	2	0	0
AJBGEP_00516	contig_1	556097	556576	-	LNHIMF_00521	1	persistent	2	0	0
AJBGEP_00518	contig_1	556778	557572	-	BEJGEH_00509	1	persistent	3	0	0
AJBGEP_00519	contig_1	557658	558485	-	BEJGEH_00510	1	persistent	2	0	0
AJBGEP_00520	contig_1	558639	561140	-	LNHIMF_00525	1	persistent	3	0	0
AJBGEP_00521	contig_1	561250	561666	+	LNHIMF_00526	1	persistent	2	0	0
AJBGEP_00522	contig_1	561667	562119	-	GEGEGB_02487	1	persistent	2	0	0
AJBGEP_00523	contig_1	562116	563033	-	LNHIMF_00528	1	persistent	2	0	0
AJBGEP_00524	contig_1	563180	563857	+	LNHIMF_00529	1	persistent	2	0	0
AJBGEP_00525	contig_1	563844	564623	+	LNHIMF_00530	1	persistent	2	0	0
AJBGEP_00526	contig_1	564709	565563	-	GEGEGB_02483	1	persistent	2	0	0
AJBGEP_00527	contig_1	565623	566393	-	GEGEGB_02482	1	persistent	2	0	0
AJBGEP_00528	contig_1	566548	567132	-	GEGEGB_02481	1	persistent	2	0	0
AJBGEP_00529	contig_1	567133	567819	+	GEGEGB_02480	1	persistent	2	0	0
AJBGEP_00530	contig_1	567816	570230	+	LNHIMF_00535	1	persistent	2	0	0
AJBGEP_00531	contig_1	570227	570331	+	LNHIMF_00536	1	persistent	2	0	0
AJBGEP_00532	contig_1	570416	571549	+	GEGEGB_02477	1	persistent	2	0	0
AJBGEP_00533	contig_1	571806	572636	+	LNHIMF_00538	1	persistent	2	0	0
AJBGEP_00534	contig_1	572673	573689	+	LNHIMF_00539	1	persistent	2	0	0
AJBGEP_00535	contig_1	573682	574341	+	GEGEGB_02474	1	persistent	2	0	0
AJBGEP_00536	contig_1	574380	575474	-	BEJGEH_00527	1	persistent	3	0	0
AJBGEP_00537	contig_1	575544	576470	-	BEJGEH_00528	1	persistent	2	0	0
AJBGEP_00538	contig_1	576697	577179	+	BEJGEH_00529	1	persistent	2	0	0
AJBGEP_00539	contig_1	577258	578076	+	BEJGEH_00530	1	persistent	2	0	0
AJBGEP_00540	contig_1	578161	579942	+	BEJGEH_00531	1	persistent	2	0	0
AJBGEP_00541	contig_1	579955	580731	+	BEJGEH_00532	1	persistent	2	0	0
AJBGEP_00542	contig_1	580832	581710	+	BEJGEH_00533	1	persistent	2	0	0
AJBGEP_00543	contig_1	581776	583023	+	BEJGEH_00534	1	persistent	2	0	0
AJBGEP_00544	contig_1	583119	584573	+	HFCAGB_00549	1	persistent	2	0	0
AJBGEP_00545	contig_1	584652	586013	+	GEGEGB_02462	1	persistent	2	0	0
AJBGEP_00546	contig_1	586072	587370	+	GEGEGB_02461	1	persistent	2	0	0
AJBGEP_00547	contig_1	587393	588541	+	BEJGEH_00538	1	persistent	2	0	0
AJBGEP_00549	contig_1	588621	589406	-	GEGEGB_02458	1	persistent	2	0	0
AJBGEP_00550	contig_1	589417	590652	-	BEJGEH_00541	1	persistent	2	0	0
AJBGEP_00551	contig_1	590674	591723	-	BEJGEH_00542	1	persistent	2	0	0
AJBGEP_00552	contig_1	592054	593718	+	HFCAGB_00557	1	persistent	2	0	0
AJBGEP_00553	contig_1	593728	594987	+	BEJGEH_00544	1	persistent	2	0	0
AJBGEP_00554	contig_1	594999	595808	+	HFCAGB_00559	1	persistent	2	0	0
AJBGEP_00555	contig_1	595812	596705	+	GEGEGB_02452	1	persistent	2	0	0
AJBGEP_00556	contig_1	596746	597813	-	GEGEGB_02451	1	persistent	3	0	0
AJBGEP_00557	contig_1	597810	598319	-	LNHIMF_00543	1	persistent	2	0	0
AJBGEP_00558	contig_1	598437	599159	-	LNHIMF_00544	1	persistent	2	0	0
AJBGEP_00559	contig_1	599162	599656	-	GEGEGB_02448	1	persistent	2	0	0
AJBGEP_00560	contig_1	599829	601214	+	GEGEGB_02447	1	persistent	3	0	0
AJBGEP_00561	contig_1	601258	602082	-	BEJGEH_00552	1	persistent	2	0	0
AJBGEP_00562	contig_1	602079	602516	-	BEJGEH_00553	1	persistent	2	0	0
AJBGEP_00563	contig_1	602509	603054	-	LNHIMF_00549	1	persistent	3	0	0
AJBGEP_00564	contig_1	603182	603394	-	GEGEGB_02445	1	persistent	2	0	0
AJBGEP_00565	contig_1	603396	604262	-	LNHIMF_00551	1	persistent	2	0	0
AJBGEP_00566	contig_1	604809	605366	+	LNHIMF_00552	1	persistent	2	0	0
AJBGEP_00567	contig_1	605442	605975	+	GEGEGB_02442	1	persistent	2	0	0
AJBGEP_00568	contig_1	606019	606711	+	LNHIMF_00554	1	persistent	2	0	0
AJBGEP_00569	contig_1	606742	609354	+	LNHIMF_00555	1	persistent	2	0	0
AJBGEP_00570	contig_1	609369	610376	+	LNHIMF_00556	1	persistent	2	0	0
AJBGEP_00571	contig_1	610386	610904	+	BEJGEH_00562	1	persistent	2	0	0
AJBGEP_00572	contig_1	610950	611582	-	LNHIMF_00558	1	persistent	2	0	0
AJBGEP_00573	contig_1	612186	612908	-	LNHIMF_00559	1	persistent	2	1	0
AJBGEP_00574	contig_1	612927	613235	-	AJBGEP_00574	1	shell	2	0	0
AJBGEP_00575	contig_1	613400	613996	-	GEGEGB_02434	1	persistent	2	3	2
AJBGEP_00577	contig_1	614444	614716	-	HFCAGB_00647	1	shell	2	1	0
AJBGEP_00578	contig_1	614893	615111	-	GEGEGB_02431	1	shell	1	3	0
AJBGEP_00579	contig_1	615283	615441	+	BEJGEH_00569	1	shell	0	2	0
AJBGEP_00580	contig_1	615498	617138	-	BEJGEH_00570	1	shell	1	2	0
AJBGEP_00581	contig_1	617131	618057	-	BEJGEH_04267	2	persistent	1	3	6
AJBGEP_00582	contig_1	618054	618416	-	GEGEGB_02428	1	persistent	3	3	2
AJBGEP_00584	contig_1	619284	619613	-	HFCAGB_00655	1	shell	2	0	1
AJBGEP_00585	contig_1	619952	620806	-	BEJGEH_00577	1	persistent	1	1	2
AJBGEP_00586	contig_1	621022	622347	+	LNHIMF_00716	1	persistent	2	0	0
AJBGEP_00587	contig_1	622504	622740	+	GEGEGB_02422	1	persistent	2	0	0
AJBGEP_00588	contig_1	622753	623313	+	GEGEGB_02421	1	persistent	2	0	0
AJBGEP_00589	contig_1	623392	624567	-	LNHIMF_00719	1	persistent	2	0	0
AJBGEP_00590	contig_1	624893	626287	+	LNHIMF_00720	1	persistent	2	0	0
AJBGEP_00591	contig_1	626329	627576	-	GEGEGB_02417	1	persistent	2	0	1
AJBGEP_00592	contig_1	627887	629857	+	AJBGEP_00592	1	persistent	3	1	1
AJBGEP_00593	contig_1	630024	632753	+	AJBGEP_00593	1	shell	1	1	0
AJBGEP_00594	contig_1	632881	633867	-	AJBGEP_00594	1	shell	0	2	0
AJBGEP_00595	contig_1	633934	634995	-	AJBGEP_00595	1	shell	0	2	0
AJBGEP_00596	contig_1	635010	635864	-	AJBGEP_00596	1	shell	0	2	0
AJBGEP_00597	contig_1	635867	636610	-	AJBGEP_00597	1	shell	0	2	0
AJBGEP_00598	contig_1	636625	637095	-	AJBGEP_00598	1	shell	0	2	0
AJBGEP_00599	contig_1	637073	637522	-	AJBGEP_00599	1	shell	1	1	0
AJBGEP_00600	contig_1	637722	638375	-	GEGEGB_02415	1	persistent	2	1	0
AJBGEP_00601	contig_1	638472	638840	-	BEJGEH_00586	1	persistent	2	0	0
AJBGEP_00602	contig_1	638840	639421	-	BEJGEH_00587	1	persistent	2	0	0
AJBGEP_00604	contig_1	639710	640051	+	LNHIMF_00724	1	persistent	3	0	0
AJBGEP_00605	contig_1	640057	640305	-	GEGEGB_02410	1	persistent	2	0	0
AJBGEP_00606	contig_1	640372	641490	-	LNHIMF_00726	1	persistent	2	0	0
AJBGEP_00607	contig_1	641502	642206	-	BENMGJ_04249	1	persistent	2	0	0
AJBGEP_00608	contig_1	642252	644507	-	LNHIMF_00728	1	persistent	2	0	0
AJBGEP_00609	contig_1	644696	645910	+	BEJGEH_00594	1	persistent	2	0	0
AJBGEP_00610	contig_1	645941	646159	+	LNHIMF_00730	1	persistent	2	0	0
AJBGEP_00611	contig_1	646156	650040	+	LNHIMF_00731	1	persistent	2	0	0
AJBGEP_00612	contig_1	650290	651426	+	HFCAGB_00677	1	persistent	2	0	0
AJBGEP_00613	contig_1	651479	652273	-	GEGEGB_02401	1	persistent	2	0	0
AJBGEP_00614	contig_1	652270	653259	-	GEGEGB_02400	1	persistent	2	0	0
AJBGEP_00615	contig_1	653259	654266	-	GEGEGB_02399	1	persistent	2	0	0
AJBGEP_00616	contig_1	654377	655621	+	GEGEGB_02398	1	persistent	2	0	0
AJBGEP_00617	contig_1	655684	656640	-	LNHIMF_00737	1	persistent	2	0	0
AJBGEP_00618	contig_1	656949	658124	+	GEGEGB_02396	1	persistent	2	0	0
AJBGEP_00619	contig_1	658134	659744	+	LNHIMF_00739	1	persistent	2	0	0
AJBGEP_00620	contig_1	659758	660615	+	GEGEGB_02394	1	persistent	2	0	0
AJBGEP_00621	contig_1	660615	661370	+	HFCAGB_00686	1	persistent	2	0	0
AJBGEP_00622	contig_1	661373	661786	+	GEGEGB_02392	1	persistent	2	0	0
AJBGEP_00623	contig_1	661968	664073	+	LNHIMF_00743	1	persistent	2	0	0
AJBGEP_00624	contig_1	664137	664334	+	GEGEGB_02390	1	persistent	2	0	0
AJBGEP_00625	contig_1	664370	665458	-	LNHIMF_00745	1	persistent	2	0	0
AJBGEP_00626	contig_1	665585	666745	+	LNHIMF_00746	1	persistent	2	0	0
AJBGEP_00627	contig_1	666746	667363	-	BEJGEH_00612	1	persistent	2	0	0
AJBGEP_00628	contig_1	667336	668571	-	LNHIMF_00748	1	persistent	2	0	0
AJBGEP_00629	contig_1	668737	669639	-	LNHIMF_00749	1	persistent	2	0	0
AJBGEP_00630	contig_1	669956	670702	-	LNHIMF_00750	1	persistent	2	0	0
AJBGEP_00632	contig_1	671143	671706	+	GEGEGB_02382	1	persistent	2	0	0
AJBGEP_00633	contig_1	671948	673513	+	LNHIMF_00753	1	persistent	2	1	0
AJBGEP_00634	contig_1	673845	674405	+	BEJGEH_00619	1	persistent	2	1	0
AJBGEP_00635	contig_1	674398	676677	+	LNHIMF_00755	1	persistent	2	0	1
AJBGEP_00636	contig_1	676674	677033	+	OEKLIE_04235	1	cloud	2	0	0
AJBGEP_00637	contig_1	677033	677800	+	GEGEGB_02375	1	persistent	2	0	1
AJBGEP_00638	contig_1	677868	678296	-	GEGEGB_02374	1	persistent	2	0	0
AJBGEP_00639	contig_1	678519	679757	+	LNHIMF_00759	1	persistent	2	0	0
AJBGEP_00640	contig_1	679840	680250	-	GEGEGB_02372	1	persistent	2	0	0
AJBGEP_00641	contig_1	680485	681291	-	LNHIMF_00761	1	persistent	2	0	0
AJBGEP_00642	contig_1	681401	682864	-	LNHIMF_00762	1	persistent	2	0	0
AJBGEP_00643	contig_1	682902	683798	-	GEGEGB_02369	1	persistent	2	0	0
AJBGEP_00644	contig_1	683770	684321	-	BEJGEH_00629	1	persistent	2	0	0
AJBGEP_00645	contig_1	684325	685854	-	LNHIMF_00765	1	persistent	2	0	0
AJBGEP_00646	contig_1	685864	686772	-	LNHIMF_00766	1	persistent	2	0	0
AJBGEP_00647	contig_1	686769	687065	-	GEGEGB_02365	1	persistent	2	0	0
AJBGEP_00648	contig_1	687062	688138	-	LNHIMF_00768	1	persistent	2	0	1
AJBGEP_00649	contig_1	688523	690184	+	GEGEGB_02363	1	persistent	2	0	2
AJBGEP_00650	contig_1	690153	690833	+	GEGEGB_02362	1	persistent	2	0	0
AJBGEP_00651	contig_1	690887	692272	-	GEGEGB_02361	1	persistent	2	0	1
AJBGEP_00652	contig_1	692651	693223	+	LNHIMF_00773	1	persistent	2	0	0
AJBGEP_00653	contig_1	693411	693620	+	GEGEGB_01108	2	persistent	4	0	0
AJBGEP_00654	contig_1	693678	694061	-	GEGEGB_02358	1	persistent	2	0	0
AJBGEP_00655	contig_1	694152	694940	+	HFCAGB_00724	1	persistent	2	0	0
AJBGEP_00656	contig_1	695069	695272	+	GEGEGB_02356	1	persistent	2	0	0
AJBGEP_00657	contig_1	695358	696323	-	GEGEGB_02355	1	persistent	2	0	0
AJBGEP_00658	contig_1	696529	697482	-	GEGEGB_02354	1	persistent	2	0	0
AJBGEP_00659	contig_1	697784	698425	-	GEGEGB_02353	1	persistent	2	0	0
AJBGEP_00660	contig_1	698525	698788	-	GEGEGB_02352	1	persistent	2	0	0
AJBGEP_00661	contig_1	698897	700108	-	LNHIMF_00782	1	persistent	2	0	0
AJBGEP_00662	contig_1	700248	701393	-	AJBGEP_00662	1	persistent	2	0	0
AJBGEP_00663	contig_1	701404	702516	-	GEGEGB_02349	1	persistent	2	0	0
AJBGEP_00664	contig_1	702519	704420	-	LNHIMF_00785	1	persistent	2	0	0
AJBGEP_00665	contig_1	704451	704918	-	GEGEGB_02347	1	persistent	2	0	0
AJBGEP_00666	contig_1	704922	705239	-	GEGEGB_02346	1	persistent	2	0	0
AJBGEP_00667	contig_1	705568	706176	-	GEGEGB_02345	1	persistent	2	0	0
AJBGEP_00668	contig_1	706273	707367	+	LNHIMF_00789	1	persistent	2	0	0
AJBGEP_00669	contig_1	707342	707992	-	LNHIMF_00790	1	persistent	2	0	0
AJBGEP_00670	contig_1	707985	709016	-	GEGEGB_02342	1	persistent	2	0	0
AJBGEP_00671	contig_1	709016	709606	-	GEGEGB_02341	1	persistent	2	0	0
AJBGEP_00672	contig_1	709621	712203	-	LNHIMF_00793	1	persistent	2	0	0
AJBGEP_00673	contig_1	712491	712781	+	GEGEGB_02339	1	persistent	2	0	0
AJBGEP_00674	contig_1	712720	713970	+	BEJGEH_00660	1	persistent	2	0	0
AJBGEP_00675	contig_1	714020	714973	+	LNHIMF_00796	1	persistent	2	0	0
AJBGEP_00676	contig_1	715041	716969	+	LNHIMF_00797	1	persistent	2	0	0
AJBGEP_00677	contig_1	717062	717535	+	GEGEGB_02335	1	persistent	3	1	1
AJBGEP_00678	contig_1	717574	718569	-	HFCAGB_00748	1	shell	1	1	0
AJBGEP_00679	contig_1	718694	719401	+	HFCAGB_00749	1	shell	0	2	1
AJBGEP_00680	contig_1	719398	720831	+	HFCAGB_00750	1	shell	0	2	0
AJBGEP_00681	contig_1	720910	721539	+	BEJGEH_00667	1	shell	0	2	0
AJBGEP_00682	contig_1	721536	723008	+	AJBGEP_00682	1	shell	0	2	0
AJBGEP_00683	contig_1	723030	724709	-	BEJGEH_00669	1	shell	2	1	0
AJBGEP_00684	contig_1	724785	726023	-	BEJGEH_00670	1	persistent	2	1	0
AJBGEP_00685	contig_1	726055	726990	-	GEGEGB_02333	1	persistent	3	0	0
AJBGEP_00686	contig_1	727107	727832	-	GEGEGB_02332	1	persistent	2	0	0
AJBGEP_00687	contig_1	727832	728506	-	GEGEGB_02331	1	persistent	2	0	0
AJBGEP_00688	contig_1	728506	729246	-	GEGEGB_02330	1	persistent	2	0	0
AJBGEP_00690	contig_1	729406	730314	-	LNHIMF_00804	1	persistent	2	0	0
AJBGEP_00691	contig_1	730669	732258	-	LNHIMF_00805	1	persistent	2	0	0
AJBGEP_00692	contig_1	732227	733105	-	GEGEGB_02326	1	persistent	2	0	0
AJBGEP_00693	contig_1	733263	733736	-	GEGEGB_02325	1	persistent	2	0	0
AJBGEP_00694	contig_1	733733	734779	-	GEGEGB_02324	1	persistent	2	0	0
AJBGEP_00695	contig_1	734984	736408	-	GEGEGB_02323	1	persistent	2	0	0
AJBGEP_00696	contig_1	736552	737727	+	GEGEGB_02322	1	persistent	2	2	0
AJBGEP_00697	contig_1	737794	738318	-	AJBGEP_00697	1	shell	2	1	0
AJBGEP_00705	contig_1	739436	741100	-	GEGEGB_02315	1	persistent	2	2	0
AJBGEP_00706	contig_1	741390	742142	-	GEGEGB_02314	1	persistent	2	0	1
AJBGEP_00707	contig_1	742189	743409	-	GEGEGB_02313	1	persistent	2	0	0
AJBGEP_00708	contig_1	743414	744628	-	LNHIMF_00823	1	persistent	2	0	0
AJBGEP_00709	contig_1	744628	745428	-	GEGEGB_02311	1	persistent	2	0	0
AJBGEP_00710	contig_1	745755	747707	+	LNHIMF_00825	1	persistent	2	0	0
AJBGEP_00711	contig_1	747918	749585	+	ALJMDI_00783	1	persistent	2	0	0
AJBGEP_00712	contig_1	750031	751437	+	GEGEGB_02308	1	persistent	2	0	0
AJBGEP_00713	contig_1	751487	751819	+	GEGEGB_02307	1	persistent	2	0	0
AJBGEP_00714	contig_1	751868	753172	-	GEGEGB_02306	1	persistent	2	0	0
AJBGEP_00715	contig_1	753223	754362	-	BEJGEH_00703	1	persistent	2	0	0
AJBGEP_00716	contig_1	754349	755752	-	GEGEGB_02304	1	persistent	2	0	0
AJBGEP_00717	contig_1	755850	756776	-	LNHIMF_00832	1	persistent	2	0	0
AJBGEP_00718	contig_1	756891	757343	-	GEGEGB_02302	1	persistent	2	0	1
AJBGEP_00719	contig_1	757625	758155	-	LNHIMF_00835	1	persistent	2	0	1
AJBGEP_00720	contig_1	758318	758599	-	GEGEGB_02300	1	persistent	2	0	0
AJBGEP_00721	contig_1	758733	759503	-	LNHIMF_00837	1	persistent	2	0	0
AJBGEP_00722	contig_1	759688	760230	+	GEGEGB_02298	1	persistent	2	0	0
AJBGEP_00723	contig_1	760255	761895	+	GEGEGB_02297	1	persistent	2	0	0
AJBGEP_00724	contig_1	762010	762495	-	GEGEGB_02296	1	persistent	2	0	0
AJBGEP_00725	contig_1	762560	763879	-	GEGEGB_02295	1	persistent	2	0	0
AJBGEP_00726	contig_1	763876	766074	-	LNHIMF_00842	1	persistent	3	0	2
AJBGEP_00727	contig_1	766454	766558	-	LNHIMF_00843	1	persistent	2	0	0
AJBGEP_00728	contig_1	766836	767513	-	LNHIMF_00844	1	persistent	3	0	1
AJBGEP_00729	contig_1	767510	770194	-	LNHIMF_00845	1	persistent	2	0	0
AJBGEP_00730	contig_1	770191	770775	-	LNHIMF_00846	1	persistent	2	0	0
AJBGEP_00731	contig_1	770784	772832	-	GEGEGB_02287	1	persistent	2	0	0
AJBGEP_00732	contig_1	772853	774532	-	GEGEGB_02286	1	persistent	2	0	0
AJBGEP_00733	contig_1	774958	775164	+	GEGEGB_02285	1	persistent	2	0	0
AJBGEP_00734	contig_1	775275	776696	+	LNHIMF_00850	1	persistent	2	0	0
AJBGEP_00735	contig_1	776735	778216	-	GEGEGB_02283	1	persistent	2	0	0
AJBGEP_00736	contig_1	778545	779288	+	GEGEGB_02282	1	persistent	2	0	0
AJBGEP_00737	contig_1	779304	779960	+	GEGEGB_02281	1	persistent	2	0	0
AJBGEP_00738	contig_1	779954	780886	+	LNHIMF_00854	1	persistent	2	0	0
AJBGEP_00739	contig_1	780876	781610	+	GEGEGB_02279	1	persistent	2	1	0
AJBGEP_00740	contig_1	782125	782691	+	GEGEGB_02278	1	shell	1	1	0
AJBGEP_00741	contig_1	783265	783486	+	GEGEGB_02277	1	shell	0	2	0
AJBGEP_00742	contig_1	783488	784228	+	GEGEGB_02276	1	shell	0	2	0
AJBGEP_00743	contig_1	784514	785665	+	LNHIMF_00859	1	shell	0	2	0
AJBGEP_00744	contig_1	785665	786558	+	LNHIMF_00860	1	shell	0	2	0
AJBGEP_00745	contig_1	786571	787704	+	GEGEGB_02273	1	shell	0	3	0
AJBGEP_00746	contig_1	787833	788603	+	LNHIMF_00862	1	shell	0	2	0
AJBGEP_00747	contig_1	788607	789317	+	LNHIMF_00863	1	shell	0	3	0
AJBGEP_00748	contig_1	789411	791189	+	LNHIMF_00864	1	shell	0	2	0
AJBGEP_00749	contig_1	791382	792215	+	LNHIMF_00865	1	shell	0	2	0
AJBGEP_00750	contig_1	792219	794168	+	AJBGEP_00750	1	shell	0	2	0
AJBGEP_00751	contig_1	794236	794373	+	ALJMDI_01073	1	shell	1	1	0
AJBGEP_00752	contig_1	794422	795213	+	BEJGEH_00728	1	persistent	2	1	0
AJBGEP_00753	contig_1	795268	796314	-	GEGEGB_02263	1	persistent	2	0	0
AJBGEP_00754	contig_1	796451	797734	-	LNHIMF_00870	1	persistent	2	1	0
AJBGEP_00755	contig_1	797835	798080	+	BEJGEH_00731	1	shell	2	0	0
AJBGEP_00756	contig_1	798474	798878	+	GEGEGB_02261	1	persistent	2	1	0
AJBGEP_00757	contig_1	798872	799219	+	GEGEGB_02260	1	persistent	2	0	0
AJBGEP_00758	contig_1	799219	800985	+	LNHIMF_00873	1	persistent	2	0	0
AJBGEP_00759	contig_1	801002	801718	+	LNHIMF_00874	1	persistent	2	0	0
AJBGEP_00760	contig_1	802242	805043	+	GEGEGB_02257	1	persistent	2	0	0
AJBGEP_00761	contig_1	805058	806266	+	GEGEGB_02256	1	persistent	2	0	0
AJBGEP_00762	contig_1	806408	807574	+	GEGEGB_02255	1	persistent	2	0	0
AJBGEP_00763	contig_1	807574	808443	+	LNHIMF_00878	1	persistent	2	0	0
AJBGEP_00764	contig_1	808472	808597	+	LNHIMF_00879	1	persistent	2	0	0
AJBGEP_00765	contig_1	810026	811594	+	LNHIMF_00880	1	persistent	2	0	0
AJBGEP_00766	contig_1	811610	812749	+	GEGEGB_02251	1	persistent	2	0	0
AJBGEP_00767	contig_1	812764	812877	+	GEGEGB_02250	1	persistent	2	0	0
AJBGEP_00768	contig_1	813014	813295	+	LNHIMF_00883	1	persistent	2	0	0
AJBGEP_00769	contig_1	813524	813928	+	LNHIMF_00884	1	persistent	2	0	0
AJBGEP_00770	contig_1	813925	814617	+	GEGEGB_02247	1	persistent	2	0	0
AJBGEP_00771	contig_1	814621	815049	+	GEGEGB_02246	1	persistent	2	0	1
AJBGEP_00772	contig_1	815114	816337	+	LNHIMF_00887	1	cloud	3	0	0
AJBGEP_00773	contig_1	816461	817753	+	LNHIMF_00889	1	persistent	2	0	1
AJBGEP_00774	contig_1	817788	818312	+	GEGEGB_02243	1	persistent	2	0	0
AJBGEP_00775	contig_1	818322	819110	+	GEGEGB_02242	1	persistent	2	0	0
AJBGEP_00781	contig_1	820575	821618	+	LNHIMF_00897	1	persistent	2	0	0
AJBGEP_00782	contig_1	821643	822362	+	LNHIMF_00898	1	persistent	2	0	0
AJBGEP_00783	contig_1	822359	823297	-	LNHIMF_00899	1	persistent	2	0	0
AJBGEP_00784	contig_1	823408	823794	-	GEGEGB_02235	1	persistent	2	0	0
AJBGEP_00785	contig_1	824114	825166	+	GEGEGB_02234	1	persistent	2	1	0
AJBGEP_00786	contig_1	825260	825805	-	BEJGEH_00762	1	shell	1	1	0
AJBGEP_00787	contig_1	825820	826665	-	BEJGEH_00763	1	shell	0	2	0
AJBGEP_00788	contig_1	826795	827685	+	BEJGEH_00764	1	shell	0	2	0
AJBGEP_00789	contig_1	827686	828612	-	BEJGEH_00765	1	shell	0	2	0
AJBGEP_00790	contig_1	828892	830160	+	BEJGEH_00766	1	shell	1	1	0
AJBGEP_00791	contig_1	830210	830455	+	AJBGEP_03535	3	persistent	3	1	0
AJBGEP_00792	contig_1	830471	832246	+	GEGEGB_00060	3	persistent	2	0	1
AJBGEP_00793	contig_1	832259	833560	+	LNHIMF_00056	3	persistent	4	0	0
AJBGEP_00794	contig_1	833679	834377	+	BEJGEH_00770	1	persistent	2	0	0
AJBGEP_00795	contig_1	834757	835836	+	GEGEGB_02233	1	persistent	3	0	0
AJBGEP_00796	contig_1	835836	836612	+	BEJGEH_00772	1	persistent	2	0	0
AJBGEP_00797	contig_1	836703	837455	-	GEGEGB_02231	1	persistent	2	0	0
AJBGEP_00798	contig_1	837679	838719	-	LNHIMF_00905	1	persistent	2	0	0
AJBGEP_00799	contig_1	838713	839861	-	GEGEGB_02229	1	persistent	2	0	0
AJBGEP_00800	contig_1	839864	840910	-	LNHIMF_00907	1	persistent	2	0	0
AJBGEP_00801	contig_1	840921	841937	-	GEGEGB_02227	1	persistent	2	0	0
AJBGEP_00802	contig_1	842160	843068	-	LNHIMF_00909	1	persistent	2	0	0
AJBGEP_00803	contig_1	843239	844714	-	LNHIMF_00910	1	persistent	2	0	0
AJBGEP_00804	contig_1	844782	845570	-	GEGEGB_02224	1	persistent	2	0	1
AJBGEP_00805	contig_1	845699	845848	+	GEGEGB_02223	1	persistent	2	0	0
AJBGEP_00806	contig_1	846015	846788	+	LNHIMF_00913	1	persistent	2	0	1
AJBGEP_00807	contig_1	846788	847477	+	GEGEGB_02221	1	persistent	2	0	0
AJBGEP_00808	contig_1	847480	848538	+	LNHIMF_00915	1	persistent	2	0	0
AJBGEP_00809	contig_1	848539	849357	-	LNHIMF_00916	1	persistent	2	0	3
AJBGEP_00810	contig_1	849521	850516	+	LNHIMF_00917	1	persistent	2	0	1
AJBGEP_00811	contig_1	850660	851943	-	GEGEGB_02217	1	persistent	2	0	0
AJBGEP_00812	contig_1	852235	853404	+	LNHIMF_00919	1	persistent	2	0	0
AJBGEP_00813	contig_1	853401	854342	+	LNHIMF_00920	1	persistent	2	0	0
AJBGEP_00814	contig_1	854387	855112	+	GEGEGB_02214	1	persistent	2	0	0
AJBGEP_00815	contig_1	855309	856994	+	LNHIMF_00922	1	persistent	2	0	0
AJBGEP_00816	contig_1	856996	858516	+	LNHIMF_00923	1	persistent	2	0	0
AJBGEP_00817	contig_1	858601	859077	-	GEGEGB_02211	1	persistent	2	0	0
AJBGEP_00818	contig_1	859135	860424	-	GEGEGB_02210	1	persistent	2	0	0
AJBGEP_00819	contig_1	860511	861551	+	GEGEGB_02209	1	persistent	2	0	0
AJBGEP_00820	contig_1	861548	862705	+	GEGEGB_02208	1	persistent	2	0	0
AJBGEP_00821	contig_1	862689	863444	+	LNHIMF_00928	1	persistent	2	0	0
AJBGEP_00822	contig_1	863437	864123	+	GEGEGB_02206	1	persistent	2	0	0
AJBGEP_00823	contig_1	864774	866795	+	LNHIMF_00930	1	persistent	2	0	0
AJBGEP_00824	contig_1	867285	869582	+	AJBGEP_00824	1	persistent	2	0	0
AJBGEP_00825	contig_1	869674	870582	-	GEGEGB_02202	1	persistent	2	0	0
AJBGEP_00826	contig_1	870946	871968	+	GEGEGB_02201	1	persistent	2	0	0
AJBGEP_00827	contig_1	871990	872502	+	GEGEGB_02200	1	persistent	2	0	0
AJBGEP_00828	contig_1	872547	872990	+	LNHIMF_00935	1	persistent	2	0	0
AJBGEP_00829	contig_1	872983	873228	+	LNHIMF_00936	1	persistent	2	0	0
AJBGEP_00830	contig_1	873230	873682	+	GEGEGB_02197	1	persistent	2	0	1
AJBGEP_00831	contig_1	873730	874434	+	LNHIMF_00938	1	persistent	2	0	4
AJBGEP_00832	contig_1	874485	874667	+	GEGEGB_03146	1	cloud	7	1	0
AJBGEP_00834	contig_1	874624	875082	+	GEGEGB_00250	10	shell	58	4	2
AJBGEP_00835	contig_1	875478	875999	+	GEGEGB_02194	1	persistent	2	2	2
AJBGEP_00836	contig_1	876029	876631	+	HFCAGB_00889	1	shell	2	0	2
AJBGEP_00837	contig_1	876639	877199	+	BEJGEH_00810	1	persistent	2	1	1
AJBGEP_00838	contig_1	877202	878164	-	GEGEGB_02192	1	persistent	2	0	1
AJBGEP_00839	contig_1	878164	879405	-	GEGEGB_02191	1	persistent	2	0	0
AJBGEP_00840	contig_1	879402	880160	-	LNHIMF_00943	1	persistent	2	0	0
AJBGEP_00841	contig_1	880293	880703	+	GEGEGB_02189	1	persistent	2	0	0
AJBGEP_00842	contig_1	880665	881771	-	GEGEGB_02188	1	persistent	2	0	0
AJBGEP_00843	contig_1	881887	883017	-	GEGEGB_02187	1	persistent	2	0	0
AJBGEP_00844	contig_1	883010	884746	-	LNHIMF_00947	1	persistent	2	0	0
AJBGEP_00845	contig_1	884739	885734	-	GEGEGB_02185	1	persistent	2	0	0
AJBGEP_00846	contig_1	885734	886408	-	LNHIMF_00949	1	persistent	2	0	1
AJBGEP_00847	contig_1	886638	888002	+	GEGEGB_02183	1	persistent	3	0	1
AJBGEP_00848	contig_1	888210	890354	+	LNHIMF_00951	1	persistent	2	0	1
AJBGEP_00849	contig_1	890384	891358	+	BEJGEH_00823	1	persistent	2	1	0
AJBGEP_00850	contig_1	891514	891774	-	GEGEGB_02178	1	persistent	2	1	0
AJBGEP_00851	contig_1	892059	892325	-	GEGEGB_02177	1	persistent	2	0	1
AJBGEP_00852	contig_1	892530	893456	+	GEGEGB_02175	1	persistent	2	0	1
AJBGEP_00853	contig_1	893453	895675	-	LNHIMF_00956	1	persistent	2	0	0
AJBGEP_00854	contig_1	895794	896516	-	GEGEGB_02173	1	persistent	2	0	0
AJBGEP_00855	contig_1	896513	897172	-	GEGEGB_02172	1	persistent	2	0	0
AJBGEP_00856	contig_1	897316	898062	-	GEGEGB_02171	1	persistent	2	0	1
AJBGEP_00857	contig_1	898539	899042	-	GEGEGB_02170	1	persistent	2	0	1
AJBGEP_00858	contig_1	899345	900232	-	GEGEGB_02169	1	persistent	2	0	0
AJBGEP_00859	contig_1	900586	901101	+	GEGEGB_02168	1	persistent	2	0	1
AJBGEP_00860	contig_1	901164	902744	-	LNHIMF_00963	1	persistent	2	1	0
AJBGEP_00861	contig_1	903009	903137	-	GEGEGB_02163	1	persistent	2	0	0
AJBGEP_00862	contig_1	903323	903796	+	GEGEGB_02162	1	persistent	2	0	0
AJBGEP_00863	contig_1	903793	904905	+	GEGEGB_02161	1	persistent	2	0	0
AJBGEP_00864	contig_1	904949	905869	-	GEGEGB_02160	1	persistent	2	0	0
AJBGEP_00865	contig_1	906088	907680	+	GEGEGB_02159	1	persistent	2	1	0
AJBGEP_00866	contig_1	908136	909032	+	BEJGEH_00840	1	shell	2	0	1
AJBGEP_00867	contig_1	909061	909591	-	GEGEGB_02157	2	persistent	2	1	3
AJBGEP_00868	contig_1	909985	911250	-	LNHIMF_00969	1	persistent	2	0	2
AJBGEP_00869	contig_1	911512	912321	+	GEGEGB_02157	2	persistent	2	1	3
AJBGEP_00870	contig_1	912399	914831	-	LNHIMF_00971	1	persistent	2	0	0
AJBGEP_00871	contig_1	914837	915736	-	GEGEGB_02155	1	persistent	2	0	0
AJBGEP_00872	contig_1	916014	916763	-	LNHIMF_00973	1	persistent	2	0	0
AJBGEP_00873	contig_1	916763	917998	-	LNHIMF_00974	1	persistent	2	0	0
AJBGEP_00874	contig_1	918201	919142	+	GEGEGB_02152	1	persistent	2	0	0
AJBGEP_00875	contig_1	919153	921024	+	GEGEGB_02151	1	persistent	2	0	0
AJBGEP_00876	contig_1	921057	922595	+	GEGEGB_02150	1	persistent	2	0	0
AJBGEP_00877	contig_1	922656	923576	+	GEGEGB_02149	1	persistent	2	0	0
AJBGEP_00878	contig_1	923579	924490	+	GEGEGB_02148	1	persistent	2	0	0
AJBGEP_00879	contig_1	924581	925906	-	LNHIMF_00980	1	persistent	2	0	0
AJBGEP_00880	contig_1	926137	926520	+	GEGEGB_02146	1	persistent	1	1	2
AJBGEP_00881	contig_1	927233	927748	+	LNHIMF_00982	1	shell	1	1	1
AJBGEP_00882	contig_1	927771	928520	+	LNHIMF_00983	1	shell	0	2	0
AJBGEP_00883	contig_1	928531	929478	+	AJBGEP_00883	1	shell	0	2	1
AJBGEP_00884	contig_1	929511	929708	+	HFCAGB_00939	1	shell	0	2	0
AJBGEP_00885	contig_1	929772	930935	+	LNHIMF_00986	1	shell	0	3	1
AJBGEP_00886	contig_1	930960	931151	+	LNHIMF_00987	1	shell	0	2	0
AJBGEP_00887	contig_1	931384	933069	+	LNHIMF_00988	1	shell	0	3	0
AJBGEP_00888	contig_1	933075	933965	-	HFCAGB_00943	1	shell	0	2	0
AJBGEP_00889	contig_1	934230	934655	-	LNHIMF_00990	1	shell	0	2	1
AJBGEP_00890	contig_1	935002	935682	+	AJBGEP_00890	1	cloud	1	1	0
AJBGEP_00891	contig_1	935679	936305	-	GEGEGB_02144	1	persistent	1	1	2
AJBGEP_00892	contig_1	936681	937751	+	GEGEGB_02143	1	persistent	2	0	0
AJBGEP_00893	contig_1	937796	938554	-	GEGEGB_02142	1	persistent	2	0	0
AJBGEP_00894	contig_1	938626	939300	-	GEGEGB_02141	1	persistent	2	0	0
AJBGEP_00895	contig_1	939547	940779	+	GEGEGB_02140	1	persistent	2	0	0
AJBGEP_00896	contig_1	940833	941648	-	GEGEGB_02139	1	persistent	2	0	0
AJBGEP_00897	contig_1	941645	942856	-	LNHIMF_00998	1	persistent	2	0	0
AJBGEP_00898	contig_1	943024	943644	+	LNHIMF_00999	1	persistent	2	0	0
AJBGEP_00900	contig_1	943761	945446	-	GEGEGB_02135	1	persistent	2	0	0
AJBGEP_00901	contig_1	945717	946094	+	LNHIMF_01002	1	persistent	2	0	0
AJBGEP_00902	contig_1	946126	946389	-	GEGEGB_02133	1	persistent	2	0	0
AJBGEP_00903	contig_1	946559	946849	+	LNHIMF_01004	1	persistent	2	0	0
AJBGEP_00904	contig_1	946833	947555	+	BEJGEH_00869	1	persistent	2	0	0
AJBGEP_00905	contig_1	947613	948515	+	GEGEGB_02130	1	persistent	2	0	0
AJBGEP_00906	contig_1	948612	949088	+	GEGEGB_02129	1	persistent	2	0	0
AJBGEP_00907	contig_1	949434	950549	+	LNHIMF_01008	1	persistent	2	0	0
AJBGEP_00908	contig_1	950637	951770	+	LNHIMF_01009	1	persistent	2	0	0
AJBGEP_00909	contig_1	951780	952733	+	LNHIMF_01010	1	persistent	2	0	0
AJBGEP_00910	contig_1	952730	953575	+	GEGEGB_02125	1	persistent	2	0	0
AJBGEP_00911	contig_1	953721	954122	+	GEGEGB_02124	1	persistent	2	0	0
AJBGEP_00912	contig_1	954165	955295	+	AJBGEP_00912	1	persistent	2	0	0
AJBGEP_00913	contig_1	955578	956921	+	BEJGEH_00878	1	persistent	2	0	0
AJBGEP_00914	contig_1	956951	957271	+	LNHIMF_01015	1	persistent	2	0	0
AJBGEP_00915	contig_1	957281	958768	+	LNHIMF_01016	1	persistent	2	0	0
AJBGEP_00916	contig_1	958987	959718	-	GEGEGB_02119	1	persistent	2	0	0
AJBGEP_00917	contig_1	959955	960623	-	GEGEGB_02118	1	persistent	2	0	0
AJBGEP_00918	contig_1	960623	961339	-	GEGEGB_02117	1	persistent	2	0	0
AJBGEP_00919	contig_1	961346	962077	-	LNHIMF_01020	1	persistent	2	0	0
AJBGEP_00920	contig_1	962095	962823	-	GEGEGB_02115	1	persistent	2	0	0
AJBGEP_00921	contig_1	963053	963568	-	GEGEGB_02114	1	persistent	2	0	0
AJBGEP_00922	contig_1	963696	964019	+	GEGEGB_02113	1	persistent	2	0	0
AJBGEP_00923	contig_1	964016	964846	+	GEGEGB_02112	1	persistent	2	0	0
AJBGEP_00924	contig_1	964843	965856	-	GEGEGB_02111	1	persistent	2	0	0
AJBGEP_00925	contig_1	965952	967385	-	LNHIMF_01026	1	persistent	2	0	0
AJBGEP_00926	contig_1	967396	968397	-	LNHIMF_01027	1	persistent	2	0	0
AJBGEP_00927	contig_1	968436	970154	-	GEGEGB_02108	1	persistent	2	0	0
AJBGEP_00928	contig_1	970312	971280	-	LNHIMF_01029	1	persistent	2	0	0
AJBGEP_00929	contig_1	971292	972944	-	LNHIMF_01030	1	persistent	2	0	0
AJBGEP_00930	contig_1	973088	973987	-	GEGEGB_02105	1	persistent	2	0	0
AJBGEP_00931	contig_1	974189	975847	+	LNHIMF_01032	1	persistent	2	0	0
AJBGEP_00932	contig_1	975844	976794	-	LNHIMF_01033	1	persistent	2	0	0
AJBGEP_00933	contig_1	976940	978058	+	GEGEGB_02102	1	persistent	2	0	0
AJBGEP_00934	contig_1	978055	980001	+	GEGEGB_02101	1	persistent	2	0	0
AJBGEP_00935	contig_1	980131	980352	-	GEGEGB_02100	1	persistent	2	0	0
AJBGEP_00936	contig_1	980676	980996	+	GEGEGB_02099	1	persistent	2	0	0
AJBGEP_00937	contig_1	981027	983303	+	LNHIMF_01038	1	persistent	2	4	1
AJBGEP_00939	contig_1	983495	983953	+	GEGEGB_00250	10	shell	58	4	2
AJBGEP_00940	contig_1	984416	985099	-	LNHIMF_00818	1	shell	12	5	5
AJBGEP_00941	contig_1	985270	985671	-	LNHIMF_00819	1	shell	12	3	3
AJBGEP_00943	contig_1	986008	986685	-	GEGEGB_03971	2	persistent	5	2	3
AJBGEP_00944	contig_1	986705	987565	-	LNHIMF_01041	1	persistent	2	0	0
AJBGEP_00945	contig_1	987674	988585	+	GEGEGB_02092	1	persistent	2	0	0
AJBGEP_00946	contig_1	988676	988894	-	GEGEGB_02091	1	persistent	2	0	0
AJBGEP_00947	contig_1	989206	989910	-	GEGEGB_02090	1	persistent	2	0	0
AJBGEP_00948	contig_1	989955	991676	-	LNHIMF_01045	1	persistent	2	0	0
AJBGEP_00949	contig_1	991677	993443	-	GEGEGB_02088	1	persistent	2	0	0
AJBGEP_00950	contig_1	993557	994525	-	GEGEGB_02087	1	persistent	2	0	1
AJBGEP_00951	contig_1	995071	995565	+	LNHIMF_01048	1	persistent	2	0	0
AJBGEP_00952	contig_1	995700	999785	+	ONMMKP_01187	1	persistent	2	0	0
AJBGEP_00953	contig_1	999928	1000539	+	LNHIMF_01050	1	persistent	2	0	0
AJBGEP_00954	contig_1	1000549	1001892	+	GEGEGB_02083	1	persistent	2	0	0
AJBGEP_00955	contig_1	1002151	1003443	+	GEGEGB_02082	1	persistent	2	0	0
AJBGEP_00957	contig_1	1003680	1006124	+	LNHIMF_01054	1	persistent	2	0	0
AJBGEP_00958	contig_1	1006135	1006752	+	GEGEGB_01496	2	persistent	4	0	0
AJBGEP_00959	contig_1	1006754	1007617	+	GEGEGB_02078	1	persistent	2	0	0
AJBGEP_00960	contig_1	1007967	1009115	+	LNHIMF_01057	1	persistent	2	0	0
AJBGEP_00961	contig_1	1009333	1010754	+	GEGEGB_02076	1	persistent	2	0	0
AJBGEP_00962	contig_1	1011047	1011844	-	GEGEGB_02075	1	persistent	3	0	1
AJBGEP_00963	contig_1	1011963	1012130	-	HFCAGB_01016	1	persistent	2	0	1
AJBGEP_00964	contig_1	1012420	1013379	+	LNHIMF_01061	1	persistent	3	0	1
AJBGEP_00965	contig_1	1013455	1015737	-	GEGEGB_02071	1	persistent	2	0	1
AJBGEP_00966	contig_1	1015797	1016654	-	GEGEGB_02070	1	persistent	2	0	0
AJBGEP_00967	contig_1	1017059	1018819	-	LNHIMF_01064	1	persistent	2	0	0
AJBGEP_00968	contig_1	1018956	1019648	+	LNHIMF_01065	1	persistent	2	0	0
AJBGEP_00969	contig_1	1019834	1020922	+	GEGEGB_02067	1	persistent	2	0	0
AJBGEP_00970	contig_1	1020993	1022276	+	GEGEGB_02066	1	persistent	2	0	0
AJBGEP_00971	contig_1	1022419	1023180	+	BEJGEH_00936	1	persistent	2	0	0
AJBGEP_00972	contig_1	1023353	1024036	+	GEGEGB_02064	1	persistent	2	0	0
AJBGEP_00973	contig_1	1024150	1025823	+	GEGEGB_02063	1	persistent	2	0	0
AJBGEP_00974	contig_1	1025979	1026263	+	GEGEGB_02062	1	persistent	2	1	0
AJBGEP_00975	contig_1	1026493	1028757	+	ALJMDI_01283	1	persistent	2	1	0
AJBGEP_00976	contig_1	1028794	1030542	+	GEGEGB_02060	1	persistent	2	0	0
AJBGEP_00977	contig_1	1030539	1031516	+	GEGEGB_02059	1	persistent	2	0	0
AJBGEP_00978	contig_1	1031560	1032792	+	HFCAGB_01031	1	persistent	2	0	0
AJBGEP_00979	contig_1	1032844	1033026	+	GEGEGB_02056	1	persistent	2	0	0
AJBGEP_00980	contig_1	1033023	1033769	+	GEGEGB_02055	1	persistent	2	0	0
AJBGEP_00981	contig_1	1033980	1034873	+	LNHIMF_01078	1	persistent	2	0	0
AJBGEP_00982	contig_1	1034853	1035629	-	GEGEGB_02053	1	persistent	2	0	0
AJBGEP_00983	contig_1	1035765	1036568	+	GEGEGB_02052	1	persistent	2	0	0
AJBGEP_00984	contig_1	1036561	1037883	+	GEGEGB_02051	1	persistent	2	0	0
AJBGEP_00985	contig_1	1037864	1038568	+	GEGEGB_02050	1	persistent	2	0	0
AJBGEP_00986	contig_1	1038568	1043034	+	GEGEGB_02049	1	persistent	2	0	0
AJBGEP_00987	contig_1	1043379	1045220	+	LNHIMF_01084	1	persistent	2	0	0
AJBGEP_00988	contig_1	1045480	1046028	+	GEGEGB_02047	1	persistent	2	0	0
AJBGEP_00989	contig_1	1046056	1046703	+	LNHIMF_01086	1	persistent	2	0	0
AJBGEP_00990	contig_1	1046765	1047955	-	GEGEGB_02045	1	persistent	2	0	0
AJBGEP_00991	contig_1	1048140	1049231	-	GEGEGB_02044	1	persistent	2	0	1
AJBGEP_00992	contig_1	1049521	1049673	+	BENMGJ_01216	1	cloud	2	0	0
AJBGEP_00993	contig_1	1049838	1051238	-	GEGEGB_02043	1	persistent	3	0	1
AJBGEP_00994	contig_1	1051439	1051900	-	GEGEGB_02042	1	persistent	2	0	0
AJBGEP_00995	contig_1	1052217	1053431	+	BEJGEH_00959	1	persistent	2	0	0
AJBGEP_00996	contig_1	1053676	1055112	+	AJBGEP_00996	1	persistent	2	0	0
AJBGEP_00997	contig_1	1055190	1056392	-	LNHIMF_01090	1	persistent	3	1	0
AJBGEP_00998	contig_1	1056587	1057879	-	HFCAGB_01050	1	shell	1	1	0
AJBGEP_00999	contig_1	1057924	1058172	-	GEGEGB_02036	1	shell	0	2	0
AJBGEP_01000	contig_1	1058213	1058452	-	GEGEGB_02035	2	shell	0	2	3
AJBGEP_01001	contig_1	1058495	1059604	-	LNHIMF_02203	2	shell	0	1	3
AJBGEP_01002	contig_1	1059615	1062500	-	OEKLIE_01718	2	cloud	0	1	3
AJBGEP_01004	contig_1	1062627	1062863	-	OEKLIE_01720	1	cloud	0	0	2
AJBGEP_01005	contig_1	1062948	1063106	-	LNHIMF_02199	2	cloud	0	0	4
AJBGEP_01006	contig_1	1063409	1063819	-	LNHIMF_02198	1	cloud	0	0	2
AJBGEP_01007	contig_1	1063939	1064178	+	LNHIMF_02197	1	cloud	0	1	1
AJBGEP_01008	contig_1	1064198	1064518	+	GEGEGB_02026	3	shell	0	1	10
AJBGEP_01009	contig_1	1064609	1065586	+	GEGEGB_02025	1	shell	0	2	0
AJBGEP_01010	contig_1	1065589	1066338	+	GEGEGB_02024	1	shell	0	2	0
AJBGEP_01011	contig_1	1066349	1066696	+	GEGEGB_02023	1	shell	0	1	4
AJBGEP_01012	contig_1	1066693	1067004	+	LNHIMF_02192	1	cloud	0	1	1
AJBGEP_01013	contig_1	1067103	1067372	+	OEKLIE_01729	1	cloud	0	1	1
AJBGEP_01014	contig_1	1067664	1067897	+	GEGEGB_02016	3	shell	0	2	9
AJBGEP_01015	contig_1	1068313	1068915	+	GEGEGB_02015	2	shell	0	2	2
AJBGEP_01016	contig_1	1068915	1069121	+	GEGEGB_02014	2	shell	0	2	1
AJBGEP_01017	contig_1	1069124	1069735	+	GEGEGB_02013	2	shell	0	3	0
AJBGEP_01018	contig_1	1069868	1070665	+	HFCAGB_01071	1	shell	0	3	4
AJBGEP_01019	contig_1	1070831	1071049	+	OEKLIE_01735	1	cloud	0	2	0
AJBGEP_01020	contig_1	1071223	1071348	+	GEGEGB_02011	1	shell	0	3	1
AJBGEP_01021	contig_1	1071484	1071933	-	GEGEGB_02010	1	shell	0	2	2
AJBGEP_01022	contig_1	1072150	1072287	+	HFCAGB_01370	1	shell	0	2	0
AJBGEP_01023	contig_1	1072294	1072767	-	AJBGEP_01023	2	shell	0	3	4
AJBGEP_01024	contig_1	1073250	1073585	+	HFCAGB_01372	2	shell	0	2	0
AJBGEP_01025	contig_1	1073569	1074021	+	HFCAGB_01373	2	shell	0	2	1
AJBGEP_01026	contig_1	1074018	1074518	+	BENMGJ_01252	2	cloud	0	2	3
AJBGEP_01027	contig_1	1074726	1075259	+	AJBGEP_01027	1	shell	0	1	1
AJBGEP_01028	contig_1	1075219	1077354	+	HFCAGB_01376	1	shell	0	4	1
AJBGEP_01029	contig_1	1077351	1077557	+	HFCAGB_01377	1	shell	0	1	1
AJBGEP_01030	contig_1	1077554	1079101	+	AJBGEP_01030	1	cloud	0	1	1
AJBGEP_01031	contig_1	1079052	1081106	+	BENMGJ_01257	1	cloud	0	0	2
AJBGEP_01032	contig_1	1081197	1081520	+	HFCAGB_01380	1	cloud	0	0	2
AJBGEP_01033	contig_1	1081546	1081812	+	HFCAGB_01381	1	cloud	0	0	2
AJBGEP_01034	contig_1	1081793	1082359	+	HFCAGB_01382	1	cloud	0	0	2
AJBGEP_01035	contig_1	1082356	1082757	+	HFCAGB_01383	1	cloud	0	0	2
AJBGEP_01036	contig_1	1082769	1083518	+	AJBGEP_01036	1	cloud	0	0	2
AJBGEP_01037	contig_1	1083564	1083962	+	HFCAGB_01385	1	cloud	0	1	1
AJBGEP_01038	contig_1	1084037	1084288	+	HFCAGB_01386	1	shell	0	1	1
AJBGEP_01039	contig_1	1084269	1087355	+	LNHIMF_00684	3	shell	0	4	0
AJBGEP_01040	contig_1	1087352	1087684	+	HFCAGB_01388	1	shell	0	1	1
AJBGEP_01041	contig_1	1087783	1088280	+	OEKLIE_01757	1	cloud	0	1	1
AJBGEP_01042	contig_1	1088397	1088930	-	HFCAGB_01390	1	cloud	0	0	2
AJBGEP_01043	contig_1	1089020	1089715	+	HFCAGB_01391	1	cloud	0	0	2
AJBGEP_01044	contig_1	1089725	1090462	+	AJBGEP_01044	1	cloud	0	0	2
AJBGEP_01045	contig_1	1090522	1091064	+	AJBGEP_01045	1	cloud	0	1	1
AJBGEP_01046	contig_1	1091136	1094486	+	AJBGEP_01046	1	shell	0	1	1
AJBGEP_01047	contig_1	1094525	1094767	+	LNHIMF_00690	3	shell	0	3	1
AJBGEP_01048	contig_1	1094821	1097259	+	AJBGEP_02772	3	shell	0	8	0
AJBGEP_01050	contig_1	1097259	1097840	+	AJBGEP_02770	3	shell	0	9	5
AJBGEP_01051	contig_1	1098316	1099284	+	AJBGEP_01051	1	shell	0	2	0
AJBGEP_01052	contig_1	1099552	1099800	+	AJBGEP_01052	1	shell	0	2	0
AJBGEP_01053	contig_1	1099932	1100558	-	OEKLIE_02525	2	shell	2	2	5
AJBGEP_01054	contig_1	1100911	1101597	-	HFCAGB_01104	1	shell	0	3	1
AJBGEP_01055	contig_1	1101868	1102122	-	AJBGEP_01055	1	shell	1	1	0
AJBGEP_01056	contig_1	1102486	1105098	+	LNHIMF_01091	1	persistent	2	1	2
AJBGEP_01057	contig_1	1105306	1106316	+	LNHIMF_01092	1	persistent	2	0	0
AJBGEP_01058	contig_1	1106482	1107024	+	GEGEGB_01971	1	persistent	2	0	0
AJBGEP_01059	contig_1	1107021	1108130	-	LNHIMF_01094	1	persistent	2	0	0
AJBGEP_01060	contig_1	1108229	1110337	+	LNHIMF_01095	1	persistent	2	0	0
AJBGEP_01061	contig_1	1110350	1112257	+	GEGEGB_01968	1	persistent	2	0	0
AJBGEP_01062	contig_1	1112272	1113525	+	GEGEGB_01967	1	persistent	2	0	0
AJBGEP_01063	contig_1	1113530	1115170	+	GEGEGB_01966	1	persistent	2	0	0
AJBGEP_01064	contig_1	1115167	1115730	+	GEGEGB_01965	1	persistent	2	0	0
AJBGEP_01065	contig_1	1116252	1116770	-	GEGEGB_01964	1	persistent	2	0	0
AJBGEP_01066	contig_1	1116839	1118599	-	GEGEGB_01963	1	persistent	2	0	1
AJBGEP_01067	contig_1	1118785	1119237	+	GEGEGB_01962	1	persistent	2	0	0
AJBGEP_01068	contig_1	1119309	1120361	-	GEGEGB_01961	1	persistent	2	0	0
AJBGEP_01069	contig_1	1120718	1121227	-	GEGEGB_01960	1	persistent	2	0	2
AJBGEP_01070	contig_1	1121444	1122049	+	LNHIMF_01105	1	persistent	2	0	1
AJBGEP_01071	contig_1	1122036	1124189	-	GEGEGB_01957	1	persistent	2	0	0
AJBGEP_01072	contig_1	1124208	1124654	-	GEGEGB_01956	1	persistent	2	0	0
AJBGEP_01073	contig_1	1124778	1126832	+	BEJGEH_00979	1	persistent	2	0	0
AJBGEP_01074	contig_1	1126868	1127326	-	GEGEGB_01954	1	persistent	2	0	0
AJBGEP_01075	contig_1	1127421	1128083	-	GEGEGB_01953	1	persistent	2	0	0
AJBGEP_01076	contig_1	1128257	1128670	+	GEGEGB_01952	1	persistent	2	0	0
AJBGEP_01077	contig_1	1128715	1129032	-	GEGEGB_01951	1	persistent	2	0	0
AJBGEP_01078	contig_1	1129090	1130301	-	LNHIMF_01113	1	persistent	2	0	1
AJBGEP_01079	contig_1	1130516	1131064	+	BEJGEH_00985	1	persistent	2	0	0
AJBGEP_01080	contig_1	1131081	1131869	+	LNHIMF_01115	1	persistent	2	1	2
AJBGEP_01081	contig_1	1131918	1132199	+	GEGEGB_01943	1	persistent	2	0	0
AJBGEP_01082	contig_1	1132196	1132525	-	GEGEGB_01942	1	persistent	2	0	0
AJBGEP_01083	contig_1	1132612	1133271	-	GEGEGB_01941	1	persistent	2	1	2
AJBGEP_01085	contig_1	1133892	1134572	-	BEJGEH_00991	1	persistent	2	1	1
AJBGEP_01086	contig_1	1134794	1135669	-	LNHIMF_01121	1	persistent	2	0	1
AJBGEP_01088	contig_1	1136217	1136558	-	GEGEGB_01934	1	persistent	2	0	0
AJBGEP_01089	contig_1	1136575	1138260	-	LNHIMF_01124	1	persistent	3	0	0
AJBGEP_01090	contig_1	1138763	1138873	-	LNHIMF_01125	1	persistent	2	0	0
AJBGEP_01091	contig_1	1138982	1140544	-	HFCAGB_01141	1	persistent	3	0	0
AJBGEP_01092	contig_1	1140624	1141988	-	BEJGEH_00998	1	persistent	2	0	0
AJBGEP_01093	contig_1	1141981	1142718	-	LNHIMF_01128	1	persistent	2	0	0
AJBGEP_01094	contig_1	1142797	1143207	+	LNHIMF_01129	1	persistent	2	0	0
AJBGEP_01095	contig_1	1143540	1144052	-	LNHIMF_01130	1	persistent	2	0	0
AJBGEP_01096	contig_1	1144070	1145632	-	LNHIMF_01131	1	persistent	2	0	0
AJBGEP_01097	contig_1	1145850	1146290	-	GEGEGB_01926	1	persistent	2	0	0
AJBGEP_01098	contig_1	1146565	1147854	+	GEGEGB_01925	1	persistent	2	0	0
AJBGEP_01099	contig_1	1147851	1149317	+	BEJGEH_01005	1	persistent	2	0	0
AJBGEP_01100	contig_1	1149319	1150170	+	LNHIMF_01135	1	persistent	3	0	0
AJBGEP_01101	contig_1	1150180	1150560	+	GEGEGB_01921	1	persistent	2	0	0
AJBGEP_01102	contig_1	1150703	1151506	+	GEGEGB_01920	1	persistent	2	0	0
AJBGEP_01103	contig_1	1151517	1152308	+	GEGEGB_01919	1	persistent	2	0	0
AJBGEP_01104	contig_1	1152380	1153756	+	LNHIMF_01139	1	persistent	2	0	0
AJBGEP_01105	contig_1	1153766	1154662	+	LNHIMF_01140	1	persistent	2	0	0
AJBGEP_01106	contig_1	1154676	1155614	+	GEGEGB_01916	1	persistent	3	0	0
AJBGEP_01107	contig_1	1156022	1156384	-	LNHIMF_01142	1	persistent	2	0	0
AJBGEP_01108	contig_1	1157038	1157343	-	GEGEGB_01915	1	persistent	3	0	0
AJBGEP_01109	contig_1	1157343	1158263	-	GEGEGB_01914	1	persistent	2	0	0
AJBGEP_01110	contig_1	1158498	1158860	+	LNHIMF_01145	1	persistent	2	0	0
AJBGEP_01111	contig_1	1158909	1160795	+	LNHIMF_01146	1	persistent	2	0	0
AJBGEP_01112	contig_1	1160792	1161415	+	LNHIMF_01147	1	persistent	2	0	0
AJBGEP_01113	contig_1	1161405	1161911	+	LNHIMF_01148	1	persistent	2	0	0
AJBGEP_01114	contig_1	1162044	1163285	+	LNHIMF_01149	1	persistent	2	0	0
AJBGEP_01115	contig_1	1163319	1163546	-	GEGEGB_01908	1	persistent	2	0	0
AJBGEP_01116	contig_1	1163567	1164163	-	LNHIMF_01151	1	persistent	2	0	0
AJBGEP_01117	contig_1	1164548	1164715	+	GEGEGB_01513	3	persistent	6	0	0
AJBGEP_01118	contig_1	1164852	1165490	+	LNHIMF_01153	1	persistent	2	0	0
AJBGEP_01119	contig_1	1165487	1165882	-	GEGEGB_01904	1	persistent	2	0	0
AJBGEP_01120	contig_1	1165941	1169903	-	LNHIMF_01155	1	persistent	3	0	0
AJBGEP_01121	contig_1	1170325	1171833	+	GEGEGB_01902	1	persistent	2	0	1
AJBGEP_01122	contig_1	1172451	1172747	+	LNHIMF_01157	1	persistent	2	0	0
AJBGEP_01123	contig_1	1172726	1173514	+	GEGEGB_01899	1	persistent	2	0	2
AJBGEP_01125	contig_1	1173620	1174501	-	GEGEGB_01898	1	persistent	2	0	0
AJBGEP_01127	contig_1	1174786	1176282	-	HFCAGB_01177	1	persistent	2	0	1
AJBGEP_01128	contig_1	1176619	1177299	-	GEGEGB_01894	1	persistent	2	0	1
AJBGEP_01129	contig_1	1177817	1178965	+	GEGEGB_01893	1	persistent	2	0	0
AJBGEP_01130	contig_1	1179011	1179703	+	LNHIMF_01165	1	persistent	2	0	0
AJBGEP_01131	contig_1	1179986	1181266	+	LNHIMF_01166	1	persistent	2	0	0
AJBGEP_01132	contig_1	1181280	1182383	+	GEGEGB_01890	1	persistent	2	0	1
AJBGEP_01134	contig_1	1183227	1184165	+	LNHIMF_01169	1	persistent	2	1	1
AJBGEP_01135	contig_1	1184250	1184987	+	GEGEGB_01887	1	persistent	2	0	0
AJBGEP_01136	contig_1	1185011	1185565	+	GEGEGB_01886	1	persistent	2	0	0
AJBGEP_01137	contig_1	1185654	1186148	+	GEGEGB_01885	1	persistent	2	0	0
AJBGEP_01138	contig_1	1186187	1187020	-	GEGEGB_01884	1	persistent	2	0	0
AJBGEP_01139	contig_1	1187047	1187463	-	GEGEGB_01883	1	persistent	2	0	0
AJBGEP_01140	contig_1	1187490	1187885	-	GEGEGB_01882	1	persistent	2	0	0
AJBGEP_01141	contig_1	1187890	1188540	-	LNHIMF_01176	1	persistent	2	0	0
AJBGEP_01143	contig_1	1189295	1189750	+	LNHIMF_01178	1	persistent	2	0	0
AJBGEP_01144	contig_1	1189792	1190247	+	GEGEGB_01878	1	persistent	2	0	0
AJBGEP_01145	contig_1	1190309	1190635	+	BEJGEH_01949	1	persistent	2	0	0
AJBGEP_01146	contig_1	1190766	1191086	+	GEGEGB_01876	1	persistent	2	0	0
AJBGEP_01147	contig_1	1191175	1191714	+	GEGEGB_01875	1	persistent	2	0	0
AJBGEP_01148	contig_1	1191653	1193137	+	GEGEGB_01874	1	persistent	2	0	0
AJBGEP_01149	contig_1	1193154	1194308	-	GEGEGB_01873	1	persistent	2	0	0
AJBGEP_01150	contig_1	1194562	1196115	+	GEGEGB_01872	1	persistent	2	0	0
AJBGEP_01151	contig_1	1196108	1198651	+	LNHIMF_01186	1	persistent	2	0	0
AJBGEP_01152	contig_1	1198725	1198952	+	GEGEGB_01870	1	persistent	2	0	0
AJBGEP_01153	contig_1	1198953	1199327	-	GEGEGB_01869	1	persistent	2	0	0
AJBGEP_01154	contig_1	1199409	1200623	-	GEGEGB_01868	1	persistent	2	0	0
AJBGEP_01155	contig_1	1200778	1201698	-	LNHIMF_01190	1	persistent	2	0	0
AJBGEP_01156	contig_1	1201918	1202970	+	LNHIMF_01191	1	persistent	2	0	0
AJBGEP_01157	contig_1	1203022	1203597	-	GEGEGB_01865	1	persistent	2	0	0
AJBGEP_01158	contig_1	1203594	1204166	-	BEJGEH_01936	1	persistent	2	0	0
AJBGEP_01159	contig_1	1204429	1204542	-	GEGEGB_01863	1	persistent	2	0	0
AJBGEP_01160	contig_1	1204583	1205701	-	LNHIMF_01195	1	persistent	2	0	0
AJBGEP_01161	contig_1	1205814	1206068	-	LNHIMF_01196	1	persistent	2	0	0
AJBGEP_01162	contig_1	1206358	1206603	-	LNHIMF_01197	1	persistent	2	0	0
AJBGEP_01163	contig_1	1206677	1207723	-	LNHIMF_01198	1	persistent	2	0	0
AJBGEP_01164	contig_1	1207828	1208388	-	LNHIMF_01199	1	persistent	2	0	0
AJBGEP_01165	contig_1	1208513	1209160	-	GEGEGB_01857	1	persistent	2	0	0
AJBGEP_01166	contig_1	1209224	1210432	-	LNHIMF_01201	1	persistent	2	0	0
AJBGEP_01167	contig_1	1210669	1211253	+	LNHIMF_01202	1	persistent	2	0	0
AJBGEP_01168	contig_1	1211289	1211936	+	GEGEGB_01854	1	persistent	2	0	0
AJBGEP_01169	contig_1	1211938	1212861	+	LNHIMF_01204	1	persistent	2	0	0
AJBGEP_01170	contig_1	1213126	1214700	+	LNHIMF_01205	1	persistent	2	0	0
AJBGEP_01171	contig_1	1214782	1215204	-	GEGEGB_01851	1	persistent	2	0	0
AJBGEP_01172	contig_1	1215209	1215502	-	LNHIMF_01207	1	persistent	2	0	0
AJBGEP_01173	contig_1	1215594	1216253	-	GEGEGB_01849	1	persistent	2	0	0
AJBGEP_01174	contig_1	1216410	1216826	+	LNHIMF_01209	1	persistent	2	0	0
AJBGEP_01175	contig_1	1216830	1217234	+	GEGEGB_01847	1	persistent	2	0	0
AJBGEP_01176	contig_1	1217246	1217944	+	GEGEGB_01846	1	persistent	2	0	0
AJBGEP_01177	contig_1	1217971	1219182	+	GEGEGB_01845	1	persistent	2	0	0
AJBGEP_01178	contig_1	1219203	1219958	+	LNHIMF_01213	1	persistent	2	0	0
AJBGEP_01179	contig_1	1219972	1220754	+	GEGEGB_01843	1	persistent	2	0	0
AJBGEP_01180	contig_1	1220842	1221507	+	GEGEGB_01842	1	persistent	2	0	0
AJBGEP_01181	contig_1	1221519	1222616	+	GEGEGB_01841	1	persistent	2	0	0
AJBGEP_01182	contig_1	1222616	1223566	+	GEGEGB_01840	1	persistent	2	0	0
AJBGEP_01183	contig_1	1223631	1225292	+	GEGEGB_01839	1	persistent	2	0	0
AJBGEP_01184	contig_1	1225307	1226260	+	LNHIMF_01219	1	persistent	2	1	0
AJBGEP_01185	contig_1	1226517	1229720	-	ONMMKP_00953	1	persistent	2	1	1
AJBGEP_01186	contig_1	1230210	1231253	+	LNHIMF_01221	1	persistent	3	0	0
AJBGEP_01187	contig_1	1231391	1232152	+	BEJGEH_01907	1	persistent	3	0	0
AJBGEP_01188	contig_1	1232358	1232582	+	LNHIMF_01223	1	persistent	2	0	0
AJBGEP_01189	contig_1	1232654	1233238	-	LNHIMF_01224	1	persistent	4	0	0
AJBGEP_01191	contig_1	1233436	1233957	+	GEGEGB_01831	1	persistent	2	0	0
AJBGEP_01192	contig_1	1234009	1234182	+	GEGEGB_01830	1	persistent	2	0	0
AJBGEP_01193	contig_1	1234346	1235395	+	GEGEGB_01829	1	persistent	2	0	0
AJBGEP_01194	contig_1	1235475	1236428	+	LNHIMF_01229	1	persistent	2	0	0
AJBGEP_01195	contig_1	1236444	1237373	+	GEGEGB_01827	1	persistent	2	0	0
AJBGEP_01196	contig_1	1237386	1238120	+	GEGEGB_01826	1	persistent	2	0	0
AJBGEP_01197	contig_1	1238276	1238512	+	GEGEGB_01825	1	persistent	2	0	0
AJBGEP_01198	contig_1	1238598	1239839	+	LNHIMF_01233	1	persistent	2	0	1
AJBGEP_01199	contig_1	1239963	1240772	+	GEGEGB_01823	1	persistent	2	0	1
AJBGEP_01200	contig_1	1240775	1241797	+	BEJGEH_01895	1	persistent	2	0	0
AJBGEP_01201	contig_1	1241787	1242428	+	GEGEGB_01821	1	persistent	2	0	0
AJBGEP_01202	contig_1	1242425	1243429	+	GEGEGB_01820	1	persistent	2	0	0
AJBGEP_01203	contig_1	1243440	1244237	+	GEGEGB_01819	1	persistent	2	0	0
AJBGEP_01204	contig_1	1244532	1245965	+	GEGEGB_01818	1	persistent	2	0	0
AJBGEP_01205	contig_1	1246050	1248224	-	BEJGEH_01890	1	persistent	2	0	0
AJBGEP_01206	contig_1	1248548	1248925	+	GEGEGB_01815	1	persistent	2	0	0
AJBGEP_01207	contig_1	1248928	1249302	+	GEGEGB_01814	1	persistent	2	0	0
AJBGEP_01208	contig_1	1249316	1249954	+	LNHIMF_01249	1	persistent	2	0	0
AJBGEP_01209	contig_1	1249935	1250759	+	GEGEGB_01812	1	persistent	2	0	0
AJBGEP_01210	contig_1	1250770	1251795	+	GEGEGB_01811	1	persistent	2	0	0
AJBGEP_01211	contig_1	1251820	1252362	+	GEGEGB_01810	1	persistent	2	0	0
AJBGEP_01212	contig_1	1252617	1253921	+	GEGEGB_01809	1	persistent	2	0	1
AJBGEP_01213	contig_1	1254100	1254639	+	GEGEGB_01807	1	persistent	2	0	1
AJBGEP_01214	contig_1	1254714	1255349	-	LNHIMF_01255	1	persistent	2	0	0
AJBGEP_01215	contig_1	1255591	1255848	+	GEGEGB_01805	1	persistent	2	0	0
AJBGEP_01216	contig_1	1255945	1256910	-	LNHIMF_01257	1	persistent	2	0	0
AJBGEP_01217	contig_1	1257058	1260504	-	BEJGEH_01878	1	persistent	2	0	0
AJBGEP_01218	contig_1	1260842	1262041	+	GEGEGB_01802	1	persistent	2	0	0
AJBGEP_01219	contig_1	1262034	1262735	+	GEGEGB_01801	1	persistent	2	0	0
AJBGEP_01220	contig_1	1262735	1263979	+	GEGEGB_01800	1	persistent	2	0	0
AJBGEP_01221	contig_1	1264008	1264919	+	GEGEGB_01799	1	persistent	2	0	0
AJBGEP_01222	contig_1	1264938	1265759	+	GEGEGB_01798	1	persistent	2	0	0
AJBGEP_01223	contig_1	1265841	1266887	-	GEGEGB_01797	1	persistent	2	0	0
AJBGEP_01224	contig_1	1266912	1267691	-	GEGEGB_01796	1	persistent	2	0	0
AJBGEP_01225	contig_1	1268007	1269017	-	LNHIMF_01266	1	persistent	2	0	0
AJBGEP_01226	contig_1	1269346	1270209	-	GEGEGB_01794	1	persistent	2	0	0
AJBGEP_01227	contig_1	1270193	1271329	-	LNHIMF_01268	1	persistent	2	0	0
AJBGEP_01228	contig_1	1271580	1272809	+	LNHIMF_01269	1	persistent	3	1	0
AJBGEP_01230	contig_1	1273020	1273478	+	GEGEGB_00250	10	shell	58	4	2
AJBGEP_01231	contig_1	1273569	1274858	+	HFCAGB_02070	1	persistent	2	1	0
AJBGEP_01232	contig_1	1274898	1276019	-	LNHIMF_01271	1	persistent	3	0	0
AJBGEP_01233	contig_1	1276100	1277563	-	GEGEGB_01789	1	persistent	2	0	0
AJBGEP_01234	contig_1	1277563	1278237	-	LNHIMF_01273	1	persistent	2	0	0
AJBGEP_01235	contig_1	1278361	1279731	-	BEJGEH_01862	1	persistent	2	0	0
AJBGEP_01236	contig_1	1279735	1280376	-	LNHIMF_01275	1	persistent	2	0	0
AJBGEP_01237	contig_1	1280463	1281569	-	GEGEGB_01785	1	persistent	2	0	0
AJBGEP_01238	contig_1	1281623	1282084	-	GEGEGB_01784	1	persistent	2	0	0
AJBGEP_01239	contig_1	1282096	1282425	-	GEGEGB_01783	1	persistent	2	0	0
AJBGEP_01240	contig_1	1282422	1283159	-	LNHIMF_01279	1	persistent	2	0	0
AJBGEP_01241	contig_1	1283259	1284509	+	GEGEGB_01781	1	persistent	2	1	1
AJBGEP_01242	contig_1	1284622	1285764	-	AJBGEP_01242	1	cloud	1	0	1
AJBGEP_01243	contig_1	1285754	1285990	-	AJBGEP_01243	1	cloud	0	0	4
AJBGEP_01244	contig_1	1286040	1286591	-	AJBGEP_01244	1	cloud	0	0	2
AJBGEP_01245	contig_1	1286588	1286920	-	AJBGEP_01245	1	cloud	0	0	4
AJBGEP_01246	contig_1	1286913	1287233	-	AJBGEP_01246	1	cloud	0	0	3
AJBGEP_01247	contig_1	1287269	1288099	-	AJBGEP_01247	1	cloud	1	0	5
AJBGEP_01248	contig_1	1288092	1290446	-	AJBGEP_01248	1	cloud	1	2	4
AJBGEP_01249	contig_1	1290505	1290804	-	AJBGEP_01249	1	cloud	0	0	2
AJBGEP_01250	contig_1	1290945	1291115	-	AJBGEP_01250	1	cloud	0	0	6
AJBGEP_01251	contig_1	1291515	1291721	+	AJBGEP_01251	1	cloud	0	0	6
AJBGEP_01252	contig_1	1291829	1292914	-	AJBGEP_01252	1	cloud	0	0	2
AJBGEP_01253	contig_1	1293066	1293533	-	AJBGEP_01253	1	cloud	0	0	2
AJBGEP_01254	contig_1	1293547	1293774	+	AJBGEP_01254	1	cloud	0	1	1
AJBGEP_01255	contig_1	1293794	1294114	+	GEGEGB_02026	3	shell	0	1	10
AJBGEP_01256	contig_1	1294206	1295111	+	AJBGEP_01256	1	cloud	0	1	2
AJBGEP_01257	contig_1	1295108	1295800	+	AJBGEP_01257	1	cloud	0	0	2
AJBGEP_01258	contig_1	1295815	1296480	+	AJBGEP_01258	1	cloud	0	0	2
AJBGEP_01259	contig_1	1296482	1296952	+	GEGEGB_02021	1	cloud	0	0	6
AJBGEP_01260	contig_1	1296955	1297608	+	AJBGEP_01260	1	cloud	0	0	2
AJBGEP_01261	contig_1	1297601	1297882	+	AJBGEP_01261	1	cloud	0	0	8
AJBGEP_01262	contig_1	1298000	1298185	+	AJBGEP_01262	1	cloud	0	1	1
AJBGEP_01263	contig_1	1298444	1298677	+	GEGEGB_02016	3	shell	0	2	9
AJBGEP_01264	contig_1	1299077	1299676	+	AJBGEP_01264	1	cloud	0	1	3
AJBGEP_01265	contig_1	1299673	1299867	+	IKCLMC_00906	1	cloud	0	0	2
AJBGEP_01266	contig_1	1299849	1300145	+	IKCLMC_00907	1	cloud	0	0	3
AJBGEP_01267	contig_1	1300142	1300696	+	IKCLMC_00908	1	cloud	0	0	3
AJBGEP_01271	contig_1	1300963	1301523	+	AJBGEP_01271	1	cloud	0	0	2
AJBGEP_01272	contig_1	1301766	1301954	+	AJBGEP_01272	1	cloud	0	2	7
AJBGEP_01274	contig_1	1302108	1302326	+	AJBGEP_01274	1	cloud	0	0	3
AJBGEP_01275	contig_1	1302338	1302877	-	AJBGEP_01275	1	cloud	0	0	3
AJBGEP_01276	contig_1	1303049	1303357	+	AJBGEP_01276	1	cloud	0	0	4
AJBGEP_01277	contig_1	1303335	1303874	+	AJBGEP_01277	1	cloud	0	0	3
AJBGEP_01278	contig_1	1304083	1304181	+	AJBGEP_01278	1	cloud	0	0	3
AJBGEP_01279	contig_1	1304183	1304647	+	OEKLIE_01492	1	cloud	0	1	6
AJBGEP_01280	contig_1	1304874	1305275	-	AJBGEP_01280	2	shell	0	2	2
AJBGEP_01281	contig_1	1305561	1306106	+	AJBGEP_01281	2	shell	0	2	0
AJBGEP_01282	contig_1	1306078	1308009	+	AJBGEP_01282	2	shell	0	2	0
AJBGEP_01283	contig_1	1307993	1308196	+	AJBGEP_01283	2	shell	0	2	0
AJBGEP_01284	contig_1	1308154	1309773	+	AJBGEP_01284	2	shell	0	2	0
AJBGEP_01285	contig_1	1309763	1311259	+	AJBGEP_01285	2	shell	0	2	0
AJBGEP_01286	contig_1	1311272	1311619	+	AJBGEP_01286	2	shell	0	2	0
AJBGEP_01287	contig_1	1311674	1312702	+	AJBGEP_01287	2	shell	0	2	1
AJBGEP_01288	contig_1	1312760	1312939	+	AJBGEP_02789	2	cloud	0	2	0
AJBGEP_01289	contig_1	1312903	1313124	+	ODDLKH_01689	2	shell	0	2	1
AJBGEP_01290	contig_1	1313135	1313518	+	AJBGEP_01290	2	shell	0	2	0
AJBGEP_01291	contig_1	1313546	1314124	+	AJBGEP_01291	2	shell	0	3	1
AJBGEP_01292	contig_1	1314173	1315303	-	AJBGEP_01292	2	shell	0	2	0
AJBGEP_01293	contig_1	1315412	1315813	+	LNHIMF_00680	2	shell	0	3	2
AJBGEP_01294	contig_1	1315824	1316567	+	LNHIMF_00681	2	shell	0	2	0
AJBGEP_01295	contig_1	1316618	1317013	+	LNHIMF_00682	2	shell	0	2	0
AJBGEP_01296	contig_1	1317034	1317348	+	LNHIMF_00683	2	shell	0	2	0
AJBGEP_01297	contig_1	1317320	1320415	+	LNHIMF_00684	3	shell	0	4	0
AJBGEP_01298	contig_1	1320418	1320747	+	LNHIMF_00685	2	shell	0	2	0
AJBGEP_01299	contig_1	1320757	1321455	+	AJBGEP_01299	2	shell	0	2	1
AJBGEP_01300	contig_1	1321447	1322052	-	LNHIMF_00687	2	cloud	0	2	0
AJBGEP_01301	contig_1	1322097	1322744	+	AJBGEP_01301	2	shell	0	2	2
AJBGEP_01302	contig_1	1322806	1326168	+	LNHIMF_00689	2	shell	0	2	0
AJBGEP_01303	contig_1	1326207	1326449	+	LNHIMF_00690	3	shell	0	3	1
AJBGEP_01304	contig_1	1326503	1328944	+	AJBGEP_02772	3	shell	0	8	0
AJBGEP_01306	contig_1	1328944	1329528	+	AJBGEP_02770	3	shell	0	9	5
AJBGEP_01307	contig_1	1330854	1331156	+	AJBGEP_01307	1	cloud	0	2	3
AJBGEP_01308	contig_1	1331110	1331370	+	AJBGEP_01308	1	cloud	0	0	2
AJBGEP_01309	contig_1	1331358	1331879	+	AJBGEP_01309	1	cloud	0	0	4
AJBGEP_01310	contig_1	1332051	1334153	+	AJBGEP_01310	1	cloud	0	1	2
AJBGEP_01311	contig_1	1334473	1335144	-	OEKLIE_02525	2	shell	2	2	5
AJBGEP_01312	contig_1	1335446	1335610	+	ODDLKH_01711	1	cloud	1	1	0
AJBGEP_01314	contig_1	1336058	1337182	+	GEGEGB_01180	1	persistent	1	2	3
AJBGEP_01315	contig_1	1337639	1337842	-	AJBGEP_01315	1	shell	1	1	1
AJBGEP_01316	contig_1	1338164	1338952	-	AJBGEP_01316	1	shell	1	1	0
AJBGEP_01318	contig_1	1339441	1339680	-	LNHIMF_01289	1	persistent	1	1	2
AJBGEP_01319	contig_1	1339871	1340392	-	GEGEGB_01187	1	persistent	2	0	1
AJBGEP_01320	contig_1	1341151	1341414	-	HFCAGB_02052	1	persistent	2	0	2
AJBGEP_01322	contig_1	1342226	1342783	+	BEJGEH_01844	1	persistent	2	0	1
AJBGEP_01325	contig_1	1344020	1344364	-	LNHIMF_01296	1	persistent	2	0	0
AJBGEP_01326	contig_1	1344999	1345172	-	GEGEGB_01195	1	persistent	2	0	0
AJBGEP_01327	contig_1	1345491	1345958	+	GEGEGB_01196	1	persistent	2	0	0
AJBGEP_01328	contig_1	1346297	1347340	+	LNHIMF_01299	1	persistent	2	0	0
AJBGEP_01329	contig_1	1347423	1347953	-	GEGEGB_01198	1	persistent	2	0	0
AJBGEP_01330	contig_1	1348102	1348416	-	GEGEGB_01199	1	persistent	2	0	0
AJBGEP_01331	contig_1	1349146	1350732	+	LNHIMF_01302	1	persistent	2	0	0
AJBGEP_01332	contig_1	1350732	1351706	+	GEGEGB_01201	1	persistent	2	0	0
AJBGEP_01333	contig_1	1351696	1352508	+	GEGEGB_01202	1	persistent	2	0	0
AJBGEP_01334	contig_1	1352502	1353299	+	GEGEGB_01203	1	persistent	2	0	0
AJBGEP_01335	contig_1	1353293	1353883	+	HFCAGB_02036	1	persistent	2	0	0
AJBGEP_01336	contig_1	1353965	1355098	-	GEGEGB_01205	1	persistent	2	0	0
AJBGEP_01337	contig_1	1355292	1355618	+	GEGEGB_01206	1	persistent	2	0	0
AJBGEP_01340	contig_1	1355812	1356462	+	GEGEGB_01209	1	persistent	2	0	0
AJBGEP_01341	contig_1	1356571	1357359	+	LNHIMF_01312	1	persistent	2	0	0
AJBGEP_01342	contig_1	1357504	1358097	+	GEGEGB_01211	1	persistent	2	0	0
AJBGEP_01343	contig_1	1358166	1359014	+	LNHIMF_01314	1	persistent	2	0	0
AJBGEP_01344	contig_1	1359269	1359517	-	LNHIMF_01315	1	persistent	2	0	0
AJBGEP_01345	contig_1	1359828	1360373	+	LNHIMF_01316	1	persistent	2	0	0
AJBGEP_01346	contig_1	1360570	1361208	+	GEGEGB_01215	1	persistent	2	0	0
AJBGEP_01347	contig_1	1361381	1361743	+	GEGEGB_01216	1	persistent	2	0	0
AJBGEP_01348	contig_1	1361746	1361928	+	GEGEGB_01217	1	persistent	2	0	0
AJBGEP_01349	contig_1	1362158	1362799	+	LNHIMF_01320	1	persistent	2	0	0
AJBGEP_01351	contig_1	1363114	1363362	+	GEGEGB_01220	1	persistent	2	1	0
AJBGEP_01352	contig_1	1363795	1364046	+	GEGEGB_01223	1	persistent	2	1	0
AJBGEP_01353	contig_1	1364115	1364426	+	GEGEGB_01224	1	persistent	2	0	0
AJBGEP_01354	contig_1	1364412	1364759	-	GEGEGB_01225	1	persistent	2	0	0
AJBGEP_01355	contig_1	1364878	1366062	-	LNHIMF_01326	1	persistent	2	0	0
AJBGEP_01356	contig_1	1366163	1366957	+	LNHIMF_01327	1	persistent	2	0	0
AJBGEP_01357	contig_1	1366937	1367383	-	GEGEGB_01228	1	persistent	2	0	0
AJBGEP_01358	contig_1	1367589	1367696	+	BEJGEH_01808	1	persistent	2	0	0
AJBGEP_01359	contig_1	1367693	1368220	-	GEGEGB_01230	1	persistent	2	0	0
AJBGEP_01360	contig_1	1368261	1369754	-	LNHIMF_01331	1	persistent	2	0	3
AJBGEP_01361	contig_1	1370395	1371681	-	PAPNPA_01180	1	persistent	2	0	3
AJBGEP_01362	contig_1	1371804	1373738	-	LNHIMF_01334	1	persistent	2	0	0
AJBGEP_01363	contig_1	1374166	1374912	+	GEGEGB_01235	1	persistent	2	0	0
AJBGEP_01364	contig_1	1375202	1376398	+	LNHIMF_01336	1	persistent	2	0	0
AJBGEP_01365	contig_1	1376504	1377352	+	GEGEGB_01237	1	persistent	2	0	0
AJBGEP_01366	contig_1	1377451	1378335	-	LNHIMF_01338	1	persistent	2	0	0
AJBGEP_01367	contig_1	1378670	1379665	-	GEGEGB_01240	1	persistent	2	0	2
AJBGEP_01368	contig_1	1380007	1380420	+	GEGEGB_01241	1	persistent	2	0	0
AJBGEP_01369	contig_1	1380462	1380740	+	GEGEGB_01242	1	persistent	2	0	2
AJBGEP_01370	contig_1	1381091	1381747	-	LNHIMF_01342	1	persistent	2	0	1
AJBGEP_01371	contig_1	1381774	1382862	-	LNHIMF_01343	1	persistent	2	0	0
AJBGEP_01372	contig_1	1382886	1384742	-	GEGEGB_01245	1	persistent	2	0	0
AJBGEP_01373	contig_1	1384916	1385467	+	GEGEGB_01246	1	persistent	2	0	0
AJBGEP_01374	contig_1	1385585	1386628	+	LNHIMF_01346	1	persistent	2	0	0
AJBGEP_01375	contig_1	1386633	1388582	+	GEGEGB_01248	1	persistent	2	0	0
AJBGEP_01376	contig_1	1388612	1389955	-	LNHIMF_01348	1	persistent	2	0	0
AJBGEP_01377	contig_1	1390194	1390469	+	LNHIMF_01349	1	persistent	2	0	0
AJBGEP_01378	contig_1	1390429	1390845	-	LNHIMF_01350	1	persistent	2	0	0
AJBGEP_01379	contig_1	1390918	1391796	-	GEGEGB_01252	1	persistent	2	0	0
AJBGEP_01380	contig_1	1392170	1393396	+	GEGEGB_01253	1	persistent	2	0	0
AJBGEP_01381	contig_1	1393387	1394421	+	LNHIMF_01353	1	persistent	2	0	0
AJBGEP_01382	contig_1	1394418	1395896	+	HFCAGB_01981	1	persistent	2	0	0
AJBGEP_01383	contig_1	1395893	1397236	+	GEGEGB_01257	1	persistent	2	0	0
AJBGEP_01384	contig_1	1397229	1398197	+	LNHIMF_01356	1	persistent	2	0	0
AJBGEP_01385	contig_1	1398234	1398449	+	GEGEGB_01259	1	persistent	2	0	0
AJBGEP_01386	contig_1	1398533	1399018	+	LNHIMF_01358	1	persistent	2	0	0
AJBGEP_01387	contig_1	1399093	1399974	-	GEGEGB_01261	1	persistent	2	0	0
AJBGEP_01388	contig_1	1400095	1400922	-	GEGEGB_01262	1	persistent	2	0	0
AJBGEP_01389	contig_1	1401141	1401482	+	GEGEGB_01263	1	persistent	2	0	1
AJBGEP_01390	contig_1	1401783	1402103	+	GEGEGB_01264	1	persistent	2	0	0
AJBGEP_01391	contig_1	1402186	1403544	+	GEGEGB_01265	1	persistent	2	0	1
AJBGEP_01392	contig_1	1403595	1403942	+	GEGEGB_01266	1	persistent	2	0	0
AJBGEP_01393	contig_1	1403956	1404795	+	GEGEGB_01267	1	persistent	2	0	0
AJBGEP_01394	contig_1	1404920	1406275	+	LNHIMF_01366	1	persistent	2	0	0
AJBGEP_01395	contig_1	1406288	1407046	+	LNHIMF_01367	1	persistent	2	1	0
AJBGEP_01396	contig_1	1407090	1409342	-	LNHIMF_01368	1	persistent	2	1	0
AJBGEP_01397	contig_1	1409707	1409949	+	GEGEGB_01273	1	persistent	2	0	0
AJBGEP_01398	contig_1	1410051	1411442	-	LNHIMF_01370	1	persistent	2	0	0
AJBGEP_01399	contig_1	1411579	1412178	-	LNHIMF_01371	1	persistent	2	0	0
AJBGEP_01400	contig_1	1412316	1412984	-	LNHIMF_01372	1	persistent	2	0	0
AJBGEP_01401	contig_1	1413133	1413669	+	GEGEGB_01277	1	persistent	2	0	0
AJBGEP_01402	contig_1	1413712	1414572	-	GEGEGB_01278	1	persistent	2	0	0
AJBGEP_01403	contig_1	1414679	1414969	-	GEGEGB_01279	1	persistent	2	0	0
AJBGEP_01404	contig_1	1415066	1415998	-	LNHIMF_01376	1	persistent	2	0	0
AJBGEP_01405	contig_1	1416287	1417045	+	GEGEGB_01281	1	persistent	2	0	0
AJBGEP_01406	contig_1	1417094	1418053	-	GEGEGB_01282	1	persistent	3	0	0
AJBGEP_01407	contig_1	1418196	1418510	+	GEGEGB_01283	1	persistent	2	0	0
AJBGEP_01408	contig_1	1418507	1419361	+	LNHIMF_01380	1	persistent	3	1	1
AJBGEP_01409	contig_1	1420063	1421286	-	GEGEGB_01285	1	shell	2	1	0
AJBGEP_01410	contig_1	1421467	1421595	-	AJBGEP_01410	1	shell	1	1	0
AJBGEP_01411	contig_1	1422178	1424106	+	GEGEGB_01287	1	persistent	3	2	0
AJBGEP_01412	contig_1	1424218	1424652	+	GEGEGB_01288	1	persistent	2	0	0
AJBGEP_01413	contig_1	1424748	1424945	+	GEGEGB_01289	1	persistent	2	0	0
AJBGEP_01414	contig_1	1424996	1425352	+	GEGEGB_01290	1	persistent	2	0	0
AJBGEP_01415	contig_1	1425473	1425517	+	GEGEGB_01291	1	persistent	2	0	0
AJBGEP_01416	contig_1	1425654	1426637	+	GEGEGB_01292	1	persistent	2	0	0
AJBGEP_01417	contig_1	1426653	1429040	+	LNHIMF_01387	1	persistent	2	0	0
AJBGEP_01418	contig_1	1429045	1429344	+	GEGEGB_01294	1	persistent	2	0	0
AJBGEP_01420	contig_1	1429547	1430527	+	LNHIMF_01390	1	persistent	2	0	0
AJBGEP_01421	contig_1	1430619	1431170	+	GEGEGB_01297	1	persistent	2	0	0
AJBGEP_01422	contig_1	1431170	1431919	+	GEGEGB_01298	1	persistent	2	0	0
AJBGEP_01423	contig_1	1431996	1432460	+	LNHIMF_01393	1	persistent	2	0	0
AJBGEP_01424	contig_1	1432774	1433487	+	IKCLMC_04832	1	persistent	2	0	0
AJBGEP_01425	contig_1	1433549	1434991	+	GEGEGB_01301	1	persistent	2	0	0
AJBGEP_01426	contig_1	1435026	1435217	-	GEGEGB_01302	1	persistent	2	0	0
AJBGEP_01427	contig_1	1435374	1436420	-	LNHIMF_01397	1	persistent	2	0	0
AJBGEP_01428	contig_1	1436576	1437409	-	GEGEGB_01304	1	persistent	2	0	0
AJBGEP_01429	contig_1	1437746	1440124	+	GEGEGB_01305	1	persistent	2	0	1
AJBGEP_01430	contig_1	1440166	1441806	-	LNHIMF_01400	1	persistent	2	0	0
AJBGEP_01431	contig_1	1441896	1442189	-	BEJGEH_01736	1	persistent	2	0	0
AJBGEP_01432	contig_1	1442186	1443472	-	BEJGEH_01735	1	persistent	2	0	0
AJBGEP_01433	contig_1	1443529	1444464	-	BEJGEH_01734	1	persistent	2	0	0
AJBGEP_01434	contig_1	1444486	1445250	-	LNHIMF_01404	1	persistent	2	0	0
AJBGEP_01435	contig_1	1445713	1446603	+	LNHIMF_01405	1	persistent	2	0	0
AJBGEP_01436	contig_1	1446679	1447830	-	LNHIMF_01406	1	persistent	2	0	0
AJBGEP_01437	contig_1	1447844	1449439	-	LNHIMF_01407	1	persistent	2	0	0
AJBGEP_01438	contig_1	1449593	1450351	-	LNHIMF_01408	1	persistent	2	0	0
AJBGEP_01439	contig_1	1450396	1451262	-	LNHIMF_01409	1	persistent	2	0	0
AJBGEP_01440	contig_1	1451329	1452564	-	LNHIMF_01410	1	persistent	2	0	0
AJBGEP_01441	contig_1	1452928	1454139	-	HFCAGB_01923	1	persistent	2	0	0
AJBGEP_01442	contig_1	1454280	1454639	-	LNHIMF_01412	1	persistent	2	0	0
AJBGEP_01444	contig_1	1455097	1456215	-	LNHIMF_01414	1	persistent	2	0	1
AJBGEP_01445	contig_1	1456480	1459536	+	LNHIMF_01415	1	persistent	2	0	0
AJBGEP_01446	contig_1	1459533	1459943	+	GEGEGB_01310	1	persistent	2	0	0
AJBGEP_01447	contig_1	1460042	1460230	+	LNHIMF_01417	1	persistent	2	0	0
AJBGEP_01449	contig_1	1460518	1461864	-	LNHIMF_01419	1	persistent	2	0	0
AJBGEP_01450	contig_1	1462291	1462659	+	GEGEGB_01314	1	persistent	2	0	0
AJBGEP_01451	contig_1	1462668	1464155	+	LNHIMF_01421	1	persistent	2	0	0
AJBGEP_01452	contig_1	1464172	1464918	+	LNHIMF_01422	1	persistent	2	0	0
AJBGEP_01453	contig_1	1464893	1466164	+	LNHIMF_01423	1	persistent	2	0	0
AJBGEP_01454	contig_1	1466161	1467381	+	GEGEGB_01318	1	persistent	2	0	0
AJBGEP_01455	contig_1	1467394	1467810	+	GEGEGB_01319	1	persistent	2	0	1
AJBGEP_01456	contig_1	1467965	1468966	+	LNHIMF_01426	1	persistent	2	0	3
AJBGEP_01457	contig_1	1469033	1469335	-	PKJKAM_00840	1	cloud	2	0	0
AJBGEP_01458	contig_1	1469355	1469591	-	GEGEGB_01322	1	persistent	3	0	2
AJBGEP_01459	contig_1	1469902	1471314	-	GEGEGB_01324	1	persistent	2	0	0
AJBGEP_01460	contig_1	1471716	1473059	-	LNHIMF_01430	1	persistent	2	0	1
AJBGEP_01461	contig_1	1473081	1473974	-	BEJGEH_01706	1	persistent	2	0	0
AJBGEP_01462	contig_1	1474033	1474770	-	LNHIMF_01432	1	persistent	2	0	1
AJBGEP_01463	contig_1	1474782	1476008	-	BEJGEH_01704	1	persistent	2	0	0
AJBGEP_01464	contig_1	1476331	1479393	-	GEGEGB_01330	1	persistent	2	0	0
AJBGEP_01465	contig_1	1479386	1480408	-	LNHIMF_01435	1	persistent	2	0	0
AJBGEP_01466	contig_1	1480409	1481143	-	GEGEGB_01332	1	persistent	2	0	0
AJBGEP_01467	contig_1	1481325	1483103	+	GEGEGB_01333	1	persistent	2	0	0
AJBGEP_01468	contig_1	1483078	1483698	+	GEGEGB_01334	1	persistent	2	0	0
AJBGEP_01469	contig_1	1483796	1484008	+	GEGEGB_01335	1	persistent	2	0	0
AJBGEP_01470	contig_1	1484104	1485063	-	GEGEGB_01336	1	persistent	2	0	0
AJBGEP_01471	contig_1	1485236	1485964	-	GEGEGB_01337	1	persistent	2	0	0
AJBGEP_01472	contig_1	1486143	1486781	-	GEGEGB_01338	1	persistent	2	0	0
AJBGEP_01473	contig_1	1486812	1489574	-	LNHIMF_01443	1	persistent	2	0	0
AJBGEP_01474	contig_1	1489993	1490376	+	GEGEGB_01340	1	persistent	2	0	0
AJBGEP_01475	contig_1	1490378	1491871	+	LNHIMF_01445	1	persistent	2	0	0
AJBGEP_01476	contig_1	1491852	1493063	+	GEGEGB_01342	1	persistent	2	0	0
AJBGEP_01477	contig_1	1493071	1493313	+	GEGEGB_01343	1	persistent	2	0	0
AJBGEP_01478	contig_1	1493580	1493903	+	GEGEGB_01344	1	persistent	2	0	0
AJBGEP_01479	contig_1	1493910	1494500	+	GEGEGB_01345	1	persistent	2	0	0
AJBGEP_01480	contig_1	1494497	1494970	+	LNHIMF_01450	1	persistent	2	0	0
AJBGEP_01481	contig_1	1494973	1496427	+	LNHIMF_01451	1	persistent	2	0	0
AJBGEP_01482	contig_1	1496443	1497030	+	GEGEGB_01348	1	persistent	2	0	0
AJBGEP_01483	contig_1	1497033	1497449	+	GEGEGB_01349	1	persistent	2	0	0
AJBGEP_01484	contig_1	1497507	1497935	+	LNHIMF_01454	1	persistent	2	0	0
AJBGEP_01485	contig_1	1497951	1498733	+	HFCAGB_01878	1	persistent	2	0	0
AJBGEP_01486	contig_1	1498730	1499419	+	LNHIMF_01456	1	persistent	2	0	0
AJBGEP_01487	contig_1	1499513	1499728	+	GEGEGB_01353	1	persistent	2	0	0
AJBGEP_01488	contig_1	1499706	1499996	+	GEGEGB_01354	1	persistent	2	0	0
AJBGEP_01489	contig_1	1499993	1500256	+	LNHIMF_01459	1	persistent	2	0	0
AJBGEP_01490	contig_1	1500253	1501002	+	BEJGEH_01677	1	persistent	2	0	0
AJBGEP_01491	contig_1	1501317	1501568	+	GEGEGB_01357	1	persistent	2	0	0
AJBGEP_01492	contig_1	1501565	1502239	+	GEGEGB_01358	1	persistent	2	0	0
AJBGEP_01493	contig_1	1502229	1503221	+	LNHIMF_01463	1	persistent	2	0	0
AJBGEP_01494	contig_1	1503279	1503647	+	LNHIMF_01464	1	persistent	2	0	0
AJBGEP_01495	contig_1	1503632	1505677	+	LNHIMF_01465	1	persistent	2	0	1
AJBGEP_01496	contig_1	1505667	1506968	+	GEGEGB_01362	1	persistent	2	0	1
AJBGEP_01497	contig_1	1506917	1507348	+	LNHIMF_01467	1	persistent	2	0	0
AJBGEP_01498	contig_1	1507329	1507703	+	GEGEGB_01364	1	persistent	2	0	0
AJBGEP_01499	contig_1	1507684	1508652	+	LNHIMF_01469	1	persistent	2	0	0
AJBGEP_01500	contig_1	1508720	1509367	+	LNHIMF_01470	1	persistent	2	0	0
AJBGEP_01501	contig_1	1509364	1509630	+	GEGEGB_01367	1	persistent	2	0	0
AJBGEP_01502	contig_1	1509631	1510410	+	GEGEGB_01368	1	persistent	2	0	0
AJBGEP_01503	contig_1	1510407	1511465	+	GEGEGB_01369	1	persistent	2	0	0
AJBGEP_01506	contig_1	1511938	1513311	-	GEGEGB_01372	1	persistent	2	0	0
AJBGEP_01507	contig_1	1513528	1514169	+	GEGEGB_01373	1	persistent	2	0	0
AJBGEP_01508	contig_1	1514211	1515359	-	GEGEGB_01374	1	persistent	2	0	0
AJBGEP_01509	contig_1	1515649	1516854	-	LNHIMF_01479	1	persistent	2	0	0
AJBGEP_01510	contig_1	1516967	1517899	+	GEGEGB_01376	1	persistent	2	0	0
AJBGEP_01511	contig_1	1517896	1518921	-	GEGEGB_01377	1	persistent	2	0	0
AJBGEP_01513	contig_1	1519217	1519306	+	GEGEGB_01379	1	persistent	2	0	0
AJBGEP_01514	contig_1	1519389	1519970	-	GEGEGB_01380	1	persistent	2	0	0
AJBGEP_01515	contig_1	1520097	1520918	-	GEGEGB_01381	1	persistent	2	0	0
AJBGEP_01516	contig_1	1521253	1521600	+	GEGEGB_01382	1	persistent	2	0	0
AJBGEP_01517	contig_1	1521678	1522325	-	GEGEGB_01383	1	persistent	2	0	0
AJBGEP_01518	contig_1	1522426	1522833	-	GEGEGB_01384	1	persistent	2	0	0
AJBGEP_01519	contig_1	1522902	1523999	-	GEGEGB_01385	1	persistent	3	0	0
AJBGEP_01520	contig_1	1524058	1524657	-	GEGEGB_01386	1	persistent	3	0	0
AJBGEP_01521	contig_1	1524760	1524999	+	LNHIMF_01491	1	persistent	3	0	0
AJBGEP_01522	contig_1	1525050	1525946	+	GEGEGB_01387	1	persistent	3	0	0
AJBGEP_01523	contig_1	1526026	1526547	+	GEGEGB_01388	1	persistent	2	0	0
AJBGEP_01524	contig_1	1526523	1528562	-	LNHIMF_01494	1	persistent	2	0	0
AJBGEP_01525	contig_1	1528562	1529422	-	GEGEGB_01390	1	persistent	2	0	0
AJBGEP_01526	contig_1	1529425	1529661	-	GEGEGB_01391	1	persistent	2	0	0
AJBGEP_01527	contig_1	1529862	1530296	+	GEGEGB_01392	1	persistent	2	0	0
AJBGEP_01528	contig_1	1530344	1530811	-	GEGEGB_01393	1	persistent	2	0	0
AJBGEP_01529	contig_1	1531083	1532204	+	GEGEGB_01394	1	persistent	2	0	0
AJBGEP_01530	contig_1	1532259	1532621	+	LNHIMF_01500	1	persistent	2	0	0
AJBGEP_01531	contig_1	1532680	1533336	+	GEGEGB_01396	1	persistent	2	0	0
AJBGEP_01532	contig_1	1533463	1534737	+	GEGEGB_01397	1	persistent	2	0	0
AJBGEP_01533	contig_1	1534797	1535657	+	LNHIMF_01503	1	persistent	2	0	0
AJBGEP_01534	contig_1	1535716	1536321	-	LNHIMF_01504	1	persistent	2	0	0
AJBGEP_01535	contig_1	1536426	1537931	-	BEJGEH_01633	1	persistent	2	0	0
AJBGEP_01536	contig_1	1538533	1539168	-	LNHIMF_01506	1	persistent	2	0	0
AJBGEP_01537	contig_1	1539168	1539860	-	GEGEGB_01402	1	persistent	2	0	0
AJBGEP_01538	contig_1	1539863	1540483	-	GEGEGB_01403	1	persistent	2	0	0
AJBGEP_01539	contig_1	1540487	1541545	-	GEGEGB_01404	1	persistent	2	0	0
AJBGEP_01540	contig_1	1541546	1543753	-	BEJGEH_01628	1	persistent	2	0	0
AJBGEP_01541	contig_1	1543746	1544324	-	GEGEGB_01406	1	persistent	2	0	0
AJBGEP_01542	contig_1	1544324	1544905	-	GEGEGB_01407	1	persistent	2	0	0
AJBGEP_01543	contig_1	1544982	1545422	-	GEGEGB_01408	1	persistent	2	0	0
AJBGEP_01544	contig_1	1545511	1545726	-	GEGEGB_01409	1	persistent	2	0	0
AJBGEP_01545	contig_1	1546357	1547397	+	GEGEGB_01410	1	persistent	2	0	0
AJBGEP_01546	contig_1	1547472	1548473	-	GEGEGB_01411	1	persistent	2	0	2
AJBGEP_01547	contig_1	1549177	1550685	-	GEGEGB_01413	1	persistent	2	0	2
AJBGEP_01548	contig_1	1550788	1551963	-	GEGEGB_01414	1	persistent	2	0	0
AJBGEP_01549	contig_1	1552163	1553809	+	GEGEGB_01415	2	persistent	4	0	0
AJBGEP_01550	contig_1	1553977	1555380	+	LNHIMF_01523	1	persistent	2	0	0
AJBGEP_01551	contig_1	1555377	1556306	-	LNHIMF_01524	1	persistent	2	0	1
AJBGEP_01552	contig_1	1556382	1557683	-	LNHIMF_01525	1	persistent	2	0	1
AJBGEP_01553	contig_1	1557794	1559494	-	LNHIMF_01526	1	persistent	2	0	0
AJBGEP_01554	contig_1	1559653	1560786	-	LNHIMF_01527	1	persistent	2	0	0
AJBGEP_01555	contig_1	1561266	1561997	-	LNHIMF_01528	1	persistent	2	0	0
AJBGEP_01556	contig_1	1562124	1562459	+	GEGEGB_01422	1	persistent	2	0	0
AJBGEP_01557	contig_1	1562521	1563903	-	GEGEGB_01423	1	persistent	2	0	2
AJBGEP_01558	contig_1	1564202	1565146	-	LNHIMF_01531	1	persistent	2	0	2
AJBGEP_01559	contig_1	1565673	1567202	+	GEGEGB_01474	1	persistent	2	0	0
AJBGEP_01560	contig_1	1567213	1568601	+	GEGEGB_01475	1	persistent	2	0	0
AJBGEP_01561	contig_1	1568776	1569810	-	GEGEGB_01476	1	persistent	2	0	0
AJBGEP_01562	contig_1	1570228	1570590	+	GEGEGB_01477	1	persistent	2	0	0
AJBGEP_01563	contig_1	1570577	1570906	+	GEGEGB_01478	1	persistent	2	0	0
AJBGEP_01564	contig_1	1570946	1571767	-	GEGEGB_01479	1	persistent	2	0	0
AJBGEP_01565	contig_1	1572036	1572284	-	GEGEGB_01480	1	persistent	2	0	1
AJBGEP_01566	contig_1	1572679	1573932	-	GEGEGB_01485	1	persistent	2	1	0
AJBGEP_01567	contig_1	1574052	1574951	+	LNHIMF_01540	1	persistent	2	0	0
AJBGEP_01568	contig_1	1575079	1576299	+	LNHIMF_01541	1	persistent	2	0	0
AJBGEP_01569	contig_1	1576425	1577120	+	LNHIMF_01542	1	persistent	2	0	0
AJBGEP_01570	contig_1	1577076	1578329	-	LNHIMF_01543	1	persistent	2	0	0
AJBGEP_01571	contig_1	1578501	1579649	-	GEGEGB_01490	1	persistent	2	0	0
AJBGEP_01572	contig_1	1579649	1580296	-	GEGEGB_01491	1	persistent	2	0	0
AJBGEP_01573	contig_1	1580306	1581208	-	GEGEGB_01492	1	persistent	2	0	0
AJBGEP_01574	contig_1	1581237	1581947	-	GEGEGB_01493	1	persistent	2	0	0
AJBGEP_01575	contig_1	1582252	1582866	-	LNHIMF_01548	1	persistent	2	0	0
AJBGEP_01576	contig_1	1582909	1583766	-	LNHIMF_01549	1	persistent	2	0	0
AJBGEP_01577	contig_1	1583768	1584385	-	GEGEGB_01496	2	persistent	4	0	0
AJBGEP_01578	contig_1	1584396	1586831	-	AJBGEP_01578	1	persistent	2	0	0
AJBGEP_01579	contig_1	1586930	1589368	-	LNHIMF_01552	1	persistent	2	0	1
AJBGEP_01580	contig_1	1589525	1589830	-	LNHIMF_01553	1	persistent	2	0	0
AJBGEP_01581	contig_1	1589970	1590647	+	OEKLIE_00834	1	persistent	2	0	1
AJBGEP_01582	contig_1	1590688	1591248	-	LNHIMF_01555	1	persistent	2	0	0
AJBGEP_01583	contig_1	1591284	1591625	-	GEGEGB_01502	1	persistent	2	0	0
AJBGEP_01584	contig_1	1591769	1592104	+	LNHIMF_01557	1	persistent	2	0	0
AJBGEP_01585	contig_1	1592226	1593440	+	LNHIMF_01558	1	persistent	2	0	0
AJBGEP_01586	contig_1	1593451	1594470	+	GEGEGB_01505	1	persistent	2	0	1
AJBGEP_01587	contig_1	1594524	1595501	+	GEGEGB_01506	2	persistent	2	0	1
AJBGEP_01588	contig_1	1595505	1595903	+	GEGEGB_01506	2	persistent	2	0	1
AJBGEP_01589	contig_1	1596047	1597513	+	BEJGEH_01578	1	persistent	2	0	0
AJBGEP_01590	contig_1	1597580	1597783	-	GEGEGB_01509	1	persistent	2	0	0
AJBGEP_01591	contig_1	1597964	1598650	-	GEGEGB_01510	1	persistent	2	0	0
AJBGEP_01592	contig_1	1598780	1599526	-	GEGEGB_01511	1	persistent	2	0	0
AJBGEP_01593	contig_1	1599665	1601707	+	LNHIMF_01565	1	persistent	3	0	0
AJBGEP_01594	contig_1	1602052	1602234	+	GEGEGB_01513	3	persistent	6	0	0
AJBGEP_01595	contig_1	1602354	1602881	-	LNHIMF_01567	1	persistent	3	0	0
AJBGEP_01596	contig_1	1603308	1603700	+	LNHIMF_01568	1	persistent	2	0	0
AJBGEP_01598	contig_1	1604048	1604143	-	GEGEGB_01517	1	persistent	2	0	0
AJBGEP_01599	contig_1	1604391	1605578	-	LNHIMF_01571	1	persistent	2	0	0
AJBGEP_01600	contig_1	1605809	1606708	+	GEGEGB_01519	1	persistent	2	0	0
AJBGEP_01601	contig_1	1606827	1607036	-	GEGEGB_01520	1	persistent	2	0	0
AJBGEP_01602	contig_1	1607071	1607454	-	GEGEGB_01521	1	persistent	2	0	0
AJBGEP_01603	contig_1	1607474	1607908	-	GEGEGB_01522	1	persistent	2	0	0
AJBGEP_01604	contig_1	1608167	1608832	+	GEGEGB_01523	1	persistent	2	0	0
AJBGEP_01605	contig_1	1608879	1610069	-	GEGEGB_01524	1	persistent	2	0	0
AJBGEP_01606	contig_1	1610185	1611057	-	LNHIMF_01578	1	persistent	2	0	0
AJBGEP_01607	contig_1	1611160	1612548	+	LNHIMF_01579	1	persistent	2	0	0
AJBGEP_01608	contig_1	1612621	1613547	+	LNHIMF_01580	1	persistent	2	0	0
AJBGEP_01609	contig_1	1613547	1613906	+	BEJGEH_01558	1	persistent	2	0	0
AJBGEP_01610	contig_1	1614130	1615077	+	GEGEGB_01529	1	persistent	2	0	0
AJBGEP_01611	contig_1	1615133	1615660	-	LNHIMF_01583	1	persistent	2	0	0
AJBGEP_01613	contig_1	1616392	1617510	+	LNHIMF_01585	1	persistent	3	0	0
AJBGEP_01614	contig_1	1617651	1617992	-	LNHIMF_01586	1	persistent	2	0	0
AJBGEP_01615	contig_1	1618005	1618892	-	BEJGEH_01552	1	persistent	3	0	0
AJBGEP_01616	contig_1	1618880	1619941	-	LNHIMF_01588	1	persistent	2	0	0
AJBGEP_01617	contig_1	1619959	1620369	-	GEGEGB_01535	1	persistent	2	0	0
AJBGEP_01618	contig_1	1620366	1620665	-	LNHIMF_01590	1	persistent	2	0	0
AJBGEP_01619	contig_1	1620665	1621273	-	GEGEGB_01537	1	persistent	2	0	0
AJBGEP_01620	contig_1	1621279	1621953	-	GEGEGB_01538	1	persistent	2	0	0
AJBGEP_01621	contig_1	1621973	1623775	-	LNHIMF_01593	1	persistent	2	0	0
AJBGEP_01622	contig_1	1623778	1624881	-	LNHIMF_01594	1	persistent	2	0	1
AJBGEP_01623	contig_1	1625009	1625161	-	AJBGEP_01623	1	cloud	2	0	0
AJBGEP_01624	contig_1	1625313	1626401	+	GEGEGB_01542	1	persistent	2	0	1
AJBGEP_01625	contig_1	1626567	1627238	+	GEGEGB_01543	1	persistent	2	0	0
AJBGEP_01626	contig_1	1627297	1628322	-	GEGEGB_01544	1	persistent	2	0	0
AJBGEP_01627	contig_1	1628297	1629583	-	LNHIMF_01598	1	persistent	2	0	0
AJBGEP_01628	contig_1	1629760	1631250	-	BEJGEH_01540	1	persistent	2	0	1
AJBGEP_01629	contig_1	1631386	1632627	-	LNHIMF_01600	1	persistent	2	0	0
AJBGEP_01630	contig_1	1632617	1634125	-	BEJGEH_01538	1	persistent	2	0	0
AJBGEP_01631	contig_1	1634170	1634658	+	LNHIMF_01602	1	persistent	2	0	0
AJBGEP_01632	contig_1	1634851	1635930	+	LNHIMF_01603	1	persistent	2	0	1
AJBGEP_01633	contig_1	1635982	1636371	-	BEJGEH_01535	1	persistent	2	0	0
AJBGEP_01634	contig_1	1636542	1636826	-	LNHIMF_01605	1	persistent	2	0	0
AJBGEP_01635	contig_1	1636816	1637064	-	LNHIMF_01606	1	persistent	2	0	2
AJBGEP_01636	contig_1	1637421	1637753	+	BEJGEH_01529	1	persistent	1	2	6
AJBGEP_01637	contig_1	1637875	1638804	+	AJBGEP_01637	1	shell	1	1	0
AJBGEP_01638	contig_1	1639212	1639565	-	AJBGEP_01638	1	shell	1	1	4
AJBGEP_01640	contig_1	1639903	1640112	-	AJBGEP_01640	1	cloud	0	2	0
AJBGEP_01641	contig_1	1640382	1641845	-	BEJGEH_01524	1	shell	2	0	5
AJBGEP_01642	contig_1	1642134	1643114	+	LNHIMF_01615	1	persistent	1	1	3
AJBGEP_01643	contig_1	1643258	1644709	+	LNHIMF_01616	1	persistent	2	1	0
AJBGEP_01644	contig_1	1644722	1645924	+	PAPNPA_03909	1	persistent	2	0	0
AJBGEP_01645	contig_1	1646037	1648112	-	HFCAGB_01727	1	persistent	2	0	0
AJBGEP_01646	contig_1	1648169	1650697	-	LNHIMF_01619	1	persistent	2	0	0
AJBGEP_01647	contig_1	1650694	1652478	-	LNHIMF_01620	1	persistent	2	0	0
AJBGEP_01648	contig_1	1652607	1653392	-	LNHIMF_01621	1	persistent	2	0	0
AJBGEP_01649	contig_1	1653535	1653864	-	GEGEGB_01561	1	persistent	2	0	1
AJBGEP_01650	contig_1	1654214	1654645	-	GEGEGB_01564	1	persistent	2	0	1
AJBGEP_01651	contig_1	1655158	1655373	+	GEGEGB_01565	1	persistent	2	0	0
AJBGEP_01652	contig_1	1655468	1655611	+	GEGEGB_01566	1	persistent	2	0	0
AJBGEP_01653	contig_1	1655788	1657485	+	GEGEGB_01567	1	persistent	2	0	0
AJBGEP_01654	contig_1	1657771	1658781	+	GEGEGB_01568	1	persistent	3	0	0
AJBGEP_01655	contig_1	1658872	1659528	-	LNHIMF_01630	1	persistent	2	0	0
AJBGEP_01656	contig_1	1659521	1660405	-	LNHIMF_01631	1	persistent	2	0	0
AJBGEP_01657	contig_1	1660419	1663466	-	LNHIMF_01632	1	persistent	4	0	0
AJBGEP_01658	contig_1	1663744	1664625	+	BEJGEH_01507	1	persistent	2	0	1
AJBGEP_01659	contig_1	1665150	1666238	+	BEJGEH_01503	1	persistent	2	0	1
AJBGEP_01660	contig_1	1666322	1666762	+	LNHIMF_01635	1	persistent	3	0	0
AJBGEP_01661	contig_1	1666787	1668274	-	LNHIMF_01636	1	persistent	2	0	0
AJBGEP_01662	contig_1	1668379	1668969	+	AJBGEP_01662	1	persistent	2	0	0
AJBGEP_01663	contig_1	1669184	1670572	+	LNHIMF_01638	1	persistent	2	0	0
AJBGEP_01664	contig_1	1670664	1674404	+	BEJGEH_01498	1	persistent	2	0	0
AJBGEP_01665	contig_1	1674401	1675945	+	GEGEGB_01575	2	persistent	4	0	0
AJBGEP_01666	contig_1	1675945	1676640	+	BEJGEH_01496	1	persistent	3	0	0
AJBGEP_01667	contig_1	1676637	1677317	+	LNHIMF_01642	1	persistent	2	0	0
AJBGEP_01668	contig_1	1677423	1678316	+	GEGEGB_01577	1	persistent	3	0	0
AJBGEP_01669	contig_1	1678352	1679197	-	LNHIMF_01644	1	persistent	2	0	0
AJBGEP_01670	contig_1	1679481	1680113	-	LNHIMF_01645	1	persistent	2	0	0
AJBGEP_01671	contig_1	1680626	1682119	+	GEGEGB_01580	1	persistent	2	0	0
AJBGEP_01672	contig_1	1682196	1682417	-	GEGEGB_01581	1	persistent	2	0	0
AJBGEP_01673	contig_1	1682562	1683623	-	GEGEGB_01582	1	persistent	2	0	0
AJBGEP_01674	contig_1	1683842	1686007	+	LNHIMF_01649	1	persistent	2	0	0
AJBGEP_01675	contig_1	1686074	1686739	-	GEGEGB_01584	1	persistent	2	0	0
AJBGEP_01676	contig_1	1687073	1688110	-	LNHIMF_01651	1	persistent	2	0	0
AJBGEP_01677	contig_1	1688322	1688837	+	LNHIMF_01652	1	persistent	2	0	0
AJBGEP_01678	contig_1	1688837	1689286	+	GEGEGB_01587	1	persistent	2	0	0
AJBGEP_01679	contig_1	1689291	1689524	-	LNHIMF_01654	1	persistent	2	0	0
AJBGEP_01680	contig_1	1689748	1691067	+	HFCAGB_01692	1	persistent	2	0	0
AJBGEP_01681	contig_1	1691072	1694053	+	GEGEGB_01590	1	persistent	2	0	0
AJBGEP_01682	contig_1	1694050	1696194	+	LNHIMF_01657	1	persistent	3	0	0
AJBGEP_01683	contig_1	1696239	1696412	-	BEJGEH_01479	1	persistent	2	0	0
AJBGEP_01684	contig_1	1696811	1698235	-	LNHIMF_01659	1	persistent	3	0	0
AJBGEP_01685	contig_1	1698371	1699795	-	LNHIMF_01660	1	persistent	2	0	0
AJBGEP_01686	contig_1	1699931	1700701	-	LNHIMF_01661	1	persistent	2	0	0
AJBGEP_01687	contig_1	1701223	1701621	-	GEGEGB_01595	1	persistent	1	1	2
AJBGEP_01688	contig_1	1702318	1702491	+	GEGEGB_01596	1	shell	1	1	0
AJBGEP_01689	contig_1	1702488	1703108	+	GEGEGB_01597	1	shell	1	1	0
AJBGEP_01690	contig_1	1703382	1703612	+	GEGEGB_01598	1	persistent	1	1	1
AJBGEP_01691	contig_1	1703613	1705577	-	LNHIMF_01665	1	persistent	2	0	0
AJBGEP_01692	contig_1	1705656	1706192	-	GEGEGB_01600	1	persistent	2	0	0
AJBGEP_01693	contig_1	1706283	1707461	+	LNHIMF_01667	1	persistent	2	0	0
AJBGEP_01694	contig_1	1707515	1708183	-	LNHIMF_01668	1	persistent	2	0	0
AJBGEP_01695	contig_1	1708339	1708935	-	LNHIMF_01669	1	persistent	2	0	0
AJBGEP_01696	contig_1	1708922	1709935	-	LNHIMF_01670	1	persistent	2	0	0
AJBGEP_01697	contig_1	1710042	1711022	+	LNHIMF_01671	1	persistent	2	0	0
AJBGEP_01698	contig_1	1711019	1711558	-	GEGEGB_01606	1	persistent	2	0	0
AJBGEP_01699	contig_1	1711775	1712893	+	LNHIMF_01673	1	persistent	2	0	0
AJBGEP_01700	contig_1	1712890	1713171	+	GEGEGB_01608	1	persistent	2	0	0
AJBGEP_01701	contig_1	1713182	1714495	+	GEGEGB_01609	1	persistent	2	0	0
AJBGEP_01702	contig_1	1714509	1715315	+	LNHIMF_01676	1	persistent	2	0	0
AJBGEP_01703	contig_1	1715447	1715884	+	GEGEGB_01611	1	persistent	2	0	0
AJBGEP_01704	contig_1	1715896	1716528	+	GEGEGB_01612	1	persistent	2	0	0
AJBGEP_01705	contig_1	1716544	1717335	+	GEGEGB_01613	1	persistent	2	0	0
AJBGEP_01706	contig_1	1717335	1717772	+	BEJGEH_01457	1	persistent	2	0	1
AJBGEP_01707	contig_1	1717819	1719024	-	HFCAGB_01665	1	persistent	2	0	0
AJBGEP_01708	contig_1	1719033	1719599	-	LNHIMF_01682	1	persistent	2	0	1
AJBGEP_01709	contig_1	1719804	1721423	-	GEGEGB_01617	1	persistent	2	0	0
AJBGEP_01710	contig_1	1721679	1723187	-	LNHIMF_01684	1	persistent	2	0	0
AJBGEP_01711	contig_1	1723236	1724579	-	LNHIMF_01685	1	persistent	3	0	0
AJBGEP_01712	contig_1	1724872	1725795	+	LNHIMF_01686	1	persistent	2	0	0
AJBGEP_01713	contig_1	1725856	1727481	-	LNHIMF_01687	1	persistent	2	0	0
AJBGEP_01714	contig_1	1727650	1728768	-	LNHIMF_01688	1	persistent	2	0	0
AJBGEP_01715	contig_1	1728800	1729075	-	LNHIMF_01689	1	persistent	3	0	0
AJBGEP_01716	contig_1	1729838	1729963	-	BEJGEH_01443	1	persistent	2	0	0
AJBGEP_01717	contig_1	1730128	1730844	-	LNHIMF_01690	1	persistent	3	0	0
AJBGEP_01718	contig_1	1731270	1732496	+	LNHIMF_01691	1	persistent	2	0	0
AJBGEP_01719	contig_1	1732617	1732961	-	LNHIMF_01692	1	persistent	3	0	0
AJBGEP_01720	contig_1	1733868	1734629	+	GEGEGB_01621	1	persistent	2	0	0
AJBGEP_01721	contig_1	1734651	1735283	+	ALJMDI_03455	1	persistent	2	0	0
AJBGEP_01722	contig_1	1735308	1736039	+	LNHIMF_01695	1	persistent	2	0	0
AJBGEP_01723	contig_1	1736036	1736716	+	GEGEGB_01624	1	persistent	2	0	0
AJBGEP_01724	contig_1	1736853	1738403	+	LNHIMF_01697	1	persistent	2	0	0
AJBGEP_01725	contig_1	1738404	1738499	-	GEGEGB_01626	1	persistent	2	0	0
AJBGEP_01726	contig_1	1738867	1739529	+	GEGEGB_01627	1	persistent	2	0	0
AJBGEP_01728	contig_1	1739800	1740330	-	LNHIMF_01701	1	persistent	2	0	0
AJBGEP_01729	contig_1	1740447	1741247	-	GEGEGB_01631	1	persistent	2	0	0
AJBGEP_01730	contig_1	1741311	1745213	-	LNHIMF_01703	1	persistent	2	0	0
AJBGEP_01731	contig_1	1745414	1746019	+	GEGEGB_01633	1	persistent	2	0	0
AJBGEP_01732	contig_1	1746016	1746465	-	GEGEGB_01634	1	persistent	2	0	0
AJBGEP_01733	contig_1	1746608	1746931	-	LNHIMF_01706	1	persistent	2	0	0
AJBGEP_01734	contig_1	1746939	1747130	-	GEGEGB_01636	1	persistent	2	0	0
AJBGEP_01735	contig_1	1747130	1749766	-	BEJGEH_01424	1	persistent	2	0	0
AJBGEP_01736	contig_1	1750006	1750995	+	GEGEGB_01639	1	persistent	2	0	0
AJBGEP_01737	contig_1	1751106	1751516	+	GEGEGB_01640	1	persistent	2	0	0
AJBGEP_01738	contig_1	1751560	1751826	-	GEGEGB_01641	1	persistent	2	0	0
AJBGEP_01739	contig_1	1752102	1755626	+	GEGEGB_01642	1	persistent	2	1	0
AJBGEP_01741	contig_1	1756108	1756542	+	GEGEGB_01647	1	persistent	2	0	1
AJBGEP_01742	contig_1	1756592	1756930	-	GEGEGB_01648	1	persistent	2	0	2
AJBGEP_01743	contig_1	1757286	1758221	+	GEGEGB_01650	1	persistent	2	0	2
AJBGEP_01744	contig_1	1758265	1759638	-	HFCAGB_01626	1	persistent	2	0	0
AJBGEP_01746	contig_1	1760125	1761108	-	LNHIMF_01720	1	persistent	2	0	0
AJBGEP_01747	contig_1	1761254	1762408	-	LNHIMF_01721	1	persistent	2	0	0
AJBGEP_01748	contig_1	1762819	1763382	-	LNHIMF_01722	1	persistent	2	0	0
AJBGEP_01749	contig_1	1763640	1764155	+	GEGEGB_01657	1	persistent	2	0	0
AJBGEP_01750	contig_1	1764351	1765103	+	LNHIMF_01724	1	persistent	2	0	0
AJBGEP_01751	contig_1	1765254	1766201	+	LNHIMF_01725	1	persistent	2	0	0
AJBGEP_01752	contig_1	1766256	1766510	-	GEGEGB_01660	1	persistent	2	0	0
AJBGEP_01753	contig_1	1766749	1767780	+	GEGEGB_01661	1	persistent	2	0	0
AJBGEP_01754	contig_1	1767866	1768468	-	GEGEGB_01662	1	persistent	2	0	0
AJBGEP_01755	contig_1	1768512	1769198	+	LNHIMF_01729	1	persistent	3	0	0
AJBGEP_01756	contig_1	1769670	1770188	-	LNHIMF_01731	1	persistent	3	0	2
AJBGEP_01757	contig_1	1770326	1771150	-	BEJGEH_01400	1	persistent	2	0	0
AJBGEP_01758	contig_1	1771177	1773159	-	LNHIMF_01733	1	persistent	2	0	2
AJBGEP_01759	contig_1	1773234	1774079	-	LNHIMF_01734	1	persistent	2	0	0
AJBGEP_01760	contig_1	1774614	1775231	+	LNHIMF_01735	1	persistent	2	0	0
AJBGEP_01761	contig_1	1775676	1776731	+	BEJGEH_01396	1	persistent	2	0	0
AJBGEP_01762	contig_1	1776945	1777181	-	GEGEGB_01671	1	persistent	2	0	0
AJBGEP_01763	contig_1	1777310	1777900	-	GEGEGB_01672	1	persistent	2	0	0
AJBGEP_01764	contig_1	1777978	1778691	+	GEGEGB_01673	1	persistent	2	0	0
AJBGEP_01765	contig_1	1778782	1779618	-	ALJMDI_03500	1	persistent	2	0	0
AJBGEP_01766	contig_1	1779925	1780830	-	LNHIMF_01741	1	persistent	2	0	0
AJBGEP_01767	contig_1	1780949	1781878	+	LNHIMF_01742	1	persistent	2	0	0
AJBGEP_01768	contig_1	1781975	1783588	-	BEJGEH_01389	1	persistent	2	0	0
AJBGEP_01769	contig_1	1783778	1784506	+	GEGEGB_01678	1	persistent	2	0	0
AJBGEP_01770	contig_1	1784481	1785446	-	LNHIMF_01745	1	persistent	2	0	0
AJBGEP_01771	contig_1	1785562	1786068	+	LNHIMF_01746	1	persistent	2	1	1
AJBGEP_01773	contig_1	1786299	1786757	+	GEGEGB_00250	10	shell	58	4	2
AJBGEP_01774	contig_1	1786870	1788411	-	GEGEGB_01684	1	persistent	2	1	0
AJBGEP_01775	contig_1	1788559	1789620	-	LNHIMF_01748	1	persistent	2	0	0
AJBGEP_01776	contig_1	1789617	1791014	-	GEGEGB_01686	1	persistent	2	0	0
AJBGEP_01777	contig_1	1791163	1791477	-	GEGEGB_01687	1	persistent	2	0	1
AJBGEP_01778	contig_1	1791553	1791771	-	GEGEGB_01688	1	persistent	2	0	0
AJBGEP_01779	contig_1	1791794	1792153	-	LNHIMF_01752	1	persistent	2	0	1
AJBGEP_01780	contig_1	1792153	1792377	-	GEGEGB_01690	1	persistent	2	0	0
AJBGEP_01781	contig_1	1792437	1793105	-	GEGEGB_01691	1	persistent	2	0	0
AJBGEP_01782	contig_1	1793276	1794256	+	LNHIMF_01755	1	persistent	2	0	0
AJBGEP_01783	contig_1	1794368	1796017	+	LNHIMF_01756	1	persistent	2	0	0
AJBGEP_01784	contig_1	1796014	1796979	+	GEGEGB_01694	1	persistent	2	0	1
AJBGEP_01785	contig_1	1796966	1797856	+	GEGEGB_01699	1	persistent	2	0	2
AJBGEP_01786	contig_1	1797856	1798848	+	GEGEGB_01700	1	persistent	2	0	0
AJBGEP_01787	contig_1	1798850	1799656	+	LNHIMF_01764	1	persistent	2	0	0
AJBGEP_01788	contig_1	1799672	1800379	-	LNHIMF_01765	1	persistent	2	0	0
AJBGEP_01789	contig_1	1800846	1802219	-	HFCAGB_01582	1	persistent	2	0	0
AJBGEP_01790	contig_1	1802825	1803613	+	GEGEGB_01704	1	persistent	2	0	0
AJBGEP_01791	contig_1	1803813	1804946	+	BEJGEH_01368	1	persistent	2	0	0
AJBGEP_01792	contig_1	1805035	1806969	+	LNHIMF_01769	1	persistent	2	0	0
AJBGEP_01793	contig_1	1807231	1809213	+	LNHIMF_01770	1	persistent	2	0	0
AJBGEP_01794	contig_1	1809335	1809514	+	GEGEGB_01708	1	persistent	2	0	0
AJBGEP_01795	contig_1	1809631	1810353	+	GEGEGB_01709	1	persistent	2	0	0
AJBGEP_01796	contig_1	1810612	1810830	+	LNHIMF_01773	1	persistent	2	0	0
AJBGEP_01797	contig_1	1810950	1811276	-	GEGEGB_01711	1	persistent	2	0	0
AJBGEP_01798	contig_1	1811276	1812013	-	GEGEGB_01712	1	persistent	2	0	0
AJBGEP_01799	contig_1	1812204	1813373	-	GEGEGB_01713	1	persistent	2	0	0
AJBGEP_01800	contig_1	1813380	1813688	-	GEGEGB_01714	1	persistent	2	0	0
AJBGEP_01801	contig_1	1813838	1814602	-	GEGEGB_01715	1	persistent	2	0	0
AJBGEP_01802	contig_1	1814798	1815388	+	GEGEGB_01716	1	persistent	2	0	0
AJBGEP_01803	contig_1	1815444	1818119	-	LNHIMF_01780	1	persistent	2	0	0
AJBGEP_01805	contig_1	1818675	1818803	-	GEGEGB_01719	1	persistent	2	0	0
AJBGEP_01806	contig_1	1819096	1820070	-	GEGEGB_01720	1	persistent	2	0	0
AJBGEP_01807	contig_1	1820481	1823078	-	GEGEGB_01722	1	persistent	2	0	0
AJBGEP_01808	contig_1	1823481	1823732	+	GEGEGB_01723	1	persistent	2	0	0
AJBGEP_01809	contig_1	1823774	1824814	-	LNHIMF_01787	1	persistent	2	0	0
AJBGEP_01810	contig_1	1825058	1825819	+	GEGEGB_01725	1	persistent	2	0	0
AJBGEP_01811	contig_1	1825816	1826406	+	LNHIMF_01789	1	persistent	2	0	0
AJBGEP_01812	contig_1	1826493	1827368	-	GEGEGB_01727	1	persistent	2	0	0
AJBGEP_01813	contig_1	1827469	1828089	-	GEGEGB_01728	1	persistent	2	0	0
AJBGEP_01814	contig_1	1828097	1828966	-	GEGEGB_01729	1	persistent	2	0	0
AJBGEP_01815	contig_1	1829082	1829144	+	GEGEGB_01730	1	persistent	2	0	0
AJBGEP_01816	contig_1	1829239	1830801	+	LNHIMF_01794	1	persistent	2	0	0
AJBGEP_01817	contig_1	1830801	1832396	+	GEGEGB_01732	1	persistent	2	0	0
AJBGEP_01818	contig_1	1832400	1833758	+	GEGEGB_01733	1	persistent	2	0	0
AJBGEP_01819	contig_1	1833768	1834961	+	GEGEGB_01734	1	persistent	2	0	0
AJBGEP_01820	contig_1	1834961	1835767	+	GEGEGB_01735	1	persistent	2	0	0
AJBGEP_01821	contig_1	1836247	1836429	+	GEGEGB_01513	3	persistent	6	0	0
AJBGEP_01822	contig_1	1836519	1837022	+	GEGEGB_01737	1	persistent	2	0	0
AJBGEP_01823	contig_1	1837096	1837602	+	GEGEGB_01738	1	persistent	2	0	0
AJBGEP_01824	contig_1	1837622	1838500	+	LNHIMF_01802	1	persistent	2	0	0
AJBGEP_01825	contig_1	1838582	1839220	-	GEGEGB_01740	1	persistent	3	0	0
AJBGEP_01826	contig_1	1839558	1839962	+	GEGEGB_01741	1	persistent	2	0	0
AJBGEP_01827	contig_1	1839988	1840731	+	GEGEGB_01742	1	persistent	3	0	0
AJBGEP_01828	contig_1	1840788	1841327	+	GEGEGB_01743	1	persistent	2	0	0
AJBGEP_01829	contig_1	1841488	1841889	+	GEGEGB_01744	1	persistent	2	0	0
AJBGEP_01830	contig_1	1841949	1842677	-	LNHIMF_01808	1	persistent	2	0	0
AJBGEP_01831	contig_1	1842901	1843197	+	GEGEGB_01746	1	persistent	2	0	0
AJBGEP_01832	contig_1	1843241	1843414	-	GEGEGB_01747	1	persistent	2	0	0
AJBGEP_01833	contig_1	1843557	1845017	+	GEGEGB_01748	1	persistent	2	0	0
AJBGEP_01834	contig_1	1845051	1845380	+	GEGEGB_01749	1	persistent	2	0	0
AJBGEP_01835	contig_1	1845428	1846264	-	LNHIMF_01813	1	persistent	2	0	0
AJBGEP_01836	contig_1	1846312	1847316	-	GEGEGB_01751	1	persistent	2	0	0
AJBGEP_01837	contig_1	1847313	1848320	-	LNHIMF_01815	1	persistent	2	0	0
AJBGEP_01838	contig_1	1848332	1849240	-	LNHIMF_01816	1	persistent	2	0	0
AJBGEP_01839	contig_1	1849255	1850175	-	BEJGEH_01320	1	persistent	2	0	0
AJBGEP_01840	contig_1	1850297	1851928	-	BEJGEH_01319	1	persistent	2	0	0
AJBGEP_01841	contig_1	1852693	1853340	-	GEGEGB_01757	1	persistent	2	0	0
AJBGEP_01842	contig_1	1853817	1856495	+	GEGEGB_01758	1	persistent	3	0	1
AJBGEP_01843	contig_1	1856692	1857309	-	GEGEGB_01759	1	persistent	2	0	0
AJBGEP_01844	contig_1	1857972	1858385	+	GEGEGB_01760	1	persistent	2	0	0
AJBGEP_01845	contig_1	1858517	1859425	-	GEGEGB_01761	1	persistent	2	0	0
AJBGEP_01846	contig_1	1859628	1860641	-	GEGEGB_01762	1	persistent	2	0	0
AJBGEP_01847	contig_1	1860732	1861628	-	LNHIMF_01825	1	persistent	2	0	0
AJBGEP_01848	contig_1	1861748	1862206	+	BEJGEH_01311	1	persistent	2	0	0
AJBGEP_01849	contig_1	1862257	1863099	+	GEGEGB_01765	1	persistent	3	0	1
AJBGEP_01852	contig_1	1864415	1865944	-	BEJGEH_01307	1	persistent	2	0	0
AJBGEP_01853	contig_1	1866186	1866863	-	LNHIMF_01831	1	persistent	3	0	1
AJBGEP_01854	contig_1	1866863	1867573	-	LNHIMF_01832	1	persistent	2	0	0
AJBGEP_01855	contig_1	1867570	1869105	-	GEGEGB_01575	2	persistent	4	0	0
AJBGEP_01856	contig_1	1869102	1872845	-	GEGEGB_01771	1	persistent	2	0	0
AJBGEP_01857	contig_1	1873233	1874630	-	GEGEGB_01772	1	persistent	2	0	0
AJBGEP_01858	contig_1	1874971	1876767	+	LNHIMF_01836	1	persistent	2	0	0
AJBGEP_01859	contig_1	1876760	1877410	+	LNHIMF_01837	1	persistent	2	0	0
AJBGEP_01860	contig_1	1877411	1878835	-	PAPNPA_00575	1	persistent	2	0	0
AJBGEP_01861	contig_1	1879012	1879365	+	GEGEGB_01776	1	persistent	2	0	0
AJBGEP_01862	contig_1	1879445	1879675	-	GEGEGB_01777	1	persistent	2	0	0
AJBGEP_01863	contig_1	1879942	1881042	+	LNHIMF_01841	1	persistent	2	1	0
AJBGEP_01864	contig_1	1881096	1881950	-	GEGEGB_01176	1	persistent	2	1	0
AJBGEP_01865	contig_1	1881988	1882797	-	GEGEGB_01175	1	persistent	2	0	0
AJBGEP_01866	contig_1	1882801	1883190	-	GEGEGB_01174	1	persistent	2	0	0
AJBGEP_01867	contig_1	1883187	1884020	-	LNHIMF_01845	1	persistent	2	0	0
AJBGEP_01868	contig_1	1884020	1885102	-	GEGEGB_01172	1	persistent	2	0	0
AJBGEP_01869	contig_1	1885143	1886399	-	GEGEGB_01171	1	persistent	2	0	0
AJBGEP_01870	contig_1	1886713	1887336	+	LNHIMF_01848	1	persistent	2	0	0
AJBGEP_01871	contig_1	1887333	1888184	+	GEGEGB_01169	1	persistent	2	0	0
AJBGEP_01872	contig_1	1888450	1889397	+	GEGEGB_01168	1	persistent	2	0	0
AJBGEP_01873	contig_1	1889549	1891207	+	GEGEGB_01167	1	persistent	2	0	0
AJBGEP_01874	contig_1	1891252	1891530	-	LNHIMF_01852	1	persistent	2	0	0
AJBGEP_01875	contig_1	1891806	1892390	+	GEGEGB_01165	1	persistent	2	0	0
AJBGEP_01876	contig_1	1892507	1893598	+	GEGEGB_01164	1	persistent	2	0	2
AJBGEP_01877	contig_1	1893757	1895022	-	BEJGEH_01280	1	persistent	2	0	2
AJBGEP_01878	contig_1	1895517	1896635	+	LNHIMF_01857	1	persistent	2	0	1
AJBGEP_01879	contig_1	1896632	1898425	+	GEGEGB_01160	1	persistent	2	0	0
AJBGEP_01880	contig_1	1898444	1899175	+	LNHIMF_01859	1	persistent	2	0	0
AJBGEP_01881	contig_1	1899172	1899768	+	GEGEGB_01158	1	persistent	2	0	0
AJBGEP_01882	contig_1	1899758	1900162	+	GEGEGB_01157	1	persistent	2	0	0
AJBGEP_01883	contig_1	1900159	1901007	+	GEGEGB_01156	1	persistent	2	0	0
AJBGEP_01884	contig_1	1901082	1902626	+	LNHIMF_01863	1	persistent	2	0	0
AJBGEP_01885	contig_1	1902638	1903774	+	LNHIMF_01864	1	persistent	2	0	0
AJBGEP_01886	contig_1	1903787	1903876	+	GEGEGB_01153	1	persistent	2	0	0
AJBGEP_01887	contig_1	1904271	1905545	+	LNHIMF_01866	1	persistent	2	0	0
AJBGEP_01888	contig_1	1905759	1907471	+	LNHIMF_01867	1	persistent	2	0	0
AJBGEP_01889	contig_1	1907534	1907788	-	GEGEGB_01148	1	persistent	2	0	0
AJBGEP_01890	contig_1	1907957	1908691	+	LNHIMF_01869	1	persistent	2	0	0
AJBGEP_01891	contig_1	1908705	1909316	-	GEGEGB_01146	1	persistent	2	0	0
AJBGEP_01892	contig_1	1909487	1910401	+	GEGEGB_01145	1	persistent	2	0	0
AJBGEP_01893	contig_1	1910498	1912231	+	GEGEGB_01144	1	persistent	2	0	0
AJBGEP_01894	contig_1	1912294	1913364	-	LNHIMF_01873	1	persistent	2	0	0
AJBGEP_01895	contig_1	1913378	1914676	-	LNHIMF_01874	1	persistent	2	0	0
AJBGEP_01896	contig_1	1914999	1916531	+	GEGEGB_01141	1	persistent	2	0	0
AJBGEP_01897	contig_1	1916578	1917297	-	LNHIMF_01876	1	persistent	2	0	0
AJBGEP_01898	contig_1	1917517	1919061	+	GEGEGB_01139	1	persistent	2	0	0
AJBGEP_01899	contig_1	1919203	1919733	+	GEGEGB_01138	1	persistent	2	0	0
AJBGEP_01900	contig_1	1919842	1920183	+	GEGEGB_01137	1	persistent	2	0	0
AJBGEP_01901	contig_1	1920255	1920428	-	GEGEGB_01136	1	persistent	2	0	0
AJBGEP_01902	contig_1	1920620	1920757	-	GEGEGB_01135	1	persistent	2	0	0
AJBGEP_01903	contig_1	1921109	1921555	-	LNHIMF_01882	1	persistent	2	0	0
AJBGEP_01904	contig_1	1921648	1922307	-	GEGEGB_01133	1	persistent	2	0	0
AJBGEP_01905	contig_1	1922357	1922650	-	LNHIMF_01884	1	persistent	2	0	0
AJBGEP_01906	contig_1	1922776	1923483	+	GEGEGB_01131	1	persistent	2	0	0
AJBGEP_01907	contig_1	1923507	1924319	+	LNHIMF_01886	1	persistent	2	0	0
AJBGEP_01908	contig_1	1924323	1924589	+	GEGEGB_01129	1	persistent	2	0	0
AJBGEP_01909	contig_1	1924711	1925826	-	GEGEGB_01128	1	persistent	2	1	0
AJBGEP_01910	contig_1	1925975	1926433	-	GEGEGB_00250	10	shell	58	4	2
AJBGEP_01913	contig_1	1926624	1928375	-	GEGEGB_01126	1	persistent	2	1	0
AJBGEP_01914	contig_1	1928514	1929095	-	GEGEGB_01125	1	persistent	2	0	0
AJBGEP_01915	contig_1	1929167	1929862	-	GEGEGB_01124	1	persistent	2	0	0
AJBGEP_01916	contig_1	1929920	1931830	-	GEGEGB_01123	1	persistent	2	0	0
AJBGEP_01917	contig_1	1931961	1932305	+	LNHIMF_01894	1	persistent	2	0	0
AJBGEP_01918	contig_1	1932311	1932490	-	GEGEGB_01121	1	persistent	2	0	0
AJBGEP_01919	contig_1	1932571	1933935	+	GEGEGB_01120	1	persistent	2	0	0
AJBGEP_01920	contig_1	1933939	1934517	+	LNHIMF_01897	1	persistent	2	0	0
AJBGEP_01921	contig_1	1934781	1936145	+	GEGEGB_01118	1	persistent	2	0	0
AJBGEP_01922	contig_1	1936283	1937884	+	LNHIMF_01899	1	persistent	2	0	0
AJBGEP_01923	contig_1	1937906	1939465	-	LNHIMF_01900	1	persistent	2	0	0
AJBGEP_01924	contig_1	1939938	1940906	+	GEGEGB_01115	1	persistent	2	0	0
AJBGEP_01925	contig_1	1940959	1941759	+	GEGEGB_01114	1	persistent	2	0	0
AJBGEP_01926	contig_1	1941772	1942623	+	GEGEGB_01113	1	persistent	2	0	0
AJBGEP_01927	contig_1	1942681	1943139	+	GEGEGB_01112	1	persistent	2	0	0
AJBGEP_01928	contig_1	1943549	1944115	+	GEGEGB_01111	1	persistent	2	0	0
AJBGEP_01929	contig_1	1944112	1944921	-	LNHIMF_01906	1	persistent	2	0	0
AJBGEP_01930	contig_1	1944987	1946732	-	GEGEGB_01109	1	persistent	2	0	0
AJBGEP_01931	contig_1	1946952	1947161	-	GEGEGB_01108	2	persistent	4	0	0
AJBGEP_01932	contig_1	1947966	1948253	-	GEGEGB_01107	1	persistent	2	0	0
AJBGEP_01933	contig_1	1948324	1948467	-	GEGEGB_01106	1	persistent	2	0	0
AJBGEP_01934	contig_1	1948625	1948864	+	GEGEGB_01105	1	persistent	2	0	0
AJBGEP_01935	contig_1	1949076	1949867	-	LNHIMF_01912	1	persistent	2	1	0
AJBGEP_01936	contig_1	1950043	1951416	+	BEJGEH_01222	1	persistent	2	1	0
AJBGEP_01937	contig_1	1951464	1952345	-	GEGEGB_01101	1	persistent	2	0	0
AJBGEP_01938	contig_1	1952539	1954587	-	GEGEGB_01100	1	persistent	2	0	0
AJBGEP_01939	contig_1	1954607	1955293	-	GEGEGB_01099	1	persistent	2	0	0
AJBGEP_01940	contig_1	1955391	1955960	-	LNHIMF_01917	1	persistent	2	0	0
AJBGEP_01941	contig_1	1956017	1957300	+	LNHIMF_01918	1	persistent	2	0	0
AJBGEP_01942	contig_1	1957269	1959902	+	GEGEGB_01096	1	persistent	2	0	0
AJBGEP_01943	contig_1	1959878	1961419	+	LNHIMF_01920	1	persistent	2	0	0
AJBGEP_01944	contig_1	1961534	1961773	+	GEGEGB_01094	1	persistent	2	0	0
AJBGEP_01945	contig_1	1961884	1962075	+	GEGEGB_01093	1	persistent	2	0	1
AJBGEP_01946	contig_1	1962094	1962744	-	GEGEGB_01092	1	persistent	3	0	0
AJBGEP_01947	contig_1	1962762	1962995	-	HFCAGB_01423	1	persistent	2	0	0
AJBGEP_01948	contig_1	1962968	1963132	-	GEGEGB_01090	1	persistent	3	0	1
AJBGEP_01949	contig_1	1963417	1964139	-	BEJGEH_01210	1	persistent	2	0	0
AJBGEP_01950	contig_1	1964823	1965218	+	LNHIMF_01926	1	persistent	2	0	0
AJBGEP_01951	contig_1	1965548	1966024	+	LNHIMF_01927	1	persistent	2	0	2
AJBGEP_01952	contig_1	1966412	1966831	-	LNHIMF_01928	1	persistent	1	2	6
AJBGEP_01953	contig_1	1968113	1968259	-	AJBGEP_01953	1	shell	1	1	0
AJBGEP_01954	contig_1	1968259	1969116	-	AJBGEP_01954	1	shell	1	3	4
AJBGEP_01955	contig_1	1969240	1969608	+	AJBGEP_01955	1	shell	0	2	1
AJBGEP_01956	contig_1	1970912	1971826	+	AJBGEP_01956	1	shell	1	2	3
AJBGEP_01957	contig_1	1971959	1972117	+	GEGEGB_01081	1	shell	0	2	0
AJBGEP_01958	contig_1	1972127	1972741	+	LNHIMF_01935	1	shell	0	2	1
AJBGEP_01959	contig_1	1973190	1973312	-	BENMGJ_03766	1	shell	0	4	2
AJBGEP_01960	contig_1	1973913	1974071	+	LNHIMF_01937	1	shell	0	3	1
AJBGEP_01961	contig_1	1974704	1974784	+	AJBGEP_01961	2	shell	0	4	1
AJBGEP_01962	contig_1	1974881	1975762	-	AJBGEP_01962	1	shell	0	5	1
AJBGEP_01963	contig_1	1975917	1976180	-	IKCLMC_04289	1	shell	0	3	4
AJBGEP_01964	contig_1	1976488	1976655	+	LNHIMF_01943	1	shell	0	2	2
AJBGEP_01965	contig_1	1976912	1977445	-	AJBGEP_01965	1	shell	0	2	5
AJBGEP_01966	contig_1	1977499	1977729	-	AJBGEP_01966	1	shell	0	2	2
AJBGEP_01967	contig_1	1977760	1978413	+	ODDLKH_02363	1	shell	1	1	0
AJBGEP_01968	contig_1	1978473	1979327	+	PAPNPA_00762	1	persistent	1	1	8
AJBGEP_01971	contig_1	1979701	1980054	-	GEGEGB_01072	1	persistent	2	0	1
AJBGEP_01972	contig_1	1980071	1980946	-	LNHIMF_01950	1	persistent	2	0	0
AJBGEP_01973	contig_1	1980947	1981321	-	LNHIMF_01951	1	persistent	2	0	0
AJBGEP_01974	contig_1	1981459	1981689	+	GEGEGB_01069	1	persistent	2	0	0
AJBGEP_01975	contig_1	1981797	1982453	+	LNHIMF_01953	1	persistent	2	0	0
AJBGEP_01976	contig_1	1982477	1983175	+	GEGEGB_01067	1	persistent	2	0	0
AJBGEP_01977	contig_1	1983210	1985261	-	GEGEGB_01066	1	persistent	2	0	0
AJBGEP_01978	contig_1	1985474	1986133	-	LNHIMF_01956	1	persistent	2	0	0
AJBGEP_01979	contig_1	1986227	1986580	-	GEGEGB_01064	1	persistent	2	0	0
AJBGEP_01980	contig_1	1986648	1986938	-	GEGEGB_01063	1	persistent	2	0	0
AJBGEP_01981	contig_1	1987069	1988247	+	GEGEGB_01062	1	persistent	2	0	0
AJBGEP_01982	contig_1	1988347	1988988	-	LNHIMF_01960	1	persistent	2	0	0
AJBGEP_01983	contig_1	1989026	1990837	-	GEGEGB_01060	1	persistent	2	0	0
AJBGEP_01984	contig_1	1991072	1992547	-	LNHIMF_01962	1	persistent	2	0	0
AJBGEP_01985	contig_1	1992889	1993758	+	GEGEGB_01058	1	persistent	2	0	1
AJBGEP_01986	contig_1	1993882	1995324	+	GEGEGB_01057	1	persistent	2	1	0
AJBGEP_01987	contig_1	1995397	1996368	-	GEGEGB_01056	1	persistent	2	1	0
AJBGEP_01988	contig_1	1996485	1997804	-	LNHIMF_01966	1	persistent	2	0	1
AJBGEP_01989	contig_1	1997820	1998821	-	LNHIMF_01967	1	persistent	2	0	0
AJBGEP_01990	contig_1	1998843	1999598	+	LNHIMF_01968	1	persistent	2	0	0
AJBGEP_01991	contig_1	1999595	2000380	+	GEGEGB_01052	1	persistent	2	0	0
AJBGEP_01992	contig_1	2000459	2001469	-	GEGEGB_01051	1	persistent	2	0	1
AJBGEP_01993	contig_1	2001478	2002089	-	LNHIMF_01971	1	persistent	2	1	1
AJBGEP_01996	contig_1	2004031	2004630	+	LNHIMF_01973	1	persistent	2	1	3
AJBGEP_01997	contig_1	2004632	2005153	-	GEGEGB_01047	1	persistent	2	0	1
AJBGEP_01998	contig_1	2005190	2005930	-	GEGEGB_01046	1	persistent	2	0	0
AJBGEP_01999	contig_1	2005960	2006412	-	GEGEGB_01045	1	persistent	2	0	0
AJBGEP_02000	contig_1	2006515	2008287	-	LNHIMF_01977	1	persistent	2	0	0
AJBGEP_02001	contig_1	2008612	2009178	+	GEGEGB_01043	1	persistent	2	0	0
AJBGEP_02002	contig_1	2009175	2009993	+	GEGEGB_01042	1	persistent	2	0	0
AJBGEP_02003	contig_1	2010046	2010441	+	GEGEGB_01041	1	persistent	2	0	0
AJBGEP_02004	contig_1	2010482	2011225	+	GEGEGB_01040	1	persistent	2	0	0
AJBGEP_02005	contig_1	2011222	2012193	+	GEGEGB_01039	1	persistent	2	0	0
AJBGEP_02007	contig_1	2012429	2013175	-	LNHIMF_01984	1	persistent	2	0	0
AJBGEP_02008	contig_1	2013195	2013764	-	LNHIMF_01985	1	persistent	2	0	0
AJBGEP_02009	contig_1	2014001	2015734	+	GEGEGB_01035	1	persistent	2	0	0
AJBGEP_02010	contig_1	2015923	2017794	+	LNHIMF_01987	1	persistent	2	0	0
AJBGEP_02011	contig_1	2017848	2018987	-	LNHIMF_01988	1	persistent	2	0	0
AJBGEP_02012	contig_1	2019224	2019616	-	GEGEGB_01031	1	persistent	2	0	0
AJBGEP_02013	contig_1	2019616	2021694	-	GEGEGB_01030	1	persistent	2	0	0
AJBGEP_02014	contig_1	2021687	2022838	-	GEGEGB_01029	1	persistent	2	0	1
AJBGEP_02015	contig_1	2023032	2023679	-	LNHIMF_01993	1	persistent	2	0	1
AJBGEP_02016	contig_1	2023687	2024076	-	GEGEGB_01027	1	persistent	2	0	0
AJBGEP_02017	contig_1	2024094	2025143	-	GEGEGB_01026	1	persistent	2	0	0
AJBGEP_02018	contig_1	2025140	2026006	-	LNHIMF_01996	1	persistent	2	0	0
AJBGEP_02019	contig_1	2026160	2027821	-	LNHIMF_01997	1	persistent	2	0	0
AJBGEP_02020	contig_1	2028058	2028561	-	LNHIMF_01998	1	persistent	2	0	0
AJBGEP_02021	contig_1	2028582	2030597	-	GEGEGB_01022	1	persistent	2	0	0
AJBGEP_02022	contig_1	2030602	2031531	-	LNHIMF_02000	1	persistent	2	0	0
AJBGEP_02023	contig_1	2031528	2032415	-	LNHIMF_02001	1	persistent	2	0	0
AJBGEP_02024	contig_1	2032540	2033118	-	LNHIMF_02002	1	persistent	2	0	0
AJBGEP_02025	contig_1	2033121	2033462	-	GEGEGB_01018	1	persistent	2	0	0
AJBGEP_02026	contig_1	2034258	2034686	+	LNHIMF_02004	1	persistent	2	0	0
AJBGEP_02027	contig_1	2034704	2036125	-	GEGEGB_01016	1	persistent	2	0	0
AJBGEP_02028	contig_1	2036100	2037002	-	BEJGEH_01136	1	persistent	2	0	1
AJBGEP_02029	contig_1	2037126	2037308	-	AJBGEP_02029	1	cloud	2	0	0
AJBGEP_02030	contig_1	2037537	2038094	-	BEJGEH_01135	1	persistent	2	0	1
AJBGEP_02031	contig_1	2038645	2039148	+	GEGEGB_01013	1	persistent	3	0	0
AJBGEP_02032	contig_1	2039327	2039965	-	LNHIMF_02009	1	persistent	2	0	0
AJBGEP_02033	contig_1	2040221	2040556	+	GEGEGB_01012	1	persistent	3	0	0
AJBGEP_02034	contig_1	2040796	2041293	+	GEGEGB_01011	1	persistent	2	0	0
AJBGEP_02035	contig_1	2041339	2041578	-	GEGEGB_01010	1	persistent	2	0	0
AJBGEP_02036	contig_1	2041748	2043016	+	GEGEGB_01009	1	persistent	2	0	0
AJBGEP_02037	contig_1	2043091	2043756	-	LNHIMF_02014	1	persistent	3	0	0
AJBGEP_02039	contig_1	2043994	2044320	-	LNHIMF_02016	1	persistent	2	0	0
AJBGEP_02040	contig_1	2044533	2045966	-	LNHIMF_02017	1	persistent	4	0	0
AJBGEP_02041	contig_1	2046185	2046469	-	LNHIMF_02018	1	persistent	2	0	1
AJBGEP_02045	contig_1	2047218	2047766	-	GEGEGB_01001	1	persistent	3	0	0
AJBGEP_02046	contig_1	2047823	2049655	-	GEGEGB_01000	1	persistent	2	0	0
AJBGEP_02047	contig_1	2049652	2050308	-	GEGEGB_00999	1	persistent	2	1	0
AJBGEP_02048	contig_1	2050371	2050448	-	GEGEGB_00998	1	shell	2	0	0
AJBGEP_02049	contig_1	2050772	2050996	+	GEGEGB_00997	1	persistent	2	1	0
AJBGEP_02050	contig_1	2051063	2051785	-	LNHIMF_02027	1	persistent	2	0	0
AJBGEP_02051	contig_1	2052017	2052769	-	GEGEGB_00995	1	persistent	2	0	0
AJBGEP_02052	contig_1	2052766	2053434	-	GEGEGB_00994	1	persistent	2	0	0
AJBGEP_02053	contig_1	2053455	2054441	-	LNHIMF_02030	1	persistent	2	0	0
AJBGEP_02054	contig_1	2054595	2055395	-	GEGEGB_00992	1	persistent	2	0	0
AJBGEP_02055	contig_1	2055542	2056093	-	GEGEGB_00991	1	persistent	2	0	0
AJBGEP_02056	contig_1	2056152	2056871	-	GEGEGB_00990	1	persistent	2	1	0
AJBGEP_02057	contig_1	2057140	2057598	-	GEGEGB_00250	10	shell	58	4	2
AJBGEP_02059	contig_1	2057779	2058984	-	LNHIMF_02034	1	persistent	1	3	2
AJBGEP_02060	contig_1	2059063	2060550	-	ONMMKP_00070	1	shell	2	0	0
AJBGEP_02061	contig_1	2060807	2062210	+	GEGEGB_00986	1	persistent	1	2	1
AJBGEP_02062	contig_1	2062225	2062632	+	LNHIMF_02037	1	persistent	2	0	1
AJBGEP_02063	contig_1	2062632	2063000	+	GEGEGB_00984	1	persistent	2	0	0
AJBGEP_02064	contig_1	2063072	2064556	+	LNHIMF_02039	1	persistent	2	0	0
AJBGEP_02065	contig_1	2064596	2065021	-	AJBGEP_02065	1	persistent	2	0	0
AJBGEP_02066	contig_1	2065207	2066412	+	LNHIMF_02041	1	persistent	2	0	0
AJBGEP_02067	contig_1	2066409	2066642	+	GEGEGB_00980	1	persistent	2	1	0
AJBGEP_02068	contig_1	2067413	2067727	-	LNHIMF_02043	1	persistent	2	1	0
AJBGEP_02069	contig_1	2067944	2069626	+	LNHIMF_02044	1	persistent	2	0	0
AJBGEP_02070	contig_1	2069619	2070614	+	GEGEGB_00976	1	persistent	2	0	0
AJBGEP_02071	contig_1	2070607	2071314	+	GEGEGB_00975	1	persistent	2	0	0
AJBGEP_02072	contig_1	2071314	2072684	+	LNHIMF_02047	1	persistent	2	0	0
AJBGEP_02073	contig_1	2072706	2073149	+	GEGEGB_00973	1	persistent	2	0	0
AJBGEP_02074	contig_1	2073146	2074363	+	LNHIMF_02049	1	persistent	2	0	0
AJBGEP_02075	contig_1	2074468	2074935	+	LNHIMF_02050	1	persistent	2	0	0
AJBGEP_02076	contig_1	2074940	2075944	+	GEGEGB_00970	1	persistent	2	0	0
AJBGEP_02077	contig_1	2075941	2076354	+	LNHIMF_02052	1	persistent	2	0	0
AJBGEP_02078	contig_1	2076354	2076731	+	GEGEGB_00968	1	persistent	2	0	0
AJBGEP_02079	contig_1	2076731	2077468	+	GEGEGB_00967	1	persistent	2	0	0
AJBGEP_02080	contig_1	2077478	2077747	+	GEGEGB_00966	1	persistent	2	0	0
AJBGEP_02081	contig_1	2077756	2078550	+	LNHIMF_02056	1	persistent	2	0	0
AJBGEP_02082	contig_1	2078832	2079455	+	LNHIMF_02057	1	persistent	2	0	0
AJBGEP_02083	contig_1	2079494	2079688	-	GEGEGB_00963	1	persistent	2	0	0
AJBGEP_02084	contig_1	2079817	2080044	+	GEGEGB_00962	1	persistent	2	0	0
AJBGEP_02086	contig_1	2080354	2081169	+	GEGEGB_00960	1	persistent	2	0	0
AJBGEP_02087	contig_1	2081148	2082860	-	GEGEGB_00959	1	persistent	2	0	0
AJBGEP_02088	contig_1	2083025	2083210	-	GEGEGB_00958	1	persistent	2	0	0
AJBGEP_02089	contig_1	2083287	2084198	-	BEJGEH_01078	1	persistent	2	0	0
AJBGEP_02090	contig_1	2084374	2085294	+	GEGEGB_00955	1	persistent	2	0	0
AJBGEP_02091	contig_1	2085283	2085753	-	GEGEGB_00954	1	persistent	2	0	0
AJBGEP_02092	contig_1	2085734	2087164	-	LNHIMF_02067	1	persistent	2	0	0
AJBGEP_02093	contig_1	2087238	2087933	-	LNHIMF_02068	1	persistent	2	0	0
AJBGEP_02094	contig_1	2088025	2088324	-	GEGEGB_00951	1	persistent	2	0	0
AJBGEP_02096	contig_1	2088974	2090170	+	LNHIMF_02071	1	persistent	2	0	0
AJBGEP_02098	contig_1	2090630	2090842	-	LNHIMF_02073	1	persistent	2	0	1
AJBGEP_02099	contig_1	2091297	2092565	-	LNHIMF_02074	1	persistent	3	1	1
AJBGEP_02100	contig_1	2092568	2092987	-	GEGEGB_00945	1	persistent	1	1	4
AJBGEP_02102	contig_1	2094340	2095347	+	HFCAGB_02172	1	cloud	1	0	2
AJBGEP_02103	contig_1	2095348	2095497	-	HFCAGB_02173	1	cloud	0	0	2
AJBGEP_02104	contig_1	2095632	2096201	-	HFCAGB_02174	1	cloud	0	0	3
AJBGEP_02105	contig_1	2096201	2097763	-	LNHIMF_02156	1	cloud	0	0	2
AJBGEP_02106	contig_1	2097750	2098337	-	LNHIMF_02157	1	cloud	0	0	3
AJBGEP_02107	contig_1	2098340	2098861	-	LNHIMF_02158	2	cloud	0	0	2
AJBGEP_02108	contig_1	2098896	2099420	-	LNHIMF_02158	2	cloud	0	0	2
AJBGEP_02109	contig_1	2099413	2099826	-	LNHIMF_02159	1	cloud	0	0	2
AJBGEP_02110	contig_1	2099831	2100364	-	LNHIMF_02160	1	cloud	0	0	2
AJBGEP_02111	contig_1	2100364	2101422	-	LNHIMF_02161	1	cloud	0	0	2
AJBGEP_02112	contig_1	2101419	2102759	-	LNHIMF_02162	1	cloud	0	0	3
AJBGEP_02113	contig_1	2102793	2104721	-	HFCAGB_02182	1	cloud	0	0	4
AJBGEP_02114	contig_1	2104733	2105131	-	AJBGEP_02114	1	cloud	0	0	2
AJBGEP_02115	contig_1	2105128	2105484	-	LNHIMF_02165	1	cloud	0	0	3
AJBGEP_02116	contig_1	2105484	2106980	-	LNHIMF_02166	1	cloud	0	0	2
AJBGEP_02117	contig_1	2106970	2107134	-	LNHIMF_02167	1	cloud	0	0	2
AJBGEP_02118	contig_1	2107138	2107698	-	LNHIMF_02168	1	cloud	0	0	2
AJBGEP_02119	contig_1	2107695	2108207	-	LNHIMF_02169	1	cloud	0	0	3
AJBGEP_02120	contig_1	2108179	2108583	-	OEKLIE_01644	1	cloud	0	0	2
AJBGEP_02121	contig_1	2108580	2108903	-	LNHIMF_02171	1	cloud	0	0	2
AJBGEP_02122	contig_1	2108906	2109106	-	HFCAGB_02191	1	cloud	0	0	2
AJBGEP_02123	contig_1	2109157	2110362	-	HFCAGB_02192	1	cloud	0	0	2
AJBGEP_02124	contig_1	2110377	2111027	-	LNHIMF_02174	1	cloud	0	0	2
AJBGEP_02125	contig_1	2111005	2112246	-	AJBGEP_02125	1	cloud	0	0	2
AJBGEP_02126	contig_1	2112246	2112428	-	LNHIMF_02176	1	cloud	0	0	2
AJBGEP_02127	contig_1	2112440	2114173	-	OEKLIE_00091	1	cloud	0	0	2
AJBGEP_02128	contig_1	2114170	2114664	-	HFCAGB_02198	1	cloud	0	0	2
AJBGEP_02129	contig_1	2114790	2115140	-	OEKLIE_00093	1	cloud	0	0	4
AJBGEP_02130	contig_1	2115201	2115503	-	OEKLIE_00094	1	cloud	0	0	2
AJBGEP_02131	contig_1	2115723	2116142	-	OEKLIE_00095	1	cloud	0	0	2
AJBGEP_02132	contig_1	2116355	2116840	-	BENMGJ_01252	2	cloud	0	2	3
AJBGEP_02133	contig_1	2116837	2117451	-	LNHIMF_04297	1	cloud	0	1	5
AJBGEP_02134	contig_1	2117454	2117792	-	LNHIMF_00667	1	cloud	0	0	3
AJBGEP_02135	contig_1	2118324	2118581	-	OEKLIE_00099	1	cloud	0	0	2
AJBGEP_02136	contig_1	2118714	2119337	-	OEKLIE_00100	1	cloud	0	1	1
AJBGEP_02137	contig_1	2119348	2120337	-	AJBGEP_02407	2	shell	0	1	5
AJBGEP_02138	contig_1	2120345	2121205	-	OEKLIE_00039	1	cloud	0	1	1
AJBGEP_02139	contig_1	2121222	2121611	-	HFCAGB_02208	1	cloud	0	0	7
AJBGEP_02140	contig_1	2121608	2122501	-	OEKLIE_00041	1	cloud	0	0	2
AJBGEP_02141	contig_1	2122501	2122983	-	ALJMDI_00529	1	cloud	0	0	4
AJBGEP_02142	contig_1	2122985	2123803	-	OEKLIE_00033	1	cloud	0	0	2
AJBGEP_02143	contig_1	2123800	2124024	-	HFCAGB_02212	1	cloud	0	0	4
AJBGEP_02144	contig_1	2124021	2125178	-	OEKLIE_00035	1	cloud	0	0	2
AJBGEP_02147	contig_1	2125175	2125729	-	AJBGEP_02147	1	cloud	0	0	3
AJBGEP_02148	contig_1	2125758	2125982	-	AJBGEP_02148	1	cloud	0	0	2
AJBGEP_02149	contig_1	2126080	2126775	+	OEKLIE_00102	1	cloud	0	0	3
AJBGEP_02150	contig_1	2127428	2127961	+	OEKLIE_00103	1	cloud	0	0	4
AJBGEP_02151	contig_1	2128019	2128846	+	OEKLIE_00104	1	cloud	0	0	3
AJBGEP_02152	contig_1	2128983	2129522	+	HFCAGB_02224	1	cloud	0	0	5
AJBGEP_02153	contig_1	2129593	2129823	+	OEKLIE_00106	1	cloud	0	0	2
AJBGEP_02154	contig_1	2129820	2130335	+	OEKLIE_00107	1	cloud	0	0	2
AJBGEP_02155	contig_1	2130332	2130949	+	OEKLIE_00108	1	cloud	0	0	2
AJBGEP_02156	contig_1	2130946	2131779	+	OEKLIE_00109	1	cloud	0	0	2
AJBGEP_02157	contig_1	2131783	2132352	+	OEKLIE_00110	1	cloud	0	0	3
AJBGEP_02158	contig_1	2132392	2132619	+	HFCAGB_02229	1	cloud	0	0	2
AJBGEP_02159	contig_1	2132756	2133610	+	OEKLIE_00112	1	cloud	0	1	2
AJBGEP_02161	contig_1	2133902	2134699	+	HFCAGB_02232	1	shell	2	1	4
AJBGEP_02164	contig_1	2136009	2136482	+	HFCAGB_02262	1	shell	0	3	4
AJBGEP_02166	contig_1	2136957	2137655	+	AJBGEP_02166	1	shell	0	2	2
AJBGEP_02167	contig_1	2137998	2140166	+	HFCAGB_02266	1	shell	0	2	2
AJBGEP_02168	contig_1	2140223	2141953	+	HFCAGB_02267	1	shell	0	2	0
AJBGEP_02169	contig_1	2142163	2142336	+	BEJGEH_02009	1	shell	1	2	0
AJBGEP_02170	contig_1	2142858	2144312	-	GEGEGB_00920	1	persistent	2	3	1
AJBGEP_02171	contig_1	2144508	2144834	-	LNHIMF_02081	1	persistent	2	0	1
AJBGEP_02173	contig_1	2145928	2147352	-	GEGEGB_00917	1	persistent	3	0	3
AJBGEP_02175	contig_1	2147847	2148776	-	LNHIMF_02095	1	persistent	2	0	2
AJBGEP_02176	contig_1	2148854	2149924	-	LNHIMF_02096	1	persistent	2	0	0
AJBGEP_02177	contig_1	2149951	2150694	-	LNHIMF_02097	1	persistent	2	0	0
AJBGEP_02178	contig_1	2150691	2151236	-	LNHIMF_02098	1	persistent	2	0	0
AJBGEP_02179	contig_1	2151233	2152753	-	GEGEGB_00911	1	persistent	2	0	0
AJBGEP_02180	contig_1	2152750	2153565	-	LNHIMF_02100	1	persistent	2	0	0
AJBGEP_02181	contig_1	2153574	2154251	-	GEGEGB_00909	1	persistent	2	0	0
AJBGEP_02182	contig_1	2154238	2154519	-	LNHIMF_02102	1	persistent	2	0	0
AJBGEP_02183	contig_1	2154521	2155258	-	LNHIMF_02103	1	persistent	2	0	0
AJBGEP_02184	contig_1	2155255	2155968	-	GEGEGB_00905	1	persistent	2	0	0
AJBGEP_02185	contig_1	2155965	2156759	-	BEJGEH_02042	1	persistent	2	0	1
AJBGEP_02186	contig_1	2156762	2157553	-	LNHIMF_02106	1	persistent	2	0	1
AJBGEP_02187	contig_1	2157550	2158275	-	GEGEGB_00901	1	persistent	2	0	0
AJBGEP_02188	contig_1	2158275	2159330	-	GEGEGB_00900	1	persistent	2	0	0
AJBGEP_02189	contig_1	2159311	2160084	-	GEGEGB_00899	1	persistent	2	0	0
AJBGEP_02190	contig_1	2160068	2160646	-	LNHIMF_02110	1	persistent	2	0	0
AJBGEP_02191	contig_1	2160636	2161241	-	GEGEGB_00897	1	persistent	2	0	0
AJBGEP_02192	contig_1	2161235	2162374	-	LNHIMF_02112	1	persistent	2	0	1
AJBGEP_02193	contig_1	2162374	2163006	-	LNHIMF_02113	1	persistent	2	0	0
AJBGEP_02194	contig_1	2163017	2163976	-	LNHIMF_02114	1	persistent	2	0	1
AJBGEP_02195	contig_1	2163973	2165352	-	LNHIMF_02115	1	persistent	2	0	1
AJBGEP_02196	contig_1	2165950	2166861	-	LNHIMF_02116	1	persistent	2	0	1
AJBGEP_02198	contig_1	2167078	2167872	-	LNHIMF_02118	1	persistent	2	0	0
AJBGEP_02199	contig_1	2168398	2168682	+	GEGEGB_00882	2	persistent	4	0	0
AJBGEP_02200	contig_1	2168679	2169491	+	GEGEGB_00888	1	persistent	2	0	0
AJBGEP_02201	contig_1	2169510	2171174	+	GEGEGB_00887	1	persistent	2	0	0
AJBGEP_02202	contig_1	2171185	2171859	+	LNHIMF_02122	1	persistent	2	0	0
AJBGEP_02203	contig_1	2171874	2172395	+	LNHIMF_02123	1	persistent	2	0	0
AJBGEP_02204	contig_1	2172405	2174237	+	LNHIMF_02124	1	persistent	2	0	0
AJBGEP_02205	contig_1	2174227	2174577	+	GEGEGB_00883	1	persistent	2	0	0
AJBGEP_02206	contig_1	2174596	2174871	+	GEGEGB_00882	2	persistent	4	0	0
AJBGEP_02207	contig_1	2174896	2175357	+	GEGEGB_00881	1	persistent	2	0	0
AJBGEP_02208	contig_1	2175357	2175989	+	LNHIMF_02128	1	persistent	2	0	0
AJBGEP_02209	contig_1	2175986	2176477	+	LNHIMF_02129	1	persistent	3	0	0
AJBGEP_02210	contig_1	2176481	2176756	+	LNHIMF_02130	1	persistent	2	0	0
AJBGEP_02211	contig_1	2176766	2177776	+	GEGEGB_00878	1	persistent	3	0	0
AJBGEP_02212	contig_1	2177773	2179167	+	LNHIMF_02132	1	persistent	2	0	0
AJBGEP_02213	contig_1	2179179	2180291	+	GEGEGB_00876	1	persistent	2	0	0
AJBGEP_02214	contig_1	2180288	2181643	+	BEJGEH_02071	1	persistent	2	0	0
AJBGEP_02215	contig_1	2181646	2182200	+	LNHIMF_02135	1	persistent	2	0	0
AJBGEP_02216	contig_1	2182200	2182550	+	GEGEGB_00873	1	persistent	2	0	0
AJBGEP_02217	contig_1	2182555	2183007	+	LNHIMF_02137	1	persistent	2	0	0
AJBGEP_02218	contig_1	2182992	2184206	+	LNHIMF_02138	1	persistent	2	0	0
AJBGEP_02219	contig_1	2184264	2185166	+	LNHIMF_02139	1	persistent	2	0	0
AJBGEP_02220	contig_1	2185200	2185535	-	GEGEGB_00869	1	persistent	2	0	0
AJBGEP_02221	contig_1	2185780	2186838	-	LNHIMF_02141	1	persistent	2	0	0
AJBGEP_02222	contig_1	2186957	2187424	-	GEGEGB_00867	1	persistent	2	0	0
AJBGEP_02223	contig_1	2187577	2188743	-	LNHIMF_02143	1	persistent	2	0	0
AJBGEP_02224	contig_1	2188873	2189637	-	GEGEGB_00864	1	persistent	2	0	0
AJBGEP_02225	contig_1	2189634	2190212	-	GEGEGB_00863	1	persistent	2	0	0
AJBGEP_02226	contig_1	2190227	2192503	-	LNHIMF_02146	1	persistent	2	0	0
AJBGEP_02227	contig_1	2193122	2195470	+	HFCAGB_02326	1	persistent	2	0	1
AJBGEP_02228	contig_1	2195813	2197243	+	GEGEGB_00858	1	persistent	2	0	1
AJBGEP_02229	contig_1	2197379	2198737	-	GEGEGB_00857	1	persistent	2	0	0
AJBGEP_02230	contig_1	2198727	2198789	-	GEGEGB_00856	1	persistent	2	0	0
AJBGEP_02232	contig_1	2199023	2199937	-	GEGEGB_00854	1	persistent	2	0	0
AJBGEP_02233	contig_1	2199983	2200807	-	GEGEGB_00853	1	persistent	2	0	1
AJBGEP_02234	contig_1	2200970	2201020	+	LNHIMF_02213	1	persistent	2	0	0
AJBGEP_02235	contig_1	2201167	2202066	+	GEGEGB_00851	1	persistent	2	0	1
AJBGEP_02236	contig_1	2202169	2203473	+	LNHIMF_02215	1	persistent	2	0	0
AJBGEP_02237	contig_1	2203470	2204549	+	LNHIMF_02216	1	persistent	2	0	0
AJBGEP_02238	contig_1	2204546	2205613	+	LNHIMF_02217	1	persistent	2	0	0
AJBGEP_02239	contig_1	2205613	2206203	+	GEGEGB_00847	1	persistent	2	0	0
AJBGEP_02240	contig_1	2206203	2206940	+	GEGEGB_00846	1	persistent	2	0	0
AJBGEP_02241	contig_1	2206922	2207698	+	GEGEGB_00845	1	persistent	2	0	0
AJBGEP_02242	contig_1	2207692	2208303	+	LNHIMF_02221	1	persistent	2	0	0
AJBGEP_02243	contig_1	2208384	2209367	-	GEGEGB_00843	1	persistent	2	0	0
AJBGEP_02244	contig_1	2209510	2210676	-	LNHIMF_02223	1	persistent	2	0	0
AJBGEP_02245	contig_1	2210913	2212319	-	LNHIMF_02224	1	persistent	2	0	1
AJBGEP_02246	contig_1	2212483	2213913	-	LNHIMF_02225	1	persistent	1	1	1
AJBGEP_02247	contig_1	2213985	2215418	-	LNHIMF_02226	1	shell	1	1	0
AJBGEP_02248	contig_1	2215405	2216844	-	LNHIMF_02227	1	shell	0	2	0
AJBGEP_02249	contig_1	2216845	2217789	-	LNHIMF_02228	1	shell	0	2	0
AJBGEP_02250	contig_1	2217790	2218851	-	HFCAGB_02349	1	shell	0	2	2
AJBGEP_02251	contig_1	2219171	2220172	-	BEJGEH_02108	1	shell	0	2	1
AJBGEP_02252	contig_1	2220177	2221082	-	AJBGEP_02252	1	shell	0	2	0
AJBGEP_02253	contig_1	2221551	2222450	-	BEJGEH_02110	1	shell	1	1	0
AJBGEP_02254	contig_1	2222478	2223791	-	LNHIMF_02237	1	persistent	1	1	2
AJBGEP_02255	contig_1	2223818	2224897	-	LNHIMF_02238	1	persistent	2	0	0
AJBGEP_02256	contig_1	2224902	2225675	-	GEGEGB_00829	1	persistent	2	0	0
AJBGEP_02257	contig_1	2225672	2226664	-	AJBGEP_02257	1	persistent	2	0	0
AJBGEP_02258	contig_1	2226670	2227218	-	GEGEGB_00827	1	persistent	2	0	0
AJBGEP_02259	contig_1	2227222	2228100	-	LNHIMF_02242	1	persistent	2	0	0
AJBGEP_02260	contig_1	2228148	2229047	-	LNHIMF_02243	1	persistent	2	0	0
AJBGEP_02261	contig_1	2229047	2230132	-	GEGEGB_00824	1	persistent	2	0	0
AJBGEP_02262	contig_1	2230509	2231402	-	GEGEGB_00823	1	persistent	2	0	1
AJBGEP_02263	contig_1	2231580	2232983	-	LNHIMF_02246	1	persistent	2	0	0
AJBGEP_02264	contig_1	2232994	2234214	-	LNHIMF_02247	1	persistent	2	0	0
AJBGEP_02265	contig_1	2234211	2235491	-	LNHIMF_02248	1	persistent	2	0	1
AJBGEP_02266	contig_1	2235513	2236991	-	LNHIMF_02249	1	persistent	2	0	1
AJBGEP_02267	contig_1	2237124	2238518	-	LNHIMF_02250	1	persistent	2	0	0
AJBGEP_02268	contig_1	2238572	2239942	-	HFCAGB_02368	1	persistent	2	0	2
AJBGEP_02269	contig_1	2240053	2241489	-	GEGEGB_00815	1	persistent	2	0	0
AJBGEP_02270	contig_1	2241492	2242715	-	GEGEGB_00814	1	persistent	2	0	0
AJBGEP_02271	contig_1	2242712	2243185	-	LNHIMF_02254	1	persistent	2	0	0
AJBGEP_02272	contig_1	2243188	2244153	-	LNHIMF_02255	1	persistent	2	0	0
AJBGEP_02273	contig_1	2244156	2245277	-	LNHIMF_02256	1	persistent	2	0	0
AJBGEP_02274	contig_1	2245301	2245855	-	GEGEGB_00810	1	persistent	2	0	0
AJBGEP_02275	contig_1	2245871	2246617	-	GEGEGB_00809	1	persistent	2	0	0
AJBGEP_02276	contig_1	2246630	2247844	-	LNHIMF_02259	1	persistent	2	0	0
AJBGEP_02277	contig_1	2247819	2249036	-	GEGEGB_00806	1	persistent	2	0	0
AJBGEP_02278	contig_1	2249033	2249521	-	GEGEGB_00805	1	persistent	2	0	0
AJBGEP_02279	contig_1	2249524	2250435	-	GEGEGB_00804	1	persistent	2	0	0
AJBGEP_02280	contig_1	2250453	2252612	-	LNHIMF_02263	1	persistent	2	0	0
AJBGEP_02281	contig_1	2252609	2253058	-	LNHIMF_02264	1	persistent	2	0	0
AJBGEP_02282	contig_1	2253064	2254203	-	LNHIMF_02265	1	persistent	2	0	0
AJBGEP_02283	contig_1	2254878	2256458	+	GEGEGB_00800	1	persistent	2	0	0
AJBGEP_02284	contig_1	2256544	2258400	-	LNHIMF_02267	1	persistent	2	0	0
AJBGEP_02285	contig_1	2258439	2259020	-	GEGEGB_00798	1	persistent	2	0	0
AJBGEP_02286	contig_1	2259111	2259752	-	GEGEGB_00797	1	persistent	2	0	0
AJBGEP_02287	contig_1	2260083	2263073	+	LNHIMF_02270	1	persistent	2	0	0
AJBGEP_02288	contig_1	2263041	2263910	-	GEGEGB_00795	1	persistent	2	0	1
AJBGEP_02289	contig_1	2264044	2265396	+	LNHIMF_02272	1	persistent	2	1	1
AJBGEP_02291	contig_1	2265535	2265732	+	LNHIMF_02274	1	persistent	2	1	0
AJBGEP_02292	contig_1	2265837	2267078	+	LNHIMF_02275	1	persistent	2	0	0
AJBGEP_02293	contig_1	2267078	2270200	+	GEGEGB_00789	1	persistent	2	0	0
AJBGEP_02294	contig_1	2270201	2273281	+	LNHIMF_02277	1	persistent	2	0	0
AJBGEP_02295	contig_1	2273278	2274690	+	GEGEGB_00787	1	persistent	2	0	0
AJBGEP_02296	contig_1	2274690	2276093	+	LNHIMF_02279	1	persistent	2	0	0
AJBGEP_02297	contig_1	2276090	2276812	+	LNHIMF_02280	1	persistent	2	0	1
AJBGEP_02298	contig_1	2277081	2278283	+	AJBGEP_02298	1	persistent	2	0	1
AJBGEP_02299	contig_1	2278283	2278999	+	BEJGEH_02156	1	persistent	2	0	0
AJBGEP_02300	contig_1	2279010	2281121	+	LNHIMF_02283	1	persistent	2	0	2
AJBGEP_02301	contig_1	2281237	2282598	+	GEGEGB_00769	1	persistent	2	1	1
AJBGEP_02303	contig_1	2283088	2284095	+	AJBGEP_02303	1	shell	2	0	0
AJBGEP_02304	contig_1	2284131	2284547	-	LNHIMF_02286	1	persistent	3	1	0
AJBGEP_02305	contig_1	2284669	2285004	-	LNHIMF_02287	1	persistent	2	0	0
AJBGEP_02306	contig_1	2285566	2286465	+	LNHIMF_02288	1	persistent	3	0	0
AJBGEP_02307	contig_1	2286518	2287570	-	GEGEGB_00764	1	persistent	2	0	0
AJBGEP_02308	contig_1	2287824	2289095	+	GEGEGB_00763	1	persistent	2	0	0
AJBGEP_02309	contig_1	2289092	2290096	+	GEGEGB_00762	1	persistent	2	0	0
AJBGEP_02310	contig_1	2290093	2291058	+	GEGEGB_00761	1	persistent	2	0	0
AJBGEP_02311	contig_1	2291032	2291778	-	GEGEGB_00760	1	persistent	2	0	0
AJBGEP_02312	contig_1	2291814	2292614	-	GEGEGB_00759	1	persistent	2	0	0
AJBGEP_02313	contig_1	2292601	2293398	-	GEGEGB_00758	1	persistent	2	0	0
AJBGEP_02314	contig_1	2293808	2294122	+	GEGEGB_00757	1	persistent	1	1	1
AJBGEP_02315	contig_1	2294385	2295392	-	GEGEGB_00756	1	shell	1	1	0
AJBGEP_02316	contig_1	2295408	2297897	-	BEJGEH_02184	1	shell	0	2	0
AJBGEP_02317	contig_1	2297911	2298594	-	GEGEGB_00753	1	shell	0	2	0
AJBGEP_02318	contig_1	2298650	2299180	-	GEGEGB_00752	1	shell	2	1	0
AJBGEP_02319	contig_1	2299459	2299740	-	GEGEGB_00751	1	persistent	1	1	1
AJBGEP_02320	contig_1	2300018	2301127	-	LNHIMF_02302	1	persistent	2	1	0
AJBGEP_02321	contig_1	2301292	2303325	+	LNHIMF_02303	1	persistent	2	0	0
AJBGEP_02322	contig_1	2303566	2304024	+	GEGEGB_00748	1	persistent	2	0	0
AJBGEP_02323	contig_1	2304196	2304726	+	GEGEGB_00747	1	persistent	2	0	0
AJBGEP_02324	contig_1	2304783	2305250	-	LNHIMF_02306	1	persistent	2	0	0
AJBGEP_02325	contig_1	2305297	2306016	-	LNHIMF_02307	1	persistent	2	0	0
AJBGEP_02326	contig_1	2306013	2307698	-	LNHIMF_02308	1	persistent	2	0	0
AJBGEP_02327	contig_1	2307921	2308652	+	LNHIMF_02309	1	persistent	2	0	0
AJBGEP_02328	contig_1	2308712	2308819	+	GEGEGB_00742	1	persistent	2	0	0
AJBGEP_02329	contig_1	2308800	2309531	-	GEGEGB_00741	1	persistent	2	0	0
AJBGEP_02330	contig_1	2309515	2310462	-	GEGEGB_00740	1	persistent	2	0	0
AJBGEP_02331	contig_1	2310455	2311624	-	LNHIMF_02313	1	persistent	2	0	0
AJBGEP_02332	contig_1	2311628	2312545	-	GEGEGB_00738	1	persistent	2	0	0
AJBGEP_02333	contig_1	2312726	2315023	-	LNHIMF_02315	1	persistent	2	0	0
AJBGEP_02334	contig_1	2315290	2317020	+	GEGEGB_00736	1	persistent	2	0	0
AJBGEP_02335	contig_1	2317078	2317986	-	GEGEGB_00735	1	persistent	2	0	0
AJBGEP_02336	contig_1	2318191	2318778	-	GEGEGB_00734	1	persistent	2	0	0
AJBGEP_02337	contig_1	2318937	2319506	+	GEGEGB_00733	1	persistent	2	0	0
AJBGEP_02338	contig_1	2319555	2320316	-	GEGEGB_00732	1	persistent	2	0	1
AJBGEP_02339	contig_1	2320382	2321818	-	GEGEGB_00731	1	persistent	2	0	2
AJBGEP_02340	contig_1	2322136	2322219	+	GEGEGB_00730	1	persistent	2	0	0
AJBGEP_02341	contig_1	2322277	2323215	-	LNHIMF_02323	1	persistent	2	0	1
AJBGEP_02342	contig_1	2323324	2324517	-	GEGEGB_00728	1	persistent	2	0	0
AJBGEP_02343	contig_1	2324532	2325176	-	GEGEGB_00727	1	persistent	2	0	0
AJBGEP_02344	contig_1	2325185	2325886	-	GEGEGB_00726	1	persistent	2	0	0
AJBGEP_02345	contig_1	2325902	2326939	-	GEGEGB_00725	1	persistent	2	0	0
AJBGEP_02346	contig_1	2326951	2328309	-	GEGEGB_00724	1	persistent	2	0	0
AJBGEP_02347	contig_1	2328435	2329343	+	GEGEGB_00723	1	persistent	2	0	0
AJBGEP_02348	contig_1	2329475	2329873	+	GEGEGB_00722	1	persistent	2	0	0
AJBGEP_02349	contig_1	2329870	2330565	+	GEGEGB_00721	1	persistent	2	0	0
AJBGEP_02350	contig_1	2330719	2331603	+	GEGEGB_00720	1	persistent	2	0	0
AJBGEP_02351	contig_1	2331780	2332499	+	LNHIMF_02333	1	persistent	2	0	0
AJBGEP_02352	contig_1	2332502	2332741	+	GEGEGB_00718	1	persistent	2	0	0
AJBGEP_02353	contig_1	2332946	2334187	+	GEGEGB_00717	1	persistent	2	0	0
AJBGEP_02354	contig_1	2334181	2335416	+	BEJGEH_02222	1	persistent	2	0	0
AJBGEP_02355	contig_1	2335491	2336501	-	LNHIMF_02337	1	persistent	2	0	0
AJBGEP_02356	contig_1	2336517	2338037	-	LNHIMF_02338	1	persistent	2	0	0
AJBGEP_02357	contig_1	2338171	2339169	-	LNHIMF_02339	1	persistent	2	0	0
AJBGEP_02358	contig_1	2339668	2340690	-	LNHIMF_02340	1	persistent	2	0	0
AJBGEP_02359	contig_1	2340840	2342000	-	LNHIMF_02341	1	persistent	2	0	0
AJBGEP_02360	contig_1	2341997	2342665	-	GEGEGB_00708	1	persistent	2	0	0
AJBGEP_02361	contig_1	2342995	2343852	+	GEGEGB_00707	1	persistent	2	0	0
AJBGEP_02362	contig_1	2343841	2344230	-	GEGEGB_00706	1	persistent	2	0	0
AJBGEP_02363	contig_1	2344235	2345602	-	LNHIMF_02345	1	persistent	2	0	0
AJBGEP_02364	contig_1	2345819	2346706	+	GEGEGB_00704	1	persistent	2	0	0
AJBGEP_02365	contig_1	2346739	2348061	+	LNHIMF_02347	1	persistent	2	0	0
AJBGEP_02366	contig_1	2348105	2350096	-	LNHIMF_02348	1	persistent	2	0	3
AJBGEP_02367	contig_1	2350215	2350304	+	LNHIMF_02349	1	cloud	2	0	1
AJBGEP_02368	contig_1	2350441	2351910	-	LNHIMF_02350	1	persistent	2	0	3
AJBGEP_02369	contig_1	2352100	2352963	-	GEGEGB_00698	1	persistent	2	0	1
AJBGEP_02370	contig_1	2353084	2354133	+	GEGEGB_00697	1	persistent	2	0	0
AJBGEP_02371	contig_1	2354212	2355069	+	GEGEGB_00696	1	persistent	2	0	0
AJBGEP_02372	contig_1	2355134	2356822	-	GEGEGB_00695	1	persistent	2	0	0
AJBGEP_02373	contig_1	2356839	2357777	-	GEGEGB_00694	1	persistent	2	0	1
AJBGEP_02374	contig_1	2357777	2358907	-	GEGEGB_00693	1	persistent	2	0	0
AJBGEP_02376	contig_1	2359276	2360457	+	GEGEGB_00692	1	persistent	2	0	0
AJBGEP_02377	contig_1	2360522	2361187	-	BEJGEH_02246	1	persistent	2	0	0
AJBGEP_02378	contig_1	2361699	2361953	-	GEGEGB_00690	1	persistent	2	0	0
AJBGEP_02379	contig_1	2362277	2362849	+	GEGEGB_00689	1	persistent	2	0	0
AJBGEP_02380	contig_1	2363062	2364048	+	GEGEGB_00688	1	persistent	2	0	0
AJBGEP_02381	contig_1	2364078	2364797	+	GEGEGB_00687	1	persistent	2	0	0
AJBGEP_02382	contig_1	2365211	2365783	+	GEGEGB_00686	1	persistent	2	0	0
AJBGEP_02383	contig_1	2366109	2367665	+	GEGEGB_00685	1	persistent	2	0	0
AJBGEP_02384	contig_1	2367772	2369577	+	GEGEGB_00684	1	persistent	2	0	0
AJBGEP_02385	contig_1	2369587	2370681	+	GEGEGB_00683	1	persistent	2	0	0
AJBGEP_02386	contig_1	2370681	2371706	+	GEGEGB_00682	1	persistent	2	0	0
AJBGEP_02387	contig_1	2371708	2373297	+	GEGEGB_00681	1	persistent	2	0	0
AJBGEP_02388	contig_1	2373301	2373645	-	GEGEGB_00680	1	persistent	2	0	0
AJBGEP_02389	contig_1	2374036	2375226	-	LNHIMF_02371	1	persistent	2	0	0
AJBGEP_02390	contig_1	2375254	2375949	-	GEGEGB_00678	1	persistent	2	0	0
AJBGEP_02391	contig_1	2376101	2377861	+	GEGEGB_00677	1	persistent	2	0	0
AJBGEP_02392	contig_1	2377986	2378270	+	GEGEGB_00676	1	persistent	3	0	0
AJBGEP_02393	contig_1	2378379	2378999	-	GEGEGB_00675	1	persistent	2	0	0
AJBGEP_02394	contig_1	2379027	2380034	-	GEGEGB_00674	1	persistent	3	0	0
AJBGEP_02395	contig_1	2380214	2380441	+	GEGEGB_00673	1	persistent	2	0	0
AJBGEP_02396	contig_1	2380473	2382233	+	GEGEGB_00672	1	persistent	2	0	4
AJBGEP_02398	contig_1	2382514	2383185	-	AJBGEP_02398	1	cloud	1	0	1
AJBGEP_02399	contig_1	2383683	2385512	+	AJBGEP_02399	1	cloud	0	1	1
AJBGEP_02400	contig_1	2385566	2386009	-	AJBGEP_02400	1	shell	0	1	1
AJBGEP_02401	contig_1	2386387	2386914	-	BEJGEH_02721	1	shell	0	1	5
AJBGEP_02402	contig_1	2386917	2388158	-	AJBGEP_02402	1	cloud	0	1	1
AJBGEP_02403	contig_1	2388219	2388737	-	AJBGEP_02403	1	cloud	0	0	2
AJBGEP_02404	contig_1	2388751	2389080	-	AJBGEP_02404	1	cloud	0	0	2
AJBGEP_02405	contig_1	2389377	2390708	+	AJBGEP_02405	1	cloud	0	0	2
AJBGEP_02406	contig_1	2390737	2391102	-	AJBGEP_02406	1	cloud	0	1	1
AJBGEP_02407	contig_1	2391120	2392109	-	AJBGEP_02407	2	shell	0	1	5
AJBGEP_02408	contig_1	2392117	2392347	-	AJBGEP_02408	1	shell	0	2	0
AJBGEP_02409	contig_1	2392337	2392438	-	AJBGEP_02409	1	shell	0	2	0
AJBGEP_02410	contig_1	2392438	2394804	-	PKJKAM_03030	1	shell	0	2	2
AJBGEP_02411	contig_1	2395473	2396264	-	GEGEGB_00668	1	shell	1	1	0
AJBGEP_02413	contig_1	2396393	2396770	+	IKCLMC_01756	1	persistent	3	1	0
AJBGEP_02414	contig_1	2396962	2397519	-	LNHIMF_02380	1	persistent	2	0	2
AJBGEP_02415	contig_1	2398255	2398902	+	GEGEGB_00665	1	persistent	3	0	1
AJBGEP_02416	contig_1	2398946	2399989	-	GEGEGB_00664	2	persistent	3	0	0
AJBGEP_02417	contig_1	2399986	2400543	-	GEGEGB_00663	2	persistent	2	0	1
AJBGEP_02418	contig_1	2400540	2402471	-	GEGEGB_00662	2	persistent	2	0	0
AJBGEP_02419	contig_1	2402468	2402947	-	HFCAGB_02510	2	persistent	2	0	0
AJBGEP_02420	contig_1	2402944	2403156	-	AJBGEP_02420	2	persistent	2	0	0
AJBGEP_02421	contig_1	2403153	2403899	-	GEGEGB_00659	2	persistent	2	0	0
AJBGEP_02422	contig_1	2403942	2404598	-	GEGEGB_00658	2	persistent	2	0	0
AJBGEP_02423	contig_1	2404598	2405215	-	GEGEGB_03907	2	persistent	3	0	0
AJBGEP_02424	contig_1	2405236	2405838	-	LNHIMF_02390	1	persistent	2	0	0
AJBGEP_02425	contig_1	2405848	2406297	-	GEGEGB_00655	1	persistent	2	0	0
AJBGEP_02426	contig_1	2406413	2407282	-	GEGEGB_00654	1	persistent	2	0	0
AJBGEP_02427	contig_1	2407269	2407964	-	GEGEGB_00653	1	persistent	2	0	0
AJBGEP_02428	contig_1	2407971	2410457	-	GEGEGB_00652	1	persistent	2	0	0
AJBGEP_02429	contig_1	2410454	2410717	-	GEGEGB_00651	1	persistent	2	0	0
AJBGEP_02430	contig_1	2410707	2411198	-	LNHIMF_02396	1	persistent	3	0	0
AJBGEP_02431	contig_1	2411310	2411441	+	GEGEGB_00649	1	persistent	2	0	0
AJBGEP_02432	contig_1	2411600	2412106	+	GEGEGB_00648	1	persistent	3	0	0
AJBGEP_02433	contig_1	2412315	2413958	-	LNHIMF_02399	1	persistent	2	0	0
AJBGEP_02434	contig_1	2414034	2414684	-	LNHIMF_02400	1	persistent	2	0	0
AJBGEP_02435	contig_1	2414687	2415745	-	LNHIMF_02401	1	persistent	2	0	0
AJBGEP_02436	contig_1	2415829	2416881	-	GEGEGB_00644	1	persistent	2	0	0
AJBGEP_02437	contig_1	2416996	2418132	-	GEGEGB_00643	1	persistent	2	0	0
AJBGEP_02439	contig_1	2418861	2421530	+	LNHIMF_02405	1	persistent	2	0	0
AJBGEP_02440	contig_1	2421547	2422197	+	GEGEGB_00640	1	persistent	2	0	0
AJBGEP_02441	contig_1	2422300	2425146	-	LNHIMF_02407	1	persistent	2	1	0
AJBGEP_02442	contig_1	2425264	2427900	-	LNHIMF_02408	1	persistent	2	0	1
AJBGEP_02443	contig_1	2428310	2429512	-	LNHIMF_02409	1	persistent	2	0	0
AJBGEP_02444	contig_1	2429527	2430852	-	LNHIMF_02410	1	persistent	2	0	0
AJBGEP_02445	contig_1	2430902	2431786	+	GEGEGB_00631	1	persistent	2	0	0
AJBGEP_02446	contig_1	2431869	2432597	+	LNHIMF_02413	1	persistent	2	0	0
AJBGEP_02447	contig_1	2432953	2435238	+	LNHIMF_02414	1	persistent	2	0	0
AJBGEP_02448	contig_1	2435351	2436481	+	GEGEGB_00628	1	persistent	2	0	0
AJBGEP_02449	contig_1	2436481	2436735	+	GEGEGB_00627	1	persistent	2	0	0
AJBGEP_02450	contig_1	2436737	2437954	-	BEJGEH_02304	1	persistent	2	0	0
AJBGEP_02451	contig_1	2438089	2438967	+	LNHIMF_02419	1	persistent	2	0	0
AJBGEP_02452	contig_1	2439083	2440153	-	LNHIMF_02420	1	persistent	2	0	0
AJBGEP_02453	contig_1	2440158	2441516	-	LNHIMF_02421	1	persistent	2	0	0
AJBGEP_02454	contig_1	2441789	2443417	+	LNHIMF_02422	1	persistent	2	0	0
AJBGEP_02455	contig_1	2443407	2444666	+	LNHIMF_02423	1	persistent	2	0	0
AJBGEP_02456	contig_1	2444663	2445853	+	LNHIMF_02424	1	persistent	2	0	0
AJBGEP_02458	contig_1	2446279	2447301	+	BEJGEH_02312	1	persistent	2	0	0
AJBGEP_02459	contig_1	2447411	2447587	-	GEGEGB_00612	2	persistent	4	0	0
AJBGEP_02460	contig_1	2447593	2448396	-	LNHIMF_02428	1	persistent	2	0	0
AJBGEP_02461	contig_1	2448422	2449711	-	GEGEGB_00615	1	persistent	2	0	0
AJBGEP_02462	contig_1	2449767	2450972	-	GEGEGB_00614	1	persistent	2	0	0
AJBGEP_02463	contig_1	2450986	2451768	-	LNHIMF_02431	1	persistent	2	0	0
AJBGEP_02464	contig_1	2452018	2453214	-	GEGEGB_00612	2	persistent	4	0	0
AJBGEP_02465	contig_1	2453329	2453895	-	GEGEGB_00611	1	persistent	2	0	0
AJBGEP_02466	contig_1	2454150	2454575	+	GEGEGB_00610	1	persistent	3	0	0
AJBGEP_02467	contig_1	2454620	2455225	-	LNHIMF_02435	1	persistent	2	0	0
AJBGEP_02468	contig_1	2455524	2456663	+	LNHIMF_02436	1	persistent	2	0	0
AJBGEP_02469	contig_1	2456666	2457649	+	GEGEGB_00607	1	persistent	2	0	0
AJBGEP_02470	contig_1	2457646	2459628	+	LNHIMF_02438	1	persistent	2	0	0
AJBGEP_02471	contig_1	2459625	2460524	+	LNHIMF_02439	1	persistent	2	0	0
AJBGEP_02472	contig_1	2460521	2462167	+	LNHIMF_02440	1	persistent	2	0	0
AJBGEP_02473	contig_1	2462164	2462499	+	ALJMDI_02045	1	persistent	2	0	0
AJBGEP_02474	contig_1	2462499	2462876	+	LNHIMF_02442	1	persistent	2	0	0
AJBGEP_02475	contig_1	2462871	2463128	-	LNHIMF_02443	1	persistent	2	0	0
AJBGEP_02476	contig_1	2463226	2464593	-	LNHIMF_02444	1	persistent	2	0	0
AJBGEP_02477	contig_1	2464590	2465552	-	LNHIMF_02445	1	persistent	2	0	0
AJBGEP_02478	contig_1	2465552	2466409	-	GEGEGB_00598	1	persistent	2	0	0
AJBGEP_02479	contig_1	2466424	2467182	-	LNHIMF_02447	1	persistent	2	0	0
AJBGEP_02480	contig_1	2467179	2468849	-	LNHIMF_02448	1	persistent	2	0	0
AJBGEP_02481	contig_1	2468935	2470230	-	LNHIMF_02449	1	persistent	2	0	0
AJBGEP_02482	contig_1	2470331	2470636	-	GEGEGB_00594	1	persistent	2	0	0
AJBGEP_02483	contig_1	2470691	2471152	-	GEGEGB_00593	1	persistent	2	0	0
AJBGEP_02484	contig_1	2471350	2472129	+	GEGEGB_00592	1	persistent	2	0	0
AJBGEP_02485	contig_1	2472195	2473196	+	LNHIMF_02453	1	persistent	2	1	0
AJBGEP_02486	contig_1	2473237	2475018	-	BEJGEH_02340	1	shell	2	0	2
AJBGEP_02487	contig_1	2475906	2477363	-	GEGEGB_00590	1	persistent	2	1	2
AJBGEP_02488	contig_1	2477370	2478899	-	LNHIMF_02455	1	persistent	2	0	0
AJBGEP_02490	contig_1	2479213	2481054	-	LNHIMF_02456	1	persistent	2	0	0
AJBGEP_02491	contig_1	2481051	2481353	-	GEGEGB_00586	1	persistent	2	0	0
AJBGEP_02492	contig_1	2481350	2481904	-	GEGEGB_00585	1	persistent	2	0	0
AJBGEP_02493	contig_1	2481915	2482457	-	GEGEGB_00584	1	persistent	2	0	0
AJBGEP_02494	contig_1	2482472	2483449	-	LNHIMF_02460	1	persistent	2	0	0
AJBGEP_02495	contig_1	2483446	2486172	-	LNHIMF_02461	1	persistent	2	0	0
AJBGEP_02496	contig_1	2486203	2487540	-	LNHIMF_02462	1	persistent	2	0	0
AJBGEP_02497	contig_1	2487537	2488037	-	GEGEGB_00580	1	persistent	2	0	0
AJBGEP_02498	contig_1	2488040	2489842	-	GEGEGB_00579	1	persistent	2	0	0
AJBGEP_02499	contig_1	2489929	2490591	-	GEGEGB_00578	1	persistent	2	0	0
AJBGEP_02500	contig_1	2490607	2491050	-	GEGEGB_00577	1	persistent	2	0	0
AJBGEP_02501	contig_1	2491677	2492615	-	LNHIMF_02467	1	persistent	2	0	0
AJBGEP_02502	contig_1	2493547	2494761	+	GEGEGB_00575	1	persistent	2	0	0
AJBGEP_02503	contig_1	2494855	2495454	+	LNHIMF_02469	1	persistent	2	0	0
AJBGEP_02504	contig_1	2495546	2497372	-	LNHIMF_02470	1	persistent	2	0	0
AJBGEP_02505	contig_1	2497449	2498108	-	GEGEGB_00572	1	persistent	2	0	0
AJBGEP_02506	contig_1	2498119	2498613	-	GEGEGB_00571	1	persistent	2	0	0
AJBGEP_02507	contig_1	2498696	2499151	-	LNHIMF_02473	1	persistent	2	0	0
AJBGEP_02508	contig_1	2499491	2500693	+	GEGEGB_00569	1	persistent	2	0	0
AJBGEP_02509	contig_1	2500770	2502914	+	LNHIMF_02475	1	persistent	2	0	0
AJBGEP_02510	contig_1	2503132	2504652	+	GEGEGB_00567	1	persistent	2	0	0
AJBGEP_02511	contig_1	2504701	2505654	-	GEGEGB_00566	1	persistent	2	0	0
AJBGEP_02512	contig_1	2505647	2506477	-	LNHIMF_02478	1	persistent	2	0	0
AJBGEP_02513	contig_1	2506474	2507865	-	LNHIMF_02479	1	persistent	2	0	0
AJBGEP_02514	contig_1	2507886	2508158	-	GEGEGB_00563	1	persistent	2	0	0
AJBGEP_02515	contig_1	2508239	2508682	-	GEGEGB_00562	1	persistent	2	0	0
AJBGEP_02516	contig_1	2508935	2509954	+	GEGEGB_00561	1	persistent	2	0	0
AJBGEP_02517	contig_1	2509960	2510514	-	GEGEGB_00560	1	persistent	2	0	0
AJBGEP_02518	contig_1	2510571	2511122	-	GEGEGB_00559	1	persistent	2	0	0
AJBGEP_02519	contig_1	2511178	2511822	-	LNHIMF_02485	1	persistent	2	0	0
AJBGEP_02520	contig_1	2511965	2512612	+	LNHIMF_02486	1	persistent	2	0	0
AJBGEP_02521	contig_1	2512738	2513631	+	LNHIMF_02487	1	persistent	2	0	0
AJBGEP_02522	contig_1	2513683	2514456	-	LNHIMF_02488	1	persistent	2	0	0
AJBGEP_02523	contig_1	2514470	2515177	-	GEGEGB_00554	1	persistent	2	0	0
AJBGEP_02524	contig_1	2515174	2515860	-	GEGEGB_00553	1	persistent	2	0	0
AJBGEP_02525	contig_1	2516043	2516825	-	LNHIMF_02491	1	persistent	2	0	0
AJBGEP_02526	contig_1	2517063	2517845	-	GEGEGB_00551	1	persistent	2	0	0
AJBGEP_02527	contig_1	2518134	2518703	-	GEGEGB_00550	1	persistent	2	0	0
AJBGEP_02528	contig_1	2518730	2520136	-	LNHIMF_02494	1	persistent	2	0	0
AJBGEP_02529	contig_1	2520200	2521303	-	LNHIMF_02495	1	persistent	2	0	0
AJBGEP_02530	contig_1	2521305	2522726	-	GEGEGB_00547	1	persistent	2	0	0
AJBGEP_02531	contig_1	2522817	2524214	-	GEGEGB_00546	1	persistent	2	0	0
AJBGEP_02532	contig_1	2524425	2525852	+	LNHIMF_02498	1	persistent	2	0	0
AJBGEP_02533	contig_1	2525888	2527405	-	LNHIMF_02499	1	persistent	2	0	0
AJBGEP_02534	contig_1	2527443	2527931	-	GEGEGB_00543	1	persistent	2	0	0
AJBGEP_02535	contig_1	2528242	2528916	-	BEJGEH_02389	1	persistent	2	0	0
AJBGEP_02536	contig_1	2528906	2530174	-	GEGEGB_00541	1	persistent	2	0	0
AJBGEP_02537	contig_1	2530242	2531156	-	GEGEGB_00540	1	persistent	2	0	0
AJBGEP_02538	contig_1	2531306	2531965	-	GEGEGB_00539	1	persistent	2	0	0
AJBGEP_02539	contig_1	2532014	2532826	-	GEGEGB_00538	1	persistent	2	0	0
AJBGEP_02540	contig_1	2532826	2533839	-	GEGEGB_00537	1	persistent	2	0	0
AJBGEP_02541	contig_1	2533907	2535043	-	GEGEGB_00536	1	persistent	2	0	0
AJBGEP_02542	contig_1	2535147	2536148	+	GEGEGB_00535	1	persistent	2	0	0
AJBGEP_02543	contig_1	2536145	2537323	-	LNHIMF_02509	1	persistent	3	0	0
AJBGEP_02544	contig_1	2537503	2537877	-	LNHIMF_02510	1	persistent	1	1	1
AJBGEP_02545	contig_1	2538050	2538298	+	GEGEGB_00532	1	shell	1	1	0
AJBGEP_02546	contig_1	2538467	2538835	+	GEGEGB_00531	1	shell	1	1	0
AJBGEP_02547	contig_1	2538835	2539353	+	LNHIMF_02512	1	persistent	2	1	1
AJBGEP_02548	contig_1	2539420	2540076	-	LNHIMF_02513	1	persistent	2	0	0
AJBGEP_02549	contig_1	2540174	2541388	-	GEGEGB_00528	1	persistent	2	0	0
AJBGEP_02550	contig_1	2541548	2543548	+	LNHIMF_02515	1	persistent	2	0	0
AJBGEP_02551	contig_1	2543600	2543875	-	GEGEGB_00526	1	persistent	2	0	0
AJBGEP_02552	contig_1	2543908	2544456	-	LNHIMF_02517	1	persistent	2	0	0
AJBGEP_02553	contig_1	2544456	2545265	-	GEGEGB_00523	1	persistent	2	0	0
AJBGEP_02554	contig_1	2545265	2546089	-	GEGEGB_00522	1	persistent	2	0	0
AJBGEP_02555	contig_1	2546093	2547178	-	LNHIMF_02520	1	persistent	2	0	0
AJBGEP_02556	contig_1	2547214	2548146	-	GEGEGB_00520	1	persistent	2	0	0
AJBGEP_02557	contig_1	2548312	2548863	+	GEGEGB_00519	1	persistent	2	0	0
AJBGEP_02558	contig_1	2548963	2549448	-	GEGEGB_00518	1	persistent	2	0	0
AJBGEP_02559	contig_1	2549657	2551804	-	GEGEGB_00517	1	persistent	2	0	0
AJBGEP_02560	contig_1	2551804	2553114	-	GEGEGB_00516	1	persistent	2	0	0
AJBGEP_02561	contig_1	2553292	2553576	-	GEGEGB_00515	1	persistent	2	0	0
AJBGEP_02562	contig_1	2553947	2555254	+	LNHIMF_02527	1	persistent	2	0	0
AJBGEP_02563	contig_1	2555315	2556070	-	GEGEGB_00513	1	persistent	2	0	0
AJBGEP_02564	contig_1	2556359	2557300	+	GEGEGB_00512	1	persistent	3	0	1
AJBGEP_02566	contig_1	2557607	2558545	-	GEGEGB_00505	1	persistent	2	0	2
AJBGEP_02567	contig_1	2558585	2558680	+	GEGEGB_00504	1	persistent	2	0	0
AJBGEP_02568	contig_1	2558813	2560063	-	LNHIMF_02533	1	persistent	2	0	0
AJBGEP_02569	contig_1	2560050	2562056	-	GEGEGB_00502	1	persistent	2	0	0
AJBGEP_02570	contig_1	2562053	2563327	-	GEGEGB_00501	1	persistent	2	0	0
AJBGEP_02571	contig_1	2563682	2565073	+	LNHIMF_02536	1	persistent	2	0	0
AJBGEP_02572	contig_1	2565349	2565591	-	GEGEGB_00499	1	persistent	2	0	0
AJBGEP_02573	contig_1	2565752	2565865	-	GEGEGB_00498	1	persistent	2	0	0
AJBGEP_02574	contig_1	2566113	2567033	+	GEGEGB_00497	1	persistent	2	0	0
AJBGEP_02575	contig_1	2567451	2567507	+	GEGEGB_00496	1	persistent	2	1	0
AJBGEP_02576	contig_1	2567557	2568795	-	GEGEGB_00493	1	persistent	2	1	1
AJBGEP_02577	contig_1	2569516	2570481	-	LNHIMF_02542	1	persistent	2	0	1
AJBGEP_02578	contig_1	2570685	2571920	+	GEGEGB_00491	1	persistent	2	0	0
AJBGEP_02579	contig_1	2571940	2573592	-	LNHIMF_02544	1	persistent	2	0	0
AJBGEP_02580	contig_1	2573772	2574770	+	GEGEGB_00489	1	persistent	2	0	0
AJBGEP_02581	contig_1	2574884	2575210	+	GEGEGB_00488	1	persistent	2	0	0
AJBGEP_02582	contig_1	2575271	2576512	-	GEGEGB_00487	1	persistent	2	0	0
AJBGEP_02583	contig_1	2576855	2578057	+	GEGEGB_00486	1	persistent	2	0	0
AJBGEP_02584	contig_1	2578110	2580299	-	LNHIMF_02549	1	persistent	2	0	0
AJBGEP_02587	contig_1	2580905	2581267	+	GEGEGB_00482	1	persistent	2	0	0
AJBGEP_02588	contig_1	2581290	2581661	+	GEGEGB_00481	1	persistent	2	0	0
AJBGEP_02589	contig_1	2581715	2583130	-	GEGEGB_00480	1	persistent	2	0	0
AJBGEP_02594	contig_1	2583946	2584830	-	GEGEGB_00475	1	persistent	2	0	0
AJBGEP_02595	contig_1	2584882	2585040	-	GEGEGB_00474	1	persistent	2	0	0
AJBGEP_02596	contig_1	2585099	2586355	-	GEGEGB_00473	1	persistent	2	0	0
AJBGEP_02597	contig_1	2586410	2587243	-	GEGEGB_00472	1	persistent	2	0	0
AJBGEP_02598	contig_1	2587499	2588260	+	LNHIMF_02563	1	persistent	2	0	0
AJBGEP_02599	contig_1	2588322	2589248	-	GEGEGB_00470	1	persistent	2	0	0
AJBGEP_02600	contig_1	2589338	2590336	+	GEGEGB_00469	1	persistent	2	0	0
AJBGEP_02601	contig_1	2590333	2590551	-	LNHIMF_02566	1	persistent	2	0	0
AJBGEP_02602	contig_1	2590553	2592568	-	LNHIMF_02567	1	persistent	2	0	0
AJBGEP_02603	contig_1	2592640	2593626	-	GEGEGB_00466	1	persistent	2	0	0
AJBGEP_02604	contig_1	2593858	2594619	+	GEGEGB_00465	1	persistent	2	0	0
AJBGEP_02605	contig_1	2594783	2595754	+	GEGEGB_00464	1	persistent	2	0	0
AJBGEP_02606	contig_1	2596138	2596395	+	GEGEGB_00463	1	persistent	2	0	0
AJBGEP_02607	contig_1	2596444	2598171	+	GEGEGB_00462	1	persistent	2	0	0
AJBGEP_02608	contig_1	2598212	2598721	+	GEGEGB_00461	1	persistent	2	0	0
AJBGEP_02609	contig_1	2598870	2599109	-	LNHIMF_02574	1	persistent	2	0	0
AJBGEP_02610	contig_1	2599106	2599972	-	GEGEGB_00459	1	persistent	2	0	0
AJBGEP_02611	contig_1	2600055	2601347	+	BEJGEH_02464	1	persistent	2	0	0
AJBGEP_02612	contig_1	2601362	2602081	+	LNHIMF_02577	1	persistent	2	0	0
AJBGEP_02613	contig_1	2602158	2602520	+	BEJGEH_02466	1	persistent	2	1	1
AJBGEP_02614	contig_1	2602533	2603072	+	HFCAGB_02713	1	shell	2	0	0
AJBGEP_02615	contig_1	2603203	2604114	-	LNHIMF_02579	1	persistent	2	1	1
AJBGEP_02616	contig_1	2604182	2605279	-	BEJGEH_02469	1	persistent	2	0	0
AJBGEP_02617	contig_1	2605269	2606144	-	LNHIMF_02581	1	persistent	2	0	0
AJBGEP_02618	contig_1	2606144	2606977	-	GEGEGB_00452	1	persistent	2	0	0
AJBGEP_02619	contig_1	2606977	2607993	-	GEGEGB_00451	1	persistent	2	0	0
AJBGEP_02620	contig_1	2608151	2608942	-	GEGEGB_00450	1	persistent	2	0	1
AJBGEP_02621	contig_1	2609180	2610079	-	GEGEGB_00449	1	persistent	2	0	1
AJBGEP_02622	contig_1	2610174	2610749	-	GEGEGB_00448	1	persistent	2	0	0
AJBGEP_02623	contig_1	2610811	2611260	-	LNHIMF_02587	1	persistent	2	0	0
AJBGEP_02624	contig_1	2611247	2611672	-	GEGEGB_00446	1	persistent	2	0	0
AJBGEP_02625	contig_1	2611885	2612754	+	GEGEGB_00445	1	persistent	2	0	0
AJBGEP_02626	contig_1	2612757	2613656	+	GEGEGB_00444	1	persistent	2	1	2
AJBGEP_02627	contig_1	2613677	2614006	+	GEGEGB_00443	1	shell	2	1	1
AJBGEP_02628	contig_1	2614135	2615412	+	GEGEGB_00442	1	shell	1	1	0
AJBGEP_02629	contig_1	2615612	2616580	-	LNHIMF_02591	1	persistent	2	2	3
AJBGEP_02630	contig_1	2616712	2617206	-	LNHIMF_02592	1	persistent	2	0	0
AJBGEP_02631	contig_1	2617219	2617878	-	GEGEGB_00439	1	persistent	2	0	0
AJBGEP_02632	contig_1	2617888	2618784	-	LNHIMF_02594	1	persistent	2	0	0
AJBGEP_02633	contig_1	2618803	2620164	-	LNHIMF_02595	1	persistent	2	0	0
AJBGEP_02634	contig_1	2620176	2621579	-	GEGEGB_00436	1	persistent	2	0	0
AJBGEP_02635	contig_1	2621576	2622802	-	LNHIMF_02597	1	persistent	2	0	0
AJBGEP_02636	contig_1	2622922	2624109	-	ALJMDI_01699	1	persistent	2	0	0
AJBGEP_02637	contig_1	2624099	2624938	-	GEGEGB_00433	1	persistent	2	0	0
AJBGEP_02638	contig_1	2624949	2626352	-	LNHIMF_02600	1	persistent	2	0	1
AJBGEP_02639	contig_1	2626364	2626651	-	LNHIMF_02601	1	persistent	2	0	0
AJBGEP_02640	contig_1	2626764	2627054	-	LNHIMF_02602	1	persistent	2	0	0
AJBGEP_02641	contig_1	2627095	2628111	-	GEGEGB_00430	1	persistent	2	0	1
AJBGEP_02642	contig_1	2628108	2628911	-	GEGEGB_00429	1	persistent	2	0	0
AJBGEP_02643	contig_1	2628908	2629597	-	LNHIMF_02605	1	persistent	2	0	0
AJBGEP_02644	contig_1	2629575	2630054	-	GEGEGB_00427	1	persistent	2	0	0
AJBGEP_02645	contig_1	2630067	2630402	-	GEGEGB_00426	1	persistent	2	1	1
AJBGEP_02646	contig_1	2630883	2631341	-	GEGEGB_00250	10	shell	58	4	2
AJBGEP_02648	contig_1	2631531	2633810	-	GEGEGB_00423	1	persistent	2	1	1
AJBGEP_02649	contig_1	2634082	2635032	+	LNHIMF_02609	1	persistent	2	0	0
AJBGEP_02650	contig_1	2635052	2637052	+	LNHIMF_02610	1	persistent	2	0	0
AJBGEP_02651	contig_1	2637115	2637345	-	GEGEGB_00420	1	persistent	2	0	0
AJBGEP_02652	contig_1	2637473	2638516	-	LNHIMF_02612	1	persistent	2	0	0
AJBGEP_02653	contig_1	2638641	2639216	-	GEGEGB_00418	1	persistent	2	0	0
AJBGEP_02654	contig_1	2639420	2640718	+	GEGEGB_00417	1	persistent	2	0	0
AJBGEP_02655	contig_1	2641167	2643128	-	GEGEGB_00416	1	persistent	2	0	0
AJBGEP_02656	contig_1	2643314	2645014	+	BEJGEH_02507	1	persistent	2	0	0
AJBGEP_02657	contig_1	2645199	2648312	+	GEGEGB_00414	1	persistent	2	0	1
AJBGEP_02659	contig_1	2648414	2648473	-	LNHIMF_02619	1	persistent	2	0	0
AJBGEP_02660	contig_1	2648886	2649242	+	GEGEGB_00411	1	persistent	2	0	1
AJBGEP_02661	contig_1	2649246	2650373	+	LNHIMF_02621	1	persistent	2	0	0
AJBGEP_02662	contig_1	2650401	2650601	+	GEGEGB_00409	1	persistent	2	0	0
AJBGEP_02663	contig_1	2650628	2652646	-	LNHIMF_02623	1	persistent	2	0	0
AJBGEP_02664	contig_1	2652662	2653525	-	LNHIMF_02624	1	persistent	2	0	0
AJBGEP_02665	contig_1	2653656	2654369	-	GEGEGB_00406	1	persistent	2	0	0
AJBGEP_02666	contig_1	2654544	2655578	-	GEGEGB_00405	1	persistent	2	0	0
AJBGEP_02667	contig_1	2655595	2656473	-	GEGEGB_00404	1	persistent	2	0	0
AJBGEP_02668	contig_1	2656619	2657191	+	LNHIMF_02628	1	persistent	2	0	0
AJBGEP_02669	contig_1	2657191	2657661	+	GEGEGB_00402	1	persistent	2	0	0
AJBGEP_02670	contig_1	2657708	2657950	-	LNHIMF_02630	1	persistent	2	1	0
AJBGEP_02671	contig_1	2658248	2659315	-	GEGEGB_00397	1	persistent	2	1	0
AJBGEP_02672	contig_1	2659523	2660986	+	GEGEGB_00396	1	persistent	2	0	0
AJBGEP_02673	contig_1	2661026	2661385	+	GEGEGB_00395	1	persistent	2	0	0
AJBGEP_02674	contig_1	2661412	2662137	-	GEGEGB_00394	1	persistent	2	0	0
AJBGEP_02675	contig_1	2662208	2663497	-	GEGEGB_00393	1	persistent	2	0	0
AJBGEP_02676	contig_1	2663585	2664211	-	GEGEGB_00392	1	persistent	2	0	0
AJBGEP_02677	contig_1	2664625	2665662	+	LNHIMF_02639	1	persistent	2	0	0
AJBGEP_02678	contig_1	2665662	2666300	+	GEGEGB_00390	1	persistent	2	0	0
AJBGEP_02679	contig_1	2666489	2668555	+	LNHIMF_02641	1	persistent	2	0	0
AJBGEP_02680	contig_1	2668560	2670101	+	GEGEGB_00388	1	persistent	2	0	0
AJBGEP_02681	contig_1	2670137	2672350	-	LNHIMF_02643	1	persistent	2	0	0
AJBGEP_02682	contig_1	2672763	2672954	+	BEJGEH_02536	1	persistent	2	0	4
AJBGEP_02683	contig_1	2673510	2673824	+	BEJGEH_02537	1	persistent	2	0	3
AJBGEP_02684	contig_1	2673844	2674134	-	HFCAGB_02785	1	persistent	2	0	2
AJBGEP_02685	contig_1	2674357	2675934	-	GEGEGB_00382	1	persistent	2	0	4
AJBGEP_02686	contig_1	2676004	2677470	-	GEGEGB_00381	1	persistent	2	0	0
AJBGEP_02687	contig_1	2677631	2678980	+	LNHIMF_02649	1	persistent	2	0	0
AJBGEP_02688	contig_1	2679142	2685075	-	PKJKAM_02753	1	persistent	2	0	2
AJBGEP_02689	contig_1	2685955	2687421	-	ALJMDI_01641	2	persistent	2	0	4
AJBGEP_02690	contig_1	2687418	2693261	-	ALJMDI_01641	2	persistent	2	0	4
AJBGEP_02691	contig_1	2693427	2699006	-	AJBGEP_02691	1	persistent	2	0	0
AJBGEP_02692	contig_1	2699144	2700103	-	BEJGEH_02547	1	persistent	2	0	2
AJBGEP_02693	contig_1	2700161	2702353	-	LNHIMF_02655	1	persistent	2	0	0
AJBGEP_02694	contig_1	2702699	2702920	-	LNHIMF_02656	1	persistent	2	0	0
AJBGEP_02695	contig_1	2703009	2704481	-	GEGEGB_00368	1	persistent	2	0	0
AJBGEP_02696	contig_1	2704600	2705778	-	GEGEGB_00367	1	persistent	2	0	0
AJBGEP_02697	contig_1	2705789	2706409	-	GEGEGB_00366	1	persistent	2	0	0
AJBGEP_02698	contig_1	2706423	2707697	-	GEGEGB_00365	1	persistent	2	0	0
AJBGEP_02700	contig_1	2707808	2708926	-	LNHIMF_02662	1	persistent	2	0	0
AJBGEP_02701	contig_1	2708953	2709957	-	BEJGEH_02556	1	persistent	2	0	0
AJBGEP_02702	contig_1	2710249	2711415	-	GEGEGB_00361	1	persistent	2	0	0
AJBGEP_02703	contig_1	2711622	2712053	-	GEGEGB_00360	1	persistent	2	0	0
AJBGEP_02704	contig_1	2712174	2713037	-	LNHIMF_02666	1	persistent	2	0	0
AJBGEP_02705	contig_1	2713037	2713846	-	GEGEGB_00358	1	persistent	2	0	0
AJBGEP_02706	contig_1	2713839	2714468	-	LNHIMF_02668	1	persistent	2	0	0
AJBGEP_02707	contig_1	2714465	2716843	-	OEKLIE_03175	1	persistent	2	0	0
AJBGEP_02708	contig_1	2716999	2719314	-	LNHIMF_02670	1	persistent	2	0	0
AJBGEP_02709	contig_1	2719315	2724249	-	GEGEGB_00353	1	persistent	2	0	0
AJBGEP_02710	contig_1	2724458	2725300	+	GEGEGB_00352	1	persistent	3	0	1
AJBGEP_02711	contig_1	2725280	2725504	-	BEJGEH_02566	1	persistent	2	0	0
AJBGEP_02712	contig_1	2725547	2726215	+	BEJGEH_02567	1	persistent	2	0	0
AJBGEP_02714	contig_1	2726784	2727560	-	GEGEGB_00348	1	persistent	3	0	0
AJBGEP_02715	contig_1	2727575	2727754	+	PKJKAM_02726	1	persistent	2	0	0
AJBGEP_02716	contig_1	2727670	2728953	-	GEGEGB_00346	1	persistent	2	0	0
AJBGEP_02717	contig_1	2729200	2729400	-	GEGEGB_00345	1	persistent	2	0	0
AJBGEP_02718	contig_1	2729412	2729747	-	GEGEGB_00344	1	persistent	2	0	0
AJBGEP_02719	contig_1	2729749	2731599	-	LNHIMF_02679	1	persistent	2	0	0
AJBGEP_02720	contig_1	2731612	2732127	-	LNHIMF_02680	1	persistent	2	0	0
AJBGEP_02721	contig_1	2732323	2732646	-	GEGEGB_00341	1	persistent	2	0	0
AJBGEP_02722	contig_1	2732675	2733061	-	GEGEGB_00340	1	persistent	2	0	0
AJBGEP_02723	contig_1	2733089	2734303	-	GEGEGB_00339	1	persistent	2	0	0
AJBGEP_02724	contig_1	2734484	2734978	-	GEGEGB_00338	1	persistent	2	0	0
AJBGEP_02725	contig_1	2735138	2735869	-	GEGEGB_00337	1	persistent	2	0	0
AJBGEP_02726	contig_1	2735988	2736791	+	LNHIMF_02686	1	persistent	2	0	0
AJBGEP_02727	contig_1	2736936	2737814	+	HFCAGB_02830	1	persistent	2	0	0
AJBGEP_02728	contig_1	2737996	2739039	+	GEGEGB_00334	1	persistent	2	0	0
AJBGEP_02729	contig_1	2739043	2739861	+	LNHIMF_02689	1	persistent	2	0	0
AJBGEP_02730	contig_1	2739872	2740885	+	GEGEGB_00332	1	persistent	2	0	0
AJBGEP_02731	contig_1	2740886	2741872	-	BEJGEH_02586	1	persistent	2	0	0
AJBGEP_02732	contig_1	2741863	2742501	-	LNHIMF_02692	1	persistent	2	0	0
AJBGEP_02733	contig_1	2742627	2743904	+	LNHIMF_02693	1	persistent	2	0	0
AJBGEP_02734	contig_1	2743899	2745038	-	GEGEGB_00327	1	persistent	2	0	0
AJBGEP_02735	contig_1	2745234	2746487	-	GEGEGB_00326	1	persistent	2	0	0
AJBGEP_02736	contig_1	2746812	2748002	+	LNHIMF_02696	1	persistent	2	0	0
AJBGEP_02737	contig_1	2748184	2749728	+	ODDLKH_03069	1	persistent	2	0	1
AJBGEP_02738	contig_1	2750089	2751420	+	ALJMDI_01593	1	persistent	2	0	0
AJBGEP_02739	contig_1	2751503	2753647	+	GEGEGB_00322	1	persistent	2	0	0
AJBGEP_02740	contig_1	2753703	2755163	+	LNHIMF_02700	1	persistent	2	0	0
AJBGEP_02741	contig_1	2755212	2755550	-	GEGEGB_00320	1	persistent	2	0	0
AJBGEP_02742	contig_1	2755627	2756964	-	GEGEGB_00319	1	persistent	2	0	0
AJBGEP_02743	contig_1	2756961	2757725	-	GEGEGB_00318	1	persistent	2	0	0
AJBGEP_02744	contig_1	2757727	2759112	-	GEGEGB_00317	1	persistent	2	1	0
AJBGEP_02747	contig_1	2759807	2763694	-	LNHIMF_02707	1	persistent	2	1	0
AJBGEP_02748	contig_1	2763950	2765494	+	BEJGEH_02606	1	persistent	2	0	0
AJBGEP_02749	contig_1	2765545	2766063	-	GEGEGB_00312	1	persistent	2	0	0
AJBGEP_02750	contig_1	2766121	2766756	-	LNHIMF_02710	1	persistent	2	0	0
AJBGEP_02751	contig_1	2766760	2768121	-	LNHIMF_02711	1	persistent	2	0	0
AJBGEP_02752	contig_1	2768132	2769025	-	GEGEGB_00309	1	persistent	2	0	0
AJBGEP_02753	contig_1	2769141	2769989	+	GEGEGB_00308	1	persistent	2	0	0
AJBGEP_02754	contig_1	2770028	2770945	-	GEGEGB_00307	1	persistent	2	0	0
AJBGEP_02755	contig_1	2770967	2772163	-	LNHIMF_02715	1	persistent	2	0	0
AJBGEP_02756	contig_1	2772279	2773205	+	BEJGEH_02614	1	persistent	2	0	0
AJBGEP_02757	contig_1	2773243	2773503	+	GEGEGB_00304	1	persistent	2	0	0
AJBGEP_02758	contig_1	2773615	2773995	-	GEGEGB_00303	1	persistent	2	0	0
AJBGEP_02759	contig_1	2773995	2774726	-	GEGEGB_00302	1	persistent	2	0	0
AJBGEP_02760	contig_1	2774738	2775466	-	GEGEGB_00301	1	persistent	2	0	0
AJBGEP_02761	contig_1	2775478	2776383	-	LNHIMF_02721	1	persistent	2	0	0
AJBGEP_02762	contig_1	2776380	2777117	-	GEGEGB_00299	1	persistent	2	0	0
AJBGEP_02763	contig_1	2777334	2778308	-	GEGEGB_00298	1	persistent	2	0	0
AJBGEP_02764	contig_1	2778325	2780124	-	GEGEGB_00297	1	persistent	2	0	2
AJBGEP_02765	contig_1	2780553	2782022	+	AJBGEP_02765	1	cloud	1	0	1
AJBGEP_02766	contig_1	2782957	2783430	+	AJBGEP_02766	1	cloud	0	0	2
AJBGEP_02767	contig_1	2783545	2783730	+	AJBGEP_02767	1	cloud	0	0	2
AJBGEP_02768	contig_1	2784095	2784160	-	AJBGEP_02768	1	cloud	0	1	1
AJBGEP_02769	contig_1	2784689	2784769	+	AJBGEP_01961	2	shell	0	4	1
AJBGEP_02770	contig_1	2784866	2785444	-	AJBGEP_02770	3	shell	0	9	5
AJBGEP_02771	contig_1	2785434	2786258	-	AJBGEP_02771	1	shell	0	2	0
AJBGEP_02772	contig_1	2786255	2788627	-	AJBGEP_02772	3	shell	0	8	0
AJBGEP_02774	contig_1	2788681	2788923	-	LNHIMF_00690	3	shell	0	3	1
AJBGEP_02775	contig_1	2788962	2792324	-	LNHIMF_00689	2	shell	0	2	0
AJBGEP_02776	contig_1	2792386	2793033	-	AJBGEP_01301	2	shell	0	2	2
AJBGEP_02777	contig_1	2793078	2793683	+	LNHIMF_00687	2	cloud	0	2	0
AJBGEP_02778	contig_1	2793675	2794373	-	AJBGEP_01299	2	shell	0	2	1
AJBGEP_02779	contig_1	2794383	2794712	-	LNHIMF_00685	2	shell	0	2	0
AJBGEP_02780	contig_1	2794715	2797810	-	LNHIMF_00684	3	shell	0	4	0
AJBGEP_02781	contig_1	2797782	2798096	-	LNHIMF_00683	2	shell	0	2	0
AJBGEP_02782	contig_1	2798117	2798512	-	LNHIMF_00682	2	shell	0	2	0
AJBGEP_02783	contig_1	2798563	2799306	-	LNHIMF_00681	2	shell	0	2	0
AJBGEP_02784	contig_1	2799317	2799718	-	LNHIMF_00680	2	shell	0	3	2
AJBGEP_02785	contig_1	2799827	2800957	+	AJBGEP_01292	2	shell	0	2	0
AJBGEP_02786	contig_1	2801006	2801584	-	AJBGEP_01291	2	shell	0	3	1
AJBGEP_02787	contig_1	2801612	2801995	-	AJBGEP_01290	2	shell	0	2	0
AJBGEP_02788	contig_1	2802006	2802227	-	ODDLKH_01689	2	shell	0	2	1
AJBGEP_02789	contig_1	2802191	2802370	-	AJBGEP_02789	2	cloud	0	2	0
AJBGEP_02790	contig_1	2802428	2803456	-	AJBGEP_01287	2	shell	0	2	1
AJBGEP_02791	contig_1	2803511	2803858	-	AJBGEP_01286	2	shell	0	2	0
AJBGEP_02792	contig_1	2803871	2805367	-	AJBGEP_01285	2	shell	0	2	0
AJBGEP_02793	contig_1	2805357	2806976	-	AJBGEP_01284	2	shell	0	2	0
AJBGEP_02794	contig_1	2806934	2807137	-	AJBGEP_01283	2	shell	0	2	0
AJBGEP_02795	contig_1	2807121	2809052	-	AJBGEP_01282	2	shell	0	2	0
AJBGEP_02796	contig_1	2809024	2809569	-	AJBGEP_01281	2	shell	0	2	0
AJBGEP_02797	contig_1	2809856	2810257	+	AJBGEP_01280	2	shell	0	2	2
AJBGEP_02798	contig_1	2810493	2810966	-	ODDLKH_01680	1	shell	0	2	2
AJBGEP_02799	contig_1	2810963	2811415	-	HFCAGB_01373	2	shell	0	2	1
AJBGEP_02800	contig_1	2811399	2811734	-	HFCAGB_01372	2	shell	0	2	0
AJBGEP_02801	contig_1	2812217	2812690	+	AJBGEP_01023	2	shell	0	3	4
AJBGEP_02803	contig_1	2812905	2813093	-	AJBGEP_02803	1	cloud	0	1	1
AJBGEP_02806	contig_1	2813600	2814163	-	AJBGEP_02806	1	cloud	0	1	1
AJBGEP_02810	contig_1	2814436	2815113	-	AJBGEP_02810	1	shell	0	2	3
AJBGEP_02811	contig_1	2815110	2815250	-	LNHIMF_02186	1	shell	0	2	2
AJBGEP_02812	contig_1	2815247	2815858	-	GEGEGB_02013	2	shell	0	3	0
AJBGEP_02813	contig_1	2815861	2816067	-	GEGEGB_02014	2	shell	0	2	1
AJBGEP_02814	contig_1	2816067	2816669	-	GEGEGB_02015	2	shell	0	2	2
AJBGEP_02815	contig_1	2817069	2817302	-	GEGEGB_02016	3	shell	0	2	9
AJBGEP_02816	contig_1	2817545	2818177	-	IKCLMC_00271	1	cloud	0	1	2
AJBGEP_02817	contig_1	2818285	2818983	-	IKCLMC_00270	1	cloud	0	0	2
AJBGEP_02818	contig_1	2818997	2819692	-	AJBGEP_02818	1	cloud	0	0	4
AJBGEP_02819	contig_1	2819689	2820573	-	IKCLMC_00268	1	cloud	0	1	1
AJBGEP_02820	contig_1	2820665	2820985	-	GEGEGB_02026	3	shell	0	1	10
AJBGEP_02821	contig_1	2820999	2821241	-	IKCLMC_00266	1	cloud	0	1	1
AJBGEP_02822	contig_1	2821341	2821736	+	IKCLMC_00265	1	cloud	0	0	2
AJBGEP_02823	contig_1	2821795	2822634	+	IKCLMC_00264	1	cloud	0	0	2
AJBGEP_02824	contig_1	2822627	2823013	+	IKCLMC_00263	1	cloud	0	0	2
AJBGEP_02825	contig_1	2823013	2823675	+	IKCLMC_00262	1	cloud	0	0	2
AJBGEP_02826	contig_1	2824132	2824290	+	LNHIMF_02199	2	cloud	0	0	4
AJBGEP_02827	contig_1	2824375	2824662	+	LNHIMF_02200	1	cloud	0	0	7
AJBGEP_02829	contig_1	2824789	2827716	+	OEKLIE_01718	2	cloud	0	1	3
AJBGEP_02830	contig_1	2827727	2828836	+	LNHIMF_02203	2	shell	0	1	3
AJBGEP_02831	contig_1	2828879	2829118	+	GEGEGB_02035	2	shell	0	2	3
AJBGEP_02832	contig_1	2829159	2829443	+	AJBGEP_02832	1	cloud	0	1	1
AJBGEP_02833	contig_1	2829421	2830650	-	AJBGEP_02833	1	cloud	0	0	2
AJBGEP_02835	contig_1	2830849	2830896	-	AJBGEP_02835	1	cloud	1	0	1
AJBGEP_02836	contig_1	2831148	2831627	-	GEGEGB_00296	1	persistent	2	0	1
AJBGEP_02837	contig_1	2831624	2832580	-	LNHIMF_02727	1	persistent	2	0	0
AJBGEP_02838	contig_1	2832580	2833230	-	LNHIMF_02728	1	persistent	2	0	0
AJBGEP_02839	contig_1	2833262	2833837	-	GEGEGB_00292	1	persistent	2	0	0
AJBGEP_02840	contig_1	2834262	2835884	+	LNHIMF_02730	1	persistent	2	0	0
AJBGEP_02841	contig_1	2835869	2836606	-	LNHIMF_02731	1	persistent	2	0	0
AJBGEP_02842	contig_1	2836737	2838071	+	LNHIMF_02732	1	persistent	2	0	1
AJBGEP_02843	contig_1	2838089	2838988	-	LNHIMF_02733	1	persistent	2	0	0
AJBGEP_02844	contig_1	2839091	2839678	+	GEGEGB_00287	1	persistent	2	0	1
AJBGEP_02845	contig_1	2839740	2840123	-	GEGEGB_00286	1	persistent	2	0	0
AJBGEP_02846	contig_1	2840442	2841131	+	GEGEGB_00285	1	persistent	2	0	0
AJBGEP_02847	contig_1	2841247	2842284	-	GEGEGB_00284	1	persistent	2	0	0
AJBGEP_02848	contig_1	2842488	2842907	+	LNHIMF_02738	1	persistent	2	0	0
AJBGEP_02849	contig_1	2842980	2843660	+	LNHIMF_02739	1	persistent	2	0	0
AJBGEP_02850	contig_1	2843714	2846374	+	LNHIMF_02740	1	persistent	2	0	1
AJBGEP_02851	contig_1	2846464	2846505	+	GEGEGB_00280	1	persistent	2	0	0
AJBGEP_02852	contig_1	2846489	2847844	+	GEGEGB_00279	1	persistent	2	0	1
AJBGEP_02853	contig_1	2847889	2848212	+	GEGEGB_00278	1	persistent	2	0	0
AJBGEP_02854	contig_1	2848209	2849510	-	LNHIMF_02744	1	persistent	2	0	0
AJBGEP_02855	contig_1	2849614	2850069	-	LNHIMF_02745	1	persistent	3	0	1
AJBGEP_02861	contig_1	2856033	2858606	-	GEGEGB_02756	1	persistent	3	0	1
AJBGEP_02863	contig_1	2858736	2859467	-	LNHIMF_02753	1	persistent	2	0	0
AJBGEP_02864	contig_1	2859464	2860444	-	GEGEGB_02759	1	persistent	2	0	0
AJBGEP_02865	contig_1	2860576	2861313	+	BEJGEH_02653	1	persistent	2	0	0
AJBGEP_02866	contig_1	2861585	2861923	+	GEGEGB_02761	1	persistent	2	0	1
AJBGEP_02867	contig_1	2862174	2863334	+	LNHIMF_02757	1	persistent	2	0	1
AJBGEP_02868	contig_1	2863295	2864203	-	LNHIMF_02758	1	persistent	2	0	0
AJBGEP_02869	contig_1	2864261	2865382	-	GEGEGB_02764	1	persistent	2	0	0
AJBGEP_02870	contig_1	2865392	2866462	-	GEGEGB_02765	1	persistent	2	0	0
AJBGEP_02871	contig_1	2866902	2867420	+	GEGEGB_02766	1	persistent	2	0	0
AJBGEP_02872	contig_1	2867413	2868633	+	LNHIMF_02762	1	persistent	2	0	0
AJBGEP_02873	contig_1	2868790	2869137	-	GEGEGB_02768	1	persistent	2	0	0
AJBGEP_02874	contig_1	2869178	2869945	-	GEGEGB_02769	1	persistent	2	0	0
AJBGEP_02875	contig_1	2869990	2870538	-	GEGEGB_02770	1	persistent	2	0	0
AJBGEP_02876	contig_1	2870557	2870805	-	GEGEGB_02771	1	persistent	2	0	1
AJBGEP_02877	contig_1	2871119	2872480	-	GEGEGB_02772	1	persistent	2	0	1
AJBGEP_02878	contig_1	2872646	2873437	+	GEGEGB_02773	1	persistent	2	0	0
AJBGEP_02879	contig_1	2873502	2874743	+	GEGEGB_02774	1	persistent	2	0	1
AJBGEP_02880	contig_1	2874864	2875469	+	BEJGEH_02701	1	persistent	2	0	1
AJBGEP_02881	contig_1	2875504	2876094	-	LNHIMF_02771	1	persistent	2	0	1
AJBGEP_02882	contig_1	2876217	2877095	+	AJBGEP_02882	1	persistent	2	0	1
AJBGEP_02883	contig_1	2877181	2878842	+	LNHIMF_02773	1	persistent	2	0	0
AJBGEP_02884	contig_1	2878991	2879329	+	GEGEGB_02779	1	persistent	2	0	0
AJBGEP_02885	contig_1	2879495	2879785	-	LNHIMF_02775	1	persistent	2	0	0
AJBGEP_02886	contig_1	2879775	2880212	-	GEGEGB_02781	1	persistent	2	0	0
AJBGEP_02887	contig_1	2880356	2880883	+	GEGEGB_02782	1	persistent	2	0	0
AJBGEP_02888	contig_1	2881497	2892971	+	GEGEGB_02783	1	persistent	2	0	0
AJBGEP_02890	contig_1	2893036	2894445	+	LNHIMF_02780	1	persistent	2	0	0
AJBGEP_02891	contig_1	2894442	2896622	+	LNHIMF_02781	1	persistent	2	0	0
AJBGEP_02892	contig_1	2896603	2897793	+	LNHIMF_02782	1	persistent	1	2	6
AJBGEP_02894	contig_1	2898394	2899458	+	AJBGEP_02894	1	cloud	1	0	3
AJBGEP_02895	contig_1	2899550	2899639	+	AJBGEP_02895	1	cloud	0	0	2
AJBGEP_02896	contig_1	2899641	2900279	+	AJBGEP_02896	1	cloud	0	0	2
AJBGEP_02897	contig_1	2900723	2901862	+	AJBGEP_02897	1	cloud	0	0	2
AJBGEP_02898	contig_1	2902197	2903009	-	AJBGEP_02898	1	cloud	0	0	2
AJBGEP_02899	contig_1	2903475	2903690	+	AJBGEP_02899	1	cloud	0	0	2
AJBGEP_02900	contig_1	2903726	2905795	+	AJBGEP_02900	1	cloud	0	0	2
AJBGEP_02901	contig_1	2906298	2907581	+	AJBGEP_02901	1	cloud	0	0	2
AJBGEP_02902	contig_1	2907578	2908444	+	AJBGEP_02902	1	cloud	0	0	2
AJBGEP_02903	contig_1	2908598	2908888	-	AJBGEP_02903	1	cloud	0	0	2
AJBGEP_02904	contig_1	2909049	2909333	+	AJBGEP_02904	1	cloud	0	0	4
AJBGEP_02905	contig_1	2909446	2909967	+	AJBGEP_02905	1	cloud	0	0	2
AJBGEP_02906	contig_1	2909964	2910338	+	AJBGEP_02906	1	cloud	0	0	2
AJBGEP_02907	contig_1	2910335	2911315	+	AJBGEP_02907	1	cloud	0	0	2
AJBGEP_02908	contig_1	2911326	2912339	+	AJBGEP_02908	1	cloud	0	0	2
AJBGEP_02909	contig_1	2912685	2913836	+	BENMGJ_00147	1	cloud	0	0	2
AJBGEP_02910	contig_1	2913910	2914545	-	AJBGEP_02910	1	cloud	0	0	2
AJBGEP_02911	contig_1	2914569	2915135	-	AJBGEP_02911	1	cloud	0	0	2
AJBGEP_02912	contig_1	2915132	2915974	-	AJBGEP_02912	1	cloud	0	0	2
AJBGEP_02913	contig_1	2916104	2917135	-	BENMGJ_00151	2	cloud	0	0	2
AJBGEP_02914	contig_1	2917175	2917645	-	BENMGJ_00151	2	cloud	0	0	2
AJBGEP_02915	contig_1	2917868	2919547	+	AJBGEP_02915	1	cloud	0	0	2
AJBGEP_02916	contig_1	2919547	2919729	+	AJBGEP_02916	1	cloud	0	0	2
AJBGEP_02918	contig_1	2920664	2921539	+	AJBGEP_02918	1	cloud	0	0	2
AJBGEP_02919	contig_1	2921738	2923579	+	AJBGEP_02919	1	cloud	0	0	4
AJBGEP_02920	contig_1	2923839	2925161	-	AJBGEP_02920	1	cloud	0	0	2
AJBGEP_02922	contig_1	2925700	2926296	+	BENMGJ_00159	1	cloud	0	0	2
AJBGEP_02923	contig_1	2926750	2927079	-	HFCAGB_04726	1	cloud	0	2	3
AJBGEP_02925	contig_1	2927301	2927567	-	HFCAGB_04723	1	shell	1	1	8
AJBGEP_02926	contig_1	2928020	2928658	-	AJBGEP_02926	1	cloud	0	1	1
AJBGEP_02927	contig_1	2928655	2930637	-	AJBGEP_02927	1	cloud	0	1	1
AJBGEP_02928	contig_1	2930916	2931215	+	HFCAGB_00344	1	shell	0	3	2
AJBGEP_02929	contig_1	2931212	2932078	+	AJBGEP_02929	1	shell	2	6	2
AJBGEP_02930	contig_1	2932858	2933328	-	AJBGEP_02930	1	shell	1	2	5
AJBGEP_02931	contig_1	2933465	2934985	-	AJBGEP_02931	1	shell	2	2	0
AJBGEP_02932	contig_1	2935077	2935649	+	LNHIMF_02806	1	shell	1	1	1
AJBGEP_02933	contig_1	2936612	2937727	+	GEGEGB_02814	1	persistent	1	2	2
AJBGEP_02934	contig_1	2937808	2941461	+	HFCAGB_02977	1	persistent	2	0	0
AJBGEP_02935	contig_1	2941571	2942815	+	LNHIMF_02809	1	persistent	2	0	0
AJBGEP_02936	contig_1	2942847	2943782	+	HFCAGB_02979	1	persistent	2	0	0
AJBGEP_02937	contig_1	2943824	2945998	-	LNHIMF_02811	1	persistent	2	1	1
AJBGEP_02938	contig_1	2946530	2946841	-	BEJGEH_02765	1	shell	2	0	0
AJBGEP_02939	contig_1	2947037	2948089	-	LNHIMF_02813	1	persistent	2	1	1
AJBGEP_02940	contig_1	2948608	2949537	+	GEGEGB_02820	1	persistent	2	0	0
AJBGEP_02941	contig_1	2949830	2950726	+	GEGEGB_02821	1	persistent	2	0	0
AJBGEP_02942	contig_1	2951242	2951355	+	GEGEGB_02822	1	persistent	2	0	0
AJBGEP_02943	contig_1	2951448	2952461	-	LNHIMF_02817	1	persistent	2	0	0
AJBGEP_02944	contig_1	2952594	2954009	-	GEGEGB_02824	1	persistent	2	0	0
AJBGEP_02945	contig_1	2953996	2954670	-	LNHIMF_02819	1	persistent	2	0	0
AJBGEP_02946	contig_1	2954825	2955802	+	LNHIMF_02820	1	persistent	2	0	0
AJBGEP_02947	contig_1	2955817	2956248	+	GEGEGB_02827	1	persistent	2	0	0
AJBGEP_02948	contig_1	2956259	2957773	+	LNHIMF_02822	1	persistent	2	0	1
AJBGEP_02950	contig_1	2958076	2959053	+	GEGEGB_02829	1	persistent	2	0	1
AJBGEP_02951	contig_1	2959079	2960347	+	LNHIMF_02824	1	persistent	2	0	0
AJBGEP_02952	contig_1	2960369	2961817	+	BEJGEH_02778	1	persistent	2	0	0
AJBGEP_02953	contig_1	2961832	2963115	+	LNHIMF_02827	1	persistent	2	0	0
AJBGEP_02954	contig_1	2963245	2964645	+	BEJGEH_02780	1	persistent	2	0	0
AJBGEP_02955	contig_1	2964687	2965364	+	GEGEGB_02835	1	persistent	2	0	1
AJBGEP_02956	contig_1	2965386	2965835	-	LNHIMF_02830	1	persistent	2	0	0
AJBGEP_02957	contig_1	2965935	2966093	-	GEGEGB_02838	1	persistent	2	0	1
AJBGEP_02958	contig_1	2966276	2966575	+	LNHIMF_02832	1	persistent	2	0	0
AJBGEP_02959	contig_1	2966585	2967112	+	GEGEGB_02840	1	persistent	3	0	0
AJBGEP_02960	contig_1	2967191	2967370	+	LNHIMF_02834	1	persistent	2	0	0
AJBGEP_02961	contig_1	2967460	2967861	-	GEGEGB_02842	1	persistent	3	0	0
AJBGEP_02962	contig_1	2968560	2969009	+	LNHIMF_02836	1	persistent	2	0	0
AJBGEP_02963	contig_1	2969044	2969394	-	GEGEGB_02844	1	persistent	2	0	0
AJBGEP_02964	contig_1	2969556	2969882	+	GEGEGB_02845	1	persistent	2	0	0
AJBGEP_02965	contig_1	2969966	2971300	-	LNHIMF_02839	1	persistent	2	0	0
AJBGEP_02966	contig_1	2971389	2971820	+	LNHIMF_02840	1	persistent	2	0	0
AJBGEP_02967	contig_1	2972092	2972337	+	LNHIMF_02841	1	persistent	2	0	0
AJBGEP_02968	contig_1	2972334	2972744	+	LNHIMF_02842	1	persistent	2	0	0
AJBGEP_02969	contig_1	2972744	2974861	+	LNHIMF_02843	1	persistent	2	0	0
AJBGEP_02970	contig_1	2974872	2975831	+	LNHIMF_02844	1	persistent	2	0	1
AJBGEP_02971	contig_1	2976186	2977388	+	LNHIMF_02845	1	persistent	2	0	1
AJBGEP_02972	contig_1	2977381	2978445	+	GEGEGB_02855	1	persistent	2	0	0
AJBGEP_02973	contig_1	2978515	2979510	+	GEGEGB_02856	1	persistent	2	0	0
AJBGEP_02974	contig_1	2979675	2980859	+	LNHIMF_02848	1	persistent	2	0	0
AJBGEP_02975	contig_1	2981356	2981886	+	GEGEGB_02858	1	persistent	2	0	0
AJBGEP_02976	contig_1	2982013	2983185	+	LNHIMF_02850	1	persistent	2	0	0
AJBGEP_02977	contig_1	2983202	2984740	+	LNHIMF_02851	1	persistent	2	0	0
AJBGEP_02978	contig_1	2984789	2986159	-	GEGEGB_02861	1	persistent	2	0	0
AJBGEP_02980	contig_1	2986505	2987020	-	GEGEGB_02863	1	persistent	2	0	0
AJBGEP_02982	contig_1	2987170	2988726	-	LNHIMF_02856	1	persistent	2	0	0
AJBGEP_02983	contig_1	2988803	2989228	-	GEGEGB_02866	1	persistent	2	0	0
AJBGEP_02984	contig_1	2989225	2989791	-	GEGEGB_02867	1	persistent	2	0	0
AJBGEP_02990	contig_1	2991186	2991371	-	GEGEGB_02873	1	persistent	2	0	0
AJBGEP_02991	contig_1	2991606	2994236	-	GEGEGB_02874	1	persistent	2	0	0
AJBGEP_02992	contig_1	2994472	2995011	-	LNHIMF_02866	1	persistent	2	0	1
AJBGEP_02993	contig_1	2995089	2996150	-	GEGEGB_02876	1	persistent	2	0	0
AJBGEP_02994	contig_1	2996235	2996732	-	LNHIMF_02868	1	persistent	2	0	0
AJBGEP_02995	contig_1	2996927	2997172	+	LNHIMF_02869	1	persistent	2	0	0
AJBGEP_02996	contig_1	2997210	2998289	-	GEGEGB_02879	1	persistent	2	0	0
AJBGEP_02997	contig_1	2998543	2999106	+	GEGEGB_02880	1	persistent	2	0	0
AJBGEP_02998	contig_1	2999103	3000074	+	LNHIMF_02872	1	persistent	2	0	0
AJBGEP_02999	contig_1	3000086	3000448	+	LNHIMF_02873	1	persistent	2	0	0
AJBGEP_03000	contig_1	3000460	3001239	+	LNHIMF_02874	1	persistent	2	0	0
AJBGEP_03001	contig_1	3001315	3001674	+	GEGEGB_02884	1	persistent	2	0	0
AJBGEP_03002	contig_1	3001872	3002645	+	GEGEGB_02885	1	persistent	2	0	0
AJBGEP_03003	contig_1	3002638	3003603	+	GEGEGB_02886	1	persistent	2	0	0
AJBGEP_03004	contig_1	3003600	3005120	-	GEGEGB_02887	1	persistent	2	0	0
AJBGEP_03005	contig_1	3005306	3006745	+	LNHIMF_02879	1	persistent	2	0	0
AJBGEP_03006	contig_1	3006742	3007875	+	LNHIMF_02880	1	persistent	2	0	0
AJBGEP_03007	contig_1	3007972	3010212	-	LNHIMF_02881	1	persistent	2	0	0
AJBGEP_03008	contig_1	3010358	3010903	-	GEGEGB_02891	1	persistent	2	0	0
AJBGEP_03009	contig_1	3011104	3011913	-	LNHIMF_02883	1	persistent	2	0	0
AJBGEP_03010	contig_1	3011940	3012410	-	HFCAGB_03054	1	persistent	2	0	0
AJBGEP_03011	contig_1	3012403	3012813	-	GEGEGB_02894	1	persistent	2	0	0
AJBGEP_03012	contig_1	3012810	3013577	-	LNHIMF_02886	1	persistent	2	0	0
AJBGEP_03013	contig_1	3013577	3014119	-	GEGEGB_02896	1	persistent	2	0	0
AJBGEP_03014	contig_1	3014129	3015838	-	GEGEGB_02897	1	persistent	2	0	0
AJBGEP_03015	contig_1	3015856	3016779	-	GEGEGB_02898	1	persistent	2	0	0
AJBGEP_03016	contig_1	3016782	3018608	-	LNHIMF_02890	1	persistent	2	0	0
AJBGEP_03017	contig_1	3018608	3019216	-	GEGEGB_02900	1	persistent	2	0	0
AJBGEP_03018	contig_1	3019362	3019823	-	GEGEGB_02901	1	persistent	2	0	0
AJBGEP_03019	contig_1	3020033	3020389	+	GEGEGB_02902	1	persistent	2	0	0
AJBGEP_03020	contig_1	3020458	3021330	+	GEGEGB_02903	1	persistent	2	0	0
AJBGEP_03021	contig_1	3021321	3021593	+	GEGEGB_02904	1	persistent	2	0	0
AJBGEP_03022	contig_1	3021593	3022714	+	GEGEGB_02905	1	persistent	2	0	0
AJBGEP_03023	contig_1	3022711	3023721	+	GEGEGB_02906	1	persistent	2	0	0
AJBGEP_03024	contig_1	3023940	3026018	+	LNHIMF_02898	1	persistent	2	0	0
AJBGEP_03025	contig_1	3026080	3026424	-	GEGEGB_02908	1	persistent	2	0	0
AJBGEP_03026	contig_1	3026606	3027523	+	GEGEGB_02909	1	persistent	2	0	0
AJBGEP_03027	contig_1	3027520	3028341	+	LNHIMF_02901	1	persistent	2	0	0
AJBGEP_03028	contig_1	3028338	3029198	+	GEGEGB_02911	1	persistent	2	0	0
AJBGEP_03029	contig_1	3029189	3030037	+	GEGEGB_02912	1	persistent	3	0	0
AJBGEP_03030	contig_1	3030207	3031001	-	BEJGEH_02856	1	persistent	2	0	0
AJBGEP_03032	contig_1	3031204	3031959	-	BEJGEH_02858	1	persistent	3	0	0
AJBGEP_03033	contig_1	3032344	3033231	-	LNHIMF_02907	1	persistent	2	0	0
AJBGEP_03034	contig_1	3033576	3034028	-	LNHIMF_02908	1	persistent	2	0	0
AJBGEP_03035	contig_1	3034025	3034705	-	HFCAGB_03079	1	persistent	2	0	0
AJBGEP_03036	contig_1	3034662	3035240	-	GEGEGB_02917	1	persistent	2	0	0
AJBGEP_03037	contig_1	3035233	3035991	-	LNHIMF_02911	1	persistent	2	0	0
AJBGEP_03038	contig_1	3035988	3036293	-	LNHIMF_02912	1	persistent	2	0	0
AJBGEP_03039	contig_1	3036312	3036554	-	GEGEGB_02920	1	persistent	2	0	0
AJBGEP_03040	contig_1	3036579	3037814	-	LNHIMF_02914	1	persistent	2	0	0
AJBGEP_03041	contig_1	3038073	3039002	+	LNHIMF_02915	1	persistent	2	0	0
AJBGEP_03042	contig_1	3040093	3041754	+	HFCAGB_03086	1	persistent	2	0	0
AJBGEP_03043	contig_1	3041772	3042254	+	LNHIMF_02917	1	persistent	2	0	0
AJBGEP_03044	contig_1	3042308	3043915	-	LNHIMF_02918	1	persistent	2	0	0
AJBGEP_03045	contig_1	3043926	3044318	-	LNHIMF_02919	1	persistent	2	0	0
AJBGEP_03046	contig_1	3044345	3044605	-	GEGEGB_02927	1	persistent	2	0	0
AJBGEP_03047	contig_1	3044649	3044897	-	GEGEGB_02928	1	persistent	2	0	0
AJBGEP_03048	contig_1	3044916	3046973	-	BEJGEH_02874	1	persistent	2	0	0
AJBGEP_03049	contig_1	3046992	3048023	-	ALJMDI_02659	1	persistent	2	0	0
AJBGEP_03050	contig_1	3048094	3049323	-	LNHIMF_02924	1	persistent	2	0	0
AJBGEP_03051	contig_1	3049351	3051132	-	GEGEGB_02932	1	persistent	2	0	0
AJBGEP_03052	contig_1	3051135	3051632	-	GEGEGB_02933	1	persistent	2	0	0
AJBGEP_03053	contig_1	3051770	3052840	-	GEGEGB_02934	1	persistent	2	0	0
AJBGEP_03054	contig_1	3052827	3053618	-	LNHIMF_02928	1	persistent	2	0	0
AJBGEP_03055	contig_1	3053622	3053882	-	GEGEGB_02936	1	persistent	2	0	0
AJBGEP_03056	contig_1	3053908	3054582	-	LNHIMF_02930	1	persistent	2	0	0
AJBGEP_03057	contig_1	3054572	3055483	-	LNHIMF_02931	1	persistent	2	0	0
AJBGEP_03058	contig_1	3055483	3056493	-	LNHIMF_02932	1	persistent	2	0	0
AJBGEP_03059	contig_1	3056493	3056936	-	GEGEGB_02940	1	persistent	2	0	0
AJBGEP_03060	contig_1	3056914	3058209	-	GEGEGB_02941	1	persistent	2	0	0
AJBGEP_03061	contig_1	3058206	3058613	-	GEGEGB_02942	1	persistent	2	0	0
AJBGEP_03062	contig_1	3058637	3060694	-	GEGEGB_02943	1	persistent	2	0	0
AJBGEP_03063	contig_1	3060719	3061837	-	GEGEGB_02944	1	persistent	2	0	0
AJBGEP_03064	contig_1	3061834	3063522	-	LNHIMF_02938	1	persistent	2	0	0
AJBGEP_03065	contig_1	3063519	3064268	-	GEGEGB_02946	1	persistent	2	0	0
AJBGEP_03066	contig_1	3064626	3065069	+	GEGEGB_02947	1	persistent	2	1	0
AJBGEP_03068	contig_1	3065500	3065949	+	LNHIMF_02942	1	persistent	2	0	0
AJBGEP_03069	contig_1	3065949	3066281	+	LNHIMF_02943	1	persistent	2	1	0
AJBGEP_03070	contig_1	3066554	3066880	-	BEJGEH_02896	1	shell	1	1	1
AJBGEP_03071	contig_1	3067578	3067859	+	GEGEGB_02949	1	shell	1	2	0
AJBGEP_03072	contig_1	3067856	3068383	+	GEGEGB_02950	1	shell	1	1	0
AJBGEP_03073	contig_1	3068456	3068632	-	AJBGEP_03073	1	persistent	2	1	0
AJBGEP_03074	contig_1	3069008	3069664	+	LNHIMF_02945	1	persistent	2	0	1
AJBGEP_03075	contig_1	3070516	3073083	+	GEGEGB_02953	1	persistent	3	0	3
AJBGEP_03076	contig_1	3073139	3073519	-	LNHIMF_02947	1	persistent	2	0	0
AJBGEP_03077	contig_1	3073516	3074724	-	GEGEGB_02955	1	persistent	3	0	0
AJBGEP_03078	contig_1	3074833	3075744	+	GEGEGB_02956	1	persistent	2	0	0
AJBGEP_03079	contig_1	3075786	3077282	-	GEGEGB_02957	1	persistent	2	0	0
AJBGEP_03080	contig_1	3077279	3078229	-	LNHIMF_02951	1	persistent	2	0	0
AJBGEP_03081	contig_1	3078269	3079045	-	LNHIMF_02952	1	persistent	2	0	0
AJBGEP_03082	contig_1	3079050	3079688	-	GEGEGB_02960	1	persistent	2	0	0
AJBGEP_03083	contig_1	3079685	3080947	-	LNHIMF_02954	1	persistent	2	0	0
AJBGEP_03084	contig_1	3080941	3081864	-	BEJGEH_02913	1	persistent	2	0	0
AJBGEP_03085	contig_1	3082061	3082825	+	LNHIMF_02956	1	persistent	2	0	0
AJBGEP_03086	contig_1	3082844	3083248	-	GEGEGB_02964	1	persistent	2	0	0
AJBGEP_03087	contig_1	3083419	3084012	+	LNHIMF_02958	1	persistent	2	0	0
AJBGEP_03088	contig_1	3084012	3085439	+	LNHIMF_02959	1	persistent	2	0	0
AJBGEP_03089	contig_1	3085450	3085686	+	GEGEGB_02967	1	persistent	2	0	0
AJBGEP_03090	contig_1	3085731	3086723	-	LNHIMF_02961	1	persistent	2	0	1
AJBGEP_03091	contig_1	3086786	3087919	-	BEJGEH_02923	1	persistent	2	0	0
AJBGEP_03092	contig_1	3088095	3088721	-	GEGEGB_02970	1	persistent	2	0	0
AJBGEP_03093	contig_1	3088715	3089476	-	GEGEGB_02971	1	persistent	2	0	0
AJBGEP_03094	contig_1	3089457	3090506	-	LNHIMF_02965	1	persistent	2	0	0
AJBGEP_03095	contig_1	3090503	3090982	-	GEGEGB_02973	1	persistent	2	0	0
AJBGEP_03096	contig_1	3090982	3091692	-	GEGEGB_02974	1	persistent	2	0	0
AJBGEP_03097	contig_1	3091711	3092022	-	GEGEGB_02975	1	persistent	2	0	0
AJBGEP_03098	contig_1	3092213	3092536	-	GEGEGB_02976	1	persistent	2	0	0
AJBGEP_03099	contig_1	3092587	3093192	-	GEGEGB_02977	1	persistent	2	0	0
AJBGEP_03100	contig_1	3093179	3094618	-	LNHIMF_02971	1	persistent	2	0	0
AJBGEP_03101	contig_1	3094628	3095536	-	GEGEGB_02979	1	persistent	2	0	0
AJBGEP_03102	contig_1	3095787	3096833	+	GEGEGB_02980	1	persistent	3	0	0
AJBGEP_03103	contig_1	3098420	3098713	-	GEGEGB_02981	1	persistent	2	0	0
AJBGEP_03104	contig_1	3098713	3099633	-	BEJGEH_02936	1	persistent	1	1	1
AJBGEP_03105	contig_1	3099630	3100280	-	BEJGEH_02937	1	shell	1	1	0
AJBGEP_03106	contig_1	3100262	3101008	-	BEJGEH_02938	1	shell	0	2	0
AJBGEP_03107	contig_1	3101019	3102077	-	AJBGEP_03107	1	shell	0	2	0
AJBGEP_03108	contig_1	3102091	3102651	-	AJBGEP_03108	1	shell	0	2	0
AJBGEP_03109	contig_1	3102648	3104204	-	AJBGEP_03109	1	shell	0	2	0
AJBGEP_03110	contig_1	3104216	3106879	-	AJBGEP_03110	1	shell	1	1	0
AJBGEP_03111	contig_1	3107324	3108277	+	GEGEGB_02990	1	persistent	2	1	1
AJBGEP_03112	contig_1	3108365	3109099	-	LNHIMF_02983	1	persistent	2	0	0
AJBGEP_03113	contig_1	3109175	3110887	-	BEJGEH_02945	1	persistent	2	0	0
AJBGEP_03114	contig_1	3110887	3112686	-	LNHIMF_02985	1	persistent	2	0	0
AJBGEP_03115	contig_1	3113110	3113472	+	GEGEGB_02994	1	persistent	2	0	0
AJBGEP_03116	contig_1	3113560	3114357	-	BEJGEH_02948	1	persistent	2	0	1
AJBGEP_03117	contig_1	3116367	3117038	-	GEGEGB_02996	1	persistent	2	0	1
AJBGEP_03118	contig_1	3117174	3118472	-	GEGEGB_02997	1	persistent	2	0	0
AJBGEP_03119	contig_1	3118555	3120192	-	GEGEGB_02998	1	persistent	2	0	0
AJBGEP_03120	contig_1	3120420	3121220	-	LNHIMF_02992	1	persistent	1	2	0
AJBGEP_03121	contig_1	3121988	3122284	-	LNHIMF_02993	1	shell	2	0	1
AJBGEP_03122	contig_1	3122250	3122537	-	GEGEGB_03010	1	persistent	1	1	1
AJBGEP_03123	contig_1	3122690	3124924	-	GEGEGB_03011	1	persistent	2	1	0
AJBGEP_03124	contig_1	3124976	3126271	-	BEJGEH_02963	1	persistent	2	0	0
AJBGEP_03125	contig_1	3126329	3129085	+	LNHIMF_02997	1	persistent	2	0	0
AJBGEP_03126	contig_1	3129129	3130271	-	GEGEGB_03014	1	persistent	2	0	0
AJBGEP_03127	contig_1	3130349	3131689	-	LNHIMF_02999	1	persistent	2	0	0
AJBGEP_03128	contig_1	3131710	3133050	-	LNHIMF_03000	1	persistent	2	0	0
AJBGEP_03129	contig_1	3133047	3134405	-	LNHIMF_03001	1	persistent	2	0	0
AJBGEP_03130	contig_1	3134886	3135335	-	LNHIMF_03002	1	persistent	2	0	0
AJBGEP_03131	contig_1	3135354	3136136	-	LNHIMF_03003	1	persistent	2	0	0
AJBGEP_03132	contig_1	3136136	3136465	-	GEGEGB_03020	1	persistent	2	0	0
AJBGEP_03134	contig_1	3137077	3137622	-	GEGEGB_03022	1	persistent	2	0	0
AJBGEP_03135	contig_1	3137691	3138539	+	GEGEGB_03023	1	persistent	2	0	0
AJBGEP_03136	contig_1	3138652	3140016	+	LNHIMF_03008	1	persistent	2	0	0
AJBGEP_03137	contig_1	3140581	3141870	+	LNHIMF_03009	1	persistent	2	0	0
AJBGEP_03138	contig_1	3141929	3143296	+	GEGEGB_03026	1	persistent	2	0	0
AJBGEP_03139	contig_1	3143467	3144222	+	GEGEGB_03027	1	persistent	2	0	0
AJBGEP_03140	contig_1	3144314	3145462	-	GEGEGB_03028	1	persistent	2	0	0
AJBGEP_03141	contig_1	3145479	3146126	-	GEGEGB_03029	1	persistent	2	0	0
AJBGEP_03142	contig_1	3146681	3147997	+	LNHIMF_03014	1	persistent	2	0	1
AJBGEP_03143	contig_1	3148029	3149804	+	LNHIMF_03015	1	persistent	2	0	1
AJBGEP_03144	contig_1	3149905	3151323	+	LNHIMF_03016	1	persistent	2	0	0
AJBGEP_03145	contig_1	3151325	3151747	+	GEGEGB_03033	1	persistent	2	0	0
AJBGEP_03146	contig_1	3151805	3152515	+	GEGEGB_03034	1	persistent	2	0	0
AJBGEP_03147	contig_1	3152574	3153674	-	GEGEGB_03035	1	persistent	2	0	0
AJBGEP_03148	contig_1	3153667	3154062	-	GEGEGB_03036	1	persistent	2	0	0
AJBGEP_03149	contig_1	3154081	3154998	-	GEGEGB_03037	1	persistent	2	0	0
AJBGEP_03150	contig_1	3154955	3155077	-	LNHIMF_03022	1	persistent	2	0	0
AJBGEP_03152	contig_1	3155345	3155572	-	GEGEGB_03040	1	persistent	2	0	0
AJBGEP_03153	contig_1	3155765	3156970	+	GEGEGB_03041	1	persistent	2	0	0
AJBGEP_03154	contig_1	3156970	3157413	+	GEGEGB_03042	1	persistent	2	0	0
AJBGEP_03155	contig_1	3157686	3158600	+	GEGEGB_03043	1	persistent	2	0	0
AJBGEP_03156	contig_1	3158652	3159458	-	GEGEGB_03044	1	persistent	2	0	0
AJBGEP_03157	contig_1	3159568	3160665	-	GEGEGB_03045	1	persistent	2	0	0
AJBGEP_03160	contig_1	3161165	3162418	-	LNHIMF_03032	1	persistent	2	0	0
AJBGEP_03161	contig_1	3162651	3163982	+	GEGEGB_03049	1	persistent	2	0	0
AJBGEP_03162	contig_1	3164085	3165920	-	LNHIMF_03034	1	persistent	2	0	0
AJBGEP_03163	contig_1	3165917	3169462	-	GEGEGB_03051	1	persistent	2	0	0
AJBGEP_03164	contig_1	3169455	3172343	-	GEGEGB_03052	1	persistent	2	0	0
AJBGEP_03165	contig_1	3172521	3175892	-	GEGEGB_03053	1	persistent	2	0	0
AJBGEP_03166	contig_1	3175908	3176228	-	LNHIMF_03038	1	persistent	2	0	0
AJBGEP_03167	contig_1	3176213	3176620	-	GEGEGB_03055	1	persistent	2	0	0
AJBGEP_03168	contig_1	3176617	3177180	-	LNHIMF_03040	1	persistent	2	0	0
AJBGEP_03169	contig_1	3177171	3177641	-	GEGEGB_03057	1	persistent	2	1	0
AJBGEP_03170	contig_1	3177826	3178620	-	LNHIMF_03042	1	persistent	2	1	0
AJBGEP_03171	contig_1	3178627	3179502	-	GEGEGB_03061	1	persistent	2	0	0
AJBGEP_03172	contig_1	3179718	3181964	-	GEGEGB_03062	1	persistent	2	0	0
AJBGEP_03173	contig_1	3181977	3182507	-	GEGEGB_03063	1	persistent	2	0	0
AJBGEP_03174	contig_1	3183190	3183885	+	GEGEGB_03064	1	persistent	2	0	0
AJBGEP_03175	contig_1	3184067	3184780	+	GEGEGB_03065	1	persistent	2	0	0
AJBGEP_03176	contig_1	3184950	3185168	+	GEGEGB_03066	1	persistent	2	0	0
AJBGEP_03177	contig_1	3185359	3186399	+	LNHIMF_03049	1	persistent	2	0	0
AJBGEP_03178	contig_1	3186486	3187688	-	GEGEGB_03068	1	persistent	2	0	0
AJBGEP_03179	contig_1	3187681	3189840	-	LNHIMF_03051	1	persistent	2	1	0
AJBGEP_03182	contig_1	3190433	3191461	+	GEGEGB_03075	1	persistent	2	0	1
AJBGEP_03183	contig_1	3191475	3192494	+	LNHIMF_03055	1	persistent	2	0	0
AJBGEP_03184	contig_1	3192504	3193766	-	GEGEGB_03077	1	persistent	2	0	0
AJBGEP_03185	contig_1	3193884	3194819	+	GEGEGB_03078	1	persistent	2	0	0
AJBGEP_03186	contig_1	3194791	3195498	-	LNHIMF_03058	1	persistent	2	0	0
AJBGEP_03187	contig_1	3195611	3197029	-	LNHIMF_03059	1	persistent	2	0	0
AJBGEP_03188	contig_1	3197383	3198144	-	LNHIMF_03060	1	persistent	2	0	0
AJBGEP_03189	contig_1	3198201	3199037	-	ODDLKH_03450	1	persistent	2	0	0
AJBGEP_03191	contig_1	3199467	3200645	-	GEGEGB_03084	1	persistent	2	0	0
AJBGEP_03192	contig_1	3200768	3201631	-	LNHIMF_03064	1	persistent	2	0	0
AJBGEP_03193	contig_1	3201735	3202190	+	GEGEGB_03086	1	persistent	2	0	0
AJBGEP_03194	contig_1	3202332	3203561	+	GEGEGB_03087	1	persistent	2	0	0
AJBGEP_03195	contig_1	3203592	3203864	-	GEGEGB_03088	1	persistent	2	0	0
AJBGEP_03196	contig_1	3203986	3204894	+	PKJKAM_02341	1	persistent	2	0	0
AJBGEP_03197	contig_1	3205104	3205862	-	GEGEGB_03091	1	persistent	2	0	0
AJBGEP_03198	contig_1	3205849	3206361	-	HFCAGB_03249	1	persistent	1	1	3
AJBGEP_03199	contig_1	3206505	3207581	-	HFCAGB_03250	1	shell	2	0	0
AJBGEP_03200	contig_1	3207578	3208321	-	LNHIMF_03072	1	persistent	1	1	3
AJBGEP_03201	contig_1	3208362	3210851	-	LNHIMF_03073	1	persistent	2	0	0
AJBGEP_03202	contig_1	3210971	3211555	-	BEJGEH_03044	1	persistent	2	0	0
AJBGEP_03203	contig_1	3212274	3212906	-	LNHIMF_03075	1	persistent	2	0	0
AJBGEP_03204	contig_1	3212953	3213489	-	GEGEGB_03098	1	persistent	1	1	4
AJBGEP_03206	contig_1	3214295	3214693	-	HFCAGB_03258	2	shell	1	1	4
AJBGEP_03207	contig_1	3214693	3214920	-	GEGEGB_03102	1	shell	1	2	0
AJBGEP_03208	contig_1	3215088	3215348	+	GEGEGB_03103	1	shell	2	1	0
AJBGEP_03209	contig_1	3215629	3216429	+	LNHIMF_03080	1	persistent	1	2	2
AJBGEP_03211	contig_1	3216714	3217472	-	GEGEGB_03111	1	persistent	2	1	2
AJBGEP_03213	contig_1	3217737	3218282	+	LNHIMF_03084	1	persistent	2	0	0
AJBGEP_03214	contig_1	3218358	3219875	-	LNHIMF_03085	1	persistent	2	0	0
AJBGEP_03215	contig_1	3219885	3220766	-	GEGEGB_03115	1	persistent	2	0	0
AJBGEP_03216	contig_1	3221088	3222689	-	LNHIMF_03087	1	persistent	2	0	0
AJBGEP_03217	contig_1	3222827	3223540	-	GEGEGB_03117	1	persistent	2	0	0
AJBGEP_03218	contig_1	3223564	3224460	-	GEGEGB_03118	1	persistent	2	0	0
AJBGEP_03219	contig_1	3224573	3225094	+	GEGEGB_03119	1	persistent	2	0	0
AJBGEP_03220	contig_1	3225147	3225560	-	LNHIMF_03091	1	persistent	2	0	0
AJBGEP_03221	contig_1	3225541	3225807	-	GEGEGB_03121	1	persistent	2	0	0
AJBGEP_03222	contig_1	3226057	3227037	+	GEGEGB_03122	1	persistent	3	0	0
AJBGEP_03223	contig_1	3226954	3227145	-	GEGEGB_03123	1	persistent	2	0	0
AJBGEP_03224	contig_1	3227153	3227812	-	GEGEGB_03124	1	persistent	3	0	0
AJBGEP_03225	contig_1	3227976	3228356	-	AJBGEP_03225	1	persistent	2	0	0
AJBGEP_03226	contig_1	3228446	3229879	+	LNHIMF_03097	1	persistent	2	0	0
AJBGEP_03227	contig_1	3229927	3230820	-	BEJGEH_03067	1	persistent	2	0	0
AJBGEP_03228	contig_1	3231276	3234149	-	BEJGEH_03068	1	persistent	2	0	0
AJBGEP_03229	contig_1	3234312	3234701	-	GEGEGB_03129	1	persistent	2	0	0
AJBGEP_03230	contig_1	3234727	3235821	-	GEGEGB_03130	1	persistent	2	0	0
AJBGEP_03231	contig_1	3236276	3237478	-	LNHIMF_03103	1	persistent	2	0	0
AJBGEP_03232	contig_1	3237604	3238782	-	GEGEGB_03132	1	persistent	2	0	1
AJBGEP_03233	contig_1	3238779	3240095	-	GEGEGB_03133	1	persistent	2	0	1
AJBGEP_03234	contig_1	3240121	3240699	-	LNHIMF_03106	1	persistent	2	0	0
AJBGEP_03235	contig_1	3240866	3241195	+	GEGEGB_03135	1	persistent	2	0	0
AJBGEP_03237	contig_1	3241561	3242037	+	BEJGEH_03077	1	persistent	2	0	0
AJBGEP_03239	contig_1	3242418	3243650	-	GEGEGB_03139	1	persistent	2	0	0
AJBGEP_03240	contig_1	3243916	3244575	-	GEGEGB_03140	1	persistent	2	0	0
AJBGEP_03241	contig_1	3244729	3245622	+	GEGEGB_03141	1	persistent	2	0	0
AJBGEP_03242	contig_1	3245888	3246634	-	GEGEGB_03142	1	persistent	2	0	0
AJBGEP_03243	contig_1	3246728	3247363	-	LNHIMF_03115	1	persistent	2	0	0
AJBGEP_03244	contig_1	3247563	3248423	-	GEGEGB_03144	1	persistent	2	1	0
AJBGEP_03245	contig_1	3248650	3249729	-	GEGEGB_03148	1	persistent	2	0	1
AJBGEP_03246	contig_1	3249831	3250994	-	GEGEGB_03149	1	persistent	2	0	0
AJBGEP_03247	contig_1	3251016	3252062	-	GEGEGB_03150	1	persistent	2	0	0
AJBGEP_03248	contig_1	3252436	3252861	+	GEGEGB_03151	1	persistent	2	0	0
AJBGEP_03249	contig_1	3252887	3253465	+	GEGEGB_03152	1	persistent	2	0	0
AJBGEP_03250	contig_1	3253466	3254173	+	LNHIMF_03122	1	persistent	2	0	0
AJBGEP_03251	contig_1	3254161	3254838	+	LNHIMF_03123	1	persistent	2	0	0
AJBGEP_03252	contig_1	3254832	3255488	+	LNHIMF_03124	1	persistent	2	1	1
AJBGEP_03253	contig_1	3255532	3257523	-	GEGEGB_03158	1	persistent	2	1	1
AJBGEP_03254	contig_1	3257799	3258557	+	GEGEGB_03159	1	persistent	2	0	0
AJBGEP_03255	contig_1	3258658	3259578	-	GEGEGB_03160	1	persistent	2	1	1
AJBGEP_03256	contig_1	3259783	3260673	-	AJBGEP_03256	1	shell	1	1	0
AJBGEP_03257	contig_1	3260953	3261426	-	BEJGEH_03097	1	shell	0	2	1
AJBGEP_03258	contig_1	3261465	3262472	-	BEJGEH_03098	1	shell	0	2	0
AJBGEP_03259	contig_1	3262486	3263502	-	BEJGEH_03099	1	shell	0	2	0
AJBGEP_03260	contig_1	3263505	3264977	-	BEJGEH_03100	1	shell	0	2	0
AJBGEP_03261	contig_1	3266219	3266968	-	BEJGEH_03101	1	shell	0	2	0
AJBGEP_03262	contig_1	3267173	3267904	-	BEJGEH_03102	1	shell	1	1	0
AJBGEP_03263	contig_1	3268048	3270024	-	GEGEGB_03161	1	persistent	2	1	1
AJBGEP_03264	contig_1	3270814	3271968	+	GEGEGB_03162	1	persistent	2	0	0
AJBGEP_03265	contig_1	3272461	3273855	+	GEGEGB_03163	1	persistent	2	0	0
AJBGEP_03266	contig_1	3273976	3274431	+	GEGEGB_03164	1	persistent	2	0	0
AJBGEP_03267	contig_1	3274526	3275233	+	LNHIMF_03138	1	persistent	2	0	0
AJBGEP_03268	contig_1	3275310	3276041	+	GEGEGB_03166	1	persistent	2	0	0
AJBGEP_03269	contig_1	3276061	3277008	+	LNHIMF_03140	1	persistent	2	0	0
AJBGEP_03270	contig_1	3277224	3277787	+	GEGEGB_03168	1	persistent	2	0	0
AJBGEP_03271	contig_1	3277787	3278203	+	GEGEGB_03169	1	persistent	2	0	0
AJBGEP_03272	contig_1	3278250	3278936	-	LNHIMF_03143	1	persistent	2	0	0
AJBGEP_03273	contig_1	3279068	3280048	-	LNHIMF_03144	1	persistent	2	0	0
AJBGEP_03274	contig_1	3280066	3280770	+	GEGEGB_03172	1	persistent	2	0	0
AJBGEP_03275	contig_1	3280789	3281355	+	GEGEGB_03173	1	persistent	2	0	0
AJBGEP_03276	contig_1	3281352	3281642	+	GEGEGB_03174	1	persistent	2	0	0
AJBGEP_03277	contig_1	3281650	3282243	+	LNHIMF_03148	1	persistent	2	0	0
AJBGEP_03278	contig_1	3282236	3283372	+	GEGEGB_03176	1	persistent	2	0	0
AJBGEP_03279	contig_1	3283463	3284470	-	GEGEGB_03177	1	persistent	2	0	0
AJBGEP_03280	contig_1	3284603	3285649	-	GEGEGB_03178	1	persistent	2	1	0
AJBGEP_03281	contig_1	3285838	3286557	-	GEGEGB_03181	1	persistent	2	1	0
AJBGEP_03282	contig_1	3286607	3286933	-	GEGEGB_03182	1	persistent	2	0	0
AJBGEP_03283	contig_1	3286933	3287652	-	LNHIMF_03154	1	persistent	2	0	0
AJBGEP_03284	contig_1	3287807	3288859	+	LNHIMF_03155	1	persistent	2	0	0
AJBGEP_03285	contig_1	3288887	3289162	+	GEGEGB_03185	1	persistent	2	0	0
AJBGEP_03286	contig_1	3289275	3290360	+	GEGEGB_03186	1	persistent	2	0	1
AJBGEP_03287	contig_1	3290577	3290807	+	GEGEGB_03187	1	persistent	3	0	1
AJBGEP_03288	contig_1	3290734	3290961	-	OEKLIE_04484	1	cloud	2	0	0
AJBGEP_03289	contig_1	3291026	3293161	-	LNHIMF_03159	1	persistent	2	0	2
AJBGEP_03290	contig_1	3293586	3294293	+	GEGEGB_03190	1	persistent	1	1	4
AJBGEP_03292	contig_1	3294633	3295013	-	LNHIMF_03162	1	shell	2	1	0
AJBGEP_03293	contig_1	3295078	3296403	-	AJBGEP_03293	1	shell	0	2	0
AJBGEP_03294	contig_1	3296428	3296955	-	HFCAGB_03346	1	shell	0	2	0
AJBGEP_03295	contig_1	3296979	3297821	-	LNHIMF_03165	1	shell	0	2	0
AJBGEP_03296	contig_1	3297913	3298791	+	LNHIMF_03166	1	shell	0	2	0
AJBGEP_03297	contig_1	3298839	3300578	-	LNHIMF_03167	1	shell	0	2	0
AJBGEP_03298	contig_1	3300647	3301831	-	HFCAGB_03350	1	shell	1	1	0
AJBGEP_03300	contig_1	3302343	3303026	+	LNHIMF_03170	1	persistent	1	1	1
AJBGEP_03301	contig_1	3303130	3303687	-	LNHIMF_03171	1	persistent	2	0	0
AJBGEP_03302	contig_1	3303665	3305164	-	GEGEGB_03203	1	persistent	2	0	0
AJBGEP_03303	contig_1	3305373	3305747	-	BEJGEH_03143	1	persistent	2	0	0
AJBGEP_03304	contig_1	3305762	3307063	-	GEGEGB_03206	1	persistent	2	0	0
AJBGEP_03305	contig_1	3307225	3308709	+	LNHIMF_03175	1	persistent	2	0	0
AJBGEP_03306	contig_1	3308845	3309225	-	BEJGEH_03146	1	persistent	2	0	0
AJBGEP_03307	contig_1	3309225	3309710	-	PKJKAM_01942	1	persistent	2	0	0
AJBGEP_03308	contig_1	3310436	3311359	-	GEGEGB_03210	1	persistent	3	0	0
AJBGEP_03309	contig_1	3311398	3311859	-	LNHIMF_03179	2	persistent	2	0	1
AJBGEP_03310	contig_1	3312071	3312274	-	LNHIMF_03179	2	persistent	2	0	1
AJBGEP_03311	contig_1	3312670	3313974	-	GEGEGB_03211	1	persistent	3	0	1
AJBGEP_03312	contig_1	3314379	3315563	+	GEGEGB_03212	1	persistent	2	0	0
AJBGEP_03313	contig_1	3315674	3317146	+	GEGEGB_03213	1	persistent	2	0	0
AJBGEP_03314	contig_1	3317158	3318570	+	LNHIMF_03187	1	persistent	2	0	0
AJBGEP_03315	contig_1	3318870	3319928	-	BEJGEH_03154	1	persistent	2	0	0
AJBGEP_03316	contig_1	3320598	3322454	-	GEGEGB_03216	1	persistent	2	0	0
AJBGEP_03317	contig_1	3322681	3323547	+	LNHIMF_03190	1	persistent	2	0	0
AJBGEP_03318	contig_1	3323615	3324325	-	BEJGEH_03157	1	persistent	2	0	0
AJBGEP_03319	contig_1	3324325	3325377	-	LNHIMF_03192	1	persistent	2	0	0
AJBGEP_03320	contig_1	3325453	3325701	-	GEGEGB_03220	1	persistent	2	0	0
AJBGEP_03321	contig_1	3325729	3326070	-	GEGEGB_03221	1	persistent	2	0	0
AJBGEP_03322	contig_1	3326063	3326551	-	GEGEGB_03222	1	persistent	2	0	0
AJBGEP_03323	contig_1	3326544	3327038	-	LNHIMF_03196	1	persistent	2	0	0
AJBGEP_03324	contig_1	3327038	3328741	-	LNHIMF_03197	1	persistent	2	0	0
AJBGEP_03325	contig_1	3328738	3329916	-	GEGEGB_03225	1	persistent	2	0	0
AJBGEP_03326	contig_1	3329906	3330892	-	GEGEGB_03226	1	persistent	2	0	0
AJBGEP_03327	contig_1	3330895	3332013	-	GEGEGB_03227	1	persistent	2	0	0
AJBGEP_03328	contig_1	3332203	3332490	-	GEGEGB_03228	1	persistent	2	0	0
AJBGEP_03329	contig_1	3332575	3334218	-	LNHIMF_03202	1	persistent	2	0	0
AJBGEP_03330	contig_1	3334525	3335019	-	GEGEGB_03231	1	persistent	2	0	0
AJBGEP_03331	contig_1	3335299	3335802	-	GEGEGB_03232	1	persistent	2	0	0
AJBGEP_03332	contig_1	3335906	3336316	+	LNHIMF_03205	1	persistent	2	0	0
AJBGEP_03333	contig_1	3336303	3336707	+	GEGEGB_03234	1	persistent	2	0	0
AJBGEP_03334	contig_1	3336831	3337715	+	GEGEGB_03235	1	persistent	2	0	0
AJBGEP_03335	contig_1	3337828	3338253	-	GEGEGB_03236	1	persistent	2	0	0
AJBGEP_03336	contig_1	3338260	3338994	-	GEGEGB_03237	1	persistent	2	0	0
AJBGEP_03337	contig_1	3338987	3339124	-	GEGEGB_03238	1	persistent	2	0	0
AJBGEP_03338	contig_1	3339246	3340433	+	LNHIMF_03211	1	persistent	2	0	0
AJBGEP_03339	contig_1	3340573	3341232	+	GEGEGB_03240	1	persistent	2	0	0
AJBGEP_03340	contig_1	3341296	3342213	-	LNHIMF_03213	1	persistent	2	0	0
AJBGEP_03341	contig_1	3342388	3343551	+	LNHIMF_03214	1	persistent	2	0	0
AJBGEP_03342	contig_1	3343657	3344484	+	LNHIMF_03215	1	persistent	2	0	0
AJBGEP_03343	contig_1	3344681	3346135	+	GEGEGB_03245	1	persistent	2	0	1
AJBGEP_03344	contig_1	3346180	3346635	+	LNHIMF_03217	1	persistent	3	0	0
AJBGEP_03345	contig_1	3346793	3346987	-	HFCAGB_03397	1	persistent	2	0	0
AJBGEP_03346	contig_1	3347190	3349361	-	GEGEGB_03247	1	persistent	2	1	2
AJBGEP_03347	contig_1	3349849	3350832	+	BEJGEH_03192	1	shell	1	1	0
AJBGEP_03348	contig_1	3350874	3351356	+	BEJGEH_03193	1	shell	0	2	0
AJBGEP_03349	contig_1	3351367	3352674	+	BEJGEH_03194	1	shell	1	1	0
AJBGEP_03350	contig_1	3352719	3354131	-	GEGEGB_03254	1	persistent	1	1	1
AJBGEP_03351	contig_1	3354205	3354942	-	GEGEGB_03255	1	persistent	2	0	0
AJBGEP_03352	contig_1	3355199	3357457	-	LNHIMF_03225	1	persistent	3	0	0
AJBGEP_03353	contig_1	3357568	3358434	-	AJBGEP_03353	1	persistent	2	0	0
AJBGEP_03354	contig_1	3358506	3358898	-	GEGEGB_03258	1	persistent	3	0	0
AJBGEP_03355	contig_1	3359050	3359709	+	GEGEGB_03259	1	persistent	2	0	0
AJBGEP_03356	contig_1	3359706	3361055	+	GEGEGB_03260	1	persistent	2	0	0
AJBGEP_03357	contig_1	3361162	3361743	+	LNHIMF_03229	1	persistent	2	0	0
AJBGEP_03358	contig_1	3361775	3362089	+	GEGEGB_03262	1	persistent	2	0	0
AJBGEP_03359	contig_1	3362214	3364106	-	GEGEGB_03263	1	persistent	2	0	0
AJBGEP_03360	contig_1	3364134	3364715	-	GEGEGB_03264	1	persistent	2	0	0
AJBGEP_03361	contig_1	3364715	3365542	-	GEGEGB_03265	1	persistent	2	0	0
AJBGEP_03362	contig_1	3365567	3365989	-	LNHIMF_03234	1	persistent	2	0	0
AJBGEP_03363	contig_1	3365986	3366618	-	GEGEGB_03267	1	persistent	2	0	0
AJBGEP_03364	contig_1	3366825	3368294	+	GEGEGB_03268	1	persistent	2	0	0
AJBGEP_03365	contig_1	3368507	3369178	+	ODDLKH_03623	1	persistent	2	0	0
AJBGEP_03366	contig_1	3369184	3370347	+	GEGEGB_03270	1	persistent	2	0	0
AJBGEP_03367	contig_1	3370409	3371197	-	GEGEGB_03271	1	persistent	2	0	0
AJBGEP_03368	contig_1	3371338	3372111	+	GEGEGB_03272	1	persistent	2	0	0
AJBGEP_03369	contig_1	3372754	3374550	+	GEGEGB_03273	1	persistent	2	0	0
AJBGEP_03370	contig_1	3374570	3375241	+	GEGEGB_03274	1	persistent	2	0	0
AJBGEP_03371	contig_1	3375256	3375933	+	GEGEGB_03275	1	persistent	2	2	0
AJBGEP_03372	contig_1	3376104	3376757	-	GEGEGB_03276	1	persistent	2	2	0
AJBGEP_03373	contig_1	3377194	3377493	+	AJBGEP_03373	1	persistent	2	0	0
AJBGEP_03374	contig_1	3377567	3377770	-	GEGEGB_03278	1	persistent	2	0	0
AJBGEP_03375	contig_1	3378034	3378654	+	LNHIMF_03249	1	persistent	2	0	0
AJBGEP_03376	contig_1	3378673	3380352	+	GEGEGB_03280	1	persistent	2	0	0
AJBGEP_03378	contig_1	3380592	3380651	+	GEGEGB_03282	1	persistent	2	0	0
AJBGEP_03379	contig_1	3380812	3382245	-	GEGEGB_03283	1	persistent	2	0	0
AJBGEP_03380	contig_1	3382293	3385136	-	GEGEGB_03284	1	persistent	2	0	0
AJBGEP_03381	contig_1	3385254	3386555	-	GEGEGB_03285	1	persistent	2	0	0
AJBGEP_03382	contig_1	3386797	3387411	+	GEGEGB_03286	1	persistent	2	0	0
AJBGEP_03383	contig_1	3387474	3388715	+	LNHIMF_03257	1	persistent	2	0	0
AJBGEP_03384	contig_1	3388820	3389641	-	GEGEGB_03288	1	persistent	2	0	0
AJBGEP_03385	contig_1	3389739	3390098	-	LNHIMF_03259	1	persistent	2	0	0
AJBGEP_03386	contig_1	3390205	3390816	+	LNHIMF_03260	1	persistent	2	0	0
AJBGEP_03387	contig_1	3391067	3392080	-	GEGEGB_03291	1	persistent	2	0	0
AJBGEP_03388	contig_1	3392308	3392523	+	GEGEGB_03292	1	persistent	2	0	0
AJBGEP_03389	contig_1	3392759	3394504	+	GEGEGB_03293	1	persistent	2	0	0
AJBGEP_03390	contig_1	3394519	3396501	+	LNHIMF_03264	1	persistent	2	0	0
AJBGEP_03391	contig_1	3396625	3397131	-	GEGEGB_03295	1	persistent	2	0	1
AJBGEP_03393	contig_1	3397412	3398179	-	LNHIMF_03267	1	persistent	2	0	1
AJBGEP_03394	contig_1	3398414	3399058	+	GEGEGB_03298	1	persistent	2	0	0
AJBGEP_03395	contig_1	3399055	3400620	-	AJBGEP_03395	1	persistent	2	0	0
AJBGEP_03396	contig_1	3401008	3402528	-	LNHIMF_03270	1	persistent	2	0	0
AJBGEP_03397	contig_1	3402958	3404337	+	GEGEGB_03301	1	persistent	2	0	0
AJBGEP_03398	contig_1	3404508	3406526	+	BEJGEH_03246	1	persistent	2	0	0
AJBGEP_03399	contig_1	3406607	3407743	-	GEGEGB_03305	1	persistent	2	0	0
AJBGEP_03400	contig_1	3407829	3408326	+	GEGEGB_03306	1	persistent	2	0	0
AJBGEP_03401	contig_1	3408478	3409170	+	GEGEGB_03307	1	persistent	2	0	0
AJBGEP_03402	contig_1	3409259	3410257	+	LNHIMF_03276	1	persistent	2	0	0
AJBGEP_03403	contig_1	3410530	3411498	+	GEGEGB_03309	1	persistent	2	0	0
AJBGEP_03405	contig_1	3411753	3412997	+	LNHIMF_03279	1	persistent	2	0	0
AJBGEP_03406	contig_1	3413447	3414109	+	GEGEGB_03312	1	persistent	2	0	0
AJBGEP_03407	contig_1	3414113	3414496	+	GEGEGB_03313	1	persistent	2	0	0
AJBGEP_03408	contig_1	3414641	3415009	+	GEGEGB_03314	1	persistent	2	0	0
AJBGEP_03409	contig_1	3415051	3415356	+	GEGEGB_03315	1	persistent	2	0	0
AJBGEP_03410	contig_1	3415359	3415757	+	GEGEGB_03316	1	persistent	2	0	0
AJBGEP_03411	contig_1	3415754	3416053	+	GEGEGB_03317	1	persistent	2	0	0
AJBGEP_03412	contig_1	3416198	3416683	+	GEGEGB_03318	1	persistent	2	0	0
AJBGEP_03413	contig_1	3416751	3417737	+	LNHIMF_03287	1	persistent	2	0	0
AJBGEP_03414	contig_1	3417861	3418226	+	GEGEGB_03320	1	persistent	2	0	0
AJBGEP_03415	contig_1	3418265	3419161	-	LNHIMF_03289	1	persistent	2	0	0
AJBGEP_03416	contig_1	3419266	3419967	+	GEGEGB_03322	1	persistent	2	0	0
AJBGEP_03417	contig_1	3419991	3420155	+	GEGEGB_03323	1	persistent	2	0	0
AJBGEP_03418	contig_1	3420268	3421578	-	LNHIMF_03292	1	persistent	2	0	0
AJBGEP_03419	contig_1	3421604	3422935	-	LNHIMF_03293	1	persistent	2	0	0
AJBGEP_03421	contig_1	3423251	3424615	-	GEGEGB_03329	1	persistent	2	0	0
AJBGEP_03422	contig_1	3424685	3426979	-	LNHIMF_03296	1	persistent	2	0	0
AJBGEP_03423	contig_1	3427013	3428221	-	LNHIMF_03297	1	persistent	2	0	0
AJBGEP_03424	contig_1	3428287	3429618	-	LNHIMF_03298	1	persistent	2	0	0
AJBGEP_03425	contig_1	3429639	3430628	-	GEGEGB_03334	1	persistent	2	0	0
AJBGEP_03426	contig_1	3430726	3431664	-	LNHIMF_03300	1	persistent	2	0	1
AJBGEP_03428	contig_1	3433463	3434608	-	GEGEGB_03337	1	persistent	2	0	1
AJBGEP_03429	contig_1	3434706	3435596	-	LNHIMF_03303	1	persistent	2	0	0
AJBGEP_03430	contig_1	3435622	3436392	-	GEGEGB_03339	1	persistent	2	0	0
AJBGEP_03431	contig_1	3436922	3438493	+	LNHIMF_03305	1	persistent	2	1	0
AJBGEP_03432	contig_1	3438733	3439680	-	AJBGEP_03432	1	shell	1	1	0
AJBGEP_03433	contig_1	3439691	3440524	-	GEGEGB_03342	1	shell	1	1	0
AJBGEP_03434	contig_1	3440858	3441712	+	GEGEGB_03343	1	persistent	2	2	0
AJBGEP_03435	contig_1	3441723	3442637	+	AJBGEP_03435	1	shell	1	1	0
AJBGEP_03436	contig_1	3442664	3443455	+	ODDLKH_03694	1	shell	1	2	0
AJBGEP_03437	contig_1	3443499	3444542	+	GEGEGB_03352	1	persistent	2	1	0
AJBGEP_03438	contig_1	3444653	3445426	+	GEGEGB_03353	1	persistent	2	0	0
AJBGEP_03439	contig_1	3445584	3446447	-	LNHIMF_03313	1	persistent	2	0	0
AJBGEP_03440	contig_1	3446511	3448553	+	LNHIMF_03314	1	persistent	2	0	0
AJBGEP_03441	contig_1	3448511	3448906	+	LNHIMF_03315	1	persistent	2	0	0
AJBGEP_03442	contig_1	3448928	3449518	+	LNHIMF_03316	1	persistent	2	0	0
AJBGEP_03443	contig_1	3449528	3450103	+	GEGEGB_03358	1	persistent	2	0	0
AJBGEP_03444	contig_1	3450170	3450805	-	LNHIMF_03318	1	persistent	2	0	0
AJBGEP_03445	contig_1	3450936	3451454	+	GEGEGB_03360	1	persistent	2	0	0
AJBGEP_03446	contig_1	3451434	3451877	-	GEGEGB_03361	1	persistent	2	0	0
AJBGEP_03447	contig_1	3451915	3452232	+	GEGEGB_03362	1	persistent	2	0	0
AJBGEP_03448	contig_1	3452219	3452722	-	GEGEGB_03363	1	persistent	2	0	0
AJBGEP_03449	contig_1	3452716	3453240	-	GEGEGB_03364	1	persistent	2	0	0
AJBGEP_03450	contig_1	3453457	3454452	+	GEGEGB_03365	1	persistent	2	0	0
AJBGEP_03451	contig_1	3454461	3455339	+	GEGEGB_03366	1	persistent	2	0	0
AJBGEP_03452	contig_1	3455517	3456524	+	LNHIMF_03326	1	persistent	2	1	0
AJBGEP_03453	contig_1	3456502	3457221	-	BEJGEH_03301	1	shell	1	1	0
AJBGEP_03454	contig_1	3457380	3457910	+	BEJGEH_03302	1	shell	1	1	0
AJBGEP_03455	contig_1	3457971	3459215	-	GEGEGB_03368	1	persistent	2	1	0
AJBGEP_03456	contig_1	3459369	3461258	-	GEGEGB_03369	1	persistent	2	0	0
AJBGEP_03457	contig_1	3461251	3461331	-	GEGEGB_03370	1	persistent	2	0	0
AJBGEP_03458	contig_1	3461437	3462321	-	GEGEGB_03371	1	persistent	2	0	0
AJBGEP_03459	contig_1	3462431	3464596	-	LNHIMF_03331	1	persistent	2	0	0
AJBGEP_03461	contig_1	3464808	3465077	-	GEGEGB_03374	1	persistent	2	0	0
AJBGEP_03462	contig_1	3465228	3466172	-	GEGEGB_03375	1	persistent	2	0	0
AJBGEP_03463	contig_1	3466172	3466573	-	GEGEGB_03376	1	persistent	2	0	0
AJBGEP_03464	contig_1	3466794	3469472	-	BEJGEH_03312	1	persistent	2	0	0
AJBGEP_03465	contig_1	3469497	3470999	-	LNHIMF_03337	1	persistent	2	0	0
AJBGEP_03466	contig_1	3471027	3471479	-	GEGEGB_03379	1	persistent	2	0	0
AJBGEP_03468	contig_1	3472107	3473450	+	GEGEGB_03381	1	persistent	2	1	1
AJBGEP_03469	contig_1	3473536	3474600	-	AJBGEP_03469	1	shell	2	0	0
AJBGEP_03471	contig_1	3475036	3475368	-	GEGEGB_03383	1	persistent	2	1	1
AJBGEP_03472	contig_1	3475591	3476928	-	GEGEGB_03384	1	persistent	2	0	0
AJBGEP_03473	contig_1	3476921	3477769	-	GEGEGB_03385	1	persistent	2	1	0
AJBGEP_03474	contig_1	3477916	3478374	-	GEGEGB_00250	10	shell	58	4	2
AJBGEP_03476	contig_1	3478585	3480528	-	GEGEGB_03386	1	persistent	2	1	0
AJBGEP_03477	contig_1	3480623	3481249	-	LNHIMF_03346	1	persistent	2	0	0
AJBGEP_03478	contig_1	3481337	3481669	+	GEGEGB_03388	1	persistent	2	0	0
AJBGEP_03479	contig_1	3481825	3482301	-	GEGEGB_03389	1	persistent	2	0	0
AJBGEP_03480	contig_1	3482355	3482456	-	GEGEGB_03390	1	persistent	2	0	0
AJBGEP_03481	contig_1	3482549	3483982	+	GEGEGB_03391	1	persistent	2	0	0
AJBGEP_03482	contig_1	3484114	3485286	-	GEGEGB_03392	1	persistent	2	0	0
AJBGEP_03483	contig_1	3485302	3486267	-	GEGEGB_03393	1	persistent	2	0	0
AJBGEP_03484	contig_1	3486397	3486654	-	GEGEGB_03394	1	persistent	2	0	0
AJBGEP_03485	contig_1	3486674	3486985	-	GEGEGB_03395	1	persistent	2	0	0
AJBGEP_03486	contig_1	3487102	3488214	+	LNHIMF_03355	1	persistent	2	0	0
AJBGEP_03487	contig_1	3488446	3488733	+	GEGEGB_03397	1	persistent	2	0	0
AJBGEP_03488	contig_1	3488791	3490050	-	GEGEGB_03398	1	persistent	2	0	0
AJBGEP_03489	contig_1	3490104	3490397	-	GEGEGB_03399	1	persistent	2	0	0
AJBGEP_03490	contig_1	3490546	3490842	-	GEGEGB_03400	1	persistent	2	0	0
AJBGEP_03491	contig_1	3490842	3491477	-	GEGEGB_03401	1	persistent	2	0	0
AJBGEP_03492	contig_1	3491496	3492047	-	GEGEGB_03402	1	persistent	2	0	0
AJBGEP_03493	contig_1	3492052	3492834	-	GEGEGB_03403	1	persistent	2	0	0
AJBGEP_03494	contig_1	3492842	3493654	-	LNHIMF_03363	1	persistent	2	0	0
AJBGEP_03495	contig_1	3493867	3494844	+	LNHIMF_03364	1	persistent	2	0	0
AJBGEP_03496	contig_1	3494858	3495844	+	LNHIMF_03365	1	persistent	2	0	0
AJBGEP_03497	contig_1	3495865	3496431	+	GEGEGB_03407	1	persistent	2	0	0
AJBGEP_03498	contig_1	3496428	3497003	+	GEGEGB_03408	1	persistent	2	0	0
AJBGEP_03499	contig_1	3496972	3497526	+	GEGEGB_03409	1	persistent	2	0	0
AJBGEP_03500	contig_1	3497533	3498258	+	GEGEGB_03410	1	persistent	2	0	0
AJBGEP_03501	contig_1	3498306	3499739	+	GEGEGB_03411	1	persistent	2	0	0
AJBGEP_03502	contig_1	3499762	3500049	+	LNHIMF_03371	1	persistent	2	0	0
AJBGEP_03503	contig_1	3500167	3500658	+	GEGEGB_03413	1	persistent	2	0	0
AJBGEP_03504	contig_1	3500704	3501558	+	LNHIMF_03373	1	persistent	2	0	0
AJBGEP_03505	contig_1	3501555	3501827	+	GEGEGB_03415	1	persistent	2	0	0
AJBGEP_03506	contig_1	3502076	3502708	+	GEGEGB_03416	1	persistent	2	0	0
AJBGEP_03507	contig_1	3502783	3503511	-	GEGEGB_03417	1	persistent	2	0	0
AJBGEP_03508	contig_1	3503508	3504161	-	BEJGEH_03355	1	persistent	2	0	0
AJBGEP_03510	contig_1	3504388	3506724	-	LNHIMF_03380	1	persistent	2	0	0
AJBGEP_03511	contig_1	3506818	3507747	-	GEGEGB_03421	1	persistent	2	0	0
AJBGEP_03512	contig_1	3508419	3512879	+	GEGEGB_03422	1	persistent	2	0	0
AJBGEP_03513	contig_1	3512889	3514307	+	GEGEGB_03423	1	persistent	2	0	1
AJBGEP_03514	contig_1	3514514	3515617	+	GEGEGB_03424	1	persistent	2	0	1
AJBGEP_03515	contig_1	3515734	3516987	+	LNHIMF_03385	1	persistent	2	0	0
AJBGEP_03516	contig_1	3516974	3518254	+	LNHIMF_03386	1	persistent	2	0	0
AJBGEP_03517	contig_1	3518337	3518804	-	GEGEGB_03427	1	persistent	2	0	0
AJBGEP_03518	contig_1	3518801	3519676	-	LNHIMF_03388	1	persistent	2	0	0
AJBGEP_03519	contig_1	3519673	3520362	-	LNHIMF_03389	1	persistent	2	0	0
AJBGEP_03520	contig_1	3520409	3521899	-	LNHIMF_03390	1	persistent	2	0	0
AJBGEP_03521	contig_1	3522015	3522908	-	LNHIMF_03391	1	persistent	2	0	0
AJBGEP_03522	contig_1	3523043	3523825	-	GEGEGB_03433	1	persistent	2	0	0
AJBGEP_03523	contig_1	3523943	3524443	-	GEGEGB_03434	1	persistent	2	0	0
AJBGEP_03524	contig_1	3524449	3525087	-	LNHIMF_03394	1	persistent	2	1	2
AJBGEP_03525	contig_1	3525350	3526144	-	HFCAGB_03576	1	shell	2	0	0
AJBGEP_03526	contig_1	3526302	3526694	-	GEGEGB_03437	1	persistent	2	1	2
AJBGEP_03527	contig_1	3526710	3527138	-	GEGEGB_03438	1	persistent	2	0	0
AJBGEP_03528	contig_1	3527441	3528565	-	LNHIMF_03398	1	persistent	2	0	0
AJBGEP_03529	contig_1	3528758	3529156	+	LNHIMF_03399	1	persistent	2	0	0
AJBGEP_03530	contig_1	3529313	3530680	+	GEGEGB_03441	1	persistent	2	0	0
AJBGEP_03531	contig_1	3530773	3531843	+	GEGEGB_03442	1	persistent	2	0	0
AJBGEP_03532	contig_1	3531877	3532575	-	HFCAGB_03583	1	persistent	2	0	0
AJBGEP_03533	contig_1	3532628	3533929	-	LNHIMF_00056	3	persistent	4	0	0
AJBGEP_03534	contig_1	3533945	3535720	-	GEGEGB_00060	3	persistent	2	0	1
AJBGEP_03535	contig_1	3535736	3535990	-	AJBGEP_03535	3	persistent	3	1	0
AJBGEP_03536	contig_1	3536146	3536763	-	GEGEGB_03447	1	persistent	2	0	0
AJBGEP_03537	contig_1	3536763	3537662	-	GEGEGB_03448	1	persistent	2	0	0
AJBGEP_03538	contig_1	3537695	3538963	-	GEGEGB_03449	1	persistent	2	0	0
AJBGEP_03539	contig_1	3539174	3539839	-	GEGEGB_03450	1	persistent	2	0	0
AJBGEP_03540	contig_1	3539826	3540455	-	GEGEGB_03451	1	persistent	2	0	0
AJBGEP_03541	contig_1	3540575	3541513	-	GEGEGB_03452	1	persistent	2	0	0
AJBGEP_03542	contig_1	3541927	3542397	+	GEGEGB_03453	1	persistent	2	0	0
AJBGEP_03543	contig_1	3542762	3543025	+	GEGEGB_03454	1	persistent	2	0	0
AJBGEP_03544	contig_1	3543129	3543395	+	GEGEGB_03455	1	persistent	2	0	0
AJBGEP_03545	contig_1	3543455	3543727	-	GEGEGB_03456	1	persistent	2	0	0
AJBGEP_03546	contig_1	3543899	3545866	-	LNHIMF_03416	1	persistent	2	0	0
AJBGEP_03547	contig_1	3545872	3546804	-	GEGEGB_03458	1	persistent	2	0	0
AJBGEP_03548	contig_1	3546812	3547015	-	GEGEGB_03459	1	persistent	2	0	0
AJBGEP_03549	contig_1	3547197	3548126	+	GEGEGB_03460	1	persistent	2	0	0
AJBGEP_03550	contig_1	3548249	3549694	-	GEGEGB_03461	1	persistent	2	0	0
AJBGEP_03551	contig_1	3549839	3553639	-	LNHIMF_03421	1	persistent	2	0	0
AJBGEP_03552	contig_1	3553746	3555215	-	GEGEGB_03463	1	persistent	2	0	0
AJBGEP_03553	contig_1	3555205	3555798	-	LNHIMF_03423	1	persistent	2	0	0
AJBGEP_03554	contig_1	3555807	3556298	-	GEGEGB_03465	1	persistent	2	0	0
AJBGEP_03555	contig_1	3556298	3557350	-	LNHIMF_03425	1	persistent	2	0	0
AJBGEP_03556	contig_1	3557415	3558458	-	GEGEGB_03467	1	persistent	2	0	0
AJBGEP_03557	contig_1	3558766	3560706	-	LNHIMF_03427	1	persistent	2	0	0
AJBGEP_03558	contig_1	3560910	3561884	+	GEGEGB_03469	1	persistent	2	0	0
AJBGEP_03559	contig_1	3561997	3563001	+	GEGEGB_03470	1	persistent	2	0	0
AJBGEP_03560	contig_1	3563002	3563601	+	GEGEGB_03471	1	persistent	2	0	0
AJBGEP_03561	contig_1	3563994	3564464	+	GEGEGB_03472	1	persistent	2	0	0
AJBGEP_03562	contig_1	3564475	3565824	+	GEGEGB_03473	1	persistent	2	0	0
AJBGEP_03563	contig_1	3565933	3566175	+	LNHIMF_03433	1	persistent	2	0	0
AJBGEP_03564	contig_1	3566165	3567616	+	LNHIMF_03434	1	persistent	2	0	0
AJBGEP_03565	contig_1	3567628	3568509	+	GEGEGB_03476	1	persistent	2	0	1
AJBGEP_03566	contig_1	3568595	3568738	-	HFCAGB_03617	1	cloud	2	0	0
AJBGEP_03567	contig_1	3569170	3570135	+	GEGEGB_03477	1	persistent	2	0	1
AJBGEP_03568	contig_1	3570161	3570457	+	GEGEGB_03478	1	persistent	2	0	0
AJBGEP_03569	contig_1	3570543	3571427	+	GEGEGB_03479	1	persistent	2	0	0
AJBGEP_03570	contig_1	3571510	3571674	+	GEGEGB_03480	1	persistent	2	0	0
AJBGEP_03571	contig_1	3571825	3573924	+	LNHIMF_03440	1	persistent	3	0	0
AJBGEP_03572	contig_1	3573927	3574589	-	LNHIMF_03441	1	persistent	2	0	0
AJBGEP_03573	contig_1	3575003	3576160	+	BEJGEH_03419	1	persistent	3	0	0
AJBGEP_03574	contig_1	3576172	3579285	+	LNHIMF_03443	2	persistent	4	0	0
AJBGEP_03575	contig_1	3579521	3579742	+	GEGEGB_03485	1	persistent	3	0	0
AJBGEP_03583	contig_1	3586340	3586894	+	GEGEGB_04339	1	persistent	3	0	0
AJBGEP_03584	contig_1	3586870	3587127	-	LNHIMF_03453	1	persistent	2	0	0
AJBGEP_03585	contig_1	3587124	3587945	-	LNHIMF_03454	1	persistent	2	0	0
AJBGEP_03586	contig_1	3587947	3588519	-	LNHIMF_03455	1	persistent	2	0	0
AJBGEP_03587	contig_1	3588524	3589066	-	LNHIMF_03456	1	persistent	2	0	0
AJBGEP_03588	contig_1	3589093	3589566	-	GEGEGB_04334	1	persistent	2	0	0
AJBGEP_03589	contig_1	3589538	3590662	-	LNHIMF_03458	1	persistent	2	0	0
AJBGEP_03590	contig_1	3590794	3591303	+	GEGEGB_04332	1	persistent	2	0	0
AJBGEP_03591	contig_1	3591319	3592266	+	GEGEGB_04331	1	persistent	2	0	0
AJBGEP_03592	contig_1	3592318	3593607	+	LNHIMF_03461	1	persistent	2	0	0
AJBGEP_03593	contig_1	3593629	3595005	+	GEGEGB_04329	1	persistent	2	0	0
AJBGEP_03594	contig_1	3595147	3595560	+	GEGEGB_04328	1	persistent	2	0	0
AJBGEP_03595	contig_1	3595496	3595765	-	GEGEGB_04327	1	persistent	2	0	0
AJBGEP_03596	contig_1	3595823	3596248	-	LNHIMF_03465	1	persistent	2	0	0
AJBGEP_03597	contig_1	3596259	3596627	-	LNHIMF_03466	1	persistent	2	0	0
AJBGEP_03598	contig_1	3596735	3597118	-	GEGEGB_04324	1	persistent	2	0	0
AJBGEP_03599	contig_1	3597159	3598148	-	GEGEGB_04323	1	persistent	1	1	0
AJBGEP_03600	contig_1	3598174	3598794	-	LNHIMF_03469	1	shell	1	2	0
AJBGEP_03601	contig_1	3598864	3599244	+	LNHIMF_03470	1	shell	0	2	0
AJBGEP_03602	contig_1	3599234	3599590	-	LNHIMF_03471	1	shell	0	3	0
AJBGEP_03603	contig_1	3599737	3599853	-	GEGEGB_04319	1	shell	0	2	0
AJBGEP_03604	contig_1	3599885	3601216	-	LNHIMF_03473	1	shell	0	2	0
AJBGEP_03605	contig_1	3601224	3601658	-	GEGEGB_04317	1	shell	0	2	0
AJBGEP_03606	contig_1	3601662	3601841	-	GEGEGB_04316	1	shell	0	2	0
AJBGEP_03607	contig_1	3601845	3602348	-	GEGEGB_04315	1	shell	0	2	0
AJBGEP_03608	contig_1	3602363	3602716	-	GEGEGB_04314	1	shell	0	2	1
AJBGEP_03609	contig_1	3602726	3603259	-	GEGEGB_04313	1	shell	0	2	0
AJBGEP_03610	contig_1	3603272	3603664	-	GEGEGB_04312	1	shell	0	2	0
AJBGEP_03611	contig_1	3603698	3604003	-	GEGEGB_04311	1	shell	0	2	0
AJBGEP_03612	contig_1	3604018	3604557	-	GEGEGB_04310	1	shell	0	2	0
AJBGEP_03613	contig_1	3604572	3604886	-	GEGEGB_04309	1	shell	0	2	0
AJBGEP_03614	contig_1	3604897	3605268	-	GEGEGB_04308	1	shell	0	2	0
AJBGEP_03615	contig_1	3605432	3605686	-	GEGEGB_04307	1	shell	0	2	0
AJBGEP_03616	contig_1	3605686	3605877	-	GEGEGB_04306	1	shell	0	2	0
AJBGEP_03617	contig_1	3605877	3606287	-	GEGEGB_04305	1	shell	0	2	0
AJBGEP_03618	contig_1	3606300	3607001	-	GEGEGB_04304	1	shell	0	2	0
AJBGEP_03619	contig_1	3607019	3607351	-	GEGEGB_04303	1	shell	0	2	0
AJBGEP_03620	contig_1	3607366	3607644	-	GEGEGB_04302	1	shell	0	2	0
AJBGEP_03621	contig_1	3607661	3608482	-	GEGEGB_04301	1	shell	0	2	0
AJBGEP_03622	contig_1	3608500	3608802	-	GEGEGB_04300	1	shell	0	2	1
AJBGEP_03623	contig_1	3608799	3609404	-	GEGEGB_04299	1	shell	0	2	0
AJBGEP_03624	contig_1	3609415	3610044	-	GEGEGB_04298	1	shell	0	2	0
AJBGEP_03625	contig_1	3610077	3610388	-	GEGEGB_04297	1	shell	1	1	0
AJBGEP_03626	contig_1	3610768	3611235	+	GEGEGB_04296	1	persistent	1	1	0
AJBGEP_03627	contig_1	3611232	3611708	-	LNHIMF_03496	1	persistent	2	0	0
AJBGEP_03628	contig_1	3611781	3611975	-	GEGEGB_04294	1	persistent	1	1	0
AJBGEP_03629	contig_1	3612160	3613344	-	GEGEGB_03670	2	shell	2	2	0
AJBGEP_03630	contig_1	3613416	3615530	-	GEGEGB_04292	1	shell	0	2	0
AJBGEP_03631	contig_1	3615627	3616097	-	GEGEGB_04291	1	shell	1	1	0
AJBGEP_03632	contig_1	3616193	3616567	-	GEGEGB_04290	1	persistent	1	1	0
AJBGEP_03633	contig_1	3616693	3616980	-	GEGEGB_04289	1	persistent	2	0	0
AJBGEP_03634	contig_1	3616988	3617344	-	GEGEGB_04288	1	persistent	2	0	0
AJBGEP_03635	contig_1	3617344	3617730	-	LNHIMF_03504	1	persistent	2	0	0
AJBGEP_03636	contig_1	3617730	3618452	-	GEGEGB_04286	1	persistent	2	0	0
AJBGEP_03637	contig_1	3618729	3619547	-	LNHIMF_03506	1	persistent	2	0	0
AJBGEP_03638	contig_1	3619767	3619985	+	GEGEGB_04284	1	persistent	2	0	0
AJBGEP_03639	contig_1	3620173	3620763	-	LNHIMF_03508	1	persistent	2	0	0
AJBGEP_03640	contig_1	3620858	3621058	-	GEGEGB_04282	1	persistent	2	0	0
AJBGEP_03641	contig_1	3621069	3622874	-	GEGEGB_04281	1	persistent	2	0	0
AJBGEP_03642	contig_1	3622874	3623425	-	GEGEGB_04280	1	persistent	2	0	0
AJBGEP_03643	contig_1	3623691	3625598	+	GEGEGB_04279	1	persistent	2	0	1
AJBGEP_03644	contig_1	3625761	3625982	+	LNHIMF_03513	1	persistent	3	0	0
AJBGEP_03645	contig_1	3625984	3626295	-	GEGEGB_04277	1	persistent	2	0	1
AJBGEP_03646	contig_1	3626538	3627560	+	BEJGEH_03492	1	persistent	3	0	0
AJBGEP_03647	contig_1	3627557	3627775	+	GEGEGB_04274	1	persistent	2	0	0
AJBGEP_03648	contig_1	3627827	3628696	+	GEGEGB_04273	1	persistent	2	0	0
AJBGEP_03649	contig_1	3628792	3629196	-	BEJGEH_03495	1	persistent	2	0	0
AJBGEP_03650	contig_1	3629504	3630136	+	GEGEGB_04271	1	persistent	2	0	0
AJBGEP_03651	contig_1	3630185	3632272	+	LNHIMF_03520	1	persistent	2	0	0
AJBGEP_03652	contig_1	3632315	3633532	-	BEJGEH_03498	1	persistent	2	0	0
AJBGEP_03653	contig_1	3633618	3634181	-	GEGEGB_04267	1	persistent	2	0	0
AJBGEP_03654	contig_1	3634213	3634815	-	LNHIMF_03523	1	persistent	2	0	0
AJBGEP_03655	contig_1	3634805	3635077	-	LNHIMF_03524	1	persistent	2	0	0
AJBGEP_03656	contig_1	3635081	3635653	-	GEGEGB_04264	1	persistent	2	0	0
AJBGEP_03657	contig_1	3635930	3637111	+	GEGEGB_04263	1	persistent	2	0	1
AJBGEP_03658	contig_1	3637374	3639917	+	LNHIMF_03527	1	persistent	2	0	1
AJBGEP_03659	contig_1	3639914	3640240	+	GEGEGB_04261	1	persistent	2	0	0
AJBGEP_03660	contig_1	3640506	3641315	+	GEGEGB_04260	1	persistent	2	0	0
AJBGEP_03661	contig_1	3641327	3642700	+	BEJGEH_03507	1	persistent	1	3	1
AJBGEP_03662	contig_1	3643038	3648923	+	AJBGEP_03662	1	shell	2	1	0
AJBGEP_03663	contig_1	3649055	3649513	-	GEGEGB_00250	10	shell	58	4	2
AJBGEP_03666	contig_1	3649827	3649997	+	GEGEGB_04255	1	persistent	1	3	0
AJBGEP_03667	contig_1	3650142	3651146	-	GEGEGB_04254	1	persistent	2	0	0
AJBGEP_03668	contig_1	3651139	3651897	-	BEJGEH_03515	1	persistent	2	0	0
AJBGEP_03669	contig_1	3651890	3652567	-	GEGEGB_04252	1	persistent	2	0	0
AJBGEP_03670	contig_1	3652585	3653421	-	GEGEGB_04251	1	persistent	2	0	0
AJBGEP_03671	contig_1	3653602	3654879	-	LNHIMF_03538	1	persistent	2	0	0
AJBGEP_03672	contig_1	3654977	3656065	-	GEGEGB_04249	1	persistent	2	0	0
AJBGEP_03673	contig_1	3656122	3656643	-	GEGEGB_04248	1	persistent	2	0	0
AJBGEP_03674	contig_1	3657108	3658310	-	LNHIMF_03541	1	persistent	2	0	0
AJBGEP_03675	contig_1	3658261	3658662	-	GEGEGB_04246	1	persistent	2	0	0
AJBGEP_03676	contig_1	3658652	3659125	-	LNHIMF_03543	1	persistent	2	0	0
AJBGEP_03677	contig_1	3659109	3659648	-	GEGEGB_04244	1	persistent	2	0	0
AJBGEP_03678	contig_1	3659648	3660427	-	GEGEGB_04243	1	persistent	2	0	0
AJBGEP_03679	contig_1	3660548	3663100	+	GEGEGB_04242	1	persistent	2	1	0
AJBGEP_03680	contig_1	3663196	3663792	-	LNHIMF_03547	1	persistent	2	1	0
AJBGEP_03681	contig_1	3664082	3666214	+	LNHIMF_03548	1	persistent	2	0	0
AJBGEP_03682	contig_1	3666279	3666947	+	GEGEGB_04239	1	persistent	2	0	0
AJBGEP_03683	contig_1	3666958	3667359	+	LNHIMF_03550	1	persistent	2	0	0
AJBGEP_03684	contig_1	3667384	3668262	+	LNHIMF_03551	1	persistent	2	0	1
AJBGEP_03685	contig_1	3668372	3670081	-	GEGEGB_04236	1	persistent	2	0	1
AJBGEP_03686	contig_1	3670461	3672080	+	GEGEGB_04235	1	persistent	2	0	0
AJBGEP_03687	contig_1	3672155	3673507	-	LNHIMF_03554	1	persistent	2	0	0
AJBGEP_03688	contig_1	3673504	3674223	-	GEGEGB_04233	1	persistent	2	0	0
AJBGEP_03689	contig_1	3674449	3674922	+	GEGEGB_04232	1	persistent	2	0	0
AJBGEP_03690	contig_1	3675021	3677351	+	IKCLMC_02888	1	persistent	2	0	0
AJBGEP_03691	contig_1	3677788	3678015	+	GEGEGB_04230	1	persistent	2	0	0
AJBGEP_03692	contig_1	3678034	3680352	+	LNHIMF_03559	1	persistent	2	0	0
AJBGEP_03693	contig_1	3680365	3680601	+	GEGEGB_04228	1	persistent	2	0	0
AJBGEP_03694	contig_1	3680836	3681750	+	GEGEGB_04227	1	persistent	2	0	0
AJBGEP_03695	contig_1	3681786	3682556	-	GEGEGB_04226	1	persistent	2	0	0
AJBGEP_03696	contig_1	3682594	3683277	+	LNHIMF_03563	1	persistent	2	0	0
AJBGEP_03697	contig_1	3683336	3683911	+	LNHIMF_03564	1	persistent	2	0	0
AJBGEP_03698	contig_1	3684288	3685604	+	GEGEGB_04223	1	persistent	2	0	0
AJBGEP_03699	contig_1	3685723	3687801	-	BEJGEH_03547	1	persistent	2	0	0
AJBGEP_03700	contig_1	3687811	3690204	-	LNHIMF_03567	1	persistent	2	0	0
AJBGEP_03701	contig_1	3690798	3693503	+	ODDLKH_03961	1	persistent	2	1	1
AJBGEP_03702	contig_1	3693591	3693866	-	HFCAGB_03752	1	shell	1	1	0
AJBGEP_03703	contig_1	3693869	3694129	-	HFCAGB_03753	1	shell	0	2	0
AJBGEP_03704	contig_1	3694238	3695257	-	IKCLMC_02875	1	shell	0	2	1
AJBGEP_03705	contig_1	3695261	3696478	-	HFCAGB_03756	1	shell	0	2	0
AJBGEP_03710	contig_1	3696823	3698376	-	HFCAGB_03761	1	shell	0	2	0
AJBGEP_03711	contig_1	3698566	3700149	+	BEJGEH_03558	1	shell	1	1	0
AJBGEP_03712	contig_1	3700146	3700904	-	GEGEGB_04219	1	persistent	2	1	0
AJBGEP_03713	contig_1	3700998	3701828	-	LNHIMF_03570	1	persistent	2	0	0
AJBGEP_03714	contig_1	3701904	3702230	-	GEGEGB_04217	1	persistent	2	0	0
AJBGEP_03715	contig_1	3702429	3703937	+	GEGEGB_04216	1	persistent	3	0	0
AJBGEP_03716	contig_1	3703984	3704529	-	BEJGEH_03563	1	persistent	2	0	1
AJBGEP_03717	contig_1	3704539	3706035	-	HFCAGB_03768	1	persistent	1	1	3
AJBGEP_03718	contig_1	3706192	3707301	-	BEJGEH_03565	1	shell	1	1	1
AJBGEP_03719	contig_1	3707639	3708973	+	BEJGEH_03566	1	shell	0	2	0
AJBGEP_03720	contig_1	3708970	3710685	+	BEJGEH_03567	1	shell	0	2	0
AJBGEP_03721	contig_1	3710729	3711634	+	BEJGEH_03568	1	shell	0	2	0
AJBGEP_03722	contig_1	3711678	3712433	-	BEJGEH_03569	1	shell	1	1	0
AJBGEP_03723	contig_1	3712611	3715058	-	LNHIMF_03577	1	persistent	2	1	1
AJBGEP_03724	contig_1	3715078	3716511	-	LNHIMF_03578	1	persistent	2	0	0
AJBGEP_03725	contig_1	3716511	3717806	-	LNHIMF_03579	1	persistent	2	0	0
AJBGEP_03726	contig_1	3717821	3719797	-	LNHIMF_03580	1	persistent	2	0	0
AJBGEP_03727	contig_1	3719794	3721980	-	GEGEGB_04211	1	persistent	2	0	0
AJBGEP_03728	contig_1	3722327	3723433	-	GEGEGB_04210	1	persistent	2	0	1
AJBGEP_03729	contig_1	3723857	3725197	-	GEGEGB_04208	1	persistent	2	0	1
AJBGEP_03730	contig_1	3725194	3725727	-	GEGEGB_04207	1	persistent	2	0	0
AJBGEP_03731	contig_1	3725866	3726861	-	GEGEGB_04206	1	persistent	2	0	0
AJBGEP_03732	contig_1	3726991	3727686	-	GEGEGB_04205	1	persistent	2	0	0
AJBGEP_03733	contig_1	3727810	3728847	-	LNHIMF_03588	1	persistent	2	1	1
AJBGEP_03734	contig_1	3728906	3729031	+	HFCAGB_03785	1	shell	2	0	0
AJBGEP_03736	contig_1	3729316	3729804	+	GEGEGB_04201	1	persistent	2	1	1
AJBGEP_03737	contig_1	3730068	3731282	+	GEGEGB_04200	1	persistent	2	0	0
AJBGEP_03738	contig_1	3731298	3732059	+	LNHIMF_03592	1	persistent	2	0	0
AJBGEP_03739	contig_1	3732113	3733084	+	GEGEGB_04198	1	persistent	2	0	0
AJBGEP_03740	contig_1	3733081	3734115	+	GEGEGB_04197	1	persistent	2	0	0
AJBGEP_03741	contig_1	3734160	3735902	-	GEGEGB_04196	1	persistent	2	0	0
AJBGEP_03742	contig_1	3736028	3736444	+	GEGEGB_04195	1	persistent	2	0	0
AJBGEP_03743	contig_1	3736457	3737197	-	GEGEGB_04194	1	persistent	2	0	0
AJBGEP_03744	contig_1	3737194	3738264	-	BEJGEH_03592	1	persistent	2	0	0
AJBGEP_03745	contig_1	3738266	3739111	-	GEGEGB_04192	1	persistent	2	0	0
AJBGEP_03746	contig_1	3739108	3739995	-	BENMGJ_02915	1	persistent	2	0	0
AJBGEP_03747	contig_1	3740059	3741375	-	GEGEGB_04190	1	persistent	1	1	1
AJBGEP_03748	contig_1	3741634	3742002	-	AJBGEP_03748	1	shell	1	1	0
AJBGEP_03749	contig_1	3741999	3742220	-	HFCAGB_03800	1	shell	1	1	0
AJBGEP_03750	contig_1	3742352	3743065	-	GEGEGB_04188	1	persistent	1	1	1
AJBGEP_03751	contig_1	3743067	3743834	-	GEGEGB_04187	1	persistent	2	0	0
AJBGEP_03752	contig_1	3743831	3745108	-	GEGEGB_04186	1	persistent	2	0	0
AJBGEP_03753	contig_1	3745105	3746031	-	GEGEGB_04185	1	persistent	2	0	0
AJBGEP_03754	contig_1	3746091	3747200	-	GEGEGB_04184	1	persistent	2	0	0
AJBGEP_03755	contig_1	3747622	3748005	+	GEGEGB_04183	1	persistent	2	0	0
AJBGEP_03756	contig_1	3748200	3749297	-	LNHIMF_03609	1	persistent	2	0	0
AJBGEP_03757	contig_1	3749625	3750479	-	GEGEGB_04180	1	persistent	2	0	0
AJBGEP_03758	contig_1	3750725	3751780	-	LNHIMF_03611	1	persistent	2	0	0
AJBGEP_03759	contig_1	3751773	3752441	-	GEGEGB_04178	1	persistent	2	0	0
AJBGEP_03760	contig_1	3752444	3753919	-	GEGEGB_04177	1	persistent	2	0	0
AJBGEP_03761	contig_1	3754045	3754641	+	GEGEGB_04176	1	persistent	2	0	0
AJBGEP_03762	contig_1	3754631	3754900	+	LNHIMF_03615	1	persistent	2	0	0
AJBGEP_03763	contig_1	3754922	3755293	-	GEGEGB_04174	1	persistent	2	0	0
AJBGEP_03764	contig_1	3755435	3756061	+	GEGEGB_04173	1	persistent	2	0	0
AJBGEP_03765	contig_1	3756142	3758340	+	GEGEGB_04172	1	persistent	2	0	0
AJBGEP_03766	contig_1	3758540	3760183	+	GEGEGB_04171	1	persistent	2	0	0
AJBGEP_03767	contig_1	3760207	3760542	-	LNHIMF_03620	1	persistent	2	0	0
AJBGEP_03768	contig_1	3760622	3761287	+	GEGEGB_04169	1	persistent	2	0	0
AJBGEP_03769	contig_1	3761360	3761917	+	GEGEGB_04168	1	persistent	2	0	0
AJBGEP_03770	contig_1	3761921	3763180	-	LNHIMF_03623	1	persistent	2	0	0
AJBGEP_03771	contig_1	3763270	3764319	+	GEGEGB_04166	1	persistent	2	0	0
AJBGEP_03772	contig_1	3764371	3764949	+	GEGEGB_04165	1	persistent	2	0	0
AJBGEP_03773	contig_1	3765005	3765442	+	GEGEGB_04164	1	persistent	2	0	0
AJBGEP_03774	contig_1	3765532	3766656	-	LNHIMF_03627	1	persistent	2	0	0
AJBGEP_03775	contig_1	3766656	3769397	-	LNHIMF_03628	1	persistent	2	0	0
AJBGEP_03776	contig_1	3769394	3770461	-	LNHIMF_03629	1	persistent	2	0	1
AJBGEP_03777	contig_1	3770767	3771963	-	LNHIMF_03630	1	persistent	2	0	1
AJBGEP_03778	contig_1	3772194	3773690	+	GEGEGB_04152	1	persistent	2	0	0
AJBGEP_03779	contig_1	3773830	3774165	-	GEGEGB_04151	1	persistent	2	0	0
AJBGEP_03780	contig_1	3774553	3774987	+	LNHIMF_03633	1	persistent	2	0	0
AJBGEP_03782	contig_1	3775312	3776784	+	GEGEGB_04148	1	persistent	2	0	0
AJBGEP_03783	contig_1	3776876	3777634	-	LNHIMF_03636	1	persistent	2	0	0
AJBGEP_03784	contig_1	3777641	3779683	-	LNHIMF_03637	1	persistent	2	0	1
AJBGEP_03785	contig_1	3779865	3781136	-	HFCAGB_03837	1	persistent	2	0	0
AJBGEP_03786	contig_1	3781347	3782189	+	GEGEGB_04143	1	persistent	2	0	1
AJBGEP_03787	contig_1	3782294	3783646	+	GEGEGB_04142	1	persistent	2	0	0
AJBGEP_03788	contig_1	3783693	3784736	-	BEJGEH_03636	1	persistent	3	0	0
AJBGEP_03789	contig_1	3784795	3786114	-	LNHIMF_03642	1	persistent	2	0	0
AJBGEP_03790	contig_1	3786168	3787013	-	LNHIMF_03643	1	persistent	2	0	0
AJBGEP_03791	contig_1	3787077	3788054	-	LNHIMF_03644	1	persistent	3	0	0
AJBGEP_03792	contig_1	3788230	3788949	-	GEGEGB_04139	1	persistent	2	0	0
AJBGEP_03793	contig_1	3789275	3790924	+	LNHIMF_03646	1	persistent	2	0	0
AJBGEP_03794	contig_1	3790937	3792526	-	GEGEGB_04137	1	persistent	2	0	0
AJBGEP_03795	contig_1	3792807	3793163	+	LNHIMF_03648	1	persistent	2	0	0
AJBGEP_03796	contig_1	3793169	3793771	-	LNHIMF_03649	1	persistent	2	0	0
AJBGEP_03798	contig_1	3794402	3795301	+	LNHIMF_03650	1	persistent	2	0	0
AJBGEP_03799	contig_1	3795374	3796402	+	GEGEGB_04133	1	persistent	2	0	0
AJBGEP_03800	contig_1	3796753	3798075	+	LNHIMF_03652	1	persistent	2	0	0
AJBGEP_03801	contig_1	3798115	3800175	-	LNHIMF_03653	1	persistent	2	0	0
AJBGEP_03802	contig_1	3800285	3801052	-	LNHIMF_03654	1	persistent	2	0	0
AJBGEP_03803	contig_1	3801281	3802210	+	GEGEGB_04129	1	persistent	2	0	0
AJBGEP_03804	contig_1	3802264	3803751	-	LNHIMF_03656	1	persistent	2	0	0
AJBGEP_03805	contig_1	3803971	3805257	-	LNHIMF_03657	1	persistent	2	0	0
AJBGEP_03806	contig_1	3805415	3807421	-	LNHIMF_03658	1	persistent	2	0	0
AJBGEP_03807	contig_1	3807595	3811137	-	LNHIMF_03659	1	persistent	2	0	0
AJBGEP_03808	contig_1	3811119	3812228	-	LNHIMF_03660	1	persistent	2	0	0
AJBGEP_03809	contig_1	3812232	3814382	-	LNHIMF_03661	1	persistent	2	0	0
AJBGEP_03810	contig_1	3814543	3817167	-	GEGEGB_04120	1	persistent	2	0	0
AJBGEP_03811	contig_1	3817164	3817916	-	LNHIMF_03663	1	persistent	2	0	0
AJBGEP_03812	contig_1	3817917	3818120	-	GEGEGB_04118	1	persistent	2	0	0
AJBGEP_03813	contig_1	3818377	3819936	+	LNHIMF_03665	1	persistent	2	0	0
AJBGEP_03814	contig_1	3819933	3820124	+	GEGEGB_04116	1	persistent	2	0	0
AJBGEP_03815	contig_1	3820121	3821800	+	GEGEGB_04115	1	persistent	2	0	0
AJBGEP_03816	contig_1	3821882	3821989	-	GEGEGB_04114	1	persistent	2	0	0
AJBGEP_03818	contig_1	3822632	3823930	+	LNHIMF_03670	1	persistent	2	0	0
AJBGEP_03819	contig_1	3824031	3825044	-	LNHIMF_03671	1	persistent	2	0	0
AJBGEP_03820	contig_1	3825041	3826024	-	LNHIMF_03672	1	persistent	2	0	0
AJBGEP_03821	contig_1	3826035	3826937	-	LNHIMF_03673	1	persistent	2	0	0
AJBGEP_03822	contig_1	3826947	3827966	-	GEGEGB_04108	1	persistent	2	0	0
AJBGEP_03823	contig_1	3828123	3829730	-	LNHIMF_03675	1	persistent	2	0	0
AJBGEP_03824	contig_1	3830286	3831611	-	LNHIMF_03676	1	persistent	2	0	0
AJBGEP_03825	contig_1	3831669	3832793	-	LNHIMF_03677	1	persistent	2	0	0
AJBGEP_03826	contig_1	3832943	3833950	+	LNHIMF_03678	1	persistent	2	0	0
AJBGEP_03828	contig_1	3834277	3835968	-	GEGEGB_04101	1	persistent	2	1	0
AJBGEP_03829	contig_1	3836186	3836713	-	BEJGEH_03677	1	shell	1	1	1
AJBGEP_03830	contig_1	3836719	3837231	-	HFCAGB_03882	1	shell	0	2	0
AJBGEP_03832	contig_1	3837806	3840334	-	AJBGEP_03832	1	shell	0	2	2
AJBGEP_03833	contig_1	3840357	3841055	-	BEJGEH_03680	1	shell	0	2	1
AJBGEP_03834	contig_1	3841140	3841664	-	BEJGEH_03681	1	shell	1	2	0
AJBGEP_03835	contig_1	3841992	3842180	+	AJBGEP_03835	1	shell	1	1	0
AJBGEP_03836	contig_1	3842182	3842886	-	LNHIMF_03681	1	persistent	2	2	0
AJBGEP_03837	contig_1	3843043	3843624	+	GEGEGB_04099	1	persistent	2	0	0
AJBGEP_03838	contig_1	3843602	3844042	+	GEGEGB_04098	1	persistent	2	0	0
AJBGEP_03839	contig_1	3844011	3846344	-	LNHIMF_03684	1	persistent	2	0	0
AJBGEP_03840	contig_1	3846497	3847159	+	GEGEGB_04096	1	persistent	2	0	0
AJBGEP_03841	contig_1	3847378	3848352	+	GEGEGB_04095	1	persistent	2	0	0
AJBGEP_03842	contig_1	3848402	3849112	-	GEGEGB_04094	1	persistent	2	0	0
AJBGEP_03843	contig_1	3849509	3849841	+	LNHIMF_03688	1	persistent	2	0	0
AJBGEP_03844	contig_1	3850130	3850342	+	GEGEGB_04092	1	persistent	2	0	0
AJBGEP_03845	contig_1	3850516	3851055	+	GEGEGB_04091	1	persistent	3	0	1
AJBGEP_03846	contig_1	3851427	3851912	-	BEJGEH_03692	1	persistent	2	0	1
AJBGEP_03847	contig_1	3851900	3852166	-	GEGEGB_04089	1	persistent	1	1	3
AJBGEP_03848	contig_1	3852365	3852832	-	GEGEGB_04088	1	shell	2	0	1
AJBGEP_03850	contig_1	3853461	3855530	-	LNHIMF_03696	1	persistent	2	1	3
AJBGEP_03851	contig_1	3855540	3856451	-	LNHIMF_03697	1	persistent	2	0	0
AJBGEP_03852	contig_1	3856590	3856892	-	GEGEGB_04084	1	persistent	2	0	1
AJBGEP_03853	contig_1	3857058	3858053	+	BEJGEH_03700	1	persistent	2	0	1
AJBGEP_03854	contig_1	3858076	3858429	-	GEGEGB_04081	1	persistent	2	0	0
AJBGEP_03855	contig_1	3858604	3860058	-	GEGEGB_04080	1	persistent	2	0	0
AJBGEP_03856	contig_1	3860158	3861480	-	LNHIMF_03703	1	persistent	2	0	0
AJBGEP_03857	contig_1	3861843	3863021	+	GEGEGB_04078	1	persistent	2	0	0
AJBGEP_03858	contig_1	3863082	3863906	-	LNHIMF_03705	1	persistent	2	0	0
AJBGEP_03859	contig_1	3864222	3866249	+	LNHIMF_03706	1	persistent	2	0	0
AJBGEP_03860	contig_1	3866423	3867673	+	GEGEGB_04075	1	persistent	2	0	0
AJBGEP_03861	contig_1	3867710	3868183	-	GEGEGB_04074	1	persistent	2	0	0
AJBGEP_03862	contig_1	3868300	3869100	-	GEGEGB_04073	1	persistent	2	0	0
AJBGEP_03863	contig_1	3869330	3870328	+	LNHIMF_03710	1	persistent	2	0	0
AJBGEP_03864	contig_1	3870340	3870804	+	LNHIMF_03711	1	persistent	2	0	0
AJBGEP_03865	contig_1	3870828	3871760	+	GEGEGB_04070	1	persistent	2	0	0
AJBGEP_03866	contig_1	3871899	3872372	+	GEGEGB_04069	1	persistent	2	0	0
AJBGEP_03867	contig_1	3872375	3873652	+	LNHIMF_03714	1	persistent	2	0	0
AJBGEP_03868	contig_1	3873664	3874650	+	GEGEGB_04067	1	persistent	2	0	0
AJBGEP_03869	contig_1	3874654	3876150	+	BEJGEH_03716	1	persistent	2	0	0
AJBGEP_03870	contig_1	3876147	3876809	+	BEJGEH_03717	1	persistent	2	0	0
AJBGEP_03871	contig_1	3876802	3877662	+	LNHIMF_03718	1	persistent	2	0	0
AJBGEP_03872	contig_1	3877656	3878351	+	GEGEGB_04063	1	persistent	2	0	0
AJBGEP_03873	contig_1	3878512	3879327	-	BENMGJ_03040	1	persistent	2	0	0
AJBGEP_03874	contig_1	3879591	3881546	+	LNHIMF_03721	1	persistent	2	0	0
AJBGEP_03875	contig_1	3881664	3883202	-	LNHIMF_03722	1	persistent	2	0	0
AJBGEP_03876	contig_1	3883371	3884252	+	GEGEGB_04059	1	persistent	2	0	1
AJBGEP_03877	contig_1	3884537	3886387	-	BEJGEH_03724	1	persistent	2	0	1
AJBGEP_03878	contig_1	3886384	3887775	-	GEGEGB_04057	1	persistent	2	0	0
AJBGEP_03879	contig_1	3887874	3888482	-	GEGEGB_04056	1	persistent	2	0	1
AJBGEP_03880	contig_1	3888958	3890874	+	GEGEGB_04055	1	persistent	2	0	1
AJBGEP_03881	contig_1	3891095	3892243	+	LNHIMF_03729	1	persistent	2	0	0
AJBGEP_03882	contig_1	3892240	3892830	+	GEGEGB_04053	1	persistent	2	0	0
AJBGEP_03883	contig_1	3892840	3893049	-	LNHIMF_03731	1	persistent	2	0	0
AJBGEP_03884	contig_1	3893340	3893702	+	GEGEGB_04051	1	persistent	2	0	0
AJBGEP_03885	contig_1	3894193	3894876	+	LNHIMF_03733	1	persistent	2	0	0
AJBGEP_03886	contig_1	3894920	3899305	+	LNHIMF_03734	1	persistent	2	0	0
AJBGEP_03888	contig_1	3899604	3901259	+	LNHIMF_03736	1	persistent	2	0	0
AJBGEP_03889	contig_1	3901256	3902032	+	GEGEGB_04046	1	persistent	2	0	0
AJBGEP_03890	contig_1	3902029	3903219	+	GEGEGB_04045	1	persistent	2	0	0
AJBGEP_03891	contig_1	3903283	3903756	+	GEGEGB_04044	1	persistent	3	0	0
AJBGEP_03892	contig_1	3903824	3904828	-	GEGEGB_04043	1	persistent	2	0	0
AJBGEP_03893	contig_1	3905147	3906343	+	BEJGEH_03742	1	persistent	2	0	0
AJBGEP_03894	contig_1	3906417	3907727	+	BEJGEH_03743	1	persistent	2	0	0
AJBGEP_03895	contig_1	3907810	3908631	-	GEGEGB_04039	1	persistent	3	0	0
AJBGEP_03896	contig_1	3908709	3909728	-	GEGEGB_04038	1	persistent	2	0	0
AJBGEP_03897	contig_1	3909728	3910195	-	GEGEGB_04037	1	persistent	2	0	0
AJBGEP_03898	contig_1	3910239	3910490	-	GEGEGB_04036	1	persistent	2	0	0
AJBGEP_03899	contig_1	3910577	3911008	-	GEGEGB_04035	1	persistent	2	0	0
AJBGEP_03900	contig_1	3911256	3912800	+	LNHIMF_03745	1	persistent	2	0	0
AJBGEP_03901	contig_1	3912810	3914093	+	GEGEGB_04033	1	persistent	2	0	0
AJBGEP_03902	contig_1	3914097	3915059	+	GEGEGB_04032	1	persistent	2	0	0
AJBGEP_03903	contig_1	3915046	3916080	-	GEGEGB_04031	1	persistent	2	0	1
AJBGEP_03905	contig_1	3916574	3917599	-	LNHIMF_03750	1	persistent	2	0	1
AJBGEP_03906	contig_1	3917609	3918805	-	GEGEGB_04028	1	persistent	2	0	0
AJBGEP_03907	contig_1	3919008	3919940	+	GEGEGB_04027	1	persistent	2	0	0
AJBGEP_03908	contig_1	3919943	3920989	+	GEGEGB_04026	1	persistent	2	0	0
AJBGEP_03909	contig_1	3920989	3921942	+	GEGEGB_04025	1	persistent	2	0	0
AJBGEP_03910	contig_1	3921982	3923196	+	BEJGEH_03759	1	persistent	2	0	0
AJBGEP_03911	contig_1	3923253	3924398	-	GEGEGB_04023	1	persistent	2	0	0
AJBGEP_03912	contig_1	3924499	3925308	-	LNHIMF_03757	1	persistent	2	0	0
AJBGEP_03913	contig_1	3925458	3926156	-	LNHIMF_03758	1	persistent	2	0	0
AJBGEP_03914	contig_1	3926179	3927189	-	HFCAGB_03967	1	persistent	2	0	0
AJBGEP_03915	contig_1	3927207	3928229	-	HFCAGB_03968	1	persistent	2	0	0
AJBGEP_03916	contig_1	3928226	3929305	-	LNHIMF_03761	1	persistent	2	1	3
AJBGEP_03917	contig_1	3929375	3929584	-	AJBGEP_03917	1	shell	2	0	0
AJBGEP_03918	contig_1	3929640	3930437	-	BEJGEH_03767	1	persistent	2	1	3
AJBGEP_03919	contig_1	3930430	3931554	-	LNHIMF_03764	1	persistent	2	0	0
AJBGEP_03920	contig_1	3931551	3932621	-	LNHIMF_03765	1	persistent	2	0	0
AJBGEP_03921	contig_1	3933030	3934307	+	LNHIMF_03766	1	persistent	2	0	0
AJBGEP_03922	contig_1	3934316	3934795	+	GEGEGB_04012	1	persistent	2	0	0
AJBGEP_03923	contig_1	3934823	3935632	-	GEGEGB_04011	1	persistent	2	0	0
AJBGEP_03924	contig_1	3935730	3935897	-	GEGEGB_04010	1	persistent	2	0	0
AJBGEP_03925	contig_1	3935918	3936154	-	GEGEGB_04009	1	persistent	2	0	0
AJBGEP_03926	contig_1	3936372	3937037	-	GEGEGB_04008	1	persistent	2	0	0
AJBGEP_03927	contig_1	3937210	3938433	+	LNHIMF_03772	1	persistent	2	0	1
AJBGEP_03928	contig_1	3938411	3938869	+	GEGEGB_04006	1	persistent	2	0	0
AJBGEP_03929	contig_1	3938977	3939573	+	LNHIMF_03774	1	persistent	2	0	0
AJBGEP_03930	contig_1	3939651	3940292	-	LNHIMF_03775	1	persistent	2	0	0
AJBGEP_03931	contig_1	3940371	3941087	-	GEGEGB_04003	1	persistent	2	0	0
AJBGEP_03932	contig_1	3941213	3942076	+	GEGEGB_04002	1	persistent	2	0	1
AJBGEP_03933	contig_1	3942126	3943028	-	GEGEGB_04001	1	persistent	2	0	1
AJBGEP_03934	contig_1	3943102	3943983	+	ODDLKH_04192	1	persistent	2	0	0
AJBGEP_03935	contig_1	3944234	3944851	+	LNHIMF_03790	1	persistent	2	0	0
AJBGEP_03936	contig_1	3944848	3946533	-	LNHIMF_03791	1	persistent	2	0	0
AJBGEP_03937	contig_1	3946790	3947413	+	GEGEGB_03996	1	persistent	2	0	0
AJBGEP_03938	contig_1	3947468	3947743	+	GEGEGB_03995	1	persistent	2	0	0
AJBGEP_03939	contig_1	3947762	3949873	+	GEGEGB_03994	1	persistent	2	0	0
AJBGEP_03940	contig_1	3949878	3950567	+	LNHIMF_03795	1	persistent	2	0	0
AJBGEP_03941	contig_1	3950573	3952654	+	GEGEGB_03992	1	persistent	2	1	0
AJBGEP_03942	contig_1	3952657	3953508	-	AJBGEP_03942	1	shell	2	0	0
AJBGEP_03943	contig_1	3953511	3954716	-	GEGEGB_03991	1	persistent	2	1	0
AJBGEP_03944	contig_1	3954944	3956335	+	GEGEGB_03990	1	persistent	2	0	0
AJBGEP_03945	contig_1	3956456	3958165	+	LNHIMF_03799	1	persistent	2	0	0
AJBGEP_03946	contig_1	3958268	3960586	-	LNHIMF_03800	1	persistent	2	0	0
AJBGEP_03947	contig_1	3960598	3961980	-	GEGEGB_03987	1	persistent	2	1	2
AJBGEP_03949	contig_1	3962679	3963023	-	HFCAGB_04002	1	shell	1	1	2
AJBGEP_03950	contig_1	3963701	3964891	+	AJBGEP_03950	1	shell	0	2	0
AJBGEP_03951	contig_1	3964891	3965238	+	AJBGEP_03951	1	shell	0	2	0
AJBGEP_03952	contig_1	3965425	3966462	+	ALJMDI_02303	1	shell	0	2	3
AJBGEP_03953	contig_1	3966574	3966747	-	HFCAGB_04008	1	shell	1	1	0
AJBGEP_03954	contig_1	3967761	3968378	+	LNHIMF_03804	1	persistent	2	1	1
AJBGEP_03955	contig_1	3968453	3971320	+	PAPNPA_01001	1	persistent	2	0	0
AJBGEP_03956	contig_1	3971415	3971879	-	GEGEGB_03975	1	persistent	3	0	1
AJBGEP_03957	contig_1	3971890	3972747	-	BEJGEH_03812	1	persistent	2	0	0
AJBGEP_03958	contig_1	3973531	3974211	+	GEGEGB_03971	2	persistent	5	2	3
AJBGEP_03959	contig_1	3974440	3974919	-	LNHIMF_03809	1	persistent	2	0	0
AJBGEP_03960	contig_1	3975021	3975107	-	GEGEGB_03969	1	persistent	2	0	0
AJBGEP_03961	contig_1	3975120	3975212	-	GEGEGB_03968	1	persistent	2	0	0
AJBGEP_03962	contig_1	3975234	3977960	-	LNHIMF_03812	1	persistent	2	0	1
AJBGEP_03963	contig_1	3978180	3978863	-	GEGEGB_03966	1	persistent	2	0	1
AJBGEP_03964	contig_1	3979384	3980286	+	GEGEGB_03965	1	persistent	2	0	0
AJBGEP_03965	contig_1	3980329	3981270	-	BEJGEH_03820	1	persistent	2	0	0
AJBGEP_03966	contig_1	3981506	3982249	-	LNHIMF_03816	1	persistent	2	0	0
AJBGEP_03967	contig_1	3982236	3983345	-	GEGEGB_03962	1	persistent	2	0	0
AJBGEP_03968	contig_1	3983349	3984206	-	GEGEGB_03961	1	persistent	2	0	0
AJBGEP_03969	contig_1	3984206	3984955	-	GEGEGB_03960	1	persistent	2	0	0
AJBGEP_03970	contig_1	3985101	3985586	-	GEGEGB_03959	1	persistent	2	0	0
AJBGEP_03971	contig_1	3985597	3986022	-	GEGEGB_03958	1	persistent	2	0	0
AJBGEP_03972	contig_1	3986241	3989039	-	BEJGEH_03827	1	persistent	2	0	0
AJBGEP_03973	contig_1	3989236	3989529	+	GEGEGB_03956	1	persistent	2	0	0
AJBGEP_03974	contig_1	3989635	3991017	+	LNHIMF_03824	1	persistent	2	0	0
AJBGEP_03975	contig_1	3991077	3992270	-	GEGEGB_03954	1	persistent	3	0	2
AJBGEP_03976	contig_1	3992486	3992845	+	LNHIMF_03827	1	persistent	2	0	1
AJBGEP_03977	contig_1	3992829	3993152	+	GEGEGB_03952	1	persistent	4	0	2
AJBGEP_03978	contig_1	3993243	3993512	-	GEGEGB_03951	1	persistent	2	0	2
AJBGEP_03979	contig_1	3993522	3994382	-	LNHIMF_03832	1	persistent	2	0	0
AJBGEP_03980	contig_1	3994445	3995929	-	LNHIMF_03833	1	persistent	2	0	0
AJBGEP_03981	contig_1	3995922	3997280	-	GEGEGB_03947	1	persistent	2	0	0
AJBGEP_03982	contig_1	3997356	3997643	-	GEGEGB_03946	1	persistent	2	0	0
AJBGEP_03983	contig_1	3997640	3998113	-	BEJGEH_03838	1	persistent	2	0	0
AJBGEP_03984	contig_1	3998131	3998874	-	GEGEGB_03944	1	persistent	2	0	0
AJBGEP_03985	contig_1	3999227	3999679	-	GEGEGB_03943	1	persistent	3	0	0
AJBGEP_03986	contig_1	3999872	4001263	-	LNHIMF_03839	1	persistent	2	0	0
AJBGEP_03987	contig_1	4001406	4002734	-	LNHIMF_03840	1	persistent	2	0	0
AJBGEP_03988	contig_1	4002744	4004246	-	GEGEGB_03940	1	persistent	2	0	0
AJBGEP_03989	contig_1	4004246	4004836	-	LNHIMF_03842	1	persistent	2	0	0
AJBGEP_03990	contig_1	4004911	4005924	-	GEGEGB_03938	1	persistent	2	0	0
AJBGEP_03991	contig_1	4005936	4007252	-	GEGEGB_03937	1	persistent	2	0	0
AJBGEP_03992	contig_1	4007283	4008203	-	GEGEGB_03936	1	persistent	2	0	0
AJBGEP_03993	contig_1	4008528	4009313	+	GEGEGB_03935	1	persistent	2	0	0
AJBGEP_03994	contig_1	4009315	4009605	-	GEGEGB_03934	1	persistent	2	0	0
AJBGEP_03995	contig_1	4009609	4011297	-	LNHIMF_03848	1	persistent	2	0	0
AJBGEP_03996	contig_1	4011404	4011502	-	GEGEGB_03932	1	persistent	2	0	0
AJBGEP_03998	contig_1	4012136	4012225	+	GEGEGB_03930	1	persistent	2	0	0
AJBGEP_03999	contig_1	4012345	4013178	+	LNHIMF_03852	1	persistent	2	0	0
AJBGEP_04000	contig_1	4013381	4014565	+	GEGEGB_03927	1	persistent	2	0	0
AJBGEP_04001	contig_1	4014492	4015553	-	LNHIMF_03854	1	persistent	2	0	0
AJBGEP_04002	contig_1	4015641	4016564	-	LNHIMF_03855	1	persistent	2	0	0
AJBGEP_04003	contig_1	4016790	4018127	+	LNHIMF_03856	1	persistent	2	0	0
AJBGEP_04004	contig_1	4018145	4019467	+	LNHIMF_03857	1	persistent	2	0	0
AJBGEP_04005	contig_1	4019549	4020079	-	GEGEGB_03922	1	persistent	2	0	0
AJBGEP_04006	contig_1	4020076	4020438	-	LNHIMF_03859	1	persistent	3	0	0
AJBGEP_04007	contig_1	4020428	4020775	-	LNHIMF_03860	1	persistent	2	0	1
AJBGEP_04008	contig_1	4021219	4022880	-	GEGEGB_03919	1	persistent	3	0	1
AJBGEP_04009	contig_1	4023070	4023498	-	LNHIMF_03862	1	persistent	2	0	0
AJBGEP_04010	contig_1	4023608	4024021	-	GEGEGB_03917	1	persistent	2	0	0
AJBGEP_04011	contig_1	4024373	4024663	+	GEGEGB_03916	1	persistent	2	0	0
AJBGEP_04012	contig_1	4024665	4025891	-	LNHIMF_03865	1	persistent	2	0	0
AJBGEP_04013	contig_1	4026013	4027056	-	GEGEGB_00664	2	persistent	3	0	0
AJBGEP_04014	contig_1	4027053	4027610	-	GEGEGB_00663	2	persistent	2	0	1
AJBGEP_04015	contig_1	4027607	4029538	-	GEGEGB_00662	2	persistent	2	0	0
AJBGEP_04016	contig_1	4029535	4030014	-	HFCAGB_02510	2	persistent	2	0	0
AJBGEP_04017	contig_1	4030011	4030223	-	AJBGEP_02420	2	persistent	2	0	0
AJBGEP_04018	contig_1	4030220	4030966	-	GEGEGB_00659	2	persistent	2	0	0
AJBGEP_04019	contig_1	4031009	4031665	-	GEGEGB_00658	2	persistent	2	0	0
AJBGEP_04020	contig_1	4031665	4032291	-	GEGEGB_03907	2	persistent	3	0	0
AJBGEP_04021	contig_1	4032288	4033688	-	GEGEGB_03906	1	persistent	2	0	0
AJBGEP_04022	contig_1	4033878	4034510	-	GEGEGB_03905	1	persistent	2	0	0
AJBGEP_04023	contig_1	4034503	4037055	-	LNHIMF_03876	1	persistent	2	0	0
AJBGEP_04024	contig_1	4037045	4038229	-	LNHIMF_03877	1	persistent	2	0	0
AJBGEP_04025	contig_1	4038323	4039051	+	LNHIMF_03878	1	persistent	2	0	0
AJBGEP_04026	contig_1	4039024	4040064	-	GEGEGB_03900	1	persistent	2	0	0
AJBGEP_04027	contig_1	4040144	4042879	+	GEGEGB_03899	1	persistent	1	1	1
AJBGEP_04028	contig_1	4042905	4044197	-	HFCAGB_04079	1	shell	1	1	0
AJBGEP_04029	contig_1	4044327	4045475	-	HFCAGB_04080	1	shell	0	2	0
AJBGEP_04030	contig_1	4045472	4046089	-	HFCAGB_04081	1	shell	0	2	0
AJBGEP_04031	contig_1	4046073	4046951	-	HFCAGB_04082	1	shell	0	2	0
AJBGEP_04032	contig_1	4046948	4047637	-	HFCAGB_04083	1	shell	1	1	0
AJBGEP_04033	contig_1	4047898	4048743	-	HFCAGB_04084	1	persistent	1	1	3
AJBGEP_04034	contig_1	4049049	4050311	+	GEGEGB_03894	1	persistent	2	0	1
AJBGEP_04035	contig_1	4050328	4051518	+	LNHIMF_03887	1	persistent	2	0	0
AJBGEP_04036	contig_1	4051633	4052529	+	HFCAGB_04087	1	persistent	2	0	0
AJBGEP_04037	contig_1	4052548	4054962	-	GEGEGB_03891	1	persistent	2	0	1
AJBGEP_04038	contig_1	4054991	4056064	-	GEGEGB_03890	1	persistent	2	0	0
AJBGEP_04039	contig_1	4056212	4057312	-	GEGEGB_03889	1	persistent	2	0	0
AJBGEP_04040	contig_1	4057317	4058717	-	GEGEGB_03887	1	persistent	2	0	0
AJBGEP_04042	contig_1	4059571	4059768	-	GEGEGB_03886	1	persistent	2	0	0
AJBGEP_04043	contig_1	4060118	4061764	+	LNHIMF_03895	1	persistent	2	0	0
AJBGEP_04044	contig_1	4061906	4063270	+	BEJGEH_03895	1	persistent	2	0	2
AJBGEP_04045	contig_1	4063526	4064020	+	OEKLIE_00029	1	cloud	1	0	1
AJBGEP_04046	contig_1	4064036	4064746	+	OEKLIE_00030	1	cloud	0	0	3
AJBGEP_04049	contig_1	4065071	4066033	+	OEKLIE_00115	1	cloud	0	0	2
AJBGEP_04050	contig_1	4066033	4066968	+	OEKLIE_00116	1	cloud	1	0	2
AJBGEP_04051	contig_1	4066916	4067077	-	AJBGEP_04051	1	cloud	1	0	1
AJBGEP_04052	contig_1	4067770	4068957	+	LNHIMF_03897	1	persistent	2	0	4
AJBGEP_04053	contig_1	4068926	4069885	+	LNHIMF_03898	1	persistent	2	0	0
AJBGEP_04054	contig_1	4070043	4070798	+	GEGEGB_03881	1	persistent	2	0	0
AJBGEP_04055	contig_1	4070798	4071382	+	HFCAGB_04099	1	persistent	2	0	1
AJBGEP_04056	contig_1	4071427	4072764	-	LNHIMF_03901	1	persistent	2	0	2
AJBGEP_04057	contig_1	4072933	4073598	+	LNHIMF_03902	1	persistent	2	0	1
AJBGEP_04058	contig_1	4073693	4074418	-	GEGEGB_03877	1	persistent	2	0	0
AJBGEP_04059	contig_1	4074433	4075206	-	GEGEGB_03876	1	persistent	2	0	0
AJBGEP_04060	contig_1	4075293	4076183	-	LNHIMF_03905	1	persistent	2	0	0
AJBGEP_04061	contig_1	4076183	4077142	-	GEGEGB_03874	1	persistent	2	0	0
AJBGEP_04062	contig_1	4077278	4078318	-	LNHIMF_03907	1	persistent	2	0	1
AJBGEP_04063	contig_1	4078387	4078488	+	BEJGEH_03909	1	cloud	2	0	0
AJBGEP_04064	contig_1	4078485	4079858	-	LNHIMF_03908	1	persistent	2	0	1
AJBGEP_04065	contig_1	4079907	4080725	-	GEGEGB_03871	1	persistent	2	0	0
AJBGEP_04066	contig_1	4080787	4082577	+	GEGEGB_03870	1	persistent	2	0	1
AJBGEP_04067	contig_1	4082728	4084557	-	LNHIMF_03911	1	persistent	2	0	1
AJBGEP_04068	contig_1	4084746	4086116	-	GEGEGB_03863	1	persistent	2	0	0
AJBGEP_04070	contig_1	4086436	4087134	-	LNHIMF_03914	1	persistent	2	0	0
AJBGEP_04071	contig_1	4087364	4087783	-	GEGEGB_03860	1	persistent	2	0	0
AJBGEP_04072	contig_1	4087804	4089186	-	GEGEGB_03859	1	persistent	2	0	0
AJBGEP_04073	contig_1	4089213	4090076	-	LNHIMF_03917	1	persistent	2	0	2
AJBGEP_04074	contig_1	4090127	4091668	-	GEGEGB_03857	1	persistent	2	0	0
AJBGEP_04075	contig_1	4091681	4092214	-	GEGEGB_03856	1	persistent	2	0	1
AJBGEP_04076	contig_1	4092229	4092699	-	GEGEGB_03855	1	persistent	2	0	0
AJBGEP_04077	contig_1	4092759	4092998	-	GEGEGB_03854	1	persistent	2	0	0
AJBGEP_04078	contig_1	4093045	4093860	-	GEGEGB_03853	1	persistent	2	0	0
AJBGEP_04079	contig_1	4093869	4094249	-	LNHIMF_03923	1	persistent	2	0	1
AJBGEP_04080	contig_1	4094865	4095488	-	GEGEGB_03851	1	persistent	2	0	0
AJBGEP_04081	contig_1	4095591	4097480	-	LNHIMF_03925	1	persistent	2	0	0
AJBGEP_04082	contig_1	4097859	4098302	-	GEGEGB_03849	1	persistent	2	0	0
AJBGEP_04083	contig_1	4098392	4098850	-	GEGEGB_03848	1	persistent	2	0	0
AJBGEP_04084	contig_1	4099001	4099993	+	LNHIMF_03928	1	persistent	2	0	0
AJBGEP_04085	contig_1	4099998	4101449	-	LNHIMF_03929	1	persistent	2	0	0
AJBGEP_04086	contig_1	4101443	4102939	-	LNHIMF_03930	1	persistent	2	0	0
AJBGEP_04087	contig_1	4103287	4105155	+	LNHIMF_03931	1	persistent	2	0	0
AJBGEP_04088	contig_1	4105352	4105771	+	LNHIMF_03932	1	persistent	2	0	0
AJBGEP_04089	contig_1	4105779	4107284	+	HFCAGB_04133	1	persistent	2	0	0
AJBGEP_04090	contig_1	4107290	4108255	+	GEGEGB_03841	1	persistent	2	0	0
AJBGEP_04091	contig_1	4108280	4109170	+	GEGEGB_03840	1	persistent	2	0	0
AJBGEP_04092	contig_1	4109304	4110233	+	LNHIMF_03936	1	persistent	2	0	0
AJBGEP_04093	contig_1	4110246	4111235	+	GEGEGB_03838	1	persistent	2	0	0
AJBGEP_04094	contig_1	4111201	4112628	-	LNHIMF_03938	1	persistent	2	0	0
AJBGEP_04095	contig_1	4112640	4113344	-	GEGEGB_03835	1	persistent	3	0	0
AJBGEP_04103	contig_1	4119236	4120072	-	GEGEGB_03633	1	persistent	3	0	0
AJBGEP_04104	contig_1	4120191	4120529	+	GEGEGB_03632	1	persistent	2	1	0
AJBGEP_04105	contig_1	4120554	4122074	-	LNHIMF_03949	1	persistent	2	1	2
AJBGEP_04106	contig_1	4122664	4124310	+	GEGEGB_03584	1	persistent	2	0	0
AJBGEP_04107	contig_1	4124307	4124570	+	GEGEGB_03583	1	persistent	2	0	0
AJBGEP_04108	contig_1	4124588	4125517	+	GEGEGB_03582	1	persistent	2	0	0
AJBGEP_04109	contig_1	4125678	4127528	+	LNHIMF_03953	1	persistent	2	0	0
AJBGEP_04110	contig_1	4127531	4129075	+	LNHIMF_03954	1	persistent	2	1	1
AJBGEP_04111	contig_1	4129359	4129676	+	HFCAGB_04155	1	shell	2	0	0
AJBGEP_04112	contig_1	4129673	4130014	+	BEJGEH_03957	1	persistent	2	1	0
AJBGEP_04113	contig_1	4130017	4130904	-	GEGEGB_03577	1	persistent	2	0	1
AJBGEP_04114	contig_1	4131068	4132543	+	GEGEGB_03576	1	persistent	2	0	0
AJBGEP_04115	contig_1	4132635	4132916	-	GEGEGB_03575	1	persistent	2	0	1
AJBGEP_04116	contig_1	4133454	4135478	+	GEGEGB_03570	1	persistent	2	0	1
AJBGEP_04117	contig_1	4135518	4136999	-	GEGEGB_03569	1	persistent	2	0	0
AJBGEP_04118	contig_1	4137118	4138383	-	GEGEGB_03568	1	persistent	2	0	0
AJBGEP_04119	contig_1	4138527	4138856	+	GEGEGB_03567	1	persistent	2	0	0
AJBGEP_04120	contig_1	4139275	4140534	+	GEGEGB_03566	1	persistent	2	0	0
AJBGEP_04121	contig_1	4140764	4141867	+	GEGEGB_03565	1	persistent	2	0	0
AJBGEP_04122	contig_1	4141879	4142925	+	LNHIMF_03970	1	persistent	2	0	0
AJBGEP_04123	contig_1	4143026	4144111	+	LNHIMF_03971	1	persistent	2	0	0
AJBGEP_04124	contig_1	4144108	4145370	+	GEGEGB_03562	1	persistent	2	0	0
AJBGEP_04125	contig_1	4145370	4146437	+	LNHIMF_03973	1	persistent	1	1	1
AJBGEP_04126	contig_1	4146470	4146694	+	BEJGEH_03974	1	shell	2	0	0
AJBGEP_04127	contig_1	4146672	4147349	+	LNHIMF_03975	1	persistent	1	1	1
AJBGEP_04128	contig_1	4147354	4148484	+	GEGEGB_03558	1	persistent	2	0	0
AJBGEP_04129	contig_1	4148486	4149736	+	GEGEGB_03557	1	persistent	2	0	0
AJBGEP_04130	contig_1	4149733	4150812	+	LNHIMF_03978	1	persistent	2	0	0
AJBGEP_04131	contig_1	4150809	4152167	+	LNHIMF_03979	1	persistent	2	0	0
AJBGEP_04132	contig_1	4152164	4152904	+	LNHIMF_03980	1	persistent	2	0	0
AJBGEP_04133	contig_1	4153111	4154496	+	HFCAGB_04177	1	persistent	2	0	0
AJBGEP_04140	contig_1	4155613	4156812	-	LNHIMF_03988	1	persistent	2	0	0
AJBGEP_04141	contig_1	4156812	4157981	-	GEGEGB_03545	1	persistent	2	0	0
AJBGEP_04142	contig_1	4158003	4158743	-	LNHIMF_03990	1	persistent	2	0	0
AJBGEP_04143	contig_1	4158740	4159702	-	GEGEGB_03543	1	persistent	2	0	0
AJBGEP_04144	contig_1	4160058	4162604	+	GEGEGB_03542	1	persistent	2	1	0
AJBGEP_04145	contig_1	4162712	4163065	+	AJBGEP_04145	1	shell	1	1	0
AJBGEP_04146	contig_1	4163278	4163793	+	BEJGEH_03994	1	shell	0	2	0
AJBGEP_04147	contig_1	4163805	4164167	+	BEJGEH_03995	1	shell	1	1	0
AJBGEP_04148	contig_1	4164238	4164558	-	GEGEGB_03538	1	persistent	2	1	0
AJBGEP_04149	contig_1	4164628	4165017	-	LNHIMF_03994	1	persistent	1	2	1
AJBGEP_04150	contig_1	4165145	4165237	-	BENMGJ_00575	1	shell	1	1	0
AJBGEP_04151	contig_1	4165276	4165527	-	HFCAGB_04192	1	shell	2	1	0
AJBGEP_04152	contig_1	4165713	4165916	+	GEGEGB_03535	1	persistent	1	1	1
AJBGEP_04153	contig_1	4165953	4166777	+	GEGEGB_03534	1	persistent	2	0	0
AJBGEP_04154	contig_1	4166774	4167481	+	GEGEGB_03533	1	persistent	2	0	0
AJBGEP_04155	contig_1	4167478	4168380	+	GEGEGB_03532	1	persistent	2	0	0
AJBGEP_04156	contig_1	4168380	4169096	+	GEGEGB_03531	1	persistent	2	0	0
AJBGEP_04157	contig_1	4169232	4171394	+	LNHIMF_04001	1	persistent	2	0	0
AJBGEP_04158	contig_1	4171866	4172816	+	GEGEGB_03529	1	persistent	2	2	0
AJBGEP_04159	contig_1	4172865	4173245	-	GEGEGB_03528	1	shell	1	1	0
AJBGEP_04160	contig_1	4173261	4173719	-	GEGEGB_03527	1	shell	1	1	0
AJBGEP_04161	contig_1	4173754	4174638	-	HFCAGB_04202	1	persistent	2	2	0
AJBGEP_04162	contig_1	4174682	4175149	-	GEGEGB_03525	1	persistent	2	0	0
AJBGEP_04163	contig_1	4175314	4176183	+	GEGEGB_03524	1	persistent	2	0	0
AJBGEP_04164	contig_1	4176249	4178096	+	GEGEGB_03523	1	persistent	2	0	0
AJBGEP_04165	contig_1	4178160	4178780	+	GEGEGB_03522	1	persistent	2	0	0
AJBGEP_04166	contig_1	4178820	4179440	-	GEGEGB_03521	1	persistent	2	0	0
AJBGEP_04167	contig_1	4179551	4180567	+	LNHIMF_04009	1	persistent	2	0	0
AJBGEP_04168	contig_1	4180583	4181383	+	LNHIMF_04010	1	persistent	2	0	0
AJBGEP_04169	contig_1	4181464	4182363	+	GEGEGB_03518	1	persistent	2	0	0
AJBGEP_04170	contig_1	4182251	4183204	-	GEGEGB_03517	1	persistent	2	0	0
AJBGEP_04171	contig_1	4183453	4185717	+	LNHIMF_04013	1	persistent	2	0	0
AJBGEP_04172	contig_1	4186109	4187404	+	LNHIMF_04014	1	persistent	2	0	0
AJBGEP_04173	contig_1	4187484	4188296	-	GEGEGB_03514	1	persistent	2	0	0
AJBGEP_04174	contig_1	4188555	4189316	+	GEGEGB_03513	1	persistent	2	0	0
AJBGEP_04175	contig_1	4189456	4190886	+	GEGEGB_03512	1	persistent	2	0	0
AJBGEP_04176	contig_1	4190982	4191737	+	GEGEGB_03511	1	persistent	2	0	0
AJBGEP_04177	contig_1	4191747	4192352	+	GEGEGB_03510	1	persistent	2	0	0
AJBGEP_04179	contig_1	4192349	4193989	+	GEGEGB_03508	1	persistent	2	0	0
AJBGEP_04180	contig_1	4194195	4194449	+	GEGEGB_03507	1	persistent	2	0	0
AJBGEP_04181	contig_1	4194453	4195001	+	GEGEGB_03506	1	persistent	2	0	0
AJBGEP_04182	contig_1	4195004	4195783	+	GEGEGB_03505	1	persistent	2	0	0
AJBGEP_04183	contig_1	4195813	4196607	+	GEGEGB_03504	1	persistent	2	0	0
AJBGEP_04184	contig_1	4196615	4197103	-	LNHIMF_04026	1	persistent	2	0	0
AJBGEP_04185	contig_1	4197289	4198767	+	GEGEGB_03502	1	persistent	2	0	0
AJBGEP_04186	contig_1	4198853	4199554	+	LNHIMF_04028	1	persistent	2	0	0
AJBGEP_04187	contig_1	4199808	4201631	+	GEGEGB_03500	1	persistent	2	0	0
AJBGEP_04188	contig_1	4201828	4202991	-	GEGEGB_03499	1	persistent	2	0	0
AJBGEP_04189	contig_1	4203001	4205190	-	GEGEGB_03498	1	persistent	2	0	0
AJBGEP_04190	contig_1	4205380	4206711	+	GEGEGB_03497	1	persistent	2	0	0
AJBGEP_04191	contig_1	4206711	4207325	+	BEJGEH_04039	1	persistent	2	0	0
AJBGEP_04192	contig_1	4207364	4208815	+	GEGEGB_03495	1	persistent	2	0	0
AJBGEP_04193	contig_1	4208827	4209372	+	GEGEGB_03494	1	persistent	3	0	0
AJBGEP_04200	contig_1	4215268	4215798	-	GEGEGB_03829	1	persistent	3	0	0
AJBGEP_04201	contig_1	4215780	4216364	-	LNHIMF_04043	1	persistent	2	0	0
AJBGEP_04202	contig_1	4216434	4216703	+	GEGEGB_03827	1	persistent	2	0	0
AJBGEP_04203	contig_1	4216780	4217766	+	GEGEGB_03826	1	persistent	2	0	0
AJBGEP_04204	contig_1	4217783	4218406	+	LNHIMF_04046	1	persistent	2	0	0
AJBGEP_04205	contig_1	4218419	4219327	-	GEGEGB_03824	1	persistent	2	0	0
AJBGEP_04206	contig_1	4219715	4222501	+	LNHIMF_04048	1	persistent	2	0	0
AJBGEP_04208	contig_1	4222668	4222715	+	GEGEGB_03822	1	persistent	2	0	0
AJBGEP_04209	contig_1	4222836	4223468	-	GEGEGB_03820	1	persistent	2	0	0
AJBGEP_04210	contig_1	4223735	4223932	+	GEGEGB_03819	1	persistent	2	0	0
AJBGEP_04212	contig_1	4224051	4224566	+	GEGEGB_03817	1	persistent	2	0	0
AJBGEP_04213	contig_1	4224755	4226128	+	GEGEGB_03816	1	persistent	2	0	0
AJBGEP_04214	contig_1	4226218	4226328	-	GEGEGB_03815	1	persistent	2	0	0
AJBGEP_04215	contig_1	4226441	4227850	-	GEGEGB_03814	1	persistent	2	0	0
AJBGEP_04216	contig_1	4227859	4228908	-	GEGEGB_03813	1	persistent	2	0	0
AJBGEP_04217	contig_1	4229183	4230592	-	GEGEGB_03812	1	persistent	2	0	0
AJBGEP_04219	contig_1	4230968	4232791	+	LNHIMF_04061	1	persistent	2	0	1
AJBGEP_04220	contig_1	4232846	4233580	-	GEGEGB_03809	1	persistent	2	0	0
AJBGEP_04221	contig_1	4233565	4234443	-	LNHIMF_04063	1	persistent	2	0	0
AJBGEP_04222	contig_1	4234440	4235681	-	BEJGEH_04070	1	persistent	2	0	0
AJBGEP_04223	contig_1	4235683	4236558	-	LNHIMF_04065	1	persistent	2	0	0
AJBGEP_04224	contig_1	4236551	4237576	-	AJBGEP_04224	1	persistent	2	0	0
AJBGEP_04225	contig_1	4237589	4238437	-	BEJGEH_04073	1	persistent	2	0	0
AJBGEP_04226	contig_1	4238594	4239286	-	LNHIMF_04068	1	persistent	2	0	1
AJBGEP_04227	contig_1	4239354	4240775	-	BEJGEH_04075	1	persistent	2	0	0
AJBGEP_04228	contig_1	4240821	4242203	-	GEGEGB_03799	1	persistent	2	0	0
AJBGEP_04229	contig_1	4242249	4244285	-	LNHIMF_04071	1	persistent	1	2	0
AJBGEP_04230	contig_1	4244329	4245171	-	HFCAGB_04271	1	shell	2	0	0
AJBGEP_04231	contig_1	4245190	4246431	-	BEJGEH_04080	1	persistent	1	2	0
AJBGEP_04232	contig_1	4246447	4247325	-	GEGEGB_03795	1	persistent	2	0	0
AJBGEP_04233	contig_1	4247348	4248244	-	GEGEGB_03794	1	persistent	2	0	0
AJBGEP_04234	contig_1	4248409	4249305	+	GEGEGB_03793	1	persistent	2	0	0
AJBGEP_04235	contig_1	4249339	4250142	+	GEGEGB_03792	1	persistent	2	0	0
AJBGEP_04236	contig_1	4250333	4250932	+	GEGEGB_03791	1	persistent	2	0	0
AJBGEP_04237	contig_1	4251019	4251798	+	GEGEGB_03790	1	persistent	2	0	0
AJBGEP_04238	contig_1	4251795	4252232	+	LNHIMF_04080	1	persistent	2	0	0
AJBGEP_04239	contig_1	4252277	4253218	+	GEGEGB_03788	1	persistent	2	0	0
AJBGEP_04240	contig_1	4253233	4253679	-	GEGEGB_03787	1	persistent	2	0	0
AJBGEP_04241	contig_1	4253676	4253987	-	LNHIMF_04083	1	persistent	2	0	0
AJBGEP_04242	contig_1	4254073	4255002	-	LNHIMF_04084	1	persistent	2	0	1
AJBGEP_04243	contig_1	4255220	4255531	+	LNHIMF_04085	1	persistent	2	0	0
AJBGEP_04244	contig_1	4255532	4255822	+	LNHIMF_04086	1	persistent	2	0	0
AJBGEP_04245	contig_1	4255869	4256798	-	LNHIMF_04087	1	persistent	2	0	1
AJBGEP_04246	contig_1	4256795	4257430	-	GEGEGB_03781	1	persistent	2	0	0
AJBGEP_04247	contig_1	4257427	4258329	-	LNHIMF_04089	1	persistent	2	0	0
AJBGEP_04248	contig_1	4258342	4261392	-	GEGEGB_03779	1	persistent	2	0	0
AJBGEP_04249	contig_1	4261587	4262423	+	GEGEGB_03778	1	persistent	3	0	0
AJBGEP_04250	contig_1	4262691	4263722	-	BEJGEH_04099	1	persistent	2	0	1
AJBGEP_04251	contig_1	4263905	4265005	+	LNHIMF_04092	1	persistent	3	0	1
AJBGEP_04253	contig_1	4265360	4265683	-	LNHIMF_04094	1	persistent	2	0	0
AJBGEP_04254	contig_1	4265683	4266342	-	GEGEGB_03773	1	persistent	2	0	0
AJBGEP_04255	contig_1	4266443	4266991	+	LNHIMF_04096	1	persistent	2	0	0
AJBGEP_04256	contig_1	4267080	4267394	-	GEGEGB_03771	1	persistent	2	0	0
AJBGEP_04257	contig_1	4267391	4268539	-	ALJMDI_00957	1	persistent	2	0	0
AJBGEP_04258	contig_1	4268666	4269493	-	LNHIMF_04099	1	persistent	2	0	0
AJBGEP_04259	contig_1	4269636	4270895	-	GEGEGB_03768	1	persistent	2	0	0
AJBGEP_04260	contig_1	4270892	4272361	-	LNHIMF_04101	1	persistent	2	0	0
AJBGEP_04261	contig_1	4272649	4273485	+	GEGEGB_03766	1	persistent	2	0	0
AJBGEP_04262	contig_1	4273638	4274486	+	GEGEGB_03765	1	persistent	2	0	0
AJBGEP_04263	contig_1	4274483	4275517	-	LNHIMF_04104	1	persistent	2	0	1
AJBGEP_04264	contig_1	4276148	4276819	+	GEGEGB_03763	1	persistent	2	0	1
AJBGEP_04265	contig_1	4276977	4278284	-	LNHIMF_04107	1	persistent	2	0	0
AJBGEP_04266	contig_1	4278277	4278792	-	GEGEGB_03761	1	persistent	2	0	0
AJBGEP_04267	contig_1	4278811	4279794	-	LNHIMF_04109	1	persistent	2	0	0
AJBGEP_04268	contig_1	4280123	4280743	+	GEGEGB_03758	1	persistent	2	0	0
AJBGEP_04269	contig_1	4280813	4281502	+	GEGEGB_03757	1	persistent	2	0	0
AJBGEP_04270	contig_1	4281514	4281909	+	LNHIMF_04112	1	persistent	2	0	1
AJBGEP_04271	contig_1	4281960	4283333	-	GEGEGB_03755	1	persistent	2	0	1
AJBGEP_04272	contig_1	4283330	4284028	-	LNHIMF_04114	1	persistent	2	0	0
AJBGEP_04273	contig_1	4284179	4284679	+	LNHIMF_04115	1	persistent	2	0	1
AJBGEP_04274	contig_1	4284827	4285729	+	GEGEGB_03752	1	persistent	2	0	1
AJBGEP_04275	contig_1	4285914	4286876	+	GEGEGB_03751	1	persistent	2	0	0
AJBGEP_04276	contig_1	4287080	4288069	+	LNHIMF_04118	1	persistent	2	0	0
AJBGEP_04277	contig_1	4288170	4288925	+	GEGEGB_03749	1	persistent	2	0	0
AJBGEP_04278	contig_1	4289188	4290522	+	LNHIMF_04120	1	persistent	2	0	0
AJBGEP_04279	contig_1	4290533	4291492	+	AJBGEP_04279	1	persistent	2	0	0
AJBGEP_04280	contig_1	4291502	4292542	+	GEGEGB_03745	1	persistent	2	0	0
AJBGEP_04281	contig_1	4292605	4293327	+	LNHIMF_04123	1	persistent	2	0	0
AJBGEP_04282	contig_1	4293425	4293589	+	LNHIMF_04124	1	persistent	2	0	0
AJBGEP_04283	contig_1	4293826	4294176	-	LNHIMF_04125	1	persistent	2	0	0
AJBGEP_04284	contig_1	4294190	4295782	-	GEGEGB_03741	1	persistent	2	0	0
AJBGEP_04285	contig_1	4295871	4296830	-	GEGEGB_03740	1	persistent	2	0	0
AJBGEP_04286	contig_1	4297086	4298621	+	LNHIMF_04128	1	persistent	2	0	0
AJBGEP_04287	contig_1	4298615	4299658	+	LNHIMF_04129	1	persistent	2	0	0
AJBGEP_04288	contig_1	4299658	4300656	+	GEGEGB_03737	1	persistent	2	0	0
AJBGEP_04289	contig_1	4300685	4301707	+	GEGEGB_03736	1	persistent	2	0	0
AJBGEP_04290	contig_1	4301736	4302611	+	GEGEGB_03735	1	persistent	2	0	0
AJBGEP_04291	contig_1	4302655	4302984	+	GEGEGB_03734	1	persistent	2	0	0
AJBGEP_04292	contig_1	4302994	4303758	+	LNHIMF_04134	1	persistent	2	0	0
AJBGEP_04293	contig_1	4303850	4304617	-	GEGEGB_03732	1	persistent	2	0	0
AJBGEP_04294	contig_1	4304730	4305326	-	GEGEGB_03731	1	persistent	2	0	0
AJBGEP_04295	contig_1	4305427	4305855	+	GEGEGB_03730	1	persistent	2	0	0
AJBGEP_04296	contig_1	4305962	4306708	-	GEGEGB_03729	1	persistent	2	0	0
AJBGEP_04297	contig_1	4306805	4307815	-	GEGEGB_03728	1	persistent	2	0	0
AJBGEP_04298	contig_1	4307927	4309435	-	LNHIMF_04140	1	persistent	2	0	0
AJBGEP_04299	contig_1	4309456	4310301	-	LNHIMF_04141	1	persistent	2	0	0
AJBGEP_04300	contig_1	4310700	4310939	+	LNHIMF_04142	1	persistent	2	0	0
AJBGEP_04301	contig_1	4311161	4311646	-	GEGEGB_03724	1	persistent	2	0	0
AJBGEP_04302	contig_1	4311739	4312668	-	LNHIMF_04144	1	persistent	2	0	0
AJBGEP_04303	contig_1	4312735	4314066	-	LNHIMF_04145	1	persistent	2	0	0
AJBGEP_04304	contig_1	4314076	4314606	-	GEGEGB_03721	1	persistent	2	0	0
AJBGEP_04305	contig_1	4314698	4315579	-	IKCLMC_00739	1	persistent	2	0	0
AJBGEP_04306	contig_1	4315766	4316791	-	GEGEGB_03719	1	persistent	2	0	0
AJBGEP_04307	contig_1	4316946	4319144	-	LNHIMF_04149	1	persistent	2	0	0
AJBGEP_04308	contig_1	4319348	4319560	+	GEGEGB_03717	1	persistent	2	1	0
AJBGEP_04309	contig_1	4319606	4320268	-	GEGEGB_03716	1	persistent	2	1	0
AJBGEP_04311	contig_1	4320469	4322259	-	LNHIMF_04153	1	persistent	2	0	0
AJBGEP_04312	contig_1	4322716	4323033	-	GEGEGB_03712	1	persistent	2	0	0
AJBGEP_04313	contig_1	4323298	4324458	+	LNHIMF_04155	1	persistent	2	0	0
AJBGEP_04314	contig_1	4324461	4326893	+	IKCLMC_00748	1	persistent	2	0	1
AJBGEP_04315	contig_1	4327009	4327866	-	HFCAGB_04356	1	persistent	2	0	0
AJBGEP_04316	contig_1	4327869	4328867	-	BEJGEH_04168	1	persistent	2	0	0
AJBGEP_04317	contig_1	4329102	4330226	-	LNHIMF_04158	1	persistent	2	0	1
AJBGEP_04318	contig_1	4330362	4331918	+	GEGEGB_03707	1	persistent	2	0	1
AJBGEP_04319	contig_1	4332113	4333003	+	GEGEGB_03703	1	persistent	2	0	1
AJBGEP_04320	contig_1	4333168	4335348	+	GEGEGB_03702	1	persistent	3	0	0
AJBGEP_04321	contig_1	4335406	4336029	-	BEJGEH_04173	1	persistent	2	0	0
AJBGEP_04322	contig_1	4336288	4337391	-	LNHIMF_04162	1	persistent	3	0	0
AJBGEP_04323	contig_1	4337403	4338065	-	BEJGEH_04175	1	persistent	1	1	1
AJBGEP_04324	contig_1	4338076	4340577	-	HFCAGB_04369	1	shell	1	1	0
AJBGEP_04325	contig_1	4340886	4341965	+	HFCAGB_04370	1	shell	0	2	0
AJBGEP_04326	contig_1	4341980	4342300	+	HFCAGB_04371	1	shell	0	2	0
AJBGEP_04327	contig_1	4342399	4344696	+	HFCAGB_04372	1	shell	0	2	0
AJBGEP_04328	contig_1	4344662	4345540	+	HFCAGB_04373	1	shell	0	2	0
AJBGEP_04329	contig_1	4345542	4345895	+	HFCAGB_04374	1	shell	1	1	0
AJBGEP_04330	contig_1	4345882	4346733	-	HFCAGB_04375	1	persistent	1	1	1
AJBGEP_04331	contig_1	4346894	4348627	-	GEGEGB_03697	1	persistent	2	0	0
AJBGEP_04332	contig_1	4348838	4351489	-	LNHIMF_04167	1	persistent	2	0	0
AJBGEP_04333	contig_1	4351858	4353009	-	GEGEGB_03695	1	persistent	2	0	0
AJBGEP_04334	contig_1	4353098	4354102	+	GEGEGB_03694	1	persistent	2	0	0
AJBGEP_04335	contig_1	4354110	4354886	+	GEGEGB_03693	1	persistent	2	0	0
AJBGEP_04336	contig_1	4355004	4356380	+	LNHIMF_04171	1	persistent	2	0	0
AJBGEP_04338	contig_1	4356665	4357582	+	GEGEGB_03690	1	persistent	2	0	0
AJBGEP_04339	contig_1	4357565	4358965	-	GEGEGB_03689	1	persistent	2	0	0
AJBGEP_04340	contig_1	4359164	4359799	+	GEGEGB_03688	1	persistent	2	0	0
AJBGEP_04341	contig_1	4359815	4360174	+	GEGEGB_03687	1	persistent	2	0	0
AJBGEP_04342	contig_1	4360221	4361321	-	LNHIMF_04177	1	persistent	2	0	0
AJBGEP_04343	contig_1	4361695	4363539	+	LNHIMF_04178	1	persistent	2	0	0
AJBGEP_04344	contig_1	4363484	4364335	+	GEGEGB_03684	1	persistent	2	0	0
AJBGEP_04351	contig_1	4370253	4371281	+	LNHIMF_04186	1	persistent	2	0	0
AJBGEP_04352	contig_1	4371278	4372240	+	GEGEGB_03676	1	persistent	2	0	0
AJBGEP_04353	contig_1	4372275	4373201	-	GEGEGB_03675	1	persistent	1	1	0
AJBGEP_04358	contig_1	4374184	4375368	+	GEGEGB_03670	2	shell	2	2	0
AJBGEP_04359	contig_1	4375598	4375981	+	GEGEGB_03669	1	shell	1	1	0
AJBGEP_04360	contig_1	4375983	4376528	+	GEGEGB_03668	1	persistent	1	1	0
AJBGEP_04361	contig_1	4376686	4377114	+	GEGEGB_03667	1	persistent	2	0	0
AJBGEP_04362	contig_1	4377118	4377822	+	GEGEGB_03666	1	persistent	2	0	0
AJBGEP_04363	contig_1	4378242	4378739	+	GEGEGB_03665	1	persistent	2	0	0
AJBGEP_04364	contig_1	4378806	4379171	+	GEGEGB_03664	1	persistent	2	0	0
AJBGEP_04366	contig_1	4379489	4383517	+	GEGEGB_03662	1	persistent	2	0	0
AJBGEP_04367	contig_1	4383594	4387817	+	GEGEGB_03661	1	persistent	2	1	1
AJBGEP_04368	contig_1	4387904	4388182	+	LNHIMF_04203	1	persistent	1	2	1
AJBGEP_04369	contig_1	4388486	4388623	-	GEGEGB_03659	1	shell	2	2	1
AJBGEP_04370	contig_1	4388931	4389941	+	BEJGEH_04217	1	shell	1	2	1
AJBGEP_04371	contig_1	4390603	4391736	-	LNHIMF_04205	1	persistent	1	2	2
AJBGEP_04372	contig_1	4391733	4392503	-	LNHIMF_04206	1	persistent	3	0	0
AJBGEP_04373	contig_1	4392505	4392678	-	ODDLKH_00019	1	persistent	2	0	0
AJBGEP_04374	contig_1	4392686	4393444	-	LNHIMF_04208	1	persistent	3	0	0
AJBGEP_04375	contig_1	4393437	4394072	-	LNHIMF_04209	1	persistent	2	0	0
AJBGEP_04376	contig_1	4394072	4395967	-	LNHIMF_04210	1	persistent	2	0	0
AJBGEP_04377	contig_1	4396331	4396819	-	LNHIMF_04211	1	persistent	2	0	0
AJBGEP_04378	contig_1	4396912	4397685	+	LNHIMF_04212	1	persistent	2	0	0
AJBGEP_04379	contig_1	4397726	4398790	+	GEGEGB_03650	1	persistent	2	0	0
AJBGEP_04380	contig_1	4398800	4399471	+	GEGEGB_03649	1	persistent	2	0	0
AJBGEP_04381	contig_1	4399513	4400103	+	GEGEGB_03648	1	persistent	2	0	0
AJBGEP_04382	contig_1	4400290	4400562	+	GEGEGB_03647	1	persistent	2	0	0
AJBGEP_04383	contig_1	4400574	4401266	+	GEGEGB_03646	1	persistent	2	0	0
AJBGEP_04384	contig_1	4401308	4401763	-	GEGEGB_03645	1	persistent	2	0	0
AJBGEP_04385	contig_1	4401828	4403414	+	BEJGEH_04232	1	persistent	2	0	0
AJBGEP_04386	contig_1	4403420	4404745	+	LNHIMF_04220	1	persistent	2	0	0
AJBGEP_04387	contig_1	4404742	4406031	-	GEGEGB_03642	1	persistent	2	0	0
AJBGEP_04388	contig_1	4406043	4407632	-	BEJGEH_04235	1	persistent	3	0	0
AJBGEP_04394	contig_1	4413786	4414223	-	LNHIMF_04228	1	persistent	3	0	0
AJBGEP_04395	contig_1	4414380	4415309	+	LNHIMF_04229	1	persistent	2	0	0
AJBGEP_04396	contig_1	4415578	4417179	+	LNHIMF_04230	1	persistent	2	0	0
AJBGEP_04397	contig_1	4417211	4418515	+	LNHIMF_04231	1	persistent	2	0	0
AJBGEP_04398	contig_1	4418617	4420368	+	LNHIMF_04232	1	persistent	3	0	1
AJBGEP_04399	contig_1	4420332	4420766	-	LNHIMF_04233	1	persistent	2	0	0
AJBGEP_04400	contig_1	4420750	4421574	-	LNHIMF_04234	1	persistent	3	0	1
AJBGEP_04401	contig_1	4421878	4425561	+	LNHIMF_04235	1	persistent	2	0	1
AJBGEP_04402	contig_1	4425828	4427459	+	LNHIMF_04236	1	persistent	2	0	1
AJBGEP_04403	contig_1	4427535	4428224	-	LNHIMF_04237	1	persistent	2	0	0
AJBGEP_04404	contig_1	4428432	4428971	+	GEGEGB_04354	1	persistent	2	0	0
AJBGEP_04405	contig_1	4429018	4429887	+	GEGEGB_04355	1	persistent	2	0	0
AJBGEP_04406	contig_1	4429884	4430156	-	GEGEGB_04356	1	persistent	1	2	0
AJBGEP_04407	contig_1	4430491	4431195	-	BEJGEH_04258	1	shell	1	1	0
AJBGEP_04408	contig_1	4431457	4432185	-	BEJGEH_04259	1	shell	0	4	2
AJBGEP_04409	contig_1	4432921	4433376	-	AJBGEP_04409	1	shell	0	1	6
AJBGEP_04410	contig_1	4433373	4433978	-	OEKLIE_03352	1	cloud	0	1	1
AJBGEP_04411	contig_1	4433983	4435728	-	OEKLIE_03353	1	cloud	0	1	1
AJBGEP_04412	contig_1	4435731	4436363	-	AJBGEP_04412	1	shell	0	1	5
AJBGEP_04413	contig_1	4436356	4437471	-	AJBGEP_04413	1	shell	0	2	0
AJBGEP_04414	contig_1	4437462	4437821	-	BEJGEH_04265	1	shell	0	2	1
AJBGEP_04415	contig_1	4437985	4439532	-	AJBGEP_04415	1	shell	1	1	1
AJBGEP_04416	contig_1	4439532	4440461	-	BEJGEH_04267	2	persistent	1	3	6
AJBGEP_04417	contig_1	4441148	4441870	-	BEJGEH_04268	1	shell	1	1	0
AJBGEP_04418	contig_1	4441880	4442923	-	BEJGEH_04269	1	shell	0	2	0
AJBGEP_04419	contig_1	4442911	4443120	-	BEJGEH_04270	1	shell	0	2	0
AJBGEP_04420	contig_1	4443120	4444073	-	AJBGEP_04420	1	shell	0	2	0
AJBGEP_04421	contig_1	4444073	4446427	-	IKCLMC_01017	1	shell	0	2	0
AJBGEP_04422	contig_1	4446612	4446929	-	BEJGEH_04273	1	shell	0	2	0
AJBGEP_04423	contig_1	4446981	4447505	-	BEJGEH_04274	1	shell	0	2	0
AJBGEP_04424	contig_1	4447505	4448932	-	AJBGEP_04424	1	shell	0	2	0
AJBGEP_04425	contig_1	4448922	4449119	-	BEJGEH_04276	1	shell	0	2	0
AJBGEP_04426	contig_1	4449116	4449571	-	AJBGEP_04426	1	shell	0	2	0
AJBGEP_04427	contig_1	4449731	4450045	-	BEJGEH_04278	1	shell	0	2	0
AJBGEP_04428	contig_1	4450058	4450630	-	BEJGEH_04279	1	shell	0	2	0
AJBGEP_04429	contig_1	4450666	4450953	-	BEJGEH_04280	1	shell	0	2	0
AJBGEP_04430	contig_1	4451529	4451876	+	BEJGEH_04281	1	shell	1	2	0
AJBGEP_04431	contig_1	4452009	4453358	-	GEGEGB_04361	1	persistent	1	2	0
AJBGEP_04432	contig_1	4453703	4455352	+	GEGEGB_04362	1	persistent	2	0	0
AJBGEP_04434	contig_1	4455793	4456038	+	GEGEGB_04364	1	persistent	2	0	0
AJBGEP_04435	contig_1	4456102	4456740	+	GEGEGB_04365	1	persistent	2	0	0
AJBGEP_04436	contig_1	4456737	4457474	+	GEGEGB_04366	1	persistent	2	0	0
AJBGEP_04437	contig_1	4457474	4459570	+	BEJGEH_04288	1	persistent	2	0	0
AJBGEP_04438	contig_1	4459713	4460123	+	GEGEGB_04368	1	persistent	2	0	1
AJBGEP_04439	contig_1	4460289	4461179	-	GEGEGB_04369	1	persistent	2	0	1
AJBGEP_04440	contig_1	4461194	4462738	-	GEGEGB_04370	1	persistent	2	0	0
AJBGEP_04441	contig_1	4462870	4464060	-	GEGEGB_04371	1	persistent	2	0	0
AJBGEP_04442	contig_1	4464422	4465531	+	GEGEGB_04372	1	persistent	2	0	0
AJBGEP_04443	contig_1	4465620	4466978	+	PAPNPA_02752	1	persistent	2	0	0
AJBGEP_04444	contig_1	4467142	4468059	+	GEGEGB_04374	1	persistent	2	0	0
AJBGEP_04445	contig_1	4468240	4468737	+	LNHIMF_04260	1	persistent	2	0	0
AJBGEP_04446	contig_1	4468751	4469623	+	GEGEGB_04376	1	persistent	2	0	0
AJBGEP_04447	contig_1	4469722	4472142	-	LNHIMF_04262	1	persistent	2	0	0
AJBGEP_04448	contig_1	4472313	4472681	+	GEGEGB_04378	1	persistent	2	0	0
AJBGEP_04449	contig_1	4472790	4473398	+	GEGEGB_04379	1	persistent	2	0	0
AJBGEP_04450	contig_1	4473577	4474902	+	LNHIMF_04265	1	persistent	3	0	0
AJBGEP_04451	contig_1	4474884	4475012	+	GEGEGB_04381	1	persistent	2	0	0
AJBGEP_04452	contig_1	4475031	4475243	+	GEGEGB_04382	1	persistent	3	0	0
AJBGEP_04453	contig_1	4475342	4475857	-	GEGEGB_04383	1	persistent	2	0	0
AJBGEP_04454	contig_1	4476104	4477414	+	LNHIMF_04269	1	persistent	2	0	1
AJBGEP_04455	contig_1	4477502	4478500	+	GEGEGB_04385	1	persistent	2	0	1
AJBGEP_04456	contig_1	4478668	4478910	+	GEGEGB_04386	1	persistent	2	0	0
AJBGEP_04457	contig_1	4479085	4480068	-	LNHIMF_04331	1	persistent	2	0	0
AJBGEP_04458	contig_1	4480133	4481548	+	GEGEGB_04388	1	persistent	2	0	0
AJBGEP_04459	contig_1	4481580	4482659	+	GEGEGB_04389	1	persistent	2	0	0
AJBGEP_04460	contig_1	4482845	4484038	+	LNHIMF_04334	1	persistent	2	0	0
AJBGEP_04461	contig_1	4484225	4484938	+	GEGEGB_04391	1	persistent	2	0	0
AJBGEP_04462	contig_1	4485067	4485483	+	GEGEGB_04392	1	persistent	2	0	0
AJBGEP_04463	contig_1	4485486	4485842	+	LNHIMF_04337	1	persistent	2	0	0
AJBGEP_04464	contig_1	4485843	4486181	-	LNHIMF_04338	1	persistent	2	0	0
AJBGEP_04465	contig_1	4486168	4486611	-	LNHIMF_04339	1	persistent	2	0	0
AJBGEP_04466	contig_1	4486755	4489580	-	GEGEGB_04396	1	persistent	2	0	0
AJBGEP_04467	contig_1	4489828	4490358	+	GEGEGB_04397	1	persistent	2	0	0
AJBGEP_04468	contig_1	4491399	4492031	+	GEGEGB_04398	1	persistent	2	0	0
AJBGEP_04469	contig_1	4492028	4493416	+	LNHIMF_04343	1	persistent	2	0	0
AJBGEP_04470	contig_1	4493406	4494725	+	LNHIMF_04344	1	persistent	2	0	0
AJBGEP_04471	contig_1	4494722	4495999	+	BEJGEH_04322	1	persistent	2	0	0
AJBGEP_04472	contig_1	4496016	4512695	+	PAPNPA_02781	1	persistent	2	0	0
AJBGEP_04473	contig_1	4512735	4514801	+	LNHIMF_04348	1	persistent	2	0	0
AJBGEP_04474	contig_1	4515079	4515360	-	GEGEGB_04405	1	persistent	2	0	0
AJBGEP_04475	contig_1	4515923	4517524	+	BEJGEH_04326	1	persistent	2	0	0
AJBGEP_04476	contig_1	4517512	4517835	-	GEGEGB_04407	1	persistent	2	0	0
AJBGEP_04477	contig_1	4517922	4518380	+	GEGEGB_04408	1	persistent	2	0	0
AJBGEP_04479	contig_1	4518673	4519341	+	LNHIMF_04354	1	persistent	2	0	0
AJBGEP_04480	contig_1	4519688	4521037	+	GEGEGB_04411	1	persistent	2	0	0
AJBGEP_04481	contig_1	4521145	4522833	+	AJBGEP_04481	1	persistent	2	0	0
AJBGEP_04482	contig_1	4522928	4523815	-	GEGEGB_04413	1	persistent	2	0	0
AJBGEP_04483	contig_1	4523919	4524329	+	GEGEGB_04414	1	persistent	2	0	0
AJBGEP_04484	contig_1	4524322	4525011	+	LNHIMF_04359	1	persistent	2	0	0
AJBGEP_04485	contig_1	4525050	4526699	-	LNHIMF_04360	1	persistent	2	0	0
AJBGEP_04486	contig_1	4526696	4527010	-	GEGEGB_04417	1	persistent	2	0	0
AJBGEP_04487	contig_1	4527256	4529214	-	LNHIMF_04362	1	persistent	2	0	0
AJBGEP_04488	contig_1	4529646	4531082	+	LNHIMF_04363	1	persistent	2	0	0
AJBGEP_04489	contig_1	4531194	4531760	+	GEGEGB_04420	1	persistent	2	0	0
AJBGEP_04490	contig_1	4531757	4532428	+	LNHIMF_04365	1	persistent	2	0	0
AJBGEP_04491	contig_1	4532425	4533381	+	GEGEGB_04422	1	persistent	1	2	0
AJBGEP_04492	contig_1	4533374	4535596	+	AJBGEP_04492	1	shell	2	0	0
AJBGEP_04493	contig_1	4535593	4536213	+	GEGEGB_04424	1	persistent	1	2	0
AJBGEP_04494	contig_1	4536558	4537868	+	LNHIMF_04369	1	persistent	2	0	1
AJBGEP_04495	contig_1	4538026	4538715	-	BEJGEH_04347	1	persistent	2	0	1
AJBGEP_04496	contig_1	4538892	4541039	-	LNHIMF_04371	1	persistent	2	0	0
AJBGEP_04497	contig_1	4541394	4542302	-	GEGEGB_04428	1	persistent	2	0	0
AJBGEP_04498	contig_1	4542560	4542994	-	GEGEGB_04429	1	persistent	2	0	0
AJBGEP_04499	contig_1	4543146	4543589	-	GEGEGB_04430	1	persistent	2	0	0
AJBGEP_04500	contig_1	4543709	4544044	-	GEGEGB_04431	1	persistent	2	0	1
AJBGEP_04501	contig_1	4544512	4546014	+	BEJGEH_04353	1	persistent	2	0	0
AJBGEP_04503	contig_1	4546084	4546173	+	GEGEGB_04434	1	persistent	2	0	1
AJBGEP_04504	contig_1	4546181	4547260	-	GEGEGB_04435	1	persistent	2	0	0
AJBGEP_04505	contig_1	4547261	4547929	-	LNHIMF_04380	1	persistent	2	0	0
AJBGEP_04506	contig_1	4547926	4549569	-	GEGEGB_04437	1	persistent	2	0	0
AJBGEP_04507	contig_1	4549703	4551040	-	GEGEGB_04438	1	persistent	2	0	0
AJBGEP_04508	contig_1	4551180	4551941	-	LNHIMF_04383	1	persistent	2	0	1
AJBGEP_04509	contig_1	4552239	4554509	-	GEGEGB_04440	1	persistent	2	0	0
AJBGEP_04510	contig_1	4554739	4555671	-	GEGEGB_04441	1	persistent	2	0	0
AJBGEP_04511	contig_1	4555943	4557295	+	LNHIMF_04386	1	persistent	2	0	0
AJBGEP_04512	contig_1	4557379	4558809	+	LNHIMF_04387	1	persistent	2	0	0
AJBGEP_04513	contig_1	4558907	4560553	-	GEGEGB_01415	2	persistent	4	0	0
AJBGEP_04514	contig_1	4560649	4561989	-	LNHIMF_04389	1	persistent	2	0	0
AJBGEP_04515	contig_1	4562136	4562402	-	GEGEGB_04446	1	persistent	2	0	0
AJBGEP_04516	contig_1	4562719	4563438	-	BEJGEH_04371	1	persistent	2	0	0
AJBGEP_04517	contig_1	4563435	4565066	-	LNHIMF_04392	1	persistent	2	0	0
AJBGEP_04518	contig_1	4565422	4567851	+	LNHIMF_04393	1	persistent	2	0	0
AJBGEP_04519	contig_1	4567865	4568491	+	LNHIMF_04394	1	persistent	2	0	0
AJBGEP_04520	contig_1	4568484	4569257	+	LNHIMF_04395	1	persistent	2	0	0
AJBGEP_04521	contig_1	4569333	4569926	+	LNHIMF_04396	1	persistent	2	0	0
AJBGEP_04522	contig_1	4570010	4571410	-	LNHIMF_04397	1	persistent	2	0	0
AJBGEP_04523	contig_1	4571759	4572619	+	GEGEGB_04456	1	persistent	1	0	5
AJBGEP_04525	contig_1	4572913	4573275	-	AJBGEP_04525	1	cloud	2	0	0
AJBGEP_04526	contig_1	4573428	4573700	-	GEGEGB_04459	1	persistent	1	0	5
AJBGEP_04527	contig_1	4573712	4574587	-	GEGEGB_04460	1	persistent	2	2	0
AJBGEP_04528	contig_1	4575390	4575683	+	GEGEGB_04603	1	persistent	2	1	1
AJBGEP_04529	contig_1	4575680	4576171	+	ONMMKP_03725	1	persistent	2	0	4
AJBGEP_04530	contig_1	4576419	4577171	-	LNHIMF_04420	1	persistent	2	1	4
AJBGEP_04531	contig_1	4578381	4578758	-	OEKLIE_03473	1	cloud	1	0	1
AJBGEP_04532	contig_1	4578830	4579162	+	OEKLIE_03474	1	cloud	1	0	1
AJBGEP_04534	contig_1	4579601	4580176	-	LNHIMF_04422	1	persistent	2	0	3
AJBGEP_04535	contig_1	4580213	4581916	-	LNHIMF_04423	1	persistent	2	0	0
AJBGEP_04536	contig_1	4581892	4582239	-	GEGEGB_04621	1	persistent	2	0	0
AJBGEP_04537	contig_1	4582360	4583661	-	LNHIMF_04425	1	persistent	2	0	0
AJBGEP_04538	contig_1	4583776	4585212	-	GEGEGB_04623	1	persistent	2	0	0
AJBGEP_04539	contig_1	4585514	4586029	+	LNHIMF_04427	1	persistent	2	0	0
AJBGEP_04540	contig_1	4586088	4587350	-	LNHIMF_04428	1	persistent	2	0	0
AJBGEP_04541	contig_1	4587605	4587898	+	GEGEGB_04626	1	persistent	2	0	0
AJBGEP_04542	contig_1	4587942	4589588	+	GEGEGB_04627	1	persistent	2	0	0
AJBGEP_04543	contig_1	4589832	4590185	+	GEGEGB_04628	1	persistent	2	0	0
AJBGEP_04544	contig_1	4590233	4591090	-	LNHIMF_04432	1	persistent	2	0	0
AJBGEP_04545	contig_1	4591372	4592400	-	BEJGEH_04410	1	persistent	2	0	0
AJBGEP_04546	contig_1	4592441	4593007	+	GEGEGB_04631	1	persistent	2	1	0
AJBGEP_04547	contig_1	4593029	4593202	+	GEGEGB_04632	1	shell	2	0	0
AJBGEP_04548	contig_1	4593487	4594074	-	LNHIMF_04435	1	persistent	2	1	0
AJBGEP_04549	contig_1	4594331	4594648	+	GEGEGB_04634	1	persistent	2	0	0
AJBGEP_04550	contig_1	4594665	4595198	-	LNHIMF_04437	1	persistent	2	0	0
AJBGEP_04551	contig_1	4595310	4595669	-	GEGEGB_04636	1	persistent	2	0	0
AJBGEP_04552	contig_1	4595680	4596075	-	GEGEGB_04637	1	persistent	2	0	0
AJBGEP_04553	contig_1	4596086	4596820	-	GEGEGB_04638	1	persistent	2	0	0
AJBGEP_04554	contig_1	4596813	4598603	-	GEGEGB_04639	1	persistent	2	0	0
AJBGEP_04555	contig_1	4598926	4599903	+	LNHIMF_04442	1	persistent	2	0	0
AJBGEP_04556	contig_1	4600129	4601631	+	GEGEGB_04641	1	persistent	2	2	0
AJBGEP_04557	contig_1	4601683	4601997	+	BEJGEH_04422	1	shell	2	0	0
AJBGEP_04558	contig_1	4602064	4605390	-	GEGEGB_04643	1	persistent	2	2	0
AJBGEP_04559	contig_1	4605409	4606377	-	LNHIMF_04445	1	persistent	2	0	0
AJBGEP_04560	contig_1	4606469	4607521	-	GEGEGB_04645	1	persistent	2	0	0
AJBGEP_04561	contig_1	4607628	4608173	+	GEGEGB_04646	1	persistent	2	0	0
AJBGEP_04562	contig_1	4608235	4608975	-	LNHIMF_04448	1	persistent	2	0	0
AJBGEP_04566	contig_1	4610060	4611199	-	LNHIMF_04451	1	persistent	2	0	0
AJBGEP_04567	contig_1	4611201	4612745	+	LNHIMF_04452	1	persistent	2	0	0
AJBGEP_04568	contig_1	4612717	4613178	+	GEGEGB_04652	1	persistent	2	0	0
AJBGEP_04569	contig_1	4613195	4614514	+	GEGEGB_04653	1	persistent	2	0	0
AJBGEP_04570	contig_1	4614524	4616380	+	GEGEGB_04654	1	persistent	2	0	0
AJBGEP_04571	contig_1	4616373	4617323	+	LNHIMF_04456	1	persistent	2	0	0
AJBGEP_04572	contig_1	4617406	4617714	+	GEGEGB_04656	1	persistent	2	0	0
AJBGEP_04573	contig_1	4617786	4619066	+	LNHIMF_04458	1	persistent	2	0	0
AJBGEP_04574	contig_1	4619281	4620540	+	LNHIMF_04459	1	persistent	2	0	0
AJBGEP_04575	contig_1	4620543	4621547	+	GEGEGB_04659	1	persistent	2	0	0
AJBGEP_04576	contig_1	4621626	4621823	+	GEGEGB_04660	1	persistent	2	0	1
AJBGEP_04577	contig_1	4621926	4623224	+	GEGEGB_04661	1	persistent	2	0	0
AJBGEP_04578	contig_1	4623431	4623856	+	LNHIMF_04463	1	persistent	2	0	0
AJBGEP_04579	contig_1	4623894	4626332	+	GEGEGB_04663	1	persistent	2	0	0
AJBGEP_04580	contig_1	4626423	4627154	+	LNHIMF_04465	1	persistent	2	0	0
AJBGEP_04581	contig_1	4627286	4627690	+	LNHIMF_04466	1	persistent	2	0	0
AJBGEP_04582	contig_1	4627705	4628403	+	BEJGEH_04447	1	persistent	2	0	1
AJBGEP_04583	contig_1	4628403	4629473	+	AJBGEP_04583	1	persistent	2	0	0
AJBGEP_04584	contig_1	4629470	4630129	+	GEGEGB_04668	1	persistent	2	0	1
AJBGEP_04585	contig_1	4630147	4630545	+	GEGEGB_04669	1	persistent	2	0	0
AJBGEP_04586	contig_1	4630555	4631193	+	BEJGEH_04451	1	persistent	2	0	0
AJBGEP_04587	contig_1	4631196	4632359	+	GEGEGB_04671	1	persistent	2	0	0
AJBGEP_04588	contig_1	4632444	4634066	+	LNHIMF_04473	1	persistent	2	0	0
AJBGEP_04589	contig_1	4634111	4634386	-	GEGEGB_04673	1	persistent	2	0	0
AJBGEP_04590	contig_1	4634517	4634819	-	LNHIMF_04475	1	persistent	2	0	0
AJBGEP_04591	contig_1	4635030	4635779	+	GEGEGB_04675	1	persistent	2	0	0
AJBGEP_04592	contig_1	4635776	4636531	-	GEGEGB_04676	1	persistent	2	0	0
AJBGEP_04593	contig_1	4636636	4637700	-	GEGEGB_04677	1	persistent	2	0	0
AJBGEP_04594	contig_1	4638063	4639460	+	LNHIMF_04479	1	persistent	2	0	1
AJBGEP_04595	contig_1	4639476	4639781	+	BEJGEH_04460	1	persistent	2	0	0
AJBGEP_04596	contig_1	4639791	4640255	+	LNHIMF_04481	1	persistent	2	0	1
AJBGEP_04597	contig_1	4640269	4640919	+	LNHIMF_04482	1	persistent	2	0	0
AJBGEP_04598	contig_1	4640929	4641783	+	LNHIMF_04483	1	persistent	2	0	0
AJBGEP_04599	contig_1	4641783	4642469	+	PAPNPA_02919	1	persistent	2	0	1
AJBGEP_04600	contig_1	4642598	4642873	-	AJBGEP_04600	1	persistent	2	0	0
AJBGEP_04601	contig_1	4643344	4643739	+	GEGEGB_04685	1	persistent	2	0	1
AJBGEP_04602	contig_1	4643746	4644060	+	GEGEGB_04686	1	persistent	2	0	0
AJBGEP_04603	contig_1	4644065	4644292	+	GEGEGB_04687	1	persistent	2	0	0
AJBGEP_04604	contig_1	4644334	4644783	+	GEGEGB_04688	1	persistent	2	0	0
AJBGEP_04605	contig_1	4644931	4645857	+	LNHIMF_04491	1	persistent	2	0	0
AJBGEP_04606	contig_1	4645907	4646542	-	LNHIMF_04492	1	persistent	2	0	0
AJBGEP_04607	contig_1	4646762	4647382	+	GEGEGB_04691	1	persistent	2	0	0
AJBGEP_04608	contig_1	4647678	4649087	+	LNHIMF_04494	1	persistent	2	0	1
AJBGEP_04609	contig_1	4649199	4649861	-	LNHIMF_04495	1	persistent	2	0	1
AJBGEP_04610	contig_1	4649964	4650929	-	LNHIMF_04496	1	persistent	2	0	0
AJBGEP_04611	contig_1	4651010	4651858	-	LNHIMF_04497	1	persistent	2	0	0
AJBGEP_04612	contig_1	4651946	4652332	+	GEGEGB_04698	1	persistent	2	0	0
AJBGEP_04613	contig_1	4652390	4654333	-	BEJGEH_04479	1	persistent	2	0	0
AJBGEP_04614	contig_1	4654601	4655341	+	GEGEGB_04700	1	persistent	2	0	0
AJBGEP_04615	contig_1	4655331	4655888	-	GEGEGB_04701	1	persistent	2	0	0
AJBGEP_04616	contig_1	4656215	4656421	+	GEGEGB_04702	1	persistent	2	1	0
AJBGEP_04617	contig_1	4656506	4657849	-	GEGEGB_04706	1	persistent	2	0	1
AJBGEP_04619	contig_1	4658032	4658670	-	GEGEGB_04708	1	persistent	2	0	0
AJBGEP_04620	contig_1	4658883	4660616	+	GEGEGB_04709	1	persistent	2	0	0
AJBGEP_04621	contig_1	4660613	4664392	+	LNHIMF_04507	1	persistent	2	0	0
AJBGEP_04622	contig_1	4664395	4664739	+	GEGEGB_04711	1	persistent	2	0	0
AJBGEP_04623	contig_1	4664793	4666001	-	LNHIMF_04509	1	persistent	2	0	0
AJBGEP_04624	contig_1	4665998	4667158	-	LNHIMF_04510	1	persistent	2	0	0
AJBGEP_04625	contig_1	4667571	4668101	-	GEGEGB_04714	1	persistent	2	0	0
AJBGEP_04626	contig_1	4668328	4669326	-	LNHIMF_04512	1	persistent	2	0	0
AJBGEP_04627	contig_1	4669501	4670880	+	BEJGEH_04493	1	persistent	2	1	0
AJBGEP_04628	contig_1	4670877	4671191	-	BEJGEH_04494	1	shell	1	1	0
AJBGEP_04629	contig_1	4671371	4672204	+	BEJGEH_04495	1	shell	0	2	0
AJBGEP_04630	contig_1	4672255	4673688	-	BEJGEH_04496	1	shell	0	2	1
AJBGEP_04631	contig_1	4673931	4674110	-	OEKLIE_03501	1	cloud	0	2	0
AJBGEP_04632	contig_1	4674147	4675583	+	BEJGEH_04497	1	shell	0	2	1
AJBGEP_04633	contig_1	4675936	4676745	-	BEJGEH_04498	1	shell	0	2	0
AJBGEP_04634	contig_1	4676770	4678275	-	BEJGEH_04499	1	shell	0	2	0
AJBGEP_04635	contig_1	4678665	4679540	+	BEJGEH_04500	1	shell	0	2	0
AJBGEP_04636	contig_1	4679815	4680720	+	BEJGEH_04501	1	shell	0	2	0
AJBGEP_04637	contig_1	4680739	4681749	+	BEJGEH_04502	1	shell	0	2	0
AJBGEP_04638	contig_1	4681846	4683189	+	BEJGEH_04503	1	shell	0	2	0
AJBGEP_04639	contig_1	4683190	4684023	+	BEJGEH_04504	1	shell	0	2	0
AJBGEP_04640	contig_1	4684020	4685186	-	BEJGEH_04505	1	shell	0	2	0
AJBGEP_04641	contig_1	4685247	4687178	-	BEJGEH_04506	1	shell	0	2	0
AJBGEP_04642	contig_1	4687601	4689541	+	BEJGEH_04507	1	shell	0	2	0
AJBGEP_04643	contig_1	4689722	4690744	+	BEJGEH_04508	1	shell	0	2	0
AJBGEP_04644	contig_1	4690817	4692043	+	BEJGEH_04509	1	shell	0	2	0
AJBGEP_04645	contig_1	4692204	4693019	+	BEJGEH_04510	1	shell	0	2	0
AJBGEP_04646	contig_1	4693072	4693956	+	BEJGEH_04511	1	shell	1	1	0
AJBGEP_04647	contig_1	4694012	4694563	-	GEGEGB_04717	1	persistent	2	1	0
AJBGEP_04648	contig_1	4694659	4696011	+	GEGEGB_04718	1	persistent	2	0	0
AJBGEP_04649	contig_1	4696110	4696496	+	GEGEGB_04719	1	persistent	2	0	0
AJBGEP_04650	contig_1	4696783	4697112	+	GEGEGB_04720	1	persistent	2	0	0
AJBGEP_04651	contig_1	4697123	4697485	+	GEGEGB_04721	1	persistent	2	0	0
AJBGEP_04652	contig_1	4697485	4697787	+	GEGEGB_04722	1	persistent	2	0	0
AJBGEP_04653	contig_1	4697810	4698586	+	GEGEGB_04723	1	persistent	2	0	0
AJBGEP_04654	contig_1	4698598	4699242	+	GEGEGB_04724	1	persistent	2	0	0
AJBGEP_04655	contig_1	4699301	4700434	+	GEGEGB_04725	1	persistent	2	0	0
AJBGEP_04656	contig_1	4700418	4701536	+	GEGEGB_04726	1	persistent	2	0	0
AJBGEP_04657	contig_1	4701533	4702273	+	LNHIMF_04524	1	persistent	2	0	0
AJBGEP_04658	contig_1	4702290	4704203	+	LNHIMF_04525	1	persistent	2	0	1
AJBGEP_04659	contig_1	4704281	4704523	+	GEGEGB_04729	1	persistent	2	0	0
AJBGEP_04660	contig_1	4704513	4704797	+	GEGEGB_04730	1	persistent	2	0	0
AJBGEP_04661	contig_1	4704801	4705265	-	GEGEGB_04731	1	persistent	2	0	1
AJBGEP_04663	contig_1	4705386	4707524	-	LNHIMF_04529	1	persistent	2	0	0
AJBGEP_04664	contig_1	4707933	4709585	-	LNHIMF_04530	1	persistent	2	0	0
AJBGEP_04665	contig_1	4709635	4710510	-	LNHIMF_04531	2	persistent	2	0	0
AJBGEP_04666	contig_1	4710471	4711052	-	LNHIMF_04531	2	persistent	2	0	0
AJBGEP_04667	contig_1	4711190	4712137	-	LNHIMF_04532	1	persistent	2	0	0
AJBGEP_04668	contig_1	4712327	4712380	+	GEGEGB_04737	1	persistent	2	0	0
AJBGEP_04669	contig_1	4712521	4715229	+	GEGEGB_04738	1	persistent	3	0	0
AJBGEP_04670	contig_1	4715345	4715791	-	LNHIMF_04535	1	persistent	2	0	0
AJBGEP_04671	contig_1	4715866	4716252	-	GEGEGB_04740	1	persistent	3	0	0
AJBGEP_04672	contig_1	4716329	4716790	-	GEGEGB_04741	1	persistent	2	0	0
AJBGEP_04673	contig_1	4716803	4717738	-	GEGEGB_04742	1	persistent	3	0	0
AJBGEP_04674	contig_1	4717774	4717875	-	GEGEGB_04743	1	persistent	2	0	0
AJBGEP_04675	contig_1	4717965	4718453	-	LNHIMF_04539	1	persistent	3	0	0
AJBGEP_04676	contig_1	4718640	4720043	-	GEGEGB_04745	1	persistent	2	0	0
AJBGEP_04677	contig_1	4720099	4721103	-	GEGEGB_04746	1	persistent	2	0	0
AJBGEP_04678	contig_1	4721215	4722147	-	BENMGJ_01145	1	persistent	2	0	0
AJBGEP_04679	contig_1	4722158	4723378	-	GEGEGB_04748	1	persistent	2	0	0
AJBGEP_04680	contig_1	4724054	4724506	+	GEGEGB_04749	1	persistent	2	0	0
AJBGEP_04681	contig_1	4724580	4725584	-	LNHIMF_04546	1	persistent	2	0	0
AJBGEP_04682	contig_1	4725750	4726166	+	GEGEGB_04751	1	persistent	2	1	0
AJBGEP_04683	contig_1	4726226	4726990	+	GEGEGB_04752	1	persistent	2	1	1
AJBGEP_04684	contig_1	4727224	4727712	-	GEGEGB_04754	1	persistent	2	0	1
AJBGEP_04685	contig_1	4727819	4728322	-	LNHIMF_04550	1	persistent	2	0	0
AJBGEP_04686	contig_1	4728517	4729704	+	LNHIMF_04551	1	persistent	2	0	0
AJBGEP_04687	contig_1	4729846	4732701	-	GEGEGB_04757	1	persistent	2	0	0
AJBGEP_04688	contig_1	4732701	4733183	-	LNHIMF_04553	1	persistent	2	0	0
AJBGEP_04689	contig_1	4733281	4734792	-	LNHIMF_04554	1	persistent	2	0	0
AJBGEP_04691	contig_1	4735187	4736287	+	GEGEGB_04761	1	persistent	2	0	0
AJBGEP_04692	contig_1	4736287	4737369	+	LNHIMF_04557	1	persistent	2	0	0
AJBGEP_04693	contig_1	4737564	4738562	-	GEGEGB_04763	1	persistent	2	0	0
AJBGEP_04694	contig_1	4738626	4739945	-	BEJGEH_04557	1	persistent	2	0	1
AJBGEP_04695	contig_1	4740007	4740771	-	LNHIMF_04560	1	persistent	2	0	0
AJBGEP_04696	contig_1	4740796	4741827	-	LNHIMF_04561	1	persistent	2	0	0
AJBGEP_04697	contig_1	4742044	4742574	+	LNHIMF_04562	1	persistent	2	0	0
AJBGEP_04698	contig_1	4742602	4743621	-	LNHIMF_04563	1	persistent	1	0	8
AJBGEP_04700	contig_1	4744147	4744434	+	AJBGEP_04700	1	cloud	1	0	2
AJBGEP_04701	contig_1	4744796	4748311	+	AJBGEP_04701	1	cloud	0	0	4
AJBGEP_04702	contig_1	4748390	4749397	+	OEKLIE_03573	1	cloud	0	0	4
AJBGEP_04703	contig_1	4749510	4751594	-	OEKLIE_03574	1	cloud	0	0	2
AJBGEP_04704	contig_1	4751605	4754208	-	OEKLIE_03575	1	cloud	0	0	2
AJBGEP_04705	contig_1	4754205	4755017	-	OEKLIE_03576	1	cloud	0	0	2
AJBGEP_04706	contig_1	4755004	4756095	-	OEKLIE_03577	1	cloud	0	0	2
AJBGEP_04707	contig_1	4756095	4759772	-	OEKLIE_03578	1	cloud	0	0	2
AJBGEP_04708	contig_1	4759818	4763459	-	OEKLIE_03579	1	cloud	0	0	2
AJBGEP_04709	contig_1	4763471	4764073	-	OEKLIE_03580	1	cloud	0	0	2
AJBGEP_04710	contig_1	4764070	4764678	-	OEKLIE_03581	1	cloud	0	0	2
AJBGEP_04711	contig_1	4764865	4765179	-	OEKLIE_03582	1	cloud	1	0	1
AJBGEP_04712	contig_1	4765449	4765556	-	GEGEGB_04803	1	persistent	1	1	6
AJBGEP_04713	contig_1	4765498	4766214	-	HFCAGB_04730	1	persistent	2	0	0
AJBGEP_04714	contig_1	4766774	4768399	-	LNHIMF_04572	1	persistent	2	0	2
AJBGEP_04715	contig_1	4768410	4768667	-	GEGEGB_04806	1	persistent	2	0	4
AJBGEP_04716	contig_1	4768806	4769102	-	AJBGEP_04716	1	cloud	2	0	0
AJBGEP_04717	contig_1	4769156	4769764	+	GEGEGB_04807	1	persistent	2	1	2
AJBGEP_04718	contig_1	4770016	4771011	+	AJBGEP_04718	1	shell	2	0	0
AJBGEP_04720	contig_1	4771287	4772198	+	LNHIMF_04576	1	persistent	2	1	0
AJBGEP_04721	contig_1	4772403	4772864	+	BEJGEH_04618	1	persistent	1	1	1
AJBGEP_04722	contig_1	4772861	4773388	-	AJBGEP_04722	1	shell	2	0	0
AJBGEP_04723	contig_1	4773933	4774658	+	LNHIMF_04579	1	persistent	1	1	1
AJBGEP_04724	contig_1	4774659	4775672	-	LNHIMF_04580	1	persistent	2	0	0
AJBGEP_04726	contig_1	4776474	4776920	+	LNHIMF_04582	1	persistent	2	0	0
AJBGEP_04727	contig_1	4777159	4777893	+	LNHIMF_04583	1	persistent	2	0	0
AJBGEP_04728	contig_1	4777899	4778807	-	GEGEGB_04816	1	persistent	2	0	0
AJBGEP_04729	contig_1	4778926	4780098	-	GEGEGB_04817	1	persistent	2	0	0
AJBGEP_04730	contig_1	4780111	4780572	-	GEGEGB_04818	1	persistent	2	0	0
AJBGEP_04731	contig_1	4780569	4781240	-	GEGEGB_04819	1	persistent	2	0	0
AJBGEP_04732	contig_1	4782113	4783297	-	LNHIMF_04588	1	persistent	2	0	0
AJBGEP_04733	contig_1	4783517	4784788	-	LNHIMF_04589	1	persistent	2	0	0
AJBGEP_04734	contig_1	4784875	4786116	-	OEKLIE_03605	1	persistent	1	2	0
AJBGEP_04735	contig_1	4786595	4787110	+	BENMGJ_01088	1	shell	2	0	0
AJBGEP_04736	contig_1	4787291	4788661	+	LNHIMF_04592	1	persistent	1	2	0
AJBGEP_04737	contig_1	4788866	4789030	+	GEGEGB_04826	1	persistent	1	2	0
AJBGEP_04738	contig_1	4789105	4789806	-	AJBGEP_04738	1	shell	1	1	0
AJBGEP_04739	contig_1	4789880	4790212	-	AJBGEP_04739	1	shell	0	2	2
AJBGEP_04741	contig_1	4790439	4791848	-	AJBGEP_04741	1	shell	0	2	0
AJBGEP_04742	contig_1	4791845	4793434	-	GEGEGB_04832	1	shell	0	2	2
AJBGEP_04743	contig_1	4793592	4797101	-	AJBGEP_04743	1	shell	0	2	0
AJBGEP_04744	contig_1	4797299	4798213	+	AJBGEP_04744	1	shell	0	2	0
AJBGEP_04745	contig_1	4798482	4798769	+	GEGEGB_04835	1	shell	0	2	2
AJBGEP_04746	contig_1	4798756	4799058	+	GEGEGB_04836	1	shell	1	1	0
AJBGEP_04747	contig_1	4799133	4800089	-	LNHIMF_04597	1	persistent	1	1	2
AJBGEP_04748	contig_1	4800100	4800303	-	GEGEGB_04838	1	persistent	2	0	0
AJBGEP_04749	contig_1	4800398	4802548	-	GEGEGB_04839	1	persistent	2	0	1
AJBGEP_04750	contig_1	4802915	4804576	+	LNHIMF_04600	1	persistent	2	1	1
AJBGEP_04751	contig_1	4804900	4807665	+	AJBGEP_04751	1	shell	1	1	0
AJBGEP_04752	contig_1	4807767	4808189	+	HFCAGB_04774	1	shell	0	2	0
AJBGEP_04753	contig_1	4808204	4808665	+	LNHIMF_04603	1	shell	0	2	0
AJBGEP_04754	contig_1	4808691	4809470	+	LNHIMF_04604	1	shell	0	2	0
AJBGEP_04755	contig_1	4809448	4810296	+	LNHIMF_04605	1	shell	0	2	0
AJBGEP_04756	contig_1	4810309	4811370	+	HFCAGB_04778	1	shell	0	2	0
AJBGEP_04757	contig_1	4811388	4812398	+	HFCAGB_04779	1	shell	1	1	0
AJBGEP_04758	contig_1	4812532	4814823	-	GEGEGB_04842	1	persistent	2	1	0
AJBGEP_04759	contig_1	4815106	4815567	-	LNHIMF_04609	1	persistent	2	0	0
AJBGEP_04760	contig_1	4815625	4816362	-	GEGEGB_04844	1	persistent	2	0	0
AJBGEP_04761	contig_1	4816365	4816904	-	GEGEGB_04845	1	persistent	2	0	0
AJBGEP_04762	contig_1	4816997	4817470	-	LNHIMF_04612	1	persistent	2	0	0
AJBGEP_04763	contig_1	4817461	4818405	-	LNHIMF_04613	1	persistent	2	0	1
AJBGEP_04764	contig_1	4818950	4819675	+	GEGEGB_04848	1	persistent	2	0	1
AJBGEP_04765	contig_1	4819636	4820310	+	GEGEGB_04849	1	persistent	2	0	0
AJBGEP_04766	contig_1	4820361	4820819	-	LNHIMF_04616	1	persistent	2	0	0
AJBGEP_04767	contig_1	4820970	4821758	-	GEGEGB_04851	1	persistent	2	0	0
AJBGEP_04768	contig_1	4821879	4822943	-	BEJGEH_04653	1	persistent	2	0	0
AJBGEP_04769	contig_1	4823194	4823430	+	GEGEGB_04853	1	persistent	2	0	0
AJBGEP_04773	contig_1	4823971	4824999	-	LNHIMF_04623	1	persistent	2	0	0
AJBGEP_04774	contig_1	4825102	4825539	+	BEJGEH_04659	1	persistent	2	0	1
AJBGEP_04775	contig_1	4825484	4825930	+	LNHIMF_04625	1	persistent	2	0	0
AJBGEP_04776	contig_1	4825949	4826629	+	LNHIMF_04626	1	persistent	2	0	0
AJBGEP_04777	contig_1	4826721	4828310	+	GEGEGB_04861	1	persistent	2	0	0
AJBGEP_04778	contig_1	4828712	4829329	+	GEGEGB_04862	1	persistent	2	0	0
AJBGEP_04779	contig_1	4829458	4829619	+	GEGEGB_04863	1	persistent	2	0	0
AJBGEP_04780	contig_1	4829722	4830816	+	LNHIMF_04630	1	persistent	2	0	0
AJBGEP_04781	contig_1	4830813	4831586	+	LNHIMF_04631	1	persistent	1	2	0
AJBGEP_04782	contig_1	4831619	4832482	-	LNHIMF_04632	1	shell	2	0	0
AJBGEP_04783	contig_1	4832454	4834004	-	BEJGEH_04668	1	persistent	1	2	0
AJBGEP_04784	contig_1	4834264	4835043	+	GEGEGB_04868	1	persistent	2	0	0
AJBGEP_04785	contig_1	4835167	4836489	+	GEGEGB_04869	1	persistent	2	0	0
AJBGEP_04786	contig_1	4836541	4837764	+	GEGEGB_04870	1	persistent	2	0	0
AJBGEP_04787	contig_1	4837974	4838693	+	GEGEGB_04871	1	persistent	1	1	2
AJBGEP_04788	contig_1	4838731	4839303	-	BEJGEH_04673	1	shell	1	1	0
AJBGEP_04789	contig_1	4839300	4841708	-	BEJGEH_04674	1	shell	0	2	0
AJBGEP_04790	contig_1	4841722	4842429	-	BEJGEH_04675	1	shell	0	2	0
AJBGEP_04791	contig_1	4842507	4843196	-	BEJGEH_04676	1	shell	0	2	0
AJBGEP_04792	contig_1	4843244	4843933	-	AJBGEP_04792	1	shell	1	1	0
AJBGEP_04793	contig_1	4844246	4845262	-	BEJGEH_04678	1	persistent	1	1	2
AJBGEP_04794	contig_1	4845296	4845940	-	GEGEGB_04874	1	persistent	2	0	0
AJBGEP_04795	contig_1	4846057	4847025	+	GEGEGB_04875	1	persistent	2	0	0
AJBGEP_04796	contig_1	4847109	4848491	+	GEGEGB_04876	1	persistent	2	0	0
AJBGEP_04797	contig_1	4848642	4849874	+	GEGEGB_04877	1	persistent	2	0	0
AJBGEP_04798	contig_1	4849992	4851659	-	LNHIMF_04644	1	persistent	2	0	0
AJBGEP_04799	contig_1	4851868	4853805	+	GEGEGB_04879	1	persistent	2	0	0
AJBGEP_04800	contig_1	4853863	4854189	+	GEGEGB_04880	1	persistent	2	0	1
AJBGEP_04801	contig_1	4854291	4854806	-	BEJGEH_04686	1	persistent	2	0	0
AJBGEP_04802	contig_1	4854855	4855502	+	LNHIMF_04648	1	persistent	2	0	1
AJBGEP_04803	contig_1	4855499	4856368	-	LNHIMF_04649	1	persistent	2	0	0
AJBGEP_04804	contig_1	4856468	4856575	+	LNHIMF_04650	1	persistent	2	0	0
AJBGEP_04805	contig_1	4856565	4857053	+	GEGEGB_04885	1	persistent	2	0	0
AJBGEP_04806	contig_1	4857066	4857755	+	LNHIMF_04652	1	persistent	2	0	0
AJBGEP_04807	contig_1	4857755	4859179	+	BEJGEH_04692	1	persistent	2	0	0
AJBGEP_04808	contig_1	4859237	4860586	+	GEGEGB_04888	1	persistent	2	0	1
AJBGEP_04809	contig_1	4860644	4861729	-	BEJGEH_04694	1	persistent	2	0	0
AJBGEP_04810	contig_1	4861770	4862327	-	LNHIMF_04656	1	persistent	2	0	1
AJBGEP_04811	contig_1	4862345	4864882	-	LNHIMF_04657	1	persistent	2	0	0
AJBGEP_04812	contig_1	4864928	4865611	-	LNHIMF_04658	1	persistent	2	0	0
AJBGEP_04813	contig_1	4865682	4866227	-	LNHIMF_04659	1	persistent	2	0	0
AJBGEP_04814	contig_1	4866566	4867237	-	GEGEGB_04895	1	persistent	2	0	1
AJBGEP_04815	contig_1	4867622	4867936	-	BEJGEH_04700	1	persistent	2	0	0
AJBGEP_04816	contig_1	4868203	4868919	-	GEGEGB_04897	1	persistent	2	0	1
AJBGEP_04817	contig_1	4869555	4870241	+	LNHIMF_04663	1	persistent	2	0	0
AJBGEP_04818	contig_2	94	378	+	OEKLIE_00573	1	cloud	0	0	2
AJBGEP_04819	contig_2	385	546	+	OEKLIE_00574	1	cloud	0	0	2
AJBGEP_04820	contig_2	668	841	+	OEKLIE_00575	1	cloud	0	0	2
AJBGEP_04821	contig_2	975	1154	+	OEKLIE_00576	1	cloud	0	0	2
AJBGEP_04822	contig_2	1354	1599	+	OEKLIE_00577	1	cloud	0	0	3
AJBGEP_04824	contig_2	1849	1926	+	HFCAGB_04885	1	cloud	0	0	2
AJBGEP_04825	contig_2	1919	2788	+	OEKLIE_00580	1	cloud	0	0	3
AJBGEP_04826	contig_2	3690	3869	+	AJBGEP_04829	2	cloud	0	1	5
AJBGEP_04827	contig_2	3966	4724	-	OEKLIE_00582	1	cloud	0	0	2
AJBGEP_04828	contig_2	4991	5548	-	OEKLIE_00583	1	cloud	0	0	2
AJBGEP_04829	contig_2	5638	6537	-	AJBGEP_04829	2	cloud	0	1	5
AJBGEP_04830	contig_2	6534	6719	-	OEKLIE_00585	1	cloud	0	0	2
AJBGEP_04831	contig_2	6670	7323	-	AJBGEP_04831	1	cloud	0	0	3
AJBGEP_04832	contig_2	7568	7918	-	GEGEGB_04790	1	cloud	0	0	3
AJBGEP_04833	contig_2	7903	8115	-	HFCAGB_04717	1	cloud	0	0	3
AJBGEP_04834	contig_2	8423	8536	+	OEKLIE_00589	1	cloud	0	0	2
AJBGEP_04835	contig_2	8547	9422	-	OEKLIE_00590	1	cloud	0	0	2
AJBGEP_04836	contig_2	9675	10232	-	OEKLIE_00591	1	cloud	0	0	2
AJBGEP_04837	contig_2	10247	10939	-	OEKLIE_00592	1	cloud	0	0	2
AJBGEP_04838	contig_2	10932	13340	-	OEKLIE_00593	1	cloud	0	0	2
AJBGEP_04839	contig_2	13568	14086	-	OEKLIE_00594	1	cloud	0	0	2
AJBGEP_04840	contig_2	14361	14663	-	OEKLIE_00595	1	cloud	0	0	2
AJBGEP_04841	contig_2	15554	15763	+	OEKLIE_00596	1	cloud	0	0	2
AJBGEP_04842	contig_2	16635	17624	-	OEKLIE_00063	1	cloud	0	0	2
AJBGEP_04843	contig_2	18898	19386	-	OEKLIE_00062	1	cloud	0	0	2
AJBGEP_04844	contig_2	20095	20313	+	HFCAGB_04865	1	cloud	0	0	3
AJBGEP_04845	contig_2	20315	20620	+	HFCAGB_04864	1	cloud	0	0	2
AJBGEP_04846	contig_2	20622	20912	+	HFCAGB_04863	1	cloud	0	0	2
AJBGEP_04847	contig_2	20909	21430	+	HFCAGB_04862	1	cloud	0	0	2
AJBGEP_04848	contig_2	21465	22247	+	HFCAGB_04861	1	cloud	0	0	3
AJBGEP_04849	contig_2	22256	22807	+	OEKLIE_00282	1	cloud	0	0	2
AJBGEP_04850	contig_2	22994	23482	+	HFCAGB_04859	1	cloud	0	0	4
AJBGEP_04851	contig_2	23476	23961	+	OEKLIE_00284	1	cloud	0	0	2
AJBGEP_04852	contig_2	24238	24525	-	OEKLIE_00285	1	cloud	0	0	2
AJBGEP_04853	contig_2	24681	25241	+	HFCAGB_04858	1	cloud	0	0	3
AJBGEP_04854	contig_2	25308	25658	-	OEKLIE_00287	1	cloud	0	0	3
AJBGEP_04855	contig_2	25897	26139	+	OEKLIE_00288	1	cloud	0	0	2
AJBGEP_04856	contig_2	26266	26916	-	HFCAGB_04855	1	cloud	0	0	3
AJBGEP_04857	contig_2	27177	27902	-	HFCAGB_04854	1	cloud	0	0	2
AJBGEP_04858	contig_2	28183	29958	-	OEKLIE_00291	1	cloud	0	0	2
AJBGEP_04859	contig_2	29989	30201	+	HFCAGB_04852	1	cloud	0	0	2
AJBGEP_04860	contig_2	30140	30907	-	OEKLIE_00293	1	cloud	0	0	2
AJBGEP_04861	contig_2	31081	31245	-	HFCAGB_04850	1	cloud	0	0	2
AJBGEP_04862	contig_2	31419	32312	-	OEKLIE_00295	1	cloud	0	0	2
AJBGEP_04863	contig_2	32582	32713	+	HFCAGB_04848	1	cloud	0	0	2
AJBGEP_04864	contig_2	32921	33958	+	OEKLIE_00297	1	cloud	0	0	2
AJBGEP_04865	contig_2	34147	35115	-	HFCAGB_04846	1	cloud	0	0	2
AJBGEP_04866	contig_2	35105	36769	-	HFCAGB_04845	1	cloud	0	0	2
AJBGEP_04867	contig_2	36753	37313	-	OEKLIE_00300	1	cloud	0	0	2
AJBGEP_04868	contig_2	37520	38260	-	AJBGEP_04868	1	cloud	0	0	2
AJBGEP_04869	contig_2	38915	39403	-	HFCAGB_04842	1	cloud	0	0	3
AJBGEP_04870	contig_2	39662	40777	+	HFCAGB_04841	1	cloud	0	0	2
AJBGEP_04871	contig_2	40770	41279	+	HFCAGB_04840	1	cloud	0	0	2
AJBGEP_04872	contig_2	41463	41798	+	HFCAGB_04839	1	cloud	0	0	2
AJBGEP_04873	contig_2	41855	42421	+	HFCAGB_04838	1	cloud	0	0	2
AJBGEP_04874	contig_2	42453	43394	-	AJBGEP_04874	1	cloud	0	0	3
AJBGEP_04875	contig_2	43535	43675	+	OEKLIE_00215	1	cloud	0	0	2
AJBGEP_04876	contig_2	43809	45014	+	OEKLIE_00216	1	cloud	0	0	2
AJBGEP_04877	contig_2	45014	45988	+	OEKLIE_00217	1	cloud	0	0	2
AJBGEP_04878	contig_2	46070	47344	-	AJBGEP_04878	1	cloud	0	0	6
AJBGEP_04879	contig_2	47344	47766	-	GEGEGB_04585	1	cloud	1	0	3
AJBGEP_04880	contig_2	48277	48747	+	OEKLIE_00220	1	cloud	0	0	2
AJBGEP_04881	contig_2	48740	49096	+	OEKLIE_00221	1	cloud	0	0	2
AJBGEP_04882	contig_2	49478	50158	+	OEKLIE_00222	1	cloud	0	0	2
AJBGEP_04883	contig_2	50158	50379	+	OEKLIE_00223	1	cloud	0	0	2
AJBGEP_04884	contig_2	50435	50848	+	OEKLIE_00224	1	cloud	0	0	2
AJBGEP_04885	contig_2	50920	51684	+	OEKLIE_00225	1	cloud	0	0	2
AJBGEP_04886	contig_2	52180	52614	+	OEKLIE_00490	1	cloud	0	0	2
AJBGEP_04887	contig_2	52681	53115	+	OEKLIE_00491	1	cloud	0	0	2
AJBGEP_04888	contig_2	53351	53674	+	OEKLIE_00492	1	cloud	0	0	2
AJBGEP_04889	contig_2	53638	53781	+	AJBGEP_04889	1	cloud	0	0	2
AJBGEP_04890	contig_2	54375	54893	+	OEKLIE_00494	1	cloud	0	0	2
AJBGEP_04891	contig_2	54948	55190	+	OEKLIE_00495	1	cloud	0	0	2
AJBGEP_04892	contig_2	55259	57256	+	OEKLIE_00496	1	cloud	0	0	2
AJBGEP_04893	contig_2	57299	57730	+	OEKLIE_00497	1	cloud	0	0	2
AJBGEP_04894	contig_2	57727	58464	+	OEKLIE_00498	1	cloud	0	0	2
AJBGEP_04895	contig_2	58713	58871	+	OEKLIE_00499	1	cloud	0	0	2
AJBGEP_04896	contig_2	58974	59243	+	OEKLIE_00500	1	cloud	0	0	2
AJBGEP_04897	contig_2	59290	59580	+	OEKLIE_00501	1	cloud	0	0	2
AJBGEP_04898	contig_2	60103	60573	-	OEKLIE_00502	1	cloud	0	0	2
AJBGEP_04899	contig_2	60988	61368	+	OEKLIE_00503	1	cloud	0	0	2
AJBGEP_04901	contig_2	61561	62247	+	OEKLIE_00505	1	cloud	0	0	2
AJBGEP_04902	contig_2	62341	62568	+	OEKLIE_00506	1	cloud	0	0	2
AJBGEP_04903	contig_2	62610	62972	+	OEKLIE_00507	1	cloud	0	0	2
AJBGEP_04904	contig_2	62987	63298	+	OEKLIE_00508	1	cloud	0	0	2
AJBGEP_04905	contig_2	63320	63886	+	OEKLIE_00509	1	cloud	0	0	2
AJBGEP_04906	contig_2	63873	64613	+	OEKLIE_00510	1	cloud	0	0	2
AJBGEP_04907	contig_2	64613	66034	+	OEKLIE_00511	1	cloud	0	0	2
AJBGEP_04908	contig_2	66024	66620	+	OEKLIE_00512	1	cloud	0	0	2
AJBGEP_04909	contig_2	66607	66843	+	OEKLIE_00513	1	cloud	0	0	2
AJBGEP_04910	contig_2	66840	67355	+	OEKLIE_00514	1	cloud	0	0	2
AJBGEP_04911	contig_2	67490	67711	+	OEKLIE_00515	1	cloud	0	0	2
AJBGEP_04912	contig_2	67704	68171	+	OEKLIE_00516	1	cloud	0	0	2
AJBGEP_04913	contig_2	68168	68287	+	OEKLIE_00517	1	cloud	0	0	2
AJBGEP_04914	contig_2	68288	68551	+	OEKLIE_00518	1	cloud	0	0	2
AJBGEP_04915	contig_2	68567	71215	+	OEKLIE_00519	1	cloud	0	0	2
AJBGEP_04916	contig_2	71190	71576	+	OEKLIE_00520	1	cloud	0	0	2
AJBGEP_04917	contig_2	71573	72205	+	OEKLIE_00521	1	cloud	0	0	2
AJBGEP_04918	contig_2	72202	73194	+	OEKLIE_00522	1	cloud	0	0	2
AJBGEP_04919	contig_2	73219	73521	+	OEKLIE_00523	1	cloud	0	0	2
AJBGEP_04920	contig_2	73506	74144	+	OEKLIE_00524	1	cloud	0	0	2
AJBGEP_04921	contig_2	74181	74600	+	OEKLIE_00525	1	cloud	0	0	2
AJBGEP_04922	contig_2	74597	76423	+	OEKLIE_00526	1	cloud	0	0	2
AJBGEP_04923	contig_2	76434	76649	+	OEKLIE_00527	1	cloud	0	0	2
AJBGEP_04924	contig_2	76661	77410	+	OEKLIE_00528	1	cloud	0	0	2
AJBGEP_04925	contig_2	77624	77917	+	OEKLIE_00529	1	cloud	0	0	2
AJBGEP_04926	contig_2	77904	78452	+	OEKLIE_00530	1	cloud	0	0	3
AJBGEP_04927	contig_2	78442	79824	+	OEKLIE_00561	1	cloud	0	0	2
AJBGEP_04928	contig_2	79821	82643	+	OEKLIE_00562	1	cloud	0	0	2
AJBGEP_04930	contig_2	82665	83153	+	OEKLIE_00564	1	cloud	0	0	2
AJBGEP_04931	contig_2	83195	83920	+	OEKLIE_00565	1	cloud	0	0	2
AJBGEP_04932	contig_2	84297	86459	+	OEKLIE_00566	1	cloud	0	1	1
AJBGEP_04933	contig_2	86468	86866	-	HFCAGB_03258	2	shell	1	1	4
AJBGEP_04934	contig_2	86866	87093	-	OEKLIE_00568	1	cloud	0	1	1
AJBGEP_04935	contig_2	87175	92433	+	AJBGEP_04935	1	cloud	0	0	3
AJBGEP_04937	contig_2	92453	93193	+	OEKLIE_00571	1	cloud	0	0	2
AJBGEP_04938	contig_2	93248	93811	+	OEKLIE_00572	1	cloud	0	0	3
