gene	contig	start	stop	strand	family	nb_copy_in_genome	partition	persistent_neighbors	shell_neighbors	cloud_neighbors
IKCLMC_00001	contig_3	147	611	-	IKCLMC_00001	1	cloud	0	0	0
IKCLMC_00004	contig_5	43	588	+	GEGEGB_00469	2	persistent	2	0	0
IKCLMC_00005	contig_7	51	305	+	IKCLMC_00005	1	cloud	0	0	0
IKCLMC_00007	contig_8	139	525	-	GEGEGB_03027	2	persistent	2	0	0
IKCLMC_00008	contig_9	141	494	+	GEGEGB_01776	2	persistent	2	0	0
IKCLMC_00009	contig_11	258	470	-	GEGEGB_04092	3	persistent	2	0	0
IKCLMC_00010	contig_12	49	204	+	IKCLMC_00010	3	cloud	0	0	2
IKCLMC_00011	contig_13	403	645	+	LNHIMF_00690	3	shell	0	3	1
IKCLMC_00012	contig_14	427	639	-	GEGEGB_04092	3	persistent	2	0	0
IKCLMC_00013	contig_16	282	437	+	IKCLMC_00010	3	cloud	0	0	2
IKCLMC_00014	contig_17	64	747	+	IKCLMC_00014	1	cloud	0	0	0
IKCLMC_00015	contig_20	76	339	-	LNHIMF_00437	2	persistent	2	0	0
IKCLMC_00017	contig_20	621	776	-	GEGEGB_02586	2	persistent	2	1	0
IKCLMC_00018	contig_22	130	558	-	IKCLMC_02368	2	cloud	0	0	2
IKCLMC_00019	contig_22	563	880	-	IKCLMC_02367	2	cloud	0	0	2
IKCLMC_00021	contig_23	309	803	+	GEGEGB_03111	2	persistent	2	1	2
IKCLMC_00022	contig_25	17	514	+	GEGEGB_04339	3	persistent	3	0	0
IKCLMC_00023	contig_25	490	747	-	LNHIMF_03453	2	persistent	2	0	0
IKCLMC_00024	contig_26	201	767	-	GEGEGB_01257	2	persistent	2	0	0
IKCLMC_00027	contig_29	215	769	-	GEGEGB_04339	3	persistent	3	0	0
IKCLMC_00028	contig_32	227	721	+	IKCLMC_00898	3	cloud	0	0	2
IKCLMC_00030	contig_33	335	553	+	AJBGEP_01274	3	cloud	0	0	3
IKCLMC_00031	contig_33	565	1104	-	AJBGEP_01275	3	cloud	0	0	3
IKCLMC_00032	contig_35	11	328	+	LNHIMF_00819	3	shell	12	3	3
IKCLMC_00033	contig_35	499	1182	+	LNHIMF_00818	3	shell	12	5	5
IKCLMC_00034	contig_38	179	1666	+	GEGEGB_00917	1	persistent	3	0	3
IKCLMC_00035	contig_39	128	1156	+	LNHIMF_04186	1	persistent	2	0	0
IKCLMC_00036	contig_39	1153	2115	+	GEGEGB_03676	1	persistent	2	0	0
IKCLMC_00037	contig_39	2150	3076	-	GEGEGB_03675	1	persistent	1	1	0
IKCLMC_00041	contig_40	152	676	+	HFCAGB_02262	1	shell	0	3	4
IKCLMC_00043	contig_40	1151	1849	+	AJBGEP_02166	1	shell	0	2	2
IKCLMC_00044	contig_40	2192	4360	+	HFCAGB_02266	1	shell	0	2	2
IKCLMC_00045	contig_40	4417	6147	+	HFCAGB_02267	1	shell	0	2	0
IKCLMC_00046	contig_40	6357	6530	+	BEJGEH_02009	1	shell	1	2	0
IKCLMC_00047	contig_40	7052	8506	-	GEGEGB_00920	1	persistent	2	3	1
IKCLMC_00049	contig_41	745	990	-	AJBGEP_03535	3	persistent	3	1	0
IKCLMC_00050	contig_41	1040	2308	-	BEJGEH_00766	1	shell	1	1	0
IKCLMC_00051	contig_41	2588	3514	+	BEJGEH_00765	1	shell	0	2	0
IKCLMC_00052	contig_41	3515	4405	-	BEJGEH_00764	1	shell	0	2	0
IKCLMC_00053	contig_41	4535	5380	+	BEJGEH_00763	1	shell	0	2	0
IKCLMC_00054	contig_41	5395	5940	+	BEJGEH_00762	1	shell	1	1	0
IKCLMC_00055	contig_41	6034	7086	-	GEGEGB_02234	1	persistent	2	1	0
IKCLMC_00056	contig_41	7406	7792	+	GEGEGB_02235	1	persistent	2	0	0
IKCLMC_00057	contig_41	7903	8841	+	LNHIMF_00899	1	persistent	2	0	0
IKCLMC_00058	contig_41	8838	9557	-	LNHIMF_00898	1	persistent	2	0	0
IKCLMC_00059	contig_41	9582	10625	-	LNHIMF_00897	1	persistent	2	0	0
IKCLMC_00064	contig_42	152	697	+	AJBGEP_01281	4	shell	0	2	0
IKCLMC_00065	contig_42	669	2600	+	AJBGEP_01282	4	shell	0	2	0
IKCLMC_00066	contig_42	2584	2787	+	AJBGEP_01283	4	shell	0	2	0
IKCLMC_00067	contig_42	2745	4364	+	AJBGEP_01284	5	shell	0	2	0
IKCLMC_00068	contig_42	4354	5850	+	AJBGEP_01285	4	shell	0	2	0
IKCLMC_00069	contig_42	5863	6210	+	AJBGEP_01286	4	shell	0	2	0
IKCLMC_00070	contig_42	6265	7293	+	AJBGEP_01287	4	shell	0	2	1
IKCLMC_00071	contig_42	7351	7710	+	ODDLKH_01689	4	shell	0	2	1
IKCLMC_00072	contig_42	7721	8104	+	AJBGEP_01290	4	shell	0	2	0
IKCLMC_00073	contig_42	8132	8710	+	AJBGEP_01291	4	shell	0	3	1
IKCLMC_00074	contig_42	8759	9889	-	AJBGEP_01292	3	shell	0	2	0
IKCLMC_00075	contig_42	9998	10399	+	LNHIMF_00680	4	shell	0	3	2
IKCLMC_00076	contig_42	10410	11153	+	LNHIMF_00681	4	shell	0	2	0
IKCLMC_00077	contig_42	11204	11599	+	LNHIMF_00682	4	shell	0	2	0
IKCLMC_00078	contig_42	11620	11934	+	LNHIMF_00683	4	shell	0	2	0
IKCLMC_00079	contig_42	11906	15001	+	LNHIMF_00684	4	shell	0	4	0
IKCLMC_00080	contig_42	15004	15333	+	LNHIMF_00685	4	shell	0	2	0
IKCLMC_00081	contig_42	15343	16041	+	AJBGEP_01299	4	shell	0	2	1
IKCLMC_00082	contig_42	16033	16638	-	LNHIMF_00687	4	cloud	0	2	0
IKCLMC_00083	contig_42	16683	17330	+	AJBGEP_01301	4	shell	0	2	2
IKCLMC_00084	contig_42	17344	17679	-	IKCLMC_00084	3	cloud	0	1	0
IKCLMC_00085	contig_43	83	493	+	LNHIMF_02203	2	shell	0	1	3
IKCLMC_00086	contig_43	536	775	+	GEGEGB_02035	2	shell	0	2	3
IKCLMC_00087	contig_43	816	1100	+	AJBGEP_02832	1	cloud	0	1	1
IKCLMC_00088	contig_43	1078	2307	-	AJBGEP_02833	1	cloud	0	0	2
IKCLMC_00090	contig_43	2506	2553	-	AJBGEP_02835	1	cloud	1	0	1
IKCLMC_00091	contig_43	2804	3283	-	GEGEGB_00296	1	persistent	2	0	1
IKCLMC_00092	contig_43	3280	4236	-	LNHIMF_02727	1	persistent	2	0	0
IKCLMC_00093	contig_43	4236	4886	-	LNHIMF_02728	1	persistent	2	0	0
IKCLMC_00094	contig_43	4918	5493	-	GEGEGB_00292	1	persistent	2	0	0
IKCLMC_00095	contig_43	5918	7540	+	LNHIMF_02730	1	persistent	2	0	0
IKCLMC_00096	contig_43	7525	8262	-	LNHIMF_02731	1	persistent	2	0	0
IKCLMC_00097	contig_43	8392	9726	+	LNHIMF_02732	1	persistent	2	0	1
IKCLMC_00098	contig_43	9744	10643	-	LNHIMF_02733	1	persistent	2	0	0
IKCLMC_00099	contig_43	10746	11333	+	GEGEGB_00287	1	persistent	2	0	1
IKCLMC_00100	contig_43	11395	11778	-	GEGEGB_00286	1	persistent	2	0	0
IKCLMC_00101	contig_43	12097	12786	+	GEGEGB_00285	1	persistent	2	0	0
IKCLMC_00102	contig_43	12902	13939	-	GEGEGB_00284	1	persistent	2	0	0
IKCLMC_00103	contig_43	14143	14562	+	LNHIMF_02738	1	persistent	2	0	0
IKCLMC_00104	contig_43	14635	15315	+	LNHIMF_02739	1	persistent	2	0	0
IKCLMC_00105	contig_43	15369	18029	+	LNHIMF_02740	1	persistent	2	0	1
IKCLMC_00106	contig_43	18119	18160	+	GEGEGB_00280	1	persistent	2	0	0
IKCLMC_00107	contig_43	18144	19499	+	GEGEGB_00279	1	persistent	2	0	1
IKCLMC_00108	contig_43	19544	19867	+	GEGEGB_00278	1	persistent	2	0	0
IKCLMC_00109	contig_43	19864	21165	-	LNHIMF_02744	1	persistent	2	0	0
IKCLMC_00110	contig_43	21269	21724	-	LNHIMF_02745	1	persistent	3	0	1
IKCLMC_00111	contig_44	175	369	+	GEGEGB_04294	1	persistent	1	1	0
IKCLMC_00112	contig_44	442	918	+	LNHIMF_03496	1	persistent	2	0	0
IKCLMC_00113	contig_44	915	1382	-	GEGEGB_04296	1	persistent	1	1	0
IKCLMC_00114	contig_44	1762	2073	+	GEGEGB_04297	1	shell	1	1	0
IKCLMC_00115	contig_44	2106	2735	+	GEGEGB_04298	1	shell	0	2	0
IKCLMC_00116	contig_44	2746	3351	+	GEGEGB_04299	1	shell	0	2	0
IKCLMC_00117	contig_44	3348	3650	+	GEGEGB_04300	1	shell	0	2	1
IKCLMC_00118	contig_44	3668	4489	+	GEGEGB_04301	1	shell	0	2	0
IKCLMC_00119	contig_44	4506	4784	+	GEGEGB_04302	1	shell	0	2	0
IKCLMC_00120	contig_44	4799	5131	+	GEGEGB_04303	1	shell	0	2	0
IKCLMC_00121	contig_44	5149	5850	+	GEGEGB_04304	1	shell	0	2	0
IKCLMC_00122	contig_44	5863	6273	+	GEGEGB_04305	1	shell	0	2	0
IKCLMC_00123	contig_44	6273	6464	+	GEGEGB_04306	1	shell	0	2	0
IKCLMC_00124	contig_44	6464	6718	+	GEGEGB_04307	1	shell	0	2	0
IKCLMC_00125	contig_44	6882	7253	+	GEGEGB_04308	1	shell	0	2	0
IKCLMC_00126	contig_44	7264	7578	+	GEGEGB_04309	1	shell	0	2	0
IKCLMC_00127	contig_44	7593	8132	+	GEGEGB_04310	1	shell	0	2	0
IKCLMC_00128	contig_44	8147	8452	+	GEGEGB_04311	1	shell	0	2	0
IKCLMC_00129	contig_44	8486	8878	+	GEGEGB_04312	1	shell	0	2	0
IKCLMC_00130	contig_44	8891	9424	+	GEGEGB_04313	1	shell	0	2	0
IKCLMC_00131	contig_44	9434	9787	+	GEGEGB_04314	1	shell	0	2	1
IKCLMC_00132	contig_44	9802	10305	+	GEGEGB_04315	1	shell	0	2	0
IKCLMC_00133	contig_44	10309	10488	+	GEGEGB_04316	1	shell	0	2	0
IKCLMC_00134	contig_44	10492	10926	+	GEGEGB_04317	1	shell	0	2	0
IKCLMC_00135	contig_44	10934	12265	+	LNHIMF_03473	1	shell	0	2	0
IKCLMC_00136	contig_44	12297	12413	+	GEGEGB_04319	1	shell	0	2	0
IKCLMC_00137	contig_44	12560	12916	+	LNHIMF_03471	1	shell	0	3	0
IKCLMC_00138	contig_44	12933	13322	+	BEJGEH_03447	1	shell	0	2	0
IKCLMC_00139	contig_44	13356	13976	+	LNHIMF_03469	1	shell	1	2	0
IKCLMC_00140	contig_44	14002	14991	+	GEGEGB_04323	1	persistent	1	1	0
IKCLMC_00141	contig_44	15032	15415	+	GEGEGB_04324	1	persistent	2	0	0
IKCLMC_00142	contig_44	15523	15891	+	LNHIMF_03466	1	persistent	2	0	0
IKCLMC_00143	contig_44	15902	16327	+	LNHIMF_03465	1	persistent	2	0	0
IKCLMC_00144	contig_44	16385	16654	+	GEGEGB_04327	1	persistent	2	0	0
IKCLMC_00145	contig_44	16590	17003	-	GEGEGB_04328	1	persistent	2	0	0
IKCLMC_00146	contig_44	17145	18521	-	GEGEGB_04329	1	persistent	2	0	0
IKCLMC_00147	contig_44	18543	19832	-	LNHIMF_03461	1	persistent	2	0	0
IKCLMC_00148	contig_44	19884	20831	-	GEGEGB_04331	1	persistent	2	0	0
IKCLMC_00149	contig_44	20847	21356	-	GEGEGB_04332	1	persistent	2	0	0
IKCLMC_00150	contig_44	21488	22612	+	LNHIMF_03458	1	persistent	2	0	0
IKCLMC_00151	contig_44	22584	23057	+	GEGEGB_04334	1	persistent	2	0	0
IKCLMC_00152	contig_44	23084	23626	+	LNHIMF_03456	1	persistent	2	0	0
IKCLMC_00153	contig_44	23631	24203	+	LNHIMF_03455	1	persistent	2	0	0
IKCLMC_00154	contig_44	24205	25026	+	LNHIMF_03454	1	persistent	2	0	0
IKCLMC_00155	contig_44	25023	25280	+	LNHIMF_03453	2	persistent	2	0	0
IKCLMC_00156	contig_44	25256	25684	-	GEGEGB_04339	3	persistent	3	0	0
IKCLMC_00157	contig_45	886	1455	+	IKCLMC_00157	1	cloud	0	0	1
IKCLMC_00158	contig_45	1614	1865	+	IKCLMC_00158	1	cloud	0	0	2
IKCLMC_00159	contig_45	1862	2305	+	IKCLMC_00159	1	cloud	0	0	2
IKCLMC_00160	contig_45	2289	2894	+	IKCLMC_00160	1	cloud	0	0	2
IKCLMC_00161	contig_45	2896	4827	+	IKCLMC_00161	1	cloud	0	0	2
IKCLMC_00162	contig_45	4824	5183	+	IKCLMC_00162	1	cloud	0	0	2
IKCLMC_00163	contig_45	5196	8192	+	IKCLMC_00163	1	cloud	0	0	2
IKCLMC_00164	contig_45	8179	8472	+	IKCLMC_00164	1	cloud	0	0	2
IKCLMC_00165	contig_45	8502	9038	-	IKCLMC_00165	1	cloud	0	0	2
IKCLMC_00166	contig_45	9215	9769	+	IKCLMC_00166	1	cloud	0	0	2
IKCLMC_00167	contig_45	9766	10020	+	IKCLMC_00167	1	cloud	0	0	2
IKCLMC_00168	contig_45	9998	10528	-	IKCLMC_00168	1	cloud	0	0	2
IKCLMC_00169	contig_45	10525	11532	-	IKCLMC_00169	1	cloud	0	0	2
IKCLMC_00170	contig_45	11673	12689	-	IKCLMC_00170	1	cloud	0	0	2
IKCLMC_00171	contig_45	12682	14352	-	IKCLMC_00171	1	cloud	0	0	2
IKCLMC_00172	contig_45	14470	16686	+	IKCLMC_00172	1	cloud	0	0	2
IKCLMC_00173	contig_45	16628	21229	+	IKCLMC_00173	1	cloud	0	0	2
IKCLMC_00174	contig_45	21263	21703	+	IKCLMC_00174	1	cloud	0	0	2
IKCLMC_00175	contig_45	22051	22203	+	IKCLMC_00175	1	cloud	0	0	2
IKCLMC_00176	contig_45	22291	22452	+	IKCLMC_00176	1	cloud	0	0	2
IKCLMC_00177	contig_45	22453	22698	+	IKCLMC_00177	1	cloud	0	0	2
IKCLMC_00178	contig_45	22702	23229	+	IKCLMC_00178	1	cloud	0	0	2
IKCLMC_00179	contig_45	23368	23523	+	IKCLMC_00179	1	cloud	0	0	2
IKCLMC_00180	contig_45	23483	24094	+	IKCLMC_00180	1	cloud	0	0	2
IKCLMC_00181	contig_45	24091	24651	+	IKCLMC_00181	1	cloud	0	0	2
IKCLMC_00182	contig_45	24648	25307	+	IKCLMC_00182	1	cloud	0	0	2
IKCLMC_00183	contig_45	25312	26025	+	IKCLMC_00183	1	cloud	0	0	2
IKCLMC_00184	contig_45	26104	26322	+	IKCLMC_00184	1	cloud	0	0	2
IKCLMC_00185	contig_45	26325	27587	+	IKCLMC_00185	1	cloud	0	0	2
IKCLMC_00186	contig_45	27754	27894	+	IKCLMC_00186	1	cloud	0	0	2
IKCLMC_00187	contig_45	27899	28171	+	IKCLMC_00187	1	cloud	0	0	1
IKCLMC_00188	contig_46	1	423	+	HFCAGB_01360	1	cloud	0	0	2
IKCLMC_00189	contig_46	438	833	+	HFCAGB_01361	2	cloud	0	0	4
IKCLMC_00190	contig_46	1120	2250	-	HFCAGB_01362	1	cloud	0	0	3
IKCLMC_00191	contig_46	2647	4626	+	HFCAGB_01363	1	cloud	0	0	3
IKCLMC_00192	contig_46	5258	5563	+	HFCAGB_01364	2	cloud	0	1	3
IKCLMC_00193	contig_46	5626	6228	+	GEGEGB_02015	2	shell	0	2	2
IKCLMC_00194	contig_46	6228	6434	+	GEGEGB_02014	2	shell	0	2	1
IKCLMC_00195	contig_46	6437	7078	+	IKCLMC_00195	1	cloud	0	3	0
IKCLMC_00196	contig_46	7211	8008	+	HFCAGB_01071	1	shell	0	3	4
IKCLMC_00197	contig_46	8141	8614	-	AJBGEP_01023	2	shell	0	3	4
IKCLMC_00198	contig_46	9203	9391	+	AJBGEP_01272	2	cloud	0	2	7
IKCLMC_00200	contig_46	9545	9763	+	AJBGEP_01274	3	cloud	0	0	3
IKCLMC_00201	contig_46	9775	10314	-	AJBGEP_01275	3	cloud	0	0	3
IKCLMC_00202	contig_46	10492	10707	+	IKCLMC_00202	1	cloud	0	0	2
IKCLMC_00203	contig_46	10685	11173	+	IKCLMC_00203	1	cloud	0	0	4
IKCLMC_00204	contig_46	11158	11661	+	OEKLIE_01492	2	cloud	0	1	6
IKCLMC_00205	contig_46	11850	12251	-	AJBGEP_01280	2	shell	0	2	2
IKCLMC_00206	contig_46	12537	13082	+	AJBGEP_01281	4	shell	0	2	0
IKCLMC_00207	contig_46	13054	14985	+	AJBGEP_01282	4	shell	0	2	0
IKCLMC_00208	contig_46	14969	15172	+	AJBGEP_01283	4	shell	0	2	0
IKCLMC_00209	contig_46	15130	16749	+	AJBGEP_01284	5	shell	0	2	0
IKCLMC_00210	contig_46	16739	18235	+	AJBGEP_01285	4	shell	0	2	0
IKCLMC_00211	contig_46	18248	18595	+	AJBGEP_01286	4	shell	0	2	0
IKCLMC_00212	contig_46	18650	19579	+	AJBGEP_01287	4	shell	0	2	1
IKCLMC_00213	contig_46	19735	20094	+	ODDLKH_01689	4	shell	0	2	1
IKCLMC_00214	contig_46	20105	20488	+	AJBGEP_01290	4	shell	0	2	0
IKCLMC_00215	contig_46	20516	21094	+	AJBGEP_01291	4	shell	0	3	1
IKCLMC_00216	contig_46	21300	22067	+	IKCLMC_00216	1	cloud	0	2	0
IKCLMC_00217	contig_46	22381	22782	+	LNHIMF_00680	4	shell	0	3	2
IKCLMC_00218	contig_46	22793	23536	+	LNHIMF_00681	4	shell	0	2	0
IKCLMC_00219	contig_46	23587	23982	+	LNHIMF_00682	4	shell	0	2	0
IKCLMC_00220	contig_46	24003	24317	+	LNHIMF_00683	4	shell	0	2	0
IKCLMC_00221	contig_46	24289	27384	+	LNHIMF_00684	4	shell	0	4	0
IKCLMC_00222	contig_46	27387	27716	+	LNHIMF_00685	4	shell	0	2	0
IKCLMC_00223	contig_46	27726	28424	+	AJBGEP_01299	4	shell	0	2	1
IKCLMC_00224	contig_46	28416	29021	-	LNHIMF_00687	4	cloud	0	2	0
IKCLMC_00225	contig_46	29066	29713	+	AJBGEP_01301	4	shell	0	2	2
IKCLMC_00226	contig_46	29727	30062	-	IKCLMC_00084	3	cloud	0	1	0
IKCLMC_00227	contig_47	315	1904	+	BEJGEH_04235	1	persistent	3	0	0
IKCLMC_00228	contig_47	1916	3205	+	GEGEGB_03642	1	persistent	2	0	0
IKCLMC_00229	contig_47	3202	4527	-	LNHIMF_04220	1	persistent	2	0	0
IKCLMC_00230	contig_47	4533	5996	-	BEJGEH_04232	1	persistent	2	0	0
IKCLMC_00231	contig_47	6184	6639	+	GEGEGB_03645	1	persistent	2	0	0
IKCLMC_00232	contig_47	6681	7373	-	GEGEGB_03646	1	persistent	2	0	0
IKCLMC_00233	contig_47	7385	7657	-	GEGEGB_03647	1	persistent	2	0	0
IKCLMC_00234	contig_47	7844	8434	-	GEGEGB_03648	1	persistent	2	0	0
IKCLMC_00235	contig_47	8476	9147	-	GEGEGB_03649	1	persistent	2	0	0
IKCLMC_00236	contig_47	9157	10221	-	GEGEGB_03650	1	persistent	2	0	0
IKCLMC_00237	contig_47	10262	11035	-	LNHIMF_04212	1	persistent	2	0	0
IKCLMC_00238	contig_47	11128	11616	+	LNHIMF_04211	1	persistent	2	0	0
IKCLMC_00239	contig_47	11980	13875	+	LNHIMF_04210	1	persistent	2	0	0
IKCLMC_00240	contig_47	13875	14510	+	LNHIMF_04209	1	persistent	2	0	0
IKCLMC_00241	contig_47	14503	15261	+	LNHIMF_04208	1	persistent	3	0	0
IKCLMC_00242	contig_47	15242	15442	+	ODDLKH_00019	1	persistent	2	0	0
IKCLMC_00243	contig_47	15444	16214	+	LNHIMF_04206	1	persistent	3	0	0
IKCLMC_00244	contig_47	16211	17344	+	LNHIMF_04205	1	persistent	1	2	2
IKCLMC_00245	contig_47	18004	18141	+	GEGEGB_03659	1	shell	2	2	1
IKCLMC_00246	contig_47	18095	18439	+	ODDLKH_00015	1	shell	2	2	0
IKCLMC_00247	contig_47	18441	18722	-	LNHIMF_04203	1	persistent	1	2	1
IKCLMC_00248	contig_47	18809	23032	-	GEGEGB_03661	1	persistent	2	1	1
IKCLMC_00249	contig_47	23109	27137	-	GEGEGB_03662	1	persistent	2	0	0
IKCLMC_00251	contig_47	27455	27820	-	GEGEGB_03664	1	persistent	2	0	0
IKCLMC_00252	contig_47	27887	28384	-	GEGEGB_03665	1	persistent	2	0	0
IKCLMC_00253	contig_47	28804	29508	-	GEGEGB_03666	1	persistent	2	0	0
IKCLMC_00254	contig_47	29512	29940	-	GEGEGB_03667	1	persistent	2	0	0
IKCLMC_00255	contig_47	30098	30643	-	GEGEGB_03668	1	persistent	1	1	0
IKCLMC_00256	contig_47	30645	31028	-	GEGEGB_03669	1	shell	1	1	0
IKCLMC_00257	contig_48	1258	1560	+	IKCLMC_00257	1	cloud	0	0	1
IKCLMC_00258	contig_48	1615	1833	+	IKCLMC_00258	1	cloud	0	0	2
IKCLMC_00260	contig_48	2251	2538	-	LNHIMF_02200	1	cloud	0	0	7
IKCLMC_00261	contig_48	2623	2781	-	LNHIMF_02199	1	cloud	0	0	4
IKCLMC_00262	contig_48	3238	3900	-	IKCLMC_00262	1	cloud	0	0	2
IKCLMC_00263	contig_48	3900	4286	-	IKCLMC_00263	1	cloud	0	0	2
IKCLMC_00264	contig_48	4279	5118	-	IKCLMC_00264	1	cloud	0	0	2
IKCLMC_00265	contig_48	5177	5572	-	IKCLMC_00265	1	cloud	0	0	2
IKCLMC_00266	contig_48	5672	5914	+	IKCLMC_00266	1	cloud	0	1	1
IKCLMC_00267	contig_48	5928	6248	+	GEGEGB_02026	1	shell	0	1	10
IKCLMC_00268	contig_48	6340	7224	+	IKCLMC_00268	1	cloud	0	1	1
IKCLMC_00269	contig_48	7221	7916	+	AJBGEP_02818	1	cloud	0	0	4
IKCLMC_00270	contig_48	7930	8628	+	IKCLMC_00270	1	cloud	0	0	2
IKCLMC_00271	contig_48	8736	9368	+	IKCLMC_00271	1	cloud	0	1	2
IKCLMC_00272	contig_48	9611	9844	+	GEGEGB_02016	1	shell	0	2	9
IKCLMC_00273	contig_48	10244	10846	+	GEGEGB_02015	2	shell	0	2	2
IKCLMC_00274	contig_48	10846	11052	+	GEGEGB_02014	2	shell	0	2	1
IKCLMC_00275	contig_48	11055	11666	+	GEGEGB_02013	1	shell	0	3	0
IKCLMC_00276	contig_48	11663	11803	+	LNHIMF_02186	1	shell	0	2	2
IKCLMC_00277	contig_48	11800	12477	+	AJBGEP_02810	1	shell	0	2	3
IKCLMC_00281	contig_48	12750	13313	+	AJBGEP_02806	1	cloud	0	1	1
IKCLMC_00284	contig_48	13820	14008	+	AJBGEP_02803	1	cloud	0	1	1
IKCLMC_00286	contig_48	14223	14696	-	AJBGEP_01023	2	shell	0	3	4
IKCLMC_00287	contig_48	15179	15514	+	HFCAGB_01372	1	shell	0	2	0
IKCLMC_00288	contig_48	15498	15950	+	HFCAGB_01373	1	shell	0	2	1
IKCLMC_00289	contig_48	15947	16420	+	ODDLKH_01680	1	shell	0	2	2
IKCLMC_00290	contig_48	16656	17057	-	AJBGEP_01280	2	shell	0	2	2
IKCLMC_00291	contig_48	17344	17889	+	AJBGEP_01281	4	shell	0	2	0
IKCLMC_00292	contig_48	17861	19792	+	AJBGEP_01282	4	shell	0	2	0
IKCLMC_00293	contig_48	19776	19979	+	AJBGEP_01283	4	shell	0	2	0
IKCLMC_00294	contig_48	19937	20944	+	AJBGEP_01284	5	shell	0	2	0
IKCLMC_00295	contig_48	20887	21555	+	AJBGEP_01284	5	shell	0	2	0
IKCLMC_00296	contig_48	21545	22453	+	AJBGEP_01285	4	shell	0	2	0
IKCLMC_00298	contig_48	23052	23399	+	AJBGEP_01286	4	shell	0	2	0
IKCLMC_00299	contig_48	23454	24482	+	AJBGEP_01287	4	shell	0	2	1
IKCLMC_00300	contig_48	24540	24899	+	ODDLKH_01689	4	shell	0	2	1
IKCLMC_00301	contig_48	24910	25293	+	AJBGEP_01290	4	shell	0	2	0
IKCLMC_00302	contig_48	25322	25900	+	AJBGEP_01291	4	shell	0	3	1
IKCLMC_00303	contig_48	25949	27079	-	AJBGEP_01292	3	shell	0	2	0
IKCLMC_00304	contig_48	27342	27584	+	LNHIMF_00680	4	shell	0	3	2
IKCLMC_00305	contig_48	27595	28338	+	LNHIMF_00681	4	shell	0	2	0
IKCLMC_00306	contig_48	28389	28784	+	LNHIMF_00682	4	shell	0	2	0
IKCLMC_00307	contig_48	28805	29119	+	LNHIMF_00683	4	shell	0	2	0
IKCLMC_00308	contig_48	29091	32186	+	LNHIMF_00684	4	shell	0	4	0
IKCLMC_00309	contig_48	32189	32518	+	LNHIMF_00685	4	shell	0	2	0
IKCLMC_00310	contig_48	32528	33226	+	AJBGEP_01299	4	shell	0	2	1
IKCLMC_00311	contig_48	33218	33823	-	LNHIMF_00687	4	cloud	0	2	0
IKCLMC_00312	contig_48	33868	34515	+	AJBGEP_01301	4	shell	0	2	2
IKCLMC_00313	contig_48	34529	34864	-	IKCLMC_00084	3	cloud	0	1	0
IKCLMC_00314	contig_49	15	266	+	IKCLMC_00314	1	cloud	0	0	1
IKCLMC_00315	contig_49	259	588	+	IKCLMC_00315	1	cloud	0	0	2
IKCLMC_00316	contig_49	600	1634	+	IKCLMC_00316	1	cloud	0	0	2
IKCLMC_00317	contig_49	1761	2180	+	IKCLMC_00317	1	cloud	0	0	2
IKCLMC_00318	contig_49	2290	3477	+	IKCLMC_00318	1	cloud	0	0	2
IKCLMC_00319	contig_49	3477	4961	+	IKCLMC_00319	1	cloud	0	0	2
IKCLMC_00320	contig_49	4988	5839	-	IKCLMC_00320	1	cloud	0	0	2
IKCLMC_00321	contig_49	6053	6352	+	IKCLMC_00321	1	cloud	0	0	2
IKCLMC_00323	contig_49	7053	7259	+	IKCLMC_00323	1	cloud	0	0	2
IKCLMC_00324	contig_49	7283	8353	+	IKCLMC_00324	1	cloud	0	0	2
IKCLMC_00325	contig_49	8350	8565	+	IKCLMC_00325	1	cloud	0	0	2
IKCLMC_00326	contig_49	8573	9601	+	IKCLMC_00326	1	cloud	0	0	2
IKCLMC_00327	contig_49	9636	9998	+	IKCLMC_00327	1	cloud	0	0	2
IKCLMC_00328	contig_49	9995	10153	+	IKCLMC_00328	1	cloud	0	0	2
IKCLMC_00329	contig_49	10268	10888	+	IKCLMC_00329	1	cloud	0	0	2
IKCLMC_00330	contig_49	10875	11318	+	IKCLMC_00330	1	cloud	0	0	2
IKCLMC_00331	contig_49	11321	11632	+	IKCLMC_00331	1	cloud	0	0	2
IKCLMC_00332	contig_49	11765	12316	+	IKCLMC_00332	1	cloud	0	0	2
IKCLMC_00333	contig_49	12344	12583	+	IKCLMC_00333	1	cloud	0	0	2
IKCLMC_00334	contig_49	12618	13439	+	IKCLMC_00334	1	cloud	0	0	2
IKCLMC_00335	contig_49	13537	14115	+	IKCLMC_00335	1	cloud	0	0	2
IKCLMC_00336	contig_49	14172	14507	-	IKCLMC_00336	1	cloud	0	0	2
IKCLMC_00337	contig_49	15146	15787	+	IKCLMC_00337	1	cloud	0	0	2
IKCLMC_00338	contig_49	15956	16333	+	IKCLMC_00338	1	cloud	0	0	2
IKCLMC_00339	contig_49	16346	17563	+	IKCLMC_00339	1	cloud	0	0	2
IKCLMC_00340	contig_49	17567	18307	+	IKCLMC_00340	1	cloud	0	0	2
IKCLMC_00341	contig_49	18291	19082	+	IKCLMC_00341	1	cloud	0	0	2
IKCLMC_00342	contig_49	19111	20127	+	IKCLMC_00342	1	cloud	0	0	2
IKCLMC_00343	contig_49	20120	20728	+	IKCLMC_00343	1	cloud	0	0	2
IKCLMC_00344	contig_49	21319	24069	-	IKCLMC_00344	1	cloud	0	0	2
IKCLMC_00345	contig_49	24859	25557	-	IKCLMC_00345	1	cloud	0	0	2
IKCLMC_00346	contig_49	25593	28052	-	IKCLMC_00346	1	cloud	0	0	2
IKCLMC_00347	contig_49	28052	28960	-	IKCLMC_00347	1	cloud	0	0	2
IKCLMC_00348	contig_49	28953	29237	-	IKCLMC_00348	1	cloud	0	0	2
IKCLMC_00349	contig_49	29395	29679	+	IKCLMC_00349	1	cloud	0	0	2
IKCLMC_00350	contig_49	29689	30471	+	IKCLMC_00350	1	cloud	0	0	2
IKCLMC_00351	contig_49	30503	30925	+	IKCLMC_00351	1	cloud	0	0	2
IKCLMC_00352	contig_49	30951	31091	+	IKCLMC_00352	1	cloud	0	0	2
IKCLMC_00353	contig_49	31103	31465	+	IKCLMC_00353	1	cloud	0	0	2
IKCLMC_00354	contig_49	31768	32655	+	IKCLMC_00354	1	cloud	0	0	2
IKCLMC_00355	contig_49	33062	34267	+	IKCLMC_00355	1	cloud	0	0	2
IKCLMC_00356	contig_49	34264	35229	+	IKCLMC_00356	1	cloud	0	0	2
IKCLMC_00357	contig_49	35494	37197	+	IKCLMC_00357	1	cloud	0	0	2
IKCLMC_00358	contig_49	37252	38850	+	IKCLMC_00358	1	cloud	0	0	2
IKCLMC_00359	contig_49	38862	39680	+	IKCLMC_00359	1	cloud	0	0	2
IKCLMC_00360	contig_49	39960	40310	+	IKCLMC_00360	1	cloud	0	0	2
IKCLMC_00361	contig_49	40321	40830	+	IKCLMC_00361	1	cloud	0	0	2
IKCLMC_00362	contig_49	40978	41208	-	IKCLMC_00362	1	cloud	0	0	2
IKCLMC_00363	contig_49	41265	41600	-	IKCLMC_00363	1	cloud	0	0	2
IKCLMC_00364	contig_49	41578	41931	-	IKCLMC_00364	1	cloud	0	0	2
IKCLMC_00365	contig_49	42059	43063	-	IKCLMC_00365	1	cloud	0	0	2
IKCLMC_00367	contig_49	43750	44490	+	IKCLMC_00367	1	cloud	0	0	2
IKCLMC_00368	contig_49	44508	44981	+	IKCLMC_00368	1	cloud	0	0	2
IKCLMC_00369	contig_49	45040	45606	+	IKCLMC_00369	1	cloud	0	0	2
IKCLMC_00370	contig_49	45614	46216	+	IKCLMC_00370	1	cloud	0	0	2
IKCLMC_00371	contig_49	46229	47122	+	IKCLMC_00371	1	cloud	0	0	2
IKCLMC_00372	contig_49	47184	50429	+	IKCLMC_00372	1	cloud	0	0	2
IKCLMC_00373	contig_49	50429	50785	+	IKCLMC_00373	1	cloud	0	0	2
IKCLMC_00374	contig_49	50786	52228	+	IKCLMC_00374	1	cloud	0	0	2
IKCLMC_00375	contig_49	52228	53343	+	IKCLMC_00375	1	cloud	0	0	2
IKCLMC_00376	contig_49	53403	53840	+	IKCLMC_00376	1	cloud	0	0	2
IKCLMC_00377	contig_49	53853	55961	+	IKCLMC_00377	1	cloud	0	0	2
IKCLMC_00378	contig_49	55961	56548	+	ONMMKP_04180	1	cloud	0	0	4
IKCLMC_00379	contig_49	56553	57137	-	IKCLMC_00379	1	cloud	0	0	2
IKCLMC_00380	contig_49	57137	57934	-	IKCLMC_00380	1	cloud	0	0	1
IKCLMC_00381	contig_50	147	935	-	GEGEGB_02242	1	persistent	2	0	0
IKCLMC_00382	contig_50	945	1469	-	GEGEGB_02243	1	persistent	2	0	0
IKCLMC_00383	contig_50	1504	2796	-	LNHIMF_00889	1	persistent	2	0	1
IKCLMC_00384	contig_50	2920	4098	-	ODDLKH_01241	1	persistent	2	0	1
IKCLMC_00385	contig_50	4163	4591	-	GEGEGB_02246	1	persistent	2	0	1
IKCLMC_00386	contig_50	4595	5287	-	GEGEGB_02247	1	persistent	2	0	0
IKCLMC_00387	contig_50	5284	5688	-	LNHIMF_00884	1	persistent	2	0	0
IKCLMC_00388	contig_50	5917	6210	-	LNHIMF_00883	1	persistent	2	0	0
IKCLMC_00389	contig_50	6210	6323	-	GEGEGB_02250	1	persistent	2	0	0
IKCLMC_00390	contig_50	6338	7477	-	GEGEGB_02251	1	persistent	2	0	0
IKCLMC_00391	contig_50	7493	9061	-	LNHIMF_00880	1	persistent	2	0	0
IKCLMC_00392	contig_50	10490	10615	-	LNHIMF_00879	1	persistent	2	0	0
IKCLMC_00393	contig_50	10644	11513	-	LNHIMF_00878	1	persistent	2	0	0
IKCLMC_00394	contig_50	11513	12679	-	GEGEGB_02255	1	persistent	2	0	0
IKCLMC_00395	contig_50	12821	14029	-	GEGEGB_02256	1	persistent	2	0	0
IKCLMC_00396	contig_50	14044	16845	-	GEGEGB_02257	1	persistent	2	0	0
IKCLMC_00397	contig_50	17369	18085	-	LNHIMF_00874	1	persistent	2	0	0
IKCLMC_00398	contig_50	18102	19868	-	LNHIMF_00873	1	persistent	2	0	0
IKCLMC_00399	contig_50	19868	20215	-	GEGEGB_02260	1	persistent	2	0	0
IKCLMC_00400	contig_50	20209	20613	-	GEGEGB_02261	1	persistent	2	1	0
IKCLMC_00401	contig_50	21007	21252	-	BEJGEH_00731	1	shell	2	0	0
IKCLMC_00402	contig_50	21353	22636	+	LNHIMF_00870	1	persistent	2	1	0
IKCLMC_00403	contig_50	22773	23819	+	GEGEGB_02263	1	persistent	2	0	0
IKCLMC_00404	contig_50	23874	24665	-	BEJGEH_00728	1	persistent	2	1	0
IKCLMC_00405	contig_50	24714	24851	-	ALJMDI_01073	1	shell	1	1	0
IKCLMC_00406	contig_50	24919	26868	-	AJBGEP_00750	1	shell	0	2	0
IKCLMC_00407	contig_50	26872	27705	-	LNHIMF_00865	1	shell	0	2	0
IKCLMC_00408	contig_50	27898	29676	-	LNHIMF_00864	1	shell	0	2	0
IKCLMC_00409	contig_50	29770	30480	-	LNHIMF_00863	1	shell	0	3	0
IKCLMC_00410	contig_50	30484	31254	-	LNHIMF_00862	1	shell	0	2	0
IKCLMC_00411	contig_50	31383	32516	-	GEGEGB_02273	1	shell	0	3	0
IKCLMC_00412	contig_50	32529	33422	-	LNHIMF_00860	1	shell	0	2	0
IKCLMC_00413	contig_50	33422	34573	-	LNHIMF_00859	1	shell	0	2	0
IKCLMC_00414	contig_50	34859	35599	-	GEGEGB_02276	1	shell	0	2	0
IKCLMC_00415	contig_50	35601	35822	-	GEGEGB_02277	1	shell	0	2	0
IKCLMC_00416	contig_50	36396	36962	-	GEGEGB_02278	1	shell	1	1	0
IKCLMC_00417	contig_50	37477	38211	-	GEGEGB_02279	1	persistent	2	1	0
IKCLMC_00418	contig_50	38201	39133	-	LNHIMF_00854	1	persistent	2	0	0
IKCLMC_00419	contig_50	39127	39783	-	GEGEGB_02281	1	persistent	2	0	0
IKCLMC_00420	contig_50	39799	40542	-	GEGEGB_02282	1	persistent	2	0	0
IKCLMC_00421	contig_50	40871	42352	+	GEGEGB_02283	1	persistent	2	0	0
IKCLMC_00422	contig_50	42391	43812	-	LNHIMF_00850	1	persistent	2	0	0
IKCLMC_00423	contig_50	43923	44129	-	GEGEGB_02285	1	persistent	2	0	0
IKCLMC_00424	contig_50	44555	46234	+	GEGEGB_02286	1	persistent	2	0	0
IKCLMC_00425	contig_50	46255	48303	+	GEGEGB_02287	1	persistent	2	0	0
IKCLMC_00426	contig_50	48312	48896	+	LNHIMF_00846	1	persistent	2	0	0
IKCLMC_00427	contig_50	48893	51577	+	LNHIMF_00845	1	persistent	2	0	0
IKCLMC_00428	contig_50	51574	52251	+	LNHIMF_00844	1	persistent	3	0	1
IKCLMC_00429	contig_50	52529	52633	+	LNHIMF_00843	1	persistent	2	0	0
IKCLMC_00430	contig_50	53013	55211	+	LNHIMF_00842	1	persistent	3	0	2
IKCLMC_00431	contig_50	55208	56527	+	GEGEGB_02295	1	persistent	2	0	0
IKCLMC_00432	contig_50	56592	57077	+	GEGEGB_02296	1	persistent	2	0	0
IKCLMC_00433	contig_50	57192	58832	-	GEGEGB_02297	1	persistent	2	0	0
IKCLMC_00434	contig_50	58857	59399	-	GEGEGB_02298	1	persistent	2	0	0
IKCLMC_00435	contig_50	59584	60354	+	LNHIMF_00837	1	persistent	2	0	0
IKCLMC_00436	contig_50	60488	60781	+	GEGEGB_02300	1	persistent	2	0	0
IKCLMC_00437	contig_50	60932	61462	+	LNHIMF_00835	1	persistent	2	0	1
IKCLMC_00438	contig_50	61744	62196	+	GEGEGB_02302	1	persistent	2	0	1
IKCLMC_00439	contig_50	62311	63237	+	LNHIMF_00832	1	persistent	2	0	0
IKCLMC_00440	contig_50	63335	64738	+	GEGEGB_02304	1	persistent	2	0	0
IKCLMC_00441	contig_50	64725	65864	+	BEJGEH_00703	1	persistent	2	0	0
IKCLMC_00442	contig_50	65915	67219	+	GEGEGB_02306	1	persistent	2	0	0
IKCLMC_00443	contig_50	67268	67600	-	GEGEGB_02307	1	persistent	2	0	0
IKCLMC_00444	contig_50	67650	69056	-	GEGEGB_02308	1	persistent	2	0	0
IKCLMC_00445	contig_50	69508	71175	-	ALJMDI_00783	1	persistent	2	0	0
IKCLMC_00446	contig_50	71386	73338	-	LNHIMF_00825	1	persistent	2	0	0
IKCLMC_00447	contig_50	73665	74465	+	GEGEGB_02311	1	persistent	2	0	0
IKCLMC_00448	contig_50	74465	75679	+	LNHIMF_00823	1	persistent	2	0	0
IKCLMC_00449	contig_50	75684	76904	+	GEGEGB_02313	1	persistent	2	0	0
IKCLMC_00450	contig_50	76951	77703	+	GEGEGB_02314	1	persistent	2	0	1
IKCLMC_00451	contig_50	77993	79657	+	GEGEGB_02315	1	persistent	2	2	0
IKCLMC_00453	contig_51	19	564	-	GEGEGB_03494	1	persistent	3	0	0
IKCLMC_00454	contig_51	576	2027	-	GEGEGB_03495	1	persistent	2	0	0
IKCLMC_00455	contig_51	2066	2680	-	BEJGEH_04039	1	persistent	2	0	0
IKCLMC_00456	contig_51	2680	4011	-	GEGEGB_03497	1	persistent	2	0	0
IKCLMC_00457	contig_51	4201	6390	+	GEGEGB_03498	1	persistent	2	0	0
IKCLMC_00458	contig_51	6400	7563	+	GEGEGB_03499	1	persistent	2	0	0
IKCLMC_00459	contig_51	7760	9583	-	GEGEGB_03500	1	persistent	2	0	0
IKCLMC_00460	contig_51	9837	10538	-	LNHIMF_04028	1	persistent	2	0	0
IKCLMC_00461	contig_51	10624	12102	-	GEGEGB_03502	1	persistent	2	0	0
IKCLMC_00462	contig_51	12288	12776	+	LNHIMF_04026	1	persistent	2	0	0
IKCLMC_00463	contig_51	12784	13578	-	GEGEGB_03504	1	persistent	2	0	0
IKCLMC_00464	contig_51	13608	14387	-	GEGEGB_03505	1	persistent	2	0	0
IKCLMC_00465	contig_51	14390	14938	-	GEGEGB_03506	1	persistent	2	0	0
IKCLMC_00466	contig_51	14942	15196	-	GEGEGB_03507	1	persistent	2	0	0
IKCLMC_00467	contig_51	15402	17042	-	GEGEGB_03508	1	persistent	2	0	0
IKCLMC_00469	contig_51	17039	17644	-	GEGEGB_03510	1	persistent	2	0	0
IKCLMC_00470	contig_51	17654	18409	-	GEGEGB_03511	1	persistent	2	0	0
IKCLMC_00471	contig_51	18505	19935	-	GEGEGB_03512	1	persistent	2	0	0
IKCLMC_00472	contig_51	20075	20836	-	GEGEGB_03513	1	persistent	2	0	0
IKCLMC_00473	contig_51	21095	21907	+	GEGEGB_03514	1	persistent	2	0	0
IKCLMC_00474	contig_51	21987	23282	-	LNHIMF_04014	1	persistent	2	0	0
IKCLMC_00475	contig_51	23674	25938	-	LNHIMF_04013	1	persistent	2	0	0
IKCLMC_00476	contig_51	26187	27140	+	GEGEGB_03517	1	persistent	2	0	0
IKCLMC_00477	contig_51	27028	27927	-	GEGEGB_03518	1	persistent	2	0	0
IKCLMC_00478	contig_51	28008	28808	-	LNHIMF_04010	1	persistent	2	0	0
IKCLMC_00479	contig_51	28824	29840	-	LNHIMF_04009	1	persistent	2	0	0
IKCLMC_00480	contig_51	29951	30571	+	GEGEGB_03521	1	persistent	2	0	0
IKCLMC_00481	contig_51	30611	31231	-	GEGEGB_03522	1	persistent	2	0	0
IKCLMC_00482	contig_51	31295	33142	-	GEGEGB_03523	1	persistent	2	0	0
IKCLMC_00483	contig_51	33208	34077	-	GEGEGB_03524	1	persistent	2	0	0
IKCLMC_00484	contig_51	34242	34709	+	GEGEGB_03525	1	persistent	2	0	0
IKCLMC_00485	contig_51	34753	35640	+	HFCAGB_04202	1	persistent	2	2	0
IKCLMC_00486	contig_51	35680	35976	-	HFCAGB_04201	1	shell	1	1	0
IKCLMC_00487	contig_51	36058	36531	+	HFCAGB_04200	1	shell	1	1	0
IKCLMC_00488	contig_51	36579	37529	-	GEGEGB_03529	1	persistent	2	2	0
IKCLMC_00489	contig_51	38001	40163	-	LNHIMF_04001	1	persistent	2	0	0
IKCLMC_00490	contig_51	40299	41015	-	GEGEGB_03531	1	persistent	2	0	0
IKCLMC_00491	contig_51	41015	41917	-	GEGEGB_03532	1	persistent	2	0	0
IKCLMC_00492	contig_51	41914	42621	-	GEGEGB_03533	1	persistent	2	0	0
IKCLMC_00493	contig_51	42618	43442	-	GEGEGB_03534	1	persistent	2	0	0
IKCLMC_00494	contig_51	43479	43682	-	GEGEGB_03535	1	persistent	1	1	1
IKCLMC_00495	contig_51	43868	44119	+	HFCAGB_04192	1	shell	2	1	0
IKCLMC_00496	contig_51	44158	44250	+	BENMGJ_00575	1	shell	1	1	0
IKCLMC_00497	contig_51	44378	44767	+	LNHIMF_03994	1	persistent	1	2	1
IKCLMC_00498	contig_51	44837	45157	+	GEGEGB_03538	1	persistent	2	1	0
IKCLMC_00499	contig_51	45235	47781	-	GEGEGB_03542	1	persistent	2	1	0
IKCLMC_00500	contig_51	48137	49099	+	GEGEGB_03543	1	persistent	2	0	0
IKCLMC_00501	contig_51	49096	49836	+	LNHIMF_03990	1	persistent	2	0	0
IKCLMC_00502	contig_51	49858	51027	+	GEGEGB_03545	1	persistent	2	0	0
IKCLMC_00503	contig_51	51027	52226	+	LNHIMF_03988	1	persistent	2	0	0
IKCLMC_00510	contig_51	53343	54728	-	HFCAGB_04177	1	persistent	2	0	0
IKCLMC_00511	contig_51	54935	55675	-	LNHIMF_03980	1	persistent	2	0	0
IKCLMC_00512	contig_51	55672	57030	-	LNHIMF_03979	1	persistent	2	0	0
IKCLMC_00513	contig_51	57027	58106	-	LNHIMF_03978	1	persistent	2	0	0
IKCLMC_00514	contig_51	58103	59353	-	GEGEGB_03557	1	persistent	2	0	0
IKCLMC_00515	contig_51	59355	60485	-	GEGEGB_03558	1	persistent	2	0	0
IKCLMC_00516	contig_51	60490	61167	-	LNHIMF_03975	1	persistent	1	1	1
IKCLMC_00517	contig_51	61145	62026	-	GEGEGB_03560	1	cloud	2	0	0
IKCLMC_00518	contig_51	62059	63126	-	LNHIMF_03973	1	persistent	1	1	1
IKCLMC_00519	contig_51	63126	64388	-	GEGEGB_03562	1	persistent	2	0	0
IKCLMC_00520	contig_51	64385	65470	-	LNHIMF_03971	1	persistent	2	0	0
IKCLMC_00521	contig_51	65571	66617	-	LNHIMF_03970	1	persistent	2	0	0
IKCLMC_00522	contig_51	66629	67732	-	GEGEGB_03565	1	persistent	2	0	0
IKCLMC_00523	contig_51	67962	69221	-	GEGEGB_03566	1	persistent	2	0	0
IKCLMC_00524	contig_51	69640	69969	-	GEGEGB_03567	1	persistent	2	0	0
IKCLMC_00525	contig_51	70113	71378	+	GEGEGB_03568	1	persistent	2	0	0
IKCLMC_00526	contig_51	71497	72978	+	GEGEGB_03569	1	persistent	2	0	0
IKCLMC_00527	contig_51	73018	75042	-	GEGEGB_03570	1	persistent	2	0	1
IKCLMC_00528	contig_51	75580	75861	+	GEGEGB_03575	1	persistent	2	0	1
IKCLMC_00529	contig_51	75899	77374	-	GEGEGB_03576	1	persistent	2	0	0
IKCLMC_00530	contig_51	77538	78425	+	GEGEGB_03577	1	persistent	2	0	1
IKCLMC_00531	contig_51	78428	78769	-	BEJGEH_03957	1	persistent	2	1	0
IKCLMC_00532	contig_51	78766	79128	-	HFCAGB_04155	1	shell	2	0	0
IKCLMC_00533	contig_51	79366	80910	-	LNHIMF_03954	1	persistent	2	1	1
IKCLMC_00534	contig_51	80913	82763	-	LNHIMF_03953	1	persistent	2	0	0
IKCLMC_00535	contig_51	82923	83852	-	GEGEGB_03582	1	persistent	2	0	0
IKCLMC_00536	contig_51	83870	84133	-	GEGEGB_03583	1	persistent	2	0	0
IKCLMC_00537	contig_51	84130	85776	-	GEGEGB_03584	1	persistent	2	0	0
IKCLMC_00538	contig_51	86366	87886	+	LNHIMF_03949	1	persistent	2	1	2
IKCLMC_00539	contig_51	87911	88249	-	GEGEGB_03632	1	persistent	2	1	0
IKCLMC_00540	contig_51	88368	89204	+	GEGEGB_03633	1	persistent	3	0	0
IKCLMC_00544	contig_52	46	1083	+	LNHIMF_00689	2	shell	0	2	0
IKCLMC_00545	contig_52	1122	1364	+	LNHIMF_00690	3	shell	0	3	1
IKCLMC_00546	contig_52	1420	3858	+	AJBGEP_02772	2	shell	0	8	0
IKCLMC_00548	contig_52	3858	4439	+	AJBGEP_02770	3	shell	0	9	5
IKCLMC_00549	contig_52	4915	5883	+	AJBGEP_01051	1	shell	0	2	0
IKCLMC_00550	contig_52	6151	6399	+	AJBGEP_01052	1	shell	0	2	0
IKCLMC_00551	contig_52	6531	7157	-	OEKLIE_02525	2	shell	2	2	5
IKCLMC_00552	contig_52	7510	8196	-	HFCAGB_01104	1	shell	0	3	1
IKCLMC_00553	contig_52	8467	8721	-	AJBGEP_01055	1	shell	1	1	0
IKCLMC_00554	contig_52	9085	11697	+	LNHIMF_01091	1	persistent	2	1	2
IKCLMC_00555	contig_52	11905	12915	+	LNHIMF_01092	1	persistent	2	0	0
IKCLMC_00556	contig_52	13081	13623	+	GEGEGB_01971	1	persistent	2	0	0
IKCLMC_00557	contig_52	13620	14729	-	LNHIMF_01094	1	persistent	2	0	0
IKCLMC_00558	contig_52	14828	16936	+	LNHIMF_01095	1	persistent	2	0	0
IKCLMC_00559	contig_52	16949	18856	+	GEGEGB_01968	1	persistent	2	0	0
IKCLMC_00560	contig_52	18871	20127	+	GEGEGB_01967	1	persistent	2	0	0
IKCLMC_00561	contig_52	20132	21772	+	GEGEGB_01966	1	persistent	2	0	0
IKCLMC_00562	contig_52	21769	22332	+	GEGEGB_01965	1	persistent	2	0	0
IKCLMC_00563	contig_52	22855	23373	-	GEGEGB_01964	1	persistent	2	0	0
IKCLMC_00564	contig_52	23442	25202	-	GEGEGB_01963	1	persistent	2	0	1
IKCLMC_00565	contig_52	25388	25840	+	GEGEGB_01962	1	persistent	2	0	0
IKCLMC_00566	contig_52	25912	26964	-	GEGEGB_01961	1	persistent	2	0	0
IKCLMC_00567	contig_52	27321	27830	-	GEGEGB_01960	1	persistent	2	0	2
IKCLMC_00568	contig_52	28047	28652	+	LNHIMF_01105	1	persistent	2	0	1
IKCLMC_00569	contig_52	28639	30792	-	GEGEGB_01957	1	persistent	2	0	0
IKCLMC_00570	contig_52	30811	31257	-	GEGEGB_01956	1	persistent	2	0	0
IKCLMC_00571	contig_52	31381	33435	+	BEJGEH_00979	1	persistent	2	0	0
IKCLMC_00572	contig_52	33471	33929	-	GEGEGB_01954	1	persistent	2	0	0
IKCLMC_00573	contig_52	34025	34687	-	GEGEGB_01953	1	persistent	2	0	0
IKCLMC_00574	contig_52	34861	35274	+	GEGEGB_01952	1	persistent	2	0	0
IKCLMC_00575	contig_52	35319	35636	-	GEGEGB_01951	1	persistent	2	0	0
IKCLMC_00576	contig_52	35694	36905	-	LNHIMF_01113	1	persistent	2	0	1
IKCLMC_00577	contig_52	37120	37668	+	BEJGEH_00985	1	persistent	2	0	0
IKCLMC_00578	contig_52	37685	38473	+	LNHIMF_01115	1	persistent	2	1	2
IKCLMC_00579	contig_52	38522	38803	+	GEGEGB_01943	1	persistent	2	0	0
IKCLMC_00580	contig_52	38800	39129	-	GEGEGB_01942	1	persistent	2	0	0
IKCLMC_00581	contig_52	39216	39875	-	GEGEGB_01941	1	persistent	2	1	2
IKCLMC_00583	contig_52	40514	41194	-	BEJGEH_00991	1	persistent	2	1	1
IKCLMC_00584	contig_52	41416	42291	-	LNHIMF_01121	1	persistent	2	0	1
IKCLMC_00586	contig_52	42839	43180	-	GEGEGB_01934	1	persistent	2	0	0
IKCLMC_00587	contig_52	43197	44882	-	LNHIMF_01124	1	persistent	3	0	0
IKCLMC_00588	contig_52	45385	45495	-	LNHIMF_01125	1	persistent	2	0	0
IKCLMC_00589	contig_52	45604	47166	-	HFCAGB_01141	1	persistent	3	0	0
IKCLMC_00590	contig_52	47246	48610	-	BEJGEH_00998	1	persistent	2	0	0
IKCLMC_00591	contig_52	48603	49340	-	LNHIMF_01128	1	persistent	2	0	0
IKCLMC_00592	contig_52	49419	49829	+	LNHIMF_01129	1	persistent	2	0	0
IKCLMC_00593	contig_52	50162	50674	-	LNHIMF_01130	1	persistent	2	0	0
IKCLMC_00594	contig_52	50692	52254	-	LNHIMF_01131	1	persistent	2	0	0
IKCLMC_00595	contig_52	52472	52912	-	GEGEGB_01926	1	persistent	2	0	0
IKCLMC_00596	contig_52	53187	54476	+	GEGEGB_01925	1	persistent	2	0	0
IKCLMC_00597	contig_52	54473	55939	+	BEJGEH_01005	1	persistent	2	0	0
IKCLMC_00598	contig_52	55941	56792	+	LNHIMF_01135	1	persistent	3	0	0
IKCLMC_00599	contig_52	56802	57182	+	GEGEGB_01921	1	persistent	2	0	0
IKCLMC_00600	contig_52	57326	58129	+	GEGEGB_01920	1	persistent	2	0	0
IKCLMC_00601	contig_52	58140	58931	+	GEGEGB_01919	1	persistent	2	0	0
IKCLMC_00602	contig_52	59003	60379	+	LNHIMF_01139	1	persistent	2	0	0
IKCLMC_00603	contig_52	60389	61285	+	LNHIMF_01140	1	persistent	2	0	0
IKCLMC_00604	contig_52	61299	62237	+	GEGEGB_01916	1	persistent	3	0	0
IKCLMC_00605	contig_52	62645	63007	-	LNHIMF_01142	1	persistent	2	0	0
IKCLMC_00606	contig_52	63661	63966	-	GEGEGB_01915	1	persistent	3	0	0
IKCLMC_00607	contig_52	63966	64886	-	GEGEGB_01914	1	persistent	2	0	0
IKCLMC_00608	contig_52	65121	65483	+	LNHIMF_01145	1	persistent	2	0	0
IKCLMC_00609	contig_52	65532	67418	+	LNHIMF_01146	1	persistent	2	0	0
IKCLMC_00610	contig_52	67415	68038	+	LNHIMF_01147	1	persistent	2	0	0
IKCLMC_00611	contig_52	68028	68534	+	LNHIMF_01148	1	persistent	2	0	0
IKCLMC_00612	contig_52	68667	69908	+	LNHIMF_01149	1	persistent	2	0	0
IKCLMC_00613	contig_52	69942	70169	-	GEGEGB_01908	1	persistent	2	0	0
IKCLMC_00614	contig_52	70190	70786	-	LNHIMF_01151	1	persistent	2	0	0
IKCLMC_00615	contig_52	71171	71338	+	GEGEGB_01513	3	persistent	6	0	0
IKCLMC_00616	contig_52	71475	72113	+	LNHIMF_01153	1	persistent	2	0	0
IKCLMC_00617	contig_52	72110	72505	-	GEGEGB_01904	1	persistent	2	0	0
IKCLMC_00618	contig_52	72564	76526	-	LNHIMF_01155	1	persistent	3	0	0
IKCLMC_00619	contig_52	76947	78455	+	GEGEGB_01902	1	persistent	2	0	1
IKCLMC_00620	contig_52	79073	79369	+	LNHIMF_01157	1	persistent	2	0	0
IKCLMC_00621	contig_52	79348	80136	+	GEGEGB_01899	1	persistent	2	0	2
IKCLMC_00623	contig_52	80242	81123	-	GEGEGB_01898	1	persistent	2	0	0
IKCLMC_00625	contig_52	81409	82905	-	HFCAGB_01177	1	persistent	2	0	1
IKCLMC_00626	contig_52	83242	83922	-	GEGEGB_01894	1	persistent	2	0	1
IKCLMC_00627	contig_52	84440	85588	+	GEGEGB_01893	1	persistent	2	0	0
IKCLMC_00628	contig_52	85634	86326	+	LNHIMF_01165	1	persistent	2	0	0
IKCLMC_00629	contig_52	86609	87889	+	LNHIMF_01166	1	persistent	2	0	0
IKCLMC_00630	contig_52	87903	89006	+	GEGEGB_01890	1	persistent	2	0	1
IKCLMC_00633	contig_53	472	1002	-	GEGEGB_03829	1	persistent	3	0	0
IKCLMC_00634	contig_53	984	1568	-	LNHIMF_04043	1	persistent	2	0	0
IKCLMC_00635	contig_53	1638	1907	+	GEGEGB_03827	1	persistent	2	0	0
IKCLMC_00636	contig_53	1984	2970	+	GEGEGB_03826	1	persistent	2	0	0
IKCLMC_00637	contig_53	2987	3610	+	LNHIMF_04046	1	persistent	2	0	0
IKCLMC_00638	contig_53	3623	4531	-	GEGEGB_03824	1	persistent	2	0	0
IKCLMC_00639	contig_53	4919	7705	+	LNHIMF_04048	1	persistent	2	0	0
IKCLMC_00641	contig_53	7872	7919	+	GEGEGB_03822	1	persistent	2	0	0
IKCLMC_00642	contig_53	8040	8672	-	GEGEGB_03820	1	persistent	2	0	0
IKCLMC_00643	contig_53	8939	9136	+	GEGEGB_03819	1	persistent	2	0	0
IKCLMC_00645	contig_53	9255	9770	+	GEGEGB_03817	1	persistent	2	0	0
IKCLMC_00646	contig_53	9959	11332	+	GEGEGB_03816	1	persistent	2	0	0
IKCLMC_00647	contig_53	11422	11532	-	GEGEGB_03815	1	persistent	2	0	0
IKCLMC_00648	contig_53	11645	13054	-	GEGEGB_03814	1	persistent	2	0	0
IKCLMC_00649	contig_53	13063	14112	-	GEGEGB_03813	1	persistent	2	0	0
IKCLMC_00650	contig_53	14387	15796	-	GEGEGB_03812	1	persistent	2	0	0
IKCLMC_00652	contig_53	16172	17995	+	LNHIMF_04061	1	persistent	2	0	1
IKCLMC_00653	contig_53	18050	18784	-	GEGEGB_03809	1	persistent	2	0	0
IKCLMC_00654	contig_53	18769	19647	-	LNHIMF_04063	1	persistent	2	0	0
IKCLMC_00655	contig_53	19644	20885	-	BEJGEH_04070	1	persistent	2	0	0
IKCLMC_00656	contig_53	20887	21762	-	LNHIMF_04065	1	persistent	2	0	0
IKCLMC_00657	contig_53	21755	22780	-	AJBGEP_04224	1	persistent	2	0	0
IKCLMC_00658	contig_53	22793	23641	-	BEJGEH_04073	1	persistent	2	0	0
IKCLMC_00659	contig_53	23798	24490	-	LNHIMF_04068	1	persistent	2	0	1
IKCLMC_00660	contig_53	24558	25976	-	BEJGEH_04075	1	persistent	2	0	0
IKCLMC_00661	contig_53	26022	27404	-	GEGEGB_03799	1	persistent	2	0	0
IKCLMC_00662	contig_53	27450	29486	-	LNHIMF_04071	1	persistent	1	2	0
IKCLMC_00663	contig_53	29610	30485	-	BEJGEH_04078	1	shell	1	1	0
IKCLMC_00664	contig_53	30574	31461	-	BEJGEH_04079	1	shell	1	1	0
IKCLMC_00665	contig_53	31548	32789	-	BEJGEH_04080	1	persistent	1	2	0
IKCLMC_00666	contig_53	32805	33683	-	GEGEGB_03795	1	persistent	2	0	0
IKCLMC_00667	contig_53	33706	34602	-	GEGEGB_03794	1	persistent	2	0	0
IKCLMC_00668	contig_53	34767	35663	+	GEGEGB_03793	1	persistent	2	0	0
IKCLMC_00669	contig_53	35697	36500	+	GEGEGB_03792	1	persistent	2	0	0
IKCLMC_00670	contig_53	36691	37290	+	GEGEGB_03791	1	persistent	2	0	0
IKCLMC_00671	contig_53	37377	38156	+	GEGEGB_03790	1	persistent	2	0	0
IKCLMC_00672	contig_53	38153	38590	+	LNHIMF_04080	1	persistent	2	0	0
IKCLMC_00673	contig_53	38635	39576	+	GEGEGB_03788	1	persistent	2	0	0
IKCLMC_00674	contig_53	39591	40037	-	GEGEGB_03787	1	persistent	2	0	0
IKCLMC_00675	contig_53	40034	40345	-	LNHIMF_04083	1	persistent	2	0	0
IKCLMC_00676	contig_53	40431	41360	-	LNHIMF_04084	1	persistent	2	0	1
IKCLMC_00677	contig_53	41578	41889	+	LNHIMF_04085	1	persistent	2	0	0
IKCLMC_00678	contig_53	41890	42180	+	LNHIMF_04086	1	persistent	2	0	0
IKCLMC_00679	contig_53	42227	43156	-	LNHIMF_04087	1	persistent	2	0	1
IKCLMC_00680	contig_53	43153	43788	-	GEGEGB_03781	1	persistent	2	0	0
IKCLMC_00681	contig_53	43785	44687	-	LNHIMF_04089	1	persistent	2	0	0
IKCLMC_00682	contig_53	44700	47750	-	GEGEGB_03779	1	persistent	2	0	0
IKCLMC_00683	contig_53	47945	48781	+	GEGEGB_03778	1	persistent	3	0	0
IKCLMC_00684	contig_53	49049	50080	-	BEJGEH_04099	1	persistent	2	0	1
IKCLMC_00685	contig_53	50263	51363	+	LNHIMF_04092	1	persistent	3	0	1
IKCLMC_00687	contig_53	51719	52042	-	LNHIMF_04094	1	persistent	2	0	0
IKCLMC_00688	contig_53	52042	52701	-	GEGEGB_03773	1	persistent	2	0	0
IKCLMC_00689	contig_53	52802	53350	+	LNHIMF_04096	1	persistent	2	0	0
IKCLMC_00690	contig_53	53439	53753	-	GEGEGB_03771	1	persistent	2	0	0
IKCLMC_00691	contig_53	53750	54898	-	ALJMDI_00957	1	persistent	2	0	0
IKCLMC_00692	contig_53	55025	55852	-	LNHIMF_04099	1	persistent	2	0	0
IKCLMC_00693	contig_53	55995	57254	-	GEGEGB_03768	1	persistent	2	0	0
IKCLMC_00694	contig_53	57251	58720	-	LNHIMF_04101	1	persistent	2	0	0
IKCLMC_00695	contig_53	59008	59844	+	GEGEGB_03766	1	persistent	2	0	0
IKCLMC_00696	contig_53	59997	60845	+	GEGEGB_03765	1	persistent	2	0	0
IKCLMC_00697	contig_53	60842	61876	-	LNHIMF_04104	1	persistent	2	0	1
IKCLMC_00698	contig_53	62507	63178	+	GEGEGB_03763	1	persistent	2	0	1
IKCLMC_00699	contig_53	63336	64643	-	LNHIMF_04107	1	persistent	2	0	0
IKCLMC_00700	contig_53	64636	65151	-	GEGEGB_03761	1	persistent	2	0	0
IKCLMC_00701	contig_53	65170	66153	-	LNHIMF_04109	1	persistent	2	0	0
IKCLMC_00702	contig_53	66482	67102	+	GEGEGB_03758	1	persistent	2	0	0
IKCLMC_00703	contig_53	67172	67861	+	GEGEGB_03757	1	persistent	2	0	0
IKCLMC_00704	contig_53	67873	68268	+	LNHIMF_04112	1	persistent	2	0	1
IKCLMC_00705	contig_53	68319	69692	-	GEGEGB_03755	1	persistent	2	0	1
IKCLMC_00706	contig_53	69689	70387	-	LNHIMF_04114	1	persistent	2	0	0
IKCLMC_00707	contig_53	70538	71038	+	LNHIMF_04115	1	persistent	2	0	1
IKCLMC_00708	contig_53	71186	72088	+	GEGEGB_03752	1	persistent	2	0	1
IKCLMC_00709	contig_53	72273	73235	+	GEGEGB_03751	1	persistent	2	0	0
IKCLMC_00710	contig_53	73439	74428	+	LNHIMF_04118	1	persistent	2	0	0
IKCLMC_00711	contig_53	74529	75284	+	GEGEGB_03749	1	persistent	2	0	0
IKCLMC_00712	contig_53	75547	76881	+	LNHIMF_04120	1	persistent	2	0	0
IKCLMC_00713	contig_53	76892	77851	+	AJBGEP_04279	1	persistent	2	0	0
IKCLMC_00714	contig_53	77861	78901	+	GEGEGB_03745	1	persistent	2	0	0
IKCLMC_00715	contig_53	78964	79686	+	LNHIMF_04123	1	persistent	2	0	0
IKCLMC_00716	contig_53	79784	79954	+	LNHIMF_04124	1	persistent	2	0	0
IKCLMC_00717	contig_53	80191	80541	-	LNHIMF_04125	1	persistent	2	0	0
IKCLMC_00718	contig_53	80555	82147	-	GEGEGB_03741	1	persistent	2	0	0
IKCLMC_00719	contig_53	82234	83193	-	GEGEGB_03740	1	persistent	2	0	0
IKCLMC_00720	contig_53	83449	84984	+	LNHIMF_04128	1	persistent	2	0	0
IKCLMC_00721	contig_53	84978	86021	+	LNHIMF_04129	1	persistent	2	0	0
IKCLMC_00722	contig_53	86021	87019	+	GEGEGB_03737	1	persistent	2	0	0
IKCLMC_00723	contig_53	87048	88070	+	GEGEGB_03736	1	persistent	2	0	0
IKCLMC_00724	contig_53	88099	88974	+	GEGEGB_03735	1	persistent	2	0	0
IKCLMC_00725	contig_53	89018	89347	+	GEGEGB_03734	1	persistent	2	0	0
IKCLMC_00726	contig_53	89357	90121	+	LNHIMF_04134	1	persistent	2	0	0
IKCLMC_00727	contig_53	90213	90980	-	GEGEGB_03732	1	persistent	2	0	0
IKCLMC_00728	contig_53	91093	91689	-	GEGEGB_03731	1	persistent	2	0	0
IKCLMC_00729	contig_53	91790	92218	+	GEGEGB_03730	1	persistent	2	0	0
IKCLMC_00730	contig_53	92325	93071	-	GEGEGB_03729	1	persistent	2	0	0
IKCLMC_00731	contig_53	93168	94178	-	GEGEGB_03728	1	persistent	2	0	0
IKCLMC_00732	contig_53	94290	95798	-	LNHIMF_04140	1	persistent	2	0	0
IKCLMC_00733	contig_53	95819	96664	-	LNHIMF_04141	1	persistent	2	0	0
IKCLMC_00734	contig_53	97063	97302	+	LNHIMF_04142	1	persistent	2	0	0
IKCLMC_00735	contig_53	97524	98009	-	GEGEGB_03724	1	persistent	2	0	0
IKCLMC_00736	contig_53	98102	99031	-	LNHIMF_04144	1	persistent	2	0	0
IKCLMC_00737	contig_53	99098	100429	-	LNHIMF_04145	1	persistent	2	0	0
IKCLMC_00738	contig_53	100439	100969	-	GEGEGB_03721	1	persistent	2	0	0
IKCLMC_00739	contig_53	101061	101954	-	IKCLMC_00739	1	persistent	2	0	0
IKCLMC_00740	contig_53	102141	103166	-	GEGEGB_03719	1	persistent	2	0	0
IKCLMC_00741	contig_53	103321	105519	-	LNHIMF_04149	1	persistent	2	0	0
IKCLMC_00742	contig_53	105723	105935	+	GEGEGB_03717	1	persistent	2	1	0
IKCLMC_00743	contig_53	105981	106643	-	GEGEGB_03716	1	persistent	2	1	0
IKCLMC_00745	contig_53	106844	108634	-	LNHIMF_04153	1	persistent	2	0	0
IKCLMC_00746	contig_53	109090	109407	-	GEGEGB_03712	1	persistent	2	0	0
IKCLMC_00747	contig_53	109672	110832	+	LNHIMF_04155	1	persistent	2	0	0
IKCLMC_00748	contig_53	110835	113261	+	IKCLMC_00748	1	persistent	2	0	1
IKCLMC_00749	contig_53	113377	114234	-	HFCAGB_04356	1	persistent	2	0	0
IKCLMC_00750	contig_53	114237	115235	-	BEJGEH_04168	1	persistent	2	0	0
IKCLMC_00751	contig_53	115470	116594	-	LNHIMF_04158	1	persistent	2	0	1
IKCLMC_00752	contig_53	116730	118286	+	GEGEGB_03707	1	persistent	2	0	1
IKCLMC_00753	contig_53	118481	119371	+	GEGEGB_03703	1	persistent	2	0	1
IKCLMC_00754	contig_53	119536	121716	+	GEGEGB_03702	1	persistent	3	0	0
IKCLMC_00755	contig_53	121774	122397	-	BEJGEH_04173	1	persistent	2	0	0
IKCLMC_00756	contig_53	122656	123759	-	LNHIMF_04162	1	persistent	3	0	0
IKCLMC_00757	contig_53	123771	124433	-	BEJGEH_04175	1	persistent	1	1	1
IKCLMC_00758	contig_53	124444	126945	-	HFCAGB_04369	1	shell	1	1	0
IKCLMC_00759	contig_53	127254	128333	+	HFCAGB_04370	1	shell	0	2	0
IKCLMC_00760	contig_53	128348	128668	+	HFCAGB_04371	1	shell	0	2	0
IKCLMC_00761	contig_53	128767	131064	+	HFCAGB_04372	1	shell	0	2	0
IKCLMC_00762	contig_53	131030	131908	+	HFCAGB_04373	1	shell	0	2	0
IKCLMC_00763	contig_53	131910	132263	+	HFCAGB_04374	1	shell	1	1	0
IKCLMC_00764	contig_53	132250	133101	-	HFCAGB_04375	1	persistent	1	1	1
IKCLMC_00765	contig_53	133262	134995	-	GEGEGB_03697	1	persistent	2	0	0
IKCLMC_00766	contig_53	135206	137857	-	LNHIMF_04167	1	persistent	2	0	0
IKCLMC_00767	contig_53	138226	139377	-	GEGEGB_03695	1	persistent	2	0	0
IKCLMC_00768	contig_53	139466	140470	+	GEGEGB_03694	1	persistent	2	0	0
IKCLMC_00769	contig_53	140478	141254	+	GEGEGB_03693	1	persistent	2	0	0
IKCLMC_00770	contig_53	141372	142748	+	LNHIMF_04171	1	persistent	2	0	0
IKCLMC_00772	contig_53	143032	143949	+	GEGEGB_03690	1	persistent	2	0	0
IKCLMC_00773	contig_53	143932	145332	-	GEGEGB_03689	1	persistent	2	0	0
IKCLMC_00774	contig_53	145531	146166	+	GEGEGB_03688	1	persistent	2	0	0
IKCLMC_00775	contig_53	146182	146541	+	GEGEGB_03687	1	persistent	2	0	0
IKCLMC_00776	contig_53	146588	147688	-	LNHIMF_04177	1	persistent	2	0	0
IKCLMC_00777	contig_53	148062	149906	+	LNHIMF_04178	1	persistent	2	0	0
IKCLMC_00778	contig_53	149851	150702	+	GEGEGB_03684	1	persistent	2	0	0
IKCLMC_00779	contig_54	232	1170	+	LNHIMF_01169	1	persistent	2	1	1
IKCLMC_00780	contig_54	1255	1992	+	GEGEGB_01887	1	persistent	2	0	0
IKCLMC_00781	contig_54	2016	2570	+	GEGEGB_01886	1	persistent	2	0	0
IKCLMC_00782	contig_54	2659	3153	+	GEGEGB_01885	1	persistent	2	0	0
IKCLMC_00783	contig_54	3192	4025	-	GEGEGB_01884	1	persistent	2	0	0
IKCLMC_00784	contig_54	4052	4468	-	GEGEGB_01883	1	persistent	2	0	0
IKCLMC_00785	contig_54	4495	4890	-	GEGEGB_01882	1	persistent	2	0	0
IKCLMC_00786	contig_54	4895	5545	-	LNHIMF_01176	1	persistent	2	0	0
IKCLMC_00788	contig_54	6300	6755	+	LNHIMF_01178	1	persistent	2	0	0
IKCLMC_00789	contig_54	6797	7252	+	GEGEGB_01878	1	persistent	2	0	0
IKCLMC_00790	contig_54	7314	7640	+	BEJGEH_01949	1	persistent	2	0	0
IKCLMC_00791	contig_54	7771	8091	+	GEGEGB_01876	1	persistent	2	0	0
IKCLMC_00792	contig_54	8178	8717	+	GEGEGB_01875	1	persistent	2	0	0
IKCLMC_00793	contig_54	8656	10140	+	GEGEGB_01874	1	persistent	2	0	0
IKCLMC_00794	contig_54	10157	11311	-	GEGEGB_01873	1	persistent	2	0	0
IKCLMC_00795	contig_54	11565	13118	+	GEGEGB_01872	1	persistent	2	0	0
IKCLMC_00796	contig_54	13111	15654	+	LNHIMF_01186	1	persistent	2	0	0
IKCLMC_00797	contig_54	15728	15955	+	GEGEGB_01870	1	persistent	2	0	0
IKCLMC_00798	contig_54	15956	16330	-	GEGEGB_01869	1	persistent	2	0	0
IKCLMC_00799	contig_54	16412	17626	-	GEGEGB_01868	1	persistent	2	0	0
IKCLMC_00800	contig_54	17781	18701	-	LNHIMF_01190	1	persistent	2	0	0
IKCLMC_00801	contig_54	18921	19973	+	LNHIMF_01191	1	persistent	2	0	0
IKCLMC_00802	contig_54	20025	20600	-	GEGEGB_01865	1	persistent	2	0	0
IKCLMC_00803	contig_54	20597	21169	-	BEJGEH_01936	1	persistent	2	0	0
IKCLMC_00804	contig_54	21432	21545	-	GEGEGB_01863	1	persistent	2	0	0
IKCLMC_00805	contig_54	21586	22704	-	LNHIMF_01195	1	persistent	2	0	0
IKCLMC_00806	contig_54	22817	23071	-	LNHIMF_01196	1	persistent	2	0	0
IKCLMC_00807	contig_54	23361	23606	-	LNHIMF_01197	1	persistent	2	0	0
IKCLMC_00808	contig_54	23680	24726	-	LNHIMF_01198	1	persistent	2	0	0
IKCLMC_00809	contig_54	24830	25390	-	LNHIMF_01199	1	persistent	2	0	0
IKCLMC_00810	contig_54	25515	26114	-	GEGEGB_01857	1	persistent	2	0	0
IKCLMC_00811	contig_54	26226	27434	-	LNHIMF_01201	1	persistent	2	0	0
IKCLMC_00812	contig_54	27671	28255	+	LNHIMF_01202	1	persistent	2	0	0
IKCLMC_00813	contig_54	28291	28938	+	GEGEGB_01854	1	persistent	2	0	0
IKCLMC_00814	contig_54	28940	29863	+	LNHIMF_01204	1	persistent	2	0	0
IKCLMC_00815	contig_54	30128	31702	+	LNHIMF_01205	1	persistent	2	0	0
IKCLMC_00816	contig_54	31784	32206	-	GEGEGB_01851	1	persistent	2	0	0
IKCLMC_00817	contig_54	32211	32504	-	LNHIMF_01207	1	persistent	2	0	0
IKCLMC_00818	contig_54	32596	33255	-	GEGEGB_01849	1	persistent	2	0	0
IKCLMC_00819	contig_54	33412	33828	+	LNHIMF_01209	1	persistent	2	0	0
IKCLMC_00820	contig_54	33832	34236	+	GEGEGB_01847	1	persistent	2	0	0
IKCLMC_00821	contig_54	34248	34946	+	GEGEGB_01846	1	persistent	2	0	0
IKCLMC_00822	contig_54	34973	36184	+	GEGEGB_01845	1	persistent	2	0	0
IKCLMC_00823	contig_54	36205	36960	+	LNHIMF_01213	1	persistent	2	0	0
IKCLMC_00824	contig_54	36974	37756	+	GEGEGB_01843	1	persistent	2	0	0
IKCLMC_00825	contig_54	37843	38508	+	GEGEGB_01842	1	persistent	2	0	0
IKCLMC_00826	contig_54	38520	39617	+	GEGEGB_01841	1	persistent	2	0	0
IKCLMC_00827	contig_54	39617	40567	+	GEGEGB_01840	1	persistent	2	0	0
IKCLMC_00828	contig_54	40632	42293	+	GEGEGB_01839	1	persistent	2	0	0
IKCLMC_00829	contig_54	42308	43261	+	LNHIMF_01219	1	persistent	2	1	0
IKCLMC_00830	contig_54	43517	46723	-	ONMMKP_00953	1	persistent	2	1	1
IKCLMC_00831	contig_54	47213	48256	+	LNHIMF_01221	1	persistent	3	0	0
IKCLMC_00832	contig_54	48394	49155	+	BEJGEH_01907	1	persistent	3	0	0
IKCLMC_00833	contig_54	49359	49583	+	LNHIMF_01223	1	persistent	2	0	0
IKCLMC_00834	contig_54	49655	50239	-	LNHIMF_01224	1	persistent	4	0	0
IKCLMC_00836	contig_54	50437	50958	+	GEGEGB_01831	1	persistent	2	0	0
IKCLMC_00837	contig_54	51010	51183	+	GEGEGB_01830	1	persistent	2	0	0
IKCLMC_00838	contig_54	51347	52396	+	GEGEGB_01829	1	persistent	2	0	0
IKCLMC_00839	contig_54	52476	53429	+	LNHIMF_01229	1	persistent	2	0	0
IKCLMC_00840	contig_54	53445	54374	+	GEGEGB_01827	1	persistent	2	0	0
IKCLMC_00841	contig_54	54387	55121	+	GEGEGB_01826	1	persistent	2	0	0
IKCLMC_00842	contig_54	55277	55513	+	GEGEGB_01825	1	persistent	2	0	0
IKCLMC_00843	contig_54	55599	56840	+	LNHIMF_01233	1	persistent	2	0	1
IKCLMC_00844	contig_54	56964	57773	+	GEGEGB_01823	1	persistent	2	0	1
IKCLMC_00845	contig_54	57776	58798	+	BEJGEH_01895	1	persistent	2	0	0
IKCLMC_00846	contig_54	58788	59429	+	GEGEGB_01821	1	persistent	2	0	0
IKCLMC_00847	contig_54	59426	60430	+	GEGEGB_01820	1	persistent	2	0	0
IKCLMC_00848	contig_54	60441	61238	+	GEGEGB_01819	1	persistent	2	0	0
IKCLMC_00849	contig_54	61533	62966	+	GEGEGB_01818	1	persistent	2	0	0
IKCLMC_00850	contig_54	63052	65226	-	BEJGEH_01890	1	persistent	2	0	0
IKCLMC_00851	contig_54	65550	65927	+	GEGEGB_01815	1	persistent	2	0	0
IKCLMC_00852	contig_54	65930	66304	+	GEGEGB_01814	1	persistent	2	0	0
IKCLMC_00853	contig_54	66318	66956	+	LNHIMF_01249	1	persistent	2	0	0
IKCLMC_00854	contig_54	66937	67761	+	GEGEGB_01812	1	persistent	2	0	0
IKCLMC_00855	contig_54	67772	68797	+	GEGEGB_01811	1	persistent	2	0	0
IKCLMC_00856	contig_54	68822	69364	+	GEGEGB_01810	1	persistent	2	0	0
IKCLMC_00857	contig_54	69618	70922	+	GEGEGB_01809	1	persistent	2	0	1
IKCLMC_00858	contig_54	71101	71640	+	GEGEGB_01807	1	persistent	2	0	1
IKCLMC_00859	contig_54	71714	72349	-	LNHIMF_01255	1	persistent	2	0	0
IKCLMC_00860	contig_54	72591	72848	+	GEGEGB_01805	1	persistent	2	0	0
IKCLMC_00861	contig_54	72945	73910	-	LNHIMF_01257	1	persistent	2	0	0
IKCLMC_00862	contig_54	74058	77504	-	BEJGEH_01878	1	persistent	2	0	0
IKCLMC_00863	contig_54	77842	79041	+	GEGEGB_01802	1	persistent	2	0	0
IKCLMC_00864	contig_54	79034	79735	+	GEGEGB_01801	1	persistent	2	0	0
IKCLMC_00865	contig_54	79735	80979	+	GEGEGB_01800	1	persistent	2	0	0
IKCLMC_00866	contig_54	81008	81919	+	GEGEGB_01799	1	persistent	2	0	0
IKCLMC_00867	contig_54	81938	82759	+	GEGEGB_01798	1	persistent	2	0	0
IKCLMC_00868	contig_54	82841	83887	-	GEGEGB_01797	1	persistent	2	0	0
IKCLMC_00869	contig_54	83912	84691	-	GEGEGB_01796	1	persistent	2	0	0
IKCLMC_00870	contig_54	85007	86017	-	LNHIMF_01266	1	persistent	2	0	0
IKCLMC_00871	contig_54	86346	87209	-	GEGEGB_01794	1	persistent	2	0	0
IKCLMC_00872	contig_54	87193	88329	-	LNHIMF_01268	1	persistent	2	0	0
IKCLMC_00873	contig_54	88580	89809	+	LNHIMF_01269	1	persistent	3	1	0
IKCLMC_00874	contig_54	89813	91147	+	HFCAGB_02070	1	persistent	2	1	0
IKCLMC_00875	contig_54	91187	92308	-	LNHIMF_01271	1	persistent	3	0	0
IKCLMC_00876	contig_54	92389	93852	-	GEGEGB_01789	1	persistent	2	0	0
IKCLMC_00877	contig_54	93852	94526	-	LNHIMF_01273	1	persistent	2	0	0
IKCLMC_00878	contig_54	94650	96020	-	BEJGEH_01862	1	persistent	2	0	0
IKCLMC_00879	contig_54	96024	96665	-	LNHIMF_01275	1	persistent	2	0	0
IKCLMC_00880	contig_54	96752	97858	-	GEGEGB_01785	1	persistent	2	0	0
IKCLMC_00881	contig_54	97912	98373	-	GEGEGB_01784	1	persistent	2	0	0
IKCLMC_00882	contig_54	98385	98714	-	GEGEGB_01783	1	persistent	2	0	0
IKCLMC_00883	contig_54	98711	99448	-	LNHIMF_01279	1	persistent	2	0	0
IKCLMC_00884	contig_54	99548	100798	+	GEGEGB_01781	1	persistent	2	1	1
IKCLMC_00885	contig_54	100912	102054	-	AJBGEP_01242	1	cloud	1	0	1
IKCLMC_00886	contig_54	102044	102280	-	AJBGEP_01243	1	cloud	0	0	4
IKCLMC_00887	contig_54	102330	102833	-	IKCLMC_00887	1	cloud	0	0	2
IKCLMC_00888	contig_54	102830	103162	-	AJBGEP_01245	1	cloud	0	0	4
IKCLMC_00889	contig_54	103155	103475	-	AJBGEP_01246	1	cloud	0	0	3
IKCLMC_00890	contig_54	103511	104341	-	AJBGEP_01247	1	cloud	1	0	5
IKCLMC_00891	contig_54	104334	107024	-	AJBGEP_01248	1	cloud	1	2	4
IKCLMC_00892	contig_54	107165	107500	-	IKCLMC_00892	1	cloud	0	0	4
IKCLMC_00893	contig_54	107575	107859	-	IKCLMC_00893	1	cloud	0	0	3
IKCLMC_00894	contig_54	108290	108469	+	IKCLMC_00894	1	cloud	0	0	2
IKCLMC_00895	contig_54	108414	108602	-	IKCLMC_00895	1	cloud	0	0	2
IKCLMC_00896	contig_54	108913	109338	-	IKCLMC_00896	1	cloud	0	0	3
IKCLMC_00897	contig_54	109435	109689	+	HFCAGB_01357	2	cloud	0	0	3
IKCLMC_00898	contig_54	109676	110167	+	IKCLMC_00898	3	cloud	0	0	2
IKCLMC_00899	contig_54	110214	111221	+	HFCAGB_01359	1	cloud	0	0	3
IKCLMC_00900	contig_54	111789	112082	+	HFCAGB_01361	2	cloud	0	0	4
IKCLMC_00901	contig_54	112079	112351	+	IKCLMC_00901	1	cloud	0	0	2
IKCLMC_00903	contig_54	112555	112710	+	IKCLMC_00903	1	cloud	0	0	2
IKCLMC_00904	contig_54	112865	113209	+	HFCAGB_01364	2	cloud	0	1	3
IKCLMC_00905	contig_54	113273	113872	+	AJBGEP_01264	1	cloud	0	1	3
IKCLMC_00906	contig_54	113869	114063	+	IKCLMC_00906	1	cloud	0	0	2
IKCLMC_00907	contig_54	114045	114341	+	IKCLMC_00907	1	cloud	0	0	3
IKCLMC_00908	contig_54	114338	114892	+	IKCLMC_00908	1	cloud	0	0	3
IKCLMC_00912	contig_54	115158	115469	+	IKCLMC_00912	1	cloud	0	0	2
IKCLMC_00914	contig_54	115732	116283	+	IKCLMC_00914	1	cloud	0	0	2
IKCLMC_00915	contig_54	116526	116714	+	AJBGEP_01272	2	cloud	0	2	7
IKCLMC_00917	contig_54	116868	117086	+	AJBGEP_01274	3	cloud	0	0	3
IKCLMC_00918	contig_54	117098	117637	-	AJBGEP_01275	3	cloud	0	0	3
IKCLMC_00919	contig_54	117809	118117	+	AJBGEP_01276	1	cloud	0	0	4
IKCLMC_00920	contig_54	118095	118634	+	AJBGEP_01277	1	cloud	0	0	3
IKCLMC_00921	contig_54	118843	118941	+	AJBGEP_01278	1	cloud	0	0	3
IKCLMC_00922	contig_54	118943	119455	+	OEKLIE_01492	2	cloud	0	1	6
IKCLMC_00923	contig_54	119613	119801	+	PAPNPA_00729	1	cloud	0	0	3
IKCLMC_00924	contig_54	120102	120515	+	IKCLMC_00924	1	cloud	0	0	2
IKCLMC_00925	contig_54	120580	121209	+	IKCLMC_00925	1	cloud	0	0	3
IKCLMC_00926	contig_54	121212	122831	+	IKCLMC_00926	1	cloud	0	0	3
IKCLMC_00927	contig_54	122831	124351	+	IKCLMC_00927	1	cloud	0	0	2
IKCLMC_00928	contig_54	124392	125081	+	IKCLMC_00928	1	cloud	0	0	2
IKCLMC_00929	contig_54	125078	126424	+	IKCLMC_00929	1	cloud	0	0	2
IKCLMC_00930	contig_54	126426	126908	+	IKCLMC_00930	1	cloud	0	0	2
IKCLMC_00931	contig_54	126908	127936	+	IKCLMC_00931	1	cloud	0	0	2
IKCLMC_00932	contig_54	127940	128287	+	IKCLMC_00932	1	cloud	0	0	2
IKCLMC_00933	contig_54	128293	128739	+	IKCLMC_00933	1	cloud	0	0	2
IKCLMC_00934	contig_54	128733	129317	+	IKCLMC_00934	1	cloud	0	0	2
IKCLMC_00935	contig_54	129314	129679	+	IKCLMC_00935	1	cloud	0	0	2
IKCLMC_00936	contig_54	129664	130209	+	IKCLMC_00936	1	cloud	0	0	2
IKCLMC_00937	contig_54	130190	131674	+	IKCLMC_00937	1	cloud	0	0	2
IKCLMC_00938	contig_54	131675	132121	+	IKCLMC_00938	1	cloud	0	0	2
IKCLMC_00939	contig_54	132121	132525	+	IKCLMC_00939	1	cloud	0	0	2
IKCLMC_00940	contig_54	132733	134904	+	IKCLMC_00940	1	cloud	0	0	2
IKCLMC_00941	contig_54	134901	135611	+	IKCLMC_00941	1	cloud	0	0	2
IKCLMC_00942	contig_54	135611	135913	+	IKCLMC_00942	1	cloud	0	0	2
IKCLMC_00943	contig_54	135910	136779	+	IKCLMC_00943	1	cloud	0	0	2
IKCLMC_00944	contig_54	136760	137437	+	IKCLMC_00944	1	cloud	0	0	2
IKCLMC_00945	contig_54	137450	137806	+	IKCLMC_00945	1	cloud	0	0	2
IKCLMC_00946	contig_54	137803	139044	+	IKCLMC_00946	1	cloud	0	0	2
IKCLMC_00947	contig_54	139046	139648	+	IKCLMC_00947	1	cloud	0	0	2
IKCLMC_00948	contig_54	139638	141089	+	IKCLMC_00948	1	cloud	0	1	1
IKCLMC_00949	contig_54	141089	141673	+	AJBGEP_02770	3	shell	0	9	5
IKCLMC_00950	contig_54	142485	142643	-	LNHIMF_01937	1	shell	0	3	1
IKCLMC_00951	contig_54	143000	143302	+	AJBGEP_01307	1	cloud	0	2	3
IKCLMC_00952	contig_54	143256	143516	+	AJBGEP_01308	1	cloud	0	0	2
IKCLMC_00953	contig_54	143504	144025	+	AJBGEP_01309	1	cloud	0	0	4
IKCLMC_00954	contig_54	144197	146299	+	AJBGEP_01310	1	cloud	0	1	2
IKCLMC_00955	contig_54	146619	147290	-	OEKLIE_02525	2	shell	2	2	5
IKCLMC_00956	contig_54	147544	147756	+	ODDLKH_01711	1	cloud	1	1	0
IKCLMC_00958	contig_54	148217	149341	+	GEGEGB_01180	1	persistent	1	2	3
IKCLMC_00959	contig_54	149805	150011	-	AJBGEP_01315	1	shell	1	1	1
IKCLMC_00960	contig_54	150333	151121	-	AJBGEP_01316	1	shell	1	1	0
IKCLMC_00962	contig_54	151611	151850	-	LNHIMF_01289	1	persistent	1	1	2
IKCLMC_00963	contig_54	152041	152562	-	GEGEGB_01187	1	persistent	2	0	1
IKCLMC_00964	contig_54	153321	153584	-	HFCAGB_02052	1	persistent	2	0	2
IKCLMC_00966	contig_54	154396	154953	+	BEJGEH_01844	1	persistent	2	0	1
IKCLMC_00969	contig_54	156175	156519	-	LNHIMF_01296	1	persistent	2	0	0
IKCLMC_00970	contig_54	157154	157327	-	GEGEGB_01195	1	persistent	2	0	0
IKCLMC_00971	contig_54	157647	158114	+	GEGEGB_01196	1	persistent	2	0	0
IKCLMC_00972	contig_54	158453	159496	+	LNHIMF_01299	1	persistent	2	0	0
IKCLMC_00973	contig_54	159578	160108	-	GEGEGB_01198	1	persistent	2	0	0
IKCLMC_00974	contig_54	160257	160571	-	GEGEGB_01199	1	persistent	2	0	0
IKCLMC_00975	contig_54	161301	162887	+	LNHIMF_01302	1	persistent	2	0	0
IKCLMC_00976	contig_54	162887	163861	+	GEGEGB_01201	1	persistent	2	0	0
IKCLMC_00977	contig_54	163851	164663	+	GEGEGB_01202	1	persistent	2	0	0
IKCLMC_00978	contig_54	164657	165454	+	GEGEGB_01203	1	persistent	2	0	0
IKCLMC_00979	contig_54	165448	166038	+	HFCAGB_02036	1	persistent	2	0	0
IKCLMC_00980	contig_54	166120	167253	-	GEGEGB_01205	1	persistent	2	0	0
IKCLMC_00981	contig_54	167447	167773	+	GEGEGB_01206	1	persistent	2	0	0
IKCLMC_00984	contig_54	167967	168617	+	GEGEGB_01209	1	persistent	2	0	0
IKCLMC_00985	contig_54	168726	169514	+	LNHIMF_01312	1	persistent	2	0	0
IKCLMC_00986	contig_54	169659	170252	+	GEGEGB_01211	1	persistent	2	0	0
IKCLMC_00987	contig_54	170321	171169	+	LNHIMF_01314	1	persistent	2	0	0
IKCLMC_00988	contig_55	280	717	-	LNHIMF_04228	1	persistent	3	0	0
IKCLMC_00989	contig_55	874	1803	+	LNHIMF_04229	1	persistent	2	0	0
IKCLMC_00990	contig_55	2072	3673	+	LNHIMF_04230	1	persistent	2	0	0
IKCLMC_00991	contig_55	3705	5009	+	LNHIMF_04231	1	persistent	2	0	0
IKCLMC_00992	contig_55	5111	6862	+	LNHIMF_04232	1	persistent	3	0	1
IKCLMC_00993	contig_55	6826	7260	-	LNHIMF_04233	1	persistent	2	0	0
IKCLMC_00994	contig_55	7244	8068	-	LNHIMF_04234	1	persistent	3	0	1
IKCLMC_00995	contig_55	8372	12055	+	LNHIMF_04235	1	persistent	2	0	1
IKCLMC_00996	contig_55	12322	13953	+	LNHIMF_04236	1	persistent	2	0	1
IKCLMC_00997	contig_55	14043	14732	-	LNHIMF_04237	1	persistent	2	0	0
IKCLMC_00998	contig_55	14940	15479	+	GEGEGB_04354	1	persistent	2	0	0
IKCLMC_00999	contig_55	15526	16395	+	GEGEGB_04355	1	persistent	2	0	0
IKCLMC_01000	contig_55	16392	16664	-	GEGEGB_04356	1	persistent	1	2	0
IKCLMC_01001	contig_55	16727	17485	-	GEGEGB_04357	1	shell	1	1	0
IKCLMC_01002	contig_55	17472	18335	-	LNHIMF_04242	1	shell	0	2	0
IKCLMC_01003	contig_55	18352	19191	-	GEGEGB_04359	1	shell	0	2	0
IKCLMC_01004	contig_55	19215	20804	-	HFCAGB_04455	1	shell	1	2	1
IKCLMC_01005	contig_55	21228	21743	-	PKJKAM_01320	1	cloud	0	1	1
IKCLMC_01006	contig_55	21753	23234	-	PKJKAM_01319	1	cloud	0	1	1
IKCLMC_01007	contig_55	23237	23869	-	AJBGEP_04412	1	shell	0	1	5
IKCLMC_01008	contig_55	23862	24977	-	AJBGEP_04413	1	shell	0	2	0
IKCLMC_01009	contig_55	24968	25327	-	BEJGEH_04265	1	shell	0	2	1
IKCLMC_01010	contig_55	25388	25510	+	ODDLKH_00062	1	cloud	0	2	0
IKCLMC_01011	contig_55	25491	27038	-	AJBGEP_04415	1	shell	1	1	1
IKCLMC_01012	contig_55	27038	27967	-	BEJGEH_04267	2	persistent	1	3	6
IKCLMC_01013	contig_55	28654	29376	-	BEJGEH_04268	1	shell	1	1	0
IKCLMC_01014	contig_55	29386	30429	-	BEJGEH_04269	1	shell	0	2	0
IKCLMC_01015	contig_55	30417	30626	-	BEJGEH_04270	1	shell	0	2	0
IKCLMC_01016	contig_55	30626	31579	-	AJBGEP_04420	1	shell	0	2	0
IKCLMC_01017	contig_55	31579	33930	-	IKCLMC_01017	1	shell	0	2	0
IKCLMC_01018	contig_55	34115	34432	-	BEJGEH_04273	1	shell	0	2	0
IKCLMC_01019	contig_55	34484	35008	-	BEJGEH_04274	1	shell	0	2	0
IKCLMC_01020	contig_55	35008	36435	-	AJBGEP_04424	1	shell	0	2	0
IKCLMC_01021	contig_55	36425	36622	-	BEJGEH_04276	1	shell	0	2	0
IKCLMC_01022	contig_55	36619	37074	-	AJBGEP_04426	1	shell	0	2	0
IKCLMC_01023	contig_55	37234	37548	-	BEJGEH_04278	1	shell	0	2	0
IKCLMC_01024	contig_55	37561	38133	-	BEJGEH_04279	1	shell	0	2	0
IKCLMC_01025	contig_55	38169	38456	-	BEJGEH_04280	1	shell	0	2	0
IKCLMC_01026	contig_55	39033	39380	+	BEJGEH_04281	1	shell	1	2	0
IKCLMC_01027	contig_55	39511	40860	-	GEGEGB_04361	1	persistent	1	2	0
IKCLMC_01028	contig_55	41205	42854	+	GEGEGB_04362	1	persistent	2	0	0
IKCLMC_01030	contig_55	43295	43540	+	GEGEGB_04364	1	persistent	2	0	0
IKCLMC_01031	contig_55	43604	44242	+	GEGEGB_04365	1	persistent	2	0	0
IKCLMC_01032	contig_55	44239	44976	+	GEGEGB_04366	1	persistent	2	0	0
IKCLMC_01033	contig_55	44976	47072	+	BEJGEH_04288	1	persistent	2	0	0
IKCLMC_01034	contig_55	47215	47625	+	GEGEGB_04368	1	persistent	2	0	1
IKCLMC_01035	contig_55	47791	48681	-	GEGEGB_04369	1	persistent	2	0	1
IKCLMC_01036	contig_55	48696	50240	-	GEGEGB_04370	1	persistent	2	0	0
IKCLMC_01037	contig_55	50372	51562	-	GEGEGB_04371	1	persistent	2	0	0
IKCLMC_01038	contig_55	51923	53032	+	GEGEGB_04372	1	persistent	2	0	0
IKCLMC_01039	contig_55	53121	54479	+	PAPNPA_02752	1	persistent	2	0	0
IKCLMC_01040	contig_55	54643	55560	+	GEGEGB_04374	1	persistent	2	0	0
IKCLMC_01041	contig_55	55741	56238	+	LNHIMF_04260	1	persistent	2	0	0
IKCLMC_01042	contig_55	56252	57124	+	GEGEGB_04376	1	persistent	2	0	0
IKCLMC_01043	contig_55	57223	59643	-	LNHIMF_04262	1	persistent	2	0	0
IKCLMC_01044	contig_55	59814	60182	+	GEGEGB_04378	1	persistent	2	0	0
IKCLMC_01045	contig_55	60291	60899	+	GEGEGB_04379	1	persistent	2	0	0
IKCLMC_01046	contig_55	61078	62403	+	LNHIMF_04265	1	persistent	3	0	0
IKCLMC_01047	contig_55	62385	62513	+	GEGEGB_04381	1	persistent	2	0	0
IKCLMC_01048	contig_55	62532	62744	+	GEGEGB_04382	1	persistent	3	0	0
IKCLMC_01049	contig_55	62844	63359	-	GEGEGB_04383	1	persistent	2	0	0
IKCLMC_01050	contig_55	63606	64916	+	LNHIMF_04269	1	persistent	2	0	1
IKCLMC_01051	contig_55	65004	66002	+	GEGEGB_04385	1	persistent	2	0	1
IKCLMC_01052	contig_55	66170	66412	+	GEGEGB_04386	1	persistent	2	0	0
IKCLMC_01053	contig_55	66586	67569	-	LNHIMF_04331	1	persistent	2	0	0
IKCLMC_01054	contig_55	67634	69049	+	GEGEGB_04388	1	persistent	2	0	0
IKCLMC_01055	contig_55	69081	70160	+	GEGEGB_04389	1	persistent	2	0	0
IKCLMC_01056	contig_55	70346	71539	+	LNHIMF_04334	1	persistent	2	0	0
IKCLMC_01057	contig_55	71726	72439	+	GEGEGB_04391	1	persistent	2	0	0
IKCLMC_01058	contig_55	72568	72984	+	GEGEGB_04392	1	persistent	2	0	0
IKCLMC_01059	contig_55	72987	73343	+	LNHIMF_04337	1	persistent	2	0	0
IKCLMC_01060	contig_55	73344	73682	-	LNHIMF_04338	1	persistent	2	0	0
IKCLMC_01061	contig_55	73669	74112	-	LNHIMF_04339	1	persistent	2	0	0
IKCLMC_01062	contig_55	74256	77081	-	GEGEGB_04396	1	persistent	2	0	0
IKCLMC_01063	contig_55	77329	77859	+	GEGEGB_04397	1	persistent	2	0	0
IKCLMC_01064	contig_55	78900	79532	+	GEGEGB_04398	1	persistent	2	0	0
IKCLMC_01065	contig_55	79529	80917	+	LNHIMF_04343	1	persistent	2	0	0
IKCLMC_01066	contig_55	80907	82226	+	LNHIMF_04344	1	persistent	2	0	0
IKCLMC_01067	contig_55	82223	83500	+	BEJGEH_04322	1	persistent	2	0	0
IKCLMC_01068	contig_55	83517	100196	+	PAPNPA_02781	1	persistent	2	0	0
IKCLMC_01069	contig_55	100236	102302	+	LNHIMF_04348	1	persistent	2	0	0
IKCLMC_01070	contig_55	102580	102861	-	GEGEGB_04405	1	persistent	2	0	0
IKCLMC_01071	contig_55	103424	105025	+	BEJGEH_04326	1	persistent	2	0	0
IKCLMC_01072	contig_55	105013	105336	-	GEGEGB_04407	1	persistent	2	0	0
IKCLMC_01073	contig_55	105423	105881	+	GEGEGB_04408	1	persistent	2	0	0
IKCLMC_01075	contig_55	106174	106842	+	LNHIMF_04354	1	persistent	2	0	0
IKCLMC_01076	contig_55	107189	108538	+	GEGEGB_04411	1	persistent	2	0	0
IKCLMC_01077	contig_55	108646	110334	+	AJBGEP_04481	1	persistent	2	0	0
IKCLMC_01078	contig_55	110429	111316	-	GEGEGB_04413	1	persistent	2	0	0
IKCLMC_01079	contig_55	111420	111830	+	GEGEGB_04414	1	persistent	2	0	0
IKCLMC_01080	contig_55	111823	112512	+	LNHIMF_04359	1	persistent	2	0	0
IKCLMC_01081	contig_55	112551	114200	-	LNHIMF_04360	1	persistent	2	0	0
IKCLMC_01082	contig_55	114197	114511	-	GEGEGB_04417	1	persistent	2	0	0
IKCLMC_01083	contig_55	114757	116715	-	LNHIMF_04362	1	persistent	2	0	0
IKCLMC_01084	contig_55	117147	118583	+	LNHIMF_04363	1	persistent	2	0	0
IKCLMC_01085	contig_55	118695	119261	+	GEGEGB_04420	1	persistent	2	0	0
IKCLMC_01086	contig_55	119258	119929	+	LNHIMF_04365	1	persistent	2	0	0
IKCLMC_01087	contig_55	119926	120882	+	GEGEGB_04422	1	persistent	1	2	0
IKCLMC_01088	contig_55	120875	123097	+	AJBGEP_04492	1	shell	2	0	0
IKCLMC_01089	contig_55	123094	123714	+	GEGEGB_04424	1	persistent	1	2	0
IKCLMC_01090	contig_55	124059	125369	+	LNHIMF_04369	1	persistent	2	0	1
IKCLMC_01091	contig_55	125527	126216	-	BEJGEH_04347	1	persistent	2	0	1
IKCLMC_01092	contig_55	126393	128540	-	LNHIMF_04371	1	persistent	2	0	0
IKCLMC_01093	contig_55	128906	129814	-	GEGEGB_04428	1	persistent	2	0	0
IKCLMC_01094	contig_55	130072	130506	-	GEGEGB_04429	1	persistent	2	0	0
IKCLMC_01095	contig_55	130658	131101	-	GEGEGB_04430	1	persistent	2	0	0
IKCLMC_01096	contig_55	131221	131556	-	GEGEGB_04431	1	persistent	2	0	1
IKCLMC_01097	contig_55	132023	133525	+	BEJGEH_04353	1	persistent	2	0	0
IKCLMC_01099	contig_55	133595	133684	+	GEGEGB_04434	1	persistent	2	0	1
IKCLMC_01100	contig_55	133692	134771	-	GEGEGB_04435	1	persistent	2	0	0
IKCLMC_01101	contig_55	134772	135440	-	LNHIMF_04380	1	persistent	2	0	0
IKCLMC_01102	contig_55	135437	137080	-	GEGEGB_04437	1	persistent	2	0	0
IKCLMC_01103	contig_55	137214	138551	-	GEGEGB_04438	1	persistent	2	0	0
IKCLMC_01104	contig_55	138691	139452	-	LNHIMF_04383	1	persistent	2	0	1
IKCLMC_01105	contig_55	139750	142017	-	GEGEGB_04440	1	persistent	2	0	0
IKCLMC_01106	contig_55	142250	143182	-	GEGEGB_04441	1	persistent	2	0	0
IKCLMC_01107	contig_55	143454	144806	+	LNHIMF_04386	1	persistent	2	0	0
IKCLMC_01108	contig_55	144890	146320	+	LNHIMF_04387	1	persistent	2	0	0
IKCLMC_01109	contig_55	146418	148064	-	GEGEGB_01415	2	persistent	4	0	0
IKCLMC_01110	contig_55	148160	149500	-	LNHIMF_04389	1	persistent	2	0	0
IKCLMC_01111	contig_55	149647	149913	-	GEGEGB_04446	1	persistent	2	0	0
IKCLMC_01112	contig_55	150230	150949	-	BEJGEH_04371	1	persistent	2	0	0
IKCLMC_01113	contig_55	150946	152577	-	LNHIMF_04392	1	persistent	2	0	0
IKCLMC_01114	contig_55	152933	155362	+	LNHIMF_04393	1	persistent	2	0	0
IKCLMC_01115	contig_55	155376	156002	+	LNHIMF_04394	1	persistent	2	0	0
IKCLMC_01116	contig_55	155995	156768	+	LNHIMF_04395	1	persistent	2	0	0
IKCLMC_01117	contig_55	156851	157444	+	LNHIMF_04396	1	persistent	2	0	0
IKCLMC_01118	contig_55	157528	158928	-	LNHIMF_04397	1	persistent	2	0	0
IKCLMC_01119	contig_55	159277	160137	+	GEGEGB_04456	1	persistent	1	0	5
IKCLMC_01121	contig_55	160651	160986	-	IKCLMC_01121	1	cloud	2	0	0
IKCLMC_01122	contig_55	161063	161335	-	GEGEGB_04459	1	persistent	1	0	5
IKCLMC_01123	contig_55	161347	162222	-	GEGEGB_04460	1	persistent	2	2	0
IKCLMC_01124	contig_55	163119	163325	+	AJBGEP_02929	2	shell	2	6	2
IKCLMC_01126	contig_55	164401	165045	+	ONMMKP_02470	1	shell	1	2	0
IKCLMC_01127	contig_55	165294	165584	-	BENMGJ_01494	1	shell	0	2	0
IKCLMC_01128	contig_55	165646	166179	-	BENMGJ_01495	1	shell	1	3	2
IKCLMC_01129	contig_55	166322	167074	-	LNHIMF_04420	1	persistent	2	1	4
IKCLMC_01131	contig_55	167976	168551	-	LNHIMF_04422	1	persistent	2	0	3
IKCLMC_01132	contig_55	168588	170291	-	LNHIMF_04423	1	persistent	2	0	0
IKCLMC_01133	contig_55	170267	170614	-	GEGEGB_04621	1	persistent	2	0	0
IKCLMC_01134	contig_55	170735	172036	-	LNHIMF_04425	1	persistent	2	0	0
IKCLMC_01135	contig_55	172151	173587	-	GEGEGB_04623	1	persistent	2	0	0
IKCLMC_01136	contig_55	173928	174404	+	LNHIMF_04427	1	persistent	2	0	0
IKCLMC_01137	contig_55	174463	175725	-	LNHIMF_04428	1	persistent	2	0	0
IKCLMC_01138	contig_55	175980	176273	+	GEGEGB_04626	1	persistent	2	0	0
IKCLMC_01139	contig_55	176317	177963	+	GEGEGB_04627	1	persistent	2	0	0
IKCLMC_01140	contig_55	178207	178560	+	GEGEGB_04628	1	persistent	2	0	0
IKCLMC_01141	contig_55	178608	179465	-	LNHIMF_04432	1	persistent	2	0	0
IKCLMC_01142	contig_55	179748	180776	-	BEJGEH_04410	1	persistent	2	0	0
IKCLMC_01143	contig_55	180817	181383	+	GEGEGB_04631	1	persistent	2	1	0
IKCLMC_01144	contig_55	181405	181578	+	GEGEGB_04632	1	shell	2	0	0
IKCLMC_01145	contig_55	181863	182450	-	LNHIMF_04435	1	persistent	2	1	0
IKCLMC_01146	contig_55	182707	183024	+	GEGEGB_04634	1	persistent	2	0	0
IKCLMC_01147	contig_55	183041	183574	-	LNHIMF_04437	1	persistent	2	0	0
IKCLMC_01148	contig_55	183685	184044	-	GEGEGB_04636	1	persistent	2	0	0
IKCLMC_01149	contig_55	184055	184450	-	GEGEGB_04637	1	persistent	2	0	0
IKCLMC_01150	contig_55	184461	185195	-	GEGEGB_04638	1	persistent	2	0	0
IKCLMC_01151	contig_55	185188	186978	-	GEGEGB_04639	1	persistent	2	0	0
IKCLMC_01152	contig_55	187301	188278	+	LNHIMF_04442	1	persistent	2	0	0
IKCLMC_01153	contig_55	188505	190007	+	GEGEGB_04641	1	persistent	2	2	0
IKCLMC_01154	contig_55	190059	190373	+	BEJGEH_04422	1	shell	2	0	0
IKCLMC_01155	contig_55	190440	193766	-	GEGEGB_04643	1	persistent	2	2	0
IKCLMC_01156	contig_55	193785	194753	-	LNHIMF_04445	1	persistent	2	0	0
IKCLMC_01157	contig_55	194845	195897	-	GEGEGB_04645	1	persistent	2	0	0
IKCLMC_01158	contig_55	196004	196549	+	GEGEGB_04646	1	persistent	2	0	0
IKCLMC_01159	contig_55	196611	197351	-	LNHIMF_04448	1	persistent	2	0	0
IKCLMC_01162	contig_56	152	697	+	AJBGEP_01281	4	shell	0	2	0
IKCLMC_01163	contig_56	669	2600	+	AJBGEP_01282	4	shell	0	2	0
IKCLMC_01164	contig_56	2584	2787	+	AJBGEP_01283	4	shell	0	2	0
IKCLMC_01165	contig_56	2745	4364	+	AJBGEP_01284	5	shell	0	2	0
IKCLMC_01166	contig_56	4354	5850	+	AJBGEP_01285	4	shell	0	2	0
IKCLMC_01167	contig_56	5863	6210	+	AJBGEP_01286	4	shell	0	2	0
IKCLMC_01168	contig_56	6265	7293	+	AJBGEP_01287	4	shell	0	2	1
IKCLMC_01169	contig_56	7351	7710	+	ODDLKH_01689	4	shell	0	2	1
IKCLMC_01170	contig_56	7721	8104	+	AJBGEP_01290	4	shell	0	2	0
IKCLMC_01171	contig_56	8182	8706	+	AJBGEP_01291	4	shell	0	3	1
IKCLMC_01172	contig_56	8755	9885	-	AJBGEP_01292	3	shell	0	2	0
IKCLMC_01173	contig_56	9994	10395	+	LNHIMF_00680	4	shell	0	3	2
IKCLMC_01174	contig_56	10406	11149	+	LNHIMF_00681	4	shell	0	2	0
IKCLMC_01175	contig_56	11200	11595	+	LNHIMF_00682	4	shell	0	2	0
IKCLMC_01176	contig_56	11669	11929	+	LNHIMF_00683	4	shell	0	2	0
IKCLMC_01177	contig_56	11901	14996	+	LNHIMF_00684	4	shell	0	4	0
IKCLMC_01178	contig_56	14999	15328	+	LNHIMF_00685	4	shell	0	2	0
IKCLMC_01179	contig_56	15338	16036	+	AJBGEP_01299	4	shell	0	2	1
IKCLMC_01180	contig_56	16028	16633	-	LNHIMF_00687	4	cloud	0	2	0
IKCLMC_01181	contig_56	16678	17325	+	AJBGEP_01301	4	shell	0	2	2
IKCLMC_01182	contig_56	17387	20749	+	LNHIMF_00689	2	shell	0	2	0
IKCLMC_01183	contig_56	20788	21030	+	LNHIMF_00690	3	shell	0	3	1
IKCLMC_01184	contig_56	21084	23456	+	AJBGEP_02772	2	shell	0	8	0
IKCLMC_01186	contig_56	23453	24277	+	AJBGEP_02771	1	shell	0	2	0
IKCLMC_01187	contig_56	24267	24845	+	AJBGEP_02770	3	shell	0	9	5
IKCLMC_01188	contig_56	24942	25022	-	AJBGEP_01961	1	shell	0	4	1
IKCLMC_01189	contig_56	25551	25616	+	AJBGEP_02768	1	cloud	0	1	1
IKCLMC_01190	contig_56	25981	26166	-	AJBGEP_02767	1	cloud	0	0	2
IKCLMC_01191	contig_56	26281	26754	-	AJBGEP_02766	1	cloud	0	0	2
IKCLMC_01192	contig_56	27659	29128	-	AJBGEP_02765	1	cloud	1	0	1
IKCLMC_01193	contig_56	29557	31356	+	GEGEGB_00297	1	persistent	2	0	2
IKCLMC_01194	contig_56	31373	32347	+	GEGEGB_00298	1	persistent	2	0	0
IKCLMC_01195	contig_56	32564	33301	+	GEGEGB_00299	1	persistent	2	0	0
IKCLMC_01196	contig_56	33298	34203	+	LNHIMF_02721	1	persistent	2	0	0
IKCLMC_01197	contig_56	34215	34943	+	GEGEGB_00301	1	persistent	2	0	0
IKCLMC_01198	contig_56	34955	35686	+	GEGEGB_00302	1	persistent	2	0	0
IKCLMC_01199	contig_56	35686	36066	+	GEGEGB_00303	1	persistent	2	0	0
IKCLMC_01200	contig_56	36178	36438	-	GEGEGB_00304	1	persistent	2	0	0
IKCLMC_01201	contig_56	36476	37402	-	BEJGEH_02614	1	persistent	2	0	0
IKCLMC_01202	contig_56	37518	38714	+	LNHIMF_02715	1	persistent	2	0	0
IKCLMC_01203	contig_56	38736	39653	+	GEGEGB_00307	1	persistent	2	0	0
IKCLMC_01204	contig_56	39692	40540	-	GEGEGB_00308	1	persistent	2	0	0
IKCLMC_01205	contig_56	40656	41549	+	GEGEGB_00309	1	persistent	2	0	0
IKCLMC_01206	contig_56	41560	42921	+	LNHIMF_02711	1	persistent	2	0	0
IKCLMC_01207	contig_56	42925	43560	+	LNHIMF_02710	1	persistent	2	0	0
IKCLMC_01208	contig_56	43618	44136	+	GEGEGB_00312	1	persistent	2	0	0
IKCLMC_01209	contig_56	44187	45731	-	BEJGEH_02606	1	persistent	2	0	0
IKCLMC_01210	contig_56	45987	49874	+	LNHIMF_02707	1	persistent	2	1	0
IKCLMC_01213	contig_56	50424	51809	+	GEGEGB_00317	1	persistent	2	1	0
IKCLMC_01214	contig_56	51811	52575	+	GEGEGB_00318	1	persistent	2	0	0
IKCLMC_01215	contig_56	52572	53909	+	GEGEGB_00319	1	persistent	2	0	0
IKCLMC_01216	contig_56	53986	54324	+	GEGEGB_00320	1	persistent	2	0	0
IKCLMC_01217	contig_56	54373	55833	-	LNHIMF_02700	1	persistent	2	0	0
IKCLMC_01218	contig_56	55889	58033	-	GEGEGB_00322	1	persistent	2	0	0
IKCLMC_01219	contig_56	58116	59447	-	ALJMDI_01593	1	persistent	2	0	0
IKCLMC_01220	contig_56	59808	61349	-	ODDLKH_03069	1	persistent	2	0	1
IKCLMC_01221	contig_56	61531	62721	-	LNHIMF_02696	1	persistent	2	0	0
IKCLMC_01222	contig_56	63046	64299	+	GEGEGB_00326	1	persistent	2	0	0
IKCLMC_01223	contig_56	64495	65634	+	GEGEGB_00327	1	persistent	2	0	0
IKCLMC_01224	contig_56	65629	66906	-	LNHIMF_02693	1	persistent	2	0	0
IKCLMC_01225	contig_56	67032	67670	+	LNHIMF_02692	1	persistent	2	0	0
IKCLMC_01226	contig_56	67661	68647	+	BEJGEH_02586	1	persistent	2	0	0
IKCLMC_01227	contig_56	68648	69661	-	GEGEGB_00332	1	persistent	2	0	0
IKCLMC_01228	contig_56	69672	70490	-	LNHIMF_02689	1	persistent	2	0	0
IKCLMC_01229	contig_56	70494	71537	-	GEGEGB_00334	1	persistent	2	0	0
IKCLMC_01230	contig_56	71719	72597	-	HFCAGB_02830	1	persistent	2	0	0
IKCLMC_01231	contig_56	72742	73545	-	LNHIMF_02686	1	persistent	2	0	0
IKCLMC_01232	contig_56	73664	74395	+	GEGEGB_00337	1	persistent	2	0	0
IKCLMC_01233	contig_56	74555	75049	+	GEGEGB_00338	1	persistent	2	0	0
IKCLMC_01234	contig_56	75230	76444	+	GEGEGB_00339	1	persistent	2	0	0
IKCLMC_01235	contig_56	76472	76858	+	GEGEGB_00340	1	persistent	2	0	0
IKCLMC_01236	contig_56	76887	77210	+	GEGEGB_00341	1	persistent	2	0	0
IKCLMC_01237	contig_56	77406	77921	+	LNHIMF_02680	1	persistent	2	0	0
IKCLMC_01238	contig_56	77934	79784	+	LNHIMF_02679	1	persistent	2	0	0
IKCLMC_01239	contig_56	79786	80121	+	GEGEGB_00344	1	persistent	2	0	0
IKCLMC_01240	contig_56	80133	80333	+	GEGEGB_00345	1	persistent	2	0	0
IKCLMC_01241	contig_56	80511	81794	+	GEGEGB_00346	1	persistent	2	0	0
IKCLMC_01242	contig_56	81710	81886	-	PKJKAM_02726	1	persistent	2	0	0
IKCLMC_01243	contig_56	81901	82677	+	GEGEGB_00348	1	persistent	3	0	0
IKCLMC_01245	contig_56	83246	83914	-	BEJGEH_02567	1	persistent	2	0	0
IKCLMC_01246	contig_56	83956	84180	+	BEJGEH_02566	1	persistent	2	0	0
IKCLMC_01247	contig_56	84160	85002	-	GEGEGB_00352	1	persistent	3	0	1
IKCLMC_01248	contig_56	85211	90145	+	GEGEGB_00353	1	persistent	2	0	0
IKCLMC_01249	contig_56	90146	92461	+	LNHIMF_02670	1	persistent	2	0	0
IKCLMC_01250	contig_56	92617	94995	+	OEKLIE_03175	1	persistent	2	0	0
IKCLMC_01251	contig_56	94992	95621	+	LNHIMF_02668	1	persistent	2	0	0
IKCLMC_01252	contig_56	95614	96423	+	GEGEGB_00358	1	persistent	2	0	0
IKCLMC_01253	contig_56	96423	97286	+	LNHIMF_02666	1	persistent	2	0	0
IKCLMC_01254	contig_56	97407	97838	+	GEGEGB_00360	1	persistent	2	0	0
IKCLMC_01255	contig_56	98045	99211	+	GEGEGB_00361	1	persistent	2	0	0
IKCLMC_01256	contig_56	99503	100501	+	BEJGEH_02556	1	persistent	2	0	0
IKCLMC_01257	contig_56	100528	101646	+	LNHIMF_02662	1	persistent	2	0	0
IKCLMC_01259	contig_56	101757	103031	+	GEGEGB_00365	1	persistent	2	0	0
IKCLMC_01260	contig_56	103045	103665	+	GEGEGB_00366	1	persistent	2	0	0
IKCLMC_01261	contig_56	103676	104854	+	GEGEGB_00367	1	persistent	2	0	0
IKCLMC_01262	contig_56	104973	106445	+	GEGEGB_00368	1	persistent	2	0	0
IKCLMC_01263	contig_56	106534	106755	+	LNHIMF_02656	1	persistent	2	0	0
IKCLMC_01264	contig_56	107101	109293	+	LNHIMF_02655	1	persistent	2	0	0
IKCLMC_01265	contig_56	109351	110313	+	BEJGEH_02547	1	persistent	2	0	2
IKCLMC_01266	contig_56	110451	116030	+	AJBGEP_02691	1	persistent	2	0	0
IKCLMC_01267	contig_56	116196	123503	+	ALJMDI_01641	1	persistent	2	0	4
IKCLMC_01268	contig_56	124164	130064	+	PKJKAM_02753	1	persistent	2	0	2
IKCLMC_01269	contig_56	130226	131575	-	LNHIMF_02649	1	persistent	2	0	0
IKCLMC_01270	contig_56	131736	133202	+	GEGEGB_00381	1	persistent	2	0	0
IKCLMC_01271	contig_56	133272	134849	+	GEGEGB_00382	1	persistent	2	0	4
IKCLMC_01272	contig_56	135072	135362	+	HFCAGB_02785	1	persistent	2	0	2
IKCLMC_01273	contig_56	135382	135696	-	BEJGEH_02537	1	persistent	2	0	3
IKCLMC_01274	contig_56	136397	136588	-	BEJGEH_02536	1	persistent	2	0	4
IKCLMC_01275	contig_56	137001	139214	+	LNHIMF_02643	1	persistent	2	0	0
IKCLMC_01276	contig_56	139250	140791	-	GEGEGB_00388	1	persistent	2	0	0
IKCLMC_01277	contig_56	140796	142862	-	LNHIMF_02641	1	persistent	2	0	0
IKCLMC_01278	contig_56	143051	143689	-	GEGEGB_00390	1	persistent	2	0	0
IKCLMC_01279	contig_56	143689	144726	-	LNHIMF_02639	1	persistent	2	0	0
IKCLMC_01280	contig_56	145140	145766	+	GEGEGB_00392	1	persistent	2	0	0
IKCLMC_01281	contig_56	145854	147143	+	GEGEGB_00393	1	persistent	2	0	0
IKCLMC_01282	contig_56	147214	147939	+	GEGEGB_00394	1	persistent	2	0	0
IKCLMC_01283	contig_56	147966	148325	-	GEGEGB_00395	1	persistent	2	0	0
IKCLMC_01284	contig_56	148365	149828	-	GEGEGB_00396	1	persistent	2	0	0
IKCLMC_01285	contig_56	150036	151103	+	GEGEGB_00397	1	persistent	2	1	0
IKCLMC_01286	contig_56	151386	152567	+	LNHIMF_02632	1	shell	1	1	0
IKCLMC_01287	contig_56	152635	153903	+	LNHIMF_02631	1	shell	1	1	0
IKCLMC_01288	contig_56	153909	155048	+	LNHIMF_02630	1	persistent	2	1	0
IKCLMC_01289	contig_56	155095	155565	-	GEGEGB_00402	1	persistent	2	0	0
IKCLMC_01290	contig_56	155565	156137	-	LNHIMF_02628	1	persistent	2	0	0
IKCLMC_01291	contig_56	156283	157161	+	GEGEGB_00404	1	persistent	2	0	0
IKCLMC_01292	contig_56	157178	158212	+	GEGEGB_00405	1	persistent	2	0	0
IKCLMC_01293	contig_56	158387	159100	+	GEGEGB_00406	1	persistent	2	0	0
IKCLMC_01294	contig_56	159231	160094	+	LNHIMF_02624	1	persistent	2	0	0
IKCLMC_01295	contig_56	160110	162128	+	LNHIMF_02623	1	persistent	2	0	0
IKCLMC_01296	contig_56	162155	162355	-	GEGEGB_00409	1	persistent	2	0	0
IKCLMC_01297	contig_56	162383	163510	-	LNHIMF_02621	1	persistent	2	0	0
IKCLMC_01298	contig_56	163514	163870	-	GEGEGB_00411	1	persistent	2	0	1
IKCLMC_01299	contig_56	164283	164342	+	LNHIMF_02619	1	persistent	2	0	0
IKCLMC_01301	contig_56	164444	167557	-	GEGEGB_00414	1	persistent	2	0	1
IKCLMC_01302	contig_56	167742	169442	-	BEJGEH_02507	1	persistent	2	0	0
IKCLMC_01303	contig_56	169628	171589	+	GEGEGB_00416	1	persistent	2	0	0
IKCLMC_01304	contig_56	172038	173336	-	GEGEGB_00417	1	persistent	2	0	0
IKCLMC_01305	contig_56	173540	174115	+	GEGEGB_00418	1	persistent	2	0	0
IKCLMC_01306	contig_56	174240	175283	+	LNHIMF_02612	1	persistent	2	0	0
IKCLMC_01307	contig_56	175411	175641	+	GEGEGB_00420	1	persistent	2	0	0
IKCLMC_01308	contig_56	175704	177704	-	LNHIMF_02610	1	persistent	2	0	0
IKCLMC_01309	contig_56	177724	178674	-	LNHIMF_02609	1	persistent	2	0	0
IKCLMC_01310	contig_56	178946	181225	+	GEGEGB_00423	1	persistent	2	1	1
IKCLMC_01311	contig_56	181643	181978	+	GEGEGB_00426	1	persistent	2	1	1
IKCLMC_01312	contig_56	181991	182470	+	GEGEGB_00427	1	persistent	2	0	0
IKCLMC_01313	contig_56	182448	183137	+	LNHIMF_02605	1	persistent	2	0	0
IKCLMC_01314	contig_56	183134	183937	+	GEGEGB_00429	1	persistent	2	0	0
IKCLMC_01315	contig_56	183934	184950	+	GEGEGB_00430	1	persistent	2	0	1
IKCLMC_01316	contig_56	184991	185281	+	LNHIMF_02602	1	persistent	2	0	0
IKCLMC_01317	contig_56	185394	185681	+	LNHIMF_02601	1	persistent	2	0	0
IKCLMC_01318	contig_56	185693	187096	+	LNHIMF_02600	1	persistent	2	0	1
IKCLMC_01319	contig_56	187107	187946	+	GEGEGB_00433	1	persistent	2	0	0
IKCLMC_01320	contig_56	187936	189123	+	ALJMDI_01699	1	persistent	2	0	0
IKCLMC_01321	contig_56	189243	190469	+	LNHIMF_02597	1	persistent	2	0	0
IKCLMC_01322	contig_56	190466	191869	+	GEGEGB_00436	1	persistent	2	0	0
IKCLMC_01323	contig_56	191881	193242	+	LNHIMF_02595	1	persistent	2	0	0
IKCLMC_01324	contig_56	193261	194157	+	LNHIMF_02594	1	persistent	2	0	0
IKCLMC_01325	contig_56	194167	194826	+	GEGEGB_00439	1	persistent	2	0	0
IKCLMC_01326	contig_56	194839	195333	+	LNHIMF_02592	1	persistent	2	0	0
IKCLMC_01327	contig_56	195381	196433	+	LNHIMF_02591	1	persistent	2	2	3
IKCLMC_01328	contig_56	196695	197366	-	IKCLMC_01328	1	cloud	2	0	0
IKCLMC_01329	contig_56	197393	198292	-	GEGEGB_00444	1	persistent	2	1	2
IKCLMC_01330	contig_56	198295	199164	-	GEGEGB_00445	1	persistent	2	0	0
IKCLMC_01331	contig_56	199377	199802	+	GEGEGB_00446	1	persistent	2	0	0
IKCLMC_01332	contig_56	199789	200238	+	LNHIMF_02587	1	persistent	2	0	0
IKCLMC_01333	contig_56	200300	200875	+	GEGEGB_00448	1	persistent	2	0	0
IKCLMC_01334	contig_56	200970	201869	+	GEGEGB_00449	1	persistent	2	0	1
IKCLMC_01335	contig_56	202107	202898	+	GEGEGB_00450	1	persistent	2	0	1
IKCLMC_01336	contig_56	203056	204072	+	GEGEGB_00451	1	persistent	2	0	0
IKCLMC_01337	contig_56	204072	204905	+	GEGEGB_00452	1	persistent	2	0	0
IKCLMC_01338	contig_56	204905	205780	+	LNHIMF_02581	1	persistent	2	0	0
IKCLMC_01339	contig_56	205770	206867	+	BEJGEH_02469	1	persistent	2	0	0
IKCLMC_01340	contig_56	206935	207846	+	LNHIMF_02579	1	persistent	2	1	1
IKCLMC_01341	contig_56	207977	208516	-	HFCAGB_02713	1	shell	2	0	0
IKCLMC_01342	contig_56	208529	208891	-	BEJGEH_02466	1	persistent	2	1	1
IKCLMC_01343	contig_56	208968	209687	-	LNHIMF_02577	1	persistent	2	0	0
IKCLMC_01344	contig_56	209702	210994	-	BEJGEH_02464	1	persistent	2	0	0
IKCLMC_01345	contig_56	211077	211943	+	GEGEGB_00459	1	persistent	2	0	0
IKCLMC_01346	contig_56	211940	212179	+	LNHIMF_02574	1	persistent	2	0	0
IKCLMC_01347	contig_56	212343	212852	-	GEGEGB_00461	1	persistent	2	0	0
IKCLMC_01348	contig_56	212893	214620	-	GEGEGB_00462	1	persistent	2	0	0
IKCLMC_01349	contig_56	214669	214926	-	GEGEGB_00463	1	persistent	2	0	0
IKCLMC_01350	contig_56	215310	216281	-	GEGEGB_00464	1	persistent	2	0	0
IKCLMC_01351	contig_56	216445	217206	-	GEGEGB_00465	1	persistent	2	0	0
IKCLMC_01352	contig_56	217438	218424	+	GEGEGB_00466	1	persistent	2	0	0
IKCLMC_01353	contig_56	218496	220511	+	LNHIMF_02567	1	persistent	2	0	0
IKCLMC_01354	contig_56	220513	220731	+	LNHIMF_02566	1	persistent	2	0	0
IKCLMC_01355	contig_56	220728	221726	-	GEGEGB_00469	2	persistent	2	0	0
IKCLMC_01356	contig_56	221816	222742	+	GEGEGB_00470	1	persistent	2	0	0
IKCLMC_01357	contig_56	222804	223565	-	LNHIMF_02563	1	persistent	2	0	0
IKCLMC_01358	contig_56	223821	224654	+	GEGEGB_00472	1	persistent	2	0	0
IKCLMC_01359	contig_56	224709	225965	+	GEGEGB_00473	1	persistent	2	0	0
IKCLMC_01360	contig_56	226024	226182	+	GEGEGB_00474	1	persistent	2	0	0
IKCLMC_01361	contig_56	226234	227118	+	GEGEGB_00475	1	persistent	2	0	0
IKCLMC_01363	contig_57	4	867	+	LNHIMF_00056	3	persistent	4	0	0
IKCLMC_01364	contig_57	985	1683	+	BEJGEH_00770	1	persistent	2	0	0
IKCLMC_01365	contig_57	2063	3142	+	GEGEGB_02233	1	persistent	3	0	0
IKCLMC_01366	contig_57	3142	3918	+	BEJGEH_00772	1	persistent	2	0	0
IKCLMC_01367	contig_57	4009	4761	-	GEGEGB_02231	1	persistent	2	0	0
IKCLMC_01368	contig_57	4985	6025	-	LNHIMF_00905	1	persistent	2	0	0
IKCLMC_01369	contig_57	6019	7167	-	GEGEGB_02229	1	persistent	2	0	0
IKCLMC_01370	contig_57	7170	8216	-	LNHIMF_00907	1	persistent	2	0	0
IKCLMC_01371	contig_57	8227	9243	-	GEGEGB_02227	1	persistent	2	0	0
IKCLMC_01372	contig_57	9466	10374	-	LNHIMF_00909	1	persistent	2	0	0
IKCLMC_01373	contig_57	10545	12020	-	LNHIMF_00910	1	persistent	2	0	0
IKCLMC_01374	contig_57	12088	12876	-	GEGEGB_02224	1	persistent	2	0	1
IKCLMC_01375	contig_57	13005	13154	+	GEGEGB_02223	1	persistent	2	0	0
IKCLMC_01376	contig_57	13322	14095	+	LNHIMF_00913	1	persistent	2	0	1
IKCLMC_01377	contig_57	14095	14784	+	GEGEGB_02221	1	persistent	2	0	0
IKCLMC_01378	contig_57	14787	15845	+	LNHIMF_00915	1	persistent	2	0	0
IKCLMC_01379	contig_57	15846	16664	-	LNHIMF_00916	1	persistent	2	0	3
IKCLMC_01380	contig_57	16828	17823	+	LNHIMF_00917	1	persistent	2	0	1
IKCLMC_01381	contig_57	17967	19250	-	GEGEGB_02217	1	persistent	2	0	0
IKCLMC_01382	contig_57	19542	20711	+	LNHIMF_00919	1	persistent	2	0	0
IKCLMC_01383	contig_57	20708	21649	+	LNHIMF_00920	1	persistent	2	0	0
IKCLMC_01384	contig_57	21694	22419	+	GEGEGB_02214	1	persistent	2	0	0
IKCLMC_01385	contig_57	22616	24301	+	LNHIMF_00922	1	persistent	2	0	0
IKCLMC_01386	contig_57	24303	25823	+	LNHIMF_00923	1	persistent	2	0	0
IKCLMC_01387	contig_57	25908	26384	-	GEGEGB_02211	1	persistent	2	0	0
IKCLMC_01388	contig_57	26442	27731	-	GEGEGB_02210	1	persistent	2	0	0
IKCLMC_01389	contig_57	27818	28858	+	GEGEGB_02209	1	persistent	2	0	0
IKCLMC_01390	contig_57	28855	30012	+	GEGEGB_02208	1	persistent	2	0	0
IKCLMC_01391	contig_57	29996	30751	+	LNHIMF_00928	1	persistent	2	0	0
IKCLMC_01392	contig_57	30744	31430	+	GEGEGB_02206	1	persistent	2	0	0
IKCLMC_01393	contig_57	32081	34102	+	LNHIMF_00930	1	persistent	2	0	0
IKCLMC_01394	contig_57	34592	36859	+	AJBGEP_00824	1	persistent	2	0	0
IKCLMC_01395	contig_57	36951	37859	-	GEGEGB_02202	1	persistent	2	0	0
IKCLMC_01396	contig_57	38223	39245	+	GEGEGB_02201	1	persistent	2	0	0
IKCLMC_01397	contig_57	39267	39779	+	GEGEGB_02200	1	persistent	2	0	0
IKCLMC_01398	contig_57	39824	40267	+	LNHIMF_00935	1	persistent	2	0	0
IKCLMC_01399	contig_57	40260	40505	+	LNHIMF_00936	1	persistent	2	0	0
IKCLMC_01400	contig_57	40507	40959	+	GEGEGB_02197	1	persistent	2	0	1
IKCLMC_01401	contig_57	41007	41711	+	LNHIMF_00938	1	persistent	2	0	4
IKCLMC_01402	contig_57	42043	42564	+	GEGEGB_02194	1	persistent	2	2	2
IKCLMC_01403	contig_57	42594	43196	+	HFCAGB_00889	1	shell	2	0	2
IKCLMC_01404	contig_57	43204	43764	+	BEJGEH_00810	1	persistent	2	1	1
IKCLMC_01405	contig_57	43767	44729	-	GEGEGB_02192	1	persistent	2	0	1
IKCLMC_01406	contig_57	44729	45970	-	GEGEGB_02191	1	persistent	2	0	0
IKCLMC_01407	contig_57	45967	46725	-	LNHIMF_00943	1	persistent	2	0	0
IKCLMC_01408	contig_57	46858	47268	+	GEGEGB_02189	1	persistent	2	0	0
IKCLMC_01409	contig_57	47230	48336	-	GEGEGB_02188	1	persistent	2	0	0
IKCLMC_01410	contig_57	48452	49582	-	GEGEGB_02187	1	persistent	2	0	0
IKCLMC_01411	contig_57	49575	51311	-	LNHIMF_00947	1	persistent	2	0	0
IKCLMC_01412	contig_57	51304	52299	-	GEGEGB_02185	1	persistent	2	0	0
IKCLMC_01413	contig_57	52299	52973	-	LNHIMF_00949	1	persistent	2	0	1
IKCLMC_01414	contig_57	53047	53457	-	PAPNPA_03300	2	cloud	1	0	1
IKCLMC_01415	contig_57	53590	53970	-	PAPNPA_03300	2	cloud	1	0	1
IKCLMC_01416	contig_57	54435	55766	+	IKCLMC_01416	1	cloud	0	0	2
IKCLMC_01417	contig_57	55817	56566	+	IKCLMC_01417	1	cloud	0	0	2
IKCLMC_01418	contig_57	56580	57425	+	IKCLMC_01418	1	cloud	0	0	2
IKCLMC_01419	contig_57	57425	58417	+	IKCLMC_01419	1	cloud	1	0	1
IKCLMC_01420	contig_57	58417	61086	+	GEGEGB_01758	2	persistent	3	0	1
IKCLMC_01421	contig_57	61268	62629	+	GEGEGB_02183	1	persistent	3	0	1
IKCLMC_01422	contig_57	62837	64981	+	LNHIMF_00951	1	persistent	2	0	1
IKCLMC_01423	contig_57	65011	65985	+	BEJGEH_00823	1	persistent	2	1	0
IKCLMC_01424	contig_57	66141	66401	-	GEGEGB_02178	1	persistent	2	1	0
IKCLMC_01425	contig_57	66686	66952	-	GEGEGB_02177	1	persistent	2	0	1
IKCLMC_01426	contig_57	67157	68083	+	GEGEGB_02175	1	persistent	2	0	1
IKCLMC_01427	contig_57	68080	70302	-	LNHIMF_00956	1	persistent	2	0	0
IKCLMC_01428	contig_57	70421	71143	-	GEGEGB_02173	1	persistent	2	0	0
IKCLMC_01429	contig_57	71140	71799	-	GEGEGB_02172	1	persistent	2	0	0
IKCLMC_01430	contig_57	71945	72691	-	GEGEGB_02171	1	persistent	2	0	1
IKCLMC_01431	contig_57	73168	73671	-	GEGEGB_02170	1	persistent	2	0	1
IKCLMC_01432	contig_57	73974	74861	-	GEGEGB_02169	1	persistent	2	0	0
IKCLMC_01433	contig_57	75215	75730	+	GEGEGB_02168	1	persistent	2	0	1
IKCLMC_01434	contig_57	75793	77373	-	LNHIMF_00963	1	persistent	2	1	0
IKCLMC_01435	contig_57	77638	77766	-	GEGEGB_02163	1	persistent	2	0	0
IKCLMC_01436	contig_57	77952	78425	+	GEGEGB_02162	1	persistent	2	0	0
IKCLMC_01437	contig_57	78422	79534	+	GEGEGB_02161	1	persistent	2	0	0
IKCLMC_01438	contig_57	79578	80498	-	GEGEGB_02160	1	persistent	2	0	0
IKCLMC_01439	contig_57	80717	82309	+	GEGEGB_02159	1	persistent	2	1	0
IKCLMC_01440	contig_57	82704	83600	+	BEJGEH_00840	1	shell	2	0	1
IKCLMC_01441	contig_57	83629	84159	-	GEGEGB_02157	2	persistent	2	1	3
IKCLMC_01442	contig_57	84553	85818	-	LNHIMF_00969	1	persistent	2	0	2
IKCLMC_01443	contig_57	86080	86889	+	GEGEGB_02157	2	persistent	2	1	3
IKCLMC_01444	contig_57	86967	89399	-	LNHIMF_00971	1	persistent	2	0	0
IKCLMC_01445	contig_57	89405	90304	-	GEGEGB_02155	1	persistent	2	0	0
IKCLMC_01446	contig_57	90582	91331	-	LNHIMF_00973	1	persistent	2	0	0
IKCLMC_01447	contig_57	91331	92566	-	LNHIMF_00974	1	persistent	2	0	0
IKCLMC_01448	contig_57	92769	93710	+	GEGEGB_02152	1	persistent	2	0	0
IKCLMC_01449	contig_57	93721	95592	+	GEGEGB_02151	1	persistent	2	0	0
IKCLMC_01450	contig_57	95625	97163	+	GEGEGB_02150	1	persistent	2	0	0
IKCLMC_01451	contig_57	97224	98144	+	GEGEGB_02149	1	persistent	2	0	0
IKCLMC_01452	contig_57	98147	99058	+	GEGEGB_02148	1	persistent	2	0	0
IKCLMC_01453	contig_57	99149	100474	-	LNHIMF_00980	1	persistent	2	0	0
IKCLMC_01454	contig_57	100705	101088	+	GEGEGB_02146	1	persistent	1	1	2
IKCLMC_01455	contig_57	101802	102317	+	LNHIMF_00982	1	shell	1	1	1
IKCLMC_01456	contig_57	102340	103089	+	LNHIMF_00983	1	shell	0	2	0
IKCLMC_01457	contig_57	103100	104053	+	AJBGEP_00883	1	shell	0	2	1
IKCLMC_01458	contig_57	104086	104349	+	ALJMDI_01197	1	cloud	0	2	0
IKCLMC_01459	contig_57	104346	105509	+	LNHIMF_00986	1	shell	0	3	1
IKCLMC_01460	contig_57	105534	105725	+	LNHIMF_00987	1	shell	0	2	0
IKCLMC_01461	contig_57	105958	107643	+	LNHIMF_00988	1	shell	0	3	0
IKCLMC_01462	contig_57	107649	108539	-	HFCAGB_00943	1	shell	0	2	0
IKCLMC_01463	contig_57	108804	109229	-	LNHIMF_00990	1	shell	0	2	1
IKCLMC_01464	contig_57	109576	110073	+	HFCAGB_00945	1	shell	0	2	0
IKCLMC_01465	contig_57	110094	110267	+	HFCAGB_00946	1	shell	1	1	0
IKCLMC_01466	contig_57	110264	110890	-	GEGEGB_02144	1	persistent	1	1	2
IKCLMC_01467	contig_57	111266	112336	+	GEGEGB_02143	1	persistent	2	0	0
IKCLMC_01468	contig_57	112381	113139	-	GEGEGB_02142	1	persistent	2	0	0
IKCLMC_01469	contig_57	113211	113885	-	GEGEGB_02141	1	persistent	2	0	0
IKCLMC_01470	contig_57	114132	115364	+	GEGEGB_02140	1	persistent	2	0	0
IKCLMC_01471	contig_57	115418	116233	-	GEGEGB_02139	1	persistent	2	0	0
IKCLMC_01472	contig_57	116230	117441	-	LNHIMF_00998	1	persistent	2	0	0
IKCLMC_01473	contig_57	117609	118229	+	LNHIMF_00999	1	persistent	2	0	0
IKCLMC_01475	contig_57	118346	120031	-	GEGEGB_02135	1	persistent	2	0	0
IKCLMC_01476	contig_57	120302	120679	+	LNHIMF_01002	1	persistent	2	0	0
IKCLMC_01477	contig_57	120711	120974	-	GEGEGB_02133	1	persistent	2	0	0
IKCLMC_01478	contig_57	121144	121434	+	LNHIMF_01004	1	persistent	2	0	0
IKCLMC_01479	contig_57	121418	122140	+	BEJGEH_00869	1	persistent	2	0	0
IKCLMC_01480	contig_57	122198	123100	+	GEGEGB_02130	1	persistent	2	0	0
IKCLMC_01481	contig_57	123197	123673	+	GEGEGB_02129	1	persistent	2	0	0
IKCLMC_01482	contig_57	124019	125134	+	LNHIMF_01008	1	persistent	2	0	0
IKCLMC_01483	contig_57	125222	126355	+	LNHIMF_01009	1	persistent	2	0	0
IKCLMC_01484	contig_57	126365	127318	+	LNHIMF_01010	1	persistent	2	0	0
IKCLMC_01485	contig_57	127315	128160	+	GEGEGB_02125	1	persistent	2	0	0
IKCLMC_01486	contig_57	128306	128707	+	GEGEGB_02124	1	persistent	2	0	0
IKCLMC_01487	contig_57	128750	129880	+	AJBGEP_00912	1	persistent	2	0	0
IKCLMC_01488	contig_57	130163	131506	+	BEJGEH_00878	1	persistent	2	0	0
IKCLMC_01489	contig_57	131536	131856	+	LNHIMF_01015	1	persistent	2	0	0
IKCLMC_01490	contig_57	131866	133353	+	LNHIMF_01016	1	persistent	2	0	0
IKCLMC_01491	contig_57	133572	134303	-	GEGEGB_02119	1	persistent	2	0	0
IKCLMC_01492	contig_57	134540	135208	-	GEGEGB_02118	1	persistent	2	0	0
IKCLMC_01493	contig_57	135208	135924	-	GEGEGB_02117	1	persistent	2	0	0
IKCLMC_01494	contig_57	135931	136662	-	LNHIMF_01020	1	persistent	2	0	0
IKCLMC_01495	contig_57	136680	137408	-	GEGEGB_02115	1	persistent	2	0	0
IKCLMC_01496	contig_57	137638	138153	-	GEGEGB_02114	1	persistent	2	0	0
IKCLMC_01497	contig_57	138281	138604	+	GEGEGB_02113	1	persistent	2	0	0
IKCLMC_01498	contig_57	138601	139431	+	GEGEGB_02112	1	persistent	2	0	0
IKCLMC_01499	contig_57	139428	140441	-	GEGEGB_02111	1	persistent	2	0	0
IKCLMC_01500	contig_57	140537	141970	-	LNHIMF_01026	1	persistent	2	0	0
IKCLMC_01501	contig_57	141981	142982	-	LNHIMF_01027	1	persistent	2	0	0
IKCLMC_01502	contig_57	143021	144739	-	GEGEGB_02108	1	persistent	2	0	0
IKCLMC_01503	contig_57	144897	145865	-	LNHIMF_01029	1	persistent	2	0	0
IKCLMC_01504	contig_57	145877	147529	-	LNHIMF_01030	1	persistent	2	0	0
IKCLMC_01505	contig_57	147673	148572	-	GEGEGB_02105	1	persistent	2	0	0
IKCLMC_01506	contig_57	148773	150431	+	LNHIMF_01032	1	persistent	2	0	0
IKCLMC_01507	contig_57	150428	151378	-	LNHIMF_01033	1	persistent	2	0	0
IKCLMC_01508	contig_57	151524	152642	+	GEGEGB_02102	1	persistent	2	0	0
IKCLMC_01509	contig_57	152639	154585	+	GEGEGB_02101	1	persistent	2	0	0
IKCLMC_01510	contig_57	154715	154936	-	GEGEGB_02100	1	persistent	2	0	0
IKCLMC_01511	contig_57	155260	155580	+	GEGEGB_02099	1	persistent	2	0	0
IKCLMC_01512	contig_57	155611	157887	+	LNHIMF_01038	1	persistent	2	4	1
IKCLMC_01513	contig_57	158100	158297	-	GEGEGB_02097	1	shell	2	3	2
IKCLMC_01514	contig_57	158943	159410	-	IKCLMC_01514	1	cloud	1	1	0
IKCLMC_01516	contig_57	159692	160369	-	GEGEGB_03971	2	persistent	5	2	3
IKCLMC_01517	contig_57	160389	161249	-	LNHIMF_01041	1	persistent	2	0	0
IKCLMC_01518	contig_57	161358	162269	+	GEGEGB_02092	1	persistent	2	0	0
IKCLMC_01519	contig_57	162360	162578	-	GEGEGB_02091	1	persistent	2	0	0
IKCLMC_01520	contig_57	162890	163594	-	GEGEGB_02090	1	persistent	2	0	0
IKCLMC_01521	contig_57	163639	165360	-	LNHIMF_01045	1	persistent	2	0	0
IKCLMC_01522	contig_57	165361	167127	-	GEGEGB_02088	1	persistent	2	0	0
IKCLMC_01523	contig_57	167241	168209	-	GEGEGB_02087	1	persistent	2	0	1
IKCLMC_01524	contig_57	168756	169250	+	LNHIMF_01048	1	persistent	2	0	0
IKCLMC_01525	contig_57	169385	173338	+	ONMMKP_01187	1	persistent	2	0	0
IKCLMC_01526	contig_57	173481	174092	+	LNHIMF_01050	1	persistent	2	0	0
IKCLMC_01527	contig_57	174102	175445	+	GEGEGB_02083	1	persistent	2	0	0
IKCLMC_01528	contig_57	175704	176996	+	GEGEGB_02082	1	persistent	2	0	0
IKCLMC_01530	contig_57	177234	179678	+	LNHIMF_01054	1	persistent	2	0	0
IKCLMC_01531	contig_57	179689	180306	+	GEGEGB_01496	2	persistent	4	0	0
IKCLMC_01532	contig_57	180308	181171	+	GEGEGB_02078	1	persistent	2	0	0
IKCLMC_01533	contig_57	181521	182669	+	LNHIMF_01057	1	persistent	2	0	0
IKCLMC_01534	contig_57	182887	184308	+	GEGEGB_02076	1	persistent	2	0	0
IKCLMC_01535	contig_57	184601	185398	-	GEGEGB_02075	1	persistent	3	0	1
IKCLMC_01536	contig_57	185517	185684	-	HFCAGB_01016	1	persistent	2	0	1
IKCLMC_01537	contig_57	185974	186933	+	LNHIMF_01061	1	persistent	3	0	1
IKCLMC_01538	contig_57	187009	189291	-	GEGEGB_02071	1	persistent	2	0	1
IKCLMC_01539	contig_57	189351	190208	-	GEGEGB_02070	1	persistent	2	0	0
IKCLMC_01540	contig_57	190613	192448	-	LNHIMF_01064	1	persistent	2	0	0
IKCLMC_01541	contig_57	192510	193202	+	LNHIMF_01065	1	persistent	2	0	0
IKCLMC_01542	contig_57	193388	194476	+	GEGEGB_02067	1	persistent	2	0	0
IKCLMC_01543	contig_57	194547	195830	+	GEGEGB_02066	1	persistent	2	0	0
IKCLMC_01544	contig_57	195973	196734	+	BEJGEH_00936	1	persistent	2	0	0
IKCLMC_01545	contig_57	196907	197590	+	GEGEGB_02064	1	persistent	2	0	0
IKCLMC_01546	contig_57	197704	199377	+	GEGEGB_02063	1	persistent	2	0	0
IKCLMC_01547	contig_57	199533	199817	+	GEGEGB_02062	1	persistent	2	1	0
IKCLMC_01548	contig_57	200047	202311	+	ALJMDI_01283	1	persistent	2	1	0
IKCLMC_01549	contig_57	202348	204096	+	GEGEGB_02060	1	persistent	2	0	0
IKCLMC_01550	contig_57	204093	205070	+	GEGEGB_02059	1	persistent	2	0	0
IKCLMC_01551	contig_57	205114	206346	+	HFCAGB_01031	1	persistent	2	0	0
IKCLMC_01552	contig_57	206398	206580	+	GEGEGB_02056	1	persistent	2	0	0
IKCLMC_01553	contig_57	206577	207323	+	GEGEGB_02055	1	persistent	2	0	0
IKCLMC_01554	contig_57	207534	208427	+	LNHIMF_01078	1	persistent	2	0	0
IKCLMC_01555	contig_57	208407	209183	-	GEGEGB_02053	1	persistent	2	0	0
IKCLMC_01556	contig_57	209319	210122	+	GEGEGB_02052	1	persistent	2	0	0
IKCLMC_01557	contig_57	210115	211437	+	GEGEGB_02051	1	persistent	2	0	0
IKCLMC_01558	contig_57	211418	212122	+	GEGEGB_02050	1	persistent	2	0	0
IKCLMC_01559	contig_57	212122	216588	+	GEGEGB_02049	1	persistent	2	0	0
IKCLMC_01560	contig_57	216933	218777	+	LNHIMF_01084	1	persistent	2	0	0
IKCLMC_01561	contig_57	219037	219585	+	GEGEGB_02047	1	persistent	2	0	0
IKCLMC_01562	contig_57	219613	220260	+	LNHIMF_01086	1	persistent	2	0	0
IKCLMC_01563	contig_57	220322	221512	-	GEGEGB_02045	1	persistent	2	0	0
IKCLMC_01564	contig_57	221697	222788	-	GEGEGB_02044	1	persistent	2	0	1
IKCLMC_01565	contig_57	223395	224795	-	GEGEGB_02043	1	persistent	3	0	1
IKCLMC_01566	contig_57	224996	225457	-	GEGEGB_02042	1	persistent	2	0	0
IKCLMC_01567	contig_57	225774	226988	+	BEJGEH_00959	1	persistent	2	0	0
IKCLMC_01568	contig_57	227234	228667	+	AJBGEP_00996	1	persistent	2	0	0
IKCLMC_01569	contig_57	228748	229950	-	LNHIMF_01090	1	persistent	3	1	0
IKCLMC_01570	contig_57	230145	231437	-	HFCAGB_01050	1	shell	1	1	0
IKCLMC_01571	contig_57	231482	231730	-	GEGEGB_02036	1	shell	0	2	0
IKCLMC_01572	contig_57	231771	232010	-	GEGEGB_02035	2	shell	0	2	3
IKCLMC_01573	contig_57	232053	233162	-	LNHIMF_02203	2	shell	0	1	3
IKCLMC_01574	contig_57	233173	236100	-	OEKLIE_01718	1	cloud	0	1	3
IKCLMC_01575	contig_57	236241	236396	-	IKCLMC_01575	1	cloud	0	0	2
IKCLMC_01576	contig_57	236804	237136	-	HFCAGB_01356	1	cloud	0	0	4
IKCLMC_01577	contig_57	237301	237555	+	HFCAGB_01357	2	cloud	0	0	3
IKCLMC_01578	contig_57	237542	238036	+	IKCLMC_00898	3	cloud	0	0	2
IKCLMC_01579	contig_58	246	1661	+	GEGEGB_00480	1	persistent	2	0	0
IKCLMC_01580	contig_58	1715	2086	-	GEGEGB_00481	1	persistent	2	0	0
IKCLMC_01581	contig_58	2109	2471	-	GEGEGB_00482	1	persistent	2	0	0
IKCLMC_01584	contig_58	3078	5267	+	LNHIMF_02549	1	persistent	2	0	0
IKCLMC_01585	contig_58	5320	6522	-	GEGEGB_00486	1	persistent	2	0	0
IKCLMC_01586	contig_58	6865	8106	+	GEGEGB_00487	1	persistent	2	0	0
IKCLMC_01587	contig_58	8167	8493	-	GEGEGB_00488	1	persistent	2	0	0
IKCLMC_01588	contig_58	8607	9605	-	GEGEGB_00489	1	persistent	2	0	0
IKCLMC_01589	contig_58	9785	11437	+	LNHIMF_02544	1	persistent	2	0	0
IKCLMC_01590	contig_58	11457	12692	-	GEGEGB_00491	1	persistent	2	0	0
IKCLMC_01591	contig_58	12896	13861	+	LNHIMF_02542	1	persistent	2	0	1
IKCLMC_01592	contig_58	14582	15820	+	GEGEGB_00493	1	persistent	2	1	1
IKCLMC_01593	contig_58	15870	15926	-	GEGEGB_00496	1	persistent	2	1	0
IKCLMC_01594	contig_58	16344	17264	-	GEGEGB_00497	1	persistent	2	0	0
IKCLMC_01595	contig_58	17512	17625	+	GEGEGB_00498	1	persistent	2	0	0
IKCLMC_01596	contig_58	17786	18028	+	GEGEGB_00499	1	persistent	2	0	0
IKCLMC_01597	contig_58	18303	19694	-	LNHIMF_02536	1	persistent	2	0	0
IKCLMC_01598	contig_58	20049	21323	+	GEGEGB_00501	1	persistent	2	0	0
IKCLMC_01599	contig_58	21320	23326	+	GEGEGB_00502	1	persistent	2	0	0
IKCLMC_01600	contig_58	23313	24563	+	LNHIMF_02533	1	persistent	2	0	0
IKCLMC_01601	contig_58	24696	24791	-	GEGEGB_00504	1	persistent	2	0	0
IKCLMC_01602	contig_58	24831	25769	+	GEGEGB_00505	1	persistent	2	0	2
IKCLMC_01604	contig_58	26076	27017	-	GEGEGB_00512	1	persistent	3	0	1
IKCLMC_01605	contig_58	27306	28061	+	GEGEGB_00513	1	persistent	2	0	0
IKCLMC_01606	contig_58	28122	29429	-	LNHIMF_02527	1	persistent	2	0	0
IKCLMC_01607	contig_58	29800	30084	+	GEGEGB_00515	1	persistent	2	0	0
IKCLMC_01608	contig_58	30261	31571	+	GEGEGB_00516	1	persistent	2	0	0
IKCLMC_01609	contig_58	31571	33718	+	GEGEGB_00517	1	persistent	2	0	0
IKCLMC_01610	contig_58	33927	34412	+	GEGEGB_00518	1	persistent	2	0	0
IKCLMC_01611	contig_58	34512	35063	-	GEGEGB_00519	1	persistent	2	0	0
IKCLMC_01612	contig_58	35229	36161	+	GEGEGB_00520	1	persistent	2	0	0
IKCLMC_01613	contig_58	36197	37282	+	LNHIMF_02520	1	persistent	2	0	0
IKCLMC_01614	contig_58	37286	38110	+	GEGEGB_00522	1	persistent	2	0	0
IKCLMC_01615	contig_58	38110	38919	+	GEGEGB_00523	1	persistent	2	0	0
IKCLMC_01616	contig_58	38919	39467	+	LNHIMF_02517	1	persistent	2	0	0
IKCLMC_01617	contig_58	39500	39775	+	GEGEGB_00526	1	persistent	2	0	0
IKCLMC_01618	contig_58	39827	41827	-	LNHIMF_02515	1	persistent	2	0	0
IKCLMC_01619	contig_58	41987	43201	+	GEGEGB_00528	1	persistent	2	0	0
IKCLMC_01620	contig_58	43299	43955	+	LNHIMF_02513	1	persistent	2	0	0
IKCLMC_01621	contig_58	44022	44540	-	LNHIMF_02512	1	persistent	2	1	1
IKCLMC_01622	contig_58	44540	44908	-	GEGEGB_00531	1	shell	1	1	0
IKCLMC_01623	contig_58	45077	45325	-	GEGEGB_00532	1	shell	1	1	0
IKCLMC_01624	contig_58	45498	45872	+	LNHIMF_02510	1	persistent	1	1	1
IKCLMC_01625	contig_58	46052	47230	+	LNHIMF_02509	1	persistent	3	0	0
IKCLMC_01626	contig_58	47227	48228	-	GEGEGB_00535	1	persistent	2	0	0
IKCLMC_01627	contig_58	48332	49468	+	GEGEGB_00536	1	persistent	2	0	0
IKCLMC_01628	contig_58	49536	50549	+	GEGEGB_00537	1	persistent	2	0	0
IKCLMC_01629	contig_58	50549	51361	+	GEGEGB_00538	1	persistent	2	0	0
IKCLMC_01630	contig_58	51410	52069	+	GEGEGB_00539	1	persistent	2	0	0
IKCLMC_01631	contig_58	52219	53133	+	GEGEGB_00540	1	persistent	2	0	0
IKCLMC_01632	contig_58	53201	54469	+	GEGEGB_00541	1	persistent	2	0	0
IKCLMC_01633	contig_58	54459	55133	+	BEJGEH_02389	1	persistent	2	0	0
IKCLMC_01634	contig_58	55444	55932	+	GEGEGB_00543	1	persistent	2	0	0
IKCLMC_01635	contig_58	55970	57487	+	LNHIMF_02499	1	persistent	2	0	0
IKCLMC_01636	contig_58	57523	58950	-	LNHIMF_02498	1	persistent	2	0	0
IKCLMC_01637	contig_58	59161	60558	+	GEGEGB_00546	1	persistent	2	0	0
IKCLMC_01638	contig_58	60649	62070	+	GEGEGB_00547	1	persistent	2	0	0
IKCLMC_01639	contig_58	62072	63175	+	LNHIMF_02495	1	persistent	2	0	0
IKCLMC_01640	contig_58	63239	64645	+	LNHIMF_02494	1	persistent	2	0	0
IKCLMC_01641	contig_58	64672	65241	+	GEGEGB_00550	1	persistent	2	0	0
IKCLMC_01642	contig_58	65530	66312	+	GEGEGB_00551	1	persistent	2	0	0
IKCLMC_01643	contig_58	66550	67332	+	LNHIMF_02491	1	persistent	2	0	0
IKCLMC_01644	contig_58	67514	68200	+	GEGEGB_00553	1	persistent	2	0	0
IKCLMC_01645	contig_58	68197	68904	+	GEGEGB_00554	1	persistent	2	0	0
IKCLMC_01646	contig_58	68918	69691	+	LNHIMF_02488	1	persistent	2	0	0
IKCLMC_01647	contig_58	69743	70636	-	LNHIMF_02487	1	persistent	2	0	0
IKCLMC_01648	contig_58	70762	71409	-	LNHIMF_02486	1	persistent	2	0	0
IKCLMC_01649	contig_58	71552	72196	+	LNHIMF_02485	1	persistent	2	0	0
IKCLMC_01650	contig_58	72252	72803	+	GEGEGB_00559	1	persistent	2	0	0
IKCLMC_01651	contig_58	72860	73414	+	GEGEGB_00560	1	persistent	2	0	0
IKCLMC_01652	contig_58	73420	74439	-	GEGEGB_00561	1	persistent	2	0	0
IKCLMC_01653	contig_58	74692	75135	+	GEGEGB_00562	1	persistent	2	0	0
IKCLMC_01654	contig_58	75216	75488	+	GEGEGB_00563	1	persistent	2	0	0
IKCLMC_01655	contig_58	75509	76900	+	LNHIMF_02479	1	persistent	2	0	0
IKCLMC_01656	contig_58	76897	77727	+	LNHIMF_02478	1	persistent	2	0	0
IKCLMC_01657	contig_58	77720	78673	+	GEGEGB_00566	1	persistent	2	0	0
IKCLMC_01658	contig_58	78722	80242	-	GEGEGB_00567	1	persistent	2	0	0
IKCLMC_01659	contig_58	80460	82604	-	LNHIMF_02475	1	persistent	2	0	0
IKCLMC_01660	contig_58	82681	83883	-	GEGEGB_00569	1	persistent	2	0	0
IKCLMC_01661	contig_58	84223	84678	+	LNHIMF_02473	1	persistent	2	0	0
IKCLMC_01662	contig_58	84761	85255	+	GEGEGB_00571	1	persistent	2	0	0
IKCLMC_01663	contig_58	85266	85925	+	GEGEGB_00572	1	persistent	2	0	0
IKCLMC_01664	contig_58	86001	87827	+	LNHIMF_02470	1	persistent	2	0	0
IKCLMC_01665	contig_58	87919	88518	-	LNHIMF_02469	1	persistent	2	0	0
IKCLMC_01666	contig_58	88612	89826	-	GEGEGB_00575	1	persistent	2	0	0
IKCLMC_01667	contig_58	90759	91697	+	LNHIMF_02467	1	persistent	2	0	0
IKCLMC_01668	contig_58	92324	92767	+	GEGEGB_00577	1	persistent	2	0	0
IKCLMC_01669	contig_58	92783	93445	+	GEGEGB_00578	1	persistent	2	0	0
IKCLMC_01670	contig_58	93532	95334	+	GEGEGB_00579	1	persistent	2	0	0
IKCLMC_01671	contig_58	95337	95837	+	GEGEGB_00580	1	persistent	2	0	0
IKCLMC_01672	contig_58	95834	97171	+	LNHIMF_02462	1	persistent	2	0	0
IKCLMC_01673	contig_58	97202	99928	+	LNHIMF_02461	1	persistent	2	0	0
IKCLMC_01674	contig_58	99925	100902	+	LNHIMF_02460	1	persistent	2	0	0
IKCLMC_01675	contig_58	100917	101459	+	GEGEGB_00584	1	persistent	2	0	0
IKCLMC_01676	contig_58	101470	102024	+	GEGEGB_00585	1	persistent	2	0	0
IKCLMC_01677	contig_58	102021	102323	+	GEGEGB_00586	1	persistent	2	0	0
IKCLMC_01678	contig_58	102320	104161	+	LNHIMF_02456	1	persistent	2	0	0
IKCLMC_01680	contig_58	104475	106004	+	LNHIMF_02455	1	persistent	2	0	0
IKCLMC_01681	contig_58	106011	107468	+	GEGEGB_00590	1	persistent	2	1	2
IKCLMC_01682	contig_58	107631	107837	-	IKCLMC_01682	1	cloud	1	1	0
IKCLMC_01683	contig_58	108472	110253	+	BEJGEH_02340	1	shell	2	0	2
IKCLMC_01684	contig_58	110294	111295	-	LNHIMF_02453	1	persistent	2	1	0
IKCLMC_01685	contig_58	111361	112278	-	GEGEGB_00592	1	persistent	2	0	0
IKCLMC_01686	contig_58	112339	112800	+	GEGEGB_00593	1	persistent	2	0	0
IKCLMC_01687	contig_58	112855	113160	+	GEGEGB_00594	1	persistent	2	0	0
IKCLMC_01688	contig_58	113261	114556	+	LNHIMF_02449	1	persistent	2	0	0
IKCLMC_01689	contig_58	114642	116312	+	LNHIMF_02448	1	persistent	2	0	0
IKCLMC_01690	contig_58	116309	117067	+	LNHIMF_02447	1	persistent	2	0	0
IKCLMC_01691	contig_58	117082	117939	+	GEGEGB_00598	1	persistent	2	0	0
IKCLMC_01692	contig_58	117939	118901	+	LNHIMF_02445	1	persistent	2	0	0
IKCLMC_01693	contig_58	118898	120265	+	LNHIMF_02444	1	persistent	2	0	0
IKCLMC_01694	contig_58	120363	120620	+	LNHIMF_02443	1	persistent	2	0	0
IKCLMC_01695	contig_58	120615	120992	-	LNHIMF_02442	1	persistent	2	0	0
IKCLMC_01696	contig_58	120992	121327	-	ALJMDI_02045	1	persistent	2	0	0
IKCLMC_01697	contig_58	121324	122970	-	LNHIMF_02440	1	persistent	2	0	0
IKCLMC_01698	contig_58	122967	123866	-	LNHIMF_02439	1	persistent	2	0	0
IKCLMC_01699	contig_58	123863	125845	-	LNHIMF_02438	1	persistent	2	0	0
IKCLMC_01700	contig_58	125842	126825	-	GEGEGB_00607	1	persistent	2	0	0
IKCLMC_01701	contig_58	126828	127967	-	LNHIMF_02436	1	persistent	2	0	0
IKCLMC_01702	contig_58	128266	128871	+	LNHIMF_02435	1	persistent	2	0	0
IKCLMC_01703	contig_58	128916	129341	-	GEGEGB_00610	1	persistent	3	0	0
IKCLMC_01704	contig_58	129596	130162	+	GEGEGB_00611	1	persistent	2	0	0
IKCLMC_01705	contig_58	130277	131473	+	GEGEGB_00612	2	persistent	4	0	0
IKCLMC_01706	contig_58	131723	132505	+	LNHIMF_02431	1	persistent	2	0	0
IKCLMC_01707	contig_58	132519	133724	+	GEGEGB_00614	1	persistent	2	0	0
IKCLMC_01708	contig_58	133780	135069	+	GEGEGB_00615	1	persistent	2	0	0
IKCLMC_01709	contig_58	135095	135898	+	LNHIMF_02428	1	persistent	2	0	0
IKCLMC_01710	contig_58	135904	136080	+	GEGEGB_00612	2	persistent	4	0	0
IKCLMC_01711	contig_58	136190	137212	-	BEJGEH_02312	1	persistent	2	0	0
IKCLMC_01713	contig_58	137638	138828	-	LNHIMF_02424	1	persistent	2	0	0
IKCLMC_01714	contig_58	138825	140084	-	LNHIMF_02423	1	persistent	2	0	0
IKCLMC_01715	contig_58	140074	141702	-	LNHIMF_02422	1	persistent	2	0	0
IKCLMC_01716	contig_58	141975	143333	+	LNHIMF_02421	1	persistent	2	0	0
IKCLMC_01717	contig_58	143338	144408	+	LNHIMF_02420	1	persistent	2	0	0
IKCLMC_01718	contig_58	144524	145402	-	LNHIMF_02419	1	persistent	2	0	0
IKCLMC_01719	contig_58	145537	146754	+	BEJGEH_02304	1	persistent	2	0	0
IKCLMC_01720	contig_58	146756	147010	-	GEGEGB_00627	1	persistent	2	0	0
IKCLMC_01721	contig_58	147010	148140	-	GEGEGB_00628	1	persistent	2	0	0
IKCLMC_01722	contig_58	148253	150538	-	LNHIMF_02414	1	persistent	2	0	0
IKCLMC_01723	contig_58	150894	151622	-	LNHIMF_02413	1	persistent	2	0	0
IKCLMC_01724	contig_58	151705	152589	-	GEGEGB_00631	1	persistent	2	0	0
IKCLMC_01725	contig_58	152639	153964	+	LNHIMF_02410	1	persistent	2	0	0
IKCLMC_01726	contig_58	153979	155181	+	LNHIMF_02409	1	persistent	2	0	0
IKCLMC_01727	contig_58	155591	158227	+	LNHIMF_02408	1	persistent	2	0	1
IKCLMC_01728	contig_58	158345	161191	+	LNHIMF_02407	1	persistent	2	1	0
IKCLMC_01729	contig_58	161294	161944	-	GEGEGB_00640	1	persistent	2	0	0
IKCLMC_01730	contig_58	161961	164630	-	LNHIMF_02405	1	persistent	2	0	0
IKCLMC_01732	contig_58	165359	166495	+	GEGEGB_00643	1	persistent	2	0	0
IKCLMC_01733	contig_58	166610	167662	+	GEGEGB_00644	1	persistent	2	0	0
IKCLMC_01734	contig_58	167746	168804	+	LNHIMF_02401	1	persistent	2	0	0
IKCLMC_01735	contig_58	168807	169457	+	LNHIMF_02400	1	persistent	2	0	0
IKCLMC_01736	contig_58	169533	171176	+	LNHIMF_02399	1	persistent	2	0	0
IKCLMC_01737	contig_58	171376	171882	-	GEGEGB_00648	1	persistent	3	0	0
IKCLMC_01738	contig_58	172041	172172	-	GEGEGB_00649	1	persistent	2	0	0
IKCLMC_01739	contig_58	172284	172775	+	LNHIMF_02396	1	persistent	3	0	0
IKCLMC_01740	contig_58	172765	173028	+	GEGEGB_00651	1	persistent	2	0	0
IKCLMC_01741	contig_58	173025	175511	+	GEGEGB_00652	1	persistent	2	0	0
IKCLMC_01742	contig_58	175518	176213	+	GEGEGB_00653	1	persistent	2	0	0
IKCLMC_01743	contig_58	176200	177069	+	GEGEGB_00654	1	persistent	2	0	0
IKCLMC_01744	contig_58	177185	177634	+	GEGEGB_00655	1	persistent	2	0	0
IKCLMC_01745	contig_58	177644	178246	+	LNHIMF_02390	1	persistent	2	0	0
IKCLMC_01746	contig_58	178267	178884	+	GEGEGB_03907	2	persistent	3	0	0
IKCLMC_01747	contig_58	178884	179540	+	GEGEGB_00658	2	persistent	2	0	0
IKCLMC_01748	contig_58	179583	180329	+	GEGEGB_00659	2	persistent	2	0	0
IKCLMC_01749	contig_58	180365	180538	+	AJBGEP_02420	2	persistent	2	0	0
IKCLMC_01750	contig_58	180535	181014	+	HFCAGB_02510	2	persistent	2	0	0
IKCLMC_01751	contig_58	181011	182942	+	GEGEGB_00662	2	persistent	2	0	0
IKCLMC_01752	contig_58	182939	183496	+	GEGEGB_00663	2	persistent	2	0	1
IKCLMC_01753	contig_58	183493	184536	+	GEGEGB_00664	2	persistent	3	0	0
IKCLMC_01754	contig_58	184580	185227	-	GEGEGB_00665	1	persistent	3	0	1
IKCLMC_01755	contig_58	185963	186520	+	LNHIMF_02380	1	persistent	2	0	2
IKCLMC_01756	contig_58	186712	187074	-	IKCLMC_01756	1	persistent	3	1	0
IKCLMC_01758	contig_58	187203	187994	+	GEGEGB_00668	1	shell	1	1	0
IKCLMC_01759	contig_58	188663	191029	+	PKJKAM_03030	1	shell	0	2	2
IKCLMC_01760	contig_58	191274	191339	+	GEGEGB_00670	1	cloud	1	1	0
IKCLMC_01762	contig_58	191800	193560	-	GEGEGB_00672	1	persistent	2	0	4
IKCLMC_01763	contig_58	193592	193819	-	GEGEGB_00673	1	persistent	2	0	0
IKCLMC_01764	contig_58	193999	195006	+	GEGEGB_00674	1	persistent	3	0	0
IKCLMC_01765	contig_58	195034	195654	+	GEGEGB_00675	1	persistent	2	0	0
IKCLMC_01766	contig_58	195763	196047	-	GEGEGB_00676	1	persistent	3	0	0
IKCLMC_01767	contig_58	196172	197932	-	GEGEGB_00677	1	persistent	2	0	0
IKCLMC_01768	contig_58	198084	198779	+	GEGEGB_00678	1	persistent	2	0	0
IKCLMC_01769	contig_58	198807	199997	+	LNHIMF_02371	1	persistent	2	0	0
IKCLMC_01770	contig_58	200388	200732	+	GEGEGB_00680	1	persistent	2	0	0
IKCLMC_01771	contig_58	200736	202325	-	GEGEGB_00681	1	persistent	2	0	0
IKCLMC_01772	contig_58	202327	203352	-	GEGEGB_00682	1	persistent	2	0	0
IKCLMC_01773	contig_58	203352	204446	-	GEGEGB_00683	1	persistent	2	0	0
IKCLMC_01774	contig_58	204456	206261	-	GEGEGB_00684	1	persistent	2	0	0
IKCLMC_01775	contig_58	206368	207924	-	GEGEGB_00685	1	persistent	2	0	0
IKCLMC_01776	contig_58	208250	208822	-	GEGEGB_00686	1	persistent	2	0	0
IKCLMC_01777	contig_58	209236	209955	-	GEGEGB_00687	1	persistent	2	0	0
IKCLMC_01778	contig_58	209985	210971	-	GEGEGB_00688	1	persistent	2	0	0
IKCLMC_01779	contig_58	211183	211755	-	GEGEGB_00689	1	persistent	2	0	0
IKCLMC_01780	contig_58	212079	212333	+	GEGEGB_00690	1	persistent	2	0	0
IKCLMC_01781	contig_58	212845	213510	+	BEJGEH_02246	1	persistent	2	0	0
IKCLMC_01782	contig_58	213575	214756	-	GEGEGB_00692	1	persistent	2	0	0
IKCLMC_01784	contig_58	215125	216255	+	GEGEGB_00693	1	persistent	2	0	0
IKCLMC_01785	contig_58	216255	217193	+	GEGEGB_00694	1	persistent	2	0	1
IKCLMC_01786	contig_58	217210	218898	+	GEGEGB_00695	1	persistent	2	0	0
IKCLMC_01787	contig_58	218963	219820	-	GEGEGB_00696	1	persistent	2	0	0
IKCLMC_01788	contig_58	219899	220948	-	GEGEGB_00697	1	persistent	2	0	0
IKCLMC_01789	contig_58	221069	221932	+	GEGEGB_00698	1	persistent	2	0	1
IKCLMC_01790	contig_58	222122	223591	+	LNHIMF_02350	1	persistent	2	0	3
IKCLMC_01791	contig_58	223937	225928	+	LNHIMF_02348	1	persistent	2	0	3
IKCLMC_01792	contig_58	225972	227294	-	LNHIMF_02347	1	persistent	2	0	0
IKCLMC_01793	contig_58	227327	228214	-	GEGEGB_00704	1	persistent	2	0	0
IKCLMC_01794	contig_58	228431	229798	+	LNHIMF_02345	1	persistent	2	0	0
IKCLMC_01795	contig_58	229803	230192	+	GEGEGB_00706	1	persistent	2	0	0
IKCLMC_01796	contig_58	230181	231038	-	GEGEGB_00707	1	persistent	2	0	0
IKCLMC_01797	contig_58	231368	232036	+	GEGEGB_00708	1	persistent	2	0	0
IKCLMC_01798	contig_58	232033	233193	+	LNHIMF_02341	1	persistent	2	0	0
IKCLMC_01799	contig_58	233343	234365	+	LNHIMF_02340	1	persistent	2	0	0
IKCLMC_01800	contig_58	234864	235862	+	LNHIMF_02339	1	persistent	2	0	0
IKCLMC_01801	contig_58	235996	237516	+	LNHIMF_02338	1	persistent	2	0	0
IKCLMC_01802	contig_58	237532	238542	+	LNHIMF_02337	1	persistent	2	0	0
IKCLMC_01803	contig_58	238617	239852	-	BEJGEH_02222	1	persistent	2	0	0
IKCLMC_01804	contig_58	239846	241087	-	GEGEGB_00717	1	persistent	2	0	0
IKCLMC_01805	contig_58	241292	241531	-	GEGEGB_00718	1	persistent	2	0	0
IKCLMC_01806	contig_58	241534	242253	-	LNHIMF_02333	1	persistent	2	0	0
IKCLMC_01807	contig_58	242430	243314	-	GEGEGB_00720	1	persistent	2	0	0
IKCLMC_01808	contig_58	243468	244163	-	GEGEGB_00721	1	persistent	2	0	0
IKCLMC_01809	contig_58	244160	244558	-	GEGEGB_00722	1	persistent	2	0	0
IKCLMC_01810	contig_58	244690	245598	-	GEGEGB_00723	1	persistent	2	0	0
IKCLMC_01811	contig_58	245724	247082	+	GEGEGB_00724	1	persistent	2	0	0
IKCLMC_01812	contig_58	247094	248131	+	GEGEGB_00725	1	persistent	2	0	0
IKCLMC_01813	contig_58	248147	248848	+	GEGEGB_00726	1	persistent	2	0	0
IKCLMC_01814	contig_58	248857	249501	+	GEGEGB_00727	1	persistent	2	0	0
IKCLMC_01815	contig_58	249516	250709	+	GEGEGB_00728	1	persistent	2	0	0
IKCLMC_01816	contig_58	250818	251756	+	LNHIMF_02323	1	persistent	2	0	1
IKCLMC_01817	contig_58	251814	251897	-	GEGEGB_00730	1	persistent	2	0	0
IKCLMC_01818	contig_58	252215	253651	+	GEGEGB_00731	1	persistent	2	0	2
IKCLMC_01819	contig_58	253717	254478	+	GEGEGB_00732	1	persistent	2	0	1
IKCLMC_01820	contig_58	254527	255096	-	GEGEGB_00733	1	persistent	2	0	0
IKCLMC_01821	contig_58	255255	255842	+	GEGEGB_00734	1	persistent	2	0	0
IKCLMC_01822	contig_58	256047	256955	+	GEGEGB_00735	1	persistent	2	0	0
IKCLMC_01823	contig_58	257013	258743	-	GEGEGB_00736	1	persistent	2	0	0
IKCLMC_01824	contig_58	259010	261307	+	LNHIMF_02315	1	persistent	2	0	0
IKCLMC_01825	contig_58	261488	262405	+	GEGEGB_00738	1	persistent	2	0	0
IKCLMC_01826	contig_58	262409	263578	+	LNHIMF_02313	1	persistent	2	0	0
IKCLMC_01827	contig_58	263571	264518	+	GEGEGB_00740	1	persistent	2	0	0
IKCLMC_01828	contig_58	264502	265233	+	GEGEGB_00741	1	persistent	2	0	0
IKCLMC_01829	contig_58	265214	265321	-	GEGEGB_00742	1	persistent	2	0	0
IKCLMC_01830	contig_58	265381	266112	-	LNHIMF_02309	1	persistent	2	0	0
IKCLMC_01831	contig_58	266335	268020	+	LNHIMF_02308	1	persistent	2	0	0
IKCLMC_01832	contig_58	268017	268736	+	LNHIMF_02307	1	persistent	2	0	0
IKCLMC_01833	contig_58	268783	269250	+	LNHIMF_02306	1	persistent	2	0	0
IKCLMC_01834	contig_58	269307	269837	-	GEGEGB_00747	1	persistent	2	0	0
IKCLMC_01835	contig_58	270009	270467	-	GEGEGB_00748	1	persistent	2	0	0
IKCLMC_01836	contig_58	270708	272741	-	LNHIMF_02303	1	persistent	2	0	0
IKCLMC_01837	contig_58	272906	274015	+	LNHIMF_02302	1	persistent	2	1	0
IKCLMC_01838	contig_58	274293	274574	+	GEGEGB_00751	1	persistent	1	1	1
IKCLMC_01839	contig_58	274853	275383	+	GEGEGB_00752	1	shell	2	1	0
IKCLMC_01840	contig_58	275439	276122	+	GEGEGB_00753	1	shell	0	2	0
IKCLMC_01841	contig_58	276136	278625	+	BEJGEH_02184	1	shell	0	2	0
IKCLMC_01842	contig_58	278641	279648	+	GEGEGB_00756	1	shell	1	1	0
IKCLMC_01843	contig_58	279910	280224	-	GEGEGB_00757	1	persistent	1	1	1
IKCLMC_01844	contig_58	280634	281431	+	GEGEGB_00758	1	persistent	2	0	0
IKCLMC_01845	contig_58	281418	282218	+	GEGEGB_00759	1	persistent	2	0	0
IKCLMC_01846	contig_58	282254	283000	+	GEGEGB_00760	1	persistent	2	0	0
IKCLMC_01847	contig_58	282974	283939	-	GEGEGB_00761	1	persistent	2	0	0
IKCLMC_01848	contig_58	283936	284940	-	GEGEGB_00762	1	persistent	2	0	0
IKCLMC_01849	contig_58	284937	286208	-	GEGEGB_00763	1	persistent	2	0	0
IKCLMC_01850	contig_58	286462	287514	+	GEGEGB_00764	1	persistent	2	0	0
IKCLMC_01851	contig_58	287567	288466	-	LNHIMF_02288	1	persistent	3	0	0
IKCLMC_01852	contig_58	289028	289363	+	LNHIMF_02287	1	persistent	2	0	0
IKCLMC_01853	contig_58	289485	289901	+	LNHIMF_02286	1	persistent	3	1	0
IKCLMC_01854	contig_58	289937	290944	-	AJBGEP_02303	1	shell	2	0	0
IKCLMC_01856	contig_58	291435	292796	-	GEGEGB_00769	1	persistent	2	1	1
IKCLMC_01857	contig_58	292960	293577	+	ONMMKP_04705	1	cloud	1	0	2
IKCLMC_01858	contig_58	294233	294652	+	ALJMDI_01894	1	cloud	0	0	6
IKCLMC_01859	contig_58	295223	295666	+	ONMMKP_04707	1	cloud	0	0	3
IKCLMC_01860	contig_58	296104	296343	+	IKCLMC_01860	1	cloud	0	0	2
IKCLMC_01861	contig_58	296539	297471	+	ONMMKP_04709	1	cloud	0	0	3
IKCLMC_01862	contig_58	297519	298250	+	ONMMKP_04710	1	cloud	1	0	5
IKCLMC_01863	contig_58	298378	299100	-	PAPNPA_04258	1	cloud	1	0	1
IKCLMC_01864	contig_58	299102	301213	-	LNHIMF_02283	1	persistent	2	0	2
IKCLMC_01865	contig_58	301224	301940	-	BEJGEH_02156	1	persistent	2	0	0
IKCLMC_01866	contig_58	301940	303142	-	AJBGEP_02298	1	persistent	2	0	1
IKCLMC_01867	contig_58	303411	304133	-	LNHIMF_02280	1	persistent	2	0	1
IKCLMC_01868	contig_58	304130	305533	-	LNHIMF_02279	1	persistent	2	0	0
IKCLMC_01869	contig_58	305533	306945	-	GEGEGB_00787	1	persistent	2	0	0
IKCLMC_01870	contig_58	306942	310022	-	LNHIMF_02277	1	persistent	2	0	0
IKCLMC_01871	contig_58	310023	313145	-	GEGEGB_00789	1	persistent	2	0	0
IKCLMC_01872	contig_58	313145	314386	-	LNHIMF_02275	1	persistent	2	0	0
IKCLMC_01873	contig_58	314491	314688	-	LNHIMF_02274	1	persistent	2	1	0
IKCLMC_01875	contig_58	314669	314728	+	GEGEGB_00793	1	shell	2	0	0
IKCLMC_01876	contig_58	314827	316179	-	LNHIMF_02272	1	persistent	2	1	1
IKCLMC_01877	contig_58	316313	317182	+	GEGEGB_00795	1	persistent	2	0	1
IKCLMC_01878	contig_58	317150	320140	-	LNHIMF_02270	1	persistent	2	0	0
IKCLMC_01879	contig_58	320471	321112	+	GEGEGB_00797	1	persistent	2	0	0
IKCLMC_01880	contig_58	321203	321784	+	GEGEGB_00798	1	persistent	2	0	0
IKCLMC_01881	contig_58	321823	323679	+	LNHIMF_02267	1	persistent	2	0	0
IKCLMC_01882	contig_58	323765	325345	-	GEGEGB_00800	1	persistent	2	0	0
IKCLMC_01883	contig_58	326020	327159	+	LNHIMF_02265	1	persistent	2	0	0
IKCLMC_01884	contig_58	327165	327614	+	LNHIMF_02264	1	persistent	2	0	0
IKCLMC_01885	contig_58	327611	329770	+	LNHIMF_02263	1	persistent	2	0	0
IKCLMC_01886	contig_58	329788	330699	+	GEGEGB_00804	1	persistent	2	0	0
IKCLMC_01887	contig_58	330702	331190	+	GEGEGB_00805	1	persistent	2	0	0
IKCLMC_01888	contig_58	331187	332404	+	GEGEGB_00806	1	persistent	2	0	0
IKCLMC_01889	contig_58	332379	333593	+	LNHIMF_02259	1	persistent	2	0	0
IKCLMC_01890	contig_58	333606	334352	+	GEGEGB_00809	1	persistent	2	0	0
IKCLMC_01891	contig_58	334368	334922	+	GEGEGB_00810	1	persistent	2	0	0
IKCLMC_01892	contig_58	334946	336067	+	LNHIMF_02256	1	persistent	2	0	0
IKCLMC_01893	contig_58	336070	337035	+	LNHIMF_02255	1	persistent	2	0	0
IKCLMC_01894	contig_58	337038	337511	+	LNHIMF_02254	1	persistent	2	0	0
IKCLMC_01895	contig_58	337508	338731	+	GEGEGB_00814	1	persistent	2	0	0
IKCLMC_01896	contig_58	338734	340170	+	GEGEGB_00815	1	persistent	2	0	0
IKCLMC_01897	contig_58	340281	341651	+	HFCAGB_02368	1	persistent	2	0	2
IKCLMC_01898	contig_58	341705	343099	+	LNHIMF_02250	1	persistent	2	0	0
IKCLMC_01899	contig_58	343232	344710	+	LNHIMF_02249	1	persistent	2	0	1
IKCLMC_01900	contig_58	344732	346012	+	LNHIMF_02248	1	persistent	2	0	1
IKCLMC_01901	contig_58	346009	347229	+	LNHIMF_02247	1	persistent	2	0	0
IKCLMC_01902	contig_58	347240	348643	+	LNHIMF_02246	1	persistent	2	0	0
IKCLMC_01903	contig_58	348821	349714	+	GEGEGB_00823	1	persistent	2	0	1
IKCLMC_01904	contig_58	350091	351176	+	GEGEGB_00824	1	persistent	2	0	0
IKCLMC_01905	contig_58	351176	352075	+	LNHIMF_02243	1	persistent	2	0	0
IKCLMC_01906	contig_58	352123	353001	+	LNHIMF_02242	1	persistent	2	0	0
IKCLMC_01907	contig_58	353005	353553	+	GEGEGB_00827	1	persistent	2	0	0
IKCLMC_01908	contig_58	353559	354533	+	AJBGEP_02257	1	persistent	2	0	0
IKCLMC_01909	contig_58	354549	355322	+	GEGEGB_00829	1	persistent	2	0	0
IKCLMC_01910	contig_58	355327	356406	+	LNHIMF_02238	1	persistent	2	0	0
IKCLMC_01911	contig_58	356433	357746	+	LNHIMF_02237	1	persistent	1	1	2
IKCLMC_01912	contig_58	357769	358641	+	IKCLMC_01912	1	cloud	1	0	1
IKCLMC_01913	contig_58	358641	359981	+	PKJKAM_04066	1	cloud	0	0	2
IKCLMC_01914	contig_58	359974	360936	+	PAPNPA_04208	1	cloud	0	0	2
IKCLMC_01915	contig_58	360983	361597	+	PKJKAM_04068	1	cloud	0	0	2
IKCLMC_01916	contig_58	361599	362642	+	PKJKAM_04069	1	cloud	0	0	2
IKCLMC_01917	contig_58	362736	363935	+	PKJKAM_04070	1	cloud	0	0	2
IKCLMC_01918	contig_58	363935	364945	+	PKJKAM_04071	1	cloud	0	0	2
IKCLMC_01919	contig_58	364932	366089	+	PAPNPA_04203	1	cloud	0	0	2
IKCLMC_01920	contig_58	366128	367525	+	PAPNPA_04202	1	cloud	0	0	2
IKCLMC_01921	contig_58	367533	368969	+	PKJKAM_04074	1	cloud	1	0	1
IKCLMC_01922	contig_58	369048	370478	+	LNHIMF_02225	1	persistent	1	1	1
IKCLMC_01923	contig_58	370642	372048	+	LNHIMF_02224	1	persistent	2	0	1
IKCLMC_01924	contig_58	372284	373450	+	LNHIMF_02223	1	persistent	2	0	0
IKCLMC_01925	contig_58	373593	374576	+	GEGEGB_00843	1	persistent	2	0	0
IKCLMC_01926	contig_58	374657	375268	-	LNHIMF_02221	1	persistent	2	0	0
IKCLMC_01927	contig_58	375262	376038	-	GEGEGB_00845	1	persistent	2	0	0
IKCLMC_01928	contig_58	376020	376757	-	GEGEGB_00846	1	persistent	2	0	0
IKCLMC_01929	contig_58	376757	377347	-	GEGEGB_00847	1	persistent	2	0	0
IKCLMC_01930	contig_58	377347	378414	-	LNHIMF_02217	1	persistent	2	0	0
IKCLMC_01931	contig_58	378411	379490	-	LNHIMF_02216	1	persistent	2	0	0
IKCLMC_01932	contig_58	379487	380791	-	LNHIMF_02215	1	persistent	2	0	0
IKCLMC_01933	contig_58	380894	381793	-	GEGEGB_00851	1	persistent	2	0	1
IKCLMC_01934	contig_58	381939	381989	-	LNHIMF_02213	1	persistent	2	0	0
IKCLMC_01935	contig_58	382152	382976	+	GEGEGB_00853	1	persistent	2	0	1
IKCLMC_01936	contig_58	383022	383936	+	GEGEGB_00854	1	persistent	2	0	0
IKCLMC_01938	contig_58	384170	384232	+	GEGEGB_00856	1	persistent	2	0	0
IKCLMC_01939	contig_58	384222	385580	+	GEGEGB_00857	1	persistent	2	0	0
IKCLMC_01940	contig_58	385716	387146	-	GEGEGB_00858	1	persistent	2	0	1
IKCLMC_01941	contig_58	387513	389216	-	HFCAGB_02326	1	persistent	2	0	1
IKCLMC_01943	contig_58	390481	392757	+	LNHIMF_02146	1	persistent	2	0	0
IKCLMC_01944	contig_58	392772	393350	+	GEGEGB_00863	1	persistent	2	0	0
IKCLMC_01945	contig_58	393347	394111	+	GEGEGB_00864	1	persistent	2	0	0
IKCLMC_01946	contig_58	394241	395407	+	LNHIMF_02143	1	persistent	2	0	0
IKCLMC_01947	contig_58	395558	396025	+	GEGEGB_00867	1	persistent	2	0	0
IKCLMC_01948	contig_58	396144	397202	+	LNHIMF_02141	1	persistent	2	0	0
IKCLMC_01949	contig_58	397447	397782	+	GEGEGB_00869	1	persistent	2	0	0
IKCLMC_01950	contig_58	397816	398718	-	LNHIMF_02139	1	persistent	2	0	0
IKCLMC_01951	contig_58	398776	399990	-	LNHIMF_02138	1	persistent	2	0	0
IKCLMC_01952	contig_58	399975	400427	-	LNHIMF_02137	1	persistent	2	0	0
IKCLMC_01953	contig_58	400432	400782	-	GEGEGB_00873	1	persistent	2	0	0
IKCLMC_01954	contig_58	400782	401336	-	LNHIMF_02135	1	persistent	2	0	0
IKCLMC_01955	contig_58	401339	402694	-	BEJGEH_02071	1	persistent	2	0	0
IKCLMC_01956	contig_58	402691	403803	-	GEGEGB_00876	1	persistent	2	0	0
IKCLMC_01957	contig_58	403815	404528	-	LNHIMF_02132	2	persistent	2	0	0
IKCLMC_01958	contig_58	404525	405208	-	LNHIMF_02132	2	persistent	2	0	0
IKCLMC_01959	contig_58	405205	406215	-	GEGEGB_00878	1	persistent	3	0	0
IKCLMC_01960	contig_58	406225	406500	-	LNHIMF_02130	1	persistent	2	0	0
IKCLMC_01961	contig_58	406504	406995	-	LNHIMF_02129	1	persistent	3	0	0
IKCLMC_01962	contig_58	406992	407624	-	LNHIMF_02128	1	persistent	2	0	0
IKCLMC_01963	contig_58	407624	408085	-	GEGEGB_00881	1	persistent	2	0	0
IKCLMC_01964	contig_58	408110	408385	-	GEGEGB_00882	2	persistent	4	0	0
IKCLMC_01965	contig_58	408404	408754	-	GEGEGB_00883	1	persistent	2	0	0
IKCLMC_01966	contig_58	408744	410576	-	LNHIMF_02124	1	persistent	2	0	0
IKCLMC_01967	contig_58	410592	411113	-	LNHIMF_02123	1	persistent	2	0	0
IKCLMC_01968	contig_58	411128	411802	-	LNHIMF_02122	1	persistent	2	0	0
IKCLMC_01969	contig_58	411813	413477	-	GEGEGB_00887	1	persistent	2	0	0
IKCLMC_01970	contig_58	413496	414308	-	GEGEGB_00888	1	persistent	2	0	0
IKCLMC_01971	contig_58	414305	414589	-	GEGEGB_00882	2	persistent	4	0	0
IKCLMC_01972	contig_58	415114	415908	+	LNHIMF_02118	1	persistent	2	0	0
IKCLMC_01974	contig_58	416125	417036	+	LNHIMF_02116	1	persistent	2	0	1
IKCLMC_01975	contig_58	417634	419013	+	LNHIMF_02115	1	persistent	2	0	1
IKCLMC_01976	contig_58	419010	419969	+	LNHIMF_02114	1	persistent	2	0	1
IKCLMC_01977	contig_58	419980	420612	+	LNHIMF_02113	1	persistent	2	0	0
IKCLMC_01978	contig_58	420612	421751	+	LNHIMF_02112	1	persistent	2	0	1
IKCLMC_01979	contig_58	421745	422350	+	GEGEGB_00897	1	persistent	2	0	0
IKCLMC_01980	contig_58	422340	422918	+	LNHIMF_02110	1	persistent	2	0	0
IKCLMC_01981	contig_58	422902	423675	+	GEGEGB_00899	1	persistent	2	0	0
IKCLMC_01982	contig_58	423656	424711	+	GEGEGB_00900	1	persistent	2	0	0
IKCLMC_01983	contig_58	424711	425436	+	GEGEGB_00901	1	persistent	2	0	0
IKCLMC_01984	contig_58	425433	426224	+	LNHIMF_02106	1	persistent	2	0	1
IKCLMC_01985	contig_58	426227	427021	+	BEJGEH_02042	1	persistent	2	0	1
IKCLMC_01986	contig_58	427018	427731	+	GEGEGB_00905	1	persistent	2	0	0
IKCLMC_01987	contig_58	427728	428465	+	LNHIMF_02103	1	persistent	2	0	0
IKCLMC_01988	contig_58	428467	428748	+	LNHIMF_02102	1	persistent	2	0	0
IKCLMC_01989	contig_58	428735	429418	+	GEGEGB_00909	1	persistent	2	0	0
IKCLMC_01990	contig_58	429427	430242	+	LNHIMF_02100	1	persistent	2	0	0
IKCLMC_01991	contig_58	430239	431759	+	GEGEGB_00911	1	persistent	2	0	0
IKCLMC_01992	contig_58	431756	432301	+	LNHIMF_02098	1	persistent	2	0	0
IKCLMC_01993	contig_58	432298	433041	+	LNHIMF_02097	1	persistent	2	0	0
IKCLMC_01994	contig_58	433068	434138	+	LNHIMF_02096	1	persistent	2	0	0
IKCLMC_01995	contig_58	434216	435145	+	LNHIMF_02095	1	persistent	2	0	2
IKCLMC_01996	contig_58	435295	435480	-	IKCLMC_01996	1	cloud	2	0	2
IKCLMC_01997	contig_58	435894	436268	+	BEJGEH_02022	1	cloud	0	0	3
IKCLMC_01998	contig_58	436265	436741	+	ALJMDI_01749	1	cloud	0	0	2
IKCLMC_01999	contig_58	436775	437137	+	BEJGEH_02020	1	cloud	0	0	2
IKCLMC_02000	contig_58	437181	438941	+	IKCLMC_02000	1	cloud	0	0	2
IKCLMC_02001	contig_58	438959	440008	+	IKCLMC_02001	1	cloud	0	0	2
IKCLMC_02002	contig_58	440027	440329	-	ALJMDI_01745	1	cloud	1	0	1
IKCLMC_02004	contig_59	417	1220	+	LNHIMF_00267	1	persistent	3	0	0
IKCLMC_02005	contig_59	1241	2155	-	LNHIMF_00268	1	persistent	2	0	0
IKCLMC_02006	contig_59	2260	3435	+	LNHIMF_00269	1	persistent	2	0	0
IKCLMC_02007	contig_59	3567	4367	+	LNHIMF_00270	1	persistent	2	0	0
IKCLMC_02008	contig_59	4445	5215	+	LNHIMF_00271	1	persistent	2	0	0
IKCLMC_02009	contig_59	5271	6491	-	GEGEGB_02743	1	persistent	2	0	0
IKCLMC_02010	contig_59	6710	7465	-	LNHIMF_00273	1	persistent	2	0	0
IKCLMC_02011	contig_59	7500	8222	+	LNHIMF_00274	1	persistent	2	0	0
IKCLMC_02012	contig_59	8219	8686	-	GEGEGB_02740	1	persistent	2	0	0
IKCLMC_02013	contig_59	8741	9481	+	GEGEGB_02739	1	persistent	2	0	2
IKCLMC_02015	contig_59	10013	11068	-	HFCAGB_00281	1	persistent	1	1	1
IKCLMC_02016	contig_59	11079	12074	-	AJBGEP_00282	1	shell	1	1	0
IKCLMC_02017	contig_59	12071	13954	-	LNHIMF_00280	1	shell	0	2	0
IKCLMC_02018	contig_59	13970	14464	-	GEGEGB_02733	1	shell	0	2	0
IKCLMC_02019	contig_59	14461	15285	-	LNHIMF_00282	1	shell	0	2	0
IKCLMC_02020	contig_59	15272	16174	-	GEGEGB_02731	1	shell	0	3	1
IKCLMC_02021	contig_59	16542	19205	+	IKCLMC_02021	1	shell	0	2	1
IKCLMC_02022	contig_59	19190	19288	+	GEGEGB_02729	1	cloud	0	1	1
IKCLMC_02023	contig_59	19291	19581	+	IKCLMC_02023	1	cloud	0	1	1
IKCLMC_02024	contig_59	19643	20185	+	GEGEGB_02727	1	shell	0	2	1
IKCLMC_02025	contig_59	20209	21717	+	LNHIMF_00288	1	shell	0	2	2
IKCLMC_02026	contig_59	21784	22170	+	IKCLMC_02026	1	cloud	0	2	0
IKCLMC_02027	contig_59	22183	22629	+	HFCAGB_00291	1	shell	0	2	1
IKCLMC_02028	contig_59	22883	23368	+	GEGEGB_02722	2	shell	0	4	1
IKCLMC_02029	contig_59	23480	23542	+	GEGEGB_02721	2	shell	0	3	0
IKCLMC_02030	contig_59	23672	24157	+	AJBGEP_00292	1	shell	0	3	0
IKCLMC_02031	contig_59	24193	24525	+	PAPNPA_01836	1	shell	0	2	0
IKCLMC_02032	contig_59	24668	25153	+	GEGEGB_02722	2	shell	0	4	1
IKCLMC_02033	contig_59	25220	25756	+	GEGEGB_02721	2	shell	0	3	0
IKCLMC_02034	contig_59	25760	27103	+	GEGEGB_02720	1	shell	0	2	0
IKCLMC_02035	contig_59	27100	28404	+	GEGEGB_02719	1	shell	0	2	0
IKCLMC_02036	contig_59	28409	29182	+	HFCAGB_00296	1	shell	0	2	2
IKCLMC_02037	contig_59	29460	29816	+	AJBGEP_00299	1	shell	0	2	1
IKCLMC_02038	contig_59	29850	33719	+	HFCAGB_00298	1	shell	0	2	1
IKCLMC_02039	contig_59	33719	34486	+	HFCAGB_00299	1	shell	0	3	2
IKCLMC_02040	contig_59	34529	34999	+	PAPNPA_01845	1	shell	0	2	0
IKCLMC_02041	contig_59	34984	35445	+	GEGEGB_02712	1	shell	0	2	1
IKCLMC_02042	contig_59	35603	35989	+	GEGEGB_02711	1	shell	0	3	2
IKCLMC_02043	contig_59	36016	36534	+	BENMGJ_03886	1	shell	0	2	0
IKCLMC_02044	contig_59	36931	39120	+	PAPNPA_01857	1	shell	0	2	2
IKCLMC_02045	contig_59	39144	39590	+	GEGEGB_02708	1	shell	0	2	0
IKCLMC_02046	contig_59	39609	43757	+	AJBGEP_00306	2	shell	0	2	7
IKCLMC_02047	contig_59	43751	44293	+	IKCLMC_02047	1	cloud	0	1	1
IKCLMC_02048	contig_59	44641	44859	-	GEGEGB_02705	1	cloud	0	1	3
IKCLMC_02049	contig_59	45091	47202	+	AJBGEP_00306	2	shell	0	2	7
IKCLMC_02050	contig_59	47192	47530	+	IKCLMC_02050	1	cloud	0	1	1
IKCLMC_02051	contig_59	47594	47851	-	PAPNPA_01865	1	cloud	0	0	6
IKCLMC_02053	contig_59	47913	48800	+	IKCLMC_02053	1	cloud	0	0	2
IKCLMC_02054	contig_59	48943	49245	-	LNHIMF_00307	1	cloud	0	2	2
IKCLMC_02055	contig_59	49272	49718	+	LNHIMF_00308	1	shell	0	2	3
IKCLMC_02056	contig_59	50237	50647	+	IKCLMC_02056	1	shell	0	2	1
IKCLMC_02057	contig_59	50700	50975	-	BENMGJ_03891	1	shell	0	2	4
IKCLMC_02059	contig_59	51472	51693	+	AJBGEP_00314	1	shell	0	3	3
IKCLMC_02060	contig_59	52549	52827	+	AJBGEP_00317	1	shell	1	4	4
IKCLMC_02061	contig_59	53567	54061	+	IKCLMC_02061	1	cloud	0	1	1
IKCLMC_02062	contig_59	54194	54691	+	IKCLMC_02062	1	cloud	1	0	1
IKCLMC_02063	contig_59	54768	55505	+	PAPNPA_01873	1	persistent	1	2	3
IKCLMC_02064	contig_59	55529	58039	+	BEJGEH_00308	1	persistent	2	0	0
IKCLMC_02065	contig_59	58061	58531	+	GEGEGB_02695	1	persistent	2	0	0
IKCLMC_02066	contig_59	58939	59760	+	LNHIMF_00320	1	persistent	2	0	1
IKCLMC_02067	contig_59	60576	61523	+	LNHIMF_00321	1	persistent	2	1	4
IKCLMC_02068	contig_59	61862	62581	-	LNHIMF_00332	1	persistent	2	0	3
IKCLMC_02069	contig_59	62912	63319	-	GEGEGB_02682	1	persistent	2	0	0
IKCLMC_02070	contig_59	63690	64457	-	LNHIMF_00334	1	persistent	2	0	0
IKCLMC_02071	contig_59	64566	67010	-	LNHIMF_00335	1	persistent	2	0	0
IKCLMC_02072	contig_59	67250	67828	+	GEGEGB_02679	1	persistent	2	0	0
IKCLMC_02073	contig_59	68041	68808	+	LNHIMF_00337	1	persistent	2	0	0
IKCLMC_02074	contig_59	68779	69519	-	GEGEGB_02677	1	persistent	2	0	0
IKCLMC_02075	contig_59	69769	70824	+	GEGEGB_02676	1	persistent	2	0	0
IKCLMC_02076	contig_59	71043	72182	+	LNHIMF_00340	1	persistent	2	0	0
IKCLMC_02077	contig_59	72179	72793	+	GEGEGB_02674	1	persistent	2	0	0
IKCLMC_02078	contig_59	72949	74406	-	LNHIMF_00342	1	persistent	2	0	0
IKCLMC_02079	contig_59	74655	75113	+	GEGEGB_02672	1	persistent	2	0	0
IKCLMC_02080	contig_59	75202	76446	+	LNHIMF_00344	1	persistent	2	0	0
IKCLMC_02081	contig_59	76504	76905	+	GEGEGB_02670	1	persistent	2	0	0
IKCLMC_02082	contig_59	76956	78008	-	GEGEGB_02669	1	persistent	2	0	0
IKCLMC_02083	contig_59	78291	79394	+	GEGEGB_02668	1	persistent	2	0	0
IKCLMC_02084	contig_59	79406	80656	+	HFCAGB_00340	1	persistent	2	3	3
IKCLMC_02086	contig_59	81110	81973	-	AJBGEP_02929	2	shell	2	6	2
IKCLMC_02087	contig_59	82189	82605	+	AJBGEP_00346	1	shell	0	4	0
IKCLMC_02088	contig_59	82739	83038	+	BEJGEH_00336	1	shell	0	2	1
IKCLMC_02089	contig_59	83386	84618	+	BEJGEH_00337	1	shell	0	2	0
IKCLMC_02090	contig_59	84750	86171	+	BEJGEH_00338	1	shell	0	2	0
IKCLMC_02091	contig_59	86173	86799	+	BEJGEH_00339	1	shell	0	2	1
IKCLMC_02092	contig_59	86814	87692	+	BEJGEH_00340	1	shell	0	2	0
IKCLMC_02093	contig_59	87692	88606	+	BEJGEH_00341	1	shell	0	2	1
IKCLMC_02094	contig_59	88640	89605	+	BEJGEH_00342	1	shell	0	2	0
IKCLMC_02095	contig_59	89550	89822	-	BEJGEH_00343	1	shell	2	1	0
IKCLMC_02096	contig_59	90513	90911	+	BEJGEH_00344	1	persistent	2	2	0
IKCLMC_02097	contig_59	90958	91716	-	GEGEGB_02664	1	persistent	2	1	1
IKCLMC_02098	contig_59	91682	93007	-	BEJGEH_00346	2	persistent	2	1	3
IKCLMC_02099	contig_59	93012	95573	-	LNHIMF_00366	1	persistent	2	0	0
IKCLMC_02100	contig_59	95557	96318	-	BEJGEH_00348	1	persistent	2	0	0
IKCLMC_02101	contig_59	96380	96916	-	GEGEGB_02659	1	persistent	2	0	0
IKCLMC_02102	contig_59	97579	98313	+	LNHIMF_00369	1	persistent	2	0	0
IKCLMC_02103	contig_59	98286	98786	+	LNHIMF_00370	1	persistent	2	0	0
IKCLMC_02104	contig_59	99088	100662	+	LNHIMF_00371	1	persistent	2	0	0
IKCLMC_02105	contig_59	100760	101503	+	LNHIMF_00372	1	persistent	2	0	0
IKCLMC_02106	contig_59	101476	101964	+	LNHIMF_00373	1	persistent	2	0	0
IKCLMC_02107	contig_59	102366	102890	+	GEGEGB_02652	1	persistent	2	0	0
IKCLMC_02108	contig_59	103148	103675	+	LNHIMF_00375	1	persistent	2	0	0
IKCLMC_02109	contig_59	103968	104327	+	LNHIMF_00376	1	persistent	2	0	0
IKCLMC_02110	contig_59	104397	105854	-	BEJGEH_00358	1	persistent	3	0	0
IKCLMC_02111	contig_59	105871	109038	-	LNHIMF_00378	1	persistent	2	0	0
IKCLMC_02112	contig_59	109035	110261	-	BEJGEH_00360	1	persistent	2	0	0
IKCLMC_02113	contig_59	110538	112841	+	HFCAGB_00372	1	persistent	2	0	0
IKCLMC_02114	contig_59	112838	113302	+	LNHIMF_00381	1	persistent	2	0	0
IKCLMC_02115	contig_59	113380	113574	+	GEGEGB_02648	1	persistent	3	0	1
IKCLMC_02116	contig_59	113866	115119	+	LNHIMF_00383	1	persistent	2	0	1
IKCLMC_02117	contig_59	115308	117266	+	GEGEGB_02645	1	persistent	2	0	0
IKCLMC_02118	contig_59	117276	120248	+	BEJGEH_00367	1	persistent	2	0	0
IKCLMC_02119	contig_59	120525	120626	+	GEGEGB_02642	1	persistent	2	0	0
IKCLMC_02120	contig_59	120743	122146	+	LNHIMF_00387	1	persistent	2	0	0
IKCLMC_02121	contig_59	122143	123153	+	LNHIMF_00388	1	persistent	2	0	0
IKCLMC_02122	contig_59	123153	123284	+	GEGEGB_02639	1	persistent	2	0	0
IKCLMC_02123	contig_59	123491	124495	+	GEGEGB_02638	1	persistent	2	0	0
IKCLMC_02124	contig_59	124659	126749	+	LNHIMF_00391	1	persistent	2	0	0
IKCLMC_02125	contig_59	126790	127422	-	LNHIMF_00392	1	persistent	2	0	0
IKCLMC_02126	contig_59	127654	127929	+	GEGEGB_02635	1	persistent	2	0	0
IKCLMC_02127	contig_59	128065	129690	-	LNHIMF_00394	1	persistent	2	0	0
IKCLMC_02128	contig_59	129956	130843	+	GEGEGB_02633	1	persistent	2	0	0
IKCLMC_02129	contig_59	130966	132135	+	GEGEGB_02632	1	persistent	2	0	0
IKCLMC_02130	contig_59	132175	133626	+	LNHIMF_00397	1	persistent	2	0	0
IKCLMC_02131	contig_59	133667	135553	+	LNHIMF_00398	1	persistent	2	0	0
IKCLMC_02132	contig_59	135657	136631	-	GEGEGB_02629	1	persistent	1	1	3
IKCLMC_02133	contig_59	137144	138472	+	AJBGEP_00392	2	shell	2	0	0
IKCLMC_02134	contig_59	138515	140080	+	AJBGEP_00392	2	shell	2	0	0
IKCLMC_02135	contig_59	140166	140789	+	BEJGEH_00383	1	persistent	1	1	3
IKCLMC_02136	contig_59	140834	141991	-	GEGEGB_02626	1	persistent	2	0	0
IKCLMC_02137	contig_59	142338	143558	+	LNHIMF_00403	1	persistent	2	0	0
IKCLMC_02138	contig_59	143573	144667	+	LNHIMF_00404	1	persistent	2	0	0
IKCLMC_02139	contig_59	144705	145013	-	GEGEGB_02623	1	persistent	2	0	0
IKCLMC_02140	contig_59	145281	145496	+	GEGEGB_02622	1	persistent	2	0	0
IKCLMC_02141	contig_59	145522	146634	-	GEGEGB_02621	1	persistent	2	0	0
IKCLMC_02142	contig_59	146724	147407	+	LNHIMF_00408	1	persistent	2	0	0
IKCLMC_02143	contig_59	147576	148787	+	GEGEGB_02619	1	persistent	2	0	0
IKCLMC_02144	contig_59	149084	149344	+	GEGEGB_02618	1	persistent	2	0	0
IKCLMC_02145	contig_59	149693	150013	+	GEGEGB_02617	1	persistent	2	0	0
IKCLMC_02146	contig_59	150105	151217	+	LNHIMF_00412	1	persistent	2	0	0
IKCLMC_02147	contig_59	151232	152041	-	LNHIMF_00413	1	persistent	2	0	0
IKCLMC_02148	contig_59	152181	152636	+	GEGEGB_02614	1	persistent	2	0	0
IKCLMC_02149	contig_59	152821	153366	+	GEGEGB_02613	1	persistent	2	0	0
IKCLMC_02150	contig_59	153393	153584	+	GEGEGB_02612	1	persistent	2	0	0
IKCLMC_02151	contig_59	153835	154512	+	LNHIMF_00417	1	persistent	2	0	0
IKCLMC_02152	contig_59	154583	154867	+	GEGEGB_02609	1	persistent	2	0	0
IKCLMC_02153	contig_59	154905	155816	-	GEGEGB_02608	1	persistent	2	0	0
IKCLMC_02154	contig_59	155942	156850	+	GEGEGB_02607	1	persistent	2	0	0
IKCLMC_02155	contig_59	156870	158042	-	LNHIMF_00421	1	persistent	2	0	0
IKCLMC_02156	contig_59	158215	161355	-	LNHIMF_00422	1	persistent	2	0	0
IKCLMC_02157	contig_59	161352	162554	-	LNHIMF_00423	1	persistent	2	0	0
IKCLMC_02158	contig_59	162769	163458	+	GEGEGB_02602	1	persistent	2	0	0
IKCLMC_02159	contig_59	163528	164823	+	LNHIMF_00425	1	persistent	2	0	0
IKCLMC_02160	contig_59	165232	166551	+	GEGEGB_02600	1	persistent	2	1	0
IKCLMC_02161	contig_59	166626	167996	+	LNHIMF_00427	1	persistent	2	1	0
IKCLMC_02162	contig_59	168158	169975	+	LNHIMF_00428	1	persistent	2	0	0
IKCLMC_02163	contig_59	170047	170649	-	GEGEGB_02595	1	persistent	2	0	0
IKCLMC_02164	contig_59	170859	171440	-	GEGEGB_02594	1	persistent	2	0	0
IKCLMC_02165	contig_59	171534	172598	+	LNHIMF_00431	1	persistent	2	0	0
IKCLMC_02166	contig_59	172795	173922	+	LNHIMF_00432	1	persistent	2	0	0
IKCLMC_02167	contig_59	173945	174277	+	GEGEGB_02591	1	persistent	2	0	0
IKCLMC_02168	contig_59	174338	176152	+	GEGEGB_02590	1	persistent	2	0	0
IKCLMC_02169	contig_59	176163	177134	+	GEGEGB_02589	1	persistent	2	1	0
IKCLMC_02170	contig_59	177282	177647	+	GEGEGB_02588	1	shell	1	1	0
IKCLMC_02171	contig_59	177673	178365	+	GEGEGB_02587	1	shell	1	1	0
IKCLMC_02172	contig_59	178535	178882	+	GEGEGB_02586	2	persistent	2	1	0
IKCLMC_02173	contig_59	179164	179427	+	LNHIMF_00437	2	persistent	2	0	0
IKCLMC_02175	contig_59	179511	180374	-	GEGEGB_02583	1	persistent	2	0	0
IKCLMC_02176	contig_59	180674	181213	-	LNHIMF_00440	1	persistent	2	0	0
IKCLMC_02177	contig_59	181365	181814	+	GEGEGB_02581	1	persistent	2	0	0
IKCLMC_02178	contig_59	181818	182921	+	LNHIMF_00442	1	persistent	2	0	0
IKCLMC_02179	contig_59	183010	183480	+	GEGEGB_02579	1	persistent	2	0	0
IKCLMC_02180	contig_59	183501	183920	+	LNHIMF_00444	1	persistent	2	0	0
IKCLMC_02181	contig_59	183999	184979	+	LNHIMF_00445	1	persistent	2	0	0
IKCLMC_02182	contig_59	184957	185472	+	GEGEGB_02576	1	persistent	2	0	0
IKCLMC_02183	contig_59	185576	186550	-	LNHIMF_00447	1	persistent	2	0	0
IKCLMC_02184	contig_59	186607	188469	-	LNHIMF_00448	1	persistent	2	0	0
IKCLMC_02185	contig_59	188493	189392	-	GEGEGB_02573	1	persistent	2	0	0
IKCLMC_02186	contig_59	189393	189635	-	GEGEGB_02572	1	persistent	2	0	0
IKCLMC_02187	contig_59	189845	191293	+	LNHIMF_00451	1	persistent	2	0	0
IKCLMC_02188	contig_59	191337	192134	-	LNHIMF_00452	1	persistent	2	0	0
IKCLMC_02189	contig_59	192128	192997	-	HFCAGB_00451	1	persistent	2	0	0
IKCLMC_02190	contig_59	193000	194109	-	LNHIMF_00454	1	persistent	2	0	0
IKCLMC_02191	contig_59	194115	195128	-	LNHIMF_00455	1	persistent	2	0	0
IKCLMC_02192	contig_59	195326	196045	-	GEGEGB_02566	1	persistent	2	0	0
IKCLMC_02193	contig_59	196185	197288	+	GEGEGB_02565	1	persistent	2	0	0
IKCLMC_02194	contig_59	197298	198107	+	GEGEGB_02564	1	persistent	2	0	0
IKCLMC_02195	contig_59	198204	198794	-	GEGEGB_02563	1	persistent	2	0	0
IKCLMC_02196	contig_59	198757	199668	-	LNHIMF_00460	1	persistent	2	0	0
IKCLMC_02197	contig_59	199794	200285	+	LNHIMF_00461	1	persistent	2	0	0
IKCLMC_02198	contig_59	200332	201696	-	GEGEGB_02560	1	persistent	3	0	1
IKCLMC_02199	contig_59	202221	203732	+	HFCAGB_00461	1	persistent	1	1	2
IKCLMC_02200	contig_59	203744	205237	+	AJBGEP_00458	1	shell	2	0	0
IKCLMC_02201	contig_59	205319	206209	-	GEGEGB_02554	1	persistent	2	1	1
IKCLMC_02202	contig_59	206221	206550	-	GEGEGB_02553	1	persistent	2	0	0
IKCLMC_02203	contig_59	206550	207164	-	LNHIMF_00465	1	persistent	2	0	0
IKCLMC_02204	contig_59	207154	209145	-	GEGEGB_02551	1	persistent	2	0	0
IKCLMC_02205	contig_59	209156	210112	-	GEGEGB_02550	1	persistent	2	0	0
IKCLMC_02206	contig_59	210565	212046	-	GEGEGB_02549	1	persistent	2	0	0
IKCLMC_02207	contig_59	212084	212716	-	GEGEGB_02548	1	persistent	2	0	0
IKCLMC_02208	contig_59	212969	213283	+	GEGEGB_02547	1	persistent	2	0	0
IKCLMC_02209	contig_59	213630	214928	+	GEGEGB_02546	1	persistent	2	0	0
IKCLMC_02210	contig_59	215175	215798	+	GEGEGB_02545	1	persistent	2	0	0
IKCLMC_02211	contig_59	216050	217321	+	LNHIMF_00473	1	persistent	2	0	0
IKCLMC_02213	contig_59	217507	219861	+	GEGEGB_02542	1	persistent	2	0	0
IKCLMC_02214	contig_59	220070	220342	+	GEGEGB_02541	1	persistent	2	0	0
IKCLMC_02215	contig_59	220633	222504	+	GEGEGB_02540	1	persistent	2	0	0
IKCLMC_02216	contig_59	222654	223028	+	GEGEGB_02539	1	persistent	2	0	0
IKCLMC_02217	contig_59	223132	223530	+	GEGEGB_02538	1	persistent	2	0	0
IKCLMC_02218	contig_59	223636	224331	-	GEGEGB_02537	1	persistent	2	0	0
IKCLMC_02219	contig_59	224396	226096	-	GEGEGB_02536	1	persistent	2	0	0
IKCLMC_02220	contig_59	226197	227015	+	GEGEGB_02535	1	persistent	2	0	1
IKCLMC_02221	contig_59	227064	228119	-	LNHIMF_00483	1	persistent	2	1	0
IKCLMC_02222	contig_59	228232	228690	+	GEGEGB_02530	1	persistent	2	0	0
IKCLMC_02223	contig_59	228731	230503	+	GEGEGB_02529	1	persistent	2	0	0
IKCLMC_02224	contig_59	230496	232277	+	LNHIMF_00486	1	persistent	2	0	0
IKCLMC_02225	contig_59	232490	232828	+	GEGEGB_02527	1	persistent	2	0	0
IKCLMC_02226	contig_59	232860	234146	+	GEGEGB_02526	1	persistent	2	0	0
IKCLMC_02227	contig_59	234246	235106	-	GEGEGB_02525	1	persistent	2	0	0
IKCLMC_02228	contig_59	235321	235890	+	GEGEGB_02524	1	persistent	2	0	0
IKCLMC_02229	contig_59	235923	236234	-	GEGEGB_02523	1	persistent	2	0	0
IKCLMC_02231	contig_59	236543	238093	-	BEJGEH_00477	1	persistent	2	0	0
IKCLMC_02232	contig_59	238318	238578	+	GEGEGB_02520	1	persistent	2	0	1
IKCLMC_02233	contig_59	238584	238724	+	LNHIMF_00495	1	cloud	2	0	0
IKCLMC_02234	contig_59	238780	239250	-	GEGEGB_02519	1	persistent	2	0	1
IKCLMC_02235	contig_59	239367	239918	-	GEGEGB_02518	1	persistent	2	0	0
IKCLMC_02236	contig_59	240097	240315	-	GEGEGB_02517	1	persistent	2	0	0
IKCLMC_02237	contig_59	240343	240717	-	GEGEGB_02516	1	persistent	2	0	0
IKCLMC_02238	contig_59	241213	244362	-	LNHIMF_03443	2	persistent	4	0	0
IKCLMC_02239	contig_59	244385	245578	-	GEGEGB_02514	1	persistent	2	0	0
IKCLMC_02240	contig_59	245720	246373	+	GEGEGB_02513	1	persistent	2	0	0
IKCLMC_02241	contig_59	246492	249854	+	LNHIMF_00503	1	persistent	2	0	0
IKCLMC_02242	contig_59	249896	250831	-	LNHIMF_00504	1	persistent	2	0	0
IKCLMC_02243	contig_59	250901	251068	-	GEGEGB_02510	1	persistent	2	0	0
IKCLMC_02244	contig_59	251082	251597	-	BEJGEH_00490	1	persistent	2	0	1
IKCLMC_02245	contig_59	251678	252055	+	GEGEGB_02508	1	persistent	2	0	0
IKCLMC_02246	contig_59	252208	252759	+	LNHIMF_00508	1	persistent	2	0	1
IKCLMC_02247	contig_59	252873	254801	+	GEGEGB_02506	1	persistent	2	0	0
IKCLMC_02248	contig_59	254847	255176	+	GEGEGB_02505	1	persistent	2	0	0
IKCLMC_02249	contig_59	255176	255781	+	GEGEGB_02504	1	persistent	2	0	0
IKCLMC_02250	contig_59	255892	257766	+	GEGEGB_02503	1	persistent	2	0	0
IKCLMC_02251	contig_59	258124	258768	+	GEGEGB_02502	1	persistent	2	0	0
IKCLMC_02252	contig_59	258997	259959	+	LNHIMF_00514	1	persistent	2	0	0
IKCLMC_02253	contig_59	259956	260927	-	LNHIMF_00515	1	persistent	2	0	1
IKCLMC_02254	contig_59	261035	262384	+	GEGEGB_02499	1	persistent	2	0	1
IKCLMC_02255	contig_59	262433	264109	-	GEGEGB_02498	1	persistent	2	1	0
IKCLMC_02256	contig_59	264187	264312	+	LNHIMF_00518	1	shell	2	0	0
IKCLMC_02257	contig_59	264324	265544	-	GEGEGB_02496	1	persistent	2	1	0
IKCLMC_02258	contig_59	265717	267369	+	BEJGEH_00506	1	persistent	2	0	0
IKCLMC_02259	contig_59	267486	267965	-	LNHIMF_00521	1	persistent	2	0	0
IKCLMC_02261	contig_59	268167	268961	-	BEJGEH_00509	1	persistent	3	0	0
IKCLMC_02262	contig_59	269047	269874	-	BEJGEH_00510	1	persistent	2	0	0
IKCLMC_02263	contig_59	270027	272528	-	LNHIMF_00525	1	persistent	3	0	0
IKCLMC_02264	contig_59	272638	273054	+	LNHIMF_00526	1	persistent	2	0	0
IKCLMC_02265	contig_59	273055	273507	-	GEGEGB_02487	1	persistent	2	0	0
IKCLMC_02266	contig_59	273504	274421	-	LNHIMF_00528	1	persistent	2	0	0
IKCLMC_02267	contig_59	274567	275244	+	LNHIMF_00529	1	persistent	2	0	0
IKCLMC_02268	contig_59	275231	276010	+	LNHIMF_00530	1	persistent	2	0	0
IKCLMC_02269	contig_59	276096	276950	-	GEGEGB_02483	1	persistent	2	0	0
IKCLMC_02270	contig_59	277010	277780	-	GEGEGB_02482	1	persistent	2	0	0
IKCLMC_02271	contig_59	277935	278519	-	GEGEGB_02481	1	persistent	2	0	0
IKCLMC_02272	contig_59	278520	279206	+	GEGEGB_02480	1	persistent	2	0	0
IKCLMC_02273	contig_59	279203	281617	+	LNHIMF_00535	1	persistent	2	0	0
IKCLMC_02274	contig_59	281614	281718	+	LNHIMF_00536	1	persistent	2	0	0
IKCLMC_02275	contig_59	281803	282936	+	GEGEGB_02477	1	persistent	2	0	0
IKCLMC_02276	contig_59	283193	284023	+	LNHIMF_00538	1	persistent	2	0	0
IKCLMC_02277	contig_59	284060	285076	+	LNHIMF_00539	1	persistent	2	0	0
IKCLMC_02278	contig_59	285069	285728	+	GEGEGB_02474	1	persistent	2	0	0
IKCLMC_02279	contig_59	285767	286861	-	BEJGEH_00527	1	persistent	3	0	0
IKCLMC_02280	contig_59	286931	287857	-	BEJGEH_00528	1	persistent	2	0	0
IKCLMC_02281	contig_59	288084	288566	+	BEJGEH_00529	1	persistent	2	0	0
IKCLMC_02282	contig_59	288645	289463	+	BEJGEH_00530	1	persistent	2	0	0
IKCLMC_02283	contig_59	289548	291329	+	BEJGEH_00531	1	persistent	2	0	0
IKCLMC_02284	contig_59	291342	292118	+	BEJGEH_00532	1	persistent	2	0	0
IKCLMC_02285	contig_59	292219	293097	+	BEJGEH_00533	1	persistent	2	0	0
IKCLMC_02286	contig_59	293163	294410	+	BEJGEH_00534	1	persistent	2	0	0
IKCLMC_02287	contig_59	294506	295960	+	HFCAGB_00549	1	persistent	2	0	0
IKCLMC_02288	contig_59	296039	297400	+	GEGEGB_02462	1	persistent	2	0	0
IKCLMC_02289	contig_59	297459	298757	+	GEGEGB_02461	1	persistent	2	0	0
IKCLMC_02290	contig_59	298780	299928	+	BEJGEH_00538	1	persistent	2	0	0
IKCLMC_02292	contig_59	300008	300793	-	GEGEGB_02458	1	persistent	2	0	0
IKCLMC_02293	contig_59	300804	302039	-	BEJGEH_00541	1	persistent	2	0	0
IKCLMC_02294	contig_59	302061	303110	-	BEJGEH_00542	1	persistent	2	0	0
IKCLMC_02295	contig_59	303426	305090	+	HFCAGB_00557	1	persistent	2	0	0
IKCLMC_02296	contig_59	305100	306359	+	BEJGEH_00544	1	persistent	2	0	0
IKCLMC_02297	contig_59	306371	307180	+	HFCAGB_00559	1	persistent	2	0	0
IKCLMC_02298	contig_59	307184	308077	+	GEGEGB_02452	1	persistent	2	0	0
IKCLMC_02299	contig_59	308118	309185	-	GEGEGB_02451	1	persistent	3	0	0
IKCLMC_02300	contig_59	309182	309691	-	LNHIMF_00543	1	persistent	2	0	0
IKCLMC_02301	contig_59	309809	310531	-	LNHIMF_00544	1	persistent	2	0	0
IKCLMC_02302	contig_59	310534	311028	-	GEGEGB_02448	1	persistent	2	0	0
IKCLMC_02303	contig_59	311201	312586	+	GEGEGB_02447	1	persistent	3	0	0
IKCLMC_02304	contig_59	312630	313454	-	BEJGEH_00552	1	persistent	2	0	0
IKCLMC_02305	contig_59	313451	313888	-	BEJGEH_00553	1	persistent	2	0	0
IKCLMC_02306	contig_59	313881	314426	-	LNHIMF_00549	1	persistent	3	0	0
IKCLMC_02307	contig_59	314553	314765	-	GEGEGB_02445	1	persistent	2	0	0
IKCLMC_02308	contig_59	314767	315633	-	LNHIMF_00551	1	persistent	2	0	0
IKCLMC_02309	contig_59	316180	316698	+	LNHIMF_00552	1	persistent	2	0	0
IKCLMC_02310	contig_59	316807	317340	+	GEGEGB_02442	1	persistent	2	0	0
IKCLMC_02311	contig_59	317384	318076	+	LNHIMF_00554	1	persistent	2	0	0
IKCLMC_02312	contig_59	318179	320719	+	LNHIMF_00555	1	persistent	2	0	0
IKCLMC_02313	contig_59	320734	321741	+	LNHIMF_00556	1	persistent	2	0	0
IKCLMC_02314	contig_59	321751	322269	+	BEJGEH_00562	1	persistent	2	0	0
IKCLMC_02315	contig_59	322315	322947	-	LNHIMF_00558	1	persistent	2	0	0
IKCLMC_02316	contig_59	323551	324273	-	LNHIMF_00559	1	persistent	2	1	0
IKCLMC_02317	contig_59	324292	324600	-	AJBGEP_00574	1	shell	2	0	0
IKCLMC_02318	contig_59	324765	325361	-	GEGEGB_02434	1	persistent	2	3	2
IKCLMC_02320	contig_59	325708	326871	-	PKJKAM_03184	1	cloud	1	0	4
IKCLMC_02321	contig_59	327314	327580	-	IKCLMC_02321	1	cloud	0	0	2
IKCLMC_02322	contig_59	327711	327896	-	IKCLMC_02322	1	cloud	0	0	2
IKCLMC_02323	contig_59	327896	328603	-	IKCLMC_02323	1	cloud	0	0	2
IKCLMC_02324	contig_59	328607	328822	-	IKCLMC_02324	1	cloud	0	0	2
IKCLMC_02325	contig_59	328822	329385	-	IKCLMC_02325	1	cloud	0	0	2
IKCLMC_02326	contig_59	329382	329741	-	IKCLMC_02326	1	cloud	0	0	2
IKCLMC_02327	contig_59	329716	329853	-	ONMMKP_00795	1	cloud	0	0	6
IKCLMC_02328	contig_59	329850	330236	-	IKCLMC_02328	1	cloud	0	0	2
IKCLMC_02329	contig_59	330233	330403	-	HFCAGB_00591	1	cloud	0	0	7
IKCLMC_02330	contig_59	330734	331303	-	IKCLMC_02330	1	cloud	0	0	2
IKCLMC_02331	contig_59	331303	332124	-	IKCLMC_02331	1	cloud	0	0	2
IKCLMC_02332	contig_59	332121	332429	-	PKJKAM_03173	1	cloud	0	0	3
IKCLMC_02333	contig_59	332410	332517	-	PKJKAM_03172	1	cloud	0	0	2
IKCLMC_02334	contig_59	332514	332666	-	PKJKAM_03171	1	cloud	0	0	2
IKCLMC_02335	contig_59	332651	332815	-	PKJKAM_03170	1	cloud	0	0	2
IKCLMC_02336	contig_59	332996	333979	-	IKCLMC_02336	1	cloud	0	0	3
IKCLMC_02337	contig_59	334172	334759	+	BENMGJ_03939	1	cloud	0	0	3
IKCLMC_02338	contig_59	334772	335074	-	IKCLMC_02338	1	cloud	0	0	5
IKCLMC_02339	contig_59	335453	335656	+	ONMMKP_00781	1	cloud	0	0	3
IKCLMC_02340	contig_59	335802	336845	-	ONMMKP_00780	1	cloud	0	0	2
IKCLMC_02341	contig_59	337045	337680	-	HFCAGB_00605	1	cloud	0	0	5
IKCLMC_02342	contig_59	337845	338060	+	IKCLMC_02342	1	cloud	0	0	2
IKCLMC_02343	contig_59	338171	338452	+	LNHIMF_00582	1	cloud	0	0	4
IKCLMC_02344	contig_59	338487	338633	+	HFCAGB_00607	1	cloud	0	0	4
IKCLMC_02345	contig_59	338626	339441	+	IKCLMC_02345	1	cloud	0	0	2
IKCLMC_02346	contig_59	339438	340814	+	PKJKAM_03161	1	cloud	0	0	4
IKCLMC_02347	contig_59	340811	340894	+	HFCAGB_00610	1	cloud	0	0	5
IKCLMC_02348	contig_59	340887	341093	+	IKCLMC_02348	1	cloud	0	0	2
IKCLMC_02349	contig_59	341101	341511	+	IKCLMC_02349	1	cloud	0	0	2
IKCLMC_02350	contig_59	341687	342028	+	IKCLMC_02350	1	cloud	0	0	2
IKCLMC_02351	contig_59	342021	342197	+	BENMGJ_03950	1	cloud	0	0	5
IKCLMC_02352	contig_59	342190	342801	+	ONMMKP_00770	1	cloud	0	1	1
IKCLMC_02353	contig_59	342798	343022	+	BENMGJ_03952	1	shell	0	1	1
IKCLMC_02354	contig_59	343019	343222	+	LNHIMF_00592	1	shell	0	2	2
IKCLMC_02355	contig_59	343203	343382	+	LNHIMF_00593	1	shell	0	1	3
IKCLMC_02356	contig_59	343379	344143	+	PKJKAM_03149	1	cloud	0	1	2
IKCLMC_02357	contig_59	344479	344997	+	IKCLMC_02357	1	cloud	0	0	2
IKCLMC_02358	contig_59	345222	345548	+	HFCAGB_00618	1	cloud	0	0	4
IKCLMC_02359	contig_59	345532	345969	+	PKJKAM_03147	1	cloud	0	0	4
IKCLMC_02360	contig_59	345966	346343	+	IKCLMC_02360	1	cloud	0	0	2
IKCLMC_02361	contig_59	346606	346824	+	IKCLMC_02361	1	cloud	0	0	2
IKCLMC_02362	contig_59	346828	347430	+	IKCLMC_02362	1	cloud	0	0	2
IKCLMC_02363	contig_59	347430	348902	+	IKCLMC_02363	1	cloud	0	0	2
IKCLMC_02364	contig_59	348915	350384	+	IKCLMC_02364	1	cloud	0	0	2
IKCLMC_02365	contig_59	350416	351315	+	IKCLMC_02365	1	cloud	0	0	2
IKCLMC_02366	contig_59	351356	351865	+	IKCLMC_02366	1	cloud	0	0	2
IKCLMC_02367	contig_59	351935	353320	+	IKCLMC_02367	2	cloud	0	0	2
IKCLMC_02368	contig_59	353325	353753	+	IKCLMC_02368	2	cloud	0	0	2
IKCLMC_02369	contig_59	353765	354859	+	IKCLMC_02369	1	cloud	0	0	2
IKCLMC_02370	contig_59	354870	355097	+	IKCLMC_02370	1	cloud	0	0	2
IKCLMC_02371	contig_59	355100	355480	+	IKCLMC_02371	1	cloud	0	0	2
IKCLMC_02372	contig_59	355480	355755	+	IKCLMC_02372	1	cloud	0	0	2
IKCLMC_02373	contig_59	355752	355922	+	IKCLMC_02373	1	cloud	0	0	2
IKCLMC_02374	contig_59	355926	356282	+	IKCLMC_02374	1	cloud	0	0	2
IKCLMC_02375	contig_59	356284	356709	+	IKCLMC_02375	1	cloud	0	0	2
IKCLMC_02376	contig_59	356706	357089	+	IKCLMC_02376	1	cloud	0	0	2
IKCLMC_02377	contig_59	357161	357919	+	IKCLMC_02377	1	cloud	0	0	2
IKCLMC_02378	contig_59	357978	358667	+	IKCLMC_02378	1	cloud	0	0	2
IKCLMC_02379	contig_59	358667	361180	+	IKCLMC_02379	1	cloud	0	0	2
IKCLMC_02380	contig_59	361183	361686	+	IKCLMC_02380	1	cloud	0	0	2
IKCLMC_02381	contig_59	361686	362156	+	IKCLMC_02381	1	cloud	0	0	2
IKCLMC_02382	contig_59	362528	365020	+	IKCLMC_02382	1	cloud	0	0	2
IKCLMC_02383	contig_59	365078	366967	+	PKJKAM_03129	1	cloud	0	0	3
IKCLMC_02385	contig_59	368307	370118	-	PKJKAM_03127	1	cloud	1	0	1
IKCLMC_02386	contig_59	370115	371035	-	BEJGEH_04267	2	persistent	1	3	6
IKCLMC_02387	contig_59	371032	371394	-	GEGEGB_02428	1	persistent	3	3	2
IKCLMC_02389	contig_59	372262	372591	-	HFCAGB_00655	1	shell	2	0	1
IKCLMC_02390	contig_59	372882	373736	-	BEJGEH_00577	1	persistent	1	1	2
IKCLMC_02391	contig_59	373952	375277	+	LNHIMF_00716	1	persistent	2	0	0
IKCLMC_02392	contig_59	375434	375670	+	GEGEGB_02422	1	persistent	2	0	0
IKCLMC_02393	contig_59	375683	376243	+	GEGEGB_02421	1	persistent	2	0	0
IKCLMC_02394	contig_59	376322	377497	-	LNHIMF_00719	1	persistent	2	0	0
IKCLMC_02395	contig_59	377823	379217	+	LNHIMF_00720	1	persistent	2	0	0
IKCLMC_02396	contig_59	379259	380506	-	GEGEGB_02417	1	persistent	2	0	1
IKCLMC_02397	contig_59	380817	382787	+	AJBGEP_00592	1	persistent	3	1	1
IKCLMC_02398	contig_59	383054	383707	-	GEGEGB_02415	1	persistent	2	1	0
IKCLMC_02399	contig_59	383804	384172	-	BEJGEH_00586	1	persistent	2	0	0
IKCLMC_02400	contig_59	384172	384753	-	BEJGEH_00587	1	persistent	2	0	0
IKCLMC_02402	contig_59	385042	385383	+	LNHIMF_00724	1	persistent	3	0	0
IKCLMC_02403	contig_59	385389	385637	-	GEGEGB_02410	1	persistent	2	0	0
IKCLMC_02404	contig_59	385704	386822	-	LNHIMF_00726	1	persistent	2	0	0
IKCLMC_02405	contig_59	386834	387538	-	BENMGJ_04249	1	persistent	2	0	0
IKCLMC_02406	contig_59	387584	389839	-	LNHIMF_00728	1	persistent	2	0	0
IKCLMC_02407	contig_59	390028	391242	+	BEJGEH_00594	1	persistent	2	0	0
IKCLMC_02408	contig_59	391273	391491	+	LNHIMF_00730	1	persistent	2	0	0
IKCLMC_02409	contig_59	391488	395372	+	LNHIMF_00731	1	persistent	2	0	0
IKCLMC_02410	contig_59	395622	396758	+	HFCAGB_00677	1	persistent	2	0	0
IKCLMC_02411	contig_59	396810	397604	-	GEGEGB_02401	1	persistent	2	0	0
IKCLMC_02412	contig_59	397601	398590	-	GEGEGB_02400	1	persistent	2	0	0
IKCLMC_02413	contig_59	398590	399597	-	GEGEGB_02399	1	persistent	2	0	0
IKCLMC_02414	contig_59	399708	400952	+	GEGEGB_02398	1	persistent	2	0	0
IKCLMC_02415	contig_59	401015	401971	-	LNHIMF_00737	1	persistent	2	0	0
IKCLMC_02416	contig_59	402280	403455	+	GEGEGB_02396	1	persistent	2	0	0
IKCLMC_02417	contig_59	403465	405075	+	LNHIMF_00739	1	persistent	2	0	0
IKCLMC_02418	contig_59	405089	405946	+	GEGEGB_02394	1	persistent	2	0	0
IKCLMC_02419	contig_59	405946	406701	+	HFCAGB_00686	1	persistent	2	0	0
IKCLMC_02420	contig_59	406704	407117	+	GEGEGB_02392	1	persistent	2	0	0
IKCLMC_02421	contig_59	407299	409404	+	LNHIMF_00743	1	persistent	2	0	0
IKCLMC_02422	contig_59	409468	409665	+	GEGEGB_02390	1	persistent	2	0	0
IKCLMC_02423	contig_59	409701	410789	-	LNHIMF_00745	1	persistent	2	0	0
IKCLMC_02424	contig_59	410916	412076	+	LNHIMF_00746	1	persistent	2	0	0
IKCLMC_02425	contig_59	412077	412694	-	BEJGEH_00612	1	persistent	2	0	0
IKCLMC_02426	contig_59	412667	413902	-	LNHIMF_00748	1	persistent	2	0	0
IKCLMC_02427	contig_59	414068	414970	-	LNHIMF_00749	1	persistent	2	0	0
IKCLMC_02428	contig_59	415287	416033	-	LNHIMF_00750	1	persistent	2	0	0
IKCLMC_02430	contig_59	416474	417037	+	GEGEGB_02382	1	persistent	2	0	0
IKCLMC_02431	contig_59	417279	418844	+	LNHIMF_00753	1	persistent	2	1	0
IKCLMC_02432	contig_59	419177	419737	+	BEJGEH_00619	1	persistent	2	1	0
IKCLMC_02433	contig_59	419730	422009	+	LNHIMF_00755	1	persistent	2	0	1
IKCLMC_02434	contig_59	422006	422563	+	LNHIMF_00756	1	persistent	2	0	0
IKCLMC_02435	contig_59	422563	423330	+	GEGEGB_02375	1	persistent	2	0	1
IKCLMC_02436	contig_59	423398	423826	-	GEGEGB_02374	1	persistent	2	0	0
IKCLMC_02437	contig_59	424049	425287	+	LNHIMF_00759	1	persistent	2	0	0
IKCLMC_02438	contig_59	425370	425780	-	GEGEGB_02372	1	persistent	2	0	0
IKCLMC_02439	contig_59	426015	426821	-	LNHIMF_00761	1	persistent	2	0	0
IKCLMC_02440	contig_59	426931	428394	-	LNHIMF_00762	1	persistent	2	0	0
IKCLMC_02441	contig_59	428432	429328	-	GEGEGB_02369	1	persistent	2	0	0
IKCLMC_02442	contig_59	429300	429851	-	BEJGEH_00629	1	persistent	2	0	0
IKCLMC_02443	contig_59	429855	431384	-	LNHIMF_00765	1	persistent	2	0	0
IKCLMC_02444	contig_59	431394	432302	-	LNHIMF_00766	1	persistent	2	0	0
IKCLMC_02445	contig_59	432299	432595	-	GEGEGB_02365	1	persistent	2	0	0
IKCLMC_02446	contig_59	432592	433668	-	LNHIMF_00768	1	persistent	2	0	1
IKCLMC_02447	contig_59	434053	435714	+	GEGEGB_02363	1	persistent	2	0	2
IKCLMC_02448	contig_59	435683	436363	+	GEGEGB_02362	1	persistent	2	0	0
IKCLMC_02449	contig_59	436417	437802	-	GEGEGB_02361	1	persistent	2	0	1
IKCLMC_02450	contig_59	438181	438753	+	LNHIMF_00773	1	persistent	2	0	0
IKCLMC_02451	contig_59	438941	439150	+	GEGEGB_01108	2	persistent	4	0	0
IKCLMC_02452	contig_59	439208	439591	-	GEGEGB_02358	1	persistent	2	0	0
IKCLMC_02453	contig_59	439682	440470	+	HFCAGB_00724	1	persistent	2	0	0
IKCLMC_02454	contig_59	440599	440802	+	GEGEGB_02356	1	persistent	2	0	0
IKCLMC_02455	contig_59	440888	441853	-	GEGEGB_02355	1	persistent	2	0	0
IKCLMC_02456	contig_59	442059	443012	-	GEGEGB_02354	1	persistent	2	0	0
IKCLMC_02457	contig_59	443314	443955	-	GEGEGB_02353	1	persistent	2	0	0
IKCLMC_02458	contig_59	444055	444318	-	GEGEGB_02352	1	persistent	2	0	0
IKCLMC_02459	contig_59	444426	445637	-	LNHIMF_00782	1	persistent	2	0	0
IKCLMC_02460	contig_59	445777	446910	-	AJBGEP_00662	1	persistent	2	0	0
IKCLMC_02461	contig_59	446921	448033	-	GEGEGB_02349	1	persistent	2	0	0
IKCLMC_02462	contig_59	448036	449937	-	LNHIMF_00785	1	persistent	2	0	0
IKCLMC_02463	contig_59	449968	450435	-	GEGEGB_02347	1	persistent	2	0	0
IKCLMC_02464	contig_59	450439	450756	-	GEGEGB_02346	1	persistent	2	0	0
IKCLMC_02465	contig_59	451085	451693	-	GEGEGB_02345	1	persistent	2	0	0
IKCLMC_02466	contig_59	451790	452884	+	LNHIMF_00789	1	persistent	2	0	0
IKCLMC_02467	contig_59	452859	453509	-	LNHIMF_00790	1	persistent	2	0	0
IKCLMC_02468	contig_59	453502	454533	-	GEGEGB_02342	1	persistent	2	0	0
IKCLMC_02469	contig_59	454533	455123	-	GEGEGB_02341	1	persistent	2	0	0
IKCLMC_02470	contig_59	455138	457720	-	LNHIMF_00793	1	persistent	2	0	0
IKCLMC_02471	contig_59	458008	458298	+	GEGEGB_02339	1	persistent	2	0	0
IKCLMC_02472	contig_59	458237	459487	+	BEJGEH_00660	1	persistent	2	0	0
IKCLMC_02473	contig_59	459537	460490	+	LNHIMF_00796	1	persistent	2	0	0
IKCLMC_02474	contig_59	460558	462486	+	LNHIMF_00797	1	persistent	2	0	0
IKCLMC_02475	contig_59	462579	463052	+	GEGEGB_02335	1	persistent	3	1	1
IKCLMC_02476	contig_59	463091	464086	-	HFCAGB_00748	1	shell	1	1	0
IKCLMC_02477	contig_59	464211	464918	+	HFCAGB_00749	1	shell	0	2	1
IKCLMC_02478	contig_59	464915	466348	+	HFCAGB_00750	1	shell	0	2	0
IKCLMC_02479	contig_59	466360	467055	+	BEJGEH_00667	1	shell	0	2	0
IKCLMC_02480	contig_59	467052	468515	+	AJBGEP_00682	1	shell	0	2	0
IKCLMC_02481	contig_59	468537	470216	-	BEJGEH_00669	1	shell	2	1	0
IKCLMC_02482	contig_59	470292	471530	-	BEJGEH_00670	1	persistent	2	1	0
IKCLMC_02483	contig_59	471562	472497	-	GEGEGB_02333	1	persistent	3	0	0
IKCLMC_02484	contig_59	472614	473339	-	GEGEGB_02332	1	persistent	2	0	0
IKCLMC_02485	contig_59	473339	474013	-	GEGEGB_02331	1	persistent	2	0	0
IKCLMC_02486	contig_59	474013	474753	-	GEGEGB_02330	1	persistent	2	0	0
IKCLMC_02488	contig_59	474913	475821	-	LNHIMF_00804	1	persistent	2	0	0
IKCLMC_02489	contig_59	476176	477765	-	LNHIMF_00805	1	persistent	2	0	0
IKCLMC_02490	contig_59	477734	478612	-	GEGEGB_02326	1	persistent	2	0	0
IKCLMC_02491	contig_59	478770	479243	-	GEGEGB_02325	1	persistent	2	0	0
IKCLMC_02492	contig_59	479240	480286	-	GEGEGB_02324	1	persistent	2	0	0
IKCLMC_02493	contig_59	480491	481915	-	GEGEGB_02323	1	persistent	2	0	0
IKCLMC_02494	contig_59	482059	483234	+	GEGEGB_02322	1	persistent	2	2	0
IKCLMC_02495	contig_59	483301	483825	-	AJBGEP_00697	1	shell	2	1	0
IKCLMC_02498	contig_60	121	825	+	GEGEGB_03835	1	persistent	3	0	0
IKCLMC_02499	contig_60	837	2264	+	LNHIMF_03938	1	persistent	2	0	0
IKCLMC_02500	contig_60	2230	3219	-	GEGEGB_03838	1	persistent	2	0	0
IKCLMC_02501	contig_60	3232	4161	-	LNHIMF_03936	1	persistent	2	0	0
IKCLMC_02502	contig_60	4294	5184	-	GEGEGB_03840	1	persistent	2	0	0
IKCLMC_02503	contig_60	5209	6174	-	GEGEGB_03841	1	persistent	2	0	0
IKCLMC_02504	contig_60	6180	7685	-	HFCAGB_04133	1	persistent	2	0	0
IKCLMC_02505	contig_60	7693	8112	-	LNHIMF_03932	1	persistent	2	0	0
IKCLMC_02506	contig_60	8330	10198	-	LNHIMF_03931	1	persistent	2	0	0
IKCLMC_02507	contig_60	10546	12042	+	LNHIMF_03930	1	persistent	2	0	0
IKCLMC_02508	contig_60	12036	13487	+	LNHIMF_03929	1	persistent	2	0	0
IKCLMC_02509	contig_60	13492	14484	-	LNHIMF_03928	1	persistent	2	0	0
IKCLMC_02510	contig_60	14635	15093	+	GEGEGB_03848	1	persistent	2	0	0
IKCLMC_02511	contig_60	15183	15626	+	GEGEGB_03849	1	persistent	2	0	0
IKCLMC_02512	contig_60	16005	17894	+	LNHIMF_03925	1	persistent	2	0	0
IKCLMC_02513	contig_60	17997	18620	+	GEGEGB_03851	1	persistent	2	0	0
IKCLMC_02514	contig_60	19236	19616	+	LNHIMF_03923	1	persistent	2	0	1
IKCLMC_02515	contig_60	19625	20440	+	GEGEGB_03853	1	persistent	2	0	0
IKCLMC_02516	contig_60	20487	20726	+	GEGEGB_03854	1	persistent	2	0	0
IKCLMC_02517	contig_60	20786	21256	+	GEGEGB_03855	1	persistent	2	0	0
IKCLMC_02518	contig_60	21271	21804	+	GEGEGB_03856	1	persistent	2	0	1
IKCLMC_02519	contig_60	21817	23358	+	GEGEGB_03857	1	persistent	2	0	0
IKCLMC_02520	contig_60	23409	24272	+	LNHIMF_03917	1	persistent	2	0	2
IKCLMC_02521	contig_60	24299	25681	+	GEGEGB_03859	1	persistent	2	0	0
IKCLMC_02522	contig_60	25702	26121	+	GEGEGB_03860	1	persistent	2	0	0
IKCLMC_02523	contig_60	26351	27049	+	LNHIMF_03914	1	persistent	2	0	0
IKCLMC_02525	contig_60	27369	28739	+	GEGEGB_03863	1	persistent	2	0	0
IKCLMC_02526	contig_60	28928	30757	+	LNHIMF_03911	1	persistent	2	0	1
IKCLMC_02527	contig_60	30908	32698	-	GEGEGB_03870	1	persistent	2	0	1
IKCLMC_02528	contig_60	32760	33578	+	GEGEGB_03871	1	persistent	2	0	0
IKCLMC_02529	contig_60	33627	35000	+	LNHIMF_03908	1	persistent	2	0	1
IKCLMC_02530	contig_60	35166	36206	+	LNHIMF_03907	1	persistent	2	0	1
IKCLMC_02531	contig_60	36342	37301	+	GEGEGB_03874	1	persistent	2	0	0
IKCLMC_02532	contig_60	37301	38191	+	LNHIMF_03905	1	persistent	2	0	0
IKCLMC_02533	contig_60	38278	39051	+	GEGEGB_03876	1	persistent	2	0	0
IKCLMC_02534	contig_60	39066	39791	+	GEGEGB_03877	1	persistent	2	0	0
IKCLMC_02535	contig_60	39886	40551	-	LNHIMF_03902	1	persistent	2	0	1
IKCLMC_02536	contig_60	40720	42057	+	LNHIMF_03901	1	persistent	2	0	2
IKCLMC_02537	contig_60	42102	42668	-	HFCAGB_04099	1	persistent	2	0	1
IKCLMC_02538	contig_60	42686	43441	-	GEGEGB_03881	1	persistent	2	0	0
IKCLMC_02539	contig_60	43599	44558	-	LNHIMF_03898	1	persistent	2	0	0
IKCLMC_02540	contig_60	44527	45714	-	LNHIMF_03897	1	persistent	2	0	4
IKCLMC_02541	contig_60	46694	47563	+	IKCLMC_02541	1	cloud	1	0	1
IKCLMC_02542	contig_60	47889	48821	+	IKCLMC_02542	1	cloud	0	0	2
IKCLMC_02543	contig_60	48903	49409	-	OEKLIE_00030	1	cloud	0	0	3
IKCLMC_02544	contig_60	49601	49747	-	OEKLIE_00029	1	cloud	1	0	1
IKCLMC_02545	contig_60	50003	51367	-	BEJGEH_03895	1	persistent	2	0	2
IKCLMC_02546	contig_60	51509	53155	-	LNHIMF_03895	1	persistent	2	0	0
IKCLMC_02547	contig_60	53505	53702	+	GEGEGB_03886	1	persistent	2	0	0
IKCLMC_02548	contig_60	54556	55956	+	GEGEGB_03887	1	persistent	2	0	0
IKCLMC_02550	contig_60	55961	57061	+	GEGEGB_03889	1	persistent	2	0	0
IKCLMC_02551	contig_60	57209	58282	+	GEGEGB_03890	1	persistent	2	0	0
IKCLMC_02552	contig_60	58311	60725	+	GEGEGB_03891	1	persistent	2	0	1
IKCLMC_02553	contig_60	60744	61640	-	HFCAGB_04087	1	persistent	2	0	0
IKCLMC_02554	contig_60	61755	62945	-	LNHIMF_03887	1	persistent	2	0	0
IKCLMC_02555	contig_60	62962	64224	-	GEGEGB_03894	1	persistent	2	0	1
IKCLMC_02556	contig_60	64531	65376	+	HFCAGB_04084	1	persistent	1	1	3
IKCLMC_02557	contig_60	65637	66326	+	HFCAGB_04083	1	shell	1	1	0
IKCLMC_02558	contig_60	66323	67201	+	HFCAGB_04082	1	shell	0	2	0
IKCLMC_02559	contig_60	67185	67802	+	HFCAGB_04081	1	shell	0	2	0
IKCLMC_02560	contig_60	67799	68947	+	HFCAGB_04080	1	shell	0	2	0
IKCLMC_02561	contig_60	69077	70369	+	HFCAGB_04079	1	shell	1	1	0
IKCLMC_02562	contig_60	70395	73130	-	GEGEGB_03899	1	persistent	1	1	1
IKCLMC_02563	contig_60	73210	74250	+	GEGEGB_03900	1	persistent	2	0	0
IKCLMC_02564	contig_60	74223	74951	-	LNHIMF_03878	1	persistent	2	0	0
IKCLMC_02565	contig_60	75045	76229	+	LNHIMF_03877	1	persistent	2	0	0
IKCLMC_02566	contig_60	76219	78771	+	LNHIMF_03876	1	persistent	2	0	0
IKCLMC_02567	contig_60	78764	79396	+	GEGEGB_03905	1	persistent	2	0	0
IKCLMC_02568	contig_60	79586	80986	+	GEGEGB_03906	1	persistent	2	0	0
IKCLMC_02569	contig_60	80983	81609	+	GEGEGB_03907	2	persistent	3	0	0
IKCLMC_02570	contig_60	81609	82265	+	GEGEGB_00658	2	persistent	2	0	0
IKCLMC_02571	contig_60	82308	83054	+	GEGEGB_00659	2	persistent	2	0	0
IKCLMC_02572	contig_60	83090	83263	+	AJBGEP_02420	2	persistent	2	0	0
IKCLMC_02573	contig_60	83260	83739	+	HFCAGB_02510	2	persistent	2	0	0
IKCLMC_02574	contig_60	83736	85667	+	GEGEGB_00662	2	persistent	2	0	0
IKCLMC_02575	contig_60	85664	86221	+	GEGEGB_00663	2	persistent	2	0	1
IKCLMC_02576	contig_60	86218	87261	+	GEGEGB_00664	2	persistent	3	0	0
IKCLMC_02577	contig_60	87383	88609	+	LNHIMF_03865	1	persistent	2	0	0
IKCLMC_02578	contig_60	88611	88901	-	GEGEGB_03916	1	persistent	2	0	0
IKCLMC_02579	contig_60	89253	89666	+	GEGEGB_03917	1	persistent	2	0	0
IKCLMC_02580	contig_60	89776	90204	+	LNHIMF_03862	1	persistent	2	0	0
IKCLMC_02581	contig_60	90393	92054	+	GEGEGB_03919	1	persistent	3	0	1
IKCLMC_02582	contig_60	92344	92478	+	IKCLMC_02582	1	cloud	2	0	0
IKCLMC_02583	contig_60	92498	92845	+	LNHIMF_03860	1	persistent	2	0	1
IKCLMC_02584	contig_60	92835	93197	+	LNHIMF_03859	1	persistent	3	0	0
IKCLMC_02585	contig_60	93194	93724	+	GEGEGB_03922	1	persistent	2	0	0
IKCLMC_02586	contig_60	93806	95128	-	LNHIMF_03857	1	persistent	2	0	0
IKCLMC_02587	contig_60	95146	96483	-	LNHIMF_03856	1	persistent	2	0	0
IKCLMC_02588	contig_60	96709	97632	+	LNHIMF_03855	1	persistent	2	0	0
IKCLMC_02589	contig_60	97720	98781	+	LNHIMF_03854	1	persistent	2	0	0
IKCLMC_02590	contig_60	98708	99892	-	GEGEGB_03927	1	persistent	2	0	0
IKCLMC_02591	contig_60	100095	100928	-	LNHIMF_03852	1	persistent	2	0	0
IKCLMC_02592	contig_60	101048	101137	-	GEGEGB_03930	1	persistent	2	0	0
IKCLMC_02594	contig_60	101771	101869	+	GEGEGB_03932	1	persistent	2	0	0
IKCLMC_02595	contig_60	101976	103664	+	LNHIMF_03848	1	persistent	2	0	0
IKCLMC_02596	contig_60	103668	103958	+	GEGEGB_03934	1	persistent	2	0	0
IKCLMC_02597	contig_60	103960	104745	-	GEGEGB_03935	1	persistent	2	0	0
IKCLMC_02598	contig_60	105059	105979	+	GEGEGB_03936	1	persistent	2	0	0
IKCLMC_02599	contig_60	106010	107326	+	GEGEGB_03937	1	persistent	2	0	0
IKCLMC_02600	contig_60	107338	108351	+	GEGEGB_03938	1	persistent	2	0	0
IKCLMC_02601	contig_60	108426	109016	+	LNHIMF_03842	1	persistent	2	0	0
IKCLMC_02602	contig_60	109016	110518	+	GEGEGB_03940	1	persistent	2	0	0
IKCLMC_02603	contig_60	110528	111856	+	LNHIMF_03840	1	persistent	2	0	0
IKCLMC_02604	contig_60	111999	113390	+	LNHIMF_03839	1	persistent	2	0	0
IKCLMC_02605	contig_60	113583	114035	+	GEGEGB_03943	1	persistent	3	0	0
IKCLMC_02606	contig_60	114468	114791	-	GEGEGB_03952	1	persistent	4	0	2
IKCLMC_02607	contig_60	114775	115134	-	LNHIMF_03827	1	persistent	2	0	1
IKCLMC_02608	contig_60	115225	115314	-	LNHIMF_03826	1	cloud	2	0	0
IKCLMC_02609	contig_60	115350	116543	+	GEGEGB_03954	1	persistent	3	0	2
IKCLMC_02610	contig_60	116603	117985	-	LNHIMF_03824	1	persistent	2	0	0
IKCLMC_02611	contig_60	118091	118384	-	GEGEGB_03956	1	persistent	2	0	0
IKCLMC_02612	contig_60	118581	121379	+	BEJGEH_03827	1	persistent	2	0	0
IKCLMC_02613	contig_60	121598	122023	+	GEGEGB_03958	1	persistent	2	0	0
IKCLMC_02614	contig_60	122034	122519	+	GEGEGB_03959	1	persistent	2	0	0
IKCLMC_02615	contig_60	122665	123414	+	GEGEGB_03960	1	persistent	2	0	0
IKCLMC_02616	contig_60	123414	124271	+	GEGEGB_03961	1	persistent	2	0	0
IKCLMC_02617	contig_60	124275	125384	+	GEGEGB_03962	1	persistent	2	0	0
IKCLMC_02618	contig_60	125371	126114	+	LNHIMF_03816	1	persistent	2	0	0
IKCLMC_02619	contig_60	126350	127279	+	BEJGEH_03820	1	persistent	2	0	0
IKCLMC_02620	contig_60	127322	128224	-	GEGEGB_03965	1	persistent	2	0	0
IKCLMC_02621	contig_60	128745	129428	+	GEGEGB_03966	1	persistent	2	0	1
IKCLMC_02622	contig_60	129647	132373	+	LNHIMF_03812	1	persistent	2	0	1
IKCLMC_02623	contig_60	132395	132487	+	GEGEGB_03968	1	persistent	2	0	0
IKCLMC_02624	contig_60	132500	132586	+	GEGEGB_03969	1	persistent	2	0	0
IKCLMC_02625	contig_60	132688	133167	+	LNHIMF_03809	1	persistent	2	0	0
IKCLMC_02626	contig_60	133396	134076	-	GEGEGB_03971	2	persistent	5	2	3
IKCLMC_02627	contig_60	134860	135717	+	BEJGEH_03812	1	persistent	2	0	0
IKCLMC_02628	contig_60	135728	136192	+	GEGEGB_03975	1	persistent	3	0	1
IKCLMC_02629	contig_60	136287	139154	-	PAPNPA_01001	1	persistent	2	0	0
IKCLMC_02630	contig_60	139229	139846	-	LNHIMF_03804	1	persistent	2	1	1
IKCLMC_02631	contig_60	140582	140713	-	GEGEGB_03979	1	cloud	2	1	2
IKCLMC_02633	contig_60	141880	143262	+	GEGEGB_03987	1	persistent	2	1	2
IKCLMC_02634	contig_60	143274	145592	+	LNHIMF_03800	1	persistent	2	0	0
IKCLMC_02635	contig_60	145695	147404	-	LNHIMF_03799	1	persistent	2	0	0
IKCLMC_02636	contig_60	147525	148916	-	GEGEGB_03990	1	persistent	2	0	0
IKCLMC_02637	contig_60	149144	150349	+	GEGEGB_03991	1	persistent	2	1	0
IKCLMC_02638	contig_60	150385	152466	-	GEGEGB_03992	1	persistent	2	1	0
IKCLMC_02639	contig_60	152472	153161	-	LNHIMF_03795	1	persistent	2	0	0
IKCLMC_02640	contig_60	153166	155277	-	GEGEGB_03994	1	persistent	2	0	0
IKCLMC_02641	contig_60	155296	155571	-	GEGEGB_03995	1	persistent	2	0	0
IKCLMC_02642	contig_60	155626	156249	-	GEGEGB_03996	1	persistent	2	0	0
IKCLMC_02643	contig_60	156506	158191	+	LNHIMF_03791	1	persistent	2	0	0
IKCLMC_02644	contig_60	158188	158805	-	LNHIMF_03790	1	persistent	2	0	0
IKCLMC_02645	contig_60	159053	159937	-	ODDLKH_04192	1	persistent	2	0	0
IKCLMC_02646	contig_60	160011	160913	+	GEGEGB_04001	1	persistent	2	0	1
IKCLMC_02647	contig_60	160963	161826	-	GEGEGB_04002	1	persistent	2	0	1
IKCLMC_02648	contig_60	161952	162668	+	GEGEGB_04003	1	persistent	2	0	0
IKCLMC_02649	contig_60	162747	163388	+	LNHIMF_03775	1	persistent	2	0	0
IKCLMC_02650	contig_60	163466	164062	-	LNHIMF_03774	1	persistent	2	0	0
IKCLMC_02651	contig_60	164170	164628	-	GEGEGB_04006	1	persistent	2	0	0
IKCLMC_02652	contig_60	164606	165829	-	LNHIMF_03772	1	persistent	2	0	1
IKCLMC_02653	contig_60	166002	166667	+	GEGEGB_04008	1	persistent	2	0	0
IKCLMC_02654	contig_60	166885	167121	+	GEGEGB_04009	1	persistent	2	0	0
IKCLMC_02655	contig_60	167142	167309	+	GEGEGB_04010	1	persistent	2	0	0
IKCLMC_02656	contig_60	167407	168216	+	GEGEGB_04011	1	persistent	2	0	0
IKCLMC_02657	contig_60	168244	168723	-	GEGEGB_04012	1	persistent	2	0	0
IKCLMC_02658	contig_60	168732	170009	-	LNHIMF_03766	1	persistent	2	0	0
IKCLMC_02659	contig_60	170418	171488	+	LNHIMF_03765	1	persistent	2	0	0
IKCLMC_02660	contig_60	171485	172609	+	LNHIMF_03764	1	persistent	2	0	0
IKCLMC_02661	contig_60	172602	173399	+	BEJGEH_03767	1	persistent	2	1	3
IKCLMC_02662	contig_60	173455	174435	+	PKJKAM_03640	1	cloud	2	0	0
IKCLMC_02663	contig_60	174449	175528	+	LNHIMF_03761	1	persistent	2	1	3
IKCLMC_02664	contig_60	175534	176547	+	HFCAGB_03968	1	persistent	2	0	0
IKCLMC_02665	contig_60	176565	177578	+	HFCAGB_03967	1	persistent	2	0	0
IKCLMC_02666	contig_60	177601	178299	+	LNHIMF_03758	1	persistent	2	0	0
IKCLMC_02667	contig_60	178449	179258	+	LNHIMF_03757	1	persistent	2	0	0
IKCLMC_02668	contig_60	179358	180503	+	GEGEGB_04023	1	persistent	2	0	0
IKCLMC_02669	contig_60	180560	181774	-	BEJGEH_03759	1	persistent	2	0	0
IKCLMC_02670	contig_60	181814	182767	-	GEGEGB_04025	1	persistent	2	0	0
IKCLMC_02671	contig_60	182767	183813	-	GEGEGB_04026	1	persistent	2	0	0
IKCLMC_02672	contig_60	183816	184748	-	GEGEGB_04027	1	persistent	2	0	0
IKCLMC_02673	contig_60	184951	186147	+	GEGEGB_04028	1	persistent	2	0	0
IKCLMC_02674	contig_60	186157	187182	+	LNHIMF_03750	1	persistent	2	0	1
IKCLMC_02676	contig_60	187476	188510	+	GEGEGB_04031	1	persistent	2	0	1
IKCLMC_02677	contig_60	188497	189459	-	GEGEGB_04032	1	persistent	2	0	0
IKCLMC_02678	contig_60	189463	190746	-	GEGEGB_04033	1	persistent	2	0	0
IKCLMC_02679	contig_60	190756	192300	-	LNHIMF_03745	1	persistent	2	0	0
IKCLMC_02680	contig_60	192548	192979	+	GEGEGB_04035	1	persistent	2	0	0
IKCLMC_02681	contig_60	193065	193316	+	GEGEGB_04036	1	persistent	2	0	0
IKCLMC_02682	contig_60	193360	193827	+	GEGEGB_04037	1	persistent	2	0	0
IKCLMC_02683	contig_60	193827	194846	+	GEGEGB_04038	1	persistent	2	0	0
IKCLMC_02684	contig_60	194924	195745	+	GEGEGB_04039	1	persistent	3	0	0
IKCLMC_02685	contig_60	195828	197138	-	BEJGEH_03743	1	persistent	2	0	0
IKCLMC_02686	contig_60	197212	198408	-	BEJGEH_03742	1	persistent	2	0	0
IKCLMC_02687	contig_60	198727	199731	+	GEGEGB_04043	1	persistent	2	0	0
IKCLMC_02688	contig_60	199799	200272	-	GEGEGB_04044	1	persistent	3	0	0
IKCLMC_02689	contig_60	200336	201526	-	GEGEGB_04045	1	persistent	2	0	0
IKCLMC_02690	contig_60	201523	202299	-	GEGEGB_04046	1	persistent	2	0	0
IKCLMC_02691	contig_60	202296	203951	-	LNHIMF_03736	1	persistent	2	0	0
IKCLMC_02693	contig_60	204250	208593	-	LNHIMF_03734	1	persistent	2	0	0
IKCLMC_02694	contig_60	208637	209320	-	LNHIMF_03733	1	persistent	2	0	0
IKCLMC_02695	contig_60	209808	210170	-	GEGEGB_04051	1	persistent	2	0	0
IKCLMC_02696	contig_60	210461	210670	+	LNHIMF_03731	1	persistent	2	0	0
IKCLMC_02697	contig_60	210680	211270	-	GEGEGB_04053	1	persistent	2	0	0
IKCLMC_02698	contig_60	211267	212415	-	LNHIMF_03729	1	persistent	2	0	0
IKCLMC_02699	contig_60	212636	214552	-	GEGEGB_04055	1	persistent	2	0	1
IKCLMC_02700	contig_60	215028	215636	+	GEGEGB_04056	1	persistent	2	0	1
IKCLMC_02701	contig_60	215735	217126	+	GEGEGB_04057	1	persistent	2	0	0
IKCLMC_02702	contig_60	217123	218973	+	BEJGEH_03724	1	persistent	2	0	1
IKCLMC_02703	contig_60	219221	220102	-	GEGEGB_04059	1	persistent	2	0	1
IKCLMC_02704	contig_60	220271	221809	+	LNHIMF_03722	1	persistent	2	0	0
IKCLMC_02705	contig_60	221927	223882	-	LNHIMF_03721	1	persistent	2	0	0
IKCLMC_02706	contig_60	224107	224961	+	BENMGJ_03040	1	persistent	2	0	0
IKCLMC_02707	contig_60	225122	225817	-	GEGEGB_04063	1	persistent	2	0	0
IKCLMC_02708	contig_60	225811	226671	-	LNHIMF_03718	1	persistent	2	0	0
IKCLMC_02709	contig_60	226676	227326	-	BEJGEH_03717	1	persistent	2	0	0
IKCLMC_02710	contig_60	227323	228819	-	BEJGEH_03716	1	persistent	2	0	0
IKCLMC_02711	contig_60	228823	229809	-	GEGEGB_04067	1	persistent	2	0	0
IKCLMC_02712	contig_60	229821	231098	-	LNHIMF_03714	1	persistent	2	0	0
IKCLMC_02713	contig_60	231101	231574	-	GEGEGB_04069	1	persistent	2	0	0
IKCLMC_02714	contig_60	231703	232644	-	GEGEGB_04070	1	persistent	2	0	0
IKCLMC_02715	contig_60	232668	233132	-	LNHIMF_03711	1	persistent	2	0	0
IKCLMC_02716	contig_60	233144	234142	-	LNHIMF_03710	1	persistent	2	0	0
IKCLMC_02717	contig_60	234372	235172	+	GEGEGB_04073	1	persistent	2	0	0
IKCLMC_02718	contig_60	235289	235762	+	GEGEGB_04074	1	persistent	2	0	0
IKCLMC_02719	contig_60	235799	237049	-	GEGEGB_04075	1	persistent	2	0	0
IKCLMC_02720	contig_60	237223	239250	-	LNHIMF_03706	1	persistent	2	0	0
IKCLMC_02721	contig_60	239566	240390	+	LNHIMF_03705	1	persistent	2	0	0
IKCLMC_02722	contig_60	240451	241629	-	GEGEGB_04078	1	persistent	2	0	0
IKCLMC_02723	contig_60	241992	243314	+	LNHIMF_03703	1	persistent	2	0	0
IKCLMC_02724	contig_60	243414	244868	+	GEGEGB_04080	1	persistent	2	0	0
IKCLMC_02725	contig_60	245043	245396	+	GEGEGB_04081	1	persistent	2	0	0
IKCLMC_02726	contig_60	245419	246414	-	BEJGEH_03700	1	persistent	2	0	1
IKCLMC_02727	contig_60	246580	246882	+	GEGEGB_04084	1	persistent	2	0	1
IKCLMC_02728	contig_60	247021	247932	+	LNHIMF_03697	1	persistent	2	0	0
IKCLMC_02729	contig_60	247942	250011	+	LNHIMF_03696	1	persistent	2	1	3
IKCLMC_02731	contig_60	250971	251438	+	GEGEGB_04088	1	shell	2	0	1
IKCLMC_02732	contig_60	251637	251903	+	GEGEGB_04089	1	persistent	1	1	3
IKCLMC_02733	contig_60	251891	252376	+	BEJGEH_03692	1	persistent	2	0	1
IKCLMC_02734	contig_60	252573	252671	-	IKCLMC_02734	1	cloud	2	0	0
IKCLMC_02735	contig_60	252747	253286	-	GEGEGB_04091	1	persistent	3	0	1
IKCLMC_02736	contig_60	253571	253783	-	GEGEGB_04092	3	persistent	2	0	0
IKCLMC_02737	contig_60	254071	254403	-	LNHIMF_03688	1	persistent	2	0	0
IKCLMC_02738	contig_60	254800	255510	+	GEGEGB_04094	1	persistent	2	0	0
IKCLMC_02739	contig_60	255560	256534	-	GEGEGB_04095	1	persistent	2	0	0
IKCLMC_02740	contig_60	256753	257415	-	GEGEGB_04096	1	persistent	2	0	0
IKCLMC_02741	contig_60	257568	259901	+	LNHIMF_03684	1	persistent	2	0	0
IKCLMC_02742	contig_60	259870	260310	-	GEGEGB_04098	1	persistent	2	0	0
IKCLMC_02743	contig_60	260288	260869	-	GEGEGB_04099	1	persistent	2	0	0
IKCLMC_02744	contig_60	261026	261730	+	LNHIMF_03681	1	persistent	2	2	0
IKCLMC_02745	contig_60	261732	261920	-	AJBGEP_03835	1	shell	1	1	0
IKCLMC_02746	contig_60	262247	262771	+	BEJGEH_03681	1	shell	1	2	0
IKCLMC_02747	contig_60	262856	263554	+	BEJGEH_03680	1	shell	0	2	1
IKCLMC_02748	contig_60	263577	266105	+	AJBGEP_03832	1	shell	0	2	2
IKCLMC_02749	contig_60	266123	267202	+	HFCAGB_03882	1	shell	0	2	0
IKCLMC_02750	contig_60	267208	267735	+	BEJGEH_03677	1	shell	1	1	1
IKCLMC_02751	contig_60	267953	269644	+	GEGEGB_04101	1	persistent	2	1	0
IKCLMC_02753	contig_60	270124	271131	-	LNHIMF_03678	1	persistent	2	0	0
IKCLMC_02754	contig_60	271281	272405	+	LNHIMF_03677	1	persistent	2	0	0
IKCLMC_02755	contig_60	272463	273788	+	LNHIMF_03676	1	persistent	2	0	0
IKCLMC_02756	contig_60	274344	275951	+	LNHIMF_03675	1	persistent	2	0	0
IKCLMC_02757	contig_60	276108	277127	+	GEGEGB_04108	1	persistent	2	0	0
IKCLMC_02758	contig_60	277137	278039	+	LNHIMF_03673	1	persistent	2	0	0
IKCLMC_02759	contig_60	278050	279033	+	LNHIMF_03672	1	persistent	2	0	0
IKCLMC_02760	contig_60	279030	280043	+	LNHIMF_03671	1	persistent	2	0	0
IKCLMC_02761	contig_60	280144	281442	-	LNHIMF_03670	1	persistent	2	0	0
IKCLMC_02763	contig_60	282086	282193	+	GEGEGB_04114	1	persistent	2	0	0
IKCLMC_02764	contig_60	282275	283954	-	GEGEGB_04115	1	persistent	2	0	0
IKCLMC_02765	contig_60	283951	284142	-	GEGEGB_04116	1	persistent	2	0	0
IKCLMC_02766	contig_60	284139	285698	-	LNHIMF_03665	1	persistent	2	0	0
IKCLMC_02767	contig_60	285955	286158	+	GEGEGB_04118	1	persistent	2	0	0
IKCLMC_02768	contig_60	286159	286911	+	LNHIMF_03663	1	persistent	2	0	0
IKCLMC_02769	contig_60	286908	289532	+	GEGEGB_04120	1	persistent	2	0	0
IKCLMC_02770	contig_60	289693	291843	+	LNHIMF_03661	1	persistent	2	0	0
IKCLMC_02771	contig_60	291847	292956	+	LNHIMF_03660	1	persistent	2	0	0
IKCLMC_02772	contig_60	292938	296480	+	LNHIMF_03659	1	persistent	2	0	0
IKCLMC_02773	contig_60	296654	298660	+	LNHIMF_03658	1	persistent	2	0	0
IKCLMC_02774	contig_60	298818	300104	+	LNHIMF_03657	1	persistent	2	0	0
IKCLMC_02775	contig_60	300324	301811	+	LNHIMF_03656	1	persistent	2	0	0
IKCLMC_02776	contig_60	301865	302794	-	GEGEGB_04129	1	persistent	2	0	0
IKCLMC_02777	contig_60	303023	303790	+	LNHIMF_03654	1	persistent	2	0	0
IKCLMC_02778	contig_60	303900	305960	+	LNHIMF_03653	1	persistent	2	0	0
IKCLMC_02779	contig_60	306000	307322	-	LNHIMF_03652	1	persistent	2	0	0
IKCLMC_02780	contig_60	307673	308701	-	GEGEGB_04133	1	persistent	2	0	0
IKCLMC_02781	contig_60	308774	309673	-	LNHIMF_03650	1	persistent	2	0	0
IKCLMC_02783	contig_60	310304	310906	+	LNHIMF_03649	1	persistent	2	0	0
IKCLMC_02784	contig_60	310912	311268	-	LNHIMF_03648	1	persistent	2	0	0
IKCLMC_02785	contig_60	311549	313138	+	GEGEGB_04137	1	persistent	2	0	0
IKCLMC_02786	contig_60	313151	314800	-	LNHIMF_03646	1	persistent	2	0	0
IKCLMC_02787	contig_60	315126	315845	+	GEGEGB_04139	1	persistent	2	0	0
IKCLMC_02788	contig_60	316021	316998	+	LNHIMF_03644	1	persistent	3	0	0
IKCLMC_02789	contig_60	317062	317907	+	LNHIMF_03643	1	persistent	2	0	0
IKCLMC_02790	contig_60	317961	319280	+	LNHIMF_03642	1	persistent	2	0	0
IKCLMC_02791	contig_60	319339	320382	+	BEJGEH_03636	1	persistent	3	0	0
IKCLMC_02792	contig_60	320429	321781	-	GEGEGB_04142	1	persistent	2	0	0
IKCLMC_02793	contig_60	321886	322728	-	GEGEGB_04143	1	persistent	2	0	1
IKCLMC_02794	contig_60	322939	324210	+	HFCAGB_03837	1	persistent	2	0	0
IKCLMC_02795	contig_60	324392	326434	+	LNHIMF_03637	1	persistent	2	0	1
IKCLMC_02796	contig_60	326441	327199	+	LNHIMF_03636	1	persistent	2	0	0
IKCLMC_02797	contig_60	327291	328763	-	GEGEGB_04148	1	persistent	2	0	0
IKCLMC_02799	contig_60	329088	329522	-	LNHIMF_03633	1	persistent	2	0	0
IKCLMC_02800	contig_60	329910	330245	+	GEGEGB_04151	1	persistent	2	0	0
IKCLMC_02801	contig_60	330386	331882	-	GEGEGB_04152	1	persistent	2	0	0
IKCLMC_02802	contig_60	332113	333309	+	LNHIMF_03630	1	persistent	2	0	1
IKCLMC_02803	contig_60	333615	334682	+	LNHIMF_03629	1	persistent	2	0	1
IKCLMC_02804	contig_60	334679	337420	+	LNHIMF_03628	1	persistent	2	0	0
IKCLMC_02805	contig_60	337420	338544	+	LNHIMF_03627	1	persistent	2	0	0
IKCLMC_02806	contig_60	338646	339083	-	GEGEGB_04164	1	persistent	2	0	0
IKCLMC_02807	contig_60	339138	339716	-	GEGEGB_04165	1	persistent	2	0	0
IKCLMC_02808	contig_60	339768	340817	-	GEGEGB_04166	1	persistent	2	0	0
IKCLMC_02809	contig_60	340907	342166	+	LNHIMF_03623	1	persistent	2	0	0
IKCLMC_02810	contig_60	342170	342727	-	GEGEGB_04168	1	persistent	2	0	0
IKCLMC_02811	contig_60	342800	343465	-	GEGEGB_04169	1	persistent	2	0	0
IKCLMC_02812	contig_60	343545	343880	+	LNHIMF_03620	1	persistent	2	0	0
IKCLMC_02813	contig_60	343904	345547	-	GEGEGB_04171	1	persistent	2	0	0
IKCLMC_02814	contig_60	345747	347945	-	GEGEGB_04172	1	persistent	2	0	0
IKCLMC_02815	contig_60	348026	348652	-	GEGEGB_04173	1	persistent	2	0	0
IKCLMC_02816	contig_60	348794	349165	+	GEGEGB_04174	1	persistent	2	0	0
IKCLMC_02817	contig_60	349187	349456	-	LNHIMF_03615	1	persistent	2	0	0
IKCLMC_02818	contig_60	349446	350042	-	GEGEGB_04176	1	persistent	2	0	0
IKCLMC_02819	contig_60	350168	351643	+	GEGEGB_04177	1	persistent	2	0	0
IKCLMC_02820	contig_60	351646	352314	+	GEGEGB_04178	1	persistent	2	0	0
IKCLMC_02821	contig_60	352307	353362	+	LNHIMF_03611	1	persistent	2	0	0
IKCLMC_02822	contig_60	353608	354462	+	GEGEGB_04180	1	persistent	2	0	0
IKCLMC_02823	contig_60	354790	355887	+	LNHIMF_03609	1	persistent	2	0	0
IKCLMC_02824	contig_60	356083	356466	-	GEGEGB_04183	1	persistent	2	0	0
IKCLMC_02825	contig_60	356888	357997	+	GEGEGB_04184	1	persistent	2	0	0
IKCLMC_02826	contig_60	358057	358983	+	GEGEGB_04185	1	persistent	2	0	0
IKCLMC_02827	contig_60	358980	360257	+	GEGEGB_04186	1	persistent	2	0	0
IKCLMC_02828	contig_60	360254	361021	+	GEGEGB_04187	1	persistent	2	0	0
IKCLMC_02829	contig_60	361023	361736	+	GEGEGB_04188	1	persistent	1	1	1
IKCLMC_02830	contig_60	361867	362088	+	HFCAGB_03800	1	shell	1	1	0
IKCLMC_02831	contig_60	362085	362453	+	AJBGEP_03748	1	shell	1	1	0
IKCLMC_02832	contig_60	362711	364027	+	GEGEGB_04190	1	persistent	1	1	1
IKCLMC_02833	contig_60	364132	365019	+	BENMGJ_02915	1	persistent	2	0	0
IKCLMC_02834	contig_60	365016	365861	+	GEGEGB_04192	1	persistent	2	0	0
IKCLMC_02835	contig_60	365864	366934	+	BEJGEH_03592	1	persistent	2	0	0
IKCLMC_02836	contig_60	366931	367671	+	GEGEGB_04194	1	persistent	2	0	0
IKCLMC_02837	contig_60	367668	368084	-	GEGEGB_04195	1	persistent	2	0	0
IKCLMC_02838	contig_60	368210	369952	+	GEGEGB_04196	1	persistent	2	0	0
IKCLMC_02839	contig_60	369997	371031	-	GEGEGB_04197	1	persistent	2	0	0
IKCLMC_02840	contig_60	371028	371999	-	GEGEGB_04198	1	persistent	2	0	0
IKCLMC_02841	contig_60	372053	372814	-	LNHIMF_03592	1	persistent	2	0	0
IKCLMC_02842	contig_60	372830	374044	-	GEGEGB_04200	1	persistent	2	0	0
IKCLMC_02843	contig_60	374309	374797	-	GEGEGB_04201	1	persistent	2	1	1
IKCLMC_02845	contig_60	375265	376302	+	LNHIMF_03588	1	persistent	2	1	1
IKCLMC_02846	contig_60	376426	377121	+	GEGEGB_04205	1	persistent	2	0	0
IKCLMC_02847	contig_60	377251	378246	+	GEGEGB_04206	1	persistent	2	0	0
IKCLMC_02848	contig_60	378385	378918	+	GEGEGB_04207	1	persistent	2	0	0
IKCLMC_02849	contig_60	378915	380255	+	GEGEGB_04208	1	persistent	2	0	1
IKCLMC_02850	contig_60	380094	380414	-	PAPNPA_01623	1	cloud	2	0	0
IKCLMC_02851	contig_60	380679	381785	+	GEGEGB_04210	1	persistent	2	0	1
IKCLMC_02852	contig_60	382133	384319	+	GEGEGB_04211	1	persistent	2	0	0
IKCLMC_02853	contig_60	384316	386292	+	LNHIMF_03580	1	persistent	2	0	0
IKCLMC_02854	contig_60	386307	387602	+	LNHIMF_03579	1	persistent	2	0	0
IKCLMC_02855	contig_60	387602	389035	+	LNHIMF_03578	1	persistent	2	0	0
IKCLMC_02856	contig_60	389055	391502	+	LNHIMF_03577	1	persistent	2	1	1
IKCLMC_02857	contig_60	391681	392436	+	BEJGEH_03569	1	shell	1	1	0
IKCLMC_02858	contig_60	392480	393385	-	BEJGEH_03568	1	shell	0	2	0
IKCLMC_02859	contig_60	393429	395144	-	BEJGEH_03567	1	shell	0	2	0
IKCLMC_02860	contig_60	395141	396475	-	BEJGEH_03566	1	shell	0	2	0
IKCLMC_02861	contig_60	396815	397924	+	BEJGEH_03565	1	shell	1	1	1
IKCLMC_02862	contig_60	398082	399578	+	HFCAGB_03768	1	persistent	1	1	3
IKCLMC_02863	contig_60	399588	400133	+	BEJGEH_03563	1	persistent	2	0	1
IKCLMC_02864	contig_60	400180	401688	-	GEGEGB_04216	1	persistent	3	0	0
IKCLMC_02865	contig_60	401887	402213	+	GEGEGB_04217	1	persistent	2	0	0
IKCLMC_02866	contig_60	402289	403119	+	LNHIMF_03570	1	persistent	2	0	0
IKCLMC_02867	contig_60	403213	403971	+	GEGEGB_04219	1	persistent	2	1	0
IKCLMC_02868	contig_60	403968	405551	-	BEJGEH_03558	1	shell	1	1	0
IKCLMC_02869	contig_60	405741	407294	+	HFCAGB_03761	1	shell	0	2	0
IKCLMC_02874	contig_60	407640	408854	+	HFCAGB_03756	1	shell	0	2	0
IKCLMC_02875	contig_60	408858	409892	+	IKCLMC_02875	1	shell	0	2	1
IKCLMC_02876	contig_60	409889	410239	+	PAPNPA_01596	1	cloud	1	1	0
IKCLMC_02877	contig_60	410591	413296	-	ODDLKH_03961	1	persistent	2	1	1
IKCLMC_02878	contig_60	413890	416283	+	LNHIMF_03567	1	persistent	2	0	0
IKCLMC_02879	contig_60	416293	418371	+	BEJGEH_03547	1	persistent	2	0	0
IKCLMC_02880	contig_60	418490	419806	-	GEGEGB_04223	1	persistent	2	0	0
IKCLMC_02881	contig_60	420183	420758	-	LNHIMF_03564	1	persistent	2	0	0
IKCLMC_02882	contig_60	420817	421500	-	LNHIMF_03563	1	persistent	2	0	0
IKCLMC_02883	contig_60	421538	422308	+	GEGEGB_04226	1	persistent	2	0	0
IKCLMC_02884	contig_60	422344	423258	-	GEGEGB_04227	1	persistent	2	0	0
IKCLMC_02885	contig_60	423493	423729	-	GEGEGB_04228	1	persistent	2	0	0
IKCLMC_02886	contig_60	423742	426060	-	LNHIMF_03559	1	persistent	2	0	0
IKCLMC_02887	contig_60	426079	426306	-	GEGEGB_04230	1	persistent	2	0	0
IKCLMC_02888	contig_60	426743	429076	-	IKCLMC_02888	1	persistent	2	0	0
IKCLMC_02889	contig_60	429175	429648	-	GEGEGB_04232	1	persistent	2	0	0
IKCLMC_02890	contig_60	429874	430593	+	GEGEGB_04233	1	persistent	2	0	0
IKCLMC_02891	contig_60	430590	431942	+	LNHIMF_03554	1	persistent	2	0	0
IKCLMC_02892	contig_60	432017	433636	-	GEGEGB_04235	1	persistent	2	0	0
IKCLMC_02893	contig_60	434016	435725	+	GEGEGB_04236	1	persistent	2	0	1
IKCLMC_02894	contig_60	435836	436714	-	LNHIMF_03551	1	persistent	2	0	1
IKCLMC_02895	contig_60	436739	437140	-	LNHIMF_03550	1	persistent	2	0	0
IKCLMC_02896	contig_60	437151	437819	-	GEGEGB_04239	1	persistent	2	0	0
IKCLMC_02897	contig_60	437884	440016	-	LNHIMF_03548	1	persistent	2	0	0
IKCLMC_02898	contig_60	440339	440902	+	LNHIMF_03547	1	persistent	2	1	0
IKCLMC_02899	contig_60	440998	443550	-	GEGEGB_04242	1	persistent	2	1	0
IKCLMC_02900	contig_60	443671	444450	+	GEGEGB_04243	1	persistent	2	0	0
IKCLMC_02901	contig_60	444450	444989	+	GEGEGB_04244	1	persistent	2	0	0
IKCLMC_02902	contig_60	444973	445446	+	LNHIMF_03543	1	persistent	2	0	0
IKCLMC_02903	contig_60	445436	445837	+	GEGEGB_04246	1	persistent	2	0	0
IKCLMC_02904	contig_60	445788	446990	+	LNHIMF_03541	1	persistent	2	0	0
IKCLMC_02905	contig_60	447455	447976	+	GEGEGB_04248	1	persistent	2	0	0
IKCLMC_02906	contig_60	448033	449121	+	GEGEGB_04249	1	persistent	2	0	0
IKCLMC_02907	contig_60	449219	450496	+	LNHIMF_03538	1	persistent	2	0	0
IKCLMC_02908	contig_60	450677	451513	+	GEGEGB_04251	1	persistent	2	0	0
IKCLMC_02909	contig_60	451531	452208	+	GEGEGB_04252	1	persistent	2	0	0
IKCLMC_02910	contig_60	452201	452959	+	BEJGEH_03515	1	persistent	2	0	0
IKCLMC_02911	contig_60	452952	453956	+	GEGEGB_04254	1	persistent	2	0	0
IKCLMC_02912	contig_60	454101	454271	-	GEGEGB_04255	1	persistent	1	3	0
IKCLMC_02914	contig_60	454464	460223	-	AJBGEP_03662	1	shell	2	1	0
IKCLMC_02915	contig_60	460561	461934	-	BEJGEH_03507	1	persistent	1	3	1
IKCLMC_02916	contig_60	461946	462755	-	GEGEGB_04260	1	persistent	2	0	0
IKCLMC_02917	contig_60	463021	463347	-	GEGEGB_04261	1	persistent	2	0	0
IKCLMC_02918	contig_60	463344	465887	-	LNHIMF_03527	1	persistent	2	0	1
IKCLMC_02919	contig_60	466206	467387	-	GEGEGB_04263	1	persistent	2	0	1
IKCLMC_02920	contig_60	467664	468236	+	GEGEGB_04264	1	persistent	2	0	0
IKCLMC_02921	contig_60	468240	468512	+	LNHIMF_03524	1	persistent	2	0	0
IKCLMC_02922	contig_60	468502	469104	+	LNHIMF_03523	1	persistent	2	0	0
IKCLMC_02923	contig_60	469136	469699	+	GEGEGB_04267	1	persistent	2	0	0
IKCLMC_02924	contig_60	469785	471002	+	BEJGEH_03498	1	persistent	2	0	0
IKCLMC_02925	contig_60	471045	473132	-	LNHIMF_03520	1	persistent	2	0	0
IKCLMC_02926	contig_60	473181	473813	-	GEGEGB_04271	1	persistent	2	0	0
IKCLMC_02927	contig_60	474121	474525	+	BEJGEH_03495	1	persistent	2	0	0
IKCLMC_02928	contig_60	474621	475490	-	GEGEGB_04273	1	persistent	2	0	0
IKCLMC_02929	contig_60	475542	475760	-	GEGEGB_04274	1	persistent	2	0	0
IKCLMC_02930	contig_60	475757	476779	-	BEJGEH_03492	1	persistent	3	0	0
IKCLMC_02931	contig_60	477022	477333	+	GEGEGB_04277	1	persistent	2	0	1
IKCLMC_02932	contig_60	477416	477658	+	GEGEGB_04278	1	cloud	2	0	0
IKCLMC_02933	contig_60	477719	479626	-	GEGEGB_04279	1	persistent	2	0	1
IKCLMC_02934	contig_60	479892	480443	+	GEGEGB_04280	1	persistent	2	0	0
IKCLMC_02935	contig_60	480443	482248	+	GEGEGB_04281	1	persistent	2	0	0
IKCLMC_02936	contig_60	482258	482458	+	GEGEGB_04282	1	persistent	2	0	0
IKCLMC_02937	contig_60	482553	483143	+	LNHIMF_03508	1	persistent	2	0	0
IKCLMC_02938	contig_60	483332	483550	-	GEGEGB_04284	1	persistent	2	0	0
IKCLMC_02939	contig_60	483770	484588	+	LNHIMF_03506	1	persistent	2	0	0
IKCLMC_02940	contig_60	484865	485587	+	GEGEGB_04286	1	persistent	2	0	0
IKCLMC_02941	contig_60	485587	485973	+	LNHIMF_03504	1	persistent	2	0	0
IKCLMC_02942	contig_60	485973	486329	+	GEGEGB_04288	1	persistent	2	0	0
IKCLMC_02943	contig_60	486337	486624	+	GEGEGB_04289	1	persistent	2	0	0
IKCLMC_02944	contig_60	486750	486878	+	GEGEGB_04290	2	persistent	1	1	0
IKCLMC_02945	contig_60	486841	487125	+	GEGEGB_04290	2	persistent	1	1	0
IKCLMC_02946	contig_60	487221	487691	+	GEGEGB_04291	1	shell	1	1	0
IKCLMC_02947	contig_60	487788	489902	+	GEGEGB_04292	1	shell	0	2	0
IKCLMC_02948	contig_61	149	715	-	GEGEGB_00270	1	persistent	3	0	0
IKCLMC_02949	contig_61	905	1936	+	LNHIMF_00258	1	persistent	2	0	0
IKCLMC_02950	contig_61	1929	2582	+	LNHIMF_00257	1	persistent	2	0	0
IKCLMC_02951	contig_61	2621	3436	+	LNHIMF_00256	1	persistent	2	0	0
IKCLMC_02952	contig_61	3555	3959	+	GEGEGB_00266	1	persistent	2	0	0
IKCLMC_02953	contig_61	3956	4663	+	LNHIMF_00254	1	persistent	2	0	0
IKCLMC_02954	contig_61	4774	6492	+	GEGEGB_00264	1	persistent	2	1	1
IKCLMC_02955	contig_61	6566	7267	-	GEGEGB_00260	1	persistent	2	2	0
IKCLMC_02956	contig_61	7299	7721	-	GEGEGB_00259	1	persistent	2	0	0
IKCLMC_02957	contig_61	7718	8263	-	GEGEGB_00258	1	persistent	2	0	0
IKCLMC_02958	contig_61	8461	8661	+	GEGEGB_00257	1	persistent	2	0	0
IKCLMC_02959	contig_61	8648	8908	+	GEGEGB_00256	1	persistent	2	0	0
IKCLMC_02960	contig_61	8992	10284	-	GEGEGB_00255	1	persistent	2	0	0
IKCLMC_02961	contig_61	10347	10736	-	GEGEGB_00254	1	persistent	2	0	0
IKCLMC_02962	contig_61	10792	12933	-	LNHIMF_00245	1	persistent	2	0	0
IKCLMC_02963	contig_61	13009	14772	-	BEJGEH_00257	1	persistent	2	1	0
IKCLMC_02964	contig_61	14953	15912	-	GEGEGB_00248	1	persistent	2	1	0
IKCLMC_02965	contig_61	15925	19407	-	GEGEGB_00247	1	persistent	2	0	0
IKCLMC_02966	contig_61	19431	20027	-	GEGEGB_00246	1	persistent	2	0	0
IKCLMC_02967	contig_61	20024	21172	-	GEGEGB_00245	1	persistent	2	0	0
IKCLMC_02968	contig_61	21172	21960	-	LNHIMF_00238	1	persistent	2	0	0
IKCLMC_02969	contig_61	21964	22419	-	GEGEGB_00243	1	persistent	2	0	0
IKCLMC_02970	contig_61	22525	23550	-	GEGEGB_00242	1	persistent	2	0	0
IKCLMC_02971	contig_61	23554	24039	-	GEGEGB_00241	1	persistent	2	0	0
IKCLMC_02972	contig_61	24162	26576	-	GEGEGB_00240	1	persistent	2	0	0
IKCLMC_02973	contig_61	26608	27960	-	GEGEGB_00239	1	persistent	2	0	0
IKCLMC_02974	contig_61	27972	28829	-	GEGEGB_00238	1	persistent	2	0	0
IKCLMC_02975	contig_61	28842	29600	-	BEJGEH_00245	1	persistent	2	0	0
IKCLMC_02976	contig_61	29913	31109	-	LNHIMF_00230	1	persistent	2	0	0
IKCLMC_02977	contig_61	31251	31808	-	GEGEGB_00235	1	persistent	2	0	0
IKCLMC_02978	contig_61	31955	32680	-	GEGEGB_00234	1	persistent	2	0	0
IKCLMC_02979	contig_61	32825	33748	-	GEGEGB_00233	1	persistent	2	0	0
IKCLMC_02981	contig_61	33934	34659	-	GEGEGB_00231	1	persistent	2	0	0
IKCLMC_02983	contig_61	35110	35904	+	GEGEGB_00229	1	persistent	2	0	1
IKCLMC_02984	contig_61	36142	38814	+	GEGEGB_00228	1	persistent	2	0	0
IKCLMC_02985	contig_61	38844	39668	+	LNHIMF_00221	1	persistent	2	0	0
IKCLMC_02986	contig_61	39705	41006	-	BEJGEH_00234	1	persistent	2	0	1
IKCLMC_02987	contig_61	41253	41639	+	GEGEGB_00224	1	persistent	2	0	2
IKCLMC_02988	contig_61	41728	42885	-	GEGEGB_00223	1	persistent	2	0	1
IKCLMC_02989	contig_61	43038	44465	-	LNHIMF_00216	1	persistent	2	0	0
IKCLMC_02990	contig_61	44595	46112	-	GEGEGB_00221	1	persistent	2	0	0
IKCLMC_02991	contig_61	46197	46895	+	GEGEGB_00220	1	persistent	2	0	0
IKCLMC_02992	contig_61	46888	47688	+	LNHIMF_00213	1	persistent	2	0	0
IKCLMC_02993	contig_61	47725	48348	+	GEGEGB_00218	1	persistent	2	0	1
IKCLMC_02994	contig_61	48449	48793	-	GEGEGB_00217	1	persistent	2	0	1
IKCLMC_02995	contig_61	48875	50296	-	LNHIMF_00210	1	persistent	2	0	0
IKCLMC_02996	contig_61	50466	51746	+	GEGEGB_00215	1	persistent	2	1	1
IKCLMC_02997	contig_61	51854	52696	-	HFCAGB_00212	1	shell	1	1	0
IKCLMC_02998	contig_61	52693	53223	-	HFCAGB_00211	1	shell	0	2	1
IKCLMC_02999	contig_61	53223	53699	-	BEJGEH_00220	1	shell	0	2	0
IKCLMC_03000	contig_61	53696	54208	-	BEJGEH_00219	1	shell	0	2	0
IKCLMC_03001	contig_61	54227	54979	-	BEJGEH_00218	1	shell	0	2	0
IKCLMC_03002	contig_61	54997	57654	-	HFCAGB_00207	1	shell	0	2	0
IKCLMC_03003	contig_61	57740	58300	-	BEJGEH_00216	1	shell	1	2	1
IKCLMC_03004	contig_61	58998	59204	-	HFCAGB_00205	1	shell	1	1	0
IKCLMC_03005	contig_61	59241	61298	-	LNHIMF_00208	1	persistent	2	2	1
IKCLMC_03006	contig_61	61295	62185	-	LNHIMF_00207	1	persistent	2	0	0
IKCLMC_03007	contig_61	62185	62982	-	GEGEGB_00212	1	persistent	2	0	1
IKCLMC_03008	contig_61	63031	65220	-	LNHIMF_00205	1	persistent	2	0	0
IKCLMC_03009	contig_61	65513	68035	-	LNHIMF_00204	1	persistent	2	0	1
IKCLMC_03010	contig_61	68176	70650	-	LNHIMF_00203	1	persistent	2	0	0
IKCLMC_03011	contig_61	70678	71208	+	GEGEGB_00207	1	persistent	2	0	0
IKCLMC_03012	contig_61	71225	71929	+	LNHIMF_00201	1	persistent	2	0	0
IKCLMC_03013	contig_61	72106	72561	+	GEGEGB_00205	1	persistent	2	0	0
IKCLMC_03014	contig_61	72585	73526	+	GEGEGB_00204	1	persistent	2	0	0
IKCLMC_03015	contig_61	73667	75085	+	LNHIMF_00198	1	persistent	2	0	0
IKCLMC_03016	contig_61	75082	75561	+	GEGEGB_00202	1	persistent	2	0	2
IKCLMC_03017	contig_61	75682	76473	+	LNHIMF_00189	1	persistent	2	0	2
IKCLMC_03018	contig_61	76599	77453	+	LNHIMF_00188	1	persistent	2	0	0
IKCLMC_03019	contig_61	77548	77928	+	GEGEGB_00192	1	persistent	2	0	1
IKCLMC_03020	contig_61	77935	79164	-	BEJGEH_00199	1	persistent	2	0	1
IKCLMC_03021	contig_61	79226	79666	-	LNHIMF_00185	1	persistent	3	0	0
IKCLMC_03022	contig_61	80036	80575	+	PAPNPA_03682	1	persistent	2	0	0
IKCLMC_03023	contig_61	80623	81306	+	BEJGEH_00196	1	persistent	2	0	0
IKCLMC_03024	contig_61	81321	83879	+	LNHIMF_00182	1	persistent	2	0	0
IKCLMC_03025	contig_61	83888	84967	+	BEJGEH_00194	1	persistent	2	0	0
IKCLMC_03026	contig_61	85087	85857	-	GEGEGB_00189	1	persistent	3	0	0
IKCLMC_03027	contig_61	85854	86780	-	LNHIMF_00179	1	persistent	2	0	0
IKCLMC_03028	contig_61	86889	87551	+	LNHIMF_00178	1	persistent	2	0	0
IKCLMC_03029	contig_61	87609	88145	-	LNHIMF_00177	1	persistent	2	0	0
IKCLMC_03030	contig_61	88351	90741	+	GEGEGB_00185	1	persistent	2	0	0
IKCLMC_03031	contig_61	90819	92429	-	GEGEGB_00184	1	persistent	2	0	0
IKCLMC_03032	contig_61	92592	92978	+	GEGEGB_00183	1	persistent	2	0	0
IKCLMC_03033	contig_61	93085	93945	+	BEJGEH_00186	1	persistent	2	0	0
IKCLMC_03034	contig_61	93966	94760	+	GEGEGB_00181	1	persistent	2	0	0
IKCLMC_03035	contig_61	94790	95557	-	GEGEGB_00180	1	persistent	2	0	0
IKCLMC_03036	contig_61	95567	96550	-	LNHIMF_00170	1	persistent	2	0	0
IKCLMC_03037	contig_61	96540	97811	-	LNHIMF_00169	1	persistent	2	0	0
IKCLMC_03038	contig_61	97808	98761	-	GEGEGB_00177	1	persistent	2	0	0
IKCLMC_03039	contig_61	98997	99359	-	BEJGEH_00180	1	persistent	2	1	1
IKCLMC_03040	contig_61	99630	99953	+	BEJGEH_00179	1	shell	1	1	1
IKCLMC_03041	contig_61	100370	100834	+	BEJGEH_00178	1	shell	1	1	2
IKCLMC_03042	contig_61	100874	103471	-	GEGEGB_00175	1	persistent	2	1	2
IKCLMC_03043	contig_61	103860	105482	+	GEGEGB_00174	1	persistent	2	0	0
IKCLMC_03044	contig_61	105495	106286	+	GEGEGB_00173	1	persistent	2	0	0
IKCLMC_03045	contig_61	106324	106608	-	GEGEGB_00172	1	persistent	2	0	0
IKCLMC_03047	contig_61	106897	108321	-	GEGEGB_00170	1	persistent	2	0	0
IKCLMC_03048	contig_61	108523	110412	-	BEJGEH_00166	1	persistent	2	0	0
IKCLMC_03049	contig_61	110427	113090	-	GEGEGB_00168	1	persistent	2	0	0
IKCLMC_03051	contig_61	113250	114014	-	GEGEGB_00166	1	persistent	2	0	0
IKCLMC_03052	contig_61	114580	115950	+	GEGEGB_00165	1	persistent	2	0	0
IKCLMC_03053	contig_61	116115	117521	+	BEJGEH_00161	1	persistent	2	0	0
IKCLMC_03054	contig_61	117521	118471	+	LNHIMF_00154	1	persistent	2	0	0
IKCLMC_03055	contig_61	118563	119417	-	LNHIMF_00153	1	persistent	2	0	0
IKCLMC_03056	contig_61	119414	119977	-	GEGEGB_00161	1	persistent	2	0	0
IKCLMC_03057	contig_61	120065	120958	+	LNHIMF_00151	1	persistent	2	0	0
IKCLMC_03058	contig_61	121180	121617	+	GEGEGB_00159	1	persistent	2	0	0
IKCLMC_03059	contig_61	121627	123012	+	LNHIMF_00149	1	persistent	2	0	0
IKCLMC_03060	contig_61	123002	124204	+	LNHIMF_00148	1	persistent	2	0	0
IKCLMC_03061	contig_61	124235	125278	-	GEGEGB_00156	1	persistent	2	0	0
IKCLMC_03062	contig_61	125504	126124	+	GEGEGB_00155	1	persistent	2	0	0
IKCLMC_03063	contig_61	126124	126867	+	GEGEGB_00154	1	persistent	2	0	0
IKCLMC_03064	contig_61	126877	127068	+	GEGEGB_00153	1	persistent	2	0	1
IKCLMC_03065	contig_61	127390	127785	-	GEGEGB_00150	1	persistent	2	0	2
IKCLMC_03067	contig_61	127937	130642	-	LNHIMF_00141	1	persistent	2	0	0
IKCLMC_03068	contig_61	130704	131201	-	GEGEGB_00147	1	persistent	2	0	0
IKCLMC_03069	contig_61	131480	132397	-	LNHIMF_00139	1	persistent	2	0	0
IKCLMC_03070	contig_61	132498	133649	-	LNHIMF_00138	1	persistent	2	0	0
IKCLMC_03072	contig_61	133710	134972	-	GEGEGB_00143	1	persistent	2	0	0
IKCLMC_03073	contig_61	134969	135799	-	GEGEGB_00142	1	persistent	2	0	0
IKCLMC_03074	contig_61	135801	136721	-	HFCAGB_00133	1	persistent	2	0	0
IKCLMC_03075	contig_61	136714	138189	-	GEGEGB_00140	1	persistent	2	0	0
IKCLMC_03076	contig_61	138308	139375	-	LNHIMF_00132	1	persistent	2	0	0
IKCLMC_03077	contig_61	139372	140616	-	GEGEGB_00138	1	persistent	2	0	0
IKCLMC_03078	contig_61	140616	141932	-	LNHIMF_00130	1	persistent	2	0	0
IKCLMC_03079	contig_61	141935	143017	-	GEGEGB_00136	1	persistent	2	0	0
IKCLMC_03080	contig_61	143011	144369	-	LNHIMF_00128	1	persistent	2	0	0
IKCLMC_03081	contig_61	144366	145853	-	GEGEGB_00134	1	persistent	2	0	0
IKCLMC_03082	contig_61	145840	147606	-	GEGEGB_00133	1	persistent	2	0	0
IKCLMC_03083	contig_61	147622	147987	-	GEGEGB_00132	1	persistent	2	0	0
IKCLMC_03084	contig_61	147984	148925	-	LNHIMF_00124	1	persistent	2	0	0
IKCLMC_03085	contig_61	148927	149385	-	LNHIMF_00123	1	persistent	2	0	0
IKCLMC_03086	contig_61	149991	150995	-	GEGEGB_00129	1	persistent	2	0	0
IKCLMC_03087	contig_61	151279	151773	-	LNHIMF_00121	1	persistent	2	0	0
IKCLMC_03088	contig_61	151773	153497	-	BEJGEH_00124	1	persistent	2	0	0
IKCLMC_03089	contig_61	153819	154763	-	LNHIMF_00119	1	persistent	2	0	0
IKCLMC_03090	contig_61	155420	155506	+	LNHIMF_00118	1	persistent	2	0	0
IKCLMC_03091	contig_61	155594	157165	+	LNHIMF_00117	1	persistent	2	0	0
IKCLMC_03092	contig_61	157165	158256	+	LNHIMF_00116	1	persistent	2	0	0
IKCLMC_03093	contig_61	158259	159659	+	GEGEGB_00122	1	persistent	2	0	0
IKCLMC_03094	contig_61	159670	160275	+	LNHIMF_00114	1	persistent	2	0	1
IKCLMC_03095	contig_61	160329	160610	-	HFCAGB_00112	1	cloud	2	0	0
IKCLMC_03097	contig_61	160929	161051	-	GEGEGB_00120	1	persistent	2	0	1
IKCLMC_03098	contig_61	161144	162802	+	GEGEGB_00118	1	persistent	2	0	0
IKCLMC_03099	contig_61	162980	163963	+	GEGEGB_00117	1	persistent	2	0	0
IKCLMC_03100	contig_61	163939	165549	+	LNHIMF_00109	1	persistent	2	0	0
IKCLMC_03101	contig_61	165533	166240	+	GEGEGB_00115	1	persistent	2	0	0
IKCLMC_03102	contig_61	166279	167046	-	GEGEGB_00114	1	persistent	2	0	0
IKCLMC_03103	contig_61	167165	168010	-	LNHIMF_00106	1	persistent	2	0	0
IKCLMC_03104	contig_61	168350	170059	+	GEGEGB_00112	1	persistent	2	0	0
IKCLMC_03105	contig_61	170070	171572	+	LNHIMF_00104	1	persistent	2	0	0
IKCLMC_03106	contig_61	171713	172408	+	BEJGEH_00107	1	persistent	2	0	1
IKCLMC_03107	contig_61	172414	172833	-	GEGEGB_00109	1	persistent	2	0	1
IKCLMC_03108	contig_61	173351	173971	+	HFCAGB_00098	1	persistent	2	0	1
IKCLMC_03109	contig_61	174015	176366	+	LNHIMF_00100	1	persistent	2	0	2
IKCLMC_03110	contig_61	176539	179445	+	GEGEGB_00103	1	persistent	2	0	0
IKCLMC_03111	contig_61	179457	180116	+	LNHIMF_00098	1	persistent	2	0	0
IKCLMC_03112	contig_61	180211	181131	-	GEGEGB_00101	1	persistent	2	0	0
IKCLMC_03113	contig_61	181276	183636	+	GEGEGB_00100	1	persistent	2	0	0
IKCLMC_03114	contig_61	183690	184976	+	GEGEGB_00099	1	persistent	2	0	0
IKCLMC_03115	contig_61	184976	185965	+	GEGEGB_00098	1	persistent	2	0	0
IKCLMC_03116	contig_61	185962	186783	+	GEGEGB_00097	1	persistent	2	0	0
IKCLMC_03117	contig_61	186786	187163	+	LNHIMF_00092	1	persistent	2	0	0
IKCLMC_03118	contig_61	187174	188022	+	GEGEGB_00095	1	persistent	2	0	0
IKCLMC_03119	contig_61	188128	188607	-	GEGEGB_00094	1	persistent	2	0	0
IKCLMC_03120	contig_61	188806	190668	-	GEGEGB_00093	1	persistent	2	0	0
IKCLMC_03121	contig_61	190661	191191	-	LNHIMF_00088	1	persistent	3	0	0
IKCLMC_03122	contig_61	191745	191873	-	BEJGEH_00088	2	persistent	2	0	0
IKCLMC_03123	contig_61	191985	193634	-	BEJGEH_00088	2	persistent	2	0	0
IKCLMC_03124	contig_61	194531	194821	+	GEGEGB_00088	1	persistent	2	0	0
IKCLMC_03126	contig_61	195045	195467	-	GEGEGB_00086	1	persistent	2	0	0
IKCLMC_03127	contig_61	195761	195991	-	GEGEGB_00085	1	persistent	3	0	0
IKCLMC_03128	contig_61	196080	197420	-	GEGEGB_00084	1	persistent	2	0	0
IKCLMC_03130	contig_61	197567	197854	-	GEGEGB_00082	1	persistent	2	0	0
IKCLMC_03131	contig_61	197851	199137	-	GEGEGB_00081	1	persistent	2	0	0
IKCLMC_03132	contig_61	199187	200128	-	GEGEGB_00080	1	persistent	2	0	0
IKCLMC_03133	contig_61	200144	200914	-	GEGEGB_00079	1	persistent	2	0	0
IKCLMC_03134	contig_61	201395	202912	+	LNHIMF_00076	1	persistent	2	0	0
IKCLMC_03135	contig_61	202947	204089	+	GEGEGB_00077	1	persistent	2	0	0
IKCLMC_03136	contig_61	204201	205418	+	GEGEGB_00076	1	persistent	2	0	0
IKCLMC_03137	contig_61	205481	207034	+	LNHIMF_00073	1	persistent	2	0	0
IKCLMC_03138	contig_61	207088	207873	+	LNHIMF_00072	1	persistent	2	0	0
IKCLMC_03139	contig_61	207983	208579	+	GEGEGB_00073	1	persistent	2	0	0
IKCLMC_03140	contig_61	208657	209052	-	GEGEGB_00072	1	persistent	2	1	0
IKCLMC_03141	contig_61	209326	212553	-	LNHIMF_00069	1	persistent	2	1	0
IKCLMC_03142	contig_61	212572	213720	-	LNHIMF_00068	1	persistent	2	1	1
IKCLMC_03143	contig_61	214584	215405	-	GEGEGB_00069	1	persistent	2	1	1
IKCLMC_03144	contig_61	215585	216493	-	LNHIMF_00065	1	persistent	2	0	0
IKCLMC_03145	contig_61	216471	217022	-	GEGEGB_00067	1	persistent	2	0	0
IKCLMC_03146	contig_61	217022	218542	-	LNHIMF_00063	1	persistent	2	0	0
IKCLMC_03147	contig_61	218553	219422	-	LNHIMF_00062	1	persistent	2	0	0
IKCLMC_03148	contig_61	219419	219712	-	GEGEGB_00064	1	persistent	2	0	0
IKCLMC_03149	contig_61	219742	220710	-	GEGEGB_00063	1	persistent	2	0	0
IKCLMC_03150	contig_61	221030	222370	+	GEGEGB_00062	1	persistent	2	0	0
IKCLMC_03151	contig_61	222529	222768	+	AJBGEP_03535	3	persistent	3	1	0
IKCLMC_03152	contig_61	222785	224560	+	GEGEGB_00060	2	persistent	2	0	1
IKCLMC_03153	contig_61	224576	225877	+	LNHIMF_00056	3	persistent	4	0	0
IKCLMC_03154	contig_61	225973	227631	+	BEJGEH_00056	1	persistent	2	0	0
IKCLMC_03155	contig_61	227633	228319	+	GEGEGB_00057	1	persistent	2	0	0
IKCLMC_03156	contig_61	228341	229261	-	GEGEGB_00056	1	persistent	2	0	0
IKCLMC_03157	contig_61	229277	230479	-	AJBGEP_00052	1	persistent	2	0	0
IKCLMC_03159	contig_61	230679	231629	-	GEGEGB_00053	1	persistent	2	0	0
IKCLMC_03160	contig_61	231632	232081	-	GEGEGB_00052	1	persistent	2	0	0
IKCLMC_03161	contig_61	232236	232736	-	LNHIMF_00048	1	persistent	2	0	0
IKCLMC_03162	contig_61	232736	235570	-	LNHIMF_00047	1	persistent	2	0	0
IKCLMC_03163	contig_61	235615	236553	-	GEGEGB_00049	1	persistent	2	0	1
IKCLMC_03164	contig_61	236882	237145	+	GEGEGB_00048	1	cloud	2	0	0
IKCLMC_03165	contig_61	237601	238974	+	LNHIMF_00044	1	persistent	2	0	1
IKCLMC_03166	contig_61	239014	241053	+	LNHIMF_00043	1	persistent	2	0	0
IKCLMC_03167	contig_61	241108	242001	-	GEGEGB_00045	1	persistent	2	0	0
IKCLMC_03168	contig_61	242069	243235	-	LNHIMF_00041	1	persistent	2	0	1
IKCLMC_03169	contig_61	243398	245113	-	LNHIMF_00040	1	persistent	1	1	1
IKCLMC_03170	contig_61	245231	246487	-	IKCLMC_03170	1	shell	1	1	0
IKCLMC_03171	contig_61	246512	247702	-	LNHIMF_00038	1	shell	1	1	0
IKCLMC_03172	contig_61	247801	249294	-	LNHIMF_00037	1	persistent	0	2	2
IKCLMC_03173	contig_61	249888	250649	+	GEGEGB_00039	1	shell	1	1	0
IKCLMC_03174	contig_61	250757	252319	+	GEGEGB_00038	1	shell	0	2	0
IKCLMC_03175	contig_61	252365	254083	-	BEJGEH_00035	1	shell	0	2	0
IKCLMC_03176	contig_61	254606	255046	+	HFCAGB_00034	1	shell	0	2	0
IKCLMC_03177	contig_61	255054	256058	-	AJBGEP_00032	1	shell	2	1	0
IKCLMC_03179	contig_61	256977	257264	-	LNHIMF_00030	1	persistent	2	1	0
IKCLMC_03180	contig_61	257303	258148	-	LNHIMF_00029	1	persistent	2	0	1
IKCLMC_03181	contig_61	258213	258944	-	LNHIMF_00028	1	persistent	2	0	0
IKCLMC_03182	contig_61	258910	259428	-	GEGEGB_00030	1	persistent	2	0	0
IKCLMC_03183	contig_61	259444	259989	-	LNHIMF_00026	1	persistent	2	0	0
IKCLMC_03184	contig_61	259990	260997	-	LNHIMF_00025	1	persistent	2	0	0
IKCLMC_03185	contig_61	260998	263619	-	LNHIMF_00024	1	persistent	2	0	0
IKCLMC_03186	contig_61	263624	264310	-	LNHIMF_00023	1	persistent	2	0	0
IKCLMC_03187	contig_61	264411	264953	-	LNHIMF_00022	1	persistent	2	0	0
IKCLMC_03188	contig_61	265383	266087	-	BEJGEH_00022	1	persistent	2	0	0
IKCLMC_03189	contig_61	266368	269364	-	LNHIMF_00020	1	persistent	2	0	0
IKCLMC_03190	contig_61	269456	271555	-	BEJGEH_00020	1	persistent	2	0	0
IKCLMC_03191	contig_61	271936	272379	+	GEGEGB_00018	1	persistent	2	0	0
IKCLMC_03192	contig_61	272396	272929	+	LNHIMF_00017	1	persistent	2	0	0
IKCLMC_03193	contig_61	272990	273334	-	LNHIMF_00016	1	persistent	2	0	0
IKCLMC_03194	contig_61	273461	274408	-	GEGEGB_00015	1	persistent	2	0	1
IKCLMC_03195	contig_61	274693	275832	-	GEGEGB_00014	1	persistent	2	0	1
IKCLMC_03197	contig_61	275918	277834	-	GEGEGB_00012	1	persistent	2	0	0
IKCLMC_03198	contig_61	278183	278587	+	GEGEGB_00011	1	persistent	2	0	0
IKCLMC_03199	contig_61	278623	279336	+	GEGEGB_00010	1	persistent	2	0	0
IKCLMC_03200	contig_61	279486	280052	+	GEGEGB_00009	1	persistent	2	0	0
IKCLMC_03201	contig_61	280109	280699	-	GEGEGB_00008	1	persistent	2	0	0
IKCLMC_03202	contig_61	280810	281763	-	GEGEGB_00007	1	persistent	2	0	0
IKCLMC_03203	contig_61	282032	283462	+	GEGEGB_00006	1	persistent	2	0	0
IKCLMC_03204	contig_61	283541	284314	+	GEGEGB_00005	1	persistent	2	0	0
IKCLMC_03205	contig_61	284408	285694	-	GEGEGB_00004	1	persistent	2	0	0
IKCLMC_03206	contig_61	285698	286627	-	GEGEGB_00003	1	persistent	2	0	0
IKCLMC_03207	contig_61	286629	289091	-	GEGEGB_00002	1	persistent	2	0	0
IKCLMC_03208	contig_61	289173	289259	-	GEGEGB_00001	1	persistent	2	0	0
IKCLMC_03209	contig_61	289452	290138	-	LNHIMF_04663	1	persistent	2	0	0
IKCLMC_03210	contig_61	290774	291490	+	GEGEGB_04897	1	persistent	2	0	1
IKCLMC_03211	contig_61	291757	292071	+	BEJGEH_04700	1	persistent	2	0	0
IKCLMC_03212	contig_61	292456	293127	+	GEGEGB_04895	1	persistent	2	0	1
IKCLMC_03213	contig_61	293466	294011	+	LNHIMF_04659	1	persistent	2	0	0
IKCLMC_03214	contig_61	294082	294765	+	LNHIMF_04658	1	persistent	2	0	0
IKCLMC_03215	contig_61	294811	297348	+	LNHIMF_04657	1	persistent	2	0	0
IKCLMC_03216	contig_61	297366	297923	+	LNHIMF_04656	1	persistent	2	0	1
IKCLMC_03217	contig_61	297964	299049	+	BEJGEH_04694	1	persistent	2	0	0
IKCLMC_03218	contig_61	299107	300456	-	GEGEGB_04888	1	persistent	2	0	1
IKCLMC_03219	contig_61	300514	301938	-	BEJGEH_04692	1	persistent	2	0	0
IKCLMC_03220	contig_61	301938	302627	-	LNHIMF_04652	1	persistent	2	0	0
IKCLMC_03221	contig_61	302640	303128	-	GEGEGB_04885	1	persistent	2	0	0
IKCLMC_03222	contig_61	303118	303225	-	LNHIMF_04650	1	persistent	2	0	0
IKCLMC_03223	contig_61	303325	304194	+	LNHIMF_04649	1	persistent	2	0	0
IKCLMC_03224	contig_61	304191	304838	-	LNHIMF_04648	1	persistent	2	0	1
IKCLMC_03225	contig_61	304887	305402	+	BEJGEH_04686	1	persistent	2	0	0
IKCLMC_03226	contig_61	305504	305830	-	GEGEGB_04880	1	persistent	2	0	1
IKCLMC_03227	contig_61	305888	307825	-	GEGEGB_04879	1	persistent	2	0	0
IKCLMC_03228	contig_61	308034	309701	+	LNHIMF_04644	1	persistent	2	0	0
IKCLMC_03229	contig_61	309819	311051	-	GEGEGB_04877	1	persistent	2	0	0
IKCLMC_03230	contig_61	311202	312584	-	GEGEGB_04876	1	persistent	2	0	0
IKCLMC_03231	contig_61	312668	313636	-	GEGEGB_04875	1	persistent	2	0	0
IKCLMC_03232	contig_61	313753	314397	+	GEGEGB_04874	1	persistent	2	0	0
IKCLMC_03233	contig_61	314431	315447	+	BEJGEH_04678	1	persistent	1	1	2
IKCLMC_03234	contig_61	315760	316449	+	AJBGEP_04792	1	shell	1	1	0
IKCLMC_03235	contig_61	316497	317186	+	BEJGEH_04676	1	shell	0	2	0
IKCLMC_03236	contig_61	317264	317971	+	BEJGEH_04675	1	shell	0	2	0
IKCLMC_03237	contig_61	317985	320393	+	BEJGEH_04674	1	shell	0	2	0
IKCLMC_03238	contig_61	320390	320962	+	BEJGEH_04673	1	shell	1	1	0
IKCLMC_03239	contig_61	321000	321719	-	GEGEGB_04871	1	persistent	1	1	2
IKCLMC_03240	contig_61	321929	323152	-	GEGEGB_04870	1	persistent	2	0	0
IKCLMC_03241	contig_61	323204	324526	-	GEGEGB_04869	1	persistent	2	0	0
IKCLMC_03242	contig_61	324650	325429	-	GEGEGB_04868	1	persistent	2	0	0
IKCLMC_03243	contig_61	325689	327239	+	BEJGEH_04668	1	persistent	1	2	0
IKCLMC_03244	contig_61	327487	328074	+	BEJGEH_04667	1	shell	2	0	0
IKCLMC_03245	contig_61	328107	328880	-	LNHIMF_04631	1	persistent	1	2	0
IKCLMC_03246	contig_61	328877	329971	-	LNHIMF_04630	1	persistent	2	0	0
IKCLMC_03247	contig_61	330074	330235	-	GEGEGB_04863	1	persistent	2	0	0
IKCLMC_03248	contig_61	330364	330981	-	GEGEGB_04862	1	persistent	2	0	0
IKCLMC_03249	contig_61	331383	332972	-	GEGEGB_04861	1	persistent	2	0	0
IKCLMC_03250	contig_61	333064	333744	-	LNHIMF_04626	1	persistent	2	0	0
IKCLMC_03251	contig_61	333763	334209	-	LNHIMF_04625	1	persistent	2	0	0
IKCLMC_03252	contig_61	334154	334591	-	BEJGEH_04659	1	persistent	2	0	1
IKCLMC_03253	contig_61	334694	335722	+	LNHIMF_04623	1	persistent	2	0	0
IKCLMC_03257	contig_61	336263	336499	-	GEGEGB_04853	1	persistent	2	0	0
IKCLMC_03258	contig_61	336750	337814	+	BEJGEH_04653	1	persistent	2	0	0
IKCLMC_03259	contig_61	337935	338723	+	GEGEGB_04851	1	persistent	2	0	0
IKCLMC_03260	contig_61	338874	339332	+	LNHIMF_04616	1	persistent	2	0	0
IKCLMC_03261	contig_61	339383	340057	-	GEGEGB_04849	1	persistent	2	0	0
IKCLMC_03262	contig_61	340018	340743	-	GEGEGB_04848	1	persistent	2	0	1
IKCLMC_03263	contig_61	341288	342232	+	LNHIMF_04613	1	persistent	2	0	1
IKCLMC_03264	contig_61	342223	342696	+	LNHIMF_04612	1	persistent	2	0	0
IKCLMC_03265	contig_61	342789	343328	+	GEGEGB_04845	1	persistent	2	0	0
IKCLMC_03266	contig_61	343331	344068	+	GEGEGB_04844	1	persistent	2	0	0
IKCLMC_03267	contig_61	344126	344587	+	LNHIMF_04609	1	persistent	2	0	0
IKCLMC_03268	contig_61	344870	347161	+	GEGEGB_04842	1	persistent	2	1	0
IKCLMC_03269	contig_61	347295	348305	-	HFCAGB_04779	1	shell	1	1	0
IKCLMC_03270	contig_61	348323	349384	-	HFCAGB_04778	1	shell	0	2	0
IKCLMC_03271	contig_61	349397	350245	-	LNHIMF_04605	1	shell	0	2	0
IKCLMC_03272	contig_61	350223	351002	-	LNHIMF_04604	1	shell	0	2	0
IKCLMC_03273	contig_61	351028	351489	-	LNHIMF_04603	1	shell	0	2	0
IKCLMC_03274	contig_61	351504	351926	-	HFCAGB_04774	1	shell	0	2	0
IKCLMC_03275	contig_61	352028	354793	-	AJBGEP_04751	1	shell	1	1	0
IKCLMC_03276	contig_61	355116	356777	-	LNHIMF_04600	1	persistent	2	1	1
IKCLMC_03277	contig_61	357144	359294	+	GEGEGB_04839	1	persistent	2	0	1
IKCLMC_03278	contig_61	359389	359592	+	GEGEGB_04838	1	persistent	2	0	0
IKCLMC_03279	contig_61	359603	360559	+	LNHIMF_04597	1	persistent	1	1	2
IKCLMC_03280	contig_61	360634	360936	-	GEGEGB_04836	1	shell	1	1	0
IKCLMC_03281	contig_61	360923	361210	-	GEGEGB_04835	1	shell	0	2	2
IKCLMC_03282	contig_61	361620	363461	+	IKCLMC_03282	1	cloud	0	1	2
IKCLMC_03283	contig_61	364074	364649	+	IKCLMC_03283	1	cloud	0	0	2
IKCLMC_03284	contig_61	364654	365907	+	IKCLMC_03284	1	cloud	0	0	2
IKCLMC_03285	contig_61	365939	366073	-	IKCLMC_03285	1	cloud	0	0	2
IKCLMC_03286	contig_61	366198	366638	+	IKCLMC_03286	1	cloud	0	0	2
IKCLMC_03287	contig_61	366610	367077	+	IKCLMC_03287	1	cloud	0	0	2
IKCLMC_03288	contig_61	367026	367364	+	IKCLMC_03288	1	cloud	0	0	2
IKCLMC_03289	contig_61	367428	369047	+	IKCLMC_03289	1	cloud	0	0	3
IKCLMC_03290	contig_61	369037	370431	+	IKCLMC_03290	1	cloud	0	0	2
IKCLMC_03291	contig_61	370527	373793	+	IKCLMC_03291	1	cloud	0	1	2
IKCLMC_03292	contig_61	373957	374877	+	LNHIMF_04594	1	shell	1	0	3
IKCLMC_03293	contig_61	374954	375118	-	GEGEGB_04826	1	persistent	1	2	0
IKCLMC_03294	contig_61	375323	376693	-	LNHIMF_04592	1	persistent	1	2	0
IKCLMC_03295	contig_61	376874	377839	-	GEGEGB_04823	1	shell	2	0	0
IKCLMC_03296	contig_61	378318	379574	+	OEKLIE_03605	1	persistent	1	2	0
IKCLMC_03297	contig_61	379661	380932	+	LNHIMF_04589	1	persistent	2	0	0
IKCLMC_03298	contig_61	381152	382336	+	LNHIMF_04588	1	persistent	2	0	0
IKCLMC_03299	contig_61	383209	383880	+	GEGEGB_04819	1	persistent	2	0	0
IKCLMC_03300	contig_61	383877	384338	+	GEGEGB_04818	1	persistent	2	0	0
IKCLMC_03301	contig_61	384351	385523	+	GEGEGB_04817	1	persistent	2	0	0
IKCLMC_03302	contig_61	385642	386550	+	GEGEGB_04816	1	persistent	2	0	0
IKCLMC_03303	contig_61	386556	387290	-	LNHIMF_04583	1	persistent	2	0	0
IKCLMC_03304	contig_61	387529	387975	-	LNHIMF_04582	1	persistent	2	0	0
IKCLMC_03306	contig_61	388777	389790	+	LNHIMF_04580	1	persistent	2	0	0
IKCLMC_03307	contig_61	389791	390516	-	LNHIMF_04579	1	persistent	1	1	1
IKCLMC_03308	contig_61	391061	391588	+	AJBGEP_04722	1	shell	2	0	0
IKCLMC_03309	contig_61	391585	392046	-	BEJGEH_04618	1	persistent	1	1	1
IKCLMC_03310	contig_61	392251	393162	-	LNHIMF_04576	1	persistent	2	1	0
IKCLMC_03311	contig_61	393516	394124	-	GEGEGB_04807	1	persistent	2	1	2
IKCLMC_03312	contig_61	394612	394869	+	GEGEGB_04806	1	persistent	2	0	4
IKCLMC_03313	contig_61	394880	396505	+	LNHIMF_04572	1	persistent	2	0	2
IKCLMC_03314	contig_61	397065	397781	+	HFCAGB_04730	1	persistent	2	0	0
IKCLMC_03315	contig_61	397723	397830	+	GEGEGB_04803	1	persistent	1	1	6
IKCLMC_03316	contig_61	398259	399134	-	ALJMDI_03931	1	shell	1	0	11
IKCLMC_03317	contig_61	399567	400292	+	IKCLMC_03317	1	cloud	0	1	1
IKCLMC_03318	contig_61	400320	400613	-	IKCLMC_03318	1	cloud	0	0	2
IKCLMC_03319	contig_61	401033	402181	+	IKCLMC_03319	1	cloud	0	0	2
IKCLMC_03320	contig_61	402190	404100	+	IKCLMC_03320	1	cloud	0	0	2
IKCLMC_03321	contig_61	404090	405190	+	IKCLMC_03321	1	cloud	0	0	2
IKCLMC_03322	contig_61	405196	406065	+	IKCLMC_03322	1	cloud	0	0	2
IKCLMC_03323	contig_61	406153	406527	+	IKCLMC_03323	1	cloud	0	0	2
IKCLMC_03324	contig_61	406524	406811	-	IKCLMC_03324	1	cloud	0	0	2
IKCLMC_03325	contig_61	407227	408285	+	IKCLMC_03325	1	cloud	0	0	2
IKCLMC_03326	contig_61	408316	409386	+	IKCLMC_03326	1	cloud	0	0	2
IKCLMC_03327	contig_61	409383	410492	+	IKCLMC_03327	1	cloud	0	0	2
IKCLMC_03328	contig_61	410547	411017	-	IKCLMC_03328	1	cloud	0	0	2
IKCLMC_03329	contig_61	411852	412028	-	IKCLMC_03329	1	cloud	0	0	2
IKCLMC_03330	contig_61	412076	412231	-	IKCLMC_00010	3	cloud	0	0	2
IKCLMC_03331	contig_61	412527	412805	+	IKCLMC_03331	1	cloud	0	0	2
IKCLMC_03332	contig_61	412834	413220	+	IKCLMC_03332	1	cloud	0	0	2
IKCLMC_03333	contig_61	413245	413508	+	IKCLMC_03333	1	cloud	0	0	2
IKCLMC_03334	contig_61	413549	413977	-	IKCLMC_03334	1	cloud	0	0	2
IKCLMC_03335	contig_61	414074	414460	-	IKCLMC_03335	1	cloud	0	0	2
IKCLMC_03336	contig_61	414475	416349	-	IKCLMC_03336	1	cloud	0	0	2
IKCLMC_03337	contig_61	416346	417656	-	IKCLMC_03337	1	cloud	0	0	2
IKCLMC_03338	contig_61	417649	418851	-	IKCLMC_03338	1	cloud	0	0	2
IKCLMC_03339	contig_61	419134	419448	-	IKCLMC_03339	1	cloud	0	0	2
IKCLMC_03340	contig_61	419469	419675	-	IKCLMC_03340	1	cloud	0	0	4
IKCLMC_03341	contig_61	419842	420651	-	IKCLMC_03341	1	cloud	0	0	2
IKCLMC_03342	contig_61	420763	422013	-	PKJKAM_02216	1	cloud	1	0	6
IKCLMC_03344	contig_61	422510	423529	+	LNHIMF_04563	1	persistent	1	0	8
IKCLMC_03345	contig_61	423557	424087	-	LNHIMF_04562	1	persistent	2	0	0
IKCLMC_03346	contig_61	424304	425335	+	LNHIMF_04561	1	persistent	2	0	0
IKCLMC_03347	contig_61	425360	426124	+	LNHIMF_04560	1	persistent	2	0	0
IKCLMC_03348	contig_61	426186	427505	+	BEJGEH_04557	1	persistent	2	0	1
IKCLMC_03349	contig_61	427569	428567	+	GEGEGB_04763	1	persistent	2	0	0
IKCLMC_03350	contig_61	428762	429844	-	LNHIMF_04557	1	persistent	2	0	0
IKCLMC_03351	contig_61	429844	430944	-	GEGEGB_04761	1	persistent	2	0	0
IKCLMC_03352	contig_61	431339	432850	+	LNHIMF_04554	1	persistent	2	0	0
IKCLMC_03354	contig_61	432987	433430	+	LNHIMF_04553	1	persistent	2	0	0
IKCLMC_03355	contig_61	433430	436285	+	GEGEGB_04757	1	persistent	2	0	0
IKCLMC_03356	contig_61	436427	437614	-	LNHIMF_04551	1	persistent	2	0	0
IKCLMC_03357	contig_61	437809	438312	+	LNHIMF_04550	1	persistent	2	0	0
IKCLMC_03358	contig_61	438419	438907	+	GEGEGB_04754	1	persistent	2	0	1
IKCLMC_03359	contig_61	439151	439915	-	GEGEGB_04752	1	persistent	2	1	1
IKCLMC_03360	contig_61	439975	440391	-	GEGEGB_04751	1	persistent	2	1	0
IKCLMC_03361	contig_61	440557	441561	+	LNHIMF_04546	1	persistent	2	0	0
IKCLMC_03362	contig_61	441635	442087	-	GEGEGB_04749	1	persistent	2	0	0
IKCLMC_03363	contig_61	442763	443983	+	GEGEGB_04748	1	persistent	2	0	0
IKCLMC_03364	contig_61	443994	444926	+	BENMGJ_01145	1	persistent	2	0	0
IKCLMC_03365	contig_61	445038	446042	+	GEGEGB_04746	1	persistent	2	0	0
IKCLMC_03366	contig_61	446098	447501	+	GEGEGB_04745	1	persistent	2	0	0
IKCLMC_03367	contig_61	447688	448176	+	LNHIMF_04539	1	persistent	3	0	0
IKCLMC_03368	contig_61	448266	448367	+	GEGEGB_04743	1	persistent	2	0	0
IKCLMC_03369	contig_61	448403	449338	+	GEGEGB_04742	1	persistent	3	0	0
IKCLMC_03370	contig_61	449351	449812	+	GEGEGB_04741	1	persistent	2	0	0
IKCLMC_03371	contig_61	449889	450275	+	GEGEGB_04740	1	persistent	3	0	0
IKCLMC_03372	contig_61	450364	453072	-	GEGEGB_04738	1	persistent	3	0	0
IKCLMC_03373	contig_61	453213	453266	-	GEGEGB_04737	1	persistent	2	0	0
IKCLMC_03374	contig_61	453456	454403	+	LNHIMF_04532	1	persistent	2	0	0
IKCLMC_03375	contig_61	454541	455959	+	LNHIMF_04531	1	persistent	2	0	0
IKCLMC_03376	contig_61	456009	457661	+	LNHIMF_04530	1	persistent	2	0	0
IKCLMC_03377	contig_61	458071	460209	+	LNHIMF_04529	1	persistent	2	0	0
IKCLMC_03378	contig_61	460426	460890	+	GEGEGB_04731	1	persistent	2	0	1
IKCLMC_03379	contig_61	460894	461178	-	GEGEGB_04730	1	persistent	2	0	0
IKCLMC_03380	contig_61	461168	461410	-	GEGEGB_04729	1	persistent	2	0	0
IKCLMC_03381	contig_61	461488	463401	-	LNHIMF_04525	1	persistent	2	0	1
IKCLMC_03382	contig_61	463418	464158	-	LNHIMF_04524	1	persistent	2	0	0
IKCLMC_03383	contig_61	464155	465273	-	GEGEGB_04726	1	persistent	2	0	0
IKCLMC_03384	contig_61	465257	466390	-	GEGEGB_04725	1	persistent	2	0	0
IKCLMC_03385	contig_61	466449	467093	-	GEGEGB_04724	1	persistent	2	0	0
IKCLMC_03386	contig_61	467105	467881	-	GEGEGB_04723	1	persistent	2	0	0
IKCLMC_03387	contig_61	467904	468206	-	GEGEGB_04722	1	persistent	2	0	0
IKCLMC_03388	contig_61	468206	468568	-	GEGEGB_04721	1	persistent	2	0	0
IKCLMC_03389	contig_61	468579	468908	-	GEGEGB_04720	1	persistent	2	0	0
IKCLMC_03390	contig_61	469205	469591	-	GEGEGB_04719	1	persistent	2	0	0
IKCLMC_03391	contig_61	469690	471042	-	GEGEGB_04718	1	persistent	2	0	0
IKCLMC_03392	contig_61	471138	471689	+	GEGEGB_04717	1	persistent	2	1	0
IKCLMC_03393	contig_61	471796	473169	-	BEJGEH_04493	1	persistent	2	1	0
IKCLMC_03394	contig_61	473344	474342	+	LNHIMF_04512	1	persistent	2	0	0
IKCLMC_03395	contig_61	474569	475099	+	GEGEGB_04714	1	persistent	2	0	0
IKCLMC_03396	contig_61	475512	476672	+	LNHIMF_04510	1	persistent	2	0	0
IKCLMC_03397	contig_61	476669	477877	+	LNHIMF_04509	1	persistent	2	0	0
IKCLMC_03398	contig_61	477931	478275	-	GEGEGB_04711	1	persistent	2	0	0
IKCLMC_03399	contig_61	478278	482057	-	LNHIMF_04507	1	persistent	2	0	0
IKCLMC_03400	contig_61	482054	483787	-	GEGEGB_04709	1	persistent	2	0	0
IKCLMC_03401	contig_61	484000	484638	+	GEGEGB_04708	1	persistent	2	0	0
IKCLMC_03403	contig_61	484821	486164	+	GEGEGB_04706	1	persistent	2	0	1
IKCLMC_03404	contig_61	486249	486455	-	GEGEGB_04702	1	persistent	2	1	0
IKCLMC_03405	contig_61	486782	487339	+	GEGEGB_04701	1	persistent	2	0	0
IKCLMC_03406	contig_61	487329	488069	-	GEGEGB_04700	1	persistent	2	0	0
IKCLMC_03407	contig_61	488337	490280	+	BEJGEH_04479	1	persistent	2	0	0
IKCLMC_03408	contig_61	490338	490724	-	GEGEGB_04698	1	persistent	2	0	0
IKCLMC_03409	contig_61	490812	491660	+	LNHIMF_04497	1	persistent	2	0	0
IKCLMC_03410	contig_61	491741	492706	+	LNHIMF_04496	1	persistent	2	0	0
IKCLMC_03411	contig_61	492809	493471	+	LNHIMF_04495	1	persistent	2	0	1
IKCLMC_03412	contig_61	493538	494926	-	IKCLMC_03412	1	cloud	1	0	1
IKCLMC_03413	contig_61	494941	496080	-	IKCLMC_03413	1	cloud	1	0	1
IKCLMC_03414	contig_61	496418	497821	-	LNHIMF_04494	1	persistent	2	0	1
IKCLMC_03415	contig_61	498117	498737	-	GEGEGB_04691	1	persistent	2	0	0
IKCLMC_03416	contig_61	498957	499592	+	LNHIMF_04492	1	persistent	2	0	0
IKCLMC_03417	contig_61	499642	500568	-	LNHIMF_04491	1	persistent	2	0	0
IKCLMC_03418	contig_61	500716	501165	-	GEGEGB_04688	1	persistent	2	0	0
IKCLMC_03419	contig_61	501207	501434	-	GEGEGB_04687	1	persistent	2	0	0
IKCLMC_03420	contig_61	501439	501753	-	GEGEGB_04686	1	persistent	2	0	0
IKCLMC_03421	contig_61	501760	502155	-	GEGEGB_04685	1	persistent	2	0	1
IKCLMC_03422	contig_61	502626	502901	+	AJBGEP_04600	1	persistent	2	0	0
IKCLMC_03423	contig_61	503030	503716	-	PAPNPA_02919	1	persistent	2	0	1
IKCLMC_03424	contig_61	503716	504570	-	LNHIMF_04483	1	persistent	2	0	0
IKCLMC_03425	contig_61	504580	505230	-	LNHIMF_04482	1	persistent	2	0	0
IKCLMC_03426	contig_61	505244	505708	-	LNHIMF_04481	1	persistent	2	0	1
IKCLMC_03427	contig_61	505718	506023	-	BEJGEH_04460	1	persistent	2	0	0
IKCLMC_03428	contig_61	506039	507436	-	LNHIMF_04479	1	persistent	2	0	1
IKCLMC_03429	contig_61	507799	508863	+	GEGEGB_04677	1	persistent	2	0	0
IKCLMC_03430	contig_61	508968	509723	+	GEGEGB_04676	1	persistent	2	0	0
IKCLMC_03431	contig_61	509720	510469	-	GEGEGB_04675	1	persistent	2	0	0
IKCLMC_03432	contig_61	510680	510982	+	LNHIMF_04475	1	persistent	2	0	0
IKCLMC_03433	contig_61	511113	511388	+	GEGEGB_04673	1	persistent	2	0	0
IKCLMC_03434	contig_61	511433	513055	-	LNHIMF_04473	1	persistent	2	0	0
IKCLMC_03435	contig_61	513140	514303	-	GEGEGB_04671	1	persistent	2	0	0
IKCLMC_03436	contig_61	514306	514944	-	BEJGEH_04451	1	persistent	2	0	0
IKCLMC_03437	contig_61	514954	515352	-	GEGEGB_04669	1	persistent	2	0	0
IKCLMC_03438	contig_61	515370	516029	-	GEGEGB_04668	1	persistent	2	0	1
IKCLMC_03439	contig_61	516026	517096	-	AJBGEP_04583	1	persistent	2	0	0
IKCLMC_03440	contig_61	517096	517794	-	BEJGEH_04447	1	persistent	2	0	1
IKCLMC_03441	contig_61	517809	518213	-	LNHIMF_04466	1	persistent	2	0	0
IKCLMC_03442	contig_61	518343	519074	-	LNHIMF_04465	1	persistent	2	0	0
IKCLMC_03443	contig_61	519165	521603	-	GEGEGB_04663	1	persistent	2	0	0
IKCLMC_03444	contig_61	521641	522066	-	LNHIMF_04463	1	persistent	2	0	0
IKCLMC_03445	contig_61	522273	523571	-	GEGEGB_04661	1	persistent	2	0	0
IKCLMC_03446	contig_61	523674	523871	-	GEGEGB_04660	1	persistent	2	0	1
IKCLMC_03447	contig_61	523950	524954	-	GEGEGB_04659	1	persistent	2	0	0
IKCLMC_03448	contig_61	524957	526216	-	LNHIMF_04459	1	persistent	2	0	0
IKCLMC_03449	contig_61	526431	527711	-	LNHIMF_04458	1	persistent	2	0	0
IKCLMC_03450	contig_61	527783	528091	-	GEGEGB_04656	1	persistent	2	0	0
IKCLMC_03451	contig_61	528174	529124	-	LNHIMF_04456	1	persistent	2	0	0
IKCLMC_03452	contig_61	529117	530973	-	GEGEGB_04654	1	persistent	2	0	0
IKCLMC_03453	contig_61	530983	532302	-	GEGEGB_04653	1	persistent	2	0	0
IKCLMC_03454	contig_61	532319	532780	-	GEGEGB_04652	1	persistent	2	0	0
IKCLMC_03455	contig_61	532752	534296	-	LNHIMF_04452	1	persistent	2	0	0
IKCLMC_03456	contig_61	534298	535437	+	LNHIMF_04451	1	persistent	2	0	0
IKCLMC_03457	contig_62	876	1097	-	GEGEGB_03485	1	persistent	3	0	0
IKCLMC_03458	contig_62	1333	4446	-	LNHIMF_03443	2	persistent	4	0	0
IKCLMC_03459	contig_62	4458	5615	-	BEJGEH_03419	1	persistent	3	0	0
IKCLMC_03460	contig_62	6029	6691	+	LNHIMF_03441	1	persistent	2	0	0
IKCLMC_03461	contig_62	6694	8793	-	LNHIMF_03440	1	persistent	3	0	0
IKCLMC_03462	contig_62	8944	9108	-	GEGEGB_03480	1	persistent	2	0	0
IKCLMC_03463	contig_62	9191	10075	-	GEGEGB_03479	1	persistent	2	0	0
IKCLMC_03464	contig_62	10161	10457	-	GEGEGB_03478	1	persistent	2	0	0
IKCLMC_03465	contig_62	10483	11448	-	GEGEGB_03477	1	persistent	2	0	1
IKCLMC_03466	contig_62	12109	12990	-	GEGEGB_03476	1	persistent	2	0	1
IKCLMC_03467	contig_62	13002	14453	-	LNHIMF_03434	1	persistent	2	0	0
IKCLMC_03468	contig_62	14443	14685	-	LNHIMF_03433	1	persistent	2	0	0
IKCLMC_03469	contig_62	14794	16143	-	GEGEGB_03473	1	persistent	2	0	0
IKCLMC_03470	contig_62	16154	16624	-	GEGEGB_03472	1	persistent	2	0	0
IKCLMC_03471	contig_62	17017	17616	-	GEGEGB_03471	1	persistent	2	0	0
IKCLMC_03472	contig_62	17617	18621	-	GEGEGB_03470	1	persistent	2	0	0
IKCLMC_03473	contig_62	18734	19708	-	GEGEGB_03469	1	persistent	2	0	0
IKCLMC_03474	contig_62	19912	21852	+	LNHIMF_03427	1	persistent	2	0	0
IKCLMC_03475	contig_62	22160	23203	+	GEGEGB_03467	1	persistent	2	0	0
IKCLMC_03476	contig_62	23268	24320	+	LNHIMF_03425	1	persistent	2	0	0
IKCLMC_03477	contig_62	24320	24811	+	GEGEGB_03465	1	persistent	2	0	0
IKCLMC_03478	contig_62	24820	25413	+	LNHIMF_03423	1	persistent	2	0	0
IKCLMC_03479	contig_62	25403	26872	+	GEGEGB_03463	1	persistent	2	0	0
IKCLMC_03480	contig_62	26979	30779	+	LNHIMF_03421	1	persistent	2	0	0
IKCLMC_03481	contig_62	30924	32369	+	GEGEGB_03461	1	persistent	2	0	0
IKCLMC_03482	contig_62	32492	33421	-	GEGEGB_03460	1	persistent	2	0	0
IKCLMC_03483	contig_62	33603	33806	+	GEGEGB_03459	1	persistent	2	0	0
IKCLMC_03484	contig_62	33814	34746	+	GEGEGB_03458	1	persistent	2	0	0
IKCLMC_03485	contig_62	34752	36719	+	LNHIMF_03416	1	persistent	2	0	0
IKCLMC_03486	contig_62	36891	37163	+	GEGEGB_03456	1	persistent	2	0	0
IKCLMC_03487	contig_62	37223	37489	-	GEGEGB_03455	1	persistent	2	0	0
IKCLMC_03488	contig_62	37593	37856	-	GEGEGB_03454	1	persistent	2	0	0
IKCLMC_03489	contig_62	38221	38691	-	GEGEGB_03453	1	persistent	2	0	0
IKCLMC_03490	contig_62	39106	40044	+	GEGEGB_03452	1	persistent	2	0	0
IKCLMC_03491	contig_62	40164	40793	+	GEGEGB_03451	1	persistent	2	0	0
IKCLMC_03492	contig_62	40780	41445	+	GEGEGB_03450	1	persistent	2	0	0
IKCLMC_03493	contig_62	41656	42924	+	GEGEGB_03449	1	persistent	2	0	0
IKCLMC_03494	contig_62	42957	43856	+	GEGEGB_03448	1	persistent	2	0	0
IKCLMC_03495	contig_62	43856	44473	+	GEGEGB_03447	1	persistent	2	0	0
IKCLMC_03496	contig_62	44630	44878	+	AJBGEP_03535	3	persistent	3	1	0
IKCLMC_03497	contig_62	44894	46663	+	GEGEGB_00060	2	persistent	2	0	1
IKCLMC_03498	contig_62	46676	47977	+	LNHIMF_00056	3	persistent	4	0	0
IKCLMC_03499	contig_62	48030	48728	+	HFCAGB_03583	1	persistent	2	0	0
IKCLMC_03500	contig_62	48762	49832	-	GEGEGB_03442	1	persistent	2	0	0
IKCLMC_03501	contig_62	49925	51292	-	GEGEGB_03441	1	persistent	2	0	0
IKCLMC_03502	contig_62	51449	51847	-	LNHIMF_03399	1	persistent	2	0	0
IKCLMC_03503	contig_62	52040	53164	+	LNHIMF_03398	1	persistent	2	0	0
IKCLMC_03504	contig_62	53466	53894	+	GEGEGB_03438	1	persistent	2	0	0
IKCLMC_03505	contig_62	53910	54302	+	GEGEGB_03437	1	persistent	2	1	2
IKCLMC_03506	contig_62	54502	55254	+	HFCAGB_03576	1	shell	2	0	0
IKCLMC_03507	contig_62	55517	56155	+	LNHIMF_03394	1	persistent	2	1	2
IKCLMC_03508	contig_62	56161	56661	+	GEGEGB_03434	1	persistent	2	0	0
IKCLMC_03509	contig_62	56779	57561	+	GEGEGB_03433	1	persistent	2	0	0
IKCLMC_03510	contig_62	57696	58589	+	LNHIMF_03391	1	persistent	2	0	0
IKCLMC_03511	contig_62	58705	60195	+	LNHIMF_03390	1	persistent	2	0	0
IKCLMC_03512	contig_62	60242	60931	+	LNHIMF_03389	1	persistent	2	0	0
IKCLMC_03513	contig_62	60928	61803	+	LNHIMF_03388	1	persistent	2	0	0
IKCLMC_03514	contig_62	61800	62267	+	GEGEGB_03427	1	persistent	2	0	0
IKCLMC_03515	contig_62	62350	63630	-	LNHIMF_03386	1	persistent	2	0	0
IKCLMC_03516	contig_62	63617	64870	-	LNHIMF_03385	1	persistent	2	0	0
IKCLMC_03517	contig_62	64986	66089	-	GEGEGB_03424	1	persistent	2	0	1
IKCLMC_03518	contig_62	66296	67714	-	GEGEGB_03423	1	persistent	2	0	1
IKCLMC_03519	contig_62	67724	72184	-	GEGEGB_03422	1	persistent	2	0	0
IKCLMC_03520	contig_62	72856	73785	+	GEGEGB_03421	1	persistent	2	0	0
IKCLMC_03521	contig_62	73879	76215	+	LNHIMF_03380	1	persistent	2	0	0
IKCLMC_03523	contig_62	76442	77095	+	BEJGEH_03355	1	persistent	2	0	0
IKCLMC_03524	contig_62	77092	77820	+	GEGEGB_03417	1	persistent	2	0	0
IKCLMC_03525	contig_62	77895	78527	-	GEGEGB_03416	1	persistent	2	0	0
IKCLMC_03526	contig_62	78776	79048	-	GEGEGB_03415	1	persistent	2	0	0
IKCLMC_03527	contig_62	79045	79899	-	LNHIMF_03373	1	persistent	2	0	0
IKCLMC_03528	contig_62	79945	80436	-	GEGEGB_03413	1	persistent	2	0	0
IKCLMC_03529	contig_62	80554	80841	-	LNHIMF_03371	1	persistent	2	0	0
IKCLMC_03530	contig_62	80864	82297	-	GEGEGB_03411	1	persistent	2	0	0
IKCLMC_03531	contig_62	82345	83070	-	GEGEGB_03410	1	persistent	2	0	0
IKCLMC_03532	contig_62	83077	83631	-	GEGEGB_03409	1	persistent	2	0	0
IKCLMC_03533	contig_62	83600	84175	-	GEGEGB_03408	1	persistent	2	0	0
IKCLMC_03534	contig_62	84172	84738	-	GEGEGB_03407	1	persistent	2	0	0
IKCLMC_03535	contig_62	84759	85745	-	LNHIMF_03365	1	persistent	2	0	0
IKCLMC_03536	contig_62	85759	86736	-	LNHIMF_03364	1	persistent	2	0	0
IKCLMC_03537	contig_62	86949	87761	+	LNHIMF_03363	1	persistent	2	0	0
IKCLMC_03538	contig_62	87769	88551	+	GEGEGB_03403	1	persistent	2	0	0
IKCLMC_03539	contig_62	88556	89107	+	GEGEGB_03402	1	persistent	2	0	0
IKCLMC_03540	contig_62	89126	89761	+	GEGEGB_03401	1	persistent	2	0	0
IKCLMC_03541	contig_62	89761	90057	+	GEGEGB_03400	1	persistent	2	0	0
IKCLMC_03542	contig_62	90206	90499	+	GEGEGB_03399	1	persistent	2	0	0
IKCLMC_03543	contig_62	90553	91812	+	GEGEGB_03398	1	persistent	2	0	0
IKCLMC_03544	contig_62	91871	92158	-	GEGEGB_03397	1	persistent	2	0	0
IKCLMC_03545	contig_62	92391	93503	-	LNHIMF_03355	1	persistent	2	0	0
IKCLMC_03546	contig_62	93620	93931	+	GEGEGB_03395	1	persistent	2	0	0
IKCLMC_03547	contig_62	93951	94208	+	GEGEGB_03394	1	persistent	2	0	0
IKCLMC_03548	contig_62	94338	95303	+	GEGEGB_03393	1	persistent	2	0	0
IKCLMC_03549	contig_62	95319	96491	+	GEGEGB_03392	1	persistent	2	0	0
IKCLMC_03550	contig_62	96622	98055	-	GEGEGB_03391	1	persistent	2	0	0
IKCLMC_03551	contig_62	98148	98249	+	GEGEGB_03390	1	persistent	2	0	0
IKCLMC_03552	contig_62	98303	98779	+	GEGEGB_03389	1	persistent	2	0	0
IKCLMC_03553	contig_62	98935	99267	-	GEGEGB_03388	1	persistent	2	0	0
IKCLMC_03554	contig_62	99355	99981	+	LNHIMF_03346	1	persistent	2	0	0
IKCLMC_03555	contig_62	100076	102019	+	GEGEGB_03386	1	persistent	2	1	0
IKCLMC_03556	contig_62	102124	102972	+	GEGEGB_03385	1	persistent	2	1	0
IKCLMC_03557	contig_62	102965	104302	+	GEGEGB_03384	1	persistent	2	0	0
IKCLMC_03558	contig_62	104525	104857	+	GEGEGB_03383	1	persistent	2	1	1
IKCLMC_03560	contig_62	105293	106357	+	AJBGEP_03469	1	shell	2	0	0
IKCLMC_03561	contig_62	106443	107786	-	GEGEGB_03381	1	persistent	2	1	1
IKCLMC_03563	contig_62	108414	108866	+	GEGEGB_03379	1	persistent	2	0	0
IKCLMC_03564	contig_62	108894	110396	+	LNHIMF_03337	1	persistent	2	0	0
IKCLMC_03565	contig_62	110421	113099	+	BEJGEH_03312	1	persistent	2	0	0
IKCLMC_03566	contig_62	113320	113721	+	GEGEGB_03376	1	persistent	2	0	0
IKCLMC_03567	contig_62	113721	114665	+	GEGEGB_03375	1	persistent	2	0	0
IKCLMC_03568	contig_62	114816	115085	+	GEGEGB_03374	1	persistent	2	0	0
IKCLMC_03570	contig_62	115297	117462	+	LNHIMF_03331	1	persistent	2	0	0
IKCLMC_03571	contig_62	117572	118456	+	GEGEGB_03371	1	persistent	2	0	0
IKCLMC_03572	contig_62	118562	118642	+	GEGEGB_03370	1	persistent	2	0	0
IKCLMC_03573	contig_62	118635	120524	+	GEGEGB_03369	1	persistent	2	0	0
IKCLMC_03574	contig_62	120678	121922	+	GEGEGB_03368	1	persistent	2	1	0
IKCLMC_03575	contig_62	122013	123020	-	LNHIMF_03326	1	persistent	2	1	0
IKCLMC_03576	contig_62	123198	124076	-	GEGEGB_03366	1	persistent	2	0	0
IKCLMC_03577	contig_62	124085	125080	-	GEGEGB_03365	1	persistent	2	0	0
IKCLMC_03578	contig_62	125297	125821	+	GEGEGB_03364	1	persistent	2	0	0
IKCLMC_03579	contig_62	125815	126318	+	GEGEGB_03363	1	persistent	2	0	0
IKCLMC_03580	contig_62	126305	126622	-	GEGEGB_03362	1	persistent	2	0	0
IKCLMC_03581	contig_62	126660	127103	+	GEGEGB_03361	1	persistent	2	0	0
IKCLMC_03582	contig_62	127083	127601	-	GEGEGB_03360	1	persistent	2	0	0
IKCLMC_03583	contig_62	127732	128367	+	LNHIMF_03318	1	persistent	2	0	0
IKCLMC_03584	contig_62	128434	129009	-	GEGEGB_03358	1	persistent	2	0	0
IKCLMC_03585	contig_62	129019	129609	-	LNHIMF_03316	1	persistent	2	0	0
IKCLMC_03586	contig_62	129631	130026	-	LNHIMF_03315	1	persistent	2	0	0
IKCLMC_03587	contig_62	129984	132023	-	LNHIMF_03314	1	persistent	2	0	0
IKCLMC_03588	contig_62	132087	132950	+	LNHIMF_03313	1	persistent	2	0	0
IKCLMC_03589	contig_62	133108	133881	-	GEGEGB_03353	1	persistent	2	0	0
IKCLMC_03590	contig_62	133992	135035	-	GEGEGB_03352	1	persistent	2	1	0
IKCLMC_03591	contig_62	135079	136452	-	LNHIMF_03310	1	persistent	2	0	0
IKCLMC_03592	contig_62	136456	136740	-	GEGEGB_03350	1	persistent	2	0	0
IKCLMC_03593	contig_62	136771	137235	-	LNHIMF_03308	1	persistent	2	0	0
IKCLMC_03594	contig_62	137250	138521	-	BEJGEH_03281	1	persistent	2	1	0
IKCLMC_03595	contig_62	138719	139525	-	ODDLKH_03695	1	shell	1	1	0
IKCLMC_03596	contig_62	139512	140939	-	ODDLKH_03694	1	shell	1	2	0
IKCLMC_03597	contig_62	140966	141880	-	AJBGEP_03435	1	shell	1	1	0
IKCLMC_03598	contig_62	141891	142745	-	GEGEGB_03343	1	persistent	2	2	0
IKCLMC_03599	contig_62	143079	143912	+	GEGEGB_03342	1	shell	1	1	0
IKCLMC_03600	contig_62	143923	144870	+	AJBGEP_03432	1	shell	1	1	0
IKCLMC_03601	contig_62	145110	146681	-	LNHIMF_03305	1	persistent	2	1	0
IKCLMC_03602	contig_62	147211	147981	+	GEGEGB_03339	1	persistent	2	0	0
IKCLMC_03603	contig_62	148007	148897	+	LNHIMF_03303	1	persistent	2	0	0
IKCLMC_03604	contig_62	148995	150140	+	GEGEGB_03337	1	persistent	2	0	1
IKCLMC_03606	contig_62	151590	152528	+	LNHIMF_03300	1	persistent	2	0	1
IKCLMC_03607	contig_62	152626	153615	+	GEGEGB_03334	1	persistent	2	0	0
IKCLMC_03608	contig_62	153636	154967	+	LNHIMF_03298	1	persistent	2	0	0
IKCLMC_03609	contig_62	155034	156242	+	LNHIMF_03297	1	persistent	2	0	0
IKCLMC_03610	contig_62	156276	158570	+	LNHIMF_03296	1	persistent	2	0	0
IKCLMC_03611	contig_62	158640	160004	+	GEGEGB_03329	1	persistent	2	0	0
IKCLMC_03613	contig_62	160320	161651	+	LNHIMF_03293	1	persistent	2	0	0
IKCLMC_03614	contig_62	161677	162987	+	LNHIMF_03292	1	persistent	2	0	0
IKCLMC_03615	contig_62	163100	163264	-	GEGEGB_03323	1	persistent	2	0	0
IKCLMC_03616	contig_62	163288	163989	-	GEGEGB_03322	1	persistent	2	0	0
IKCLMC_03617	contig_62	164094	164990	+	LNHIMF_03289	1	persistent	2	0	0
IKCLMC_03618	contig_62	165029	165394	-	GEGEGB_03320	1	persistent	2	0	0
IKCLMC_03619	contig_62	165518	166504	-	LNHIMF_03287	1	persistent	2	0	0
IKCLMC_03620	contig_62	166572	167057	-	GEGEGB_03318	1	persistent	2	0	0
IKCLMC_03621	contig_62	167212	167511	-	GEGEGB_03317	1	persistent	2	0	0
IKCLMC_03622	contig_62	167508	167906	-	GEGEGB_03316	1	persistent	2	0	0
IKCLMC_03623	contig_62	167909	168214	-	GEGEGB_03315	1	persistent	2	0	0
IKCLMC_03624	contig_62	168256	168624	-	GEGEGB_03314	1	persistent	2	0	0
IKCLMC_03625	contig_62	168769	169152	-	GEGEGB_03313	1	persistent	2	0	0
IKCLMC_03626	contig_62	169156	169818	-	GEGEGB_03312	1	persistent	2	0	0
IKCLMC_03627	contig_62	170268	171512	-	LNHIMF_03279	1	persistent	2	0	0
IKCLMC_03629	contig_62	171767	172735	-	GEGEGB_03309	1	persistent	2	0	0
IKCLMC_03630	contig_62	173006	174004	-	LNHIMF_03276	1	persistent	2	0	0
IKCLMC_03631	contig_62	174093	174785	-	GEGEGB_03307	1	persistent	2	0	0
IKCLMC_03632	contig_62	174937	175434	-	GEGEGB_03306	1	persistent	2	0	0
IKCLMC_03633	contig_62	175520	176656	+	GEGEGB_03305	1	persistent	2	0	0
IKCLMC_03634	contig_62	176737	178755	-	BEJGEH_03246	1	persistent	2	0	0
IKCLMC_03635	contig_62	178926	180305	-	GEGEGB_03301	1	persistent	2	0	0
IKCLMC_03636	contig_62	180735	182255	+	LNHIMF_03270	1	persistent	2	0	0
IKCLMC_03637	contig_62	182643	184208	+	AJBGEP_03395	1	persistent	2	0	0
IKCLMC_03638	contig_62	184205	184849	-	GEGEGB_03298	1	persistent	2	0	0
IKCLMC_03639	contig_62	185084	185851	+	LNHIMF_03267	1	persistent	2	0	1
IKCLMC_03641	contig_62	186132	186638	+	GEGEGB_03295	1	persistent	2	0	1
IKCLMC_03642	contig_62	186762	188744	-	LNHIMF_03264	1	persistent	2	0	0
IKCLMC_03643	contig_62	188759	190504	-	GEGEGB_03293	1	persistent	2	0	0
IKCLMC_03644	contig_62	190740	190955	-	GEGEGB_03292	1	persistent	2	0	0
IKCLMC_03645	contig_62	191183	192196	+	GEGEGB_03291	1	persistent	2	0	0
IKCLMC_03646	contig_62	192448	193059	-	LNHIMF_03260	1	persistent	2	0	0
IKCLMC_03647	contig_62	193166	193525	+	LNHIMF_03259	1	persistent	2	0	0
IKCLMC_03648	contig_62	193623	194444	+	GEGEGB_03288	1	persistent	2	0	0
IKCLMC_03649	contig_62	194549	195790	-	LNHIMF_03257	1	persistent	2	0	0
IKCLMC_03650	contig_62	195853	196467	-	GEGEGB_03286	1	persistent	2	0	0
IKCLMC_03651	contig_62	196709	198010	+	GEGEGB_03285	1	persistent	2	0	0
IKCLMC_03652	contig_62	198128	200971	+	GEGEGB_03284	1	persistent	2	0	0
IKCLMC_03653	contig_62	201019	202452	+	GEGEGB_03283	1	persistent	2	0	0
IKCLMC_03655	contig_62	202612	202671	-	GEGEGB_03282	1	persistent	2	0	0
IKCLMC_03656	contig_62	202911	204590	-	GEGEGB_03280	1	persistent	2	0	0
IKCLMC_03657	contig_62	204609	205229	-	LNHIMF_03249	1	persistent	2	0	0
IKCLMC_03658	contig_62	205493	205696	+	GEGEGB_03278	1	persistent	2	0	0
IKCLMC_03659	contig_62	205770	206066	-	AJBGEP_03373	1	persistent	2	0	0
IKCLMC_03660	contig_62	206503	207156	+	GEGEGB_03276	1	persistent	2	2	0
IKCLMC_03661	contig_62	207327	208004	-	GEGEGB_03275	1	persistent	2	2	0
IKCLMC_03662	contig_62	208019	208690	-	GEGEGB_03274	1	persistent	2	0	0
IKCLMC_03663	contig_62	208710	210506	-	GEGEGB_03273	1	persistent	2	0	0
IKCLMC_03664	contig_62	211149	211922	-	GEGEGB_03272	1	persistent	2	0	0
IKCLMC_03665	contig_62	212063	212851	+	GEGEGB_03271	1	persistent	2	0	0
IKCLMC_03666	contig_62	212913	214076	-	GEGEGB_03270	1	persistent	2	0	0
IKCLMC_03667	contig_62	214082	214753	-	ODDLKH_03623	1	persistent	2	0	0
IKCLMC_03668	contig_62	214966	216435	-	GEGEGB_03268	1	persistent	2	0	0
IKCLMC_03669	contig_62	216642	217274	+	GEGEGB_03267	1	persistent	2	0	0
IKCLMC_03670	contig_62	217271	217693	+	LNHIMF_03234	1	persistent	2	0	0
IKCLMC_03671	contig_62	217718	218545	+	GEGEGB_03265	1	persistent	2	0	0
IKCLMC_03672	contig_62	218545	219126	+	GEGEGB_03264	1	persistent	2	0	0
IKCLMC_03673	contig_62	219154	221046	+	GEGEGB_03263	1	persistent	2	0	0
IKCLMC_03674	contig_62	221171	221485	-	GEGEGB_03262	1	persistent	2	0	0
IKCLMC_03675	contig_62	221517	222098	-	LNHIMF_03229	1	persistent	2	0	0
IKCLMC_03676	contig_62	222205	223554	-	GEGEGB_03260	1	persistent	2	0	0
IKCLMC_03677	contig_62	223551	224210	-	GEGEGB_03259	1	persistent	2	0	0
IKCLMC_03678	contig_62	224362	224754	+	GEGEGB_03258	1	persistent	3	0	0
IKCLMC_03679	contig_62	224826	225065	+	AJBGEP_03353	2	persistent	2	0	0
IKCLMC_03680	contig_62	225032	225484	+	AJBGEP_03353	2	persistent	2	0	0
IKCLMC_03681	contig_62	225595	227853	+	LNHIMF_03225	1	persistent	3	0	0
IKCLMC_03682	contig_62	228110	228847	+	GEGEGB_03255	1	persistent	2	0	0
IKCLMC_03683	contig_62	228921	230333	+	GEGEGB_03254	1	persistent	1	1	1
IKCLMC_03684	contig_62	230378	231685	-	BEJGEH_03194	1	shell	1	1	0
IKCLMC_03685	contig_62	231696	232178	-	BEJGEH_03193	1	shell	0	2	0
IKCLMC_03686	contig_62	232221	233204	-	BEJGEH_03192	1	shell	1	1	0
IKCLMC_03687	contig_62	233692	235863	+	GEGEGB_03247	1	persistent	2	1	2
IKCLMC_03688	contig_62	236066	236260	+	HFCAGB_03397	1	persistent	2	0	0
IKCLMC_03689	contig_62	236418	236873	-	LNHIMF_03217	1	persistent	3	0	0
IKCLMC_03690	contig_62	236918	238372	-	GEGEGB_03245	1	persistent	2	0	1
IKCLMC_03691	contig_62	238569	239396	-	LNHIMF_03215	1	persistent	2	0	0
IKCLMC_03692	contig_62	239502	240665	-	LNHIMF_03214	1	persistent	2	0	0
IKCLMC_03693	contig_62	240840	241757	+	LNHIMF_03213	1	persistent	2	0	0
IKCLMC_03694	contig_62	241821	242480	-	GEGEGB_03240	1	persistent	2	0	0
IKCLMC_03695	contig_62	242620	243807	-	LNHIMF_03211	1	persistent	2	0	0
IKCLMC_03696	contig_62	243929	244066	+	GEGEGB_03238	1	persistent	2	0	0
IKCLMC_03697	contig_62	244059	244793	+	GEGEGB_03237	1	persistent	2	0	0
IKCLMC_03698	contig_62	244800	245225	+	GEGEGB_03236	1	persistent	2	0	0
IKCLMC_03699	contig_62	245339	246223	-	GEGEGB_03235	1	persistent	2	0	0
IKCLMC_03700	contig_62	246347	246751	-	GEGEGB_03234	1	persistent	2	0	0
IKCLMC_03701	contig_62	246738	247148	-	LNHIMF_03205	1	persistent	2	0	0
IKCLMC_03702	contig_62	247252	247755	+	GEGEGB_03232	1	persistent	2	0	0
IKCLMC_03703	contig_62	248035	248529	+	GEGEGB_03231	1	persistent	2	0	0
IKCLMC_03704	contig_62	248836	250479	+	LNHIMF_03202	1	persistent	2	0	0
IKCLMC_03705	contig_62	250564	250851	+	GEGEGB_03228	1	persistent	2	0	0
IKCLMC_03706	contig_62	251041	252159	+	GEGEGB_03227	1	persistent	2	0	0
IKCLMC_03707	contig_62	252162	253148	+	GEGEGB_03226	1	persistent	2	0	0
IKCLMC_03708	contig_62	253138	254316	+	GEGEGB_03225	1	persistent	2	0	0
IKCLMC_03709	contig_62	254313	256016	+	LNHIMF_03197	1	persistent	2	0	0
IKCLMC_03710	contig_62	256016	256510	+	LNHIMF_03196	1	persistent	2	0	0
IKCLMC_03711	contig_62	256503	256991	+	GEGEGB_03222	1	persistent	2	0	0
IKCLMC_03712	contig_62	256984	257325	+	GEGEGB_03221	1	persistent	2	0	0
IKCLMC_03713	contig_62	257353	257601	+	GEGEGB_03220	1	persistent	2	0	0
IKCLMC_03714	contig_62	257677	258729	+	LNHIMF_03192	1	persistent	2	0	0
IKCLMC_03715	contig_62	258729	259439	+	BEJGEH_03157	1	persistent	2	0	0
IKCLMC_03716	contig_62	259507	260373	-	LNHIMF_03190	1	persistent	2	0	0
IKCLMC_03717	contig_62	260600	262456	+	GEGEGB_03216	1	persistent	2	0	0
IKCLMC_03718	contig_62	263126	264181	+	BEJGEH_03154	1	persistent	2	0	0
IKCLMC_03719	contig_62	264481	265893	-	LNHIMF_03187	1	persistent	2	0	0
IKCLMC_03720	contig_62	265905	267377	-	GEGEGB_03213	1	persistent	2	0	0
IKCLMC_03721	contig_62	267488	268672	-	GEGEGB_03212	1	persistent	2	0	0
IKCLMC_03722	contig_62	269077	270381	+	GEGEGB_03211	1	persistent	3	0	1
IKCLMC_03723	contig_62	270777	271655	+	LNHIMF_03179	1	persistent	2	0	1
IKCLMC_03724	contig_62	271694	272617	+	GEGEGB_03210	1	persistent	3	0	0
IKCLMC_03725	contig_62	273342	273827	+	PKJKAM_01942	1	persistent	2	0	0
IKCLMC_03726	contig_62	273827	274207	+	BEJGEH_03146	1	persistent	2	0	0
IKCLMC_03727	contig_62	274343	275827	-	LNHIMF_03175	1	persistent	2	0	0
IKCLMC_03728	contig_62	275989	277290	+	GEGEGB_03206	1	persistent	2	0	0
IKCLMC_03729	contig_62	277305	277679	+	BEJGEH_03143	1	persistent	2	0	0
IKCLMC_03730	contig_62	277888	279387	+	GEGEGB_03203	1	persistent	2	0	0
IKCLMC_03731	contig_62	279365	279922	+	LNHIMF_03171	1	persistent	2	0	0
IKCLMC_03732	contig_62	280027	280710	-	LNHIMF_03170	1	persistent	1	1	1
IKCLMC_03734	contig_62	281221	282405	+	HFCAGB_03350	1	shell	1	1	0
IKCLMC_03735	contig_62	282474	284213	+	LNHIMF_03167	1	shell	0	2	0
IKCLMC_03736	contig_62	284261	285139	-	LNHIMF_03166	1	shell	0	2	0
IKCLMC_03737	contig_62	285231	286073	+	LNHIMF_03165	1	shell	0	2	0
IKCLMC_03738	contig_62	286097	286624	+	HFCAGB_03346	1	shell	0	2	0
IKCLMC_03739	contig_62	286649	287974	+	AJBGEP_03293	1	shell	0	2	0
IKCLMC_03740	contig_62	288039	288419	+	LNHIMF_03162	1	shell	2	1	0
IKCLMC_03742	contig_62	288759	289466	-	GEGEGB_03190	1	persistent	1	1	4
IKCLMC_03743	contig_62	289891	292026	+	LNHIMF_03159	1	persistent	2	0	2
IKCLMC_03744	contig_62	292088	293344	-	GEGEGB_03187	1	persistent	3	0	1
IKCLMC_03745	contig_62	293561	294646	-	GEGEGB_03186	1	persistent	2	0	1
IKCLMC_03746	contig_62	294759	295034	-	GEGEGB_03185	1	persistent	2	0	0
IKCLMC_03747	contig_62	295062	296114	-	LNHIMF_03155	1	persistent	2	0	0
IKCLMC_03748	contig_62	296269	296988	+	LNHIMF_03154	1	persistent	2	0	0
IKCLMC_03749	contig_62	296988	297314	+	GEGEGB_03182	1	persistent	2	0	0
IKCLMC_03750	contig_62	297364	298083	+	GEGEGB_03181	1	persistent	2	1	0
IKCLMC_03751	contig_62	298272	299318	+	GEGEGB_03178	1	persistent	2	1	0
IKCLMC_03752	contig_62	299451	300458	+	GEGEGB_03177	1	persistent	2	0	0
IKCLMC_03753	contig_62	300549	301685	-	GEGEGB_03176	1	persistent	2	0	0
IKCLMC_03754	contig_62	301678	302271	-	LNHIMF_03148	1	persistent	2	0	0
IKCLMC_03755	contig_62	302279	302569	-	GEGEGB_03174	1	persistent	2	0	0
IKCLMC_03756	contig_62	302566	303132	-	GEGEGB_03173	1	persistent	2	0	0
IKCLMC_03757	contig_62	303151	303855	-	GEGEGB_03172	1	persistent	2	0	0
IKCLMC_03758	contig_62	303873	304853	+	LNHIMF_03144	1	persistent	2	0	0
IKCLMC_03759	contig_62	304985	305671	+	LNHIMF_03143	1	persistent	2	0	0
IKCLMC_03760	contig_62	305718	306134	-	GEGEGB_03169	1	persistent	2	0	0
IKCLMC_03761	contig_62	306134	306697	-	GEGEGB_03168	1	persistent	2	0	0
IKCLMC_03762	contig_62	306913	307860	-	LNHIMF_03140	1	persistent	2	0	0
IKCLMC_03763	contig_62	307880	308611	-	GEGEGB_03166	1	persistent	2	0	0
IKCLMC_03764	contig_62	308688	309395	-	LNHIMF_03138	1	persistent	2	0	0
IKCLMC_03765	contig_62	309491	309946	-	GEGEGB_03164	1	persistent	2	0	0
IKCLMC_03766	contig_62	310067	311461	-	GEGEGB_03163	1	persistent	2	0	0
IKCLMC_03767	contig_62	311954	313108	-	GEGEGB_03162	1	persistent	2	0	0
IKCLMC_03768	contig_62	313898	315874	+	GEGEGB_03161	1	persistent	2	1	1
IKCLMC_03769	contig_62	316019	316750	+	BEJGEH_03102	1	shell	1	1	0
IKCLMC_03770	contig_62	316955	317704	+	BEJGEH_03101	1	shell	0	2	0
IKCLMC_03771	contig_62	318937	320409	+	BEJGEH_03100	1	shell	0	2	0
IKCLMC_03772	contig_62	320412	321428	+	BEJGEH_03099	1	shell	0	2	0
IKCLMC_03773	contig_62	321442	322449	+	BEJGEH_03098	1	shell	0	2	0
IKCLMC_03774	contig_62	322488	322982	+	BEJGEH_03097	1	shell	0	2	1
IKCLMC_03775	contig_62	323241	324131	+	AJBGEP_03256	1	shell	1	1	0
IKCLMC_03776	contig_62	324335	325255	+	GEGEGB_03160	1	persistent	2	1	1
IKCLMC_03777	contig_62	325356	326114	-	GEGEGB_03159	1	persistent	2	0	0
IKCLMC_03778	contig_62	326390	328381	+	GEGEGB_03158	1	persistent	2	1	1
IKCLMC_03779	contig_62	328424	329080	-	LNHIMF_03124	1	persistent	2	1	1
IKCLMC_03780	contig_62	329074	329751	-	LNHIMF_03123	1	persistent	2	0	0
IKCLMC_03781	contig_62	329739	330446	-	LNHIMF_03122	1	persistent	2	0	0
IKCLMC_03782	contig_62	330447	331025	-	GEGEGB_03152	1	persistent	2	0	0
IKCLMC_03783	contig_62	331051	331476	-	GEGEGB_03151	1	persistent	2	0	0
IKCLMC_03784	contig_62	331850	332896	+	GEGEGB_03150	1	persistent	2	0	0
IKCLMC_03785	contig_62	332918	334081	+	GEGEGB_03149	1	persistent	2	0	0
IKCLMC_03786	contig_62	334183	335262	+	GEGEGB_03148	1	persistent	2	0	1
IKCLMC_03787	contig_62	335495	336355	+	GEGEGB_03144	1	persistent	2	1	0
IKCLMC_03788	contig_62	336556	337191	+	LNHIMF_03115	1	persistent	2	0	0
IKCLMC_03789	contig_62	337285	338031	+	GEGEGB_03142	1	persistent	2	0	0
IKCLMC_03790	contig_62	338297	339190	-	GEGEGB_03141	1	persistent	2	0	0
IKCLMC_03791	contig_62	339344	340003	+	GEGEGB_03140	1	persistent	2	0	0
IKCLMC_03792	contig_62	340270	341502	+	GEGEGB_03139	1	persistent	2	0	0
IKCLMC_03794	contig_62	341883	342431	-	BEJGEH_03077	1	persistent	2	0	0
IKCLMC_03796	contig_62	342725	343054	-	GEGEGB_03135	1	persistent	2	0	0
IKCLMC_03797	contig_62	343221	343799	+	LNHIMF_03106	1	persistent	2	0	0
IKCLMC_03798	contig_62	343825	345141	+	GEGEGB_03133	1	persistent	2	0	1
IKCLMC_03799	contig_62	345138	346316	+	GEGEGB_03132	1	persistent	2	0	1
IKCLMC_03800	contig_62	346442	347644	+	LNHIMF_03103	1	persistent	2	0	0
IKCLMC_03801	contig_62	348099	349193	+	GEGEGB_03130	1	persistent	2	0	0
IKCLMC_03802	contig_62	349219	349608	+	GEGEGB_03129	1	persistent	2	0	0
IKCLMC_03803	contig_62	349771	352644	+	BEJGEH_03068	1	persistent	2	0	0
IKCLMC_03804	contig_62	353100	353993	+	BEJGEH_03067	1	persistent	2	0	0
IKCLMC_03805	contig_62	354041	355474	-	LNHIMF_03097	1	persistent	2	0	0
IKCLMC_03806	contig_62	355633	355947	+	AJBGEP_03225	1	persistent	2	0	0
IKCLMC_03807	contig_62	356109	356768	+	GEGEGB_03124	1	persistent	3	0	0
IKCLMC_03808	contig_62	356776	356967	+	GEGEGB_03123	1	persistent	2	0	0
IKCLMC_03809	contig_62	356884	357864	-	GEGEGB_03122	1	persistent	3	0	0
IKCLMC_03810	contig_62	358114	358380	+	GEGEGB_03121	1	persistent	2	0	0
IKCLMC_03811	contig_62	358361	358774	+	LNHIMF_03091	1	persistent	2	0	0
IKCLMC_03812	contig_62	358827	359348	-	GEGEGB_03119	1	persistent	2	0	0
IKCLMC_03813	contig_62	359461	360357	+	GEGEGB_03118	1	persistent	2	0	0
IKCLMC_03814	contig_62	360381	361094	+	GEGEGB_03117	1	persistent	2	0	0
IKCLMC_03815	contig_62	361232	362833	+	LNHIMF_03087	1	persistent	2	0	0
IKCLMC_03816	contig_62	363155	364036	+	GEGEGB_03115	1	persistent	2	0	0
IKCLMC_03817	contig_62	364046	365563	+	LNHIMF_03085	1	persistent	2	0	0
IKCLMC_03818	contig_62	365639	366184	-	LNHIMF_03084	1	persistent	2	0	0
IKCLMC_03820	contig_62	366449	367207	+	GEGEGB_03111	2	persistent	2	1	2
IKCLMC_03822	contig_62	367492	368292	-	LNHIMF_03080	1	persistent	1	2	2
IKCLMC_03823	contig_62	368573	368833	-	GEGEGB_03103	1	shell	2	1	0
IKCLMC_03824	contig_62	369001	369228	+	GEGEGB_03102	1	shell	1	2	0
IKCLMC_03825	contig_62	369228	369626	+	HFCAGB_03258	1	shell	1	1	4
IKCLMC_03827	contig_62	369977	370252	+	ONMMKP_03825	1	cloud	1	1	0
IKCLMC_03828	contig_62	370433	370969	+	GEGEGB_03098	1	persistent	1	1	4
IKCLMC_03829	contig_62	371016	371648	+	LNHIMF_03075	1	persistent	2	0	0
IKCLMC_03830	contig_62	372367	372951	+	BEJGEH_03044	1	persistent	2	0	0
IKCLMC_03831	contig_62	373071	375560	+	LNHIMF_03073	1	persistent	2	0	0
IKCLMC_03832	contig_62	375601	376344	+	LNHIMF_03072	1	persistent	1	1	3
IKCLMC_03833	contig_62	376362	377423	+	ONMMKP_03831	1	cloud	2	0	0
IKCLMC_03834	contig_62	377530	378036	+	HFCAGB_03249	1	persistent	1	1	3
IKCLMC_03835	contig_62	378023	378781	+	GEGEGB_03091	1	persistent	2	0	0
IKCLMC_03836	contig_62	378991	379869	-	PKJKAM_02341	1	persistent	2	0	0
IKCLMC_03837	contig_62	379956	380228	+	GEGEGB_03088	1	persistent	2	0	0
IKCLMC_03838	contig_62	380259	381488	-	GEGEGB_03087	1	persistent	2	0	0
IKCLMC_03839	contig_62	381630	382085	-	GEGEGB_03086	1	persistent	2	0	0
IKCLMC_03840	contig_62	382189	383052	+	LNHIMF_03064	1	persistent	2	0	0
IKCLMC_03841	contig_62	383175	384353	+	GEGEGB_03084	1	persistent	2	0	0
IKCLMC_03843	contig_62	384783	385619	+	ODDLKH_03450	1	persistent	2	0	0
IKCLMC_03844	contig_62	385676	386437	+	LNHIMF_03060	1	persistent	2	0	0
IKCLMC_03845	contig_62	386791	388209	+	LNHIMF_03059	1	persistent	2	0	0
IKCLMC_03846	contig_62	388322	389029	+	LNHIMF_03058	1	persistent	2	0	0
IKCLMC_03847	contig_62	389001	389936	-	GEGEGB_03078	1	persistent	2	0	0
IKCLMC_03848	contig_62	390054	391316	+	GEGEGB_03077	1	persistent	2	0	0
IKCLMC_03849	contig_62	391326	392345	-	LNHIMF_03055	1	persistent	2	0	0
IKCLMC_03850	contig_62	392359	393387	-	GEGEGB_03075	1	persistent	2	0	1
IKCLMC_03853	contig_62	393980	396139	+	LNHIMF_03051	1	persistent	2	1	0
IKCLMC_03854	contig_62	396132	397334	+	GEGEGB_03068	1	persistent	2	0	0
IKCLMC_03855	contig_62	397421	398461	-	LNHIMF_03049	1	persistent	2	0	0
IKCLMC_03856	contig_62	398652	398870	-	GEGEGB_03066	1	persistent	2	0	0
IKCLMC_03857	contig_62	399040	399753	-	GEGEGB_03065	1	persistent	2	0	0
IKCLMC_03858	contig_62	399935	400630	-	GEGEGB_03064	1	persistent	2	0	0
IKCLMC_03859	contig_62	401313	401843	+	GEGEGB_03063	1	persistent	2	0	0
IKCLMC_03860	contig_62	401856	404102	+	GEGEGB_03062	1	persistent	2	0	0
IKCLMC_03861	contig_62	404318	405193	+	GEGEGB_03061	1	persistent	2	0	0
IKCLMC_03862	contig_62	405200	405994	+	LNHIMF_03042	1	persistent	2	1	0
IKCLMC_03863	contig_62	406179	406649	+	GEGEGB_03057	1	persistent	2	1	0
IKCLMC_03864	contig_62	406640	407203	+	LNHIMF_03040	1	persistent	2	0	0
IKCLMC_03865	contig_62	407200	407607	+	GEGEGB_03055	1	persistent	2	0	0
IKCLMC_03866	contig_62	407592	407912	+	LNHIMF_03038	1	persistent	2	0	0
IKCLMC_03867	contig_62	407928	411299	+	GEGEGB_03053	1	persistent	2	0	0
IKCLMC_03868	contig_62	411477	414365	+	GEGEGB_03052	1	persistent	2	0	0
IKCLMC_03869	contig_62	414358	417903	+	GEGEGB_03051	1	persistent	2	0	0
IKCLMC_03870	contig_62	417900	419735	+	LNHIMF_03034	1	persistent	2	0	0
IKCLMC_03871	contig_62	419837	421168	-	GEGEGB_03049	1	persistent	2	0	0
IKCLMC_03872	contig_62	421401	422654	+	LNHIMF_03032	1	persistent	2	0	0
IKCLMC_03875	contig_62	423154	424251	+	GEGEGB_03045	1	persistent	2	0	0
IKCLMC_03876	contig_62	424361	425167	+	GEGEGB_03044	1	persistent	2	0	0
IKCLMC_03877	contig_62	425219	426133	-	GEGEGB_03043	1	persistent	2	0	0
IKCLMC_03878	contig_62	426406	426849	-	GEGEGB_03042	1	persistent	2	0	0
IKCLMC_03879	contig_62	426849	428054	-	GEGEGB_03041	1	persistent	2	0	0
IKCLMC_03880	contig_62	428247	428474	+	GEGEGB_03040	1	persistent	2	0	0
IKCLMC_03882	contig_62	428742	428864	+	LNHIMF_03022	1	persistent	2	0	0
IKCLMC_03883	contig_62	428821	429738	+	GEGEGB_03037	1	persistent	2	0	0
IKCLMC_03884	contig_62	429757	430152	+	GEGEGB_03036	1	persistent	2	0	0
IKCLMC_03885	contig_62	430145	431245	+	GEGEGB_03035	1	persistent	2	0	0
IKCLMC_03886	contig_62	431304	432014	-	GEGEGB_03034	1	persistent	2	0	0
IKCLMC_03887	contig_62	432072	432494	-	GEGEGB_03033	1	persistent	2	0	0
IKCLMC_03888	contig_62	432496	433914	-	LNHIMF_03016	1	persistent	2	0	0
IKCLMC_03889	contig_62	434015	435790	-	LNHIMF_03015	1	persistent	2	0	1
IKCLMC_03890	contig_62	435822	437138	-	LNHIMF_03014	1	persistent	2	0	1
IKCLMC_03891	contig_62	437694	438341	+	GEGEGB_03029	1	persistent	2	0	0
IKCLMC_03892	contig_62	438358	439506	+	GEGEGB_03028	1	persistent	2	0	0
IKCLMC_03893	contig_62	439598	440353	-	GEGEGB_03027	2	persistent	2	0	0
IKCLMC_03894	contig_62	440524	441891	-	GEGEGB_03026	1	persistent	2	0	0
IKCLMC_03895	contig_62	441950	443239	-	LNHIMF_03009	1	persistent	2	0	0
IKCLMC_03896	contig_62	443804	445168	-	LNHIMF_03008	1	persistent	2	0	0
IKCLMC_03897	contig_62	445281	446129	-	GEGEGB_03023	1	persistent	2	0	0
IKCLMC_03898	contig_62	446198	446743	+	GEGEGB_03022	1	persistent	2	0	0
IKCLMC_03900	contig_62	447354	447683	+	GEGEGB_03020	1	persistent	2	0	0
IKCLMC_03901	contig_62	447683	448465	+	LNHIMF_03003	1	persistent	2	0	0
IKCLMC_03902	contig_62	448484	448933	+	LNHIMF_03002	1	persistent	2	0	0
IKCLMC_03903	contig_62	449414	450772	+	LNHIMF_03001	1	persistent	2	0	0
IKCLMC_03904	contig_62	450769	452109	+	LNHIMF_03000	1	persistent	2	0	0
IKCLMC_03905	contig_62	452130	453470	+	LNHIMF_02999	1	persistent	2	0	0
IKCLMC_03906	contig_62	453548	454690	+	GEGEGB_03014	1	persistent	2	0	0
IKCLMC_03907	contig_62	454734	457490	-	LNHIMF_02997	1	persistent	2	0	0
IKCLMC_03908	contig_62	457548	458843	+	BEJGEH_02963	1	persistent	2	0	0
IKCLMC_03909	contig_62	458895	461144	+	GEGEGB_03011	1	persistent	2	1	0
IKCLMC_03910	contig_62	461283	461570	+	GEGEGB_03010	1	persistent	1	1	1
IKCLMC_03911	contig_62	461536	461832	+	LNHIMF_02993	1	shell	2	0	1
IKCLMC_03912	contig_62	462600	463400	+	LNHIMF_02992	1	persistent	1	2	0
IKCLMC_03913	contig_62	463628	465265	+	GEGEGB_02998	1	persistent	2	0	0
IKCLMC_03914	contig_62	465348	466646	+	GEGEGB_02997	1	persistent	2	0	0
IKCLMC_03915	contig_62	466782	467453	+	GEGEGB_02996	1	persistent	2	0	1
IKCLMC_03916	contig_62	469003	469800	+	BEJGEH_02948	1	persistent	2	0	1
IKCLMC_03917	contig_62	469888	470250	-	GEGEGB_02994	1	persistent	2	0	0
IKCLMC_03918	contig_62	470674	472473	+	LNHIMF_02985	1	persistent	2	0	0
IKCLMC_03919	contig_62	472473	474185	+	BEJGEH_02945	1	persistent	2	0	0
IKCLMC_03920	contig_62	474261	474995	+	LNHIMF_02983	1	persistent	2	0	0
IKCLMC_03921	contig_62	475208	476161	-	GEGEGB_02990	1	persistent	2	1	1
IKCLMC_03922	contig_62	476605	479268	+	AJBGEP_03110	1	shell	1	1	0
IKCLMC_03923	contig_62	479280	480839	+	AJBGEP_03109	1	shell	0	2	0
IKCLMC_03924	contig_62	480836	481384	+	AJBGEP_03108	1	shell	0	2	0
IKCLMC_03925	contig_62	481398	482456	+	AJBGEP_03107	1	shell	0	2	0
IKCLMC_03926	contig_62	482467	483213	+	BEJGEH_02938	1	shell	0	2	0
IKCLMC_03927	contig_62	483195	483845	+	BEJGEH_02937	1	shell	1	1	0
IKCLMC_03928	contig_62	483842	484762	+	BEJGEH_02936	1	persistent	1	1	1
IKCLMC_03929	contig_62	484762	485055	+	GEGEGB_02981	1	persistent	2	0	0
IKCLMC_03930	contig_62	485988	487034	-	GEGEGB_02980	1	persistent	3	0	0
IKCLMC_03931	contig_62	487285	488193	+	GEGEGB_02979	1	persistent	2	0	0
IKCLMC_03932	contig_62	488203	489642	+	LNHIMF_02971	1	persistent	2	0	0
IKCLMC_03933	contig_62	489629	490234	+	GEGEGB_02977	1	persistent	2	0	0
IKCLMC_03934	contig_62	490285	490608	+	GEGEGB_02976	1	persistent	2	0	0
IKCLMC_03935	contig_62	490799	491110	+	GEGEGB_02975	1	persistent	2	0	0
IKCLMC_03936	contig_62	491129	491839	+	GEGEGB_02974	1	persistent	2	0	0
IKCLMC_03937	contig_62	491839	492318	+	GEGEGB_02973	1	persistent	2	0	0
IKCLMC_03938	contig_62	492315	493364	+	LNHIMF_02965	1	persistent	2	0	0
IKCLMC_03939	contig_62	493345	494106	+	GEGEGB_02971	1	persistent	2	0	0
IKCLMC_03940	contig_62	494100	494726	+	GEGEGB_02970	1	persistent	2	0	0
IKCLMC_03941	contig_62	494902	496023	+	BEJGEH_02923	1	persistent	2	0	0
IKCLMC_03942	contig_62	496086	497078	+	LNHIMF_02961	1	persistent	2	0	1
IKCLMC_03943	contig_62	497123	497359	-	GEGEGB_02967	1	persistent	2	0	0
IKCLMC_03944	contig_62	497370	498797	-	LNHIMF_02959	1	persistent	2	0	0
IKCLMC_03945	contig_62	498797	499390	-	LNHIMF_02958	1	persistent	2	0	0
IKCLMC_03946	contig_62	499561	499965	+	GEGEGB_02964	1	persistent	2	0	0
IKCLMC_03947	contig_62	499984	500748	-	LNHIMF_02956	1	persistent	2	0	0
IKCLMC_03948	contig_62	500945	501868	+	BEJGEH_02913	1	persistent	2	0	0
IKCLMC_03949	contig_62	501862	503124	+	LNHIMF_02954	1	persistent	2	0	0
IKCLMC_03950	contig_62	503121	503759	+	GEGEGB_02960	1	persistent	2	0	0
IKCLMC_03951	contig_62	503764	504540	+	LNHIMF_02952	1	persistent	2	0	0
IKCLMC_03952	contig_62	504580	505530	+	LNHIMF_02951	1	persistent	2	0	0
IKCLMC_03953	contig_62	505527	507023	+	GEGEGB_02957	1	persistent	2	0	0
IKCLMC_03954	contig_62	507065	507976	-	GEGEGB_02956	1	persistent	2	0	0
IKCLMC_03955	contig_62	508085	509293	+	GEGEGB_02955	1	persistent	3	0	0
IKCLMC_03956	contig_62	509290	509670	+	LNHIMF_02947	1	persistent	2	0	0
IKCLMC_03957	contig_62	509726	512293	-	GEGEGB_02953	1	persistent	3	0	3
IKCLMC_03958	contig_62	513139	513396	+	IKCLMC_03958	1	cloud	1	1	2
IKCLMC_03959	contig_62	513377	514060	-	LNHIMF_00818	3	shell	12	5	5
IKCLMC_03960	contig_62	514231	514632	-	LNHIMF_00819	3	shell	12	3	3
IKCLMC_03961	contig_62	514864	515601	+	IKCLMC_03961	1	cloud	0	3	1
IKCLMC_03962	contig_62	515770	516096	+	BEJGEH_02896	1	shell	1	1	1
IKCLMC_03963	contig_62	516369	516701	-	LNHIMF_02943	1	persistent	2	1	0
IKCLMC_03964	contig_62	516701	517150	-	LNHIMF_02942	1	persistent	2	0	0
IKCLMC_03966	contig_62	517581	518024	-	GEGEGB_02947	1	persistent	2	1	0
IKCLMC_03967	contig_62	518381	519130	+	GEGEGB_02946	1	persistent	2	0	0
IKCLMC_03968	contig_62	519127	520815	+	LNHIMF_02938	1	persistent	2	0	0
IKCLMC_03969	contig_62	520812	521930	+	GEGEGB_02944	1	persistent	2	0	0
IKCLMC_03970	contig_62	521955	524012	+	GEGEGB_02943	1	persistent	2	0	0
IKCLMC_03971	contig_62	524036	524443	+	GEGEGB_02942	1	persistent	2	0	0
IKCLMC_03972	contig_62	524440	525735	+	GEGEGB_02941	1	persistent	2	0	0
IKCLMC_03973	contig_62	525713	526156	+	GEGEGB_02940	1	persistent	2	0	0
IKCLMC_03974	contig_62	526156	527166	+	LNHIMF_02932	1	persistent	2	0	0
IKCLMC_03975	contig_62	527166	528077	+	LNHIMF_02931	1	persistent	2	0	0
IKCLMC_03976	contig_62	528067	528741	+	LNHIMF_02930	1	persistent	2	0	0
IKCLMC_03977	contig_62	528767	529027	+	GEGEGB_02936	1	persistent	2	0	0
IKCLMC_03978	contig_62	529031	529822	+	LNHIMF_02928	1	persistent	2	0	0
IKCLMC_03979	contig_62	529809	530879	+	GEGEGB_02934	1	persistent	2	0	0
IKCLMC_03980	contig_62	531017	531514	+	GEGEGB_02933	1	persistent	2	0	0
IKCLMC_03981	contig_62	531517	533298	+	GEGEGB_02932	1	persistent	2	0	0
IKCLMC_03982	contig_62	533326	534555	+	LNHIMF_02924	1	persistent	2	0	0
IKCLMC_03983	contig_62	534626	535657	+	ALJMDI_02659	1	persistent	2	0	0
IKCLMC_03984	contig_62	535676	537733	+	BEJGEH_02874	1	persistent	2	0	0
IKCLMC_03985	contig_62	537752	538000	+	GEGEGB_02928	1	persistent	2	0	0
IKCLMC_03986	contig_62	538044	538304	+	GEGEGB_02927	1	persistent	2	0	0
IKCLMC_03987	contig_62	538331	538723	+	LNHIMF_02919	1	persistent	2	0	0
IKCLMC_03988	contig_62	538734	540341	+	LNHIMF_02918	1	persistent	2	0	0
IKCLMC_03989	contig_62	540395	540877	-	LNHIMF_02917	1	persistent	2	0	0
IKCLMC_03990	contig_62	540895	542556	-	HFCAGB_03086	1	persistent	2	0	0
IKCLMC_03991	contig_62	543647	544576	-	LNHIMF_02915	1	persistent	2	0	0
IKCLMC_03992	contig_62	544835	546070	+	LNHIMF_02914	1	persistent	2	0	0
IKCLMC_03993	contig_62	546095	546337	+	GEGEGB_02920	1	persistent	2	0	0
IKCLMC_03994	contig_62	546356	546661	+	LNHIMF_02912	1	persistent	2	0	0
IKCLMC_03995	contig_62	546658	547416	+	LNHIMF_02911	1	persistent	2	0	0
IKCLMC_03996	contig_62	547409	547987	+	GEGEGB_02917	1	persistent	2	0	0
IKCLMC_03997	contig_62	547944	548624	+	HFCAGB_03079	1	persistent	2	0	0
IKCLMC_03998	contig_62	548621	549073	+	LNHIMF_02908	1	persistent	2	0	0
IKCLMC_03999	contig_62	549418	550305	+	LNHIMF_02907	1	persistent	2	0	0
IKCLMC_04000	contig_62	550690	551445	+	BEJGEH_02858	1	persistent	3	0	0
IKCLMC_04002	contig_62	551648	552349	+	BEJGEH_02856	1	persistent	2	0	0
IKCLMC_04003	contig_62	552614	553462	-	GEGEGB_02912	1	persistent	3	0	0
IKCLMC_04004	contig_62	553453	554313	-	GEGEGB_02911	1	persistent	2	0	0
IKCLMC_04005	contig_62	554310	555131	-	LNHIMF_02901	1	persistent	2	0	0
IKCLMC_04006	contig_62	555128	556045	-	GEGEGB_02909	1	persistent	2	0	0
IKCLMC_04007	contig_62	556227	556571	+	GEGEGB_02908	1	persistent	2	0	0
IKCLMC_04008	contig_62	556633	558711	-	LNHIMF_02898	1	persistent	2	0	0
IKCLMC_04009	contig_62	558930	559940	-	GEGEGB_02906	1	persistent	2	0	0
IKCLMC_04010	contig_62	559937	561058	-	GEGEGB_02905	1	persistent	2	0	0
IKCLMC_04011	contig_62	561058	561330	-	GEGEGB_02904	1	persistent	2	0	0
IKCLMC_04012	contig_62	561321	562193	-	GEGEGB_02903	1	persistent	2	0	0
IKCLMC_04013	contig_62	562262	562618	-	GEGEGB_02902	1	persistent	2	0	0
IKCLMC_04014	contig_62	562828	563289	+	GEGEGB_02901	1	persistent	2	0	0
IKCLMC_04015	contig_62	563435	564043	+	GEGEGB_02900	1	persistent	2	0	0
IKCLMC_04016	contig_62	564043	565869	+	LNHIMF_02890	1	persistent	2	0	0
IKCLMC_04017	contig_62	565872	566795	+	GEGEGB_02898	1	persistent	2	0	0
IKCLMC_04018	contig_62	566813	568522	+	GEGEGB_02897	1	persistent	2	0	0
IKCLMC_04019	contig_62	568532	569074	+	GEGEGB_02896	1	persistent	2	0	0
IKCLMC_04020	contig_62	569074	569841	+	LNHIMF_02886	1	persistent	2	0	0
IKCLMC_04021	contig_62	569838	570248	+	GEGEGB_02894	1	persistent	2	0	0
IKCLMC_04022	contig_62	570241	570711	+	HFCAGB_03054	1	persistent	2	0	0
IKCLMC_04023	contig_62	570738	571547	+	LNHIMF_02883	1	persistent	2	0	0
IKCLMC_04024	contig_62	571748	572293	+	GEGEGB_02891	1	persistent	2	0	0
IKCLMC_04025	contig_62	572439	574679	+	LNHIMF_02881	1	persistent	2	0	0
IKCLMC_04026	contig_62	574776	575909	-	LNHIMF_02880	1	persistent	2	0	0
IKCLMC_04027	contig_62	575906	577345	-	LNHIMF_02879	1	persistent	2	0	0
IKCLMC_04028	contig_62	577531	579051	+	GEGEGB_02887	1	persistent	2	0	0
IKCLMC_04029	contig_62	579048	580013	-	GEGEGB_02886	1	persistent	2	0	0
IKCLMC_04030	contig_62	580006	580779	-	GEGEGB_02885	1	persistent	2	0	0
IKCLMC_04031	contig_62	580977	581336	-	GEGEGB_02884	1	persistent	2	0	0
IKCLMC_04032	contig_62	581413	582192	-	LNHIMF_02874	1	persistent	2	0	0
IKCLMC_04033	contig_62	582204	582566	-	LNHIMF_02873	1	persistent	2	0	0
IKCLMC_04034	contig_62	582578	583549	-	LNHIMF_02872	1	persistent	2	0	0
IKCLMC_04035	contig_62	583546	584109	-	GEGEGB_02880	1	persistent	2	0	0
IKCLMC_04036	contig_62	584363	585442	+	GEGEGB_02879	1	persistent	2	0	0
IKCLMC_04037	contig_62	585479	585724	-	LNHIMF_02869	1	persistent	2	0	0
IKCLMC_04038	contig_62	585919	586416	+	LNHIMF_02868	1	persistent	2	0	0
IKCLMC_04039	contig_62	586501	587562	+	GEGEGB_02876	1	persistent	2	0	0
IKCLMC_04040	contig_62	587640	588179	+	LNHIMF_02866	1	persistent	2	0	1
IKCLMC_04041	contig_62	588415	591045	+	GEGEGB_02874	1	persistent	2	0	0
IKCLMC_04042	contig_62	591280	591465	+	GEGEGB_02873	1	persistent	2	0	0
IKCLMC_04046	contig_62	592316	592882	+	GEGEGB_02867	1	persistent	2	0	0
IKCLMC_04047	contig_62	592879	593304	+	GEGEGB_02866	1	persistent	2	0	0
IKCLMC_04048	contig_62	593381	594937	+	LNHIMF_02856	1	persistent	2	0	0
IKCLMC_04050	contig_62	595087	595602	+	GEGEGB_02863	1	persistent	2	0	0
IKCLMC_04051	contig_62	595948	597318	+	GEGEGB_02861	1	persistent	2	0	0
IKCLMC_04052	contig_62	597367	598905	-	LNHIMF_02851	1	persistent	2	0	0
IKCLMC_04053	contig_62	598922	600094	-	LNHIMF_02850	1	persistent	2	0	0
IKCLMC_04054	contig_62	600221	600751	-	GEGEGB_02858	1	persistent	2	0	0
IKCLMC_04055	contig_62	601248	602432	-	LNHIMF_02848	1	persistent	2	0	0
IKCLMC_04056	contig_62	602597	603592	-	GEGEGB_02856	1	persistent	2	0	0
IKCLMC_04057	contig_62	603662	604726	-	GEGEGB_02855	1	persistent	2	0	0
IKCLMC_04058	contig_62	604719	605921	-	LNHIMF_02845	1	persistent	2	0	1
IKCLMC_04059	contig_62	606276	607235	-	LNHIMF_02844	1	persistent	2	0	1
IKCLMC_04060	contig_62	607246	609363	-	LNHIMF_02843	1	persistent	2	0	0
IKCLMC_04061	contig_62	609363	609773	-	LNHIMF_02842	1	persistent	2	0	0
IKCLMC_04062	contig_62	609770	610015	-	LNHIMF_02841	1	persistent	2	0	0
IKCLMC_04063	contig_62	610287	610718	-	LNHIMF_02840	1	persistent	2	0	0
IKCLMC_04064	contig_62	610807	612141	+	LNHIMF_02839	1	persistent	2	0	0
IKCLMC_04065	contig_62	612225	612551	-	GEGEGB_02845	1	persistent	2	0	0
IKCLMC_04066	contig_62	612713	613063	+	GEGEGB_02844	1	persistent	2	0	0
IKCLMC_04067	contig_62	613098	613547	-	LNHIMF_02836	1	persistent	2	0	0
IKCLMC_04068	contig_62	614245	614646	+	GEGEGB_02842	1	persistent	3	0	0
IKCLMC_04069	contig_62	614736	614915	-	LNHIMF_02834	1	persistent	2	0	0
IKCLMC_04070	contig_62	614994	615521	-	GEGEGB_02840	1	persistent	3	0	0
IKCLMC_04071	contig_62	615531	615830	-	LNHIMF_02832	1	persistent	2	0	0
IKCLMC_04072	contig_62	616013	616171	+	GEGEGB_02838	1	persistent	2	0	1
IKCLMC_04073	contig_62	616271	616720	+	LNHIMF_02830	1	persistent	2	0	0
IKCLMC_04074	contig_62	616742	617419	-	GEGEGB_02835	1	persistent	2	0	1
IKCLMC_04075	contig_62	617461	618861	-	BEJGEH_02780	1	persistent	2	0	0
IKCLMC_04076	contig_62	618991	620274	-	LNHIMF_02827	1	persistent	2	0	0
IKCLMC_04077	contig_62	620289	621737	-	BEJGEH_02778	1	persistent	2	0	0
IKCLMC_04078	contig_62	621759	623027	-	LNHIMF_02824	1	persistent	2	0	0
IKCLMC_04079	contig_62	623053	624030	-	GEGEGB_02829	1	persistent	2	0	1
IKCLMC_04080	contig_62	624126	624242	+	IKCLMC_04080	1	cloud	2	0	0
IKCLMC_04082	contig_62	624334	625848	-	LNHIMF_02822	1	persistent	2	0	1
IKCLMC_04083	contig_62	625859	626290	-	GEGEGB_02827	1	persistent	2	0	0
IKCLMC_04084	contig_62	626305	627282	-	LNHIMF_02820	1	persistent	2	0	0
IKCLMC_04085	contig_62	627437	628111	+	LNHIMF_02819	1	persistent	2	0	0
IKCLMC_04086	contig_62	628098	629513	+	GEGEGB_02824	1	persistent	2	0	0
IKCLMC_04087	contig_62	629646	630659	+	LNHIMF_02817	1	persistent	2	0	0
IKCLMC_04088	contig_62	630752	630865	-	GEGEGB_02822	1	persistent	2	0	0
IKCLMC_04089	contig_62	631381	632277	-	GEGEGB_02821	1	persistent	2	0	0
IKCLMC_04090	contig_62	632571	633500	-	GEGEGB_02820	1	persistent	2	0	0
IKCLMC_04091	contig_62	634019	635071	+	LNHIMF_02813	1	persistent	2	1	1
IKCLMC_04092	contig_62	635267	635578	+	BEJGEH_02765	1	shell	2	0	0
IKCLMC_04093	contig_62	636110	638284	+	LNHIMF_02811	1	persistent	2	1	1
IKCLMC_04094	contig_62	638326	639261	-	HFCAGB_02979	1	persistent	2	0	0
IKCLMC_04095	contig_62	639293	640537	-	LNHIMF_02809	1	persistent	2	0	0
IKCLMC_04096	contig_62	640647	644303	-	HFCAGB_02977	1	persistent	2	0	0
IKCLMC_04097	contig_62	644384	645499	-	GEGEGB_02814	1	persistent	1	2	2
IKCLMC_04098	contig_62	646189	646761	+	LNHIMF_02806	1	shell	1	1	1
IKCLMC_04099	contig_62	647125	648645	+	AJBGEP_02931	2	shell	2	2	0
IKCLMC_04100	contig_62	648782	649252	+	AJBGEP_02930	1	shell	1	2	5
IKCLMC_04101	contig_62	650090	652423	-	IKCLMC_04101	1	cloud	0	2	3
IKCLMC_04102	contig_62	652438	652758	-	IKCLMC_04102	1	cloud	0	0	3
IKCLMC_04103	contig_62	652755	652982	-	IKCLMC_04103	1	cloud	0	0	3
IKCLMC_04104	contig_62	652979	653173	-	IKCLMC_04104	1	cloud	0	0	2
IKCLMC_04108	contig_62	653533	653799	-	IKCLMC_04108	1	cloud	0	0	4
IKCLMC_04109	contig_62	654340	655077	+	IKCLMC_04109	1	cloud	0	0	2
IKCLMC_04110	contig_62	655074	655319	+	IKCLMC_04110	1	cloud	0	0	3
IKCLMC_04111	contig_62	655336	655902	+	IKCLMC_04111	1	cloud	0	0	2
IKCLMC_04112	contig_62	656109	657035	-	IKCLMC_04112	1	cloud	0	0	2
IKCLMC_04113	contig_62	657183	657878	-	IKCLMC_04113	1	cloud	0	0	2
IKCLMC_04114	contig_62	657866	658981	-	IKCLMC_04114	1	cloud	0	0	2
IKCLMC_04115	contig_62	658992	660185	-	IKCLMC_04115	1	cloud	1	0	3
IKCLMC_04117	contig_62	660804	661994	-	LNHIMF_02782	1	persistent	1	2	6
IKCLMC_04118	contig_62	661975	664155	-	LNHIMF_02781	1	persistent	2	0	0
IKCLMC_04119	contig_62	664152	665561	-	LNHIMF_02780	1	persistent	2	0	0
IKCLMC_04121	contig_62	665626	677100	-	GEGEGB_02783	1	persistent	2	0	0
IKCLMC_04122	contig_62	677715	678242	-	GEGEGB_02782	1	persistent	2	0	0
IKCLMC_04123	contig_62	678386	678823	+	GEGEGB_02781	1	persistent	2	0	0
IKCLMC_04124	contig_62	678813	679103	+	LNHIMF_02775	1	persistent	2	0	0
IKCLMC_04125	contig_62	679269	679607	-	GEGEGB_02779	1	persistent	2	0	0
IKCLMC_04126	contig_62	679756	681417	-	LNHIMF_02773	1	persistent	2	0	0
IKCLMC_04127	contig_62	681503	682381	-	AJBGEP_02882	1	persistent	2	0	1
IKCLMC_04128	contig_62	682504	683094	+	LNHIMF_02771	1	persistent	2	0	1
IKCLMC_04129	contig_62	683129	683734	-	BEJGEH_02701	1	persistent	2	0	1
IKCLMC_04130	contig_62	683855	685096	-	GEGEGB_02774	1	persistent	2	0	1
IKCLMC_04131	contig_62	685161	685952	-	GEGEGB_02773	1	persistent	2	0	0
IKCLMC_04132	contig_62	686118	687479	+	GEGEGB_02772	1	persistent	2	0	1
IKCLMC_04133	contig_62	687823	688071	+	GEGEGB_02771	1	persistent	2	0	1
IKCLMC_04134	contig_62	688090	688638	+	GEGEGB_02770	1	persistent	2	0	0
IKCLMC_04135	contig_62	688683	689450	+	GEGEGB_02769	1	persistent	2	0	0
IKCLMC_04136	contig_62	689491	689838	+	GEGEGB_02768	1	persistent	2	0	0
IKCLMC_04137	contig_62	689995	691215	-	LNHIMF_02762	1	persistent	2	0	0
IKCLMC_04138	contig_62	691208	691726	-	GEGEGB_02766	1	persistent	2	0	0
IKCLMC_04139	contig_62	692166	693236	+	GEGEGB_02765	1	persistent	2	0	0
IKCLMC_04140	contig_62	693246	694367	+	GEGEGB_02764	1	persistent	2	0	0
IKCLMC_04141	contig_62	694425	695333	+	LNHIMF_02758	1	persistent	2	0	0
IKCLMC_04142	contig_62	695294	696454	-	LNHIMF_02757	1	persistent	2	0	1
IKCLMC_04143	contig_62	696705	697043	-	GEGEGB_02761	1	persistent	2	0	1
IKCLMC_04144	contig_62	697315	698052	-	BEJGEH_02653	1	persistent	2	0	0
IKCLMC_04145	contig_62	698184	699164	+	GEGEGB_02759	1	persistent	2	0	0
IKCLMC_04146	contig_62	699161	699892	+	LNHIMF_02753	1	persistent	2	0	0
IKCLMC_04148	contig_62	700022	702595	+	GEGEGB_02756	1	persistent	3	0	1
IKCLMC_04150	contig_63	1059	1856	-	HFCAGB_02232	1	shell	2	1	4
IKCLMC_04152	contig_63	2625	3044	+	GEGEGB_00945	1	persistent	1	1	4
IKCLMC_04153	contig_63	3047	4315	+	LNHIMF_02074	1	persistent	3	1	1
IKCLMC_04154	contig_63	4770	4982	+	LNHIMF_02073	1	persistent	2	0	1
IKCLMC_04156	contig_63	5439	6650	-	LNHIMF_02071	1	persistent	2	0	0
IKCLMC_04158	contig_63	7300	7599	+	GEGEGB_00951	1	persistent	2	0	0
IKCLMC_04159	contig_63	7691	8386	+	LNHIMF_02068	1	persistent	2	0	0
IKCLMC_04160	contig_63	8460	9890	+	LNHIMF_02067	1	persistent	2	0	0
IKCLMC_04161	contig_63	9871	10341	+	GEGEGB_00954	1	persistent	2	0	0
IKCLMC_04162	contig_63	10330	11250	-	GEGEGB_00955	1	persistent	2	0	0
IKCLMC_04163	contig_63	11426	12337	+	BEJGEH_01078	1	persistent	2	0	0
IKCLMC_04164	contig_63	12414	12599	+	GEGEGB_00958	1	persistent	2	0	0
IKCLMC_04165	contig_63	12764	14476	+	GEGEGB_00959	1	persistent	2	0	0
IKCLMC_04166	contig_63	14455	15270	-	GEGEGB_00960	1	persistent	2	0	0
IKCLMC_04168	contig_63	15580	15807	-	GEGEGB_00962	1	persistent	2	0	0
IKCLMC_04169	contig_63	15936	16130	+	GEGEGB_00963	1	persistent	2	0	0
IKCLMC_04170	contig_63	16169	16792	-	LNHIMF_02057	1	persistent	2	0	0
IKCLMC_04171	contig_63	17074	17868	-	LNHIMF_02056	1	persistent	2	0	0
IKCLMC_04172	contig_63	17877	18146	-	GEGEGB_00966	1	persistent	2	0	0
IKCLMC_04173	contig_63	18156	18893	-	GEGEGB_00967	1	persistent	2	0	0
IKCLMC_04174	contig_63	18893	19270	-	GEGEGB_00968	1	persistent	2	0	0
IKCLMC_04175	contig_63	19270	19683	-	LNHIMF_02052	1	persistent	2	0	0
IKCLMC_04176	contig_63	19680	20684	-	GEGEGB_00970	1	persistent	2	0	0
IKCLMC_04177	contig_63	20689	21156	-	LNHIMF_02050	1	persistent	2	0	0
IKCLMC_04178	contig_63	21261	22484	-	LNHIMF_02049	1	persistent	2	0	0
IKCLMC_04179	contig_63	22481	22924	-	GEGEGB_00973	1	persistent	2	0	0
IKCLMC_04180	contig_63	22946	24316	-	LNHIMF_02047	1	persistent	2	0	0
IKCLMC_04181	contig_63	24316	25023	-	GEGEGB_00975	1	persistent	2	0	0
IKCLMC_04182	contig_63	25016	26011	-	GEGEGB_00976	1	persistent	2	0	0
IKCLMC_04183	contig_63	26004	27686	-	LNHIMF_02044	1	persistent	2	0	0
IKCLMC_04184	contig_63	27903	28217	+	LNHIMF_02043	1	persistent	2	1	0
IKCLMC_04185	contig_63	28339	28692	-	BEJGEH_01100	1	shell	2	0	0
IKCLMC_04186	contig_63	28996	29229	-	GEGEGB_00980	1	persistent	2	1	0
IKCLMC_04187	contig_63	29226	30431	-	LNHIMF_02041	1	persistent	2	0	0
IKCLMC_04188	contig_63	30617	31030	+	AJBGEP_02065	1	persistent	2	0	0
IKCLMC_04189	contig_63	31070	32554	-	LNHIMF_02039	1	persistent	2	0	0
IKCLMC_04190	contig_63	32626	32994	-	GEGEGB_00984	1	persistent	2	0	0
IKCLMC_04191	contig_63	32994	33401	-	LNHIMF_02037	1	persistent	2	0	1
IKCLMC_04192	contig_63	33416	34819	-	GEGEGB_00986	1	persistent	1	2	1
IKCLMC_04193	contig_63	35076	36584	+	AJBGEP_02931	2	shell	2	2	0
IKCLMC_04194	contig_63	36663	37868	+	LNHIMF_02034	1	persistent	1	3	2
IKCLMC_04195	contig_63	38065	38784	+	GEGEGB_00990	1	persistent	2	1	0
IKCLMC_04196	contig_63	38843	39394	+	GEGEGB_00991	1	persistent	2	0	0
IKCLMC_04197	contig_63	39541	40341	+	GEGEGB_00992	1	persistent	2	0	0
IKCLMC_04198	contig_63	40495	41481	+	LNHIMF_02030	1	persistent	2	0	0
IKCLMC_04199	contig_63	41502	42170	+	GEGEGB_00994	1	persistent	2	0	0
IKCLMC_04200	contig_63	42167	42919	+	GEGEGB_00995	1	persistent	2	0	0
IKCLMC_04201	contig_63	43152	43874	+	LNHIMF_02027	1	persistent	2	0	0
IKCLMC_04202	contig_63	43941	44165	-	GEGEGB_00997	1	persistent	2	1	0
IKCLMC_04203	contig_63	44630	45286	+	GEGEGB_00999	1	persistent	2	1	0
IKCLMC_04204	contig_63	45283	47115	+	GEGEGB_01000	1	persistent	2	0	0
IKCLMC_04205	contig_63	47172	47720	+	GEGEGB_01001	1	persistent	3	0	0
IKCLMC_04209	contig_63	48469	48753	+	LNHIMF_02018	1	persistent	2	0	1
IKCLMC_04210	contig_63	48973	50406	+	LNHIMF_02017	1	persistent	4	0	0
IKCLMC_04212	contig_63	51183	51848	+	LNHIMF_02014	1	persistent	3	0	0
IKCLMC_04213	contig_63	51923	53191	-	GEGEGB_01009	1	persistent	2	0	0
IKCLMC_04214	contig_63	53361	53600	+	GEGEGB_01010	1	persistent	2	0	0
IKCLMC_04215	contig_63	53646	54143	-	GEGEGB_01011	1	persistent	2	0	0
IKCLMC_04216	contig_63	54383	54718	-	GEGEGB_01012	1	persistent	3	0	0
IKCLMC_04217	contig_63	54974	55612	+	LNHIMF_02009	1	persistent	2	0	0
IKCLMC_04218	contig_63	55791	56294	-	GEGEGB_01013	1	persistent	3	0	0
IKCLMC_04219	contig_63	56845	57402	+	BEJGEH_01135	1	persistent	2	0	1
IKCLMC_04220	contig_63	57937	58839	+	BEJGEH_01136	1	persistent	2	0	1
IKCLMC_04221	contig_63	58814	60235	+	GEGEGB_01016	1	persistent	2	0	0
IKCLMC_04222	contig_63	60253	60681	-	LNHIMF_02004	1	persistent	2	0	0
IKCLMC_04223	contig_63	61477	61818	+	GEGEGB_01018	1	persistent	2	0	0
IKCLMC_04224	contig_63	61821	62399	+	LNHIMF_02002	1	persistent	2	0	0
IKCLMC_04225	contig_63	62525	63412	+	LNHIMF_02001	1	persistent	2	0	0
IKCLMC_04226	contig_63	63409	64338	+	LNHIMF_02000	1	persistent	2	0	0
IKCLMC_04227	contig_63	64343	66358	+	GEGEGB_01022	1	persistent	2	0	0
IKCLMC_04228	contig_63	66379	66882	+	LNHIMF_01998	1	persistent	2	0	0
IKCLMC_04229	contig_63	67119	68780	+	LNHIMF_01997	1	persistent	2	0	0
IKCLMC_04230	contig_63	68934	69800	+	LNHIMF_01996	1	persistent	2	0	0
IKCLMC_04231	contig_63	69797	70846	+	GEGEGB_01026	1	persistent	2	0	0
IKCLMC_04232	contig_63	70864	71253	+	GEGEGB_01027	1	persistent	2	0	0
IKCLMC_04233	contig_63	71261	71908	+	LNHIMF_01993	1	persistent	2	0	1
IKCLMC_04234	contig_63	72102	73253	+	GEGEGB_01029	1	persistent	2	0	1
IKCLMC_04235	contig_63	73246	75324	+	GEGEGB_01030	1	persistent	2	0	0
IKCLMC_04236	contig_63	75324	75716	+	GEGEGB_01031	1	persistent	2	0	0
IKCLMC_04237	contig_63	75953	76732	+	LNHIMF_01988	2	persistent	2	0	0
IKCLMC_04238	contig_63	76784	77092	+	LNHIMF_01988	2	persistent	2	0	0
IKCLMC_04239	contig_63	77146	79017	-	LNHIMF_01987	1	persistent	2	0	0
IKCLMC_04240	contig_63	79206	80939	-	GEGEGB_01035	1	persistent	2	0	0
IKCLMC_04241	contig_63	81176	81745	+	LNHIMF_01985	1	persistent	2	0	0
IKCLMC_04242	contig_63	81765	82511	+	LNHIMF_01984	1	persistent	2	0	0
IKCLMC_04244	contig_63	82747	83718	-	GEGEGB_01039	1	persistent	2	0	0
IKCLMC_04245	contig_63	83715	84458	-	GEGEGB_01040	1	persistent	2	0	0
IKCLMC_04246	contig_63	84499	84894	-	GEGEGB_01041	1	persistent	2	0	0
IKCLMC_04247	contig_63	84947	85765	-	GEGEGB_01042	1	persistent	2	0	0
IKCLMC_04248	contig_63	85762	86328	-	GEGEGB_01043	1	persistent	2	0	0
IKCLMC_04249	contig_63	86653	88425	+	LNHIMF_01977	1	persistent	2	0	0
IKCLMC_04250	contig_63	88528	88980	+	GEGEGB_01045	1	persistent	2	0	0
IKCLMC_04251	contig_63	89010	89750	+	GEGEGB_01046	1	persistent	2	0	0
IKCLMC_04252	contig_63	89787	90308	+	GEGEGB_01047	1	persistent	2	0	1
IKCLMC_04253	contig_63	90310	90909	-	LNHIMF_01973	1	persistent	2	1	3
IKCLMC_04254	contig_63	91160	91447	-	IKCLMC_04254	1	cloud	1	0	1
IKCLMC_04255	contig_63	91535	92518	-	BEJGEH_01169	1	cloud	2	0	1
IKCLMC_04256	contig_63	92851	93462	+	LNHIMF_01971	1	persistent	2	1	1
IKCLMC_04257	contig_63	93471	94481	+	GEGEGB_01051	1	persistent	2	0	1
IKCLMC_04258	contig_63	94560	95345	-	GEGEGB_01052	1	persistent	2	0	0
IKCLMC_04259	contig_63	95342	96097	-	LNHIMF_01968	1	persistent	2	0	0
IKCLMC_04260	contig_63	96119	97120	+	LNHIMF_01967	1	persistent	2	0	0
IKCLMC_04261	contig_63	97136	98455	+	LNHIMF_01966	1	persistent	2	0	1
IKCLMC_04262	contig_63	98572	99540	+	GEGEGB_01056	1	persistent	2	1	0
IKCLMC_04263	contig_63	99541	99777	-	LNHIMF_00818	3	shell	12	5	5
IKCLMC_04264	contig_63	100083	100451	+	BEJGEH_01963	1	shell	0	2	0
IKCLMC_04265	contig_63	100385	100702	-	LNHIMF_00819	3	shell	12	3	3
IKCLMC_04266	contig_63	100904	102346	-	GEGEGB_01057	1	persistent	2	1	0
IKCLMC_04267	contig_63	102470	103339	-	GEGEGB_01058	1	persistent	2	0	1
IKCLMC_04268	contig_63	103681	105156	+	LNHIMF_01962	1	persistent	2	0	0
IKCLMC_04269	contig_63	105391	107202	+	GEGEGB_01060	1	persistent	2	0	0
IKCLMC_04270	contig_63	107240	107881	+	LNHIMF_01960	1	persistent	2	0	0
IKCLMC_04271	contig_63	107981	109159	-	GEGEGB_01062	1	persistent	2	0	0
IKCLMC_04272	contig_63	109290	109580	+	GEGEGB_01063	1	persistent	2	0	0
IKCLMC_04273	contig_63	109648	110001	+	GEGEGB_01064	1	persistent	2	0	0
IKCLMC_04274	contig_63	110095	110754	+	LNHIMF_01956	1	persistent	2	0	0
IKCLMC_04275	contig_63	110967	113018	+	GEGEGB_01066	1	persistent	2	0	0
IKCLMC_04276	contig_63	113053	113751	-	GEGEGB_01067	1	persistent	2	0	0
IKCLMC_04277	contig_63	113775	114431	-	LNHIMF_01953	1	persistent	2	0	0
IKCLMC_04278	contig_63	114539	114769	-	GEGEGB_01069	1	persistent	2	0	0
IKCLMC_04279	contig_63	114907	115281	+	LNHIMF_01951	1	persistent	2	0	0
IKCLMC_04280	contig_63	115282	116157	+	LNHIMF_01950	1	persistent	2	0	0
IKCLMC_04281	contig_63	116174	116527	+	GEGEGB_01072	1	persistent	2	0	1
IKCLMC_04284	contig_63	116891	117745	-	PAPNPA_00762	2	persistent	1	1	8
IKCLMC_04285	contig_63	117805	118458	-	ODDLKH_02363	1	shell	1	1	0
IKCLMC_04286	contig_63	118489	118719	+	AJBGEP_01966	1	shell	0	2	2
IKCLMC_04287	contig_63	118773	119306	+	AJBGEP_01965	1	shell	0	2	5
IKCLMC_04288	contig_63	119547	119729	-	IKCLMC_04288	1	cloud	0	2	0
IKCLMC_04289	contig_63	120037	120528	+	IKCLMC_04289	1	shell	0	3	4
IKCLMC_04290	contig_63	120515	120694	+	LNHIMF_01941	1	shell	0	3	1
IKCLMC_04291	contig_63	121081	123135	+	IKCLMC_04291	1	cloud	0	4	0
IKCLMC_04292	contig_63	124704	124826	+	BENMGJ_03766	1	shell	0	4	2
IKCLMC_04293	contig_63	125275	125889	-	LNHIMF_01935	1	shell	0	2	1
IKCLMC_04294	contig_63	125899	126057	-	GEGEGB_01081	1	shell	0	2	0
IKCLMC_04295	contig_63	126190	127104	-	AJBGEP_01956	1	shell	1	2	3
IKCLMC_04296	contig_63	127895	128419	-	BEJGEH_00346	2	persistent	2	1	3
IKCLMC_04297	contig_63	128436	128774	+	PKJKAM_04310	1	cloud	1	0	1
IKCLMC_04298	contig_63	128906	129016	+	PKJKAM_04311	1	cloud	0	1	1
IKCLMC_04299	contig_63	129532	130389	+	AJBGEP_01954	1	shell	1	3	4
IKCLMC_04300	contig_63	130389	130679	+	LNHIMF_01930	1	cloud	2	1	2
IKCLMC_04301	contig_63	131817	132236	+	LNHIMF_01928	1	persistent	1	2	6
IKCLMC_04302	contig_63	132471	132935	-	PKJKAM_04314	1	cloud	1	0	2
IKCLMC_04303	contig_63	132938	133192	-	IKCLMC_04303	1	cloud	2	0	1
IKCLMC_04304	contig_63	134452	134964	-	PAPNPA_00762	2	persistent	1	1	8
IKCLMC_04305	contig_63	135309	136322	-	PAPNPA_00701	1	cloud	1	0	1
IKCLMC_04306	contig_63	137019	137222	-	PKJKAM_04318	1	cloud	0	0	2
IKCLMC_04307	contig_63	138778	138951	+	PKJKAM_04319	1	cloud	1	0	1
IKCLMC_04308	contig_63	139207	139683	-	LNHIMF_01927	1	persistent	2	0	2
IKCLMC_04309	contig_63	140012	140407	-	LNHIMF_01926	1	persistent	2	0	0
IKCLMC_04310	contig_63	141091	141813	+	BEJGEH_01210	1	persistent	2	0	0
IKCLMC_04311	contig_63	142098	142262	+	GEGEGB_01090	1	persistent	3	0	1
IKCLMC_04312	contig_63	142235	142468	+	HFCAGB_01423	1	persistent	2	0	0
IKCLMC_04313	contig_63	142486	143136	+	GEGEGB_01092	1	persistent	3	0	0
IKCLMC_04314	contig_63	143155	143346	-	GEGEGB_01093	1	persistent	2	0	1
IKCLMC_04315	contig_63	143457	143696	-	GEGEGB_01094	1	persistent	2	0	0
IKCLMC_04316	contig_63	143811	145352	-	LNHIMF_01920	1	persistent	2	0	0
IKCLMC_04317	contig_63	145328	147961	-	GEGEGB_01096	1	persistent	2	0	0
IKCLMC_04318	contig_63	147930	149213	-	LNHIMF_01918	1	persistent	2	0	0
IKCLMC_04319	contig_63	149270	149839	+	LNHIMF_01917	1	persistent	2	0	0
IKCLMC_04320	contig_63	149937	150623	+	GEGEGB_01099	1	persistent	2	0	0
IKCLMC_04321	contig_63	150643	152691	+	GEGEGB_01100	1	persistent	2	0	0
IKCLMC_04322	contig_63	152885	153766	+	GEGEGB_01101	1	persistent	2	0	0
IKCLMC_04323	contig_63	153814	155187	-	BEJGEH_01222	1	persistent	2	1	0
IKCLMC_04324	contig_63	155252	155359	+	BEJGEH_01223	1	shell	2	0	0
IKCLMC_04325	contig_63	155363	156154	+	LNHIMF_01912	1	persistent	2	1	0
IKCLMC_04326	contig_63	156366	156605	-	GEGEGB_01105	1	persistent	2	0	0
IKCLMC_04327	contig_63	156763	156906	+	GEGEGB_01106	1	persistent	2	0	0
IKCLMC_04328	contig_63	156977	157264	+	GEGEGB_01107	1	persistent	2	0	0
IKCLMC_04329	contig_63	158069	158278	+	GEGEGB_01108	2	persistent	4	0	0
IKCLMC_04330	contig_63	158498	160243	+	GEGEGB_01109	1	persistent	2	0	0
IKCLMC_04331	contig_63	160309	161118	+	LNHIMF_01906	1	persistent	2	0	0
IKCLMC_04332	contig_63	161115	161681	-	GEGEGB_01111	1	persistent	2	0	0
IKCLMC_04333	contig_63	162091	162549	-	GEGEGB_01112	1	persistent	2	0	0
IKCLMC_04334	contig_63	162608	163459	-	GEGEGB_01113	1	persistent	2	0	0
IKCLMC_04335	contig_63	163472	164272	-	GEGEGB_01114	1	persistent	2	0	0
IKCLMC_04336	contig_63	164325	165293	-	GEGEGB_01115	1	persistent	2	0	0
IKCLMC_04337	contig_63	165766	167325	+	LNHIMF_01900	1	persistent	2	0	0
IKCLMC_04338	contig_63	167347	168948	-	LNHIMF_01899	1	persistent	2	0	0
IKCLMC_04339	contig_63	169086	170450	-	GEGEGB_01118	1	persistent	2	0	0
IKCLMC_04340	contig_63	170714	171292	-	LNHIMF_01897	1	persistent	2	0	0
IKCLMC_04341	contig_63	171296	172660	-	GEGEGB_01120	1	persistent	2	0	0
IKCLMC_04342	contig_63	172741	172920	+	GEGEGB_01121	1	persistent	2	0	0
IKCLMC_04343	contig_63	172926	173270	-	LNHIMF_01894	1	persistent	2	0	0
IKCLMC_04344	contig_63	173402	175312	+	GEGEGB_01123	1	persistent	2	0	0
IKCLMC_04345	contig_63	175370	176065	+	GEGEGB_01124	1	persistent	2	0	0
IKCLMC_04346	contig_63	176137	176718	+	GEGEGB_01125	1	persistent	2	0	0
IKCLMC_04347	contig_63	176857	178608	+	GEGEGB_01126	1	persistent	2	1	0
IKCLMC_04349	contig_63	178693	179808	+	GEGEGB_01128	1	persistent	2	1	0
IKCLMC_04350	contig_63	179930	180196	-	GEGEGB_01129	1	persistent	2	0	0
IKCLMC_04351	contig_63	180200	181012	-	LNHIMF_01886	1	persistent	2	0	0
IKCLMC_04352	contig_63	181036	181743	-	GEGEGB_01131	1	persistent	2	0	0
IKCLMC_04353	contig_63	181869	182162	+	LNHIMF_01884	1	persistent	2	0	0
IKCLMC_04354	contig_63	182212	182871	+	GEGEGB_01133	1	persistent	2	0	0
IKCLMC_04355	contig_63	182964	183410	+	LNHIMF_01882	1	persistent	2	0	0
IKCLMC_04356	contig_63	183762	183899	+	GEGEGB_01135	1	persistent	2	0	0
IKCLMC_04357	contig_63	184091	184264	+	GEGEGB_01136	1	persistent	2	0	0
IKCLMC_04358	contig_63	184336	184677	-	GEGEGB_01137	1	persistent	2	0	0
IKCLMC_04359	contig_63	184786	185316	-	GEGEGB_01138	1	persistent	2	0	0
IKCLMC_04360	contig_63	185458	187002	-	GEGEGB_01139	1	persistent	2	0	0
IKCLMC_04361	contig_63	187222	187941	+	LNHIMF_01876	1	persistent	2	0	0
IKCLMC_04362	contig_63	187988	189520	-	GEGEGB_01141	1	persistent	2	0	0
IKCLMC_04363	contig_63	189843	191141	+	LNHIMF_01874	1	persistent	2	0	0
IKCLMC_04364	contig_63	191155	192225	+	LNHIMF_01873	1	persistent	2	0	0
IKCLMC_04365	contig_63	192288	194021	-	GEGEGB_01144	1	persistent	2	0	0
IKCLMC_04366	contig_63	194124	195032	-	GEGEGB_01145	1	persistent	2	0	0
IKCLMC_04367	contig_63	195202	195813	+	GEGEGB_01146	1	persistent	2	0	0
IKCLMC_04368	contig_63	195827	196561	-	LNHIMF_01869	1	persistent	2	0	0
IKCLMC_04369	contig_63	196730	196984	+	GEGEGB_01148	1	persistent	2	0	0
IKCLMC_04370	contig_63	197047	198759	-	LNHIMF_01867	1	persistent	2	0	0
IKCLMC_04371	contig_63	198973	200247	-	LNHIMF_01866	1	persistent	2	0	0
IKCLMC_04372	contig_63	200642	200731	-	GEGEGB_01153	1	persistent	2	0	0
IKCLMC_04373	contig_63	200744	201880	-	LNHIMF_01864	1	persistent	2	0	0
IKCLMC_04374	contig_63	201892	203436	-	LNHIMF_01863	1	persistent	2	0	0
IKCLMC_04375	contig_63	203511	204359	-	GEGEGB_01156	1	persistent	2	0	0
IKCLMC_04376	contig_63	204356	204760	-	GEGEGB_01157	1	persistent	2	0	0
IKCLMC_04377	contig_63	204750	205346	-	GEGEGB_01158	1	persistent	2	0	0
IKCLMC_04378	contig_63	205343	206074	-	LNHIMF_01859	1	persistent	2	0	0
IKCLMC_04379	contig_63	206093	207886	-	GEGEGB_01160	1	persistent	2	0	0
IKCLMC_04380	contig_63	207883	209001	-	LNHIMF_01857	1	persistent	2	0	1
IKCLMC_04381	contig_63	209496	210761	+	BEJGEH_01280	1	persistent	2	0	2
IKCLMC_04382	contig_63	211245	211700	-	BEJGEH_01281	1	cloud	2	0	1
IKCLMC_04383	contig_63	211739	212359	-	BEJGEH_01282	1	cloud	1	0	1
IKCLMC_04384	contig_63	213118	214209	-	GEGEGB_01164	1	persistent	2	0	2
IKCLMC_04385	contig_63	214326	214910	-	GEGEGB_01165	1	persistent	2	0	0
IKCLMC_04386	contig_63	215186	215464	+	LNHIMF_01852	1	persistent	2	0	0
IKCLMC_04387	contig_63	215509	217167	-	GEGEGB_01167	1	persistent	2	0	0
IKCLMC_04388	contig_63	217319	218266	-	GEGEGB_01168	1	persistent	2	0	0
IKCLMC_04389	contig_63	218532	219383	-	GEGEGB_01169	1	persistent	2	0	0
IKCLMC_04390	contig_63	219380	220003	-	LNHIMF_01848	1	persistent	2	0	0
IKCLMC_04391	contig_63	220317	221573	+	GEGEGB_01171	1	persistent	2	0	0
IKCLMC_04392	contig_63	221614	222696	+	GEGEGB_01172	1	persistent	2	0	0
IKCLMC_04393	contig_63	222696	223529	+	LNHIMF_01845	1	persistent	2	0	0
IKCLMC_04394	contig_63	223526	223915	+	GEGEGB_01174	1	persistent	2	0	0
IKCLMC_04395	contig_63	223919	224728	+	GEGEGB_01175	1	persistent	2	0	0
IKCLMC_04396	contig_63	224766	225620	+	GEGEGB_01176	1	persistent	2	1	0
IKCLMC_04397	contig_63	225674	226774	-	LNHIMF_01841	1	persistent	2	1	0
IKCLMC_04398	contig_63	227041	227271	+	GEGEGB_01777	1	persistent	2	0	0
IKCLMC_04399	contig_63	227351	227704	-	GEGEGB_01776	2	persistent	2	0	0
IKCLMC_04400	contig_63	227776	229305	+	PAPNPA_00575	1	persistent	2	0	0
IKCLMC_04401	contig_63	229306	229956	-	LNHIMF_01837	1	persistent	2	0	0
IKCLMC_04402	contig_63	229949	231745	-	LNHIMF_01836	1	persistent	2	0	0
IKCLMC_04403	contig_63	232086	233483	+	GEGEGB_01772	1	persistent	2	0	0
IKCLMC_04404	contig_63	233871	237614	+	GEGEGB_01771	1	persistent	2	0	0
IKCLMC_04405	contig_63	237611	239146	+	GEGEGB_01575	2	persistent	4	0	0
IKCLMC_04406	contig_63	239143	239853	+	LNHIMF_01832	1	persistent	2	0	0
IKCLMC_04407	contig_63	239853	240530	+	LNHIMF_01831	1	persistent	3	0	1
IKCLMC_04408	contig_63	240772	242301	+	BEJGEH_01307	1	persistent	2	0	0
IKCLMC_04411	contig_63	243300	244142	-	GEGEGB_01765	1	persistent	3	0	1
IKCLMC_04412	contig_63	244193	244651	-	BEJGEH_01311	1	persistent	2	0	0
IKCLMC_04413	contig_63	244771	245667	+	LNHIMF_01825	1	persistent	2	0	0
IKCLMC_04414	contig_63	245758	246771	+	GEGEGB_01762	1	persistent	2	0	0
IKCLMC_04415	contig_63	246974	247882	+	GEGEGB_01761	1	persistent	2	0	0
IKCLMC_04416	contig_63	248014	248427	-	GEGEGB_01760	1	persistent	2	0	0
IKCLMC_04417	contig_63	249090	249707	+	GEGEGB_01759	1	persistent	2	0	0
IKCLMC_04418	contig_63	249903	252581	-	GEGEGB_01758	2	persistent	3	0	1
IKCLMC_04419	contig_63	253058	253705	+	GEGEGB_01757	1	persistent	2	0	0
IKCLMC_04420	contig_63	254469	256100	+	BEJGEH_01319	1	persistent	2	0	0
IKCLMC_04421	contig_63	256100	257143	+	BEJGEH_01320	1	persistent	2	0	0
IKCLMC_04422	contig_63	257158	258066	+	LNHIMF_01816	1	persistent	2	0	0
IKCLMC_04423	contig_63	258078	259085	+	LNHIMF_01815	1	persistent	2	0	0
IKCLMC_04424	contig_63	259082	260086	+	GEGEGB_01751	1	persistent	2	0	0
IKCLMC_04425	contig_63	260134	260970	+	LNHIMF_01813	1	persistent	2	0	0
IKCLMC_04426	contig_63	261018	261347	-	GEGEGB_01749	1	persistent	2	0	0
IKCLMC_04427	contig_63	261381	262841	-	GEGEGB_01748	1	persistent	2	0	0
IKCLMC_04428	contig_63	262984	263157	+	GEGEGB_01747	1	persistent	2	0	0
IKCLMC_04429	contig_63	263201	263497	-	GEGEGB_01746	1	persistent	2	0	0
IKCLMC_04430	contig_63	263721	264443	+	LNHIMF_01808	1	persistent	2	0	0
IKCLMC_04431	contig_63	264503	264904	-	GEGEGB_01744	1	persistent	2	0	0
IKCLMC_04432	contig_63	265065	265604	-	GEGEGB_01743	1	persistent	2	0	0
IKCLMC_04433	contig_63	265661	266404	-	GEGEGB_01742	1	persistent	3	0	0
IKCLMC_04434	contig_63	266430	266834	-	GEGEGB_01741	1	persistent	2	0	0
IKCLMC_04435	contig_63	267172	267810	+	GEGEGB_01740	1	persistent	3	0	0
IKCLMC_04436	contig_63	267892	268770	-	LNHIMF_01802	1	persistent	2	0	0
IKCLMC_04437	contig_63	268790	269296	-	GEGEGB_01738	1	persistent	2	0	0
IKCLMC_04438	contig_63	269370	269873	-	GEGEGB_01737	1	persistent	2	0	0
IKCLMC_04439	contig_63	269963	270145	-	GEGEGB_01513	3	persistent	6	0	0
IKCLMC_04440	contig_63	270625	271431	-	GEGEGB_01735	1	persistent	2	0	0
IKCLMC_04441	contig_63	271431	272624	-	GEGEGB_01734	1	persistent	2	0	0
IKCLMC_04442	contig_63	272634	273992	-	GEGEGB_01733	1	persistent	2	0	0
IKCLMC_04443	contig_63	273996	275591	-	GEGEGB_01732	1	persistent	2	0	0
IKCLMC_04444	contig_63	275591	277153	-	LNHIMF_01794	1	persistent	2	0	0
IKCLMC_04445	contig_63	277248	277310	-	GEGEGB_01730	1	persistent	2	0	0
IKCLMC_04446	contig_63	277426	278295	+	GEGEGB_01729	1	persistent	2	0	0
IKCLMC_04447	contig_63	278303	278923	+	GEGEGB_01728	1	persistent	2	0	0
IKCLMC_04448	contig_63	279024	279899	+	GEGEGB_01727	1	persistent	2	0	0
IKCLMC_04449	contig_63	279986	280576	-	LNHIMF_01789	1	persistent	2	0	0
IKCLMC_04450	contig_63	280573	281334	-	GEGEGB_01725	1	persistent	2	0	0
IKCLMC_04451	contig_63	281578	282618	+	LNHIMF_01787	1	persistent	2	0	0
IKCLMC_04452	contig_63	282660	282911	-	GEGEGB_01723	1	persistent	2	0	0
IKCLMC_04453	contig_63	283314	285911	+	GEGEGB_01722	1	persistent	2	0	0
IKCLMC_04454	contig_63	286323	287297	+	GEGEGB_01720	1	persistent	2	0	0
IKCLMC_04455	contig_63	287590	287718	+	GEGEGB_01719	1	persistent	2	0	0
IKCLMC_04457	contig_63	288274	290949	+	LNHIMF_01780	1	persistent	2	0	0
IKCLMC_04458	contig_63	291005	291595	-	GEGEGB_01716	1	persistent	2	0	0
IKCLMC_04459	contig_63	291791	292555	+	GEGEGB_01715	1	persistent	2	0	0
IKCLMC_04460	contig_63	292705	293013	+	GEGEGB_01714	1	persistent	2	0	0
IKCLMC_04461	contig_63	293020	294189	+	GEGEGB_01713	1	persistent	2	0	0
IKCLMC_04462	contig_63	294380	295117	+	GEGEGB_01712	1	persistent	2	0	0
IKCLMC_04463	contig_63	295117	295443	+	GEGEGB_01711	1	persistent	2	0	0
IKCLMC_04464	contig_63	295563	295781	-	LNHIMF_01773	1	persistent	2	0	0
IKCLMC_04465	contig_63	296040	296762	-	GEGEGB_01709	1	persistent	2	0	0
IKCLMC_04466	contig_63	296888	297058	-	GEGEGB_01708	1	persistent	2	0	0
IKCLMC_04467	contig_63	297180	299162	-	LNHIMF_01770	1	persistent	2	0	0
IKCLMC_04468	contig_63	299424	301358	-	LNHIMF_01769	1	persistent	2	0	0
IKCLMC_04469	contig_63	301447	302580	-	BEJGEH_01368	1	persistent	2	0	0
IKCLMC_04470	contig_63	302780	303568	-	GEGEGB_01704	1	persistent	2	0	0
IKCLMC_04471	contig_63	304174	305547	+	HFCAGB_01582	1	persistent	2	0	0
IKCLMC_04472	contig_63	306013	306720	+	LNHIMF_01765	1	persistent	2	0	0
IKCLMC_04473	contig_63	306736	307542	-	LNHIMF_01764	1	persistent	2	0	0
IKCLMC_04474	contig_63	307544	308536	-	GEGEGB_01700	1	persistent	2	0	0
IKCLMC_04475	contig_63	308536	309426	-	GEGEGB_01699	1	persistent	2	0	2
IKCLMC_04476	contig_63	309413	310378	-	GEGEGB_01694	1	persistent	2	0	1
IKCLMC_04477	contig_63	310375	312018	-	LNHIMF_01756	1	persistent	2	0	0
IKCLMC_04478	contig_63	312130	313110	-	LNHIMF_01755	1	persistent	2	0	0
IKCLMC_04479	contig_63	313281	313949	+	GEGEGB_01691	1	persistent	2	0	0
IKCLMC_04480	contig_63	314009	314233	+	GEGEGB_01690	1	persistent	2	0	0
IKCLMC_04481	contig_63	314233	314592	+	LNHIMF_01752	1	persistent	2	0	1
IKCLMC_04482	contig_63	314615	314833	+	GEGEGB_01688	1	persistent	2	0	0
IKCLMC_04483	contig_63	314909	315223	+	GEGEGB_01687	1	persistent	2	0	1
IKCLMC_04484	contig_63	315372	316769	+	GEGEGB_01686	1	persistent	2	0	0
IKCLMC_04485	contig_63	316766	317827	+	LNHIMF_01748	1	persistent	2	0	0
IKCLMC_04486	contig_63	317975	319516	+	GEGEGB_01684	1	persistent	2	1	0
IKCLMC_04487	contig_63	319606	320112	-	LNHIMF_01746	1	persistent	2	1	1
IKCLMC_04488	contig_63	320228	321193	+	LNHIMF_01745	1	persistent	2	0	0
IKCLMC_04489	contig_63	321168	321896	-	GEGEGB_01678	1	persistent	2	0	0
IKCLMC_04490	contig_63	322086	323699	+	BEJGEH_01389	1	persistent	2	0	0
IKCLMC_04491	contig_63	323796	324725	-	LNHIMF_01742	1	persistent	2	0	0
IKCLMC_04492	contig_63	324844	325749	+	LNHIMF_01741	1	persistent	2	0	0
IKCLMC_04493	contig_63	326057	326893	+	ALJMDI_03500	1	persistent	2	0	0
IKCLMC_04494	contig_63	326984	327697	-	GEGEGB_01673	1	persistent	2	0	0
IKCLMC_04495	contig_63	327775	328365	+	GEGEGB_01672	1	persistent	2	0	0
IKCLMC_04496	contig_63	328494	328730	+	GEGEGB_01671	1	persistent	2	0	0
IKCLMC_04497	contig_63	328944	329999	-	BEJGEH_01396	1	persistent	2	0	0
IKCLMC_04498	contig_63	330446	331297	-	LNHIMF_01735	1	persistent	2	0	0
IKCLMC_04499	contig_63	331597	332442	+	LNHIMF_01734	1	persistent	2	0	0
IKCLMC_04500	contig_63	332517	334499	+	LNHIMF_01733	1	persistent	2	0	2
IKCLMC_04501	contig_63	334526	335350	+	BEJGEH_01400	1	persistent	2	0	0
IKCLMC_04502	contig_63	335488	336006	+	LNHIMF_01731	1	persistent	3	0	2
IKCLMC_04503	contig_63	336113	336451	-	GEGEGB_01664	1	persistent	2	0	0
IKCLMC_04504	contig_63	336479	337165	-	LNHIMF_01729	1	persistent	3	0	0
IKCLMC_04505	contig_63	337209	337811	+	GEGEGB_01662	1	persistent	2	0	0
IKCLMC_04506	contig_63	337893	338924	-	GEGEGB_01661	1	persistent	2	0	0
IKCLMC_04507	contig_63	339163	339417	+	GEGEGB_01660	1	persistent	2	0	0
IKCLMC_04508	contig_63	339472	340419	-	LNHIMF_01725	1	persistent	2	0	0
IKCLMC_04509	contig_63	340570	341322	-	LNHIMF_01724	1	persistent	2	0	0
IKCLMC_04510	contig_63	341518	342033	-	GEGEGB_01657	1	persistent	2	0	0
IKCLMC_04511	contig_63	342291	342854	+	LNHIMF_01722	1	persistent	2	0	0
IKCLMC_04512	contig_63	343265	344419	+	LNHIMF_01721	1	persistent	2	0	0
IKCLMC_04513	contig_63	344565	345548	+	LNHIMF_01720	1	persistent	2	0	0
IKCLMC_04515	contig_63	346035	347408	+	HFCAGB_01626	1	persistent	2	0	0
IKCLMC_04516	contig_63	347452	348387	-	GEGEGB_01650	1	persistent	2	0	2
IKCLMC_04517	contig_63	348743	349081	+	GEGEGB_01648	1	persistent	2	0	2
IKCLMC_04518	contig_63	349131	349565	-	GEGEGB_01647	1	persistent	2	0	1
IKCLMC_04520	contig_63	350047	353571	-	GEGEGB_01642	1	persistent	2	1	0
IKCLMC_04521	contig_63	353847	354113	+	GEGEGB_01641	1	persistent	2	0	0
IKCLMC_04522	contig_63	354157	354567	-	GEGEGB_01640	1	persistent	2	0	0
IKCLMC_04523	contig_63	354678	355667	-	GEGEGB_01639	1	persistent	2	0	0
IKCLMC_04524	contig_63	355907	358543	+	BEJGEH_01424	1	persistent	2	0	0
IKCLMC_04525	contig_63	358543	358734	+	GEGEGB_01636	1	persistent	2	0	0
IKCLMC_04526	contig_63	358742	359065	+	LNHIMF_01706	1	persistent	2	0	0
IKCLMC_04527	contig_63	359208	359657	+	GEGEGB_01634	1	persistent	2	0	0
IKCLMC_04528	contig_63	359654	360259	-	GEGEGB_01633	1	persistent	2	0	0
IKCLMC_04529	contig_63	360442	364362	+	LNHIMF_01703	1	persistent	2	0	0
IKCLMC_04530	contig_63	364426	365226	+	GEGEGB_01631	1	persistent	2	0	0
IKCLMC_04531	contig_63	365343	365873	+	LNHIMF_01701	1	persistent	2	0	0
IKCLMC_04533	contig_63	366144	366806	-	GEGEGB_01627	1	persistent	2	0	0
IKCLMC_04534	contig_63	367174	367269	+	GEGEGB_01626	1	persistent	2	0	0
IKCLMC_04535	contig_63	367270	368820	-	LNHIMF_01697	1	persistent	2	0	0
IKCLMC_04536	contig_63	368957	369637	-	GEGEGB_01624	1	persistent	2	0	0
IKCLMC_04537	contig_63	369634	370365	-	LNHIMF_01695	1	persistent	2	0	0
IKCLMC_04538	contig_63	370390	371022	-	ALJMDI_03455	1	persistent	2	0	0
IKCLMC_04539	contig_63	371044	371805	-	GEGEGB_01621	1	persistent	2	0	0
IKCLMC_04540	contig_63	372712	373056	+	LNHIMF_01692	1	persistent	3	0	0
IKCLMC_04541	contig_63	373177	374403	-	LNHIMF_01691	1	persistent	2	0	0
IKCLMC_04542	contig_63	374829	375545	+	LNHIMF_01690	1	persistent	3	0	0
IKCLMC_04543	contig_63	375710	375835	+	BEJGEH_01443	1	persistent	2	0	0
IKCLMC_04544	contig_63	376598	376873	+	LNHIMF_01689	1	persistent	3	0	0
IKCLMC_04545	contig_63	376905	378023	+	LNHIMF_01688	1	persistent	2	0	0
IKCLMC_04546	contig_63	378192	379817	+	LNHIMF_01687	1	persistent	2	0	0
IKCLMC_04547	contig_63	379878	380801	-	LNHIMF_01686	1	persistent	2	0	0
IKCLMC_04548	contig_63	381094	382437	+	LNHIMF_01685	1	persistent	3	0	0
IKCLMC_04549	contig_63	382486	383994	+	LNHIMF_01684	1	persistent	2	0	0
IKCLMC_04550	contig_63	384250	385869	+	GEGEGB_01617	1	persistent	2	0	0
IKCLMC_04551	contig_63	386074	386640	+	LNHIMF_01682	1	persistent	2	0	1
IKCLMC_04552	contig_63	386649	387854	+	HFCAGB_01665	1	persistent	2	0	0
IKCLMC_04553	contig_63	387901	388338	-	BEJGEH_01457	1	persistent	2	0	1
IKCLMC_04554	contig_63	388338	389129	-	GEGEGB_01613	1	persistent	2	0	0
IKCLMC_04555	contig_63	389145	389777	-	GEGEGB_01612	1	persistent	2	0	0
IKCLMC_04556	contig_63	389789	390226	-	GEGEGB_01611	1	persistent	2	0	0
IKCLMC_04557	contig_63	390358	391164	-	LNHIMF_01676	1	persistent	2	0	0
IKCLMC_04558	contig_63	391178	392491	-	GEGEGB_01609	1	persistent	2	0	0
IKCLMC_04559	contig_63	392502	392783	-	GEGEGB_01608	1	persistent	2	0	0
IKCLMC_04560	contig_63	392780	393898	-	LNHIMF_01673	1	persistent	2	0	0
IKCLMC_04561	contig_63	394115	394654	+	GEGEGB_01606	1	persistent	2	0	0
IKCLMC_04562	contig_63	394651	395631	-	LNHIMF_01671	1	persistent	2	0	0
IKCLMC_04563	contig_63	395738	396751	+	LNHIMF_01670	1	persistent	2	0	0
IKCLMC_04564	contig_63	396738	397334	+	LNHIMF_01669	1	persistent	2	0	0
IKCLMC_04565	contig_63	397490	398158	+	LNHIMF_01668	1	persistent	2	0	0
IKCLMC_04566	contig_63	398212	399390	-	LNHIMF_01667	1	persistent	2	0	0
IKCLMC_04567	contig_63	399482	400018	+	GEGEGB_01600	1	persistent	2	0	0
IKCLMC_04568	contig_63	400097	402061	+	LNHIMF_01665	1	persistent	2	0	0
IKCLMC_04569	contig_63	402062	402292	-	GEGEGB_01598	1	persistent	1	1	1
IKCLMC_04570	contig_63	402566	403186	-	GEGEGB_01597	1	shell	1	1	0
IKCLMC_04571	contig_63	403183	403356	-	GEGEGB_01596	1	shell	1	1	0
IKCLMC_04572	contig_63	404053	404451	+	GEGEGB_01595	1	persistent	1	1	2
IKCLMC_04573	contig_63	404973	405743	+	LNHIMF_01661	1	persistent	2	0	0
IKCLMC_04574	contig_63	405879	407303	+	LNHIMF_01660	1	persistent	2	0	0
IKCLMC_04575	contig_63	407439	408863	+	LNHIMF_01659	1	persistent	3	0	0
IKCLMC_04576	contig_63	409262	409435	+	BEJGEH_01479	1	persistent	2	0	0
IKCLMC_04577	contig_63	409480	411624	-	LNHIMF_01657	1	persistent	3	0	0
IKCLMC_04578	contig_63	411621	414602	-	GEGEGB_01590	1	persistent	2	0	0
IKCLMC_04579	contig_63	414607	415932	-	HFCAGB_01692	1	persistent	2	0	0
IKCLMC_04580	contig_63	416156	416389	+	LNHIMF_01654	1	persistent	2	0	0
IKCLMC_04581	contig_63	416394	416843	-	GEGEGB_01587	1	persistent	2	0	0
IKCLMC_04582	contig_63	416843	417358	-	LNHIMF_01652	1	persistent	2	0	0
IKCLMC_04583	contig_63	417570	418607	+	LNHIMF_01651	1	persistent	2	0	0
IKCLMC_04584	contig_63	418941	419606	+	GEGEGB_01584	1	persistent	2	0	0
IKCLMC_04585	contig_63	419673	421838	-	LNHIMF_01649	1	persistent	2	0	0
IKCLMC_04586	contig_63	422057	423118	+	GEGEGB_01582	1	persistent	2	0	0
IKCLMC_04587	contig_63	423263	423484	+	GEGEGB_01581	1	persistent	2	0	0
IKCLMC_04588	contig_63	423561	425054	-	GEGEGB_01580	1	persistent	2	0	0
IKCLMC_04589	contig_63	425567	426199	+	LNHIMF_01645	1	persistent	2	0	0
IKCLMC_04590	contig_63	426481	427326	+	LNHIMF_01644	1	persistent	2	0	0
IKCLMC_04591	contig_63	427362	428255	-	GEGEGB_01577	1	persistent	3	0	0
IKCLMC_04592	contig_63	428361	429041	-	LNHIMF_01642	1	persistent	2	0	0
IKCLMC_04593	contig_63	429038	429733	-	BEJGEH_01496	1	persistent	3	0	0
IKCLMC_04594	contig_63	429733	431277	-	GEGEGB_01575	2	persistent	4	0	0
IKCLMC_04595	contig_63	431274	435014	-	BEJGEH_01498	1	persistent	2	0	0
IKCLMC_04596	contig_63	435106	436494	-	LNHIMF_01638	1	persistent	2	0	0
IKCLMC_04597	contig_63	436709	437287	-	AJBGEP_01662	1	persistent	2	0	0
IKCLMC_04598	contig_63	437405	438892	+	LNHIMF_01636	1	persistent	2	0	0
IKCLMC_04599	contig_63	438917	439357	-	LNHIMF_01635	1	persistent	3	0	0
IKCLMC_04600	contig_63	439441	440529	-	BEJGEH_01503	1	persistent	2	0	1
IKCLMC_04601	contig_63	441054	441935	-	BEJGEH_01507	1	persistent	2	0	1
IKCLMC_04602	contig_63	442213	445260	+	LNHIMF_01632	1	persistent	4	0	0
IKCLMC_04603	contig_63	445274	446158	+	LNHIMF_01631	1	persistent	2	0	0
IKCLMC_04604	contig_63	446151	446807	+	LNHIMF_01630	1	persistent	2	0	0
IKCLMC_04605	contig_63	446906	447916	-	GEGEGB_01568	1	persistent	3	0	0
IKCLMC_04606	contig_63	448202	449899	-	GEGEGB_01567	1	persistent	2	0	0
IKCLMC_04607	contig_63	450076	450219	-	GEGEGB_01566	1	persistent	2	0	0
IKCLMC_04608	contig_63	450314	450529	-	GEGEGB_01565	1	persistent	2	0	0
IKCLMC_04609	contig_63	451042	451473	+	GEGEGB_01564	1	persistent	2	0	1
IKCLMC_04610	contig_63	451823	452152	+	GEGEGB_01561	1	persistent	2	0	1
IKCLMC_04611	contig_63	452295	453080	+	LNHIMF_01621	1	persistent	2	0	0
IKCLMC_04612	contig_63	453209	454993	+	LNHIMF_01620	1	persistent	2	0	0
IKCLMC_04613	contig_63	454990	457518	+	LNHIMF_01619	1	persistent	2	0	0
IKCLMC_04614	contig_63	457575	459650	+	HFCAGB_01727	1	persistent	2	0	0
IKCLMC_04615	contig_63	459763	460965	-	PAPNPA_03909	1	persistent	2	0	0
IKCLMC_04616	contig_63	460978	462429	-	LNHIMF_01616	1	persistent	2	1	0
IKCLMC_04617	contig_63	462573	463553	-	LNHIMF_01615	1	persistent	1	1	3
IKCLMC_04618	contig_63	463982	464098	+	IKCLMC_04618	1	cloud	1	1	3
IKCLMC_04619	contig_63	464456	464722	+	AJBGEP_01638	1	shell	1	1	4
IKCLMC_04620	contig_63	465132	465464	-	BEJGEH_01529	1	persistent	1	2	6
IKCLMC_04621	contig_63	465821	466069	+	LNHIMF_01606	1	persistent	2	0	2
IKCLMC_04622	contig_63	466059	466343	+	LNHIMF_01605	1	persistent	2	0	0
IKCLMC_04623	contig_63	466514	466903	+	BEJGEH_01535	1	persistent	2	0	0
IKCLMC_04624	contig_63	466955	468034	-	LNHIMF_01603	1	persistent	2	0	1
IKCLMC_04625	contig_63	468227	468715	-	LNHIMF_01602	1	persistent	2	0	0
IKCLMC_04626	contig_63	468760	470268	+	BEJGEH_01538	1	persistent	2	0	0
IKCLMC_04627	contig_63	470258	471499	+	LNHIMF_01600	1	persistent	2	0	0
IKCLMC_04628	contig_63	471569	473125	+	BEJGEH_01540	1	persistent	2	0	1
IKCLMC_04629	contig_63	473302	474588	+	LNHIMF_01598	1	persistent	2	0	0
IKCLMC_04630	contig_63	474563	475588	+	GEGEGB_01544	1	persistent	2	0	0
IKCLMC_04631	contig_63	475647	476318	-	GEGEGB_01543	1	persistent	2	0	0
IKCLMC_04632	contig_63	476484	477572	-	GEGEGB_01542	1	persistent	2	0	1
IKCLMC_04633	contig_63	478003	479106	+	LNHIMF_01594	1	persistent	2	0	1
IKCLMC_04634	contig_63	479109	480911	+	LNHIMF_01593	1	persistent	2	0	0
IKCLMC_04635	contig_63	480931	481605	+	GEGEGB_01538	1	persistent	2	0	0
IKCLMC_04636	contig_63	481611	482219	+	GEGEGB_01537	1	persistent	2	0	0
IKCLMC_04637	contig_63	482219	482518	+	LNHIMF_01590	1	persistent	2	0	0
IKCLMC_04638	contig_63	482515	482925	+	GEGEGB_01535	1	persistent	2	0	0
IKCLMC_04639	contig_63	482943	484004	+	LNHIMF_01588	1	persistent	2	0	0
IKCLMC_04640	contig_63	483992	484879	+	BEJGEH_01552	1	persistent	3	0	0
IKCLMC_04641	contig_63	484892	485233	+	LNHIMF_01586	1	persistent	2	0	0
IKCLMC_04642	contig_63	485363	486481	-	LNHIMF_01585	1	persistent	3	0	0
IKCLMC_04643	contig_63	487213	487740	+	LNHIMF_01583	1	persistent	2	0	0
IKCLMC_04644	contig_63	487796	488743	-	GEGEGB_01529	1	persistent	2	0	0
IKCLMC_04645	contig_63	488967	489326	-	BEJGEH_01558	1	persistent	2	0	0
IKCLMC_04646	contig_63	489326	490252	-	LNHIMF_01580	1	persistent	2	0	0
IKCLMC_04647	contig_63	490325	491713	-	LNHIMF_01579	1	persistent	2	0	0
IKCLMC_04648	contig_63	491816	492688	+	LNHIMF_01578	1	persistent	2	0	0
IKCLMC_04649	contig_63	492804	493994	+	GEGEGB_01524	1	persistent	2	0	0
IKCLMC_04650	contig_63	494041	494706	-	GEGEGB_01523	1	persistent	2	0	0
IKCLMC_04651	contig_63	494965	495399	+	GEGEGB_01522	1	persistent	2	0	0
IKCLMC_04652	contig_63	495419	495802	+	GEGEGB_01521	1	persistent	2	0	0
IKCLMC_04653	contig_63	495837	496046	+	GEGEGB_01520	1	persistent	2	0	0
IKCLMC_04654	contig_63	496165	497064	-	GEGEGB_01519	1	persistent	2	0	0
IKCLMC_04655	contig_63	497295	498482	+	LNHIMF_01571	1	persistent	2	0	0
IKCLMC_04656	contig_63	498730	498825	+	GEGEGB_01517	1	persistent	2	0	0
IKCLMC_04658	contig_63	499172	499564	-	LNHIMF_01568	1	persistent	2	0	0
IKCLMC_04659	contig_63	499991	500518	+	LNHIMF_01567	1	persistent	3	0	0
IKCLMC_04660	contig_63	500638	500820	-	GEGEGB_01513	3	persistent	6	0	0
IKCLMC_04661	contig_63	501165	503207	-	LNHIMF_01565	1	persistent	3	0	0
IKCLMC_04662	contig_63	503346	504092	+	GEGEGB_01511	1	persistent	2	0	0
IKCLMC_04663	contig_63	504222	504908	+	GEGEGB_01510	1	persistent	2	0	0
IKCLMC_04664	contig_63	505089	505292	+	GEGEGB_01509	1	persistent	2	0	0
IKCLMC_04665	contig_63	505359	506825	-	BEJGEH_01578	1	persistent	2	0	0
IKCLMC_04666	contig_63	506969	508348	-	GEGEGB_01506	1	persistent	2	0	1
IKCLMC_04667	contig_63	508402	509421	-	GEGEGB_01505	1	persistent	2	0	1
IKCLMC_04668	contig_63	509432	510646	-	LNHIMF_01558	1	persistent	2	0	0
IKCLMC_04669	contig_63	510768	511103	-	LNHIMF_01557	1	persistent	2	0	0
IKCLMC_04670	contig_63	511247	511588	+	GEGEGB_01502	1	persistent	2	0	0
IKCLMC_04671	contig_63	511624	512184	+	LNHIMF_01555	1	persistent	2	0	0
IKCLMC_04672	contig_63	512225	512902	-	OEKLIE_00834	1	persistent	2	0	1
IKCLMC_04673	contig_63	513042	513347	+	LNHIMF_01553	1	persistent	2	0	0
IKCLMC_04674	contig_63	513504	515942	+	LNHIMF_01552	1	persistent	2	0	1
IKCLMC_04675	contig_63	516041	518476	+	AJBGEP_01578	1	persistent	2	0	0
IKCLMC_04676	contig_63	518487	519104	+	GEGEGB_01496	2	persistent	4	0	0
IKCLMC_04677	contig_63	519106	519963	+	LNHIMF_01549	1	persistent	2	0	0
IKCLMC_04678	contig_63	520006	520620	+	LNHIMF_01548	1	persistent	2	0	0
IKCLMC_04679	contig_63	520925	521635	+	GEGEGB_01493	1	persistent	2	0	0
IKCLMC_04680	contig_63	521664	522566	+	GEGEGB_01492	1	persistent	2	0	0
IKCLMC_04681	contig_63	522576	523223	+	GEGEGB_01491	1	persistent	2	0	0
IKCLMC_04682	contig_63	523223	524371	+	GEGEGB_01490	1	persistent	2	0	0
IKCLMC_04683	contig_63	524543	525796	+	LNHIMF_01543	1	persistent	2	0	0
IKCLMC_04684	contig_63	525752	526447	-	LNHIMF_01542	1	persistent	2	0	0
IKCLMC_04685	contig_63	526573	527793	-	LNHIMF_01541	1	persistent	2	0	0
IKCLMC_04686	contig_63	527921	528820	-	LNHIMF_01540	1	persistent	2	0	0
IKCLMC_04687	contig_63	528940	530193	+	GEGEGB_01485	1	persistent	2	1	0
IKCLMC_04689	contig_63	530588	530839	+	GEGEGB_01480	1	persistent	2	0	1
IKCLMC_04690	contig_63	531108	531929	+	GEGEGB_01479	1	persistent	2	0	0
IKCLMC_04691	contig_63	531969	532298	-	GEGEGB_01478	1	persistent	2	0	0
IKCLMC_04692	contig_63	532285	532647	-	GEGEGB_01477	1	persistent	2	0	0
IKCLMC_04693	contig_63	533065	534099	+	GEGEGB_01476	1	persistent	2	0	0
IKCLMC_04694	contig_63	534274	535662	-	GEGEGB_01475	1	persistent	2	0	0
IKCLMC_04695	contig_63	535673	537202	-	GEGEGB_01474	1	persistent	2	0	0
IKCLMC_04696	contig_63	537729	538673	+	LNHIMF_01531	1	persistent	2	0	2
IKCLMC_04697	contig_63	538972	540354	+	GEGEGB_01423	1	persistent	2	0	2
IKCLMC_04698	contig_63	540416	540751	-	GEGEGB_01422	1	persistent	2	0	0
IKCLMC_04699	contig_63	540878	541609	+	LNHIMF_01528	1	persistent	2	0	0
IKCLMC_04700	contig_63	542089	543252	+	LNHIMF_01527	1	persistent	2	0	0
IKCLMC_04701	contig_63	543411	545111	+	LNHIMF_01526	1	persistent	2	0	0
IKCLMC_04702	contig_63	545222	546523	+	LNHIMF_01525	1	persistent	2	0	1
IKCLMC_04703	contig_63	546599	546865	+	IKCLMC_04703	1	cloud	2	0	0
IKCLMC_04704	contig_63	546828	547529	+	LNHIMF_01524	1	persistent	2	0	1
IKCLMC_04705	contig_63	547526	548929	-	LNHIMF_01523	1	persistent	2	0	0
IKCLMC_04706	contig_63	549097	550743	-	GEGEGB_01415	2	persistent	4	0	0
IKCLMC_04707	contig_63	550943	552118	+	GEGEGB_01414	1	persistent	2	0	0
IKCLMC_04708	contig_63	552221	553729	+	GEGEGB_01413	1	persistent	2	0	2
IKCLMC_04709	contig_63	553832	554068	+	GEGEGB_01412	1	cloud	2	0	0
IKCLMC_04710	contig_63	554435	555436	+	GEGEGB_01411	1	persistent	2	0	2
IKCLMC_04711	contig_63	555511	556551	-	GEGEGB_01410	1	persistent	2	0	0
IKCLMC_04712	contig_63	557182	557397	+	GEGEGB_01409	1	persistent	2	0	0
IKCLMC_04713	contig_63	557486	557926	+	GEGEGB_01408	1	persistent	2	0	0
IKCLMC_04714	contig_63	558003	558584	+	GEGEGB_01407	1	persistent	2	0	0
IKCLMC_04715	contig_63	558584	559162	+	GEGEGB_01406	1	persistent	2	0	0
IKCLMC_04716	contig_63	559155	561362	+	BEJGEH_01628	1	persistent	2	0	0
IKCLMC_04717	contig_63	561363	562421	+	GEGEGB_01404	1	persistent	2	0	0
IKCLMC_04718	contig_63	562425	563045	+	GEGEGB_01403	1	persistent	2	0	0
IKCLMC_04719	contig_63	563048	563740	+	GEGEGB_01402	1	persistent	2	0	0
IKCLMC_04720	contig_63	563740	564375	+	LNHIMF_01506	1	persistent	2	0	0
IKCLMC_04721	contig_63	564976	566481	+	BEJGEH_01633	1	persistent	2	0	0
IKCLMC_04722	contig_63	566586	567191	+	LNHIMF_01504	1	persistent	2	0	0
IKCLMC_04723	contig_63	567250	568110	-	LNHIMF_01503	1	persistent	2	0	0
IKCLMC_04724	contig_63	568170	569444	-	GEGEGB_01397	1	persistent	2	0	0
IKCLMC_04725	contig_63	569571	570227	-	GEGEGB_01396	1	persistent	2	0	0
IKCLMC_04726	contig_63	570286	570648	-	LNHIMF_01500	1	persistent	2	0	0
IKCLMC_04727	contig_63	570703	571824	-	GEGEGB_01394	1	persistent	2	0	0
IKCLMC_04728	contig_63	572096	572563	+	GEGEGB_01393	1	persistent	2	0	0
IKCLMC_04729	contig_63	572611	573045	-	GEGEGB_01392	1	persistent	2	0	0
IKCLMC_04730	contig_63	573246	573482	+	GEGEGB_01391	1	persistent	2	0	0
IKCLMC_04731	contig_63	573485	574345	+	GEGEGB_01390	1	persistent	2	0	0
IKCLMC_04732	contig_63	574345	576384	+	LNHIMF_01494	1	persistent	2	0	0
IKCLMC_04733	contig_63	576360	576881	-	GEGEGB_01388	1	persistent	2	0	0
IKCLMC_04734	contig_63	576961	577857	-	GEGEGB_01387	1	persistent	3	0	0
IKCLMC_04735	contig_63	577908	578147	-	LNHIMF_01491	1	persistent	3	0	0
IKCLMC_04736	contig_63	578250	578849	+	GEGEGB_01386	1	persistent	3	0	0
IKCLMC_04737	contig_63	578908	580005	+	GEGEGB_01385	1	persistent	3	0	0
IKCLMC_04738	contig_63	580074	580481	+	GEGEGB_01384	1	persistent	2	0	0
IKCLMC_04739	contig_63	580582	581229	+	GEGEGB_01383	1	persistent	2	0	0
IKCLMC_04740	contig_63	581307	581654	-	GEGEGB_01382	1	persistent	2	0	0
IKCLMC_04741	contig_63	581989	582810	+	GEGEGB_01381	1	persistent	2	0	0
IKCLMC_04742	contig_63	582937	583518	+	GEGEGB_01380	1	persistent	2	0	0
IKCLMC_04744	contig_63	583600	583689	-	GEGEGB_01379	1	persistent	2	0	0
IKCLMC_04745	contig_63	583985	585010	+	GEGEGB_01377	1	persistent	2	0	0
IKCLMC_04746	contig_63	585007	585939	-	GEGEGB_01376	1	persistent	2	0	0
IKCLMC_04747	contig_63	586052	587257	+	LNHIMF_01479	1	persistent	2	0	0
IKCLMC_04748	contig_63	587547	588695	+	GEGEGB_01374	1	persistent	2	0	0
IKCLMC_04749	contig_63	588737	589378	-	GEGEGB_01373	1	persistent	2	0	0
IKCLMC_04750	contig_63	589595	590968	+	GEGEGB_01372	1	persistent	2	0	0
IKCLMC_04753	contig_63	591441	592499	-	GEGEGB_01369	1	persistent	2	0	0
IKCLMC_04754	contig_63	592496	593275	-	GEGEGB_01368	1	persistent	2	0	0
IKCLMC_04755	contig_63	593276	593542	-	GEGEGB_01367	1	persistent	2	0	0
IKCLMC_04756	contig_63	593539	594186	-	LNHIMF_01470	1	persistent	2	0	0
IKCLMC_04757	contig_63	594254	595222	-	LNHIMF_01469	1	persistent	2	0	0
IKCLMC_04758	contig_63	595203	595577	-	GEGEGB_01364	1	persistent	2	0	0
IKCLMC_04759	contig_63	595558	595989	-	LNHIMF_01467	1	persistent	2	0	0
IKCLMC_04760	contig_63	595938	597239	-	GEGEGB_01362	1	persistent	2	0	1
IKCLMC_04761	contig_63	597229	599274	-	LNHIMF_01465	1	persistent	2	0	1
IKCLMC_04762	contig_63	599259	599627	-	LNHIMF_01464	1	persistent	2	0	0
IKCLMC_04763	contig_63	599685	600677	-	LNHIMF_01463	1	persistent	2	0	0
IKCLMC_04764	contig_63	600667	601341	-	GEGEGB_01358	1	persistent	2	0	0
IKCLMC_04765	contig_63	601338	601589	-	GEGEGB_01357	1	persistent	2	0	0
IKCLMC_04766	contig_63	601904	602653	-	BEJGEH_01677	1	persistent	2	0	0
IKCLMC_04767	contig_63	602650	602913	-	LNHIMF_01459	1	persistent	2	0	0
IKCLMC_04768	contig_63	602910	603200	-	GEGEGB_01354	1	persistent	2	0	0
IKCLMC_04769	contig_63	603178	603393	-	GEGEGB_01353	1	persistent	2	0	0
IKCLMC_04770	contig_63	603487	604176	-	LNHIMF_01456	1	persistent	2	0	0
IKCLMC_04771	contig_63	604173	604955	-	HFCAGB_01878	1	persistent	2	0	0
IKCLMC_04772	contig_63	604971	605399	-	LNHIMF_01454	1	persistent	2	0	0
IKCLMC_04773	contig_63	605457	605873	-	GEGEGB_01349	1	persistent	2	0	0
IKCLMC_04774	contig_63	605876	606463	-	GEGEGB_01348	1	persistent	2	0	0
IKCLMC_04775	contig_63	606479	607933	-	LNHIMF_01451	1	persistent	2	0	0
IKCLMC_04776	contig_63	607936	608409	-	LNHIMF_01450	1	persistent	2	0	0
IKCLMC_04777	contig_63	608406	608996	-	GEGEGB_01345	1	persistent	2	0	0
IKCLMC_04778	contig_63	609003	609326	-	GEGEGB_01344	1	persistent	2	0	0
IKCLMC_04779	contig_63	609592	609834	-	GEGEGB_01343	1	persistent	2	0	0
IKCLMC_04780	contig_63	609842	611053	-	GEGEGB_01342	1	persistent	2	0	0
IKCLMC_04781	contig_63	611034	612527	-	LNHIMF_01445	1	persistent	2	0	0
IKCLMC_04782	contig_63	612529	612912	-	GEGEGB_01340	1	persistent	2	0	0
IKCLMC_04783	contig_63	613331	616093	+	LNHIMF_01443	1	persistent	2	0	0
IKCLMC_04784	contig_63	616124	616762	+	GEGEGB_01338	1	persistent	2	0	0
IKCLMC_04785	contig_63	616941	617669	+	GEGEGB_01337	1	persistent	2	0	0
IKCLMC_04786	contig_63	617841	618800	+	GEGEGB_01336	1	persistent	2	0	0
IKCLMC_04787	contig_63	618896	619108	-	GEGEGB_01335	1	persistent	2	0	0
IKCLMC_04788	contig_63	619206	619826	-	GEGEGB_01334	1	persistent	2	0	0
IKCLMC_04789	contig_63	619801	621579	-	GEGEGB_01333	1	persistent	2	0	0
IKCLMC_04790	contig_63	621761	622495	+	GEGEGB_01332	1	persistent	2	0	0
IKCLMC_04791	contig_63	622496	623518	+	LNHIMF_01435	1	persistent	2	0	0
IKCLMC_04792	contig_63	623511	626573	+	GEGEGB_01330	1	persistent	2	0	0
IKCLMC_04793	contig_63	626896	628122	+	BEJGEH_01704	1	persistent	2	0	0
IKCLMC_04794	contig_63	628134	628871	+	LNHIMF_01432	1	persistent	2	0	1
IKCLMC_04795	contig_63	628930	629823	+	BEJGEH_01706	1	persistent	2	0	0
IKCLMC_04796	contig_63	629845	631188	+	LNHIMF_01430	1	persistent	2	0	1
IKCLMC_04797	contig_63	631590	633002	+	GEGEGB_01324	1	persistent	2	0	0
IKCLMC_04798	contig_63	633313	633549	+	GEGEGB_01322	1	persistent	3	0	2
IKCLMC_04799	contig_63	633569	633871	+	PKJKAM_00840	1	cloud	2	0	0
IKCLMC_04800	contig_63	633938	634939	-	LNHIMF_01426	1	persistent	2	0	3
IKCLMC_04801	contig_63	635094	635510	-	GEGEGB_01319	1	persistent	2	0	1
IKCLMC_04802	contig_63	635523	636743	-	GEGEGB_01318	1	persistent	2	0	0
IKCLMC_04803	contig_63	636740	638011	-	LNHIMF_01423	1	persistent	2	0	0
IKCLMC_04804	contig_63	637986	638732	-	LNHIMF_01422	1	persistent	2	0	0
IKCLMC_04805	contig_63	638749	640236	-	LNHIMF_01421	1	persistent	2	0	0
IKCLMC_04806	contig_63	640245	640613	-	GEGEGB_01314	1	persistent	2	0	0
IKCLMC_04807	contig_63	641040	642386	+	LNHIMF_01419	1	persistent	2	0	0
IKCLMC_04809	contig_63	642674	642862	-	LNHIMF_01417	1	persistent	2	0	0
IKCLMC_04810	contig_63	642961	643371	-	GEGEGB_01310	1	persistent	2	0	0
IKCLMC_04811	contig_63	643368	646424	-	LNHIMF_01415	1	persistent	2	0	0
IKCLMC_04812	contig_63	646689	647807	+	LNHIMF_01414	1	persistent	2	0	1
IKCLMC_04814	contig_63	648265	648624	+	LNHIMF_01412	1	persistent	2	0	0
IKCLMC_04815	contig_63	648765	649976	+	HFCAGB_01923	1	persistent	2	0	0
IKCLMC_04816	contig_63	650340	651575	+	LNHIMF_01410	1	persistent	2	0	0
IKCLMC_04817	contig_63	651642	652508	+	LNHIMF_01409	1	persistent	2	0	0
IKCLMC_04818	contig_63	652553	653311	+	LNHIMF_01408	1	persistent	2	0	0
IKCLMC_04819	contig_63	653465	655060	+	LNHIMF_01407	1	persistent	2	0	0
IKCLMC_04820	contig_63	655074	656225	+	LNHIMF_01406	1	persistent	2	0	0
IKCLMC_04821	contig_63	656301	657191	-	LNHIMF_01405	1	persistent	2	0	0
IKCLMC_04822	contig_63	657654	658418	+	LNHIMF_01404	1	persistent	2	0	0
IKCLMC_04823	contig_63	658440	659375	+	BEJGEH_01734	1	persistent	2	0	0
IKCLMC_04824	contig_63	659432	660718	+	BEJGEH_01735	1	persistent	2	0	0
IKCLMC_04825	contig_63	660715	661008	+	BEJGEH_01736	1	persistent	2	0	0
IKCLMC_04826	contig_63	661098	662738	+	LNHIMF_01400	1	persistent	2	0	0
IKCLMC_04827	contig_63	662780	665158	-	GEGEGB_01305	1	persistent	2	0	1
IKCLMC_04828	contig_63	665495	666328	+	GEGEGB_01304	1	persistent	2	0	0
IKCLMC_04829	contig_63	666484	667530	+	LNHIMF_01397	1	persistent	2	0	0
IKCLMC_04830	contig_63	667687	667878	+	GEGEGB_01302	1	persistent	2	0	0
IKCLMC_04831	contig_63	667914	669356	-	GEGEGB_01301	1	persistent	2	0	0
IKCLMC_04832	contig_63	669418	670128	-	IKCLMC_04832	1	persistent	2	0	0
IKCLMC_04833	contig_63	670442	670906	-	LNHIMF_01393	1	persistent	2	0	0
IKCLMC_04834	contig_63	670983	671732	-	GEGEGB_01298	1	persistent	2	0	0
IKCLMC_04835	contig_63	671732	672283	-	GEGEGB_01297	1	persistent	2	0	0
IKCLMC_04836	contig_63	672375	673355	-	LNHIMF_01390	1	persistent	2	0	0
IKCLMC_04838	contig_63	673558	673857	-	GEGEGB_01294	1	persistent	2	0	0
IKCLMC_04839	contig_63	673862	676249	-	LNHIMF_01387	1	persistent	2	0	0
IKCLMC_04840	contig_63	676265	677248	-	GEGEGB_01292	1	persistent	2	0	0
IKCLMC_04841	contig_63	677385	677429	-	GEGEGB_01291	1	persistent	2	0	0
IKCLMC_04842	contig_63	677550	677906	-	GEGEGB_01290	1	persistent	2	0	0
IKCLMC_04843	contig_63	677957	678154	-	GEGEGB_01289	1	persistent	2	0	0
IKCLMC_04844	contig_63	678250	678570	-	GEGEGB_01288	1	persistent	2	0	0
IKCLMC_04845	contig_63	678797	680725	-	GEGEGB_01287	1	persistent	3	2	0
IKCLMC_04846	contig_63	680985	681839	-	LNHIMF_01380	1	persistent	3	1	1
IKCLMC_04847	contig_63	681836	682150	-	GEGEGB_01283	1	persistent	2	0	0
IKCLMC_04848	contig_63	682293	683252	+	GEGEGB_01282	1	persistent	3	0	0
IKCLMC_04849	contig_63	683301	684059	-	GEGEGB_01281	1	persistent	2	0	0
IKCLMC_04850	contig_63	684348	685280	+	LNHIMF_01376	1	persistent	2	0	0
IKCLMC_04851	contig_63	685377	685667	+	GEGEGB_01279	1	persistent	2	0	0
IKCLMC_04852	contig_63	685774	686634	+	GEGEGB_01278	1	persistent	2	0	0
IKCLMC_04853	contig_63	686677	687213	-	GEGEGB_01277	1	persistent	2	0	0
IKCLMC_04854	contig_63	687362	688030	+	LNHIMF_01372	1	persistent	2	0	0
IKCLMC_04855	contig_63	688168	688767	+	LNHIMF_01371	1	persistent	2	0	0
IKCLMC_04856	contig_63	688904	690295	+	LNHIMF_01370	1	persistent	2	0	0
IKCLMC_04857	contig_63	690397	690639	-	GEGEGB_01273	1	persistent	2	0	0
IKCLMC_04858	contig_63	691004	693256	+	LNHIMF_01368	1	persistent	2	1	0
IKCLMC_04859	contig_63	693300	694058	-	LNHIMF_01367	1	persistent	2	1	0
IKCLMC_04860	contig_63	694071	695426	-	LNHIMF_01366	1	persistent	2	0	0
IKCLMC_04861	contig_63	695551	696390	-	GEGEGB_01267	1	persistent	2	0	0
IKCLMC_04862	contig_63	696404	696751	-	GEGEGB_01266	1	persistent	2	0	0
IKCLMC_04863	contig_63	696802	698160	-	GEGEGB_01265	1	persistent	2	0	1
IKCLMC_04864	contig_63	698243	698563	-	GEGEGB_01264	1	persistent	2	0	0
IKCLMC_04865	contig_63	698864	699205	-	GEGEGB_01263	1	persistent	2	0	1
IKCLMC_04866	contig_63	699424	700251	+	GEGEGB_01262	1	persistent	2	0	0
IKCLMC_04867	contig_63	700372	701253	+	GEGEGB_01261	1	persistent	2	0	0
IKCLMC_04868	contig_63	701328	701813	-	LNHIMF_01358	1	persistent	2	0	0
IKCLMC_04869	contig_63	701897	702112	-	GEGEGB_01259	1	persistent	2	0	0
IKCLMC_04870	contig_63	702149	703117	-	LNHIMF_01356	1	persistent	2	0	0
IKCLMC_04871	contig_63	703110	704453	-	GEGEGB_01257	2	persistent	2	0	0
IKCLMC_04872	contig_63	704450	705928	-	HFCAGB_01981	1	persistent	2	0	0
IKCLMC_04873	contig_63	705925	706959	-	LNHIMF_01353	1	persistent	2	0	0
IKCLMC_04874	contig_63	706950	708176	-	GEGEGB_01253	1	persistent	2	0	0
IKCLMC_04875	contig_63	708550	709428	+	GEGEGB_01252	1	persistent	2	0	0
IKCLMC_04876	contig_63	709501	709917	+	LNHIMF_01350	1	persistent	2	0	0
IKCLMC_04877	contig_63	709877	710152	-	LNHIMF_01349	1	persistent	2	0	0
IKCLMC_04878	contig_63	710391	711734	+	LNHIMF_01348	1	persistent	2	0	0
IKCLMC_04879	contig_63	711764	713713	-	GEGEGB_01248	1	persistent	2	0	0
IKCLMC_04880	contig_63	713718	714761	-	LNHIMF_01346	1	persistent	2	0	0
IKCLMC_04881	contig_63	714879	715430	-	GEGEGB_01246	1	persistent	2	0	0
IKCLMC_04882	contig_63	715604	717460	+	GEGEGB_01245	1	persistent	2	0	0
IKCLMC_04883	contig_63	717484	718572	+	LNHIMF_01343	1	persistent	2	0	0
IKCLMC_04884	contig_63	718599	719255	+	LNHIMF_01342	1	persistent	2	0	1
IKCLMC_04885	contig_63	719606	719884	-	GEGEGB_01242	1	persistent	2	0	2
IKCLMC_04886	contig_63	719926	720339	-	GEGEGB_01241	1	persistent	2	0	0
IKCLMC_04887	contig_63	720681	721676	+	GEGEGB_01240	1	persistent	2	0	2
IKCLMC_04888	contig_63	722011	722895	+	LNHIMF_01338	1	persistent	2	0	0
IKCLMC_04889	contig_63	722994	723842	-	GEGEGB_01237	1	persistent	2	0	0
IKCLMC_04890	contig_63	723948	725144	-	LNHIMF_01336	1	persistent	2	0	0
IKCLMC_04891	contig_63	725434	726180	-	GEGEGB_01235	1	persistent	2	0	0
IKCLMC_04892	contig_63	726608	728542	+	LNHIMF_01334	1	persistent	2	0	0
IKCLMC_04893	contig_63	728665	729951	+	PAPNPA_01180	1	persistent	2	0	3
IKCLMC_04894	contig_63	730105	730320	-	IKCLMC_04894	1	cloud	2	0	0
IKCLMC_04895	contig_63	730623	732116	+	LNHIMF_01331	1	persistent	2	0	3
IKCLMC_04896	contig_63	732157	732684	+	GEGEGB_01230	1	persistent	2	0	0
IKCLMC_04897	contig_63	732829	732936	-	BEJGEH_01808	1	persistent	2	0	0
IKCLMC_04898	contig_63	733142	733588	+	GEGEGB_01228	1	persistent	2	0	0
IKCLMC_04899	contig_63	733568	734362	-	LNHIMF_01327	1	persistent	2	0	0
IKCLMC_04900	contig_63	734463	735647	+	LNHIMF_01326	1	persistent	2	0	0
IKCLMC_04901	contig_63	735766	736113	+	GEGEGB_01225	1	persistent	2	0	0
IKCLMC_04902	contig_63	736099	736410	-	GEGEGB_01224	1	persistent	2	0	0
IKCLMC_04903	contig_63	736479	736730	-	GEGEGB_01223	1	persistent	2	1	0
IKCLMC_04904	contig_63	737163	737411	-	GEGEGB_01220	1	persistent	2	1	0
IKCLMC_04906	contig_63	737725	738366	-	LNHIMF_01320	1	persistent	2	0	0
IKCLMC_04907	contig_63	738596	738778	-	GEGEGB_01217	1	persistent	2	0	0
IKCLMC_04908	contig_63	738781	739143	-	GEGEGB_01216	1	persistent	2	0	0
IKCLMC_04909	contig_63	739316	739954	-	GEGEGB_01215	1	persistent	2	0	0
IKCLMC_04910	contig_63	740150	740695	-	LNHIMF_01316	1	persistent	2	0	0
