gene	contig	start	stop	strand	family	nb_copy_in_genome	partition	persistent_neighbors	shell_neighbors	cloud_neighbors
GEGEGB_00001	contig_1	169	255	+	GEGEGB_00001	1	persistent	2	0	0
GEGEGB_00002	contig_1	337	2799	+	GEGEGB_00002	1	persistent	2	0	0
GEGEGB_00003	contig_1	2801	3730	+	GEGEGB_00003	1	persistent	2	0	0
GEGEGB_00004	contig_1	3734	5020	+	GEGEGB_00004	1	persistent	2	0	0
GEGEGB_00005	contig_1	5114	5887	-	GEGEGB_00005	1	persistent	2	0	0
GEGEGB_00006	contig_1	5966	7396	-	GEGEGB_00006	1	persistent	2	0	0
GEGEGB_00007	contig_1	7665	8618	+	GEGEGB_00007	1	persistent	2	0	0
GEGEGB_00008	contig_1	8729	9319	+	GEGEGB_00008	1	persistent	2	0	0
GEGEGB_00009	contig_1	9376	9942	-	GEGEGB_00009	1	persistent	2	0	0
GEGEGB_00010	contig_1	10092	10805	-	GEGEGB_00010	1	persistent	2	0	0
GEGEGB_00011	contig_1	10841	11245	-	GEGEGB_00011	1	persistent	2	0	0
GEGEGB_00012	contig_1	11594	13510	+	GEGEGB_00012	1	persistent	2	0	0
GEGEGB_00014	contig_1	13596	14735	+	GEGEGB_00014	1	persistent	2	0	1
GEGEGB_00015	contig_1	15020	15967	+	GEGEGB_00015	1	persistent	2	0	1
GEGEGB_00016	contig_1	16094	16438	+	LNHIMF_00016	1	persistent	2	0	0
GEGEGB_00017	contig_1	16499	17032	-	LNHIMF_00017	1	persistent	2	0	0
GEGEGB_00018	contig_1	17049	17492	-	GEGEGB_00018	1	persistent	2	0	0
GEGEGB_00019	contig_1	17873	19972	+	BEJGEH_00020	1	persistent	2	0	0
GEGEGB_00020	contig_1	20064	21155	+	LNHIMF_00020	2	persistent	2	0	0
GEGEGB_00021	contig_1	21198	23060	+	LNHIMF_00020	2	persistent	2	0	0
GEGEGB_00022	contig_1	23341	24045	+	BEJGEH_00022	1	persistent	2	0	0
GEGEGB_00023	contig_1	24473	25015	+	LNHIMF_00022	1	persistent	2	0	0
GEGEGB_00024	contig_1	25116	25802	+	LNHIMF_00023	1	persistent	2	0	0
GEGEGB_00025	contig_1	25807	26727	+	LNHIMF_00024	3	persistent	2	0	0
GEGEGB_00026	contig_1	26728	27759	+	LNHIMF_00024	3	persistent	2	0	0
GEGEGB_00027	contig_1	27874	28428	+	LNHIMF_00024	3	persistent	2	0	0
GEGEGB_00028	contig_1	28429	29436	+	LNHIMF_00025	1	persistent	2	0	0
GEGEGB_00029	contig_1	29437	29982	+	LNHIMF_00026	1	persistent	2	0	0
GEGEGB_00030	contig_1	29998	30516	+	GEGEGB_00030	1	persistent	2	0	0
GEGEGB_00031	contig_1	30482	31213	+	LNHIMF_00028	1	persistent	2	0	0
GEGEGB_00032	contig_1	31278	32123	+	LNHIMF_00029	1	persistent	2	0	1
GEGEGB_00033	contig_1	32162	32449	+	LNHIMF_00030	1	persistent	2	1	0
GEGEGB_00034	contig_1	32549	32998	-	GEGEGB_00034	1	persistent	1	1	1
GEGEGB_00035	contig_1	33368	34363	+	AJBGEP_00032	1	shell	2	1	0
GEGEGB_00036	contig_1	34511	34816	-	HFCAGB_00034	1	shell	0	2	0
GEGEGB_00037	contig_1	35339	37057	+	BEJGEH_00035	1	shell	0	2	0
GEGEGB_00038	contig_1	37103	38665	-	GEGEGB_00038	1	shell	0	2	0
GEGEGB_00039	contig_1	38773	39534	-	GEGEGB_00039	1	shell	1	1	0
GEGEGB_00040	contig_1	40128	41621	+	LNHIMF_00037	1	persistent	0	2	2
GEGEGB_00041	contig_1	41720	42910	+	LNHIMF_00038	1	shell	1	1	0
GEGEGB_00042	contig_1	43198	44181	+	IKCLMC_03170	1	shell	1	1	0
GEGEGB_00043	contig_1	44308	46023	+	LNHIMF_00040	1	persistent	1	1	1
GEGEGB_00044	contig_1	46186	47352	+	LNHIMF_00041	1	persistent	2	0	1
GEGEGB_00045	contig_1	47420	48313	+	GEGEGB_00045	1	persistent	2	0	0
GEGEGB_00046	contig_1	48368	50407	-	LNHIMF_00043	1	persistent	2	0	0
GEGEGB_00047	contig_1	50447	51820	-	LNHIMF_00044	1	persistent	2	0	1
GEGEGB_00048	contig_1	52277	52540	-	GEGEGB_00048	1	cloud	2	0	0
GEGEGB_00049	contig_1	52869	53807	+	GEGEGB_00049	1	persistent	2	0	1
GEGEGB_00050	contig_1	53852	56686	+	LNHIMF_00047	1	persistent	2	0	0
GEGEGB_00051	contig_1	56686	57186	+	LNHIMF_00048	1	persistent	2	0	0
GEGEGB_00052	contig_1	57341	57790	+	GEGEGB_00052	1	persistent	2	0	0
GEGEGB_00053	contig_1	57793	58743	+	GEGEGB_00053	1	persistent	2	0	0
GEGEGB_00055	contig_1	58943	60145	+	AJBGEP_00052	1	persistent	2	0	0
GEGEGB_00056	contig_1	60161	61081	+	GEGEGB_00056	1	persistent	2	0	0
GEGEGB_00057	contig_1	61103	61789	-	GEGEGB_00057	1	persistent	2	0	0
GEGEGB_00058	contig_1	61791	63449	-	BEJGEH_00056	1	persistent	2	0	0
GEGEGB_00059	contig_1	63545	64846	-	LNHIMF_00056	2	persistent	4	0	0
GEGEGB_00060	contig_1	64859	66634	-	GEGEGB_00060	2	persistent	2	0	1
GEGEGB_00061	contig_1	66650	66889	-	AJBGEP_03535	2	persistent	3	1	0
GEGEGB_00062	contig_1	67048	68388	-	GEGEGB_00062	1	persistent	2	0	0
GEGEGB_00063	contig_1	68633	69676	+	GEGEGB_00063	1	persistent	2	0	0
GEGEGB_00064	contig_1	69706	69999	+	GEGEGB_00064	1	persistent	2	0	0
GEGEGB_00065	contig_1	69996	70865	+	LNHIMF_00062	1	persistent	2	0	0
GEGEGB_00066	contig_1	70876	72396	+	LNHIMF_00063	1	persistent	2	0	0
GEGEGB_00067	contig_1	72396	72947	+	GEGEGB_00067	1	persistent	2	0	0
GEGEGB_00068	contig_1	72925	73833	+	LNHIMF_00065	1	persistent	2	0	0
GEGEGB_00069	contig_1	74013	74834	+	GEGEGB_00069	1	persistent	2	1	1
GEGEGB_00070	contig_1	75687	76835	+	LNHIMF_00068	1	persistent	2	1	1
GEGEGB_00071	contig_1	76851	80078	+	LNHIMF_00069	1	persistent	2	1	0
GEGEGB_00072	contig_1	80352	80747	+	GEGEGB_00072	1	persistent	2	1	0
GEGEGB_00073	contig_1	80825	81421	-	GEGEGB_00073	1	persistent	2	0	0
GEGEGB_00074	contig_1	81533	82318	-	LNHIMF_00072	1	persistent	2	0	0
GEGEGB_00075	contig_1	82372	83925	-	LNHIMF_00073	1	persistent	2	0	0
GEGEGB_00076	contig_1	83988	85205	-	GEGEGB_00076	1	persistent	2	0	0
GEGEGB_00077	contig_1	85317	86459	-	GEGEGB_00077	1	persistent	2	0	0
GEGEGB_00078	contig_1	86494	88011	-	LNHIMF_00076	1	persistent	2	0	0
GEGEGB_00079	contig_1	88492	89262	+	GEGEGB_00079	1	persistent	2	0	0
GEGEGB_00080	contig_1	89278	90219	+	GEGEGB_00080	1	persistent	2	0	0
GEGEGB_00081	contig_1	90269	91555	+	GEGEGB_00081	1	persistent	2	0	0
GEGEGB_00082	contig_1	91552	91839	+	GEGEGB_00082	1	persistent	2	0	0
GEGEGB_00084	contig_1	91987	93327	+	GEGEGB_00084	1	persistent	2	0	0
GEGEGB_00085	contig_1	93416	93646	+	GEGEGB_00085	1	persistent	3	0	0
GEGEGB_00086	contig_1	93931	94353	+	GEGEGB_00086	1	persistent	2	0	0
GEGEGB_00088	contig_1	94577	94867	-	GEGEGB_00088	1	persistent	2	0	0
GEGEGB_00089	contig_1	95765	95989	+	BEJGEH_00088	3	persistent	2	0	0
GEGEGB_00090	contig_1	96041	97345	+	BEJGEH_00088	3	persistent	2	0	0
GEGEGB_00091	contig_1	97342	97653	+	BEJGEH_00088	3	persistent	2	0	0
GEGEGB_00092	contig_1	98060	98590	+	LNHIMF_00088	1	persistent	3	0	0
GEGEGB_00093	contig_1	98583	100445	+	GEGEGB_00093	1	persistent	2	0	0
GEGEGB_00094	contig_1	100644	101123	+	GEGEGB_00094	1	persistent	2	0	0
GEGEGB_00095	contig_1	101219	102067	-	GEGEGB_00095	1	persistent	2	0	0
GEGEGB_00096	contig_1	102078	102455	-	LNHIMF_00092	1	persistent	2	0	0
GEGEGB_00097	contig_1	102458	103279	-	GEGEGB_00097	1	persistent	2	0	0
GEGEGB_00098	contig_1	103276	104265	-	GEGEGB_00098	1	persistent	2	0	0
GEGEGB_00099	contig_1	104265	105551	-	GEGEGB_00099	1	persistent	2	0	0
GEGEGB_00100	contig_1	105605	107959	-	GEGEGB_00100	1	persistent	2	0	0
GEGEGB_00101	contig_1	108213	109025	+	GEGEGB_00101	1	persistent	2	0	0
GEGEGB_00102	contig_1	109120	109779	-	LNHIMF_00098	1	persistent	2	0	0
GEGEGB_00103	contig_1	109791	112697	-	GEGEGB_00103	1	persistent	2	0	0
GEGEGB_00104	contig_1	112871	115222	-	LNHIMF_00100	1	persistent	2	0	2
GEGEGB_00105	contig_1	115266	115496	-	BEJGEH_00102	1	cloud	1	0	2
GEGEGB_00106	contig_1	115765	115860	-	GEGEGB_00106	1	cloud	0	0	2
GEGEGB_00107	contig_1	116025	117230	+	PAPNPA_04311	1	cloud	3	0	2
GEGEGB_00108	contig_1	117300	117704	-	HFCAGB_00098	1	persistent	2	0	1
GEGEGB_00109	contig_1	118222	118641	+	GEGEGB_00109	1	persistent	2	0	1
GEGEGB_00110	contig_1	118647	119342	-	BEJGEH_00107	1	persistent	2	0	1
GEGEGB_00111	contig_1	119483	120985	-	LNHIMF_00104	1	persistent	2	0	0
GEGEGB_00112	contig_1	120996	122705	-	GEGEGB_00112	1	persistent	2	0	0
GEGEGB_00113	contig_1	123046	123891	+	LNHIMF_00106	1	persistent	2	0	0
GEGEGB_00114	contig_1	124010	124777	+	GEGEGB_00114	1	persistent	2	0	0
GEGEGB_00115	contig_1	124816	125523	-	GEGEGB_00115	1	persistent	2	0	0
GEGEGB_00116	contig_1	125507	127117	-	LNHIMF_00109	1	persistent	2	0	0
GEGEGB_00117	contig_1	127093	128076	-	GEGEGB_00117	1	persistent	2	0	0
GEGEGB_00118	contig_1	128254	129912	-	GEGEGB_00118	1	persistent	2	0	0
GEGEGB_00120	contig_1	130005	130127	+	GEGEGB_00120	1	persistent	2	0	1
GEGEGB_00121	contig_1	130462	131067	-	LNHIMF_00114	1	persistent	2	0	1
GEGEGB_00122	contig_1	131078	132478	-	GEGEGB_00122	1	persistent	2	0	0
GEGEGB_00123	contig_1	132481	133572	-	LNHIMF_00116	1	persistent	2	0	0
GEGEGB_00124	contig_1	133572	135143	-	LNHIMF_00117	1	persistent	2	0	0
GEGEGB_00125	contig_1	135231	135317	-	LNHIMF_00118	1	persistent	2	0	0
GEGEGB_00126	contig_1	135975	136919	+	LNHIMF_00119	1	persistent	2	0	0
GEGEGB_00127	contig_1	137247	138965	+	BEJGEH_00124	1	persistent	2	0	0
GEGEGB_00128	contig_1	138965	139459	+	LNHIMF_00121	1	persistent	2	0	0
GEGEGB_00129	contig_1	139743	140747	+	GEGEGB_00129	1	persistent	2	0	0
GEGEGB_00130	contig_1	141353	141811	+	LNHIMF_00123	1	persistent	2	0	0
GEGEGB_00131	contig_1	141813	142754	+	LNHIMF_00124	1	persistent	2	0	0
GEGEGB_00132	contig_1	142751	143116	+	GEGEGB_00132	1	persistent	2	0	0
GEGEGB_00133	contig_1	143132	144898	+	GEGEGB_00133	1	persistent	2	0	0
GEGEGB_00134	contig_1	144885	146372	+	GEGEGB_00134	1	persistent	2	0	0
GEGEGB_00135	contig_1	146369	147727	+	LNHIMF_00128	1	persistent	2	0	0
GEGEGB_00136	contig_1	147721	148803	+	GEGEGB_00136	1	persistent	2	0	0
GEGEGB_00137	contig_1	148806	150122	+	LNHIMF_00130	1	persistent	2	0	0
GEGEGB_00138	contig_1	150122	151366	+	GEGEGB_00138	1	persistent	2	0	0
GEGEGB_00139	contig_1	151363	152430	+	LNHIMF_00132	1	persistent	2	0	0
GEGEGB_00140	contig_1	152549	154024	+	GEGEGB_00140	1	persistent	2	0	0
GEGEGB_00141	contig_1	154017	154937	+	HFCAGB_00133	1	persistent	2	0	0
GEGEGB_00142	contig_1	154939	155769	+	GEGEGB_00142	1	persistent	2	0	0
GEGEGB_00143	contig_1	155766	157028	+	GEGEGB_00143	1	persistent	2	0	0
GEGEGB_00145	contig_1	157089	158240	+	LNHIMF_00138	1	persistent	2	0	0
GEGEGB_00146	contig_1	158341	159258	+	LNHIMF_00139	1	persistent	2	0	0
GEGEGB_00147	contig_1	159539	160036	+	GEGEGB_00147	1	persistent	2	0	0
GEGEGB_00148	contig_1	160098	162803	+	LNHIMF_00141	1	persistent	2	0	0
GEGEGB_00150	contig_1	162959	163354	+	GEGEGB_00150	1	persistent	2	0	2
GEGEGB_00151	contig_1	163388	164377	-	BEJGEH_00148	1	cloud	1	0	1
GEGEGB_00152	contig_1	164481	165404	+	BEJGEH_00149	1	cloud	2	0	1
GEGEGB_00153	contig_1	165401	165592	-	GEGEGB_00153	1	persistent	2	0	1
GEGEGB_00154	contig_1	165602	166345	-	GEGEGB_00154	1	persistent	2	0	0
GEGEGB_00155	contig_1	166345	166965	-	GEGEGB_00155	1	persistent	2	0	0
GEGEGB_00156	contig_1	167191	168234	+	GEGEGB_00156	1	persistent	2	0	0
GEGEGB_00157	contig_1	168265	169467	-	LNHIMF_00148	1	persistent	2	0	0
GEGEGB_00158	contig_1	169457	170842	-	LNHIMF_00149	1	persistent	2	0	0
GEGEGB_00159	contig_1	170852	171289	-	GEGEGB_00159	1	persistent	2	0	0
GEGEGB_00160	contig_1	171511	172404	-	LNHIMF_00151	1	persistent	2	0	0
GEGEGB_00161	contig_1	172492	173055	+	GEGEGB_00161	1	persistent	2	0	0
GEGEGB_00162	contig_1	173052	173906	+	LNHIMF_00153	1	persistent	2	0	0
GEGEGB_00163	contig_1	173998	174948	-	LNHIMF_00154	1	persistent	2	0	0
GEGEGB_00164	contig_1	174948	176354	-	BEJGEH_00161	1	persistent	2	0	0
GEGEGB_00165	contig_1	176518	177888	-	GEGEGB_00165	1	persistent	2	0	0
GEGEGB_00166	contig_1	178454	179218	+	GEGEGB_00166	1	persistent	2	0	0
GEGEGB_00168	contig_1	179378	182041	+	GEGEGB_00168	1	persistent	2	0	0
GEGEGB_00169	contig_1	182056	183945	+	BEJGEH_00166	1	persistent	2	0	0
GEGEGB_00170	contig_1	184147	185571	+	GEGEGB_00170	1	persistent	2	0	0
GEGEGB_00172	contig_1	185860	186144	+	GEGEGB_00172	1	persistent	2	0	0
GEGEGB_00173	contig_1	186182	186973	-	GEGEGB_00173	1	persistent	2	0	0
GEGEGB_00174	contig_1	186986	188608	-	GEGEGB_00174	1	persistent	2	0	0
GEGEGB_00175	contig_1	188997	191594	+	GEGEGB_00175	1	persistent	2	1	2
GEGEGB_00176	contig_1	191782	192144	+	BEJGEH_00180	1	persistent	2	1	1
GEGEGB_00177	contig_1	192379	193332	+	GEGEGB_00177	1	persistent	2	0	0
GEGEGB_00178	contig_1	193329	194600	+	LNHIMF_00169	1	persistent	2	0	0
GEGEGB_00179	contig_1	194590	195573	+	LNHIMF_00170	1	persistent	2	0	0
GEGEGB_00180	contig_1	195583	196350	+	GEGEGB_00180	1	persistent	2	0	0
GEGEGB_00181	contig_1	196380	197174	-	GEGEGB_00181	1	persistent	2	0	0
GEGEGB_00182	contig_1	197195	198055	-	BEJGEH_00186	1	persistent	2	0	0
GEGEGB_00183	contig_1	198162	198548	-	GEGEGB_00183	1	persistent	2	0	0
GEGEGB_00184	contig_1	198711	200321	+	GEGEGB_00184	1	persistent	2	0	0
GEGEGB_00185	contig_1	200399	202789	-	GEGEGB_00185	1	persistent	2	0	0
GEGEGB_00186	contig_1	202995	203531	+	LNHIMF_00177	1	persistent	2	0	0
GEGEGB_00187	contig_1	203589	204251	-	LNHIMF_00178	1	persistent	2	0	0
GEGEGB_00188	contig_1	204360	205286	+	LNHIMF_00179	1	persistent	2	0	0
GEGEGB_00189	contig_1	205283	206053	+	GEGEGB_00189	1	persistent	3	0	0
GEGEGB_00190	contig_1	206158	206598	+	LNHIMF_00185	1	persistent	3	0	0
GEGEGB_00191	contig_1	206660	207889	+	BEJGEH_00199	1	persistent	2	0	1
GEGEGB_00192	contig_1	207896	208276	-	GEGEGB_00192	1	persistent	2	0	1
GEGEGB_00193	contig_1	208371	209225	-	LNHIMF_00188	1	persistent	2	0	0
GEGEGB_00194	contig_1	209351	210145	-	LNHIMF_00189	1	persistent	2	0	2
GEGEGB_00195	contig_1	210255	211430	-	GEGEGB_00195	1	cloud	1	0	1
GEGEGB_00196	contig_1	211467	212063	-	GEGEGB_00196	1	cloud	0	0	2
GEGEGB_00197	contig_1	212063	212671	-	GEGEGB_00197	1	cloud	0	0	2
GEGEGB_00198	contig_1	212686	213252	-	ALJMDI_04219	1	cloud	0	0	3
GEGEGB_00199	contig_1	213239	215845	-	LNHIMF_00194	1	cloud	0	0	3
GEGEGB_00200	contig_1	215905	216639	-	GEGEGB_00200	1	cloud	0	0	2
GEGEGB_00201	contig_1	216818	217402	-	GEGEGB_00201	1	cloud	1	0	1
GEGEGB_00202	contig_1	217797	218276	-	GEGEGB_00202	1	persistent	2	0	2
GEGEGB_00203	contig_1	218273	219691	-	LNHIMF_00198	1	persistent	2	0	0
GEGEGB_00204	contig_1	219832	220773	-	GEGEGB_00204	1	persistent	2	0	0
GEGEGB_00205	contig_1	220797	221252	-	GEGEGB_00205	1	persistent	2	0	0
GEGEGB_00206	contig_1	221429	222133	-	LNHIMF_00201	1	persistent	2	0	0
GEGEGB_00207	contig_1	222150	222680	-	GEGEGB_00207	1	persistent	2	0	0
GEGEGB_00208	contig_1	222708	225182	+	LNHIMF_00203	1	persistent	2	0	0
GEGEGB_00209	contig_1	225323	227845	+	LNHIMF_00204	1	persistent	2	0	1
GEGEGB_00210	contig_1	228138	228566	+	LNHIMF_00205	2	persistent	2	0	0
GEGEGB_00211	contig_1	228569	230329	+	LNHIMF_00205	2	persistent	2	0	0
GEGEGB_00212	contig_1	230378	231175	+	GEGEGB_00212	1	persistent	2	0	1
GEGEGB_00213	contig_1	231175	232065	+	LNHIMF_00207	1	persistent	2	0	0
GEGEGB_00214	contig_1	232062	234119	+	LNHIMF_00208	1	persistent	2	2	1
GEGEGB_00215	contig_1	234210	235490	-	GEGEGB_00215	1	persistent	2	1	1
GEGEGB_00216	contig_1	235660	237081	+	LNHIMF_00210	1	persistent	2	0	0
GEGEGB_00217	contig_1	237163	237507	+	GEGEGB_00217	1	persistent	2	0	1
GEGEGB_00218	contig_1	237608	238231	-	GEGEGB_00218	1	persistent	2	0	1
GEGEGB_00219	contig_1	238268	239068	-	LNHIMF_00213	1	persistent	2	0	0
GEGEGB_00220	contig_1	239061	239759	-	GEGEGB_00220	1	persistent	2	0	0
GEGEGB_00221	contig_1	239844	241361	+	GEGEGB_00221	1	persistent	2	0	0
GEGEGB_00222	contig_1	241491	242918	+	LNHIMF_00216	1	persistent	2	0	0
GEGEGB_00223	contig_1	243071	244228	+	GEGEGB_00223	1	persistent	2	0	1
GEGEGB_00224	contig_1	244317	244703	-	GEGEGB_00224	1	persistent	2	0	2
GEGEGB_00225	contig_1	244950	245198	+	GEGEGB_00225	1	cloud	2	0	0
GEGEGB_00226	contig_1	245227	246252	+	BEJGEH_00234	1	persistent	2	0	1
GEGEGB_00227	contig_1	246289	247113	-	LNHIMF_00221	1	persistent	2	0	0
GEGEGB_00228	contig_1	247143	249815	-	GEGEGB_00228	1	persistent	2	0	0
GEGEGB_00229	contig_1	249928	250722	-	GEGEGB_00229	1	persistent	2	0	1
GEGEGB_00231	contig_1	251172	251897	+	GEGEGB_00231	1	persistent	2	0	0
GEGEGB_00233	contig_1	252083	253006	+	GEGEGB_00233	1	persistent	2	0	0
GEGEGB_00234	contig_1	253151	253876	+	GEGEGB_00234	1	persistent	2	0	0
GEGEGB_00235	contig_1	254023	254580	+	GEGEGB_00235	1	persistent	2	0	0
GEGEGB_00236	contig_1	254722	255918	+	LNHIMF_00230	1	persistent	2	0	0
GEGEGB_00237	contig_1	256300	256989	+	BEJGEH_00245	1	persistent	2	0	0
GEGEGB_00238	contig_1	257002	257859	+	GEGEGB_00238	1	persistent	2	0	0
GEGEGB_00239	contig_1	257871	259223	+	GEGEGB_00239	1	persistent	2	0	0
GEGEGB_00240	contig_1	259255	261666	+	GEGEGB_00240	1	persistent	2	0	0
GEGEGB_00241	contig_1	261789	262274	+	GEGEGB_00241	1	persistent	2	0	0
GEGEGB_00242	contig_1	262278	263303	+	GEGEGB_00242	1	persistent	2	0	0
GEGEGB_00243	contig_1	263409	263864	+	GEGEGB_00243	1	persistent	2	0	0
GEGEGB_00244	contig_1	263868	264656	+	LNHIMF_00238	1	persistent	2	0	0
GEGEGB_00245	contig_1	264656	265804	+	GEGEGB_00245	1	persistent	2	0	0
GEGEGB_00246	contig_1	265801	266397	+	GEGEGB_00246	1	persistent	2	0	0
GEGEGB_00247	contig_1	266421	269903	+	GEGEGB_00247	1	persistent	2	0	0
GEGEGB_00248	contig_1	269916	270875	+	GEGEGB_00248	1	persistent	2	1	0
GEGEGB_00250	contig_1	271067	271525	+	GEGEGB_00250	25	shell	58	4	2
GEGEGB_00251	contig_1	271765	272289	+	BEJGEH_00257	2	persistent	2	1	0
GEGEGB_00252	contig_1	272455	273528	+	BEJGEH_00257	2	persistent	2	1	0
GEGEGB_00253	contig_1	273604	275745	+	LNHIMF_00245	1	persistent	2	0	0
GEGEGB_00254	contig_1	275801	276190	+	GEGEGB_00254	1	persistent	2	0	0
GEGEGB_00255	contig_1	276253	277545	+	GEGEGB_00255	1	persistent	2	0	0
GEGEGB_00256	contig_1	277629	277889	-	GEGEGB_00256	1	persistent	2	0	0
GEGEGB_00257	contig_1	277876	278076	-	GEGEGB_00257	1	persistent	2	0	0
GEGEGB_00258	contig_1	278274	278819	+	GEGEGB_00258	1	persistent	2	0	0
GEGEGB_00259	contig_1	278816	279238	+	GEGEGB_00259	1	persistent	2	0	0
GEGEGB_00260	contig_1	279270	279971	+	GEGEGB_00260	1	persistent	2	2	0
GEGEGB_00261	contig_1	280079	280537	-	GEGEGB_00250	25	shell	58	4	2
GEGEGB_00262	contig_1	280494	280676	-	GEGEGB_03146	6	cloud	7	1	0
GEGEGB_00264	contig_1	280756	282474	-	GEGEGB_00264	1	persistent	2	1	1
GEGEGB_00265	contig_1	282585	283292	-	LNHIMF_00254	1	persistent	2	0	0
GEGEGB_00266	contig_1	283289	283693	-	GEGEGB_00266	1	persistent	2	0	0
GEGEGB_00267	contig_1	283812	284627	-	LNHIMF_00256	1	persistent	2	0	0
GEGEGB_00268	contig_1	284666	285319	-	LNHIMF_00257	1	persistent	2	0	0
GEGEGB_00269	contig_1	285312	286343	-	LNHIMF_00258	1	persistent	2	0	0
GEGEGB_00270	contig_1	286533	287099	+	GEGEGB_00270	1	persistent	3	0	0
GEGEGB_00276	contig_1	293014	293469	+	LNHIMF_02745	1	persistent	3	0	1
GEGEGB_00277	contig_1	293573	294874	+	LNHIMF_02744	1	persistent	2	0	0
GEGEGB_00278	contig_1	294871	295194	-	GEGEGB_00278	1	persistent	2	0	0
GEGEGB_00279	contig_1	295239	296594	-	GEGEGB_00279	1	persistent	2	0	1
GEGEGB_00280	contig_1	296578	296619	-	GEGEGB_00280	1	persistent	2	0	0
GEGEGB_00281	contig_1	296709	299369	-	LNHIMF_02740	1	persistent	2	0	1
GEGEGB_00282	contig_1	299423	300103	-	LNHIMF_02739	1	persistent	2	0	0
GEGEGB_00283	contig_1	300176	300595	-	LNHIMF_02738	1	persistent	2	0	0
GEGEGB_00284	contig_1	300799	301836	+	GEGEGB_00284	1	persistent	2	0	0
GEGEGB_00285	contig_1	301952	302641	-	GEGEGB_00285	1	persistent	2	0	0
GEGEGB_00286	contig_1	302960	303343	+	GEGEGB_00286	1	persistent	2	0	0
GEGEGB_00287	contig_1	303405	303992	-	GEGEGB_00287	1	persistent	2	0	1
GEGEGB_00288	contig_1	304095	304847	+	GEGEGB_00288	1	cloud	2	0	0
GEGEGB_00289	contig_1	305010	306344	-	LNHIMF_02732	1	persistent	2	0	1
GEGEGB_00290	contig_1	306474	307211	+	LNHIMF_02731	1	persistent	2	0	0
GEGEGB_00291	contig_1	307196	308818	-	LNHIMF_02730	1	persistent	2	0	0
GEGEGB_00292	contig_1	309243	309818	+	GEGEGB_00292	1	persistent	2	0	0
GEGEGB_00293	contig_1	309850	310500	+	LNHIMF_02728	1	persistent	2	0	0
GEGEGB_00294	contig_1	310500	311456	+	LNHIMF_02727	1	persistent	2	0	0
GEGEGB_00296	contig_1	311453	311932	+	GEGEGB_00296	1	persistent	2	0	1
GEGEGB_00297	contig_1	312191	313990	+	GEGEGB_00297	1	persistent	2	0	2
GEGEGB_00298	contig_1	314007	314981	+	GEGEGB_00298	1	persistent	2	0	0
GEGEGB_00299	contig_1	315198	315935	+	GEGEGB_00299	1	persistent	2	0	0
GEGEGB_00300	contig_1	315932	316837	+	LNHIMF_02721	1	persistent	2	0	0
GEGEGB_00301	contig_1	316849	317577	+	GEGEGB_00301	1	persistent	2	0	0
GEGEGB_00302	contig_1	317589	318320	+	GEGEGB_00302	1	persistent	2	0	0
GEGEGB_00303	contig_1	318320	318700	+	GEGEGB_00303	1	persistent	2	0	0
GEGEGB_00304	contig_1	318812	319072	-	GEGEGB_00304	1	persistent	2	0	0
GEGEGB_00305	contig_1	319125	320036	-	BEJGEH_02614	1	persistent	2	0	0
GEGEGB_00306	contig_1	320152	321348	+	LNHIMF_02715	1	persistent	2	0	0
GEGEGB_00307	contig_1	321370	322287	+	GEGEGB_00307	1	persistent	2	0	0
GEGEGB_00308	contig_1	322326	323174	-	GEGEGB_00308	1	persistent	2	0	0
GEGEGB_00309	contig_1	323290	324183	+	GEGEGB_00309	1	persistent	2	0	0
GEGEGB_00310	contig_1	324194	325555	+	LNHIMF_02711	1	persistent	2	0	0
GEGEGB_00311	contig_1	325559	326194	+	LNHIMF_02710	1	persistent	2	0	0
GEGEGB_00312	contig_1	326252	326770	+	GEGEGB_00312	1	persistent	2	0	0
GEGEGB_00313	contig_1	326938	328365	-	BEJGEH_02606	1	persistent	2	0	0
GEGEGB_00314	contig_1	328621	332508	+	LNHIMF_02707	1	persistent	2	1	0
GEGEGB_00317	contig_1	333203	334588	+	GEGEGB_00317	1	persistent	2	1	0
GEGEGB_00318	contig_1	334590	335354	+	GEGEGB_00318	1	persistent	2	0	0
GEGEGB_00319	contig_1	335351	336688	+	GEGEGB_00319	1	persistent	2	0	0
GEGEGB_00320	contig_1	336765	337103	+	GEGEGB_00320	1	persistent	2	0	0
GEGEGB_00321	contig_1	337152	338612	-	LNHIMF_02700	1	persistent	2	0	0
GEGEGB_00322	contig_1	338668	340812	-	GEGEGB_00322	1	persistent	2	0	0
GEGEGB_00323	contig_1	340895	342226	-	ALJMDI_01593	1	persistent	2	0	0
GEGEGB_00324	contig_1	342575	344119	-	ODDLKH_03069	1	persistent	2	0	1
GEGEGB_00325	contig_1	344300	345490	-	LNHIMF_02696	1	persistent	2	0	0
GEGEGB_00326	contig_1	345815	347068	+	GEGEGB_00326	1	persistent	2	0	0
GEGEGB_00327	contig_1	347253	348392	+	GEGEGB_00327	1	persistent	2	0	0
GEGEGB_00328	contig_1	348387	349664	-	LNHIMF_02693	1	persistent	2	0	0
GEGEGB_00329	contig_1	349790	350428	+	LNHIMF_02692	1	persistent	2	0	0
GEGEGB_00330	contig_1	350419	350703	+	BEJGEH_02586	2	persistent	2	0	0
GEGEGB_00331	contig_1	350697	351404	+	BEJGEH_02586	2	persistent	2	0	0
GEGEGB_00332	contig_1	351405	352418	-	GEGEGB_00332	1	persistent	2	0	0
GEGEGB_00333	contig_1	352429	353247	-	LNHIMF_02689	1	persistent	2	0	0
GEGEGB_00334	contig_1	353251	354294	-	GEGEGB_00334	1	persistent	2	0	0
GEGEGB_00335	contig_1	354476	355354	-	HFCAGB_02830	1	persistent	2	0	0
GEGEGB_00336	contig_1	355499	356302	-	LNHIMF_02686	1	persistent	2	0	0
GEGEGB_00337	contig_1	356421	357152	+	GEGEGB_00337	1	persistent	2	0	0
GEGEGB_00338	contig_1	357394	357888	+	GEGEGB_00338	1	persistent	2	0	0
GEGEGB_00339	contig_1	358069	359283	+	GEGEGB_00339	1	persistent	2	0	0
GEGEGB_00340	contig_1	359311	359697	+	GEGEGB_00340	1	persistent	2	0	0
GEGEGB_00341	contig_1	359726	360049	+	GEGEGB_00341	1	persistent	2	0	0
GEGEGB_00342	contig_1	360246	360761	+	LNHIMF_02680	1	persistent	2	0	0
GEGEGB_00343	contig_1	360774	362624	+	LNHIMF_02679	1	persistent	2	0	0
GEGEGB_00344	contig_1	362626	362961	+	GEGEGB_00344	1	persistent	2	0	0
GEGEGB_00345	contig_1	362973	363173	+	GEGEGB_00345	1	persistent	2	0	0
GEGEGB_00346	contig_1	363227	364510	+	GEGEGB_00346	1	persistent	2	0	0
GEGEGB_00347	contig_1	364426	364605	-	PKJKAM_02726	1	persistent	2	0	0
GEGEGB_00348	contig_1	364620	365396	+	GEGEGB_00348	1	persistent	3	0	0
GEGEGB_00350	contig_1	365965	366633	-	BEJGEH_02567	1	persistent	2	0	0
GEGEGB_00351	contig_1	366676	366900	+	BEJGEH_02566	1	persistent	2	0	0
GEGEGB_00352	contig_1	366880	367722	-	GEGEGB_00352	1	persistent	3	0	1
GEGEGB_00353	contig_1	367931	372865	+	GEGEGB_00353	1	persistent	2	0	0
GEGEGB_00354	contig_1	372866	375181	+	LNHIMF_02670	1	persistent	2	0	0
GEGEGB_00355	contig_1	375337	376617	+	OEKLIE_03175	2	persistent	2	0	0
GEGEGB_00356	contig_1	376599	377714	+	OEKLIE_03175	2	persistent	2	0	0
GEGEGB_00357	contig_1	377711	378340	+	LNHIMF_02668	1	persistent	2	0	0
GEGEGB_00358	contig_1	378333	379142	+	GEGEGB_00358	1	persistent	2	0	0
GEGEGB_00359	contig_1	379142	380005	+	LNHIMF_02666	1	persistent	2	0	0
GEGEGB_00360	contig_1	380126	380557	+	GEGEGB_00360	1	persistent	2	0	0
GEGEGB_00361	contig_1	380764	381930	+	GEGEGB_00361	1	persistent	2	0	0
GEGEGB_00362	contig_1	382224	383198	+	BEJGEH_02556	1	persistent	2	0	0
GEGEGB_00363	contig_1	383225	384343	+	LNHIMF_02662	1	persistent	2	0	0
GEGEGB_00365	contig_1	384454	385728	+	GEGEGB_00365	1	persistent	2	0	0
GEGEGB_00366	contig_1	385742	386362	+	GEGEGB_00366	1	persistent	2	0	0
GEGEGB_00367	contig_1	386373	387551	+	GEGEGB_00367	1	persistent	2	0	0
GEGEGB_00368	contig_1	387670	389142	+	GEGEGB_00368	1	persistent	2	0	0
GEGEGB_00369	contig_1	389231	389452	+	LNHIMF_02656	1	persistent	2	0	0
GEGEGB_00370	contig_1	389798	390049	+	LNHIMF_02655	2	persistent	2	0	0
GEGEGB_00371	contig_1	390110	391990	+	LNHIMF_02655	2	persistent	2	0	0
GEGEGB_00372	contig_1	392048	393013	+	BEJGEH_02547	1	persistent	2	0	2
GEGEGB_00373	contig_1	393133	399525	+	GEGEGB_00373	1	cloud	2	0	0
GEGEGB_00374	contig_1	399637	400884	+	ALJMDI_01641	4	persistent	2	0	4
GEGEGB_00375	contig_1	400881	404039	+	ALJMDI_01641	4	persistent	2	0	4
GEGEGB_00376	contig_1	404127	405317	+	ALJMDI_01641	4	persistent	2	0	4
GEGEGB_00377	contig_1	405399	406904	+	ALJMDI_01641	4	persistent	2	0	4
GEGEGB_00378	contig_1	407437	411525	+	GEGEGB_00378	1	cloud	2	0	0
GEGEGB_00379	contig_1	411623	412393	+	PKJKAM_02753	1	persistent	2	0	2
GEGEGB_00380	contig_1	412555	413904	-	LNHIMF_02649	1	persistent	2	0	0
GEGEGB_00381	contig_1	414065	415531	+	GEGEGB_00381	1	persistent	2	0	0
GEGEGB_00382	contig_1	415601	417178	+	GEGEGB_00382	1	persistent	2	0	4
GEGEGB_00383	contig_1	417501	418190	-	GEGEGB_00383	1	cloud	1	0	1
GEGEGB_00384	contig_1	418419	418958	-	GEGEGB_00384	1	cloud	0	0	4
GEGEGB_00385	contig_1	418974	419456	-	ALJMDI_01652	1	cloud	1	0	1
GEGEGB_00386	contig_1	419732	419905	-	BEJGEH_02536	1	persistent	2	0	4
GEGEGB_00387	contig_1	420336	422549	+	LNHIMF_02643	1	persistent	2	0	0
GEGEGB_00388	contig_1	422585	424126	-	GEGEGB_00388	1	persistent	2	0	0
GEGEGB_00389	contig_1	424131	426197	-	LNHIMF_02641	1	persistent	2	0	0
GEGEGB_00390	contig_1	426386	427024	-	GEGEGB_00390	1	persistent	2	0	0
GEGEGB_00391	contig_1	427024	428061	-	LNHIMF_02639	1	persistent	2	0	0
GEGEGB_00392	contig_1	428474	429100	+	GEGEGB_00392	1	persistent	2	0	0
GEGEGB_00393	contig_1	429188	430477	+	GEGEGB_00393	1	persistent	2	0	0
GEGEGB_00394	contig_1	430548	431273	+	GEGEGB_00394	1	persistent	2	0	0
GEGEGB_00395	contig_1	431300	431659	-	GEGEGB_00395	1	persistent	2	0	0
GEGEGB_00396	contig_1	431699	433162	-	GEGEGB_00396	1	persistent	2	0	0
GEGEGB_00397	contig_1	433370	434437	+	GEGEGB_00397	1	persistent	2	1	0
GEGEGB_00398	contig_1	434720	435097	+	LNHIMF_02632	2	shell	1	1	0
GEGEGB_00399	contig_1	435176	435901	+	LNHIMF_02632	2	shell	1	1	0
GEGEGB_00400	contig_1	435969	437237	+	LNHIMF_02631	1	shell	1	1	0
GEGEGB_00401	contig_1	437243	438382	+	LNHIMF_02630	1	persistent	2	1	0
GEGEGB_00402	contig_1	438429	438899	-	GEGEGB_00402	1	persistent	2	0	0
GEGEGB_00403	contig_1	438899	439471	-	LNHIMF_02628	1	persistent	2	0	0
GEGEGB_00404	contig_1	439617	440495	+	GEGEGB_00404	1	persistent	2	0	0
GEGEGB_00405	contig_1	440512	441546	+	GEGEGB_00405	1	persistent	2	0	0
GEGEGB_00406	contig_1	441721	442434	+	GEGEGB_00406	1	persistent	2	0	0
GEGEGB_00407	contig_1	442566	443429	+	LNHIMF_02624	1	persistent	2	0	0
GEGEGB_00408	contig_1	443445	445460	+	LNHIMF_02623	1	persistent	2	0	0
GEGEGB_00409	contig_1	445487	445687	-	GEGEGB_00409	1	persistent	2	0	0
GEGEGB_00410	contig_1	445715	446842	-	LNHIMF_02621	1	persistent	2	0	0
GEGEGB_00411	contig_1	446846	447202	-	GEGEGB_00411	1	persistent	2	0	1
GEGEGB_00412	contig_1	447615	447746	+	GEGEGB_00412	1	cloud	2	0	0
GEGEGB_00414	contig_1	447848	450961	-	GEGEGB_00414	1	persistent	2	0	1
GEGEGB_00415	contig_1	451146	452846	-	BEJGEH_02507	1	persistent	2	0	0
GEGEGB_00416	contig_1	453032	454891	+	GEGEGB_00416	1	persistent	2	0	0
GEGEGB_00417	contig_1	455340	456638	-	GEGEGB_00417	1	persistent	2	0	0
GEGEGB_00418	contig_1	456842	457417	+	GEGEGB_00418	1	persistent	2	0	0
GEGEGB_00419	contig_1	457542	458585	+	LNHIMF_02612	1	persistent	2	0	0
GEGEGB_00420	contig_1	458713	458943	+	GEGEGB_00420	1	persistent	2	0	0
GEGEGB_00421	contig_1	459006	461006	-	LNHIMF_02610	1	persistent	2	0	0
GEGEGB_00422	contig_1	461026	461976	-	LNHIMF_02609	1	persistent	2	0	0
GEGEGB_00423	contig_1	462248	464527	+	GEGEGB_00423	1	persistent	2	1	1
GEGEGB_00424	contig_1	464578	465174	+	GEGEGB_00424	1	cloud	2	0	0
GEGEGB_00426	contig_1	465655	465990	+	GEGEGB_00426	1	persistent	2	1	1
GEGEGB_00427	contig_1	466003	466482	+	GEGEGB_00427	1	persistent	2	0	0
GEGEGB_00428	contig_1	466460	467149	+	LNHIMF_02605	1	persistent	2	0	0
GEGEGB_00429	contig_1	467146	467943	+	GEGEGB_00429	1	persistent	2	0	0
GEGEGB_00430	contig_1	467940	468956	+	GEGEGB_00430	1	persistent	2	0	1
GEGEGB_00431	contig_1	468997	469686	+	GEGEGB_00431	1	cloud	2	0	0
GEGEGB_00432	contig_1	469698	471101	+	LNHIMF_02600	1	persistent	2	0	1
GEGEGB_00433	contig_1	471112	471951	+	GEGEGB_00433	1	persistent	2	0	0
GEGEGB_00434	contig_1	471941	473128	+	ALJMDI_01699	1	persistent	2	0	0
GEGEGB_00435	contig_1	473247	474473	+	LNHIMF_02597	1	persistent	2	0	0
GEGEGB_00436	contig_1	474470	475873	+	GEGEGB_00436	1	persistent	2	0	0
GEGEGB_00437	contig_1	475885	477246	+	LNHIMF_02595	1	persistent	2	0	0
GEGEGB_00438	contig_1	477265	478161	+	LNHIMF_02594	1	persistent	2	0	0
GEGEGB_00439	contig_1	478171	478830	+	GEGEGB_00439	1	persistent	2	0	0
GEGEGB_00440	contig_1	478843	479337	+	LNHIMF_02592	1	persistent	2	0	0
GEGEGB_00441	contig_1	479385	480437	+	LNHIMF_02591	1	persistent	2	2	3
GEGEGB_00442	contig_1	480637	481914	-	GEGEGB_00442	1	shell	1	1	0
GEGEGB_00443	contig_1	482043	482372	-	GEGEGB_00443	1	shell	2	1	1
GEGEGB_00444	contig_1	482393	483292	-	GEGEGB_00444	1	persistent	2	1	2
GEGEGB_00445	contig_1	483295	484164	-	GEGEGB_00445	1	persistent	2	0	0
GEGEGB_00446	contig_1	484377	484802	+	GEGEGB_00446	1	persistent	2	0	0
GEGEGB_00447	contig_1	484789	485238	+	LNHIMF_02587	1	persistent	2	0	0
GEGEGB_00448	contig_1	485300	485875	+	GEGEGB_00448	1	persistent	2	0	0
GEGEGB_00449	contig_1	485970	486869	+	GEGEGB_00449	1	persistent	2	0	1
GEGEGB_00450	contig_1	487106	487897	+	GEGEGB_00450	1	persistent	2	0	1
GEGEGB_00451	contig_1	488055	489071	+	GEGEGB_00451	1	persistent	2	0	0
GEGEGB_00452	contig_1	489071	489904	+	GEGEGB_00452	1	persistent	2	0	0
GEGEGB_00453	contig_1	489904	490779	+	LNHIMF_02581	1	persistent	2	0	0
GEGEGB_00454	contig_1	490769	491863	+	BEJGEH_02469	1	persistent	2	0	0
GEGEGB_00455	contig_1	491984	492895	+	LNHIMF_02579	1	persistent	2	1	1
GEGEGB_00456	contig_1	492928	493287	-	BEJGEH_02466	1	persistent	2	1	1
GEGEGB_00457	contig_1	493364	494083	-	LNHIMF_02577	1	persistent	2	0	0
GEGEGB_00458	contig_1	494098	495390	-	BEJGEH_02464	1	persistent	2	0	0
GEGEGB_00459	contig_1	495473	496339	+	GEGEGB_00459	1	persistent	2	0	0
GEGEGB_00460	contig_1	496336	496575	+	LNHIMF_02574	1	persistent	2	0	0
GEGEGB_00461	contig_1	496725	497234	-	GEGEGB_00461	1	persistent	2	0	0
GEGEGB_00462	contig_1	497275	499002	-	GEGEGB_00462	1	persistent	2	0	0
GEGEGB_00463	contig_1	499051	499308	-	GEGEGB_00463	1	persistent	2	0	0
GEGEGB_00464	contig_1	499692	500663	-	GEGEGB_00464	1	persistent	2	0	0
GEGEGB_00465	contig_1	501036	501797	-	GEGEGB_00465	1	persistent	2	0	0
GEGEGB_00466	contig_1	502029	503015	+	GEGEGB_00466	1	persistent	2	0	0
GEGEGB_00467	contig_1	503087	505102	+	LNHIMF_02567	1	persistent	2	0	0
GEGEGB_00468	contig_1	505104	505322	+	LNHIMF_02566	1	persistent	2	0	0
GEGEGB_00469	contig_1	505319	506317	-	GEGEGB_00469	1	persistent	2	0	0
GEGEGB_00470	contig_1	506407	507333	+	GEGEGB_00470	1	persistent	2	0	0
GEGEGB_00471	contig_1	507395	508156	-	LNHIMF_02563	1	persistent	2	0	0
GEGEGB_00472	contig_1	508412	509245	+	GEGEGB_00472	1	persistent	2	0	0
GEGEGB_00473	contig_1	509300	510556	+	GEGEGB_00473	1	persistent	2	0	0
GEGEGB_00474	contig_1	510615	510773	+	GEGEGB_00474	1	persistent	2	0	0
GEGEGB_00475	contig_1	510825	511709	+	GEGEGB_00475	1	persistent	2	0	0
GEGEGB_00480	contig_1	512524	513939	+	GEGEGB_00480	1	persistent	2	0	0
GEGEGB_00481	contig_1	513993	514364	-	GEGEGB_00481	1	persistent	2	0	0
GEGEGB_00482	contig_1	514387	514749	-	GEGEGB_00482	1	persistent	2	0	0
GEGEGB_00485	contig_1	515355	517544	+	LNHIMF_02549	1	persistent	2	0	0
GEGEGB_00486	contig_1	517597	518799	-	GEGEGB_00486	1	persistent	2	0	0
GEGEGB_00487	contig_1	519142	520383	+	GEGEGB_00487	1	persistent	2	0	0
GEGEGB_00488	contig_1	520444	520770	-	GEGEGB_00488	1	persistent	2	0	0
GEGEGB_00489	contig_1	520884	521882	-	GEGEGB_00489	1	persistent	2	0	0
GEGEGB_00490	contig_1	522062	523714	+	LNHIMF_02544	1	persistent	2	0	0
GEGEGB_00491	contig_1	523734	524969	-	GEGEGB_00491	1	persistent	2	0	0
GEGEGB_00492	contig_1	525173	526138	+	LNHIMF_02542	1	persistent	2	0	1
GEGEGB_00493	contig_1	526861	528099	+	GEGEGB_00493	1	persistent	2	1	1
GEGEGB_00495	contig_1	528278	528736	+	GEGEGB_00250	25	shell	58	4	2
GEGEGB_00496	contig_1	528858	528914	-	GEGEGB_00496	1	persistent	2	1	0
GEGEGB_00497	contig_1	529332	530252	-	GEGEGB_00497	1	persistent	2	0	0
GEGEGB_00498	contig_1	530500	530613	+	GEGEGB_00498	1	persistent	2	0	0
GEGEGB_00499	contig_1	530773	531015	+	GEGEGB_00499	1	persistent	2	0	0
GEGEGB_00500	contig_1	531254	532645	-	LNHIMF_02536	1	persistent	2	0	0
GEGEGB_00501	contig_1	533000	534274	+	GEGEGB_00501	1	persistent	2	0	0
GEGEGB_00502	contig_1	534271	536277	+	GEGEGB_00502	1	persistent	2	0	0
GEGEGB_00503	contig_1	536264	537514	+	LNHIMF_02533	1	persistent	2	0	0
GEGEGB_00504	contig_1	537647	537742	-	GEGEGB_00504	1	persistent	2	0	0
GEGEGB_00505	contig_1	537782	538720	+	GEGEGB_00505	1	persistent	2	0	2
GEGEGB_00506	contig_1	539584	539856	+	HFCAGB_02662	2	cloud	1	0	1
GEGEGB_00507	contig_1	539929	540084	+	HFCAGB_02662	2	cloud	1	0	1
GEGEGB_00508	contig_1	540201	542123	-	HFCAGB_02661	1	cloud	0	0	2
GEGEGB_00509	contig_1	542140	542394	-	HFCAGB_02660	1	cloud	1	0	1
GEGEGB_00510	contig_1	542363	542674	-	GEGEGB_02428	2	persistent	3	3	2
GEGEGB_00512	contig_1	543995	544936	-	GEGEGB_00512	1	persistent	3	0	1
GEGEGB_00513	contig_1	545225	545980	+	GEGEGB_00513	1	persistent	2	0	0
GEGEGB_00514	contig_1	546041	547348	-	LNHIMF_02527	1	persistent	2	0	0
GEGEGB_00515	contig_1	547719	548003	+	GEGEGB_00515	1	persistent	2	0	0
GEGEGB_00516	contig_1	548181	549491	+	GEGEGB_00516	1	persistent	2	0	0
GEGEGB_00517	contig_1	549491	551638	+	GEGEGB_00517	1	persistent	2	0	0
GEGEGB_00518	contig_1	551847	552332	+	GEGEGB_00518	1	persistent	2	0	0
GEGEGB_00519	contig_1	552381	552932	-	GEGEGB_00519	1	persistent	2	0	0
GEGEGB_00520	contig_1	553098	554030	+	GEGEGB_00520	1	persistent	2	0	0
GEGEGB_00521	contig_1	554066	555151	+	LNHIMF_02520	1	persistent	2	0	0
GEGEGB_00522	contig_1	555155	555979	+	GEGEGB_00522	1	persistent	2	0	0
GEGEGB_00523	contig_1	555979	556788	+	GEGEGB_00523	1	persistent	2	0	0
GEGEGB_00524	contig_1	556788	557144	+	LNHIMF_02517	2	persistent	2	0	0
GEGEGB_00525	contig_1	557182	557337	+	LNHIMF_02517	2	persistent	2	0	0
GEGEGB_00526	contig_1	557370	557645	+	GEGEGB_00526	1	persistent	2	0	0
GEGEGB_00527	contig_1	557697	559697	-	LNHIMF_02515	1	persistent	2	0	0
GEGEGB_00528	contig_1	559857	561071	+	GEGEGB_00528	1	persistent	2	0	0
GEGEGB_00529	contig_1	561169	561825	+	LNHIMF_02513	1	persistent	2	0	0
GEGEGB_00530	contig_1	561892	562410	-	LNHIMF_02512	1	persistent	2	1	1
GEGEGB_00531	contig_1	562410	562778	-	GEGEGB_00531	1	shell	1	1	0
GEGEGB_00532	contig_1	562947	563195	-	GEGEGB_00532	1	shell	1	1	0
GEGEGB_00533	contig_1	563367	563741	+	LNHIMF_02510	1	persistent	1	1	1
GEGEGB_00534	contig_1	563921	565099	+	LNHIMF_02509	1	persistent	3	0	0
GEGEGB_00535	contig_1	565096	566097	-	GEGEGB_00535	1	persistent	2	0	0
GEGEGB_00536	contig_1	566201	567337	+	GEGEGB_00536	1	persistent	2	0	0
GEGEGB_00537	contig_1	567405	568418	+	GEGEGB_00537	1	persistent	2	0	0
GEGEGB_00538	contig_1	568418	569230	+	GEGEGB_00538	1	persistent	2	0	0
GEGEGB_00539	contig_1	569279	569938	+	GEGEGB_00539	1	persistent	2	0	0
GEGEGB_00540	contig_1	570088	571002	+	GEGEGB_00540	1	persistent	2	0	0
GEGEGB_00541	contig_1	571070	572338	+	GEGEGB_00541	1	persistent	2	0	0
GEGEGB_00542	contig_1	572328	573002	+	BEJGEH_02389	1	persistent	2	0	0
GEGEGB_00543	contig_1	573313	573801	+	GEGEGB_00543	1	persistent	2	0	0
GEGEGB_00544	contig_1	573839	575356	+	LNHIMF_02499	1	persistent	2	0	0
GEGEGB_00545	contig_1	575392	576819	-	LNHIMF_02498	1	persistent	2	0	0
GEGEGB_00546	contig_1	577030	578427	+	GEGEGB_00546	1	persistent	2	0	0
GEGEGB_00547	contig_1	578518	579939	+	GEGEGB_00547	1	persistent	2	0	0
GEGEGB_00548	contig_1	579941	581044	+	LNHIMF_02495	1	persistent	2	0	0
GEGEGB_00549	contig_1	581108	582397	+	LNHIMF_02494	1	persistent	2	0	0
GEGEGB_00550	contig_1	582541	583110	+	GEGEGB_00550	1	persistent	2	0	0
GEGEGB_00551	contig_1	583399	584181	+	GEGEGB_00551	1	persistent	2	0	0
GEGEGB_00552	contig_1	584419	585201	+	LNHIMF_02491	1	persistent	2	0	0
GEGEGB_00553	contig_1	585384	586070	+	GEGEGB_00553	1	persistent	2	0	0
GEGEGB_00554	contig_1	586067	586774	+	GEGEGB_00554	1	persistent	2	0	0
GEGEGB_00555	contig_1	586788	587561	+	LNHIMF_02488	1	persistent	2	0	0
GEGEGB_00556	contig_1	587613	588506	-	LNHIMF_02487	1	persistent	2	0	0
GEGEGB_00557	contig_1	588630	589277	-	LNHIMF_02486	1	persistent	2	0	0
GEGEGB_00558	contig_1	589420	590064	+	LNHIMF_02485	1	persistent	2	0	0
GEGEGB_00559	contig_1	590120	590671	+	GEGEGB_00559	1	persistent	2	0	0
GEGEGB_00560	contig_1	590728	591282	+	GEGEGB_00560	1	persistent	2	0	0
GEGEGB_00561	contig_1	591288	592307	-	GEGEGB_00561	1	persistent	2	0	0
GEGEGB_00562	contig_1	592560	593003	+	GEGEGB_00562	1	persistent	2	0	0
GEGEGB_00563	contig_1	593084	593356	+	GEGEGB_00563	1	persistent	2	0	0
GEGEGB_00564	contig_1	593377	594768	+	LNHIMF_02479	1	persistent	2	0	0
GEGEGB_00565	contig_1	594765	595595	+	LNHIMF_02478	1	persistent	2	0	0
GEGEGB_00566	contig_1	595588	596541	+	GEGEGB_00566	1	persistent	2	0	0
GEGEGB_00567	contig_1	596590	598110	-	GEGEGB_00567	1	persistent	2	0	0
GEGEGB_00568	contig_1	598328	600472	-	LNHIMF_02475	1	persistent	2	0	0
GEGEGB_00569	contig_1	600549	601751	-	GEGEGB_00569	1	persistent	2	0	0
GEGEGB_00570	contig_1	602091	602546	+	LNHIMF_02473	1	persistent	2	0	0
GEGEGB_00571	contig_1	602629	603123	+	GEGEGB_00571	1	persistent	2	0	0
GEGEGB_00572	contig_1	603134	603793	+	GEGEGB_00572	1	persistent	2	0	0
GEGEGB_00573	contig_1	603869	605695	+	LNHIMF_02470	1	persistent	2	0	0
GEGEGB_00574	contig_1	605787	606386	-	LNHIMF_02469	1	persistent	2	0	0
GEGEGB_00575	contig_1	606480	607694	-	GEGEGB_00575	1	persistent	2	0	0
GEGEGB_00576	contig_1	608626	609564	+	LNHIMF_02467	1	persistent	2	0	0
GEGEGB_00577	contig_1	610189	610632	+	GEGEGB_00577	1	persistent	2	0	0
GEGEGB_00578	contig_1	610648	611310	+	GEGEGB_00578	1	persistent	2	0	0
GEGEGB_00579	contig_1	611397	613199	+	GEGEGB_00579	1	persistent	2	0	0
GEGEGB_00580	contig_1	613202	613702	+	GEGEGB_00580	1	persistent	2	0	0
GEGEGB_00581	contig_1	613699	615036	+	LNHIMF_02462	1	persistent	2	0	0
GEGEGB_00582	contig_1	615067	617793	+	LNHIMF_02461	1	persistent	2	0	0
GEGEGB_00583	contig_1	617790	618767	+	LNHIMF_02460	1	persistent	2	0	0
GEGEGB_00584	contig_1	618782	619324	+	GEGEGB_00584	1	persistent	2	0	0
GEGEGB_00585	contig_1	619335	619889	+	GEGEGB_00585	1	persistent	2	0	0
GEGEGB_00586	contig_1	619886	620188	+	GEGEGB_00586	1	persistent	2	0	0
GEGEGB_00587	contig_1	620185	622026	+	LNHIMF_02456	1	persistent	2	0	0
GEGEGB_00589	contig_1	622340	623869	+	LNHIMF_02455	1	persistent	2	0	0
GEGEGB_00590	contig_1	623876	625333	+	GEGEGB_00590	1	persistent	2	1	2
GEGEGB_00591	contig_1	625474	626478	-	LNHIMF_02453	1	persistent	2	1	0
GEGEGB_00592	contig_1	626544	627461	-	GEGEGB_00592	1	persistent	2	0	0
GEGEGB_00593	contig_1	627522	627983	+	GEGEGB_00593	1	persistent	2	0	0
GEGEGB_00594	contig_1	628038	628343	+	GEGEGB_00594	1	persistent	2	0	0
GEGEGB_00595	contig_1	628444	629739	+	LNHIMF_02449	1	persistent	2	0	0
GEGEGB_00596	contig_1	629825	631495	+	LNHIMF_02448	1	persistent	2	0	0
GEGEGB_00597	contig_1	631492	632250	+	LNHIMF_02447	1	persistent	2	0	0
GEGEGB_00598	contig_1	632265	633122	+	GEGEGB_00598	1	persistent	2	0	0
GEGEGB_00599	contig_1	633122	634084	+	LNHIMF_02445	1	persistent	2	0	0
GEGEGB_00600	contig_1	634081	635448	+	LNHIMF_02444	1	persistent	2	0	0
GEGEGB_00601	contig_1	635546	635803	+	LNHIMF_02443	1	persistent	2	0	0
GEGEGB_00602	contig_1	635798	636175	-	LNHIMF_02442	1	persistent	2	0	0
GEGEGB_00603	contig_1	636175	636510	-	ALJMDI_02045	1	persistent	2	0	0
GEGEGB_00604	contig_1	636507	638153	-	LNHIMF_02440	1	persistent	2	0	0
GEGEGB_00605	contig_1	638150	639049	-	LNHIMF_02439	1	persistent	2	0	0
GEGEGB_00606	contig_1	639046	641028	-	LNHIMF_02438	1	persistent	2	0	0
GEGEGB_00607	contig_1	641025	642008	-	GEGEGB_00607	1	persistent	2	0	0
GEGEGB_00608	contig_1	642011	643150	-	LNHIMF_02436	1	persistent	2	0	0
GEGEGB_00609	contig_1	643443	644048	+	LNHIMF_02435	1	persistent	2	0	0
GEGEGB_00610	contig_1	644093	644518	-	GEGEGB_00610	1	persistent	3	0	0
GEGEGB_00611	contig_1	644773	645339	+	GEGEGB_00611	1	persistent	2	0	0
GEGEGB_00612	contig_1	645454	646650	+	GEGEGB_00612	2	persistent	4	0	0
GEGEGB_00613	contig_1	646900	647682	+	LNHIMF_02431	1	persistent	2	0	0
GEGEGB_00614	contig_1	647696	648901	+	GEGEGB_00614	1	persistent	2	0	0
GEGEGB_00615	contig_1	648957	650246	+	GEGEGB_00615	1	persistent	2	0	0
GEGEGB_00616	contig_1	650272	651075	+	LNHIMF_02428	1	persistent	2	0	0
GEGEGB_00617	contig_1	651081	651257	+	GEGEGB_00612	2	persistent	4	0	0
GEGEGB_00618	contig_1	651344	652366	-	BEJGEH_02312	1	persistent	2	0	0
GEGEGB_00620	contig_1	652792	653982	-	LNHIMF_02424	1	persistent	2	0	0
GEGEGB_00621	contig_1	653979	655238	-	LNHIMF_02423	1	persistent	2	0	0
GEGEGB_00622	contig_1	655228	656856	-	LNHIMF_02422	1	persistent	2	0	0
GEGEGB_00623	contig_1	657089	658447	+	LNHIMF_02421	1	persistent	2	0	0
GEGEGB_00624	contig_1	658452	659522	+	LNHIMF_02420	1	persistent	2	0	0
GEGEGB_00625	contig_1	659638	660516	-	LNHIMF_02419	1	persistent	2	0	0
GEGEGB_00626	contig_1	660651	661868	+	BEJGEH_02304	1	persistent	2	0	0
GEGEGB_00627	contig_1	661870	662124	-	GEGEGB_00627	1	persistent	2	0	0
GEGEGB_00628	contig_1	662124	663254	-	GEGEGB_00628	1	persistent	2	0	0
GEGEGB_00629	contig_1	663367	665652	-	LNHIMF_02414	1	persistent	2	0	0
GEGEGB_00630	contig_1	666007	666735	-	LNHIMF_02413	1	persistent	2	0	0
GEGEGB_00631	contig_1	666818	667702	-	GEGEGB_00631	1	persistent	2	0	0
GEGEGB_00633	contig_1	668232	669077	+	LNHIMF_02410	1	persistent	2	0	0
GEGEGB_00634	contig_1	669092	670294	+	LNHIMF_02409	1	persistent	2	0	0
GEGEGB_00635	contig_1	670704	673340	+	LNHIMF_02408	1	persistent	2	0	1
GEGEGB_00636	contig_1	673309	673569	+	GEGEGB_00636	5	cloud	4	1	1
GEGEGB_00638	contig_1	673526	673984	+	GEGEGB_00250	25	shell	58	4	2
GEGEGB_00639	contig_1	674170	677016	+	LNHIMF_02407	1	persistent	2	1	0
GEGEGB_00640	contig_1	677119	677769	-	GEGEGB_00640	1	persistent	2	0	0
GEGEGB_00641	contig_1	677786	680455	-	LNHIMF_02405	1	persistent	2	0	0
GEGEGB_00643	contig_1	681183	682319	+	GEGEGB_00643	1	persistent	2	0	0
GEGEGB_00644	contig_1	682434	683486	+	GEGEGB_00644	1	persistent	2	0	0
GEGEGB_00645	contig_1	683570	684628	+	LNHIMF_02401	1	persistent	2	0	0
GEGEGB_00646	contig_1	684631	685281	+	LNHIMF_02400	1	persistent	2	0	0
GEGEGB_00647	contig_1	685357	687000	+	LNHIMF_02399	1	persistent	2	0	0
GEGEGB_00648	contig_1	687209	687715	-	GEGEGB_00648	1	persistent	3	0	0
GEGEGB_00649	contig_1	687874	688005	-	GEGEGB_00649	1	persistent	2	0	0
GEGEGB_00650	contig_1	688117	688608	+	LNHIMF_02396	1	persistent	3	0	0
GEGEGB_00651	contig_1	688598	688861	+	GEGEGB_00651	1	persistent	2	0	0
GEGEGB_00652	contig_1	688858	691344	+	GEGEGB_00652	1	persistent	2	0	0
GEGEGB_00653	contig_1	691351	692046	+	GEGEGB_00653	1	persistent	2	0	0
GEGEGB_00654	contig_1	692033	692902	+	GEGEGB_00654	1	persistent	2	0	0
GEGEGB_00655	contig_1	693018	693467	+	GEGEGB_00655	1	persistent	2	0	0
GEGEGB_00656	contig_1	693477	694079	+	LNHIMF_02390	1	persistent	2	0	0
GEGEGB_00657	contig_1	694100	694717	+	GEGEGB_03907	2	persistent	3	0	0
GEGEGB_00658	contig_1	694717	695373	+	GEGEGB_00658	2	persistent	2	0	0
GEGEGB_00659	contig_1	695416	696162	+	GEGEGB_00659	2	persistent	2	0	0
GEGEGB_00660	contig_1	696198	696371	+	AJBGEP_02420	2	persistent	2	0	0
GEGEGB_00661	contig_1	696368	696847	+	HFCAGB_02510	2	persistent	2	0	0
GEGEGB_00662	contig_1	696844	698775	+	GEGEGB_00662	2	persistent	2	0	0
GEGEGB_00663	contig_1	698772	699329	+	GEGEGB_00663	2	persistent	2	0	1
GEGEGB_00664	contig_1	699326	700369	+	GEGEGB_00664	2	persistent	3	0	0
GEGEGB_00665	contig_1	700413	701060	-	GEGEGB_00665	1	persistent	3	0	1
GEGEGB_00666	contig_1	702544	702921	-	IKCLMC_01756	1	persistent	3	1	0
GEGEGB_00668	contig_1	703050	703841	+	GEGEGB_00668	1	shell	1	1	0
GEGEGB_00669	contig_1	704510	706876	+	PKJKAM_03030	1	shell	0	2	2
GEGEGB_00670	contig_1	707121	707186	+	GEGEGB_00670	1	cloud	1	1	0
GEGEGB_00672	contig_1	707647	709407	-	GEGEGB_00672	1	persistent	2	0	4
GEGEGB_00673	contig_1	709439	709666	-	GEGEGB_00673	1	persistent	2	0	0
GEGEGB_00674	contig_1	709846	710853	+	GEGEGB_00674	1	persistent	3	0	0
GEGEGB_00675	contig_1	710881	711501	+	GEGEGB_00675	1	persistent	2	0	0
GEGEGB_00676	contig_1	711610	711894	-	GEGEGB_00676	1	persistent	3	0	0
GEGEGB_00677	contig_1	712019	713779	-	GEGEGB_00677	1	persistent	2	0	0
GEGEGB_00678	contig_1	713931	714626	+	GEGEGB_00678	1	persistent	2	0	0
GEGEGB_00679	contig_1	714654	715844	+	LNHIMF_02371	1	persistent	2	0	0
GEGEGB_00680	contig_1	716235	716579	+	GEGEGB_00680	1	persistent	2	0	0
GEGEGB_00681	contig_1	716583	718172	-	GEGEGB_00681	1	persistent	2	0	0
GEGEGB_00682	contig_1	718174	719199	-	GEGEGB_00682	1	persistent	2	0	0
GEGEGB_00683	contig_1	719199	720293	-	GEGEGB_00683	1	persistent	2	0	0
GEGEGB_00684	contig_1	720303	722108	-	GEGEGB_00684	1	persistent	2	0	0
GEGEGB_00685	contig_1	722215	723771	-	GEGEGB_00685	1	persistent	2	0	0
GEGEGB_00686	contig_1	724097	724669	-	GEGEGB_00686	1	persistent	2	0	0
GEGEGB_00687	contig_1	725083	725802	-	GEGEGB_00687	1	persistent	2	0	0
GEGEGB_00688	contig_1	725832	726818	-	GEGEGB_00688	1	persistent	2	0	0
GEGEGB_00689	contig_1	727031	727603	-	GEGEGB_00689	1	persistent	2	0	0
GEGEGB_00690	contig_1	727928	728182	+	GEGEGB_00690	1	persistent	2	0	0
GEGEGB_00691	contig_1	728721	729386	+	BEJGEH_02246	1	persistent	2	0	0
GEGEGB_00692	contig_1	729451	730632	-	GEGEGB_00692	1	persistent	2	0	0
GEGEGB_00693	contig_1	731002	732132	+	GEGEGB_00693	1	persistent	2	0	0
GEGEGB_00694	contig_1	732132	733070	+	GEGEGB_00694	1	persistent	2	0	1
GEGEGB_00695	contig_1	733087	734775	+	GEGEGB_00695	1	persistent	2	0	0
GEGEGB_00696	contig_1	734840	735697	-	GEGEGB_00696	1	persistent	2	0	0
GEGEGB_00697	contig_1	735776	736825	-	GEGEGB_00697	1	persistent	2	0	0
GEGEGB_00698	contig_1	736946	737809	+	GEGEGB_00698	1	persistent	2	0	1
GEGEGB_00699	contig_1	737999	739468	+	LNHIMF_02350	1	persistent	2	0	3
GEGEGB_00700	contig_1	739503	739616	+	GEGEGB_00700	1	cloud	2	0	1
GEGEGB_00701	contig_1	739814	741805	+	LNHIMF_02348	1	persistent	2	0	3
GEGEGB_00702	contig_1	741849	742223	-	LNHIMF_02347	2	persistent	2	0	0
GEGEGB_00703	contig_1	742278	743171	-	LNHIMF_02347	2	persistent	2	0	0
GEGEGB_00704	contig_1	743204	744091	-	GEGEGB_00704	1	persistent	2	0	0
GEGEGB_00705	contig_1	744308	745675	+	LNHIMF_02345	1	persistent	2	0	0
GEGEGB_00706	contig_1	745680	746069	+	GEGEGB_00706	1	persistent	2	0	0
GEGEGB_00707	contig_1	746058	746915	-	GEGEGB_00707	1	persistent	2	0	0
GEGEGB_00708	contig_1	747245	747913	+	GEGEGB_00708	1	persistent	2	0	0
GEGEGB_00709	contig_1	747910	749070	+	LNHIMF_02341	1	persistent	2	0	0
GEGEGB_00710	contig_1	749220	750242	+	LNHIMF_02340	1	persistent	2	0	0
GEGEGB_00711	contig_1	750741	751739	+	LNHIMF_02339	1	persistent	2	0	0
GEGEGB_00712	contig_1	751873	752346	+	LNHIMF_02338	2	persistent	2	0	0
GEGEGB_00713	contig_1	752294	753391	+	LNHIMF_02338	2	persistent	2	0	0
GEGEGB_00714	contig_1	753407	754417	+	LNHIMF_02337	1	persistent	2	0	0
GEGEGB_00715	contig_1	754492	755499	-	BEJGEH_02222	2	persistent	2	0	0
GEGEGB_00716	contig_1	755535	755726	-	BEJGEH_02222	2	persistent	2	0	0
GEGEGB_00717	contig_1	755720	756961	-	GEGEGB_00717	1	persistent	2	0	0
GEGEGB_00718	contig_1	757166	757405	-	GEGEGB_00718	1	persistent	2	0	0
GEGEGB_00719	contig_1	757408	758127	-	LNHIMF_02333	1	persistent	2	0	0
GEGEGB_00720	contig_1	758304	759188	-	GEGEGB_00720	1	persistent	2	0	0
GEGEGB_00721	contig_1	759342	760037	-	GEGEGB_00721	1	persistent	2	0	0
GEGEGB_00722	contig_1	760034	760432	-	GEGEGB_00722	1	persistent	2	0	0
GEGEGB_00723	contig_1	760564	761472	-	GEGEGB_00723	1	persistent	2	0	0
GEGEGB_00724	contig_1	761598	762956	+	GEGEGB_00724	1	persistent	2	0	0
GEGEGB_00725	contig_1	762968	764005	+	GEGEGB_00725	1	persistent	2	0	0
GEGEGB_00726	contig_1	764021	764722	+	GEGEGB_00726	1	persistent	2	0	0
GEGEGB_00727	contig_1	764731	765375	+	GEGEGB_00727	1	persistent	2	0	0
GEGEGB_00728	contig_1	765390	766583	+	GEGEGB_00728	1	persistent	2	0	0
GEGEGB_00729	contig_1	766692	767630	+	LNHIMF_02323	1	persistent	2	0	1
GEGEGB_00730	contig_1	767688	767771	-	GEGEGB_00730	1	persistent	2	0	0
GEGEGB_00731	contig_1	768089	769525	+	GEGEGB_00731	1	persistent	2	0	2
GEGEGB_00732	contig_1	769591	770352	+	GEGEGB_00732	1	persistent	2	0	1
GEGEGB_00733	contig_1	770400	770969	-	GEGEGB_00733	1	persistent	2	0	0
GEGEGB_00734	contig_1	771128	771715	+	GEGEGB_00734	1	persistent	2	0	0
GEGEGB_00735	contig_1	771920	772828	+	GEGEGB_00735	1	persistent	2	0	0
GEGEGB_00736	contig_1	772887	774617	-	GEGEGB_00736	1	persistent	2	0	0
GEGEGB_00737	contig_1	774884	777181	+	LNHIMF_02315	1	persistent	2	0	0
GEGEGB_00738	contig_1	777363	778280	+	GEGEGB_00738	1	persistent	2	0	0
GEGEGB_00739	contig_1	778284	779453	+	LNHIMF_02313	1	persistent	2	0	0
GEGEGB_00740	contig_1	779446	780393	+	GEGEGB_00740	1	persistent	2	0	0
GEGEGB_00741	contig_1	780377	781108	+	GEGEGB_00741	1	persistent	2	0	0
GEGEGB_00742	contig_1	781089	781196	-	GEGEGB_00742	1	persistent	2	0	0
GEGEGB_00743	contig_1	781256	781987	-	LNHIMF_02309	1	persistent	2	0	0
GEGEGB_00744	contig_1	782210	783895	+	LNHIMF_02308	1	persistent	2	0	0
GEGEGB_00745	contig_1	783892	784611	+	LNHIMF_02307	1	persistent	2	0	0
GEGEGB_00746	contig_1	784658	785125	+	LNHIMF_02306	1	persistent	2	0	0
GEGEGB_00747	contig_1	785182	785712	-	GEGEGB_00747	1	persistent	2	0	0
GEGEGB_00748	contig_1	785884	786342	-	GEGEGB_00748	1	persistent	2	0	0
GEGEGB_00749	contig_1	786583	788616	-	LNHIMF_02303	1	persistent	2	0	0
GEGEGB_00750	contig_1	788781	789890	+	LNHIMF_02302	1	persistent	2	1	0
GEGEGB_00751	contig_1	790168	790449	+	GEGEGB_00751	1	persistent	1	1	1
GEGEGB_00752	contig_1	790728	791258	+	GEGEGB_00752	1	shell	2	1	0
GEGEGB_00753	contig_1	791314	791997	+	GEGEGB_00753	1	shell	0	2	0
GEGEGB_00754	contig_1	792011	792121	+	BEJGEH_02184	2	shell	0	2	0
GEGEGB_00755	contig_1	792118	794499	+	BEJGEH_02184	2	shell	0	2	0
GEGEGB_00756	contig_1	794515	795522	+	GEGEGB_00756	1	shell	1	1	0
GEGEGB_00757	contig_1	795784	796098	-	GEGEGB_00757	1	persistent	1	1	1
GEGEGB_00758	contig_1	796508	797305	+	GEGEGB_00758	1	persistent	2	0	0
GEGEGB_00759	contig_1	797292	798092	+	GEGEGB_00759	1	persistent	2	0	0
GEGEGB_00760	contig_1	798128	798874	+	GEGEGB_00760	1	persistent	2	0	0
GEGEGB_00761	contig_1	798848	799813	-	GEGEGB_00761	1	persistent	2	0	0
GEGEGB_00762	contig_1	799810	800814	-	GEGEGB_00762	1	persistent	2	0	0
GEGEGB_00763	contig_1	800811	802082	-	GEGEGB_00763	1	persistent	2	0	0
GEGEGB_00764	contig_1	802336	803388	+	GEGEGB_00764	1	persistent	2	0	0
GEGEGB_00765	contig_1	803441	804160	-	LNHIMF_02288	1	persistent	3	0	0
GEGEGB_00766	contig_1	804905	805240	+	LNHIMF_02287	1	persistent	2	0	0
GEGEGB_00767	contig_1	805362	805778	+	LNHIMF_02286	1	persistent	3	1	0
GEGEGB_00769	contig_1	806419	807780	-	GEGEGB_00769	1	persistent	2	1	1
GEGEGB_00770	contig_1	807947	808561	+	ONMMKP_04705	1	cloud	1	0	2
GEGEGB_00771	contig_1	809218	809637	+	ALJMDI_01894	1	cloud	0	0	6
GEGEGB_00772	contig_1	810444	810746	+	BEJGEH_02167	1	cloud	0	0	2
GEGEGB_00773	contig_1	810877	811377	+	BEJGEH_02166	1	cloud	0	0	3
GEGEGB_00774	contig_1	811451	812143	+	GEGEGB_00774	1	cloud	0	0	2
GEGEGB_00775	contig_1	812442	813062	+	ALJMDI_01891	1	cloud	0	0	3
GEGEGB_00776	contig_1	813172	813651	+	ALJMDI_01890	1	cloud	0	0	3
GEGEGB_00777	contig_1	813719	814168	+	GEGEGB_00777	1	cloud	0	0	2
GEGEGB_00778	contig_1	814299	814727	+	BEJGEH_02160	1	cloud	0	0	2
GEGEGB_00779	contig_1	814829	815542	+	ONMMKP_04710	1	cloud	1	0	5
GEGEGB_00780	contig_1	815696	816415	-	PAPNPA_04258	1	cloud	1	0	1
GEGEGB_00781	contig_1	816420	818531	-	LNHIMF_02283	1	persistent	2	0	2
GEGEGB_00782	contig_1	818542	819237	-	BEJGEH_02156	1	persistent	2	0	0
GEGEGB_00783	contig_1	819259	820143	-	AJBGEP_02298	1	persistent	2	0	1
GEGEGB_00784	contig_1	820143	820445	-	GEGEGB_00784	1	cloud	2	0	0
GEGEGB_00785	contig_1	820714	821436	-	LNHIMF_02280	1	persistent	2	0	1
GEGEGB_00786	contig_1	821433	822836	-	LNHIMF_02279	1	persistent	2	0	0
GEGEGB_00787	contig_1	822836	824248	-	GEGEGB_00787	1	persistent	2	0	0
GEGEGB_00788	contig_1	824245	827325	-	LNHIMF_02277	1	persistent	2	0	0
GEGEGB_00789	contig_1	827326	830448	-	GEGEGB_00789	1	persistent	2	0	0
GEGEGB_00790	contig_1	830448	831689	-	LNHIMF_02275	1	persistent	2	0	0
GEGEGB_00791	contig_1	831794	831991	-	LNHIMF_02274	1	persistent	2	1	0
GEGEGB_00793	contig_1	831972	832031	+	GEGEGB_00793	1	shell	2	0	0
GEGEGB_00794	contig_1	832130	833482	-	LNHIMF_02272	1	persistent	2	1	1
GEGEGB_00795	contig_1	833616	834485	+	GEGEGB_00795	1	persistent	2	0	1
GEGEGB_00796	contig_1	834453	837443	-	LNHIMF_02270	1	persistent	2	0	0
GEGEGB_00797	contig_1	837774	838415	+	GEGEGB_00797	1	persistent	2	0	0
GEGEGB_00798	contig_1	838506	839087	+	GEGEGB_00798	1	persistent	2	0	0
GEGEGB_00799	contig_1	839126	840982	+	LNHIMF_02267	1	persistent	2	0	0
GEGEGB_00800	contig_1	841068	842648	-	GEGEGB_00800	1	persistent	2	0	0
GEGEGB_00801	contig_1	843322	844461	+	LNHIMF_02265	1	persistent	2	0	0
GEGEGB_00802	contig_1	844467	844916	+	LNHIMF_02264	1	persistent	2	0	0
GEGEGB_00803	contig_1	844913	847072	+	LNHIMF_02263	1	persistent	2	0	0
GEGEGB_00804	contig_1	847090	848001	+	GEGEGB_00804	1	persistent	2	0	0
GEGEGB_00805	contig_1	848004	848492	+	GEGEGB_00805	1	persistent	2	0	0
GEGEGB_00806	contig_1	848489	849706	+	GEGEGB_00806	1	persistent	2	0	0
GEGEGB_00808	contig_1	850052	850894	+	LNHIMF_02259	1	persistent	2	0	0
GEGEGB_00809	contig_1	850907	851653	+	GEGEGB_00809	1	persistent	2	0	0
GEGEGB_00810	contig_1	851669	852223	+	GEGEGB_00810	1	persistent	2	0	0
GEGEGB_00811	contig_1	852247	853368	+	LNHIMF_02256	1	persistent	2	0	0
GEGEGB_00812	contig_1	853371	854336	+	LNHIMF_02255	1	persistent	2	0	0
GEGEGB_00813	contig_1	854339	854812	+	LNHIMF_02254	1	persistent	2	0	0
GEGEGB_00814	contig_1	854809	856032	+	GEGEGB_00814	1	persistent	2	0	0
GEGEGB_00815	contig_1	856035	857471	+	GEGEGB_00815	1	persistent	2	0	0
GEGEGB_00816	contig_1	857582	858952	+	HFCAGB_02368	1	persistent	2	0	2
GEGEGB_00817	contig_1	859006	860400	+	LNHIMF_02250	1	persistent	2	0	0
GEGEGB_00818	contig_1	860502	861980	+	LNHIMF_02249	1	persistent	2	0	1
GEGEGB_00819	contig_1	862002	862406	+	GEGEGB_00819	1	cloud	2	0	0
GEGEGB_00820	contig_1	862570	863280	+	LNHIMF_02248	1	persistent	2	0	1
GEGEGB_00821	contig_1	863277	864497	+	LNHIMF_02247	1	persistent	2	0	0
GEGEGB_00822	contig_1	864508	865911	+	LNHIMF_02246	1	persistent	2	0	0
GEGEGB_00823	contig_1	866089	866982	+	GEGEGB_00823	1	persistent	2	0	1
GEGEGB_00824	contig_1	867359	868444	+	GEGEGB_00824	1	persistent	2	0	0
GEGEGB_00825	contig_1	868444	869343	+	LNHIMF_02243	1	persistent	2	0	0
GEGEGB_00826	contig_1	869391	870269	+	LNHIMF_02242	1	persistent	2	0	0
GEGEGB_00827	contig_1	870273	870821	+	GEGEGB_00827	1	persistent	2	0	0
GEGEGB_00828	contig_1	870827	871801	+	AJBGEP_02257	1	persistent	2	0	0
GEGEGB_00829	contig_1	871817	872590	+	GEGEGB_00829	1	persistent	2	0	0
GEGEGB_00830	contig_1	872595	873674	+	LNHIMF_02238	1	persistent	2	0	0
GEGEGB_00831	contig_1	873701	875014	+	LNHIMF_02237	1	persistent	1	1	2
GEGEGB_00832	contig_1	875064	875888	+	ALJMDI_01838	1	cloud	1	0	1
GEGEGB_00833	contig_1	875885	876901	+	GEGEGB_00833	1	cloud	0	0	2
GEGEGB_00834	contig_1	876987	878270	+	GEGEGB_00834	1	cloud	0	0	2
GEGEGB_00835	contig_1	878272	879273	+	ALJMDI_01835	1	cloud	0	1	1
GEGEGB_00836	contig_1	879848	880909	+	HFCAGB_02349	1	shell	0	2	2
GEGEGB_00837	contig_1	880910	881854	+	LNHIMF_02228	1	shell	0	2	0
GEGEGB_00838	contig_1	881855	883294	+	LNHIMF_02227	1	shell	0	2	0
GEGEGB_00839	contig_1	883281	884714	+	LNHIMF_02226	1	shell	1	1	0
GEGEGB_00840	contig_1	884786	886216	+	LNHIMF_02225	1	persistent	1	1	1
GEGEGB_00841	contig_1	886380	887786	+	LNHIMF_02224	1	persistent	2	0	1
GEGEGB_00842	contig_1	888023	889189	+	LNHIMF_02223	1	persistent	2	0	0
GEGEGB_00843	contig_1	889332	890315	+	GEGEGB_00843	1	persistent	2	0	0
GEGEGB_00844	contig_1	890396	891007	-	LNHIMF_02221	1	persistent	2	0	0
GEGEGB_00845	contig_1	891001	891777	-	GEGEGB_00845	1	persistent	2	0	0
GEGEGB_00846	contig_1	891759	892496	-	GEGEGB_00846	1	persistent	2	0	0
GEGEGB_00847	contig_1	892496	893086	-	GEGEGB_00847	1	persistent	2	0	0
GEGEGB_00848	contig_1	893086	894153	-	LNHIMF_02217	1	persistent	2	0	0
GEGEGB_00849	contig_1	894150	895229	-	LNHIMF_02216	1	persistent	2	0	0
GEGEGB_00850	contig_1	895226	896530	-	LNHIMF_02215	1	persistent	2	0	0
GEGEGB_00851	contig_1	896633	897532	-	GEGEGB_00851	1	persistent	2	0	1
GEGEGB_00852	contig_1	897679	897720	-	GEGEGB_00852	1	cloud	2	0	0
GEGEGB_00853	contig_1	897883	898707	+	GEGEGB_00853	1	persistent	2	0	1
GEGEGB_00854	contig_1	898753	899667	+	GEGEGB_00854	1	persistent	2	0	0
GEGEGB_00856	contig_1	899901	899963	+	GEGEGB_00856	1	persistent	2	0	0
GEGEGB_00857	contig_1	899953	901311	+	GEGEGB_00857	1	persistent	2	0	0
GEGEGB_00858	contig_1	901447	902877	-	GEGEGB_00858	1	persistent	2	0	1
GEGEGB_00860	contig_1	904718	905269	-	HFCAGB_02326	1	persistent	2	0	1
GEGEGB_00862	contig_1	906205	908481	+	LNHIMF_02146	1	persistent	2	0	0
GEGEGB_00863	contig_1	908496	909074	+	GEGEGB_00863	1	persistent	2	0	0
GEGEGB_00864	contig_1	909071	909835	+	GEGEGB_00864	1	persistent	2	0	0
GEGEGB_00865	contig_1	909959	910912	+	LNHIMF_02143	2	persistent	2	0	0
GEGEGB_00866	contig_1	910913	911131	+	LNHIMF_02143	2	persistent	2	0	0
GEGEGB_00867	contig_1	911282	911749	+	GEGEGB_00867	1	persistent	2	0	0
GEGEGB_00868	contig_1	911868	912926	+	LNHIMF_02141	1	persistent	2	0	0
GEGEGB_00869	contig_1	913171	913506	+	GEGEGB_00869	1	persistent	2	0	0
GEGEGB_00870	contig_1	913540	914442	-	LNHIMF_02139	1	persistent	2	0	0
GEGEGB_00871	contig_1	914500	915714	-	LNHIMF_02138	1	persistent	2	0	0
GEGEGB_00872	contig_1	915699	916151	-	LNHIMF_02137	1	persistent	2	0	0
GEGEGB_00873	contig_1	916156	916506	-	GEGEGB_00873	1	persistent	2	0	0
GEGEGB_00874	contig_1	916506	917060	-	LNHIMF_02135	1	persistent	2	0	0
GEGEGB_00875	contig_1	917063	918391	-	BEJGEH_02071	1	persistent	2	0	0
GEGEGB_00876	contig_1	918415	919527	-	GEGEGB_00876	1	persistent	2	0	0
GEGEGB_00877	contig_1	919539	920933	-	LNHIMF_02132	1	persistent	2	0	0
GEGEGB_00878	contig_1	920930	921940	-	GEGEGB_00878	1	persistent	3	0	0
GEGEGB_00879	contig_1	922228	922719	-	LNHIMF_02129	1	persistent	3	0	0
GEGEGB_00880	contig_1	922716	923348	-	LNHIMF_02128	1	persistent	2	0	0
GEGEGB_00881	contig_1	923348	923809	-	GEGEGB_00881	1	persistent	2	0	0
GEGEGB_00882	contig_1	923834	924109	-	GEGEGB_00882	2	persistent	4	0	0
GEGEGB_00883	contig_1	924129	924479	-	GEGEGB_00883	1	persistent	2	0	0
GEGEGB_00884	contig_1	924469	926301	-	LNHIMF_02124	1	persistent	2	0	0
GEGEGB_00885	contig_1	926508	927029	-	LNHIMF_02123	1	persistent	2	0	0
GEGEGB_00886	contig_1	927044	927718	-	LNHIMF_02122	1	persistent	2	0	0
GEGEGB_00887	contig_1	927729	929393	-	GEGEGB_00887	1	persistent	2	0	0
GEGEGB_00888	contig_1	929412	930224	-	GEGEGB_00888	1	persistent	2	0	0
GEGEGB_00889	contig_1	930221	930505	-	GEGEGB_00882	2	persistent	4	0	0
GEGEGB_00890	contig_1	931030	931824	+	LNHIMF_02118	1	persistent	2	0	0
GEGEGB_00892	contig_1	932041	932955	+	LNHIMF_02116	1	persistent	2	0	1
GEGEGB_00893	contig_1	933507	934931	+	LNHIMF_02115	1	persistent	2	0	1
GEGEGB_00894	contig_1	934928	935887	+	LNHIMF_02114	1	persistent	2	0	1
GEGEGB_00895	contig_1	935898	936377	+	GEGEGB_00895	1	cloud	2	0	0
GEGEGB_00896	contig_1	936377	937516	+	LNHIMF_02112	1	persistent	2	0	1
GEGEGB_00897	contig_1	937510	938115	+	GEGEGB_00897	1	persistent	2	0	0
GEGEGB_00898	contig_1	938105	938683	+	LNHIMF_02110	1	persistent	2	0	0
GEGEGB_00899	contig_1	938667	939440	+	GEGEGB_00899	1	persistent	2	0	0
GEGEGB_00900	contig_1	939421	940476	+	GEGEGB_00900	1	persistent	2	0	0
GEGEGB_00901	contig_1	940476	941201	+	GEGEGB_00901	1	persistent	2	0	0
GEGEGB_00902	contig_1	941198	941911	+	LNHIMF_02106	1	persistent	2	0	1
GEGEGB_00903	contig_1	941991	942128	+	GEGEGB_00903	1	cloud	2	0	0
GEGEGB_00904	contig_1	942125	942784	+	BEJGEH_02042	1	persistent	2	0	1
GEGEGB_00905	contig_1	942781	943494	+	GEGEGB_00905	1	persistent	2	0	0
GEGEGB_00906	contig_1	943491	943769	+	LNHIMF_02103	2	persistent	2	0	0
GEGEGB_00907	contig_1	943721	944227	+	LNHIMF_02103	2	persistent	2	0	0
GEGEGB_00908	contig_1	944229	944510	+	LNHIMF_02102	1	persistent	2	0	0
GEGEGB_00909	contig_1	944497	945174	+	GEGEGB_00909	1	persistent	2	0	0
GEGEGB_00910	contig_1	945183	945998	+	LNHIMF_02100	1	persistent	2	0	0
GEGEGB_00911	contig_1	945995	947515	+	GEGEGB_00911	1	persistent	2	0	0
GEGEGB_00912	contig_1	947512	948057	+	LNHIMF_02098	1	persistent	2	0	0
GEGEGB_00913	contig_1	948054	948797	+	LNHIMF_02097	1	persistent	2	0	0
GEGEGB_00914	contig_1	948824	949894	+	LNHIMF_02096	1	persistent	2	0	0
GEGEGB_00915	contig_1	949972	950901	+	LNHIMF_02095	1	persistent	2	0	2
GEGEGB_00917	contig_1	951395	952819	+	GEGEGB_00917	1	persistent	3	0	3
GEGEGB_00919	contig_1	953913	954239	+	LNHIMF_02081	1	persistent	2	0	1
GEGEGB_00920	contig_1	954435	955889	+	GEGEGB_00920	1	persistent	2	3	1
GEGEGB_00921	contig_1	956794	957657	+	GEGEGB_00921	1	cloud	1	0	1
GEGEGB_00922	contig_1	957844	958059	+	GEGEGB_00922	1	cloud	0	0	2
GEGEGB_00923	contig_1	958089	958400	+	GEGEGB_00923	1	cloud	0	0	2
GEGEGB_00924	contig_1	958415	958801	+	GEGEGB_00924	1	cloud	0	0	2
GEGEGB_00925	contig_1	958818	959105	+	GEGEGB_00925	1	cloud	0	0	2
GEGEGB_00926	contig_1	959191	959484	+	GEGEGB_00926	1	cloud	0	0	2
GEGEGB_00927	contig_1	959597	959992	+	GEGEGB_00927	1	cloud	0	0	2
GEGEGB_00928	contig_1	960089	960382	-	GEGEGB_00928	1	cloud	0	0	2
GEGEGB_00929	contig_1	961175	961819	+	GEGEGB_00929	1	cloud	0	0	2
GEGEGB_00930	contig_1	961895	963406	-	GEGEGB_00930	1	cloud	0	0	2
GEGEGB_00931	contig_1	965065	965574	+	GEGEGB_00931	1	cloud	0	0	2
GEGEGB_00932	contig_1	965621	966136	+	GEGEGB_00932	1	cloud	0	0	2
GEGEGB_00933	contig_1	966220	966543	+	GEGEGB_00933	1	cloud	0	0	2
GEGEGB_00934	contig_1	966843	968279	+	GEGEGB_00934	1	cloud	0	0	2
GEGEGB_00935	contig_1	968796	969110	+	GEGEGB_00935	1	cloud	0	0	2
GEGEGB_00936	contig_1	969249	970553	+	GEGEGB_00936	1	cloud	0	0	2
GEGEGB_00937	contig_1	970921	973881	-	GEGEGB_00937	1	cloud	0	0	2
GEGEGB_00938	contig_1	973891	975867	-	GEGEGB_00938	1	cloud	0	0	2
GEGEGB_00939	contig_1	976062	977450	+	GEGEGB_00939	1	cloud	0	0	2
GEGEGB_00940	contig_1	977497	978771	-	HFCAGB_02234	1	cloud	0	1	3
GEGEGB_00943	contig_1	979751	980548	-	HFCAGB_02232	1	shell	2	1	4
GEGEGB_00945	contig_1	981317	981736	+	GEGEGB_00945	1	persistent	1	1	4
GEGEGB_00946	contig_1	981739	983007	+	LNHIMF_02074	1	persistent	3	1	1
GEGEGB_00947	contig_1	983453	983665	+	LNHIMF_02073	1	persistent	2	0	1
GEGEGB_00949	contig_1	984125	985309	-	LNHIMF_02071	1	persistent	2	0	0
GEGEGB_00951	contig_1	985960	986271	+	GEGEGB_00951	1	persistent	2	0	0
GEGEGB_00952	contig_1	986351	987046	+	LNHIMF_02068	1	persistent	2	0	0
GEGEGB_00953	contig_1	987120	988550	+	LNHIMF_02067	1	persistent	2	0	0
GEGEGB_00954	contig_1	988531	989001	+	GEGEGB_00954	1	persistent	2	0	0
GEGEGB_00955	contig_1	988990	989910	-	GEGEGB_00955	1	persistent	2	0	0
GEGEGB_00956	contig_1	990086	990340	+	BEJGEH_01078	2	persistent	2	0	0
GEGEGB_00957	contig_1	990359	990997	+	BEJGEH_01078	2	persistent	2	0	0
GEGEGB_00958	contig_1	991074	991259	+	GEGEGB_00958	1	persistent	2	0	0
GEGEGB_00959	contig_1	991424	993127	+	GEGEGB_00959	1	persistent	2	0	0
GEGEGB_00960	contig_1	993106	993921	-	GEGEGB_00960	1	persistent	2	0	0
GEGEGB_00962	contig_1	994231	994458	-	GEGEGB_00962	1	persistent	2	0	0
GEGEGB_00963	contig_1	994587	994781	+	GEGEGB_00963	1	persistent	2	0	0
GEGEGB_00964	contig_1	994820	995443	-	LNHIMF_02057	1	persistent	2	0	0
GEGEGB_00965	contig_1	995725	996519	-	LNHIMF_02056	1	persistent	2	0	0
GEGEGB_00966	contig_1	996528	996797	-	GEGEGB_00966	1	persistent	2	0	0
GEGEGB_00967	contig_1	996807	997544	-	GEGEGB_00967	1	persistent	2	0	0
GEGEGB_00968	contig_1	997544	997921	-	GEGEGB_00968	1	persistent	2	0	0
GEGEGB_00969	contig_1	997921	998334	-	LNHIMF_02052	1	persistent	2	0	0
GEGEGB_00970	contig_1	998331	999335	-	GEGEGB_00970	1	persistent	2	0	0
GEGEGB_00971	contig_1	999340	999807	-	LNHIMF_02050	1	persistent	2	0	0
GEGEGB_00972	contig_1	999912	1001141	-	LNHIMF_02049	1	persistent	2	0	0
GEGEGB_00973	contig_1	1001138	1001581	-	GEGEGB_00973	1	persistent	2	0	0
GEGEGB_00974	contig_1	1001603	1002973	-	LNHIMF_02047	1	persistent	2	0	0
GEGEGB_00975	contig_1	1002973	1003680	-	GEGEGB_00975	1	persistent	2	0	0
GEGEGB_00976	contig_1	1003673	1004668	-	GEGEGB_00976	1	persistent	2	0	0
GEGEGB_00977	contig_1	1004661	1006343	-	LNHIMF_02044	1	persistent	2	0	0
GEGEGB_00978	contig_1	1006560	1006874	+	LNHIMF_02043	1	persistent	2	1	0
GEGEGB_00979	contig_1	1006994	1007347	-	BEJGEH_01100	1	shell	2	0	0
GEGEGB_00980	contig_1	1007645	1007878	-	GEGEGB_00980	1	persistent	2	1	0
GEGEGB_00981	contig_1	1007875	1009080	-	LNHIMF_02041	1	persistent	2	0	0
GEGEGB_00982	contig_1	1009329	1009742	+	AJBGEP_02065	1	persistent	2	0	0
GEGEGB_00983	contig_1	1009782	1011266	-	LNHIMF_02039	1	persistent	2	0	0
GEGEGB_00984	contig_1	1011338	1011706	-	GEGEGB_00984	1	persistent	2	0	0
GEGEGB_00985	contig_1	1011706	1012113	-	LNHIMF_02037	1	persistent	2	0	1
GEGEGB_00986	contig_1	1012128	1013531	-	GEGEGB_00986	1	persistent	1	2	1
GEGEGB_00987	contig_1	1013788	1015308	+	LNHIMF_02035	1	cloud	2	0	0
GEGEGB_00988	contig_1	1015387	1015671	+	LNHIMF_02034	2	persistent	1	3	2
GEGEGB_00989	contig_1	1015650	1016591	+	LNHIMF_02034	2	persistent	1	3	2
GEGEGB_00990	contig_1	1016788	1017507	+	GEGEGB_00990	1	persistent	2	1	0
GEGEGB_00991	contig_1	1017566	1018117	+	GEGEGB_00991	1	persistent	2	0	0
GEGEGB_00992	contig_1	1018264	1019064	+	GEGEGB_00992	1	persistent	2	0	0
GEGEGB_00993	contig_1	1019218	1020204	+	LNHIMF_02030	1	persistent	2	0	0
GEGEGB_00994	contig_1	1020225	1020893	+	GEGEGB_00994	1	persistent	2	0	0
GEGEGB_00995	contig_1	1020890	1021642	+	GEGEGB_00995	1	persistent	2	0	0
GEGEGB_00996	contig_1	1021875	1022597	+	LNHIMF_02027	1	persistent	2	0	0
GEGEGB_00997	contig_1	1022664	1022888	-	GEGEGB_00997	1	persistent	2	1	0
GEGEGB_00998	contig_1	1023212	1023289	+	GEGEGB_00998	1	shell	2	0	0
GEGEGB_00999	contig_1	1023352	1024008	+	GEGEGB_00999	1	persistent	2	1	0
GEGEGB_01000	contig_1	1024005	1025837	+	GEGEGB_01000	1	persistent	2	0	0
GEGEGB_01001	contig_1	1025894	1026442	+	GEGEGB_01001	1	persistent	3	0	0
GEGEGB_01005	contig_1	1027693	1029126	+	LNHIMF_02017	1	persistent	4	0	0
GEGEGB_01006	contig_1	1029339	1029530	+	LNHIMF_02016	1	persistent	2	0	0
GEGEGB_01008	contig_1	1029903	1030568	+	LNHIMF_02014	1	persistent	3	0	0
GEGEGB_01009	contig_1	1030643	1031911	-	GEGEGB_01009	1	persistent	2	0	0
GEGEGB_01010	contig_1	1032081	1032320	+	GEGEGB_01010	1	persistent	2	0	0
GEGEGB_01011	contig_1	1032366	1032863	-	GEGEGB_01011	1	persistent	2	0	0
GEGEGB_01012	contig_1	1033103	1033438	-	GEGEGB_01012	1	persistent	3	0	0
GEGEGB_01013	contig_1	1033769	1034272	-	GEGEGB_01013	1	persistent	3	0	0
GEGEGB_01014	contig_1	1034822	1035379	+	BEJGEH_01135	1	persistent	2	0	1
GEGEGB_01015	contig_1	1035914	1036816	+	BEJGEH_01136	1	persistent	2	0	1
GEGEGB_01016	contig_1	1036791	1038212	+	GEGEGB_01016	1	persistent	2	0	0
GEGEGB_01017	contig_1	1038262	1038657	-	LNHIMF_02004	1	persistent	2	0	0
GEGEGB_01018	contig_1	1039453	1039794	+	GEGEGB_01018	1	persistent	2	0	0
GEGEGB_01019	contig_1	1039797	1040375	+	LNHIMF_02002	1	persistent	2	0	0
GEGEGB_01020	contig_1	1040503	1041390	+	LNHIMF_02001	1	persistent	2	0	0
GEGEGB_01021	contig_1	1041387	1042316	+	LNHIMF_02000	1	persistent	2	0	0
GEGEGB_01022	contig_1	1042321	1044336	+	GEGEGB_01022	1	persistent	2	0	0
GEGEGB_01023	contig_1	1044357	1044860	+	LNHIMF_01998	1	persistent	2	0	0
GEGEGB_01024	contig_1	1045097	1046758	+	LNHIMF_01997	1	persistent	2	0	0
GEGEGB_01025	contig_1	1046919	1047785	+	LNHIMF_01996	1	persistent	2	0	0
GEGEGB_01026	contig_1	1047782	1048831	+	GEGEGB_01026	1	persistent	2	0	0
GEGEGB_01027	contig_1	1048849	1049238	+	GEGEGB_01027	1	persistent	2	0	0
GEGEGB_01028	contig_1	1049246	1049893	+	LNHIMF_01993	1	persistent	2	0	1
GEGEGB_01029	contig_1	1050087	1051238	+	GEGEGB_01029	1	persistent	2	0	1
GEGEGB_01030	contig_1	1051231	1053309	+	GEGEGB_01030	1	persistent	2	0	0
GEGEGB_01031	contig_1	1053309	1053701	+	GEGEGB_01031	1	persistent	2	0	0
GEGEGB_01032	contig_1	1053938	1055077	+	LNHIMF_01988	1	persistent	2	0	0
GEGEGB_01033	contig_1	1055131	1055823	-	LNHIMF_01987	2	persistent	2	0	0
GEGEGB_01034	contig_1	1055833	1057002	-	LNHIMF_01987	2	persistent	2	0	0
GEGEGB_01035	contig_1	1057191	1058924	-	GEGEGB_01035	1	persistent	2	0	0
GEGEGB_01036	contig_1	1059161	1059730	+	LNHIMF_01985	1	persistent	2	0	0
GEGEGB_01037	contig_1	1059750	1060529	+	LNHIMF_01984	1	persistent	2	0	0
GEGEGB_01039	contig_1	1060733	1061704	-	GEGEGB_01039	1	persistent	2	0	0
GEGEGB_01040	contig_1	1061701	1062444	-	GEGEGB_01040	1	persistent	2	0	0
GEGEGB_01041	contig_1	1062485	1062880	-	GEGEGB_01041	1	persistent	2	0	0
GEGEGB_01042	contig_1	1062933	1063751	-	GEGEGB_01042	1	persistent	2	0	0
GEGEGB_01043	contig_1	1063748	1064314	-	GEGEGB_01043	1	persistent	2	0	0
GEGEGB_01044	contig_1	1064639	1066411	+	LNHIMF_01977	1	persistent	2	0	0
GEGEGB_01045	contig_1	1066514	1066966	+	GEGEGB_01045	1	persistent	2	0	0
GEGEGB_01046	contig_1	1066996	1067736	+	GEGEGB_01046	1	persistent	2	0	0
GEGEGB_01047	contig_1	1067773	1068294	+	GEGEGB_01047	1	persistent	2	0	1
GEGEGB_01048	contig_1	1068296	1068895	-	LNHIMF_01973	1	persistent	2	1	3
GEGEGB_01049	contig_1	1069105	1069797	+	LNHIMF_01972	1	shell	2	0	1
GEGEGB_01050	contig_1	1069989	1070768	+	GEGEGB_01050	1	cloud	1	1	0
GEGEGB_01051	contig_1	1070777	1071787	+	GEGEGB_01051	1	persistent	2	0	1
GEGEGB_01052	contig_1	1071866	1072651	-	GEGEGB_01052	1	persistent	2	0	0
GEGEGB_01053	contig_1	1072648	1073403	-	LNHIMF_01968	1	persistent	2	0	0
GEGEGB_01054	contig_1	1073425	1074426	+	LNHIMF_01967	1	persistent	2	0	0
GEGEGB_01055	contig_1	1074442	1075761	+	LNHIMF_01966	1	persistent	2	0	1
GEGEGB_01056	contig_1	1075878	1076849	+	GEGEGB_01056	1	persistent	2	1	0
GEGEGB_01057	contig_1	1076922	1078364	-	GEGEGB_01057	1	persistent	2	1	0
GEGEGB_01058	contig_1	1078488	1079357	-	GEGEGB_01058	1	persistent	2	0	1
GEGEGB_01059	contig_1	1079699	1081174	+	LNHIMF_01962	1	persistent	2	0	0
GEGEGB_01060	contig_1	1081409	1083220	+	GEGEGB_01060	1	persistent	2	0	0
GEGEGB_01061	contig_1	1083258	1083899	+	LNHIMF_01960	1	persistent	2	0	0
GEGEGB_01062	contig_1	1083999	1085177	-	GEGEGB_01062	1	persistent	2	0	0
GEGEGB_01063	contig_1	1085308	1085598	+	GEGEGB_01063	1	persistent	2	0	0
GEGEGB_01064	contig_1	1085666	1086019	+	GEGEGB_01064	1	persistent	2	0	0
GEGEGB_01065	contig_1	1086113	1086772	+	LNHIMF_01956	1	persistent	2	0	0
GEGEGB_01066	contig_1	1086986	1089037	+	GEGEGB_01066	1	persistent	2	0	0
GEGEGB_01067	contig_1	1089074	1089772	-	GEGEGB_01067	1	persistent	2	0	0
GEGEGB_01068	contig_1	1089796	1090452	-	LNHIMF_01953	1	persistent	2	0	0
GEGEGB_01069	contig_1	1090560	1090790	-	GEGEGB_01069	1	persistent	2	0	0
GEGEGB_01070	contig_1	1090928	1091302	+	LNHIMF_01951	1	persistent	2	0	0
GEGEGB_01071	contig_1	1091303	1092178	+	LNHIMF_01950	1	persistent	2	0	0
GEGEGB_01072	contig_1	1092195	1092548	+	GEGEGB_01072	1	persistent	2	0	1
GEGEGB_01075	contig_1	1092912	1093241	-	PAPNPA_00762	1	persistent	1	1	8
GEGEGB_01076	contig_1	1093186	1093386	-	AJBGEP_01247	1	cloud	1	0	5
GEGEGB_01077	contig_1	1094385	1095515	-	HFCAGB_01362	1	cloud	0	0	3
GEGEGB_01078	contig_1	1095911	1097890	+	HFCAGB_01363	1	cloud	0	0	3
GEGEGB_01079	contig_1	1097911	1098138	+	GEGEGB_01079	1	cloud	0	1	1
GEGEGB_01080	contig_1	1098299	1098913	-	LNHIMF_01935	1	shell	0	2	1
GEGEGB_01081	contig_1	1098923	1099081	-	GEGEGB_01081	1	shell	0	2	0
GEGEGB_01082	contig_1	1099214	1100128	-	AJBGEP_01956	1	shell	1	2	3
GEGEGB_01083	contig_1	1101918	1102043	+	ONMMKP_01595	1	cloud	0	2	2
GEGEGB_01084	contig_1	1102122	1103078	+	ONMMKP_00177	1	cloud	1	1	2
GEGEGB_01085	contig_1	1103075	1103188	+	GEGEGB_01085	1	cloud	1	0	1
GEGEGB_01086	contig_1	1104110	1104529	+	LNHIMF_01928	1	persistent	1	2	6
GEGEGB_01087	contig_1	1104917	1105393	-	LNHIMF_01927	1	persistent	2	0	2
GEGEGB_01088	contig_1	1105722	1106117	-	LNHIMF_01926	1	persistent	2	0	0
GEGEGB_01089	contig_1	1107058	1107522	+	BEJGEH_01210	1	persistent	2	0	0
GEGEGB_01090	contig_1	1107807	1107971	+	GEGEGB_01090	1	persistent	3	0	1
GEGEGB_01091	contig_1	1107944	1108177	+	HFCAGB_01423	1	persistent	2	0	0
GEGEGB_01092	contig_1	1108195	1108845	+	GEGEGB_01092	1	persistent	3	0	0
GEGEGB_01093	contig_1	1108864	1109055	-	GEGEGB_01093	1	persistent	2	0	1
GEGEGB_01094	contig_1	1109166	1109405	-	GEGEGB_01094	1	persistent	2	0	0
GEGEGB_01095	contig_1	1109520	1111061	-	LNHIMF_01920	1	persistent	2	0	0
GEGEGB_01096	contig_1	1111037	1113670	-	GEGEGB_01096	1	persistent	2	0	0
GEGEGB_01097	contig_1	1113639	1114922	-	LNHIMF_01918	1	persistent	2	0	0
GEGEGB_01098	contig_1	1114979	1115548	+	LNHIMF_01917	1	persistent	2	0	0
GEGEGB_01099	contig_1	1115646	1116332	+	GEGEGB_01099	1	persistent	2	0	0
GEGEGB_01100	contig_1	1116352	1118400	+	GEGEGB_01100	1	persistent	2	0	0
GEGEGB_01101	contig_1	1118593	1119474	+	GEGEGB_01101	1	persistent	2	0	0
GEGEGB_01102	contig_1	1119522	1120268	-	BEJGEH_01222	2	persistent	2	1	0
GEGEGB_01103	contig_1	1120389	1120817	-	BEJGEH_01222	2	persistent	2	1	0
GEGEGB_01104	contig_1	1121070	1121861	+	LNHIMF_01912	1	persistent	2	1	0
GEGEGB_01105	contig_1	1122073	1122312	-	GEGEGB_01105	1	persistent	2	0	0
GEGEGB_01106	contig_1	1122465	1122608	+	GEGEGB_01106	1	persistent	2	0	0
GEGEGB_01107	contig_1	1122679	1122966	+	GEGEGB_01107	1	persistent	2	0	0
GEGEGB_01108	contig_1	1123771	1123980	+	GEGEGB_01108	2	persistent	4	0	0
GEGEGB_01109	contig_1	1124200	1125945	+	GEGEGB_01109	1	persistent	2	0	0
GEGEGB_01110	contig_1	1126011	1126820	+	LNHIMF_01906	1	persistent	2	0	0
GEGEGB_01111	contig_1	1126817	1127383	-	GEGEGB_01111	1	persistent	2	0	0
GEGEGB_01112	contig_1	1127793	1128251	-	GEGEGB_01112	1	persistent	2	0	0
GEGEGB_01113	contig_1	1128310	1129161	-	GEGEGB_01113	1	persistent	2	0	0
GEGEGB_01114	contig_1	1129174	1129974	-	GEGEGB_01114	1	persistent	2	0	0
GEGEGB_01115	contig_1	1130027	1130995	-	GEGEGB_01115	1	persistent	2	0	0
GEGEGB_01116	contig_1	1131468	1133027	+	LNHIMF_01900	1	persistent	2	0	0
GEGEGB_01117	contig_1	1133049	1134650	-	LNHIMF_01899	1	persistent	2	0	0
GEGEGB_01118	contig_1	1134788	1136152	-	GEGEGB_01118	1	persistent	2	0	0
GEGEGB_01119	contig_1	1136416	1136994	-	LNHIMF_01897	1	persistent	2	0	0
GEGEGB_01120	contig_1	1136998	1138362	-	GEGEGB_01120	1	persistent	2	0	0
GEGEGB_01121	contig_1	1138443	1138622	+	GEGEGB_01121	1	persistent	2	0	0
GEGEGB_01122	contig_1	1138628	1138972	-	LNHIMF_01894	1	persistent	2	0	0
GEGEGB_01123	contig_1	1139104	1141014	+	GEGEGB_01123	1	persistent	2	0	0
GEGEGB_01124	contig_1	1141072	1141767	+	GEGEGB_01124	1	persistent	2	0	0
GEGEGB_01125	contig_1	1141838	1142419	+	GEGEGB_01125	1	persistent	2	0	0
GEGEGB_01126	contig_1	1142558	1144309	+	GEGEGB_01126	1	persistent	2	1	0
GEGEGB_01128	contig_1	1144394	1145509	+	GEGEGB_01128	1	persistent	2	1	0
GEGEGB_01129	contig_1	1145631	1145897	-	GEGEGB_01129	1	persistent	2	0	0
GEGEGB_01130	contig_1	1145901	1146713	-	LNHIMF_01886	1	persistent	2	0	0
GEGEGB_01131	contig_1	1146737	1147444	-	GEGEGB_01131	1	persistent	2	0	0
GEGEGB_01132	contig_1	1147570	1147863	+	LNHIMF_01884	1	persistent	2	0	0
GEGEGB_01133	contig_1	1147913	1148572	+	GEGEGB_01133	1	persistent	2	0	0
GEGEGB_01134	contig_1	1148665	1149111	+	LNHIMF_01882	1	persistent	2	0	0
GEGEGB_01135	contig_1	1149463	1149600	+	GEGEGB_01135	1	persistent	2	0	0
GEGEGB_01136	contig_1	1149792	1149965	+	GEGEGB_01136	1	persistent	2	0	0
GEGEGB_01137	contig_1	1150037	1150378	-	GEGEGB_01137	1	persistent	2	0	0
GEGEGB_01138	contig_1	1150486	1151016	-	GEGEGB_01138	1	persistent	2	0	0
GEGEGB_01139	contig_1	1151158	1152702	-	GEGEGB_01139	1	persistent	2	0	0
GEGEGB_01140	contig_1	1152922	1153641	+	LNHIMF_01876	1	persistent	2	0	0
GEGEGB_01141	contig_1	1153688	1155220	-	GEGEGB_01141	1	persistent	2	0	0
GEGEGB_01142	contig_1	1155543	1156841	+	LNHIMF_01874	1	persistent	2	0	0
GEGEGB_01143	contig_1	1156855	1157925	+	LNHIMF_01873	1	persistent	2	0	0
GEGEGB_01144	contig_1	1157987	1159720	-	GEGEGB_01144	1	persistent	2	0	0
GEGEGB_01145	contig_1	1159817	1160731	-	GEGEGB_01145	1	persistent	2	0	0
GEGEGB_01146	contig_1	1160902	1161513	+	GEGEGB_01146	1	persistent	2	0	0
GEGEGB_01147	contig_1	1161527	1162261	-	LNHIMF_01869	1	persistent	2	0	0
GEGEGB_01148	contig_1	1162430	1162684	+	GEGEGB_01148	1	persistent	2	0	0
GEGEGB_01149	contig_1	1162747	1164171	-	LNHIMF_01867	2	persistent	2	0	0
GEGEGB_01150	contig_1	1164184	1164459	-	LNHIMF_01867	2	persistent	2	0	0
GEGEGB_01151	contig_1	1164673	1165842	-	LNHIMF_01866	1	persistent	2	0	0
GEGEGB_01153	contig_1	1166343	1166432	-	GEGEGB_01153	1	persistent	2	0	0
GEGEGB_01154	contig_1	1166445	1167581	-	LNHIMF_01864	1	persistent	2	0	0
GEGEGB_01155	contig_1	1167593	1169137	-	LNHIMF_01863	1	persistent	2	0	0
GEGEGB_01156	contig_1	1169212	1170060	-	GEGEGB_01156	1	persistent	2	0	0
GEGEGB_01157	contig_1	1170057	1170512	-	GEGEGB_01157	1	persistent	2	0	0
GEGEGB_01158	contig_1	1170451	1171047	-	GEGEGB_01158	1	persistent	2	0	0
GEGEGB_01159	contig_1	1171044	1171775	-	LNHIMF_01859	1	persistent	2	0	0
GEGEGB_01160	contig_1	1171794	1173587	-	GEGEGB_01160	1	persistent	2	0	0
GEGEGB_01161	contig_1	1173584	1174102	-	LNHIMF_01857	2	persistent	2	0	1
GEGEGB_01162	contig_1	1174202	1174702	-	LNHIMF_01857	2	persistent	2	0	1
GEGEGB_01163	contig_1	1175197	1176462	+	BEJGEH_01280	1	persistent	2	0	2
GEGEGB_01164	contig_1	1176621	1177712	-	GEGEGB_01164	1	persistent	2	0	2
GEGEGB_01165	contig_1	1177829	1178413	-	GEGEGB_01165	1	persistent	2	0	0
GEGEGB_01166	contig_1	1178689	1178910	+	LNHIMF_01852	1	persistent	2	0	0
GEGEGB_01167	contig_1	1179012	1180670	-	GEGEGB_01167	1	persistent	2	0	0
GEGEGB_01168	contig_1	1180822	1181769	-	GEGEGB_01168	1	persistent	2	0	0
GEGEGB_01169	contig_1	1182035	1182886	-	GEGEGB_01169	1	persistent	2	0	0
GEGEGB_01170	contig_1	1182883	1183506	-	LNHIMF_01848	1	persistent	2	0	0
GEGEGB_01171	contig_1	1183820	1185076	+	GEGEGB_01171	1	persistent	2	0	0
GEGEGB_01172	contig_1	1185117	1186199	+	GEGEGB_01172	1	persistent	2	0	0
GEGEGB_01173	contig_1	1186199	1187032	+	LNHIMF_01845	1	persistent	2	0	0
GEGEGB_01174	contig_1	1187029	1187418	+	GEGEGB_01174	1	persistent	2	0	0
GEGEGB_01175	contig_1	1187422	1188231	+	GEGEGB_01175	1	persistent	2	0	0
GEGEGB_01176	contig_1	1188269	1189123	+	GEGEGB_01176	1	persistent	2	1	0
GEGEGB_01178	contig_1	1189317	1189775	+	GEGEGB_00250	25	shell	58	4	2
GEGEGB_01180	contig_1	1190280	1191404	+	GEGEGB_01180	1	persistent	1	2	3
GEGEGB_01181	contig_1	1192445	1192858	+	ALJMDI_00543	1	cloud	1	0	1
GEGEGB_01182	contig_1	1192875	1193603	+	ALJMDI_00544	1	cloud	0	0	2
GEGEGB_01183	contig_1	1193795	1194337	+	GEGEGB_01183	1	cloud	0	0	2
GEGEGB_01184	contig_1	1194485	1194862	-	GEGEGB_01184	1	cloud	0	0	2
GEGEGB_01185	contig_1	1194935	1195744	-	GEGEGB_01185	1	cloud	1	0	2
GEGEGB_01186	contig_1	1196617	1196856	-	LNHIMF_01289	1	persistent	1	1	2
GEGEGB_01187	contig_1	1197047	1197568	-	GEGEGB_01187	1	persistent	2	0	1
GEGEGB_01188	contig_1	1198330	1198593	-	HFCAGB_02052	1	persistent	2	0	2
GEGEGB_01190	contig_1	1198892	1199020	+	GEGEGB_01190	1	cloud	2	0	0
GEGEGB_01191	contig_1	1199398	1199955	+	BEJGEH_01844	1	persistent	2	0	1
GEGEGB_01194	contig_1	1201189	1201533	-	LNHIMF_01296	1	persistent	2	0	0
GEGEGB_01195	contig_1	1202168	1202341	-	GEGEGB_01195	1	persistent	2	0	0
GEGEGB_01196	contig_1	1202661	1203128	+	GEGEGB_01196	1	persistent	2	0	0
GEGEGB_01197	contig_1	1203467	1204510	+	LNHIMF_01299	1	persistent	2	0	0
GEGEGB_01198	contig_1	1204593	1205123	-	GEGEGB_01198	1	persistent	2	0	0
GEGEGB_01199	contig_1	1205272	1205586	-	GEGEGB_01199	1	persistent	2	0	0
GEGEGB_01200	contig_1	1206338	1207924	+	LNHIMF_01302	1	persistent	2	0	0
GEGEGB_01201	contig_1	1207924	1208898	+	GEGEGB_01201	1	persistent	2	0	0
GEGEGB_01202	contig_1	1208888	1209700	+	GEGEGB_01202	1	persistent	2	0	0
GEGEGB_01203	contig_1	1209694	1210491	+	GEGEGB_01203	1	persistent	2	0	0
GEGEGB_01204	contig_1	1210485	1211075	+	HFCAGB_02036	1	persistent	2	0	0
GEGEGB_01205	contig_1	1211157	1212290	-	GEGEGB_01205	1	persistent	2	0	0
GEGEGB_01206	contig_1	1212484	1212810	+	GEGEGB_01206	1	persistent	2	0	0
GEGEGB_01209	contig_1	1213004	1213654	+	GEGEGB_01209	1	persistent	2	0	0
GEGEGB_01210	contig_1	1213763	1214551	+	LNHIMF_01312	1	persistent	2	0	0
GEGEGB_01211	contig_1	1214696	1215289	+	GEGEGB_01211	1	persistent	2	0	0
GEGEGB_01212	contig_1	1215358	1216206	+	LNHIMF_01314	1	persistent	2	0	0
GEGEGB_01213	contig_1	1216461	1216709	-	LNHIMF_01315	1	persistent	2	0	0
GEGEGB_01214	contig_1	1217026	1217571	+	LNHIMF_01316	1	persistent	2	0	0
GEGEGB_01215	contig_1	1217767	1218405	+	GEGEGB_01215	1	persistent	2	0	0
GEGEGB_01216	contig_1	1218578	1218940	+	GEGEGB_01216	1	persistent	2	0	0
GEGEGB_01217	contig_1	1218943	1219125	+	GEGEGB_01217	1	persistent	2	0	0
GEGEGB_01218	contig_1	1219355	1219996	+	LNHIMF_01320	1	persistent	2	0	0
GEGEGB_01220	contig_1	1220310	1220558	+	GEGEGB_01220	1	persistent	2	1	0
GEGEGB_01222	contig_1	1220753	1221211	+	GEGEGB_00250	25	shell	58	4	2
GEGEGB_01223	contig_1	1221702	1221953	+	GEGEGB_01223	1	persistent	2	1	0
GEGEGB_01224	contig_1	1222022	1222333	+	GEGEGB_01224	1	persistent	2	0	0
GEGEGB_01225	contig_1	1222319	1222666	-	GEGEGB_01225	1	persistent	2	0	0
GEGEGB_01226	contig_1	1222785	1223969	-	LNHIMF_01326	1	persistent	2	0	0
GEGEGB_01227	contig_1	1224070	1224864	+	LNHIMF_01327	1	persistent	2	0	0
GEGEGB_01228	contig_1	1224844	1225290	-	GEGEGB_01228	1	persistent	2	0	0
GEGEGB_01229	contig_1	1225496	1225597	+	BEJGEH_01808	1	persistent	2	0	0
GEGEGB_01230	contig_1	1225594	1226121	-	GEGEGB_01230	1	persistent	2	0	0
GEGEGB_01231	contig_1	1226162	1227463	-	LNHIMF_01331	1	persistent	2	0	3
GEGEGB_01232	contig_1	1227949	1228155	+	ONMMKP_00850	1	cloud	2	0	0
GEGEGB_01233	contig_1	1228305	1229591	-	PAPNPA_01180	1	persistent	2	0	3
GEGEGB_01234	contig_1	1229714	1231678	-	LNHIMF_01334	1	persistent	2	0	0
GEGEGB_01235	contig_1	1232074	1232820	+	GEGEGB_01235	1	persistent	2	0	0
GEGEGB_01236	contig_1	1233283	1234305	+	LNHIMF_01336	1	persistent	2	0	0
GEGEGB_01237	contig_1	1234412	1235260	+	GEGEGB_01237	1	persistent	2	0	0
GEGEGB_01238	contig_1	1235359	1236069	-	LNHIMF_01338	2	persistent	2	0	0
GEGEGB_01239	contig_1	1236094	1236243	-	LNHIMF_01338	2	persistent	2	0	0
GEGEGB_01240	contig_1	1236572	1237567	-	GEGEGB_01240	1	persistent	2	0	2
GEGEGB_01241	contig_1	1237909	1238322	+	GEGEGB_01241	1	persistent	2	0	0
GEGEGB_01242	contig_1	1238364	1238642	+	GEGEGB_01242	1	persistent	2	0	2
GEGEGB_01243	contig_1	1238993	1239649	-	LNHIMF_01342	1	persistent	2	0	1
GEGEGB_01244	contig_1	1239676	1240692	-	LNHIMF_01343	1	persistent	2	0	0
GEGEGB_01245	contig_1	1240788	1242644	-	GEGEGB_01245	1	persistent	2	0	0
GEGEGB_01246	contig_1	1242818	1243369	+	GEGEGB_01246	1	persistent	2	0	0
GEGEGB_01247	contig_1	1243487	1244530	+	LNHIMF_01346	1	persistent	2	0	0
GEGEGB_01248	contig_1	1244535	1246484	+	GEGEGB_01248	1	persistent	2	0	0
GEGEGB_01249	contig_1	1246514	1247857	-	LNHIMF_01348	1	persistent	2	0	0
GEGEGB_01250	contig_1	1248096	1248371	+	LNHIMF_01349	1	persistent	2	0	0
GEGEGB_01251	contig_1	1248331	1248747	-	LNHIMF_01350	1	persistent	2	0	0
GEGEGB_01252	contig_1	1248820	1249698	-	GEGEGB_01252	1	persistent	2	0	0
GEGEGB_01253	contig_1	1250072	1251298	+	GEGEGB_01253	1	persistent	2	0	0
GEGEGB_01254	contig_1	1251289	1251906	+	LNHIMF_01353	2	persistent	2	0	0
GEGEGB_01255	contig_1	1251906	1252322	+	LNHIMF_01353	2	persistent	2	0	0
GEGEGB_01256	contig_1	1252319	1253605	+	HFCAGB_01981	1	persistent	2	0	0
GEGEGB_01257	contig_1	1253794	1255137	+	GEGEGB_01257	1	persistent	2	0	0
GEGEGB_01258	contig_1	1255130	1256098	+	LNHIMF_01356	1	persistent	2	0	0
GEGEGB_01259	contig_1	1256135	1256350	+	GEGEGB_01259	1	persistent	2	0	0
GEGEGB_01260	contig_1	1256434	1256919	+	LNHIMF_01358	1	persistent	2	0	0
GEGEGB_01261	contig_1	1256994	1257875	-	GEGEGB_01261	1	persistent	2	0	0
GEGEGB_01262	contig_1	1257996	1258823	-	GEGEGB_01262	1	persistent	2	0	0
GEGEGB_01263	contig_1	1259041	1259382	+	GEGEGB_01263	1	persistent	2	0	1
GEGEGB_01264	contig_1	1259683	1260003	+	GEGEGB_01264	1	persistent	2	0	0
GEGEGB_01265	contig_1	1260086	1261444	+	GEGEGB_01265	1	persistent	2	0	1
GEGEGB_01266	contig_1	1261495	1261842	+	GEGEGB_01266	1	persistent	2	0	0
GEGEGB_01267	contig_1	1261856	1262695	+	GEGEGB_01267	1	persistent	2	0	0
GEGEGB_01268	contig_1	1262820	1264175	+	LNHIMF_01366	1	persistent	2	0	0
GEGEGB_01269	contig_1	1264188	1264946	+	LNHIMF_01367	1	persistent	2	1	0
GEGEGB_01271	contig_1	1265128	1265586	+	GEGEGB_00250	25	shell	58	4	2
GEGEGB_01272	contig_1	1265703	1267955	-	LNHIMF_01368	1	persistent	2	1	0
GEGEGB_01273	contig_1	1268172	1268414	+	GEGEGB_01273	1	persistent	2	0	0
GEGEGB_01274	contig_1	1268517	1269908	-	LNHIMF_01370	1	persistent	2	0	0
GEGEGB_01275	contig_1	1270045	1270644	-	LNHIMF_01371	1	persistent	2	0	0
GEGEGB_01276	contig_1	1270782	1271450	-	LNHIMF_01372	1	persistent	2	0	0
GEGEGB_01277	contig_1	1271599	1272135	+	GEGEGB_01277	1	persistent	2	0	0
GEGEGB_01278	contig_1	1272178	1273038	-	GEGEGB_01278	1	persistent	2	0	0
GEGEGB_01279	contig_1	1273145	1273435	-	GEGEGB_01279	1	persistent	2	0	0
GEGEGB_01280	contig_1	1273532	1274464	-	LNHIMF_01376	1	persistent	2	0	0
GEGEGB_01281	contig_1	1274753	1275511	+	GEGEGB_01281	1	persistent	2	0	0
GEGEGB_01282	contig_1	1275560	1276519	-	GEGEGB_01282	1	persistent	3	0	0
GEGEGB_01283	contig_1	1276662	1276976	+	GEGEGB_01283	1	persistent	2	0	0
GEGEGB_01284	contig_1	1276973	1277536	+	LNHIMF_01380	1	persistent	3	1	1
GEGEGB_01285	contig_1	1278530	1279753	-	GEGEGB_01285	1	shell	2	1	0
GEGEGB_01286	contig_1	1279934	1280062	-	AJBGEP_01410	1	shell	1	1	0
GEGEGB_01287	contig_1	1280645	1282573	+	GEGEGB_01287	1	persistent	3	2	0
GEGEGB_01288	contig_1	1282685	1283119	+	GEGEGB_01288	1	persistent	2	0	0
GEGEGB_01289	contig_1	1283215	1283412	+	GEGEGB_01289	1	persistent	2	0	0
GEGEGB_01290	contig_1	1283463	1283819	+	GEGEGB_01290	1	persistent	2	0	0
GEGEGB_01291	contig_1	1283940	1283984	+	GEGEGB_01291	1	persistent	2	0	0
GEGEGB_01292	contig_1	1284121	1285104	+	GEGEGB_01292	1	persistent	2	0	0
GEGEGB_01293	contig_1	1285120	1287507	+	LNHIMF_01387	1	persistent	2	0	0
GEGEGB_01294	contig_1	1287512	1287811	+	GEGEGB_01294	1	persistent	2	0	0
GEGEGB_01296	contig_1	1288014	1288994	+	LNHIMF_01390	1	persistent	2	0	0
GEGEGB_01297	contig_1	1289086	1289637	+	GEGEGB_01297	1	persistent	2	0	0
GEGEGB_01298	contig_1	1289637	1290386	+	GEGEGB_01298	1	persistent	2	0	0
GEGEGB_01299	contig_1	1290463	1290927	+	LNHIMF_01393	1	persistent	2	0	0
GEGEGB_01300	contig_1	1291241	1291954	+	IKCLMC_04832	1	persistent	2	0	0
GEGEGB_01301	contig_1	1292016	1293458	+	GEGEGB_01301	1	persistent	2	0	0
GEGEGB_01302	contig_1	1293494	1293685	-	GEGEGB_01302	1	persistent	2	0	0
GEGEGB_01303	contig_1	1293842	1294888	-	LNHIMF_01397	1	persistent	2	0	0
GEGEGB_01304	contig_1	1295044	1295877	-	GEGEGB_01304	1	persistent	2	0	0
GEGEGB_01305	contig_1	1296214	1298592	+	GEGEGB_01305	1	persistent	2	0	1
GEGEGB_01306	contig_1	1298692	1299450	-	GEGEGB_01306	1	cloud	2	0	0
GEGEGB_01308	contig_1	1299803	1300921	-	LNHIMF_01414	1	persistent	2	0	1
GEGEGB_01309	contig_1	1301186	1304242	+	LNHIMF_01415	1	persistent	2	0	0
GEGEGB_01310	contig_1	1304239	1304649	+	GEGEGB_01310	1	persistent	2	0	0
GEGEGB_01311	contig_1	1304748	1304936	+	LNHIMF_01417	1	persistent	2	0	0
GEGEGB_01313	contig_1	1305224	1306570	-	LNHIMF_01419	1	persistent	2	0	0
GEGEGB_01314	contig_1	1306997	1307365	+	GEGEGB_01314	1	persistent	2	0	0
GEGEGB_01315	contig_1	1307374	1308861	+	LNHIMF_01421	1	persistent	2	0	0
GEGEGB_01316	contig_1	1308878	1309624	+	LNHIMF_01422	1	persistent	2	0	0
GEGEGB_01317	contig_1	1309599	1310870	+	LNHIMF_01423	1	persistent	2	0	0
GEGEGB_01318	contig_1	1310867	1312087	+	GEGEGB_01318	1	persistent	2	0	0
GEGEGB_01319	contig_1	1312100	1312516	+	GEGEGB_01319	1	persistent	2	0	1
GEGEGB_01320	contig_1	1312671	1313084	+	GEGEGB_01320	1	cloud	2	0	0
GEGEGB_01321	contig_1	1313069	1313671	+	LNHIMF_01426	1	persistent	2	0	3
GEGEGB_01322	contig_1	1313738	1313977	-	GEGEGB_01322	2	persistent	3	0	2
GEGEGB_01323	contig_1	1314060	1314296	-	GEGEGB_01322	2	persistent	3	0	2
GEGEGB_01324	contig_1	1314607	1316019	-	GEGEGB_01324	1	persistent	2	0	0
GEGEGB_01325	contig_1	1316421	1317764	-	LNHIMF_01430	1	persistent	2	0	1
GEGEGB_01326	contig_1	1317812	1318474	-	GEGEGB_01326	1	cloud	2	0	0
GEGEGB_01327	contig_1	1318533	1319270	-	LNHIMF_01432	1	persistent	2	0	1
GEGEGB_01328	contig_1	1319282	1319476	-	BEJGEH_01704	2	persistent	2	0	0
GEGEGB_01329	contig_1	1319457	1320500	-	BEJGEH_01704	2	persistent	2	0	0
GEGEGB_01330	contig_1	1320823	1323885	-	GEGEGB_01330	1	persistent	2	0	0
GEGEGB_01331	contig_1	1323878	1324900	-	LNHIMF_01435	1	persistent	2	0	0
GEGEGB_01332	contig_1	1324901	1325635	-	GEGEGB_01332	1	persistent	2	0	0
GEGEGB_01333	contig_1	1325817	1327595	+	GEGEGB_01333	1	persistent	2	0	0
GEGEGB_01334	contig_1	1327570	1328190	+	GEGEGB_01334	1	persistent	2	0	0
GEGEGB_01335	contig_1	1328288	1328500	+	GEGEGB_01335	1	persistent	2	0	0
GEGEGB_01336	contig_1	1328596	1329555	-	GEGEGB_01336	1	persistent	2	0	0
GEGEGB_01337	contig_1	1329727	1330455	-	GEGEGB_01337	1	persistent	2	0	0
GEGEGB_01338	contig_1	1330634	1331272	-	GEGEGB_01338	1	persistent	2	0	0
GEGEGB_01339	contig_1	1331303	1334065	-	LNHIMF_01443	1	persistent	2	0	0
GEGEGB_01340	contig_1	1334484	1334867	+	GEGEGB_01340	1	persistent	2	0	0
GEGEGB_01341	contig_1	1334869	1336362	+	LNHIMF_01445	1	persistent	2	0	0
GEGEGB_01342	contig_1	1336343	1337554	+	GEGEGB_01342	1	persistent	2	0	0
GEGEGB_01343	contig_1	1337562	1337804	+	GEGEGB_01343	1	persistent	2	0	0
GEGEGB_01344	contig_1	1338010	1338333	+	GEGEGB_01344	1	persistent	2	0	0
GEGEGB_01345	contig_1	1338340	1338930	+	GEGEGB_01345	1	persistent	2	0	0
GEGEGB_01346	contig_1	1338927	1339400	+	LNHIMF_01450	1	persistent	2	0	0
GEGEGB_01347	contig_1	1339403	1340857	+	LNHIMF_01451	1	persistent	2	0	0
GEGEGB_01348	contig_1	1340873	1341460	+	GEGEGB_01348	1	persistent	2	0	0
GEGEGB_01349	contig_1	1341463	1341879	+	GEGEGB_01349	1	persistent	2	0	0
GEGEGB_01350	contig_1	1341937	1342365	+	LNHIMF_01454	1	persistent	2	0	0
GEGEGB_01351	contig_1	1342381	1343163	+	HFCAGB_01878	1	persistent	2	0	0
GEGEGB_01352	contig_1	1343160	1343849	+	LNHIMF_01456	1	persistent	2	0	0
GEGEGB_01353	contig_1	1343943	1344158	+	GEGEGB_01353	1	persistent	2	0	0
GEGEGB_01354	contig_1	1344136	1344426	+	GEGEGB_01354	1	persistent	2	0	0
GEGEGB_01355	contig_1	1344423	1344686	+	LNHIMF_01459	1	persistent	2	0	0
GEGEGB_01356	contig_1	1344785	1345432	+	BEJGEH_01677	1	persistent	2	0	0
GEGEGB_01357	contig_1	1345747	1345998	+	GEGEGB_01357	1	persistent	2	0	0
GEGEGB_01358	contig_1	1345995	1346669	+	GEGEGB_01358	1	persistent	2	0	0
GEGEGB_01359	contig_1	1346659	1347651	+	LNHIMF_01463	1	persistent	2	0	0
GEGEGB_01360	contig_1	1347709	1348077	+	LNHIMF_01464	1	persistent	2	0	0
GEGEGB_01361	contig_1	1348062	1350107	+	LNHIMF_01465	1	persistent	2	0	1
GEGEGB_01362	contig_1	1350097	1351398	+	GEGEGB_01362	1	persistent	2	0	1
GEGEGB_01363	contig_1	1351401	1351778	+	LNHIMF_01467	1	persistent	2	0	0
GEGEGB_01364	contig_1	1351759	1352133	+	GEGEGB_01364	1	persistent	2	0	0
GEGEGB_01365	contig_1	1352114	1353082	+	LNHIMF_01469	1	persistent	2	0	0
GEGEGB_01366	contig_1	1353150	1353797	+	LNHIMF_01470	1	persistent	2	0	0
GEGEGB_01367	contig_1	1353794	1354060	+	GEGEGB_01367	1	persistent	2	0	0
GEGEGB_01368	contig_1	1354061	1354840	+	GEGEGB_01368	1	persistent	2	0	0
GEGEGB_01369	contig_1	1354837	1355895	+	GEGEGB_01369	1	persistent	2	0	0
GEGEGB_01372	contig_1	1356368	1357741	-	GEGEGB_01372	1	persistent	2	0	0
GEGEGB_01373	contig_1	1357958	1358599	+	GEGEGB_01373	1	persistent	2	0	0
GEGEGB_01374	contig_1	1358641	1359789	-	GEGEGB_01374	1	persistent	2	0	0
GEGEGB_01375	contig_1	1360078	1361283	-	LNHIMF_01479	1	persistent	2	0	0
GEGEGB_01376	contig_1	1361396	1362328	+	GEGEGB_01376	1	persistent	2	0	0
GEGEGB_01377	contig_1	1362325	1363350	-	GEGEGB_01377	1	persistent	2	0	0
GEGEGB_01379	contig_1	1363646	1363735	+	GEGEGB_01379	1	persistent	2	0	0
GEGEGB_01380	contig_1	1363818	1364399	-	GEGEGB_01380	1	persistent	2	0	0
GEGEGB_01381	contig_1	1364526	1365347	-	GEGEGB_01381	1	persistent	2	0	0
GEGEGB_01382	contig_1	1365682	1366029	+	GEGEGB_01382	1	persistent	2	0	0
GEGEGB_01383	contig_1	1366107	1366754	-	GEGEGB_01383	1	persistent	2	0	0
GEGEGB_01384	contig_1	1366855	1367262	-	GEGEGB_01384	1	persistent	2	0	0
GEGEGB_01385	contig_1	1367331	1368428	-	GEGEGB_01385	1	persistent	3	0	0
GEGEGB_01386	contig_1	1368487	1369086	-	GEGEGB_01386	1	persistent	3	0	0
GEGEGB_01387	contig_1	1369479	1370375	+	GEGEGB_01387	1	persistent	3	0	0
GEGEGB_01388	contig_1	1370455	1370976	+	GEGEGB_01388	1	persistent	2	0	0
GEGEGB_01389	contig_1	1370952	1372991	-	LNHIMF_01494	1	persistent	2	0	0
GEGEGB_01390	contig_1	1372991	1373851	-	GEGEGB_01390	1	persistent	2	0	0
GEGEGB_01391	contig_1	1373854	1374090	-	GEGEGB_01391	1	persistent	2	0	0
GEGEGB_01392	contig_1	1374291	1374725	+	GEGEGB_01392	1	persistent	2	0	0
GEGEGB_01393	contig_1	1374773	1375240	-	GEGEGB_01393	1	persistent	2	0	0
GEGEGB_01394	contig_1	1375513	1376634	+	GEGEGB_01394	1	persistent	2	0	0
GEGEGB_01395	contig_1	1376689	1376976	+	LNHIMF_01500	1	persistent	2	0	0
GEGEGB_01396	contig_1	1377110	1377766	+	GEGEGB_01396	1	persistent	2	0	0
GEGEGB_01397	contig_1	1377893	1379167	+	GEGEGB_01397	1	persistent	2	0	0
GEGEGB_01398	contig_1	1379227	1379913	+	LNHIMF_01503	1	persistent	2	0	0
GEGEGB_01399	contig_1	1379916	1380521	-	LNHIMF_01504	1	persistent	2	0	0
GEGEGB_01400	contig_1	1380626	1382131	-	BEJGEH_01633	1	persistent	2	0	0
GEGEGB_01401	contig_1	1382732	1383367	-	LNHIMF_01506	1	persistent	2	0	0
GEGEGB_01402	contig_1	1383367	1384059	-	GEGEGB_01402	1	persistent	2	0	0
GEGEGB_01403	contig_1	1384062	1384682	-	GEGEGB_01403	1	persistent	2	0	0
GEGEGB_01404	contig_1	1384686	1385744	-	GEGEGB_01404	1	persistent	2	0	0
GEGEGB_01405	contig_1	1385745	1387766	-	BEJGEH_01628	1	persistent	2	0	0
GEGEGB_01406	contig_1	1387759	1388337	-	GEGEGB_01406	1	persistent	2	0	0
GEGEGB_01407	contig_1	1388337	1388918	-	GEGEGB_01407	1	persistent	2	0	0
GEGEGB_01408	contig_1	1388995	1389435	-	GEGEGB_01408	1	persistent	2	0	0
GEGEGB_01409	contig_1	1389524	1389739	-	GEGEGB_01409	1	persistent	2	0	0
GEGEGB_01410	contig_1	1390371	1391411	+	GEGEGB_01410	1	persistent	2	0	0
GEGEGB_01411	contig_1	1391485	1392486	-	GEGEGB_01411	1	persistent	2	0	2
GEGEGB_01412	contig_1	1392853	1393089	-	GEGEGB_01412	1	cloud	2	0	0
GEGEGB_01413	contig_1	1393192	1394700	-	GEGEGB_01413	1	persistent	2	0	2
GEGEGB_01414	contig_1	1394803	1395978	-	GEGEGB_01414	1	persistent	2	0	0
GEGEGB_01415	contig_1	1396178	1397824	+	GEGEGB_01415	2	persistent	4	0	0
GEGEGB_01416	contig_1	1397992	1399395	+	LNHIMF_01523	1	persistent	2	0	0
GEGEGB_01417	contig_1	1399392	1400321	-	LNHIMF_01524	1	persistent	2	0	1
GEGEGB_01418	contig_1	1400397	1401698	-	LNHIMF_01525	1	persistent	2	0	1
GEGEGB_01419	contig_1	1401809	1403509	-	LNHIMF_01526	1	persistent	2	0	0
GEGEGB_01420	contig_1	1403668	1404819	-	LNHIMF_01527	1	persistent	2	0	0
GEGEGB_01421	contig_1	1405300	1406031	-	LNHIMF_01528	1	persistent	2	0	0
GEGEGB_01422	contig_1	1406158	1406493	+	GEGEGB_01422	1	persistent	2	0	0
GEGEGB_01423	contig_1	1406555	1407937	-	GEGEGB_01423	1	persistent	2	0	2
GEGEGB_01424	contig_1	1408218	1408790	-	GEGEGB_02813	3	cloud	2	0	6
GEGEGB_01425	contig_1	1408967	1409335	+	GEGEGB_01425	1	cloud	0	0	2
GEGEGB_01426	contig_1	1409849	1410466	+	GEGEGB_01426	1	cloud	0	0	2
GEGEGB_01427	contig_1	1410960	1411985	-	GEGEGB_01427	1	cloud	0	0	2
GEGEGB_01428	contig_1	1411988	1412566	-	GEGEGB_01428	1	cloud	0	0	2
GEGEGB_01429	contig_1	1412559	1413662	-	GEGEGB_01429	1	cloud	0	0	2
GEGEGB_01430	contig_1	1413722	1413988	+	GEGEGB_01430	1	cloud	0	0	2
GEGEGB_01431	contig_1	1414057	1414584	-	GEGEGB_01431	1	cloud	0	0	2
GEGEGB_01432	contig_1	1414581	1415735	-	GEGEGB_01432	1	cloud	0	0	2
GEGEGB_01433	contig_1	1415723	1415935	-	GEGEGB_01433	1	cloud	0	0	2
GEGEGB_01434	contig_1	1415935	1416819	-	GEGEGB_01434	1	cloud	0	0	2
GEGEGB_01435	contig_1	1416819	1419284	-	GEGEGB_01435	1	cloud	0	0	2
GEGEGB_01436	contig_1	1419378	1419515	-	GEGEGB_01436	1	cloud	0	0	2
GEGEGB_01437	contig_1	1419460	1419795	-	GEGEGB_01437	1	cloud	0	0	2
GEGEGB_01438	contig_1	1419893	1420174	-	GEGEGB_01438	1	cloud	0	0	2
GEGEGB_01439	contig_1	1420177	1420698	-	GEGEGB_01439	1	cloud	0	0	2
GEGEGB_01440	contig_1	1420698	1422125	-	GEGEGB_01440	1	cloud	0	0	2
GEGEGB_01441	contig_1	1422115	1422366	-	GEGEGB_01441	1	cloud	0	0	2
GEGEGB_01442	contig_1	1422366	1422830	-	GEGEGB_01442	1	cloud	0	0	2
GEGEGB_01443	contig_1	1422830	1423276	-	GEGEGB_01443	1	cloud	0	0	2
GEGEGB_01444	contig_1	1423278	1423616	-	GEGEGB_01444	1	cloud	0	0	2
GEGEGB_01445	contig_1	1423626	1424579	-	GEGEGB_01445	1	cloud	0	0	2
GEGEGB_01446	contig_1	1424594	1425709	-	GEGEGB_01446	1	cloud	0	0	2
GEGEGB_01447	contig_1	1425924	1426382	-	GEGEGB_01447	1	cloud	0	0	2
GEGEGB_01448	contig_1	1426385	1427206	-	GEGEGB_01448	1	cloud	0	0	2
GEGEGB_01449	contig_1	1427187	1428683	-	GEGEGB_01449	1	cloud	0	0	2
GEGEGB_01450	contig_1	1428683	1430278	-	GEGEGB_01450	1	cloud	0	0	2
GEGEGB_01451	contig_1	1430275	1430820	-	GEGEGB_01451	1	cloud	0	0	2
GEGEGB_01452	contig_1	1430820	1431131	-	GEGEGB_01452	1	cloud	0	0	2
GEGEGB_01453	contig_1	1431131	1431457	-	GEGEGB_01453	1	cloud	0	0	2
GEGEGB_01454	contig_1	1431454	1432104	-	GEGEGB_01454	1	cloud	0	0	2
GEGEGB_01455	contig_1	1432088	1432816	-	GEGEGB_01455	1	cloud	0	0	2
GEGEGB_01456	contig_1	1432819	1433169	-	GEGEGB_01456	1	cloud	0	0	2
GEGEGB_01457	contig_1	1433413	1433943	-	GEGEGB_01457	1	cloud	0	0	2
GEGEGB_01458	contig_1	1434005	1434436	+	GEGEGB_01458	1	cloud	0	0	2
GEGEGB_01459	contig_1	1434446	1434610	+	GEGEGB_01459	1	cloud	0	0	2
GEGEGB_01460	contig_1	1434614	1436383	+	GEGEGB_01460	1	cloud	0	0	2
GEGEGB_01461	contig_1	1436394	1437560	+	GEGEGB_01461	1	cloud	0	0	2
GEGEGB_01462	contig_1	1437563	1437832	+	GEGEGB_01462	1	cloud	0	0	2
GEGEGB_01463	contig_1	1437860	1438390	+	GEGEGB_01463	1	cloud	0	0	2
GEGEGB_01464	contig_1	1438488	1438682	+	GEGEGB_01464	1	cloud	0	0	2
GEGEGB_01465	contig_1	1438679	1438951	+	GEGEGB_01465	1	cloud	0	0	2
GEGEGB_01466	contig_1	1438961	1439263	+	GEGEGB_01466	1	cloud	0	0	2
GEGEGB_01467	contig_1	1439260	1439643	+	GEGEGB_01467	1	cloud	0	0	2
GEGEGB_01468	contig_1	1439636	1439851	+	GEGEGB_01468	1	cloud	0	0	2
GEGEGB_01469	contig_1	1439848	1440531	+	GEGEGB_01469	1	cloud	0	0	2
GEGEGB_01470	contig_1	1440528	1440758	+	GEGEGB_01470	1	cloud	0	0	2
GEGEGB_01471	contig_1	1440953	1441405	+	GEGEGB_01471	1	cloud	0	0	2
GEGEGB_01472	contig_1	1441377	1441766	+	GEGEGB_01472	1	cloud	1	0	1
GEGEGB_01473	contig_1	1441948	1442892	-	LNHIMF_01531	1	persistent	2	0	2
GEGEGB_01474	contig_1	1443419	1444948	+	GEGEGB_01474	1	persistent	2	0	0
GEGEGB_01475	contig_1	1444959	1446347	+	GEGEGB_01475	1	persistent	2	0	0
GEGEGB_01476	contig_1	1446522	1447556	-	GEGEGB_01476	1	persistent	2	0	0
GEGEGB_01477	contig_1	1447973	1448335	+	GEGEGB_01477	1	persistent	2	0	0
GEGEGB_01478	contig_1	1448322	1448651	+	GEGEGB_01478	1	persistent	2	0	0
GEGEGB_01479	contig_1	1448686	1449507	-	GEGEGB_01479	1	persistent	2	0	0
GEGEGB_01480	contig_1	1449776	1450027	-	GEGEGB_01480	1	persistent	2	0	1
GEGEGB_01481	contig_1	1450263	1450355	+	GEGEGB_01481	1	cloud	1	0	1
GEGEGB_01482	contig_1	1450352	1450603	+	GEGEGB_00636	5	cloud	4	1	1
GEGEGB_01484	contig_1	1450560	1451018	+	GEGEGB_00250	25	shell	58	4	2
GEGEGB_01485	contig_1	1451133	1452386	-	GEGEGB_01485	1	persistent	2	1	0
GEGEGB_01486	contig_1	1452506	1453405	+	LNHIMF_01540	1	persistent	2	0	0
GEGEGB_01487	contig_1	1453533	1454753	+	LNHIMF_01541	1	persistent	2	0	0
GEGEGB_01488	contig_1	1454879	1455574	+	LNHIMF_01542	1	persistent	2	0	0
GEGEGB_01489	contig_1	1455530	1456783	-	LNHIMF_01543	1	persistent	2	0	0
GEGEGB_01490	contig_1	1456955	1458103	-	GEGEGB_01490	1	persistent	2	0	0
GEGEGB_01491	contig_1	1458103	1458750	-	GEGEGB_01491	1	persistent	2	0	0
GEGEGB_01492	contig_1	1458760	1459662	-	GEGEGB_01492	1	persistent	2	0	0
GEGEGB_01493	contig_1	1459691	1460401	-	GEGEGB_01493	1	persistent	2	0	0
GEGEGB_01494	contig_1	1460706	1461320	-	LNHIMF_01548	1	persistent	2	0	0
GEGEGB_01495	contig_1	1461363	1462217	-	LNHIMF_01549	1	persistent	2	0	0
GEGEGB_01496	contig_1	1462219	1462836	-	GEGEGB_01496	2	persistent	4	0	0
GEGEGB_01497	contig_1	1462847	1465282	-	AJBGEP_01578	1	persistent	2	0	0
GEGEGB_01498	contig_1	1465384	1467822	-	LNHIMF_01552	1	persistent	2	0	1
GEGEGB_01499	contig_1	1468064	1468285	-	GEGEGB_01499	1	cloud	2	0	0
GEGEGB_01500	contig_1	1468383	1469102	+	OEKLIE_00834	1	persistent	2	0	1
GEGEGB_01501	contig_1	1469143	1469703	-	LNHIMF_01555	1	persistent	2	0	0
GEGEGB_01502	contig_1	1469739	1470080	-	GEGEGB_01502	1	persistent	2	0	0
GEGEGB_01503	contig_1	1470224	1470559	+	LNHIMF_01557	1	persistent	2	0	0
GEGEGB_01504	contig_1	1470681	1471895	+	LNHIMF_01558	1	persistent	2	0	0
GEGEGB_01505	contig_1	1471906	1472769	+	GEGEGB_01505	1	persistent	2	0	1
GEGEGB_01506	contig_1	1472823	1474202	+	GEGEGB_01506	1	persistent	2	0	1
GEGEGB_01507	contig_1	1474346	1474891	+	BEJGEH_01578	2	persistent	2	0	0
GEGEGB_01508	contig_1	1474898	1475812	+	BEJGEH_01578	2	persistent	2	0	0
GEGEGB_01509	contig_1	1475879	1476082	-	GEGEGB_01509	1	persistent	2	0	0
GEGEGB_01510	contig_1	1476263	1476949	-	GEGEGB_01510	1	persistent	2	0	0
GEGEGB_01511	contig_1	1477079	1477825	-	GEGEGB_01511	1	persistent	2	0	0
GEGEGB_01512	contig_1	1477964	1480006	+	LNHIMF_01565	1	persistent	3	0	0
GEGEGB_01513	contig_1	1480351	1480533	+	GEGEGB_01513	3	persistent	6	0	0
GEGEGB_01514	contig_1	1480653	1481180	-	LNHIMF_01567	1	persistent	3	0	0
GEGEGB_01515	contig_1	1481607	1481963	+	LNHIMF_01568	1	persistent	2	0	0
GEGEGB_01517	contig_1	1482328	1482423	-	GEGEGB_01517	1	persistent	2	0	0
GEGEGB_01518	contig_1	1482671	1483858	-	LNHIMF_01571	1	persistent	2	0	0
GEGEGB_01519	contig_1	1484086	1484988	+	GEGEGB_01519	1	persistent	2	0	0
GEGEGB_01520	contig_1	1485107	1485316	-	GEGEGB_01520	1	persistent	2	0	0
GEGEGB_01521	contig_1	1485351	1485734	-	GEGEGB_01521	1	persistent	2	0	0
GEGEGB_01522	contig_1	1485754	1486188	-	GEGEGB_01522	1	persistent	2	0	0
GEGEGB_01523	contig_1	1486447	1487112	+	GEGEGB_01523	1	persistent	2	0	0
GEGEGB_01524	contig_1	1487159	1488349	-	GEGEGB_01524	1	persistent	2	0	0
GEGEGB_01525	contig_1	1488465	1489337	-	LNHIMF_01578	1	persistent	2	0	0
GEGEGB_01526	contig_1	1489440	1490828	+	LNHIMF_01579	1	persistent	2	0	0
GEGEGB_01527	contig_1	1490901	1491827	+	LNHIMF_01580	1	persistent	2	0	0
GEGEGB_01528	contig_1	1491827	1492186	+	BEJGEH_01558	1	persistent	2	0	0
GEGEGB_01529	contig_1	1492409	1493356	+	GEGEGB_01529	1	persistent	2	0	0
GEGEGB_01530	contig_1	1493412	1493939	-	LNHIMF_01583	1	persistent	2	0	0
GEGEGB_01532	contig_1	1494672	1495097	+	LNHIMF_01585	1	persistent	3	0	0
GEGEGB_01533	contig_1	1495056	1495826	-	BEJGEH_01552	1	persistent	3	0	0
GEGEGB_01534	contig_1	1495814	1496875	-	LNHIMF_01588	1	persistent	2	0	0
GEGEGB_01535	contig_1	1496893	1497303	-	GEGEGB_01535	1	persistent	2	0	0
GEGEGB_01536	contig_1	1497300	1497599	-	LNHIMF_01590	1	persistent	2	0	0
GEGEGB_01537	contig_1	1497599	1498207	-	GEGEGB_01537	1	persistent	2	0	0
GEGEGB_01538	contig_1	1498213	1498887	-	GEGEGB_01538	1	persistent	2	0	0
GEGEGB_01539	contig_1	1498907	1500136	-	LNHIMF_01593	2	persistent	2	0	0
GEGEGB_01540	contig_1	1500176	1500709	-	LNHIMF_01593	2	persistent	2	0	0
GEGEGB_01541	contig_1	1500712	1501815	-	LNHIMF_01594	1	persistent	2	0	1
GEGEGB_01542	contig_1	1502246	1503334	+	GEGEGB_01542	1	persistent	2	0	1
GEGEGB_01543	contig_1	1503500	1504171	+	GEGEGB_01543	1	persistent	2	0	0
GEGEGB_01544	contig_1	1504230	1505255	-	GEGEGB_01544	1	persistent	2	0	0
GEGEGB_01545	contig_1	1505230	1506516	-	LNHIMF_01598	1	persistent	2	0	0
GEGEGB_01546	contig_1	1506693	1508183	-	BEJGEH_01540	1	persistent	2	0	1
GEGEGB_01547	contig_1	1508319	1509560	-	LNHIMF_01600	1	persistent	2	0	0
GEGEGB_01548	contig_1	1509550	1509858	-	BEJGEH_01538	2	persistent	2	0	0
GEGEGB_01549	contig_1	1510038	1510712	-	BEJGEH_01538	2	persistent	2	0	0
GEGEGB_01550	contig_1	1510757	1511245	+	LNHIMF_01602	1	persistent	2	0	0
GEGEGB_01551	contig_1	1511427	1512506	+	LNHIMF_01603	1	persistent	2	0	1
GEGEGB_01552	contig_1	1512956	1513255	+	GEGEGB_01552	1	cloud	1	0	1
GEGEGB_01553	contig_1	1513186	1513389	-	GEGEGB_01553	1	cloud	0	1	1
GEGEGB_01554	contig_1	1513370	1514539	-	BEJGEH_01524	1	shell	2	0	5
GEGEGB_01555	contig_1	1514810	1515343	+	LNHIMF_01616	1	persistent	2	1	0
GEGEGB_01556	contig_1	1515303	1516484	+	PAPNPA_03909	1	persistent	2	0	0
GEGEGB_01557	contig_1	1516861	1518672	-	HFCAGB_01727	1	persistent	2	0	0
GEGEGB_01558	contig_1	1518729	1521257	-	LNHIMF_01619	1	persistent	2	0	0
GEGEGB_01559	contig_1	1521254	1523038	-	LNHIMF_01620	1	persistent	2	0	0
GEGEGB_01560	contig_1	1523167	1523952	-	LNHIMF_01621	1	persistent	2	0	0
GEGEGB_01561	contig_1	1524095	1524424	-	GEGEGB_01561	1	persistent	2	0	1
GEGEGB_01562	contig_1	1525193	1525828	+	ALJMDI_03382	1	cloud	1	0	1
GEGEGB_01563	contig_1	1525959	1526870	+	LNHIMF_01624	1	cloud	1	0	1
GEGEGB_01564	contig_1	1526991	1527422	-	GEGEGB_01564	1	persistent	2	0	1
GEGEGB_01565	contig_1	1527934	1528149	+	GEGEGB_01565	1	persistent	2	0	0
GEGEGB_01566	contig_1	1528244	1528387	+	GEGEGB_01566	1	persistent	2	0	0
GEGEGB_01567	contig_1	1528564	1530261	+	GEGEGB_01567	1	persistent	2	0	0
GEGEGB_01568	contig_1	1530543	1531553	+	GEGEGB_01568	1	persistent	3	0	0
GEGEGB_01569	contig_1	1531534	1532667	-	LNHIMF_01632	1	persistent	4	0	0
GEGEGB_01570	contig_1	1532732	1533034	+	LNHIMF_01635	1	persistent	3	0	0
GEGEGB_01571	contig_1	1533195	1534682	-	LNHIMF_01636	1	persistent	2	0	0
GEGEGB_01572	contig_1	1534800	1535378	+	AJBGEP_01662	1	persistent	2	0	0
GEGEGB_01573	contig_1	1535593	1536981	+	LNHIMF_01638	1	persistent	2	0	0
GEGEGB_01574	contig_1	1537073	1540801	+	BEJGEH_01498	1	persistent	2	0	0
GEGEGB_01575	contig_1	1540798	1542342	+	GEGEGB_01575	2	persistent	4	0	0
GEGEGB_01576	contig_1	1542342	1542980	+	BEJGEH_01496	1	persistent	3	0	0
GEGEGB_01577	contig_1	1543076	1543969	+	GEGEGB_01577	1	persistent	3	0	0
GEGEGB_01578	contig_1	1544005	1544850	-	LNHIMF_01644	1	persistent	2	0	0
GEGEGB_01579	contig_1	1545133	1545765	-	LNHIMF_01645	1	persistent	2	0	0
GEGEGB_01580	contig_1	1546278	1547771	+	GEGEGB_01580	1	persistent	2	0	0
GEGEGB_01581	contig_1	1547848	1548069	-	GEGEGB_01581	1	persistent	2	0	0
GEGEGB_01582	contig_1	1548214	1549275	-	GEGEGB_01582	1	persistent	2	0	0
GEGEGB_01583	contig_1	1549494	1551659	+	LNHIMF_01649	1	persistent	2	0	0
GEGEGB_01584	contig_1	1551715	1552380	-	GEGEGB_01584	1	persistent	2	0	0
GEGEGB_01585	contig_1	1552714	1553751	-	LNHIMF_01651	1	persistent	2	0	0
GEGEGB_01586	contig_1	1553963	1554478	+	LNHIMF_01652	1	persistent	2	0	0
GEGEGB_01587	contig_1	1554478	1554927	+	GEGEGB_01587	1	persistent	2	0	0
GEGEGB_01588	contig_1	1554932	1555165	-	LNHIMF_01654	1	persistent	2	0	0
GEGEGB_01589	contig_1	1555389	1556714	+	HFCAGB_01692	1	persistent	2	0	0
GEGEGB_01590	contig_1	1556719	1559700	+	GEGEGB_01590	1	persistent	2	0	0
GEGEGB_01591	contig_1	1559697	1561844	+	LNHIMF_01657	1	persistent	3	0	0
GEGEGB_01592	contig_1	1562325	1563749	-	LNHIMF_01659	1	persistent	3	0	0
GEGEGB_01593	contig_1	1563885	1565309	-	LNHIMF_01660	1	persistent	2	0	0
GEGEGB_01594	contig_1	1565445	1566215	-	LNHIMF_01661	1	persistent	2	0	0
GEGEGB_01595	contig_1	1566741	1567139	-	GEGEGB_01595	1	persistent	1	1	2
GEGEGB_01596	contig_1	1567828	1568001	+	GEGEGB_01596	1	shell	1	1	0
GEGEGB_01597	contig_1	1567998	1568618	+	GEGEGB_01597	1	shell	1	1	0
GEGEGB_01598	contig_1	1568892	1569122	+	GEGEGB_01598	1	persistent	1	1	1
GEGEGB_01599	contig_1	1569123	1571087	-	LNHIMF_01665	1	persistent	2	0	0
GEGEGB_01600	contig_1	1571166	1571702	-	GEGEGB_01600	1	persistent	2	0	0
GEGEGB_01601	contig_1	1571794	1572972	+	LNHIMF_01667	1	persistent	2	0	0
GEGEGB_01602	contig_1	1573026	1573694	-	LNHIMF_01668	1	persistent	2	0	0
GEGEGB_01603	contig_1	1573850	1574446	-	LNHIMF_01669	1	persistent	2	0	0
GEGEGB_01604	contig_1	1574433	1575446	-	LNHIMF_01670	1	persistent	2	0	0
GEGEGB_01605	contig_1	1575553	1576533	+	LNHIMF_01671	1	persistent	2	0	0
GEGEGB_01606	contig_1	1576530	1577069	-	GEGEGB_01606	1	persistent	2	0	0
GEGEGB_01607	contig_1	1577286	1578404	+	LNHIMF_01673	1	persistent	2	0	0
GEGEGB_01608	contig_1	1578401	1578682	+	GEGEGB_01608	1	persistent	2	0	0
GEGEGB_01609	contig_1	1578693	1580006	+	GEGEGB_01609	1	persistent	2	0	0
GEGEGB_01610	contig_1	1580020	1580826	+	LNHIMF_01676	1	persistent	2	0	0
GEGEGB_01611	contig_1	1580958	1581395	+	GEGEGB_01611	1	persistent	2	0	0
GEGEGB_01612	contig_1	1581407	1582039	+	GEGEGB_01612	1	persistent	2	0	0
GEGEGB_01613	contig_1	1582055	1582846	+	GEGEGB_01613	1	persistent	2	0	0
GEGEGB_01614	contig_1	1582846	1583364	+	BEJGEH_01457	1	persistent	2	0	1
GEGEGB_01615	contig_1	1583338	1584540	-	HFCAGB_01665	1	persistent	2	0	0
GEGEGB_01616	contig_1	1584552	1585118	-	LNHIMF_01682	1	persistent	2	0	1
GEGEGB_01617	contig_1	1585323	1586942	-	GEGEGB_01617	1	persistent	2	0	0
GEGEGB_01618	contig_1	1587198	1588706	-	LNHIMF_01684	1	persistent	2	0	0
GEGEGB_01619	contig_1	1588755	1589834	-	LNHIMF_01685	1	persistent	3	0	0
GEGEGB_01620	contig_1	1590117	1590461	-	LNHIMF_01692	1	persistent	3	0	0
GEGEGB_01621	contig_1	1591379	1592140	+	GEGEGB_01621	1	persistent	2	0	0
GEGEGB_01622	contig_1	1592162	1592794	+	ALJMDI_03455	1	persistent	2	0	0
GEGEGB_01623	contig_1	1592819	1593550	+	LNHIMF_01695	1	persistent	2	0	0
GEGEGB_01624	contig_1	1593547	1594227	+	GEGEGB_01624	1	persistent	2	0	0
GEGEGB_01625	contig_1	1594364	1595914	+	LNHIMF_01697	1	persistent	2	0	0
GEGEGB_01626	contig_1	1595915	1596010	-	GEGEGB_01626	1	persistent	2	0	0
GEGEGB_01627	contig_1	1596378	1597040	+	GEGEGB_01627	1	persistent	2	0	0
GEGEGB_01629	contig_1	1597311	1597676	-	LNHIMF_01701	2	persistent	2	0	0
GEGEGB_01630	contig_1	1597722	1597841	-	LNHIMF_01701	2	persistent	2	0	0
GEGEGB_01631	contig_1	1597958	1598758	-	GEGEGB_01631	1	persistent	2	0	0
GEGEGB_01632	contig_1	1598822	1602742	-	LNHIMF_01703	1	persistent	2	0	0
GEGEGB_01633	contig_1	1602925	1603530	+	GEGEGB_01633	1	persistent	2	0	0
GEGEGB_01634	contig_1	1603527	1603976	-	GEGEGB_01634	1	persistent	2	0	0
GEGEGB_01635	contig_1	1604119	1604442	-	LNHIMF_01706	1	persistent	2	0	0
GEGEGB_01636	contig_1	1604450	1604641	-	GEGEGB_01636	1	persistent	2	0	0
GEGEGB_01637	contig_1	1604641	1605009	-	BEJGEH_01424	2	persistent	2	0	0
GEGEGB_01638	contig_1	1604963	1607278	-	BEJGEH_01424	2	persistent	2	0	0
GEGEGB_01639	contig_1	1607545	1608534	+	GEGEGB_01639	1	persistent	2	0	0
GEGEGB_01640	contig_1	1608645	1609055	+	GEGEGB_01640	1	persistent	2	0	0
GEGEGB_01641	contig_1	1609099	1609365	-	GEGEGB_01641	1	persistent	2	0	0
GEGEGB_01642	contig_1	1609641	1613165	+	GEGEGB_01642	1	persistent	2	1	0
GEGEGB_01643	contig_1	1613303	1613761	-	GEGEGB_00250	25	shell	58	4	2
GEGEGB_01644	contig_1	1613718	1613921	-	GEGEGB_00636	5	cloud	4	1	1
GEGEGB_01647	contig_1	1614358	1614792	+	GEGEGB_01647	1	persistent	2	0	1
GEGEGB_01648	contig_1	1614845	1615183	-	GEGEGB_01648	1	persistent	2	0	2
GEGEGB_01649	contig_1	1615730	1617289	-	GEGEGB_01649	1	cloud	2	0	0
GEGEGB_01650	contig_1	1617977	1618912	+	GEGEGB_01650	1	persistent	2	0	2
GEGEGB_01651	contig_1	1618956	1620206	-	HFCAGB_01626	1	persistent	2	0	0
GEGEGB_01654	contig_1	1620817	1621800	-	LNHIMF_01720	1	persistent	2	0	0
GEGEGB_01655	contig_1	1621946	1623100	-	LNHIMF_01721	1	persistent	2	0	0
GEGEGB_01656	contig_1	1623511	1624074	-	LNHIMF_01722	1	persistent	2	0	0
GEGEGB_01657	contig_1	1624332	1624847	+	GEGEGB_01657	1	persistent	2	0	0
GEGEGB_01658	contig_1	1625043	1625795	+	LNHIMF_01724	1	persistent	2	0	0
GEGEGB_01659	contig_1	1625946	1626893	+	LNHIMF_01725	1	persistent	2	0	0
GEGEGB_01660	contig_1	1626948	1627202	-	GEGEGB_01660	1	persistent	2	0	0
GEGEGB_01661	contig_1	1627441	1628472	+	GEGEGB_01661	1	persistent	2	0	0
GEGEGB_01662	contig_1	1628558	1629160	-	GEGEGB_01662	1	persistent	2	0	0
GEGEGB_01663	contig_1	1629204	1629890	+	LNHIMF_01729	1	persistent	3	0	0
GEGEGB_01664	contig_1	1629918	1630256	+	GEGEGB_01664	1	persistent	2	0	0
GEGEGB_01665	contig_1	1630362	1630880	-	LNHIMF_01731	1	persistent	3	0	2
GEGEGB_01666	contig_1	1631018	1631845	-	BEJGEH_01400	1	persistent	2	0	0
GEGEGB_01667	contig_1	1631872	1633854	-	LNHIMF_01733	1	persistent	2	0	2
GEGEGB_01668	contig_1	1633929	1634774	-	LNHIMF_01734	1	persistent	2	0	0
GEGEGB_01669	contig_1	1635077	1635928	+	LNHIMF_01735	1	persistent	2	0	0
GEGEGB_01670	contig_1	1636184	1637428	+	BEJGEH_01396	1	persistent	2	0	0
GEGEGB_01671	contig_1	1637642	1637878	-	GEGEGB_01671	1	persistent	2	0	0
GEGEGB_01672	contig_1	1638007	1638597	-	GEGEGB_01672	1	persistent	2	0	0
GEGEGB_01673	contig_1	1638675	1639388	+	GEGEGB_01673	1	persistent	2	0	0
GEGEGB_01674	contig_1	1639479	1640315	-	ALJMDI_03500	1	persistent	2	0	0
GEGEGB_01675	contig_1	1640625	1641530	-	LNHIMF_01741	1	persistent	2	0	0
GEGEGB_01676	contig_1	1641649	1642578	+	LNHIMF_01742	1	persistent	2	0	0
GEGEGB_01677	contig_1	1642675	1644288	-	BEJGEH_01389	1	persistent	2	0	0
GEGEGB_01678	contig_1	1644478	1645206	+	GEGEGB_01678	1	persistent	2	0	0
GEGEGB_01679	contig_1	1645181	1646146	-	LNHIMF_01745	1	persistent	2	0	0
GEGEGB_01680	contig_1	1646262	1646768	+	LNHIMF_01746	1	persistent	2	1	1
GEGEGB_01681	contig_1	1646818	1647045	+	GEGEGB_00636	5	cloud	4	1	1
GEGEGB_01683	contig_1	1647002	1647460	+	GEGEGB_00250	25	shell	58	4	2
GEGEGB_01684	contig_1	1647573	1649114	-	GEGEGB_01684	1	persistent	2	1	0
GEGEGB_01685	contig_1	1649262	1650323	-	LNHIMF_01748	1	persistent	2	0	0
GEGEGB_01686	contig_1	1650320	1651717	-	GEGEGB_01686	1	persistent	2	0	0
GEGEGB_01687	contig_1	1651866	1652180	-	GEGEGB_01687	1	persistent	2	0	1
GEGEGB_01688	contig_1	1652256	1652474	-	GEGEGB_01688	1	persistent	2	0	0
GEGEGB_01689	contig_1	1652497	1652856	-	LNHIMF_01752	1	persistent	2	0	1
GEGEGB_01690	contig_1	1652856	1653080	-	GEGEGB_01690	1	persistent	2	0	0
GEGEGB_01691	contig_1	1653140	1653808	-	GEGEGB_01691	1	persistent	2	0	0
GEGEGB_01692	contig_1	1653979	1654959	+	LNHIMF_01755	1	persistent	2	0	0
GEGEGB_01693	contig_1	1655071	1656720	+	LNHIMF_01756	1	persistent	2	0	0
GEGEGB_01694	contig_1	1656717	1657682	+	GEGEGB_01694	1	persistent	2	0	1
GEGEGB_01695	contig_1	1658083	1658244	+	GEGEGB_01695	1	cloud	1	0	1
GEGEGB_01696	contig_1	1658647	1659072	-	ALJMDI_03519	1	cloud	0	0	3
GEGEGB_01697	contig_1	1659832	1660101	-	GEGEGB_01697	1	cloud	0	0	2
GEGEGB_01698	contig_1	1660437	1660931	+	GEGEGB_01698	1	cloud	1	0	1
GEGEGB_01699	contig_1	1661741	1662631	+	GEGEGB_01699	1	persistent	2	0	2
GEGEGB_01700	contig_1	1662631	1663623	+	GEGEGB_01700	1	persistent	2	0	0
GEGEGB_01701	contig_1	1663625	1664431	+	LNHIMF_01764	1	persistent	2	0	0
GEGEGB_01702	contig_1	1664447	1665154	-	LNHIMF_01765	1	persistent	2	0	0
GEGEGB_01703	contig_1	1665621	1667003	-	HFCAGB_01582	1	persistent	2	0	0
GEGEGB_01704	contig_1	1667609	1668397	+	GEGEGB_01704	1	persistent	2	0	0
GEGEGB_01705	contig_1	1668597	1669517	+	BEJGEH_01368	1	persistent	2	0	0
GEGEGB_01706	contig_1	1669819	1671753	+	LNHIMF_01769	1	persistent	2	0	0
GEGEGB_01707	contig_1	1672015	1673997	+	LNHIMF_01770	1	persistent	2	0	0
GEGEGB_01708	contig_1	1674119	1674298	+	GEGEGB_01708	1	persistent	2	0	0
GEGEGB_01709	contig_1	1674415	1675137	+	GEGEGB_01709	1	persistent	2	0	0
GEGEGB_01710	contig_1	1675398	1675616	+	LNHIMF_01773	1	persistent	2	0	0
GEGEGB_01711	contig_1	1675736	1676062	-	GEGEGB_01711	1	persistent	2	0	0
GEGEGB_01712	contig_1	1676062	1676799	-	GEGEGB_01712	1	persistent	2	0	0
GEGEGB_01713	contig_1	1676990	1678159	-	GEGEGB_01713	1	persistent	2	0	0
GEGEGB_01714	contig_1	1678166	1678474	-	GEGEGB_01714	1	persistent	2	0	0
GEGEGB_01715	contig_1	1678624	1679388	-	GEGEGB_01715	1	persistent	2	0	0
GEGEGB_01716	contig_1	1679584	1680174	+	GEGEGB_01716	1	persistent	2	0	0
GEGEGB_01717	contig_1	1680230	1682905	-	LNHIMF_01780	1	persistent	2	0	0
GEGEGB_01719	contig_1	1683461	1683589	-	GEGEGB_01719	1	persistent	2	0	0
GEGEGB_01720	contig_1	1683882	1684856	-	GEGEGB_01720	1	persistent	2	0	0
GEGEGB_01722	contig_1	1685267	1687864	-	GEGEGB_01722	1	persistent	2	0	0
GEGEGB_01723	contig_1	1688267	1688518	+	GEGEGB_01723	1	persistent	2	0	0
GEGEGB_01724	contig_1	1688560	1689600	-	LNHIMF_01787	1	persistent	2	0	0
GEGEGB_01725	contig_1	1689844	1690605	+	GEGEGB_01725	1	persistent	2	0	0
GEGEGB_01726	contig_1	1690602	1691192	+	LNHIMF_01789	1	persistent	2	0	0
GEGEGB_01727	contig_1	1691279	1692154	-	GEGEGB_01727	1	persistent	2	0	0
GEGEGB_01728	contig_1	1692255	1692875	-	GEGEGB_01728	1	persistent	2	0	0
GEGEGB_01729	contig_1	1692883	1693752	-	GEGEGB_01729	1	persistent	2	0	0
GEGEGB_01730	contig_1	1693868	1693930	+	GEGEGB_01730	1	persistent	2	0	0
GEGEGB_01731	contig_1	1694025	1695587	+	LNHIMF_01794	1	persistent	2	0	0
GEGEGB_01732	contig_1	1695587	1697182	+	GEGEGB_01732	1	persistent	2	0	0
GEGEGB_01733	contig_1	1697186	1698544	+	GEGEGB_01733	1	persistent	2	0	0
GEGEGB_01734	contig_1	1698554	1699747	+	GEGEGB_01734	1	persistent	2	0	0
GEGEGB_01735	contig_1	1699747	1700553	+	GEGEGB_01735	1	persistent	2	0	0
GEGEGB_01736	contig_1	1701033	1701215	+	GEGEGB_01513	3	persistent	6	0	0
GEGEGB_01737	contig_1	1701305	1701808	+	GEGEGB_01737	1	persistent	2	0	0
GEGEGB_01738	contig_1	1701882	1702388	+	GEGEGB_01738	1	persistent	2	0	0
GEGEGB_01739	contig_1	1702408	1703286	+	LNHIMF_01802	1	persistent	2	0	0
GEGEGB_01740	contig_1	1703368	1704006	-	GEGEGB_01740	1	persistent	3	0	0
GEGEGB_01741	contig_1	1704344	1704748	+	GEGEGB_01741	1	persistent	2	0	0
GEGEGB_01742	contig_1	1704774	1705517	+	GEGEGB_01742	1	persistent	3	0	0
GEGEGB_01743	contig_1	1705574	1706113	+	GEGEGB_01743	1	persistent	2	0	0
GEGEGB_01744	contig_1	1706274	1706675	+	GEGEGB_01744	1	persistent	2	0	0
GEGEGB_01745	contig_1	1706734	1707462	-	LNHIMF_01808	1	persistent	2	0	0
GEGEGB_01746	contig_1	1707686	1707982	+	GEGEGB_01746	1	persistent	2	0	0
GEGEGB_01747	contig_1	1708026	1708199	-	GEGEGB_01747	1	persistent	2	0	0
GEGEGB_01748	contig_1	1708342	1709802	+	GEGEGB_01748	1	persistent	2	0	0
GEGEGB_01749	contig_1	1709836	1710165	+	GEGEGB_01749	1	persistent	2	0	0
GEGEGB_01750	contig_1	1710213	1711049	-	LNHIMF_01813	1	persistent	2	0	0
GEGEGB_01751	contig_1	1711097	1712101	-	GEGEGB_01751	1	persistent	2	0	0
GEGEGB_01752	contig_1	1712098	1713105	-	LNHIMF_01815	1	persistent	2	0	0
GEGEGB_01753	contig_1	1713117	1713530	-	LNHIMF_01816	2	persistent	2	0	0
GEGEGB_01754	contig_1	1713527	1714024	-	LNHIMF_01816	2	persistent	2	0	0
GEGEGB_01755	contig_1	1714039	1714959	-	BEJGEH_01320	1	persistent	2	0	0
GEGEGB_01756	contig_1	1715081	1716712	-	BEJGEH_01319	1	persistent	2	0	0
GEGEGB_01757	contig_1	1717488	1718135	-	GEGEGB_01757	1	persistent	2	0	0
GEGEGB_01758	contig_1	1718612	1721290	+	GEGEGB_01758	1	persistent	3	0	1
GEGEGB_01759	contig_1	1721487	1722104	-	GEGEGB_01759	1	persistent	2	0	0
GEGEGB_01760	contig_1	1722767	1723180	+	GEGEGB_01760	1	persistent	2	0	0
GEGEGB_01761	contig_1	1723312	1724220	-	GEGEGB_01761	1	persistent	2	0	0
GEGEGB_01762	contig_1	1724423	1725436	-	GEGEGB_01762	1	persistent	2	0	0
GEGEGB_01763	contig_1	1725527	1726423	-	LNHIMF_01825	1	persistent	2	0	0
GEGEGB_01764	contig_1	1726541	1726795	+	BEJGEH_01311	1	persistent	2	0	0
GEGEGB_01765	contig_1	1727050	1727892	+	GEGEGB_01765	1	persistent	3	0	1
GEGEGB_01767	contig_1	1728669	1730198	-	BEJGEH_01307	1	persistent	2	0	0
GEGEGB_01768	contig_1	1730440	1731117	-	LNHIMF_01831	1	persistent	3	0	1
GEGEGB_01769	contig_1	1731117	1731827	-	LNHIMF_01832	1	persistent	2	0	0
GEGEGB_01770	contig_1	1731824	1733359	-	GEGEGB_01575	2	persistent	4	0	0
GEGEGB_01771	contig_1	1733356	1737099	-	GEGEGB_01771	1	persistent	2	0	0
GEGEGB_01772	contig_1	1737487	1738884	-	GEGEGB_01772	1	persistent	2	0	0
GEGEGB_01773	contig_1	1739224	1741020	+	LNHIMF_01836	1	persistent	2	0	0
GEGEGB_01774	contig_1	1741013	1741663	+	LNHIMF_01837	1	persistent	2	0	0
GEGEGB_01775	contig_1	1741664	1743193	-	PAPNPA_00575	1	persistent	2	0	0
GEGEGB_01776	contig_1	1743265	1743618	+	GEGEGB_01776	1	persistent	2	0	0
GEGEGB_01777	contig_1	1743698	1743928	-	GEGEGB_01777	1	persistent	2	0	0
GEGEGB_01778	contig_1	1744195	1745295	+	LNHIMF_01841	1	persistent	2	1	0
GEGEGB_01779	contig_1	1745409	1745867	-	GEGEGB_00250	25	shell	58	4	2
GEGEGB_01781	contig_1	1746063	1747313	-	GEGEGB_01781	1	persistent	2	1	1
GEGEGB_01782	contig_1	1747413	1748150	+	LNHIMF_01279	1	persistent	2	0	0
GEGEGB_01783	contig_1	1748147	1748476	+	GEGEGB_01783	1	persistent	2	0	0
GEGEGB_01784	contig_1	1748488	1748949	+	GEGEGB_01784	1	persistent	2	0	0
GEGEGB_01785	contig_1	1749003	1750109	+	GEGEGB_01785	1	persistent	2	0	0
GEGEGB_01786	contig_1	1750196	1750837	+	LNHIMF_01275	1	persistent	2	0	0
GEGEGB_01787	contig_1	1750841	1752211	+	BEJGEH_01862	1	persistent	2	0	0
GEGEGB_01788	contig_1	1752335	1753009	+	LNHIMF_01273	1	persistent	2	0	0
GEGEGB_01789	contig_1	1753009	1754472	+	GEGEGB_01789	1	persistent	2	0	0
GEGEGB_01790	contig_1	1754553	1755674	+	LNHIMF_01271	1	persistent	3	0	0
GEGEGB_01791	contig_1	1755714	1757048	-	HFCAGB_02070	1	persistent	2	1	0
GEGEGB_01792	contig_1	1757052	1758281	-	LNHIMF_01269	1	persistent	3	1	0
GEGEGB_01793	contig_1	1758532	1759668	+	LNHIMF_01268	1	persistent	2	0	0
GEGEGB_01794	contig_1	1759652	1760515	+	GEGEGB_01794	1	persistent	2	0	0
GEGEGB_01795	contig_1	1760844	1761854	+	LNHIMF_01266	1	persistent	2	0	0
GEGEGB_01796	contig_1	1762170	1762949	+	GEGEGB_01796	1	persistent	2	0	0
GEGEGB_01797	contig_1	1762974	1764020	+	GEGEGB_01797	1	persistent	2	0	0
GEGEGB_01798	contig_1	1764102	1764923	-	GEGEGB_01798	1	persistent	2	0	0
GEGEGB_01799	contig_1	1764942	1765850	-	GEGEGB_01799	1	persistent	2	0	0
GEGEGB_01800	contig_1	1765879	1767123	-	GEGEGB_01800	1	persistent	2	0	0
GEGEGB_01801	contig_1	1767123	1767824	-	GEGEGB_01801	1	persistent	2	0	0
GEGEGB_01802	contig_1	1767817	1769016	-	GEGEGB_01802	1	persistent	2	0	0
GEGEGB_01803	contig_1	1769354	1772800	+	BEJGEH_01878	1	persistent	2	0	0
GEGEGB_01804	contig_1	1772948	1773739	+	LNHIMF_01257	1	persistent	2	0	0
GEGEGB_01805	contig_1	1773836	1774093	-	GEGEGB_01805	1	persistent	2	0	0
GEGEGB_01806	contig_1	1774335	1774970	+	LNHIMF_01255	1	persistent	2	0	0
GEGEGB_01807	contig_1	1775044	1775583	-	GEGEGB_01807	1	persistent	2	0	1
GEGEGB_01808	contig_1	1775663	1775788	+	GEGEGB_01808	1	cloud	2	0	0
GEGEGB_01809	contig_1	1775760	1777064	-	GEGEGB_01809	1	persistent	2	0	1
GEGEGB_01810	contig_1	1777319	1777861	-	GEGEGB_01810	1	persistent	2	0	0
GEGEGB_01811	contig_1	1777886	1778911	-	GEGEGB_01811	1	persistent	2	0	0
GEGEGB_01812	contig_1	1778922	1779746	-	GEGEGB_01812	1	persistent	2	0	0
GEGEGB_01813	contig_1	1779727	1780365	-	LNHIMF_01249	1	persistent	2	0	0
GEGEGB_01814	contig_1	1780379	1780753	-	GEGEGB_01814	1	persistent	2	0	0
GEGEGB_01815	contig_1	1780756	1781133	-	GEGEGB_01815	1	persistent	2	0	0
GEGEGB_01816	contig_1	1781457	1782464	+	BEJGEH_01890	2	persistent	2	0	0
GEGEGB_01817	contig_1	1782430	1783632	+	BEJGEH_01890	2	persistent	2	0	0
GEGEGB_01818	contig_1	1783717	1785150	-	GEGEGB_01818	1	persistent	2	0	0
GEGEGB_01819	contig_1	1785445	1786242	-	GEGEGB_01819	1	persistent	2	0	0
GEGEGB_01820	contig_1	1786253	1787257	-	GEGEGB_01820	1	persistent	2	0	0
GEGEGB_01821	contig_1	1787254	1787895	-	GEGEGB_01821	1	persistent	2	0	0
GEGEGB_01822	contig_1	1787885	1788901	-	BEJGEH_01895	1	persistent	2	0	0
GEGEGB_01823	contig_1	1788904	1789713	-	GEGEGB_01823	1	persistent	2	0	1
GEGEGB_01824	contig_1	1789837	1791078	-	LNHIMF_01233	1	persistent	2	0	1
GEGEGB_01825	contig_1	1791164	1791400	-	GEGEGB_01825	1	persistent	2	0	0
GEGEGB_01826	contig_1	1791556	1792290	-	GEGEGB_01826	1	persistent	2	0	0
GEGEGB_01827	contig_1	1792303	1793232	-	GEGEGB_01827	1	persistent	2	0	0
GEGEGB_01828	contig_1	1793248	1794201	-	LNHIMF_01229	1	persistent	2	0	0
GEGEGB_01829	contig_1	1794281	1795330	-	GEGEGB_01829	1	persistent	2	0	0
GEGEGB_01830	contig_1	1795494	1795667	-	GEGEGB_01830	1	persistent	2	0	0
GEGEGB_01831	contig_1	1795719	1796240	-	GEGEGB_01831	1	persistent	2	0	0
GEGEGB_01833	contig_1	1796438	1797022	+	LNHIMF_01224	1	persistent	4	0	0
GEGEGB_01834	contig_1	1797105	1798148	-	LNHIMF_01221	1	persistent	3	0	0
GEGEGB_01835	contig_1	1798638	1801841	+	ONMMKP_00953	1	persistent	2	1	1
GEGEGB_01836	contig_1	1802131	1802589	-	GEGEGB_00250	25	shell	58	4	2
GEGEGB_01838	contig_1	1802811	1803764	-	LNHIMF_01219	1	persistent	2	1	0
GEGEGB_01839	contig_1	1803779	1805440	-	GEGEGB_01839	1	persistent	2	0	0
GEGEGB_01840	contig_1	1805505	1806455	-	GEGEGB_01840	1	persistent	2	0	0
GEGEGB_01841	contig_1	1806455	1807552	-	GEGEGB_01841	1	persistent	2	0	0
GEGEGB_01842	contig_1	1807564	1808229	-	GEGEGB_01842	1	persistent	2	0	0
GEGEGB_01843	contig_1	1808317	1809099	-	GEGEGB_01843	1	persistent	2	0	0
GEGEGB_01844	contig_1	1809113	1809868	-	LNHIMF_01213	1	persistent	2	0	0
GEGEGB_01845	contig_1	1809889	1811100	-	GEGEGB_01845	1	persistent	2	0	0
GEGEGB_01846	contig_1	1811127	1811825	-	GEGEGB_01846	1	persistent	2	0	0
GEGEGB_01847	contig_1	1811837	1812241	-	GEGEGB_01847	1	persistent	2	0	0
GEGEGB_01848	contig_1	1812245	1812661	-	LNHIMF_01209	1	persistent	2	0	0
GEGEGB_01849	contig_1	1812818	1813477	+	GEGEGB_01849	1	persistent	2	0	0
GEGEGB_01850	contig_1	1813569	1813862	+	LNHIMF_01207	1	persistent	2	0	0
GEGEGB_01851	contig_1	1813867	1814289	+	GEGEGB_01851	1	persistent	2	0	0
GEGEGB_01852	contig_1	1814371	1815945	-	LNHIMF_01205	1	persistent	2	0	0
GEGEGB_01853	contig_1	1816210	1817133	-	LNHIMF_01204	1	persistent	2	0	0
GEGEGB_01854	contig_1	1817135	1817782	-	GEGEGB_01854	1	persistent	2	0	0
GEGEGB_01855	contig_1	1817818	1818402	-	LNHIMF_01202	1	persistent	2	0	0
GEGEGB_01856	contig_1	1818639	1819847	+	LNHIMF_01201	1	persistent	2	0	0
GEGEGB_01857	contig_1	1819911	1820558	+	GEGEGB_01857	1	persistent	2	0	0
GEGEGB_01858	contig_1	1820616	1821242	+	LNHIMF_01199	1	persistent	2	0	0
GEGEGB_01859	contig_1	1821346	1822392	+	LNHIMF_01198	1	persistent	2	0	0
GEGEGB_01860	contig_1	1822466	1822711	+	LNHIMF_01197	1	persistent	2	0	0
GEGEGB_01861	contig_1	1823001	1823255	+	LNHIMF_01196	1	persistent	2	0	0
GEGEGB_01862	contig_1	1823368	1824486	+	LNHIMF_01195	1	persistent	2	0	0
GEGEGB_01863	contig_1	1824527	1824640	+	GEGEGB_01863	1	persistent	2	0	0
GEGEGB_01864	contig_1	1825071	1825475	+	BEJGEH_01936	1	persistent	2	0	0
GEGEGB_01865	contig_1	1825472	1826047	+	GEGEGB_01865	1	persistent	2	0	0
GEGEGB_01866	contig_1	1826099	1827151	-	LNHIMF_01191	1	persistent	2	0	0
GEGEGB_01867	contig_1	1827371	1828291	+	LNHIMF_01190	1	persistent	2	0	0
GEGEGB_01868	contig_1	1828446	1829660	+	GEGEGB_01868	1	persistent	2	0	0
GEGEGB_01869	contig_1	1829742	1830116	+	GEGEGB_01869	1	persistent	2	0	0
GEGEGB_01870	contig_1	1830117	1830344	-	GEGEGB_01870	1	persistent	2	0	0
GEGEGB_01871	contig_1	1830418	1832961	-	LNHIMF_01186	1	persistent	2	0	0
GEGEGB_01872	contig_1	1832954	1834507	-	GEGEGB_01872	1	persistent	2	0	0
GEGEGB_01873	contig_1	1834761	1835915	+	GEGEGB_01873	1	persistent	2	0	0
GEGEGB_01874	contig_1	1835932	1837416	-	GEGEGB_01874	1	persistent	2	0	0
GEGEGB_01875	contig_1	1837355	1837894	-	GEGEGB_01875	1	persistent	2	0	0
GEGEGB_01876	contig_1	1837982	1838302	-	GEGEGB_01876	1	persistent	2	0	0
GEGEGB_01877	contig_1	1838434	1838760	-	BEJGEH_01949	1	persistent	2	0	0
GEGEGB_01878	contig_1	1838822	1839277	-	GEGEGB_01878	1	persistent	2	0	0
GEGEGB_01879	contig_1	1839319	1839774	-	LNHIMF_01178	1	persistent	2	0	0
GEGEGB_01881	contig_1	1840530	1841156	+	LNHIMF_01176	1	persistent	2	0	0
GEGEGB_01882	contig_1	1841185	1841580	+	GEGEGB_01882	1	persistent	2	0	0
GEGEGB_01883	contig_1	1841607	1842023	+	GEGEGB_01883	1	persistent	2	0	0
GEGEGB_01884	contig_1	1842050	1842883	+	GEGEGB_01884	1	persistent	2	0	0
GEGEGB_01885	contig_1	1842921	1843415	-	GEGEGB_01885	1	persistent	2	0	0
GEGEGB_01886	contig_1	1843504	1844058	-	GEGEGB_01886	1	persistent	2	0	0
GEGEGB_01887	contig_1	1844082	1844819	-	GEGEGB_01887	1	persistent	2	0	0
GEGEGB_01888	contig_1	1844904	1845842	-	LNHIMF_01169	1	persistent	2	1	1
GEGEGB_01890	contig_1	1846687	1847790	-	GEGEGB_01890	1	persistent	2	0	1
GEGEGB_01891	contig_1	1847804	1849084	-	LNHIMF_01166	1	persistent	2	0	0
GEGEGB_01892	contig_1	1849367	1850059	-	LNHIMF_01165	1	persistent	2	0	0
GEGEGB_01893	contig_1	1850105	1851247	-	GEGEGB_01893	1	persistent	2	0	0
GEGEGB_01894	contig_1	1851766	1852446	+	GEGEGB_01894	1	persistent	2	0	1
GEGEGB_01895	contig_1	1852783	1853310	+	HFCAGB_01177	2	persistent	2	0	1
GEGEGB_01896	contig_1	1853378	1854280	+	HFCAGB_01177	2	persistent	2	0	1
GEGEGB_01898	contig_1	1854566	1855447	+	GEGEGB_01898	1	persistent	2	0	0
GEGEGB_01899	contig_1	1855553	1856341	-	GEGEGB_01899	1	persistent	2	0	2
GEGEGB_01901	contig_1	1856320	1856616	-	LNHIMF_01157	1	persistent	2	0	0
GEGEGB_01902	contig_1	1857234	1858742	-	GEGEGB_01902	1	persistent	2	0	1
GEGEGB_01903	contig_1	1859164	1863126	+	LNHIMF_01155	1	persistent	3	0	0
GEGEGB_01904	contig_1	1863185	1863580	+	GEGEGB_01904	1	persistent	2	0	0
GEGEGB_01905	contig_1	1863577	1864215	-	LNHIMF_01153	1	persistent	2	0	0
GEGEGB_01906	contig_1	1864352	1864519	-	GEGEGB_01513	3	persistent	6	0	0
GEGEGB_01907	contig_1	1864904	1865500	+	LNHIMF_01151	1	persistent	2	0	0
GEGEGB_01908	contig_1	1865521	1865748	+	GEGEGB_01908	1	persistent	2	0	0
GEGEGB_01909	contig_1	1865782	1867023	-	LNHIMF_01149	1	persistent	2	0	0
GEGEGB_01910	contig_1	1867156	1867662	-	LNHIMF_01148	1	persistent	2	0	0
GEGEGB_01911	contig_1	1867652	1868275	-	LNHIMF_01147	1	persistent	2	0	0
GEGEGB_01912	contig_1	1868272	1870158	-	LNHIMF_01146	1	persistent	2	0	0
GEGEGB_01913	contig_1	1870207	1870569	-	LNHIMF_01145	1	persistent	2	0	0
GEGEGB_01914	contig_1	1870805	1871725	+	GEGEGB_01914	1	persistent	2	0	0
GEGEGB_01915	contig_1	1871725	1872030	+	GEGEGB_01915	1	persistent	3	0	0
GEGEGB_01916	contig_1	1873454	1874392	-	GEGEGB_01916	1	persistent	3	0	0
GEGEGB_01917	contig_1	1874406	1875302	-	LNHIMF_01140	1	persistent	2	0	0
GEGEGB_01918	contig_1	1875312	1876688	-	LNHIMF_01139	1	persistent	2	0	0
GEGEGB_01919	contig_1	1876760	1877551	-	GEGEGB_01919	1	persistent	2	0	0
GEGEGB_01920	contig_1	1877562	1878365	-	GEGEGB_01920	1	persistent	2	0	0
GEGEGB_01921	contig_1	1878509	1878889	-	GEGEGB_01921	1	persistent	2	0	0
GEGEGB_01922	contig_1	1878899	1879750	-	LNHIMF_01135	1	persistent	3	0	0
GEGEGB_01923	contig_1	1879752	1880924	-	BEJGEH_01005	2	persistent	2	0	0
GEGEGB_01924	contig_1	1880918	1881217	-	BEJGEH_01005	2	persistent	2	0	0
GEGEGB_01925	contig_1	1881214	1882503	-	GEGEGB_01925	1	persistent	2	0	0
GEGEGB_01926	contig_1	1882778	1883218	+	GEGEGB_01926	1	persistent	2	0	0
GEGEGB_01927	contig_1	1883399	1884631	+	LNHIMF_01131	1	persistent	2	0	0
GEGEGB_01928	contig_1	1884649	1885161	+	LNHIMF_01130	1	persistent	2	0	0
GEGEGB_01929	contig_1	1885494	1885904	-	LNHIMF_01129	1	persistent	2	0	0
GEGEGB_01930	contig_1	1885983	1886720	+	LNHIMF_01128	1	persistent	2	0	0
GEGEGB_01931	contig_1	1886713	1888077	+	BEJGEH_00998	1	persistent	2	0	0
GEGEGB_01932	contig_1	1888250	1889719	+	HFCAGB_01141	1	persistent	3	0	0
GEGEGB_01933	contig_1	1890441	1892126	+	LNHIMF_01124	1	persistent	3	0	0
GEGEGB_01934	contig_1	1892143	1892484	+	GEGEGB_01934	1	persistent	2	0	0
GEGEGB_01936	contig_1	1893032	1893907	+	LNHIMF_01121	1	persistent	2	0	1
GEGEGB_01937	contig_1	1894130	1894810	+	BEJGEH_00991	1	persistent	2	1	1
GEGEGB_01938	contig_1	1895018	1895476	-	GEGEGB_00250	25	shell	58	4	2
GEGEGB_01941	contig_1	1896140	1896799	+	GEGEGB_01941	1	persistent	2	1	2
GEGEGB_01942	contig_1	1896886	1897215	+	GEGEGB_01942	1	persistent	2	0	0
GEGEGB_01943	contig_1	1897212	1897493	-	GEGEGB_01943	1	persistent	2	0	0
GEGEGB_01944	contig_1	1897542	1898045	-	LNHIMF_01115	2	persistent	2	1	2
GEGEGB_01945	contig_1	1898230	1898688	-	GEGEGB_00250	25	shell	58	4	2
GEGEGB_01946	contig_1	1898645	1898827	-	GEGEGB_03146	6	cloud	7	1	0
GEGEGB_01948	contig_1	1898778	1899041	-	LNHIMF_01115	2	persistent	2	1	2
GEGEGB_01949	contig_1	1899168	1899605	-	GEGEGB_01949	1	cloud	2	0	0
GEGEGB_01950	contig_1	1899820	1901031	+	LNHIMF_01113	1	persistent	2	0	1
GEGEGB_01951	contig_1	1901089	1901406	+	GEGEGB_01951	1	persistent	2	0	0
GEGEGB_01952	contig_1	1901451	1901864	-	GEGEGB_01952	1	persistent	2	0	0
GEGEGB_01953	contig_1	1902038	1902700	+	GEGEGB_01953	1	persistent	2	0	0
GEGEGB_01954	contig_1	1902795	1903253	+	GEGEGB_01954	1	persistent	2	0	0
GEGEGB_01955	contig_1	1903289	1905343	-	BEJGEH_00979	1	persistent	2	0	0
GEGEGB_01956	contig_1	1905467	1905913	+	GEGEGB_01956	1	persistent	2	0	0
GEGEGB_01957	contig_1	1905932	1908085	+	GEGEGB_01957	1	persistent	2	0	0
GEGEGB_01958	contig_1	1908072	1908677	-	LNHIMF_01105	1	persistent	2	0	1
GEGEGB_01959	contig_1	1908733	1908873	+	ONMMKP_01069	1	cloud	2	0	0
GEGEGB_01960	contig_1	1908894	1909403	+	GEGEGB_01960	1	persistent	2	0	2
GEGEGB_01961	contig_1	1909758	1910810	+	GEGEGB_01961	1	persistent	2	0	0
GEGEGB_01962	contig_1	1910882	1911334	-	GEGEGB_01962	1	persistent	2	0	0
GEGEGB_01963	contig_1	1911520	1913280	+	GEGEGB_01963	1	persistent	2	0	1
GEGEGB_01964	contig_1	1913349	1913867	+	GEGEGB_01964	1	persistent	2	0	0
GEGEGB_01965	contig_1	1914388	1914951	-	GEGEGB_01965	1	persistent	2	0	0
GEGEGB_01966	contig_1	1914948	1916588	-	GEGEGB_01966	1	persistent	2	0	0
GEGEGB_01967	contig_1	1916593	1917846	-	GEGEGB_01967	1	persistent	2	0	0
GEGEGB_01968	contig_1	1917861	1919768	-	GEGEGB_01968	1	persistent	2	0	0
GEGEGB_01969	contig_1	1919781	1921889	-	LNHIMF_01095	1	persistent	2	0	0
GEGEGB_01970	contig_1	1921988	1923097	+	LNHIMF_01094	1	persistent	2	0	0
GEGEGB_01971	contig_1	1923094	1923636	-	GEGEGB_01971	1	persistent	2	0	0
GEGEGB_01972	contig_1	1923802	1924812	-	LNHIMF_01092	1	persistent	2	0	0
GEGEGB_01973	contig_1	1925020	1927632	-	LNHIMF_01091	1	persistent	2	1	2
GEGEGB_01974	contig_1	1928058	1928336	+	GEGEGB_01974	1	cloud	1	0	2
GEGEGB_01975	contig_1	1928649	1929350	+	GEGEGB_01975	1	cloud	0	0	2
GEGEGB_01976	contig_1	1930272	1930790	-	OEKLIE_02528	1	cloud	0	0	5
GEGEGB_01977	contig_1	1930805	1932316	-	GEGEGB_01977	1	cloud	0	0	2
GEGEGB_01978	contig_1	1932316	1932996	-	OEKLIE_01521	1	cloud	0	0	3
GEGEGB_01979	contig_1	1932993	1934192	-	OEKLIE_01520	1	cloud	0	0	2
GEGEGB_01980	contig_1	1934193	1934546	-	OEKLIE_01519	1	cloud	0	0	2
GEGEGB_01981	contig_1	1934787	1935542	-	OEKLIE_01518	1	cloud	0	0	3
GEGEGB_01982	contig_1	1935601	1936029	-	GEGEGB_01982	1	cloud	0	0	2
GEGEGB_01983	contig_1	1936029	1936760	-	GEGEGB_01983	1	cloud	0	0	2
GEGEGB_01984	contig_1	1936955	1937290	-	GEGEGB_01984	1	cloud	0	0	2
GEGEGB_01985	contig_1	1937287	1938318	-	GEGEGB_01985	1	cloud	0	0	3
GEGEGB_01986	contig_1	1938321	1938623	-	OEKLIE_01510	1	cloud	0	0	2
GEGEGB_01987	contig_1	1938627	1939277	-	OEKLIE_01509	1	cloud	0	0	2
GEGEGB_01988	contig_1	1939277	1941229	-	OEKLIE_01508	1	cloud	0	0	2
GEGEGB_01989	contig_1	1941407	1941859	-	OEKLIE_01507	1	cloud	0	0	2
GEGEGB_01990	contig_1	1941863	1942303	-	OEKLIE_01506	1	cloud	0	0	2
GEGEGB_01991	contig_1	1942315	1943460	-	OEKLIE_01505	1	cloud	0	0	3
GEGEGB_01992	contig_1	1943464	1944012	-	GEGEGB_01992	1	cloud	0	0	2
GEGEGB_01993	contig_1	1944002	1944391	-	GEGEGB_01993	1	cloud	0	0	2
GEGEGB_01994	contig_1	1944378	1944932	-	GEGEGB_01994	1	cloud	0	0	2
GEGEGB_01995	contig_1	1944929	1945348	-	GEGEGB_01995	1	cloud	0	0	2
GEGEGB_01996	contig_1	1945302	1945670	-	GEGEGB_01996	1	cloud	0	0	2
GEGEGB_01997	contig_1	1945712	1946653	-	GEGEGB_01997	1	cloud	0	0	2
GEGEGB_01998	contig_1	1946665	1947162	-	GEGEGB_01998	1	cloud	0	0	2
GEGEGB_01999	contig_1	1947167	1948399	-	GEGEGB_01999	1	cloud	0	0	2
GEGEGB_02000	contig_1	1948414	1949022	-	GEGEGB_02000	1	cloud	0	0	2
GEGEGB_02001	contig_1	1949036	1950505	-	GEGEGB_02001	1	cloud	0	0	2
GEGEGB_02002	contig_1	1950505	1951908	-	GEGEGB_02002	1	cloud	0	0	2
GEGEGB_02003	contig_1	1951874	1952626	-	GEGEGB_02003	1	cloud	0	0	2
GEGEGB_02004	contig_1	1952716	1952943	-	GEGEGB_02004	1	cloud	0	0	2
GEGEGB_02005	contig_1	1953040	1953417	-	GEGEGB_02005	1	cloud	0	1	1
GEGEGB_02006	contig_1	1953460	1953999	-	AJBGEP_01965	1	shell	0	2	5
GEGEGB_02007	contig_1	1953996	1954610	-	LNHIMF_04297	1	cloud	0	1	5
GEGEGB_02008	contig_1	1954610	1954891	-	LNHIMF_04296	1	cloud	0	0	2
GEGEGB_02009	contig_1	1954878	1955267	-	LNHIMF_04295	1	cloud	0	1	2
GEGEGB_02010	contig_1	1955484	1955933	+	GEGEGB_02010	1	shell	0	2	2
GEGEGB_02011	contig_1	1956069	1956194	-	GEGEGB_02011	1	shell	0	3	1
GEGEGB_02012	contig_1	1956593	1957390	-	HFCAGB_01071	1	shell	0	3	4
GEGEGB_02013	contig_1	1957523	1958134	-	GEGEGB_02013	1	shell	0	3	0
GEGEGB_02014	contig_1	1958137	1958343	-	GEGEGB_02014	1	shell	0	2	1
GEGEGB_02015	contig_1	1958343	1958945	-	GEGEGB_02015	1	shell	0	2	2
GEGEGB_02016	contig_1	1959280	1959519	-	GEGEGB_02016	1	shell	0	2	9
GEGEGB_02017	contig_1	1959704	1960201	-	GEGEGB_02017	1	cloud	0	1	1
GEGEGB_02018	contig_1	1960212	1960391	-	GEGEGB_02018	1	cloud	0	0	2
GEGEGB_02019	contig_1	1960877	1961143	-	HFCAGB_01066	1	cloud	0	1	2
GEGEGB_02020	contig_1	1961288	1961809	-	GEGEGB_02020	1	cloud	0	0	2
GEGEGB_02021	contig_1	1961813	1962286	-	GEGEGB_02021	1	cloud	0	0	6
GEGEGB_02022	contig_1	1962286	1962810	-	HFCAGB_01063	1	cloud	0	1	1
GEGEGB_02023	contig_1	1962807	1963154	-	GEGEGB_02023	1	shell	0	1	4
GEGEGB_02024	contig_1	1963165	1963914	-	GEGEGB_02024	1	shell	0	2	0
GEGEGB_02025	contig_1	1963917	1964894	-	GEGEGB_02025	1	shell	0	2	0
GEGEGB_02026	contig_1	1964985	1965305	-	GEGEGB_02026	1	shell	0	1	10
GEGEGB_02027	contig_1	1965325	1965561	-	HFCAGB_01058	1	cloud	0	1	1
GEGEGB_02028	contig_1	1965691	1966095	+	HFCAGB_01057	1	cloud	0	0	3
GEGEGB_02029	contig_1	1966384	1966584	+	BENMGJ_01229	1	cloud	0	0	3
GEGEGB_02030	contig_1	1966675	1966971	+	BENMGJ_01228	1	cloud	0	0	2
GEGEGB_02031	contig_1	1966977	1967762	+	GEGEGB_02031	1	cloud	0	0	2
GEGEGB_02032	contig_1	1967759	1968439	+	BENMGJ_01226	1	cloud	0	0	3
GEGEGB_02033	contig_1	1968517	1969581	+	GEGEGB_02033	1	cloud	0	0	2
GEGEGB_02034	contig_1	1969578	1970459	+	BENMGJ_01225	1	cloud	0	1	4
GEGEGB_02035	contig_1	1970462	1970704	+	GEGEGB_02035	1	shell	0	2	3
GEGEGB_02036	contig_1	1970745	1970993	+	GEGEGB_02036	1	shell	0	2	0
GEGEGB_02037	contig_1	1971038	1972330	+	HFCAGB_01050	1	shell	1	1	0
GEGEGB_02038	contig_1	1972525	1973727	+	LNHIMF_01090	1	persistent	3	1	0
GEGEGB_02039	contig_1	1973808	1975241	-	AJBGEP_00996	1	persistent	2	0	0
GEGEGB_02041	contig_1	1975947	1976702	-	BEJGEH_00959	1	persistent	2	0	0
GEGEGB_02042	contig_1	1977020	1977481	+	GEGEGB_02042	1	persistent	2	0	0
GEGEGB_02043	contig_1	1977682	1979082	+	GEGEGB_02043	1	persistent	3	0	1
GEGEGB_02044	contig_1	1979688	1980779	+	GEGEGB_02044	1	persistent	2	0	1
GEGEGB_02045	contig_1	1980964	1982154	+	GEGEGB_02045	1	persistent	2	0	0
GEGEGB_02046	contig_1	1982216	1982863	-	LNHIMF_01086	1	persistent	2	0	0
GEGEGB_02047	contig_1	1982891	1983439	-	GEGEGB_02047	1	persistent	2	0	0
GEGEGB_02048	contig_1	1983699	1985546	-	LNHIMF_01084	1	persistent	2	0	0
GEGEGB_02049	contig_1	1985891	1990357	-	GEGEGB_02049	1	persistent	2	0	0
GEGEGB_02050	contig_1	1990357	1991061	-	GEGEGB_02050	1	persistent	2	0	0
GEGEGB_02051	contig_1	1991042	1992364	-	GEGEGB_02051	1	persistent	2	0	0
GEGEGB_02052	contig_1	1992357	1993160	-	GEGEGB_02052	1	persistent	2	0	0
GEGEGB_02053	contig_1	1993296	1994072	+	GEGEGB_02053	1	persistent	2	0	0
GEGEGB_02054	contig_1	1994052	1994945	-	LNHIMF_01078	1	persistent	2	0	0
GEGEGB_02055	contig_1	1995156	1995902	-	GEGEGB_02055	1	persistent	2	0	0
GEGEGB_02056	contig_1	1995899	1996081	-	GEGEGB_02056	1	persistent	2	0	0
GEGEGB_02057	contig_1	1996133	1996582	-	HFCAGB_01031	2	persistent	2	0	0
GEGEGB_02058	contig_1	1996643	1997365	-	HFCAGB_01031	2	persistent	2	0	0
GEGEGB_02059	contig_1	1997409	1998386	-	GEGEGB_02059	1	persistent	2	0	0
GEGEGB_02060	contig_1	1998383	2000131	-	GEGEGB_02060	1	persistent	2	0	0
GEGEGB_02061	contig_1	2000168	2002432	-	ALJMDI_01283	1	persistent	2	1	0
GEGEGB_02062	contig_1	2002662	2002946	-	GEGEGB_02062	1	persistent	2	1	0
GEGEGB_02063	contig_1	2003102	2004775	-	GEGEGB_02063	1	persistent	2	0	0
GEGEGB_02064	contig_1	2004889	2005572	-	GEGEGB_02064	1	persistent	2	0	0
GEGEGB_02065	contig_1	2005745	2006506	-	BEJGEH_00936	1	persistent	2	0	0
GEGEGB_02066	contig_1	2006649	2007932	-	GEGEGB_02066	1	persistent	2	0	0
GEGEGB_02067	contig_1	2008003	2009091	-	GEGEGB_02067	1	persistent	2	0	0
GEGEGB_02068	contig_1	2009277	2009969	-	LNHIMF_01065	1	persistent	2	0	0
GEGEGB_02069	contig_1	2010106	2011866	+	LNHIMF_01064	1	persistent	2	0	0
GEGEGB_02070	contig_1	2012271	2013128	+	GEGEGB_02070	1	persistent	2	0	0
GEGEGB_02071	contig_1	2013188	2015470	+	GEGEGB_02071	1	persistent	2	0	1
GEGEGB_02073	contig_1	2016280	2016504	-	GEGEGB_02073	1	cloud	2	0	0
GEGEGB_02074	contig_1	2016791	2016958	+	HFCAGB_01016	1	persistent	2	0	1
GEGEGB_02075	contig_1	2017077	2017874	+	GEGEGB_02075	1	persistent	3	0	1
GEGEGB_02076	contig_1	2018166	2019587	-	GEGEGB_02076	1	persistent	2	0	0
GEGEGB_02077	contig_1	2019805	2020953	-	LNHIMF_01057	1	persistent	2	0	0
GEGEGB_02078	contig_1	2021303	2022166	-	GEGEGB_02078	1	persistent	2	0	0
GEGEGB_02079	contig_1	2022168	2022785	-	GEGEGB_01496	2	persistent	4	0	0
GEGEGB_02080	contig_1	2022796	2025240	-	LNHIMF_01054	1	persistent	2	0	0
GEGEGB_02082	contig_1	2025477	2026769	-	GEGEGB_02082	1	persistent	2	0	0
GEGEGB_02083	contig_1	2027028	2028371	-	GEGEGB_02083	1	persistent	2	0	0
GEGEGB_02084	contig_1	2028381	2028992	-	LNHIMF_01050	1	persistent	2	0	0
GEGEGB_02085	contig_1	2029137	2033168	-	ONMMKP_01187	1	persistent	2	0	0
GEGEGB_02086	contig_1	2033303	2033797	-	LNHIMF_01048	1	persistent	2	0	0
GEGEGB_02087	contig_1	2034344	2035312	+	GEGEGB_02087	1	persistent	2	0	1
GEGEGB_02088	contig_1	2035426	2037192	+	GEGEGB_02088	1	persistent	2	0	0
GEGEGB_02089	contig_1	2037193	2038914	+	LNHIMF_01045	1	persistent	2	0	0
GEGEGB_02090	contig_1	2038959	2039663	+	GEGEGB_02090	1	persistent	2	0	0
GEGEGB_02091	contig_1	2039975	2040193	+	GEGEGB_02091	1	persistent	2	0	0
GEGEGB_02092	contig_1	2040284	2041195	-	GEGEGB_02092	1	persistent	2	0	0
GEGEGB_02093	contig_1	2041304	2042164	+	LNHIMF_01041	1	persistent	2	0	0
GEGEGB_02094	contig_1	2042184	2042861	+	GEGEGB_03971	2	persistent	5	2	3
GEGEGB_02096	contig_1	2043621	2043833	+	GEGEGB_02096	1	cloud	1	1	0
GEGEGB_02097	contig_1	2043995	2044192	+	GEGEGB_02097	1	shell	2	3	2
GEGEGB_02098	contig_1	2044404	2046680	-	LNHIMF_01038	1	persistent	2	4	1
GEGEGB_02099	contig_1	2046711	2047031	-	GEGEGB_02099	1	persistent	2	0	0
GEGEGB_02100	contig_1	2047355	2047576	+	GEGEGB_02100	1	persistent	2	0	0
GEGEGB_02101	contig_1	2047706	2049652	-	GEGEGB_02101	1	persistent	2	0	0
GEGEGB_02102	contig_1	2049649	2050767	-	GEGEGB_02102	1	persistent	2	0	0
GEGEGB_02103	contig_1	2050913	2051863	+	LNHIMF_01033	1	persistent	2	0	0
GEGEGB_02104	contig_1	2051860	2053518	-	LNHIMF_01032	1	persistent	2	0	0
GEGEGB_02105	contig_1	2053719	2054618	+	GEGEGB_02105	1	persistent	2	0	0
GEGEGB_02106	contig_1	2054762	2056414	+	LNHIMF_01030	1	persistent	2	0	0
GEGEGB_02107	contig_1	2056426	2057394	+	LNHIMF_01029	1	persistent	2	0	0
GEGEGB_02108	contig_1	2057552	2059270	+	GEGEGB_02108	1	persistent	2	0	0
GEGEGB_02109	contig_1	2059309	2060310	+	LNHIMF_01027	1	persistent	2	0	0
GEGEGB_02110	contig_1	2060321	2061754	+	LNHIMF_01026	1	persistent	2	0	0
GEGEGB_02111	contig_1	2061850	2062863	+	GEGEGB_02111	1	persistent	2	0	0
GEGEGB_02112	contig_1	2062860	2063690	-	GEGEGB_02112	1	persistent	2	0	0
GEGEGB_02113	contig_1	2063687	2064010	-	GEGEGB_02113	1	persistent	2	0	0
GEGEGB_02114	contig_1	2064138	2064653	+	GEGEGB_02114	1	persistent	2	0	0
GEGEGB_02115	contig_1	2064882	2065610	+	GEGEGB_02115	1	persistent	2	0	0
GEGEGB_02116	contig_1	2065628	2066359	+	LNHIMF_01020	1	persistent	2	0	0
GEGEGB_02117	contig_1	2066366	2067082	+	GEGEGB_02117	1	persistent	2	0	0
GEGEGB_02118	contig_1	2067082	2067750	+	GEGEGB_02118	1	persistent	2	0	0
GEGEGB_02119	contig_1	2067987	2068718	+	GEGEGB_02119	1	persistent	2	0	0
GEGEGB_02120	contig_1	2068937	2070424	-	LNHIMF_01016	1	persistent	2	0	0
GEGEGB_02121	contig_1	2070434	2070754	-	LNHIMF_01015	1	persistent	2	0	0
GEGEGB_02122	contig_1	2070786	2072111	-	BEJGEH_00878	1	persistent	2	0	0
GEGEGB_02123	contig_1	2072424	2073551	-	AJBGEP_00912	1	persistent	2	0	0
GEGEGB_02124	contig_1	2073594	2073995	-	GEGEGB_02124	1	persistent	2	0	0
GEGEGB_02125	contig_1	2074141	2074986	-	GEGEGB_02125	1	persistent	2	0	0
GEGEGB_02126	contig_1	2074983	2075936	-	LNHIMF_01010	1	persistent	2	0	0
GEGEGB_02127	contig_1	2075946	2077079	-	LNHIMF_01009	1	persistent	2	0	0
GEGEGB_02128	contig_1	2077167	2078282	-	LNHIMF_01008	1	persistent	2	0	0
GEGEGB_02129	contig_1	2078628	2079104	-	GEGEGB_02129	1	persistent	2	0	0
GEGEGB_02130	contig_1	2079201	2080103	-	GEGEGB_02130	1	persistent	2	0	0
GEGEGB_02131	contig_1	2080161	2080883	-	BEJGEH_00869	1	persistent	2	0	0
GEGEGB_02132	contig_1	2080867	2081157	-	LNHIMF_01004	1	persistent	2	0	0
GEGEGB_02133	contig_1	2081327	2081590	+	GEGEGB_02133	1	persistent	2	0	0
GEGEGB_02134	contig_1	2081622	2081999	-	LNHIMF_01002	1	persistent	2	0	0
GEGEGB_02135	contig_1	2082270	2083955	+	GEGEGB_02135	1	persistent	2	0	0
GEGEGB_02137	contig_1	2084072	2084692	-	LNHIMF_00999	1	persistent	2	0	0
GEGEGB_02138	contig_1	2084860	2086071	+	LNHIMF_00998	1	persistent	2	0	0
GEGEGB_02139	contig_1	2086068	2086883	+	GEGEGB_02139	1	persistent	2	0	0
GEGEGB_02140	contig_1	2086937	2088169	-	GEGEGB_02140	1	persistent	2	0	0
GEGEGB_02141	contig_1	2088416	2089090	+	GEGEGB_02141	1	persistent	2	0	0
GEGEGB_02142	contig_1	2089162	2089920	+	GEGEGB_02142	1	persistent	2	0	0
GEGEGB_02143	contig_1	2089966	2091168	-	GEGEGB_02143	1	persistent	2	0	0
GEGEGB_02144	contig_1	2091412	2092038	+	GEGEGB_02144	1	persistent	1	1	2
GEGEGB_02145	contig_1	2092035	2093156	-	PAPNPA_03345	1	cloud	2	0	0
GEGEGB_02146	contig_1	2093275	2093658	-	GEGEGB_02146	1	persistent	1	1	2
GEGEGB_02147	contig_1	2093889	2095214	+	LNHIMF_00980	1	persistent	2	0	0
GEGEGB_02148	contig_1	2095305	2096216	-	GEGEGB_02148	1	persistent	2	0	0
GEGEGB_02149	contig_1	2096219	2097139	-	GEGEGB_02149	1	persistent	2	0	0
GEGEGB_02150	contig_1	2097200	2098738	-	GEGEGB_02150	1	persistent	2	0	0
GEGEGB_02151	contig_1	2098771	2100642	-	GEGEGB_02151	1	persistent	2	0	0
GEGEGB_02152	contig_1	2100653	2101594	-	GEGEGB_02152	1	persistent	2	0	0
GEGEGB_02153	contig_1	2101798	2103033	+	LNHIMF_00974	1	persistent	2	0	0
GEGEGB_02154	contig_1	2103033	2103782	+	LNHIMF_00973	1	persistent	2	0	0
GEGEGB_02155	contig_1	2104060	2104959	+	GEGEGB_02155	1	persistent	2	0	0
GEGEGB_02156	contig_1	2104965	2107397	+	LNHIMF_00971	1	persistent	2	0	0
GEGEGB_02157	contig_1	2107475	2108284	-	GEGEGB_02157	1	persistent	2	1	3
GEGEGB_02158	contig_1	2108546	2109811	+	LNHIMF_00969	1	persistent	2	0	2
GEGEGB_02159	contig_1	2109933	2111528	-	GEGEGB_02159	1	persistent	2	1	0
GEGEGB_02160	contig_1	2111748	2112668	+	GEGEGB_02160	1	persistent	2	0	0
GEGEGB_02161	contig_1	2112712	2113824	-	GEGEGB_02161	1	persistent	2	0	0
GEGEGB_02162	contig_1	2113821	2114294	-	GEGEGB_02162	1	persistent	2	0	0
GEGEGB_02163	contig_1	2114480	2114608	+	GEGEGB_02163	1	persistent	2	0	0
GEGEGB_02164	contig_1	2114874	2116454	+	LNHIMF_00963	1	persistent	2	1	0
GEGEGB_02165	contig_1	2116578	2117036	-	GEGEGB_00250	25	shell	58	4	2
GEGEGB_02166	contig_1	2116993	2117175	-	GEGEGB_03146	6	cloud	7	1	0
GEGEGB_02168	contig_1	2117228	2117743	-	GEGEGB_02168	1	persistent	2	0	1
GEGEGB_02169	contig_1	2118098	2118985	+	GEGEGB_02169	1	persistent	2	0	0
GEGEGB_02170	contig_1	2119288	2119791	+	GEGEGB_02170	1	persistent	2	0	1
GEGEGB_02171	contig_1	2120268	2121014	+	GEGEGB_02171	1	persistent	2	0	1
GEGEGB_02172	contig_1	2121160	2121819	+	GEGEGB_02172	1	persistent	2	0	0
GEGEGB_02173	contig_1	2121816	2122538	+	GEGEGB_02173	1	persistent	2	0	0
GEGEGB_02174	contig_1	2122657	2124879	+	LNHIMF_00956	1	persistent	2	0	0
GEGEGB_02175	contig_1	2124876	2125619	-	GEGEGB_02175	1	persistent	2	0	1
GEGEGB_02176	contig_1	2125675	2125797	-	GEGEGB_02176	1	cloud	2	0	0
GEGEGB_02177	contig_1	2126002	2126268	+	GEGEGB_02177	1	persistent	2	0	1
GEGEGB_02178	contig_1	2126553	2126813	+	GEGEGB_02178	1	persistent	2	1	0
GEGEGB_02179	contig_1	2126969	2127703	-	BEJGEH_00823	2	persistent	2	1	0
GEGEGB_02180	contig_1	2127743	2127943	-	BEJGEH_00823	2	persistent	2	1	0
GEGEGB_02181	contig_1	2127973	2128896	-	LNHIMF_00951	2	persistent	2	0	1
GEGEGB_02182	contig_1	2128906	2130117	-	LNHIMF_00951	2	persistent	2	0	1
GEGEGB_02183	contig_1	2130325	2131692	-	GEGEGB_02183	1	persistent	3	0	1
GEGEGB_02184	contig_1	2131922	2132596	+	LNHIMF_00949	1	persistent	2	0	1
GEGEGB_02185	contig_1	2132596	2133591	+	GEGEGB_02185	1	persistent	2	0	0
GEGEGB_02186	contig_1	2133584	2135320	+	LNHIMF_00947	1	persistent	2	0	0
GEGEGB_02187	contig_1	2135313	2136443	+	GEGEGB_02187	1	persistent	2	0	0
GEGEGB_02188	contig_1	2136559	2137665	+	GEGEGB_02188	1	persistent	2	0	0
GEGEGB_02189	contig_1	2137627	2138037	-	GEGEGB_02189	1	persistent	2	0	0
GEGEGB_02190	contig_1	2138170	2138928	+	LNHIMF_00943	1	persistent	2	0	0
GEGEGB_02191	contig_1	2138925	2140166	+	GEGEGB_02191	1	persistent	2	0	0
GEGEGB_02192	contig_1	2140166	2141128	+	GEGEGB_02192	1	persistent	2	0	1
GEGEGB_02193	contig_1	2141276	2141533	-	GEGEGB_02193	1	cloud	2	0	0
GEGEGB_02194	contig_1	2141563	2142084	-	GEGEGB_02194	1	persistent	2	2	2
GEGEGB_02195	contig_1	2142417	2142758	-	LNHIMF_00938	1	persistent	2	0	4
GEGEGB_02196	contig_1	2142721	2143122	-	GEGEGB_02196	1	cloud	2	0	0
GEGEGB_02197	contig_1	2143170	2143622	-	GEGEGB_02197	1	persistent	2	0	1
GEGEGB_02198	contig_1	2143624	2143869	-	LNHIMF_00936	1	persistent	2	0	0
GEGEGB_02199	contig_1	2143862	2144305	-	LNHIMF_00935	1	persistent	2	0	0
GEGEGB_02200	contig_1	2144350	2144862	-	GEGEGB_02200	1	persistent	2	0	0
GEGEGB_02201	contig_1	2144884	2145906	-	GEGEGB_02201	1	persistent	2	0	0
GEGEGB_02202	contig_1	2146270	2147178	+	GEGEGB_02202	1	persistent	2	0	0
GEGEGB_02203	contig_1	2147273	2149024	-	AJBGEP_00824	1	persistent	2	0	0
GEGEGB_02205	contig_1	2150027	2152048	-	LNHIMF_00930	1	persistent	2	0	0
GEGEGB_02206	contig_1	2152699	2153385	-	GEGEGB_02206	1	persistent	2	0	0
GEGEGB_02207	contig_1	2153378	2154133	-	LNHIMF_00928	1	persistent	2	0	0
GEGEGB_02208	contig_1	2154117	2155274	-	GEGEGB_02208	1	persistent	2	0	0
GEGEGB_02209	contig_1	2155271	2156311	-	GEGEGB_02209	1	persistent	2	0	0
GEGEGB_02210	contig_1	2156398	2157687	+	GEGEGB_02210	1	persistent	2	0	0
GEGEGB_02211	contig_1	2157745	2158221	+	GEGEGB_02211	1	persistent	2	0	0
GEGEGB_02212	contig_1	2158306	2159826	-	LNHIMF_00923	1	persistent	2	0	0
GEGEGB_02213	contig_1	2159828	2161513	-	LNHIMF_00922	1	persistent	2	0	0
GEGEGB_02214	contig_1	2161709	2162434	-	GEGEGB_02214	1	persistent	2	0	0
GEGEGB_02215	contig_1	2162479	2163432	-	LNHIMF_00920	1	persistent	2	0	0
GEGEGB_02216	contig_1	2163429	2164598	-	LNHIMF_00919	1	persistent	2	0	0
GEGEGB_02217	contig_1	2164890	2166173	+	GEGEGB_02217	1	persistent	2	0	0
GEGEGB_02218	contig_1	2166317	2167312	-	LNHIMF_00917	1	persistent	2	0	1
GEGEGB_02219	contig_1	2167476	2168294	+	LNHIMF_00916	1	persistent	2	0	3
GEGEGB_02220	contig_1	2168295	2169353	-	LNHIMF_00915	1	persistent	2	0	0
GEGEGB_02221	contig_1	2169356	2170045	-	GEGEGB_02221	1	persistent	2	0	0
GEGEGB_02222	contig_1	2170045	2170818	-	LNHIMF_00913	1	persistent	2	0	1
GEGEGB_02223	contig_1	2170985	2171134	-	GEGEGB_02223	1	persistent	2	0	0
GEGEGB_02224	contig_1	2171263	2172051	+	GEGEGB_02224	1	persistent	2	0	1
GEGEGB_02225	contig_1	2172119	2173594	+	LNHIMF_00910	1	persistent	2	0	0
GEGEGB_02226	contig_1	2173765	2174673	+	LNHIMF_00909	1	persistent	2	0	0
GEGEGB_02227	contig_1	2174896	2175912	+	GEGEGB_02227	1	persistent	2	0	0
GEGEGB_02228	contig_1	2175923	2176969	+	LNHIMF_00907	1	persistent	2	0	0
GEGEGB_02229	contig_1	2176972	2178120	+	GEGEGB_02229	1	persistent	2	0	0
GEGEGB_02230	contig_1	2178114	2179154	+	LNHIMF_00905	1	persistent	2	0	0
GEGEGB_02231	contig_1	2179378	2180130	+	GEGEGB_02231	1	persistent	2	0	0
GEGEGB_02232	contig_1	2180221	2180997	-	BEJGEH_00772	1	persistent	2	0	0
GEGEGB_02233	contig_1	2180997	2182076	-	GEGEGB_02233	1	persistent	3	0	0
GEGEGB_02234	contig_1	2182229	2183281	-	GEGEGB_02234	1	persistent	2	1	0
GEGEGB_02235	contig_1	2183601	2183987	+	GEGEGB_02235	1	persistent	2	0	0
GEGEGB_02236	contig_1	2184098	2185036	+	LNHIMF_00899	1	persistent	2	0	0
GEGEGB_02237	contig_1	2185033	2185752	-	LNHIMF_00898	1	persistent	2	0	0
GEGEGB_02238	contig_1	2185777	2186820	-	LNHIMF_00897	1	persistent	2	0	0
GEGEGB_02242	contig_1	2187782	2188570	-	GEGEGB_02242	1	persistent	2	0	0
GEGEGB_02243	contig_1	2188580	2189104	-	GEGEGB_02243	1	persistent	2	0	0
GEGEGB_02244	contig_1	2189139	2190431	-	LNHIMF_00889	1	persistent	2	0	1
GEGEGB_02245	contig_1	2190555	2191685	-	ODDLKH_01241	1	persistent	2	0	1
GEGEGB_02246	contig_1	2191750	2192178	-	GEGEGB_02246	1	persistent	2	0	1
GEGEGB_02247	contig_1	2192182	2192874	-	GEGEGB_02247	1	persistent	2	0	0
GEGEGB_02248	contig_1	2192871	2193275	-	LNHIMF_00884	1	persistent	2	0	0
GEGEGB_02249	contig_1	2193504	2193785	-	LNHIMF_00883	1	persistent	2	0	0
GEGEGB_02250	contig_1	2193922	2194035	-	GEGEGB_02250	1	persistent	2	0	0
GEGEGB_02251	contig_1	2194050	2195189	-	GEGEGB_02251	1	persistent	2	0	0
GEGEGB_02252	contig_1	2195205	2196773	-	LNHIMF_00880	1	persistent	2	0	0
GEGEGB_02253	contig_1	2198206	2198331	-	LNHIMF_00879	1	persistent	2	0	0
GEGEGB_02254	contig_1	2198361	2199230	-	LNHIMF_00878	1	persistent	2	0	0
GEGEGB_02255	contig_1	2199230	2200396	-	GEGEGB_02255	1	persistent	2	0	0
GEGEGB_02256	contig_1	2200538	2201746	-	GEGEGB_02256	1	persistent	2	0	0
GEGEGB_02257	contig_1	2201761	2204562	-	GEGEGB_02257	1	persistent	2	0	0
GEGEGB_02258	contig_1	2205088	2205804	-	LNHIMF_00874	1	persistent	2	0	0
GEGEGB_02259	contig_1	2205821	2207587	-	LNHIMF_00873	1	persistent	2	0	0
GEGEGB_02260	contig_1	2207587	2207934	-	GEGEGB_02260	1	persistent	2	0	0
GEGEGB_02261	contig_1	2207928	2208332	-	GEGEGB_02261	1	persistent	2	1	0
GEGEGB_02262	contig_1	2209072	2210355	+	LNHIMF_00870	1	persistent	2	1	0
GEGEGB_02263	contig_1	2210492	2211538	+	GEGEGB_02263	1	persistent	2	0	0
GEGEGB_02264	contig_1	2211593	2212384	-	BEJGEH_00728	1	persistent	2	1	0
GEGEGB_02265	contig_1	2212418	2212570	-	ALJMDI_01073	1	shell	1	1	0
GEGEGB_02266	contig_1	2212638	2213090	-	AJBGEP_00750	2	shell	0	2	0
GEGEGB_02267	contig_1	2213338	2214114	-	AJBGEP_00750	2	shell	0	2	0
GEGEGB_02268	contig_1	2214118	2214951	-	LNHIMF_00865	1	shell	0	2	0
GEGEGB_02269	contig_1	2215144	2216277	-	LNHIMF_00864	1	shell	0	2	0
GEGEGB_02271	contig_1	2217017	2217727	-	LNHIMF_00863	1	shell	0	3	0
GEGEGB_02273	contig_1	2218630	2219763	-	GEGEGB_02273	1	shell	0	3	0
GEGEGB_02274	contig_1	2219776	2220669	-	LNHIMF_00860	1	shell	0	2	0
GEGEGB_02275	contig_1	2220752	2221819	-	LNHIMF_00859	1	shell	0	2	0
GEGEGB_02276	contig_1	2222105	2222845	-	GEGEGB_02276	1	shell	0	2	0
GEGEGB_02277	contig_1	2222847	2223068	-	GEGEGB_02277	1	shell	0	2	0
GEGEGB_02278	contig_1	2223360	2223926	-	GEGEGB_02278	1	shell	1	1	0
GEGEGB_02279	contig_1	2224441	2225175	-	GEGEGB_02279	1	persistent	2	1	0
GEGEGB_02280	contig_1	2225165	2226097	-	LNHIMF_00854	1	persistent	2	0	0
GEGEGB_02281	contig_1	2226091	2226747	-	GEGEGB_02281	1	persistent	2	0	0
GEGEGB_02282	contig_1	2226763	2227506	-	GEGEGB_02282	1	persistent	2	0	0
GEGEGB_02283	contig_1	2227835	2229316	+	GEGEGB_02283	1	persistent	2	0	0
GEGEGB_02284	contig_1	2229355	2230776	-	LNHIMF_00850	1	persistent	2	0	0
GEGEGB_02285	contig_1	2230887	2231093	-	GEGEGB_02285	1	persistent	2	0	0
GEGEGB_02286	contig_1	2231519	2233198	+	GEGEGB_02286	1	persistent	2	0	0
GEGEGB_02287	contig_1	2233219	2234928	+	GEGEGB_02287	1	persistent	2	0	0
GEGEGB_02288	contig_1	2234937	2235521	+	LNHIMF_00846	1	persistent	2	0	0
GEGEGB_02289	contig_1	2235518	2238202	+	LNHIMF_00845	1	persistent	2	0	0
GEGEGB_02290	contig_1	2238199	2238876	+	LNHIMF_00844	1	persistent	3	0	1
GEGEGB_02291	contig_1	2239154	2239327	+	GEGEGB_02291	1	cloud	2	0	0
GEGEGB_02292	contig_1	2239638	2240051	+	LNHIMF_00842	2	persistent	3	0	2
GEGEGB_02293	contig_1	2240014	2240292	+	GEGEGB_02293	1	cloud	1	0	0
GEGEGB_02294	contig_1	2240495	2241706	+	LNHIMF_00842	2	persistent	3	0	2
GEGEGB_02295	contig_1	2241703	2243022	+	GEGEGB_02295	1	persistent	2	0	0
GEGEGB_02296	contig_1	2243087	2243572	+	GEGEGB_02296	1	persistent	2	0	0
GEGEGB_02297	contig_1	2243687	2245327	-	GEGEGB_02297	1	persistent	2	0	0
GEGEGB_02298	contig_1	2245352	2245894	-	GEGEGB_02298	1	persistent	2	0	0
GEGEGB_02299	contig_1	2246079	2246849	+	LNHIMF_00837	1	persistent	2	0	0
GEGEGB_02300	contig_1	2246983	2247276	+	GEGEGB_02300	1	persistent	2	0	0
GEGEGB_02301	contig_1	2247427	2247957	+	LNHIMF_00835	1	persistent	2	0	1
GEGEGB_02302	contig_1	2248239	2248691	+	GEGEGB_02302	1	persistent	2	0	1
GEGEGB_02303	contig_1	2248806	2249732	+	LNHIMF_00832	1	persistent	2	0	0
GEGEGB_02304	contig_1	2249830	2251233	+	GEGEGB_02304	1	persistent	2	0	0
GEGEGB_02305	contig_1	2251220	2252359	+	BEJGEH_00703	1	persistent	2	0	0
GEGEGB_02306	contig_1	2252410	2253714	+	GEGEGB_02306	1	persistent	2	0	0
GEGEGB_02307	contig_1	2253763	2254095	-	GEGEGB_02307	1	persistent	2	0	0
GEGEGB_02308	contig_1	2254145	2255551	-	GEGEGB_02308	1	persistent	2	0	0
GEGEGB_02309	contig_1	2256003	2257670	-	ALJMDI_00783	1	persistent	2	0	0
GEGEGB_02310	contig_1	2257881	2259833	-	LNHIMF_00825	1	persistent	2	0	0
GEGEGB_02311	contig_1	2260160	2260960	+	GEGEGB_02311	1	persistent	2	0	0
GEGEGB_02312	contig_1	2260960	2262174	+	LNHIMF_00823	1	persistent	2	0	0
GEGEGB_02313	contig_1	2262179	2263399	+	GEGEGB_02313	1	persistent	2	0	0
GEGEGB_02314	contig_1	2263446	2264198	+	GEGEGB_02314	1	persistent	2	0	1
GEGEGB_02315	contig_1	2264488	2266152	+	GEGEGB_02315	1	persistent	2	2	0
GEGEGB_02322	contig_1	2267097	2268272	-	GEGEGB_02322	1	persistent	2	2	0
GEGEGB_02323	contig_1	2268416	2269840	+	GEGEGB_02323	1	persistent	2	0	0
GEGEGB_02324	contig_1	2270045	2271091	+	GEGEGB_02324	1	persistent	2	0	0
GEGEGB_02325	contig_1	2271088	2271561	+	GEGEGB_02325	1	persistent	2	0	0
GEGEGB_02326	contig_1	2271719	2272597	+	GEGEGB_02326	1	persistent	2	0	0
GEGEGB_02327	contig_1	2272566	2274155	+	LNHIMF_00805	1	persistent	2	0	0
GEGEGB_02328	contig_1	2274573	2275481	+	LNHIMF_00804	1	persistent	2	0	0
GEGEGB_02330	contig_1	2275641	2276381	+	GEGEGB_02330	1	persistent	2	0	0
GEGEGB_02331	contig_1	2276381	2277055	+	GEGEGB_02331	1	persistent	2	0	0
GEGEGB_02332	contig_1	2277055	2277780	+	GEGEGB_02332	1	persistent	2	0	0
GEGEGB_02333	contig_1	2277897	2278832	+	GEGEGB_02333	1	persistent	3	0	0
GEGEGB_02334	contig_1	2278864	2279244	+	BEJGEH_00670	1	persistent	2	1	0
GEGEGB_02335	contig_1	2279283	2279756	-	GEGEGB_02335	1	persistent	3	1	1
GEGEGB_02336	contig_1	2279849	2281777	-	LNHIMF_00797	1	persistent	2	0	0
GEGEGB_02337	contig_1	2281845	2282798	-	LNHIMF_00796	1	persistent	2	0	0
GEGEGB_02338	contig_1	2282848	2284098	-	BEJGEH_00660	1	persistent	2	0	0
GEGEGB_02339	contig_1	2284037	2284327	-	GEGEGB_02339	1	persistent	2	0	0
GEGEGB_02340	contig_1	2284615	2287197	+	LNHIMF_00793	1	persistent	2	0	0
GEGEGB_02341	contig_1	2287212	2287802	+	GEGEGB_02341	1	persistent	2	0	0
GEGEGB_02342	contig_1	2287802	2288833	+	GEGEGB_02342	1	persistent	2	0	0
GEGEGB_02343	contig_1	2288826	2289476	+	LNHIMF_00790	1	persistent	2	0	0
GEGEGB_02344	contig_1	2289451	2290545	-	LNHIMF_00789	1	persistent	2	0	0
GEGEGB_02345	contig_1	2290642	2291250	+	GEGEGB_02345	1	persistent	2	0	0
GEGEGB_02346	contig_1	2291579	2291896	+	GEGEGB_02346	1	persistent	2	0	0
GEGEGB_02347	contig_1	2291900	2292367	+	GEGEGB_02347	1	persistent	2	0	0
GEGEGB_02348	contig_1	2292398	2294299	+	LNHIMF_00785	1	persistent	2	0	0
GEGEGB_02349	contig_1	2294302	2295414	+	GEGEGB_02349	1	persistent	2	0	0
GEGEGB_02350	contig_1	2295425	2296558	+	AJBGEP_00662	1	persistent	2	0	0
GEGEGB_02351	contig_1	2296625	2297908	+	LNHIMF_00782	1	persistent	2	0	0
GEGEGB_02352	contig_1	2298016	2298279	+	GEGEGB_02352	1	persistent	2	0	0
GEGEGB_02353	contig_1	2298379	2299020	+	GEGEGB_02353	1	persistent	2	0	0
GEGEGB_02354	contig_1	2299322	2300275	+	GEGEGB_02354	1	persistent	2	0	0
GEGEGB_02355	contig_1	2300481	2301446	+	GEGEGB_02355	1	persistent	2	0	0
GEGEGB_02356	contig_1	2301533	2301736	-	GEGEGB_02356	1	persistent	2	0	0
GEGEGB_02357	contig_1	2301992	2302651	-	HFCAGB_00724	1	persistent	2	0	0
GEGEGB_02358	contig_1	2302742	2303125	+	GEGEGB_02358	1	persistent	2	0	0
GEGEGB_02359	contig_1	2303183	2303392	-	GEGEGB_01108	2	persistent	4	0	0
GEGEGB_02360	contig_1	2303580	2304152	-	LNHIMF_00773	1	persistent	2	0	0
GEGEGB_02361	contig_1	2304531	2305916	+	GEGEGB_02361	1	persistent	2	0	1
GEGEGB_02362	contig_1	2305970	2306650	-	GEGEGB_02362	1	persistent	2	0	0
GEGEGB_02363	contig_1	2306619	2308280	-	GEGEGB_02363	1	persistent	2	0	2
GEGEGB_02364	contig_1	2308715	2309740	+	LNHIMF_00768	1	persistent	2	0	1
GEGEGB_02365	contig_1	2309737	2310033	+	GEGEGB_02365	1	persistent	2	0	0
GEGEGB_02366	contig_1	2310030	2310938	+	LNHIMF_00766	1	persistent	2	0	0
GEGEGB_02367	contig_1	2310948	2312477	+	LNHIMF_00765	1	persistent	2	0	0
GEGEGB_02368	contig_1	2312525	2312926	+	BEJGEH_00629	1	persistent	2	0	0
GEGEGB_02369	contig_1	2312898	2313794	+	GEGEGB_02369	1	persistent	2	0	0
GEGEGB_02370	contig_1	2313832	2315367	+	LNHIMF_00762	1	persistent	2	0	0
GEGEGB_02371	contig_1	2315477	2316283	+	LNHIMF_00761	1	persistent	2	0	0
GEGEGB_02372	contig_1	2316518	2316928	+	GEGEGB_02372	1	persistent	2	0	0
GEGEGB_02373	contig_1	2317011	2318249	-	LNHIMF_00759	1	persistent	2	0	0
GEGEGB_02374	contig_1	2318472	2318900	+	GEGEGB_02374	1	persistent	2	0	0
GEGEGB_02375	contig_1	2318968	2319735	-	GEGEGB_02375	1	persistent	2	0	1
GEGEGB_02376	contig_1	2319735	2320292	-	LNHIMF_00756	1	persistent	2	0	0
GEGEGB_02377	contig_1	2320289	2322568	-	LNHIMF_00755	1	persistent	2	0	1
GEGEGB_02378	contig_1	2322639	2323121	-	BEJGEH_00619	1	persistent	2	1	0
GEGEGB_02379	contig_1	2323397	2323855	-	GEGEGB_00250	25	shell	58	4	2
GEGEGB_02381	contig_1	2324165	2325730	-	LNHIMF_00753	1	persistent	2	1	0
GEGEGB_02382	contig_1	2325972	2326535	-	GEGEGB_02382	1	persistent	2	0	0
GEGEGB_02384	contig_1	2326975	2327721	+	LNHIMF_00750	1	persistent	2	0	0
GEGEGB_02385	contig_1	2328038	2328940	+	LNHIMF_00749	1	persistent	2	0	0
GEGEGB_02386	contig_1	2329106	2330341	+	LNHIMF_00748	1	persistent	2	0	0
GEGEGB_02387	contig_1	2330314	2330931	+	BEJGEH_00612	1	persistent	2	0	0
GEGEGB_02388	contig_1	2330932	2332092	-	LNHIMF_00746	1	persistent	2	0	0
GEGEGB_02389	contig_1	2332219	2333307	+	LNHIMF_00745	1	persistent	2	0	0
GEGEGB_02390	contig_1	2333343	2333540	-	GEGEGB_02390	1	persistent	2	0	0
GEGEGB_02391	contig_1	2333604	2335709	-	LNHIMF_00743	1	persistent	2	0	0
GEGEGB_02392	contig_1	2335891	2336304	-	GEGEGB_02392	1	persistent	2	0	0
GEGEGB_02393	contig_1	2336307	2337062	-	HFCAGB_00686	1	persistent	2	0	0
GEGEGB_02394	contig_1	2337062	2337919	-	GEGEGB_02394	1	persistent	2	0	0
GEGEGB_02395	contig_1	2337933	2339543	-	LNHIMF_00739	1	persistent	2	0	0
GEGEGB_02396	contig_1	2339553	2340728	-	GEGEGB_02396	1	persistent	2	0	0
GEGEGB_02397	contig_1	2341036	2341992	+	LNHIMF_00737	1	persistent	2	0	0
GEGEGB_02398	contig_1	2342055	2343299	-	GEGEGB_02398	1	persistent	2	0	0
GEGEGB_02399	contig_1	2343410	2344417	+	GEGEGB_02399	1	persistent	2	0	0
GEGEGB_02400	contig_1	2344417	2345406	+	GEGEGB_02400	1	persistent	2	0	0
GEGEGB_02401	contig_1	2345403	2346197	+	GEGEGB_02401	1	persistent	2	0	0
GEGEGB_02402	contig_1	2346250	2347131	-	HFCAGB_00677	2	persistent	2	0	0
GEGEGB_02403	contig_1	2347150	2347386	-	HFCAGB_00677	2	persistent	2	0	0
GEGEGB_02404	contig_1	2347636	2351520	-	LNHIMF_00731	1	persistent	2	0	0
GEGEGB_02405	contig_1	2351517	2351735	-	LNHIMF_00730	1	persistent	2	0	0
GEGEGB_02406	contig_1	2351766	2352980	-	BEJGEH_00594	1	persistent	2	0	0
GEGEGB_02407	contig_1	2353169	2355424	+	LNHIMF_00728	1	persistent	2	0	0
GEGEGB_02408	contig_1	2355471	2356175	+	BENMGJ_04249	1	persistent	2	0	0
GEGEGB_02409	contig_1	2356187	2357305	+	LNHIMF_00726	1	persistent	2	0	0
GEGEGB_02410	contig_1	2357372	2357620	+	GEGEGB_02410	1	persistent	2	0	0
GEGEGB_02411	contig_1	2357626	2357967	-	LNHIMF_00724	1	persistent	3	0	0
GEGEGB_02413	contig_1	2358256	2358837	+	BEJGEH_00587	1	persistent	2	0	0
GEGEGB_02414	contig_1	2358837	2359205	+	BEJGEH_00586	1	persistent	2	0	0
GEGEGB_02415	contig_1	2359302	2359955	+	GEGEGB_02415	1	persistent	2	1	0
GEGEGB_02416	contig_1	2360310	2362280	-	AJBGEP_00592	1	persistent	3	1	1
GEGEGB_02417	contig_1	2362591	2363838	+	GEGEGB_02417	1	persistent	2	0	1
GEGEGB_02418	contig_1	2363880	2365274	-	LNHIMF_00720	1	persistent	2	0	0
GEGEGB_02419	contig_1	2365600	2366310	+	LNHIMF_00719	2	persistent	2	0	0
GEGEGB_02420	contig_1	2366335	2366775	+	LNHIMF_00719	2	persistent	2	0	0
GEGEGB_02421	contig_1	2366854	2367414	-	GEGEGB_02421	1	persistent	2	0	0
GEGEGB_02422	contig_1	2367427	2367663	-	GEGEGB_02422	1	persistent	2	0	0
GEGEGB_02423	contig_1	2367820	2369145	-	LNHIMF_00716	1	persistent	2	0	0
GEGEGB_02424	contig_1	2369361	2370215	+	BEJGEH_00577	1	persistent	1	1	2
GEGEGB_02425	contig_1	2370266	2370355	-	PAPNPA_02588	1	cloud	1	0	2
GEGEGB_02426	contig_1	2370775	2371020	+	GEGEGB_02426	1	cloud	1	1	3
GEGEGB_02428	contig_1	2371423	2371785	+	GEGEGB_02428	2	persistent	3	3	2
GEGEGB_02429	contig_1	2371782	2372708	+	BEJGEH_04267	1	persistent	1	3	6
GEGEGB_02430	contig_1	2372701	2374341	+	BEJGEH_00570	1	shell	1	2	0
GEGEGB_02431	contig_1	2374727	2374945	+	GEGEGB_02431	1	shell	1	3	0
GEGEGB_02432	contig_1	2375122	2375394	+	HFCAGB_00647	1	shell	2	1	0
GEGEGB_02434	contig_1	2375841	2376437	+	GEGEGB_02434	1	persistent	2	3	2
GEGEGB_02435	contig_1	2376602	2376910	+	AJBGEP_00574	1	shell	2	0	0
GEGEGB_02436	contig_1	2376929	2377651	+	LNHIMF_00559	1	persistent	2	1	0
GEGEGB_02437	contig_1	2378255	2378887	+	LNHIMF_00558	1	persistent	2	0	0
GEGEGB_02438	contig_1	2378933	2379451	-	BEJGEH_00562	1	persistent	2	0	0
GEGEGB_02439	contig_1	2379461	2380468	-	LNHIMF_00556	1	persistent	2	0	0
GEGEGB_02440	contig_1	2380483	2383095	-	LNHIMF_00555	1	persistent	2	0	0
GEGEGB_02441	contig_1	2383126	2383818	-	LNHIMF_00554	1	persistent	2	0	0
GEGEGB_02442	contig_1	2383862	2384395	-	GEGEGB_02442	1	persistent	2	0	0
GEGEGB_02443	contig_1	2384470	2385024	-	LNHIMF_00552	1	persistent	2	0	0
GEGEGB_02444	contig_1	2385571	2386437	+	LNHIMF_00551	1	persistent	2	0	0
GEGEGB_02445	contig_1	2386439	2386651	+	GEGEGB_02445	1	persistent	2	0	0
GEGEGB_02446	contig_1	2386735	2387283	+	LNHIMF_00549	1	persistent	3	0	0
GEGEGB_02447	contig_1	2387374	2388759	-	GEGEGB_02447	1	persistent	3	0	0
GEGEGB_02448	contig_1	2388932	2389426	+	GEGEGB_02448	1	persistent	2	0	0
GEGEGB_02449	contig_1	2389429	2390151	+	LNHIMF_00544	1	persistent	2	0	0
GEGEGB_02450	contig_1	2390269	2390778	+	LNHIMF_00543	1	persistent	2	0	0
GEGEGB_02451	contig_1	2390775	2391842	+	GEGEGB_02451	1	persistent	3	0	0
GEGEGB_02452	contig_1	2391883	2392776	-	GEGEGB_02452	1	persistent	2	0	0
GEGEGB_02453	contig_1	2392780	2393589	-	HFCAGB_00559	1	persistent	2	0	0
GEGEGB_02454	contig_1	2393601	2394848	-	BEJGEH_00544	1	persistent	2	0	0
GEGEGB_02455	contig_1	2394870	2396534	-	HFCAGB_00557	1	persistent	2	0	0
GEGEGB_02456	contig_1	2396850	2397899	+	BEJGEH_00542	1	persistent	2	0	0
GEGEGB_02457	contig_1	2397921	2399156	+	BEJGEH_00541	1	persistent	2	0	0
GEGEGB_02458	contig_1	2399167	2399952	+	GEGEGB_02458	1	persistent	2	0	0
GEGEGB_02460	contig_1	2400031	2401179	-	BEJGEH_00538	1	persistent	2	0	0
GEGEGB_02461	contig_1	2401202	2402500	-	GEGEGB_02461	1	persistent	2	0	0
GEGEGB_02462	contig_1	2402559	2403920	-	GEGEGB_02462	1	persistent	2	0	0
GEGEGB_02463	contig_1	2403999	2404862	-	HFCAGB_00549	2	persistent	2	0	0
GEGEGB_02464	contig_1	2405025	2405453	-	HFCAGB_00549	2	persistent	2	0	0
GEGEGB_02465	contig_1	2405549	2406796	-	BEJGEH_00534	1	persistent	2	0	0
GEGEGB_02466	contig_1	2406862	2407740	-	BEJGEH_00533	1	persistent	2	0	0
GEGEGB_02467	contig_1	2407841	2408617	-	BEJGEH_00532	1	persistent	2	0	0
GEGEGB_02468	contig_1	2408630	2410411	-	BEJGEH_00531	1	persistent	2	0	0
GEGEGB_02469	contig_1	2410496	2411314	-	BEJGEH_00530	1	persistent	2	0	0
GEGEGB_02470	contig_1	2411393	2411686	-	BEJGEH_00529	1	persistent	2	0	0
GEGEGB_02472	contig_1	2412101	2413027	+	BEJGEH_00528	1	persistent	2	0	0
GEGEGB_02473	contig_1	2413097	2414191	+	BEJGEH_00527	1	persistent	3	0	0
GEGEGB_02474	contig_1	2414230	2414889	-	GEGEGB_02474	1	persistent	2	0	0
GEGEGB_02475	contig_1	2414882	2415898	-	LNHIMF_00539	1	persistent	2	0	0
GEGEGB_02476	contig_1	2415935	2416765	-	LNHIMF_00538	1	persistent	2	0	0
GEGEGB_02477	contig_1	2417022	2418155	-	GEGEGB_02477	1	persistent	2	0	0
GEGEGB_02478	contig_1	2418240	2418344	-	LNHIMF_00536	1	persistent	2	0	0
GEGEGB_02479	contig_1	2418341	2420755	-	LNHIMF_00535	1	persistent	2	0	0
GEGEGB_02480	contig_1	2420752	2421438	-	GEGEGB_02480	1	persistent	2	0	0
GEGEGB_02481	contig_1	2421439	2422023	+	GEGEGB_02481	1	persistent	2	0	0
GEGEGB_02482	contig_1	2422178	2422948	+	GEGEGB_02482	1	persistent	2	0	0
GEGEGB_02483	contig_1	2423008	2423862	+	GEGEGB_02483	1	persistent	2	0	0
GEGEGB_02484	contig_1	2423948	2424727	-	LNHIMF_00530	1	persistent	2	0	0
GEGEGB_02485	contig_1	2424714	2425391	-	LNHIMF_00529	1	persistent	2	0	0
GEGEGB_02486	contig_1	2425538	2426455	+	LNHIMF_00528	1	persistent	2	0	0
GEGEGB_02487	contig_1	2426452	2426904	+	GEGEGB_02487	1	persistent	2	0	0
GEGEGB_02488	contig_1	2426905	2427321	-	LNHIMF_00526	1	persistent	2	0	0
GEGEGB_02489	contig_1	2427431	2429932	+	LNHIMF_00525	1	persistent	3	0	0
GEGEGB_02490	contig_1	2430286	2431122	+	BEJGEH_00510	1	persistent	2	0	0
GEGEGB_02491	contig_1	2431199	2431993	+	BEJGEH_00509	1	persistent	3	0	0
GEGEGB_02493	contig_1	2432194	2432673	+	LNHIMF_00521	1	persistent	2	0	0
GEGEGB_02494	contig_1	2432790	2433644	-	BEJGEH_00506	2	persistent	2	0	0
GEGEGB_02495	contig_1	2433641	2434441	-	BEJGEH_00506	2	persistent	2	0	0
GEGEGB_02496	contig_1	2434614	2435834	+	GEGEGB_02496	1	persistent	2	1	0
GEGEGB_02497	contig_1	2435846	2435971	-	LNHIMF_00518	1	shell	2	0	0
GEGEGB_02498	contig_1	2436049	2437725	+	GEGEGB_02498	1	persistent	2	1	0
GEGEGB_02499	contig_1	2437774	2439123	-	GEGEGB_02499	1	persistent	2	0	1
GEGEGB_02500	contig_1	2439231	2440202	+	LNHIMF_00515	1	persistent	2	0	1
GEGEGB_02501	contig_1	2440199	2441161	-	LNHIMF_00514	1	persistent	2	0	0
GEGEGB_02502	contig_1	2441391	2442035	-	GEGEGB_02502	1	persistent	2	0	0
GEGEGB_02503	contig_1	2442451	2444325	-	GEGEGB_02503	1	persistent	2	0	0
GEGEGB_02504	contig_1	2444436	2445041	-	GEGEGB_02504	1	persistent	2	0	0
GEGEGB_02505	contig_1	2445041	2445370	-	GEGEGB_02505	1	persistent	2	0	0
GEGEGB_02506	contig_1	2445416	2447344	-	GEGEGB_02506	1	persistent	2	0	0
GEGEGB_02507	contig_1	2447458	2448009	-	LNHIMF_00508	1	persistent	2	0	1
GEGEGB_02508	contig_1	2448162	2448539	-	GEGEGB_02508	1	persistent	2	0	0
GEGEGB_02509	contig_1	2448743	2449135	+	BEJGEH_00490	1	persistent	2	0	1
GEGEGB_02510	contig_1	2449149	2449316	+	GEGEGB_02510	1	persistent	2	0	0
GEGEGB_02511	contig_1	2449386	2450309	+	LNHIMF_00504	1	persistent	2	0	0
GEGEGB_02512	contig_1	2450351	2453713	-	LNHIMF_00503	1	persistent	2	0	0
GEGEGB_02513	contig_1	2453832	2454485	-	GEGEGB_02513	1	persistent	2	0	0
GEGEGB_02514	contig_1	2454627	2455820	+	GEGEGB_02514	1	persistent	2	0	0
GEGEGB_02515	contig_1	2455843	2458992	+	LNHIMF_03443	3	persistent	4	0	0
GEGEGB_02516	contig_1	2459488	2459862	+	GEGEGB_02516	1	persistent	2	0	0
GEGEGB_02517	contig_1	2459890	2460108	+	GEGEGB_02517	1	persistent	2	0	0
GEGEGB_02518	contig_1	2460287	2460838	+	GEGEGB_02518	1	persistent	2	0	0
GEGEGB_02519	contig_1	2460956	2461426	+	GEGEGB_02519	1	persistent	2	0	1
GEGEGB_02520	contig_1	2461628	2461888	-	GEGEGB_02520	1	persistent	2	0	1
GEGEGB_02521	contig_1	2462113	2463663	+	BEJGEH_00477	1	persistent	2	0	0
GEGEGB_02523	contig_1	2463972	2464283	+	GEGEGB_02523	1	persistent	2	0	0
GEGEGB_02524	contig_1	2464316	2464885	-	GEGEGB_02524	1	persistent	2	0	0
GEGEGB_02525	contig_1	2465100	2465960	+	GEGEGB_02525	1	persistent	2	0	0
GEGEGB_02526	contig_1	2466060	2467346	-	GEGEGB_02526	1	persistent	2	0	0
GEGEGB_02527	contig_1	2467378	2467716	-	GEGEGB_02527	1	persistent	2	0	0
GEGEGB_02528	contig_1	2467929	2469710	-	LNHIMF_00486	1	persistent	2	0	0
GEGEGB_02529	contig_1	2469703	2471475	-	GEGEGB_02529	1	persistent	2	0	0
GEGEGB_02530	contig_1	2471516	2471974	-	GEGEGB_02530	1	persistent	2	0	0
GEGEGB_02531	contig_1	2472087	2473142	+	LNHIMF_00483	1	persistent	2	1	0
GEGEGB_02532	contig_1	2473258	2473716	-	GEGEGB_00250	25	shell	58	4	2
GEGEGB_02533	contig_1	2473673	2473906	-	GEGEGB_00636	5	cloud	4	1	1
GEGEGB_02535	contig_1	2473903	2474721	-	GEGEGB_02535	1	persistent	2	0	1
GEGEGB_02536	contig_1	2474821	2476521	+	GEGEGB_02536	1	persistent	2	0	0
GEGEGB_02537	contig_1	2476586	2477281	+	GEGEGB_02537	1	persistent	2	0	0
GEGEGB_02538	contig_1	2477388	2477786	-	GEGEGB_02538	1	persistent	2	0	0
GEGEGB_02539	contig_1	2477890	2478264	-	GEGEGB_02539	1	persistent	2	0	0
GEGEGB_02540	contig_1	2478414	2480285	-	GEGEGB_02540	1	persistent	2	0	0
GEGEGB_02541	contig_1	2480576	2480848	-	GEGEGB_02541	1	persistent	2	0	0
GEGEGB_02542	contig_1	2481057	2483411	-	GEGEGB_02542	1	persistent	2	0	0
GEGEGB_02544	contig_1	2483597	2484868	-	LNHIMF_00473	1	persistent	2	0	0
GEGEGB_02545	contig_1	2485120	2485743	-	GEGEGB_02545	1	persistent	2	0	0
GEGEGB_02546	contig_1	2485990	2487288	-	GEGEGB_02546	1	persistent	2	0	0
GEGEGB_02547	contig_1	2487635	2487949	-	GEGEGB_02547	1	persistent	2	0	0
GEGEGB_02548	contig_1	2488202	2488834	+	GEGEGB_02548	1	persistent	2	0	0
GEGEGB_02549	contig_1	2488872	2490353	+	GEGEGB_02549	1	persistent	2	0	0
GEGEGB_02550	contig_1	2490806	2491762	+	GEGEGB_02550	1	persistent	2	0	0
GEGEGB_02551	contig_1	2491773	2493764	+	GEGEGB_02551	1	persistent	2	0	0
GEGEGB_02552	contig_1	2493754	2494368	+	LNHIMF_00465	1	persistent	2	0	0
GEGEGB_02553	contig_1	2494368	2494697	+	GEGEGB_02553	1	persistent	2	0	0
GEGEGB_02554	contig_1	2494709	2495599	+	GEGEGB_02554	1	persistent	2	1	1
GEGEGB_02555	contig_1	2495647	2496786	-	PAPNPA_02012	2	cloud	2	0	0
GEGEGB_02556	contig_1	2496853	2497116	-	PAPNPA_02012	2	cloud	2	0	0
GEGEGB_02557	contig_1	2497128	2497562	-	HFCAGB_00461	2	persistent	1	1	2
GEGEGB_02558	contig_1	2497508	2497969	-	HFCAGB_00461	2	persistent	1	1	2
GEGEGB_02559	contig_1	2497966	2498637	-	GEGEGB_02559	1	cloud	2	0	0
GEGEGB_02560	contig_1	2499173	2500537	+	GEGEGB_02560	1	persistent	3	0	1
GEGEGB_02561	contig_1	2500584	2501075	-	LNHIMF_00461	1	persistent	2	0	0
GEGEGB_02562	contig_1	2501201	2502112	+	LNHIMF_00460	1	persistent	2	0	0
GEGEGB_02563	contig_1	2502075	2502665	+	GEGEGB_02563	1	persistent	2	0	0
GEGEGB_02564	contig_1	2502762	2503571	-	GEGEGB_02564	1	persistent	2	0	0
GEGEGB_02565	contig_1	2503581	2504684	-	GEGEGB_02565	1	persistent	2	0	0
GEGEGB_02566	contig_1	2504824	2505543	+	GEGEGB_02566	1	persistent	2	0	0
GEGEGB_02567	contig_1	2505741	2506754	+	LNHIMF_00455	1	persistent	2	0	0
GEGEGB_02568	contig_1	2506760	2507869	+	LNHIMF_00454	1	persistent	2	0	0
GEGEGB_02569	contig_1	2507872	2508741	+	HFCAGB_00451	1	persistent	2	0	0
GEGEGB_02570	contig_1	2508735	2509526	+	LNHIMF_00452	1	persistent	2	0	0
GEGEGB_02571	contig_1	2509576	2511024	-	LNHIMF_00451	1	persistent	2	0	0
GEGEGB_02572	contig_1	2511234	2511476	+	GEGEGB_02572	1	persistent	2	0	0
GEGEGB_02573	contig_1	2511477	2512376	+	GEGEGB_02573	1	persistent	2	0	0
GEGEGB_02574	contig_1	2512400	2514262	+	LNHIMF_00448	1	persistent	2	0	0
GEGEGB_02575	contig_1	2514319	2515293	+	LNHIMF_00447	1	persistent	2	0	0
GEGEGB_02576	contig_1	2515397	2515912	-	GEGEGB_02576	1	persistent	2	0	0
GEGEGB_02577	contig_1	2515890	2516867	-	LNHIMF_00445	1	persistent	2	0	0
GEGEGB_02578	contig_1	2516946	2517365	-	LNHIMF_00444	1	persistent	2	0	0
GEGEGB_02579	contig_1	2517386	2517856	-	GEGEGB_02579	1	persistent	2	0	0
GEGEGB_02580	contig_1	2517945	2519048	-	LNHIMF_00442	1	persistent	2	0	0
GEGEGB_02581	contig_1	2519052	2519501	-	GEGEGB_02581	1	persistent	2	0	0
GEGEGB_02582	contig_1	2519653	2520192	+	LNHIMF_00440	1	persistent	2	0	0
GEGEGB_02583	contig_1	2520492	2521355	+	GEGEGB_02583	1	persistent	2	0	0
GEGEGB_02584	contig_1	2521438	2521545	-	LNHIMF_00437	1	persistent	2	0	0
GEGEGB_02586	contig_1	2521988	2522335	-	GEGEGB_02586	1	persistent	2	1	0
GEGEGB_02587	contig_1	2522505	2523197	-	GEGEGB_02587	1	shell	1	1	0
GEGEGB_02588	contig_1	2523223	2523588	-	GEGEGB_02588	1	shell	1	1	0
GEGEGB_02589	contig_1	2523735	2524706	-	GEGEGB_02589	1	persistent	2	1	0
GEGEGB_02590	contig_1	2524717	2526531	-	GEGEGB_02590	1	persistent	2	0	0
GEGEGB_02591	contig_1	2526592	2526924	-	GEGEGB_02591	1	persistent	2	0	0
GEGEGB_02592	contig_1	2526947	2528074	-	LNHIMF_00432	1	persistent	2	0	0
GEGEGB_02593	contig_1	2528271	2529335	-	LNHIMF_00431	1	persistent	2	0	0
GEGEGB_02594	contig_1	2529429	2530010	+	GEGEGB_02594	1	persistent	2	0	0
GEGEGB_02595	contig_1	2530220	2530822	+	GEGEGB_02595	1	persistent	2	0	0
GEGEGB_02596	contig_1	2530894	2532711	-	LNHIMF_00428	1	persistent	2	0	0
GEGEGB_02597	contig_1	2532873	2534243	-	LNHIMF_00427	1	persistent	2	1	0
GEGEGB_02598	contig_1	2534377	2534835	-	GEGEGB_00250	25	shell	58	4	2
GEGEGB_02600	contig_1	2535029	2536348	-	GEGEGB_02600	1	persistent	2	1	0
GEGEGB_02601	contig_1	2536757	2538052	-	LNHIMF_00425	1	persistent	2	0	0
GEGEGB_02602	contig_1	2538122	2538811	-	GEGEGB_02602	1	persistent	2	0	0
GEGEGB_02603	contig_1	2539026	2540228	+	LNHIMF_00423	1	persistent	2	0	0
GEGEGB_02604	contig_1	2540225	2543335	+	LNHIMF_00422	1	persistent	2	0	0
GEGEGB_02605	contig_1	2543539	2544144	+	LNHIMF_00421	2	persistent	2	0	0
GEGEGB_02606	contig_1	2544163	2544711	+	LNHIMF_00421	2	persistent	2	0	0
GEGEGB_02607	contig_1	2544731	2545639	-	GEGEGB_02607	1	persistent	2	0	0
GEGEGB_02608	contig_1	2545765	2546676	+	GEGEGB_02608	1	persistent	2	0	0
GEGEGB_02609	contig_1	2546714	2546998	-	GEGEGB_02609	1	persistent	2	0	0
GEGEGB_02610	contig_1	2547069	2547611	-	LNHIMF_00417	1	persistent	2	0	0
GEGEGB_02612	contig_1	2548004	2548195	-	GEGEGB_02612	1	persistent	2	0	0
GEGEGB_02613	contig_1	2548222	2548767	-	GEGEGB_02613	1	persistent	2	0	0
GEGEGB_02614	contig_1	2548952	2549407	-	GEGEGB_02614	1	persistent	2	0	0
GEGEGB_02615	contig_1	2549547	2550356	+	LNHIMF_00413	1	persistent	2	0	0
GEGEGB_02616	contig_1	2550371	2551483	-	LNHIMF_00412	1	persistent	2	0	0
GEGEGB_02617	contig_1	2551575	2551895	-	GEGEGB_02617	1	persistent	2	0	0
GEGEGB_02618	contig_1	2552247	2552507	-	GEGEGB_02618	1	persistent	2	0	0
GEGEGB_02619	contig_1	2552804	2554003	-	GEGEGB_02619	1	persistent	2	0	0
GEGEGB_02620	contig_1	2554172	2554855	-	LNHIMF_00408	1	persistent	2	0	0
GEGEGB_02621	contig_1	2554945	2556057	+	GEGEGB_02621	1	persistent	2	0	0
GEGEGB_02622	contig_1	2556083	2556298	-	GEGEGB_02622	1	persistent	2	0	0
GEGEGB_02623	contig_1	2556566	2556874	+	GEGEGB_02623	1	persistent	2	0	0
GEGEGB_02624	contig_1	2556912	2558006	-	LNHIMF_00404	1	persistent	2	0	0
GEGEGB_02625	contig_1	2558021	2559241	-	LNHIMF_00403	1	persistent	2	0	0
GEGEGB_02626	contig_1	2559577	2560734	+	GEGEGB_02626	1	persistent	2	0	0
GEGEGB_02627	contig_1	2560779	2561402	-	BEJGEH_00383	1	persistent	1	1	3
GEGEGB_02628	contig_1	2561488	2564373	-	GEGEGB_02628	1	cloud	2	0	0
GEGEGB_02629	contig_1	2564886	2565860	+	GEGEGB_02629	1	persistent	1	1	3
GEGEGB_02630	contig_1	2565964	2567850	-	LNHIMF_00398	1	persistent	2	0	0
GEGEGB_02631	contig_1	2567891	2569342	-	LNHIMF_00397	1	persistent	2	0	0
GEGEGB_02632	contig_1	2569380	2570549	-	GEGEGB_02632	1	persistent	2	0	0
GEGEGB_02633	contig_1	2570672	2571559	-	GEGEGB_02633	1	persistent	2	0	0
GEGEGB_02634	contig_1	2571825	2573450	+	LNHIMF_00394	1	persistent	2	0	0
GEGEGB_02635	contig_1	2573586	2573861	-	GEGEGB_02635	1	persistent	2	0	0
GEGEGB_02636	contig_1	2574093	2574725	+	LNHIMF_00392	1	persistent	2	0	0
GEGEGB_02637	contig_1	2574766	2576856	-	LNHIMF_00391	1	persistent	2	0	0
GEGEGB_02638	contig_1	2577020	2578024	-	GEGEGB_02638	1	persistent	2	0	0
GEGEGB_02639	contig_1	2578230	2578361	-	GEGEGB_02639	1	persistent	2	0	0
GEGEGB_02640	contig_1	2578361	2579371	-	LNHIMF_00388	1	persistent	2	0	0
GEGEGB_02641	contig_1	2579368	2580771	-	LNHIMF_00387	1	persistent	2	0	0
GEGEGB_02642	contig_1	2580886	2580987	-	GEGEGB_02642	1	persistent	2	0	0
GEGEGB_02643	contig_1	2581263	2583668	-	BEJGEH_00367	2	persistent	2	0	0
GEGEGB_02644	contig_1	2583692	2584234	-	BEJGEH_00367	2	persistent	2	0	0
GEGEGB_02645	contig_1	2584244	2586202	-	GEGEGB_02645	1	persistent	2	0	0
GEGEGB_02646	contig_1	2586391	2587644	-	LNHIMF_00383	1	persistent	2	0	1
GEGEGB_02647	contig_1	2587778	2587891	+	GEGEGB_02647	1	cloud	2	0	0
GEGEGB_02648	contig_1	2587935	2588129	-	GEGEGB_02648	1	persistent	3	0	1
GEGEGB_02649	contig_1	2588430	2588816	+	BEJGEH_00358	1	persistent	3	0	0
GEGEGB_02650	contig_1	2588886	2589245	-	LNHIMF_00376	1	persistent	2	0	0
GEGEGB_02651	contig_1	2589538	2590065	-	LNHIMF_00375	1	persistent	2	0	0
GEGEGB_02652	contig_1	2590325	2590849	-	GEGEGB_02652	1	persistent	2	0	0
GEGEGB_02653	contig_1	2591190	2591738	-	LNHIMF_00373	1	persistent	2	0	0
GEGEGB_02654	contig_1	2591711	2592454	-	LNHIMF_00372	1	persistent	2	0	0
GEGEGB_02655	contig_1	2592554	2594128	-	LNHIMF_00371	1	persistent	2	0	0
GEGEGB_02656	contig_1	2594440	2594718	-	LNHIMF_00370	2	persistent	2	0	0
GEGEGB_02657	contig_1	2594675	2594941	-	LNHIMF_00370	2	persistent	2	0	0
GEGEGB_02658	contig_1	2594914	2595648	-	LNHIMF_00369	1	persistent	2	0	0
GEGEGB_02659	contig_1	2596311	2596847	+	GEGEGB_02659	1	persistent	2	0	0
GEGEGB_02660	contig_1	2596909	2597670	+	BEJGEH_00348	1	persistent	2	0	0
GEGEGB_02661	contig_1	2597654	2598118	+	LNHIMF_00366	2	persistent	2	0	0
GEGEGB_02662	contig_1	2598224	2600215	+	LNHIMF_00366	2	persistent	2	0	0
GEGEGB_02663	contig_1	2600220	2601545	+	BEJGEH_00346	1	persistent	2	1	3
GEGEGB_02664	contig_1	2601511	2602269	+	GEGEGB_02664	1	persistent	2	1	1
GEGEGB_02665	contig_1	2602317	2602715	-	BEJGEH_00344	1	persistent	2	2	0
GEGEGB_02667	contig_1	2603130	2604380	-	HFCAGB_00340	1	persistent	2	3	3
GEGEGB_02668	contig_1	2604392	2605495	-	GEGEGB_02668	1	persistent	2	0	0
GEGEGB_02669	contig_1	2605778	2606830	+	GEGEGB_02669	1	persistent	2	0	0
GEGEGB_02670	contig_1	2606881	2607282	-	GEGEGB_02670	1	persistent	2	0	0
GEGEGB_02671	contig_1	2607340	2608584	-	LNHIMF_00344	1	persistent	2	0	0
GEGEGB_02672	contig_1	2608673	2609131	-	GEGEGB_02672	1	persistent	2	0	0
GEGEGB_02673	contig_1	2609380	2610837	+	LNHIMF_00342	1	persistent	2	0	0
GEGEGB_02674	contig_1	2610992	2611606	-	GEGEGB_02674	1	persistent	2	0	0
GEGEGB_02675	contig_1	2611603	2612742	-	LNHIMF_00340	1	persistent	2	0	0
GEGEGB_02676	contig_1	2612961	2614016	-	GEGEGB_02676	1	persistent	2	0	0
GEGEGB_02677	contig_1	2614266	2615006	+	GEGEGB_02677	1	persistent	2	0	0
GEGEGB_02678	contig_1	2614977	2615744	-	LNHIMF_00337	1	persistent	2	0	0
GEGEGB_02679	contig_1	2615908	2616486	-	GEGEGB_02679	1	persistent	2	0	0
GEGEGB_02680	contig_1	2616726	2619170	+	LNHIMF_00335	1	persistent	2	0	0
GEGEGB_02681	contig_1	2619279	2620046	+	LNHIMF_00334	1	persistent	2	0	0
GEGEGB_02682	contig_1	2620356	2620763	+	GEGEGB_02682	1	persistent	2	0	0
GEGEGB_02683	contig_1	2621088	2621807	+	LNHIMF_00332	1	persistent	2	0	3
GEGEGB_02684	contig_1	2622770	2623387	-	ONMMKP_01857	1	cloud	1	0	2
GEGEGB_02685	contig_1	2623527	2623982	-	GEGEGB_02685	1	cloud	1	0	4
GEGEGB_02686	contig_1	2624115	2625194	-	BENMGJ_03900	1	cloud	0	0	2
GEGEGB_02687	contig_1	2625217	2627904	-	LNHIMF_00327	1	cloud	0	0	4
GEGEGB_02688	contig_1	2628013	2628531	-	BENMGJ_03898	1	cloud	0	0	2
GEGEGB_02689	contig_1	2628639	2629274	-	GEGEGB_02689	1	cloud	0	0	3
GEGEGB_02690	contig_1	2630564	2630941	+	GEGEGB_02690	1	cloud	1	1	4
GEGEGB_02691	contig_1	2631000	2631167	-	AJBGEP_00316	2	shell	1	2	3
GEGEGB_02692	contig_1	2631487	2632434	-	LNHIMF_00321	1	persistent	2	1	4
GEGEGB_02693	contig_1	2632756	2633367	+	HFCAGB_00322	1	cloud	2	0	0
GEGEGB_02694	contig_1	2633249	2634070	-	LNHIMF_00320	1	persistent	2	0	1
GEGEGB_02695	contig_1	2634478	2634948	-	GEGEGB_02695	1	persistent	2	0	0
GEGEGB_02696	contig_1	2634970	2637480	-	BEJGEH_00308	1	persistent	2	0	0
GEGEGB_02697	contig_1	2637504	2638244	-	PAPNPA_01873	1	persistent	1	2	3
GEGEGB_02698	contig_1	2638512	2638817	-	IKCLMC_02062	1	cloud	1	0	1
GEGEGB_02699	contig_1	2638950	2639444	-	IKCLMC_02061	1	cloud	0	1	1
GEGEGB_02700	contig_1	2640200	2640481	-	AJBGEP_00317	1	shell	1	4	4
GEGEGB_02701	contig_1	2640707	2640904	-	AJBGEP_00316	2	shell	1	2	3
GEGEGB_02702	contig_1	2641029	2641262	+	GEGEGB_02702	1	cloud	0	3	1
GEGEGB_02703	contig_1	2641332	2641775	-	GEGEGB_02703	1	cloud	0	0	2
GEGEGB_02704	contig_1	2642116	2644647	-	PAPNPA_01859	1	cloud	0	1	7
GEGEGB_02705	contig_1	2644686	2645009	+	GEGEGB_02705	1	cloud	0	1	3
GEGEGB_02706	contig_1	2645055	2645732	-	GEGEGB_02706	1	cloud	0	1	1
GEGEGB_02707	contig_1	2645735	2649799	-	AJBGEP_00306	1	shell	0	2	7
GEGEGB_02708	contig_1	2649818	2650264	-	GEGEGB_02708	1	shell	0	2	0
GEGEGB_02709	contig_1	2650288	2652477	-	PAPNPA_01857	1	shell	0	2	2
GEGEGB_02710	contig_1	2652955	2653392	-	BENMGJ_03886	1	shell	0	2	0
GEGEGB_02711	contig_1	2653419	2653805	-	GEGEGB_02711	1	shell	0	3	2
GEGEGB_02712	contig_1	2653963	2654424	-	GEGEGB_02712	1	shell	0	2	1
GEGEGB_02713	contig_1	2654409	2654879	-	PAPNPA_01845	1	shell	0	2	0
GEGEGB_02714	contig_1	2654922	2655689	-	HFCAGB_00299	1	shell	0	3	2
GEGEGB_02715	contig_1	2655689	2657608	-	HFCAGB_00298	2	shell	0	2	1
GEGEGB_02716	contig_1	2657574	2659550	-	HFCAGB_00298	2	shell	0	2	1
GEGEGB_02717	contig_1	2659787	2660281	-	GEGEGB_02717	1	cloud	0	2	0
GEGEGB_02718	contig_1	2660313	2661062	-	HFCAGB_00296	1	shell	0	2	2
GEGEGB_02719	contig_1	2661067	2662368	-	GEGEGB_02719	1	shell	0	2	0
GEGEGB_02720	contig_1	2662365	2663708	-	GEGEGB_02720	1	shell	0	2	0
GEGEGB_02721	contig_1	2663712	2664248	-	GEGEGB_02721	1	shell	0	3	0
GEGEGB_02722	contig_1	2664315	2664800	-	GEGEGB_02722	1	shell	0	4	1
GEGEGB_02723	contig_1	2665037	2665462	-	BENMGJ_03871	1	cloud	0	1	1
GEGEGB_02724	contig_1	2665434	2665835	-	BENMGJ_03870	1	cloud	0	1	1
GEGEGB_02725	contig_1	2665888	2667093	-	LNHIMF_00288	2	shell	0	2	2
GEGEGB_02726	contig_1	2667256	2667396	-	LNHIMF_00288	2	shell	0	2	2
GEGEGB_02727	contig_1	2667420	2667962	-	GEGEGB_02727	1	shell	0	2	1
GEGEGB_02728	contig_1	2668026	2668316	-	IKCLMC_02023	1	cloud	0	1	1
GEGEGB_02729	contig_1	2668319	2668417	-	GEGEGB_02729	1	cloud	0	1	1
GEGEGB_02730	contig_1	2668402	2671065	-	IKCLMC_02021	1	shell	0	2	1
GEGEGB_02731	contig_1	2671433	2672335	+	GEGEGB_02731	1	shell	0	3	1
GEGEGB_02732	contig_1	2672322	2673146	+	LNHIMF_00282	1	shell	0	2	0
GEGEGB_02733	contig_1	2673143	2673637	+	GEGEGB_02733	1	shell	0	2	0
GEGEGB_02734	contig_1	2673653	2675536	+	LNHIMF_00280	1	shell	0	2	0
GEGEGB_02735	contig_1	2675533	2676528	+	AJBGEP_00282	1	shell	1	1	0
GEGEGB_02736	contig_1	2676539	2676961	+	HFCAGB_00281	2	persistent	1	1	1
GEGEGB_02737	contig_1	2676961	2677593	+	HFCAGB_00281	2	persistent	1	1	1
GEGEGB_02739	contig_1	2678123	2678863	-	GEGEGB_02739	1	persistent	2	0	2
GEGEGB_02740	contig_1	2678918	2679385	+	GEGEGB_02740	1	persistent	2	0	0
GEGEGB_02741	contig_1	2679382	2680104	-	LNHIMF_00274	1	persistent	2	0	0
GEGEGB_02742	contig_1	2680139	2680894	+	LNHIMF_00273	1	persistent	2	0	0
GEGEGB_02743	contig_1	2681113	2682333	+	GEGEGB_02743	1	persistent	2	0	0
GEGEGB_02744	contig_1	2682389	2683159	-	LNHIMF_00271	1	persistent	2	0	0
GEGEGB_02745	contig_1	2683237	2684037	-	LNHIMF_00270	1	persistent	2	0	0
GEGEGB_02746	contig_1	2684169	2685344	-	LNHIMF_00269	1	persistent	2	0	0
GEGEGB_02747	contig_1	2685449	2686363	+	LNHIMF_00268	1	persistent	2	0	0
GEGEGB_02748	contig_1	2686384	2687187	-	LNHIMF_00267	1	persistent	3	0	0
GEGEGB_02756	contig_1	2693220	2695793	-	GEGEGB_02756	1	persistent	3	0	1
GEGEGB_02758	contig_1	2695923	2696654	-	LNHIMF_02753	1	persistent	2	0	0
GEGEGB_02759	contig_1	2696651	2697631	-	GEGEGB_02759	1	persistent	2	0	0
GEGEGB_02760	contig_1	2697763	2698500	+	BEJGEH_02653	1	persistent	2	0	0
GEGEGB_02761	contig_1	2698772	2699110	+	GEGEGB_02761	1	persistent	2	0	1
GEGEGB_02762	contig_1	2699361	2700521	+	LNHIMF_02757	1	persistent	2	0	1
GEGEGB_02763	contig_1	2700482	2701390	-	LNHIMF_02758	1	persistent	2	0	0
GEGEGB_02764	contig_1	2701448	2702569	-	GEGEGB_02764	1	persistent	2	0	0
GEGEGB_02765	contig_1	2702579	2703649	-	GEGEGB_02765	1	persistent	2	0	0
GEGEGB_02766	contig_1	2704089	2704607	+	GEGEGB_02766	1	persistent	2	0	0
GEGEGB_02767	contig_1	2704600	2705820	+	LNHIMF_02762	1	persistent	2	0	0
GEGEGB_02768	contig_1	2705977	2706324	-	GEGEGB_02768	1	persistent	2	0	0
GEGEGB_02769	contig_1	2706365	2707132	-	GEGEGB_02769	1	persistent	2	0	0
GEGEGB_02770	contig_1	2707177	2707725	-	GEGEGB_02770	1	persistent	2	0	0
GEGEGB_02771	contig_1	2707744	2707992	-	GEGEGB_02771	1	persistent	2	0	1
GEGEGB_02772	contig_1	2708336	2709697	-	GEGEGB_02772	1	persistent	2	0	1
GEGEGB_02773	contig_1	2709863	2710654	+	GEGEGB_02773	1	persistent	2	0	0
GEGEGB_02774	contig_1	2710719	2711960	+	GEGEGB_02774	1	persistent	2	0	1
GEGEGB_02775	contig_1	2712081	2712638	+	BEJGEH_02701	1	persistent	2	0	1
GEGEGB_02776	contig_1	2712720	2713502	-	GEGEGB_02776	1	cloud	2	0	0
GEGEGB_02777	contig_1	2713548	2714312	+	AJBGEP_02882	1	persistent	2	0	1
GEGEGB_02778	contig_1	2714398	2716059	+	LNHIMF_02773	1	persistent	2	0	0
GEGEGB_02779	contig_1	2716208	2716546	+	GEGEGB_02779	1	persistent	2	0	0
GEGEGB_02780	contig_1	2716712	2717002	-	LNHIMF_02775	1	persistent	2	0	0
GEGEGB_02781	contig_1	2716992	2717429	-	GEGEGB_02781	1	persistent	2	0	0
GEGEGB_02782	contig_1	2717573	2718100	+	GEGEGB_02782	1	persistent	2	0	0
GEGEGB_02783	contig_1	2718720	2729594	+	GEGEGB_02783	1	persistent	2	0	0
GEGEGB_02785	contig_1	2729658	2731067	+	LNHIMF_02780	1	persistent	2	0	0
GEGEGB_02786	contig_1	2731064	2733220	+	LNHIMF_02781	1	persistent	2	0	0
GEGEGB_02787	contig_1	2733225	2734415	+	LNHIMF_02782	1	persistent	1	2	6
GEGEGB_02789	contig_1	2735001	2736233	+	IKCLMC_04115	1	cloud	1	0	3
GEGEGB_02790	contig_1	2736268	2737014	-	GEGEGB_02790	1	cloud	0	0	2
GEGEGB_02791	contig_1	2737011	2737832	-	GEGEGB_02791	1	cloud	0	0	2
GEGEGB_02792	contig_1	2738152	2738724	-	GEGEGB_02792	1	cloud	0	0	2
GEGEGB_02793	contig_1	2738798	2739298	-	GEGEGB_02793	1	cloud	0	0	2
GEGEGB_02794	contig_1	2739295	2740029	-	GEGEGB_02794	1	cloud	0	0	2
GEGEGB_02795	contig_1	2740581	2740847	+	GEGEGB_02795	1	cloud	0	0	2
GEGEGB_02796	contig_1	2740844	2741434	+	GEGEGB_02796	1	cloud	0	0	2
GEGEGB_02800	contig_1	2741427	2741714	+	GEGEGB_02800	1	cloud	0	0	2
GEGEGB_02801	contig_1	2741707	2742162	+	GEGEGB_02801	1	cloud	0	0	2
GEGEGB_02802	contig_1	2742298	2742618	+	IKCLMC_04102	2	cloud	0	0	3
GEGEGB_02803	contig_1	2742633	2744966	+	IKCLMC_04101	3	cloud	0	2	3
GEGEGB_02804	contig_1	2745590	2746363	-	GEGEGB_02804	1	cloud	0	0	2
GEGEGB_02805	contig_1	2746332	2746505	-	GEGEGB_02805	1	cloud	0	0	2
GEGEGB_02806	contig_1	2746767	2746985	-	GEGEGB_03628	2	cloud	1	0	2
GEGEGB_02807	contig_1	2747076	2748176	-	GEGEGB_02807	3	cloud	1	0	3
GEGEGB_02808	contig_1	2748173	2748658	-	GEGEGB_02808	3	cloud	0	0	4
GEGEGB_02809	contig_1	2748655	2751732	-	GEGEGB_03625	2	cloud	0	0	2
GEGEGB_02810	contig_1	2751859	2752161	-	GEGEGB_02810	3	cloud	0	0	4
GEGEGB_02811	contig_1	2752216	2752731	-	GEGEGB_02811	3	cloud	0	0	2
GEGEGB_02812	contig_1	2752741	2753913	-	GEGEGB_02812	3	cloud	0	2	3
GEGEGB_02813	contig_1	2754056	2754622	-	GEGEGB_02813	3	cloud	2	0	6
GEGEGB_02814	contig_1	2755306	2756421	+	GEGEGB_02814	1	persistent	1	2	2
GEGEGB_02815	contig_1	2756502	2760158	+	HFCAGB_02977	1	persistent	2	0	0
GEGEGB_02816	contig_1	2760268	2761512	+	LNHIMF_02809	1	persistent	2	0	0
GEGEGB_02817	contig_1	2761544	2762461	+	HFCAGB_02979	1	persistent	2	0	0
GEGEGB_02818	contig_1	2762521	2764695	-	LNHIMF_02811	1	persistent	2	1	1
GEGEGB_02819	contig_1	2765723	2766775	-	LNHIMF_02813	1	persistent	2	1	1
GEGEGB_02820	contig_1	2767292	2768221	+	GEGEGB_02820	1	persistent	2	0	0
GEGEGB_02821	contig_1	2768515	2769411	+	GEGEGB_02821	1	persistent	2	0	0
GEGEGB_02822	contig_1	2769927	2770040	+	GEGEGB_02822	1	persistent	2	0	0
GEGEGB_02823	contig_1	2770133	2771038	-	LNHIMF_02817	1	persistent	2	0	0
GEGEGB_02824	contig_1	2771279	2772694	-	GEGEGB_02824	1	persistent	2	0	0
GEGEGB_02825	contig_1	2772681	2773355	-	LNHIMF_02819	1	persistent	2	0	0
GEGEGB_02826	contig_1	2773510	2774319	+	LNHIMF_02820	1	persistent	2	0	0
GEGEGB_02827	contig_1	2774334	2774765	+	GEGEGB_02827	1	persistent	2	0	0
GEGEGB_02828	contig_1	2774776	2776290	+	LNHIMF_02822	1	persistent	2	0	1
GEGEGB_02829	contig_1	2776593	2777570	+	GEGEGB_02829	1	persistent	2	0	1
GEGEGB_02830	contig_1	2777596	2778864	+	LNHIMF_02824	1	persistent	2	0	0
GEGEGB_02831	contig_1	2778886	2780334	+	BEJGEH_02778	1	persistent	2	0	0
GEGEGB_02832	contig_1	2780349	2781632	+	LNHIMF_02827	1	persistent	2	0	0
GEGEGB_02833	contig_1	2781762	2782493	+	BEJGEH_02780	2	persistent	2	0	0
GEGEGB_02834	contig_1	2782524	2783162	+	BEJGEH_02780	2	persistent	2	0	0
GEGEGB_02835	contig_1	2783204	2783881	+	GEGEGB_02835	1	persistent	2	0	1
GEGEGB_02836	contig_1	2783903	2784184	-	LNHIMF_02830	2	persistent	2	0	0
GEGEGB_02837	contig_1	2784257	2784352	-	LNHIMF_02830	2	persistent	2	0	0
GEGEGB_02838	contig_1	2784452	2784610	-	GEGEGB_02838	1	persistent	2	0	1
GEGEGB_02839	contig_1	2784793	2785092	+	LNHIMF_02832	1	persistent	2	0	0
GEGEGB_02840	contig_1	2785102	2785629	+	GEGEGB_02840	1	persistent	3	0	0
GEGEGB_02842	contig_1	2785978	2786379	-	GEGEGB_02842	1	persistent	3	0	0
GEGEGB_02843	contig_1	2787078	2787527	+	LNHIMF_02836	1	persistent	2	0	0
GEGEGB_02844	contig_1	2787562	2787912	-	GEGEGB_02844	1	persistent	2	0	0
GEGEGB_02845	contig_1	2788074	2788400	+	GEGEGB_02845	1	persistent	2	0	0
GEGEGB_02846	contig_1	2788484	2789284	-	LNHIMF_02839	2	persistent	2	0	0
GEGEGB_02847	contig_1	2789411	2789818	-	LNHIMF_02839	2	persistent	2	0	0
GEGEGB_02848	contig_1	2789907	2790338	+	LNHIMF_02840	1	persistent	2	0	0
GEGEGB_02849	contig_1	2790610	2790855	+	LNHIMF_02841	1	persistent	2	0	0
GEGEGB_02850	contig_1	2790852	2791262	+	LNHIMF_02842	1	persistent	2	0	0
GEGEGB_02851	contig_1	2791262	2793379	+	LNHIMF_02843	1	persistent	2	0	0
GEGEGB_02852	contig_1	2793390	2794349	+	LNHIMF_02844	1	persistent	2	0	1
GEGEGB_02853	contig_1	2794704	2795264	+	GEGEGB_02853	1	cloud	2	0	0
GEGEGB_02854	contig_1	2795264	2795905	+	LNHIMF_02845	1	persistent	2	0	1
GEGEGB_02855	contig_1	2795898	2796962	+	GEGEGB_02855	1	persistent	2	0	0
GEGEGB_02856	contig_1	2797032	2798027	+	GEGEGB_02856	1	persistent	2	0	0
GEGEGB_02857	contig_1	2798192	2799376	+	LNHIMF_02848	1	persistent	2	0	0
GEGEGB_02858	contig_1	2799873	2800403	+	GEGEGB_02858	1	persistent	2	0	0
GEGEGB_02859	contig_1	2800530	2801702	+	LNHIMF_02850	1	persistent	2	0	0
GEGEGB_02860	contig_1	2801719	2803257	+	LNHIMF_02851	1	persistent	2	0	0
GEGEGB_02861	contig_1	2803306	2804676	-	GEGEGB_02861	1	persistent	2	0	0
GEGEGB_02863	contig_1	2805022	2805537	-	GEGEGB_02863	1	persistent	2	0	0
GEGEGB_02865	contig_1	2805687	2807243	-	LNHIMF_02856	1	persistent	2	0	0
GEGEGB_02866	contig_1	2807320	2807745	-	GEGEGB_02866	1	persistent	2	0	0
GEGEGB_02867	contig_1	2807742	2808308	-	GEGEGB_02867	1	persistent	2	0	0
GEGEGB_02873	contig_1	2809707	2809892	-	GEGEGB_02873	1	persistent	2	0	0
GEGEGB_02874	contig_1	2810127	2812757	-	GEGEGB_02874	1	persistent	2	0	0
GEGEGB_02875	contig_1	2812993	2813532	-	LNHIMF_02866	1	persistent	2	0	1
GEGEGB_02876	contig_1	2813610	2814671	-	GEGEGB_02876	1	persistent	2	0	0
GEGEGB_02877	contig_1	2814756	2815253	-	LNHIMF_02868	1	persistent	2	0	0
GEGEGB_02878	contig_1	2815448	2815711	+	LNHIMF_02869	1	persistent	2	0	0
GEGEGB_02879	contig_1	2815719	2816798	-	GEGEGB_02879	1	persistent	2	0	0
GEGEGB_02880	contig_1	2817053	2817616	+	GEGEGB_02880	1	persistent	2	0	0
GEGEGB_02881	contig_1	2817613	2818584	+	LNHIMF_02872	1	persistent	2	0	0
GEGEGB_02882	contig_1	2818596	2818958	+	LNHIMF_02873	1	persistent	2	0	0
GEGEGB_02883	contig_1	2818970	2819749	+	LNHIMF_02874	1	persistent	2	0	0
GEGEGB_02884	contig_1	2819826	2820185	+	GEGEGB_02884	1	persistent	2	0	0
GEGEGB_02885	contig_1	2820384	2821157	+	GEGEGB_02885	1	persistent	2	0	0
GEGEGB_02886	contig_1	2821150	2822115	+	GEGEGB_02886	1	persistent	2	0	0
GEGEGB_02887	contig_1	2822112	2823632	-	GEGEGB_02887	1	persistent	2	0	0
GEGEGB_02888	contig_1	2823818	2825257	+	LNHIMF_02879	1	persistent	2	0	0
GEGEGB_02889	contig_1	2825254	2826387	+	LNHIMF_02880	1	persistent	2	0	0
GEGEGB_02890	contig_1	2826484	2828724	-	LNHIMF_02881	1	persistent	2	0	0
GEGEGB_02891	contig_1	2828870	2829415	-	GEGEGB_02891	1	persistent	2	0	0
GEGEGB_02892	contig_1	2829616	2830425	-	LNHIMF_02883	1	persistent	2	0	0
GEGEGB_02893	contig_1	2830452	2830922	-	HFCAGB_03054	1	persistent	2	0	0
GEGEGB_02894	contig_1	2830915	2831325	-	GEGEGB_02894	1	persistent	2	0	0
GEGEGB_02895	contig_1	2831322	2832089	-	LNHIMF_02886	1	persistent	2	0	0
GEGEGB_02896	contig_1	2832089	2832631	-	GEGEGB_02896	1	persistent	2	0	0
GEGEGB_02897	contig_1	2832641	2834350	-	GEGEGB_02897	1	persistent	2	0	0
GEGEGB_02898	contig_1	2834368	2835291	-	GEGEGB_02898	1	persistent	2	0	0
GEGEGB_02899	contig_1	2835294	2837120	-	LNHIMF_02890	1	persistent	2	0	0
GEGEGB_02900	contig_1	2837120	2837728	-	GEGEGB_02900	1	persistent	2	0	0
GEGEGB_02901	contig_1	2837874	2838335	-	GEGEGB_02901	1	persistent	2	0	0
GEGEGB_02902	contig_1	2838545	2838901	+	GEGEGB_02902	1	persistent	2	0	0
GEGEGB_02903	contig_1	2838971	2839843	+	GEGEGB_02903	1	persistent	2	0	0
GEGEGB_02904	contig_1	2839834	2840106	+	GEGEGB_02904	1	persistent	2	0	0
GEGEGB_02905	contig_1	2840106	2841227	+	GEGEGB_02905	1	persistent	2	0	0
GEGEGB_02906	contig_1	2841224	2842234	+	GEGEGB_02906	1	persistent	2	0	0
GEGEGB_02907	contig_1	2842453	2844531	+	LNHIMF_02898	1	persistent	2	0	0
GEGEGB_02908	contig_1	2844593	2844937	-	GEGEGB_02908	1	persistent	2	0	0
GEGEGB_02909	contig_1	2845119	2846036	+	GEGEGB_02909	1	persistent	2	0	0
GEGEGB_02910	contig_1	2846033	2846854	+	LNHIMF_02901	1	persistent	2	0	0
GEGEGB_02911	contig_1	2846851	2847711	+	GEGEGB_02911	1	persistent	2	0	0
GEGEGB_02912	contig_1	2847702	2848550	+	GEGEGB_02912	1	persistent	3	0	0
GEGEGB_02913	contig_1	2848827	2849582	-	BEJGEH_02858	1	persistent	3	0	0
GEGEGB_02914	contig_1	2849967	2850854	-	LNHIMF_02907	1	persistent	2	0	0
GEGEGB_02915	contig_1	2851200	2851652	-	LNHIMF_02908	1	persistent	2	0	0
GEGEGB_02916	contig_1	2851668	2852339	-	HFCAGB_03079	1	persistent	2	0	0
GEGEGB_02917	contig_1	2852296	2852874	-	GEGEGB_02917	1	persistent	2	0	0
GEGEGB_02918	contig_1	2852867	2853625	-	LNHIMF_02911	1	persistent	2	0	0
GEGEGB_02919	contig_1	2853622	2853927	-	LNHIMF_02912	1	persistent	2	0	0
GEGEGB_02920	contig_1	2853946	2854188	-	GEGEGB_02920	1	persistent	2	0	0
GEGEGB_02921	contig_1	2854213	2855448	-	LNHIMF_02914	1	persistent	2	0	0
GEGEGB_02922	contig_1	2855707	2856636	+	LNHIMF_02915	1	persistent	2	0	0
GEGEGB_02923	contig_1	2857723	2859384	+	HFCAGB_03086	1	persistent	2	0	0
GEGEGB_02924	contig_1	2859402	2859884	+	LNHIMF_02917	1	persistent	2	0	0
GEGEGB_02925	contig_1	2859938	2861569	-	LNHIMF_02918	1	persistent	2	0	0
GEGEGB_02926	contig_1	2861556	2861948	-	LNHIMF_02919	1	persistent	2	0	0
GEGEGB_02927	contig_1	2861975	2862235	-	GEGEGB_02927	1	persistent	2	0	0
GEGEGB_02928	contig_1	2862279	2862527	-	GEGEGB_02928	1	persistent	2	0	0
GEGEGB_02929	contig_1	2862546	2864603	-	BEJGEH_02874	1	persistent	2	0	0
GEGEGB_02930	contig_1	2864622	2865644	-	ALJMDI_02659	1	persistent	2	0	0
GEGEGB_02931	contig_1	2865714	2866943	-	LNHIMF_02924	1	persistent	2	0	0
GEGEGB_02932	contig_1	2866971	2868752	-	GEGEGB_02932	1	persistent	2	0	0
GEGEGB_02933	contig_1	2868755	2869252	-	GEGEGB_02933	1	persistent	2	0	0
GEGEGB_02934	contig_1	2869390	2870460	-	GEGEGB_02934	1	persistent	2	0	0
GEGEGB_02935	contig_1	2870447	2871238	-	LNHIMF_02928	1	persistent	2	0	0
GEGEGB_02936	contig_1	2871242	2871502	-	GEGEGB_02936	1	persistent	2	0	0
GEGEGB_02937	contig_1	2871528	2872202	-	LNHIMF_02930	1	persistent	2	0	0
GEGEGB_02938	contig_1	2872192	2873103	-	LNHIMF_02931	1	persistent	2	0	0
GEGEGB_02939	contig_1	2873103	2874113	-	LNHIMF_02932	1	persistent	2	0	0
GEGEGB_02940	contig_1	2874113	2874556	-	GEGEGB_02940	1	persistent	2	0	0
GEGEGB_02941	contig_1	2874534	2875829	-	GEGEGB_02941	1	persistent	2	0	0
GEGEGB_02942	contig_1	2875826	2876233	-	GEGEGB_02942	1	persistent	2	0	0
GEGEGB_02943	contig_1	2876257	2878314	-	GEGEGB_02943	1	persistent	2	0	0
GEGEGB_02944	contig_1	2878339	2879457	-	GEGEGB_02944	1	persistent	2	0	0
GEGEGB_02945	contig_1	2879454	2881142	-	LNHIMF_02938	1	persistent	2	0	0
GEGEGB_02946	contig_1	2881139	2881888	-	GEGEGB_02946	1	persistent	2	0	0
GEGEGB_02947	contig_1	2882245	2882688	+	GEGEGB_02947	1	persistent	2	1	0
GEGEGB_02949	contig_1	2883571	2883852	+	GEGEGB_02949	1	shell	1	2	0
GEGEGB_02950	contig_1	2883849	2884376	+	GEGEGB_02950	1	shell	1	1	0
GEGEGB_02951	contig_1	2884449	2884595	-	AJBGEP_03073	1	persistent	2	1	0
GEGEGB_02952	contig_1	2885097	2885753	+	LNHIMF_02945	1	persistent	2	0	1
GEGEGB_02953	contig_1	2886601	2889168	+	GEGEGB_02953	1	persistent	3	0	3
GEGEGB_02954	contig_1	2889224	2889607	-	LNHIMF_02947	1	persistent	2	0	0
GEGEGB_02955	contig_1	2889604	2890812	-	GEGEGB_02955	1	persistent	3	0	0
GEGEGB_02956	contig_1	2890921	2891832	+	GEGEGB_02956	1	persistent	2	0	0
GEGEGB_02957	contig_1	2891874	2893370	-	GEGEGB_02957	1	persistent	2	0	0
GEGEGB_02958	contig_1	2893367	2894317	-	LNHIMF_02951	1	persistent	2	0	0
GEGEGB_02959	contig_1	2894357	2895133	-	LNHIMF_02952	1	persistent	2	0	0
GEGEGB_02960	contig_1	2895138	2895776	-	GEGEGB_02960	1	persistent	2	0	0
GEGEGB_02961	contig_1	2895773	2896594	-	LNHIMF_02954	1	persistent	2	0	0
GEGEGB_02962	contig_1	2896649	2897068	-	BEJGEH_02913	1	persistent	2	0	0
GEGEGB_02963	contig_1	2897265	2898029	+	LNHIMF_02956	1	persistent	2	0	0
GEGEGB_02964	contig_1	2898048	2898452	-	GEGEGB_02964	1	persistent	2	0	0
GEGEGB_02965	contig_1	2898623	2899216	+	LNHIMF_02958	1	persistent	2	0	0
GEGEGB_02966	contig_1	2899216	2900643	+	LNHIMF_02959	1	persistent	2	0	0
GEGEGB_02967	contig_1	2900654	2900890	+	GEGEGB_02967	1	persistent	2	0	0
GEGEGB_02968	contig_1	2900774	2901928	-	LNHIMF_02961	1	persistent	2	0	1
GEGEGB_02969	contig_1	2901991	2903112	-	BEJGEH_02923	1	persistent	2	0	0
GEGEGB_02970	contig_1	2903288	2903914	-	GEGEGB_02970	1	persistent	2	0	0
GEGEGB_02971	contig_1	2903908	2904669	-	GEGEGB_02971	1	persistent	2	0	0
GEGEGB_02972	contig_1	2904650	2905699	-	LNHIMF_02965	1	persistent	2	0	0
GEGEGB_02973	contig_1	2905696	2906175	-	GEGEGB_02973	1	persistent	2	0	0
GEGEGB_02974	contig_1	2906175	2906885	-	GEGEGB_02974	1	persistent	2	0	0
GEGEGB_02975	contig_1	2906904	2907215	-	GEGEGB_02975	1	persistent	2	0	0
GEGEGB_02976	contig_1	2907406	2907729	-	GEGEGB_02976	1	persistent	2	0	0
GEGEGB_02977	contig_1	2907780	2908385	-	GEGEGB_02977	1	persistent	2	0	0
GEGEGB_02978	contig_1	2908372	2909811	-	LNHIMF_02971	1	persistent	2	0	0
GEGEGB_02979	contig_1	2909821	2910729	-	GEGEGB_02979	1	persistent	2	0	0
GEGEGB_02980	contig_1	2910980	2912026	+	GEGEGB_02980	1	persistent	3	0	0
GEGEGB_02981	contig_1	2912546	2912839	-	GEGEGB_02981	1	persistent	2	0	0
GEGEGB_02982	contig_1	2912842	2913759	-	BEJGEH_02936	1	persistent	1	1	1
GEGEGB_02983	contig_1	2913759	2914463	-	PKJKAM_02437	1	cloud	1	0	1
GEGEGB_02984	contig_1	2914463	2915188	-	PKJKAM_02436	1	cloud	0	0	2
GEGEGB_02985	contig_1	2915198	2916256	-	GEGEGB_02985	1	cloud	0	0	2
GEGEGB_02986	contig_1	2916279	2916881	-	PKJKAM_02434	1	cloud	0	0	2
GEGEGB_02987	contig_1	2916898	2918433	-	PKJKAM_02433	1	cloud	0	0	3
GEGEGB_02988	contig_1	2918591	2918764	-	GEGEGB_02988	1	cloud	0	0	2
GEGEGB_02989	contig_1	2918791	2920998	+	GEGEGB_02989	1	cloud	1	0	2
GEGEGB_02990	contig_1	2921872	2922825	+	GEGEGB_02990	1	persistent	2	1	1
GEGEGB_02991	contig_1	2922913	2923647	-	LNHIMF_02983	1	persistent	2	0	0
GEGEGB_02992	contig_1	2923723	2925435	-	BEJGEH_02945	1	persistent	2	0	0
GEGEGB_02993	contig_1	2925435	2927234	-	LNHIMF_02985	1	persistent	2	0	0
GEGEGB_02994	contig_1	2927670	2928032	+	GEGEGB_02994	1	persistent	2	0	0
GEGEGB_02995	contig_1	2928122	2928919	-	BEJGEH_02948	1	persistent	2	0	1
GEGEGB_02996	contig_1	2929403	2930074	-	GEGEGB_02996	1	persistent	2	0	1
GEGEGB_02997	contig_1	2930210	2931508	-	GEGEGB_02997	1	persistent	2	0	0
GEGEGB_02998	contig_1	2931591	2933228	-	GEGEGB_02998	1	persistent	2	0	0
GEGEGB_02999	contig_1	2933456	2934256	-	LNHIMF_02992	1	persistent	1	2	0
GEGEGB_03000	contig_1	2934865	2935128	+	BEJGEH_02953	2	shell	1	1	0
GEGEGB_03001	contig_1	2935144	2935452	+	BEJGEH_02953	2	shell	1	1	0
GEGEGB_03002	contig_1	2935587	2938232	+	BEJGEH_02954	1	shell	0	2	0
GEGEGB_03003	contig_1	2938245	2939018	+	BEJGEH_02955	1	shell	0	2	0
GEGEGB_03004	contig_1	2939044	2939544	+	GEGEGB_03004	1	shell	0	2	0
GEGEGB_03005	contig_1	2939544	2940029	+	BEJGEH_02957	1	shell	0	2	0
GEGEGB_03006	contig_1	2940071	2940562	+	HFCAGB_03171	1	shell	0	2	2
GEGEGB_03007	contig_1	2940621	2941739	+	GEGEGB_03007	1	cloud	0	1	1
GEGEGB_03008	contig_1	2943179	2943316	+	PAPNPA_03063	1	cloud	1	1	2
GEGEGB_03009	contig_1	2943686	2943907	-	LNHIMF_02993	1	shell	2	0	1
GEGEGB_03010	contig_1	2943873	2944160	-	GEGEGB_03010	1	persistent	1	1	1
GEGEGB_03011	contig_1	2944314	2946548	-	GEGEGB_03011	1	persistent	2	1	0
GEGEGB_03012	contig_1	2946600	2947895	-	BEJGEH_02963	1	persistent	2	0	0
GEGEGB_03013	contig_1	2947953	2950709	+	LNHIMF_02997	1	persistent	2	0	0
GEGEGB_03014	contig_1	2950753	2951895	-	GEGEGB_03014	1	persistent	2	0	0
GEGEGB_03015	contig_1	2951973	2953313	-	LNHIMF_02999	1	persistent	2	0	0
GEGEGB_03016	contig_1	2953334	2954674	-	LNHIMF_03000	1	persistent	2	0	0
GEGEGB_03017	contig_1	2954671	2956029	-	LNHIMF_03001	1	persistent	2	0	0
GEGEGB_03018	contig_1	2956510	2956959	-	LNHIMF_03002	1	persistent	2	0	0
GEGEGB_03019	contig_1	2956978	2957760	-	LNHIMF_03003	1	persistent	2	0	0
GEGEGB_03020	contig_1	2957760	2958089	-	GEGEGB_03020	1	persistent	2	0	0
GEGEGB_03022	contig_1	2958699	2959244	-	GEGEGB_03022	1	persistent	2	0	0
GEGEGB_03023	contig_1	2959313	2960161	+	GEGEGB_03023	1	persistent	2	0	0
GEGEGB_03024	contig_1	2960275	2961639	+	LNHIMF_03008	1	persistent	2	0	0
GEGEGB_03025	contig_1	2962204	2963493	+	LNHIMF_03009	1	persistent	2	0	0
GEGEGB_03026	contig_1	2963552	2964919	+	GEGEGB_03026	1	persistent	2	0	0
GEGEGB_03027	contig_1	2965090	2965845	+	GEGEGB_03027	1	persistent	2	0	0
GEGEGB_03028	contig_1	2965937	2967085	-	GEGEGB_03028	1	persistent	2	0	0
GEGEGB_03029	contig_1	2967102	2967749	-	GEGEGB_03029	1	persistent	2	0	0
GEGEGB_03030	contig_1	2968305	2969621	+	LNHIMF_03014	1	persistent	2	0	1
GEGEGB_03031	contig_1	2969653	2971383	+	LNHIMF_03015	1	persistent	2	0	1
GEGEGB_03032	contig_1	2971529	2972947	+	LNHIMF_03016	1	persistent	2	0	0
GEGEGB_03033	contig_1	2972949	2973371	+	GEGEGB_03033	1	persistent	2	0	0
GEGEGB_03034	contig_1	2973429	2974139	+	GEGEGB_03034	1	persistent	2	0	0
GEGEGB_03035	contig_1	2974198	2975298	-	GEGEGB_03035	1	persistent	2	0	0
GEGEGB_03036	contig_1	2975291	2975686	-	GEGEGB_03036	1	persistent	2	0	0
GEGEGB_03037	contig_1	2975705	2976622	-	GEGEGB_03037	1	persistent	2	0	0
GEGEGB_03038	contig_1	2976579	2976701	-	LNHIMF_03022	1	persistent	2	0	0
GEGEGB_03040	contig_1	2976969	2977196	-	GEGEGB_03040	1	persistent	2	0	0
GEGEGB_03041	contig_1	2977389	2978594	+	GEGEGB_03041	1	persistent	2	0	0
GEGEGB_03042	contig_1	2978594	2979037	+	GEGEGB_03042	1	persistent	2	0	0
GEGEGB_03043	contig_1	2979310	2980224	+	GEGEGB_03043	1	persistent	2	0	0
GEGEGB_03044	contig_1	2980276	2981082	-	GEGEGB_03044	1	persistent	2	0	0
GEGEGB_03045	contig_1	2981191	2982288	-	GEGEGB_03045	1	persistent	2	0	0
GEGEGB_03048	contig_1	2982788	2984041	-	LNHIMF_03032	1	persistent	2	0	0
GEGEGB_03049	contig_1	2984274	2985605	+	GEGEGB_03049	1	persistent	2	0	0
GEGEGB_03050	contig_1	2985708	2987543	-	LNHIMF_03034	1	persistent	2	0	0
GEGEGB_03051	contig_1	2987540	2991085	-	GEGEGB_03051	1	persistent	2	0	0
GEGEGB_03052	contig_1	2991078	2993966	-	GEGEGB_03052	1	persistent	2	0	0
GEGEGB_03053	contig_1	2994144	2997515	-	GEGEGB_03053	1	persistent	2	0	0
GEGEGB_03054	contig_1	2997531	2997851	-	LNHIMF_03038	1	persistent	2	0	0
GEGEGB_03055	contig_1	2997836	2998243	-	GEGEGB_03055	1	persistent	2	0	0
GEGEGB_03056	contig_1	2998240	2998803	-	LNHIMF_03040	1	persistent	2	0	0
GEGEGB_03057	contig_1	2998794	2999264	-	GEGEGB_03057	1	persistent	2	1	0
GEGEGB_03058	contig_1	2999510	2999968	-	GEGEGB_00250	25	shell	58	4	2
GEGEGB_03060	contig_1	3000160	3000954	-	LNHIMF_03042	1	persistent	2	1	0
GEGEGB_03061	contig_1	3000961	3001836	-	GEGEGB_03061	1	persistent	2	0	0
GEGEGB_03062	contig_1	3002049	3004295	-	GEGEGB_03062	1	persistent	2	0	0
GEGEGB_03063	contig_1	3004308	3004838	-	GEGEGB_03063	1	persistent	2	0	0
GEGEGB_03064	contig_1	3005521	3006216	+	GEGEGB_03064	1	persistent	2	0	0
GEGEGB_03065	contig_1	3006398	3007111	+	GEGEGB_03065	1	persistent	2	0	0
GEGEGB_03066	contig_1	3007282	3007500	+	GEGEGB_03066	1	persistent	2	0	0
GEGEGB_03067	contig_1	3007691	3008731	+	LNHIMF_03049	1	persistent	2	0	0
GEGEGB_03068	contig_1	3008818	3010020	-	GEGEGB_03068	1	persistent	2	0	0
GEGEGB_03069	contig_1	3010013	3012172	-	LNHIMF_03051	1	persistent	2	1	0
GEGEGB_03070	contig_1	3012372	3012830	-	GEGEGB_00250	25	shell	58	4	2
GEGEGB_03071	contig_1	3012787	3012969	-	GEGEGB_03146	6	cloud	7	1	0
GEGEGB_03075	contig_1	3013475	3014503	+	GEGEGB_03075	1	persistent	2	0	1
GEGEGB_03076	contig_1	3014517	3015536	+	LNHIMF_03055	1	persistent	2	0	0
GEGEGB_03077	contig_1	3015546	3016808	-	GEGEGB_03077	1	persistent	2	0	0
GEGEGB_03078	contig_1	3016926	3017861	+	GEGEGB_03078	1	persistent	2	0	0
GEGEGB_03079	contig_1	3017833	3018540	-	LNHIMF_03058	1	persistent	2	0	0
GEGEGB_03080	contig_1	3018653	3020068	-	LNHIMF_03059	1	persistent	2	0	0
GEGEGB_03081	contig_1	3020422	3021183	-	LNHIMF_03060	1	persistent	2	0	0
GEGEGB_03082	contig_1	3021238	3022074	-	ODDLKH_03450	1	persistent	2	0	0
GEGEGB_03084	contig_1	3022504	3023682	-	GEGEGB_03084	1	persistent	2	0	0
GEGEGB_03085	contig_1	3023805	3024668	-	LNHIMF_03064	1	persistent	2	0	0
GEGEGB_03086	contig_1	3024772	3025227	+	GEGEGB_03086	1	persistent	2	0	0
GEGEGB_03087	contig_1	3025369	3026598	+	GEGEGB_03087	1	persistent	2	0	0
GEGEGB_03088	contig_1	3026629	3026901	-	GEGEGB_03088	1	persistent	2	0	0
GEGEGB_03089	contig_1	3027023	3027352	+	PKJKAM_02341	2	persistent	2	0	0
GEGEGB_03090	contig_1	3027578	3027895	+	PKJKAM_02341	2	persistent	2	0	0
GEGEGB_03091	contig_1	3028105	3028863	-	GEGEGB_03091	1	persistent	2	0	0
GEGEGB_03092	contig_1	3028850	3029362	-	HFCAGB_03249	1	persistent	1	1	3
GEGEGB_03093	contig_1	3029507	3030583	-	HFCAGB_03250	1	shell	2	0	0
GEGEGB_03094	contig_1	3030580	3031323	-	LNHIMF_03072	1	persistent	1	1	3
GEGEGB_03095	contig_1	3031364	3033853	-	LNHIMF_03073	1	persistent	2	0	0
GEGEGB_03096	contig_1	3033973	3034554	-	BEJGEH_03044	1	persistent	2	0	0
GEGEGB_03097	contig_1	3035273	3035905	-	LNHIMF_03075	1	persistent	2	0	0
GEGEGB_03098	contig_1	3035952	3036488	-	GEGEGB_03098	1	persistent	1	1	4
GEGEGB_03099	contig_1	3036790	3037107	-	LNHIMF_03077	1	cloud	1	1	1
GEGEGB_03101	contig_1	3037295	3037693	-	HFCAGB_03258	1	shell	1	1	4
GEGEGB_03102	contig_1	3037693	3037920	-	GEGEGB_03102	1	shell	1	2	0
GEGEGB_03103	contig_1	3038088	3038348	+	GEGEGB_03103	1	shell	2	1	0
GEGEGB_03104	contig_1	3038629	3039429	+	LNHIMF_03080	1	persistent	1	2	2
GEGEGB_03105	contig_1	3040062	3041183	-	GEGEGB_03105	1	cloud	1	0	1
GEGEGB_03106	contig_1	3041285	3041695	-	GEGEGB_03106	1	cloud	0	0	2
GEGEGB_03107	contig_1	3041823	3042026	-	GEGEGB_03107	1	cloud	0	0	2
GEGEGB_03108	contig_1	3042030	3042749	-	GEGEGB_03108	1	cloud	0	0	2
GEGEGB_03109	contig_1	3043685	3045001	-	GEGEGB_03109	1	cloud	1	0	1
GEGEGB_03111	contig_1	3045592	3046350	-	GEGEGB_03111	1	persistent	2	1	2
GEGEGB_03113	contig_1	3046615	3047160	+	LNHIMF_03084	1	persistent	2	0	0
GEGEGB_03114	contig_1	3047236	3048753	-	LNHIMF_03085	1	persistent	2	0	0
GEGEGB_03115	contig_1	3048763	3049644	-	GEGEGB_03115	1	persistent	2	0	0
GEGEGB_03116	contig_1	3049966	3051567	-	LNHIMF_03087	1	persistent	2	0	0
GEGEGB_03117	contig_1	3051705	3052418	-	GEGEGB_03117	1	persistent	2	0	0
GEGEGB_03118	contig_1	3052442	3053338	-	GEGEGB_03118	1	persistent	2	0	0
GEGEGB_03119	contig_1	3053451	3053972	+	GEGEGB_03119	1	persistent	2	0	0
GEGEGB_03120	contig_1	3054037	3054438	-	LNHIMF_03091	1	persistent	2	0	0
GEGEGB_03121	contig_1	3054419	3054685	-	GEGEGB_03121	1	persistent	2	0	0
GEGEGB_03122	contig_1	3054935	3055915	+	GEGEGB_03122	1	persistent	3	0	0
GEGEGB_03123	contig_1	3055832	3056023	-	GEGEGB_03123	1	persistent	2	0	0
GEGEGB_03124	contig_1	3056031	3056690	-	GEGEGB_03124	1	persistent	3	0	0
GEGEGB_03125	contig_1	3056854	3057165	-	AJBGEP_03225	1	persistent	2	0	0
GEGEGB_03126	contig_1	3057324	3058757	+	LNHIMF_03097	1	persistent	2	0	0
GEGEGB_03127	contig_1	3058805	3059698	-	BEJGEH_03067	1	persistent	2	0	0
GEGEGB_03128	contig_1	3060154	3063027	-	BEJGEH_03068	1	persistent	2	0	0
GEGEGB_03129	contig_1	3063190	3063579	-	GEGEGB_03129	1	persistent	2	0	0
GEGEGB_03130	contig_1	3063605	3064699	-	GEGEGB_03130	1	persistent	2	0	0
GEGEGB_03131	contig_1	3065154	3066356	-	LNHIMF_03103	1	persistent	2	0	0
GEGEGB_03132	contig_1	3066485	3067663	-	GEGEGB_03132	1	persistent	2	0	1
GEGEGB_03133	contig_1	3067660	3068976	-	GEGEGB_03133	1	persistent	2	0	1
GEGEGB_03134	contig_1	3069002	3069586	-	LNHIMF_03106	1	persistent	2	0	0
GEGEGB_03135	contig_1	3069747	3070076	+	GEGEGB_03135	1	persistent	2	0	0
GEGEGB_03137	contig_1	3070370	3070918	+	BEJGEH_03077	1	persistent	2	0	0
GEGEGB_03139	contig_1	3071299	3072531	-	GEGEGB_03139	1	persistent	2	0	0
GEGEGB_03140	contig_1	3072797	3073456	-	GEGEGB_03140	1	persistent	2	0	0
GEGEGB_03141	contig_1	3073609	3074502	+	GEGEGB_03141	1	persistent	2	0	0
GEGEGB_03142	contig_1	3074768	3075514	-	GEGEGB_03142	1	persistent	2	0	0
GEGEGB_03143	contig_1	3075608	3076243	-	LNHIMF_03115	1	persistent	2	0	0
GEGEGB_03144	contig_1	3076444	3077304	-	GEGEGB_03144	1	persistent	2	1	0
GEGEGB_03145	contig_1	3077594	3078052	-	GEGEGB_00250	25	shell	58	4	2
GEGEGB_03146	contig_1	3078009	3078191	-	GEGEGB_03146	6	cloud	7	1	0
GEGEGB_03148	contig_1	3078242	3079321	-	GEGEGB_03148	1	persistent	2	0	1
GEGEGB_03149	contig_1	3079423	3080586	-	GEGEGB_03149	1	persistent	2	0	0
GEGEGB_03150	contig_1	3080608	3081654	-	GEGEGB_03150	1	persistent	2	0	0
GEGEGB_03151	contig_1	3082028	3082453	+	GEGEGB_03151	1	persistent	2	0	0
GEGEGB_03152	contig_1	3082479	3083057	+	GEGEGB_03152	1	persistent	2	0	0
GEGEGB_03153	contig_1	3083058	3083765	+	LNHIMF_03122	1	persistent	2	0	0
GEGEGB_03154	contig_1	3083753	3084430	+	LNHIMF_03123	1	persistent	2	0	0
GEGEGB_03155	contig_1	3084424	3085080	+	LNHIMF_03124	1	persistent	2	1	1
GEGEGB_03156	contig_1	3085185	3085643	-	GEGEGB_00250	25	shell	58	4	2
GEGEGB_03158	contig_1	3085832	3087823	-	GEGEGB_03158	1	persistent	2	1	1
GEGEGB_03159	contig_1	3088099	3088857	+	GEGEGB_03159	1	persistent	2	0	0
GEGEGB_03160	contig_1	3088958	3089878	-	GEGEGB_03160	1	persistent	2	1	1
GEGEGB_03161	contig_1	3090106	3092082	-	GEGEGB_03161	1	persistent	2	1	1
GEGEGB_03162	contig_1	3092872	3094026	+	GEGEGB_03162	1	persistent	2	0	0
GEGEGB_03163	contig_1	3094519	3095913	+	GEGEGB_03163	1	persistent	2	0	0
GEGEGB_03164	contig_1	3096034	3096489	+	GEGEGB_03164	1	persistent	2	0	0
GEGEGB_03165	contig_1	3096585	3097292	+	LNHIMF_03138	1	persistent	2	0	0
GEGEGB_03166	contig_1	3097369	3098100	+	GEGEGB_03166	1	persistent	2	0	0
GEGEGB_03167	contig_1	3098120	3099067	+	LNHIMF_03140	1	persistent	2	0	0
GEGEGB_03168	contig_1	3099283	3099846	+	GEGEGB_03168	1	persistent	2	0	0
GEGEGB_03169	contig_1	3099846	3100262	+	GEGEGB_03169	1	persistent	2	0	0
GEGEGB_03170	contig_1	3100309	3100995	-	LNHIMF_03143	1	persistent	2	0	0
GEGEGB_03171	contig_1	3101125	3102105	-	LNHIMF_03144	1	persistent	2	0	0
GEGEGB_03172	contig_1	3102123	3102827	+	GEGEGB_03172	1	persistent	2	0	0
GEGEGB_03173	contig_1	3102846	3103412	+	GEGEGB_03173	1	persistent	2	0	0
GEGEGB_03174	contig_1	3103409	3103699	+	GEGEGB_03174	1	persistent	2	0	0
GEGEGB_03175	contig_1	3103707	3104300	+	LNHIMF_03148	1	persistent	2	0	0
GEGEGB_03176	contig_1	3104293	3105429	+	GEGEGB_03176	1	persistent	2	0	0
GEGEGB_03177	contig_1	3105520	3106527	-	GEGEGB_03177	1	persistent	2	0	0
GEGEGB_03178	contig_1	3106660	3107706	-	GEGEGB_03178	1	persistent	2	1	0
GEGEGB_03180	contig_1	3108025	3108483	+	GEGEGB_00250	25	shell	58	4	2
GEGEGB_03181	contig_1	3108606	3109325	-	GEGEGB_03181	1	persistent	2	1	0
GEGEGB_03182	contig_1	3109375	3109701	-	GEGEGB_03182	1	persistent	2	0	0
GEGEGB_03183	contig_1	3109701	3110420	-	LNHIMF_03154	1	persistent	2	0	0
GEGEGB_03184	contig_1	3110575	3111627	+	LNHIMF_03155	1	persistent	2	0	0
GEGEGB_03185	contig_1	3111655	3111930	+	GEGEGB_03185	1	persistent	2	0	0
GEGEGB_03186	contig_1	3112043	3113128	+	GEGEGB_03186	1	persistent	2	0	1
GEGEGB_03187	contig_1	3113345	3114601	+	GEGEGB_03187	1	persistent	3	0	1
GEGEGB_03188	contig_1	3114663	3115478	-	LNHIMF_03159	2	persistent	2	0	2
GEGEGB_03189	contig_1	3115534	3116787	-	LNHIMF_03159	2	persistent	2	0	2
GEGEGB_03190	contig_1	3117212	3117919	+	GEGEGB_03190	1	persistent	1	1	4
GEGEGB_03192	contig_1	3118261	3118545	+	PAPNPA_02231	1	cloud	1	0	2
GEGEGB_03193	contig_1	3118688	3118861	-	BEJGEH_03132	1	cloud	0	0	2
GEGEGB_03194	contig_1	3120195	3120512	+	BEJGEH_03133	1	cloud	0	0	3
GEGEGB_03195	contig_1	3120509	3120775	+	PAPNPA_02234	1	cloud	0	0	2
GEGEGB_03196	contig_1	3121018	3121296	+	GEGEGB_03196	1	cloud	0	0	2
GEGEGB_03197	contig_1	3121699	3122202	+	GEGEGB_03197	1	cloud	0	0	3
GEGEGB_03198	contig_1	3122849	3123373	+	BEJGEH_03137	1	cloud	0	0	2
GEGEGB_03199	contig_1	3123351	3124001	+	PAPNPA_02238	1	cloud	1	0	2
GEGEGB_03201	contig_1	3125435	3126118	+	LNHIMF_03170	1	persistent	1	1	1
GEGEGB_03202	contig_1	3126223	3126780	-	LNHIMF_03171	1	persistent	2	0	0
GEGEGB_03203	contig_1	3126758	3128257	-	GEGEGB_03203	1	persistent	2	0	0
GEGEGB_03204	contig_1	3128466	3128732	-	BEJGEH_03143	1	persistent	2	0	0
GEGEGB_03206	contig_1	3128854	3130155	-	GEGEGB_03206	1	persistent	2	0	0
GEGEGB_03207	contig_1	3130317	3131801	+	LNHIMF_03175	1	persistent	2	0	0
GEGEGB_03208	contig_1	3131937	3132317	-	BEJGEH_03146	1	persistent	2	0	0
GEGEGB_03209	contig_1	3132317	3132802	-	PKJKAM_01942	1	persistent	2	0	0
GEGEGB_03210	contig_1	3133528	3134451	-	GEGEGB_03210	1	persistent	3	0	0
GEGEGB_03211	contig_1	3135808	3137112	-	GEGEGB_03211	1	persistent	3	0	1
GEGEGB_03212	contig_1	3137517	3138701	+	GEGEGB_03212	1	persistent	2	0	0
GEGEGB_03213	contig_1	3138812	3140284	+	GEGEGB_03213	1	persistent	2	0	0
GEGEGB_03214	contig_1	3140296	3141708	+	LNHIMF_03187	1	persistent	2	0	0
GEGEGB_03215	contig_1	3142008	3143063	-	BEJGEH_03154	1	persistent	2	0	0
GEGEGB_03216	contig_1	3143733	3145589	-	GEGEGB_03216	1	persistent	2	0	0
GEGEGB_03217	contig_1	3145816	3146682	+	LNHIMF_03190	1	persistent	2	0	0
GEGEGB_03218	contig_1	3146750	3147460	-	BEJGEH_03157	1	persistent	2	0	0
GEGEGB_03219	contig_1	3147460	3148512	-	LNHIMF_03192	1	persistent	2	0	0
GEGEGB_03220	contig_1	3148588	3148836	-	GEGEGB_03220	1	persistent	2	0	0
GEGEGB_03221	contig_1	3148864	3149205	-	GEGEGB_03221	1	persistent	2	0	0
GEGEGB_03222	contig_1	3149198	3149686	-	GEGEGB_03222	1	persistent	2	0	0
GEGEGB_03223	contig_1	3149679	3150173	-	LNHIMF_03196	1	persistent	2	0	0
GEGEGB_03224	contig_1	3150173	3151876	-	LNHIMF_03197	1	persistent	2	0	0
GEGEGB_03225	contig_1	3151873	3153051	-	GEGEGB_03225	1	persistent	2	0	0
GEGEGB_03226	contig_1	3153041	3154027	-	GEGEGB_03226	1	persistent	2	0	0
GEGEGB_03227	contig_1	3154030	3155148	-	GEGEGB_03227	1	persistent	2	0	0
GEGEGB_03228	contig_1	3155338	3155625	-	GEGEGB_03228	1	persistent	2	0	0
GEGEGB_03229	contig_1	3155710	3156042	-	LNHIMF_03202	2	persistent	2	0	0
GEGEGB_03230	contig_1	3156058	3157353	-	LNHIMF_03202	2	persistent	2	0	0
GEGEGB_03231	contig_1	3157660	3158154	-	GEGEGB_03231	1	persistent	2	0	0
GEGEGB_03232	contig_1	3158225	3158728	-	GEGEGB_03232	1	persistent	2	0	0
GEGEGB_03233	contig_1	3158832	3159242	+	LNHIMF_03205	1	persistent	2	0	0
GEGEGB_03234	contig_1	3159229	3159633	+	GEGEGB_03234	1	persistent	2	0	0
GEGEGB_03235	contig_1	3159757	3160641	+	GEGEGB_03235	1	persistent	2	0	0
GEGEGB_03236	contig_1	3160754	3161179	-	GEGEGB_03236	1	persistent	2	0	0
GEGEGB_03237	contig_1	3161186	3161920	-	GEGEGB_03237	1	persistent	2	0	0
GEGEGB_03238	contig_1	3161913	3162050	-	GEGEGB_03238	1	persistent	2	0	0
GEGEGB_03239	contig_1	3162172	3163359	+	LNHIMF_03211	1	persistent	2	0	0
GEGEGB_03240	contig_1	3163499	3164158	+	GEGEGB_03240	1	persistent	2	0	0
GEGEGB_03241	contig_1	3164222	3165142	-	LNHIMF_03213	1	persistent	2	0	0
GEGEGB_03242	contig_1	3165314	3166477	+	LNHIMF_03214	1	persistent	2	0	0
GEGEGB_03243	contig_1	3166583	3167107	+	LNHIMF_03215	2	persistent	2	0	0
GEGEGB_03244	contig_1	3167183	3167410	+	LNHIMF_03215	2	persistent	2	0	0
GEGEGB_03245	contig_1	3167607	3169061	+	GEGEGB_03245	1	persistent	2	0	1
GEGEGB_03246	contig_1	3169106	3169561	+	LNHIMF_03217	1	persistent	3	0	0
GEGEGB_03247	contig_1	3169697	3171868	-	GEGEGB_03247	1	persistent	2	1	2
GEGEGB_03248	contig_1	3172002	3173423	-	ALJMDI_02944	1	cloud	1	0	1
GEGEGB_03249	contig_1	3173488	3174912	-	ALJMDI_02945	1	cloud	0	0	2
GEGEGB_03250	contig_1	3174928	3175911	-	ALJMDI_02946	2	cloud	0	0	3
GEGEGB_03251	contig_1	3175966	3176349	-	ALJMDI_02946	2	cloud	0	0	3
GEGEGB_03252	contig_1	3176533	3177225	-	GEGEGB_03252	1	cloud	0	0	2
GEGEGB_03253	contig_1	3177298	3177444	-	ALJMDI_02947	1	cloud	1	0	2
GEGEGB_03254	contig_1	3177465	3178877	-	GEGEGB_03254	1	persistent	1	1	1
GEGEGB_03255	contig_1	3178951	3179688	-	GEGEGB_03255	1	persistent	2	0	0
GEGEGB_03256	contig_1	3179945	3182203	-	LNHIMF_03225	1	persistent	3	0	0
GEGEGB_03257	contig_1	3182314	3183180	-	AJBGEP_03353	1	persistent	2	0	0
GEGEGB_03258	contig_1	3183252	3183644	-	GEGEGB_03258	1	persistent	3	0	0
GEGEGB_03259	contig_1	3183796	3184455	+	GEGEGB_03259	1	persistent	2	0	0
GEGEGB_03260	contig_1	3184452	3185801	+	GEGEGB_03260	1	persistent	2	0	0
GEGEGB_03261	contig_1	3186132	3186488	+	LNHIMF_03229	1	persistent	2	0	0
GEGEGB_03262	contig_1	3186520	3186834	+	GEGEGB_03262	1	persistent	2	0	0
GEGEGB_03263	contig_1	3186959	3188851	-	GEGEGB_03263	1	persistent	2	0	0
GEGEGB_03264	contig_1	3188879	3189460	-	GEGEGB_03264	1	persistent	2	0	0
GEGEGB_03265	contig_1	3189460	3190287	-	GEGEGB_03265	1	persistent	2	0	0
GEGEGB_03266	contig_1	3190312	3190734	-	LNHIMF_03234	1	persistent	2	0	0
GEGEGB_03267	contig_1	3190731	3191363	-	GEGEGB_03267	1	persistent	2	0	0
GEGEGB_03268	contig_1	3191570	3193039	+	GEGEGB_03268	1	persistent	2	0	0
GEGEGB_03269	contig_1	3193252	3193923	+	ODDLKH_03623	1	persistent	2	0	0
GEGEGB_03270	contig_1	3193929	3195092	+	GEGEGB_03270	1	persistent	2	0	0
GEGEGB_03271	contig_1	3195154	3195942	-	GEGEGB_03271	1	persistent	2	0	0
GEGEGB_03272	contig_1	3196083	3196856	+	GEGEGB_03272	1	persistent	2	0	0
GEGEGB_03273	contig_1	3197499	3199295	+	GEGEGB_03273	1	persistent	2	0	0
GEGEGB_03274	contig_1	3199315	3199986	+	GEGEGB_03274	1	persistent	2	0	0
GEGEGB_03275	contig_1	3200001	3200678	+	GEGEGB_03275	1	persistent	2	2	0
GEGEGB_03276	contig_1	3200849	3201502	-	GEGEGB_03276	1	persistent	2	2	0
GEGEGB_03277	contig_1	3201939	3202235	+	AJBGEP_03373	1	persistent	2	0	0
GEGEGB_03278	contig_1	3202310	3202513	-	GEGEGB_03278	1	persistent	2	0	0
GEGEGB_03279	contig_1	3202777	3203397	+	LNHIMF_03249	1	persistent	2	0	0
GEGEGB_03280	contig_1	3203416	3205095	+	GEGEGB_03280	1	persistent	2	0	0
GEGEGB_03282	contig_1	3205336	3205395	+	GEGEGB_03282	1	persistent	2	0	0
GEGEGB_03283	contig_1	3205555	3206988	-	GEGEGB_03283	1	persistent	2	0	0
GEGEGB_03284	contig_1	3207036	3209879	-	GEGEGB_03284	1	persistent	2	0	0
GEGEGB_03285	contig_1	3209997	3211298	-	GEGEGB_03285	1	persistent	2	0	0
GEGEGB_03286	contig_1	3211540	3212154	+	GEGEGB_03286	1	persistent	2	0	0
GEGEGB_03287	contig_1	3212217	3213458	+	LNHIMF_03257	1	persistent	2	0	0
GEGEGB_03288	contig_1	3213563	3214384	-	GEGEGB_03288	1	persistent	2	0	0
GEGEGB_03289	contig_1	3214482	3214841	-	LNHIMF_03259	1	persistent	2	0	0
GEGEGB_03290	contig_1	3214948	3215559	+	LNHIMF_03260	1	persistent	2	0	0
GEGEGB_03291	contig_1	3215809	3216822	-	GEGEGB_03291	1	persistent	2	0	0
GEGEGB_03292	contig_1	3217050	3217265	+	GEGEGB_03292	1	persistent	2	0	0
GEGEGB_03293	contig_1	3217501	3219246	+	GEGEGB_03293	1	persistent	2	0	0
GEGEGB_03294	contig_1	3219261	3221243	+	LNHIMF_03264	1	persistent	2	0	0
GEGEGB_03295	contig_1	3221367	3221873	-	GEGEGB_03295	1	persistent	2	0	1
GEGEGB_03297	contig_1	3222154	3222921	-	LNHIMF_03267	1	persistent	2	0	1
GEGEGB_03298	contig_1	3223156	3223800	+	GEGEGB_03298	1	persistent	2	0	0
GEGEGB_03299	contig_1	3223797	3225365	-	AJBGEP_03395	1	persistent	2	0	0
GEGEGB_03300	contig_1	3225753	3227273	-	LNHIMF_03270	1	persistent	2	0	0
GEGEGB_03301	contig_1	3227703	3229082	+	GEGEGB_03301	1	persistent	2	0	0
GEGEGB_03302	contig_1	3229253	3230356	+	BEJGEH_03246	3	persistent	2	0	0
GEGEGB_03303	contig_1	3230347	3231045	+	BEJGEH_03246	3	persistent	2	0	0
GEGEGB_03304	contig_1	3231073	3231270	+	BEJGEH_03246	3	persistent	2	0	0
GEGEGB_03305	contig_1	3231351	3232487	-	GEGEGB_03305	1	persistent	2	0	0
GEGEGB_03306	contig_1	3232573	3233070	+	GEGEGB_03306	1	persistent	2	0	0
GEGEGB_03307	contig_1	3233222	3233914	+	GEGEGB_03307	1	persistent	2	0	0
GEGEGB_03308	contig_1	3234002	3235000	+	LNHIMF_03276	1	persistent	2	0	0
GEGEGB_03309	contig_1	3235268	3236236	+	GEGEGB_03309	1	persistent	2	0	0
GEGEGB_03311	contig_1	3236491	3237735	+	LNHIMF_03279	1	persistent	2	0	0
GEGEGB_03312	contig_1	3238185	3238847	+	GEGEGB_03312	1	persistent	2	0	0
GEGEGB_03313	contig_1	3238851	3239234	+	GEGEGB_03313	1	persistent	2	0	0
GEGEGB_03314	contig_1	3239379	3239747	+	GEGEGB_03314	1	persistent	2	0	0
GEGEGB_03315	contig_1	3239789	3240094	+	GEGEGB_03315	1	persistent	2	0	0
GEGEGB_03316	contig_1	3240097	3240495	+	GEGEGB_03316	1	persistent	2	0	0
GEGEGB_03317	contig_1	3240492	3240791	+	GEGEGB_03317	1	persistent	2	0	0
GEGEGB_03318	contig_1	3240946	3241431	+	GEGEGB_03318	1	persistent	2	0	0
GEGEGB_03319	contig_1	3241499	3242485	+	LNHIMF_03287	1	persistent	2	0	0
GEGEGB_03320	contig_1	3242609	3242974	+	GEGEGB_03320	1	persistent	2	0	0
GEGEGB_03321	contig_1	3243013	3243909	-	LNHIMF_03289	1	persistent	2	0	0
GEGEGB_03322	contig_1	3244014	3244715	+	GEGEGB_03322	1	persistent	2	0	0
GEGEGB_03323	contig_1	3244739	3244903	+	GEGEGB_03323	1	persistent	2	0	0
GEGEGB_03324	contig_1	3245016	3246326	-	LNHIMF_03292	1	persistent	2	0	0
GEGEGB_03325	contig_1	3246352	3246897	-	LNHIMF_03293	3	persistent	2	0	0
GEGEGB_03326	contig_1	3246894	3247496	-	LNHIMF_03293	3	persistent	2	0	0
GEGEGB_03327	contig_1	3247506	3247682	-	LNHIMF_03293	3	persistent	2	0	0
GEGEGB_03329	contig_1	3247997	3249361	-	GEGEGB_03329	1	persistent	2	0	0
GEGEGB_03330	contig_1	3249431	3251725	-	LNHIMF_03296	1	persistent	2	0	0
GEGEGB_03331	contig_1	3251759	3252967	-	LNHIMF_03297	1	persistent	2	0	0
GEGEGB_03332	contig_1	3253034	3253612	-	LNHIMF_03298	2	persistent	2	0	0
GEGEGB_03333	contig_1	3253579	3254364	-	LNHIMF_03298	2	persistent	2	0	0
GEGEGB_03334	contig_1	3254385	3255374	-	GEGEGB_03334	1	persistent	2	0	0
GEGEGB_03335	contig_1	3255472	3256410	-	LNHIMF_03300	1	persistent	2	0	1
GEGEGB_03337	contig_1	3257862	3259007	-	GEGEGB_03337	1	persistent	2	0	1
GEGEGB_03338	contig_1	3259105	3259995	-	LNHIMF_03303	1	persistent	2	0	0
GEGEGB_03339	contig_1	3260021	3260791	-	GEGEGB_03339	1	persistent	2	0	0
GEGEGB_03340	contig_1	3261322	3262893	+	LNHIMF_03305	1	persistent	2	1	0
GEGEGB_03341	contig_1	3263133	3264080	-	AJBGEP_03432	1	shell	1	1	0
GEGEGB_03342	contig_1	3264091	3264924	-	GEGEGB_03342	1	shell	1	1	0
GEGEGB_03343	contig_1	3265258	3266112	+	GEGEGB_03343	1	persistent	2	2	0
GEGEGB_03344	contig_1	3266123	3267037	+	AJBGEP_03435	1	shell	1	1	0
GEGEGB_03345	contig_1	3267064	3268491	+	ODDLKH_03694	1	shell	1	2	0
GEGEGB_03346	contig_1	3268478	3269284	+	ODDLKH_03695	1	shell	1	1	0
GEGEGB_03347	contig_1	3269482	3270483	+	BEJGEH_03281	2	persistent	2	1	0
GEGEGB_03348	contig_1	3270493	3270753	+	BEJGEH_03281	2	persistent	2	1	0
GEGEGB_03349	contig_1	3270768	3271232	+	LNHIMF_03308	1	persistent	2	0	0
GEGEGB_03350	contig_1	3271263	3271547	+	GEGEGB_03350	1	persistent	2	0	0
GEGEGB_03351	contig_1	3271551	3272924	+	LNHIMF_03310	1	persistent	2	0	0
GEGEGB_03352	contig_1	3272968	3274011	+	GEGEGB_03352	1	persistent	2	1	0
GEGEGB_03353	contig_1	3274122	3274895	+	GEGEGB_03353	1	persistent	2	0	0
GEGEGB_03354	contig_1	3275053	3275916	-	LNHIMF_03313	1	persistent	2	0	0
GEGEGB_03355	contig_1	3275980	3278031	+	LNHIMF_03314	1	persistent	2	0	0
GEGEGB_03356	contig_1	3277989	3278384	+	LNHIMF_03315	1	persistent	2	0	0
GEGEGB_03357	contig_1	3278406	3278996	+	LNHIMF_03316	1	persistent	2	0	0
GEGEGB_03358	contig_1	3279006	3279581	+	GEGEGB_03358	1	persistent	2	0	0
GEGEGB_03359	contig_1	3279648	3280283	-	LNHIMF_03318	1	persistent	2	0	0
GEGEGB_03360	contig_1	3280414	3280932	+	GEGEGB_03360	1	persistent	2	0	0
GEGEGB_03361	contig_1	3280912	3281355	-	GEGEGB_03361	1	persistent	2	0	0
GEGEGB_03362	contig_1	3281393	3281710	+	GEGEGB_03362	1	persistent	2	0	0
GEGEGB_03363	contig_1	3281697	3282200	-	GEGEGB_03363	1	persistent	2	0	0
GEGEGB_03364	contig_1	3282194	3282718	-	GEGEGB_03364	1	persistent	2	0	0
GEGEGB_03365	contig_1	3282935	3283930	+	GEGEGB_03365	1	persistent	2	0	0
GEGEGB_03366	contig_1	3283939	3284817	+	GEGEGB_03366	1	persistent	2	0	0
GEGEGB_03367	contig_1	3284995	3286002	+	LNHIMF_03326	1	persistent	2	1	0
GEGEGB_03368	contig_1	3286093	3287337	-	GEGEGB_03368	1	persistent	2	1	0
GEGEGB_03369	contig_1	3287491	3289380	-	GEGEGB_03369	1	persistent	2	0	0
GEGEGB_03370	contig_1	3289373	3289453	-	GEGEGB_03370	1	persistent	2	0	0
GEGEGB_03371	contig_1	3289559	3290443	-	GEGEGB_03371	1	persistent	2	0	0
GEGEGB_03372	contig_1	3290553	3292688	-	LNHIMF_03331	1	persistent	2	0	0
GEGEGB_03374	contig_1	3292930	3293199	-	GEGEGB_03374	1	persistent	2	0	0
GEGEGB_03375	contig_1	3293350	3294294	-	GEGEGB_03375	1	persistent	2	0	0
GEGEGB_03376	contig_1	3294294	3294695	-	GEGEGB_03376	1	persistent	2	0	0
GEGEGB_03377	contig_1	3294916	3297594	-	BEJGEH_03312	1	persistent	2	0	0
GEGEGB_03378	contig_1	3297619	3299121	-	LNHIMF_03337	1	persistent	2	0	0
GEGEGB_03379	contig_1	3299149	3299601	-	GEGEGB_03379	1	persistent	2	0	0
GEGEGB_03381	contig_1	3300229	3301572	+	GEGEGB_03381	1	persistent	2	1	1
GEGEGB_03383	contig_1	3301870	3302202	-	GEGEGB_03383	1	persistent	2	1	1
GEGEGB_03384	contig_1	3302425	3303762	-	GEGEGB_03384	1	persistent	2	0	0
GEGEGB_03385	contig_1	3303755	3304603	-	GEGEGB_03385	1	persistent	2	1	0
GEGEGB_03386	contig_1	3304708	3306651	-	GEGEGB_03386	1	persistent	2	1	0
GEGEGB_03387	contig_1	3306746	3307372	-	LNHIMF_03346	1	persistent	2	0	0
GEGEGB_03388	contig_1	3307460	3307792	+	GEGEGB_03388	1	persistent	2	0	0
GEGEGB_03389	contig_1	3307948	3308424	-	GEGEGB_03389	1	persistent	2	0	0
GEGEGB_03390	contig_1	3308478	3308579	-	GEGEGB_03390	1	persistent	2	0	0
GEGEGB_03391	contig_1	3308672	3310105	+	GEGEGB_03391	1	persistent	2	0	0
GEGEGB_03392	contig_1	3310236	3311408	-	GEGEGB_03392	1	persistent	2	0	0
GEGEGB_03393	contig_1	3311424	3312389	-	GEGEGB_03393	1	persistent	2	0	0
GEGEGB_03394	contig_1	3312519	3312776	-	GEGEGB_03394	1	persistent	2	0	0
GEGEGB_03395	contig_1	3312796	3313107	-	GEGEGB_03395	1	persistent	2	0	0
GEGEGB_03396	contig_1	3313366	3314337	+	LNHIMF_03355	1	persistent	2	0	0
GEGEGB_03397	contig_1	3314570	3314857	+	GEGEGB_03397	1	persistent	2	0	0
GEGEGB_03398	contig_1	3314916	3316175	-	GEGEGB_03398	1	persistent	2	0	0
GEGEGB_03399	contig_1	3316229	3316522	-	GEGEGB_03399	1	persistent	2	0	0
GEGEGB_03400	contig_1	3316671	3316967	-	GEGEGB_03400	1	persistent	2	0	0
GEGEGB_03401	contig_1	3316967	3317602	-	GEGEGB_03401	1	persistent	2	0	0
GEGEGB_03402	contig_1	3317621	3318172	-	GEGEGB_03402	1	persistent	2	0	0
GEGEGB_03403	contig_1	3318177	3318959	-	GEGEGB_03403	1	persistent	2	0	0
GEGEGB_03404	contig_1	3318967	3319779	-	LNHIMF_03363	1	persistent	2	0	0
GEGEGB_03405	contig_1	3319992	3320969	+	LNHIMF_03364	1	persistent	2	0	0
GEGEGB_03406	contig_1	3320983	3321969	+	LNHIMF_03365	1	persistent	2	0	0
GEGEGB_03407	contig_1	3321990	3322556	+	GEGEGB_03407	1	persistent	2	0	0
GEGEGB_03408	contig_1	3322553	3323128	+	GEGEGB_03408	1	persistent	2	0	0
GEGEGB_03409	contig_1	3323097	3323651	+	GEGEGB_03409	1	persistent	2	0	0
GEGEGB_03410	contig_1	3323658	3324383	+	GEGEGB_03410	1	persistent	2	0	0
GEGEGB_03411	contig_1	3324431	3325864	+	GEGEGB_03411	1	persistent	2	0	0
GEGEGB_03412	contig_1	3325887	3326174	+	LNHIMF_03371	1	persistent	2	0	0
GEGEGB_03413	contig_1	3326292	3326783	+	GEGEGB_03413	1	persistent	2	0	0
GEGEGB_03414	contig_1	3326829	3327683	+	LNHIMF_03373	1	persistent	2	0	0
GEGEGB_03415	contig_1	3327680	3327952	+	GEGEGB_03415	1	persistent	2	0	0
GEGEGB_03416	contig_1	3328197	3328829	+	GEGEGB_03416	1	persistent	2	0	0
GEGEGB_03417	contig_1	3328904	3329632	-	GEGEGB_03417	1	persistent	2	0	0
GEGEGB_03418	contig_1	3329629	3330282	-	BEJGEH_03355	1	persistent	2	0	0
GEGEGB_03420	contig_1	3330509	3332845	-	LNHIMF_03380	1	persistent	2	0	0
GEGEGB_03421	contig_1	3332938	3333867	-	GEGEGB_03421	1	persistent	2	0	0
GEGEGB_03422	contig_1	3334538	3338998	+	GEGEGB_03422	1	persistent	2	0	0
GEGEGB_03423	contig_1	3339008	3340426	+	GEGEGB_03423	1	persistent	2	0	1
GEGEGB_03424	contig_1	3340634	3341737	+	GEGEGB_03424	1	persistent	2	0	1
GEGEGB_03425	contig_1	3341854	3343107	+	LNHIMF_03385	1	persistent	2	0	0
GEGEGB_03426	contig_1	3343094	3344374	+	LNHIMF_03386	1	persistent	2	0	0
GEGEGB_03427	contig_1	3344456	3344923	-	GEGEGB_03427	1	persistent	2	0	0
GEGEGB_03428	contig_1	3344920	3345795	-	LNHIMF_03388	1	persistent	2	0	0
GEGEGB_03429	contig_1	3345792	3346127	-	LNHIMF_03389	2	persistent	2	0	0
GEGEGB_03430	contig_1	3346142	3346471	-	LNHIMF_03389	2	persistent	2	0	0
GEGEGB_03431	contig_1	3346518	3348008	-	LNHIMF_03390	1	persistent	2	0	0
GEGEGB_03432	contig_1	3348124	3349017	-	LNHIMF_03391	1	persistent	2	0	0
GEGEGB_03433	contig_1	3349152	3349934	-	GEGEGB_03433	1	persistent	2	0	0
GEGEGB_03434	contig_1	3350052	3350552	-	GEGEGB_03434	1	persistent	2	0	0
GEGEGB_03435	contig_1	3350558	3351196	-	LNHIMF_03394	1	persistent	2	1	2
GEGEGB_03436	contig_1	3351311	3351484	+	LNHIMF_03395	1	cloud	2	0	0
GEGEGB_03437	contig_1	3351511	3351903	-	GEGEGB_03437	1	persistent	2	1	2
GEGEGB_03438	contig_1	3351919	3352347	-	GEGEGB_03438	1	persistent	2	0	0
GEGEGB_03439	contig_1	3352648	3353772	-	LNHIMF_03398	1	persistent	2	0	0
GEGEGB_03440	contig_1	3353965	3354363	+	LNHIMF_03399	1	persistent	2	0	0
GEGEGB_03441	contig_1	3354520	3355887	+	GEGEGB_03441	1	persistent	2	0	0
GEGEGB_03442	contig_1	3355980	3357050	+	GEGEGB_03442	1	persistent	2	0	0
GEGEGB_03443	contig_1	3357084	3357809	-	HFCAGB_03583	1	persistent	2	0	0
GEGEGB_03444	contig_1	3357836	3359137	-	LNHIMF_00056	2	persistent	4	0	0
GEGEGB_03445	contig_1	3359150	3360925	-	GEGEGB_00060	2	persistent	2	0	1
GEGEGB_03446	contig_1	3360941	3361183	-	AJBGEP_03535	2	persistent	3	1	0
GEGEGB_03447	contig_1	3361339	3361956	-	GEGEGB_03447	1	persistent	2	0	0
GEGEGB_03448	contig_1	3361956	3362855	-	GEGEGB_03448	1	persistent	2	0	0
GEGEGB_03449	contig_1	3362888	3364156	-	GEGEGB_03449	1	persistent	2	0	0
GEGEGB_03450	contig_1	3364367	3365032	-	GEGEGB_03450	1	persistent	2	0	0
GEGEGB_03451	contig_1	3365019	3365648	-	GEGEGB_03451	1	persistent	2	0	0
GEGEGB_03452	contig_1	3365768	3366706	-	GEGEGB_03452	1	persistent	2	0	0
GEGEGB_03453	contig_1	3367120	3367590	+	GEGEGB_03453	1	persistent	2	0	0
GEGEGB_03454	contig_1	3367955	3368218	+	GEGEGB_03454	1	persistent	2	0	0
GEGEGB_03455	contig_1	3368322	3368588	+	GEGEGB_03455	1	persistent	2	0	0
GEGEGB_03456	contig_1	3368648	3368920	-	GEGEGB_03456	1	persistent	2	0	0
GEGEGB_03457	contig_1	3369092	3371059	-	LNHIMF_03416	1	persistent	2	0	0
GEGEGB_03458	contig_1	3371065	3371997	-	GEGEGB_03458	1	persistent	2	0	0
GEGEGB_03459	contig_1	3372005	3372208	-	GEGEGB_03459	1	persistent	2	0	0
GEGEGB_03460	contig_1	3372390	3373319	+	GEGEGB_03460	1	persistent	2	0	0
GEGEGB_03461	contig_1	3373442	3374887	-	GEGEGB_03461	1	persistent	2	0	0
GEGEGB_03462	contig_1	3375032	3378832	-	LNHIMF_03421	1	persistent	2	0	0
GEGEGB_03463	contig_1	3378943	3380412	-	GEGEGB_03463	1	persistent	2	0	0
GEGEGB_03464	contig_1	3380402	3380995	-	LNHIMF_03423	1	persistent	2	0	0
GEGEGB_03465	contig_1	3381004	3381495	-	GEGEGB_03465	1	persistent	2	0	0
GEGEGB_03466	contig_1	3381495	3382547	-	LNHIMF_03425	1	persistent	2	0	0
GEGEGB_03467	contig_1	3382612	3383655	-	GEGEGB_03467	1	persistent	2	0	0
GEGEGB_03468	contig_1	3383963	3385903	-	LNHIMF_03427	1	persistent	2	0	0
GEGEGB_03469	contig_1	3386107	3387081	+	GEGEGB_03469	1	persistent	2	0	0
GEGEGB_03470	contig_1	3387194	3388198	+	GEGEGB_03470	1	persistent	2	0	0
GEGEGB_03471	contig_1	3388199	3388798	+	GEGEGB_03471	1	persistent	2	0	0
GEGEGB_03472	contig_1	3389192	3389662	+	GEGEGB_03472	1	persistent	2	0	0
GEGEGB_03473	contig_1	3389673	3391022	+	GEGEGB_03473	1	persistent	2	0	0
GEGEGB_03474	contig_1	3391131	3391373	+	LNHIMF_03433	1	persistent	2	0	0
GEGEGB_03475	contig_1	3391363	3392814	+	LNHIMF_03434	1	persistent	2	0	0
GEGEGB_03476	contig_1	3392826	3393707	+	GEGEGB_03476	1	persistent	2	0	1
GEGEGB_03477	contig_1	3394367	3395332	+	GEGEGB_03477	1	persistent	2	0	1
GEGEGB_03478	contig_1	3395358	3395654	+	GEGEGB_03478	1	persistent	2	0	0
GEGEGB_03479	contig_1	3395740	3396624	+	GEGEGB_03479	1	persistent	2	0	0
GEGEGB_03480	contig_1	3396707	3396871	+	GEGEGB_03480	1	persistent	2	0	0
GEGEGB_03481	contig_1	3397022	3398632	+	LNHIMF_03440	1	persistent	3	0	0
GEGEGB_03482	contig_1	3398604	3399023	+	BEJGEH_03419	1	persistent	3	0	0
GEGEGB_03483	contig_1	3399035	3401800	+	LNHIMF_03443	3	persistent	4	0	0
GEGEGB_03484	contig_1	3401757	3402149	+	LNHIMF_03443	3	persistent	4	0	0
GEGEGB_03485	contig_1	3402386	3402607	+	GEGEGB_03485	1	persistent	3	0	0
GEGEGB_03494	contig_1	3409480	3410025	-	GEGEGB_03494	1	persistent	3	0	0
GEGEGB_03495	contig_1	3410037	3411488	-	GEGEGB_03495	1	persistent	2	0	0
GEGEGB_03496	contig_1	3411527	3412141	-	BEJGEH_04039	1	persistent	2	0	0
GEGEGB_03497	contig_1	3412141	3413472	-	GEGEGB_03497	1	persistent	2	0	0
GEGEGB_03498	contig_1	3413662	3415851	+	GEGEGB_03498	1	persistent	2	0	0
GEGEGB_03499	contig_1	3415861	3417024	+	GEGEGB_03499	1	persistent	2	0	0
GEGEGB_03500	contig_1	3417221	3419044	-	GEGEGB_03500	1	persistent	2	0	0
GEGEGB_03501	contig_1	3419298	3419999	-	LNHIMF_04028	1	persistent	2	0	0
GEGEGB_03502	contig_1	3420085	3421563	-	GEGEGB_03502	1	persistent	2	0	0
GEGEGB_03503	contig_1	3421749	3422237	+	LNHIMF_04026	1	persistent	2	0	0
GEGEGB_03504	contig_1	3422245	3423039	-	GEGEGB_03504	1	persistent	2	0	0
GEGEGB_03505	contig_1	3423069	3423848	-	GEGEGB_03505	1	persistent	2	0	0
GEGEGB_03506	contig_1	3423851	3424399	-	GEGEGB_03506	1	persistent	2	0	0
GEGEGB_03507	contig_1	3424403	3424657	-	GEGEGB_03507	1	persistent	2	0	0
GEGEGB_03508	contig_1	3424863	3426503	-	GEGEGB_03508	1	persistent	2	0	0
GEGEGB_03510	contig_1	3426500	3427105	-	GEGEGB_03510	1	persistent	2	0	0
GEGEGB_03511	contig_1	3427115	3427870	-	GEGEGB_03511	1	persistent	2	0	0
GEGEGB_03512	contig_1	3427966	3429396	-	GEGEGB_03512	1	persistent	2	0	0
GEGEGB_03513	contig_1	3429536	3430297	-	GEGEGB_03513	1	persistent	2	0	0
GEGEGB_03514	contig_1	3430556	3431368	+	GEGEGB_03514	1	persistent	2	0	0
GEGEGB_03515	contig_1	3431444	3432742	-	LNHIMF_04014	1	persistent	2	0	0
GEGEGB_03516	contig_1	3433125	3435389	-	LNHIMF_04013	1	persistent	2	0	0
GEGEGB_03517	contig_1	3435638	3436591	+	GEGEGB_03517	1	persistent	2	0	0
GEGEGB_03518	contig_1	3436479	3437378	-	GEGEGB_03518	1	persistent	2	0	0
GEGEGB_03519	contig_1	3437459	3438259	-	LNHIMF_04010	1	persistent	2	0	0
GEGEGB_03520	contig_1	3438275	3439291	-	LNHIMF_04009	1	persistent	2	0	0
GEGEGB_03521	contig_1	3439402	3440022	+	GEGEGB_03521	1	persistent	2	0	0
GEGEGB_03522	contig_1	3440062	3440682	-	GEGEGB_03522	1	persistent	2	0	0
GEGEGB_03523	contig_1	3440746	3442593	-	GEGEGB_03523	1	persistent	2	0	0
GEGEGB_03524	contig_1	3442659	3443528	-	GEGEGB_03524	1	persistent	2	0	0
GEGEGB_03525	contig_1	3443693	3444160	+	GEGEGB_03525	1	persistent	2	0	0
GEGEGB_03526	contig_1	3444204	3445088	+	HFCAGB_04202	1	persistent	2	2	0
GEGEGB_03527	contig_1	3445123	3445581	+	GEGEGB_03527	1	shell	1	1	0
GEGEGB_03528	contig_1	3445597	3445977	+	GEGEGB_03528	1	shell	1	1	0
GEGEGB_03529	contig_1	3446026	3446976	-	GEGEGB_03529	1	persistent	2	2	0
GEGEGB_03530	contig_1	3447448	3449610	-	LNHIMF_04001	1	persistent	2	0	0
GEGEGB_03531	contig_1	3449746	3450462	-	GEGEGB_03531	1	persistent	2	0	0
GEGEGB_03532	contig_1	3450462	3451364	-	GEGEGB_03532	1	persistent	2	0	0
GEGEGB_03533	contig_1	3451361	3452068	-	GEGEGB_03533	1	persistent	2	0	0
GEGEGB_03534	contig_1	3452065	3452889	-	GEGEGB_03534	1	persistent	2	0	0
GEGEGB_03535	contig_1	3452926	3453129	-	GEGEGB_03535	1	persistent	1	1	1
GEGEGB_03536	contig_1	3453315	3455324	+	GEGEGB_03536	1	cloud	2	0	0
GEGEGB_03537	contig_1	3455303	3455692	+	LNHIMF_03994	1	persistent	1	2	1
GEGEGB_03538	contig_1	3455762	3456082	+	GEGEGB_03538	1	persistent	2	1	0
GEGEGB_03539	contig_1	3456154	3456516	-	BEJGEH_03995	1	shell	1	1	0
GEGEGB_03540	contig_1	3456528	3457043	-	BEJGEH_03994	1	shell	0	2	0
GEGEGB_03541	contig_1	3457256	3457609	-	AJBGEP_04145	1	shell	1	1	0
GEGEGB_03542	contig_1	3457717	3460263	-	GEGEGB_03542	1	persistent	2	1	0
GEGEGB_03543	contig_1	3460619	3461581	+	GEGEGB_03543	1	persistent	2	0	0
GEGEGB_03544	contig_1	3461578	3462318	+	LNHIMF_03990	1	persistent	2	0	0
GEGEGB_03545	contig_1	3462340	3463509	+	GEGEGB_03545	1	persistent	2	0	0
GEGEGB_03546	contig_1	3463509	3464708	+	LNHIMF_03988	1	persistent	2	0	0
GEGEGB_03553	contig_1	3465825	3467210	-	HFCAGB_04177	1	persistent	2	0	0
GEGEGB_03554	contig_1	3467417	3468157	-	LNHIMF_03980	1	persistent	2	0	0
GEGEGB_03555	contig_1	3468154	3469512	-	LNHIMF_03979	1	persistent	2	0	0
GEGEGB_03556	contig_1	3469509	3470588	-	LNHIMF_03978	1	persistent	2	0	0
GEGEGB_03557	contig_1	3470585	3471835	-	GEGEGB_03557	1	persistent	2	0	0
GEGEGB_03558	contig_1	3471837	3472967	-	GEGEGB_03558	1	persistent	2	0	0
GEGEGB_03559	contig_1	3472972	3473649	-	LNHIMF_03975	1	persistent	1	1	1
GEGEGB_03560	contig_1	3473627	3474508	-	GEGEGB_03560	1	cloud	2	0	0
GEGEGB_03561	contig_1	3474541	3475608	-	LNHIMF_03973	1	persistent	1	1	1
GEGEGB_03562	contig_1	3475608	3476870	-	GEGEGB_03562	1	persistent	2	0	0
GEGEGB_03563	contig_1	3476867	3477952	-	LNHIMF_03971	1	persistent	2	0	0
GEGEGB_03564	contig_1	3478053	3479099	-	LNHIMF_03970	1	persistent	2	0	0
GEGEGB_03565	contig_1	3479111	3480214	-	GEGEGB_03565	1	persistent	2	0	0
GEGEGB_03566	contig_1	3480444	3481703	-	GEGEGB_03566	1	persistent	2	0	0
GEGEGB_03567	contig_1	3482122	3482451	-	GEGEGB_03567	1	persistent	2	0	0
GEGEGB_03568	contig_1	3482595	3483860	+	GEGEGB_03568	1	persistent	2	0	0
GEGEGB_03569	contig_1	3483979	3485460	+	GEGEGB_03569	1	persistent	2	0	0
GEGEGB_03570	contig_1	3485500	3487524	-	GEGEGB_03570	1	persistent	2	0	1
GEGEGB_03571	contig_1	3487624	3488352	-	LNHIMF_03963	1	cloud	1	0	1
GEGEGB_03572	contig_1	3488352	3489095	-	GEGEGB_03572	1	cloud	0	0	2
GEGEGB_03573	contig_1	3489123	3489629	-	LNHIMF_03961	2	cloud	1	0	1
GEGEGB_03574	contig_1	3489645	3489824	-	LNHIMF_03961	2	cloud	1	0	1
GEGEGB_03575	contig_1	3490018	3490299	+	GEGEGB_03575	1	persistent	2	0	1
GEGEGB_03576	contig_1	3490391	3491866	-	GEGEGB_03576	1	persistent	2	0	0
GEGEGB_03577	contig_1	3492031	3492918	+	GEGEGB_03577	1	persistent	2	0	1
GEGEGB_03578	contig_1	3492921	3493262	-	BEJGEH_03957	1	persistent	2	1	0
GEGEGB_03579	contig_1	3493259	3493621	-	HFCAGB_04155	1	shell	2	0	0
GEGEGB_03580	contig_1	3493857	3495401	-	LNHIMF_03954	1	persistent	2	1	1
GEGEGB_03581	contig_1	3495404	3497254	-	LNHIMF_03953	1	persistent	2	0	0
GEGEGB_03582	contig_1	3497411	3498340	-	GEGEGB_03582	1	persistent	2	0	0
GEGEGB_03583	contig_1	3498358	3498621	-	GEGEGB_03583	1	persistent	2	0	0
GEGEGB_03584	contig_1	3498618	3500264	-	GEGEGB_03584	1	persistent	2	0	0
GEGEGB_03585	contig_1	3500854	3501087	+	LNHIMF_03949	2	persistent	2	1	2
GEGEGB_03586	contig_1	3501128	3502180	-	GEGEGB_03586	1	cloud	1	0	3
GEGEGB_03587	contig_1	3502369	3502560	-	GEGEGB_03587	1	cloud	0	0	2
GEGEGB_03588	contig_1	3502576	3503145	-	GEGEGB_03588	1	cloud	0	0	2
GEGEGB_03589	contig_1	3503271	3503492	+	GEGEGB_03589	1	cloud	0	0	2
GEGEGB_03590	contig_1	3503525	3504034	+	BEJGEH_02752	2	cloud	0	0	7
GEGEGB_03591	contig_1	3504209	3504433	+	GEGEGB_03591	1	cloud	0	0	2
GEGEGB_03592	contig_1	3504456	3504797	+	BEJGEH_02750	2	cloud	0	0	7
GEGEGB_03593	contig_1	3504865	3505098	+	GEGEGB_03593	1	cloud	0	0	2
GEGEGB_03594	contig_1	3505098	3505325	+	GEGEGB_04577	2	cloud	0	0	5
GEGEGB_03595	contig_1	3505322	3506179	+	GEGEGB_04575	2	cloud	0	0	4
GEGEGB_03596	contig_1	3506176	3508590	+	BEJGEH_02746	2	cloud	0	0	3
GEGEGB_03597	contig_1	3508744	3508932	+	GEGEGB_03597	2	cloud	0	0	4
GEGEGB_03598	contig_1	3509408	3510214	-	HFCAGB_02956	1	cloud	0	0	4
GEGEGB_03599	contig_1	3510900	3511814	+	GEGEGB_03599	1	cloud	0	0	2
GEGEGB_03600	contig_1	3511811	3512551	+	GEGEGB_03600	1	cloud	0	0	2
GEGEGB_03601	contig_1	3512586	3513623	-	HFCAGB_02953	2	cloud	0	0	7
GEGEGB_03602	contig_1	3513623	3515389	-	GEGEGB_04567	2	cloud	0	0	2
GEGEGB_03603	contig_1	3515532	3516365	+	HFCAGB_02951	2	cloud	0	0	2
GEGEGB_03604	contig_1	3516382	3517440	+	HFCAGB_02950	2	cloud	0	0	2
GEGEGB_03605	contig_1	3517444	3518094	+	GEGEGB_03605	2	cloud	0	0	2
GEGEGB_03606	contig_1	3518190	3518654	+	GEGEGB_04563	2	cloud	0	0	2
GEGEGB_03607	contig_1	3518654	3518857	+	GEGEGB_03607	2	cloud	0	0	2
GEGEGB_03608	contig_1	3518861	3519076	+	BEJGEH_02733	2	cloud	0	0	2
GEGEGB_03609	contig_1	3519057	3519569	+	GEGEGB_03609	2	cloud	0	0	3
GEGEGB_03610	contig_1	3519571	3519948	+	HFCAGB_02944	1	cloud	0	0	2
GEGEGB_03611	contig_1	3519945	3520373	+	HFCAGB_02943	1	cloud	0	0	2
GEGEGB_03612	contig_1	3520469	3520900	+	HFCAGB_02942	2	cloud	0	0	3
GEGEGB_03613	contig_1	3520893	3521339	+	GEGEGB_03613	2	cloud	0	0	5
GEGEGB_03614	contig_1	3521408	3521986	+	GEGEGB_04555	2	cloud	0	0	5
GEGEGB_03615	contig_1	3521983	3522342	+	ONMMKP_04176	2	cloud	0	0	2
GEGEGB_03616	contig_1	3522329	3523237	+	BEJGEH_02724	2	cloud	0	0	2
GEGEGB_03617	contig_1	3523230	3523835	+	GEGEGB_03617	2	cloud	0	0	5
GEGEGB_03618	contig_1	3523832	3525346	+	GEGEGB_03618	1	cloud	0	0	2
GEGEGB_03619	contig_1	3525346	3525939	+	GEGEGB_03619	1	cloud	0	0	2
GEGEGB_03620	contig_1	3525911	3526351	-	GEGEGB_03620	1	cloud	0	0	2
GEGEGB_03621	contig_1	3526780	3527346	+	GEGEGB_02813	3	cloud	2	0	6
GEGEGB_03622	contig_1	3527489	3528661	+	GEGEGB_02812	3	cloud	0	2	3
GEGEGB_03623	contig_1	3528671	3529186	+	GEGEGB_02811	3	cloud	0	0	2
GEGEGB_03624	contig_1	3529241	3529543	+	GEGEGB_02810	3	cloud	0	0	4
GEGEGB_03625	contig_1	3529670	3532747	+	GEGEGB_03625	2	cloud	0	0	2
GEGEGB_03626	contig_1	3532744	3533229	+	GEGEGB_02808	3	cloud	0	0	4
GEGEGB_03627	contig_1	3533226	3534326	+	GEGEGB_02807	3	cloud	1	0	3
GEGEGB_03628	contig_1	3534417	3534635	+	GEGEGB_03628	2	cloud	1	0	2
GEGEGB_03629	contig_1	3534845	3536047	+	LNHIMF_03949	2	persistent	2	1	2
GEGEGB_03631	contig_1	3536217	3536675	+	GEGEGB_00250	25	shell	58	4	2
GEGEGB_03632	contig_1	3536783	3537121	-	GEGEGB_03632	1	persistent	2	1	0
GEGEGB_03633	contig_1	3537240	3538076	+	GEGEGB_03633	1	persistent	3	0	0
GEGEGB_03641	contig_1	3544138	3545727	+	BEJGEH_04235	1	persistent	3	0	0
GEGEGB_03642	contig_1	3545743	3547032	+	GEGEGB_03642	1	persistent	2	0	0
GEGEGB_03643	contig_1	3547029	3548354	-	LNHIMF_04220	1	persistent	2	0	0
GEGEGB_03644	contig_1	3548360	3549946	-	BEJGEH_04232	1	persistent	2	0	0
GEGEGB_03645	contig_1	3550011	3550466	+	GEGEGB_03645	1	persistent	2	0	0
GEGEGB_03646	contig_1	3550508	3551200	-	GEGEGB_03646	1	persistent	2	0	0
GEGEGB_03647	contig_1	3551212	3551484	-	GEGEGB_03647	1	persistent	2	0	0
GEGEGB_03648	contig_1	3551671	3552261	-	GEGEGB_03648	1	persistent	2	0	0
GEGEGB_03649	contig_1	3552303	3552974	-	GEGEGB_03649	1	persistent	2	0	0
GEGEGB_03650	contig_1	3552984	3554048	-	GEGEGB_03650	1	persistent	2	0	0
GEGEGB_03651	contig_1	3554089	3554862	-	LNHIMF_04212	1	persistent	2	0	0
GEGEGB_03652	contig_1	3554955	3555443	+	LNHIMF_04211	1	persistent	2	0	0
GEGEGB_03653	contig_1	3555807	3557702	+	LNHIMF_04210	1	persistent	2	0	0
GEGEGB_03654	contig_1	3557702	3558337	+	LNHIMF_04209	1	persistent	2	0	0
GEGEGB_03655	contig_1	3558330	3559088	+	LNHIMF_04208	1	persistent	3	0	0
GEGEGB_03656	contig_1	3559271	3560041	+	LNHIMF_04206	1	persistent	3	0	0
GEGEGB_03657	contig_1	3560038	3561171	+	LNHIMF_04205	1	persistent	1	2	2
GEGEGB_03658	contig_1	3561252	3561509	-	BENMGJ_00164	1	cloud	1	1	0
GEGEGB_03659	contig_1	3561830	3561967	+	GEGEGB_03659	1	shell	2	2	1
GEGEGB_03660	contig_1	3562271	3562549	-	LNHIMF_04203	1	persistent	1	2	1
GEGEGB_03661	contig_1	3562636	3566859	-	GEGEGB_03661	1	persistent	2	1	1
GEGEGB_03662	contig_1	3566936	3570964	-	GEGEGB_03662	1	persistent	2	0	0
GEGEGB_03664	contig_1	3571282	3571647	-	GEGEGB_03664	1	persistent	2	0	0
GEGEGB_03665	contig_1	3571714	3572211	-	GEGEGB_03665	1	persistent	2	0	0
GEGEGB_03666	contig_1	3572627	3573331	-	GEGEGB_03666	1	persistent	2	0	0
GEGEGB_03667	contig_1	3573335	3573763	-	GEGEGB_03667	1	persistent	2	0	0
GEGEGB_03668	contig_1	3573921	3574466	-	GEGEGB_03668	1	persistent	1	1	0
GEGEGB_03669	contig_1	3574468	3574851	-	GEGEGB_03669	1	shell	1	1	0
GEGEGB_03670	contig_1	3575081	3576265	-	GEGEGB_03670	2	shell	2	2	0
GEGEGB_03675	contig_1	3577248	3578174	+	GEGEGB_03675	1	persistent	1	1	0
GEGEGB_03676	contig_1	3578209	3579171	-	GEGEGB_03676	1	persistent	2	0	0
GEGEGB_03677	contig_1	3579168	3580196	-	LNHIMF_04186	1	persistent	2	0	0
GEGEGB_03684	contig_1	3586111	3586962	-	GEGEGB_03684	1	persistent	2	0	0
GEGEGB_03685	contig_1	3586907	3588751	-	LNHIMF_04178	1	persistent	2	0	0
GEGEGB_03686	contig_1	3589125	3590225	+	LNHIMF_04177	1	persistent	2	0	0
GEGEGB_03687	contig_1	3590272	3590631	-	GEGEGB_03687	1	persistent	2	0	0
GEGEGB_03688	contig_1	3590647	3591282	-	GEGEGB_03688	1	persistent	2	0	0
GEGEGB_03689	contig_1	3591481	3592881	+	GEGEGB_03689	1	persistent	2	0	0
GEGEGB_03690	contig_1	3592864	3593781	-	GEGEGB_03690	1	persistent	2	0	0
GEGEGB_03692	contig_1	3594065	3595441	-	LNHIMF_04171	1	persistent	2	0	0
GEGEGB_03693	contig_1	3595559	3596335	-	GEGEGB_03693	1	persistent	2	0	0
GEGEGB_03694	contig_1	3596343	3597347	-	GEGEGB_03694	1	persistent	2	0	0
GEGEGB_03695	contig_1	3597436	3598587	+	GEGEGB_03695	1	persistent	2	0	0
GEGEGB_03696	contig_1	3598956	3601607	+	LNHIMF_04167	1	persistent	2	0	0
GEGEGB_03697	contig_1	3601809	3603542	+	GEGEGB_03697	1	persistent	2	0	0
GEGEGB_03698	contig_1	3603703	3604539	+	HFCAGB_04375	1	persistent	1	1	1
GEGEGB_03699	contig_1	3604645	3604767	-	GEGEGB_03699	1	cloud	2	0	0
GEGEGB_03700	contig_1	3604794	3605456	+	BEJGEH_04175	1	persistent	1	1	1
GEGEGB_03701	contig_1	3605468	3606571	+	LNHIMF_04162	1	persistent	3	0	0
GEGEGB_03702	contig_1	3606678	3608858	-	GEGEGB_03702	1	persistent	3	0	0
GEGEGB_03703	contig_1	3609023	3609913	-	GEGEGB_03703	1	persistent	2	0	1
GEGEGB_03704	contig_1	3610192	3611673	+	HFCAGB_04363	1	cloud	1	0	1
GEGEGB_03705	contig_1	3611618	3612724	-	HFCAGB_04362	1	cloud	0	0	2
GEGEGB_03706	contig_1	3612721	3613959	-	HFCAGB_04361	1	cloud	1	0	1
GEGEGB_03707	contig_1	3614224	3615780	-	GEGEGB_03707	1	persistent	2	0	1
GEGEGB_03708	contig_1	3615916	3617040	+	LNHIMF_04158	1	persistent	2	0	1
GEGEGB_03709	contig_1	3617274	3617528	+	LNHIMF_04157	1	cloud	2	0	0
GEGEGB_03710	contig_1	3617767	3620199	-	IKCLMC_00748	1	persistent	2	0	1
GEGEGB_03711	contig_1	3620202	3621362	-	LNHIMF_04155	1	persistent	2	0	0
GEGEGB_03712	contig_1	3621627	3621944	+	GEGEGB_03712	1	persistent	2	0	0
GEGEGB_03713	contig_1	3622400	3623914	+	LNHIMF_04153	1	persistent	2	0	0
GEGEGB_03716	contig_1	3624390	3625052	+	GEGEGB_03716	1	persistent	2	1	0
GEGEGB_03717	contig_1	3625098	3625310	-	GEGEGB_03717	1	persistent	2	1	0
GEGEGB_03718	contig_1	3625514	3627712	+	LNHIMF_04149	1	persistent	2	0	0
GEGEGB_03719	contig_1	3627867	3628892	+	GEGEGB_03719	1	persistent	2	0	0
GEGEGB_03720	contig_1	3629079	3629981	+	IKCLMC_00739	1	persistent	2	0	0
GEGEGB_03721	contig_1	3630073	3630603	+	GEGEGB_03721	1	persistent	2	0	0
GEGEGB_03722	contig_1	3630613	3631944	+	LNHIMF_04145	1	persistent	2	0	0
GEGEGB_03723	contig_1	3632011	3632940	+	LNHIMF_04144	1	persistent	2	0	0
GEGEGB_03724	contig_1	3633033	3633518	+	GEGEGB_03724	1	persistent	2	0	0
GEGEGB_03725	contig_1	3633740	3633979	-	LNHIMF_04142	1	persistent	2	0	0
GEGEGB_03726	contig_1	3634378	3635223	+	LNHIMF_04141	1	persistent	2	0	0
GEGEGB_03727	contig_1	3635244	3636749	+	LNHIMF_04140	1	persistent	2	0	0
GEGEGB_03728	contig_1	3636861	3637871	+	GEGEGB_03728	1	persistent	2	0	0
GEGEGB_03729	contig_1	3637968	3638714	+	GEGEGB_03729	1	persistent	2	0	0
GEGEGB_03730	contig_1	3638821	3639249	-	GEGEGB_03730	1	persistent	2	0	0
GEGEGB_03731	contig_1	3639350	3639946	+	GEGEGB_03731	1	persistent	2	0	0
GEGEGB_03732	contig_1	3640059	3640826	+	GEGEGB_03732	1	persistent	2	0	0
GEGEGB_03733	contig_1	3640918	3641682	-	LNHIMF_04134	1	persistent	2	0	0
GEGEGB_03734	contig_1	3641692	3642021	-	GEGEGB_03734	1	persistent	2	0	0
GEGEGB_03735	contig_1	3642065	3642940	-	GEGEGB_03735	1	persistent	2	0	0
GEGEGB_03736	contig_1	3642969	3643991	-	GEGEGB_03736	1	persistent	2	0	0
GEGEGB_03737	contig_1	3644020	3645018	-	GEGEGB_03737	1	persistent	2	0	0
GEGEGB_03738	contig_1	3645018	3646061	-	LNHIMF_04129	1	persistent	2	0	0
GEGEGB_03739	contig_1	3646055	3647590	-	LNHIMF_04128	1	persistent	2	0	0
GEGEGB_03740	contig_1	3647846	3648805	+	GEGEGB_03740	1	persistent	2	0	0
GEGEGB_03741	contig_1	3648892	3650484	+	GEGEGB_03741	1	persistent	2	0	0
GEGEGB_03742	contig_1	3650498	3650779	+	LNHIMF_04125	1	persistent	2	0	0
GEGEGB_03743	contig_1	3651085	3651255	-	LNHIMF_04124	1	persistent	2	0	0
GEGEGB_03744	contig_1	3651353	3652075	-	LNHIMF_04123	1	persistent	2	0	0
GEGEGB_03745	contig_1	3652138	3653178	-	GEGEGB_03745	1	persistent	2	0	0
GEGEGB_03746	contig_1	3653188	3654147	-	AJBGEP_04279	1	persistent	2	0	0
GEGEGB_03747	contig_1	3654158	3654490	-	LNHIMF_04120	2	persistent	2	0	0
GEGEGB_03748	contig_1	3654491	3655492	-	LNHIMF_04120	2	persistent	2	0	0
GEGEGB_03749	contig_1	3655758	3656513	-	GEGEGB_03749	1	persistent	2	0	0
GEGEGB_03750	contig_1	3656614	3657603	-	LNHIMF_04118	1	persistent	2	0	0
GEGEGB_03751	contig_1	3657807	3658769	-	GEGEGB_03751	1	persistent	2	0	0
GEGEGB_03752	contig_1	3658954	3659850	-	GEGEGB_03752	1	persistent	2	0	1
GEGEGB_03753	contig_1	3659998	3660498	-	LNHIMF_04115	1	persistent	2	0	1
GEGEGB_03754	contig_1	3660649	3661347	+	LNHIMF_04114	1	persistent	2	0	0
GEGEGB_03755	contig_1	3661344	3662717	+	GEGEGB_03755	1	persistent	2	0	1
GEGEGB_03756	contig_1	3662768	3663163	-	LNHIMF_04112	1	persistent	2	0	1
GEGEGB_03757	contig_1	3663175	3663864	-	GEGEGB_03757	1	persistent	2	0	0
GEGEGB_03758	contig_1	3663934	3664554	-	GEGEGB_03758	1	persistent	2	0	0
GEGEGB_03759	contig_1	3664883	3665302	+	LNHIMF_04109	2	persistent	2	0	0
GEGEGB_03760	contig_1	3665335	3665865	+	LNHIMF_04109	2	persistent	2	0	0
GEGEGB_03761	contig_1	3665884	3666399	+	GEGEGB_03761	1	persistent	2	0	0
GEGEGB_03762	contig_1	3666392	3667699	+	LNHIMF_04107	1	persistent	2	0	0
GEGEGB_03763	contig_1	3667855	3668526	-	GEGEGB_03763	1	persistent	2	0	1
GEGEGB_03764	contig_1	3669157	3670191	+	LNHIMF_04104	1	persistent	2	0	1
GEGEGB_03765	contig_1	3670188	3671036	-	GEGEGB_03765	1	persistent	2	0	0
GEGEGB_03766	contig_1	3671189	3672025	-	GEGEGB_03766	1	persistent	2	0	0
GEGEGB_03767	contig_1	3672313	3673782	+	LNHIMF_04101	1	persistent	2	0	0
GEGEGB_03768	contig_1	3673779	3675038	+	GEGEGB_03768	1	persistent	2	0	0
GEGEGB_03769	contig_1	3675096	3675758	+	LNHIMF_04099	1	persistent	2	0	0
GEGEGB_03770	contig_1	3676049	3677197	+	ALJMDI_00957	1	persistent	2	0	0
GEGEGB_03771	contig_1	3677194	3677508	+	GEGEGB_03771	1	persistent	2	0	0
GEGEGB_03772	contig_1	3677597	3678145	-	LNHIMF_04096	1	persistent	2	0	0
GEGEGB_03773	contig_1	3678246	3678905	+	GEGEGB_03773	1	persistent	2	0	0
GEGEGB_03774	contig_1	3678905	3679150	+	LNHIMF_04094	1	persistent	2	0	0
GEGEGB_03776	contig_1	3679571	3680671	-	LNHIMF_04092	1	persistent	3	0	1
GEGEGB_03777	contig_1	3680853	3681884	+	BEJGEH_04099	1	persistent	2	0	1
GEGEGB_03778	contig_1	3682160	3682996	-	GEGEGB_03778	1	persistent	3	0	0
GEGEGB_03779	contig_1	3683191	3686241	+	GEGEGB_03779	1	persistent	2	0	0
GEGEGB_03780	contig_1	3686254	3687156	+	LNHIMF_04089	1	persistent	2	0	0
GEGEGB_03781	contig_1	3687153	3687788	+	GEGEGB_03781	1	persistent	2	0	0
GEGEGB_03782	contig_1	3687785	3688714	+	LNHIMF_04087	1	persistent	2	0	1
GEGEGB_03783	contig_1	3688752	3689126	-	GEGEGB_03783	1	cloud	1	0	1
GEGEGB_03784	contig_1	3689126	3689368	-	GEGEGB_03784	1	cloud	1	0	1
GEGEGB_03785	contig_1	3689573	3690502	+	LNHIMF_04084	1	persistent	2	0	1
GEGEGB_03786	contig_1	3690588	3690899	+	LNHIMF_04083	1	persistent	2	0	0
GEGEGB_03787	contig_1	3690896	3691342	+	GEGEGB_03787	1	persistent	2	0	0
GEGEGB_03788	contig_1	3691357	3692298	-	GEGEGB_03788	1	persistent	2	0	0
GEGEGB_03789	contig_1	3692343	3692780	-	LNHIMF_04080	1	persistent	2	0	0
GEGEGB_03790	contig_1	3692777	3693556	-	GEGEGB_03790	1	persistent	2	0	0
GEGEGB_03791	contig_1	3693643	3694242	-	GEGEGB_03791	1	persistent	2	0	0
GEGEGB_03792	contig_1	3694433	3695236	-	GEGEGB_03792	1	persistent	2	0	0
GEGEGB_03793	contig_1	3695270	3696166	-	GEGEGB_03793	1	persistent	2	0	0
GEGEGB_03794	contig_1	3696330	3697226	+	GEGEGB_03794	1	persistent	2	0	0
GEGEGB_03795	contig_1	3697249	3698127	+	GEGEGB_03795	1	persistent	2	0	0
GEGEGB_03796	contig_1	3698143	3699279	+	BEJGEH_04080	1	persistent	1	2	0
GEGEGB_03797	contig_1	3699403	3700140	+	HFCAGB_04271	1	shell	2	0	0
GEGEGB_03798	contig_1	3700288	3702324	+	LNHIMF_04071	1	persistent	1	2	0
GEGEGB_03799	contig_1	3702370	3703752	+	GEGEGB_03799	1	persistent	2	0	0
GEGEGB_03800	contig_1	3703798	3705219	+	BEJGEH_04075	1	persistent	2	0	0
GEGEGB_03801	contig_1	3705287	3705979	+	LNHIMF_04068	1	persistent	2	0	1
GEGEGB_03802	contig_1	3706136	3706984	+	BEJGEH_04073	1	persistent	2	0	0
GEGEGB_03803	contig_1	3707036	3707281	+	AJBGEP_04224	2	persistent	2	0	0
GEGEGB_03804	contig_1	3707312	3708022	+	AJBGEP_04224	2	persistent	2	0	0
GEGEGB_03805	contig_1	3708015	3708890	+	LNHIMF_04065	1	persistent	2	0	0
GEGEGB_03807	contig_1	3709138	3710133	+	BEJGEH_04070	1	persistent	2	0	0
GEGEGB_03808	contig_1	3710130	3711008	+	LNHIMF_04063	1	persistent	2	0	0
GEGEGB_03809	contig_1	3710993	3711727	+	GEGEGB_03809	1	persistent	2	0	0
GEGEGB_03810	contig_1	3711782	3713605	-	LNHIMF_04061	1	persistent	2	0	1
GEGEGB_03812	contig_1	3713981	3715390	+	GEGEGB_03812	1	persistent	2	0	0
GEGEGB_03813	contig_1	3715665	3716714	+	GEGEGB_03813	1	persistent	2	0	0
GEGEGB_03814	contig_1	3716723	3718132	+	GEGEGB_03814	1	persistent	2	0	0
GEGEGB_03815	contig_1	3718245	3718355	+	GEGEGB_03815	1	persistent	2	0	0
GEGEGB_03816	contig_1	3718445	3719818	-	GEGEGB_03816	1	persistent	2	0	0
GEGEGB_03817	contig_1	3720007	3720522	-	GEGEGB_03817	1	persistent	2	0	0
GEGEGB_03819	contig_1	3720641	3720838	-	GEGEGB_03819	1	persistent	2	0	0
GEGEGB_03820	contig_1	3721105	3721737	+	GEGEGB_03820	1	persistent	2	0	0
GEGEGB_03822	contig_1	3721858	3721905	-	GEGEGB_03822	1	persistent	2	0	0
GEGEGB_03823	contig_1	3722073	3724859	-	LNHIMF_04048	1	persistent	2	0	0
GEGEGB_03824	contig_1	3725247	3726155	+	GEGEGB_03824	1	persistent	2	0	0
GEGEGB_03825	contig_1	3726168	3726791	-	LNHIMF_04046	1	persistent	2	0	0
GEGEGB_03826	contig_1	3726808	3727794	-	GEGEGB_03826	1	persistent	2	0	0
GEGEGB_03827	contig_1	3727871	3728140	-	GEGEGB_03827	1	persistent	2	0	0
GEGEGB_03828	contig_1	3728210	3728794	+	LNHIMF_04043	1	persistent	2	0	0
GEGEGB_03829	contig_1	3728776	3729306	+	GEGEGB_03829	1	persistent	3	0	0
GEGEGB_03835	contig_1	3735044	3735748	+	GEGEGB_03835	1	persistent	3	0	0
GEGEGB_03836	contig_1	3735760	3736242	+	LNHIMF_03938	2	persistent	2	0	0
GEGEGB_03837	contig_1	3736315	3737187	+	LNHIMF_03938	2	persistent	2	0	0
GEGEGB_03838	contig_1	3737153	3738142	-	GEGEGB_03838	1	persistent	2	0	0
GEGEGB_03839	contig_1	3738155	3739084	-	LNHIMF_03936	1	persistent	2	0	0
GEGEGB_03840	contig_1	3739217	3740107	-	GEGEGB_03840	1	persistent	2	0	0
GEGEGB_03841	contig_1	3740132	3741097	-	GEGEGB_03841	1	persistent	2	0	0
GEGEGB_03842	contig_1	3741103	3742608	-	HFCAGB_04133	1	persistent	2	0	0
GEGEGB_03843	contig_1	3742616	3743035	-	LNHIMF_03932	1	persistent	2	0	0
GEGEGB_03844	contig_1	3743252	3745120	-	LNHIMF_03931	1	persistent	2	0	0
GEGEGB_03845	contig_1	3745468	3746964	+	LNHIMF_03930	1	persistent	2	0	0
GEGEGB_03846	contig_1	3746958	3748409	+	LNHIMF_03929	1	persistent	2	0	0
GEGEGB_03847	contig_1	3748414	3749406	-	LNHIMF_03928	1	persistent	2	0	0
GEGEGB_03848	contig_1	3749557	3750015	+	GEGEGB_03848	1	persistent	2	0	0
GEGEGB_03849	contig_1	3750105	3750548	+	GEGEGB_03849	1	persistent	2	0	0
GEGEGB_03850	contig_1	3750927	3752816	+	LNHIMF_03925	1	persistent	2	0	0
GEGEGB_03851	contig_1	3752919	3753542	+	GEGEGB_03851	1	persistent	2	0	0
GEGEGB_03852	contig_1	3754156	3754536	+	LNHIMF_03923	1	persistent	2	0	1
GEGEGB_03853	contig_1	3754545	3755360	+	GEGEGB_03853	1	persistent	2	0	0
GEGEGB_03854	contig_1	3755407	3755646	+	GEGEGB_03854	1	persistent	2	0	0
GEGEGB_03855	contig_1	3755706	3756176	+	GEGEGB_03855	1	persistent	2	0	0
GEGEGB_03856	contig_1	3756191	3756724	+	GEGEGB_03856	1	persistent	2	0	1
GEGEGB_03857	contig_1	3756737	3758278	+	GEGEGB_03857	1	persistent	2	0	0
GEGEGB_03858	contig_1	3758329	3759192	+	LNHIMF_03917	1	persistent	2	0	2
GEGEGB_03859	contig_1	3759219	3760601	+	GEGEGB_03859	1	persistent	2	0	0
GEGEGB_03860	contig_1	3760622	3761041	+	GEGEGB_03860	1	persistent	2	0	0
GEGEGB_03861	contig_1	3761270	3761968	+	LNHIMF_03914	1	persistent	2	0	0
GEGEGB_03863	contig_1	3762288	3763658	+	GEGEGB_03863	1	persistent	2	0	0
GEGEGB_03864	contig_1	3763847	3765676	+	LNHIMF_03911	1	persistent	2	0	1
GEGEGB_03865	contig_1	3766087	3766662	+	GEGEGB_03865	1	cloud	1	0	1
GEGEGB_03866	contig_1	3766772	3767458	+	GEGEGB_03866	1	cloud	0	0	2
GEGEGB_03867	contig_1	3767480	3767992	+	GEGEGB_03867	1	cloud	0	0	2
GEGEGB_03868	contig_1	3768095	3770014	+	GEGEGB_03868	1	cloud	0	0	2
GEGEGB_03869	contig_1	3770026	3771093	+	GEGEGB_03869	1	cloud	1	0	1
GEGEGB_03870	contig_1	3771124	3772914	-	GEGEGB_03870	1	persistent	2	0	1
GEGEGB_03871	contig_1	3772976	3773746	+	GEGEGB_03871	1	persistent	2	0	0
GEGEGB_03872	contig_1	3773795	3775168	+	LNHIMF_03908	1	persistent	2	0	1
GEGEGB_03873	contig_1	3775334	3776374	+	LNHIMF_03907	1	persistent	2	0	1
GEGEGB_03874	contig_1	3776510	3777469	+	GEGEGB_03874	1	persistent	2	0	0
GEGEGB_03875	contig_1	3777469	3778359	+	LNHIMF_03905	1	persistent	2	0	0
GEGEGB_03876	contig_1	3778446	3779219	+	GEGEGB_03876	1	persistent	2	0	0
GEGEGB_03877	contig_1	3779234	3779959	+	GEGEGB_03877	1	persistent	2	0	0
GEGEGB_03878	contig_1	3780054	3780719	-	LNHIMF_03902	1	persistent	2	0	1
GEGEGB_03879	contig_1	3780888	3782225	+	LNHIMF_03901	1	persistent	2	0	2
GEGEGB_03880	contig_1	3782270	3782836	-	HFCAGB_04099	1	persistent	2	0	1
GEGEGB_03881	contig_1	3782854	3783609	-	GEGEGB_03881	1	persistent	2	0	0
GEGEGB_03882	contig_1	3783767	3784726	-	LNHIMF_03898	1	persistent	2	0	0
GEGEGB_03883	contig_1	3784695	3785882	-	LNHIMF_03897	1	persistent	2	0	4
GEGEGB_03884	contig_1	3786065	3787429	-	BEJGEH_03895	1	persistent	2	0	2
GEGEGB_03885	contig_1	3787571	3789217	-	LNHIMF_03895	1	persistent	2	0	0
GEGEGB_03886	contig_1	3789567	3789764	+	GEGEGB_03886	1	persistent	2	0	0
GEGEGB_03887	contig_1	3790618	3792018	+	GEGEGB_03887	1	persistent	2	0	0
GEGEGB_03889	contig_1	3792023	3793123	+	GEGEGB_03889	1	persistent	2	0	0
GEGEGB_03890	contig_1	3793321	3794394	+	GEGEGB_03890	1	persistent	2	0	0
GEGEGB_03891	contig_1	3794423	3796837	+	GEGEGB_03891	1	persistent	2	0	1
GEGEGB_03892	contig_1	3796844	3797752	-	HFCAGB_04087	1	persistent	2	0	0
GEGEGB_03893	contig_1	3797867	3799057	-	LNHIMF_03887	1	persistent	2	0	0
GEGEGB_03894	contig_1	3799074	3800336	-	GEGEGB_03894	1	persistent	2	0	1
GEGEGB_03895	contig_1	3800625	3801437	+	HFCAGB_04084	1	persistent	1	1	3
GEGEGB_03896	contig_1	3801639	3802661	+	GEGEGB_03896	1	cloud	1	0	1
GEGEGB_03897	contig_1	3802658	3803797	+	LNHIMF_03882	1	cloud	0	0	2
GEGEGB_03898	contig_1	3803794	3804921	+	BEJGEH_03883	1	cloud	1	0	1
GEGEGB_03899	contig_1	3805026	3807761	-	GEGEGB_03899	1	persistent	1	1	1
GEGEGB_03900	contig_1	3807841	3808881	+	GEGEGB_03900	1	persistent	2	0	0
GEGEGB_03901	contig_1	3808854	3809423	-	LNHIMF_03878	1	persistent	2	0	0
GEGEGB_03903	contig_1	3809678	3810862	+	LNHIMF_03877	1	persistent	2	0	0
GEGEGB_03904	contig_1	3810852	3813404	+	LNHIMF_03876	1	persistent	2	0	0
GEGEGB_03905	contig_1	3813397	3814029	+	GEGEGB_03905	1	persistent	2	0	0
GEGEGB_03906	contig_1	3814219	3815619	+	GEGEGB_03906	1	persistent	2	0	0
GEGEGB_03907	contig_1	3815616	3816242	+	GEGEGB_03907	2	persistent	3	0	0
GEGEGB_03908	contig_1	3816242	3816898	+	GEGEGB_00658	2	persistent	2	0	0
GEGEGB_03909	contig_1	3816941	3817687	+	GEGEGB_00659	2	persistent	2	0	0
GEGEGB_03910	contig_1	3817723	3817896	+	AJBGEP_02420	2	persistent	2	0	0
GEGEGB_03911	contig_1	3817893	3818372	+	HFCAGB_02510	2	persistent	2	0	0
GEGEGB_03912	contig_1	3818369	3820300	+	GEGEGB_00662	2	persistent	2	0	0
GEGEGB_03913	contig_1	3820297	3820854	+	GEGEGB_00663	2	persistent	2	0	1
GEGEGB_03914	contig_1	3820851	3821894	+	GEGEGB_00664	2	persistent	3	0	0
GEGEGB_03915	contig_1	3822016	3823242	+	LNHIMF_03865	1	persistent	2	0	0
GEGEGB_03916	contig_1	3823244	3823534	-	GEGEGB_03916	1	persistent	2	0	0
GEGEGB_03917	contig_1	3823886	3824299	+	GEGEGB_03917	1	persistent	2	0	0
GEGEGB_03918	contig_1	3824409	3824837	+	LNHIMF_03862	1	persistent	2	0	0
GEGEGB_03919	contig_1	3825031	3826692	+	GEGEGB_03919	1	persistent	3	0	1
GEGEGB_03921	contig_1	3827472	3827834	+	LNHIMF_03859	1	persistent	3	0	0
GEGEGB_03922	contig_1	3827831	3828361	+	GEGEGB_03922	1	persistent	2	0	0
GEGEGB_03923	contig_1	3828443	3829765	-	LNHIMF_03857	1	persistent	2	0	0
GEGEGB_03924	contig_1	3829783	3831120	-	LNHIMF_03856	1	persistent	2	0	0
GEGEGB_03925	contig_1	3831346	3832269	+	LNHIMF_03855	1	persistent	2	0	0
GEGEGB_03926	contig_1	3832357	3833418	+	LNHIMF_03854	1	persistent	2	0	0
GEGEGB_03927	contig_1	3833345	3834529	-	GEGEGB_03927	1	persistent	2	0	0
GEGEGB_03928	contig_1	3834732	3835193	-	LNHIMF_03852	2	persistent	2	0	0
GEGEGB_03929	contig_1	3835215	3835565	-	LNHIMF_03852	2	persistent	2	0	0
GEGEGB_03930	contig_1	3835685	3835774	-	GEGEGB_03930	1	persistent	2	0	0
GEGEGB_03932	contig_1	3836408	3836506	+	GEGEGB_03932	1	persistent	2	0	0
GEGEGB_03933	contig_1	3836613	3838301	+	LNHIMF_03848	1	persistent	2	0	0
GEGEGB_03934	contig_1	3838305	3838595	+	GEGEGB_03934	1	persistent	2	0	0
GEGEGB_03935	contig_1	3838597	3839382	-	GEGEGB_03935	1	persistent	2	0	0
GEGEGB_03936	contig_1	3839696	3840616	+	GEGEGB_03936	1	persistent	2	0	0
GEGEGB_03937	contig_1	3840647	3841963	+	GEGEGB_03937	1	persistent	2	0	0
GEGEGB_03938	contig_1	3841975	3842988	+	GEGEGB_03938	1	persistent	2	0	0
GEGEGB_03939	contig_1	3843142	3843732	+	LNHIMF_03842	1	persistent	2	0	0
GEGEGB_03940	contig_1	3843732	3845234	+	GEGEGB_03940	1	persistent	2	0	0
GEGEGB_03941	contig_1	3845244	3846572	+	LNHIMF_03840	1	persistent	2	0	0
GEGEGB_03942	contig_1	3846715	3848106	+	LNHIMF_03839	1	persistent	2	0	0
GEGEGB_03943	contig_1	3848299	3848751	+	GEGEGB_03943	1	persistent	3	0	0
GEGEGB_03944	contig_1	3849104	3849847	+	GEGEGB_03944	1	persistent	2	0	0
GEGEGB_03945	contig_1	3849865	3850245	+	BEJGEH_03838	1	persistent	2	0	0
GEGEGB_03946	contig_1	3850335	3850622	+	GEGEGB_03946	1	persistent	2	0	0
GEGEGB_03947	contig_1	3850698	3852056	+	GEGEGB_03947	1	persistent	2	0	0
GEGEGB_03948	contig_1	3852049	3853533	+	LNHIMF_03833	1	persistent	2	0	0
GEGEGB_03949	contig_1	3853596	3853799	+	LNHIMF_03832	2	persistent	2	0	0
GEGEGB_03950	contig_1	3853812	3854456	+	LNHIMF_03832	2	persistent	2	0	0
GEGEGB_03951	contig_1	3854466	3854735	+	GEGEGB_03951	1	persistent	2	0	2
GEGEGB_03952	contig_1	3854826	3855149	-	GEGEGB_03952	1	persistent	4	0	2
GEGEGB_03953	contig_1	3855225	3855491	-	GEGEGB_03953	1	cloud	2	0	0
GEGEGB_03954	contig_1	3855707	3856900	+	GEGEGB_03954	1	persistent	3	0	2
GEGEGB_03955	contig_1	3856960	3858342	-	LNHIMF_03824	1	persistent	2	0	0
GEGEGB_03956	contig_1	3858448	3858741	-	GEGEGB_03956	1	persistent	2	0	0
GEGEGB_03957	contig_1	3859098	3861737	+	BEJGEH_03827	1	persistent	2	0	0
GEGEGB_03958	contig_1	3861959	3862384	+	GEGEGB_03958	1	persistent	2	0	0
GEGEGB_03959	contig_1	3862395	3862880	+	GEGEGB_03959	1	persistent	2	0	0
GEGEGB_03960	contig_1	3863026	3863775	+	GEGEGB_03960	1	persistent	2	0	0
GEGEGB_03961	contig_1	3863775	3864632	+	GEGEGB_03961	1	persistent	2	0	0
GEGEGB_03962	contig_1	3864636	3865745	+	GEGEGB_03962	1	persistent	2	0	0
GEGEGB_03963	contig_1	3865732	3866475	+	LNHIMF_03816	1	persistent	2	0	0
GEGEGB_03964	contig_1	3866711	3867652	+	BEJGEH_03820	1	persistent	2	0	0
GEGEGB_03965	contig_1	3867695	3868597	-	GEGEGB_03965	1	persistent	2	0	0
GEGEGB_03966	contig_1	3869115	3869798	+	GEGEGB_03966	1	persistent	2	0	1
GEGEGB_03967	contig_1	3870018	3872744	+	LNHIMF_03812	1	persistent	2	0	1
GEGEGB_03968	contig_1	3872766	3872858	+	GEGEGB_03968	1	persistent	2	0	0
GEGEGB_03969	contig_1	3872871	3872957	+	GEGEGB_03969	1	persistent	2	0	0
GEGEGB_03970	contig_1	3873059	3873484	+	LNHIMF_03809	1	persistent	2	0	0
GEGEGB_03971	contig_1	3873860	3874540	-	GEGEGB_03971	2	persistent	5	2	3
GEGEGB_03973	contig_1	3875607	3875849	+	GEGEGB_03973	1	cloud	2	0	0
GEGEGB_03975	contig_1	3876192	3876656	+	GEGEGB_03975	1	persistent	3	0	1
GEGEGB_03976	contig_1	3876751	3878886	-	PAPNPA_01001	2	persistent	2	0	0
GEGEGB_03977	contig_1	3878937	3879620	-	PAPNPA_01001	2	persistent	2	0	0
GEGEGB_03978	contig_1	3879695	3880312	-	LNHIMF_03804	1	persistent	2	1	1
GEGEGB_03979	contig_1	3881042	3881179	-	GEGEGB_03979	1	cloud	2	1	2
GEGEGB_03980	contig_1	3881589	3881924	+	GEGEGB_03980	1	cloud	0	1	1
GEGEGB_03981	contig_1	3882030	3883058	-	ALJMDI_02303	1	shell	0	2	3
GEGEGB_03982	contig_1	3883048	3883380	-	GEGEGB_03982	1	cloud	0	1	1
GEGEGB_03983	contig_1	3883411	3883980	-	ONMMKP_02298	1	cloud	0	0	5
GEGEGB_03984	contig_1	3884129	3884725	-	GEGEGB_03984	1	cloud	0	1	1
GEGEGB_03985	contig_1	3885242	3885631	+	HFCAGB_04002	1	shell	1	1	2
GEGEGB_03987	contig_1	3886331	3887713	+	GEGEGB_03987	1	persistent	2	1	2
GEGEGB_03988	contig_1	3887725	3890043	+	LNHIMF_03800	1	persistent	2	0	0
GEGEGB_03989	contig_1	3890146	3891855	-	LNHIMF_03799	1	persistent	2	0	0
GEGEGB_03990	contig_1	3891976	3893367	-	GEGEGB_03990	1	persistent	2	0	0
GEGEGB_03991	contig_1	3893594	3894799	+	GEGEGB_03991	1	persistent	2	1	0
GEGEGB_03992	contig_1	3894835	3896916	-	GEGEGB_03992	1	persistent	2	1	0
GEGEGB_03993	contig_1	3896922	3897611	-	LNHIMF_03795	1	persistent	2	0	0
GEGEGB_03994	contig_1	3897616	3899727	-	GEGEGB_03994	1	persistent	2	0	0
GEGEGB_03995	contig_1	3899746	3900021	-	GEGEGB_03995	1	persistent	2	0	0
GEGEGB_03996	contig_1	3900076	3900699	-	GEGEGB_03996	1	persistent	2	0	0
GEGEGB_03997	contig_1	3900956	3901285	+	LNHIMF_03791	2	persistent	2	0	0
GEGEGB_03998	contig_1	3901294	3902640	+	LNHIMF_03791	2	persistent	2	0	0
GEGEGB_03999	contig_1	3902637	3903254	-	LNHIMF_03790	1	persistent	2	0	0
GEGEGB_04000	contig_1	3903502	3904386	-	ODDLKH_04192	1	persistent	2	0	0
GEGEGB_04001	contig_1	3904460	3905362	+	GEGEGB_04001	1	persistent	2	0	1
GEGEGB_04002	contig_1	3905412	3906275	-	GEGEGB_04002	1	persistent	2	0	1
GEGEGB_04003	contig_1	3906401	3907117	+	GEGEGB_04003	1	persistent	2	0	0
GEGEGB_04004	contig_1	3907196	3907837	+	LNHIMF_03775	1	persistent	2	0	0
GEGEGB_04005	contig_1	3907915	3908511	-	LNHIMF_03774	1	persistent	2	0	0
GEGEGB_04006	contig_1	3908619	3909077	-	GEGEGB_04006	1	persistent	2	0	0
GEGEGB_04007	contig_1	3909055	3910278	-	LNHIMF_03772	1	persistent	2	0	1
GEGEGB_04008	contig_1	3910451	3911116	+	GEGEGB_04008	1	persistent	2	0	0
GEGEGB_04009	contig_1	3911334	3911570	+	GEGEGB_04009	1	persistent	2	0	0
GEGEGB_04010	contig_1	3911591	3911758	+	GEGEGB_04010	1	persistent	2	0	0
GEGEGB_04011	contig_1	3911856	3912665	+	GEGEGB_04011	1	persistent	2	0	0
GEGEGB_04012	contig_1	3912693	3913172	-	GEGEGB_04012	1	persistent	2	0	0
GEGEGB_04013	contig_1	3913181	3914458	-	LNHIMF_03766	1	persistent	2	0	0
GEGEGB_04014	contig_1	3914867	3915937	+	LNHIMF_03765	1	persistent	2	0	0
GEGEGB_04015	contig_1	3915934	3917058	+	LNHIMF_03764	1	persistent	2	0	0
GEGEGB_04016	contig_1	3917051	3917848	+	BEJGEH_03767	1	persistent	2	1	3
GEGEGB_04017	contig_1	3917889	3918272	+	GEGEGB_04017	1	cloud	2	0	0
GEGEGB_04018	contig_1	3919024	3920103	+	LNHIMF_03761	1	persistent	2	1	3
GEGEGB_04019	contig_1	3920109	3921122	+	HFCAGB_03968	1	persistent	2	0	0
GEGEGB_04020	contig_1	3921140	3922150	+	HFCAGB_03967	1	persistent	2	0	0
GEGEGB_04021	contig_1	3922173	3922871	+	LNHIMF_03758	1	persistent	2	0	0
GEGEGB_04022	contig_1	3923021	3923830	+	LNHIMF_03757	1	persistent	2	0	0
GEGEGB_04023	contig_1	3923929	3925074	+	GEGEGB_04023	1	persistent	2	0	0
GEGEGB_04024	contig_1	3925131	3926345	-	BEJGEH_03759	1	persistent	2	0	0
GEGEGB_04025	contig_1	3926385	3927338	-	GEGEGB_04025	1	persistent	2	0	0
GEGEGB_04026	contig_1	3927338	3928384	-	GEGEGB_04026	1	persistent	2	0	0
GEGEGB_04027	contig_1	3928387	3929319	-	GEGEGB_04027	1	persistent	2	0	0
GEGEGB_04028	contig_1	3929522	3930718	+	GEGEGB_04028	1	persistent	2	0	0
GEGEGB_04029	contig_1	3930728	3931753	+	LNHIMF_03750	1	persistent	2	0	1
GEGEGB_04031	contig_1	3932248	3933282	+	GEGEGB_04031	1	persistent	2	0	1
GEGEGB_04032	contig_1	3933269	3934231	-	GEGEGB_04032	1	persistent	2	0	0
GEGEGB_04033	contig_1	3934235	3935518	-	GEGEGB_04033	1	persistent	2	0	0
GEGEGB_04034	contig_1	3935528	3937072	-	LNHIMF_03745	1	persistent	2	0	0
GEGEGB_04035	contig_1	3937320	3937751	+	GEGEGB_04035	1	persistent	2	0	0
GEGEGB_04036	contig_1	3937837	3938088	+	GEGEGB_04036	1	persistent	2	0	0
GEGEGB_04037	contig_1	3938132	3938599	+	GEGEGB_04037	1	persistent	2	0	0
GEGEGB_04038	contig_1	3938599	3939618	+	GEGEGB_04038	1	persistent	2	0	0
GEGEGB_04039	contig_1	3939696	3940517	+	GEGEGB_04039	1	persistent	3	0	0
GEGEGB_04040	contig_1	3940600	3941430	-	BEJGEH_03743	2	persistent	2	0	0
GEGEGB_04041	contig_1	3941512	3941910	-	BEJGEH_03743	2	persistent	2	0	0
GEGEGB_04042	contig_1	3941984	3943180	-	BEJGEH_03742	1	persistent	2	0	0
GEGEGB_04043	contig_1	3943499	3944503	+	GEGEGB_04043	1	persistent	2	0	0
GEGEGB_04044	contig_1	3944571	3945044	-	GEGEGB_04044	1	persistent	3	0	0
GEGEGB_04045	contig_1	3945109	3946299	-	GEGEGB_04045	1	persistent	2	0	0
GEGEGB_04046	contig_1	3946296	3947072	-	GEGEGB_04046	1	persistent	2	0	0
GEGEGB_04047	contig_1	3947069	3948724	-	LNHIMF_03736	1	persistent	2	0	0
GEGEGB_04049	contig_1	3949023	3952373	-	LNHIMF_03734	1	persistent	2	0	0
GEGEGB_04050	contig_1	3952417	3953100	-	LNHIMF_03733	1	persistent	2	0	0
GEGEGB_04051	contig_1	3953588	3953950	-	GEGEGB_04051	1	persistent	2	0	0
GEGEGB_04052	contig_1	3954241	3954447	+	LNHIMF_03731	1	persistent	2	0	0
GEGEGB_04053	contig_1	3954457	3955047	-	GEGEGB_04053	1	persistent	2	0	0
GEGEGB_04054	contig_1	3955044	3956192	-	LNHIMF_03729	1	persistent	2	0	0
GEGEGB_04055	contig_1	3956413	3958329	-	GEGEGB_04055	1	persistent	2	0	1
GEGEGB_04056	contig_1	3958804	3959412	+	GEGEGB_04056	1	persistent	2	0	1
GEGEGB_04057	contig_1	3959511	3960902	+	GEGEGB_04057	1	persistent	2	0	0
GEGEGB_04058	contig_1	3960899	3962749	+	BEJGEH_03724	1	persistent	2	0	1
GEGEGB_04059	contig_1	3963034	3963915	-	GEGEGB_04059	1	persistent	2	0	1
GEGEGB_04060	contig_1	3964084	3965622	+	LNHIMF_03722	1	persistent	2	0	0
GEGEGB_04061	contig_1	3965740	3967695	-	LNHIMF_03721	1	persistent	2	0	0
GEGEGB_04062	contig_1	3967959	3968771	+	BENMGJ_03040	1	persistent	2	0	0
GEGEGB_04063	contig_1	3968932	3969627	-	GEGEGB_04063	1	persistent	2	0	0
GEGEGB_04064	contig_1	3969621	3970481	-	LNHIMF_03718	1	persistent	2	0	0
GEGEGB_04065	contig_1	3970474	3971136	-	BEJGEH_03717	1	persistent	2	0	0
GEGEGB_04066	contig_1	3971133	3972629	-	BEJGEH_03716	1	persistent	2	0	0
GEGEGB_04067	contig_1	3972633	3973619	-	GEGEGB_04067	1	persistent	2	0	0
GEGEGB_04068	contig_1	3973631	3974908	-	LNHIMF_03714	1	persistent	2	0	0
GEGEGB_04069	contig_1	3974911	3975384	-	GEGEGB_04069	1	persistent	2	0	0
GEGEGB_04070	contig_1	3975523	3976455	-	GEGEGB_04070	1	persistent	2	0	0
GEGEGB_04071	contig_1	3976479	3976943	-	LNHIMF_03711	1	persistent	2	0	0
GEGEGB_04072	contig_1	3976955	3977953	-	LNHIMF_03710	1	persistent	2	0	0
GEGEGB_04073	contig_1	3978183	3978983	+	GEGEGB_04073	1	persistent	2	0	0
GEGEGB_04074	contig_1	3979100	3979573	+	GEGEGB_04074	1	persistent	2	0	0
GEGEGB_04075	contig_1	3979610	3980860	-	GEGEGB_04075	1	persistent	2	0	0
GEGEGB_04076	contig_1	3981034	3983061	-	LNHIMF_03706	1	persistent	2	0	0
GEGEGB_04077	contig_1	3983377	3984201	+	LNHIMF_03705	1	persistent	2	0	0
GEGEGB_04078	contig_1	3984262	3985440	-	GEGEGB_04078	1	persistent	2	0	0
GEGEGB_04079	contig_1	3985803	3987125	+	LNHIMF_03703	1	persistent	2	0	0
GEGEGB_04080	contig_1	3987225	3988679	+	GEGEGB_04080	1	persistent	2	0	0
GEGEGB_04081	contig_1	3988854	3989207	+	GEGEGB_04081	1	persistent	2	0	0
GEGEGB_04082	contig_1	3989230	3989799	-	BEJGEH_03700	1	persistent	2	0	1
GEGEGB_04083	contig_1	3989907	3990224	-	GEGEGB_04083	1	cloud	2	0	0
GEGEGB_04084	contig_1	3990390	3990692	+	GEGEGB_04084	1	persistent	2	0	1
GEGEGB_04085	contig_1	3990831	3991742	+	LNHIMF_03697	1	persistent	2	0	0
GEGEGB_04086	contig_1	3991752	3993821	+	LNHIMF_03696	1	persistent	2	1	3
GEGEGB_04088	contig_1	3994781	3995248	+	GEGEGB_04088	1	shell	2	0	1
GEGEGB_04089	contig_1	3995447	3995713	+	GEGEGB_04089	1	persistent	1	1	3
GEGEGB_04090	contig_1	3995701	3996186	+	BEJGEH_03692	1	persistent	2	0	1
GEGEGB_04091	contig_1	3996557	3997096	-	GEGEGB_04091	1	persistent	3	0	1
GEGEGB_04092	contig_1	3997272	3997484	-	GEGEGB_04092	1	persistent	2	0	0
GEGEGB_04093	contig_1	3997697	3998104	-	LNHIMF_03688	1	persistent	2	0	0
GEGEGB_04094	contig_1	3998501	3999211	+	GEGEGB_04094	1	persistent	2	0	0
GEGEGB_04095	contig_1	3999261	4000235	-	GEGEGB_04095	1	persistent	2	0	0
GEGEGB_04096	contig_1	4000454	4001116	-	GEGEGB_04096	1	persistent	2	0	0
GEGEGB_04097	contig_1	4001269	4003602	+	LNHIMF_03684	1	persistent	2	0	0
GEGEGB_04098	contig_1	4003571	4004011	-	GEGEGB_04098	1	persistent	2	0	0
GEGEGB_04099	contig_1	4003989	4004570	-	GEGEGB_04099	1	persistent	2	0	0
GEGEGB_04100	contig_1	4004727	4005431	+	LNHIMF_03681	1	persistent	2	2	0
GEGEGB_04101	contig_1	4005662	4007293	+	GEGEGB_04101	1	persistent	2	1	0
GEGEGB_04103	contig_1	4007605	4008612	-	LNHIMF_03678	1	persistent	2	0	0
GEGEGB_04104	contig_1	4008762	4009886	+	LNHIMF_03677	1	persistent	2	0	0
GEGEGB_04105	contig_1	4009944	4010840	+	LNHIMF_03676	2	persistent	2	0	0
GEGEGB_04106	contig_1	4010867	4011268	+	LNHIMF_03676	2	persistent	2	0	0
GEGEGB_04107	contig_1	4011824	4013431	+	LNHIMF_03675	1	persistent	2	0	0
GEGEGB_04108	contig_1	4013588	4014607	+	GEGEGB_04108	1	persistent	2	0	0
GEGEGB_04109	contig_1	4014617	4015519	+	LNHIMF_03673	1	persistent	2	0	0
GEGEGB_04110	contig_1	4015530	4016513	+	LNHIMF_03672	1	persistent	2	0	0
GEGEGB_04111	contig_1	4016510	4017523	+	LNHIMF_03671	1	persistent	2	0	0
GEGEGB_04112	contig_1	4017833	4019131	-	LNHIMF_03670	1	persistent	2	0	0
GEGEGB_04114	contig_1	4019774	4019881	+	GEGEGB_04114	1	persistent	2	0	0
GEGEGB_04115	contig_1	4019963	4021642	-	GEGEGB_04115	1	persistent	2	0	0
GEGEGB_04116	contig_1	4021639	4021830	-	GEGEGB_04116	1	persistent	2	0	0
GEGEGB_04117	contig_1	4021827	4023386	-	LNHIMF_03665	1	persistent	2	0	0
GEGEGB_04118	contig_1	4023643	4023846	+	GEGEGB_04118	1	persistent	2	0	0
GEGEGB_04119	contig_1	4023847	4024599	+	LNHIMF_03663	1	persistent	2	0	0
GEGEGB_04120	contig_1	4024596	4027220	+	GEGEGB_04120	1	persistent	2	0	0
GEGEGB_04121	contig_1	4027315	4029531	+	LNHIMF_03661	1	persistent	2	0	0
GEGEGB_04122	contig_1	4029535	4030644	+	LNHIMF_03660	1	persistent	2	0	0
GEGEGB_04123	contig_1	4030626	4031987	+	LNHIMF_03659	2	persistent	2	0	0
GEGEGB_04124	contig_1	4032420	4033943	+	LNHIMF_03659	2	persistent	2	0	0
GEGEGB_04126	contig_1	4034343	4036307	+	LNHIMF_03658	1	persistent	2	0	0
GEGEGB_04127	contig_1	4036508	4037794	+	LNHIMF_03657	1	persistent	2	0	0
GEGEGB_04128	contig_1	4038014	4039501	+	LNHIMF_03656	1	persistent	2	0	0
GEGEGB_04129	contig_1	4039555	4040484	-	GEGEGB_04129	1	persistent	2	0	0
GEGEGB_04130	contig_1	4040713	4041480	+	LNHIMF_03654	1	persistent	2	0	0
GEGEGB_04131	contig_1	4041590	4043650	+	LNHIMF_03653	1	persistent	2	0	0
GEGEGB_04132	contig_1	4043690	4045012	-	LNHIMF_03652	1	persistent	2	0	0
GEGEGB_04133	contig_1	4045363	4046391	-	GEGEGB_04133	1	persistent	2	0	0
GEGEGB_04134	contig_1	4046464	4047363	-	LNHIMF_03650	1	persistent	2	0	0
GEGEGB_04135	contig_1	4047994	4048596	+	LNHIMF_03649	1	persistent	2	0	0
GEGEGB_04136	contig_1	4048602	4048958	-	LNHIMF_03648	1	persistent	2	0	0
GEGEGB_04137	contig_1	4049239	4050828	+	GEGEGB_04137	1	persistent	2	0	0
GEGEGB_04138	contig_1	4050841	4052490	-	LNHIMF_03646	1	persistent	2	0	0
GEGEGB_04139	contig_1	4052815	4053534	+	GEGEGB_04139	1	persistent	2	0	0
GEGEGB_04140	contig_1	4053710	4054564	+	LNHIMF_03644	1	persistent	3	0	0
GEGEGB_04141	contig_1	4054503	4054730	+	BEJGEH_03636	1	persistent	3	0	0
GEGEGB_04142	contig_1	4054874	4056226	-	GEGEGB_04142	1	persistent	2	0	0
GEGEGB_04143	contig_1	4056331	4057173	-	GEGEGB_04143	1	persistent	2	0	1
GEGEGB_04144	contig_1	4057294	4057737	-	GEGEGB_04144	1	cloud	1	0	1
GEGEGB_04145	contig_1	4058015	4058668	+	PAPNPA_01677	1	cloud	1	0	1
GEGEGB_04146	contig_1	4058831	4060873	+	LNHIMF_03637	1	persistent	2	0	1
GEGEGB_04147	contig_1	4060880	4061638	+	LNHIMF_03636	1	persistent	2	0	0
GEGEGB_04148	contig_1	4061730	4063199	-	GEGEGB_04148	1	persistent	2	0	0
GEGEGB_04150	contig_1	4063524	4063958	-	LNHIMF_03633	1	persistent	2	0	0
GEGEGB_04151	contig_1	4064346	4064681	+	GEGEGB_04151	1	persistent	2	0	0
GEGEGB_04152	contig_1	4064821	4066317	-	GEGEGB_04152	1	persistent	2	0	0
GEGEGB_04153	contig_1	4066548	4067750	+	LNHIMF_03630	1	persistent	2	0	1
GEGEGB_04154	contig_1	4068252	4069403	-	GEGEGB_04154	1	cloud	1	0	1
GEGEGB_04155	contig_1	4069352	4069492	-	GEGEGB_04155	1	cloud	0	0	2
GEGEGB_04156	contig_1	4069547	4070194	-	GEGEGB_04156	1	cloud	0	0	2
GEGEGB_04157	contig_1	4070233	4070613	-	GEGEGB_04157	1	cloud	0	0	2
GEGEGB_04158	contig_1	4070623	4071789	-	GEGEGB_04158	1	cloud	0	0	2
GEGEGB_04159	contig_1	4071805	4073097	-	GEGEGB_04159	1	cloud	1	0	1
GEGEGB_04160	contig_1	4073875	4074942	+	LNHIMF_03629	1	persistent	2	0	1
GEGEGB_04161	contig_1	4074939	4077680	+	LNHIMF_03628	1	persistent	2	0	0
GEGEGB_04162	contig_1	4077680	4078141	+	LNHIMF_03627	2	persistent	2	0	0
GEGEGB_04163	contig_1	4078119	4078907	+	LNHIMF_03627	2	persistent	2	0	0
GEGEGB_04164	contig_1	4078904	4079341	-	GEGEGB_04164	1	persistent	2	0	0
GEGEGB_04165	contig_1	4079396	4079974	-	GEGEGB_04165	1	persistent	2	0	0
GEGEGB_04166	contig_1	4080026	4081075	-	GEGEGB_04166	1	persistent	2	0	0
GEGEGB_04167	contig_1	4081165	4082424	+	LNHIMF_03623	1	persistent	2	0	0
GEGEGB_04168	contig_1	4082428	4082985	-	GEGEGB_04168	1	persistent	2	0	0
GEGEGB_04169	contig_1	4083058	4083723	-	GEGEGB_04169	1	persistent	2	0	0
GEGEGB_04170	contig_1	4083803	4084138	+	LNHIMF_03620	1	persistent	2	0	0
GEGEGB_04171	contig_1	4084162	4085805	-	GEGEGB_04171	1	persistent	2	0	0
GEGEGB_04172	contig_1	4086002	4088200	-	GEGEGB_04172	1	persistent	2	0	0
GEGEGB_04173	contig_1	4088281	4088907	-	GEGEGB_04173	1	persistent	2	0	0
GEGEGB_04174	contig_1	4089049	4089420	+	GEGEGB_04174	1	persistent	2	0	0
GEGEGB_04175	contig_1	4089442	4089711	-	LNHIMF_03615	1	persistent	2	0	0
GEGEGB_04176	contig_1	4089701	4090297	-	GEGEGB_04176	1	persistent	2	0	0
GEGEGB_04177	contig_1	4090423	4091898	+	GEGEGB_04177	1	persistent	2	0	0
GEGEGB_04178	contig_1	4091901	4092569	+	GEGEGB_04178	1	persistent	2	0	0
GEGEGB_04179	contig_1	4092562	4093617	+	LNHIMF_03611	1	persistent	2	0	0
GEGEGB_04180	contig_1	4093863	4094717	+	GEGEGB_04180	1	persistent	2	0	0
GEGEGB_04181	contig_1	4095045	4095479	+	LNHIMF_03609	2	persistent	2	0	0
GEGEGB_04182	contig_1	4095579	4096142	+	LNHIMF_03609	2	persistent	2	0	0
GEGEGB_04183	contig_1	4096338	4096721	-	GEGEGB_04183	1	persistent	2	0	0
GEGEGB_04184	contig_1	4097143	4098252	+	GEGEGB_04184	1	persistent	2	0	0
GEGEGB_04185	contig_1	4098312	4099238	+	GEGEGB_04185	1	persistent	2	0	0
GEGEGB_04186	contig_1	4099235	4100512	+	GEGEGB_04186	1	persistent	2	0	0
GEGEGB_04187	contig_1	4100509	4101276	+	GEGEGB_04187	1	persistent	2	0	0
GEGEGB_04188	contig_1	4101278	4101991	+	GEGEGB_04188	1	persistent	1	1	1
GEGEGB_04189	contig_1	4102155	4102433	+	GEGEGB_04189	1	cloud	2	0	0
GEGEGB_04190	contig_1	4102665	4103981	+	GEGEGB_04190	1	persistent	1	1	1
GEGEGB_04191	contig_1	4104086	4104973	+	BENMGJ_02915	1	persistent	2	0	0
GEGEGB_04192	contig_1	4104970	4105815	+	GEGEGB_04192	1	persistent	2	0	0
GEGEGB_04193	contig_1	4105818	4106888	+	BEJGEH_03592	1	persistent	2	0	0
GEGEGB_04194	contig_1	4106885	4107625	+	GEGEGB_04194	1	persistent	2	0	0
GEGEGB_04195	contig_1	4107622	4107993	-	GEGEGB_04195	1	persistent	2	0	0
GEGEGB_04196	contig_1	4108119	4109861	+	GEGEGB_04196	1	persistent	2	0	0
GEGEGB_04197	contig_1	4109906	4110940	-	GEGEGB_04197	1	persistent	2	0	0
GEGEGB_04198	contig_1	4110937	4111908	-	GEGEGB_04198	1	persistent	2	0	0
GEGEGB_04199	contig_1	4111962	4112723	-	LNHIMF_03592	1	persistent	2	0	0
GEGEGB_04200	contig_1	4112739	4113953	-	GEGEGB_04200	1	persistent	2	0	0
GEGEGB_04201	contig_1	4114218	4114706	-	GEGEGB_04201	1	persistent	2	1	1
GEGEGB_04203	contig_1	4114989	4115114	-	HFCAGB_03785	1	shell	2	0	0
GEGEGB_04204	contig_1	4115173	4116210	+	LNHIMF_03588	1	persistent	2	1	1
GEGEGB_04205	contig_1	4116334	4117029	+	GEGEGB_04205	1	persistent	2	0	0
GEGEGB_04206	contig_1	4117396	4118391	+	GEGEGB_04206	1	persistent	2	0	0
GEGEGB_04207	contig_1	4118530	4119063	+	GEGEGB_04207	1	persistent	2	0	0
GEGEGB_04208	contig_1	4119060	4120400	+	GEGEGB_04208	1	persistent	2	0	1
GEGEGB_04209	contig_1	4120239	4120718	-	PAPNPA_01623	1	cloud	2	0	0
GEGEGB_04210	contig_1	4120823	4121929	+	GEGEGB_04210	1	persistent	2	0	1
GEGEGB_04211	contig_1	4122305	4124491	+	GEGEGB_04211	1	persistent	2	0	0
GEGEGB_04212	contig_1	4124488	4126452	+	LNHIMF_03580	1	persistent	2	0	0
GEGEGB_04213	contig_1	4126467	4127762	+	LNHIMF_03579	1	persistent	2	0	0
GEGEGB_04214	contig_1	4127762	4129195	+	LNHIMF_03578	1	persistent	2	0	0
GEGEGB_04215	contig_1	4129215	4131662	+	LNHIMF_03577	1	persistent	2	1	1
GEGEGB_04216	contig_1	4131754	4133262	-	GEGEGB_04216	1	persistent	3	0	0
GEGEGB_04217	contig_1	4133461	4133787	+	GEGEGB_04217	1	persistent	2	0	0
GEGEGB_04218	contig_1	4133863	4134693	+	LNHIMF_03570	1	persistent	2	0	0
GEGEGB_04219	contig_1	4134786	4135544	+	GEGEGB_04219	1	persistent	2	1	0
GEGEGB_04220	contig_1	4135618	4138323	-	ODDLKH_03961	1	persistent	2	1	1
GEGEGB_04221	contig_1	4138917	4141310	+	LNHIMF_03567	1	persistent	2	0	0
GEGEGB_04222	contig_1	4141320	4143401	+	BEJGEH_03547	1	persistent	2	0	0
GEGEGB_04223	contig_1	4143520	4144836	-	GEGEGB_04223	1	persistent	2	0	0
GEGEGB_04224	contig_1	4145213	4145788	-	LNHIMF_03564	1	persistent	2	0	0
GEGEGB_04225	contig_1	4145847	4146530	-	LNHIMF_03563	1	persistent	2	0	0
GEGEGB_04226	contig_1	4146568	4147338	+	GEGEGB_04226	1	persistent	2	0	0
GEGEGB_04227	contig_1	4147374	4148300	-	GEGEGB_04227	1	persistent	2	0	0
GEGEGB_04228	contig_1	4148535	4148771	-	GEGEGB_04228	1	persistent	2	0	0
GEGEGB_04229	contig_1	4148784	4151102	-	LNHIMF_03559	1	persistent	2	0	0
GEGEGB_04230	contig_1	4151121	4151348	-	GEGEGB_04230	1	persistent	2	0	0
GEGEGB_04231	contig_1	4151785	4154115	-	IKCLMC_02888	1	persistent	2	0	0
GEGEGB_04232	contig_1	4154214	4154687	-	GEGEGB_04232	1	persistent	2	0	0
GEGEGB_04233	contig_1	4154913	4155632	+	GEGEGB_04233	1	persistent	2	0	0
GEGEGB_04234	contig_1	4155629	4156981	+	LNHIMF_03554	1	persistent	2	0	0
GEGEGB_04235	contig_1	4157056	4158675	-	GEGEGB_04235	1	persistent	2	0	0
GEGEGB_04236	contig_1	4159055	4160764	+	GEGEGB_04236	1	persistent	2	0	1
GEGEGB_04237	contig_1	4160875	4161753	-	LNHIMF_03551	1	persistent	2	0	1
GEGEGB_04238	contig_1	4161778	4162179	-	LNHIMF_03550	1	persistent	2	0	0
GEGEGB_04239	contig_1	4162190	4162858	-	GEGEGB_04239	1	persistent	2	0	0
GEGEGB_04240	contig_1	4162923	4165055	-	LNHIMF_03548	1	persistent	2	0	0
GEGEGB_04241	contig_1	4165378	4165941	+	LNHIMF_03547	1	persistent	2	1	0
GEGEGB_04242	contig_1	4166037	4168589	-	GEGEGB_04242	1	persistent	2	1	0
GEGEGB_04243	contig_1	4168710	4169489	+	GEGEGB_04243	1	persistent	2	0	0
GEGEGB_04244	contig_1	4169489	4170028	+	GEGEGB_04244	1	persistent	2	0	0
GEGEGB_04245	contig_1	4170012	4170485	+	LNHIMF_03543	1	persistent	2	0	0
GEGEGB_04246	contig_1	4170475	4170876	+	GEGEGB_04246	1	persistent	2	0	0
GEGEGB_04247	contig_1	4170827	4172029	+	LNHIMF_03541	1	persistent	2	0	0
GEGEGB_04248	contig_1	4172494	4173015	+	GEGEGB_04248	1	persistent	2	0	0
GEGEGB_04249	contig_1	4173072	4174160	+	GEGEGB_04249	1	persistent	2	0	0
GEGEGB_04250	contig_1	4174258	4175535	+	LNHIMF_03538	1	persistent	2	0	0
GEGEGB_04251	contig_1	4175716	4176552	+	GEGEGB_04251	1	persistent	2	0	0
GEGEGB_04252	contig_1	4176570	4177247	+	GEGEGB_04252	1	persistent	2	0	0
GEGEGB_04253	contig_1	4177240	4177998	+	BEJGEH_03515	1	persistent	2	0	0
GEGEGB_04254	contig_1	4177991	4178995	+	GEGEGB_04254	1	persistent	2	0	0
GEGEGB_04255	contig_1	4179139	4179309	-	GEGEGB_04255	1	persistent	1	3	0
GEGEGB_04257	contig_1	4179503	4181722	-	ODDLKH_03924	1	shell	2	1	1
GEGEGB_04258	contig_1	4181701	4185102	-	GEGEGB_04258	1	cloud	1	1	0
GEGEGB_04259	contig_1	4185438	4186811	-	BEJGEH_03507	1	persistent	1	3	1
GEGEGB_04260	contig_1	4186823	4187632	-	GEGEGB_04260	1	persistent	2	0	0
GEGEGB_04261	contig_1	4187814	4188140	-	GEGEGB_04261	1	persistent	2	0	0
GEGEGB_04262	contig_1	4188137	4190680	-	LNHIMF_03527	1	persistent	2	0	1
GEGEGB_04263	contig_1	4190997	4192178	-	GEGEGB_04263	1	persistent	2	0	1
GEGEGB_04264	contig_1	4192455	4193027	+	GEGEGB_04264	1	persistent	2	0	0
GEGEGB_04265	contig_1	4193031	4193303	+	LNHIMF_03524	1	persistent	2	0	0
GEGEGB_04266	contig_1	4193293	4193895	+	LNHIMF_03523	1	persistent	2	0	0
GEGEGB_04267	contig_1	4193927	4194490	+	GEGEGB_04267	1	persistent	2	0	0
GEGEGB_04268	contig_1	4194576	4195793	+	BEJGEH_03498	1	persistent	2	0	0
GEGEGB_04269	contig_1	4195836	4197425	-	LNHIMF_03520	2	persistent	2	0	0
GEGEGB_04270	contig_1	4197462	4197923	-	LNHIMF_03520	2	persistent	2	0	0
GEGEGB_04271	contig_1	4197972	4198604	-	GEGEGB_04271	1	persistent	2	0	0
GEGEGB_04272	contig_1	4198912	4199316	+	BEJGEH_03495	1	persistent	2	0	0
GEGEGB_04273	contig_1	4199412	4200281	-	GEGEGB_04273	1	persistent	2	0	0
GEGEGB_04274	contig_1	4200333	4200551	-	GEGEGB_04274	1	persistent	2	0	0
GEGEGB_04275	contig_1	4200548	4201249	-	BEJGEH_03492	2	persistent	3	0	0
GEGEGB_04276	contig_1	4201230	4201490	-	BEJGEH_03492	2	persistent	3	0	0
GEGEGB_04277	contig_1	4201733	4202044	+	GEGEGB_04277	1	persistent	2	0	1
GEGEGB_04278	contig_1	4202127	4202351	+	GEGEGB_04278	1	cloud	2	0	0
GEGEGB_04279	contig_1	4202412	4204319	-	GEGEGB_04279	1	persistent	2	0	1
GEGEGB_04280	contig_1	4204585	4205136	+	GEGEGB_04280	1	persistent	2	0	0
GEGEGB_04281	contig_1	4205136	4206941	+	GEGEGB_04281	1	persistent	2	0	0
GEGEGB_04282	contig_1	4206951	4207151	+	GEGEGB_04282	1	persistent	2	0	0
GEGEGB_04283	contig_1	4207246	4207836	+	LNHIMF_03508	1	persistent	2	0	0
GEGEGB_04284	contig_1	4208023	4208241	-	GEGEGB_04284	1	persistent	2	0	0
GEGEGB_04285	contig_1	4208461	4209279	+	LNHIMF_03506	1	persistent	2	0	0
GEGEGB_04286	contig_1	4209556	4210278	+	GEGEGB_04286	1	persistent	2	0	0
GEGEGB_04287	contig_1	4210278	4210664	+	LNHIMF_03504	1	persistent	2	0	0
GEGEGB_04288	contig_1	4210664	4211020	+	GEGEGB_04288	1	persistent	2	0	0
GEGEGB_04289	contig_1	4211028	4211315	+	GEGEGB_04289	1	persistent	2	0	0
GEGEGB_04290	contig_1	4211441	4211815	+	GEGEGB_04290	1	persistent	1	1	0
GEGEGB_04291	contig_1	4211911	4212381	+	GEGEGB_04291	1	shell	1	1	0
GEGEGB_04292	contig_1	4212478	4214592	+	GEGEGB_04292	1	shell	0	2	0
GEGEGB_04293	contig_1	4214664	4215848	+	GEGEGB_03670	2	shell	2	2	0
GEGEGB_04294	contig_1	4216033	4216227	+	GEGEGB_04294	1	persistent	1	1	0
GEGEGB_04295	contig_1	4216300	4216776	+	LNHIMF_03496	1	persistent	2	0	0
GEGEGB_04296	contig_1	4216773	4217240	-	GEGEGB_04296	1	persistent	1	1	0
GEGEGB_04297	contig_1	4217620	4217931	+	GEGEGB_04297	1	shell	1	1	0
GEGEGB_04298	contig_1	4217964	4218593	+	GEGEGB_04298	1	shell	0	2	0
GEGEGB_04299	contig_1	4218604	4219209	+	GEGEGB_04299	1	shell	0	2	0
GEGEGB_04300	contig_1	4219206	4219508	+	GEGEGB_04300	1	shell	0	2	1
GEGEGB_04301	contig_1	4219526	4220347	+	GEGEGB_04301	1	shell	0	2	0
GEGEGB_04302	contig_1	4220364	4220642	+	GEGEGB_04302	1	shell	0	2	0
GEGEGB_04303	contig_1	4220657	4220989	+	GEGEGB_04303	1	shell	0	2	0
GEGEGB_04304	contig_1	4221007	4221708	+	GEGEGB_04304	1	shell	0	2	0
GEGEGB_04305	contig_1	4221721	4222131	+	GEGEGB_04305	1	shell	0	2	0
GEGEGB_04306	contig_1	4222131	4222322	+	GEGEGB_04306	1	shell	0	2	0
GEGEGB_04307	contig_1	4222322	4222576	+	GEGEGB_04307	1	shell	0	2	0
GEGEGB_04308	contig_1	4222740	4223111	+	GEGEGB_04308	1	shell	0	2	0
GEGEGB_04309	contig_1	4223122	4223436	+	GEGEGB_04309	1	shell	0	2	0
GEGEGB_04310	contig_1	4223451	4223990	+	GEGEGB_04310	1	shell	0	2	0
GEGEGB_04311	contig_1	4224005	4224310	+	GEGEGB_04311	1	shell	0	2	0
GEGEGB_04312	contig_1	4224344	4224736	+	GEGEGB_04312	1	shell	0	2	0
GEGEGB_04313	contig_1	4224749	4225282	+	GEGEGB_04313	1	shell	0	2	0
GEGEGB_04314	contig_1	4225292	4225645	+	GEGEGB_04314	1	shell	0	2	1
GEGEGB_04315	contig_1	4225660	4226163	+	GEGEGB_04315	1	shell	0	2	0
GEGEGB_04316	contig_1	4226167	4226346	+	GEGEGB_04316	1	shell	0	2	0
GEGEGB_04317	contig_1	4226350	4226784	+	GEGEGB_04317	1	shell	0	2	0
GEGEGB_04318	contig_1	4226792	4228123	+	LNHIMF_03473	1	shell	0	2	0
GEGEGB_04319	contig_1	4228155	4228271	+	GEGEGB_04319	1	shell	0	2	0
GEGEGB_04320	contig_1	4228418	4228774	+	LNHIMF_03471	1	shell	0	3	0
GEGEGB_04321	contig_1	4228791	4229180	+	BEJGEH_03447	1	shell	0	2	0
GEGEGB_04322	contig_1	4229214	4229834	+	LNHIMF_03469	1	shell	1	2	0
GEGEGB_04323	contig_1	4229860	4230849	+	GEGEGB_04323	1	persistent	1	1	0
GEGEGB_04324	contig_1	4230890	4231273	+	GEGEGB_04324	1	persistent	2	0	0
GEGEGB_04325	contig_1	4231380	4231748	+	LNHIMF_03466	1	persistent	2	0	0
GEGEGB_04326	contig_1	4231759	4232184	+	LNHIMF_03465	1	persistent	2	0	0
GEGEGB_04327	contig_1	4232243	4232512	+	GEGEGB_04327	1	persistent	2	0	0
GEGEGB_04328	contig_1	4232448	4232861	-	GEGEGB_04328	1	persistent	2	0	0
GEGEGB_04329	contig_1	4233003	4234379	-	GEGEGB_04329	1	persistent	2	0	0
GEGEGB_04330	contig_1	4234401	4235690	-	LNHIMF_03461	1	persistent	2	0	0
GEGEGB_04331	contig_1	4235742	4236689	-	GEGEGB_04331	1	persistent	2	0	0
GEGEGB_04332	contig_1	4236705	4237214	-	GEGEGB_04332	1	persistent	2	0	0
GEGEGB_04333	contig_1	4237346	4238470	+	LNHIMF_03458	1	persistent	2	0	0
GEGEGB_04334	contig_1	4238442	4238915	+	GEGEGB_04334	1	persistent	2	0	0
GEGEGB_04335	contig_1	4238942	4239484	+	LNHIMF_03456	1	persistent	2	0	0
GEGEGB_04336	contig_1	4239525	4240061	+	LNHIMF_03455	1	persistent	2	0	0
GEGEGB_04337	contig_1	4240063	4240884	+	LNHIMF_03454	1	persistent	2	0	0
GEGEGB_04338	contig_1	4240881	4241138	+	LNHIMF_03453	1	persistent	2	0	0
GEGEGB_04339	contig_1	4241114	4241668	-	GEGEGB_04339	1	persistent	3	0	0
GEGEGB_04345	contig_1	4247595	4248032	-	LNHIMF_04228	1	persistent	3	0	0
GEGEGB_04346	contig_1	4248189	4249118	+	LNHIMF_04229	1	persistent	2	0	0
GEGEGB_04347	contig_1	4249387	4250988	+	LNHIMF_04230	1	persistent	2	0	0
GEGEGB_04348	contig_1	4251020	4252324	+	LNHIMF_04231	1	persistent	2	0	0
GEGEGB_04349	contig_1	4252425	4254206	+	LNHIMF_04232	1	persistent	3	0	1
GEGEGB_04350	contig_1	4254251	4255075	-	LNHIMF_04234	1	persistent	3	0	1
GEGEGB_04351	contig_1	4255379	4259062	+	LNHIMF_04235	1	persistent	2	0	1
GEGEGB_04352	contig_1	4259319	4260950	+	LNHIMF_04236	1	persistent	2	0	1
GEGEGB_04353	contig_1	4261040	4261729	-	LNHIMF_04237	1	persistent	2	0	0
GEGEGB_04354	contig_1	4261937	4262476	+	GEGEGB_04354	1	persistent	2	0	0
GEGEGB_04355	contig_1	4262523	4263392	+	GEGEGB_04355	1	persistent	2	0	0
GEGEGB_04356	contig_1	4263389	4263661	-	GEGEGB_04356	1	persistent	1	2	0
GEGEGB_04357	contig_1	4263724	4264482	-	GEGEGB_04357	1	shell	1	1	0
GEGEGB_04358	contig_1	4264469	4265332	-	LNHIMF_04242	1	shell	0	2	0
GEGEGB_04359	contig_1	4265349	4266188	-	GEGEGB_04359	1	shell	0	2	0
GEGEGB_04360	contig_1	4266212	4267690	-	HFCAGB_04455	1	shell	1	2	1
GEGEGB_04361	contig_1	4268198	4269547	-	GEGEGB_04361	1	persistent	1	2	0
GEGEGB_04362	contig_1	4269936	4271585	+	GEGEGB_04362	1	persistent	2	0	0
GEGEGB_04364	contig_1	4272026	4272271	+	GEGEGB_04364	1	persistent	2	0	0
GEGEGB_04365	contig_1	4272335	4272973	+	GEGEGB_04365	1	persistent	2	0	0
GEGEGB_04366	contig_1	4272970	4273704	+	GEGEGB_04366	1	persistent	2	0	0
GEGEGB_04367	contig_1	4273704	4275800	+	BEJGEH_04288	1	persistent	2	0	0
GEGEGB_04368	contig_1	4275943	4276353	+	GEGEGB_04368	1	persistent	2	0	1
GEGEGB_04369	contig_1	4276519	4277409	-	GEGEGB_04369	1	persistent	2	0	1
GEGEGB_04370	contig_1	4277424	4278968	-	GEGEGB_04370	1	persistent	2	0	0
GEGEGB_04371	contig_1	4279100	4280290	-	GEGEGB_04371	1	persistent	2	0	0
GEGEGB_04372	contig_1	4280652	4281761	+	GEGEGB_04372	1	persistent	2	0	0
GEGEGB_04373	contig_1	4281851	4283209	+	PAPNPA_02752	1	persistent	2	0	0
GEGEGB_04374	contig_1	4283373	4284290	+	GEGEGB_04374	1	persistent	2	0	0
GEGEGB_04375	contig_1	4284471	4284968	+	LNHIMF_04260	1	persistent	2	0	0
GEGEGB_04376	contig_1	4284982	4285854	+	GEGEGB_04376	1	persistent	2	0	0
GEGEGB_04377	contig_1	4285953	4288373	-	LNHIMF_04262	1	persistent	2	0	0
GEGEGB_04378	contig_1	4288544	4288912	+	GEGEGB_04378	1	persistent	2	0	0
GEGEGB_04379	contig_1	4289021	4289629	+	GEGEGB_04379	1	persistent	2	0	0
GEGEGB_04380	contig_1	4289808	4291133	+	LNHIMF_04265	1	persistent	3	0	0
GEGEGB_04381	contig_1	4291115	4291243	+	GEGEGB_04381	1	persistent	2	0	0
GEGEGB_04382	contig_1	4291262	4291474	+	GEGEGB_04382	1	persistent	3	0	0
GEGEGB_04383	contig_1	4291574	4292089	-	GEGEGB_04383	1	persistent	2	0	0
GEGEGB_04384	contig_1	4292336	4293646	+	LNHIMF_04269	1	persistent	2	0	1
GEGEGB_04385	contig_1	4293734	4294732	+	GEGEGB_04385	1	persistent	2	0	1
GEGEGB_04386	contig_1	4294900	4295142	+	GEGEGB_04386	1	persistent	2	0	0
GEGEGB_04387	contig_1	4295317	4296300	-	LNHIMF_04331	1	persistent	2	0	0
GEGEGB_04388	contig_1	4296365	4297780	+	GEGEGB_04388	1	persistent	2	0	0
GEGEGB_04389	contig_1	4297812	4298891	+	GEGEGB_04389	1	persistent	2	0	0
GEGEGB_04390	contig_1	4299077	4300270	+	LNHIMF_04334	1	persistent	2	0	0
GEGEGB_04391	contig_1	4300457	4301170	+	GEGEGB_04391	1	persistent	2	0	0
GEGEGB_04392	contig_1	4301299	4301715	+	GEGEGB_04392	1	persistent	2	0	0
GEGEGB_04393	contig_1	4301718	4302074	+	LNHIMF_04337	1	persistent	2	0	0
GEGEGB_04394	contig_1	4302075	4302413	-	LNHIMF_04338	1	persistent	2	0	0
GEGEGB_04395	contig_1	4302400	4302843	-	LNHIMF_04339	1	persistent	2	0	0
GEGEGB_04396	contig_1	4302987	4305812	-	GEGEGB_04396	1	persistent	2	0	0
GEGEGB_04397	contig_1	4306060	4306590	+	GEGEGB_04397	1	persistent	2	0	0
GEGEGB_04398	contig_1	4307643	4308275	+	GEGEGB_04398	1	persistent	2	0	0
GEGEGB_04399	contig_1	4308272	4309660	+	LNHIMF_04343	1	persistent	2	0	0
GEGEGB_04400	contig_1	4309650	4310957	+	LNHIMF_04344	1	persistent	2	0	0
GEGEGB_04401	contig_1	4310954	4312231	+	BEJGEH_04322	1	persistent	2	0	0
GEGEGB_04402	contig_1	4312248	4322099	+	PAPNPA_02781	2	persistent	2	0	0
GEGEGB_04403	contig_1	4322154	4328927	+	PAPNPA_02781	2	persistent	2	0	0
GEGEGB_04404	contig_1	4328967	4331033	+	LNHIMF_04348	1	persistent	2	0	0
GEGEGB_04405	contig_1	4331312	4331593	-	GEGEGB_04405	1	persistent	2	0	0
GEGEGB_04406	contig_1	4332156	4333757	+	BEJGEH_04326	1	persistent	2	0	0
GEGEGB_04407	contig_1	4333745	4334068	-	GEGEGB_04407	1	persistent	2	0	0
GEGEGB_04408	contig_1	4334155	4334613	+	GEGEGB_04408	1	persistent	2	0	0
GEGEGB_04410	contig_1	4334906	4335574	+	LNHIMF_04354	1	persistent	2	0	0
GEGEGB_04411	contig_1	4335921	4337270	+	GEGEGB_04411	1	persistent	2	0	0
GEGEGB_04412	contig_1	4337420	4339066	+	AJBGEP_04481	1	persistent	2	0	0
GEGEGB_04413	contig_1	4339161	4340048	-	GEGEGB_04413	1	persistent	2	0	0
GEGEGB_04414	contig_1	4340152	4340562	+	GEGEGB_04414	1	persistent	2	0	0
GEGEGB_04415	contig_1	4340555	4341244	+	LNHIMF_04359	1	persistent	2	0	0
GEGEGB_04416	contig_1	4341283	4342932	-	LNHIMF_04360	1	persistent	2	0	0
GEGEGB_04417	contig_1	4342929	4343243	-	GEGEGB_04417	1	persistent	2	0	0
GEGEGB_04418	contig_1	4343482	4345440	-	LNHIMF_04362	1	persistent	2	0	0
GEGEGB_04419	contig_1	4345872	4347308	+	LNHIMF_04363	1	persistent	2	0	0
GEGEGB_04420	contig_1	4347420	4347986	+	GEGEGB_04420	1	persistent	2	0	0
GEGEGB_04421	contig_1	4347983	4348654	+	LNHIMF_04365	1	persistent	2	0	0
GEGEGB_04422	contig_1	4348651	4349607	+	GEGEGB_04422	1	persistent	1	2	0
GEGEGB_04423	contig_1	4349600	4351336	+	ALJMDI_03727	1	shell	2	0	0
GEGEGB_04424	contig_1	4351835	4352455	+	GEGEGB_04424	1	persistent	1	2	0
GEGEGB_04425	contig_1	4352800	4354110	+	LNHIMF_04369	1	persistent	2	0	1
GEGEGB_04426	contig_1	4354268	4354957	-	BEJGEH_04347	1	persistent	2	0	1
GEGEGB_04427	contig_1	4355134	4357281	-	LNHIMF_04371	1	persistent	2	0	0
GEGEGB_04428	contig_1	4357620	4358528	-	GEGEGB_04428	1	persistent	2	0	0
GEGEGB_04429	contig_1	4358786	4359220	-	GEGEGB_04429	1	persistent	2	0	0
GEGEGB_04430	contig_1	4359372	4359815	-	GEGEGB_04430	1	persistent	2	0	0
GEGEGB_04431	contig_1	4359935	4360270	-	GEGEGB_04431	1	persistent	2	0	1
GEGEGB_04432	contig_1	4360738	4362240	+	BEJGEH_04353	1	persistent	2	0	0
GEGEGB_04434	contig_1	4362310	4362399	+	GEGEGB_04434	1	persistent	2	0	1
GEGEGB_04435	contig_1	4362407	4363486	-	GEGEGB_04435	1	persistent	2	0	0
GEGEGB_04436	contig_1	4363487	4364155	-	LNHIMF_04380	1	persistent	2	0	0
GEGEGB_04437	contig_1	4364152	4365795	-	GEGEGB_04437	1	persistent	2	0	0
GEGEGB_04438	contig_1	4365929	4367266	-	GEGEGB_04438	1	persistent	2	0	0
GEGEGB_04439	contig_1	4367406	4368167	-	LNHIMF_04383	1	persistent	2	0	1
GEGEGB_04440	contig_1	4368464	4370734	-	GEGEGB_04440	1	persistent	2	0	0
GEGEGB_04441	contig_1	4370964	4371896	-	GEGEGB_04441	1	persistent	2	0	0
GEGEGB_04442	contig_1	4372168	4373520	+	LNHIMF_04386	1	persistent	2	0	0
GEGEGB_04443	contig_1	4373604	4375034	+	LNHIMF_04387	1	persistent	2	0	0
GEGEGB_04444	contig_1	4375132	4376778	-	GEGEGB_01415	2	persistent	4	0	0
GEGEGB_04445	contig_1	4376874	4378214	-	LNHIMF_04389	1	persistent	2	0	0
GEGEGB_04446	contig_1	4378361	4378627	-	GEGEGB_04446	1	persistent	2	0	0
GEGEGB_04447	contig_1	4378944	4379663	-	BEJGEH_04371	1	persistent	2	0	0
GEGEGB_04448	contig_1	4379660	4381291	-	LNHIMF_04392	1	persistent	2	0	0
GEGEGB_04449	contig_1	4381724	4382842	+	LNHIMF_04393	2	persistent	2	0	0
GEGEGB_04451	contig_1	4383649	4384074	+	LNHIMF_04393	2	persistent	2	0	0
GEGEGB_04452	contig_1	4384088	4384483	+	LNHIMF_04394	1	persistent	2	0	0
GEGEGB_04453	contig_1	4384707	4385480	+	LNHIMF_04395	1	persistent	2	0	0
GEGEGB_04454	contig_1	4385555	4386148	+	LNHIMF_04396	1	persistent	2	0	0
GEGEGB_04455	contig_1	4386232	4387632	-	LNHIMF_04397	1	persistent	2	0	0
GEGEGB_04456	contig_1	4387981	4388841	+	GEGEGB_04456	1	persistent	1	0	5
GEGEGB_04458	contig_1	4389128	4389391	-	GEGEGB_04458	1	cloud	2	0	0
GEGEGB_04459	contig_1	4389719	4389991	-	GEGEGB_04459	1	persistent	1	0	5
GEGEGB_04460	contig_1	4390003	4390878	-	GEGEGB_04460	1	persistent	2	2	0
GEGEGB_04461	contig_1	4391683	4391976	+	GEGEGB_04603	2	persistent	2	1	1
GEGEGB_04462	contig_1	4391973	4392464	+	ONMMKP_03725	2	persistent	2	0	4
GEGEGB_04463	contig_1	4392705	4393457	-	LNHIMF_04420	1	persistent	2	1	4
GEGEGB_04464	contig_1	4394302	4395336	+	GEGEGB_04464	1	cloud	1	0	1
GEGEGB_04465	contig_1	4395333	4396697	+	GEGEGB_04465	1	cloud	0	0	2
GEGEGB_04466	contig_1	4396690	4398489	+	GEGEGB_04466	1	cloud	0	0	2
GEGEGB_04467	contig_1	4398479	4398706	+	GEGEGB_04467	1	cloud	0	0	2
GEGEGB_04468	contig_1	4398703	4398963	+	GEGEGB_04468	1	cloud	0	0	2
GEGEGB_04469	contig_1	4398950	4399672	+	GEGEGB_04469	1	cloud	0	0	2
GEGEGB_04470	contig_1	4399665	4399760	+	GEGEGB_04470	1	cloud	0	0	2
GEGEGB_04471	contig_1	4399757	4400314	+	GEGEGB_04471	1	cloud	0	0	2
GEGEGB_04472	contig_1	4400314	4400562	+	GEGEGB_04472	1	cloud	0	0	2
GEGEGB_04473	contig_1	4400559	4401902	+	GEGEGB_04473	1	cloud	0	0	2
GEGEGB_04474	contig_1	4402491	4403267	+	GEGEGB_04474	1	cloud	0	0	2
GEGEGB_04475	contig_1	4403378	4405372	+	GEGEGB_04475	1	cloud	0	0	2
GEGEGB_04476	contig_1	4405442	4405618	+	GEGEGB_04476	1	cloud	0	0	2
GEGEGB_04478	contig_1	4406040	4406489	+	GEGEGB_04478	1	cloud	0	0	2
GEGEGB_04479	contig_1	4406570	4406788	+	GEGEGB_04479	1	cloud	0	0	2
GEGEGB_04480	contig_1	4406801	4407337	+	GEGEGB_04480	1	cloud	0	0	2
GEGEGB_04481	contig_1	4407403	4408011	+	GEGEGB_04481	1	cloud	0	0	2
GEGEGB_04483	contig_1	4408518	4409762	+	GEGEGB_04483	1	cloud	0	0	2
GEGEGB_04484	contig_1	4409765	4410184	+	GEGEGB_04484	1	cloud	0	0	2
GEGEGB_04485	contig_1	4410655	4411590	+	GEGEGB_04485	1	cloud	0	0	2
GEGEGB_04486	contig_1	4411535	4411894	+	GEGEGB_04486	1	cloud	0	0	2
GEGEGB_04487	contig_1	4411896	4413182	+	GEGEGB_04487	1	cloud	0	0	2
GEGEGB_04488	contig_1	4413163	4413750	+	GEGEGB_04488	1	cloud	0	0	2
GEGEGB_04489	contig_1	4413760	4415475	+	GEGEGB_04489	1	cloud	0	0	2
GEGEGB_04490	contig_1	4415472	4416557	+	GEGEGB_04490	1	cloud	0	0	2
GEGEGB_04491	contig_1	4416599	4417192	+	GEGEGB_04491	1	cloud	0	0	2
GEGEGB_04492	contig_1	4417202	4417678	+	GEGEGB_04492	1	cloud	0	0	2
GEGEGB_04493	contig_1	4417675	4418337	+	GEGEGB_04493	1	cloud	0	0	2
GEGEGB_04494	contig_1	4418334	4419641	+	GEGEGB_04494	1	cloud	0	0	2
GEGEGB_04495	contig_1	4419787	4420038	+	GEGEGB_04495	1	cloud	0	0	2
GEGEGB_04496	contig_1	4419989	4421140	+	GEGEGB_04496	1	cloud	0	0	2
GEGEGB_04497	contig_1	4421237	4421704	+	GEGEGB_04497	1	cloud	0	0	2
GEGEGB_04498	contig_1	4421916	4422791	+	GEGEGB_04498	1	cloud	0	0	2
GEGEGB_04499	contig_1	4423298	4424212	+	GEGEGB_04499	1	cloud	0	0	2
GEGEGB_04500	contig_1	4424231	4424971	+	GEGEGB_04500	1	cloud	0	0	2
GEGEGB_04501	contig_1	4424950	4425636	+	GEGEGB_04501	1	cloud	0	0	2
GEGEGB_04502	contig_1	4425672	4426172	+	GEGEGB_04502	1	cloud	0	0	2
GEGEGB_04503	contig_1	4426182	4426751	+	GEGEGB_04503	1	cloud	0	0	2
GEGEGB_04504	contig_1	4426771	4428861	+	GEGEGB_04504	1	cloud	0	0	2
GEGEGB_04505	contig_1	4428858	4429616	+	GEGEGB_04505	1	cloud	0	0	2
GEGEGB_04506	contig_1	4429853	4430107	+	GEGEGB_04506	1	cloud	0	0	2
GEGEGB_04507	contig_1	4430107	4430346	+	GEGEGB_04507	1	cloud	0	0	2
GEGEGB_04508	contig_1	4430376	4430738	+	GEGEGB_04508	1	cloud	0	0	2
GEGEGB_04509	contig_1	4430748	4431122	+	GEGEGB_04509	1	cloud	0	0	2
GEGEGB_04510	contig_1	4431119	4431772	+	GEGEGB_04510	1	cloud	0	0	2
GEGEGB_04511	contig_1	4431772	4432671	+	GEGEGB_04511	1	cloud	0	0	2
GEGEGB_04512	contig_1	4432661	4434139	+	GEGEGB_04512	1	cloud	0	0	2
GEGEGB_04513	contig_1	4434270	4434575	+	GEGEGB_04513	1	cloud	0	0	2
GEGEGB_04514	contig_1	4434575	4434991	+	GEGEGB_04514	1	cloud	0	0	2
GEGEGB_04515	contig_1	4434988	4437411	+	GEGEGB_04515	1	cloud	0	0	2
GEGEGB_04516	contig_1	4437566	4437952	+	GEGEGB_04516	1	cloud	0	0	2
GEGEGB_04517	contig_1	4438107	4438499	+	GEGEGB_04517	1	cloud	0	0	2
GEGEGB_04518	contig_1	4438496	4439464	+	GEGEGB_04518	1	cloud	0	0	2
GEGEGB_04519	contig_1	4439479	4440909	+	GEGEGB_04519	1	cloud	0	0	2
GEGEGB_04520	contig_1	4440906	4441238	+	GEGEGB_04520	1	cloud	0	0	2
GEGEGB_04521	contig_1	4441242	4442747	+	GEGEGB_04521	1	cloud	0	0	2
GEGEGB_04522	contig_1	4442986	4444233	+	GEGEGB_04522	1	cloud	0	0	2
GEGEGB_04523	contig_1	4444218	4444859	+	GEGEGB_04523	1	cloud	0	0	2
GEGEGB_04524	contig_1	4445070	4445612	-	GEGEGB_04524	1	cloud	0	0	2
GEGEGB_04527	contig_1	4446878	4447798	+	GEGEGB_04527	1	cloud	0	0	2
GEGEGB_04529	contig_1	4448522	4448824	+	GEGEGB_04529	1	cloud	0	0	2
GEGEGB_04530	contig_1	4448920	4449300	+	GEGEGB_04530	1	cloud	0	0	2
GEGEGB_04531	contig_1	4449671	4449880	+	GEGEGB_04531	1	cloud	0	0	2
GEGEGB_04532	contig_1	4449898	4450350	+	GEGEGB_04532	1	cloud	0	0	2
GEGEGB_04533	contig_1	4450350	4450643	+	GEGEGB_04533	1	cloud	0	0	2
GEGEGB_04534	contig_1	4450721	4451179	+	GEGEGB_04534	1	cloud	0	0	2
GEGEGB_04535	contig_1	4451268	4453217	+	GEGEGB_04535	1	cloud	0	0	2
GEGEGB_04536	contig_1	4453289	4454197	+	GEGEGB_04536	1	cloud	0	0	2
GEGEGB_04537	contig_1	4454271	4455170	+	GEGEGB_04537	1	cloud	0	0	2
GEGEGB_04538	contig_1	4455245	4455571	+	GEGEGB_04538	1	cloud	0	0	2
GEGEGB_04539	contig_1	4455671	4455940	-	GEGEGB_04539	1	cloud	0	0	2
GEGEGB_04540	contig_1	4456072	4457346	-	AJBGEP_04878	1	cloud	0	0	6
GEGEGB_04541	contig_1	4457565	4457942	+	ALJMDI_01481	1	cloud	1	0	2
GEGEGB_04542	contig_1	4458029	4458268	-	GEGEGB_04542	1	cloud	0	0	3
GEGEGB_04543	contig_1	4458315	4459415	-	GEGEGB_02807	3	cloud	1	0	3
GEGEGB_04544	contig_1	4459412	4459897	-	GEGEGB_02808	3	cloud	0	0	4
GEGEGB_04545	contig_1	4459897	4462677	-	GEGEGB_04545	1	cloud	0	0	2
GEGEGB_04546	contig_1	4462804	4463106	-	GEGEGB_02810	3	cloud	0	0	4
GEGEGB_04547	contig_1	4463161	4463676	-	GEGEGB_02811	3	cloud	0	0	2
GEGEGB_04548	contig_1	4463686	4464858	-	GEGEGB_02812	3	cloud	0	2	3
GEGEGB_04549	contig_1	4465393	4466115	+	GEGEGB_04549	1	shell	1	1	5
GEGEGB_04550	contig_1	4466313	4466720	-	GEGEGB_04550	1	cloud	1	1	6
GEGEGB_04551	contig_1	4466727	4468346	-	GEGEGB_04551	1	cloud	0	0	4
GEGEGB_04552	contig_1	4468343	4468948	-	GEGEGB_03617	2	cloud	0	0	5
GEGEGB_04553	contig_1	4468941	4469849	-	BEJGEH_02724	2	cloud	0	0	2
GEGEGB_04554	contig_1	4469836	4470195	-	ONMMKP_04176	2	cloud	0	0	2
GEGEGB_04555	contig_1	4470192	4470770	-	GEGEGB_04555	2	cloud	0	0	5
GEGEGB_04556	contig_1	4470839	4471285	-	GEGEGB_03613	2	cloud	0	0	5
GEGEGB_04557	contig_1	4471278	4471586	-	HFCAGB_02942	2	cloud	0	0	3
GEGEGB_04558	contig_1	4471805	4472230	-	GEGEGB_04558	1	cloud	0	0	2
GEGEGB_04559	contig_1	4472230	4472607	-	BEJGEH_02731	1	cloud	0	0	2
GEGEGB_04560	contig_1	4472612	4473121	-	GEGEGB_03609	2	cloud	0	0	3
GEGEGB_04561	contig_1	4473102	4473317	-	BEJGEH_02733	2	cloud	0	0	2
GEGEGB_04562	contig_1	4473321	4473524	-	GEGEGB_03607	2	cloud	0	0	2
GEGEGB_04563	contig_1	4473524	4473988	-	GEGEGB_04563	2	cloud	0	0	2
GEGEGB_04564	contig_1	4474082	4474732	-	GEGEGB_03605	2	cloud	0	0	2
GEGEGB_04565	contig_1	4474736	4475800	-	HFCAGB_02950	2	cloud	0	0	2
GEGEGB_04566	contig_1	4475817	4476650	-	HFCAGB_02951	2	cloud	0	0	2
GEGEGB_04567	contig_1	4476793	4478559	+	GEGEGB_04567	2	cloud	0	0	2
GEGEGB_04568	contig_1	4478559	4479602	+	HFCAGB_02953	2	cloud	0	0	7
GEGEGB_04569	contig_1	4479651	4480346	-	GEGEGB_04569	1	cloud	0	0	2
GEGEGB_04570	contig_1	4480366	4481430	-	GEGEGB_04570	1	cloud	0	0	2
GEGEGB_04571	contig_1	4481427	4482491	-	GEGEGB_04571	1	cloud	0	0	2
GEGEGB_04572	contig_1	4482815	4483048	-	GEGEGB_04572	1	cloud	0	0	5
GEGEGB_04573	contig_1	4483060	4483248	-	GEGEGB_03597	2	cloud	0	0	4
GEGEGB_04574	contig_1	4483416	4485824	-	BEJGEH_02746	2	cloud	0	0	3
GEGEGB_04575	contig_1	4485815	4486675	-	GEGEGB_04575	2	cloud	0	0	4
GEGEGB_04576	contig_1	4486672	4487256	-	GEGEGB_04576	1	cloud	0	0	2
GEGEGB_04577	contig_1	4487253	4487480	-	GEGEGB_04577	2	cloud	0	0	5
GEGEGB_04578	contig_1	4487480	4487713	-	BEJGEH_02749	1	cloud	0	0	2
GEGEGB_04579	contig_1	4487781	4488122	-	BEJGEH_02750	2	cloud	0	0	7
GEGEGB_04580	contig_1	4488086	4488286	-	GEGEGB_04580	1	cloud	0	0	2
GEGEGB_04581	contig_1	4488294	4488803	-	BEJGEH_02752	2	cloud	0	0	7
GEGEGB_04582	contig_1	4488836	4489078	-	BEJGEH_02753	1	cloud	0	0	2
GEGEGB_04583	contig_1	4489195	4489827	+	GEGEGB_04583	1	cloud	0	0	2
GEGEGB_04584	contig_1	4489831	4490856	+	BEJGEH_02755	1	cloud	0	0	7
GEGEGB_04585	contig_1	4490963	4491316	-	GEGEGB_04585	1	cloud	1	0	3
GEGEGB_04586	contig_1	4491963	4492220	+	GEGEGB_04806	2	persistent	2	0	4
GEGEGB_04587	contig_1	4492231	4493121	+	GEGEGB_04587	1	cloud	2	0	0
GEGEGB_04588	contig_1	4493121	4493867	+	LNHIMF_04572	2	persistent	2	0	2
GEGEGB_04589	contig_1	4494169	4496139	-	GEGEGB_04589	1	cloud	1	0	1
GEGEGB_04590	contig_1	4496159	4497463	-	GEGEGB_04590	1	cloud	0	0	2
GEGEGB_04591	contig_1	4497486	4498181	-	GEGEGB_04591	1	cloud	0	0	2
GEGEGB_04592	contig_1	4498207	4499001	-	GEGEGB_04592	1	cloud	0	0	2
GEGEGB_04593	contig_1	4499011	4500078	-	GEGEGB_04593	1	cloud	0	0	2
GEGEGB_04594	contig_1	4500123	4501859	-	GEGEGB_04594	1	cloud	0	0	2
GEGEGB_04595	contig_1	4501859	4504345	-	GEGEGB_04595	1	cloud	0	0	2
GEGEGB_04596	contig_1	4504378	4505424	-	GEGEGB_04596	1	cloud	0	0	2
GEGEGB_04597	contig_1	4505427	4506704	-	GEGEGB_04597	1	cloud	0	0	2
GEGEGB_04598	contig_1	4506949	4507488	-	GEGEGB_04598	1	cloud	0	0	2
GEGEGB_04599	contig_1	4508029	4508217	+	GEGEGB_04599	1	cloud	0	0	2
GEGEGB_04600	contig_1	4508342	4509853	+	GEGEGB_04600	1	cloud	0	0	2
GEGEGB_04601	contig_1	4509837	4511426	+	GEGEGB_04601	1	cloud	0	0	2
GEGEGB_04602	contig_1	4511590	4512603	+	GEGEGB_04602	1	cloud	1	0	1
GEGEGB_04603	contig_1	4513030	4513323	+	GEGEGB_04603	2	persistent	2	1	1
GEGEGB_04604	contig_1	4513320	4513808	+	ONMMKP_03725	2	persistent	2	0	4
GEGEGB_04605	contig_1	4513988	4514440	-	GEGEGB_04605	1	cloud	1	0	1
GEGEGB_04607	contig_1	4517443	4519116	-	GEGEGB_04607	1	cloud	0	0	2
GEGEGB_04609	contig_1	4519517	4519609	-	GEGEGB_04609	1	cloud	0	0	2
GEGEGB_04611	contig_1	4519663	4520124	+	GEGEGB_04611	1	cloud	0	0	2
GEGEGB_04612	contig_1	4520121	4520342	+	ONMMKP_03734	1	cloud	0	0	5
GEGEGB_04614	contig_1	4521199	4521981	+	GEGEGB_04614	1	cloud	0	0	3
GEGEGB_04615	contig_1	4522608	4522832	-	GEGEGB_04617	2	cloud	2	0	3
GEGEGB_04616	contig_1	4522962	4524245	-	GEGEGB_04616	1	cloud	0	0	1
GEGEGB_04617	contig_1	4524556	4525815	-	GEGEGB_04617	2	cloud	2	0	3
GEGEGB_04619	contig_1	4526166	4526741	-	LNHIMF_04422	1	persistent	2	0	3
GEGEGB_04620	contig_1	4526778	4528481	-	LNHIMF_04423	1	persistent	2	0	0
GEGEGB_04621	contig_1	4528457	4528804	-	GEGEGB_04621	1	persistent	2	0	0
GEGEGB_04622	contig_1	4528925	4530226	-	LNHIMF_04425	1	persistent	2	0	0
GEGEGB_04623	contig_1	4530341	4531777	-	GEGEGB_04623	1	persistent	2	0	0
GEGEGB_04624	contig_1	4532118	4532594	+	LNHIMF_04427	1	persistent	2	0	0
GEGEGB_04625	contig_1	4532653	4533915	-	LNHIMF_04428	1	persistent	2	0	0
GEGEGB_04626	contig_1	4534170	4534463	+	GEGEGB_04626	1	persistent	2	0	0
GEGEGB_04627	contig_1	4534507	4536153	+	GEGEGB_04627	1	persistent	2	0	0
GEGEGB_04628	contig_1	4536397	4536750	+	GEGEGB_04628	1	persistent	2	0	0
GEGEGB_04629	contig_1	4536798	4537655	-	LNHIMF_04432	1	persistent	2	0	0
GEGEGB_04630	contig_1	4537937	4538965	-	BEJGEH_04410	1	persistent	2	0	0
GEGEGB_04631	contig_1	4539006	4539572	+	GEGEGB_04631	1	persistent	2	1	0
GEGEGB_04632	contig_1	4539594	4539767	+	GEGEGB_04632	1	shell	2	0	0
GEGEGB_04633	contig_1	4540052	4540696	-	LNHIMF_04435	1	persistent	2	1	0
GEGEGB_04634	contig_1	4540895	4541212	+	GEGEGB_04634	1	persistent	2	0	0
GEGEGB_04635	contig_1	4541229	4541762	-	LNHIMF_04437	1	persistent	2	0	0
GEGEGB_04636	contig_1	4541874	4542233	-	GEGEGB_04636	1	persistent	2	0	0
GEGEGB_04637	contig_1	4542244	4542639	-	GEGEGB_04637	1	persistent	2	0	0
GEGEGB_04638	contig_1	4542650	4543384	-	GEGEGB_04638	1	persistent	2	0	0
GEGEGB_04639	contig_1	4543377	4545167	-	GEGEGB_04639	1	persistent	2	0	0
GEGEGB_04640	contig_1	4545490	4546467	+	LNHIMF_04442	1	persistent	2	0	0
GEGEGB_04641	contig_1	4546693	4548195	+	GEGEGB_04641	1	persistent	2	2	0
GEGEGB_04642	contig_1	4548203	4548580	+	GEGEGB_04642	1	shell	2	0	0
GEGEGB_04643	contig_1	4548717	4552043	-	GEGEGB_04643	1	persistent	2	2	0
GEGEGB_04644	contig_1	4552062	4553030	-	LNHIMF_04445	1	persistent	2	0	0
GEGEGB_04645	contig_1	4553122	4554174	-	GEGEGB_04645	1	persistent	2	0	0
GEGEGB_04646	contig_1	4554281	4554826	+	GEGEGB_04646	1	persistent	2	0	0
GEGEGB_04647	contig_1	4554888	4555607	-	LNHIMF_04448	1	persistent	2	0	0
GEGEGB_04650	contig_1	4556480	4557619	-	LNHIMF_04451	1	persistent	2	0	0
GEGEGB_04651	contig_1	4557621	4559165	+	LNHIMF_04452	1	persistent	2	0	0
GEGEGB_04652	contig_1	4559137	4559598	+	GEGEGB_04652	1	persistent	2	0	0
GEGEGB_04653	contig_1	4559615	4560934	+	GEGEGB_04653	1	persistent	2	0	0
GEGEGB_04654	contig_1	4560944	4562800	+	GEGEGB_04654	1	persistent	2	0	0
GEGEGB_04655	contig_1	4562793	4563743	+	LNHIMF_04456	1	persistent	2	0	0
GEGEGB_04656	contig_1	4563826	4564134	+	GEGEGB_04656	1	persistent	2	0	0
GEGEGB_04657	contig_1	4564206	4565486	+	LNHIMF_04458	1	persistent	2	0	0
GEGEGB_04658	contig_1	4565701	4566960	+	LNHIMF_04459	1	persistent	2	0	0
GEGEGB_04659	contig_1	4566963	4567967	+	GEGEGB_04659	1	persistent	2	0	0
GEGEGB_04660	contig_1	4568046	4568243	+	GEGEGB_04660	1	persistent	2	0	1
GEGEGB_04661	contig_1	4568346	4569644	+	GEGEGB_04661	1	persistent	2	0	0
GEGEGB_04662	contig_1	4569866	4570291	+	LNHIMF_04463	1	persistent	2	0	0
GEGEGB_04663	contig_1	4570329	4572767	+	GEGEGB_04663	1	persistent	2	0	0
GEGEGB_04664	contig_1	4572858	4573589	+	LNHIMF_04465	1	persistent	2	0	0
GEGEGB_04665	contig_1	4573721	4574125	+	LNHIMF_04466	1	persistent	2	0	0
GEGEGB_04666	contig_1	4574140	4574691	+	BEJGEH_04447	1	persistent	2	0	1
GEGEGB_04667	contig_1	4574838	4574945	+	AJBGEP_04583	1	persistent	2	0	0
GEGEGB_04668	contig_1	4575086	4575745	+	GEGEGB_04668	1	persistent	2	0	1
GEGEGB_04669	contig_1	4575763	4576161	+	GEGEGB_04669	1	persistent	2	0	0
GEGEGB_04670	contig_1	4576171	4576809	+	BEJGEH_04451	1	persistent	2	0	0
GEGEGB_04671	contig_1	4576812	4577975	+	GEGEGB_04671	1	persistent	2	0	0
GEGEGB_04672	contig_1	4578060	4579682	+	LNHIMF_04473	1	persistent	2	0	0
GEGEGB_04673	contig_1	4579727	4580002	-	GEGEGB_04673	1	persistent	2	0	0
GEGEGB_04674	contig_1	4580133	4580435	-	LNHIMF_04475	1	persistent	2	0	0
GEGEGB_04675	contig_1	4580646	4581395	+	GEGEGB_04675	1	persistent	2	0	0
GEGEGB_04676	contig_1	4581392	4582147	-	GEGEGB_04676	1	persistent	2	0	0
GEGEGB_04677	contig_1	4582252	4583316	-	GEGEGB_04677	1	persistent	2	0	0
GEGEGB_04678	contig_1	4583679	4585076	+	LNHIMF_04479	1	persistent	2	0	1
GEGEGB_04679	contig_1	4585115	4585396	+	GEGEGB_04679	1	cloud	2	0	0
GEGEGB_04680	contig_1	4585406	4585870	+	LNHIMF_04481	1	persistent	2	0	1
GEGEGB_04681	contig_1	4585884	4586534	+	LNHIMF_04482	1	persistent	2	0	0
GEGEGB_04682	contig_1	4586544	4587398	+	LNHIMF_04483	1	persistent	2	0	0
GEGEGB_04683	contig_1	4587398	4588084	+	PAPNPA_02919	1	persistent	2	0	1
GEGEGB_04684	contig_1	4588214	4588489	-	AJBGEP_04600	1	persistent	2	0	0
GEGEGB_04685	contig_1	4588960	4589355	+	GEGEGB_04685	1	persistent	2	0	1
GEGEGB_04686	contig_1	4589362	4589676	+	GEGEGB_04686	1	persistent	2	0	0
GEGEGB_04687	contig_1	4589681	4589908	+	GEGEGB_04687	1	persistent	2	0	0
GEGEGB_04688	contig_1	4589950	4590399	+	GEGEGB_04688	1	persistent	2	0	0
GEGEGB_04689	contig_1	4590547	4591473	+	LNHIMF_04491	1	persistent	2	0	0
GEGEGB_04690	contig_1	4591523	4592158	-	LNHIMF_04492	1	persistent	2	0	0
GEGEGB_04691	contig_1	4592378	4592998	+	GEGEGB_04691	1	persistent	2	0	0
GEGEGB_04692	contig_1	4593294	4594697	+	LNHIMF_04494	1	persistent	2	0	1
GEGEGB_04693	contig_1	4595035	4596174	+	IKCLMC_03413	1	cloud	1	0	1
GEGEGB_04694	contig_1	4596189	4597577	+	IKCLMC_03412	1	cloud	1	0	1
GEGEGB_04695	contig_1	4597644	4598306	-	LNHIMF_04495	1	persistent	2	0	1
GEGEGB_04696	contig_1	4598409	4599374	-	LNHIMF_04496	1	persistent	2	0	0
GEGEGB_04697	contig_1	4599455	4600303	-	LNHIMF_04497	1	persistent	2	0	0
GEGEGB_04698	contig_1	4600391	4600777	+	GEGEGB_04698	1	persistent	2	0	0
GEGEGB_04699	contig_1	4600835	4602778	-	BEJGEH_04479	1	persistent	2	0	0
GEGEGB_04700	contig_1	4603045	4603785	+	GEGEGB_04700	1	persistent	2	0	0
GEGEGB_04701	contig_1	4603775	4604332	-	GEGEGB_04701	1	persistent	2	0	0
GEGEGB_04702	contig_1	4604659	4604865	+	GEGEGB_04702	1	persistent	2	1	0
GEGEGB_04703	contig_1	4605008	4605466	-	GEGEGB_00250	25	shell	58	4	2
GEGEGB_04704	contig_1	4605423	4605614	-	GEGEGB_03146	6	cloud	7	1	0
GEGEGB_04706	contig_1	4605664	4607007	-	GEGEGB_04706	1	persistent	2	0	1
GEGEGB_04708	contig_1	4607197	4607835	-	GEGEGB_04708	1	persistent	2	0	0
GEGEGB_04709	contig_1	4608048	4609781	+	GEGEGB_04709	1	persistent	2	0	0
GEGEGB_04710	contig_1	4609778	4613557	+	LNHIMF_04507	1	persistent	2	0	0
GEGEGB_04711	contig_1	4613560	4613904	+	GEGEGB_04711	1	persistent	2	0	0
GEGEGB_04712	contig_1	4613958	4615166	-	LNHIMF_04509	1	persistent	2	0	0
GEGEGB_04713	contig_1	4615163	4616323	-	LNHIMF_04510	1	persistent	2	0	0
GEGEGB_04714	contig_1	4616736	4617266	-	GEGEGB_04714	1	persistent	2	0	0
GEGEGB_04715	contig_1	4617493	4618491	-	LNHIMF_04512	1	persistent	2	0	0
GEGEGB_04716	contig_1	4618666	4620039	+	BEJGEH_04493	1	persistent	2	1	0
GEGEGB_04717	contig_1	4620146	4620697	-	GEGEGB_04717	1	persistent	2	1	0
GEGEGB_04718	contig_1	4620793	4622145	+	GEGEGB_04718	1	persistent	2	0	0
GEGEGB_04719	contig_1	4622243	4622629	+	GEGEGB_04719	1	persistent	2	0	0
GEGEGB_04720	contig_1	4622916	4623245	+	GEGEGB_04720	1	persistent	2	0	0
GEGEGB_04721	contig_1	4623256	4623618	+	GEGEGB_04721	1	persistent	2	0	0
GEGEGB_04722	contig_1	4623618	4623920	+	GEGEGB_04722	1	persistent	2	0	0
GEGEGB_04723	contig_1	4623943	4624719	+	GEGEGB_04723	1	persistent	2	0	0
GEGEGB_04724	contig_1	4624731	4625375	+	GEGEGB_04724	1	persistent	2	0	0
GEGEGB_04725	contig_1	4625434	4626567	+	GEGEGB_04725	1	persistent	2	0	0
GEGEGB_04726	contig_1	4626551	4627669	+	GEGEGB_04726	1	persistent	2	0	0
GEGEGB_04727	contig_1	4627666	4628406	+	LNHIMF_04524	1	persistent	2	0	0
GEGEGB_04728	contig_1	4628423	4630336	+	LNHIMF_04525	1	persistent	2	0	1
GEGEGB_04729	contig_1	4630414	4630656	+	GEGEGB_04729	1	persistent	2	0	0
GEGEGB_04730	contig_1	4630646	4630930	+	GEGEGB_04730	1	persistent	2	0	0
GEGEGB_04731	contig_1	4630934	4631398	-	GEGEGB_04731	1	persistent	2	0	1
GEGEGB_04733	contig_1	4631519	4633657	-	LNHIMF_04529	1	persistent	2	0	0
GEGEGB_04734	contig_1	4634066	4635718	-	LNHIMF_04530	1	persistent	2	0	0
GEGEGB_04735	contig_1	4635768	4637186	-	LNHIMF_04531	1	persistent	2	0	0
GEGEGB_04736	contig_1	4637324	4638271	-	LNHIMF_04532	1	persistent	2	0	0
GEGEGB_04737	contig_1	4638461	4638514	+	GEGEGB_04737	1	persistent	2	0	0
GEGEGB_04738	contig_1	4638655	4641363	+	GEGEGB_04738	1	persistent	3	0	0
GEGEGB_04739	contig_1	4641479	4641925	-	LNHIMF_04535	1	persistent	2	0	0
GEGEGB_04740	contig_1	4642000	4642386	-	GEGEGB_04740	1	persistent	3	0	0
GEGEGB_04741	contig_1	4642463	4642924	-	GEGEGB_04741	1	persistent	2	0	0
GEGEGB_04742	contig_1	4642937	4643872	-	GEGEGB_04742	1	persistent	3	0	0
GEGEGB_04743	contig_1	4643908	4644009	-	GEGEGB_04743	1	persistent	2	0	0
GEGEGB_04744	contig_1	4644100	4644588	-	LNHIMF_04539	1	persistent	3	0	0
GEGEGB_04745	contig_1	4644775	4646178	-	GEGEGB_04745	1	persistent	2	0	0
GEGEGB_04746	contig_1	4646234	4647238	-	GEGEGB_04746	1	persistent	2	0	0
GEGEGB_04747	contig_1	4647350	4648282	-	BENMGJ_01145	1	persistent	2	0	0
GEGEGB_04748	contig_1	4648293	4649513	-	GEGEGB_04748	1	persistent	2	0	0
GEGEGB_04749	contig_1	4650188	4650640	+	GEGEGB_04749	1	persistent	2	0	0
GEGEGB_04750	contig_1	4650714	4651718	-	LNHIMF_04546	1	persistent	2	0	0
GEGEGB_04751	contig_1	4651884	4652300	+	GEGEGB_04751	1	persistent	2	1	0
GEGEGB_04752	contig_1	4652359	4653123	+	GEGEGB_04752	1	persistent	2	1	1
GEGEGB_04753	contig_1	4653133	4653237	-	GEGEGB_04753	1	cloud	2	0	0
GEGEGB_04754	contig_1	4653368	4653856	-	GEGEGB_04754	1	persistent	2	0	1
GEGEGB_04755	contig_1	4653963	4654466	-	LNHIMF_04550	1	persistent	2	0	0
GEGEGB_04756	contig_1	4654661	4655848	+	LNHIMF_04551	1	persistent	2	0	0
GEGEGB_04757	contig_1	4655990	4658845	-	GEGEGB_04757	1	persistent	2	0	0
GEGEGB_04758	contig_1	4658845	4659288	-	LNHIMF_04553	1	persistent	2	0	0
GEGEGB_04759	contig_1	4659425	4660936	-	LNHIMF_04554	1	persistent	2	0	0
GEGEGB_04761	contig_1	4661331	4662431	+	GEGEGB_04761	1	persistent	2	0	0
GEGEGB_04762	contig_1	4662431	4663513	+	LNHIMF_04557	1	persistent	2	0	0
GEGEGB_04763	contig_1	4663719	4664717	-	GEGEGB_04763	1	persistent	2	0	0
GEGEGB_04764	contig_1	4664781	4666271	-	BEJGEH_04557	1	persistent	2	0	1
GEGEGB_04766	contig_1	4666742	4668007	+	PAPNPA_01456	1	cloud	2	0	3
GEGEGB_04767	contig_1	4668070	4669146	-	GEGEGB_04767	1	cloud	0	0	2
GEGEGB_04768	contig_1	4669143	4670201	-	GEGEGB_04768	1	cloud	0	0	2
GEGEGB_04769	contig_1	4670191	4671354	-	GEGEGB_04769	1	cloud	0	0	2
GEGEGB_04770	contig_1	4671480	4671746	+	GEGEGB_04770	1	cloud	0	0	2
GEGEGB_04771	contig_1	4671630	4672196	-	ALJMDI_03920	1	cloud	0	0	4
GEGEGB_04772	contig_1	4672212	4672451	-	GEGEGB_04772	1	cloud	0	0	2
GEGEGB_04773	contig_1	4672455	4673198	-	GEGEGB_04773	1	cloud	0	0	2
GEGEGB_04774	contig_1	4673738	4674061	+	IKCLMC_04108	1	cloud	0	0	4
GEGEGB_04778	contig_1	4674351	4674545	+	IKCLMC_04104	1	cloud	0	0	2
GEGEGB_04779	contig_1	4674542	4674769	+	IKCLMC_04103	1	cloud	0	0	3
GEGEGB_04780	contig_1	4674766	4675086	+	IKCLMC_04102	2	cloud	0	0	3
GEGEGB_04781	contig_1	4675101	4675775	+	IKCLMC_04101	3	cloud	0	2	3
GEGEGB_04782	contig_1	4675790	4677433	+	IKCLMC_04101	3	cloud	0	2	3
GEGEGB_04783	contig_1	4678170	4678328	+	PKJKAM_02216	1	cloud	1	0	6
GEGEGB_04784	contig_1	4678909	4679268	+	GEGEGB_04784	1	cloud	0	0	2
GEGEGB_04785	contig_1	4680464	4681216	+	HFCAGB_04713	1	cloud	0	0	3
GEGEGB_04786	contig_1	4681221	4683773	+	HFCAGB_04714	1	cloud	0	0	2
GEGEGB_04787	contig_1	4683770	4683985	+	HFCAGB_04715	1	cloud	0	0	2
GEGEGB_04788	contig_1	4684249	4684893	-	HFCAGB_04716	1	cloud	0	0	2
GEGEGB_04789	contig_1	4685640	4685849	+	HFCAGB_04717	1	cloud	0	0	3
GEGEGB_04790	contig_1	4685834	4686184	+	GEGEGB_04790	1	cloud	0	0	3
GEGEGB_04791	contig_1	4686163	4686306	+	HFCAGB_04719	1	cloud	0	0	2
GEGEGB_04792	contig_1	4686511	4687083	+	AJBGEP_04831	1	cloud	0	0	3
GEGEGB_04793	contig_1	4687034	4687219	+	OEKLIE_00585	1	cloud	0	0	2
GEGEGB_04794	contig_1	4687270	4688115	+	AJBGEP_04829	1	cloud	0	1	5
GEGEGB_04795	contig_1	4688378	4688644	+	PAPNPA_02579	1	cloud	1	0	3
GEGEGB_04796	contig_1	4688745	4689212	+	PAPNPA_02581	1	cloud	1	0	9
GEGEGB_04797	contig_1	4689323	4693168	-	GEGEGB_04797	1	cloud	0	0	2
GEGEGB_04798	contig_1	4693110	4695647	-	GEGEGB_04798	1	cloud	0	0	2
GEGEGB_04799	contig_1	4695660	4698959	-	GEGEGB_04799	1	cloud	0	0	2
GEGEGB_04800	contig_1	4699268	4699462	+	GEGEGB_04800	1	cloud	0	1	1
GEGEGB_04801	contig_1	4699540	4700415	+	ALJMDI_03931	1	shell	1	0	11
GEGEGB_04802	contig_1	4700577	4700852	+	GEGEGB_04802	1	cloud	1	1	0
GEGEGB_04803	contig_1	4700847	4700954	-	GEGEGB_04803	1	persistent	1	1	6
GEGEGB_04804	contig_1	4700896	4701612	-	HFCAGB_04730	1	persistent	2	0	0
GEGEGB_04805	contig_1	4702025	4703650	-	LNHIMF_04572	2	persistent	2	0	2
GEGEGB_04806	contig_1	4703661	4703918	-	GEGEGB_04806	2	persistent	2	0	4
GEGEGB_04807	contig_1	4704406	4705014	+	GEGEGB_04807	1	persistent	2	1	2
GEGEGB_04808	contig_1	4705375	4706286	+	LNHIMF_04576	1	persistent	2	1	0
GEGEGB_04809	contig_1	4706497	4706958	+	BEJGEH_04618	1	persistent	1	1	1
GEGEGB_04810	contig_1	4706975	4707493	-	AJBGEP_04722	1	shell	2	0	0
GEGEGB_04811	contig_1	4708038	4708763	+	LNHIMF_04579	1	persistent	1	1	1
GEGEGB_04812	contig_1	4708764	4709777	-	LNHIMF_04580	1	persistent	2	0	0
GEGEGB_04814	contig_1	4710579	4711025	+	LNHIMF_04582	1	persistent	2	0	0
GEGEGB_04815	contig_1	4711264	4711998	+	LNHIMF_04583	1	persistent	2	0	0
GEGEGB_04816	contig_1	4712004	4712912	-	GEGEGB_04816	1	persistent	2	0	0
GEGEGB_04817	contig_1	4713031	4714203	-	GEGEGB_04817	1	persistent	2	0	0
GEGEGB_04818	contig_1	4714216	4714677	-	GEGEGB_04818	1	persistent	2	0	0
GEGEGB_04819	contig_1	4714674	4715345	-	GEGEGB_04819	1	persistent	2	0	0
GEGEGB_04820	contig_1	4716144	4717328	-	LNHIMF_04588	1	persistent	2	0	0
GEGEGB_04821	contig_1	4717548	4718819	-	LNHIMF_04589	1	persistent	2	0	0
GEGEGB_04822	contig_1	4718906	4720147	-	OEKLIE_03605	1	persistent	1	2	0
GEGEGB_04823	contig_1	4720626	4721591	+	GEGEGB_04823	1	shell	2	0	0
GEGEGB_04824	contig_1	4721772	4722995	+	LNHIMF_04592	2	persistent	1	2	0
GEGEGB_04825	contig_1	4723003	4723143	+	LNHIMF_04592	2	persistent	1	2	0
GEGEGB_04826	contig_1	4723349	4723513	+	GEGEGB_04826	1	persistent	1	2	0
GEGEGB_04827	contig_1	4723588	4724289	-	AJBGEP_04738	1	shell	1	1	0
GEGEGB_04828	contig_1	4724363	4724695	-	AJBGEP_04739	1	shell	0	2	2
GEGEGB_04830	contig_1	4724923	4726311	-	GEGEGB_04830	1	cloud	0	1	1
GEGEGB_04831	contig_1	4726308	4726448	-	GEGEGB_04831	1	cloud	0	1	1
GEGEGB_04832	contig_1	4726497	4727894	-	GEGEGB_04832	1	shell	0	2	2
GEGEGB_04833	contig_1	4728052	4731561	-	AJBGEP_04743	1	shell	0	2	0
GEGEGB_04834	contig_1	4731759	4732673	+	AJBGEP_04744	1	shell	0	2	0
GEGEGB_04835	contig_1	4732926	4733213	+	GEGEGB_04835	1	shell	0	2	2
GEGEGB_04836	contig_1	4733200	4733502	+	GEGEGB_04836	1	shell	1	1	0
GEGEGB_04837	contig_1	4733577	4734533	-	LNHIMF_04597	1	persistent	1	1	2
GEGEGB_04838	contig_1	4734544	4734747	-	GEGEGB_04838	1	persistent	2	0	0
GEGEGB_04839	contig_1	4734842	4736992	-	GEGEGB_04839	1	persistent	2	0	1
GEGEGB_04840	contig_1	4737359	4737958	+	GEGEGB_04840	1	cloud	2	0	0
GEGEGB_04841	contig_1	4737934	4739019	+	LNHIMF_04600	1	persistent	2	1	1
GEGEGB_04842	contig_1	4739188	4741479	-	GEGEGB_04842	1	persistent	2	1	0
GEGEGB_04843	contig_1	4741762	4742223	-	LNHIMF_04609	1	persistent	2	0	0
GEGEGB_04844	contig_1	4742281	4743018	-	GEGEGB_04844	1	persistent	2	0	0
GEGEGB_04845	contig_1	4743021	4743560	-	GEGEGB_04845	1	persistent	2	0	0
GEGEGB_04846	contig_1	4743653	4744126	-	LNHIMF_04612	1	persistent	2	0	0
GEGEGB_04847	contig_1	4744117	4745061	-	LNHIMF_04613	1	persistent	2	0	1
GEGEGB_04848	contig_1	4745606	4746331	+	GEGEGB_04848	1	persistent	2	0	1
GEGEGB_04849	contig_1	4746292	4746966	+	GEGEGB_04849	1	persistent	2	0	0
GEGEGB_04850	contig_1	4747017	4747475	-	LNHIMF_04616	1	persistent	2	0	0
GEGEGB_04851	contig_1	4747626	4748414	-	GEGEGB_04851	1	persistent	2	0	0
GEGEGB_04852	contig_1	4748535	4749599	-	BEJGEH_04653	1	persistent	2	0	0
GEGEGB_04853	contig_1	4749850	4750086	+	GEGEGB_04853	1	persistent	2	0	0
GEGEGB_04857	contig_1	4750627	4751655	-	LNHIMF_04623	1	persistent	2	0	0
GEGEGB_04858	contig_1	4751758	4752195	+	BEJGEH_04659	1	persistent	2	0	1
GEGEGB_04859	contig_1	4752140	4752586	+	LNHIMF_04625	1	persistent	2	0	0
GEGEGB_04860	contig_1	4752605	4753285	+	LNHIMF_04626	1	persistent	2	0	0
GEGEGB_04861	contig_1	4753377	4754966	+	GEGEGB_04861	1	persistent	2	0	0
GEGEGB_04862	contig_1	4755368	4755985	+	GEGEGB_04862	1	persistent	2	0	0
GEGEGB_04863	contig_1	4756114	4756275	+	GEGEGB_04863	1	persistent	2	0	0
GEGEGB_04864	contig_1	4756378	4757472	+	LNHIMF_04630	1	persistent	2	0	0
GEGEGB_04865	contig_1	4757469	4758242	+	LNHIMF_04631	1	persistent	1	2	0
GEGEGB_04866	contig_1	4758275	4759138	-	LNHIMF_04632	1	shell	2	0	0
GEGEGB_04867	contig_1	4759110	4760660	-	BEJGEH_04668	1	persistent	1	2	0
GEGEGB_04868	contig_1	4760920	4761699	+	GEGEGB_04868	1	persistent	2	0	0
GEGEGB_04869	contig_1	4761822	4763144	+	GEGEGB_04869	1	persistent	2	0	0
GEGEGB_04870	contig_1	4763196	4764419	+	GEGEGB_04870	1	persistent	2	0	0
GEGEGB_04871	contig_1	4764629	4765348	+	GEGEGB_04871	1	persistent	1	1	2
GEGEGB_04872	contig_1	4765555	4766040	+	GEGEGB_04872	1	cloud	2	0	0
GEGEGB_04873	contig_1	4766131	4767147	-	BEJGEH_04678	1	persistent	1	1	2
GEGEGB_04874	contig_1	4767181	4767825	-	GEGEGB_04874	1	persistent	2	0	0
GEGEGB_04875	contig_1	4767942	4768910	+	GEGEGB_04875	1	persistent	2	0	0
GEGEGB_04876	contig_1	4768994	4770376	+	GEGEGB_04876	1	persistent	2	0	0
GEGEGB_04877	contig_1	4770527	4771759	+	GEGEGB_04877	1	persistent	2	0	0
GEGEGB_04878	contig_1	4771877	4773544	-	LNHIMF_04644	1	persistent	2	0	0
GEGEGB_04879	contig_1	4773753	4775690	+	GEGEGB_04879	1	persistent	2	0	0
GEGEGB_04880	contig_1	4775748	4776074	+	GEGEGB_04880	1	persistent	2	0	1
GEGEGB_04881	contig_1	4776176	4776511	-	GEGEGB_04881	1	cloud	2	0	0
GEGEGB_04882	contig_1	4776559	4777206	+	LNHIMF_04648	1	persistent	2	0	1
GEGEGB_04883	contig_1	4777203	4778072	-	LNHIMF_04649	1	persistent	2	0	0
GEGEGB_04884	contig_1	4778172	4778279	+	LNHIMF_04650	1	persistent	2	0	0
GEGEGB_04885	contig_1	4778269	4778757	+	GEGEGB_04885	1	persistent	2	0	0
GEGEGB_04886	contig_1	4778770	4779459	+	LNHIMF_04652	1	persistent	2	0	0
GEGEGB_04887	contig_1	4779459	4780883	+	BEJGEH_04692	1	persistent	2	0	0
GEGEGB_04888	contig_1	4780941	4782290	+	GEGEGB_04888	1	persistent	2	0	1
GEGEGB_04890	contig_1	4782968	4783432	-	GEGEGB_04890	1	cloud	2	0	0
GEGEGB_04891	contig_1	4783473	4784030	-	LNHIMF_04656	1	persistent	2	0	1
GEGEGB_04892	contig_1	4784048	4786138	-	LNHIMF_04657	1	persistent	2	0	0
GEGEGB_04893	contig_1	4786630	4787313	-	LNHIMF_04658	1	persistent	2	0	0
GEGEGB_04894	contig_1	4787384	4787929	-	LNHIMF_04659	1	persistent	2	0	0
GEGEGB_04895	contig_1	4788268	4788939	-	GEGEGB_04895	1	persistent	2	0	1
GEGEGB_04896	contig_1	4789138	4789632	-	GEGEGB_04896	1	cloud	2	0	0
GEGEGB_04897	contig_1	4789899	4790615	-	GEGEGB_04897	1	persistent	2	0	1
GEGEGB_04898	contig_1	4791251	4791937	+	LNHIMF_04663	1	persistent	2	0	0
