gene	contig	start	stop	strand	family	nb_copy_in_genome	partition	persistent_neighbors	shell_neighbors	cloud_neighbors
PKJKAM_00001	contig_1	249	617	+	PKJKAM_00001	1	cloud	0	0	0
PKJKAM_00002	contig_2	256	774	+	PKJKAM_00002	1	cloud	0	0	0
PKJKAM_00004	contig_4	29	424	+	LNHIMF_01224	1	persistent	4	0	0
PKJKAM_00005	contig_4	496	720	-	LNHIMF_01223	1	persistent	2	0	0
PKJKAM_00009	contig_7	460	855	-	PKJKAM_00009	1	cloud	0	0	0
PKJKAM_00015	contig_11	526	879	+	BEJGEH_01963	1	shell	0	2	0
PKJKAM_00016	contig_11	813	1214	-	LNHIMF_00819	4	shell	12	3	3
PKJKAM_00017	contig_12	343	780	-	LNHIMF_04228	2	persistent	3	0	0
PKJKAM_00018	contig_13	916	1089	-	GEGEGB_01830	1	persistent	2	0	0
PKJKAM_00021	contig_16	159	629	+	LNHIMF_01155	2	persistent	3	0	0
PKJKAM_00022	contig_16	876	1220	-	LNHIMF_01135	2	persistent	3	0	0
PKJKAM_00023	contig_16	1222	1485	-	BEJGEH_01005	2	persistent	2	0	0
PKJKAM_00025	contig_18	255	779	-	GEGEGB_03161	2	persistent	2	1	1
PKJKAM_00026	contig_18	1198	1452	+	IKCLMC_04303	2	cloud	2	0	1
PKJKAM_00027	contig_19	131	676	-	GEGEGB_03668	1	persistent	1	1	0
PKJKAM_00028	contig_19	678	1061	-	GEGEGB_03669	1	shell	1	1	0
PKJKAM_00029	contig_19	1291	2022	-	GEGEGB_03670	2	shell	2	2	0
PKJKAM_00030	contig_20	62	814	-	PKJKAM_00030	1	cloud	0	0	1
PKJKAM_00032	contig_20	1048	1686	+	GEGEGB_04614	2	cloud	0	0	3
PKJKAM_00033	contig_20	1713	1934	+	GEGEGB_04614	2	cloud	0	0	3
PKJKAM_00034	contig_20	2515	2943	-	GEGEGB_04617	1	cloud	2	0	3
PKJKAM_00035	contig_21	149	583	-	PKJKAM_00035	1	cloud	0	1	0
PKJKAM_00036	contig_21	951	1271	+	GEGEGB_02026	1	shell	0	1	10
PKJKAM_00037	contig_21	1362	2339	+	GEGEGB_02025	1	shell	0	2	0
PKJKAM_00038	contig_21	2342	3091	+	GEGEGB_02024	1	shell	0	2	0
PKJKAM_00040	contig_22	705	1412	-	GEGEGB_03190	1	persistent	1	1	4
PKJKAM_00041	contig_22	1837	3972	+	LNHIMF_03159	1	persistent	2	0	2
PKJKAM_00042	contig_22	4034	4300	-	GEGEGB_03187	1	persistent	3	0	1
PKJKAM_00043	contig_23	662	1108	-	PKJKAM_00043	2	cloud	0	0	3
PKJKAM_00044	contig_23	1280	3139	+	PKJKAM_00044	1	cloud	0	0	2
PKJKAM_00045	contig_23	3683	4702	+	LNHIMF_04787	1	cloud	0	0	3
PKJKAM_00046	contig_23	4963	5127	-	PKJKAM_00043	2	cloud	0	0	3
PKJKAM_00047	contig_24	65	613	+	GEGEGB_03907	3	persistent	3	0	0
PKJKAM_00048	contig_24	613	1269	+	GEGEGB_00658	3	persistent	2	0	0
PKJKAM_00049	contig_24	1312	2058	+	GEGEGB_00659	3	persistent	2	0	0
PKJKAM_00050	contig_24	2055	2267	+	AJBGEP_02420	3	persistent	2	0	0
PKJKAM_00051	contig_24	2264	2743	+	HFCAGB_02510	3	persistent	2	0	0
PKJKAM_00052	contig_24	2740	4671	+	GEGEGB_00662	3	persistent	2	0	0
PKJKAM_00053	contig_24	4668	5225	+	GEGEGB_00663	3	persistent	2	0	1
PKJKAM_00054	contig_25	924	1199	+	PKJKAM_00054	1	cloud	1	0	0
PKJKAM_00055	contig_25	1192	2130	-	GEGEGB_00694	1	persistent	2	0	1
PKJKAM_00056	contig_25	2130	3260	-	GEGEGB_00693	1	persistent	2	0	0
PKJKAM_00058	contig_25	3629	4810	+	GEGEGB_00692	1	persistent	2	0	0
PKJKAM_00059	contig_25	4875	5540	-	BEJGEH_02246	1	persistent	2	0	0
PKJKAM_00060	contig_25	6052	6306	-	GEGEGB_00690	1	persistent	2	0	0
PKJKAM_00061	contig_26	205	411	+	PKJKAM_00061	1	cloud	1	0	0
PKJKAM_00062	contig_26	573	2333	+	GEGEGB_01963	1	persistent	2	0	1
PKJKAM_00063	contig_26	2402	2920	+	GEGEGB_01964	1	persistent	2	0	0
PKJKAM_00064	contig_26	3443	4006	-	GEGEGB_01965	1	persistent	2	0	0
PKJKAM_00065	contig_26	4003	5643	-	GEGEGB_01966	1	persistent	2	0	0
PKJKAM_00066	contig_26	5648	6901	-	GEGEGB_01967	1	persistent	2	0	0
PKJKAM_00067	contig_26	6916	8823	-	GEGEGB_01968	1	persistent	2	0	0
PKJKAM_00068	contig_26	8836	10944	-	LNHIMF_01095	1	persistent	2	0	0
PKJKAM_00069	contig_26	11043	12152	+	LNHIMF_01094	1	persistent	2	0	0
PKJKAM_00070	contig_26	12149	12691	-	GEGEGB_01971	1	persistent	2	0	0
PKJKAM_00071	contig_27	58	477	+	GEGEGB_01376	1	persistent	2	0	0
PKJKAM_00072	contig_27	474	1499	-	GEGEGB_01377	1	persistent	2	0	0
PKJKAM_00074	contig_27	1795	1884	+	GEGEGB_01379	1	persistent	2	0	0
PKJKAM_00075	contig_27	1967	2548	-	GEGEGB_01380	1	persistent	2	0	0
PKJKAM_00076	contig_27	2675	3496	-	GEGEGB_01381	1	persistent	2	0	0
PKJKAM_00077	contig_27	3831	4178	+	GEGEGB_01382	1	persistent	2	0	0
PKJKAM_00078	contig_27	4256	4903	-	GEGEGB_01383	1	persistent	2	0	0
PKJKAM_00079	contig_27	5004	5411	-	GEGEGB_01384	1	persistent	2	0	0
PKJKAM_00080	contig_27	5480	6577	-	GEGEGB_01385	1	persistent	3	0	0
PKJKAM_00082	contig_27	7330	7569	+	LNHIMF_01491	1	persistent	3	0	0
PKJKAM_00083	contig_27	7620	8516	+	GEGEGB_01387	1	persistent	3	0	0
PKJKAM_00084	contig_27	8596	9117	+	GEGEGB_01388	1	persistent	2	0	0
PKJKAM_00085	contig_27	9093	11132	-	LNHIMF_01494	1	persistent	2	0	0
PKJKAM_00086	contig_27	11132	11992	-	GEGEGB_01390	1	persistent	2	0	0
PKJKAM_00087	contig_27	11995	12231	-	GEGEGB_01391	1	persistent	2	0	0
PKJKAM_00088	contig_27	12432	12866	+	GEGEGB_01392	1	persistent	2	0	0
PKJKAM_00089	contig_27	12914	13381	-	GEGEGB_01393	1	persistent	2	0	0
PKJKAM_00090	contig_28	48	554	+	GEGEGB_04304	1	shell	0	2	0
PKJKAM_00091	contig_28	567	977	+	GEGEGB_04305	1	shell	0	2	0
PKJKAM_00092	contig_28	977	1168	+	GEGEGB_04306	1	shell	0	2	0
PKJKAM_00093	contig_28	1168	1422	+	GEGEGB_04307	1	shell	0	2	0
PKJKAM_00094	contig_28	1586	1957	+	GEGEGB_04308	1	shell	0	2	0
PKJKAM_00095	contig_28	1968	2282	+	GEGEGB_04309	1	shell	0	2	0
PKJKAM_00096	contig_28	2297	2836	+	GEGEGB_04310	1	shell	0	2	0
PKJKAM_00097	contig_28	2851	3156	+	GEGEGB_04311	1	shell	0	2	0
PKJKAM_00098	contig_28	3190	3582	+	GEGEGB_04312	1	shell	0	2	0
PKJKAM_00099	contig_28	3595	4128	+	GEGEGB_04313	1	shell	0	2	0
PKJKAM_00100	contig_28	4138	4491	+	GEGEGB_04314	1	shell	0	2	1
PKJKAM_00101	contig_28	4506	5009	+	GEGEGB_04315	1	shell	0	2	0
PKJKAM_00102	contig_28	5013	5192	+	GEGEGB_04316	1	shell	0	2	0
PKJKAM_00103	contig_28	5196	5630	+	GEGEGB_04317	1	shell	0	2	0
PKJKAM_00104	contig_28	5638	6969	+	LNHIMF_03473	1	shell	0	2	0
PKJKAM_00105	contig_28	7001	7117	+	GEGEGB_04319	1	shell	0	2	0
PKJKAM_00106	contig_28	7264	7620	+	LNHIMF_03471	1	shell	0	3	0
PKJKAM_00107	contig_28	7610	7990	-	LNHIMF_03470	1	shell	0	2	0
PKJKAM_00108	contig_28	8060	8680	+	LNHIMF_03469	1	shell	1	2	0
PKJKAM_00109	contig_28	8706	9695	+	GEGEGB_04323	1	persistent	1	1	0
PKJKAM_00110	contig_28	9736	10119	+	GEGEGB_04324	1	persistent	2	0	0
PKJKAM_00111	contig_28	10227	10595	+	LNHIMF_03466	1	persistent	2	0	0
PKJKAM_00112	contig_28	10606	11031	+	LNHIMF_03465	1	persistent	2	0	0
PKJKAM_00113	contig_28	11089	11358	+	GEGEGB_04327	1	persistent	2	0	0
PKJKAM_00114	contig_28	11294	11707	-	GEGEGB_04328	1	persistent	2	0	0
PKJKAM_00115	contig_28	11848	13224	-	GEGEGB_04329	1	persistent	2	0	0
PKJKAM_00116	contig_28	13246	14535	-	LNHIMF_03461	1	persistent	2	0	0
PKJKAM_00117	contig_28	14587	15534	-	GEGEGB_04331	1	persistent	2	0	0
PKJKAM_00118	contig_28	15550	16059	-	GEGEGB_04332	1	persistent	2	0	0
PKJKAM_00119	contig_28	16191	17315	+	LNHIMF_03458	1	persistent	2	0	0
PKJKAM_00120	contig_28	17287	17760	+	GEGEGB_04334	1	persistent	2	0	0
PKJKAM_00121	contig_28	17787	18329	+	LNHIMF_03456	1	persistent	2	0	0
PKJKAM_00122	contig_28	18334	18906	+	LNHIMF_03455	1	persistent	2	0	0
PKJKAM_00123	contig_28	18908	19729	+	LNHIMF_03454	1	persistent	2	0	0
PKJKAM_00124	contig_28	19726	19983	+	LNHIMF_03453	1	persistent	2	0	0
PKJKAM_00125	contig_28	19959	20513	-	GEGEGB_04339	1	persistent	3	0	0
PKJKAM_00126	contig_29	51	4031	+	GEGEGB_02049	1	persistent	2	0	0
PKJKAM_00127	contig_29	4376	6226	+	LNHIMF_01084	1	persistent	2	0	0
PKJKAM_00128	contig_29	6486	7034	+	GEGEGB_02047	1	persistent	2	0	0
PKJKAM_00129	contig_29	7062	7709	+	LNHIMF_01086	1	persistent	2	0	0
PKJKAM_00130	contig_29	7771	8961	-	GEGEGB_02045	1	persistent	2	0	0
PKJKAM_00131	contig_29	9146	10237	-	GEGEGB_02044	1	persistent	2	0	1
PKJKAM_00132	contig_29	10844	12244	-	GEGEGB_02043	1	persistent	3	0	1
PKJKAM_00133	contig_29	12445	12906	-	GEGEGB_02042	1	persistent	2	0	0
PKJKAM_00134	contig_29	13223	14437	+	BEJGEH_00959	1	persistent	2	0	0
PKJKAM_00135	contig_29	14683	16116	+	AJBGEP_00996	1	persistent	2	0	0
PKJKAM_00136	contig_29	16197	16532	-	LNHIMF_01090	2	persistent	3	1	0
PKJKAM_00137	contig_29	16504	17397	-	LNHIMF_01090	2	persistent	3	1	0
PKJKAM_00138	contig_29	17592	18884	-	HFCAGB_01050	1	shell	1	1	0
PKJKAM_00139	contig_29	18929	19177	-	GEGEGB_02036	1	shell	0	2	0
PKJKAM_00140	contig_29	19218	19457	-	GEGEGB_02035	1	shell	0	2	3
PKJKAM_00141	contig_29	19500	20609	-	LNHIMF_02203	1	shell	0	1	3
PKJKAM_00142	contig_29	20620	23820	-	ALJMDI_01306	1	cloud	0	1	3
PKJKAM_00143	contig_30	45	308	+	GEGEGB_00242	1	persistent	2	0	0
PKJKAM_00144	contig_30	414	869	+	GEGEGB_00243	1	persistent	2	0	0
PKJKAM_00145	contig_30	873	1661	+	LNHIMF_00238	1	persistent	2	0	0
PKJKAM_00146	contig_30	1661	2809	+	GEGEGB_00245	1	persistent	2	0	0
PKJKAM_00147	contig_30	2806	3402	+	GEGEGB_00246	1	persistent	2	0	0
PKJKAM_00148	contig_30	3426	6908	+	GEGEGB_00247	1	persistent	2	0	0
PKJKAM_00149	contig_30	6921	7880	+	GEGEGB_00248	1	persistent	2	1	0
PKJKAM_00150	contig_30	8061	9824	+	BEJGEH_00257	1	persistent	2	1	0
PKJKAM_00151	contig_30	9900	12041	+	LNHIMF_00245	1	persistent	2	0	0
PKJKAM_00152	contig_30	12097	12486	+	GEGEGB_00254	1	persistent	2	0	0
PKJKAM_00153	contig_30	12549	13841	+	GEGEGB_00255	1	persistent	2	0	0
PKJKAM_00154	contig_30	13925	14185	-	GEGEGB_00256	1	persistent	2	0	0
PKJKAM_00155	contig_30	14172	14372	-	GEGEGB_00257	1	persistent	2	0	0
PKJKAM_00156	contig_30	14570	15115	+	GEGEGB_00258	1	persistent	2	0	0
PKJKAM_00157	contig_30	15112	15534	+	GEGEGB_00259	1	persistent	2	0	0
PKJKAM_00158	contig_30	15566	16285	+	GEGEGB_00260	1	persistent	2	2	0
PKJKAM_00159	contig_30	16266	16949	-	LNHIMF_00818	3	shell	12	5	5
PKJKAM_00160	contig_30	17120	17521	-	LNHIMF_00819	4	shell	12	3	3
PKJKAM_00161	contig_30	17656	19374	-	GEGEGB_00264	1	persistent	2	1	1
PKJKAM_00162	contig_30	19485	20192	-	LNHIMF_00254	1	persistent	2	0	0
PKJKAM_00163	contig_30	20189	20593	-	GEGEGB_00266	1	persistent	2	0	0
PKJKAM_00164	contig_30	20712	21527	-	LNHIMF_00256	1	persistent	2	0	0
PKJKAM_00165	contig_30	21566	22219	-	LNHIMF_00257	1	persistent	2	0	0
PKJKAM_00166	contig_30	22212	23243	-	LNHIMF_00258	1	persistent	2	0	0
PKJKAM_00167	contig_30	23433	23999	+	GEGEGB_00270	1	persistent	3	0	0
PKJKAM_00168	contig_31	24	647	+	LNHIMF_01531	1	persistent	2	0	2
PKJKAM_00169	contig_31	946	2328	+	GEGEGB_01423	1	persistent	2	0	2
PKJKAM_00170	contig_31	2390	2725	-	GEGEGB_01422	1	persistent	2	0	0
PKJKAM_00171	contig_31	2852	3583	+	LNHIMF_01528	1	persistent	2	0	0
PKJKAM_00172	contig_31	4063	5226	+	LNHIMF_01527	1	persistent	2	0	0
PKJKAM_00173	contig_31	5385	7085	+	LNHIMF_01526	1	persistent	2	0	0
PKJKAM_00174	contig_31	7196	8497	+	LNHIMF_01525	1	persistent	2	0	1
PKJKAM_00175	contig_31	8573	9502	+	LNHIMF_01524	1	persistent	2	0	1
PKJKAM_00176	contig_31	9499	10902	-	LNHIMF_01523	1	persistent	2	0	0
PKJKAM_00177	contig_31	11070	12716	-	GEGEGB_01415	2	persistent	4	0	0
PKJKAM_00178	contig_31	12916	14091	+	GEGEGB_01414	1	persistent	2	0	0
PKJKAM_00179	contig_31	14194	15702	+	GEGEGB_01413	1	persistent	2	0	2
PKJKAM_00180	contig_31	16408	17409	+	GEGEGB_01411	1	persistent	2	0	2
PKJKAM_00181	contig_31	17484	18524	-	GEGEGB_01410	1	persistent	2	0	0
PKJKAM_00182	contig_31	19158	19373	+	GEGEGB_01409	1	persistent	2	0	0
PKJKAM_00183	contig_31	19462	19902	+	GEGEGB_01408	1	persistent	2	0	0
PKJKAM_00184	contig_31	19979	20560	+	GEGEGB_01407	1	persistent	2	0	0
PKJKAM_00185	contig_31	20560	21138	+	GEGEGB_01406	1	persistent	2	0	0
PKJKAM_00186	contig_31	21131	23338	+	BEJGEH_01628	1	persistent	2	0	0
PKJKAM_00187	contig_31	23339	24397	+	GEGEGB_01404	1	persistent	2	0	0
PKJKAM_00188	contig_31	24401	25021	+	GEGEGB_01403	1	persistent	2	0	0
PKJKAM_00189	contig_31	25024	25716	+	GEGEGB_01402	1	persistent	2	0	0
PKJKAM_00190	contig_31	25716	26351	+	LNHIMF_01506	1	persistent	2	0	0
PKJKAM_00191	contig_31	26953	28458	+	BEJGEH_01633	1	persistent	2	0	0
PKJKAM_00192	contig_31	28563	29168	+	LNHIMF_01504	1	persistent	2	0	0
PKJKAM_00193	contig_31	29227	30087	-	LNHIMF_01503	1	persistent	2	0	0
PKJKAM_00194	contig_31	30147	31421	-	GEGEGB_01397	1	persistent	2	0	0
PKJKAM_00195	contig_31	31548	32204	-	GEGEGB_01396	1	persistent	2	0	0
PKJKAM_00196	contig_31	32263	32625	-	LNHIMF_01500	1	persistent	2	0	0
PKJKAM_00197	contig_31	32680	33312	-	GEGEGB_01394	1	persistent	2	0	0
PKJKAM_00201	contig_32	3326	4915	+	BEJGEH_04235	1	persistent	3	0	0
PKJKAM_00202	contig_32	4931	6220	+	GEGEGB_03642	1	persistent	2	0	0
PKJKAM_00203	contig_32	6217	7542	-	LNHIMF_04220	1	persistent	2	0	0
PKJKAM_00204	contig_32	7548	9134	-	BEJGEH_04232	1	persistent	2	0	0
PKJKAM_00205	contig_32	9199	9654	+	GEGEGB_03645	1	persistent	2	0	0
PKJKAM_00206	contig_32	9696	10388	-	GEGEGB_03646	1	persistent	2	0	0
PKJKAM_00207	contig_32	10400	10672	-	GEGEGB_03647	1	persistent	2	0	0
PKJKAM_00208	contig_32	10859	11449	-	GEGEGB_03648	1	persistent	2	0	0
PKJKAM_00209	contig_32	11491	12162	-	GEGEGB_03649	1	persistent	2	0	0
PKJKAM_00210	contig_32	12172	13236	-	GEGEGB_03650	1	persistent	2	0	0
PKJKAM_00211	contig_32	13277	14050	-	LNHIMF_04212	1	persistent	2	0	0
PKJKAM_00212	contig_32	14143	14631	+	LNHIMF_04211	1	persistent	2	0	0
PKJKAM_00213	contig_32	14995	16890	+	LNHIMF_04210	1	persistent	2	0	0
PKJKAM_00214	contig_32	16890	17525	+	LNHIMF_04209	1	persistent	2	0	0
PKJKAM_00215	contig_32	17518	18276	+	LNHIMF_04208	1	persistent	3	0	0
PKJKAM_00216	contig_32	18257	18457	+	ODDLKH_00019	1	persistent	2	0	0
PKJKAM_00217	contig_32	18459	19229	+	LNHIMF_04206	1	persistent	3	0	0
PKJKAM_00218	contig_32	19226	20359	+	LNHIMF_04205	1	persistent	1	2	2
PKJKAM_00219	contig_32	20580	21590	-	BEJGEH_04217	1	shell	1	2	1
PKJKAM_00220	contig_32	21898	22332	+	ONMMKP_02631	1	cloud	2	1	1
PKJKAM_00221	contig_32	22334	22615	-	LNHIMF_04203	1	persistent	1	2	1
PKJKAM_00222	contig_32	22702	26925	-	GEGEGB_03661	1	persistent	2	1	1
PKJKAM_00223	contig_32	27002	31030	-	GEGEGB_03662	1	persistent	2	0	0
PKJKAM_00225	contig_32	31348	31713	-	GEGEGB_03664	1	persistent	2	0	0
PKJKAM_00226	contig_32	31780	32277	-	GEGEGB_03665	1	persistent	2	0	0
PKJKAM_00227	contig_32	32697	33401	-	GEGEGB_03666	1	persistent	2	0	0
PKJKAM_00228	contig_33	446	3058	-	LNHIMF_01091	1	persistent	2	1	2
PKJKAM_00229	contig_33	3485	3691	+	GEGEGB_01974	1	cloud	1	0	2
PKJKAM_00230	contig_33	4686	4967	+	PKJKAM_00230	1	cloud	1	1	1
PKJKAM_00231	contig_33	5447	6169	+	GEGEGB_04549	1	shell	1	1	5
PKJKAM_00232	contig_33	6365	6940	-	AJBGEP_02770	1	shell	0	9	5
PKJKAM_00233	contig_33	6940	9378	-	AJBGEP_02772	2	shell	0	8	0
PKJKAM_00235	contig_33	9432	9674	-	LNHIMF_00690	1	shell	0	3	1
PKJKAM_00236	contig_33	9713	13075	-	LNHIMF_00689	1	shell	0	2	0
PKJKAM_00237	contig_33	13138	13644	-	AJBGEP_01301	1	shell	0	2	2
PKJKAM_00238	contig_33	13683	14420	-	ODDLKH_01699	1	shell	0	2	0
PKJKAM_00239	contig_33	14427	15125	-	AJBGEP_01299	1	shell	0	2	1
PKJKAM_00240	contig_33	15135	15464	-	LNHIMF_00685	1	shell	0	2	0
PKJKAM_00241	contig_33	15467	18562	-	LNHIMF_00684	1	shell	0	4	0
PKJKAM_00242	contig_33	18534	18848	-	LNHIMF_00683	1	shell	0	2	0
PKJKAM_00243	contig_33	18869	19264	-	LNHIMF_00682	1	shell	0	2	0
PKJKAM_00244	contig_33	19315	20058	-	LNHIMF_00681	1	shell	0	2	0
PKJKAM_00245	contig_33	20069	20470	-	LNHIMF_00680	1	shell	0	3	2
PKJKAM_00246	contig_33	20467	21045	-	AJBGEP_01291	1	shell	0	3	1
PKJKAM_00247	contig_33	21032	21409	-	AJBGEP_01290	1	shell	0	2	0
PKJKAM_00248	contig_33	21420	21785	-	ODDLKH_01689	1	shell	0	2	1
PKJKAM_00249	contig_33	21843	22871	-	AJBGEP_01287	1	shell	0	2	1
PKJKAM_00250	contig_33	22926	23273	-	AJBGEP_01286	1	shell	0	2	0
PKJKAM_00251	contig_33	23286	24782	-	AJBGEP_01285	1	shell	0	2	0
PKJKAM_00252	contig_33	24772	26391	-	AJBGEP_01284	1	shell	0	2	0
PKJKAM_00253	contig_33	26349	26552	-	AJBGEP_01283	1	shell	0	2	0
PKJKAM_00254	contig_33	26536	28467	-	AJBGEP_01282	1	shell	0	2	0
PKJKAM_00255	contig_33	28439	28984	-	AJBGEP_01281	1	shell	0	2	0
PKJKAM_00256	contig_33	29270	29671	+	AJBGEP_01280	1	shell	0	2	2
PKJKAM_00257	contig_33	29928	30431	-	LNHIMF_04299	1	cloud	0	2	3
PKJKAM_00258	contig_33	30760	31230	-	ODDLKH_01680	1	shell	0	2	2
PKJKAM_00259	contig_33	31227	31679	-	HFCAGB_01373	1	shell	0	2	1
PKJKAM_00260	contig_33	31663	31998	-	HFCAGB_01372	1	shell	0	2	0
PKJKAM_00261	contig_33	32481	32954	+	AJBGEP_01023	1	shell	0	3	4
PKJKAM_00262	contig_33	32961	33098	-	HFCAGB_01370	1	shell	0	2	0
PKJKAM_00263	contig_33	33315	33764	+	GEGEGB_02010	1	shell	0	2	2
PKJKAM_00264	contig_33	33900	34025	-	GEGEGB_02011	1	shell	0	3	1
PKJKAM_00266	contig_33	34220	34909	-	AJBGEP_02810	1	shell	0	2	3
PKJKAM_00267	contig_33	34906	35046	-	LNHIMF_02186	1	shell	0	2	2
PKJKAM_00268	contig_33	35043	35654	-	GEGEGB_02013	1	shell	0	3	0
PKJKAM_00269	contig_33	35657	35863	-	GEGEGB_02014	1	shell	0	2	1
PKJKAM_00270	contig_33	35863	36465	-	GEGEGB_02015	1	shell	0	2	2
PKJKAM_00271	contig_33	36881	37114	-	PKJKAM_00271	1	cloud	0	1	1
PKJKAM_00272	contig_33	37706	38302	+	PKJKAM_00272	1	cloud	0	0	2
PKJKAM_00273	contig_33	38314	39291	+	PKJKAM_00273	1	cloud	0	0	2
PKJKAM_00274	contig_33	39346	39606	-	PKJKAM_00274	1	cloud	0	0	2
PKJKAM_00275	contig_33	39603	40247	-	PKJKAM_00275	1	cloud	0	0	2
PKJKAM_00276	contig_33	40251	40484	-	LNHIMF_04275	1	cloud	0	0	3
PKJKAM_00277	contig_34	61	387	+	PKJKAM_00277	1	cloud	1	0	0
PKJKAM_00278	contig_34	1089	2174	-	GEGEGB_03186	1	persistent	2	0	1
PKJKAM_00279	contig_34	2287	2562	-	GEGEGB_03185	1	persistent	2	0	0
PKJKAM_00280	contig_34	2590	3642	-	LNHIMF_03155	1	persistent	2	0	0
PKJKAM_00281	contig_34	3797	4516	+	LNHIMF_03154	1	persistent	2	0	0
PKJKAM_00282	contig_34	4516	4842	+	GEGEGB_03182	1	persistent	2	0	0
PKJKAM_00283	contig_34	4892	5611	+	GEGEGB_03181	1	persistent	2	1	0
PKJKAM_00284	contig_34	5800	6846	+	GEGEGB_03178	1	persistent	2	1	0
PKJKAM_00285	contig_34	6979	7986	+	GEGEGB_03177	1	persistent	2	0	0
PKJKAM_00286	contig_34	8078	9214	-	GEGEGB_03176	1	persistent	2	0	0
PKJKAM_00287	contig_34	9207	9800	-	LNHIMF_03148	1	persistent	2	0	0
PKJKAM_00288	contig_34	9808	10098	-	GEGEGB_03174	1	persistent	2	0	0
PKJKAM_00289	contig_34	10095	10661	-	GEGEGB_03173	1	persistent	2	0	0
PKJKAM_00290	contig_34	10680	11384	-	GEGEGB_03172	1	persistent	2	0	0
PKJKAM_00291	contig_34	11402	12382	+	LNHIMF_03144	1	persistent	2	0	0
PKJKAM_00292	contig_34	12514	13200	+	LNHIMF_03143	1	persistent	2	0	0
PKJKAM_00293	contig_34	13247	13663	-	GEGEGB_03169	1	persistent	2	0	0
PKJKAM_00294	contig_34	13663	14226	-	GEGEGB_03168	1	persistent	2	0	0
PKJKAM_00295	contig_34	14442	15389	-	LNHIMF_03140	1	persistent	2	0	0
PKJKAM_00296	contig_34	15409	16140	-	GEGEGB_03166	1	persistent	2	0	0
PKJKAM_00297	contig_34	16217	16924	-	LNHIMF_03138	1	persistent	2	0	0
PKJKAM_00298	contig_34	17020	17475	-	GEGEGB_03164	1	persistent	2	0	0
PKJKAM_00299	contig_34	17596	18990	-	GEGEGB_03163	1	persistent	2	0	0
PKJKAM_00300	contig_34	19483	20637	-	GEGEGB_03162	1	persistent	2	0	0
PKJKAM_00301	contig_34	21427	23403	+	GEGEGB_03161	2	persistent	2	1	1
PKJKAM_00302	contig_34	23547	24278	+	BEJGEH_03102	1	shell	1	1	0
PKJKAM_00303	contig_34	24483	25232	+	BEJGEH_03101	1	shell	0	2	0
PKJKAM_00304	contig_34	26465	27937	+	BEJGEH_03100	1	shell	0	2	0
PKJKAM_00305	contig_34	27940	28956	+	BEJGEH_03099	1	shell	0	2	0
PKJKAM_00306	contig_34	28970	29977	+	BEJGEH_03098	1	shell	0	2	0
PKJKAM_00307	contig_34	30016	30510	+	BEJGEH_03097	1	shell	0	2	1
PKJKAM_00308	contig_34	30769	31659	+	AJBGEP_03256	1	shell	1	1	0
PKJKAM_00309	contig_34	31864	32784	+	GEGEGB_03160	1	persistent	2	1	1
PKJKAM_00310	contig_34	32885	33643	-	GEGEGB_03159	1	persistent	2	0	0
PKJKAM_00311	contig_34	33919	35910	+	GEGEGB_03158	1	persistent	2	1	1
PKJKAM_00312	contig_34	35953	36609	-	LNHIMF_03124	1	persistent	2	1	1
PKJKAM_00313	contig_34	36603	37280	-	LNHIMF_03123	1	persistent	2	0	0
PKJKAM_00314	contig_34	37268	37975	-	LNHIMF_03122	1	persistent	2	0	0
PKJKAM_00315	contig_34	37976	38554	-	GEGEGB_03152	1	persistent	2	0	0
PKJKAM_00316	contig_34	38580	39005	-	GEGEGB_03151	1	persistent	2	0	0
PKJKAM_00317	contig_34	39379	40425	+	GEGEGB_03150	1	persistent	2	0	0
PKJKAM_00318	contig_34	40447	41610	+	GEGEGB_03149	1	persistent	2	0	0
PKJKAM_00319	contig_34	41712	42791	+	GEGEGB_03148	1	persistent	2	0	1
PKJKAM_00320	contig_34	43024	43884	+	GEGEGB_03144	1	persistent	2	1	0
PKJKAM_00321	contig_34	44085	44720	+	LNHIMF_03115	1	persistent	2	0	0
PKJKAM_00322	contig_34	44814	45560	+	GEGEGB_03142	1	persistent	2	0	0
PKJKAM_00323	contig_34	45826	46719	-	GEGEGB_03141	1	persistent	2	0	0
PKJKAM_00324	contig_34	46873	47532	+	GEGEGB_03140	1	persistent	2	0	0
PKJKAM_00325	contig_34	47799	49031	+	GEGEGB_03139	1	persistent	2	0	0
PKJKAM_00327	contig_34	49412	49960	-	BEJGEH_03077	1	persistent	2	0	0
PKJKAM_00329	contig_34	50254	50583	-	GEGEGB_03135	1	persistent	2	0	0
PKJKAM_00330	contig_34	50750	51328	+	LNHIMF_03106	1	persistent	2	0	0
PKJKAM_00331	contig_34	51354	52670	+	GEGEGB_03133	1	persistent	2	0	1
PKJKAM_00332	contig_34	52667	53845	+	GEGEGB_03132	1	persistent	2	0	1
PKJKAM_00333	contig_35	87	440	+	LNHIMF_00832	1	persistent	2	0	0
PKJKAM_00334	contig_35	538	1941	+	GEGEGB_02304	1	persistent	2	0	0
PKJKAM_00335	contig_35	1928	3067	+	BEJGEH_00703	1	persistent	2	0	0
PKJKAM_00336	contig_35	3118	4422	+	GEGEGB_02306	1	persistent	2	0	0
PKJKAM_00337	contig_35	4471	4803	-	GEGEGB_02307	1	persistent	2	0	0
PKJKAM_00338	contig_35	4853	6259	-	GEGEGB_02308	1	persistent	2	0	0
PKJKAM_00339	contig_35	6920	8587	-	ALJMDI_00783	1	persistent	2	0	0
PKJKAM_00340	contig_35	8798	10750	-	LNHIMF_00825	1	persistent	2	0	0
PKJKAM_00341	contig_35	11077	11877	+	GEGEGB_02311	1	persistent	2	0	0
PKJKAM_00342	contig_35	11877	13091	+	LNHIMF_00823	1	persistent	2	0	0
PKJKAM_00343	contig_35	13096	14316	+	GEGEGB_02313	1	persistent	2	0	0
PKJKAM_00344	contig_35	14363	15115	+	GEGEGB_02314	1	persistent	2	0	1
PKJKAM_00345	contig_35	15405	17069	+	GEGEGB_02315	1	persistent	2	2	0
PKJKAM_00352	contig_35	18014	19189	-	GEGEGB_02322	1	persistent	2	2	0
PKJKAM_00353	contig_35	19333	20757	+	GEGEGB_02323	1	persistent	2	0	0
PKJKAM_00354	contig_35	20962	22008	+	GEGEGB_02324	1	persistent	2	0	0
PKJKAM_00355	contig_35	22005	22478	+	GEGEGB_02325	1	persistent	2	0	0
PKJKAM_00356	contig_35	22636	23514	+	GEGEGB_02326	1	persistent	2	0	0
PKJKAM_00357	contig_35	23483	25072	+	LNHIMF_00805	1	persistent	2	0	0
PKJKAM_00358	contig_35	25427	26335	+	LNHIMF_00804	1	persistent	2	0	0
PKJKAM_00360	contig_35	26495	27235	+	GEGEGB_02330	1	persistent	2	0	0
PKJKAM_00361	contig_35	27235	27909	+	GEGEGB_02331	1	persistent	2	0	0
PKJKAM_00362	contig_35	27909	28634	+	GEGEGB_02332	1	persistent	2	0	0
PKJKAM_00363	contig_35	28751	29686	+	GEGEGB_02333	1	persistent	3	0	0
PKJKAM_00364	contig_35	29718	30956	+	BEJGEH_00670	1	persistent	2	1	0
PKJKAM_00365	contig_35	31032	32711	+	BEJGEH_00669	1	shell	2	1	0
PKJKAM_00366	contig_35	32733	34205	-	AJBGEP_00682	1	shell	0	2	0
PKJKAM_00367	contig_35	34202	34897	-	BEJGEH_00667	1	shell	0	2	0
PKJKAM_00368	contig_35	34909	36342	-	HFCAGB_00750	1	shell	0	2	0
PKJKAM_00369	contig_35	36339	37046	-	HFCAGB_00749	1	shell	0	2	1
PKJKAM_00370	contig_35	37171	38166	+	HFCAGB_00748	1	shell	1	1	0
PKJKAM_00371	contig_35	38205	38678	-	GEGEGB_02335	1	persistent	3	1	1
PKJKAM_00372	contig_35	38771	40699	-	LNHIMF_00797	1	persistent	2	0	0
PKJKAM_00373	contig_35	40767	41720	-	LNHIMF_00796	1	persistent	2	0	0
PKJKAM_00374	contig_35	41770	43020	-	BEJGEH_00660	1	persistent	2	0	0
PKJKAM_00375	contig_35	42959	43249	-	GEGEGB_02339	1	persistent	2	0	0
PKJKAM_00376	contig_35	43537	46119	+	LNHIMF_00793	1	persistent	2	0	0
PKJKAM_00377	contig_35	46134	46724	+	GEGEGB_02341	1	persistent	2	0	0
PKJKAM_00378	contig_35	46724	47755	+	GEGEGB_02342	1	persistent	2	0	0
PKJKAM_00379	contig_35	47748	48398	+	LNHIMF_00790	1	persistent	2	0	0
PKJKAM_00380	contig_35	48373	49467	-	LNHIMF_00789	1	persistent	2	0	0
PKJKAM_00381	contig_35	49564	50172	+	GEGEGB_02345	1	persistent	2	0	0
PKJKAM_00382	contig_35	50501	50818	+	GEGEGB_02346	1	persistent	2	0	0
PKJKAM_00383	contig_35	50822	51289	+	GEGEGB_02347	1	persistent	2	0	0
PKJKAM_00384	contig_35	51320	52714	+	LNHIMF_00785	2	persistent	2	0	0
PKJKAM_00385	contig_35	52826	53218	+	LNHIMF_00785	2	persistent	2	0	0
PKJKAM_00386	contig_35	53221	54333	+	GEGEGB_02349	1	persistent	2	0	0
PKJKAM_00387	contig_35	54344	55477	+	AJBGEP_00662	1	persistent	2	0	0
PKJKAM_00388	contig_35	55617	56828	+	LNHIMF_00782	1	persistent	2	0	0
PKJKAM_00389	contig_35	56936	57199	+	GEGEGB_02352	1	persistent	2	0	0
PKJKAM_00390	contig_35	57299	57940	+	GEGEGB_02353	1	persistent	2	0	0
PKJKAM_00391	contig_35	58242	59195	+	GEGEGB_02354	1	persistent	2	0	0
PKJKAM_00392	contig_36	469	921	-	GEGEGB_02302	1	persistent	2	0	1
PKJKAM_00393	contig_36	1203	1733	-	LNHIMF_00835	1	persistent	2	0	1
PKJKAM_00394	contig_36	1884	2177	-	GEGEGB_02300	1	persistent	2	0	0
PKJKAM_00395	contig_36	2311	3081	-	LNHIMF_00837	1	persistent	2	0	0
PKJKAM_00396	contig_36	3266	3808	+	GEGEGB_02298	1	persistent	2	0	0
PKJKAM_00397	contig_36	3833	5473	+	GEGEGB_02297	1	persistent	2	0	0
PKJKAM_00398	contig_36	5588	6073	-	GEGEGB_02296	1	persistent	2	0	0
PKJKAM_00399	contig_36	6138	7457	-	GEGEGB_02295	1	persistent	2	0	0
PKJKAM_00400	contig_36	7454	9652	-	LNHIMF_00842	1	persistent	3	0	2
PKJKAM_00401	contig_36	10032	10136	-	LNHIMF_00843	1	persistent	2	0	0
PKJKAM_00402	contig_36	10414	11091	-	LNHIMF_00844	1	persistent	3	0	1
PKJKAM_00403	contig_36	11088	13772	-	LNHIMF_00845	1	persistent	2	0	0
PKJKAM_00404	contig_36	13769	14353	-	LNHIMF_00846	1	persistent	2	0	0
PKJKAM_00405	contig_36	14362	16410	-	GEGEGB_02287	1	persistent	2	0	0
PKJKAM_00406	contig_36	16431	18110	-	GEGEGB_02286	1	persistent	2	0	0
PKJKAM_00407	contig_36	18536	18742	+	GEGEGB_02285	1	persistent	2	0	0
PKJKAM_00408	contig_36	18853	20274	+	LNHIMF_00850	1	persistent	2	0	0
PKJKAM_00409	contig_36	20313	21794	-	GEGEGB_02283	1	persistent	2	0	0
PKJKAM_00410	contig_36	22123	22866	+	GEGEGB_02282	1	persistent	2	0	0
PKJKAM_00411	contig_36	22882	23538	+	GEGEGB_02281	1	persistent	2	0	0
PKJKAM_00412	contig_36	23532	24464	+	LNHIMF_00854	1	persistent	2	0	0
PKJKAM_00413	contig_36	24454	25188	+	GEGEGB_02279	1	persistent	2	1	0
PKJKAM_00414	contig_36	25310	26101	+	BEJGEH_00728	1	persistent	2	1	0
PKJKAM_00415	contig_36	26156	27202	-	GEGEGB_02263	1	persistent	2	0	0
PKJKAM_00416	contig_36	27339	28622	-	LNHIMF_00870	1	persistent	2	1	0
PKJKAM_00417	contig_36	28723	28968	+	BEJGEH_00731	1	shell	2	0	0
PKJKAM_00418	contig_36	29362	29766	+	GEGEGB_02261	1	persistent	2	1	0
PKJKAM_00419	contig_36	29760	30107	+	GEGEGB_02260	1	persistent	2	0	0
PKJKAM_00420	contig_36	30107	31873	+	LNHIMF_00873	1	persistent	2	0	0
PKJKAM_00421	contig_36	31890	32606	+	LNHIMF_00874	1	persistent	2	0	0
PKJKAM_00422	contig_36	33132	35933	+	GEGEGB_02257	1	persistent	2	0	0
PKJKAM_00423	contig_36	35948	37156	+	GEGEGB_02256	1	persistent	2	0	0
PKJKAM_00424	contig_36	37298	38464	+	GEGEGB_02255	1	persistent	2	0	0
PKJKAM_00425	contig_36	38464	39333	+	LNHIMF_00878	1	persistent	2	0	0
PKJKAM_00426	contig_36	39362	39487	+	LNHIMF_00879	1	persistent	2	0	0
PKJKAM_00427	contig_36	40916	42484	+	LNHIMF_00880	1	persistent	2	0	0
PKJKAM_00428	contig_36	42500	43639	+	GEGEGB_02251	1	persistent	2	0	0
PKJKAM_00429	contig_36	43654	43767	+	GEGEGB_02250	1	persistent	2	0	0
PKJKAM_00430	contig_36	43767	44060	+	LNHIMF_00883	1	persistent	2	0	0
PKJKAM_00431	contig_36	44289	44693	+	LNHIMF_00884	1	persistent	2	0	0
PKJKAM_00432	contig_36	44690	45382	+	GEGEGB_02247	1	persistent	2	0	0
PKJKAM_00433	contig_36	45386	45814	+	GEGEGB_02246	1	persistent	2	0	1
PKJKAM_00434	contig_36	45879	47057	+	ODDLKH_01241	1	persistent	2	0	1
PKJKAM_00435	contig_36	47181	48473	+	LNHIMF_00889	1	persistent	2	0	1
PKJKAM_00436	contig_36	48508	49032	+	GEGEGB_02243	1	persistent	2	0	0
PKJKAM_00437	contig_36	49042	49830	+	GEGEGB_02242	1	persistent	2	0	0
PKJKAM_00443	contig_36	51140	52183	+	LNHIMF_00897	1	persistent	2	0	0
PKJKAM_00444	contig_36	52208	52927	+	LNHIMF_00898	1	persistent	2	0	0
PKJKAM_00445	contig_36	52924	53862	-	LNHIMF_00899	1	persistent	2	0	0
PKJKAM_00446	contig_36	53973	54359	-	GEGEGB_02235	1	persistent	2	0	0
PKJKAM_00447	contig_36	54679	55731	+	GEGEGB_02234	1	persistent	2	1	0
PKJKAM_00448	contig_36	55825	56370	-	BEJGEH_00762	1	shell	1	1	0
PKJKAM_00449	contig_36	56385	57230	-	BEJGEH_00763	1	shell	0	2	0
PKJKAM_00450	contig_36	57360	58250	+	BEJGEH_00764	1	shell	0	2	0
PKJKAM_00451	contig_36	58251	59177	-	BEJGEH_00765	1	shell	0	2	0
PKJKAM_00452	contig_36	59457	60725	+	BEJGEH_00766	1	shell	1	1	0
PKJKAM_00453	contig_36	60775	61020	+	AJBGEP_03535	3	persistent	3	1	0
PKJKAM_00454	contig_36	61036	62805	+	GEGEGB_00060	3	persistent	2	0	1
PKJKAM_00455	contig_36	63444	64082	-	PKJKAM_00455	1	cloud	1	0	0
PKJKAM_00456	contig_37	3	878	+	GEGEGB_01240	1	persistent	2	0	2
PKJKAM_00457	contig_37	1212	2096	+	LNHIMF_01338	1	persistent	2	0	0
PKJKAM_00458	contig_37	2195	3043	-	GEGEGB_01237	1	persistent	2	0	0
PKJKAM_00459	contig_37	3150	4346	-	LNHIMF_01336	1	persistent	2	0	0
PKJKAM_00460	contig_37	4636	5382	-	GEGEGB_01235	1	persistent	2	0	0
PKJKAM_00461	contig_37	5808	7742	+	LNHIMF_01334	1	persistent	2	0	0
PKJKAM_00462	contig_37	7865	9151	+	PAPNPA_01180	1	persistent	2	0	3
PKJKAM_00463	contig_37	9792	11285	+	LNHIMF_01331	1	persistent	2	0	3
PKJKAM_00464	contig_37	11326	11853	+	GEGEGB_01230	1	persistent	2	0	0
PKJKAM_00465	contig_37	11850	11957	-	BEJGEH_01808	1	persistent	2	0	0
PKJKAM_00466	contig_37	12163	12609	+	GEGEGB_01228	1	persistent	2	0	0
PKJKAM_00467	contig_37	12589	13383	-	LNHIMF_01327	1	persistent	2	0	0
PKJKAM_00468	contig_37	13484	14668	+	LNHIMF_01326	1	persistent	2	0	0
PKJKAM_00469	contig_37	14787	15134	+	GEGEGB_01225	1	persistent	2	0	0
PKJKAM_00470	contig_37	15120	15431	-	GEGEGB_01224	1	persistent	2	0	0
PKJKAM_00471	contig_37	15500	15751	-	GEGEGB_01223	1	persistent	2	1	0
PKJKAM_00472	contig_37	16184	16432	-	GEGEGB_01220	1	persistent	2	1	0
PKJKAM_00474	contig_37	16746	17387	-	LNHIMF_01320	1	persistent	2	0	0
PKJKAM_00475	contig_37	17617	17799	-	GEGEGB_01217	1	persistent	2	0	0
PKJKAM_00476	contig_37	17802	18164	-	GEGEGB_01216	1	persistent	2	0	0
PKJKAM_00477	contig_37	18337	18975	-	GEGEGB_01215	1	persistent	2	0	0
PKJKAM_00478	contig_37	19172	19717	-	LNHIMF_01316	1	persistent	2	0	0
PKJKAM_00479	contig_37	20034	20282	+	LNHIMF_01315	1	persistent	2	0	0
PKJKAM_00480	contig_37	20537	21385	-	LNHIMF_01314	1	persistent	2	0	0
PKJKAM_00481	contig_37	21454	22047	-	GEGEGB_01211	1	persistent	2	0	0
PKJKAM_00482	contig_37	22192	22980	-	LNHIMF_01312	1	persistent	2	0	0
PKJKAM_00483	contig_37	23088	23738	-	GEGEGB_01209	1	persistent	2	0	0
PKJKAM_00486	contig_37	23932	24258	-	GEGEGB_01206	1	persistent	2	0	0
PKJKAM_00487	contig_37	24452	25585	+	GEGEGB_01205	1	persistent	2	0	0
PKJKAM_00488	contig_37	25667	26257	-	HFCAGB_02036	1	persistent	2	0	0
PKJKAM_00489	contig_37	26251	27048	-	GEGEGB_01203	1	persistent	2	0	0
PKJKAM_00490	contig_37	27042	27854	-	GEGEGB_01202	1	persistent	2	0	0
PKJKAM_00491	contig_37	27844	28818	-	GEGEGB_01201	1	persistent	2	0	0
PKJKAM_00492	contig_37	28818	30404	-	LNHIMF_01302	1	persistent	2	0	0
PKJKAM_00493	contig_37	31134	31448	+	GEGEGB_01199	1	persistent	2	0	0
PKJKAM_00494	contig_37	31597	32127	+	GEGEGB_01198	1	persistent	2	0	0
PKJKAM_00495	contig_37	32209	33252	-	LNHIMF_01299	1	persistent	2	0	0
PKJKAM_00496	contig_37	33591	34058	-	GEGEGB_01196	1	persistent	2	0	0
PKJKAM_00497	contig_37	34377	34550	+	GEGEGB_01195	1	persistent	2	0	0
PKJKAM_00498	contig_37	35185	35529	+	LNHIMF_01296	1	persistent	2	0	0
PKJKAM_00501	contig_37	36751	37308	-	BEJGEH_01844	1	persistent	2	0	1
PKJKAM_00503	contig_37	38120	38383	+	HFCAGB_02052	1	persistent	2	0	2
PKJKAM_00504	contig_37	39143	39664	+	GEGEGB_01187	1	persistent	2	0	1
PKJKAM_00505	contig_37	39855	40094	+	LNHIMF_01289	1	persistent	1	1	2
PKJKAM_00507	contig_37	40584	41372	+	AJBGEP_01316	1	shell	1	1	0
PKJKAM_00508	contig_37	41694	41900	+	AJBGEP_01315	1	shell	1	1	1
PKJKAM_00509	contig_37	42358	43482	-	GEGEGB_01180	1	persistent	1	2	3
PKJKAM_00511	contig_37	43930	45180	-	GEGEGB_01781	1	persistent	2	1	1
PKJKAM_00512	contig_37	45280	46017	+	LNHIMF_01279	1	persistent	2	0	0
PKJKAM_00513	contig_37	46014	46343	+	GEGEGB_01783	1	persistent	2	0	0
PKJKAM_00514	contig_37	46355	46816	+	GEGEGB_01784	1	persistent	2	0	0
PKJKAM_00515	contig_37	46870	47976	+	GEGEGB_01785	1	persistent	2	0	0
PKJKAM_00516	contig_37	48063	48704	+	LNHIMF_01275	1	persistent	2	0	0
PKJKAM_00517	contig_37	48708	50078	+	BEJGEH_01862	1	persistent	2	0	0
PKJKAM_00518	contig_37	50202	50876	+	LNHIMF_01273	1	persistent	2	0	0
PKJKAM_00519	contig_37	50876	52339	+	GEGEGB_01789	1	persistent	2	0	0
PKJKAM_00520	contig_37	52420	53541	+	LNHIMF_01271	1	persistent	3	0	0
PKJKAM_00521	contig_37	53581	54915	-	HFCAGB_02070	1	persistent	2	1	0
PKJKAM_00522	contig_37	54919	56148	-	LNHIMF_01269	1	persistent	3	1	0
PKJKAM_00523	contig_37	56399	57535	+	LNHIMF_01268	1	persistent	2	0	0
PKJKAM_00524	contig_37	57519	58382	+	GEGEGB_01794	1	persistent	2	0	0
PKJKAM_00525	contig_37	58711	59721	+	LNHIMF_01266	1	persistent	2	0	0
PKJKAM_00526	contig_37	60037	60816	+	GEGEGB_01796	1	persistent	2	0	0
PKJKAM_00527	contig_37	60841	61887	+	GEGEGB_01797	1	persistent	2	0	0
PKJKAM_00528	contig_37	61969	62790	-	GEGEGB_01798	1	persistent	2	0	0
PKJKAM_00529	contig_37	62809	63720	-	GEGEGB_01799	1	persistent	2	0	0
PKJKAM_00530	contig_37	63749	64993	-	GEGEGB_01800	1	persistent	2	0	0
PKJKAM_00531	contig_37	64993	65694	-	GEGEGB_01801	1	persistent	2	0	0
PKJKAM_00532	contig_37	65687	66886	-	GEGEGB_01802	1	persistent	2	0	0
PKJKAM_00533	contig_37	67224	70670	+	BEJGEH_01878	1	persistent	2	0	0
PKJKAM_00534	contig_37	70818	71783	+	LNHIMF_01257	1	persistent	2	0	0
PKJKAM_00535	contig_37	71880	72137	-	GEGEGB_01805	1	persistent	2	0	0
PKJKAM_00536	contig_37	72379	73014	+	LNHIMF_01255	1	persistent	2	0	0
PKJKAM_00537	contig_37	73088	73627	-	GEGEGB_01807	1	persistent	2	0	1
PKJKAM_00538	contig_37	73806	75110	-	GEGEGB_01809	1	persistent	2	0	1
PKJKAM_00539	contig_37	75364	75906	-	GEGEGB_01810	1	persistent	2	0	0
PKJKAM_00540	contig_37	75931	76956	-	GEGEGB_01811	1	persistent	2	0	0
PKJKAM_00541	contig_37	76967	77791	-	GEGEGB_01812	1	persistent	2	0	0
PKJKAM_00542	contig_37	77772	78410	-	LNHIMF_01249	1	persistent	2	0	0
PKJKAM_00543	contig_37	78424	78798	-	GEGEGB_01814	1	persistent	2	0	0
PKJKAM_00544	contig_37	78801	79178	-	GEGEGB_01815	1	persistent	2	0	0
PKJKAM_00545	contig_37	79502	81676	+	BEJGEH_01890	1	persistent	2	0	0
PKJKAM_00546	contig_37	81762	83195	-	GEGEGB_01818	1	persistent	2	0	0
PKJKAM_00547	contig_37	83490	84287	-	GEGEGB_01819	1	persistent	2	0	0
PKJKAM_00548	contig_37	84298	85302	-	GEGEGB_01820	1	persistent	2	0	0
PKJKAM_00549	contig_37	85299	85940	-	GEGEGB_01821	1	persistent	2	0	0
PKJKAM_00550	contig_37	85930	86952	-	BEJGEH_01895	1	persistent	2	0	0
PKJKAM_00551	contig_37	86955	87764	-	GEGEGB_01823	1	persistent	2	0	1
PKJKAM_00552	contig_37	87888	89129	-	LNHIMF_01233	1	persistent	2	0	1
PKJKAM_00553	contig_37	89215	89451	-	GEGEGB_01825	1	persistent	2	0	0
PKJKAM_00554	contig_37	89607	90341	-	GEGEGB_01826	1	persistent	2	0	0
PKJKAM_00555	contig_37	90354	91283	-	GEGEGB_01827	1	persistent	2	0	0
PKJKAM_00556	contig_37	91299	92252	-	LNHIMF_01229	1	persistent	2	0	0
PKJKAM_00557	contig_38	651	1694	-	LNHIMF_01221	1	persistent	3	0	0
PKJKAM_00558	contig_38	2182	5385	+	ONMMKP_00953	1	persistent	2	1	1
PKJKAM_00559	contig_38	5642	6595	-	LNHIMF_01219	1	persistent	2	1	0
PKJKAM_00560	contig_38	6610	8271	-	GEGEGB_01839	1	persistent	2	0	0
PKJKAM_00561	contig_38	8336	9286	-	GEGEGB_01840	1	persistent	2	0	0
PKJKAM_00562	contig_38	9286	10383	-	GEGEGB_01841	1	persistent	2	0	0
PKJKAM_00563	contig_38	10395	11060	-	GEGEGB_01842	1	persistent	2	0	0
PKJKAM_00564	contig_38	11148	11930	-	GEGEGB_01843	1	persistent	2	0	0
PKJKAM_00565	contig_38	11944	12699	-	LNHIMF_01213	1	persistent	2	0	0
PKJKAM_00566	contig_38	12720	13931	-	GEGEGB_01845	1	persistent	2	0	0
PKJKAM_00567	contig_38	13958	14656	-	GEGEGB_01846	1	persistent	2	0	0
PKJKAM_00568	contig_38	14668	15072	-	GEGEGB_01847	1	persistent	2	0	0
PKJKAM_00569	contig_38	15076	15492	-	LNHIMF_01209	1	persistent	2	0	0
PKJKAM_00570	contig_38	15649	16308	+	GEGEGB_01849	1	persistent	2	0	0
PKJKAM_00571	contig_38	16400	16693	+	LNHIMF_01207	1	persistent	2	0	0
PKJKAM_00572	contig_38	16698	17120	+	GEGEGB_01851	1	persistent	2	0	0
PKJKAM_00573	contig_38	17202	18776	-	LNHIMF_01205	1	persistent	2	0	0
PKJKAM_00574	contig_38	19041	19964	-	LNHIMF_01204	1	persistent	2	0	0
PKJKAM_00575	contig_38	19966	20613	-	GEGEGB_01854	1	persistent	2	0	0
PKJKAM_00576	contig_38	20649	21233	-	LNHIMF_01202	1	persistent	2	0	0
PKJKAM_00577	contig_38	21470	22678	+	LNHIMF_01201	1	persistent	2	0	0
PKJKAM_00578	contig_38	22742	23389	+	GEGEGB_01857	1	persistent	2	0	0
PKJKAM_00579	contig_38	23514	24074	+	LNHIMF_01199	1	persistent	2	0	0
PKJKAM_00580	contig_38	24178	25224	+	LNHIMF_01198	1	persistent	2	0	0
PKJKAM_00581	contig_38	25298	25543	+	LNHIMF_01197	1	persistent	2	0	0
PKJKAM_00582	contig_38	25833	26087	+	LNHIMF_01196	1	persistent	2	0	0
PKJKAM_00583	contig_38	26200	27318	+	LNHIMF_01195	1	persistent	2	0	0
PKJKAM_00584	contig_38	27359	27472	+	GEGEGB_01863	1	persistent	2	0	0
PKJKAM_00585	contig_38	27735	28307	+	BEJGEH_01936	1	persistent	2	0	0
PKJKAM_00586	contig_38	28304	28879	+	GEGEGB_01865	1	persistent	2	0	0
PKJKAM_00587	contig_38	28931	29983	-	LNHIMF_01191	1	persistent	2	0	0
PKJKAM_00588	contig_38	30203	31123	+	LNHIMF_01190	1	persistent	2	0	0
PKJKAM_00589	contig_38	31278	32492	+	GEGEGB_01868	1	persistent	2	0	0
PKJKAM_00590	contig_38	32574	32948	+	GEGEGB_01869	1	persistent	2	0	0
PKJKAM_00591	contig_38	32949	33176	-	GEGEGB_01870	1	persistent	2	0	0
PKJKAM_00592	contig_38	33250	35793	-	LNHIMF_01186	1	persistent	2	0	0
PKJKAM_00593	contig_38	35786	37339	-	GEGEGB_01872	1	persistent	2	0	0
PKJKAM_00594	contig_38	37593	38747	+	GEGEGB_01873	1	persistent	2	0	0
PKJKAM_00595	contig_38	38764	40248	-	GEGEGB_01874	1	persistent	2	0	0
PKJKAM_00596	contig_38	40187	40726	-	GEGEGB_01875	1	persistent	2	0	0
PKJKAM_00597	contig_38	40814	41134	-	GEGEGB_01876	1	persistent	2	0	0
PKJKAM_00598	contig_38	41265	41591	-	BEJGEH_01949	1	persistent	2	0	0
PKJKAM_00599	contig_38	41653	42108	-	GEGEGB_01878	1	persistent	2	0	0
PKJKAM_00600	contig_38	42150	42605	-	LNHIMF_01178	1	persistent	2	0	0
PKJKAM_00602	contig_38	43360	44010	+	LNHIMF_01176	1	persistent	2	0	0
PKJKAM_00603	contig_38	44015	44410	+	GEGEGB_01882	1	persistent	2	0	0
PKJKAM_00604	contig_38	44437	44853	+	GEGEGB_01883	1	persistent	2	0	0
PKJKAM_00605	contig_38	44880	45713	+	GEGEGB_01884	1	persistent	2	0	0
PKJKAM_00606	contig_38	45752	46246	-	GEGEGB_01885	1	persistent	2	0	0
PKJKAM_00607	contig_38	46335	46889	-	GEGEGB_01886	1	persistent	2	0	0
PKJKAM_00608	contig_38	46913	47650	-	GEGEGB_01887	1	persistent	2	0	0
PKJKAM_00609	contig_38	47735	47860	-	LNHIMF_01169	2	persistent	2	1	1
PKJKAM_00610	contig_38	47857	48672	-	LNHIMF_01169	2	persistent	2	1	1
PKJKAM_00612	contig_38	49332	50435	-	GEGEGB_01890	1	persistent	2	0	1
PKJKAM_00613	contig_38	50449	51729	-	LNHIMF_01166	1	persistent	2	0	0
PKJKAM_00614	contig_38	52012	52704	-	LNHIMF_01165	1	persistent	2	0	0
PKJKAM_00615	contig_38	52750	53892	-	GEGEGB_01893	1	persistent	2	0	0
PKJKAM_00616	contig_38	54410	55090	+	GEGEGB_01894	1	persistent	2	0	1
PKJKAM_00617	contig_38	55104	55292	+	PKJKAM_00617	1	cloud	2	0	0
PKJKAM_00618	contig_38	55419	56915	+	HFCAGB_01177	1	persistent	2	0	1
PKJKAM_00620	contig_38	57201	58082	+	GEGEGB_01898	1	persistent	2	0	0
PKJKAM_00621	contig_38	58187	58975	-	GEGEGB_01899	1	persistent	2	0	2
PKJKAM_00623	contig_38	58954	59250	-	LNHIMF_01157	1	persistent	2	0	0
PKJKAM_00624	contig_38	59868	61376	-	GEGEGB_01902	1	persistent	2	0	1
PKJKAM_00625	contig_38	61798	65760	+	LNHIMF_01155	2	persistent	3	0	0
PKJKAM_00626	contig_38	65819	66214	+	GEGEGB_01904	1	persistent	2	0	0
PKJKAM_00627	contig_38	66211	66849	-	LNHIMF_01153	1	persistent	2	0	0
PKJKAM_00628	contig_38	66986	67153	-	GEGEGB_01513	3	persistent	6	0	0
PKJKAM_00629	contig_38	67538	68134	+	LNHIMF_01151	1	persistent	2	0	0
PKJKAM_00630	contig_38	68155	68382	+	GEGEGB_01908	1	persistent	2	0	0
PKJKAM_00631	contig_38	68416	69657	-	LNHIMF_01149	1	persistent	2	0	0
PKJKAM_00632	contig_38	69790	70296	-	LNHIMF_01148	1	persistent	2	0	0
PKJKAM_00633	contig_38	70286	70909	-	LNHIMF_01147	1	persistent	2	0	0
PKJKAM_00634	contig_38	70906	71448	-	LNHIMF_01146	2	persistent	2	0	0
PKJKAM_00635	contig_38	71445	72791	-	LNHIMF_01146	2	persistent	2	0	0
PKJKAM_00636	contig_38	72840	73202	-	LNHIMF_01145	1	persistent	2	0	0
PKJKAM_00637	contig_38	73438	74358	+	GEGEGB_01914	1	persistent	2	0	0
PKJKAM_00638	contig_38	74358	74663	+	GEGEGB_01915	1	persistent	3	0	0
PKJKAM_00639	contig_38	75317	75679	+	LNHIMF_01142	1	persistent	2	0	0
PKJKAM_00640	contig_38	76087	77025	-	GEGEGB_01916	1	persistent	3	0	0
PKJKAM_00641	contig_38	77039	77935	-	LNHIMF_01140	1	persistent	2	0	0
PKJKAM_00642	contig_38	77945	79321	-	LNHIMF_01139	1	persistent	2	0	0
PKJKAM_00643	contig_38	79393	80184	-	GEGEGB_01919	1	persistent	2	0	0
PKJKAM_00644	contig_38	80195	80998	-	GEGEGB_01920	1	persistent	2	0	0
PKJKAM_00645	contig_38	81142	81522	-	GEGEGB_01921	1	persistent	2	0	0
PKJKAM_00646	contig_38	81532	82383	-	LNHIMF_01135	2	persistent	3	0	0
PKJKAM_00647	contig_38	82385	83851	-	BEJGEH_01005	2	persistent	2	0	0
PKJKAM_00648	contig_38	83848	85137	-	GEGEGB_01925	1	persistent	2	0	0
PKJKAM_00649	contig_38	85412	85852	+	GEGEGB_01926	1	persistent	2	0	0
PKJKAM_00650	contig_38	86070	87632	+	LNHIMF_01131	1	persistent	2	0	0
PKJKAM_00651	contig_38	87650	88162	+	LNHIMF_01130	1	persistent	2	0	0
PKJKAM_00652	contig_38	88495	88905	-	LNHIMF_01129	1	persistent	2	0	0
PKJKAM_00653	contig_38	88984	89721	+	LNHIMF_01128	1	persistent	2	0	0
PKJKAM_00654	contig_38	89714	91078	+	BEJGEH_00998	1	persistent	2	0	0
PKJKAM_00655	contig_38	91158	92720	+	HFCAGB_01141	1	persistent	3	0	0
PKJKAM_00656	contig_38	92829	92939	+	LNHIMF_01125	1	persistent	2	0	0
PKJKAM_00657	contig_38	93442	95127	+	LNHIMF_01124	1	persistent	3	0	0
PKJKAM_00658	contig_38	95144	95485	+	GEGEGB_01934	1	persistent	2	0	0
PKJKAM_00660	contig_38	96033	96908	+	LNHIMF_01121	1	persistent	2	0	1
PKJKAM_00661	contig_38	97130	97810	+	BEJGEH_00991	1	persistent	2	1	1
PKJKAM_00663	contig_38	98431	99090	+	GEGEGB_01941	1	persistent	2	1	2
PKJKAM_00664	contig_38	99177	99506	+	GEGEGB_01942	1	persistent	2	0	0
PKJKAM_00665	contig_38	99503	99784	-	GEGEGB_01943	1	persistent	2	0	0
PKJKAM_00666	contig_38	99833	100621	-	LNHIMF_01115	1	persistent	2	1	2
PKJKAM_00667	contig_38	100638	101186	-	BEJGEH_00985	1	persistent	2	0	0
PKJKAM_00668	contig_38	101401	102612	+	LNHIMF_01113	1	persistent	2	0	1
PKJKAM_00669	contig_38	102670	102987	+	GEGEGB_01951	1	persistent	2	0	0
PKJKAM_00670	contig_38	103032	103445	-	GEGEGB_01952	1	persistent	2	0	0
PKJKAM_00671	contig_38	103619	104281	+	GEGEGB_01953	1	persistent	2	0	0
PKJKAM_00672	contig_38	104376	104834	+	GEGEGB_01954	1	persistent	2	0	0
PKJKAM_00673	contig_38	104870	106924	-	BEJGEH_00979	1	persistent	2	0	0
PKJKAM_00674	contig_38	107048	107494	+	GEGEGB_01956	1	persistent	2	0	0
PKJKAM_00675	contig_38	107513	109666	+	GEGEGB_01957	1	persistent	2	0	0
PKJKAM_00676	contig_38	109653	110258	-	LNHIMF_01105	1	persistent	2	0	1
PKJKAM_00677	contig_38	110314	110472	+	ONMMKP_01069	1	cloud	2	0	0
PKJKAM_00678	contig_38	110475	110984	+	GEGEGB_01960	1	persistent	2	0	2
PKJKAM_00679	contig_38	111575	111934	-	PKJKAM_00679	1	cloud	1	0	0
PKJKAM_00680	contig_39	336	821	-	GEGEGB_00241	1	persistent	2	0	0
PKJKAM_00681	contig_39	944	3358	-	GEGEGB_00240	1	persistent	2	0	0
PKJKAM_00682	contig_39	3390	4742	-	GEGEGB_00239	1	persistent	2	0	0
PKJKAM_00683	contig_39	4754	5611	-	GEGEGB_00238	1	persistent	2	0	0
PKJKAM_00684	contig_39	5624	6313	-	BEJGEH_00245	1	persistent	2	0	0
PKJKAM_00685	contig_39	6695	7891	-	LNHIMF_00230	1	persistent	2	0	0
PKJKAM_00686	contig_39	8032	8589	-	GEGEGB_00235	1	persistent	2	0	0
PKJKAM_00687	contig_39	8736	9461	-	GEGEGB_00234	1	persistent	2	0	0
PKJKAM_00688	contig_39	9606	10529	-	GEGEGB_00233	1	persistent	2	0	0
PKJKAM_00690	contig_39	10715	11440	-	GEGEGB_00231	1	persistent	2	0	0
PKJKAM_00692	contig_39	11891	12685	+	GEGEGB_00229	1	persistent	2	0	1
PKJKAM_00693	contig_39	12923	15595	+	GEGEGB_00228	1	persistent	2	0	0
PKJKAM_00694	contig_39	15625	16449	+	LNHIMF_00221	1	persistent	2	0	0
PKJKAM_00695	contig_39	16486	17787	-	BEJGEH_00234	1	persistent	2	0	1
PKJKAM_00696	contig_39	18034	18420	+	GEGEGB_00224	1	persistent	2	0	2
PKJKAM_00697	contig_39	18509	19666	-	GEGEGB_00223	1	persistent	2	0	1
PKJKAM_00698	contig_39	19819	21246	-	LNHIMF_00216	1	persistent	2	0	0
PKJKAM_00699	contig_39	21376	22893	-	GEGEGB_00221	1	persistent	2	0	0
PKJKAM_00700	contig_39	22978	23676	+	GEGEGB_00220	1	persistent	2	0	0
PKJKAM_00701	contig_39	23669	24469	+	LNHIMF_00213	1	persistent	2	0	0
PKJKAM_00702	contig_39	24506	25129	+	GEGEGB_00218	1	persistent	2	0	1
PKJKAM_00703	contig_39	25230	25574	-	GEGEGB_00217	1	persistent	2	0	1
PKJKAM_00704	contig_39	25656	27077	-	LNHIMF_00210	1	persistent	2	0	0
PKJKAM_00705	contig_39	27247	28527	+	GEGEGB_00215	1	persistent	2	1	1
PKJKAM_00706	contig_39	28626	29468	-	HFCAGB_00212	1	shell	1	1	0
PKJKAM_00707	contig_39	29465	29995	-	HFCAGB_00211	1	shell	0	2	1
PKJKAM_00708	contig_39	29995	30471	-	BEJGEH_00220	1	shell	0	2	0
PKJKAM_00709	contig_39	30468	30980	-	BEJGEH_00219	1	shell	0	2	0
PKJKAM_00710	contig_39	30999	31751	-	BEJGEH_00218	1	shell	0	2	0
PKJKAM_00711	contig_39	31769	34426	-	HFCAGB_00207	1	shell	0	2	0
PKJKAM_00712	contig_39	34512	35072	-	BEJGEH_00216	1	shell	1	2	1
PKJKAM_00713	contig_39	35770	35976	-	HFCAGB_00205	1	shell	1	1	0
PKJKAM_00714	contig_39	36013	38070	-	LNHIMF_00208	1	persistent	2	2	1
PKJKAM_00715	contig_39	38067	38957	-	LNHIMF_00207	1	persistent	2	0	0
PKJKAM_00716	contig_39	38957	39754	-	GEGEGB_00212	1	persistent	2	0	1
PKJKAM_00717	contig_39	39802	41991	-	LNHIMF_00205	1	persistent	2	0	0
PKJKAM_00718	contig_39	42284	44806	-	LNHIMF_00204	1	persistent	2	0	1
PKJKAM_00719	contig_39	44947	47421	-	LNHIMF_00203	1	persistent	2	0	0
PKJKAM_00720	contig_39	47449	47979	+	GEGEGB_00207	1	persistent	2	0	0
PKJKAM_00721	contig_39	47996	48700	+	LNHIMF_00201	1	persistent	2	0	0
PKJKAM_00722	contig_39	48877	49332	+	GEGEGB_00205	1	persistent	2	0	0
PKJKAM_00723	contig_39	49356	50297	+	GEGEGB_00204	1	persistent	2	0	0
PKJKAM_00724	contig_39	50438	51856	+	LNHIMF_00198	1	persistent	2	0	0
PKJKAM_00725	contig_39	51853	52332	+	GEGEGB_00202	1	persistent	2	0	2
PKJKAM_00726	contig_39	52453	53244	+	LNHIMF_00189	1	persistent	2	0	2
PKJKAM_00727	contig_39	53370	54224	+	LNHIMF_00188	1	persistent	2	0	0
PKJKAM_00728	contig_39	54319	54699	+	GEGEGB_00192	1	persistent	2	0	1
PKJKAM_00729	contig_39	54977	55582	+	BENMGJ_01512	1	cloud	1	0	1
PKJKAM_00730	contig_39	55669	56421	+	ONMMKP_01986	1	cloud	0	0	2
PKJKAM_00731	contig_39	56489	59086	+	BENMGJ_01514	1	cloud	0	0	2
PKJKAM_00732	contig_39	59121	59693	+	BENMGJ_01515	1	cloud	0	0	2
PKJKAM_00733	contig_39	59720	60277	+	BENMGJ_01516	1	cloud	0	0	2
PKJKAM_00734	contig_39	60296	60895	+	BENMGJ_01517	1	cloud	0	0	2
PKJKAM_00735	contig_39	60907	61968	+	BENMGJ_01518	1	cloud	1	0	1
PKJKAM_00736	contig_39	61970	63199	-	BEJGEH_00199	1	persistent	2	0	1
PKJKAM_00737	contig_39	63261	63701	-	LNHIMF_00185	1	persistent	3	0	0
PKJKAM_00738	contig_39	64071	64610	+	PAPNPA_03682	1	persistent	2	0	0
PKJKAM_00739	contig_39	64658	65341	+	BEJGEH_00196	1	persistent	2	0	0
PKJKAM_00740	contig_39	65356	67914	+	LNHIMF_00182	1	persistent	2	0	0
PKJKAM_00741	contig_39	67923	69002	+	BEJGEH_00194	1	persistent	2	0	0
PKJKAM_00742	contig_39	69122	69892	-	GEGEGB_00189	1	persistent	3	0	0
PKJKAM_00743	contig_39	69889	70815	-	LNHIMF_00179	1	persistent	2	0	0
PKJKAM_00744	contig_39	70924	71586	+	LNHIMF_00178	1	persistent	2	0	0
PKJKAM_00745	contig_39	71644	72180	-	LNHIMF_00177	1	persistent	2	0	0
PKJKAM_00746	contig_39	72386	74776	+	GEGEGB_00185	1	persistent	2	0	0
PKJKAM_00747	contig_39	74854	76464	-	GEGEGB_00184	1	persistent	2	0	0
PKJKAM_00748	contig_39	76627	77013	+	GEGEGB_00183	1	persistent	2	0	0
PKJKAM_00749	contig_39	77120	77980	+	BEJGEH_00186	1	persistent	2	0	0
PKJKAM_00750	contig_39	78001	78795	+	GEGEGB_00181	1	persistent	2	0	0
PKJKAM_00751	contig_39	78825	79592	-	GEGEGB_00180	1	persistent	2	0	0
PKJKAM_00752	contig_39	79602	80585	-	LNHIMF_00170	1	persistent	2	0	0
PKJKAM_00753	contig_39	80672	81844	-	LNHIMF_00169	1	persistent	2	0	0
PKJKAM_00754	contig_39	81841	82794	-	GEGEGB_00177	1	persistent	2	0	0
PKJKAM_00755	contig_39	83029	83391	-	BEJGEH_00180	1	persistent	2	1	1
PKJKAM_00756	contig_39	83662	83985	+	BEJGEH_00179	1	shell	1	1	1
PKJKAM_00757	contig_39	84323	84424	+	PKJKAM_00757	1	cloud	0	2	0
PKJKAM_00758	contig_39	84403	84867	+	BEJGEH_00178	1	shell	1	1	2
PKJKAM_00759	contig_39	84907	87504	-	GEGEGB_00175	1	persistent	2	1	2
PKJKAM_00760	contig_39	87893	89518	+	GEGEGB_00174	1	persistent	2	0	0
PKJKAM_00761	contig_39	89531	90322	+	GEGEGB_00173	1	persistent	2	0	0
PKJKAM_00762	contig_39	90360	90644	-	GEGEGB_00172	1	persistent	2	0	0
PKJKAM_00763	contig_39	90933	92357	-	GEGEGB_00170	1	persistent	2	0	0
PKJKAM_00764	contig_39	92559	94442	-	BEJGEH_00166	1	persistent	2	0	0
PKJKAM_00765	contig_39	94457	97120	-	GEGEGB_00168	1	persistent	2	0	0
PKJKAM_00767	contig_39	97280	98044	-	GEGEGB_00166	1	persistent	2	0	0
PKJKAM_00768	contig_39	98610	99980	+	GEGEGB_00165	1	persistent	2	0	0
PKJKAM_00769	contig_39	100144	101550	+	BEJGEH_00161	1	persistent	2	0	0
PKJKAM_00770	contig_39	101550	102500	+	LNHIMF_00154	1	persistent	2	0	0
PKJKAM_00771	contig_39	102592	103446	-	LNHIMF_00153	1	persistent	2	0	0
PKJKAM_00772	contig_39	103443	104006	-	GEGEGB_00161	1	persistent	2	0	0
PKJKAM_00773	contig_39	104094	104987	+	LNHIMF_00151	1	persistent	2	0	0
PKJKAM_00774	contig_39	105209	105646	+	GEGEGB_00159	1	persistent	2	0	0
PKJKAM_00775	contig_39	105656	107041	+	LNHIMF_00149	1	persistent	2	0	0
PKJKAM_00776	contig_39	107031	108233	+	LNHIMF_00148	1	persistent	2	0	0
PKJKAM_00777	contig_39	108264	109307	-	GEGEGB_00156	1	persistent	2	0	0
PKJKAM_00778	contig_39	109533	110153	+	GEGEGB_00155	1	persistent	2	0	0
PKJKAM_00779	contig_39	110153	110896	+	GEGEGB_00154	1	persistent	2	0	0
PKJKAM_00780	contig_39	110906	111097	+	GEGEGB_00153	1	persistent	2	0	1
PKJKAM_00781	contig_39	111420	111815	-	GEGEGB_00150	1	persistent	2	0	2
PKJKAM_00783	contig_39	111971	114469	-	LNHIMF_00141	2	persistent	2	0	0
PKJKAM_00784	contig_39	114547	114675	-	LNHIMF_00141	2	persistent	2	0	0
PKJKAM_00785	contig_39	114737	115234	-	GEGEGB_00147	1	persistent	2	0	0
PKJKAM_00786	contig_39	115513	116430	-	LNHIMF_00139	1	persistent	2	0	0
PKJKAM_00787	contig_39	116531	117394	-	LNHIMF_00138	1	persistent	2	0	0
PKJKAM_00788	contig_40	74	1018	+	LNHIMF_01479	1	persistent	2	0	0
PKJKAM_00789	contig_40	1308	2456	+	GEGEGB_01374	1	persistent	2	0	0
PKJKAM_00790	contig_40	2498	3139	-	GEGEGB_01373	1	persistent	2	0	0
PKJKAM_00791	contig_40	3356	4729	+	GEGEGB_01372	1	persistent	2	0	0
PKJKAM_00794	contig_40	5202	6260	-	GEGEGB_01369	1	persistent	2	0	0
PKJKAM_00795	contig_40	6257	7036	-	GEGEGB_01368	1	persistent	2	0	0
PKJKAM_00796	contig_40	7037	7303	-	GEGEGB_01367	1	persistent	2	0	0
PKJKAM_00797	contig_40	7300	7947	-	LNHIMF_01470	1	persistent	2	0	0
PKJKAM_00798	contig_40	8015	8983	-	LNHIMF_01469	1	persistent	2	0	0
PKJKAM_00799	contig_40	8964	9338	-	GEGEGB_01364	1	persistent	2	0	0
PKJKAM_00800	contig_40	9319	9696	-	LNHIMF_01467	1	persistent	2	0	0
PKJKAM_00801	contig_40	9699	11000	-	GEGEGB_01362	1	persistent	2	0	1
PKJKAM_00802	contig_40	10990	13035	-	LNHIMF_01465	1	persistent	2	0	1
PKJKAM_00803	contig_40	13020	13388	-	LNHIMF_01464	1	persistent	2	0	0
PKJKAM_00804	contig_40	13446	14438	-	LNHIMF_01463	1	persistent	2	0	0
PKJKAM_00805	contig_40	14428	15102	-	GEGEGB_01358	1	persistent	2	0	0
PKJKAM_00806	contig_40	15099	15350	-	GEGEGB_01357	1	persistent	2	0	0
PKJKAM_00807	contig_40	15665	16414	-	BEJGEH_01677	1	persistent	2	0	0
PKJKAM_00808	contig_40	16411	16674	-	LNHIMF_01459	1	persistent	2	0	0
PKJKAM_00809	contig_40	16671	16961	-	GEGEGB_01354	1	persistent	2	0	0
PKJKAM_00810	contig_40	16939	17154	-	GEGEGB_01353	1	persistent	2	0	0
PKJKAM_00811	contig_40	17248	17937	-	LNHIMF_01456	1	persistent	2	0	0
PKJKAM_00812	contig_40	17934	18716	-	HFCAGB_01878	1	persistent	2	0	0
PKJKAM_00813	contig_40	18732	19160	-	LNHIMF_01454	1	persistent	2	0	0
PKJKAM_00814	contig_40	19218	19634	-	GEGEGB_01349	1	persistent	2	0	0
PKJKAM_00815	contig_40	19637	20224	-	GEGEGB_01348	1	persistent	2	0	0
PKJKAM_00816	contig_40	20240	21694	-	LNHIMF_01451	1	persistent	2	0	0
PKJKAM_00817	contig_40	21697	22170	-	LNHIMF_01450	1	persistent	2	0	0
PKJKAM_00818	contig_40	22167	22757	-	GEGEGB_01345	1	persistent	2	0	0
PKJKAM_00819	contig_40	22764	23087	-	GEGEGB_01344	1	persistent	2	0	0
PKJKAM_00820	contig_40	23354	23596	-	GEGEGB_01343	1	persistent	2	0	0
PKJKAM_00821	contig_40	23604	24815	-	GEGEGB_01342	1	persistent	2	0	0
PKJKAM_00822	contig_40	24796	26289	-	LNHIMF_01445	1	persistent	2	0	0
PKJKAM_00823	contig_40	26291	26674	-	GEGEGB_01340	1	persistent	2	0	0
PKJKAM_00824	contig_40	27093	29855	+	LNHIMF_01443	1	persistent	2	0	0
PKJKAM_00825	contig_40	29886	30524	+	GEGEGB_01338	1	persistent	2	0	0
PKJKAM_00826	contig_40	30703	31431	+	GEGEGB_01337	1	persistent	2	0	0
PKJKAM_00827	contig_40	31603	32562	+	GEGEGB_01336	1	persistent	2	0	0
PKJKAM_00828	contig_40	32658	32870	-	GEGEGB_01335	1	persistent	2	0	0
PKJKAM_00829	contig_40	32968	33588	-	GEGEGB_01334	1	persistent	2	0	0
PKJKAM_00830	contig_40	33563	35341	-	GEGEGB_01333	1	persistent	2	0	0
PKJKAM_00831	contig_40	35523	36257	+	GEGEGB_01332	1	persistent	2	0	0
PKJKAM_00832	contig_40	36258	37280	+	LNHIMF_01435	1	persistent	2	0	0
PKJKAM_00833	contig_40	37273	40335	+	GEGEGB_01330	1	persistent	2	0	0
PKJKAM_00834	contig_40	40658	41884	+	BEJGEH_01704	1	persistent	2	0	0
PKJKAM_00835	contig_40	41896	42633	+	LNHIMF_01432	1	persistent	2	0	1
PKJKAM_00836	contig_40	42692	43585	+	BEJGEH_01706	1	persistent	2	0	0
PKJKAM_00837	contig_40	43607	44950	+	LNHIMF_01430	1	persistent	2	0	1
PKJKAM_00838	contig_40	45352	46764	+	GEGEGB_01324	1	persistent	2	0	0
PKJKAM_00839	contig_40	47075	47311	+	GEGEGB_01322	2	persistent	3	0	2
PKJKAM_00840	contig_40	47331	47636	+	PKJKAM_00840	1	cloud	2	0	0
PKJKAM_00841	contig_40	47717	47956	+	GEGEGB_01322	2	persistent	3	0	2
PKJKAM_00842	contig_40	48023	49024	-	LNHIMF_01426	1	persistent	2	0	3
PKJKAM_00843	contig_40	49179	49595	-	GEGEGB_01319	1	persistent	2	0	1
PKJKAM_00844	contig_40	49608	50828	-	GEGEGB_01318	1	persistent	2	0	0
PKJKAM_00845	contig_40	50825	52096	-	LNHIMF_01423	1	persistent	2	0	0
PKJKAM_00846	contig_40	52071	52817	-	LNHIMF_01422	1	persistent	2	0	0
PKJKAM_00847	contig_40	52834	54321	-	LNHIMF_01421	1	persistent	2	0	0
PKJKAM_00848	contig_40	54330	54698	-	GEGEGB_01314	1	persistent	2	0	0
PKJKAM_00849	contig_40	55125	56471	+	LNHIMF_01419	1	persistent	2	0	0
PKJKAM_00851	contig_40	56759	56947	-	LNHIMF_01417	1	persistent	2	0	0
PKJKAM_00852	contig_40	57046	57456	-	GEGEGB_01310	1	persistent	2	0	0
PKJKAM_00853	contig_40	57453	60509	-	LNHIMF_01415	1	persistent	2	0	0
PKJKAM_00854	contig_40	60774	61892	+	LNHIMF_01414	1	persistent	2	0	1
PKJKAM_00856	contig_40	62350	62709	+	LNHIMF_01412	1	persistent	2	0	0
PKJKAM_00857	contig_40	62850	64061	+	HFCAGB_01923	1	persistent	2	0	0
PKJKAM_00858	contig_40	64425	65660	+	LNHIMF_01410	1	persistent	2	0	0
PKJKAM_00859	contig_40	65727	66593	+	LNHIMF_01409	1	persistent	2	0	0
PKJKAM_00860	contig_40	66638	67396	+	LNHIMF_01408	1	persistent	2	0	0
PKJKAM_00861	contig_40	67550	69145	+	LNHIMF_01407	1	persistent	2	0	0
PKJKAM_00862	contig_40	69159	70310	+	LNHIMF_01406	1	persistent	2	0	0
PKJKAM_00863	contig_40	70386	71276	-	LNHIMF_01405	1	persistent	2	0	0
PKJKAM_00864	contig_40	71739	72503	+	LNHIMF_01404	1	persistent	2	0	0
PKJKAM_00865	contig_40	72525	73460	+	BEJGEH_01734	1	persistent	2	0	0
PKJKAM_00866	contig_40	73517	74803	+	BEJGEH_01735	1	persistent	2	0	0
PKJKAM_00867	contig_40	74800	75093	+	BEJGEH_01736	1	persistent	2	0	0
PKJKAM_00868	contig_40	75183	76823	+	LNHIMF_01400	1	persistent	2	0	0
PKJKAM_00869	contig_40	76865	79243	-	GEGEGB_01305	1	persistent	2	0	1
PKJKAM_00870	contig_40	79580	80413	+	GEGEGB_01304	1	persistent	2	0	0
PKJKAM_00871	contig_40	80569	81615	+	LNHIMF_01397	1	persistent	2	0	0
PKJKAM_00872	contig_40	81772	81963	+	GEGEGB_01302	1	persistent	2	0	0
PKJKAM_00873	contig_40	81998	83440	-	GEGEGB_01301	1	persistent	2	0	0
PKJKAM_00874	contig_40	83502	84215	-	IKCLMC_04832	1	persistent	2	0	0
PKJKAM_00875	contig_40	84529	84993	-	LNHIMF_01393	1	persistent	2	0	0
PKJKAM_00876	contig_40	85070	85819	-	GEGEGB_01298	1	persistent	2	0	0
PKJKAM_00877	contig_40	85819	86370	-	GEGEGB_01297	1	persistent	2	0	0
PKJKAM_00878	contig_40	86462	87442	-	LNHIMF_01390	1	persistent	2	0	0
PKJKAM_00880	contig_40	87645	87944	-	GEGEGB_01294	1	persistent	2	0	0
PKJKAM_00881	contig_40	87949	90336	-	LNHIMF_01387	1	persistent	2	0	0
PKJKAM_00882	contig_40	90352	91335	-	GEGEGB_01292	1	persistent	2	0	0
PKJKAM_00883	contig_40	91472	91516	-	GEGEGB_01291	1	persistent	2	0	0
PKJKAM_00884	contig_40	91637	91993	-	GEGEGB_01290	1	persistent	2	0	0
PKJKAM_00885	contig_40	92044	92241	-	GEGEGB_01289	1	persistent	2	0	0
PKJKAM_00886	contig_40	92337	92771	-	GEGEGB_01288	1	persistent	2	0	0
PKJKAM_00887	contig_40	92883	94811	-	GEGEGB_01287	1	persistent	3	2	0
PKJKAM_00888	contig_40	95071	95925	-	LNHIMF_01380	1	persistent	3	1	1
PKJKAM_00889	contig_40	95988	96236	-	GEGEGB_01283	1	persistent	2	0	0
PKJKAM_00890	contig_40	96379	97338	+	GEGEGB_01282	1	persistent	3	0	0
PKJKAM_00891	contig_40	97387	98145	-	GEGEGB_01281	1	persistent	2	0	0
PKJKAM_00892	contig_40	98434	99366	+	LNHIMF_01376	1	persistent	2	0	0
PKJKAM_00893	contig_40	99463	99753	+	GEGEGB_01279	1	persistent	2	0	0
PKJKAM_00894	contig_40	99860	100720	+	GEGEGB_01278	1	persistent	2	0	0
PKJKAM_00895	contig_40	100763	101299	-	GEGEGB_01277	1	persistent	2	0	0
PKJKAM_00896	contig_40	101448	102116	+	LNHIMF_01372	1	persistent	2	0	0
PKJKAM_00897	contig_40	102254	102853	+	LNHIMF_01371	1	persistent	2	0	0
PKJKAM_00898	contig_40	102990	104381	+	LNHIMF_01370	1	persistent	2	0	0
PKJKAM_00899	contig_40	104484	104726	-	GEGEGB_01273	1	persistent	2	0	0
PKJKAM_00900	contig_40	105091	107343	+	LNHIMF_01368	1	persistent	2	1	0
PKJKAM_00901	contig_40	107387	108145	-	LNHIMF_01367	1	persistent	2	1	0
PKJKAM_00902	contig_40	108158	109513	-	LNHIMF_01366	1	persistent	2	0	0
PKJKAM_00903	contig_40	109638	110477	-	GEGEGB_01267	1	persistent	2	0	0
PKJKAM_00904	contig_40	110491	110838	-	GEGEGB_01266	1	persistent	2	0	0
PKJKAM_00905	contig_40	110889	112247	-	GEGEGB_01265	1	persistent	2	0	1
PKJKAM_00906	contig_40	112330	112650	-	GEGEGB_01264	1	persistent	2	0	0
PKJKAM_00907	contig_40	112951	113292	-	GEGEGB_01263	1	persistent	2	0	1
PKJKAM_00908	contig_40	113511	114338	+	GEGEGB_01262	1	persistent	2	0	0
PKJKAM_00909	contig_40	114459	115340	+	GEGEGB_01261	1	persistent	2	0	0
PKJKAM_00910	contig_40	115415	115900	-	LNHIMF_01358	1	persistent	2	0	0
PKJKAM_00911	contig_40	115984	116199	-	GEGEGB_01259	1	persistent	2	0	0
PKJKAM_00912	contig_40	116236	117204	-	LNHIMF_01356	1	persistent	2	0	0
PKJKAM_00913	contig_40	117197	118540	-	GEGEGB_01257	1	persistent	2	0	0
PKJKAM_00914	contig_40	118537	120015	-	HFCAGB_01981	1	persistent	2	0	0
PKJKAM_00915	contig_40	120012	121046	-	LNHIMF_01353	1	persistent	2	0	0
PKJKAM_00916	contig_40	121037	122263	-	GEGEGB_01253	1	persistent	2	0	0
PKJKAM_00917	contig_40	122637	123515	+	GEGEGB_01252	1	persistent	2	0	0
PKJKAM_00918	contig_40	123588	124004	+	LNHIMF_01350	1	persistent	2	0	0
PKJKAM_00919	contig_40	123964	124239	-	LNHIMF_01349	1	persistent	2	0	0
PKJKAM_00920	contig_40	124478	125821	+	LNHIMF_01348	1	persistent	2	0	0
PKJKAM_00921	contig_40	125851	127800	-	GEGEGB_01248	1	persistent	2	0	0
PKJKAM_00922	contig_40	127805	128848	-	LNHIMF_01346	1	persistent	2	0	0
PKJKAM_00923	contig_40	128966	129517	-	GEGEGB_01246	1	persistent	2	0	0
PKJKAM_00924	contig_40	129691	131547	+	GEGEGB_01245	1	persistent	2	0	0
PKJKAM_00925	contig_40	131571	132659	+	LNHIMF_01343	1	persistent	2	0	0
PKJKAM_00926	contig_40	132686	133342	+	LNHIMF_01342	1	persistent	2	0	1
PKJKAM_00927	contig_40	133445	134803	-	HFCAGB_01994	1	cloud	1	0	1
PKJKAM_00928	contig_40	134939	135697	-	HFCAGB_01995	1	cloud	0	0	2
PKJKAM_00929	contig_40	135827	136810	-	PKJKAM_00929	1	cloud	0	0	2
PKJKAM_00930	contig_40	136820	137767	-	HFCAGB_01997	1	cloud	0	0	2
PKJKAM_00931	contig_40	137772	138608	-	PKJKAM_00931	1	cloud	0	0	2
PKJKAM_00932	contig_40	138630	139673	-	PKJKAM_00932	1	cloud	0	0	2
PKJKAM_00933	contig_40	139684	141063	-	PKJKAM_00933	1	cloud	0	0	2
PKJKAM_00934	contig_40	141090	142166	-	HFCAGB_02001	1	cloud	1	0	2
PKJKAM_00935	contig_40	142441	142671	+	PKJKAM_00935	1	cloud	1	0	1
PKJKAM_00936	contig_40	143068	143346	-	GEGEGB_01242	1	persistent	2	0	2
PKJKAM_00937	contig_40	143388	143801	-	GEGEGB_01241	1	persistent	2	0	0
PKJKAM_00938	contig_41	287	991	-	GEGEGB_02050	1	persistent	2	0	0
PKJKAM_00939	contig_41	972	2294	-	GEGEGB_02051	1	persistent	2	0	0
PKJKAM_00940	contig_41	2287	3090	-	GEGEGB_02052	1	persistent	2	0	0
PKJKAM_00941	contig_41	3226	4002	+	GEGEGB_02053	1	persistent	2	0	0
PKJKAM_00942	contig_41	3982	4875	-	LNHIMF_01078	1	persistent	2	0	0
PKJKAM_00943	contig_41	5086	5832	-	GEGEGB_02055	1	persistent	2	0	0
PKJKAM_00944	contig_41	5829	6011	-	GEGEGB_02056	1	persistent	2	0	0
PKJKAM_00945	contig_41	6063	7295	-	HFCAGB_01031	1	persistent	2	0	0
PKJKAM_00946	contig_41	7339	8316	-	GEGEGB_02059	1	persistent	2	0	0
PKJKAM_00947	contig_41	8313	10061	-	GEGEGB_02060	1	persistent	2	0	0
PKJKAM_00948	contig_41	10098	12362	-	ALJMDI_01283	1	persistent	2	1	0
PKJKAM_00949	contig_41	12592	12876	-	GEGEGB_02062	1	persistent	2	1	0
PKJKAM_00950	contig_41	13032	14705	-	GEGEGB_02063	1	persistent	2	0	0
PKJKAM_00951	contig_41	14819	15502	-	GEGEGB_02064	1	persistent	2	0	0
PKJKAM_00952	contig_41	15675	16436	-	BEJGEH_00936	1	persistent	2	0	0
PKJKAM_00953	contig_41	16579	17862	-	GEGEGB_02066	1	persistent	2	0	0
PKJKAM_00954	contig_41	17933	19021	-	GEGEGB_02067	1	persistent	2	0	0
PKJKAM_00955	contig_41	19207	19899	-	LNHIMF_01065	1	persistent	2	0	0
PKJKAM_00956	contig_41	19961	21796	+	LNHIMF_01064	1	persistent	2	0	0
PKJKAM_00957	contig_41	22202	23059	+	GEGEGB_02070	1	persistent	2	0	0
PKJKAM_00958	contig_41	23119	25401	+	GEGEGB_02071	1	persistent	2	0	1
PKJKAM_00959	contig_41	25477	26436	-	LNHIMF_01061	1	persistent	3	0	1
PKJKAM_00960	contig_41	26726	26893	+	HFCAGB_01016	1	persistent	2	0	1
PKJKAM_00961	contig_41	27012	27809	+	GEGEGB_02075	1	persistent	3	0	1
PKJKAM_00962	contig_41	28110	29531	-	GEGEGB_02076	1	persistent	2	0	0
PKJKAM_00963	contig_41	29749	30897	-	LNHIMF_01057	1	persistent	2	0	0
PKJKAM_00964	contig_41	31247	32110	-	GEGEGB_02078	1	persistent	2	0	0
PKJKAM_00965	contig_41	32112	32729	-	GEGEGB_01496	2	persistent	4	0	0
PKJKAM_00966	contig_41	32740	35184	-	LNHIMF_01054	1	persistent	2	0	0
PKJKAM_00968	contig_41	35421	36713	-	GEGEGB_02082	1	persistent	2	0	0
PKJKAM_00969	contig_41	36972	38315	-	GEGEGB_02083	1	persistent	2	0	0
PKJKAM_00970	contig_41	38325	38936	-	LNHIMF_01050	1	persistent	2	0	0
PKJKAM_00971	contig_41	39079	43191	-	ONMMKP_01187	1	persistent	2	0	0
PKJKAM_00972	contig_41	43326	43820	-	LNHIMF_01048	1	persistent	2	0	0
PKJKAM_00973	contig_41	44367	45335	+	GEGEGB_02087	1	persistent	2	0	1
PKJKAM_00974	contig_41	45449	47215	+	GEGEGB_02088	1	persistent	2	0	0
PKJKAM_00975	contig_41	47216	48937	+	LNHIMF_01045	1	persistent	2	0	0
PKJKAM_00976	contig_41	48982	49686	+	GEGEGB_02090	1	persistent	2	0	0
PKJKAM_00977	contig_41	49998	50216	+	GEGEGB_02091	1	persistent	2	0	0
PKJKAM_00978	contig_41	50307	51218	-	GEGEGB_02092	1	persistent	2	0	0
PKJKAM_00979	contig_41	51327	52187	+	LNHIMF_01041	1	persistent	2	0	0
PKJKAM_00980	contig_41	52207	52884	+	GEGEGB_03971	2	persistent	5	2	3
PKJKAM_00982	contig_41	54272	54469	+	GEGEGB_02097	1	shell	2	3	2
PKJKAM_00983	contig_41	54680	56956	-	LNHIMF_01038	1	persistent	2	4	1
PKJKAM_00984	contig_41	56987	57307	-	GEGEGB_02099	1	persistent	2	0	0
PKJKAM_00985	contig_41	57631	57852	+	GEGEGB_02100	1	persistent	2	0	0
PKJKAM_00986	contig_41	57982	59928	-	GEGEGB_02101	1	persistent	2	0	0
PKJKAM_00987	contig_41	59925	61043	-	GEGEGB_02102	1	persistent	2	0	0
PKJKAM_00988	contig_41	61189	62139	+	LNHIMF_01033	1	persistent	2	0	0
PKJKAM_00989	contig_41	62136	63794	-	LNHIMF_01032	1	persistent	2	0	0
PKJKAM_00990	contig_41	63995	64894	+	GEGEGB_02105	1	persistent	2	0	0
PKJKAM_00991	contig_41	65038	66690	+	LNHIMF_01030	1	persistent	2	0	0
PKJKAM_00992	contig_41	66702	67670	+	LNHIMF_01029	1	persistent	2	0	0
PKJKAM_00993	contig_41	67828	69546	+	GEGEGB_02108	1	persistent	2	0	0
PKJKAM_00994	contig_41	69585	70586	+	LNHIMF_01027	1	persistent	2	0	0
PKJKAM_00995	contig_41	70597	72030	+	LNHIMF_01026	1	persistent	2	0	0
PKJKAM_00996	contig_41	72126	73139	+	GEGEGB_02111	1	persistent	2	0	0
PKJKAM_00997	contig_41	73136	73966	-	GEGEGB_02112	1	persistent	2	0	0
PKJKAM_00998	contig_41	73963	74286	-	GEGEGB_02113	1	persistent	2	0	0
PKJKAM_00999	contig_41	74414	74929	+	GEGEGB_02114	1	persistent	2	0	0
PKJKAM_01000	contig_41	75159	75887	+	GEGEGB_02115	1	persistent	2	0	0
PKJKAM_01001	contig_41	75905	76636	+	LNHIMF_01020	1	persistent	2	0	0
PKJKAM_01002	contig_41	76643	77359	+	GEGEGB_02117	1	persistent	2	0	0
PKJKAM_01003	contig_41	77359	78027	+	GEGEGB_02118	1	persistent	2	0	0
PKJKAM_01004	contig_41	78264	78995	+	GEGEGB_02119	1	persistent	2	0	0
PKJKAM_01005	contig_41	79213	80700	-	LNHIMF_01016	1	persistent	2	0	0
PKJKAM_01006	contig_41	80710	81030	-	LNHIMF_01015	1	persistent	2	0	0
PKJKAM_01007	contig_41	81060	82403	-	BEJGEH_00878	1	persistent	2	0	0
PKJKAM_01008	contig_41	82698	83825	-	AJBGEP_00912	1	persistent	2	0	0
PKJKAM_01009	contig_41	83868	84269	-	GEGEGB_02124	1	persistent	2	0	0
PKJKAM_01010	contig_41	84415	85260	-	GEGEGB_02125	1	persistent	2	0	0
PKJKAM_01011	contig_41	85257	86210	-	LNHIMF_01010	1	persistent	2	0	0
PKJKAM_01012	contig_41	86220	87353	-	LNHIMF_01009	1	persistent	2	0	0
PKJKAM_01013	contig_41	87441	88556	-	LNHIMF_01008	1	persistent	2	0	0
PKJKAM_01014	contig_41	88902	89378	-	GEGEGB_02129	1	persistent	2	0	0
PKJKAM_01015	contig_41	89475	90377	-	GEGEGB_02130	1	persistent	2	0	0
PKJKAM_01016	contig_41	90435	91157	-	BEJGEH_00869	1	persistent	2	0	0
PKJKAM_01017	contig_41	91141	91431	-	LNHIMF_01004	1	persistent	2	0	0
PKJKAM_01018	contig_41	91601	91864	+	GEGEGB_02133	1	persistent	2	0	0
PKJKAM_01019	contig_41	91896	92273	-	LNHIMF_01002	1	persistent	2	0	0
PKJKAM_01020	contig_41	92544	94229	+	GEGEGB_02135	1	persistent	2	0	0
PKJKAM_01022	contig_41	94406	94966	-	LNHIMF_00999	1	persistent	2	0	0
PKJKAM_01023	contig_41	95134	96345	+	LNHIMF_00998	1	persistent	2	0	0
PKJKAM_01024	contig_41	96342	97157	+	GEGEGB_02139	1	persistent	2	0	0
PKJKAM_01025	contig_41	97211	98443	-	GEGEGB_02140	1	persistent	2	0	0
PKJKAM_01026	contig_41	98690	99364	+	GEGEGB_02141	1	persistent	2	0	0
PKJKAM_01027	contig_41	99436	100194	+	GEGEGB_02142	1	persistent	2	0	0
PKJKAM_01028	contig_41	100239	101441	-	GEGEGB_02143	1	persistent	2	0	0
PKJKAM_01029	contig_41	101685	102311	+	GEGEGB_02144	1	persistent	1	1	2
PKJKAM_01030	contig_41	102308	102481	-	HFCAGB_00946	1	shell	1	1	0
PKJKAM_01031	contig_41	102502	102999	-	HFCAGB_00945	1	shell	0	2	0
PKJKAM_01032	contig_41	103346	103771	+	LNHIMF_00990	1	shell	0	2	1
PKJKAM_01033	contig_41	104036	104926	+	HFCAGB_00943	1	shell	0	2	0
PKJKAM_01034	contig_41	104932	106617	-	LNHIMF_00988	1	shell	0	3	0
PKJKAM_01035	contig_41	106850	107041	-	LNHIMF_00987	1	shell	0	2	0
PKJKAM_01036	contig_41	107066	108229	-	LNHIMF_00986	1	shell	0	3	1
PKJKAM_01037	contig_41	108240	108488	-	ALJMDI_01197	1	cloud	0	2	0
PKJKAM_01038	contig_41	108521	109474	-	AJBGEP_00883	1	shell	0	2	1
PKJKAM_01039	contig_41	109485	110234	-	LNHIMF_00983	1	shell	0	2	0
PKJKAM_01040	contig_41	110257	110772	-	LNHIMF_00982	1	shell	1	1	1
PKJKAM_01041	contig_41	111486	111869	-	GEGEGB_02146	1	persistent	1	1	2
PKJKAM_01042	contig_41	112100	113425	+	LNHIMF_00980	1	persistent	2	0	0
PKJKAM_01043	contig_41	113516	114427	-	GEGEGB_02148	1	persistent	2	0	0
PKJKAM_01044	contig_41	114430	115350	-	GEGEGB_02149	1	persistent	2	0	0
PKJKAM_01045	contig_41	115411	116949	-	GEGEGB_02150	1	persistent	2	0	0
PKJKAM_01046	contig_41	116982	118853	-	GEGEGB_02151	1	persistent	2	0	0
PKJKAM_01047	contig_41	118864	119805	-	GEGEGB_02152	1	persistent	2	0	0
PKJKAM_01048	contig_41	120008	121243	+	LNHIMF_00974	1	persistent	2	0	0
PKJKAM_01049	contig_41	121243	121992	+	LNHIMF_00973	1	persistent	2	0	0
PKJKAM_01050	contig_41	122270	123169	+	GEGEGB_02155	1	persistent	2	0	0
PKJKAM_01051	contig_41	123175	125607	+	LNHIMF_00971	1	persistent	2	0	0
PKJKAM_01052	contig_41	125685	126494	-	GEGEGB_02157	2	persistent	2	1	3
PKJKAM_01053	contig_41	126756	128021	+	LNHIMF_00969	1	persistent	2	0	2
PKJKAM_01054	contig_41	128415	128852	+	GEGEGB_02157	2	persistent	2	1	3
PKJKAM_01055	contig_41	128724	128984	-	PKJKAM_01055	1	cloud	1	1	0
PKJKAM_01056	contig_41	128974	129870	-	BEJGEH_00840	1	shell	2	0	1
PKJKAM_01057	contig_41	130326	131918	-	GEGEGB_02159	1	persistent	2	1	0
PKJKAM_01058	contig_41	132137	133057	+	GEGEGB_02160	1	persistent	2	0	0
PKJKAM_01059	contig_41	133101	134213	-	GEGEGB_02161	1	persistent	2	0	0
PKJKAM_01060	contig_41	134210	134683	-	GEGEGB_02162	1	persistent	2	0	0
PKJKAM_01061	contig_41	134869	134997	+	GEGEGB_02163	1	persistent	2	0	0
PKJKAM_01062	contig_41	135262	136842	+	LNHIMF_00963	1	persistent	2	1	0
PKJKAM_01063	contig_41	136905	137420	-	GEGEGB_02168	1	persistent	2	0	1
PKJKAM_01064	contig_41	137774	138661	+	GEGEGB_02169	1	persistent	2	0	0
PKJKAM_01065	contig_41	138964	139467	+	GEGEGB_02170	1	persistent	2	0	1
PKJKAM_01066	contig_41	139944	140690	+	GEGEGB_02171	1	persistent	2	0	1
PKJKAM_01067	contig_41	140834	141493	+	GEGEGB_02172	1	persistent	2	0	0
PKJKAM_01068	contig_41	141490	142212	+	GEGEGB_02173	1	persistent	2	0	0
PKJKAM_01069	contig_41	142331	144553	+	LNHIMF_00956	1	persistent	2	0	0
PKJKAM_01070	contig_41	144550	145476	-	GEGEGB_02175	1	persistent	2	0	1
PKJKAM_01071	contig_41	145681	145947	+	GEGEGB_02177	1	persistent	2	0	1
PKJKAM_01072	contig_41	146232	146492	+	GEGEGB_02178	1	persistent	2	1	0
PKJKAM_01073	contig_41	146648	147622	-	BEJGEH_00823	1	persistent	2	1	0
PKJKAM_01074	contig_41	147652	149796	-	LNHIMF_00951	1	persistent	2	0	1
PKJKAM_01075	contig_41	150004	151365	-	GEGEGB_02183	1	persistent	3	0	1
PKJKAM_01076	contig_41	151595	152269	+	LNHIMF_00949	1	persistent	2	0	1
PKJKAM_01077	contig_41	152269	153264	+	GEGEGB_02185	1	persistent	2	0	0
PKJKAM_01078	contig_41	153257	154993	+	LNHIMF_00947	1	persistent	2	0	0
PKJKAM_01079	contig_41	154986	156116	+	GEGEGB_02187	1	persistent	2	0	0
PKJKAM_01080	contig_41	156232	157338	+	GEGEGB_02188	1	persistent	2	0	0
PKJKAM_01081	contig_41	157300	157710	-	GEGEGB_02189	1	persistent	2	0	0
PKJKAM_01082	contig_41	157843	158601	+	LNHIMF_00943	1	persistent	2	0	0
PKJKAM_01083	contig_41	158598	159839	+	GEGEGB_02191	1	persistent	2	0	0
PKJKAM_01084	contig_41	159839	160801	+	GEGEGB_02192	1	persistent	2	0	1
PKJKAM_01085	contig_41	160804	161364	-	BEJGEH_00810	1	persistent	2	1	1
PKJKAM_01086	contig_41	161372	161974	-	HFCAGB_00889	1	shell	2	0	2
PKJKAM_01087	contig_41	162004	162525	-	GEGEGB_02194	1	persistent	2	2	2
PKJKAM_01088	contig_41	162856	163560	-	LNHIMF_00938	1	persistent	2	0	4
PKJKAM_01089	contig_41	163608	164060	-	GEGEGB_02197	1	persistent	2	0	1
PKJKAM_01090	contig_41	164062	164307	-	LNHIMF_00936	1	persistent	2	0	0
PKJKAM_01091	contig_41	164300	164743	-	LNHIMF_00935	1	persistent	2	0	0
PKJKAM_01092	contig_41	164788	165300	-	GEGEGB_02200	1	persistent	2	0	0
PKJKAM_01093	contig_41	165322	166344	-	GEGEGB_02201	1	persistent	2	0	0
PKJKAM_01094	contig_41	166708	167616	+	GEGEGB_02202	1	persistent	2	0	0
PKJKAM_01095	contig_41	167708	169975	-	AJBGEP_00824	1	persistent	2	0	0
PKJKAM_01096	contig_41	170466	172487	-	LNHIMF_00930	1	persistent	2	0	0
PKJKAM_01097	contig_41	173138	173824	-	GEGEGB_02206	1	persistent	2	0	0
PKJKAM_01098	contig_41	173817	174572	-	LNHIMF_00928	1	persistent	2	0	0
PKJKAM_01099	contig_41	174556	175713	-	GEGEGB_02208	1	persistent	2	0	0
PKJKAM_01100	contig_41	175710	176750	-	GEGEGB_02209	1	persistent	2	0	0
PKJKAM_01101	contig_41	176837	178126	+	GEGEGB_02210	1	persistent	2	0	0
PKJKAM_01102	contig_41	178184	178660	+	GEGEGB_02211	1	persistent	2	0	0
PKJKAM_01103	contig_41	178745	180265	-	LNHIMF_00923	1	persistent	2	0	0
PKJKAM_01104	contig_41	180267	181952	-	LNHIMF_00922	1	persistent	2	0	0
PKJKAM_01105	contig_41	182149	182874	-	GEGEGB_02214	1	persistent	2	0	0
PKJKAM_01106	contig_41	182919	183860	-	LNHIMF_00920	1	persistent	2	0	0
PKJKAM_01107	contig_41	183857	185026	-	LNHIMF_00919	1	persistent	2	0	0
PKJKAM_01108	contig_41	185318	186601	+	GEGEGB_02217	1	persistent	2	0	0
PKJKAM_01109	contig_41	186745	187740	-	LNHIMF_00917	1	persistent	2	0	1
PKJKAM_01110	contig_41	187904	188722	+	LNHIMF_00916	1	persistent	2	0	3
PKJKAM_01111	contig_41	188723	189781	-	LNHIMF_00915	1	persistent	2	0	0
PKJKAM_01112	contig_41	189784	190473	-	GEGEGB_02221	1	persistent	2	0	0
PKJKAM_01113	contig_41	190473	191246	-	LNHIMF_00913	1	persistent	2	0	1
PKJKAM_01114	contig_41	191413	191562	-	GEGEGB_02223	1	persistent	2	0	0
PKJKAM_01115	contig_41	191691	192479	+	GEGEGB_02224	1	persistent	2	0	1
PKJKAM_01116	contig_41	192547	194022	+	LNHIMF_00910	1	persistent	2	0	0
PKJKAM_01117	contig_41	194193	195101	+	LNHIMF_00909	1	persistent	2	0	0
PKJKAM_01118	contig_41	195324	196340	+	GEGEGB_02227	1	persistent	2	0	0
PKJKAM_01119	contig_41	196351	197397	+	LNHIMF_00907	1	persistent	2	0	0
PKJKAM_01120	contig_41	197400	198548	+	GEGEGB_02229	1	persistent	2	0	0
PKJKAM_01121	contig_41	198542	199582	+	LNHIMF_00905	1	persistent	2	0	0
PKJKAM_01122	contig_41	199806	200558	+	GEGEGB_02231	1	persistent	2	0	0
PKJKAM_01123	contig_41	200649	201425	-	BEJGEH_00772	1	persistent	2	0	0
PKJKAM_01124	contig_41	201425	202504	-	GEGEGB_02233	1	persistent	3	0	0
PKJKAM_01125	contig_41	202884	203582	-	BEJGEH_00770	1	persistent	2	0	0
PKJKAM_01126	contig_42	206	1132	-	LNHIMF_04491	1	persistent	2	0	0
PKJKAM_01127	contig_42	1280	1729	-	GEGEGB_04688	1	persistent	2	0	0
PKJKAM_01128	contig_42	1771	1998	-	GEGEGB_04687	1	persistent	2	0	0
PKJKAM_01129	contig_42	2003	2317	-	GEGEGB_04686	1	persistent	2	0	0
PKJKAM_01130	contig_42	2324	2719	-	GEGEGB_04685	1	persistent	2	0	1
PKJKAM_01131	contig_42	3194	3469	+	AJBGEP_04600	1	persistent	2	0	0
PKJKAM_01132	contig_42	3598	4284	-	PAPNPA_02919	1	persistent	2	0	1
PKJKAM_01133	contig_42	4284	5138	-	LNHIMF_04483	1	persistent	2	0	0
PKJKAM_01134	contig_42	5148	5798	-	LNHIMF_04482	1	persistent	2	0	0
PKJKAM_01135	contig_42	5812	6276	-	LNHIMF_04481	1	persistent	2	0	1
PKJKAM_01136	contig_42	6286	6591	-	BEJGEH_04460	1	persistent	2	0	0
PKJKAM_01137	contig_42	6607	8004	-	LNHIMF_04479	1	persistent	2	0	1
PKJKAM_01138	contig_42	8367	9431	+	GEGEGB_04677	1	persistent	2	0	0
PKJKAM_01139	contig_42	9536	10291	+	GEGEGB_04676	1	persistent	2	0	0
PKJKAM_01140	contig_42	10288	11037	-	GEGEGB_04675	1	persistent	2	0	0
PKJKAM_01141	contig_42	11248	11550	+	LNHIMF_04475	1	persistent	2	0	0
PKJKAM_01142	contig_42	11681	11956	+	GEGEGB_04673	1	persistent	2	0	0
PKJKAM_01143	contig_42	12034	13656	-	LNHIMF_04473	1	persistent	2	0	0
PKJKAM_01144	contig_42	13741	14904	-	GEGEGB_04671	1	persistent	2	0	0
PKJKAM_01145	contig_42	14907	15545	-	BEJGEH_04451	1	persistent	2	0	0
PKJKAM_01146	contig_42	15555	15953	-	GEGEGB_04669	1	persistent	2	0	0
PKJKAM_01147	contig_42	15971	16630	-	GEGEGB_04668	1	persistent	2	0	1
PKJKAM_01148	contig_42	16627	17697	-	AJBGEP_04583	1	persistent	2	0	0
PKJKAM_01149	contig_42	17697	18395	-	BEJGEH_04447	1	persistent	2	0	1
PKJKAM_01150	contig_42	18410	18814	-	LNHIMF_04466	1	persistent	2	0	0
PKJKAM_01151	contig_42	18946	19677	-	LNHIMF_04465	1	persistent	2	0	0
PKJKAM_01152	contig_42	19768	22206	-	GEGEGB_04663	1	persistent	2	0	0
PKJKAM_01153	contig_42	22244	22669	-	LNHIMF_04463	1	persistent	2	0	0
PKJKAM_01154	contig_42	22889	24187	-	GEGEGB_04661	1	persistent	2	0	0
PKJKAM_01155	contig_42	24290	24487	-	GEGEGB_04660	1	persistent	2	0	1
PKJKAM_01156	contig_42	24566	25570	-	GEGEGB_04659	1	persistent	2	0	0
PKJKAM_01157	contig_42	25573	26832	-	LNHIMF_04459	1	persistent	2	0	0
PKJKAM_01158	contig_42	27047	28327	-	LNHIMF_04458	1	persistent	2	0	0
PKJKAM_01159	contig_42	28399	28707	-	GEGEGB_04656	1	persistent	2	0	0
PKJKAM_01160	contig_42	28790	29740	-	LNHIMF_04456	1	persistent	2	0	0
PKJKAM_01161	contig_42	29733	31589	-	GEGEGB_04654	1	persistent	2	0	0
PKJKAM_01162	contig_42	31599	32921	-	GEGEGB_04653	1	persistent	2	0	0
PKJKAM_01163	contig_42	32938	33399	-	GEGEGB_04652	1	persistent	2	0	0
PKJKAM_01164	contig_42	33371	34915	-	LNHIMF_04452	1	persistent	2	0	0
PKJKAM_01165	contig_42	34917	36056	+	LNHIMF_04451	1	persistent	2	0	0
PKJKAM_01169	contig_42	37141	37881	+	LNHIMF_04448	1	persistent	2	0	0
PKJKAM_01170	contig_42	37943	38488	-	GEGEGB_04646	1	persistent	2	0	0
PKJKAM_01171	contig_42	38595	39647	+	GEGEGB_04645	1	persistent	2	0	0
PKJKAM_01172	contig_42	39739	40707	+	LNHIMF_04445	1	persistent	2	0	0
PKJKAM_01173	contig_42	40726	44052	+	GEGEGB_04643	1	persistent	2	2	0
PKJKAM_01174	contig_42	44189	44566	-	GEGEGB_04642	1	shell	2	0	0
PKJKAM_01175	contig_42	44574	46076	-	GEGEGB_04641	1	persistent	2	2	0
PKJKAM_01176	contig_42	46302	47279	-	LNHIMF_04442	1	persistent	2	0	0
PKJKAM_01177	contig_42	47602	49392	+	GEGEGB_04639	1	persistent	2	0	0
PKJKAM_01178	contig_42	49385	50119	+	GEGEGB_04638	1	persistent	2	0	0
PKJKAM_01179	contig_42	50130	50525	+	GEGEGB_04637	1	persistent	2	0	0
PKJKAM_01180	contig_42	50536	50895	+	GEGEGB_04636	1	persistent	2	0	0
PKJKAM_01181	contig_42	51007	51540	+	LNHIMF_04437	1	persistent	2	0	0
PKJKAM_01182	contig_42	51557	51874	-	GEGEGB_04634	1	persistent	2	0	0
PKJKAM_01183	contig_42	52131	52718	+	LNHIMF_04435	1	persistent	2	1	0
PKJKAM_01184	contig_42	53198	53764	-	GEGEGB_04631	1	persistent	2	1	0
PKJKAM_01185	contig_42	53805	54833	+	BEJGEH_04410	1	persistent	2	0	0
PKJKAM_01186	contig_42	55115	55972	+	LNHIMF_04432	1	persistent	2	0	0
PKJKAM_01187	contig_42	56020	56373	-	GEGEGB_04628	1	persistent	2	0	0
PKJKAM_01188	contig_42	56617	58263	-	GEGEGB_04627	1	persistent	2	0	0
PKJKAM_01189	contig_42	58307	58600	-	GEGEGB_04626	1	persistent	2	0	0
PKJKAM_01190	contig_42	58855	60117	+	LNHIMF_04428	1	persistent	2	0	0
PKJKAM_01191	contig_42	60176	60691	-	LNHIMF_04427	1	persistent	2	0	0
PKJKAM_01192	contig_42	60993	62429	+	GEGEGB_04623	1	persistent	2	0	0
PKJKAM_01193	contig_42	62544	63845	+	LNHIMF_04425	1	persistent	2	0	0
PKJKAM_01194	contig_42	63966	64313	+	GEGEGB_04621	1	persistent	2	0	0
PKJKAM_01195	contig_42	64289	65992	+	LNHIMF_04423	1	persistent	2	0	0
PKJKAM_01196	contig_42	66029	66604	+	LNHIMF_04422	1	persistent	2	0	3
PKJKAM_01198	contig_42	67506	68258	+	LNHIMF_04420	1	persistent	2	1	4
PKJKAM_01199	contig_42	68401	68934	+	BENMGJ_01495	1	shell	1	3	2
PKJKAM_01200	contig_42	68996	69286	+	BENMGJ_01494	1	shell	0	2	0
PKJKAM_01201	contig_42	69535	70536	-	ONMMKP_02470	1	shell	1	2	0
PKJKAM_01202	contig_42	71255	71461	-	AJBGEP_02929	1	shell	2	6	2
PKJKAM_01203	contig_42	72359	73234	+	GEGEGB_04460	1	persistent	2	2	0
PKJKAM_01204	contig_42	73246	73518	+	GEGEGB_04459	1	persistent	1	0	5
PKJKAM_01205	contig_42	73595	73930	+	IKCLMC_01121	1	cloud	2	0	0
PKJKAM_01207	contig_42	74444	75304	-	GEGEGB_04456	1	persistent	1	0	5
PKJKAM_01208	contig_42	75653	77053	+	LNHIMF_04397	1	persistent	2	0	0
PKJKAM_01209	contig_42	77137	77730	-	LNHIMF_04396	1	persistent	2	0	0
PKJKAM_01210	contig_42	77806	78579	-	LNHIMF_04395	1	persistent	2	0	0
PKJKAM_01211	contig_42	78572	79198	-	LNHIMF_04394	1	persistent	2	0	0
PKJKAM_01212	contig_42	79212	81641	-	LNHIMF_04393	1	persistent	2	0	0
PKJKAM_01213	contig_42	81997	83628	+	LNHIMF_04392	1	persistent	2	0	0
PKJKAM_01214	contig_42	83625	84344	+	BEJGEH_04371	1	persistent	2	0	0
PKJKAM_01215	contig_42	84661	84927	+	GEGEGB_04446	1	persistent	2	0	0
PKJKAM_01216	contig_42	85074	86414	+	LNHIMF_04389	1	persistent	2	0	0
PKJKAM_01217	contig_42	86510	88156	+	GEGEGB_01415	2	persistent	4	0	0
PKJKAM_01218	contig_42	88254	89684	-	LNHIMF_04387	1	persistent	2	0	0
PKJKAM_01219	contig_42	89768	91120	-	LNHIMF_04386	1	persistent	2	0	0
PKJKAM_01220	contig_42	91392	92324	+	GEGEGB_04441	1	persistent	2	0	0
PKJKAM_01221	contig_42	92557	94824	+	GEGEGB_04440	1	persistent	2	0	0
PKJKAM_01222	contig_42	95121	95882	+	LNHIMF_04383	1	persistent	2	0	1
PKJKAM_01223	contig_42	96022	97359	+	GEGEGB_04438	1	persistent	2	0	0
PKJKAM_01224	contig_42	97493	99136	+	GEGEGB_04437	1	persistent	2	0	0
PKJKAM_01225	contig_42	99133	99801	+	LNHIMF_04380	1	persistent	2	0	0
PKJKAM_01226	contig_42	99802	100881	+	GEGEGB_04435	1	persistent	2	0	0
PKJKAM_01228	contig_42	100889	100978	-	GEGEGB_04434	1	persistent	2	0	1
PKJKAM_01229	contig_42	101048	102550	-	BEJGEH_04353	1	persistent	2	0	0
PKJKAM_01230	contig_42	103018	103353	+	GEGEGB_04431	1	persistent	2	0	1
PKJKAM_01231	contig_42	103473	103916	+	GEGEGB_04430	1	persistent	2	0	0
PKJKAM_01232	contig_42	104068	104502	+	GEGEGB_04429	1	persistent	2	0	0
PKJKAM_01233	contig_42	104760	105668	+	GEGEGB_04428	1	persistent	2	0	0
PKJKAM_01234	contig_42	106023	108170	+	LNHIMF_04371	1	persistent	2	0	0
PKJKAM_01235	contig_42	108347	109036	+	BEJGEH_04347	1	persistent	2	0	1
PKJKAM_01236	contig_42	109194	110504	-	LNHIMF_04369	1	persistent	2	0	1
PKJKAM_01237	contig_42	110849	111469	-	GEGEGB_04424	1	persistent	1	2	0
PKJKAM_01238	contig_42	111968	113704	-	ALJMDI_03727	1	shell	2	0	0
PKJKAM_01239	contig_42	113697	114653	-	GEGEGB_04422	1	persistent	1	2	0
PKJKAM_01240	contig_42	114650	115321	-	LNHIMF_04365	1	persistent	2	0	0
PKJKAM_01241	contig_42	115318	115884	-	GEGEGB_04420	1	persistent	2	0	0
PKJKAM_01242	contig_42	115929	117365	-	LNHIMF_04363	1	persistent	2	0	0
PKJKAM_01243	contig_42	117797	119755	+	LNHIMF_04362	1	persistent	2	0	0
PKJKAM_01244	contig_42	120001	120315	+	GEGEGB_04417	1	persistent	2	0	0
PKJKAM_01245	contig_42	120312	121961	+	LNHIMF_04360	1	persistent	2	0	0
PKJKAM_01246	contig_42	122000	122689	-	LNHIMF_04359	1	persistent	2	0	0
PKJKAM_01247	contig_42	122682	123092	-	GEGEGB_04414	1	persistent	2	0	0
PKJKAM_01248	contig_42	123196	124083	+	GEGEGB_04413	1	persistent	2	0	0
PKJKAM_01249	contig_42	124178	125866	-	AJBGEP_04481	1	persistent	2	0	0
PKJKAM_01250	contig_42	125974	127323	-	GEGEGB_04411	1	persistent	2	0	0
PKJKAM_01251	contig_42	127670	128338	-	LNHIMF_04354	1	persistent	2	0	0
PKJKAM_01253	contig_42	128631	129089	-	GEGEGB_04408	1	persistent	2	0	0
PKJKAM_01254	contig_42	129176	129499	+	GEGEGB_04407	1	persistent	2	0	0
PKJKAM_01255	contig_42	129487	131088	-	BEJGEH_04326	1	persistent	2	0	0
PKJKAM_01256	contig_42	131651	131932	+	GEGEGB_04405	1	persistent	2	0	0
PKJKAM_01257	contig_42	132210	134276	-	LNHIMF_04348	1	persistent	2	0	0
PKJKAM_01258	contig_42	134316	150995	-	PAPNPA_02781	1	persistent	2	0	0
PKJKAM_01259	contig_42	151012	152289	-	BEJGEH_04322	1	persistent	2	0	0
PKJKAM_01260	contig_42	152286	153605	-	LNHIMF_04344	1	persistent	2	0	0
PKJKAM_01261	contig_42	153595	154983	-	LNHIMF_04343	1	persistent	2	0	0
PKJKAM_01262	contig_42	154980	155612	-	GEGEGB_04398	1	persistent	2	0	0
PKJKAM_01263	contig_42	156862	157392	-	GEGEGB_04397	1	persistent	2	0	0
PKJKAM_01264	contig_42	157640	160465	+	GEGEGB_04396	1	persistent	2	0	0
PKJKAM_01265	contig_42	160609	161052	+	LNHIMF_04339	1	persistent	2	0	0
PKJKAM_01266	contig_42	161039	161377	+	LNHIMF_04338	1	persistent	2	0	0
PKJKAM_01267	contig_42	161378	161734	-	LNHIMF_04337	1	persistent	2	0	0
PKJKAM_01268	contig_42	161737	162153	-	GEGEGB_04392	1	persistent	2	0	0
PKJKAM_01269	contig_42	162282	162995	-	GEGEGB_04391	1	persistent	2	0	0
PKJKAM_01270	contig_42	163182	164375	-	LNHIMF_04334	1	persistent	2	0	0
PKJKAM_01271	contig_42	164561	165640	-	GEGEGB_04389	1	persistent	2	0	0
PKJKAM_01272	contig_42	165672	167087	-	GEGEGB_04388	1	persistent	2	0	0
PKJKAM_01273	contig_42	167152	168135	+	LNHIMF_04331	1	persistent	2	0	0
PKJKAM_01274	contig_42	168309	168551	-	GEGEGB_04386	1	persistent	2	0	0
PKJKAM_01275	contig_42	168719	169717	-	GEGEGB_04385	1	persistent	2	0	1
PKJKAM_01276	contig_42	169805	171115	-	LNHIMF_04269	1	persistent	2	0	1
PKJKAM_01277	contig_42	171362	171877	+	GEGEGB_04383	1	persistent	2	0	0
PKJKAM_01278	contig_42	171977	172189	-	GEGEGB_04382	1	persistent	3	0	0
PKJKAM_01279	contig_42	172208	172336	-	GEGEGB_04381	1	persistent	2	0	0
PKJKAM_01280	contig_42	172318	173643	-	LNHIMF_04265	1	persistent	3	0	0
PKJKAM_01281	contig_42	173822	174430	-	GEGEGB_04379	1	persistent	2	0	0
PKJKAM_01282	contig_42	174539	174907	-	GEGEGB_04378	1	persistent	2	0	0
PKJKAM_01283	contig_42	175078	177498	+	LNHIMF_04262	1	persistent	2	0	0
PKJKAM_01284	contig_42	177597	178469	-	GEGEGB_04376	1	persistent	2	0	0
PKJKAM_01285	contig_42	178483	178980	-	LNHIMF_04260	1	persistent	2	0	0
PKJKAM_01286	contig_42	179161	180078	-	GEGEGB_04374	1	persistent	2	0	0
PKJKAM_01287	contig_42	180242	181600	-	PAPNPA_02752	1	persistent	2	0	0
PKJKAM_01288	contig_42	181689	182798	-	GEGEGB_04372	1	persistent	2	0	0
PKJKAM_01289	contig_42	183160	184350	+	GEGEGB_04371	1	persistent	2	0	0
PKJKAM_01290	contig_42	184482	186026	+	GEGEGB_04370	1	persistent	2	0	0
PKJKAM_01291	contig_42	186041	186931	+	GEGEGB_04369	1	persistent	2	0	1
PKJKAM_01292	contig_42	187097	187507	-	GEGEGB_04368	1	persistent	2	0	1
PKJKAM_01293	contig_42	187650	189746	-	BEJGEH_04288	1	persistent	2	0	0
PKJKAM_01294	contig_42	189746	190483	-	GEGEGB_04366	1	persistent	2	0	0
PKJKAM_01295	contig_42	190480	191118	-	GEGEGB_04365	1	persistent	2	0	0
PKJKAM_01296	contig_42	191182	191427	-	GEGEGB_04364	1	persistent	2	0	0
PKJKAM_01298	contig_42	191868	193517	-	GEGEGB_04362	1	persistent	2	0	0
PKJKAM_01299	contig_42	193862	195211	+	GEGEGB_04361	1	persistent	1	2	0
PKJKAM_01300	contig_42	195342	195689	-	BEJGEH_04281	1	shell	1	2	0
PKJKAM_01301	contig_42	196265	196552	+	BEJGEH_04280	1	shell	0	2	0
PKJKAM_01302	contig_42	196555	197160	+	BEJGEH_04279	1	shell	0	2	0
PKJKAM_01303	contig_42	197173	197487	+	BEJGEH_04278	1	shell	0	2	0
PKJKAM_01304	contig_42	197647	198102	+	AJBGEP_04426	1	shell	0	2	0
PKJKAM_01305	contig_42	198099	198296	+	BEJGEH_04276	1	shell	0	2	0
PKJKAM_01306	contig_42	198286	199713	+	AJBGEP_04424	1	shell	0	2	0
PKJKAM_01307	contig_42	199713	200237	+	BEJGEH_04274	1	shell	0	2	0
PKJKAM_01308	contig_42	200289	200606	+	BEJGEH_04273	1	shell	0	2	0
PKJKAM_01309	contig_42	200791	203145	+	IKCLMC_01017	1	shell	0	2	0
PKJKAM_01310	contig_42	203145	204098	+	AJBGEP_04420	1	shell	0	2	0
PKJKAM_01311	contig_42	204098	204307	+	BEJGEH_04270	1	shell	0	2	0
PKJKAM_01312	contig_42	204295	205338	+	BEJGEH_04269	1	shell	0	2	0
PKJKAM_01313	contig_42	205348	206070	+	BEJGEH_04268	1	shell	1	1	0
PKJKAM_01314	contig_42	206757	207686	+	BEJGEH_04267	2	persistent	1	3	6
PKJKAM_01315	contig_42	207686	209233	+	AJBGEP_04415	1	shell	1	1	1
PKJKAM_01316	contig_42	209397	209756	+	BEJGEH_04265	1	shell	0	2	1
PKJKAM_01317	contig_42	209747	210862	+	AJBGEP_04413	1	shell	0	2	0
PKJKAM_01318	contig_42	210855	211487	+	AJBGEP_04412	1	shell	0	1	5
PKJKAM_01319	contig_42	211490	212971	+	PKJKAM_01319	1	cloud	0	1	1
PKJKAM_01320	contig_42	212981	213496	+	PKJKAM_01320	1	cloud	0	1	1
PKJKAM_01321	contig_42	213919	215508	+	HFCAGB_04455	1	shell	1	2	1
PKJKAM_01322	contig_42	215532	216371	+	GEGEGB_04359	1	shell	0	2	0
PKJKAM_01323	contig_42	216388	217251	+	LNHIMF_04242	1	shell	0	2	0
PKJKAM_01324	contig_42	217238	217996	+	GEGEGB_04357	1	shell	1	1	0
PKJKAM_01325	contig_42	218059	218331	+	GEGEGB_04356	1	persistent	1	2	0
PKJKAM_01326	contig_42	218328	219197	-	GEGEGB_04355	1	persistent	2	0	0
PKJKAM_01327	contig_42	219244	219783	-	GEGEGB_04354	1	persistent	2	0	0
PKJKAM_01328	contig_42	219991	220680	+	LNHIMF_04237	1	persistent	2	0	0
PKJKAM_01329	contig_42	220770	222401	-	LNHIMF_04236	1	persistent	2	0	1
PKJKAM_01330	contig_42	222668	226351	-	LNHIMF_04235	1	persistent	2	0	1
PKJKAM_01331	contig_42	226656	227480	+	LNHIMF_04234	1	persistent	3	0	1
PKJKAM_01332	contig_42	227464	227898	+	LNHIMF_04233	1	persistent	2	0	0
PKJKAM_01333	contig_42	227862	229613	-	LNHIMF_04232	1	persistent	3	0	1
PKJKAM_01334	contig_42	229715	231019	-	LNHIMF_04231	1	persistent	2	0	0
PKJKAM_01335	contig_42	231051	232652	-	LNHIMF_04230	1	persistent	2	0	0
PKJKAM_01336	contig_42	232921	233850	-	LNHIMF_04229	1	persistent	2	0	0
PKJKAM_01337	contig_42	234007	234444	+	LNHIMF_04228	2	persistent	3	0	0
PKJKAM_01342	contig_43	620	1546	+	GEGEGB_03675	1	persistent	1	1	0
PKJKAM_01343	contig_43	1581	2543	-	GEGEGB_03676	1	persistent	2	0	0
PKJKAM_01344	contig_43	2540	3568	-	LNHIMF_04186	1	persistent	2	0	0
PKJKAM_01351	contig_43	9476	10327	-	GEGEGB_03684	1	persistent	2	0	0
PKJKAM_01352	contig_43	10272	12116	-	LNHIMF_04178	1	persistent	2	0	0
PKJKAM_01353	contig_43	12490	13590	+	LNHIMF_04177	1	persistent	2	0	0
PKJKAM_01354	contig_43	13637	13996	-	GEGEGB_03687	1	persistent	2	0	0
PKJKAM_01355	contig_43	14012	14647	-	GEGEGB_03688	1	persistent	2	0	0
PKJKAM_01356	contig_43	14846	16246	+	GEGEGB_03689	1	persistent	2	0	0
PKJKAM_01357	contig_43	16229	17146	-	GEGEGB_03690	1	persistent	2	0	0
PKJKAM_01359	contig_43	17430	18806	-	LNHIMF_04171	1	persistent	2	0	0
PKJKAM_01360	contig_43	18924	19700	-	GEGEGB_03693	1	persistent	2	0	0
PKJKAM_01361	contig_43	19708	20712	-	GEGEGB_03694	1	persistent	2	0	0
PKJKAM_01362	contig_43	20801	21952	+	GEGEGB_03695	1	persistent	2	0	0
PKJKAM_01363	contig_43	22321	24972	+	LNHIMF_04167	1	persistent	2	0	0
PKJKAM_01364	contig_43	25183	26916	+	GEGEGB_03697	1	persistent	2	0	0
PKJKAM_01365	contig_43	27077	27928	+	HFCAGB_04375	1	persistent	1	1	1
PKJKAM_01366	contig_43	27915	28268	-	HFCAGB_04374	1	shell	1	1	0
PKJKAM_01367	contig_43	28270	29148	-	HFCAGB_04373	1	shell	0	2	0
PKJKAM_01368	contig_43	29114	31411	-	HFCAGB_04372	1	shell	0	2	0
PKJKAM_01369	contig_43	31510	31830	-	HFCAGB_04371	1	shell	0	2	0
PKJKAM_01370	contig_43	31845	32924	-	HFCAGB_04370	1	shell	0	2	0
PKJKAM_01371	contig_43	33233	35734	+	HFCAGB_04369	1	shell	1	1	0
PKJKAM_01372	contig_43	35745	36407	+	BEJGEH_04175	1	persistent	1	1	1
PKJKAM_01373	contig_43	36419	37522	+	LNHIMF_04162	1	persistent	3	0	0
PKJKAM_01374	contig_43	37781	38404	+	BEJGEH_04173	1	persistent	2	0	0
PKJKAM_01375	contig_43	38462	40642	-	GEGEGB_03702	1	persistent	3	0	0
PKJKAM_01376	contig_43	40807	41697	-	GEGEGB_03703	1	persistent	2	0	1
PKJKAM_01377	contig_43	41892	43448	-	GEGEGB_03707	1	persistent	2	0	1
PKJKAM_01378	contig_43	43584	44708	+	LNHIMF_04158	1	persistent	2	0	1
PKJKAM_01379	contig_43	44943	45941	+	BEJGEH_04168	1	persistent	2	0	0
PKJKAM_01380	contig_43	45944	46801	+	HFCAGB_04356	1	persistent	2	0	0
PKJKAM_01381	contig_43	46917	49349	-	IKCLMC_00748	1	persistent	2	0	1
PKJKAM_01382	contig_43	49352	50512	-	LNHIMF_04155	1	persistent	2	0	0
PKJKAM_01383	contig_43	50777	51094	+	GEGEGB_03712	1	persistent	2	0	0
PKJKAM_01384	contig_43	51550	53340	+	LNHIMF_04153	1	persistent	2	0	0
PKJKAM_01386	contig_43	53541	54203	+	GEGEGB_03716	1	persistent	2	1	0
PKJKAM_01387	contig_43	54249	54461	-	GEGEGB_03717	1	persistent	2	1	0
PKJKAM_01388	contig_43	54665	56863	+	LNHIMF_04149	1	persistent	2	0	0
PKJKAM_01389	contig_43	57018	58043	+	GEGEGB_03719	1	persistent	2	0	0
PKJKAM_01390	contig_43	58230	59114	+	IKCLMC_00739	1	persistent	2	0	0
PKJKAM_01391	contig_43	59206	59736	+	GEGEGB_03721	1	persistent	2	0	0
PKJKAM_01392	contig_43	59746	61077	+	LNHIMF_04145	1	persistent	2	0	0
PKJKAM_01393	contig_43	61144	62073	+	LNHIMF_04144	1	persistent	2	0	0
PKJKAM_01394	contig_43	62166	62651	+	GEGEGB_03724	1	persistent	2	0	0
PKJKAM_01395	contig_43	62873	63112	-	LNHIMF_04142	1	persistent	2	0	0
PKJKAM_01396	contig_43	63511	64356	+	LNHIMF_04141	1	persistent	2	0	0
PKJKAM_01397	contig_43	64377	65885	+	LNHIMF_04140	1	persistent	2	0	0
PKJKAM_01398	contig_43	65997	67007	+	GEGEGB_03728	1	persistent	2	0	0
PKJKAM_01399	contig_43	67104	67850	+	GEGEGB_03729	1	persistent	2	0	0
PKJKAM_01400	contig_43	67957	68385	-	GEGEGB_03730	1	persistent	2	0	0
PKJKAM_01401	contig_43	68486	69082	+	GEGEGB_03731	1	persistent	2	0	0
PKJKAM_01402	contig_43	69195	69962	+	GEGEGB_03732	1	persistent	2	0	0
PKJKAM_01403	contig_43	70054	70818	-	LNHIMF_04134	1	persistent	2	0	0
PKJKAM_01404	contig_43	70828	71157	-	GEGEGB_03734	1	persistent	2	0	0
PKJKAM_01405	contig_43	71201	72076	-	GEGEGB_03735	1	persistent	2	0	0
PKJKAM_01406	contig_43	72105	73127	-	GEGEGB_03736	1	persistent	2	0	0
PKJKAM_01407	contig_43	73156	74154	-	GEGEGB_03737	1	persistent	2	0	0
PKJKAM_01408	contig_43	74154	75197	-	LNHIMF_04129	1	persistent	2	0	0
PKJKAM_01409	contig_43	75191	76726	-	LNHIMF_04128	1	persistent	2	0	0
PKJKAM_01410	contig_43	76982	77941	+	GEGEGB_03740	1	persistent	2	0	0
PKJKAM_01411	contig_43	78028	79620	+	GEGEGB_03741	1	persistent	2	0	0
PKJKAM_01412	contig_43	79634	79984	+	LNHIMF_04125	1	persistent	2	0	0
PKJKAM_01413	contig_43	80221	80391	-	LNHIMF_04124	1	persistent	2	0	0
PKJKAM_01414	contig_43	80489	81211	-	LNHIMF_04123	1	persistent	2	0	0
PKJKAM_01415	contig_43	81274	82314	-	GEGEGB_03745	1	persistent	2	0	0
PKJKAM_01416	contig_43	82324	83283	-	AJBGEP_04279	1	persistent	2	0	0
PKJKAM_01417	contig_43	83294	84628	-	LNHIMF_04120	1	persistent	2	0	0
PKJKAM_01418	contig_43	84892	85647	-	GEGEGB_03749	1	persistent	2	0	0
PKJKAM_01419	contig_43	85748	86737	-	LNHIMF_04118	1	persistent	2	0	0
PKJKAM_01420	contig_43	86941	87903	-	GEGEGB_03751	1	persistent	2	0	0
PKJKAM_01421	contig_43	88088	88990	-	GEGEGB_03752	1	persistent	2	0	1
PKJKAM_01422	contig_43	89138	89638	-	LNHIMF_04115	1	persistent	2	0	1
PKJKAM_01423	contig_43	89789	90487	+	LNHIMF_04114	1	persistent	2	0	0
PKJKAM_01424	contig_43	90484	91857	+	GEGEGB_03755	1	persistent	2	0	1
PKJKAM_01425	contig_43	91908	92303	-	LNHIMF_04112	1	persistent	2	0	1
PKJKAM_01426	contig_43	92315	93004	-	GEGEGB_03757	1	persistent	2	0	0
PKJKAM_01427	contig_43	93074	93694	-	GEGEGB_03758	1	persistent	2	0	0
PKJKAM_01428	contig_43	94023	95006	+	LNHIMF_04109	1	persistent	2	0	0
PKJKAM_01429	contig_43	95025	95540	+	GEGEGB_03761	1	persistent	2	0	0
PKJKAM_01430	contig_43	95533	96840	+	LNHIMF_04107	1	persistent	2	0	0
PKJKAM_01431	contig_43	96998	97669	-	GEGEGB_03763	1	persistent	2	0	1
PKJKAM_01432	contig_43	98300	99334	+	LNHIMF_04104	1	persistent	2	0	1
PKJKAM_01433	contig_43	99331	100179	-	GEGEGB_03765	1	persistent	2	0	0
PKJKAM_01434	contig_43	100332	101168	-	GEGEGB_03766	1	persistent	2	0	0
PKJKAM_01435	contig_43	101456	102925	+	LNHIMF_04101	1	persistent	2	0	0
PKJKAM_01436	contig_43	102922	104181	+	GEGEGB_03768	1	persistent	2	0	0
PKJKAM_01437	contig_43	104324	105151	+	LNHIMF_04099	1	persistent	2	0	0
PKJKAM_01438	contig_43	105278	106426	+	ALJMDI_00957	1	persistent	2	0	0
PKJKAM_01439	contig_43	106423	106737	+	GEGEGB_03771	1	persistent	2	0	0
PKJKAM_01440	contig_43	106826	107374	-	LNHIMF_04096	1	persistent	2	0	0
PKJKAM_01441	contig_43	107475	108134	+	GEGEGB_03773	1	persistent	2	0	0
PKJKAM_01442	contig_43	108134	108457	+	LNHIMF_04094	1	persistent	2	0	0
PKJKAM_01444	contig_43	108801	109901	-	LNHIMF_04092	1	persistent	3	0	1
PKJKAM_01445	contig_43	110084	111115	+	BEJGEH_04099	1	persistent	2	0	1
PKJKAM_01446	contig_43	111383	112219	-	GEGEGB_03778	1	persistent	3	0	0
PKJKAM_01447	contig_43	112414	115464	+	GEGEGB_03779	1	persistent	2	0	0
PKJKAM_01448	contig_43	115477	116379	+	LNHIMF_04089	1	persistent	2	0	0
PKJKAM_01449	contig_43	116376	117011	+	GEGEGB_03781	1	persistent	2	0	0
PKJKAM_01450	contig_43	117008	117937	+	LNHIMF_04087	1	persistent	2	0	1
PKJKAM_01451	contig_43	117984	118274	-	LNHIMF_04086	1	persistent	2	0	0
PKJKAM_01452	contig_43	118275	118586	-	LNHIMF_04085	1	persistent	2	0	0
PKJKAM_01453	contig_43	118804	119733	+	LNHIMF_04084	1	persistent	2	0	1
PKJKAM_01454	contig_43	119819	120130	+	LNHIMF_04083	1	persistent	2	0	0
PKJKAM_01455	contig_43	120127	120573	+	GEGEGB_03787	1	persistent	2	0	0
PKJKAM_01456	contig_43	120588	121529	-	GEGEGB_03788	1	persistent	2	0	0
PKJKAM_01457	contig_43	121574	122011	-	LNHIMF_04080	1	persistent	2	0	0
PKJKAM_01458	contig_43	122008	122787	-	GEGEGB_03790	1	persistent	2	0	0
PKJKAM_01459	contig_43	122874	123473	-	GEGEGB_03791	1	persistent	2	0	0
PKJKAM_01460	contig_43	123664	124467	-	GEGEGB_03792	1	persistent	2	0	0
PKJKAM_01461	contig_43	124501	125397	-	GEGEGB_03793	1	persistent	2	0	0
PKJKAM_01462	contig_43	125562	126458	+	GEGEGB_03794	1	persistent	2	0	0
PKJKAM_01463	contig_43	126481	127359	+	GEGEGB_03795	1	persistent	2	0	0
PKJKAM_01464	contig_43	127375	128616	+	BEJGEH_04080	1	persistent	1	2	0
PKJKAM_01465	contig_43	128703	129590	+	BEJGEH_04079	1	shell	1	1	0
PKJKAM_01466	contig_43	129679	130554	+	BEJGEH_04078	1	shell	1	1	0
PKJKAM_01467	contig_43	130678	132714	+	LNHIMF_04071	1	persistent	1	2	0
PKJKAM_01468	contig_43	132760	134142	+	GEGEGB_03799	1	persistent	2	0	0
PKJKAM_01469	contig_43	134188	135606	+	BEJGEH_04075	1	persistent	2	0	0
PKJKAM_01470	contig_43	135674	136366	+	LNHIMF_04068	1	persistent	2	0	1
PKJKAM_01471	contig_43	136523	136702	+	BENMGJ_01034	1	cloud	2	0	0
PKJKAM_01472	contig_43	136757	138580	-	LNHIMF_04061	1	persistent	2	0	1
PKJKAM_01474	contig_43	138956	140365	+	GEGEGB_03812	1	persistent	2	0	0
PKJKAM_01475	contig_43	140640	141689	+	GEGEGB_03813	1	persistent	2	0	0
PKJKAM_01476	contig_43	141698	143107	+	GEGEGB_03814	1	persistent	2	0	0
PKJKAM_01477	contig_43	143220	143330	+	GEGEGB_03815	1	persistent	2	0	0
PKJKAM_01478	contig_43	143420	144793	-	GEGEGB_03816	1	persistent	2	0	0
PKJKAM_01479	contig_43	144982	145497	-	GEGEGB_03817	1	persistent	2	0	0
PKJKAM_01481	contig_43	145616	145813	-	GEGEGB_03819	1	persistent	2	0	0
PKJKAM_01482	contig_43	146080	146712	+	GEGEGB_03820	1	persistent	2	0	0
PKJKAM_01484	contig_43	146833	146880	-	GEGEGB_03822	1	persistent	2	0	0
PKJKAM_01485	contig_43	147047	149833	-	LNHIMF_04048	1	persistent	2	0	0
PKJKAM_01486	contig_43	150221	151129	+	GEGEGB_03824	1	persistent	2	0	0
PKJKAM_01487	contig_43	151142	151765	-	LNHIMF_04046	1	persistent	2	0	0
PKJKAM_01488	contig_43	151782	152768	-	GEGEGB_03826	1	persistent	2	0	0
PKJKAM_01489	contig_43	152845	153114	-	GEGEGB_03827	1	persistent	2	0	0
PKJKAM_01490	contig_43	153184	153768	+	LNHIMF_04043	1	persistent	2	0	0
PKJKAM_01491	contig_43	153750	154280	+	GEGEGB_03829	1	persistent	3	0	0
PKJKAM_01498	contig_43	160132	160677	-	GEGEGB_03494	1	persistent	3	0	0
PKJKAM_01499	contig_43	160689	162140	-	GEGEGB_03495	1	persistent	2	0	0
PKJKAM_01500	contig_43	162179	162793	-	BEJGEH_04039	1	persistent	2	0	0
PKJKAM_01501	contig_43	162793	164124	-	GEGEGB_03497	1	persistent	2	0	0
PKJKAM_01502	contig_43	164314	166503	+	GEGEGB_03498	1	persistent	2	0	0
PKJKAM_01503	contig_43	166513	167676	+	GEGEGB_03499	1	persistent	2	0	0
PKJKAM_01504	contig_43	167873	169696	-	GEGEGB_03500	1	persistent	2	0	0
PKJKAM_01505	contig_43	169950	170651	-	LNHIMF_04028	1	persistent	2	0	0
PKJKAM_01506	contig_43	170737	172215	-	GEGEGB_03502	1	persistent	2	0	0
PKJKAM_01507	contig_43	172401	172889	+	LNHIMF_04026	1	persistent	2	0	0
PKJKAM_01508	contig_43	172897	173691	-	GEGEGB_03504	1	persistent	2	0	0
PKJKAM_01509	contig_43	173721	174500	-	GEGEGB_03505	1	persistent	2	0	0
PKJKAM_01510	contig_43	174503	175051	-	GEGEGB_03506	1	persistent	2	0	0
PKJKAM_01511	contig_43	175055	175309	-	GEGEGB_03507	1	persistent	2	0	0
PKJKAM_01512	contig_43	175515	177155	-	GEGEGB_03508	1	persistent	2	0	0
PKJKAM_01514	contig_43	177152	177757	-	GEGEGB_03510	1	persistent	2	0	0
PKJKAM_01515	contig_43	177767	178522	-	GEGEGB_03511	1	persistent	2	0	0
PKJKAM_01516	contig_43	178618	180048	-	GEGEGB_03512	1	persistent	2	0	0
PKJKAM_01517	contig_43	180188	180949	-	GEGEGB_03513	1	persistent	2	0	0
PKJKAM_01518	contig_43	181208	182020	+	GEGEGB_03514	1	persistent	2	0	0
PKJKAM_01519	contig_43	182100	183395	-	LNHIMF_04014	1	persistent	2	0	0
PKJKAM_01520	contig_43	183778	186042	-	LNHIMF_04013	1	persistent	2	0	0
PKJKAM_01521	contig_43	186291	187244	+	GEGEGB_03517	1	persistent	2	0	0
PKJKAM_01522	contig_43	187132	188031	-	GEGEGB_03518	1	persistent	2	0	0
PKJKAM_01523	contig_43	188112	188912	-	LNHIMF_04010	1	persistent	2	0	0
PKJKAM_01524	contig_43	188928	189944	-	LNHIMF_04009	1	persistent	2	0	0
PKJKAM_01525	contig_43	190055	190675	+	GEGEGB_03521	1	persistent	2	0	0
PKJKAM_01526	contig_43	190715	191335	-	GEGEGB_03522	1	persistent	2	0	0
PKJKAM_01527	contig_43	191399	193246	-	GEGEGB_03523	1	persistent	2	0	0
PKJKAM_01528	contig_43	193312	194181	-	GEGEGB_03524	1	persistent	2	0	0
PKJKAM_01529	contig_43	194346	194813	+	GEGEGB_03525	1	persistent	2	0	0
PKJKAM_01530	contig_43	194857	195744	+	HFCAGB_04202	1	persistent	2	2	0
PKJKAM_01531	contig_43	195784	196080	-	HFCAGB_04201	1	shell	1	1	0
PKJKAM_01532	contig_43	196162	196635	+	HFCAGB_04200	1	shell	1	1	0
PKJKAM_01533	contig_43	196683	197633	-	GEGEGB_03529	1	persistent	2	2	0
PKJKAM_01534	contig_43	198105	200267	-	LNHIMF_04001	1	persistent	2	0	0
PKJKAM_01535	contig_43	200403	201119	-	GEGEGB_03531	1	persistent	2	0	0
PKJKAM_01536	contig_43	201119	202021	-	GEGEGB_03532	1	persistent	2	0	0
PKJKAM_01537	contig_43	202018	202725	-	GEGEGB_03533	1	persistent	2	0	0
PKJKAM_01538	contig_43	202722	203546	-	GEGEGB_03534	1	persistent	2	0	0
PKJKAM_01539	contig_43	203583	203786	-	GEGEGB_03535	1	persistent	1	1	1
PKJKAM_01540	contig_43	203972	204223	+	HFCAGB_04192	1	shell	2	1	0
PKJKAM_01541	contig_43	204262	204501	+	BENMGJ_00575	1	shell	1	1	0
PKJKAM_01542	contig_43	204480	204869	+	LNHIMF_03994	1	persistent	1	2	1
PKJKAM_01543	contig_43	204939	205259	+	GEGEGB_03538	1	persistent	2	1	0
PKJKAM_01544	contig_43	205337	207883	-	GEGEGB_03542	1	persistent	2	1	0
PKJKAM_01545	contig_43	208239	209201	+	GEGEGB_03543	1	persistent	2	0	0
PKJKAM_01546	contig_43	209198	209938	+	LNHIMF_03990	1	persistent	2	0	0
PKJKAM_01547	contig_43	209960	211129	+	GEGEGB_03545	1	persistent	2	0	0
PKJKAM_01548	contig_43	211129	212328	+	LNHIMF_03988	1	persistent	2	0	0
PKJKAM_01555	contig_43	213445	213960	-	HFCAGB_04177	2	persistent	2	0	0
PKJKAM_01556	contig_43	213954	214829	-	HFCAGB_04177	2	persistent	2	0	0
PKJKAM_01557	contig_43	215036	215776	-	LNHIMF_03980	1	persistent	2	0	0
PKJKAM_01558	contig_43	215773	217131	-	LNHIMF_03979	1	persistent	2	0	0
PKJKAM_01559	contig_43	217128	218207	-	LNHIMF_03978	1	persistent	2	0	0
PKJKAM_01560	contig_43	218204	219454	-	GEGEGB_03557	1	persistent	2	0	0
PKJKAM_01561	contig_43	219456	220586	-	GEGEGB_03558	1	persistent	2	0	0
PKJKAM_01562	contig_43	220591	221268	-	LNHIMF_03975	1	persistent	1	1	1
PKJKAM_01563	contig_43	221246	221470	-	BEJGEH_03974	1	shell	2	0	0
PKJKAM_01564	contig_43	221503	222570	-	LNHIMF_03973	1	persistent	1	1	1
PKJKAM_01565	contig_43	222570	223832	-	GEGEGB_03562	1	persistent	2	0	0
PKJKAM_01566	contig_43	223829	224914	-	LNHIMF_03971	1	persistent	2	0	0
PKJKAM_01567	contig_43	225015	226061	-	LNHIMF_03970	1	persistent	2	0	0
PKJKAM_01568	contig_43	226073	227176	-	GEGEGB_03565	1	persistent	2	0	0
PKJKAM_01569	contig_43	227406	228665	-	GEGEGB_03566	1	persistent	2	0	0
PKJKAM_01570	contig_43	229084	229413	-	GEGEGB_03567	1	persistent	2	0	0
PKJKAM_01571	contig_43	229557	230822	+	GEGEGB_03568	1	persistent	2	0	0
PKJKAM_01572	contig_43	230959	232440	+	GEGEGB_03569	1	persistent	2	0	0
PKJKAM_01573	contig_43	232480	234504	-	GEGEGB_03570	1	persistent	2	0	1
PKJKAM_01574	contig_43	235042	235323	+	GEGEGB_03575	1	persistent	2	0	1
PKJKAM_01575	contig_43	235415	236890	-	GEGEGB_03576	1	persistent	2	0	0
PKJKAM_01576	contig_43	237055	237942	+	GEGEGB_03577	1	persistent	2	0	1
PKJKAM_01577	contig_43	237945	238286	-	BEJGEH_03957	1	persistent	2	1	0
PKJKAM_01578	contig_43	238283	238645	-	HFCAGB_04155	1	shell	2	0	0
PKJKAM_01579	contig_43	238883	240427	-	LNHIMF_03954	1	persistent	2	1	1
PKJKAM_01580	contig_43	240430	242280	-	LNHIMF_03953	1	persistent	2	0	0
PKJKAM_01581	contig_43	242441	243370	-	GEGEGB_03582	1	persistent	2	0	0
PKJKAM_01582	contig_43	243388	243651	-	GEGEGB_03583	1	persistent	2	0	0
PKJKAM_01583	contig_43	243648	245336	-	GEGEGB_03584	1	persistent	2	0	0
PKJKAM_01584	contig_43	245926	247446	+	LNHIMF_03949	1	persistent	2	1	2
PKJKAM_01585	contig_43	247471	247809	-	GEGEGB_03632	1	persistent	2	1	0
PKJKAM_01586	contig_43	247928	248764	+	GEGEGB_03633	1	persistent	3	0	0
PKJKAM_01594	contig_43	254568	255272	+	GEGEGB_03835	1	persistent	3	0	0
PKJKAM_01595	contig_43	255284	256711	+	LNHIMF_03938	1	persistent	2	0	0
PKJKAM_01596	contig_43	256677	257666	-	GEGEGB_03838	1	persistent	2	0	0
PKJKAM_01597	contig_43	257679	258608	-	LNHIMF_03936	1	persistent	2	0	0
PKJKAM_01598	contig_43	258741	259631	-	GEGEGB_03840	1	persistent	2	0	0
PKJKAM_01599	contig_43	259656	260621	-	GEGEGB_03841	1	persistent	2	0	0
PKJKAM_01600	contig_43	260627	262132	-	HFCAGB_04133	1	persistent	2	0	0
PKJKAM_01601	contig_43	262140	262559	-	LNHIMF_03932	1	persistent	2	0	0
PKJKAM_01602	contig_43	262776	264644	-	LNHIMF_03931	1	persistent	2	0	0
PKJKAM_01603	contig_43	264992	266488	+	LNHIMF_03930	1	persistent	2	0	0
PKJKAM_01604	contig_43	266482	267933	+	LNHIMF_03929	1	persistent	2	0	0
PKJKAM_01605	contig_43	267938	268930	-	LNHIMF_03928	1	persistent	2	0	0
PKJKAM_01606	contig_43	269081	269539	+	GEGEGB_03848	1	persistent	2	0	0
PKJKAM_01607	contig_43	269629	270072	+	GEGEGB_03849	1	persistent	2	0	0
PKJKAM_01608	contig_43	270451	272340	+	LNHIMF_03925	1	persistent	2	0	0
PKJKAM_01609	contig_43	272443	273066	+	GEGEGB_03851	1	persistent	2	0	0
PKJKAM_01610	contig_43	273682	274062	+	LNHIMF_03923	1	persistent	2	0	1
PKJKAM_01611	contig_43	274071	274886	+	GEGEGB_03853	1	persistent	2	0	0
PKJKAM_01612	contig_43	274933	275172	+	GEGEGB_03854	1	persistent	2	0	0
PKJKAM_01613	contig_43	275232	275702	+	GEGEGB_03855	1	persistent	2	0	0
PKJKAM_01614	contig_43	275717	276250	+	GEGEGB_03856	1	persistent	2	0	1
PKJKAM_01615	contig_43	276263	277804	+	GEGEGB_03857	1	persistent	2	0	0
PKJKAM_01616	contig_43	277855	278718	+	LNHIMF_03917	1	persistent	2	0	2
PKJKAM_01617	contig_43	278745	280127	+	GEGEGB_03859	1	persistent	2	0	0
PKJKAM_01618	contig_43	280148	280567	+	GEGEGB_03860	1	persistent	2	0	0
PKJKAM_01619	contig_43	280797	281495	+	LNHIMF_03914	1	persistent	2	0	0
PKJKAM_01621	contig_43	281815	283185	+	GEGEGB_03863	1	persistent	2	0	0
PKJKAM_01622	contig_43	283374	285203	+	LNHIMF_03911	1	persistent	2	0	1
PKJKAM_01623	contig_43	285354	287144	-	GEGEGB_03870	1	persistent	2	0	1
PKJKAM_01624	contig_43	287206	288024	+	GEGEGB_03871	1	persistent	2	0	0
PKJKAM_01625	contig_43	288073	289446	+	LNHIMF_03908	1	persistent	2	0	1
PKJKAM_01626	contig_43	289612	290652	+	LNHIMF_03907	1	persistent	2	0	1
PKJKAM_01634	contig_44	6162	6383	-	GEGEGB_03485	1	persistent	3	0	0
PKJKAM_01635	contig_44	6620	9733	-	LNHIMF_03443	3	persistent	4	0	0
PKJKAM_01636	contig_44	9745	10902	-	BEJGEH_03419	1	persistent	3	0	0
PKJKAM_01637	contig_44	11316	11978	+	LNHIMF_03441	1	persistent	2	0	0
PKJKAM_01638	contig_44	12005	14080	-	LNHIMF_03440	1	persistent	3	0	0
PKJKAM_01639	contig_44	14231	14395	-	GEGEGB_03480	1	persistent	2	0	0
PKJKAM_01640	contig_44	14478	15362	-	GEGEGB_03479	1	persistent	2	0	0
PKJKAM_01641	contig_44	15448	15744	-	GEGEGB_03478	1	persistent	2	0	0
PKJKAM_01642	contig_44	15770	16735	-	GEGEGB_03477	1	persistent	2	0	1
PKJKAM_01643	contig_44	17397	18278	-	GEGEGB_03476	1	persistent	2	0	1
PKJKAM_01644	contig_44	18290	19741	-	LNHIMF_03434	1	persistent	2	0	0
PKJKAM_01645	contig_44	19731	19973	-	LNHIMF_03433	1	persistent	2	0	0
PKJKAM_01646	contig_44	20082	21431	-	GEGEGB_03473	1	persistent	2	0	0
PKJKAM_01647	contig_44	21442	21912	-	GEGEGB_03472	1	persistent	2	0	0
PKJKAM_01648	contig_44	22305	22904	-	GEGEGB_03471	1	persistent	2	0	0
PKJKAM_01649	contig_44	22905	23909	-	GEGEGB_03470	1	persistent	2	0	0
PKJKAM_01650	contig_44	24022	24996	-	GEGEGB_03469	1	persistent	2	0	0
PKJKAM_01651	contig_44	25200	27140	+	LNHIMF_03427	1	persistent	2	0	0
PKJKAM_01652	contig_44	27448	28491	+	GEGEGB_03467	1	persistent	2	0	0
PKJKAM_01653	contig_44	28556	29608	+	LNHIMF_03425	1	persistent	2	0	0
PKJKAM_01654	contig_44	29608	30099	+	GEGEGB_03465	1	persistent	2	0	0
PKJKAM_01655	contig_44	30108	30701	+	LNHIMF_03423	1	persistent	2	0	0
PKJKAM_01656	contig_44	30691	32160	+	GEGEGB_03463	1	persistent	2	0	0
PKJKAM_01657	contig_44	32267	36067	+	LNHIMF_03421	1	persistent	2	0	0
PKJKAM_01658	contig_44	36212	37657	+	GEGEGB_03461	1	persistent	2	0	0
PKJKAM_01659	contig_44	37780	38709	-	GEGEGB_03460	1	persistent	2	0	0
PKJKAM_01660	contig_44	38891	39094	+	GEGEGB_03459	1	persistent	2	0	0
PKJKAM_01661	contig_44	39102	40034	+	GEGEGB_03458	1	persistent	2	0	0
PKJKAM_01662	contig_44	40040	42007	+	LNHIMF_03416	1	persistent	2	0	0
PKJKAM_01663	contig_44	42179	42451	+	GEGEGB_03456	1	persistent	2	0	0
PKJKAM_01664	contig_44	42511	42777	-	GEGEGB_03455	1	persistent	2	0	0
PKJKAM_01665	contig_44	42881	43144	-	GEGEGB_03454	1	persistent	2	0	0
PKJKAM_01666	contig_44	43509	43979	-	GEGEGB_03453	1	persistent	2	0	0
PKJKAM_01667	contig_44	44394	45332	+	GEGEGB_03452	1	persistent	2	0	0
PKJKAM_01668	contig_44	45452	46081	+	GEGEGB_03451	1	persistent	2	0	0
PKJKAM_01669	contig_44	46068	46733	+	GEGEGB_03450	1	persistent	2	0	0
PKJKAM_01670	contig_44	46944	48212	+	GEGEGB_03449	1	persistent	2	0	0
PKJKAM_01671	contig_44	48245	49144	+	GEGEGB_03448	1	persistent	2	0	0
PKJKAM_01672	contig_44	49144	49761	+	GEGEGB_03447	1	persistent	2	0	0
PKJKAM_01673	contig_44	49918	50160	+	AJBGEP_03535	3	persistent	3	1	0
PKJKAM_01674	contig_44	50177	51946	+	GEGEGB_00060	3	persistent	2	0	1
PKJKAM_01675	contig_44	51959	53260	+	LNHIMF_00056	2	persistent	4	0	0
PKJKAM_01676	contig_44	53313	54011	+	HFCAGB_03583	1	persistent	2	0	0
PKJKAM_01677	contig_44	54045	55115	-	GEGEGB_03442	1	persistent	2	0	0
PKJKAM_01678	contig_44	55208	56575	-	GEGEGB_03441	1	persistent	2	0	0
PKJKAM_01679	contig_44	56732	57130	-	LNHIMF_03399	1	persistent	2	0	0
PKJKAM_01680	contig_44	57323	58447	+	LNHIMF_03398	1	persistent	2	0	0
PKJKAM_01681	contig_44	58749	59177	+	GEGEGB_03438	1	persistent	2	0	0
PKJKAM_01682	contig_44	59193	59585	+	GEGEGB_03437	1	persistent	2	1	2
PKJKAM_01683	contig_44	59743	60537	+	HFCAGB_03576	1	shell	2	0	0
PKJKAM_01684	contig_44	60800	61438	+	LNHIMF_03394	1	persistent	2	1	2
PKJKAM_01685	contig_44	61444	61944	+	GEGEGB_03434	1	persistent	2	0	0
PKJKAM_01686	contig_44	62062	62844	+	GEGEGB_03433	1	persistent	2	0	0
PKJKAM_01687	contig_44	62979	63872	+	LNHIMF_03391	1	persistent	2	0	0
PKJKAM_01688	contig_44	63988	65478	+	LNHIMF_03390	1	persistent	2	0	0
PKJKAM_01689	contig_44	65525	66214	+	LNHIMF_03389	1	persistent	2	0	0
PKJKAM_01690	contig_44	66211	67086	+	LNHIMF_03388	1	persistent	2	0	0
PKJKAM_01691	contig_44	67083	67550	+	GEGEGB_03427	1	persistent	2	0	0
PKJKAM_01692	contig_44	67633	68913	-	LNHIMF_03386	1	persistent	2	0	0
PKJKAM_01693	contig_44	68900	70153	-	LNHIMF_03385	1	persistent	2	0	0
PKJKAM_01694	contig_44	70269	71372	-	GEGEGB_03424	1	persistent	2	0	1
PKJKAM_01695	contig_44	71579	72997	-	GEGEGB_03423	1	persistent	2	0	1
PKJKAM_01696	contig_44	73007	77467	-	GEGEGB_03422	1	persistent	2	0	0
PKJKAM_01697	contig_44	78139	79068	+	GEGEGB_03421	1	persistent	2	0	0
PKJKAM_01698	contig_44	79162	81498	+	LNHIMF_03380	1	persistent	2	0	0
PKJKAM_01700	contig_44	81725	82378	+	BEJGEH_03355	1	persistent	2	0	0
PKJKAM_01701	contig_44	82375	83103	+	GEGEGB_03417	1	persistent	2	0	0
PKJKAM_01702	contig_44	83178	83810	-	GEGEGB_03416	1	persistent	2	0	0
PKJKAM_01703	contig_44	84059	84331	-	GEGEGB_03415	1	persistent	2	0	0
PKJKAM_01704	contig_44	84328	85182	-	LNHIMF_03373	1	persistent	2	0	0
PKJKAM_01705	contig_44	85228	85719	-	GEGEGB_03413	1	persistent	2	0	0
PKJKAM_01706	contig_44	85837	86124	-	LNHIMF_03371	1	persistent	2	0	0
PKJKAM_01707	contig_44	86147	87580	-	GEGEGB_03411	1	persistent	2	0	0
PKJKAM_01708	contig_44	87628	88353	-	GEGEGB_03410	1	persistent	2	0	0
PKJKAM_01709	contig_44	88360	88914	-	GEGEGB_03409	1	persistent	2	0	0
PKJKAM_01710	contig_44	88883	89458	-	GEGEGB_03408	1	persistent	2	0	0
PKJKAM_01711	contig_44	89455	90021	-	GEGEGB_03407	1	persistent	2	0	0
PKJKAM_01712	contig_44	90042	91028	-	LNHIMF_03365	1	persistent	2	0	0
PKJKAM_01713	contig_44	91042	92019	-	LNHIMF_03364	1	persistent	2	0	0
PKJKAM_01714	contig_44	92232	93044	+	LNHIMF_03363	1	persistent	2	0	0
PKJKAM_01715	contig_44	93052	93834	+	GEGEGB_03403	1	persistent	2	0	0
PKJKAM_01716	contig_44	93839	94390	+	GEGEGB_03402	1	persistent	2	0	0
PKJKAM_01717	contig_44	94409	95044	+	GEGEGB_03401	1	persistent	2	0	0
PKJKAM_01718	contig_44	95044	95340	+	GEGEGB_03400	1	persistent	2	0	0
PKJKAM_01719	contig_44	95489	95782	+	GEGEGB_03399	1	persistent	2	0	0
PKJKAM_01720	contig_44	95836	97095	+	GEGEGB_03398	1	persistent	2	0	0
PKJKAM_01721	contig_44	97154	97441	-	GEGEGB_03397	1	persistent	2	0	0
PKJKAM_01722	contig_44	97673	98785	-	LNHIMF_03355	1	persistent	2	0	0
PKJKAM_01723	contig_44	98902	99213	+	GEGEGB_03395	1	persistent	2	0	0
PKJKAM_01724	contig_44	99233	99490	+	GEGEGB_03394	1	persistent	2	0	0
PKJKAM_01725	contig_44	99620	100585	+	GEGEGB_03393	1	persistent	2	0	0
PKJKAM_01726	contig_44	100601	101773	+	GEGEGB_03392	1	persistent	2	0	0
PKJKAM_01727	contig_44	101904	102812	-	GEGEGB_03391	2	persistent	2	0	0
PKJKAM_01728	contig_44	102869	103339	-	GEGEGB_03391	2	persistent	2	0	0
PKJKAM_01729	contig_44	103432	103533	+	GEGEGB_03390	1	persistent	2	0	0
PKJKAM_01730	contig_44	103587	104063	+	GEGEGB_03389	1	persistent	2	0	0
PKJKAM_01731	contig_44	104219	104551	-	GEGEGB_03388	1	persistent	2	0	0
PKJKAM_01732	contig_44	104639	105265	+	LNHIMF_03346	1	persistent	2	0	0
PKJKAM_01733	contig_44	105360	107303	+	GEGEGB_03386	1	persistent	2	1	0
PKJKAM_01734	contig_44	107408	108256	+	GEGEGB_03385	1	persistent	2	1	0
PKJKAM_01735	contig_44	108249	109586	+	GEGEGB_03384	1	persistent	2	0	0
PKJKAM_01736	contig_44	109809	110141	+	GEGEGB_03383	1	persistent	2	1	1
PKJKAM_01738	contig_44	110577	111641	+	AJBGEP_03469	1	shell	2	0	0
PKJKAM_01739	contig_44	111722	113065	-	GEGEGB_03381	1	persistent	2	1	1
PKJKAM_01741	contig_44	113693	114145	+	GEGEGB_03379	1	persistent	2	0	0
PKJKAM_01742	contig_44	114173	115675	+	LNHIMF_03337	1	persistent	2	0	0
PKJKAM_01743	contig_44	115700	118378	+	BEJGEH_03312	1	persistent	2	0	0
PKJKAM_01744	contig_44	118599	119000	+	GEGEGB_03376	1	persistent	2	0	0
PKJKAM_01745	contig_44	119000	119944	+	GEGEGB_03375	1	persistent	2	0	0
PKJKAM_01746	contig_44	120095	120364	+	GEGEGB_03374	1	persistent	2	0	0
PKJKAM_01748	contig_44	120576	122741	+	LNHIMF_03331	1	persistent	2	0	0
PKJKAM_01749	contig_44	122851	123735	+	GEGEGB_03371	1	persistent	2	0	0
PKJKAM_01750	contig_44	123841	123921	+	GEGEGB_03370	1	persistent	2	0	0
PKJKAM_01751	contig_44	123914	125803	+	GEGEGB_03369	1	persistent	2	0	0
PKJKAM_01752	contig_44	125957	127201	+	GEGEGB_03368	1	persistent	2	1	0
PKJKAM_01753	contig_44	127292	128299	-	LNHIMF_03326	1	persistent	2	1	0
PKJKAM_01754	contig_44	128477	129355	-	GEGEGB_03366	1	persistent	2	0	0
PKJKAM_01755	contig_44	129364	130359	-	GEGEGB_03365	1	persistent	2	0	0
PKJKAM_01756	contig_44	130576	131100	+	GEGEGB_03364	1	persistent	2	0	0
PKJKAM_01757	contig_44	131094	131597	+	GEGEGB_03363	1	persistent	2	0	0
PKJKAM_01758	contig_44	131584	131901	-	GEGEGB_03362	1	persistent	2	0	0
PKJKAM_01759	contig_44	131939	132382	+	GEGEGB_03361	1	persistent	2	0	0
PKJKAM_01760	contig_44	132362	132880	-	GEGEGB_03360	1	persistent	2	0	0
PKJKAM_01761	contig_44	133011	133646	+	LNHIMF_03318	1	persistent	2	0	0
PKJKAM_01762	contig_44	133713	134288	-	GEGEGB_03358	1	persistent	2	0	0
PKJKAM_01763	contig_44	134298	134888	-	LNHIMF_03316	1	persistent	2	0	0
PKJKAM_01764	contig_44	134910	135305	-	LNHIMF_03315	1	persistent	2	0	0
PKJKAM_01765	contig_44	135263	137305	-	LNHIMF_03314	1	persistent	2	0	0
PKJKAM_01766	contig_44	137369	138232	+	LNHIMF_03313	1	persistent	2	0	0
PKJKAM_01767	contig_44	138390	139163	-	GEGEGB_03353	1	persistent	2	0	0
PKJKAM_01768	contig_44	139274	140317	-	GEGEGB_03352	1	persistent	2	1	0
PKJKAM_01769	contig_44	140361	141734	-	LNHIMF_03310	1	persistent	2	0	0
PKJKAM_01770	contig_44	141738	142022	-	GEGEGB_03350	1	persistent	2	0	0
PKJKAM_01771	contig_44	142053	142517	-	LNHIMF_03308	1	persistent	2	0	0
PKJKAM_01772	contig_44	142532	143803	-	BEJGEH_03281	1	persistent	2	1	0
PKJKAM_01773	contig_44	144001	144807	-	ODDLKH_03695	1	shell	1	1	0
PKJKAM_01774	contig_44	144794	146221	-	ODDLKH_03694	1	shell	1	2	0
PKJKAM_01775	contig_44	146248	147162	-	AJBGEP_03435	1	shell	1	1	0
PKJKAM_01776	contig_44	147173	148027	-	GEGEGB_03343	1	persistent	2	2	0
PKJKAM_01777	contig_44	148361	149194	+	GEGEGB_03342	1	shell	1	1	0
PKJKAM_01778	contig_44	149205	150152	+	AJBGEP_03432	1	shell	1	1	0
PKJKAM_01779	contig_44	150392	151963	-	LNHIMF_03305	1	persistent	2	1	0
PKJKAM_01780	contig_44	152493	153263	+	GEGEGB_03339	1	persistent	2	0	0
PKJKAM_01781	contig_44	153289	154179	+	LNHIMF_03303	1	persistent	2	0	0
PKJKAM_01782	contig_44	154277	155422	+	GEGEGB_03337	1	persistent	2	0	1
PKJKAM_01784	contig_44	156874	157812	+	LNHIMF_03300	1	persistent	2	0	1
PKJKAM_01785	contig_44	157910	158899	+	GEGEGB_03334	1	persistent	2	0	0
PKJKAM_01786	contig_44	158920	160251	+	LNHIMF_03298	1	persistent	2	0	0
PKJKAM_01787	contig_44	160318	161526	+	LNHIMF_03297	1	persistent	2	0	0
PKJKAM_01788	contig_44	161560	163854	+	LNHIMF_03296	1	persistent	2	0	0
PKJKAM_01789	contig_44	163924	165288	+	GEGEGB_03329	1	persistent	2	0	0
PKJKAM_01791	contig_44	165605	166936	+	LNHIMF_03293	1	persistent	2	0	0
PKJKAM_01792	contig_44	166962	168272	+	LNHIMF_03292	1	persistent	2	0	0
PKJKAM_01793	contig_44	168385	168549	-	GEGEGB_03323	1	persistent	2	0	0
PKJKAM_01794	contig_44	168573	169274	-	GEGEGB_03322	1	persistent	2	0	0
PKJKAM_01795	contig_44	169379	170275	+	LNHIMF_03289	1	persistent	2	0	0
PKJKAM_01796	contig_44	170314	170679	-	GEGEGB_03320	1	persistent	2	0	0
PKJKAM_01797	contig_44	170803	171789	-	LNHIMF_03287	1	persistent	2	0	0
PKJKAM_01798	contig_44	171857	172342	-	GEGEGB_03318	1	persistent	2	0	0
PKJKAM_01799	contig_44	172497	172796	-	GEGEGB_03317	1	persistent	2	0	0
PKJKAM_01800	contig_44	172793	173191	-	GEGEGB_03316	1	persistent	2	0	0
PKJKAM_01801	contig_44	173194	173499	-	GEGEGB_03315	1	persistent	2	0	0
PKJKAM_01802	contig_44	173541	173909	-	GEGEGB_03314	1	persistent	2	0	0
PKJKAM_01803	contig_44	174054	174437	-	GEGEGB_03313	1	persistent	2	0	0
PKJKAM_01804	contig_44	174441	175103	-	GEGEGB_03312	1	persistent	2	0	0
PKJKAM_01805	contig_44	175551	176795	-	LNHIMF_03279	1	persistent	2	0	0
PKJKAM_01807	contig_44	177050	178018	-	GEGEGB_03309	1	persistent	2	0	0
PKJKAM_01808	contig_44	178289	179287	-	LNHIMF_03276	1	persistent	2	0	0
PKJKAM_01809	contig_44	179376	180068	-	GEGEGB_03307	1	persistent	2	0	0
PKJKAM_01810	contig_44	180220	180717	-	GEGEGB_03306	1	persistent	2	0	0
PKJKAM_01811	contig_44	180803	181939	+	GEGEGB_03305	1	persistent	2	0	0
PKJKAM_01812	contig_44	182020	184038	-	BEJGEH_03246	1	persistent	2	0	0
PKJKAM_01813	contig_44	184209	185588	-	GEGEGB_03301	1	persistent	2	0	0
PKJKAM_01814	contig_44	186018	187538	+	LNHIMF_03270	1	persistent	2	0	0
PKJKAM_01815	contig_44	187926	189491	+	AJBGEP_03395	1	persistent	2	0	0
PKJKAM_01816	contig_44	189488	190132	-	GEGEGB_03298	1	persistent	2	0	0
PKJKAM_01817	contig_44	190367	191134	+	LNHIMF_03267	1	persistent	2	0	1
PKJKAM_01819	contig_44	191345	192382	-	PKJKAM_01819	1	cloud	1	0	1
PKJKAM_01820	contig_44	192386	192952	-	PKJKAM_01820	1	cloud	0	0	2
PKJKAM_01821	contig_44	192969	193550	-	PKJKAM_01821	1	cloud	0	0	2
PKJKAM_01822	contig_44	193691	193912	+	PKJKAM_01822	1	cloud	0	0	2
PKJKAM_01823	contig_44	193943	194446	+	PKJKAM_01823	1	cloud	0	0	4
PKJKAM_01824	contig_44	194456	194638	+	PKJKAM_01824	1	cloud	0	0	2
PKJKAM_01825	contig_44	194643	195068	+	PKJKAM_01825	1	cloud	0	0	3
PKJKAM_01826	contig_44	195068	195469	+	ONMMKP_04114	1	cloud	0	0	3
PKJKAM_01827	contig_44	195537	195770	+	PKJKAM_01827	1	cloud	0	0	2
PKJKAM_01828	contig_44	195761	196168	+	PKJKAM_01828	1	cloud	0	0	2
PKJKAM_01829	contig_44	196165	196494	+	PKJKAM_01829	1	cloud	0	0	2
PKJKAM_01830	contig_44	196484	197344	+	ONMMKP_04116	1	cloud	0	0	3
PKJKAM_01831	contig_44	197341	199362	+	ONMMKP_04117	1	cloud	0	0	3
PKJKAM_01832	contig_44	199482	199688	+	PKJKAM_01832	1	cloud	0	0	2
PKJKAM_01833	contig_44	199662	199931	-	ONMMKP_04119	1	cloud	0	0	3
PKJKAM_01834	contig_44	199982	201043	-	ONMMKP_04120	1	cloud	0	0	2
PKJKAM_01835	contig_44	201040	202815	-	ONMMKP_04121	1	cloud	0	0	2
PKJKAM_01836	contig_44	202976	203776	+	ONMMKP_04122	1	cloud	0	0	2
PKJKAM_01837	contig_44	203838	204860	+	ONMMKP_04123	1	cloud	0	0	2
PKJKAM_01838	contig_44	204864	205565	+	ONMMKP_04124	1	cloud	0	0	2
PKJKAM_01839	contig_44	205611	206114	+	ONMMKP_04125	1	cloud	0	0	2
PKJKAM_01840	contig_44	206111	206617	+	ONMMKP_04126	1	cloud	0	0	2
PKJKAM_01841	contig_44	206614	207321	+	ONMMKP_04127	1	cloud	0	0	2
PKJKAM_01842	contig_44	207318	208445	+	ONMMKP_04128	1	cloud	0	0	3
PKJKAM_01843	contig_44	208442	208897	+	ONMMKP_04129	1	cloud	0	0	3
PKJKAM_01844	contig_44	208907	209200	+	ONMMKP_04130	1	cloud	0	0	2
PKJKAM_01845	contig_44	209197	209538	+	ONMMKP_04131	1	cloud	0	0	3
PKJKAM_01846	contig_44	209538	209870	+	ONMMKP_04132	1	cloud	0	0	2
PKJKAM_01847	contig_44	210017	210274	+	ONMMKP_04133	1	cloud	0	0	2
PKJKAM_01848	contig_44	210462	212432	+	BEJGEH_02665	1	cloud	0	0	2
PKJKAM_01849	contig_44	212429	212758	+	BEJGEH_02664	1	cloud	0	0	2
PKJKAM_01850	contig_44	212755	213939	+	BEJGEH_02663	1	cloud	0	0	2
PKJKAM_01851	contig_44	213932	214519	+	BEJGEH_02662	1	cloud	0	0	4
PKJKAM_01852	contig_44	214529	216775	+	PKJKAM_01852	1	cloud	0	0	2
PKJKAM_01853	contig_44	216788	217333	+	OEKLIE_03257	1	cloud	0	0	5
PKJKAM_01854	contig_44	217323	218048	+	ONMMKP_04140	1	cloud	0	1	2
PKJKAM_01855	contig_44	218020	218565	+	ONMMKP_04141	1	cloud	0	0	2
PKJKAM_01856	contig_44	218565	220268	+	BEJGEH_02657	1	cloud	0	0	4
PKJKAM_01857	contig_44	220856	221017	-	PKJKAM_01857	1	cloud	1	0	1
PKJKAM_01859	contig_44	221440	221946	+	GEGEGB_03295	1	persistent	2	0	1
PKJKAM_01860	contig_44	222070	224052	-	LNHIMF_03264	1	persistent	2	0	0
PKJKAM_01861	contig_44	224067	225812	-	GEGEGB_03293	1	persistent	2	0	0
PKJKAM_01862	contig_44	226048	226263	-	GEGEGB_03292	1	persistent	2	0	0
PKJKAM_01863	contig_44	226491	227504	+	GEGEGB_03291	1	persistent	2	0	0
PKJKAM_01864	contig_44	227754	228365	-	LNHIMF_03260	1	persistent	2	0	0
PKJKAM_01865	contig_44	228472	228831	+	LNHIMF_03259	1	persistent	2	0	0
PKJKAM_01866	contig_44	228929	229750	+	GEGEGB_03288	1	persistent	2	0	0
PKJKAM_01867	contig_44	229855	231096	-	LNHIMF_03257	1	persistent	2	0	0
PKJKAM_01868	contig_44	231159	231773	-	GEGEGB_03286	1	persistent	2	0	0
PKJKAM_01869	contig_44	232015	233316	+	GEGEGB_03285	1	persistent	2	0	0
PKJKAM_01870	contig_44	233434	236277	+	GEGEGB_03284	1	persistent	2	0	0
PKJKAM_01871	contig_44	236325	237758	+	GEGEGB_03283	1	persistent	2	0	0
PKJKAM_01873	contig_44	237918	237977	-	GEGEGB_03282	1	persistent	2	0	0
PKJKAM_01874	contig_44	238217	239896	-	GEGEGB_03280	1	persistent	2	0	0
PKJKAM_01875	contig_44	239915	240535	-	LNHIMF_03249	1	persistent	2	0	0
PKJKAM_01876	contig_44	240799	241002	+	GEGEGB_03278	1	persistent	2	0	0
PKJKAM_01877	contig_44	241077	241373	-	AJBGEP_03373	1	persistent	2	0	0
PKJKAM_01878	contig_44	241810	242463	+	GEGEGB_03276	1	persistent	2	2	0
PKJKAM_01879	contig_44	242634	243311	-	GEGEGB_03275	1	persistent	2	2	0
PKJKAM_01880	contig_44	243326	243997	-	GEGEGB_03274	1	persistent	2	0	0
PKJKAM_01881	contig_44	244017	245813	-	GEGEGB_03273	1	persistent	2	0	0
PKJKAM_01882	contig_44	246456	247229	-	GEGEGB_03272	1	persistent	2	0	0
PKJKAM_01883	contig_44	247370	248158	+	GEGEGB_03271	1	persistent	2	0	0
PKJKAM_01884	contig_44	248220	249383	-	GEGEGB_03270	1	persistent	2	0	0
PKJKAM_01885	contig_44	249389	250060	-	ODDLKH_03623	1	persistent	2	0	0
PKJKAM_01886	contig_44	250273	251742	-	GEGEGB_03268	1	persistent	2	0	0
PKJKAM_01887	contig_44	251949	252581	+	GEGEGB_03267	1	persistent	2	0	0
PKJKAM_01888	contig_44	252578	253000	+	LNHIMF_03234	1	persistent	2	0	0
PKJKAM_01889	contig_44	253025	253852	+	GEGEGB_03265	1	persistent	2	0	0
PKJKAM_01890	contig_44	253852	254433	+	GEGEGB_03264	1	persistent	2	0	0
PKJKAM_01891	contig_44	254461	256353	+	GEGEGB_03263	1	persistent	2	0	0
PKJKAM_01892	contig_44	256478	256792	-	GEGEGB_03262	1	persistent	2	0	0
PKJKAM_01893	contig_44	256824	257405	-	LNHIMF_03229	1	persistent	2	0	0
PKJKAM_01894	contig_44	257512	258861	-	GEGEGB_03260	1	persistent	2	0	0
PKJKAM_01895	contig_44	258858	259517	-	GEGEGB_03259	1	persistent	2	0	0
PKJKAM_01896	contig_44	259669	260061	+	GEGEGB_03258	1	persistent	3	0	0
PKJKAM_01897	contig_44	260133	260999	+	AJBGEP_03353	1	persistent	2	0	0
PKJKAM_01898	contig_44	261110	263368	+	LNHIMF_03225	1	persistent	3	0	0
PKJKAM_01899	contig_44	263625	264362	+	GEGEGB_03255	1	persistent	2	0	0
PKJKAM_01900	contig_44	264436	265848	+	GEGEGB_03254	1	persistent	1	1	1
PKJKAM_01901	contig_44	265893	267200	-	BEJGEH_03194	1	shell	1	1	0
PKJKAM_01902	contig_44	267211	267693	-	BEJGEH_03193	1	shell	0	2	0
PKJKAM_01903	contig_44	267735	268718	-	BEJGEH_03192	1	shell	1	1	0
PKJKAM_01904	contig_44	269206	271377	+	GEGEGB_03247	1	persistent	2	1	2
PKJKAM_01905	contig_44	271580	271774	+	HFCAGB_03397	1	persistent	2	0	0
PKJKAM_01906	contig_44	271932	272387	-	LNHIMF_03217	1	persistent	3	0	0
PKJKAM_01907	contig_44	272432	273886	-	GEGEGB_03245	1	persistent	2	0	1
PKJKAM_01908	contig_44	274083	274910	-	LNHIMF_03215	1	persistent	2	0	0
PKJKAM_01909	contig_44	275016	276179	-	LNHIMF_03214	1	persistent	2	0	0
PKJKAM_01910	contig_44	276354	277271	+	LNHIMF_03213	1	persistent	2	0	0
PKJKAM_01911	contig_44	277335	277994	-	GEGEGB_03240	1	persistent	2	0	0
PKJKAM_01912	contig_44	278134	279321	-	LNHIMF_03211	1	persistent	2	0	0
PKJKAM_01913	contig_44	279443	279580	+	GEGEGB_03238	1	persistent	2	0	0
PKJKAM_01914	contig_44	279573	280307	+	GEGEGB_03237	1	persistent	2	0	0
PKJKAM_01915	contig_44	280314	280739	+	GEGEGB_03236	1	persistent	2	0	0
PKJKAM_01916	contig_44	280852	281736	-	GEGEGB_03235	1	persistent	2	0	0
PKJKAM_01917	contig_44	281860	282264	-	GEGEGB_03234	1	persistent	2	0	0
PKJKAM_01918	contig_44	282251	282661	-	LNHIMF_03205	1	persistent	2	0	0
PKJKAM_01919	contig_44	282765	283268	+	GEGEGB_03232	1	persistent	2	0	0
PKJKAM_01920	contig_44	283547	284041	+	GEGEGB_03231	1	persistent	2	0	0
PKJKAM_01921	contig_44	284348	285991	+	LNHIMF_03202	1	persistent	2	0	0
PKJKAM_01922	contig_44	286076	286363	+	GEGEGB_03228	1	persistent	2	0	0
PKJKAM_01923	contig_44	286553	287671	+	GEGEGB_03227	1	persistent	2	0	0
PKJKAM_01924	contig_44	287674	288660	+	GEGEGB_03226	1	persistent	2	0	0
PKJKAM_01925	contig_44	288650	289828	+	GEGEGB_03225	1	persistent	2	0	0
PKJKAM_01926	contig_44	289825	291528	+	LNHIMF_03197	1	persistent	2	0	0
PKJKAM_01927	contig_44	291528	292022	+	LNHIMF_03196	1	persistent	2	0	0
PKJKAM_01928	contig_44	292015	292503	+	GEGEGB_03222	1	persistent	2	0	0
PKJKAM_01929	contig_44	292496	292837	+	GEGEGB_03221	1	persistent	2	0	0
PKJKAM_01930	contig_44	292865	293113	+	GEGEGB_03220	1	persistent	2	0	0
PKJKAM_01931	contig_44	293189	294241	+	LNHIMF_03192	1	persistent	2	0	0
PKJKAM_01932	contig_44	294241	294951	+	BEJGEH_03157	1	persistent	2	0	0
PKJKAM_01933	contig_44	295019	295885	-	LNHIMF_03190	1	persistent	2	0	0
PKJKAM_01934	contig_44	296112	297968	+	GEGEGB_03216	1	persistent	2	0	0
PKJKAM_01935	contig_44	298638	299696	+	BEJGEH_03154	1	persistent	2	0	0
PKJKAM_01936	contig_44	299996	301408	-	LNHIMF_03187	1	persistent	2	0	0
PKJKAM_01937	contig_44	301420	302892	-	GEGEGB_03213	1	persistent	2	0	0
PKJKAM_01938	contig_44	303003	304187	-	GEGEGB_03212	1	persistent	2	0	0
PKJKAM_01939	contig_44	304592	305896	+	GEGEGB_03211	1	persistent	3	0	1
PKJKAM_01940	contig_44	306292	307170	+	LNHIMF_03179	1	persistent	2	0	1
PKJKAM_01941	contig_44	307209	308132	+	GEGEGB_03210	1	persistent	3	0	0
PKJKAM_01942	contig_44	308858	309340	+	PKJKAM_01942	1	persistent	2	0	0
PKJKAM_01943	contig_44	309340	309720	+	BEJGEH_03146	1	persistent	2	0	0
PKJKAM_01944	contig_44	309856	311340	-	LNHIMF_03175	1	persistent	2	0	0
PKJKAM_01945	contig_44	311502	312803	+	GEGEGB_03206	1	persistent	2	0	0
PKJKAM_01946	contig_44	312818	313192	+	BEJGEH_03143	1	persistent	2	0	0
PKJKAM_01947	contig_44	313401	314900	+	GEGEGB_03203	1	persistent	2	0	0
PKJKAM_01948	contig_44	314878	315435	+	LNHIMF_03171	1	persistent	2	0	0
PKJKAM_01949	contig_44	315540	316223	-	LNHIMF_03170	1	persistent	1	1	1
PKJKAM_01951	contig_44	316735	317919	+	HFCAGB_03350	1	shell	1	1	0
PKJKAM_01952	contig_44	317988	319727	+	LNHIMF_03167	1	shell	0	2	0
PKJKAM_01953	contig_44	319775	320653	-	LNHIMF_03166	1	shell	0	2	0
PKJKAM_01954	contig_44	320745	321587	+	LNHIMF_03165	1	shell	0	2	0
PKJKAM_01955	contig_44	321611	322138	+	HFCAGB_03346	1	shell	0	2	0
PKJKAM_01956	contig_44	322163	323488	+	AJBGEP_03293	1	shell	0	2	0
PKJKAM_01957	contig_44	323553	323933	+	LNHIMF_03162	1	shell	2	1	0
PKJKAM_01958	contig_44	324340	324633	+	GEGEGB_04603	1	persistent	2	1	1
PKJKAM_01959	contig_44	324630	325121	+	ONMMKP_03725	1	persistent	2	0	4
PKJKAM_01960	contig_44	325208	325906	+	PKJKAM_01960	1	cloud	1	0	1
PKJKAM_01961	contig_44	326049	327749	-	PKJKAM_01961	1	cloud	0	0	2
PKJKAM_01962	contig_44	327746	329659	-	PKJKAM_01962	1	cloud	0	0	2
PKJKAM_01963	contig_44	329685	329840	+	PKJKAM_01963	1	cloud	0	0	2
PKJKAM_01965	contig_44	330174	330635	+	ONMMKP_03733	1	cloud	0	0	3
PKJKAM_01966	contig_44	330632	330871	+	ONMMKP_03734	1	cloud	0	0	5
PKJKAM_01967	contig_44	330964	331629	-	PKJKAM_01967	1	cloud	0	0	1
PKJKAM_01969	contig_45	248	1510	-	GEGEGB_00143	1	persistent	2	0	0
PKJKAM_01970	contig_45	1507	2337	-	GEGEGB_00142	1	persistent	2	0	0
PKJKAM_01971	contig_45	2339	3259	-	HFCAGB_00133	1	persistent	2	0	0
PKJKAM_01972	contig_45	3252	4727	-	GEGEGB_00140	1	persistent	2	0	0
PKJKAM_01973	contig_45	4846	5913	-	LNHIMF_00132	1	persistent	2	0	0
PKJKAM_01974	contig_45	5910	7154	-	GEGEGB_00138	1	persistent	2	0	0
PKJKAM_01975	contig_45	7154	8470	-	LNHIMF_00130	1	persistent	2	0	0
PKJKAM_01976	contig_45	8473	9555	-	GEGEGB_00136	1	persistent	2	0	0
PKJKAM_01977	contig_45	9549	10907	-	LNHIMF_00128	1	persistent	2	0	0
PKJKAM_01978	contig_45	10904	12391	-	GEGEGB_00134	1	persistent	2	0	0
PKJKAM_01979	contig_45	12378	14144	-	GEGEGB_00133	1	persistent	2	0	0
PKJKAM_01980	contig_45	14160	14525	-	GEGEGB_00132	1	persistent	2	0	0
PKJKAM_01981	contig_45	14522	15463	-	LNHIMF_00124	1	persistent	2	0	0
PKJKAM_01982	contig_45	15465	15923	-	LNHIMF_00123	1	persistent	2	0	0
PKJKAM_01983	contig_45	16529	17533	-	GEGEGB_00129	1	persistent	2	0	0
PKJKAM_01984	contig_45	17817	18311	-	LNHIMF_00121	1	persistent	2	0	0
PKJKAM_01985	contig_45	18311	20035	-	BEJGEH_00124	1	persistent	2	0	0
PKJKAM_01986	contig_45	20357	21301	-	LNHIMF_00119	1	persistent	2	0	0
PKJKAM_01987	contig_45	21958	22044	+	LNHIMF_00118	1	persistent	2	0	0
PKJKAM_01988	contig_45	22132	23703	+	LNHIMF_00117	1	persistent	2	0	0
PKJKAM_01989	contig_45	23703	24794	+	LNHIMF_00116	1	persistent	2	0	0
PKJKAM_01990	contig_45	24797	26197	+	GEGEGB_00122	1	persistent	2	0	0
PKJKAM_01991	contig_45	26208	26813	+	LNHIMF_00114	1	persistent	2	0	1
PKJKAM_01993	contig_45	27149	27271	-	GEGEGB_00120	1	persistent	2	0	1
PKJKAM_01994	contig_45	27364	29022	+	GEGEGB_00118	1	persistent	2	0	0
PKJKAM_01995	contig_45	29200	30183	+	GEGEGB_00117	1	persistent	2	0	0
PKJKAM_01996	contig_45	30159	31769	+	LNHIMF_00109	1	persistent	2	0	0
PKJKAM_01997	contig_45	31753	32460	+	GEGEGB_00115	1	persistent	2	0	0
PKJKAM_01998	contig_45	32499	33266	-	GEGEGB_00114	1	persistent	2	0	0
PKJKAM_01999	contig_45	33385	34230	-	LNHIMF_00106	1	persistent	2	0	0
PKJKAM_02000	contig_45	34571	36280	+	GEGEGB_00112	1	persistent	2	0	0
PKJKAM_02001	contig_45	36291	37793	+	LNHIMF_00104	1	persistent	2	0	0
PKJKAM_02002	contig_45	37934	38629	+	BEJGEH_00107	1	persistent	2	0	1
PKJKAM_02003	contig_45	38635	39054	-	GEGEGB_00109	1	persistent	2	0	1
PKJKAM_02004	contig_45	39572	40192	+	HFCAGB_00098	1	persistent	2	0	1
PKJKAM_02005	contig_45	40236	42587	+	LNHIMF_00100	1	persistent	2	0	2
PKJKAM_02006	contig_45	42761	45667	+	GEGEGB_00103	1	persistent	2	0	0
PKJKAM_02007	contig_45	45679	46338	+	LNHIMF_00098	1	persistent	2	0	0
PKJKAM_02008	contig_45	46433	47245	-	GEGEGB_00101	1	persistent	2	0	0
PKJKAM_02009	contig_45	47499	49859	+	GEGEGB_00100	1	persistent	2	0	0
PKJKAM_02010	contig_45	49913	50323	+	GEGEGB_00099	2	persistent	2	0	0
PKJKAM_02011	contig_45	50406	51203	+	GEGEGB_00099	2	persistent	2	0	0
PKJKAM_02012	contig_45	51203	52192	+	GEGEGB_00098	1	persistent	2	0	0
PKJKAM_02013	contig_45	52189	53010	+	GEGEGB_00097	1	persistent	2	0	0
PKJKAM_02014	contig_45	53013	53390	+	LNHIMF_00092	1	persistent	2	0	0
PKJKAM_02015	contig_45	53401	54249	+	GEGEGB_00095	1	persistent	2	0	0
PKJKAM_02016	contig_45	54355	54834	-	GEGEGB_00094	1	persistent	2	0	0
PKJKAM_02017	contig_45	55033	56895	-	GEGEGB_00093	1	persistent	2	0	0
PKJKAM_02018	contig_45	56888	57418	-	LNHIMF_00088	1	persistent	3	0	0
PKJKAM_02019	contig_45	57972	59861	-	BEJGEH_00088	1	persistent	2	0	0
PKJKAM_02020	contig_45	60759	61049	+	GEGEGB_00088	1	persistent	2	0	0
PKJKAM_02021	contig_45	61273	61695	-	GEGEGB_00086	1	persistent	2	0	0
PKJKAM_02022	contig_45	61989	62219	-	GEGEGB_00085	1	persistent	3	0	0
PKJKAM_02023	contig_45	62308	63648	-	GEGEGB_00084	1	persistent	2	0	0
PKJKAM_02025	contig_45	63795	64082	-	GEGEGB_00082	1	persistent	2	0	0
PKJKAM_02026	contig_45	64079	65365	-	GEGEGB_00081	1	persistent	2	0	0
PKJKAM_02027	contig_45	65415	66356	-	GEGEGB_00080	1	persistent	2	0	0
PKJKAM_02028	contig_45	66372	67142	-	GEGEGB_00079	1	persistent	2	0	0
PKJKAM_02029	contig_45	67623	69140	+	LNHIMF_00076	1	persistent	2	0	0
PKJKAM_02030	contig_45	69175	70317	+	GEGEGB_00077	1	persistent	2	0	0
PKJKAM_02031	contig_45	70429	71646	+	GEGEGB_00076	1	persistent	2	0	0
PKJKAM_02032	contig_45	71709	73262	+	LNHIMF_00073	1	persistent	2	0	0
PKJKAM_02033	contig_45	73316	74101	+	LNHIMF_00072	1	persistent	2	0	0
PKJKAM_02034	contig_45	74211	74807	+	GEGEGB_00073	1	persistent	2	0	0
PKJKAM_02035	contig_45	74885	75280	-	GEGEGB_00072	1	persistent	2	1	0
PKJKAM_02036	contig_45	75554	78781	-	LNHIMF_00069	1	persistent	2	1	0
PKJKAM_02037	contig_45	78800	79948	-	LNHIMF_00068	1	persistent	2	1	1
PKJKAM_02038	contig_45	80565	80852	+	AJBGEP_00067	1	shell	2	0	0
PKJKAM_02039	contig_45	80978	81799	-	GEGEGB_00069	1	persistent	2	1	1
PKJKAM_02040	contig_45	81979	82887	-	LNHIMF_00065	1	persistent	2	0	0
PKJKAM_02041	contig_45	82865	83416	-	GEGEGB_00067	1	persistent	2	0	0
PKJKAM_02042	contig_45	83416	84936	-	LNHIMF_00063	1	persistent	2	0	0
PKJKAM_02043	contig_45	84947	85816	-	LNHIMF_00062	1	persistent	2	0	0
PKJKAM_02044	contig_45	85813	86106	-	GEGEGB_00064	1	persistent	2	0	0
PKJKAM_02045	contig_45	86136	87179	-	GEGEGB_00063	1	persistent	2	0	0
PKJKAM_02046	contig_45	87424	88764	+	GEGEGB_00062	1	persistent	2	0	0
PKJKAM_02047	contig_45	88923	89162	+	AJBGEP_03535	3	persistent	3	1	0
PKJKAM_02048	contig_45	89179	90948	+	GEGEGB_00060	3	persistent	2	0	1
PKJKAM_02049	contig_45	90964	92265	+	LNHIMF_00056	2	persistent	4	0	0
PKJKAM_02050	contig_45	92361	94019	+	BEJGEH_00056	1	persistent	2	0	0
PKJKAM_02051	contig_45	94021	94728	+	GEGEGB_00057	1	persistent	2	0	0
PKJKAM_02052	contig_45	94729	95649	-	GEGEGB_00056	1	persistent	2	0	0
PKJKAM_02053	contig_45	95665	96867	-	AJBGEP_00052	1	persistent	2	0	0
PKJKAM_02055	contig_45	97067	98017	-	GEGEGB_00053	1	persistent	2	0	0
PKJKAM_02056	contig_45	98020	98469	-	GEGEGB_00052	1	persistent	2	0	0
PKJKAM_02057	contig_45	98624	99124	-	LNHIMF_00048	1	persistent	2	0	0
PKJKAM_02058	contig_45	99124	101958	-	LNHIMF_00047	1	persistent	2	0	0
PKJKAM_02059	contig_45	102003	102941	-	GEGEGB_00049	1	persistent	2	0	1
PKJKAM_02060	contig_45	103285	103494	-	LNHIMF_00045	1	persistent	2	0	0
PKJKAM_02061	contig_45	103989	105362	+	LNHIMF_00044	1	persistent	2	0	1
PKJKAM_02062	contig_45	105402	107441	+	LNHIMF_00043	1	persistent	2	0	0
PKJKAM_02063	contig_45	107496	108389	-	GEGEGB_00045	1	persistent	2	0	0
PKJKAM_02064	contig_45	108457	109623	-	LNHIMF_00041	1	persistent	2	0	1
PKJKAM_02065	contig_45	109786	111501	-	LNHIMF_00040	1	persistent	1	1	1
PKJKAM_02066	contig_45	111619	112875	-	IKCLMC_03170	1	shell	1	1	0
PKJKAM_02067	contig_45	112900	114090	-	LNHIMF_00038	1	shell	1	1	0
PKJKAM_02068	contig_45	114189	115682	-	LNHIMF_00037	1	persistent	0	2	2
PKJKAM_02069	contig_45	116279	117040	+	GEGEGB_00039	1	shell	1	1	0
PKJKAM_02070	contig_45	117148	118710	+	GEGEGB_00038	1	shell	0	2	0
PKJKAM_02071	contig_45	118756	120474	-	BEJGEH_00035	1	shell	0	2	0
PKJKAM_02072	contig_45	120997	121437	+	HFCAGB_00034	1	shell	0	2	0
PKJKAM_02073	contig_45	121445	122449	-	AJBGEP_00032	1	shell	2	1	0
PKJKAM_02074	contig_45	122819	123268	+	GEGEGB_00034	1	persistent	1	1	1
PKJKAM_02075	contig_45	123368	123655	-	LNHIMF_00030	1	persistent	2	1	0
PKJKAM_02076	contig_45	123694	124539	-	LNHIMF_00029	1	persistent	2	0	1
PKJKAM_02077	contig_45	124603	125334	-	LNHIMF_00028	1	persistent	2	0	0
PKJKAM_02078	contig_45	125300	125818	-	GEGEGB_00030	1	persistent	2	0	0
PKJKAM_02079	contig_45	125834	126379	-	LNHIMF_00026	1	persistent	2	0	0
PKJKAM_02080	contig_45	126380	127387	-	LNHIMF_00025	1	persistent	2	0	0
PKJKAM_02081	contig_45	127388	130009	-	LNHIMF_00024	1	persistent	2	0	0
PKJKAM_02082	contig_45	130014	130700	-	LNHIMF_00023	1	persistent	2	0	0
PKJKAM_02083	contig_45	130801	131343	-	LNHIMF_00022	1	persistent	2	0	0
PKJKAM_02084	contig_45	131773	132477	-	BEJGEH_00022	1	persistent	2	0	0
PKJKAM_02085	contig_45	132758	135754	-	LNHIMF_00020	1	persistent	2	0	0
PKJKAM_02086	contig_45	135846	137945	-	BEJGEH_00020	1	persistent	2	0	0
PKJKAM_02087	contig_45	138326	138769	+	GEGEGB_00018	1	persistent	2	0	0
PKJKAM_02088	contig_45	138786	139319	+	LNHIMF_00017	1	persistent	2	0	0
PKJKAM_02089	contig_45	139379	139723	-	LNHIMF_00016	1	persistent	2	0	0
PKJKAM_02090	contig_45	139850	140797	-	GEGEGB_00015	1	persistent	2	0	1
PKJKAM_02091	contig_45	140991	141131	+	BEJGEH_00015	1	cloud	2	0	0
PKJKAM_02092	contig_45	141078	142217	-	GEGEGB_00014	1	persistent	2	0	1
PKJKAM_02094	contig_45	142303	144219	-	GEGEGB_00012	1	persistent	2	0	0
PKJKAM_02095	contig_45	144568	144972	+	GEGEGB_00011	1	persistent	2	0	0
PKJKAM_02096	contig_45	145008	145721	+	GEGEGB_00010	1	persistent	2	0	0
PKJKAM_02097	contig_45	145871	146437	+	GEGEGB_00009	1	persistent	2	0	0
PKJKAM_02098	contig_45	146494	147084	-	GEGEGB_00008	1	persistent	2	0	0
PKJKAM_02099	contig_45	147195	148148	-	GEGEGB_00007	1	persistent	2	0	0
PKJKAM_02100	contig_45	148417	149847	+	GEGEGB_00006	1	persistent	2	0	0
PKJKAM_02101	contig_45	149926	150699	+	GEGEGB_00005	1	persistent	2	0	0
PKJKAM_02102	contig_45	150793	152079	-	GEGEGB_00004	1	persistent	2	0	0
PKJKAM_02103	contig_45	152083	153012	-	GEGEGB_00003	1	persistent	2	0	0
PKJKAM_02104	contig_45	153014	155476	-	GEGEGB_00002	1	persistent	2	0	0
PKJKAM_02105	contig_45	155558	155644	-	GEGEGB_00001	1	persistent	2	0	0
PKJKAM_02106	contig_45	155837	156523	-	LNHIMF_04663	1	persistent	2	0	0
PKJKAM_02107	contig_45	157159	157875	+	GEGEGB_04897	1	persistent	2	0	1
PKJKAM_02108	contig_45	158142	158456	+	BEJGEH_04700	1	persistent	2	0	0
PKJKAM_02109	contig_45	158841	159512	+	GEGEGB_04895	1	persistent	2	0	1
PKJKAM_02110	contig_45	159851	160396	+	LNHIMF_04659	1	persistent	2	0	0
PKJKAM_02111	contig_45	160467	161150	+	LNHIMF_04658	1	persistent	2	0	0
PKJKAM_02112	contig_45	161196	163733	+	LNHIMF_04657	1	persistent	2	0	0
PKJKAM_02113	contig_45	163751	164308	+	LNHIMF_04656	1	persistent	2	0	1
PKJKAM_02114	contig_45	164349	165434	+	BEJGEH_04694	1	persistent	2	0	0
PKJKAM_02115	contig_45	165492	166841	-	GEGEGB_04888	1	persistent	2	0	1
PKJKAM_02116	contig_45	166899	168323	-	BEJGEH_04692	1	persistent	2	0	0
PKJKAM_02117	contig_45	168323	169012	-	LNHIMF_04652	1	persistent	2	0	0
PKJKAM_02118	contig_45	169025	169513	-	GEGEGB_04885	1	persistent	2	0	0
PKJKAM_02119	contig_45	169503	169610	-	LNHIMF_04650	1	persistent	2	0	0
PKJKAM_02120	contig_45	169710	170579	+	LNHIMF_04649	1	persistent	2	0	0
PKJKAM_02121	contig_45	170576	171223	-	LNHIMF_04648	1	persistent	2	0	1
PKJKAM_02122	contig_45	171272	171787	+	BEJGEH_04686	1	persistent	2	0	0
PKJKAM_02123	contig_45	171889	172215	-	GEGEGB_04880	1	persistent	2	0	1
PKJKAM_02124	contig_45	172273	174210	-	GEGEGB_04879	1	persistent	2	0	0
PKJKAM_02125	contig_45	174419	176086	+	LNHIMF_04644	1	persistent	2	0	0
PKJKAM_02126	contig_45	176204	177436	-	GEGEGB_04877	1	persistent	2	0	0
PKJKAM_02127	contig_45	177587	178969	-	GEGEGB_04876	1	persistent	2	0	0
PKJKAM_02128	contig_45	179053	180021	-	GEGEGB_04875	1	persistent	2	0	0
PKJKAM_02129	contig_45	180138	180782	+	GEGEGB_04874	1	persistent	2	0	0
PKJKAM_02130	contig_45	180816	181832	+	BEJGEH_04678	1	persistent	1	1	2
PKJKAM_02131	contig_45	182145	182834	+	AJBGEP_04792	1	shell	1	1	0
PKJKAM_02132	contig_45	182882	183571	+	BEJGEH_04676	1	shell	0	2	0
PKJKAM_02133	contig_45	183649	184356	+	BEJGEH_04675	1	shell	0	2	0
PKJKAM_02134	contig_45	184370	186778	+	BEJGEH_04674	1	shell	0	2	0
PKJKAM_02135	contig_45	186775	187347	+	BEJGEH_04673	1	shell	1	1	0
PKJKAM_02136	contig_45	187385	188104	-	GEGEGB_04871	1	persistent	1	1	2
PKJKAM_02137	contig_45	188314	189537	-	GEGEGB_04870	1	persistent	2	0	0
PKJKAM_02138	contig_45	189589	190911	-	GEGEGB_04869	1	persistent	2	0	0
PKJKAM_02139	contig_45	191035	191814	-	GEGEGB_04868	1	persistent	2	0	0
PKJKAM_02140	contig_45	192074	193624	+	BEJGEH_04668	1	persistent	1	2	0
PKJKAM_02141	contig_45	193872	194459	+	BEJGEH_04667	1	shell	2	0	0
PKJKAM_02142	contig_45	194492	195265	-	LNHIMF_04631	1	persistent	1	2	0
PKJKAM_02143	contig_45	195262	196356	-	LNHIMF_04630	1	persistent	2	0	0
PKJKAM_02144	contig_45	196459	196620	-	GEGEGB_04863	1	persistent	2	0	0
PKJKAM_02145	contig_45	196749	197366	-	GEGEGB_04862	1	persistent	2	0	0
PKJKAM_02146	contig_45	197768	199357	-	GEGEGB_04861	1	persistent	2	0	0
PKJKAM_02147	contig_45	199449	200129	-	LNHIMF_04626	1	persistent	2	0	0
PKJKAM_02148	contig_45	200148	200594	-	LNHIMF_04625	1	persistent	2	0	0
PKJKAM_02149	contig_45	200539	200976	-	BEJGEH_04659	1	persistent	2	0	1
PKJKAM_02150	contig_45	201079	202107	+	LNHIMF_04623	1	persistent	2	0	0
PKJKAM_02154	contig_45	202648	202884	-	GEGEGB_04853	1	persistent	2	0	0
PKJKAM_02155	contig_45	203135	204199	+	BEJGEH_04653	1	persistent	2	0	0
PKJKAM_02156	contig_45	204320	205108	+	GEGEGB_04851	1	persistent	2	0	0
PKJKAM_02157	contig_45	205259	205717	+	LNHIMF_04616	1	persistent	2	0	0
PKJKAM_02158	contig_45	205768	206442	-	GEGEGB_04849	1	persistent	2	0	0
PKJKAM_02159	contig_45	206403	207128	-	GEGEGB_04848	1	persistent	2	0	1
PKJKAM_02160	contig_45	207673	208617	+	LNHIMF_04613	1	persistent	2	0	1
PKJKAM_02161	contig_45	208608	209081	+	LNHIMF_04612	1	persistent	2	0	0
PKJKAM_02162	contig_45	209174	209713	+	GEGEGB_04845	1	persistent	2	0	0
PKJKAM_02163	contig_45	209716	210453	+	GEGEGB_04844	1	persistent	2	0	0
PKJKAM_02164	contig_45	210511	210972	+	LNHIMF_04609	1	persistent	2	0	0
PKJKAM_02165	contig_45	211255	213546	+	GEGEGB_04842	1	persistent	2	1	0
PKJKAM_02166	contig_45	213680	214690	-	HFCAGB_04779	1	shell	1	1	0
PKJKAM_02167	contig_45	214708	215769	-	HFCAGB_04778	1	shell	0	2	0
PKJKAM_02168	contig_45	215782	216630	-	LNHIMF_04605	1	shell	0	2	0
PKJKAM_02169	contig_45	216608	217387	-	LNHIMF_04604	1	shell	0	2	0
PKJKAM_02170	contig_45	217413	217874	-	LNHIMF_04603	1	shell	0	2	0
PKJKAM_02171	contig_45	217889	218311	-	HFCAGB_04774	1	shell	0	2	0
PKJKAM_02172	contig_45	218413	221178	-	AJBGEP_04751	1	shell	1	1	0
PKJKAM_02173	contig_45	221502	223163	-	LNHIMF_04600	1	persistent	2	1	1
PKJKAM_02174	contig_45	223530	225680	+	GEGEGB_04839	1	persistent	2	0	1
PKJKAM_02175	contig_45	225775	225978	+	GEGEGB_04838	1	persistent	2	0	0
PKJKAM_02176	contig_45	225989	226945	+	LNHIMF_04597	1	persistent	1	1	2
PKJKAM_02177	contig_45	227061	228029	-	ONMMKP_02245	1	cloud	1	0	1
PKJKAM_02178	contig_45	228171	230600	+	ONMMKP_02246	1	cloud	0	0	2
PKJKAM_02179	contig_45	230671	232140	+	ONMMKP_02247	1	cloud	0	0	3
PKJKAM_02180	contig_45	232140	233885	+	PKJKAM_02180	1	cloud	0	0	2
PKJKAM_02182	contig_45	234102	234422	+	ONMMKP_02250	1	cloud	0	0	3
PKJKAM_02183	contig_45	234467	236320	-	ONMMKP_02251	1	cloud	0	1	1
PKJKAM_02184	contig_45	236456	237376	+	LNHIMF_04594	1	shell	1	0	3
PKJKAM_02185	contig_45	237453	237617	-	GEGEGB_04826	1	persistent	1	2	0
PKJKAM_02186	contig_45	237823	239193	-	LNHIMF_04592	1	persistent	1	2	0
PKJKAM_02187	contig_45	239374	240327	-	GEGEGB_04823	1	shell	2	0	0
PKJKAM_02188	contig_45	240806	242047	+	OEKLIE_03605	1	persistent	1	2	0
PKJKAM_02189	contig_45	242134	243405	+	LNHIMF_04589	1	persistent	2	0	0
PKJKAM_02190	contig_45	243625	244809	+	LNHIMF_04588	1	persistent	2	0	0
PKJKAM_02191	contig_45	245681	246352	+	GEGEGB_04819	1	persistent	2	0	0
PKJKAM_02192	contig_45	246349	246810	+	GEGEGB_04818	1	persistent	2	0	0
PKJKAM_02193	contig_45	246823	247995	+	GEGEGB_04817	1	persistent	2	0	0
PKJKAM_02194	contig_45	248114	249022	+	GEGEGB_04816	1	persistent	2	0	0
PKJKAM_02195	contig_45	249028	249762	-	LNHIMF_04583	1	persistent	2	0	0
PKJKAM_02196	contig_45	250001	250447	-	LNHIMF_04582	1	persistent	2	0	0
PKJKAM_02198	contig_45	251248	252261	+	LNHIMF_04580	1	persistent	2	0	0
PKJKAM_02199	contig_45	252262	252987	-	LNHIMF_04579	1	persistent	1	1	1
PKJKAM_02200	contig_45	253532	254059	+	AJBGEP_04722	1	shell	2	0	0
PKJKAM_02201	contig_45	254056	254517	-	BEJGEH_04618	1	persistent	1	1	1
PKJKAM_02202	contig_45	254722	255633	-	LNHIMF_04576	1	persistent	2	1	0
PKJKAM_02204	contig_45	255909	256904	-	AJBGEP_04718	1	shell	2	0	0
PKJKAM_02205	contig_45	257156	257764	-	GEGEGB_04807	1	persistent	2	1	2
PKJKAM_02206	contig_45	258252	258509	+	GEGEGB_04806	1	persistent	2	0	4
PKJKAM_02207	contig_45	258520	260145	+	LNHIMF_04572	1	persistent	2	0	2
PKJKAM_02208	contig_45	260705	261421	+	HFCAGB_04730	1	persistent	2	0	0
PKJKAM_02209	contig_45	261363	261470	+	GEGEGB_04803	1	persistent	1	1	6
PKJKAM_02210	contig_45	261901	262776	-	ALJMDI_03931	1	shell	1	0	11
PKJKAM_02211	contig_45	263174	264094	-	IKCLMC_03961	1	cloud	0	3	1
PKJKAM_02212	contig_45	264043	264321	-	IKCLMC_03958	1	cloud	1	1	2
PKJKAM_02213	contig_45	264683	264874	+	PKJKAM_02213	1	cloud	0	0	2
PKJKAM_02214	contig_45	265331	266218	-	PKJKAM_02214	1	cloud	0	0	2
PKJKAM_02215	contig_45	266205	267326	-	PKJKAM_02215	1	cloud	0	0	2
PKJKAM_02216	contig_45	267457	268707	-	PKJKAM_02216	1	cloud	1	0	6
PKJKAM_02218	contig_45	269203	270222	+	LNHIMF_04563	1	persistent	1	0	8
PKJKAM_02219	contig_45	270250	270780	-	LNHIMF_04562	1	persistent	2	0	0
PKJKAM_02220	contig_45	270997	272028	+	LNHIMF_04561	1	persistent	2	0	0
PKJKAM_02221	contig_45	272053	272817	+	LNHIMF_04560	1	persistent	2	0	0
PKJKAM_02222	contig_45	272879	274198	+	BEJGEH_04557	1	persistent	2	0	1
PKJKAM_02223	contig_45	274262	275260	+	GEGEGB_04763	1	persistent	2	0	0
PKJKAM_02224	contig_45	275455	276537	-	LNHIMF_04557	1	persistent	2	0	0
PKJKAM_02225	contig_45	276537	277637	-	GEGEGB_04761	1	persistent	2	0	0
PKJKAM_02226	contig_45	278032	279543	+	LNHIMF_04554	1	persistent	2	0	0
PKJKAM_02228	contig_45	279641	280123	+	LNHIMF_04553	1	persistent	2	0	0
PKJKAM_02229	contig_45	280123	282978	+	GEGEGB_04757	1	persistent	2	0	0
PKJKAM_02230	contig_45	283120	284307	-	LNHIMF_04551	1	persistent	2	0	0
PKJKAM_02231	contig_45	284502	285005	+	LNHIMF_04550	1	persistent	2	0	0
PKJKAM_02232	contig_45	285112	285600	+	GEGEGB_04754	1	persistent	2	0	1
PKJKAM_02233	contig_45	285834	286598	-	GEGEGB_04752	1	persistent	2	1	1
PKJKAM_02234	contig_45	286658	287074	-	GEGEGB_04751	1	persistent	2	1	0
PKJKAM_02235	contig_45	287240	288244	+	LNHIMF_04546	1	persistent	2	0	0
PKJKAM_02236	contig_45	288318	288770	-	GEGEGB_04749	1	persistent	2	0	0
PKJKAM_02237	contig_45	289446	290666	+	GEGEGB_04748	1	persistent	2	0	0
PKJKAM_02238	contig_45	290677	291609	+	BENMGJ_01145	1	persistent	2	0	0
PKJKAM_02239	contig_45	291721	292725	+	GEGEGB_04746	1	persistent	2	0	0
PKJKAM_02240	contig_45	292781	294184	+	GEGEGB_04745	1	persistent	2	0	0
PKJKAM_02241	contig_45	294371	294859	+	LNHIMF_04539	1	persistent	3	0	0
PKJKAM_02242	contig_45	294950	295051	+	GEGEGB_04743	1	persistent	2	0	0
PKJKAM_02243	contig_45	295087	296022	+	GEGEGB_04742	1	persistent	3	0	0
PKJKAM_02244	contig_45	296035	296496	+	GEGEGB_04741	1	persistent	2	0	0
PKJKAM_02245	contig_45	296573	296959	+	GEGEGB_04740	1	persistent	3	0	0
PKJKAM_02246	contig_45	297048	299756	-	GEGEGB_04738	1	persistent	3	0	0
PKJKAM_02247	contig_45	299897	299950	-	GEGEGB_04737	1	persistent	2	0	0
PKJKAM_02248	contig_45	300140	301087	+	LNHIMF_04532	1	persistent	2	0	0
PKJKAM_02249	contig_45	301225	302643	+	LNHIMF_04531	1	persistent	2	0	0
PKJKAM_02250	contig_45	302693	304345	+	LNHIMF_04530	1	persistent	2	0	0
PKJKAM_02251	contig_45	304754	306892	+	LNHIMF_04529	1	persistent	2	0	0
PKJKAM_02253	contig_45	307013	307477	+	GEGEGB_04731	1	persistent	2	0	1
PKJKAM_02254	contig_45	307481	307765	-	GEGEGB_04730	1	persistent	2	0	0
PKJKAM_02255	contig_45	307755	307997	-	GEGEGB_04729	1	persistent	2	0	0
PKJKAM_02256	contig_45	308075	309988	-	LNHIMF_04525	1	persistent	2	0	1
PKJKAM_02257	contig_45	310005	310745	-	LNHIMF_04524	1	persistent	2	0	0
PKJKAM_02258	contig_45	310742	311860	-	GEGEGB_04726	1	persistent	2	0	0
PKJKAM_02259	contig_45	311844	312977	-	GEGEGB_04725	1	persistent	2	0	0
PKJKAM_02260	contig_45	313036	313680	-	GEGEGB_04724	1	persistent	2	0	0
PKJKAM_02261	contig_45	313692	314468	-	GEGEGB_04723	1	persistent	2	0	0
PKJKAM_02262	contig_45	314491	314793	-	GEGEGB_04722	1	persistent	2	0	0
PKJKAM_02263	contig_45	314793	315155	-	GEGEGB_04721	1	persistent	2	0	0
PKJKAM_02264	contig_45	315166	315495	-	GEGEGB_04720	1	persistent	2	0	0
PKJKAM_02265	contig_45	315782	316168	-	GEGEGB_04719	1	persistent	2	0	0
PKJKAM_02266	contig_45	316267	317619	-	GEGEGB_04718	1	persistent	2	0	0
PKJKAM_02267	contig_45	317715	318266	+	GEGEGB_04717	1	persistent	2	1	0
PKJKAM_02268	contig_45	318322	319206	-	BEJGEH_04511	1	shell	1	1	0
PKJKAM_02269	contig_45	319259	320074	-	BEJGEH_04510	1	shell	0	2	0
PKJKAM_02270	contig_45	320235	321461	-	BEJGEH_04509	1	shell	0	2	0
PKJKAM_02271	contig_45	321534	322556	-	BEJGEH_04508	1	shell	0	2	0
PKJKAM_02272	contig_45	322737	324677	-	BEJGEH_04507	1	shell	0	2	0
PKJKAM_02273	contig_45	325100	327031	+	BEJGEH_04506	1	shell	0	2	0
PKJKAM_02274	contig_45	327092	328258	+	BEJGEH_04505	1	shell	0	2	0
PKJKAM_02275	contig_45	328255	329088	-	BEJGEH_04504	1	shell	0	2	0
PKJKAM_02276	contig_45	329089	330432	-	BEJGEH_04503	1	shell	0	2	0
PKJKAM_02277	contig_45	330529	331539	-	BEJGEH_04502	1	shell	0	2	0
PKJKAM_02278	contig_45	331558	332463	-	BEJGEH_04501	1	shell	0	2	0
PKJKAM_02279	contig_45	332738	333613	-	BEJGEH_04500	1	shell	0	2	0
PKJKAM_02280	contig_45	334003	335508	+	BEJGEH_04499	1	shell	0	2	0
PKJKAM_02281	contig_45	335533	336342	+	BEJGEH_04498	1	shell	0	2	0
PKJKAM_02282	contig_45	336695	338131	-	BEJGEH_04497	1	shell	0	2	1
PKJKAM_02283	contig_45	338168	338362	+	OEKLIE_03501	1	cloud	0	2	0
PKJKAM_02284	contig_45	338590	340023	+	BEJGEH_04496	1	shell	0	2	1
PKJKAM_02285	contig_45	340074	340907	-	BEJGEH_04495	1	shell	0	2	0
PKJKAM_02286	contig_45	341087	341401	+	BEJGEH_04494	1	shell	1	1	0
PKJKAM_02287	contig_45	341398	342777	-	BEJGEH_04493	1	persistent	2	1	0
PKJKAM_02288	contig_45	342952	343950	+	LNHIMF_04512	1	persistent	2	0	0
PKJKAM_02289	contig_45	344177	344707	+	GEGEGB_04714	1	persistent	2	0	0
PKJKAM_02290	contig_45	345120	346280	+	LNHIMF_04510	1	persistent	2	0	0
PKJKAM_02291	contig_45	346277	347485	+	LNHIMF_04509	1	persistent	2	0	0
PKJKAM_02292	contig_45	347540	347884	-	GEGEGB_04711	1	persistent	2	0	0
PKJKAM_02293	contig_45	347887	351666	-	LNHIMF_04507	1	persistent	2	0	0
PKJKAM_02294	contig_45	351663	353396	-	GEGEGB_04709	1	persistent	2	0	0
PKJKAM_02295	contig_45	353609	354247	+	GEGEGB_04708	1	persistent	2	0	0
PKJKAM_02297	contig_45	354430	355773	+	GEGEGB_04706	1	persistent	2	0	1
PKJKAM_02298	contig_45	355858	356064	-	GEGEGB_04702	1	persistent	2	1	0
PKJKAM_02299	contig_45	356391	356948	+	GEGEGB_04701	1	persistent	2	0	0
PKJKAM_02300	contig_45	356938	357678	-	GEGEGB_04700	1	persistent	2	0	0
PKJKAM_02301	contig_45	357946	359889	+	BEJGEH_04479	1	persistent	2	0	0
PKJKAM_02302	contig_45	359947	360333	-	GEGEGB_04698	1	persistent	2	0	0
PKJKAM_02303	contig_45	360421	361269	+	LNHIMF_04497	1	persistent	2	0	0
PKJKAM_02304	contig_45	361350	362315	+	LNHIMF_04496	1	persistent	2	0	0
PKJKAM_02305	contig_45	362418	363080	+	LNHIMF_04495	1	persistent	2	0	1
PKJKAM_02306	contig_45	363192	364601	-	LNHIMF_04494	1	persistent	2	0	1
PKJKAM_02307	contig_45	364897	365517	-	GEGEGB_04691	1	persistent	2	0	0
PKJKAM_02308	contig_46	450	1652	+	LNHIMF_03103	1	persistent	2	0	0
PKJKAM_02309	contig_46	2107	3201	+	GEGEGB_03130	1	persistent	2	0	0
PKJKAM_02310	contig_46	3227	3616	+	GEGEGB_03129	1	persistent	2	0	0
PKJKAM_02311	contig_46	3779	6652	+	BEJGEH_03068	1	persistent	2	0	0
PKJKAM_02312	contig_46	7108	8001	+	BEJGEH_03067	1	persistent	2	0	0
PKJKAM_02313	contig_46	8049	9482	-	LNHIMF_03097	1	persistent	2	0	0
PKJKAM_02314	contig_46	9572	9952	+	AJBGEP_03225	1	persistent	2	0	0
PKJKAM_02315	contig_46	10116	10775	+	GEGEGB_03124	1	persistent	3	0	0
PKJKAM_02316	contig_46	10783	10974	+	GEGEGB_03123	1	persistent	2	0	0
PKJKAM_02317	contig_46	10891	11871	-	GEGEGB_03122	1	persistent	3	0	0
PKJKAM_02318	contig_46	12121	12387	+	GEGEGB_03121	1	persistent	2	0	0
PKJKAM_02319	contig_46	12368	12781	+	LNHIMF_03091	1	persistent	2	0	0
PKJKAM_02320	contig_46	12834	13355	-	GEGEGB_03119	1	persistent	2	0	0
PKJKAM_02321	contig_46	13468	14364	+	GEGEGB_03118	1	persistent	2	0	0
PKJKAM_02322	contig_46	14388	15101	+	GEGEGB_03117	1	persistent	2	0	0
PKJKAM_02323	contig_46	15239	16840	+	LNHIMF_03087	1	persistent	2	0	0
PKJKAM_02324	contig_46	17162	18043	+	GEGEGB_03115	1	persistent	2	0	0
PKJKAM_02325	contig_46	18053	19570	+	LNHIMF_03085	1	persistent	2	0	0
PKJKAM_02326	contig_46	19646	20191	-	LNHIMF_03084	1	persistent	2	0	0
PKJKAM_02328	contig_46	20456	21214	+	GEGEGB_03111	1	persistent	2	1	2
PKJKAM_02330	contig_46	21499	22269	-	LNHIMF_03080	1	persistent	1	2	2
PKJKAM_02331	contig_46	22469	22675	-	PKJKAM_02331	1	cloud	2	0	1
PKJKAM_02333	contig_46	23473	24009	+	GEGEGB_03098	1	persistent	1	1	4
PKJKAM_02334	contig_46	24056	24688	+	LNHIMF_03075	1	persistent	2	0	0
PKJKAM_02335	contig_46	25407	25994	+	BEJGEH_03044	1	persistent	2	0	0
PKJKAM_02336	contig_46	26114	28603	+	LNHIMF_03073	1	persistent	2	0	0
PKJKAM_02337	contig_46	28644	29387	+	LNHIMF_03072	1	persistent	1	1	3
PKJKAM_02338	contig_46	29405	30454	+	PKJKAM_02338	1	cloud	2	0	0
PKJKAM_02339	contig_46	30561	31067	+	HFCAGB_03249	1	persistent	1	1	3
PKJKAM_02340	contig_46	31054	31812	+	GEGEGB_03091	1	persistent	2	0	0
PKJKAM_02341	contig_46	32017	32931	-	PKJKAM_02341	1	persistent	2	0	0
PKJKAM_02342	contig_46	33053	33325	+	GEGEGB_03088	1	persistent	2	0	0
PKJKAM_02343	contig_46	33356	34585	-	GEGEGB_03087	1	persistent	2	0	0
PKJKAM_02344	contig_46	34727	35182	-	GEGEGB_03086	1	persistent	2	0	0
PKJKAM_02345	contig_46	35286	36149	+	LNHIMF_03064	1	persistent	2	0	0
PKJKAM_02346	contig_46	36272	37450	+	GEGEGB_03084	1	persistent	2	0	0
PKJKAM_02348	contig_46	37881	38717	+	ODDLKH_03450	1	persistent	2	0	0
PKJKAM_02349	contig_46	38774	39535	+	LNHIMF_03060	1	persistent	2	0	0
PKJKAM_02350	contig_46	39889	41307	+	LNHIMF_03059	1	persistent	2	0	0
PKJKAM_02351	contig_46	41420	42127	+	LNHIMF_03058	1	persistent	2	0	0
PKJKAM_02352	contig_46	42099	43034	-	GEGEGB_03078	1	persistent	2	0	0
PKJKAM_02353	contig_46	43152	44414	+	GEGEGB_03077	1	persistent	2	0	0
PKJKAM_02354	contig_46	44424	45443	-	LNHIMF_03055	1	persistent	2	0	0
PKJKAM_02355	contig_46	45457	46485	-	GEGEGB_03075	1	persistent	2	0	1
PKJKAM_02358	contig_46	47078	49237	+	LNHIMF_03051	1	persistent	2	1	0
PKJKAM_02359	contig_46	49230	50432	+	GEGEGB_03068	1	persistent	2	0	0
PKJKAM_02360	contig_46	50519	51559	-	LNHIMF_03049	1	persistent	2	0	0
PKJKAM_02361	contig_46	51750	51968	-	GEGEGB_03066	1	persistent	2	0	0
PKJKAM_02362	contig_46	52138	52851	-	GEGEGB_03065	1	persistent	2	0	0
PKJKAM_02363	contig_46	53033	53728	-	GEGEGB_03064	1	persistent	2	0	0
PKJKAM_02364	contig_46	54411	54941	+	GEGEGB_03063	1	persistent	2	0	0
PKJKAM_02365	contig_46	54954	57200	+	GEGEGB_03062	1	persistent	2	0	0
PKJKAM_02366	contig_46	57416	58291	+	GEGEGB_03061	1	persistent	2	0	0
PKJKAM_02367	contig_46	58298	59092	+	LNHIMF_03042	1	persistent	2	1	0
PKJKAM_02368	contig_46	59277	59747	+	GEGEGB_03057	1	persistent	2	1	0
PKJKAM_02369	contig_46	59738	60301	+	LNHIMF_03040	1	persistent	2	0	0
PKJKAM_02370	contig_46	60298	60705	+	GEGEGB_03055	1	persistent	2	0	0
PKJKAM_02371	contig_46	60690	61010	+	LNHIMF_03038	1	persistent	2	0	0
PKJKAM_02372	contig_46	61026	64397	+	GEGEGB_03053	1	persistent	2	0	0
PKJKAM_02373	contig_46	64576	67464	+	GEGEGB_03052	1	persistent	2	0	0
PKJKAM_02374	contig_46	67457	71002	+	GEGEGB_03051	1	persistent	2	0	0
PKJKAM_02375	contig_46	70999	72834	+	LNHIMF_03034	1	persistent	2	0	0
PKJKAM_02376	contig_46	72936	74267	-	GEGEGB_03049	1	persistent	2	0	0
PKJKAM_02377	contig_46	74500	75753	+	LNHIMF_03032	1	persistent	2	0	0
PKJKAM_02380	contig_46	76253	77350	+	GEGEGB_03045	1	persistent	2	0	0
PKJKAM_02381	contig_46	77460	78266	+	GEGEGB_03044	1	persistent	2	0	0
PKJKAM_02382	contig_46	78318	79232	-	GEGEGB_03043	1	persistent	2	0	0
PKJKAM_02383	contig_46	79505	79948	-	GEGEGB_03042	1	persistent	2	0	0
PKJKAM_02384	contig_46	79948	81153	-	GEGEGB_03041	1	persistent	2	0	0
PKJKAM_02385	contig_46	81346	81573	+	GEGEGB_03040	1	persistent	2	0	0
PKJKAM_02387	contig_46	81841	81963	+	LNHIMF_03022	1	persistent	2	0	0
PKJKAM_02388	contig_46	81920	82837	+	GEGEGB_03037	1	persistent	2	0	0
PKJKAM_02389	contig_46	82856	83251	+	GEGEGB_03036	1	persistent	2	0	0
PKJKAM_02390	contig_46	83244	84344	+	GEGEGB_03035	1	persistent	2	0	0
PKJKAM_02391	contig_46	84403	85113	-	GEGEGB_03034	1	persistent	2	0	0
PKJKAM_02392	contig_46	85171	85593	-	GEGEGB_03033	1	persistent	2	0	0
PKJKAM_02393	contig_46	85595	87013	-	LNHIMF_03016	1	persistent	2	0	0
PKJKAM_02394	contig_46	87114	88889	-	LNHIMF_03015	1	persistent	2	0	1
PKJKAM_02395	contig_46	88921	90237	-	LNHIMF_03014	1	persistent	2	0	1
PKJKAM_02396	contig_46	90793	91440	+	GEGEGB_03029	1	persistent	2	0	0
PKJKAM_02397	contig_46	91457	92605	+	GEGEGB_03028	1	persistent	2	0	0
PKJKAM_02398	contig_46	92697	93452	-	GEGEGB_03027	1	persistent	2	0	0
PKJKAM_02399	contig_46	93623	94990	-	GEGEGB_03026	1	persistent	2	0	0
PKJKAM_02400	contig_46	95049	96338	-	LNHIMF_03009	1	persistent	2	0	0
PKJKAM_02401	contig_46	96903	98267	-	LNHIMF_03008	1	persistent	2	0	0
PKJKAM_02402	contig_46	98380	99228	-	GEGEGB_03023	1	persistent	2	0	0
PKJKAM_02403	contig_46	99297	99842	+	GEGEGB_03022	1	persistent	2	0	0
PKJKAM_02405	contig_46	100453	100782	+	GEGEGB_03020	1	persistent	2	0	0
PKJKAM_02406	contig_46	100782	101564	+	LNHIMF_03003	1	persistent	2	0	0
PKJKAM_02407	contig_46	101583	102032	+	LNHIMF_03002	1	persistent	2	0	0
PKJKAM_02408	contig_46	102513	103871	+	LNHIMF_03001	1	persistent	2	0	0
PKJKAM_02409	contig_46	103868	105208	+	LNHIMF_03000	1	persistent	2	0	0
PKJKAM_02410	contig_46	105229	106569	+	LNHIMF_02999	1	persistent	2	0	0
PKJKAM_02411	contig_46	106647	107789	+	GEGEGB_03014	1	persistent	2	0	0
PKJKAM_02412	contig_46	107833	110589	-	LNHIMF_02997	1	persistent	2	0	0
PKJKAM_02413	contig_46	110647	111942	+	BEJGEH_02963	1	persistent	2	0	0
PKJKAM_02414	contig_46	111994	114228	+	GEGEGB_03011	1	persistent	2	1	0
PKJKAM_02415	contig_46	114578	115609	-	HFCAGB_03172	1	shell	1	1	1
PKJKAM_02416	contig_46	115664	116155	-	HFCAGB_03171	1	shell	0	2	2
PKJKAM_02417	contig_46	116197	116682	-	BEJGEH_02957	1	shell	0	2	0
PKJKAM_02418	contig_46	116682	117182	-	GEGEGB_03004	1	shell	0	2	0
PKJKAM_02419	contig_46	117208	117981	-	BEJGEH_02955	1	shell	0	2	0
PKJKAM_02420	contig_46	117994	120639	-	BEJGEH_02954	1	shell	0	2	0
PKJKAM_02421	contig_46	120773	121360	-	BEJGEH_02953	1	shell	1	1	0
PKJKAM_02422	contig_46	121970	122770	+	LNHIMF_02992	1	persistent	1	2	0
PKJKAM_02423	contig_46	122998	124635	+	GEGEGB_02998	1	persistent	2	0	0
PKJKAM_02424	contig_46	124718	126016	+	GEGEGB_02997	1	persistent	2	0	0
PKJKAM_02425	contig_46	126152	126823	+	GEGEGB_02996	1	persistent	2	0	1
PKJKAM_02426	contig_46	129015	129812	+	BEJGEH_02948	1	persistent	2	0	1
PKJKAM_02427	contig_46	129900	130262	-	GEGEGB_02994	1	persistent	2	0	0
PKJKAM_02428	contig_46	130698	132497	+	LNHIMF_02985	1	persistent	2	0	0
PKJKAM_02429	contig_46	132497	134209	+	BEJGEH_02945	1	persistent	2	0	0
PKJKAM_02430	contig_46	134285	135019	+	LNHIMF_02983	1	persistent	2	0	0
PKJKAM_02431	contig_46	135232	136185	-	GEGEGB_02990	1	persistent	2	1	1
PKJKAM_02432	contig_46	136569	139268	-	GEGEGB_02989	1	cloud	1	0	2
PKJKAM_02433	contig_46	139626	141161	+	PKJKAM_02433	1	cloud	0	0	3
PKJKAM_02434	contig_46	141178	141780	+	PKJKAM_02434	1	cloud	0	0	2
PKJKAM_02435	contig_46	141803	142861	+	GEGEGB_02985	1	cloud	0	0	2
PKJKAM_02436	contig_46	142871	143596	+	PKJKAM_02436	1	cloud	0	0	2
PKJKAM_02437	contig_46	143596	144300	+	PKJKAM_02437	1	cloud	1	0	1
PKJKAM_02438	contig_46	144300	145217	+	BEJGEH_02936	1	persistent	1	1	1
PKJKAM_02439	contig_46	145220	145513	+	GEGEGB_02981	1	persistent	2	0	0
PKJKAM_02440	contig_46	147351	148397	-	GEGEGB_02980	1	persistent	3	0	0
PKJKAM_02441	contig_46	148648	149556	+	GEGEGB_02979	1	persistent	2	0	0
PKJKAM_02442	contig_46	149566	151005	+	LNHIMF_02971	1	persistent	2	0	0
PKJKAM_02443	contig_46	150992	151597	+	GEGEGB_02977	1	persistent	2	0	0
PKJKAM_02444	contig_46	151648	151971	+	GEGEGB_02976	1	persistent	2	0	0
PKJKAM_02445	contig_46	152162	152473	+	GEGEGB_02975	1	persistent	2	0	0
PKJKAM_02446	contig_46	152492	153202	+	GEGEGB_02974	1	persistent	2	0	0
PKJKAM_02447	contig_46	153202	153681	+	GEGEGB_02973	1	persistent	2	0	0
PKJKAM_02448	contig_46	153678	154727	+	LNHIMF_02965	1	persistent	2	0	0
PKJKAM_02449	contig_46	154708	155469	+	GEGEGB_02971	1	persistent	2	0	0
PKJKAM_02450	contig_46	155463	156089	+	GEGEGB_02970	1	persistent	2	0	0
PKJKAM_02451	contig_46	156265	157398	+	BEJGEH_02923	1	persistent	2	0	0
PKJKAM_02452	contig_46	157461	158453	+	LNHIMF_02961	1	persistent	2	0	1
PKJKAM_02453	contig_46	158498	158734	-	GEGEGB_02967	1	persistent	2	0	0
PKJKAM_02454	contig_46	158745	160172	-	LNHIMF_02959	1	persistent	2	0	0
PKJKAM_02455	contig_46	160172	160765	-	LNHIMF_02958	1	persistent	2	0	0
PKJKAM_02456	contig_46	160936	161340	+	GEGEGB_02964	1	persistent	2	0	0
PKJKAM_02457	contig_46	161359	162123	-	LNHIMF_02956	1	persistent	2	0	0
PKJKAM_02458	contig_46	162320	163243	+	BEJGEH_02913	1	persistent	2	0	0
PKJKAM_02459	contig_46	163237	164499	+	LNHIMF_02954	1	persistent	2	0	0
PKJKAM_02460	contig_46	164496	165134	+	GEGEGB_02960	1	persistent	2	0	0
PKJKAM_02461	contig_46	165139	165915	+	LNHIMF_02952	1	persistent	2	0	0
PKJKAM_02462	contig_46	165955	166905	+	LNHIMF_02951	1	persistent	2	0	0
PKJKAM_02463	contig_46	166902	168398	+	GEGEGB_02957	1	persistent	2	0	0
PKJKAM_02464	contig_46	168440	169351	-	GEGEGB_02956	1	persistent	2	0	0
PKJKAM_02465	contig_46	169460	170668	+	GEGEGB_02955	1	persistent	3	0	0
PKJKAM_02466	contig_46	170665	171045	+	LNHIMF_02947	1	persistent	2	0	0
PKJKAM_02467	contig_46	171101	173668	-	GEGEGB_02953	1	persistent	3	0	3
PKJKAM_02468	contig_46	174300	174389	+	BEJGEH_02903	1	cloud	1	0	1
PKJKAM_02469	contig_46	174812	175480	+	BEJGEH_02902	1	cloud	1	0	2
PKJKAM_02470	contig_46	175507	176001	+	BEJGEH_02901	1	cloud	1	0	1
PKJKAM_02471	contig_46	176246	176902	-	LNHIMF_02945	1	persistent	2	0	1
PKJKAM_02472	contig_46	177404	177544	+	AJBGEP_03073	1	persistent	2	1	0
PKJKAM_02473	contig_46	177617	178144	-	GEGEGB_02950	1	shell	1	1	0
PKJKAM_02474	contig_46	178141	178422	-	GEGEGB_02949	1	shell	1	2	0
PKJKAM_02475	contig_46	179120	179446	+	BEJGEH_02896	1	shell	1	1	1
PKJKAM_02476	contig_46	179719	180051	-	LNHIMF_02943	1	persistent	2	1	0
PKJKAM_02477	contig_46	180051	180500	-	LNHIMF_02942	1	persistent	2	0	0
PKJKAM_02479	contig_46	180932	181375	-	GEGEGB_02947	1	persistent	2	1	0
PKJKAM_02480	contig_46	181734	182483	+	GEGEGB_02946	1	persistent	2	0	0
PKJKAM_02481	contig_46	182480	184168	+	LNHIMF_02938	1	persistent	2	0	0
PKJKAM_02482	contig_46	184165	185283	+	GEGEGB_02944	1	persistent	2	0	0
PKJKAM_02483	contig_46	185308	187365	+	GEGEGB_02943	1	persistent	2	0	0
PKJKAM_02484	contig_46	187389	187796	+	GEGEGB_02942	1	persistent	2	0	0
PKJKAM_02485	contig_46	187793	189088	+	GEGEGB_02941	1	persistent	2	0	0
PKJKAM_02486	contig_46	189066	189509	+	GEGEGB_02940	1	persistent	2	0	0
PKJKAM_02487	contig_46	189509	190519	+	LNHIMF_02932	1	persistent	2	0	0
PKJKAM_02488	contig_46	190519	191430	+	LNHIMF_02931	1	persistent	2	0	0
PKJKAM_02489	contig_46	191420	192094	+	LNHIMF_02930	1	persistent	2	0	0
PKJKAM_02490	contig_46	192120	192380	+	GEGEGB_02936	1	persistent	2	0	0
PKJKAM_02491	contig_46	192384	193175	+	LNHIMF_02928	1	persistent	2	0	0
PKJKAM_02492	contig_46	193162	194232	+	GEGEGB_02934	1	persistent	2	0	0
PKJKAM_02493	contig_46	194370	194867	+	GEGEGB_02933	1	persistent	2	0	0
PKJKAM_02494	contig_46	194870	196651	+	GEGEGB_02932	1	persistent	2	0	0
PKJKAM_02495	contig_46	196679	197908	+	LNHIMF_02924	1	persistent	2	0	0
PKJKAM_02496	contig_46	197979	199010	+	ALJMDI_02659	1	persistent	2	0	0
PKJKAM_02497	contig_46	199029	201086	+	BEJGEH_02874	1	persistent	2	0	0
PKJKAM_02498	contig_46	201105	201353	+	GEGEGB_02928	1	persistent	2	0	0
PKJKAM_02499	contig_46	201397	201657	+	GEGEGB_02927	1	persistent	2	0	0
PKJKAM_02500	contig_46	201684	202076	+	LNHIMF_02919	1	persistent	2	0	0
PKJKAM_02501	contig_46	202087	203694	+	LNHIMF_02918	1	persistent	2	0	0
PKJKAM_02502	contig_46	203748	204230	-	LNHIMF_02917	1	persistent	2	0	0
PKJKAM_02503	contig_46	204248	205909	-	HFCAGB_03086	1	persistent	2	0	0
PKJKAM_02504	contig_46	207000	207929	-	LNHIMF_02915	1	persistent	2	0	0
PKJKAM_02505	contig_46	208188	209423	+	LNHIMF_02914	1	persistent	2	0	0
PKJKAM_02506	contig_46	209448	209690	+	GEGEGB_02920	1	persistent	2	0	0
PKJKAM_02507	contig_46	209709	210014	+	LNHIMF_02912	1	persistent	2	0	0
PKJKAM_02508	contig_46	210011	210769	+	LNHIMF_02911	1	persistent	2	0	0
PKJKAM_02509	contig_46	210762	211340	+	GEGEGB_02917	1	persistent	2	0	0
PKJKAM_02510	contig_46	211297	211977	+	HFCAGB_03079	1	persistent	2	0	0
PKJKAM_02511	contig_46	211974	212426	+	LNHIMF_02908	1	persistent	2	0	0
PKJKAM_02512	contig_46	212771	213658	+	LNHIMF_02907	1	persistent	2	0	0
PKJKAM_02513	contig_46	214043	214798	+	BEJGEH_02858	1	persistent	3	0	0
PKJKAM_02515	contig_46	215001	215867	+	BEJGEH_02856	1	persistent	2	0	0
PKJKAM_02516	contig_46	215966	216814	-	GEGEGB_02912	1	persistent	3	0	0
PKJKAM_02517	contig_46	216805	217665	-	GEGEGB_02911	1	persistent	2	0	0
PKJKAM_02518	contig_46	217662	218483	-	LNHIMF_02901	1	persistent	2	0	0
PKJKAM_02519	contig_46	218480	219397	-	GEGEGB_02909	1	persistent	2	0	0
PKJKAM_02520	contig_46	219579	219923	+	GEGEGB_02908	1	persistent	2	0	0
PKJKAM_02521	contig_46	219985	222063	-	LNHIMF_02898	1	persistent	2	0	0
PKJKAM_02522	contig_46	222282	223292	-	GEGEGB_02906	1	persistent	2	0	0
PKJKAM_02523	contig_46	223289	224410	-	GEGEGB_02905	1	persistent	2	0	0
PKJKAM_02524	contig_46	224410	224682	-	GEGEGB_02904	1	persistent	2	0	0
PKJKAM_02525	contig_46	224673	225545	-	GEGEGB_02903	1	persistent	2	0	0
PKJKAM_02526	contig_46	225614	225970	-	GEGEGB_02902	1	persistent	2	0	0
PKJKAM_02527	contig_46	226180	226641	+	GEGEGB_02901	1	persistent	2	0	0
PKJKAM_02528	contig_46	226787	227395	+	GEGEGB_02900	1	persistent	2	0	0
PKJKAM_02529	contig_46	227395	229221	+	LNHIMF_02890	1	persistent	2	0	0
PKJKAM_02530	contig_46	229224	230147	+	GEGEGB_02898	1	persistent	2	0	0
PKJKAM_02531	contig_46	230165	231874	+	GEGEGB_02897	1	persistent	2	0	0
PKJKAM_02532	contig_46	231884	232426	+	GEGEGB_02896	1	persistent	2	0	0
PKJKAM_02533	contig_46	232426	233193	+	LNHIMF_02886	1	persistent	2	0	0
PKJKAM_02534	contig_46	233190	233600	+	GEGEGB_02894	1	persistent	2	0	0
PKJKAM_02535	contig_46	233593	234063	+	HFCAGB_03054	1	persistent	2	0	0
PKJKAM_02536	contig_46	234090	234899	+	LNHIMF_02883	1	persistent	2	0	0
PKJKAM_02537	contig_46	235100	235645	+	GEGEGB_02891	1	persistent	2	0	0
PKJKAM_02538	contig_46	235791	238031	+	LNHIMF_02881	1	persistent	2	0	0
PKJKAM_02539	contig_46	238128	239261	-	LNHIMF_02880	1	persistent	2	0	0
PKJKAM_02540	contig_46	239258	240697	-	LNHIMF_02879	1	persistent	2	0	0
PKJKAM_02541	contig_46	240883	242403	+	GEGEGB_02887	1	persistent	2	0	0
PKJKAM_02542	contig_46	242400	243365	-	GEGEGB_02886	1	persistent	2	0	0
PKJKAM_02543	contig_46	243358	244131	-	GEGEGB_02885	1	persistent	2	0	0
PKJKAM_02544	contig_46	244329	244688	-	GEGEGB_02884	1	persistent	2	0	0
PKJKAM_02545	contig_46	244764	245543	-	LNHIMF_02874	1	persistent	2	0	0
PKJKAM_02546	contig_46	245555	245917	-	LNHIMF_02873	1	persistent	2	0	0
PKJKAM_02547	contig_46	245929	246900	-	LNHIMF_02872	1	persistent	2	0	0
PKJKAM_02548	contig_46	246897	247460	-	GEGEGB_02880	1	persistent	2	0	0
PKJKAM_02549	contig_46	247714	248793	+	GEGEGB_02879	1	persistent	2	0	0
PKJKAM_02550	contig_46	248830	249075	-	LNHIMF_02869	1	persistent	2	0	0
PKJKAM_02551	contig_46	249271	249768	+	LNHIMF_02868	1	persistent	2	0	0
PKJKAM_02552	contig_46	249853	250914	+	GEGEGB_02876	1	persistent	2	0	0
PKJKAM_02553	contig_46	250992	251531	+	LNHIMF_02866	1	persistent	2	0	1
PKJKAM_02554	contig_46	251767	254397	+	GEGEGB_02874	1	persistent	2	0	0
PKJKAM_02555	contig_46	254632	254817	+	GEGEGB_02873	1	persistent	2	0	0
PKJKAM_02561	contig_46	256073	256639	+	GEGEGB_02867	1	persistent	2	0	0
PKJKAM_02562	contig_46	256636	257061	+	GEGEGB_02866	1	persistent	2	0	0
PKJKAM_02563	contig_46	257138	258694	+	LNHIMF_02856	1	persistent	2	0	0
PKJKAM_02565	contig_46	258844	259359	+	GEGEGB_02863	1	persistent	2	0	0
PKJKAM_02567	contig_46	259705	261075	+	GEGEGB_02861	1	persistent	2	0	0
PKJKAM_02568	contig_46	261124	262662	-	LNHIMF_02851	1	persistent	2	0	0
PKJKAM_02569	contig_46	262679	263851	-	LNHIMF_02850	1	persistent	2	0	0
PKJKAM_02570	contig_46	263978	264508	-	GEGEGB_02858	1	persistent	2	0	0
PKJKAM_02571	contig_46	265005	266189	-	LNHIMF_02848	1	persistent	2	0	0
PKJKAM_02572	contig_46	266354	267349	-	GEGEGB_02856	1	persistent	2	0	0
PKJKAM_02573	contig_46	267419	268483	-	GEGEGB_02855	1	persistent	2	0	0
PKJKAM_02574	contig_46	268476	269678	-	LNHIMF_02845	1	persistent	2	0	1
PKJKAM_02575	contig_46	270033	270992	-	LNHIMF_02844	1	persistent	2	0	1
PKJKAM_02576	contig_46	271003	273120	-	LNHIMF_02843	1	persistent	2	0	0
PKJKAM_02577	contig_46	273120	273530	-	LNHIMF_02842	1	persistent	2	0	0
PKJKAM_02578	contig_46	273527	273772	-	LNHIMF_02841	1	persistent	2	0	0
PKJKAM_02579	contig_46	274044	274475	-	LNHIMF_02840	1	persistent	2	0	0
PKJKAM_02580	contig_46	274564	275898	+	LNHIMF_02839	1	persistent	2	0	0
PKJKAM_02581	contig_46	275982	276308	-	GEGEGB_02845	1	persistent	2	0	0
PKJKAM_02582	contig_46	276470	276820	+	GEGEGB_02844	1	persistent	2	0	0
PKJKAM_02583	contig_46	276855	277304	-	LNHIMF_02836	1	persistent	2	0	0
PKJKAM_02584	contig_46	278002	278403	+	GEGEGB_02842	1	persistent	3	0	0
PKJKAM_02585	contig_46	278493	278672	-	LNHIMF_02834	1	persistent	2	0	0
PKJKAM_02586	contig_46	278751	279278	-	GEGEGB_02840	1	persistent	3	0	0
PKJKAM_02587	contig_46	279288	279587	-	LNHIMF_02832	1	persistent	2	0	0
PKJKAM_02588	contig_46	279770	279928	+	GEGEGB_02838	1	persistent	2	0	1
PKJKAM_02589	contig_46	280028	280477	+	LNHIMF_02830	1	persistent	2	0	0
PKJKAM_02590	contig_46	280499	281176	-	GEGEGB_02835	1	persistent	2	0	1
PKJKAM_02591	contig_46	281218	282618	-	BEJGEH_02780	1	persistent	2	0	0
PKJKAM_02592	contig_46	282748	284031	-	LNHIMF_02827	1	persistent	2	0	0
PKJKAM_02593	contig_46	284046	285494	-	BEJGEH_02778	1	persistent	2	0	0
PKJKAM_02594	contig_46	285516	286784	-	LNHIMF_02824	1	persistent	2	0	0
PKJKAM_02595	contig_46	286810	287787	-	GEGEGB_02829	1	persistent	2	0	1
PKJKAM_02596	contig_46	288090	289604	-	LNHIMF_02822	1	persistent	2	0	1
PKJKAM_02597	contig_46	289615	290046	-	GEGEGB_02827	1	persistent	2	0	0
PKJKAM_02598	contig_46	290061	291038	-	LNHIMF_02820	1	persistent	2	0	0
PKJKAM_02599	contig_46	291193	291867	+	LNHIMF_02819	1	persistent	2	0	0
PKJKAM_02600	contig_46	291854	293269	+	GEGEGB_02824	1	persistent	2	0	0
PKJKAM_02601	contig_46	293402	294415	+	LNHIMF_02817	1	persistent	2	0	0
PKJKAM_02602	contig_46	294508	294621	-	GEGEGB_02822	1	persistent	2	0	0
PKJKAM_02603	contig_46	295137	296033	-	GEGEGB_02821	1	persistent	2	0	0
PKJKAM_02604	contig_46	296327	297256	-	GEGEGB_02820	1	persistent	2	0	0
PKJKAM_02605	contig_46	297775	298827	+	LNHIMF_02813	1	persistent	2	1	1
PKJKAM_02606	contig_46	299023	299334	+	BEJGEH_02765	1	shell	2	0	0
PKJKAM_02607	contig_46	299866	302040	+	LNHIMF_02811	1	persistent	2	1	1
PKJKAM_02608	contig_46	302082	303017	-	HFCAGB_02979	1	persistent	2	0	0
PKJKAM_02609	contig_46	303049	304293	-	LNHIMF_02809	1	persistent	2	0	0
PKJKAM_02610	contig_46	304403	308059	-	HFCAGB_02977	1	persistent	2	0	0
PKJKAM_02611	contig_46	308140	309255	-	GEGEGB_02814	1	persistent	1	2	2
PKJKAM_02612	contig_46	310218	310790	-	LNHIMF_02806	1	shell	1	1	1
PKJKAM_02613	contig_46	310882	312387	+	AJBGEP_02931	2	shell	2	2	0
PKJKAM_02614	contig_46	312524	312994	+	AJBGEP_02930	1	shell	1	2	5
PKJKAM_02616	contig_46	313953	315143	-	LNHIMF_02782	1	persistent	1	2	6
PKJKAM_02617	contig_46	315124	317304	-	LNHIMF_02781	1	persistent	2	0	0
PKJKAM_02618	contig_46	317301	318710	-	LNHIMF_02780	1	persistent	2	0	0
PKJKAM_02620	contig_46	318775	330249	-	GEGEGB_02783	1	persistent	2	0	0
PKJKAM_02621	contig_46	330869	331396	-	GEGEGB_02782	1	persistent	2	0	0
PKJKAM_02622	contig_46	331540	331977	+	GEGEGB_02781	1	persistent	2	0	0
PKJKAM_02623	contig_46	331967	332257	+	LNHIMF_02775	1	persistent	2	0	0
PKJKAM_02624	contig_46	332423	332761	-	GEGEGB_02779	1	persistent	2	0	0
PKJKAM_02625	contig_46	332910	334571	-	LNHIMF_02773	1	persistent	2	0	0
PKJKAM_02626	contig_46	334657	335535	-	AJBGEP_02882	1	persistent	2	0	1
PKJKAM_02627	contig_46	335658	336248	+	LNHIMF_02771	1	persistent	2	0	1
PKJKAM_02628	contig_46	336283	336888	-	BEJGEH_02701	1	persistent	2	0	1
PKJKAM_02629	contig_46	337009	338250	-	GEGEGB_02774	1	persistent	2	0	1
PKJKAM_02630	contig_46	338315	339106	-	GEGEGB_02773	1	persistent	2	0	0
PKJKAM_02631	contig_46	339272	340633	+	GEGEGB_02772	1	persistent	2	0	1
PKJKAM_02632	contig_46	340886	341134	+	GEGEGB_02771	1	persistent	2	0	1
PKJKAM_02633	contig_46	341153	341701	+	GEGEGB_02770	1	persistent	2	0	0
PKJKAM_02634	contig_46	341746	342513	+	GEGEGB_02769	1	persistent	2	0	0
PKJKAM_02635	contig_46	342554	342901	+	GEGEGB_02768	1	persistent	2	0	0
PKJKAM_02636	contig_46	343058	344278	-	LNHIMF_02762	1	persistent	2	0	0
PKJKAM_02637	contig_46	344271	344789	-	GEGEGB_02766	1	persistent	2	0	0
PKJKAM_02638	contig_46	345230	346300	+	GEGEGB_02765	1	persistent	2	0	0
PKJKAM_02639	contig_46	346310	347431	+	GEGEGB_02764	1	persistent	2	0	0
PKJKAM_02640	contig_46	347489	348397	+	LNHIMF_02758	1	persistent	2	0	0
PKJKAM_02641	contig_46	348358	349518	-	LNHIMF_02757	1	persistent	2	0	1
PKJKAM_02642	contig_46	349769	350107	-	GEGEGB_02761	1	persistent	2	0	1
PKJKAM_02643	contig_46	350379	351116	-	BEJGEH_02653	1	persistent	2	0	0
PKJKAM_02644	contig_46	351248	352228	+	GEGEGB_02759	1	persistent	2	0	0
PKJKAM_02645	contig_46	352225	352956	+	LNHIMF_02753	1	persistent	2	0	0
PKJKAM_02647	contig_46	353086	355659	+	GEGEGB_02756	1	persistent	3	0	1
PKJKAM_02653	contig_46	361740	362726	+	BEJGEH_00226	1	cloud	10	0	0
PKJKAM_02654	contig_46	362864	363319	+	LNHIMF_02745	1	persistent	3	0	1
PKJKAM_02655	contig_46	363423	364724	+	LNHIMF_02744	1	persistent	2	0	0
PKJKAM_02656	contig_46	364721	365044	-	GEGEGB_00278	1	persistent	2	0	0
PKJKAM_02657	contig_46	365089	366444	-	GEGEGB_00279	1	persistent	2	0	1
PKJKAM_02658	contig_46	366428	366469	-	GEGEGB_00280	1	persistent	2	0	0
PKJKAM_02659	contig_46	366559	369219	-	LNHIMF_02740	1	persistent	2	0	1
PKJKAM_02660	contig_46	369273	369953	-	LNHIMF_02739	1	persistent	2	0	0
PKJKAM_02661	contig_46	370026	370445	-	LNHIMF_02738	1	persistent	2	0	0
PKJKAM_02662	contig_47	93	917	+	GEGEGB_00284	1	persistent	2	0	0
PKJKAM_02663	contig_47	1033	1722	-	GEGEGB_00285	1	persistent	2	0	0
PKJKAM_02664	contig_47	2041	2424	+	GEGEGB_00286	1	persistent	2	0	0
PKJKAM_02665	contig_47	2486	3073	-	GEGEGB_00287	1	persistent	2	0	1
PKJKAM_02666	contig_47	3176	4075	+	LNHIMF_02733	1	persistent	2	0	0
PKJKAM_02667	contig_47	4093	5427	-	LNHIMF_02732	1	persistent	2	0	1
PKJKAM_02668	contig_47	5557	6294	+	LNHIMF_02731	1	persistent	2	0	0
PKJKAM_02669	contig_47	6279	7901	-	LNHIMF_02730	1	persistent	2	0	0
PKJKAM_02670	contig_47	8326	8901	+	GEGEGB_00292	1	persistent	2	0	0
PKJKAM_02671	contig_47	8933	9583	+	LNHIMF_02728	1	persistent	2	0	0
PKJKAM_02672	contig_47	9583	10539	+	LNHIMF_02727	1	persistent	2	0	0
PKJKAM_02674	contig_47	10536	11015	+	GEGEGB_00296	1	persistent	2	0	1
PKJKAM_02675	contig_47	11267	13066	+	GEGEGB_00297	1	persistent	2	0	2
PKJKAM_02676	contig_47	13083	14057	+	GEGEGB_00298	1	persistent	2	0	0
PKJKAM_02677	contig_47	14274	15011	+	GEGEGB_00299	1	persistent	2	0	0
PKJKAM_02678	contig_47	15008	15913	+	LNHIMF_02721	1	persistent	2	0	0
PKJKAM_02679	contig_47	15925	16653	+	GEGEGB_00301	1	persistent	2	0	0
PKJKAM_02680	contig_47	16665	17396	+	GEGEGB_00302	1	persistent	2	0	0
PKJKAM_02681	contig_47	17396	17776	+	GEGEGB_00303	1	persistent	2	0	0
PKJKAM_02682	contig_47	17888	18148	-	GEGEGB_00304	1	persistent	2	0	0
PKJKAM_02683	contig_47	18201	19112	-	BEJGEH_02614	1	persistent	2	0	0
PKJKAM_02684	contig_47	19228	20424	+	LNHIMF_02715	1	persistent	2	0	0
PKJKAM_02685	contig_47	20446	21363	+	GEGEGB_00307	1	persistent	2	0	0
PKJKAM_02686	contig_47	21402	22250	-	GEGEGB_00308	1	persistent	2	0	0
PKJKAM_02687	contig_47	22366	23259	+	GEGEGB_00309	1	persistent	2	0	0
PKJKAM_02688	contig_47	23270	24631	+	LNHIMF_02711	1	persistent	2	0	0
PKJKAM_02689	contig_47	24635	25270	+	LNHIMF_02710	1	persistent	2	0	0
PKJKAM_02690	contig_47	25328	25846	+	GEGEGB_00312	1	persistent	2	0	0
PKJKAM_02691	contig_47	25897	27441	-	BEJGEH_02606	1	persistent	2	0	0
PKJKAM_02692	contig_47	27697	31584	+	LNHIMF_02707	1	persistent	2	1	0
PKJKAM_02693	contig_47	31718	32098	+	LNHIMF_00819	4	shell	12	3	3
PKJKAM_02694	contig_47	32269	32952	+	LNHIMF_00818	3	shell	12	5	5
PKJKAM_02697	contig_47	33601	34986	+	GEGEGB_00317	1	persistent	2	1	0
PKJKAM_02698	contig_47	35066	35752	+	GEGEGB_00318	1	persistent	2	0	0
PKJKAM_02699	contig_47	35749	37086	+	GEGEGB_00319	1	persistent	2	0	0
PKJKAM_02700	contig_47	37163	37501	+	GEGEGB_00320	1	persistent	2	0	0
PKJKAM_02701	contig_47	37550	39010	-	LNHIMF_02700	1	persistent	2	0	0
PKJKAM_02702	contig_47	39066	41210	-	GEGEGB_00322	1	persistent	2	0	0
PKJKAM_02703	contig_47	41293	42624	-	ALJMDI_01593	1	persistent	2	0	0
PKJKAM_02704	contig_47	42985	44529	-	ODDLKH_03069	1	persistent	2	0	1
PKJKAM_02705	contig_47	44711	45901	-	LNHIMF_02696	1	persistent	2	0	0
PKJKAM_02706	contig_47	46226	47479	+	GEGEGB_00326	1	persistent	2	0	0
PKJKAM_02707	contig_47	47675	48814	+	GEGEGB_00327	1	persistent	2	0	0
PKJKAM_02708	contig_47	48809	50086	-	LNHIMF_02693	1	persistent	2	0	0
PKJKAM_02709	contig_47	50212	50850	+	LNHIMF_02692	1	persistent	2	0	0
PKJKAM_02710	contig_47	50841	51827	+	BEJGEH_02586	1	persistent	2	0	0
PKJKAM_02711	contig_47	51828	52841	-	GEGEGB_00332	1	persistent	2	0	0
PKJKAM_02712	contig_47	52852	53670	-	LNHIMF_02689	1	persistent	2	0	0
PKJKAM_02713	contig_47	53674	54717	-	GEGEGB_00334	1	persistent	2	0	0
PKJKAM_02714	contig_47	54899	55777	-	HFCAGB_02830	1	persistent	2	0	0
PKJKAM_02715	contig_47	55922	56725	-	LNHIMF_02686	1	persistent	2	0	0
PKJKAM_02716	contig_47	56844	57575	+	GEGEGB_00337	1	persistent	2	0	0
PKJKAM_02717	contig_47	57735	58229	+	GEGEGB_00338	1	persistent	2	0	0
PKJKAM_02718	contig_47	58410	59624	+	GEGEGB_00339	1	persistent	2	0	0
PKJKAM_02719	contig_47	59652	60038	+	GEGEGB_00340	1	persistent	2	0	0
PKJKAM_02720	contig_47	60067	60390	+	GEGEGB_00341	1	persistent	2	0	0
PKJKAM_02721	contig_47	60586	61101	+	LNHIMF_02680	1	persistent	2	0	0
PKJKAM_02722	contig_47	61114	62964	+	LNHIMF_02679	1	persistent	2	0	0
PKJKAM_02723	contig_47	62966	63301	+	GEGEGB_00344	1	persistent	2	0	0
PKJKAM_02724	contig_47	63313	63513	+	GEGEGB_00345	1	persistent	2	0	0
PKJKAM_02725	contig_47	63760	65043	+	GEGEGB_00346	1	persistent	2	0	0
PKJKAM_02726	contig_47	64959	65135	-	PKJKAM_02726	1	persistent	2	0	0
PKJKAM_02727	contig_47	65150	65926	+	GEGEGB_00348	1	persistent	3	0	0
PKJKAM_02729	contig_47	66495	67163	-	BEJGEH_02567	1	persistent	2	0	0
PKJKAM_02730	contig_47	67205	67429	+	BEJGEH_02566	1	persistent	2	0	0
PKJKAM_02731	contig_47	67409	68251	-	GEGEGB_00352	1	persistent	3	0	1
PKJKAM_02732	contig_47	68460	73394	+	GEGEGB_00353	1	persistent	2	0	0
PKJKAM_02733	contig_47	73395	75710	+	LNHIMF_02670	1	persistent	2	0	0
PKJKAM_02734	contig_47	75866	78244	+	OEKLIE_03175	1	persistent	2	0	0
PKJKAM_02735	contig_47	78241	78870	+	LNHIMF_02668	1	persistent	2	0	0
PKJKAM_02736	contig_47	78863	79672	+	GEGEGB_00358	1	persistent	2	0	0
PKJKAM_02737	contig_47	79672	80535	+	LNHIMF_02666	1	persistent	2	0	0
PKJKAM_02738	contig_47	80656	81087	+	GEGEGB_00360	1	persistent	2	0	0
PKJKAM_02739	contig_47	81294	82460	+	GEGEGB_00361	1	persistent	2	0	0
PKJKAM_02740	contig_47	82752	83756	+	BEJGEH_02556	1	persistent	2	0	0
PKJKAM_02741	contig_47	83783	84901	+	LNHIMF_02662	1	persistent	2	0	0
PKJKAM_02743	contig_47	84948	86285	+	GEGEGB_00365	1	persistent	2	0	0
PKJKAM_02744	contig_47	86299	86919	+	GEGEGB_00366	1	persistent	2	0	0
PKJKAM_02745	contig_47	86930	88108	+	GEGEGB_00367	1	persistent	2	0	0
PKJKAM_02746	contig_47	88227	89699	+	GEGEGB_00368	1	persistent	2	0	0
PKJKAM_02747	contig_47	89788	90009	+	LNHIMF_02656	1	persistent	2	0	0
PKJKAM_02748	contig_47	90355	92547	+	LNHIMF_02655	1	persistent	2	0	0
PKJKAM_02749	contig_47	92605	93570	+	BEJGEH_02547	1	persistent	2	0	2
PKJKAM_02750	contig_47	93690	99290	+	AJBGEP_02691	1	persistent	2	0	0
PKJKAM_02751	contig_47	99449	99676	+	ALJMDI_01641	2	persistent	2	0	4
PKJKAM_02752	contig_47	99730	99819	+	ALJMDI_01641	2	persistent	2	0	4
PKJKAM_02753	contig_47	100326	106553	+	PKJKAM_02753	1	persistent	2	0	2
PKJKAM_02754	contig_47	106714	108063	-	LNHIMF_02649	1	persistent	2	0	0
PKJKAM_02755	contig_47	108119	109690	+	GEGEGB_00381	1	persistent	2	0	0
PKJKAM_02756	contig_47	109760	111337	+	GEGEGB_00382	1	persistent	2	0	4
PKJKAM_02757	contig_47	111560	111850	+	HFCAGB_02785	1	persistent	2	0	2
PKJKAM_02758	contig_47	111871	112185	-	BEJGEH_02537	1	persistent	2	0	3
PKJKAM_02759	contig_47	112172	112438	-	PKJKAM_02759	1	cloud	2	0	1
PKJKAM_02760	contig_47	112885	113076	-	BEJGEH_02536	1	persistent	2	0	4
PKJKAM_02761	contig_47	113489	115702	+	LNHIMF_02643	1	persistent	2	0	0
PKJKAM_02762	contig_47	115738	117279	-	GEGEGB_00388	1	persistent	2	0	0
PKJKAM_02763	contig_47	117284	119350	-	LNHIMF_02641	1	persistent	2	0	0
PKJKAM_02764	contig_47	119539	120177	-	GEGEGB_00390	1	persistent	2	0	0
PKJKAM_02765	contig_47	120177	121214	-	LNHIMF_02639	1	persistent	2	0	0
PKJKAM_02766	contig_47	121626	122252	+	GEGEGB_00392	1	persistent	2	0	0
PKJKAM_02767	contig_47	122340	123629	+	GEGEGB_00393	1	persistent	2	0	0
PKJKAM_02768	contig_47	123700	124425	+	GEGEGB_00394	1	persistent	2	0	0
PKJKAM_02769	contig_47	124452	124811	-	GEGEGB_00395	1	persistent	2	0	0
PKJKAM_02770	contig_47	124851	126314	-	GEGEGB_00396	1	persistent	2	0	0
PKJKAM_02771	contig_47	126522	127589	+	GEGEGB_00397	1	persistent	2	1	0
PKJKAM_02772	contig_47	127867	129048	+	LNHIMF_02632	1	shell	1	1	0
PKJKAM_02773	contig_47	129116	130384	+	LNHIMF_02631	1	shell	1	1	0
PKJKAM_02774	contig_47	130390	131529	+	LNHIMF_02630	1	persistent	2	1	0
PKJKAM_02775	contig_47	131576	132046	-	GEGEGB_00402	1	persistent	2	0	0
PKJKAM_02776	contig_47	132046	132618	-	LNHIMF_02628	1	persistent	2	0	0
PKJKAM_02777	contig_47	132764	133642	+	GEGEGB_00404	1	persistent	2	0	0
PKJKAM_02778	contig_47	133659	134693	+	GEGEGB_00405	1	persistent	2	0	0
PKJKAM_02779	contig_47	134868	135581	+	GEGEGB_00406	1	persistent	2	0	0
PKJKAM_02780	contig_47	135712	136575	+	LNHIMF_02624	1	persistent	2	0	0
PKJKAM_02781	contig_47	136591	138609	+	LNHIMF_02623	1	persistent	2	0	0
PKJKAM_02782	contig_47	138636	138836	-	GEGEGB_00409	1	persistent	2	0	0
PKJKAM_02783	contig_47	138864	139991	-	LNHIMF_02621	1	persistent	2	0	0
PKJKAM_02784	contig_47	139995	140351	-	GEGEGB_00411	1	persistent	2	0	1
PKJKAM_02785	contig_47	140764	140823	+	LNHIMF_02619	1	persistent	2	0	0
PKJKAM_02787	contig_47	140925	144038	-	GEGEGB_00414	1	persistent	2	0	1
PKJKAM_02788	contig_47	144223	145923	-	BEJGEH_02507	1	persistent	2	0	0
PKJKAM_02789	contig_47	146109	148070	+	GEGEGB_00416	1	persistent	2	0	0
PKJKAM_02790	contig_47	148520	149818	-	GEGEGB_00417	1	persistent	2	0	0
PKJKAM_02791	contig_47	150022	150597	+	GEGEGB_00418	1	persistent	2	0	0
PKJKAM_02792	contig_47	150722	151765	+	LNHIMF_02612	1	persistent	2	0	0
PKJKAM_02793	contig_47	151893	152123	+	GEGEGB_00420	1	persistent	2	0	0
PKJKAM_02794	contig_47	152186	154186	-	LNHIMF_02610	1	persistent	2	0	0
PKJKAM_02795	contig_47	154206	155156	-	LNHIMF_02609	1	persistent	2	0	0
PKJKAM_02796	contig_47	155428	157707	+	GEGEGB_00423	1	persistent	2	1	1
PKJKAM_02797	contig_47	158125	158460	+	GEGEGB_00426	1	persistent	2	1	1
PKJKAM_02798	contig_47	158473	158952	+	GEGEGB_00427	1	persistent	2	0	0
PKJKAM_02799	contig_47	158930	159619	+	LNHIMF_02605	1	persistent	2	0	0
PKJKAM_02800	contig_47	159616	160419	+	GEGEGB_00429	1	persistent	2	0	0
PKJKAM_02801	contig_47	160416	161432	+	GEGEGB_00430	1	persistent	2	0	1
PKJKAM_02802	contig_47	161473	161763	+	LNHIMF_02602	1	persistent	2	0	0
PKJKAM_02803	contig_47	161876	162163	+	LNHIMF_02601	1	persistent	2	0	0
PKJKAM_02804	contig_47	162175	163578	+	LNHIMF_02600	1	persistent	2	0	1
PKJKAM_02805	contig_47	163589	164428	+	GEGEGB_00433	1	persistent	2	0	0
PKJKAM_02806	contig_47	164418	165605	+	ALJMDI_01699	1	persistent	2	0	0
PKJKAM_02807	contig_47	165725	166951	+	LNHIMF_02597	1	persistent	2	0	0
PKJKAM_02808	contig_47	166948	168351	+	GEGEGB_00436	1	persistent	2	0	0
PKJKAM_02809	contig_47	168363	169724	+	LNHIMF_02595	1	persistent	2	0	0
PKJKAM_02810	contig_47	169743	170639	+	LNHIMF_02594	1	persistent	2	0	0
PKJKAM_02811	contig_47	170649	171308	+	GEGEGB_00439	1	persistent	2	0	0
PKJKAM_02812	contig_47	171321	171815	+	LNHIMF_02592	1	persistent	2	0	0
PKJKAM_02813	contig_47	171947	172915	+	LNHIMF_02591	1	persistent	2	2	3
PKJKAM_02814	contig_47	173094	173792	+	ONMMKP_04389	1	cloud	2	0	0
PKJKAM_02815	contig_47	173839	174738	-	GEGEGB_00444	1	persistent	2	1	2
PKJKAM_02816	contig_47	174741	175610	-	GEGEGB_00445	1	persistent	2	0	0
PKJKAM_02817	contig_47	175823	176248	+	GEGEGB_00446	1	persistent	2	0	0
PKJKAM_02818	contig_47	176235	176684	+	LNHIMF_02587	1	persistent	2	0	0
PKJKAM_02819	contig_47	176746	177321	+	GEGEGB_00448	1	persistent	2	0	0
PKJKAM_02820	contig_47	177416	178315	+	GEGEGB_00449	1	persistent	2	0	1
PKJKAM_02821	contig_47	178553	179344	+	GEGEGB_00450	1	persistent	2	0	1
PKJKAM_02822	contig_47	179502	180518	+	GEGEGB_00451	1	persistent	2	0	0
PKJKAM_02823	contig_47	180518	181351	+	GEGEGB_00452	1	persistent	2	0	0
PKJKAM_02824	contig_47	181351	182226	+	LNHIMF_02581	1	persistent	2	0	0
PKJKAM_02825	contig_47	182216	183313	+	BEJGEH_02469	1	persistent	2	0	0
PKJKAM_02826	contig_47	183381	184292	+	LNHIMF_02579	1	persistent	2	1	1
PKJKAM_02827	contig_47	184325	184684	-	BEJGEH_02466	1	persistent	2	1	1
PKJKAM_02828	contig_47	184761	185480	-	LNHIMF_02577	1	persistent	2	0	0
PKJKAM_02829	contig_47	185495	186787	-	BEJGEH_02464	1	persistent	2	0	0
PKJKAM_02830	contig_47	186870	187736	+	GEGEGB_00459	1	persistent	2	0	0
PKJKAM_02831	contig_47	187733	187972	+	LNHIMF_02574	1	persistent	2	0	0
PKJKAM_02832	contig_47	188122	188631	-	GEGEGB_00461	1	persistent	2	0	0
PKJKAM_02833	contig_47	188672	190399	-	GEGEGB_00462	1	persistent	2	0	0
PKJKAM_02834	contig_47	190448	190705	-	GEGEGB_00463	1	persistent	2	0	0
PKJKAM_02835	contig_47	191089	192060	-	GEGEGB_00464	1	persistent	2	0	0
PKJKAM_02836	contig_47	192224	192985	-	GEGEGB_00465	1	persistent	2	0	0
PKJKAM_02837	contig_47	193217	194203	+	GEGEGB_00466	1	persistent	2	0	0
PKJKAM_02838	contig_47	194275	196290	+	LNHIMF_02567	1	persistent	2	0	0
PKJKAM_02839	contig_47	196292	196510	+	LNHIMF_02566	1	persistent	2	0	0
PKJKAM_02840	contig_47	196507	197505	-	GEGEGB_00469	1	persistent	2	0	0
PKJKAM_02841	contig_47	197595	198521	+	GEGEGB_00470	1	persistent	2	0	0
PKJKAM_02842	contig_47	198583	199344	-	LNHIMF_02563	1	persistent	2	0	0
PKJKAM_02843	contig_47	199600	200433	+	GEGEGB_00472	1	persistent	2	0	0
PKJKAM_02844	contig_47	200488	201744	+	GEGEGB_00473	1	persistent	2	0	0
PKJKAM_02845	contig_47	201803	201961	+	GEGEGB_00474	1	persistent	2	0	0
PKJKAM_02846	contig_47	202013	202897	+	GEGEGB_00475	1	persistent	2	0	0
PKJKAM_02851	contig_47	203713	205128	+	GEGEGB_00480	1	persistent	2	0	0
PKJKAM_02852	contig_47	205182	205553	-	GEGEGB_00481	1	persistent	2	0	0
PKJKAM_02853	contig_47	205576	205938	-	GEGEGB_00482	1	persistent	2	0	0
PKJKAM_02856	contig_47	206544	207569	+	LNHIMF_02549	2	persistent	2	0	0
PKJKAM_02857	contig_47	207612	208733	+	LNHIMF_02549	2	persistent	2	0	0
PKJKAM_02858	contig_47	208786	209988	-	GEGEGB_00486	1	persistent	2	0	0
PKJKAM_02859	contig_47	210331	211572	+	GEGEGB_00487	1	persistent	2	0	0
PKJKAM_02860	contig_47	211633	211959	-	GEGEGB_00488	1	persistent	2	0	0
PKJKAM_02861	contig_47	212073	213071	-	GEGEGB_00489	1	persistent	2	0	0
PKJKAM_02862	contig_47	213251	214903	+	LNHIMF_02544	1	persistent	2	0	0
PKJKAM_02863	contig_47	214923	216158	-	GEGEGB_00491	1	persistent	2	0	0
PKJKAM_02864	contig_47	216362	217327	+	LNHIMF_02542	1	persistent	2	0	1
PKJKAM_02865	contig_47	218050	219288	+	GEGEGB_00493	1	persistent	2	1	1
PKJKAM_02866	contig_47	219338	219394	-	GEGEGB_00496	1	persistent	2	1	0
PKJKAM_02867	contig_47	219812	220732	-	GEGEGB_00497	1	persistent	2	0	0
PKJKAM_02868	contig_47	220980	221093	+	GEGEGB_00498	1	persistent	2	0	0
PKJKAM_02869	contig_47	221254	221496	+	GEGEGB_00499	1	persistent	2	0	0
PKJKAM_02870	contig_47	221771	223162	-	LNHIMF_02536	1	persistent	2	0	0
PKJKAM_02871	contig_47	223517	224791	+	GEGEGB_00501	1	persistent	2	0	0
PKJKAM_02872	contig_47	224788	226794	+	GEGEGB_00502	1	persistent	2	0	0
PKJKAM_02873	contig_47	226781	228031	+	LNHIMF_02533	1	persistent	2	0	0
PKJKAM_02874	contig_47	228164	228259	-	GEGEGB_00504	1	persistent	2	0	0
PKJKAM_02875	contig_47	228299	229237	+	GEGEGB_00505	1	persistent	2	0	2
PKJKAM_02877	contig_47	229544	230485	-	GEGEGB_00512	1	persistent	3	0	1
PKJKAM_02878	contig_47	230774	231529	+	GEGEGB_00513	1	persistent	2	0	0
PKJKAM_02879	contig_47	231590	232897	-	LNHIMF_02527	1	persistent	2	0	0
PKJKAM_02880	contig_47	233269	233553	+	GEGEGB_00515	1	persistent	2	0	0
PKJKAM_02881	contig_47	233732	235042	+	GEGEGB_00516	1	persistent	2	0	0
PKJKAM_02882	contig_47	235042	237189	+	GEGEGB_00517	1	persistent	2	0	0
PKJKAM_02883	contig_47	237398	237883	+	GEGEGB_00518	1	persistent	2	0	0
PKJKAM_02884	contig_47	237983	238534	-	GEGEGB_00519	1	persistent	2	0	0
PKJKAM_02885	contig_47	238700	239632	+	GEGEGB_00520	1	persistent	2	0	0
PKJKAM_02886	contig_47	239668	240753	+	LNHIMF_02520	1	persistent	2	0	0
PKJKAM_02887	contig_47	240757	241581	+	GEGEGB_00522	1	persistent	2	0	0
PKJKAM_02888	contig_47	241581	242390	+	GEGEGB_00523	1	persistent	2	0	0
PKJKAM_02889	contig_47	242390	242938	+	LNHIMF_02517	1	persistent	2	0	0
PKJKAM_02890	contig_47	242971	243246	+	GEGEGB_00526	1	persistent	2	0	0
PKJKAM_02891	contig_47	243298	245298	-	LNHIMF_02515	1	persistent	2	0	0
PKJKAM_02892	contig_47	245458	246672	+	GEGEGB_00528	1	persistent	2	0	0
PKJKAM_02893	contig_47	246770	247426	+	LNHIMF_02513	1	persistent	2	0	0
PKJKAM_02894	contig_47	247493	248011	-	LNHIMF_02512	1	persistent	2	1	1
PKJKAM_02895	contig_47	248011	248379	-	GEGEGB_00531	1	shell	1	1	0
PKJKAM_02896	contig_47	248548	248796	-	GEGEGB_00532	1	shell	1	1	0
PKJKAM_02897	contig_47	248969	249343	+	LNHIMF_02510	1	persistent	1	1	1
PKJKAM_02898	contig_47	249523	250701	+	LNHIMF_02509	1	persistent	3	0	0
PKJKAM_02899	contig_47	250698	251699	-	GEGEGB_00535	1	persistent	2	0	0
PKJKAM_02900	contig_47	251803	252939	+	GEGEGB_00536	1	persistent	2	0	0
PKJKAM_02901	contig_47	253007	254020	+	GEGEGB_00537	1	persistent	2	0	0
PKJKAM_02902	contig_47	254020	254832	+	GEGEGB_00538	1	persistent	2	0	0
PKJKAM_02903	contig_47	254881	255540	+	GEGEGB_00539	1	persistent	2	0	0
PKJKAM_02904	contig_47	255690	256604	+	GEGEGB_00540	1	persistent	2	0	0
PKJKAM_02905	contig_47	256672	257940	+	GEGEGB_00541	1	persistent	2	0	0
PKJKAM_02906	contig_47	257930	258604	+	BEJGEH_02389	1	persistent	2	0	0
PKJKAM_02907	contig_47	258916	259404	+	GEGEGB_00543	1	persistent	2	0	0
PKJKAM_02908	contig_47	259442	260959	+	LNHIMF_02499	1	persistent	2	0	0
PKJKAM_02909	contig_47	260995	262422	-	LNHIMF_02498	1	persistent	2	0	0
PKJKAM_02910	contig_47	262633	264030	+	GEGEGB_00546	1	persistent	2	0	0
PKJKAM_02911	contig_47	264121	265542	+	GEGEGB_00547	1	persistent	2	0	0
PKJKAM_02912	contig_47	265544	266647	+	LNHIMF_02495	1	persistent	2	0	0
PKJKAM_02913	contig_47	266711	268117	+	LNHIMF_02494	1	persistent	2	0	0
PKJKAM_02914	contig_47	268144	268713	+	GEGEGB_00550	1	persistent	2	0	0
PKJKAM_02915	contig_47	269002	269784	+	GEGEGB_00551	1	persistent	2	0	0
PKJKAM_02916	contig_47	270022	270804	+	LNHIMF_02491	1	persistent	2	0	0
PKJKAM_02917	contig_47	270985	271671	+	GEGEGB_00553	1	persistent	2	0	0
PKJKAM_02918	contig_47	271668	272375	+	GEGEGB_00554	1	persistent	2	0	0
PKJKAM_02919	contig_47	272389	273162	+	LNHIMF_02488	1	persistent	2	0	0
PKJKAM_02920	contig_47	273214	274107	-	LNHIMF_02487	1	persistent	2	0	0
PKJKAM_02921	contig_47	274233	274880	-	LNHIMF_02486	1	persistent	2	0	0
PKJKAM_02922	contig_47	275023	275667	+	LNHIMF_02485	1	persistent	2	0	0
PKJKAM_02923	contig_47	275723	276274	+	GEGEGB_00559	1	persistent	2	0	0
PKJKAM_02924	contig_47	276331	276885	+	GEGEGB_00560	1	persistent	2	0	0
PKJKAM_02925	contig_47	276891	277910	-	GEGEGB_00561	1	persistent	2	0	0
PKJKAM_02926	contig_47	278163	278606	+	GEGEGB_00562	1	persistent	2	0	0
PKJKAM_02927	contig_47	278687	278959	+	GEGEGB_00563	1	persistent	2	0	0
PKJKAM_02928	contig_47	278980	280371	+	LNHIMF_02479	1	persistent	2	0	0
PKJKAM_02929	contig_47	280368	281198	+	LNHIMF_02478	1	persistent	2	0	0
PKJKAM_02930	contig_47	281191	282144	+	GEGEGB_00566	1	persistent	2	0	0
PKJKAM_02931	contig_47	282193	283713	-	GEGEGB_00567	1	persistent	2	0	0
PKJKAM_02932	contig_47	283931	286075	-	LNHIMF_02475	1	persistent	2	0	0
PKJKAM_02933	contig_47	286152	287354	-	GEGEGB_00569	1	persistent	2	0	0
PKJKAM_02934	contig_47	287694	288149	+	LNHIMF_02473	1	persistent	2	0	0
PKJKAM_02935	contig_47	288232	288726	+	GEGEGB_00571	1	persistent	2	0	0
PKJKAM_02936	contig_47	288737	289396	+	GEGEGB_00572	1	persistent	2	0	0
PKJKAM_02937	contig_47	289473	291299	+	LNHIMF_02470	1	persistent	2	0	0
PKJKAM_02938	contig_47	291391	291990	-	LNHIMF_02469	1	persistent	2	0	0
PKJKAM_02939	contig_47	292084	293298	-	GEGEGB_00575	1	persistent	2	0	0
PKJKAM_02940	contig_47	294230	295168	+	LNHIMF_02467	1	persistent	2	0	0
PKJKAM_02941	contig_47	295795	296238	+	GEGEGB_00577	1	persistent	2	0	0
PKJKAM_02942	contig_47	296254	296916	+	GEGEGB_00578	1	persistent	2	0	0
PKJKAM_02943	contig_47	297003	298805	+	GEGEGB_00579	1	persistent	2	0	0
PKJKAM_02944	contig_47	298808	299308	+	GEGEGB_00580	1	persistent	2	0	0
PKJKAM_02945	contig_47	299305	300642	+	LNHIMF_02462	1	persistent	2	0	0
PKJKAM_02946	contig_47	300673	303399	+	LNHIMF_02461	1	persistent	2	0	0
PKJKAM_02947	contig_47	303396	304373	+	LNHIMF_02460	1	persistent	2	0	0
PKJKAM_02948	contig_47	304388	304930	+	GEGEGB_00584	1	persistent	2	0	0
PKJKAM_02949	contig_47	304941	305495	+	GEGEGB_00585	1	persistent	2	0	0
PKJKAM_02950	contig_47	305492	305794	+	GEGEGB_00586	1	persistent	2	0	0
PKJKAM_02951	contig_47	305791	307632	+	LNHIMF_02456	1	persistent	2	0	0
PKJKAM_02952	contig_47	307709	309238	+	LNHIMF_02455	1	persistent	2	0	0
PKJKAM_02953	contig_47	309245	310702	+	GEGEGB_00590	1	persistent	2	1	2
PKJKAM_02954	contig_47	310843	311847	-	LNHIMF_02453	1	persistent	2	1	0
PKJKAM_02955	contig_47	311913	312830	-	GEGEGB_00592	1	persistent	2	0	0
PKJKAM_02956	contig_47	312891	313352	+	GEGEGB_00593	1	persistent	2	0	0
PKJKAM_02957	contig_47	313407	313712	+	GEGEGB_00594	1	persistent	2	0	0
PKJKAM_02958	contig_47	313813	315108	+	LNHIMF_02449	1	persistent	2	0	0
PKJKAM_02959	contig_47	315194	316864	+	LNHIMF_02448	1	persistent	2	0	0
PKJKAM_02960	contig_47	316861	317619	+	LNHIMF_02447	1	persistent	2	0	0
PKJKAM_02961	contig_47	317634	318491	+	GEGEGB_00598	1	persistent	2	0	0
PKJKAM_02962	contig_47	318491	319453	+	LNHIMF_02445	1	persistent	2	0	0
PKJKAM_02963	contig_47	319450	320817	+	LNHIMF_02444	1	persistent	2	0	0
PKJKAM_02964	contig_47	320915	321172	+	LNHIMF_02443	1	persistent	2	0	0
PKJKAM_02965	contig_47	321167	321544	-	LNHIMF_02442	1	persistent	2	0	0
PKJKAM_02966	contig_47	321544	321879	-	ALJMDI_02045	1	persistent	2	0	0
PKJKAM_02967	contig_47	321876	323522	-	LNHIMF_02440	1	persistent	2	0	0
PKJKAM_02968	contig_47	323519	324418	-	LNHIMF_02439	1	persistent	2	0	0
PKJKAM_02969	contig_47	324415	326397	-	LNHIMF_02438	1	persistent	2	0	0
PKJKAM_02970	contig_47	326394	327377	-	GEGEGB_00607	1	persistent	2	0	0
PKJKAM_02971	contig_47	327380	328519	-	LNHIMF_02436	1	persistent	2	0	0
PKJKAM_02972	contig_47	328818	329423	+	LNHIMF_02435	1	persistent	2	0	0
PKJKAM_02973	contig_47	329468	329893	-	GEGEGB_00610	1	persistent	3	0	0
PKJKAM_02974	contig_47	330148	330714	+	GEGEGB_00611	1	persistent	2	0	0
PKJKAM_02975	contig_47	330829	332025	+	GEGEGB_00612	2	persistent	4	0	0
PKJKAM_02976	contig_47	332275	333057	+	LNHIMF_02431	1	persistent	2	0	0
PKJKAM_02977	contig_47	333071	334276	+	GEGEGB_00614	1	persistent	2	0	0
PKJKAM_02978	contig_47	334332	335621	+	GEGEGB_00615	1	persistent	2	0	0
PKJKAM_02979	contig_47	335647	336450	+	LNHIMF_02428	1	persistent	2	0	0
PKJKAM_02980	contig_47	336456	336632	+	GEGEGB_00612	2	persistent	4	0	0
PKJKAM_02981	contig_47	336742	337764	-	BEJGEH_02312	1	persistent	2	0	0
PKJKAM_02983	contig_47	338190	339380	-	LNHIMF_02424	1	persistent	2	0	0
PKJKAM_02984	contig_47	339377	340636	-	LNHIMF_02423	1	persistent	2	0	0
PKJKAM_02985	contig_47	340626	342254	-	LNHIMF_02422	1	persistent	2	0	0
PKJKAM_02986	contig_47	342527	343885	+	LNHIMF_02421	1	persistent	2	0	0
PKJKAM_02987	contig_47	343890	344960	+	LNHIMF_02420	1	persistent	2	0	0
PKJKAM_02988	contig_47	345076	345954	-	LNHIMF_02419	1	persistent	2	0	0
PKJKAM_02989	contig_47	346089	347306	+	BEJGEH_02304	1	persistent	2	0	0
PKJKAM_02990	contig_47	347308	347562	-	GEGEGB_00627	1	persistent	2	0	0
PKJKAM_02991	contig_47	347562	348692	-	GEGEGB_00628	1	persistent	2	0	0
PKJKAM_02992	contig_47	348805	351090	-	LNHIMF_02414	1	persistent	2	0	0
PKJKAM_02993	contig_47	351446	352174	-	LNHIMF_02413	1	persistent	2	0	0
PKJKAM_02994	contig_47	352257	353141	-	GEGEGB_00631	1	persistent	2	0	0
PKJKAM_02995	contig_47	353191	354516	+	LNHIMF_02410	1	persistent	2	0	0
PKJKAM_02996	contig_47	354531	355733	+	LNHIMF_02409	1	persistent	2	0	0
PKJKAM_02997	contig_47	356143	358779	+	LNHIMF_02408	1	persistent	2	0	1
PKJKAM_02998	contig_47	358897	361743	+	LNHIMF_02407	1	persistent	2	1	0
PKJKAM_02999	contig_47	361846	362496	-	GEGEGB_00640	1	persistent	2	0	0
PKJKAM_03000	contig_47	362513	365182	-	LNHIMF_02405	1	persistent	2	0	0
PKJKAM_03002	contig_47	365911	367047	+	GEGEGB_00643	1	persistent	2	0	0
PKJKAM_03003	contig_47	367162	368214	+	GEGEGB_00644	1	persistent	2	0	0
PKJKAM_03004	contig_47	368298	369356	+	LNHIMF_02401	1	persistent	2	0	0
PKJKAM_03005	contig_47	369359	370009	+	LNHIMF_02400	1	persistent	2	0	0
PKJKAM_03006	contig_47	370085	371728	+	LNHIMF_02399	1	persistent	2	0	0
PKJKAM_03007	contig_47	371928	372434	-	GEGEGB_00648	1	persistent	3	0	0
PKJKAM_03008	contig_47	372593	372724	-	GEGEGB_00649	1	persistent	2	0	0
PKJKAM_03009	contig_47	372836	373327	+	LNHIMF_02396	1	persistent	3	0	0
PKJKAM_03010	contig_47	373317	373580	+	GEGEGB_00651	1	persistent	2	0	0
PKJKAM_03011	contig_47	373577	376063	+	GEGEGB_00652	1	persistent	2	0	0
PKJKAM_03012	contig_47	376070	376765	+	GEGEGB_00653	1	persistent	2	0	0
PKJKAM_03013	contig_47	376752	377621	+	GEGEGB_00654	1	persistent	2	0	0
PKJKAM_03014	contig_47	377737	378186	+	GEGEGB_00655	1	persistent	2	0	0
PKJKAM_03015	contig_47	378196	378798	+	LNHIMF_02390	1	persistent	2	0	0
PKJKAM_03016	contig_47	378819	379436	+	GEGEGB_03907	3	persistent	3	0	0
PKJKAM_03017	contig_47	379436	380092	+	GEGEGB_00658	3	persistent	2	0	0
PKJKAM_03018	contig_47	380135	380881	+	GEGEGB_00659	3	persistent	2	0	0
PKJKAM_03019	contig_47	380878	381090	+	AJBGEP_02420	3	persistent	2	0	0
PKJKAM_03020	contig_47	381087	381566	+	HFCAGB_02510	3	persistent	2	0	0
PKJKAM_03021	contig_47	381563	383494	+	GEGEGB_00662	3	persistent	2	0	0
PKJKAM_03022	contig_47	383491	384048	+	GEGEGB_00663	3	persistent	2	0	1
PKJKAM_03023	contig_47	384045	385088	+	GEGEGB_00664	2	persistent	3	0	0
PKJKAM_03024	contig_47	385132	385779	-	GEGEGB_00665	1	persistent	3	0	1
PKJKAM_03025	contig_47	386515	387072	+	LNHIMF_02380	1	persistent	2	0	2
PKJKAM_03026	contig_47	387264	387641	-	IKCLMC_01756	1	persistent	3	1	0
PKJKAM_03028	contig_47	387770	388234	+	GEGEGB_00668	2	shell	1	1	0
PKJKAM_03029	contig_47	388277	388561	+	GEGEGB_00668	2	shell	1	1	0
PKJKAM_03030	contig_47	389231	391537	+	PKJKAM_03030	1	shell	0	2	2
PKJKAM_03031	contig_47	391782	391847	+	GEGEGB_00670	1	cloud	1	1	0
PKJKAM_03033	contig_47	392308	394068	-	GEGEGB_00672	1	persistent	2	0	4
PKJKAM_03034	contig_47	394100	394327	-	GEGEGB_00673	1	persistent	2	0	0
PKJKAM_03035	contig_47	394507	395514	+	GEGEGB_00674	1	persistent	3	0	0
PKJKAM_03036	contig_47	395542	396162	+	GEGEGB_00675	1	persistent	2	0	0
PKJKAM_03037	contig_47	396271	396555	-	GEGEGB_00676	1	persistent	3	0	0
PKJKAM_03038	contig_47	396680	398440	-	GEGEGB_00677	1	persistent	2	0	0
PKJKAM_03039	contig_47	398592	399287	+	GEGEGB_00678	1	persistent	2	0	0
PKJKAM_03040	contig_47	399315	400505	+	LNHIMF_02371	1	persistent	2	0	0
PKJKAM_03041	contig_47	400896	401240	+	GEGEGB_00680	1	persistent	2	0	0
PKJKAM_03042	contig_47	401244	402833	-	GEGEGB_00681	1	persistent	2	0	0
PKJKAM_03043	contig_47	402835	403860	-	GEGEGB_00682	1	persistent	2	0	0
PKJKAM_03044	contig_47	403860	404954	-	GEGEGB_00683	1	persistent	2	0	0
PKJKAM_03045	contig_47	404964	406769	-	GEGEGB_00684	1	persistent	2	0	0
PKJKAM_03046	contig_47	406876	408432	-	GEGEGB_00685	1	persistent	2	0	0
PKJKAM_03047	contig_47	408806	409378	-	GEGEGB_00686	1	persistent	2	0	0
PKJKAM_03048	contig_47	409792	410511	-	GEGEGB_00687	1	persistent	2	0	0
PKJKAM_03049	contig_47	410541	411527	-	GEGEGB_00688	1	persistent	2	0	0
PKJKAM_03050	contig_48	13	276	+	GEGEGB_02355	1	persistent	2	0	0
PKJKAM_03051	contig_48	362	565	-	GEGEGB_02356	1	persistent	2	0	0
PKJKAM_03052	contig_48	694	1482	-	HFCAGB_00724	1	persistent	2	0	0
PKJKAM_03053	contig_48	1573	1956	+	GEGEGB_02358	1	persistent	2	0	0
PKJKAM_03054	contig_48	2014	2223	-	GEGEGB_01108	2	persistent	4	0	0
PKJKAM_03055	contig_48	2411	2983	-	LNHIMF_00773	1	persistent	2	0	0
PKJKAM_03056	contig_48	3360	4745	+	GEGEGB_02361	1	persistent	2	0	1
PKJKAM_03057	contig_48	4799	5479	-	GEGEGB_02362	1	persistent	2	0	0
PKJKAM_03058	contig_48	5448	7109	-	GEGEGB_02363	1	persistent	2	0	2
PKJKAM_03059	contig_48	7494	8570	+	LNHIMF_00768	1	persistent	2	0	1
PKJKAM_03060	contig_48	8567	8863	+	GEGEGB_02365	1	persistent	2	0	0
PKJKAM_03061	contig_48	8860	9768	+	LNHIMF_00766	1	persistent	2	0	0
PKJKAM_03062	contig_48	9778	11307	+	LNHIMF_00765	1	persistent	2	0	0
PKJKAM_03063	contig_48	11311	11862	+	BEJGEH_00629	1	persistent	2	0	0
PKJKAM_03064	contig_48	11834	12730	+	GEGEGB_02369	1	persistent	2	0	0
PKJKAM_03065	contig_48	12768	14231	+	LNHIMF_00762	1	persistent	2	0	0
PKJKAM_03066	contig_48	14341	15147	+	LNHIMF_00761	1	persistent	2	0	0
PKJKAM_03067	contig_48	15382	15792	+	GEGEGB_02372	1	persistent	2	0	0
PKJKAM_03068	contig_48	15877	17115	-	LNHIMF_00759	1	persistent	2	0	0
PKJKAM_03069	contig_48	17338	17766	+	GEGEGB_02374	1	persistent	2	0	0
PKJKAM_03070	contig_48	17834	18601	-	GEGEGB_02375	1	persistent	2	0	1
PKJKAM_03071	contig_48	18601	19158	-	LNHIMF_00756	1	persistent	2	0	0
PKJKAM_03072	contig_48	19155	21434	-	LNHIMF_00755	1	persistent	2	0	1
PKJKAM_03073	contig_48	21427	21987	-	BEJGEH_00619	1	persistent	2	1	0
PKJKAM_03074	contig_48	22320	23885	-	LNHIMF_00753	1	persistent	2	1	0
PKJKAM_03075	contig_48	24127	24690	-	GEGEGB_02382	1	persistent	2	0	0
PKJKAM_03077	contig_48	25131	25877	+	LNHIMF_00750	1	persistent	2	0	0
PKJKAM_03078	contig_48	26194	27096	+	LNHIMF_00749	1	persistent	2	0	0
PKJKAM_03079	contig_48	27262	28497	+	LNHIMF_00748	1	persistent	2	0	0
PKJKAM_03080	contig_48	28470	29087	+	BEJGEH_00612	1	persistent	2	0	0
PKJKAM_03081	contig_48	29088	30248	-	LNHIMF_00746	1	persistent	2	0	0
PKJKAM_03082	contig_48	30375	31463	+	LNHIMF_00745	1	persistent	2	0	0
PKJKAM_03083	contig_48	31499	31696	-	GEGEGB_02390	1	persistent	2	0	0
PKJKAM_03084	contig_48	31760	33865	-	LNHIMF_00743	1	persistent	2	0	0
PKJKAM_03085	contig_48	34047	34460	-	GEGEGB_02392	1	persistent	2	0	0
PKJKAM_03086	contig_48	34463	35218	-	HFCAGB_00686	1	persistent	2	0	0
PKJKAM_03087	contig_48	35218	36075	-	GEGEGB_02394	1	persistent	2	0	0
PKJKAM_03088	contig_48	36089	37699	-	LNHIMF_00739	1	persistent	2	0	0
PKJKAM_03089	contig_48	37709	38884	-	GEGEGB_02396	1	persistent	2	0	0
PKJKAM_03090	contig_48	39193	40149	+	LNHIMF_00737	1	persistent	2	0	0
PKJKAM_03091	contig_48	40212	41456	-	GEGEGB_02398	1	persistent	2	0	0
PKJKAM_03092	contig_48	41567	42574	+	GEGEGB_02399	1	persistent	2	0	0
PKJKAM_03093	contig_48	42574	43563	+	GEGEGB_02400	1	persistent	2	0	0
PKJKAM_03094	contig_48	43560	44354	+	GEGEGB_02401	1	persistent	2	0	0
PKJKAM_03095	contig_48	44407	45543	-	HFCAGB_00677	1	persistent	2	0	0
PKJKAM_03096	contig_48	45793	49677	-	LNHIMF_00731	1	persistent	2	0	0
PKJKAM_03097	contig_48	49674	49892	-	LNHIMF_00730	1	persistent	2	0	0
PKJKAM_03098	contig_48	49923	51137	-	BEJGEH_00594	1	persistent	2	0	0
PKJKAM_03099	contig_48	51326	53581	+	LNHIMF_00728	1	persistent	2	0	0
PKJKAM_03100	contig_48	53628	54332	+	BENMGJ_04249	1	persistent	2	0	0
PKJKAM_03101	contig_48	54344	55462	+	LNHIMF_00726	1	persistent	2	0	0
PKJKAM_03102	contig_48	55529	55777	+	GEGEGB_02410	1	persistent	2	0	0
PKJKAM_03103	contig_48	55783	56124	-	LNHIMF_00724	1	persistent	3	0	0
PKJKAM_03105	contig_48	56413	56994	+	BEJGEH_00587	1	persistent	2	0	0
PKJKAM_03106	contig_48	56994	57362	+	BEJGEH_00586	1	persistent	2	0	0
PKJKAM_03107	contig_48	57459	58112	+	GEGEGB_02415	1	persistent	2	1	0
PKJKAM_03108	contig_48	58312	58761	+	AJBGEP_00599	1	shell	1	1	0
PKJKAM_03109	contig_48	58739	59209	+	AJBGEP_00598	1	shell	0	2	0
PKJKAM_03110	contig_48	59224	59967	+	AJBGEP_00597	1	shell	0	2	0
PKJKAM_03111	contig_48	59970	60824	+	AJBGEP_00596	1	shell	0	2	0
PKJKAM_03112	contig_48	60839	61900	+	AJBGEP_00595	1	shell	0	2	0
PKJKAM_03113	contig_48	61967	62953	+	AJBGEP_00594	1	shell	0	2	0
PKJKAM_03114	contig_48	63081	65810	-	AJBGEP_00593	1	shell	1	1	0
PKJKAM_03115	contig_48	65977	67947	-	AJBGEP_00592	1	persistent	3	1	1
PKJKAM_03116	contig_48	68258	69505	+	GEGEGB_02417	1	persistent	2	0	1
PKJKAM_03117	contig_48	69547	70941	-	LNHIMF_00720	1	persistent	2	0	0
PKJKAM_03118	contig_48	71267	72442	+	LNHIMF_00719	1	persistent	2	0	0
PKJKAM_03119	contig_48	72521	73081	-	GEGEGB_02421	1	persistent	2	0	0
PKJKAM_03120	contig_48	73094	73330	-	GEGEGB_02422	1	persistent	2	0	0
PKJKAM_03121	contig_48	73487	74812	-	LNHIMF_00716	1	persistent	2	0	0
PKJKAM_03122	contig_48	75028	75882	+	BEJGEH_00577	1	persistent	1	1	2
PKJKAM_03123	contig_48	76221	76550	+	HFCAGB_00655	1	shell	2	0	1
PKJKAM_03125	contig_48	77420	77782	+	GEGEGB_02428	1	persistent	3	3	2
PKJKAM_03126	contig_48	77779	78699	+	BEJGEH_04267	2	persistent	1	3	6
PKJKAM_03127	contig_48	78696	80507	+	PKJKAM_03127	1	cloud	1	0	1
PKJKAM_03129	contig_48	81846	83699	-	PKJKAM_03129	1	cloud	0	0	3
PKJKAM_03130	contig_48	83984	85915	-	PKJKAM_03130	1	cloud	0	0	2
PKJKAM_03131	contig_48	85915	87264	-	PKJKAM_03131	1	cloud	0	0	2
PKJKAM_03132	contig_48	87274	87963	-	PKJKAM_03132	1	cloud	0	0	2
PKJKAM_03133	contig_48	87966	88421	-	PKJKAM_03133	1	cloud	0	0	5
PKJKAM_03134	contig_48	88421	89059	-	PKJKAM_03134	1	cloud	0	0	2
PKJKAM_03135	contig_48	89063	90481	-	PKJKAM_03135	1	cloud	0	0	5
PKJKAM_03136	contig_48	90491	90952	-	PKJKAM_03136	1	cloud	0	0	2
PKJKAM_03137	contig_48	90933	91121	-	PKJKAM_03137	1	cloud	0	0	2
PKJKAM_03138	contig_48	91163	92416	-	PKJKAM_03138	1	cloud	0	0	2
PKJKAM_03139	contig_48	92435	93328	-	PKJKAM_03139	1	cloud	0	0	2
PKJKAM_03140	contig_48	93419	95617	-	PKJKAM_03140	1	cloud	0	0	2
PKJKAM_03141	contig_48	95619	97034	-	PKJKAM_03141	1	cloud	0	0	2
PKJKAM_03142	contig_48	97031	97453	-	PKJKAM_03142	1	cloud	0	0	2
PKJKAM_03143	contig_48	97477	97656	-	PKJKAM_03143	1	cloud	0	0	3
PKJKAM_03144	contig_48	97658	97900	-	PKJKAM_03144	1	cloud	0	0	4
PKJKAM_03145	contig_48	98237	98923	-	PKJKAM_03145	1	cloud	0	0	2
PKJKAM_03146	contig_48	99189	99374	-	ONMMKP_00760	1	cloud	0	0	4
PKJKAM_03147	contig_48	99570	100007	-	PKJKAM_03147	1	cloud	0	0	4
PKJKAM_03148	contig_48	99991	100317	-	HFCAGB_00618	1	cloud	0	0	4
PKJKAM_03149	contig_48	100761	101525	-	PKJKAM_03149	1	cloud	0	1	2
PKJKAM_03150	contig_48	101522	101701	-	LNHIMF_00593	1	shell	0	1	3
PKJKAM_03151	contig_48	101682	101885	-	LNHIMF_00592	1	shell	0	2	2
PKJKAM_03152	contig_48	101882	102106	-	BENMGJ_03952	1	shell	0	1	1
PKJKAM_03153	contig_48	102103	102714	-	ONMMKP_00770	1	cloud	0	1	1
PKJKAM_03154	contig_48	102707	102883	-	BENMGJ_03950	1	cloud	0	0	5
PKJKAM_03155	contig_48	102876	103250	-	PKJKAM_03155	1	cloud	0	0	2
PKJKAM_03156	contig_48	103566	104156	-	PKJKAM_03156	1	cloud	0	0	2
PKJKAM_03157	contig_48	104153	104596	-	LNHIMF_00589	1	cloud	0	0	7
PKJKAM_03158	contig_48	104574	104738	-	PKJKAM_03158	1	cloud	0	0	2
PKJKAM_03159	contig_48	104741	105052	-	PKJKAM_03159	1	cloud	0	0	2
PKJKAM_03160	contig_48	105269	105349	-	PKJKAM_03160	1	cloud	0	0	2
PKJKAM_03161	contig_48	105346	106722	-	PKJKAM_03161	1	cloud	0	0	4
PKJKAM_03162	contig_48	106719	107540	-	PKJKAM_03162	1	cloud	0	0	2
PKJKAM_03163	contig_48	107527	107688	-	ONMMKP_00777	1	cloud	0	0	4
PKJKAM_03164	contig_48	107721	108017	-	PKJKAM_03164	1	cloud	0	0	2
PKJKAM_03165	contig_48	108127	108342	-	PKJKAM_03165	1	cloud	0	0	2
PKJKAM_03166	contig_48	108460	109113	+	PKJKAM_03166	1	cloud	0	0	2
PKJKAM_03167	contig_48	109467	109799	+	PKJKAM_03167	1	cloud	0	0	5
PKJKAM_03168	contig_48	109878	110072	+	HFCAGB_00601	1	cloud	0	0	7
PKJKAM_03169	contig_48	110156	111301	+	IKCLMC_02336	1	cloud	0	0	3
PKJKAM_03170	contig_48	111479	111643	+	PKJKAM_03170	1	cloud	0	0	2
PKJKAM_03171	contig_48	111628	111780	+	PKJKAM_03171	1	cloud	0	0	2
PKJKAM_03172	contig_48	111777	111884	+	PKJKAM_03172	1	cloud	0	0	2
PKJKAM_03173	contig_48	111865	112173	+	PKJKAM_03173	1	cloud	0	0	3
PKJKAM_03174	contig_48	112170	113072	+	PKJKAM_03174	1	cloud	0	0	2
PKJKAM_03175	contig_48	113056	113538	+	PKJKAM_03175	1	cloud	0	0	2
PKJKAM_03176	contig_48	113881	114051	+	HFCAGB_00591	1	cloud	0	0	7
PKJKAM_03177	contig_48	114048	114986	+	PKJKAM_03177	1	cloud	0	0	2
PKJKAM_03178	contig_48	114983	115237	+	PKJKAM_03178	1	cloud	0	0	2
PKJKAM_03179	contig_48	115224	115955	+	PKJKAM_03179	1	cloud	0	0	2
PKJKAM_03180	contig_48	116179	116571	+	PKJKAM_03180	1	cloud	0	0	2
PKJKAM_03181	contig_48	116568	117128	+	PKJKAM_03181	1	cloud	0	0	2
PKJKAM_03182	contig_48	117121	117405	+	AJBGEP_01261	1	cloud	0	0	8
PKJKAM_03183	contig_48	117478	117852	+	PKJKAM_03183	1	cloud	0	0	2
PKJKAM_03184	contig_48	118082	119245	+	PKJKAM_03184	1	cloud	1	0	4
PKJKAM_03186	contig_48	119592	120188	+	GEGEGB_02434	1	persistent	2	3	2
PKJKAM_03187	contig_48	120353	120661	+	AJBGEP_00574	1	shell	2	0	0
PKJKAM_03188	contig_48	120680	121402	+	LNHIMF_00559	1	persistent	2	1	0
PKJKAM_03189	contig_48	122006	122638	+	LNHIMF_00558	1	persistent	2	0	0
PKJKAM_03190	contig_48	122684	123202	-	BEJGEH_00562	1	persistent	2	0	0
PKJKAM_03191	contig_48	123212	124219	-	LNHIMF_00556	1	persistent	2	0	0
PKJKAM_03192	contig_48	124234	126846	-	LNHIMF_00555	1	persistent	2	0	0
PKJKAM_03193	contig_48	126877	127569	-	LNHIMF_00554	1	persistent	2	0	0
PKJKAM_03194	contig_48	127613	128146	-	GEGEGB_02442	1	persistent	2	0	0
PKJKAM_03195	contig_48	128221	128778	-	LNHIMF_00552	1	persistent	2	0	0
PKJKAM_03196	contig_48	129325	130191	+	LNHIMF_00551	1	persistent	2	0	0
PKJKAM_03197	contig_48	130193	130405	+	GEGEGB_02445	1	persistent	2	0	0
PKJKAM_03198	contig_48	130532	131077	+	LNHIMF_00549	1	persistent	3	0	0
PKJKAM_03199	contig_48	131070	131507	+	BEJGEH_00553	1	persistent	2	0	0
PKJKAM_03200	contig_48	131504	132328	+	BEJGEH_00552	1	persistent	2	0	0
PKJKAM_03201	contig_48	132372	133757	-	GEGEGB_02447	1	persistent	3	0	0
PKJKAM_03202	contig_48	133930	134424	+	GEGEGB_02448	1	persistent	2	0	0
PKJKAM_03203	contig_48	134427	135149	+	LNHIMF_00544	1	persistent	2	0	0
PKJKAM_03204	contig_48	135267	135776	+	LNHIMF_00543	1	persistent	2	0	0
PKJKAM_03205	contig_48	135773	136840	+	GEGEGB_02451	1	persistent	3	0	0
PKJKAM_03206	contig_48	136881	137774	-	GEGEGB_02452	1	persistent	2	0	0
PKJKAM_03207	contig_48	137778	138587	-	HFCAGB_00559	1	persistent	2	0	0
PKJKAM_03208	contig_48	138599	139858	-	BEJGEH_00544	1	persistent	2	0	0
PKJKAM_03209	contig_48	139868	141532	-	HFCAGB_00557	1	persistent	2	0	0
PKJKAM_03210	contig_48	141848	142897	+	BEJGEH_00542	1	persistent	2	0	0
PKJKAM_03211	contig_48	142919	144154	+	BEJGEH_00541	1	persistent	2	0	0
PKJKAM_03212	contig_48	144165	144950	+	GEGEGB_02458	1	persistent	2	0	0
PKJKAM_03214	contig_48	145030	146178	-	BEJGEH_00538	1	persistent	2	0	0
PKJKAM_03215	contig_48	146201	147499	-	GEGEGB_02461	1	persistent	2	0	0
PKJKAM_03216	contig_48	147558	148919	-	GEGEGB_02462	1	persistent	2	0	0
PKJKAM_03217	contig_48	148998	150452	-	HFCAGB_00549	1	persistent	2	0	0
PKJKAM_03218	contig_48	150548	151795	-	BEJGEH_00534	1	persistent	2	0	0
PKJKAM_03219	contig_48	151861	152739	-	BEJGEH_00533	1	persistent	2	0	0
PKJKAM_03220	contig_48	152839	153615	-	BEJGEH_00532	1	persistent	2	0	0
PKJKAM_03221	contig_48	153628	155409	-	BEJGEH_00531	1	persistent	2	0	0
PKJKAM_03222	contig_48	155494	156312	-	BEJGEH_00530	1	persistent	2	0	0
PKJKAM_03223	contig_48	156391	156873	-	BEJGEH_00529	1	persistent	2	0	0
PKJKAM_03224	contig_48	157100	158026	+	BEJGEH_00528	1	persistent	2	0	0
PKJKAM_03225	contig_48	158096	159190	+	BEJGEH_00527	1	persistent	3	0	0
PKJKAM_03226	contig_48	159219	159878	-	GEGEGB_02474	1	persistent	2	0	0
PKJKAM_03227	contig_48	159871	160887	-	LNHIMF_00539	1	persistent	2	0	0
PKJKAM_03228	contig_48	160924	161754	-	LNHIMF_00538	1	persistent	2	0	0
PKJKAM_03229	contig_48	162011	163144	-	GEGEGB_02477	1	persistent	2	0	0
PKJKAM_03230	contig_48	163229	163333	-	LNHIMF_00536	1	persistent	2	0	0
PKJKAM_03231	contig_48	163330	165744	-	LNHIMF_00535	1	persistent	2	0	0
PKJKAM_03232	contig_48	165741	166427	-	GEGEGB_02480	1	persistent	2	0	0
PKJKAM_03233	contig_48	166428	167012	+	GEGEGB_02481	1	persistent	2	0	0
PKJKAM_03234	contig_48	167167	167937	+	GEGEGB_02482	1	persistent	2	0	0
PKJKAM_03235	contig_48	167997	168851	+	GEGEGB_02483	1	persistent	2	0	0
PKJKAM_03236	contig_48	168937	169716	-	LNHIMF_00530	1	persistent	2	0	0
PKJKAM_03237	contig_48	169703	170380	-	LNHIMF_00529	1	persistent	2	0	0
PKJKAM_03238	contig_48	170527	171444	+	LNHIMF_00528	1	persistent	2	0	0
PKJKAM_03239	contig_48	171441	171893	+	GEGEGB_02487	1	persistent	2	0	0
PKJKAM_03240	contig_48	171894	172310	-	LNHIMF_00526	1	persistent	2	0	0
PKJKAM_03241	contig_48	172420	174921	+	LNHIMF_00525	1	persistent	3	0	0
PKJKAM_03242	contig_48	175075	175902	+	BEJGEH_00510	1	persistent	2	0	0
PKJKAM_03243	contig_48	175988	176782	+	BEJGEH_00509	1	persistent	3	0	0
PKJKAM_03245	contig_48	176984	177463	+	LNHIMF_00521	1	persistent	2	0	0
PKJKAM_03246	contig_48	177580	178494	-	BEJGEH_00506	2	persistent	2	0	0
PKJKAM_03247	contig_48	178491	179228	-	BEJGEH_00506	2	persistent	2	0	0
PKJKAM_03248	contig_48	179401	180621	+	GEGEGB_02496	1	persistent	2	1	0
PKJKAM_03249	contig_48	180836	182512	+	GEGEGB_02498	1	persistent	2	1	0
PKJKAM_03250	contig_48	182561	183910	-	GEGEGB_02499	1	persistent	2	0	1
PKJKAM_03251	contig_48	184018	184989	+	LNHIMF_00515	1	persistent	2	0	1
PKJKAM_03252	contig_48	184986	185948	-	LNHIMF_00514	1	persistent	2	0	0
PKJKAM_03253	contig_48	186177	186821	-	GEGEGB_02502	1	persistent	2	0	0
PKJKAM_03254	contig_48	187063	188937	-	GEGEGB_02503	1	persistent	2	0	0
PKJKAM_03255	contig_48	189048	189653	-	GEGEGB_02504	1	persistent	2	0	0
PKJKAM_03256	contig_48	189653	189982	-	GEGEGB_02505	1	persistent	2	0	0
PKJKAM_03257	contig_48	190028	191956	-	GEGEGB_02506	1	persistent	2	0	0
PKJKAM_03258	contig_48	192070	192621	-	LNHIMF_00508	1	persistent	2	0	1
PKJKAM_03259	contig_48	192774	193151	-	GEGEGB_02508	1	persistent	2	0	0
PKJKAM_03260	contig_48	193232	193747	+	BEJGEH_00490	1	persistent	2	0	1
PKJKAM_03261	contig_48	193761	193928	+	GEGEGB_02510	1	persistent	2	0	0
PKJKAM_03262	contig_48	193998	194921	+	LNHIMF_00504	1	persistent	2	0	0
PKJKAM_03263	contig_48	194963	198325	-	LNHIMF_00503	1	persistent	2	0	0
PKJKAM_03264	contig_48	198444	199097	-	GEGEGB_02513	1	persistent	2	0	0
PKJKAM_03265	contig_48	199239	200432	+	GEGEGB_02514	1	persistent	2	0	0
PKJKAM_03266	contig_48	200455	202554	+	LNHIMF_03443	3	persistent	4	0	0
PKJKAM_03267	contig_48	202529	203605	+	LNHIMF_03443	3	persistent	4	0	0
PKJKAM_03268	contig_48	204101	204475	+	GEGEGB_02516	1	persistent	2	0	0
PKJKAM_03269	contig_48	204503	204721	+	GEGEGB_02517	1	persistent	2	0	0
PKJKAM_03270	contig_48	204900	205451	+	GEGEGB_02518	1	persistent	2	0	0
PKJKAM_03271	contig_48	205568	206038	+	GEGEGB_02519	1	persistent	2	0	1
PKJKAM_03272	contig_48	206240	206500	-	GEGEGB_02520	1	persistent	2	0	1
PKJKAM_03273	contig_48	206725	208275	+	BEJGEH_00477	1	persistent	2	0	0
PKJKAM_03275	contig_48	208584	208895	+	GEGEGB_02523	1	persistent	2	0	0
PKJKAM_03276	contig_48	208928	209497	-	GEGEGB_02524	1	persistent	2	0	0
PKJKAM_03277	contig_48	209712	210572	+	GEGEGB_02525	1	persistent	2	0	0
PKJKAM_03278	contig_48	210672	211958	-	GEGEGB_02526	1	persistent	2	0	0
PKJKAM_03279	contig_48	211990	212328	-	GEGEGB_02527	1	persistent	2	0	0
PKJKAM_03280	contig_48	212541	214322	-	LNHIMF_00486	1	persistent	2	0	0
PKJKAM_03281	contig_48	214315	216087	-	GEGEGB_02529	1	persistent	2	0	0
PKJKAM_03282	contig_48	216128	216586	-	GEGEGB_02530	1	persistent	2	0	0
PKJKAM_03283	contig_48	216699	217754	+	LNHIMF_00483	1	persistent	2	1	0
PKJKAM_03284	contig_48	217804	218622	-	GEGEGB_02535	1	persistent	2	0	1
PKJKAM_03285	contig_48	218723	220423	+	GEGEGB_02536	1	persistent	2	0	0
PKJKAM_03286	contig_48	220488	221183	+	GEGEGB_02537	1	persistent	2	0	0
PKJKAM_03287	contig_48	221289	221687	-	GEGEGB_02538	1	persistent	2	0	0
PKJKAM_03288	contig_48	221791	222165	-	GEGEGB_02539	1	persistent	2	0	0
PKJKAM_03289	contig_48	222315	224186	-	GEGEGB_02540	1	persistent	2	0	0
PKJKAM_03290	contig_48	224477	224749	-	GEGEGB_02541	1	persistent	2	0	0
PKJKAM_03291	contig_48	224958	227312	-	GEGEGB_02542	1	persistent	2	0	0
PKJKAM_03293	contig_48	227498	228769	-	LNHIMF_00473	1	persistent	2	0	0
PKJKAM_03294	contig_48	229021	229644	-	GEGEGB_02545	1	persistent	2	0	0
PKJKAM_03295	contig_48	229891	231189	-	GEGEGB_02546	1	persistent	2	0	0
PKJKAM_03296	contig_48	231536	231850	-	GEGEGB_02547	1	persistent	2	0	0
PKJKAM_03297	contig_48	232103	232735	+	GEGEGB_02548	1	persistent	2	0	0
PKJKAM_03298	contig_48	232773	234254	+	GEGEGB_02549	1	persistent	2	0	0
PKJKAM_03299	contig_48	234707	235663	+	GEGEGB_02550	1	persistent	2	0	0
PKJKAM_03300	contig_48	235674	237665	+	GEGEGB_02551	1	persistent	2	0	0
PKJKAM_03301	contig_48	237655	238269	+	LNHIMF_00465	1	persistent	2	0	0
PKJKAM_03302	contig_48	238269	238598	+	GEGEGB_02553	1	persistent	2	0	0
PKJKAM_03303	contig_48	238610	239500	+	GEGEGB_02554	1	persistent	2	1	1
PKJKAM_03304	contig_48	239582	241075	-	AJBGEP_00458	1	shell	2	0	0
PKJKAM_03305	contig_48	241087	242598	-	HFCAGB_00461	1	persistent	1	1	2
PKJKAM_03306	contig_48	243123	244487	+	GEGEGB_02560	1	persistent	3	0	1
PKJKAM_03307	contig_48	244534	245025	-	LNHIMF_00461	1	persistent	2	0	0
PKJKAM_03308	contig_48	245151	246062	+	LNHIMF_00460	1	persistent	2	0	0
PKJKAM_03309	contig_48	246025	246615	+	GEGEGB_02563	1	persistent	2	0	0
PKJKAM_03310	contig_48	246712	247521	-	GEGEGB_02564	1	persistent	2	0	0
PKJKAM_03311	contig_48	247531	248634	-	GEGEGB_02565	1	persistent	2	0	0
PKJKAM_03312	contig_48	248774	249493	+	GEGEGB_02566	1	persistent	2	0	0
PKJKAM_03313	contig_48	249691	250704	+	LNHIMF_00455	1	persistent	2	0	0
PKJKAM_03314	contig_48	250710	251819	+	LNHIMF_00454	1	persistent	2	0	0
PKJKAM_03315	contig_48	251822	252682	+	HFCAGB_00451	1	persistent	2	0	0
PKJKAM_03316	contig_48	252685	253482	+	LNHIMF_00452	1	persistent	2	0	0
PKJKAM_03317	contig_48	253526	254974	-	LNHIMF_00451	1	persistent	2	0	0
PKJKAM_03318	contig_48	255184	255426	+	GEGEGB_02572	1	persistent	2	0	0
PKJKAM_03319	contig_48	255427	256326	+	GEGEGB_02573	1	persistent	2	0	0
PKJKAM_03320	contig_48	256350	258212	+	LNHIMF_00448	1	persistent	2	0	0
PKJKAM_03321	contig_48	258269	259243	+	LNHIMF_00447	1	persistent	2	0	0
PKJKAM_03322	contig_48	259347	259862	-	GEGEGB_02576	1	persistent	2	0	0
PKJKAM_03323	contig_48	259840	260820	-	LNHIMF_00445	1	persistent	2	0	0
PKJKAM_03324	contig_48	260899	261318	-	LNHIMF_00444	1	persistent	2	0	0
PKJKAM_03325	contig_48	261339	261809	-	GEGEGB_02579	1	persistent	2	0	0
PKJKAM_03326	contig_48	261898	263001	-	LNHIMF_00442	1	persistent	2	0	0
PKJKAM_03327	contig_48	263005	263454	-	GEGEGB_02581	1	persistent	2	0	0
PKJKAM_03328	contig_48	263606	264145	+	LNHIMF_00440	1	persistent	2	0	0
PKJKAM_03329	contig_48	264445	265308	+	GEGEGB_02583	1	persistent	2	0	0
PKJKAM_03330	contig_48	265392	265499	-	LNHIMF_00437	1	persistent	2	0	0
PKJKAM_03332	contig_48	265937	266284	-	GEGEGB_02586	1	persistent	2	1	0
PKJKAM_03333	contig_48	266454	267146	-	GEGEGB_02587	1	shell	1	1	0
PKJKAM_03334	contig_48	267172	267537	-	GEGEGB_02588	1	shell	1	1	0
PKJKAM_03335	contig_48	267682	268653	-	GEGEGB_02589	1	persistent	2	1	0
PKJKAM_03336	contig_48	268664	270478	-	GEGEGB_02590	1	persistent	2	0	0
PKJKAM_03337	contig_48	270539	270871	-	GEGEGB_02591	1	persistent	2	0	0
PKJKAM_03338	contig_48	270894	272021	-	LNHIMF_00432	1	persistent	2	0	0
PKJKAM_03339	contig_48	272218	273282	-	LNHIMF_00431	1	persistent	2	0	0
PKJKAM_03340	contig_48	273376	273957	+	GEGEGB_02594	1	persistent	2	0	0
PKJKAM_03341	contig_48	274167	274769	+	GEGEGB_02595	1	persistent	2	0	0
PKJKAM_03342	contig_48	274841	276658	-	LNHIMF_00428	1	persistent	2	0	0
PKJKAM_03343	contig_48	276820	278190	-	LNHIMF_00427	1	persistent	2	1	0
PKJKAM_03344	contig_48	278265	279584	-	GEGEGB_02600	1	persistent	2	1	0
PKJKAM_03345	contig_48	279993	281288	-	LNHIMF_00425	1	persistent	2	0	0
PKJKAM_03346	contig_48	281358	282047	-	GEGEGB_02602	1	persistent	2	0	0
PKJKAM_03347	contig_48	282261	283463	+	LNHIMF_00423	1	persistent	2	0	0
PKJKAM_03348	contig_48	283460	286600	+	LNHIMF_00422	1	persistent	2	0	0
PKJKAM_03349	contig_48	286773	287945	+	LNHIMF_00421	1	persistent	2	0	0
PKJKAM_03350	contig_48	287967	288875	-	GEGEGB_02607	1	persistent	2	0	0
PKJKAM_03351	contig_48	289001	289912	+	GEGEGB_02608	1	persistent	2	0	0
PKJKAM_03352	contig_48	289955	290239	-	GEGEGB_02609	1	persistent	2	0	0
PKJKAM_03353	contig_48	290310	290987	-	LNHIMF_00417	1	persistent	2	0	0
PKJKAM_03354	contig_48	291238	291429	-	GEGEGB_02612	1	persistent	2	0	0
PKJKAM_03355	contig_48	291456	292001	-	GEGEGB_02613	1	persistent	2	0	0
PKJKAM_03356	contig_48	292186	292641	-	GEGEGB_02614	1	persistent	2	0	0
PKJKAM_03357	contig_48	292781	293590	+	LNHIMF_00413	1	persistent	2	0	0
PKJKAM_03358	contig_48	293605	294717	-	LNHIMF_00412	1	persistent	2	0	0
PKJKAM_03359	contig_48	294809	295129	-	GEGEGB_02617	1	persistent	2	0	0
PKJKAM_03360	contig_48	295478	295738	-	GEGEGB_02618	1	persistent	2	0	0
PKJKAM_03361	contig_48	296035	297246	-	GEGEGB_02619	1	persistent	2	0	0
PKJKAM_03362	contig_48	297415	298098	-	LNHIMF_00408	1	persistent	2	0	0
PKJKAM_03363	contig_48	298188	299300	+	GEGEGB_02621	1	persistent	2	0	0
PKJKAM_03364	contig_48	299326	299541	-	GEGEGB_02622	1	persistent	2	0	0
PKJKAM_03365	contig_48	299809	300117	+	GEGEGB_02623	1	persistent	2	0	0
PKJKAM_03366	contig_48	300155	301249	-	LNHIMF_00404	1	persistent	2	0	0
PKJKAM_03367	contig_48	301264	302484	-	LNHIMF_00403	1	persistent	2	0	0
PKJKAM_03368	contig_48	302831	303988	+	GEGEGB_02626	1	persistent	2	0	0
PKJKAM_03369	contig_48	304033	304656	-	BEJGEH_00383	1	persistent	1	1	3
PKJKAM_03370	contig_48	304742	307678	-	AJBGEP_00392	1	shell	2	0	0
PKJKAM_03371	contig_48	308191	309165	+	GEGEGB_02629	1	persistent	1	1	3
PKJKAM_03372	contig_48	309272	311158	-	LNHIMF_00398	1	persistent	2	0	0
PKJKAM_03373	contig_48	311199	312650	-	LNHIMF_00397	1	persistent	2	0	0
PKJKAM_03374	contig_48	312688	313857	-	GEGEGB_02632	1	persistent	2	0	0
PKJKAM_03375	contig_48	313980	314867	-	GEGEGB_02633	1	persistent	2	0	0
PKJKAM_03376	contig_48	315133	316758	+	LNHIMF_00394	1	persistent	2	0	0
PKJKAM_03377	contig_48	316894	317169	-	GEGEGB_02635	1	persistent	2	0	0
PKJKAM_03378	contig_48	317401	318033	+	LNHIMF_00392	1	persistent	2	0	0
PKJKAM_03379	contig_48	318074	320164	-	LNHIMF_00391	1	persistent	2	0	0
PKJKAM_03380	contig_48	320328	321332	-	GEGEGB_02638	1	persistent	2	0	0
PKJKAM_03381	contig_48	321539	321670	-	GEGEGB_02639	1	persistent	2	0	0
PKJKAM_03382	contig_48	321670	322680	-	LNHIMF_00388	1	persistent	2	0	0
PKJKAM_03383	contig_48	322677	324080	-	LNHIMF_00387	1	persistent	2	0	0
PKJKAM_03384	contig_48	324197	324298	-	GEGEGB_02642	1	persistent	2	0	0
PKJKAM_03385	contig_48	324575	327547	-	BEJGEH_00367	1	persistent	2	0	0
PKJKAM_03386	contig_48	327557	329515	-	GEGEGB_02645	1	persistent	2	0	0
PKJKAM_03387	contig_48	329704	330957	-	LNHIMF_00383	1	persistent	2	0	1
PKJKAM_03388	contig_48	331250	331444	-	GEGEGB_02648	1	persistent	3	0	1
PKJKAM_03389	contig_48	331522	331986	-	LNHIMF_00381	1	persistent	2	0	0
PKJKAM_03390	contig_48	331998	334286	-	HFCAGB_00372	1	persistent	2	0	0
PKJKAM_03391	contig_48	334563	335789	+	BEJGEH_00360	1	persistent	2	0	0
PKJKAM_03392	contig_48	335786	338953	+	LNHIMF_00378	1	persistent	2	0	0
PKJKAM_03393	contig_48	338970	340358	+	BEJGEH_00358	1	persistent	3	0	0
PKJKAM_03394	contig_48	340496	340855	-	LNHIMF_00376	1	persistent	2	0	0
PKJKAM_03395	contig_48	341148	341675	-	LNHIMF_00375	1	persistent	2	0	0
PKJKAM_03396	contig_48	341933	342457	-	GEGEGB_02652	1	persistent	2	0	0
PKJKAM_03397	contig_48	342859	343347	-	LNHIMF_00373	1	persistent	2	0	0
PKJKAM_03398	contig_48	343320	344063	-	LNHIMF_00372	1	persistent	2	0	0
PKJKAM_03399	contig_48	344163	345737	-	LNHIMF_00371	1	persistent	2	0	0
PKJKAM_03400	contig_48	346037	346537	-	LNHIMF_00370	1	persistent	2	0	0
PKJKAM_03401	contig_48	346510	347244	-	LNHIMF_00369	1	persistent	2	0	0
PKJKAM_03402	contig_48	347907	348443	+	GEGEGB_02659	1	persistent	2	0	0
PKJKAM_03403	contig_48	348505	349266	+	BEJGEH_00348	1	persistent	2	0	0
PKJKAM_03404	contig_48	349250	351811	+	LNHIMF_00366	1	persistent	2	0	0
PKJKAM_03405	contig_48	351816	353141	+	BEJGEH_00346	2	persistent	2	1	3
PKJKAM_03406	contig_48	353107	353865	+	GEGEGB_02664	1	persistent	2	1	1
PKJKAM_03407	contig_48	353912	354310	-	BEJGEH_00344	1	persistent	2	2	0
PKJKAM_03408	contig_48	355001	355273	+	BEJGEH_00343	1	shell	2	1	0
PKJKAM_03409	contig_48	355218	356183	-	BEJGEH_00342	1	shell	0	2	0
PKJKAM_03410	contig_48	356217	357131	-	BEJGEH_00341	1	shell	0	2	1
PKJKAM_03411	contig_48	357131	358009	-	BEJGEH_00340	1	shell	0	2	0
PKJKAM_03412	contig_48	358024	358650	-	BEJGEH_00339	1	shell	0	2	1
PKJKAM_03413	contig_48	358652	360073	-	BEJGEH_00338	1	shell	0	2	0
PKJKAM_03414	contig_48	360205	360819	-	BEJGEH_00337	2	shell	0	2	0
PKJKAM_03415	contig_48	360816	361445	-	BEJGEH_00337	2	shell	0	2	0
PKJKAM_03416	contig_48	361793	362092	-	BEJGEH_00336	1	shell	0	2	1
PKJKAM_03417	contig_48	362226	362354	-	AJBGEP_00346	1	shell	0	4	0
PKJKAM_03418	contig_48	362299	362667	-	HFCAGB_00345	1	shell	0	4	0
PKJKAM_03419	contig_48	362734	363033	+	HFCAGB_00344	1	shell	0	3	2
PKJKAM_03420	contig_48	362958	363359	-	PKJKAM_03420	1	shell	1	4	0
PKJKAM_03421	contig_48	363372	363641	-	PKJKAM_03421	1	shell	2	3	0
PKJKAM_03423	contig_48	363996	365246	-	HFCAGB_00340	1	persistent	2	3	3
PKJKAM_03424	contig_48	365258	366361	-	GEGEGB_02668	1	persistent	2	0	0
PKJKAM_03425	contig_48	366644	367696	+	GEGEGB_02669	1	persistent	2	0	0
PKJKAM_03426	contig_48	367747	368148	-	GEGEGB_02670	1	persistent	2	0	0
PKJKAM_03427	contig_48	368206	369450	-	LNHIMF_00344	1	persistent	2	0	0
PKJKAM_03428	contig_48	369539	369997	-	GEGEGB_02672	1	persistent	2	0	0
PKJKAM_03429	contig_48	370246	371703	+	LNHIMF_00342	1	persistent	2	0	0
PKJKAM_03430	contig_48	371859	372473	-	GEGEGB_02674	1	persistent	2	0	0
PKJKAM_03431	contig_48	372470	373609	-	LNHIMF_00340	1	persistent	2	0	0
PKJKAM_03432	contig_48	373828	374883	-	GEGEGB_02676	1	persistent	2	0	0
PKJKAM_03433	contig_48	375133	375873	+	GEGEGB_02677	1	persistent	2	0	0
PKJKAM_03434	contig_48	375844	376611	-	LNHIMF_00337	1	persistent	2	0	0
PKJKAM_03435	contig_48	376824	377402	-	GEGEGB_02679	1	persistent	2	0	0
PKJKAM_03436	contig_48	377642	380086	+	LNHIMF_00335	1	persistent	2	0	0
PKJKAM_03437	contig_48	380195	380962	+	LNHIMF_00334	1	persistent	2	0	0
PKJKAM_03438	contig_48	381333	381740	+	GEGEGB_02682	1	persistent	2	0	0
PKJKAM_03439	contig_48	382071	382790	+	LNHIMF_00332	1	persistent	2	0	3
PKJKAM_03440	contig_48	383129	384076	-	LNHIMF_00321	1	persistent	2	1	4
PKJKAM_03441	contig_48	384893	385714	-	LNHIMF_00320	1	persistent	2	0	1
PKJKAM_03442	contig_48	386122	386592	-	GEGEGB_02695	1	persistent	2	0	0
PKJKAM_03443	contig_48	386614	389124	-	BEJGEH_00308	1	persistent	2	0	0
PKJKAM_03444	contig_48	389148	389861	-	PAPNPA_01873	1	persistent	1	2	3
PKJKAM_03445	contig_48	389969	390469	-	AJBGEP_00318	1	shell	1	1	0
PKJKAM_03446	contig_48	391234	391512	-	AJBGEP_00317	1	shell	1	4	4
PKJKAM_03447	contig_48	391738	391935	-	AJBGEP_00316	1	shell	1	2	3
PKJKAM_03448	contig_48	392060	392302	+	GEGEGB_02702	1	cloud	0	3	1
PKJKAM_03449	contig_48	392369	392590	-	AJBGEP_00314	1	shell	0	3	3
PKJKAM_03450	contig_48	392964	393395	-	BEJGEH_00302	1	cloud	0	1	2
PKJKAM_03451	contig_48	393550	393849	-	BEJGEH_00301	1	cloud	0	1	2
PKJKAM_03452	contig_48	394862	395137	+	BENMGJ_03891	1	shell	0	2	4
PKJKAM_03454	contig_48	395190	395672	-	IKCLMC_02056	1	shell	0	2	1
PKJKAM_03455	contig_48	396191	396637	-	LNHIMF_00308	1	shell	0	2	3
PKJKAM_03456	contig_48	396664	396966	+	LNHIMF_00307	1	cloud	0	2	2
PKJKAM_03457	contig_48	397167	397673	-	PKJKAM_03457	1	cloud	0	0	2
PKJKAM_03458	contig_48	397675	398871	-	PKJKAM_03458	1	cloud	0	0	2
PKJKAM_03460	contig_48	399188	399430	-	PKJKAM_03460	1	cloud	0	0	2
PKJKAM_03461	contig_48	399438	404132	-	PAPNPA_01859	1	cloud	0	1	7
PKJKAM_03462	contig_48	404148	404606	-	PAPNPA_01858	1	cloud	0	1	1
PKJKAM_03463	contig_48	404666	406897	-	PAPNPA_01857	1	shell	0	2	2
PKJKAM_03464	contig_48	407294	407812	-	BENMGJ_03886	1	shell	0	2	0
PKJKAM_03465	contig_48	407839	408225	-	GEGEGB_02711	1	shell	0	3	2
PKJKAM_03466	contig_48	408383	408844	-	GEGEGB_02712	1	shell	0	2	1
PKJKAM_03467	contig_48	408829	409299	-	PAPNPA_01845	1	shell	0	2	0
PKJKAM_03468	contig_48	409342	410109	-	HFCAGB_00299	1	shell	0	3	2
PKJKAM_03469	contig_48	410109	413978	-	HFCAGB_00298	1	shell	0	2	1
PKJKAM_03470	contig_48	414012	414368	-	AJBGEP_00299	1	shell	0	2	1
PKJKAM_03471	contig_48	414646	415419	-	HFCAGB_00296	1	shell	0	2	2
PKJKAM_03472	contig_48	415424	416728	-	GEGEGB_02719	1	shell	0	2	0
PKJKAM_03473	contig_48	416725	418068	-	GEGEGB_02720	1	shell	0	2	0
PKJKAM_03474	contig_48	418072	418608	-	GEGEGB_02721	1	shell	0	3	0
PKJKAM_03475	contig_48	418675	419160	-	GEGEGB_02722	2	shell	0	4	1
PKJKAM_03476	contig_48	419303	419635	-	PAPNPA_01836	1	shell	0	2	0
PKJKAM_03477	contig_48	419671	420156	-	AJBGEP_00292	1	shell	0	3	0
PKJKAM_03478	contig_48	420461	420946	-	GEGEGB_02722	2	shell	0	4	1
PKJKAM_03479	contig_48	421200	421646	-	HFCAGB_00291	1	shell	0	2	1
PKJKAM_03480	contig_48	421832	423340	-	LNHIMF_00288	1	shell	0	2	2
PKJKAM_03481	contig_48	423364	423906	-	GEGEGB_02727	1	shell	0	2	1
PKJKAM_03482	contig_48	424006	426645	-	IKCLMC_02021	1	shell	0	2	1
PKJKAM_03483	contig_48	427013	427915	+	GEGEGB_02731	1	shell	0	3	1
PKJKAM_03484	contig_48	427902	428726	+	LNHIMF_00282	1	shell	0	2	0
PKJKAM_03485	contig_48	428723	429217	+	GEGEGB_02733	1	shell	0	2	0
PKJKAM_03486	contig_48	429233	431116	+	LNHIMF_00280	1	shell	0	2	0
PKJKAM_03487	contig_48	431113	432108	+	AJBGEP_00282	1	shell	1	1	0
PKJKAM_03488	contig_48	432119	433174	+	HFCAGB_00281	1	persistent	1	1	1
PKJKAM_03490	contig_48	433705	434445	-	GEGEGB_02739	1	persistent	2	0	2
PKJKAM_03491	contig_48	434500	434967	+	GEGEGB_02740	1	persistent	2	0	0
PKJKAM_03492	contig_48	434964	435686	-	LNHIMF_00274	1	persistent	2	0	0
PKJKAM_03493	contig_48	435721	436476	+	LNHIMF_00273	1	persistent	2	0	0
PKJKAM_03494	contig_48	436695	437915	+	GEGEGB_02743	1	persistent	2	0	0
PKJKAM_03495	contig_48	437971	438741	-	LNHIMF_00271	1	persistent	2	0	0
PKJKAM_03496	contig_48	438819	439619	-	LNHIMF_00270	1	persistent	2	0	0
PKJKAM_03497	contig_48	439751	440926	-	LNHIMF_00269	1	persistent	2	0	0
PKJKAM_03498	contig_48	441031	441945	+	LNHIMF_00268	1	persistent	2	0	0
PKJKAM_03499	contig_48	441966	442769	-	LNHIMF_00267	1	persistent	3	0	0
PKJKAM_03507	contig_49	34	993	+	GEGEGB_03874	1	persistent	2	0	0
PKJKAM_03508	contig_49	993	1883	+	LNHIMF_03905	1	persistent	2	0	0
PKJKAM_03509	contig_49	1970	2743	+	GEGEGB_03876	1	persistent	2	0	0
PKJKAM_03510	contig_49	2758	3483	+	GEGEGB_03877	1	persistent	2	0	0
PKJKAM_03511	contig_49	3578	4243	-	LNHIMF_03902	1	persistent	2	0	1
PKJKAM_03512	contig_49	4412	5749	+	LNHIMF_03901	1	persistent	2	0	2
PKJKAM_03513	contig_49	5794	6360	-	HFCAGB_04099	1	persistent	2	0	1
PKJKAM_03514	contig_49	6378	7133	-	GEGEGB_03881	1	persistent	2	0	0
PKJKAM_03515	contig_49	7291	8250	-	LNHIMF_03898	1	persistent	2	0	0
PKJKAM_03516	contig_49	8219	9406	-	LNHIMF_03897	1	persistent	2	0	4
PKJKAM_03517	contig_49	9589	10953	-	BEJGEH_03895	1	persistent	2	0	2
PKJKAM_03518	contig_49	11095	12741	-	LNHIMF_03895	1	persistent	2	0	0
PKJKAM_03519	contig_49	13091	13288	+	GEGEGB_03886	1	persistent	2	0	0
PKJKAM_03520	contig_49	14142	15542	+	GEGEGB_03887	1	persistent	2	0	0
PKJKAM_03522	contig_49	15547	16647	+	GEGEGB_03889	1	persistent	2	0	0
PKJKAM_03523	contig_49	16795	17868	+	GEGEGB_03890	1	persistent	2	0	0
PKJKAM_03524	contig_49	17897	20311	+	GEGEGB_03891	1	persistent	2	0	1
PKJKAM_03525	contig_49	20330	21226	-	HFCAGB_04087	1	persistent	2	0	0
PKJKAM_03526	contig_49	21341	22531	-	LNHIMF_03887	1	persistent	2	0	0
PKJKAM_03527	contig_49	22548	23810	-	GEGEGB_03894	1	persistent	2	0	1
PKJKAM_03528	contig_49	24115	24960	+	HFCAGB_04084	1	persistent	1	1	3
PKJKAM_03529	contig_49	25221	25910	+	HFCAGB_04083	1	shell	1	1	0
PKJKAM_03530	contig_49	25907	26785	+	HFCAGB_04082	1	shell	0	2	0
PKJKAM_03531	contig_49	26769	27386	+	HFCAGB_04081	1	shell	0	2	0
PKJKAM_03532	contig_49	27383	28531	+	HFCAGB_04080	1	shell	0	2	0
PKJKAM_03533	contig_49	28661	29953	+	HFCAGB_04079	1	shell	1	1	0
PKJKAM_03534	contig_49	29979	32714	-	GEGEGB_03899	1	persistent	1	1	1
PKJKAM_03535	contig_49	32794	33834	+	GEGEGB_03900	1	persistent	2	0	0
PKJKAM_03536	contig_49	33807	34535	-	LNHIMF_03878	1	persistent	2	0	0
PKJKAM_03537	contig_49	34629	35813	+	LNHIMF_03877	1	persistent	2	0	0
PKJKAM_03538	contig_49	35803	38355	+	LNHIMF_03876	1	persistent	2	0	0
PKJKAM_03539	contig_49	38348	38980	+	GEGEGB_03905	1	persistent	2	0	0
PKJKAM_03540	contig_49	39170	40570	+	GEGEGB_03906	1	persistent	2	0	0
PKJKAM_03541	contig_49	40567	41193	+	GEGEGB_03907	3	persistent	3	0	0
PKJKAM_03542	contig_49	41193	41849	+	GEGEGB_00658	3	persistent	2	0	0
PKJKAM_03543	contig_49	41892	42638	+	GEGEGB_00659	3	persistent	2	0	0
PKJKAM_03544	contig_49	42635	42847	+	AJBGEP_02420	3	persistent	2	0	0
PKJKAM_03545	contig_49	42844	43323	+	HFCAGB_02510	3	persistent	2	0	0
PKJKAM_03546	contig_49	43320	45251	+	GEGEGB_00662	3	persistent	2	0	0
PKJKAM_03547	contig_49	45248	45805	+	GEGEGB_00663	3	persistent	2	0	1
PKJKAM_03548	contig_49	45802	46845	+	GEGEGB_00664	2	persistent	3	0	0
PKJKAM_03549	contig_49	46967	48193	+	LNHIMF_03865	1	persistent	2	0	0
PKJKAM_03550	contig_49	48195	48485	-	GEGEGB_03916	1	persistent	2	0	0
PKJKAM_03551	contig_49	48837	49250	+	GEGEGB_03917	1	persistent	2	0	0
PKJKAM_03552	contig_49	49360	49788	+	LNHIMF_03862	1	persistent	2	0	0
PKJKAM_03553	contig_49	49978	51639	+	GEGEGB_03919	1	persistent	3	0	1
PKJKAM_03554	contig_49	52082	52429	+	LNHIMF_03860	1	persistent	2	0	1
PKJKAM_03555	contig_49	52419	52781	+	LNHIMF_03859	1	persistent	3	0	0
PKJKAM_03556	contig_49	52778	53308	+	GEGEGB_03922	1	persistent	2	0	0
PKJKAM_03557	contig_49	53390	54712	-	LNHIMF_03857	1	persistent	2	0	0
PKJKAM_03558	contig_49	54730	56067	-	LNHIMF_03856	1	persistent	2	0	0
PKJKAM_03559	contig_49	56293	57216	+	LNHIMF_03855	1	persistent	2	0	0
PKJKAM_03560	contig_49	57304	58365	+	LNHIMF_03854	1	persistent	2	0	0
PKJKAM_03561	contig_49	58292	59476	-	GEGEGB_03927	1	persistent	2	0	0
PKJKAM_03562	contig_49	59679	60512	-	LNHIMF_03852	1	persistent	2	0	0
PKJKAM_03563	contig_49	60632	60721	-	GEGEGB_03930	1	persistent	2	0	0
PKJKAM_03565	contig_49	61355	61453	+	GEGEGB_03932	1	persistent	2	0	0
PKJKAM_03566	contig_49	61560	63248	+	LNHIMF_03848	1	persistent	2	0	0
PKJKAM_03567	contig_49	63252	63542	+	GEGEGB_03934	1	persistent	2	0	0
PKJKAM_03568	contig_49	63544	64329	-	GEGEGB_03935	1	persistent	2	0	0
PKJKAM_03569	contig_49	64654	65574	+	GEGEGB_03936	1	persistent	2	0	0
PKJKAM_03570	contig_49	65605	66921	+	GEGEGB_03937	1	persistent	2	0	0
PKJKAM_03571	contig_49	66933	67946	+	GEGEGB_03938	1	persistent	2	0	0
PKJKAM_03572	contig_49	68021	68611	+	LNHIMF_03842	1	persistent	2	0	0
PKJKAM_03573	contig_49	68611	70113	+	GEGEGB_03940	1	persistent	2	0	0
PKJKAM_03574	contig_49	70123	71451	+	LNHIMF_03840	1	persistent	2	0	0
PKJKAM_03575	contig_49	71594	72985	+	LNHIMF_03839	1	persistent	2	0	0
PKJKAM_03576	contig_49	73178	73630	+	GEGEGB_03943	1	persistent	3	0	0
PKJKAM_03577	contig_49	73983	74726	+	GEGEGB_03944	1	persistent	2	0	0
PKJKAM_03578	contig_49	74744	75217	+	BEJGEH_03838	1	persistent	2	0	0
PKJKAM_03579	contig_49	75214	75501	+	GEGEGB_03946	1	persistent	2	0	0
PKJKAM_03580	contig_49	75577	76935	+	GEGEGB_03947	1	persistent	2	0	0
PKJKAM_03581	contig_49	76928	78412	+	LNHIMF_03833	1	persistent	2	0	0
PKJKAM_03582	contig_49	78475	79335	+	LNHIMF_03832	1	persistent	2	0	0
PKJKAM_03583	contig_49	79345	79614	+	GEGEGB_03951	1	persistent	2	0	2
PKJKAM_03584	contig_49	79705	80028	-	GEGEGB_03952	1	persistent	4	0	2
PKJKAM_03585	contig_49	80012	80371	-	LNHIMF_03827	1	persistent	2	0	1
PKJKAM_03586	contig_49	80462	80551	-	LNHIMF_03826	1	cloud	2	0	0
PKJKAM_03587	contig_49	80587	81780	+	GEGEGB_03954	1	persistent	3	0	2
PKJKAM_03588	contig_49	81840	83222	-	LNHIMF_03824	1	persistent	2	0	0
PKJKAM_03589	contig_49	83328	83621	-	GEGEGB_03956	1	persistent	2	0	0
PKJKAM_03590	contig_49	83818	86616	+	BEJGEH_03827	1	persistent	2	0	0
PKJKAM_03591	contig_49	86835	87260	+	GEGEGB_03958	1	persistent	2	0	0
PKJKAM_03592	contig_49	87271	87756	+	GEGEGB_03959	1	persistent	2	0	0
PKJKAM_03593	contig_49	87902	88651	+	GEGEGB_03960	1	persistent	2	0	0
PKJKAM_03594	contig_49	88651	89508	+	GEGEGB_03961	1	persistent	2	0	0
PKJKAM_03595	contig_49	89512	90621	+	GEGEGB_03962	1	persistent	2	0	0
PKJKAM_03596	contig_49	90608	91351	+	LNHIMF_03816	1	persistent	2	0	0
PKJKAM_03597	contig_49	91587	92528	+	BEJGEH_03820	1	persistent	2	0	0
PKJKAM_03598	contig_49	92571	93473	-	GEGEGB_03965	1	persistent	2	0	0
PKJKAM_03599	contig_49	93994	94677	+	GEGEGB_03966	1	persistent	2	0	1
PKJKAM_03600	contig_49	94896	97622	+	LNHIMF_03812	1	persistent	2	0	1
PKJKAM_03601	contig_49	97644	97736	+	GEGEGB_03968	1	persistent	2	0	0
PKJKAM_03602	contig_49	97749	97835	+	GEGEGB_03969	1	persistent	2	0	0
PKJKAM_03603	contig_49	97937	98416	+	LNHIMF_03809	1	persistent	2	0	0
PKJKAM_03604	contig_49	98645	99325	-	GEGEGB_03971	2	persistent	5	2	3
PKJKAM_03605	contig_49	100109	100966	+	BEJGEH_03812	1	persistent	2	0	0
PKJKAM_03606	contig_49	100977	101441	+	GEGEGB_03975	1	persistent	3	0	1
PKJKAM_03607	contig_49	101536	104403	-	PAPNPA_01001	1	persistent	2	0	0
PKJKAM_03608	contig_49	104478	105095	-	LNHIMF_03804	1	persistent	2	1	1
PKJKAM_03609	contig_49	105831	105962	-	GEGEGB_03979	1	cloud	2	1	2
PKJKAM_03611	contig_49	107100	108482	+	GEGEGB_03987	1	persistent	2	1	2
PKJKAM_03612	contig_49	108494	110812	+	LNHIMF_03800	1	persistent	2	0	0
PKJKAM_03613	contig_49	110915	112624	-	LNHIMF_03799	1	persistent	2	0	0
PKJKAM_03614	contig_49	112745	114136	-	GEGEGB_03990	1	persistent	2	0	0
PKJKAM_03615	contig_49	114364	115569	+	GEGEGB_03991	1	persistent	2	1	0
PKJKAM_03616	contig_49	115605	117686	-	GEGEGB_03992	1	persistent	2	1	0
PKJKAM_03617	contig_49	117692	118381	-	LNHIMF_03795	1	persistent	2	0	0
PKJKAM_03618	contig_49	118386	120497	-	GEGEGB_03994	1	persistent	2	0	0
PKJKAM_03619	contig_49	120516	120791	-	GEGEGB_03995	1	persistent	2	0	0
PKJKAM_03620	contig_49	120846	121469	-	GEGEGB_03996	1	persistent	2	0	0
PKJKAM_03621	contig_49	121726	123411	+	LNHIMF_03791	1	persistent	2	0	0
PKJKAM_03622	contig_49	123408	124025	-	LNHIMF_03790	1	persistent	2	0	0
PKJKAM_03623	contig_49	124273	125157	-	ODDLKH_04192	1	persistent	2	0	0
PKJKAM_03624	contig_49	125231	126133	+	GEGEGB_04001	1	persistent	2	0	1
PKJKAM_03625	contig_49	126183	127046	-	GEGEGB_04002	1	persistent	2	0	1
PKJKAM_03626	contig_49	127172	127888	+	GEGEGB_04003	1	persistent	2	0	0
PKJKAM_03627	contig_49	127967	128608	+	LNHIMF_03775	1	persistent	2	0	0
PKJKAM_03628	contig_49	128686	129282	-	LNHIMF_03774	1	persistent	2	0	0
PKJKAM_03629	contig_49	129390	129848	-	GEGEGB_04006	1	persistent	2	0	0
PKJKAM_03630	contig_49	129826	131049	-	LNHIMF_03772	1	persistent	2	0	1
PKJKAM_03631	contig_49	131222	131887	+	GEGEGB_04008	1	persistent	2	0	0
PKJKAM_03632	contig_49	132105	132341	+	GEGEGB_04009	1	persistent	2	0	0
PKJKAM_03633	contig_49	132362	132529	+	GEGEGB_04010	1	persistent	2	0	0
PKJKAM_03634	contig_49	132627	133436	+	GEGEGB_04011	1	persistent	2	0	0
PKJKAM_03635	contig_49	133464	133943	-	GEGEGB_04012	1	persistent	2	0	0
PKJKAM_03636	contig_49	133952	135229	-	LNHIMF_03766	1	persistent	2	0	0
PKJKAM_03637	contig_49	135637	136707	+	LNHIMF_03765	1	persistent	2	0	0
PKJKAM_03638	contig_49	136704	137828	+	LNHIMF_03764	1	persistent	2	0	0
PKJKAM_03639	contig_49	137821	138618	+	BEJGEH_03767	1	persistent	2	1	3
PKJKAM_03640	contig_49	138674	139654	+	PKJKAM_03640	1	cloud	2	0	0
PKJKAM_03641	contig_49	139668	140747	+	LNHIMF_03761	1	persistent	2	1	3
PKJKAM_03642	contig_49	140753	141766	+	HFCAGB_03968	1	persistent	2	0	0
PKJKAM_03643	contig_49	141784	142797	+	HFCAGB_03967	1	persistent	2	0	0
PKJKAM_03644	contig_49	142820	143518	+	LNHIMF_03758	1	persistent	2	0	0
PKJKAM_03645	contig_49	143668	144477	+	LNHIMF_03757	1	persistent	2	0	0
PKJKAM_03646	contig_49	144577	145722	+	GEGEGB_04023	1	persistent	2	0	0
PKJKAM_03647	contig_49	145779	146993	-	BEJGEH_03759	1	persistent	2	0	0
PKJKAM_03648	contig_49	147033	147986	-	GEGEGB_04025	1	persistent	2	0	0
PKJKAM_03649	contig_49	147986	149032	-	GEGEGB_04026	1	persistent	2	0	0
PKJKAM_03650	contig_49	149035	149967	-	GEGEGB_04027	1	persistent	2	0	0
PKJKAM_03651	contig_49	150170	151366	+	GEGEGB_04028	1	persistent	2	0	0
PKJKAM_03652	contig_49	151376	152401	+	LNHIMF_03750	1	persistent	2	0	1
PKJKAM_03653	contig_49	152403	152522	+	PKJKAM_03653	1	cloud	2	0	0
PKJKAM_03654	contig_49	152695	153729	+	GEGEGB_04031	1	persistent	2	0	1
PKJKAM_03655	contig_49	153716	154678	-	GEGEGB_04032	1	persistent	2	0	0
PKJKAM_03656	contig_49	154682	155965	-	GEGEGB_04033	1	persistent	2	0	0
PKJKAM_03657	contig_49	155975	157519	-	LNHIMF_03745	1	persistent	2	0	0
PKJKAM_03658	contig_49	157767	158198	+	GEGEGB_04035	1	persistent	2	0	0
PKJKAM_03659	contig_49	158284	158535	+	GEGEGB_04036	1	persistent	2	0	0
PKJKAM_03660	contig_49	158579	159046	+	GEGEGB_04037	1	persistent	2	0	0
PKJKAM_03661	contig_49	159046	160065	+	GEGEGB_04038	1	persistent	2	0	0
PKJKAM_03662	contig_49	160143	160964	+	GEGEGB_04039	1	persistent	3	0	0
PKJKAM_03663	contig_49	161047	162357	-	BEJGEH_03743	1	persistent	2	0	0
PKJKAM_03664	contig_49	162431	163627	-	BEJGEH_03742	1	persistent	2	0	0
PKJKAM_03665	contig_49	163946	164950	+	GEGEGB_04043	1	persistent	2	0	0
PKJKAM_03666	contig_49	165018	165491	-	GEGEGB_04044	1	persistent	3	0	0
PKJKAM_03667	contig_49	165556	166746	-	GEGEGB_04045	1	persistent	2	0	0
PKJKAM_03668	contig_49	166743	167519	-	GEGEGB_04046	1	persistent	2	0	0
PKJKAM_03669	contig_49	167516	169171	-	LNHIMF_03736	1	persistent	2	0	0
PKJKAM_03671	contig_49	169470	173855	-	LNHIMF_03734	1	persistent	2	0	0
PKJKAM_03672	contig_49	173899	174582	-	LNHIMF_03733	1	persistent	2	0	0
PKJKAM_03673	contig_49	175070	175432	-	GEGEGB_04051	1	persistent	2	0	0
PKJKAM_03674	contig_49	175723	175932	+	LNHIMF_03731	1	persistent	2	0	0
PKJKAM_03675	contig_49	175942	176532	-	GEGEGB_04053	1	persistent	2	0	0
PKJKAM_03676	contig_49	176529	177677	-	LNHIMF_03729	1	persistent	2	0	0
PKJKAM_03677	contig_49	177898	179814	-	GEGEGB_04055	1	persistent	2	0	1
PKJKAM_03678	contig_49	180290	180898	+	GEGEGB_04056	1	persistent	2	0	1
PKJKAM_03679	contig_49	180997	182388	+	GEGEGB_04057	1	persistent	2	0	0
PKJKAM_03680	contig_49	182385	184235	+	BEJGEH_03724	1	persistent	2	0	1
PKJKAM_03681	contig_49	184483	185364	-	GEGEGB_04059	1	persistent	2	0	1
PKJKAM_03682	contig_49	185533	187071	+	LNHIMF_03722	1	persistent	2	0	0
PKJKAM_03683	contig_49	187188	189143	-	LNHIMF_03721	1	persistent	2	0	0
PKJKAM_03684	contig_49	189407	190222	+	BENMGJ_03040	1	persistent	2	0	0
PKJKAM_03685	contig_49	190383	191078	-	GEGEGB_04063	1	persistent	2	0	0
PKJKAM_03686	contig_49	191072	191932	-	LNHIMF_03718	1	persistent	2	0	0
PKJKAM_03687	contig_49	191925	192587	-	BEJGEH_03717	1	persistent	2	0	0
PKJKAM_03688	contig_49	192584	194080	-	BEJGEH_03716	1	persistent	2	0	0
PKJKAM_03689	contig_49	194084	195070	-	GEGEGB_04067	1	persistent	2	0	0
PKJKAM_03690	contig_49	195082	196359	-	LNHIMF_03714	1	persistent	2	0	0
PKJKAM_03691	contig_49	196362	196835	-	GEGEGB_04069	1	persistent	2	0	0
PKJKAM_03692	contig_49	196974	197906	-	GEGEGB_04070	1	persistent	2	0	0
PKJKAM_03693	contig_49	197930	198394	-	LNHIMF_03711	1	persistent	2	0	0
PKJKAM_03694	contig_49	198406	199404	-	LNHIMF_03710	1	persistent	2	0	0
PKJKAM_03695	contig_49	199634	200434	+	GEGEGB_04073	1	persistent	2	0	0
PKJKAM_03696	contig_49	200551	201024	+	GEGEGB_04074	1	persistent	2	0	0
PKJKAM_03697	contig_49	201061	202311	-	GEGEGB_04075	1	persistent	2	0	0
PKJKAM_03698	contig_49	202485	204512	-	LNHIMF_03706	1	persistent	2	0	0
PKJKAM_03699	contig_49	204828	205652	+	LNHIMF_03705	1	persistent	2	0	0
PKJKAM_03700	contig_49	205713	206891	-	GEGEGB_04078	1	persistent	2	0	0
PKJKAM_03701	contig_49	207254	208576	+	LNHIMF_03703	1	persistent	2	0	0
PKJKAM_03702	contig_49	208676	210130	+	GEGEGB_04080	1	persistent	2	0	0
PKJKAM_03703	contig_49	210305	210658	+	GEGEGB_04081	1	persistent	2	0	0
PKJKAM_03704	contig_49	210681	211676	-	BEJGEH_03700	1	persistent	2	0	1
PKJKAM_03705	contig_49	211842	212144	+	GEGEGB_04084	1	persistent	2	0	1
PKJKAM_03706	contig_49	212283	213194	+	LNHIMF_03697	1	persistent	2	0	0
PKJKAM_03707	contig_49	213204	215273	+	LNHIMF_03696	1	persistent	2	1	3
PKJKAM_03709	contig_49	215588	216061	+	PKJKAM_03709	1	cloud	1	0	1
PKJKAM_03710	contig_49	216264	217298	-	PKJKAM_03710	1	cloud	1	0	1
PKJKAM_03711	contig_49	217515	217781	+	GEGEGB_04089	1	persistent	1	1	3
PKJKAM_03712	contig_49	217769	218254	+	BEJGEH_03692	1	persistent	2	0	1
PKJKAM_03713	contig_49	218628	219167	-	GEGEGB_04091	1	persistent	3	0	1
PKJKAM_03714	contig_49	219340	219552	-	GEGEGB_04092	1	persistent	2	0	0
PKJKAM_03715	contig_49	219840	220172	-	LNHIMF_03688	1	persistent	2	0	0
PKJKAM_03716	contig_49	220569	221279	+	GEGEGB_04094	1	persistent	2	0	0
PKJKAM_03717	contig_49	221329	222303	-	GEGEGB_04095	1	persistent	2	0	0
PKJKAM_03718	contig_49	222522	223184	-	GEGEGB_04096	1	persistent	2	0	0
PKJKAM_03719	contig_49	223337	225670	+	LNHIMF_03684	1	persistent	2	0	0
PKJKAM_03720	contig_49	225639	226079	-	GEGEGB_04098	1	persistent	2	0	0
PKJKAM_03721	contig_49	226057	226638	-	GEGEGB_04099	1	persistent	2	0	0
PKJKAM_03722	contig_49	226795	227499	+	LNHIMF_03681	1	persistent	2	2	0
PKJKAM_03723	contig_49	227501	227689	-	AJBGEP_03835	1	shell	1	1	0
PKJKAM_03724	contig_49	228017	228541	+	BEJGEH_03681	1	shell	1	2	0
PKJKAM_03725	contig_49	228626	229324	+	BEJGEH_03680	1	shell	0	2	1
PKJKAM_03726	contig_49	229347	231875	+	AJBGEP_03832	1	shell	0	2	2
PKJKAM_03727	contig_49	231893	232972	+	HFCAGB_03882	1	shell	0	2	0
PKJKAM_03728	contig_49	232978	233505	+	BEJGEH_03677	1	shell	1	1	1
PKJKAM_03729	contig_49	233723	235414	+	GEGEGB_04101	1	persistent	2	1	0
PKJKAM_03731	contig_49	235895	236902	-	LNHIMF_03678	1	persistent	2	0	0
PKJKAM_03732	contig_49	237052	238176	+	LNHIMF_03677	1	persistent	2	0	0
PKJKAM_03733	contig_49	238234	239559	+	LNHIMF_03676	1	persistent	2	0	0
PKJKAM_03734	contig_49	240115	241722	+	LNHIMF_03675	1	persistent	2	0	0
PKJKAM_03735	contig_49	241879	242898	+	GEGEGB_04108	1	persistent	2	0	0
PKJKAM_03736	contig_49	242908	243810	+	LNHIMF_03673	1	persistent	2	0	0
PKJKAM_03737	contig_49	243821	244804	+	LNHIMF_03672	1	persistent	2	0	0
PKJKAM_03738	contig_49	244801	245814	+	LNHIMF_03671	1	persistent	2	0	0
PKJKAM_03739	contig_49	245915	247213	-	LNHIMF_03670	1	persistent	2	0	0
PKJKAM_03741	contig_49	247856	247963	+	GEGEGB_04114	1	persistent	2	0	0
PKJKAM_03742	contig_49	248045	249724	-	GEGEGB_04115	1	persistent	2	0	0
PKJKAM_03743	contig_49	249721	249912	-	GEGEGB_04116	1	persistent	2	0	0
PKJKAM_03744	contig_49	249909	251468	-	LNHIMF_03665	1	persistent	2	0	0
PKJKAM_03745	contig_49	251725	251928	+	GEGEGB_04118	1	persistent	2	0	0
PKJKAM_03746	contig_49	251929	252483	+	LNHIMF_03663	1	persistent	2	0	0
PKJKAM_03747	contig_49	252678	255302	+	GEGEGB_04120	1	persistent	2	0	0
PKJKAM_03748	contig_49	255463	257613	+	LNHIMF_03661	1	persistent	2	0	0
PKJKAM_03749	contig_49	257617	258726	+	LNHIMF_03660	1	persistent	2	0	0
PKJKAM_03750	contig_49	258708	262250	+	LNHIMF_03659	1	persistent	2	0	0
PKJKAM_03751	contig_49	262424	264430	+	LNHIMF_03658	1	persistent	2	0	0
PKJKAM_03752	contig_49	264588	265874	+	LNHIMF_03657	1	persistent	2	0	0
PKJKAM_03753	contig_49	266094	267581	+	LNHIMF_03656	1	persistent	2	0	0
PKJKAM_03754	contig_49	267635	268564	-	GEGEGB_04129	1	persistent	2	0	0
PKJKAM_03755	contig_49	268793	269560	+	LNHIMF_03654	1	persistent	2	0	0
PKJKAM_03756	contig_49	269670	271730	+	LNHIMF_03653	1	persistent	2	0	0
PKJKAM_03757	contig_49	271770	273092	-	LNHIMF_03652	1	persistent	2	0	0
PKJKAM_03758	contig_49	273442	274470	-	GEGEGB_04133	1	persistent	2	0	0
PKJKAM_03759	contig_49	274543	275442	-	LNHIMF_03650	1	persistent	2	0	0
PKJKAM_03761	contig_49	276073	276675	+	LNHIMF_03649	1	persistent	2	0	0
PKJKAM_03762	contig_49	276681	277037	-	LNHIMF_03648	1	persistent	2	0	0
PKJKAM_03763	contig_49	277318	278907	+	GEGEGB_04137	1	persistent	2	0	0
PKJKAM_03764	contig_49	278920	280569	-	LNHIMF_03646	1	persistent	2	0	0
PKJKAM_03765	contig_49	280896	281615	+	GEGEGB_04139	1	persistent	2	0	0
PKJKAM_03766	contig_49	281791	282768	+	LNHIMF_03644	1	persistent	3	0	0
PKJKAM_03767	contig_49	282832	283677	+	LNHIMF_03643	1	persistent	2	0	0
PKJKAM_03768	contig_49	283731	285050	+	LNHIMF_03642	1	persistent	2	0	0
PKJKAM_03769	contig_49	285109	286152	+	BEJGEH_03636	1	persistent	3	0	0
PKJKAM_03770	contig_49	286199	287551	-	GEGEGB_04142	1	persistent	2	0	0
PKJKAM_03771	contig_49	287656	288498	-	GEGEGB_04143	1	persistent	2	0	1
PKJKAM_03772	contig_49	288709	289980	+	HFCAGB_03837	1	persistent	2	0	0
PKJKAM_03773	contig_49	290162	292204	+	LNHIMF_03637	1	persistent	2	0	1
PKJKAM_03774	contig_49	292211	292969	+	LNHIMF_03636	1	persistent	2	0	0
PKJKAM_03775	contig_49	293061	294533	-	GEGEGB_04148	1	persistent	2	0	0
PKJKAM_03777	contig_49	294858	295292	-	LNHIMF_03633	1	persistent	2	0	0
PKJKAM_03778	contig_49	295680	296015	+	GEGEGB_04151	1	persistent	2	0	0
PKJKAM_03779	contig_49	296155	297651	-	GEGEGB_04152	1	persistent	2	0	0
PKJKAM_03780	contig_49	297882	299078	+	LNHIMF_03630	1	persistent	2	0	1
PKJKAM_03781	contig_49	299384	300451	+	LNHIMF_03629	1	persistent	2	0	1
PKJKAM_03782	contig_49	300448	303189	+	LNHIMF_03628	1	persistent	2	0	0
PKJKAM_03783	contig_49	303189	304313	+	LNHIMF_03627	1	persistent	2	0	0
PKJKAM_03784	contig_49	304415	304852	-	GEGEGB_04164	1	persistent	2	0	0
PKJKAM_03785	contig_49	304908	305486	-	GEGEGB_04165	1	persistent	2	0	0
PKJKAM_03786	contig_49	305538	306587	-	GEGEGB_04166	1	persistent	2	0	0
PKJKAM_03787	contig_49	306677	307936	+	LNHIMF_03623	1	persistent	2	0	0
PKJKAM_03788	contig_49	307940	308497	-	GEGEGB_04168	1	persistent	2	0	0
PKJKAM_03789	contig_49	308570	309235	-	GEGEGB_04169	1	persistent	2	0	0
PKJKAM_03790	contig_49	309315	309650	+	LNHIMF_03620	1	persistent	2	0	0
PKJKAM_03791	contig_49	309674	311317	-	GEGEGB_04171	1	persistent	2	0	0
PKJKAM_03792	contig_49	311517	313715	-	GEGEGB_04172	1	persistent	2	0	0
PKJKAM_03793	contig_49	313796	314422	-	GEGEGB_04173	1	persistent	2	0	0
PKJKAM_03794	contig_49	314564	314935	+	GEGEGB_04174	1	persistent	2	0	0
PKJKAM_03795	contig_49	314957	315226	-	LNHIMF_03615	1	persistent	2	0	0
PKJKAM_03796	contig_49	315216	315812	-	GEGEGB_04176	1	persistent	2	0	0
PKJKAM_03797	contig_49	315938	317413	+	GEGEGB_04177	1	persistent	2	0	0
PKJKAM_03798	contig_49	317416	318084	+	GEGEGB_04178	1	persistent	2	0	0
PKJKAM_03799	contig_49	318077	319132	+	LNHIMF_03611	1	persistent	2	0	0
PKJKAM_03800	contig_49	319378	320232	+	GEGEGB_04180	1	persistent	2	0	0
PKJKAM_03801	contig_49	320560	321657	+	LNHIMF_03609	1	persistent	2	0	0
PKJKAM_03802	contig_49	321853	322236	-	GEGEGB_04183	1	persistent	2	0	0
PKJKAM_03803	contig_49	322657	323766	+	GEGEGB_04184	1	persistent	2	0	0
PKJKAM_03804	contig_49	323826	324752	+	GEGEGB_04185	1	persistent	2	0	0
PKJKAM_03805	contig_49	324749	326026	+	GEGEGB_04186	1	persistent	2	0	0
PKJKAM_03806	contig_49	326023	326790	+	GEGEGB_04187	1	persistent	2	0	0
PKJKAM_03807	contig_49	326792	327505	+	GEGEGB_04188	1	persistent	1	1	1
PKJKAM_03808	contig_49	327637	327858	+	HFCAGB_03800	1	shell	1	1	0
PKJKAM_03809	contig_49	327855	328223	+	AJBGEP_03748	1	shell	1	1	0
PKJKAM_03810	contig_49	328482	329798	+	GEGEGB_04190	1	persistent	1	1	1
PKJKAM_03811	contig_49	329903	330790	+	BENMGJ_02915	1	persistent	2	0	0
PKJKAM_03812	contig_49	330787	331632	+	GEGEGB_04192	1	persistent	2	0	0
PKJKAM_03813	contig_49	331635	332705	+	BEJGEH_03592	1	persistent	2	0	0
PKJKAM_03814	contig_49	332702	333442	+	GEGEGB_04194	1	persistent	2	0	0
PKJKAM_03815	contig_49	333455	333871	-	GEGEGB_04195	1	persistent	2	0	0
PKJKAM_03816	contig_49	333997	335739	+	GEGEGB_04196	1	persistent	2	0	0
PKJKAM_03817	contig_49	335784	336818	-	GEGEGB_04197	1	persistent	2	0	0
PKJKAM_03818	contig_49	336815	337786	-	GEGEGB_04198	1	persistent	2	0	0
PKJKAM_03819	contig_49	337840	338601	-	LNHIMF_03592	1	persistent	2	0	0
PKJKAM_03820	contig_49	338617	339831	-	GEGEGB_04200	1	persistent	2	0	0
PKJKAM_03821	contig_49	340096	340584	-	GEGEGB_04201	1	persistent	2	1	1
PKJKAM_03823	contig_49	341053	342090	+	LNHIMF_03588	1	persistent	2	1	1
PKJKAM_03824	contig_49	342214	342909	+	GEGEGB_04205	1	persistent	2	0	0
PKJKAM_03825	contig_49	343039	344034	+	GEGEGB_04206	1	persistent	2	0	0
PKJKAM_03826	contig_49	344173	344706	+	GEGEGB_04207	1	persistent	2	0	0
PKJKAM_03827	contig_49	344703	346043	+	GEGEGB_04208	1	persistent	2	0	1
PKJKAM_03828	contig_49	346466	347572	+	GEGEGB_04210	1	persistent	2	0	1
PKJKAM_03829	contig_49	347919	350105	+	GEGEGB_04211	1	persistent	2	0	0
PKJKAM_03830	contig_49	350102	352078	+	LNHIMF_03580	1	persistent	2	0	0
PKJKAM_03831	contig_49	352093	353388	+	LNHIMF_03579	1	persistent	2	0	0
PKJKAM_03832	contig_49	353388	354821	+	LNHIMF_03578	1	persistent	2	0	0
PKJKAM_03833	contig_49	354841	357288	+	LNHIMF_03577	1	persistent	2	1	1
PKJKAM_03834	contig_49	357466	358221	+	BEJGEH_03569	1	shell	1	1	0
PKJKAM_03835	contig_49	358265	359170	-	BEJGEH_03568	1	shell	0	2	0
PKJKAM_03836	contig_49	359214	360929	-	BEJGEH_03567	1	shell	0	2	0
PKJKAM_03837	contig_49	360926	362260	-	BEJGEH_03566	1	shell	0	2	0
PKJKAM_03838	contig_49	362598	363707	+	BEJGEH_03565	1	shell	1	1	1
PKJKAM_03839	contig_49	363865	365361	+	HFCAGB_03768	1	persistent	1	1	3
PKJKAM_03840	contig_49	365371	365916	+	BEJGEH_03563	1	persistent	2	0	1
PKJKAM_03841	contig_49	365964	367472	-	GEGEGB_04216	1	persistent	3	0	0
PKJKAM_03842	contig_49	367671	367997	+	GEGEGB_04217	1	persistent	2	0	0
PKJKAM_03843	contig_49	368073	368903	+	LNHIMF_03570	1	persistent	2	0	0
PKJKAM_03844	contig_49	368997	369755	+	GEGEGB_04219	1	persistent	2	1	0
PKJKAM_03845	contig_49	369829	372534	-	ODDLKH_03961	1	persistent	2	1	1
PKJKAM_03846	contig_49	373128	375521	+	LNHIMF_03567	1	persistent	2	0	0
PKJKAM_03847	contig_49	375531	377609	+	BEJGEH_03547	1	persistent	2	0	0
PKJKAM_03848	contig_49	377728	379044	-	GEGEGB_04223	1	persistent	2	0	0
PKJKAM_03849	contig_49	379421	379996	-	LNHIMF_03564	1	persistent	2	0	0
PKJKAM_03850	contig_49	380055	380738	-	LNHIMF_03563	1	persistent	2	0	0
PKJKAM_03851	contig_49	380776	381546	+	GEGEGB_04226	1	persistent	2	0	0
PKJKAM_03852	contig_49	381582	382508	-	GEGEGB_04227	1	persistent	2	0	0
PKJKAM_03853	contig_49	382743	382979	-	GEGEGB_04228	1	persistent	2	0	0
PKJKAM_03854	contig_49	382992	385310	-	LNHIMF_03559	1	persistent	2	0	0
PKJKAM_03855	contig_49	385329	385556	-	GEGEGB_04230	1	persistent	2	0	0
PKJKAM_03856	contig_49	385993	388323	-	IKCLMC_02888	1	persistent	2	0	0
PKJKAM_03857	contig_49	388422	388895	-	GEGEGB_04232	1	persistent	2	0	0
PKJKAM_03858	contig_49	389121	389840	+	GEGEGB_04233	1	persistent	2	0	0
PKJKAM_03859	contig_49	389837	391189	+	LNHIMF_03554	1	persistent	2	0	0
PKJKAM_03860	contig_49	391264	392883	-	GEGEGB_04235	1	persistent	2	0	0
PKJKAM_03861	contig_49	393263	394972	+	GEGEGB_04236	1	persistent	2	0	1
PKJKAM_03862	contig_49	395083	395961	-	LNHIMF_03551	1	persistent	2	0	1
PKJKAM_03863	contig_49	395986	396387	-	LNHIMF_03550	1	persistent	2	0	0
PKJKAM_03864	contig_49	396398	397066	-	GEGEGB_04239	1	persistent	2	0	0
PKJKAM_03865	contig_49	397131	399263	-	LNHIMF_03548	1	persistent	2	0	0
PKJKAM_03866	contig_49	399553	400149	+	LNHIMF_03547	1	persistent	2	1	0
PKJKAM_03867	contig_49	400215	400898	-	LNHIMF_00818	3	shell	12	5	5
PKJKAM_03868	contig_49	401069	401470	-	LNHIMF_00819	4	shell	12	3	3
PKJKAM_03869	contig_49	401560	404112	-	GEGEGB_04242	1	persistent	2	1	0
PKJKAM_03870	contig_49	404233	405012	+	GEGEGB_04243	1	persistent	2	0	0
PKJKAM_03871	contig_49	405012	405551	+	GEGEGB_04244	1	persistent	2	0	0
PKJKAM_03872	contig_49	405535	406008	+	LNHIMF_03543	1	persistent	2	0	0
PKJKAM_03873	contig_49	405998	406399	+	GEGEGB_04246	1	persistent	2	0	0
PKJKAM_03874	contig_49	406350	407552	+	LNHIMF_03541	1	persistent	2	0	0
PKJKAM_03875	contig_49	408017	408538	+	GEGEGB_04248	1	persistent	2	0	0
PKJKAM_03876	contig_49	408595	409683	+	GEGEGB_04249	1	persistent	2	0	0
PKJKAM_03877	contig_49	409781	411058	+	LNHIMF_03538	1	persistent	2	0	0
PKJKAM_03878	contig_49	411239	412075	+	GEGEGB_04251	1	persistent	2	0	0
PKJKAM_03879	contig_49	412093	412770	+	GEGEGB_04252	1	persistent	2	0	0
PKJKAM_03880	contig_49	412763	413521	+	BEJGEH_03515	1	persistent	2	0	0
PKJKAM_03881	contig_49	413514	414518	+	GEGEGB_04254	1	persistent	2	0	0
PKJKAM_03882	contig_49	414663	414833	-	GEGEGB_04255	1	persistent	1	3	0
PKJKAM_03884	contig_49	415026	420887	-	ODDLKH_03924	1	shell	2	1	1
PKJKAM_03885	contig_49	421225	422598	-	BEJGEH_03507	1	persistent	1	3	1
PKJKAM_03886	contig_49	422610	423419	-	GEGEGB_04260	1	persistent	2	0	0
PKJKAM_03887	contig_49	423685	424011	-	GEGEGB_04261	1	persistent	2	0	0
PKJKAM_03888	contig_49	424008	426551	-	LNHIMF_03527	1	persistent	2	0	1
PKJKAM_03889	contig_49	426811	427992	-	GEGEGB_04263	1	persistent	2	0	1
PKJKAM_03890	contig_49	428269	428841	+	GEGEGB_04264	1	persistent	2	0	0
PKJKAM_03891	contig_49	428845	429117	+	LNHIMF_03524	1	persistent	2	0	0
PKJKAM_03892	contig_49	429107	429709	+	LNHIMF_03523	1	persistent	2	0	0
PKJKAM_03893	contig_49	429741	430304	+	GEGEGB_04267	1	persistent	2	0	0
PKJKAM_03894	contig_49	430390	431607	+	BEJGEH_03498	1	persistent	2	0	0
PKJKAM_03895	contig_49	431650	433737	-	LNHIMF_03520	1	persistent	2	0	0
PKJKAM_03896	contig_49	433786	434418	-	GEGEGB_04271	1	persistent	2	0	0
PKJKAM_03897	contig_49	434726	435130	+	BEJGEH_03495	1	persistent	2	0	0
PKJKAM_03898	contig_49	435226	436095	-	GEGEGB_04273	1	persistent	2	0	0
PKJKAM_03899	contig_49	436147	436365	-	GEGEGB_04274	1	persistent	2	0	0
PKJKAM_03900	contig_49	436362	437384	-	BEJGEH_03492	1	persistent	3	0	0
PKJKAM_03901	contig_49	437627	437938	+	GEGEGB_04277	1	persistent	2	0	1
PKJKAM_03902	contig_49	437940	438161	-	LNHIMF_03513	1	persistent	3	0	0
PKJKAM_03903	contig_49	438200	440107	-	GEGEGB_04279	1	persistent	2	0	1
PKJKAM_03904	contig_49	440373	440924	+	GEGEGB_04280	1	persistent	2	0	0
PKJKAM_03905	contig_49	440924	442729	+	GEGEGB_04281	1	persistent	2	0	0
PKJKAM_03906	contig_49	442740	442940	+	GEGEGB_04282	1	persistent	2	0	0
PKJKAM_03907	contig_49	443035	443625	+	LNHIMF_03508	1	persistent	2	0	0
PKJKAM_03908	contig_49	443814	444032	-	GEGEGB_04284	1	persistent	2	0	0
PKJKAM_03909	contig_49	444252	445070	+	LNHIMF_03506	1	persistent	2	0	0
PKJKAM_03910	contig_49	445347	446069	+	GEGEGB_04286	1	persistent	2	0	0
PKJKAM_03911	contig_49	446069	446455	+	LNHIMF_03504	1	persistent	2	0	0
PKJKAM_03912	contig_49	446455	446811	+	GEGEGB_04288	1	persistent	2	0	0
PKJKAM_03913	contig_49	446819	447106	+	GEGEGB_04289	1	persistent	2	0	0
PKJKAM_03914	contig_49	447232	447606	+	GEGEGB_04290	1	persistent	1	1	0
PKJKAM_03915	contig_49	447702	448172	+	GEGEGB_04291	1	shell	1	1	0
PKJKAM_03916	contig_49	448269	450383	+	GEGEGB_04292	1	shell	0	2	0
PKJKAM_03917	contig_49	450455	451639	+	GEGEGB_03670	2	shell	2	2	0
PKJKAM_03918	contig_49	451824	452018	+	GEGEGB_04294	1	persistent	1	1	0
PKJKAM_03919	contig_49	452091	452567	+	LNHIMF_03496	1	persistent	2	0	0
PKJKAM_03920	contig_49	452564	453031	-	GEGEGB_04296	1	persistent	1	1	0
PKJKAM_03921	contig_49	453411	453722	+	GEGEGB_04297	1	shell	1	1	0
PKJKAM_03922	contig_49	453755	454384	+	GEGEGB_04298	1	shell	0	2	0
PKJKAM_03923	contig_49	454395	455000	+	GEGEGB_04299	1	shell	0	2	0
PKJKAM_03924	contig_49	454997	455299	+	GEGEGB_04300	1	shell	0	2	1
PKJKAM_03925	contig_49	455245	455742	-	PKJKAM_03925	1	cloud	0	1	0
PKJKAM_03926	contig_50	491	757	+	PKJKAM_03926	1	cloud	0	0	1
PKJKAM_03927	contig_50	781	1110	+	PKJKAM_03927	1	cloud	1	0	1
PKJKAM_03928	contig_50	1138	2001	+	GEGEGB_00698	1	persistent	2	0	1
PKJKAM_03929	contig_50	2191	3660	+	LNHIMF_02350	1	persistent	2	0	3
PKJKAM_03930	contig_50	4084	4788	-	LNHIMF_04699	4	cloud	3	0	22
PKJKAM_03931	contig_50	4873	6825	+	LNHIMF_02348	1	persistent	2	0	3
PKJKAM_03932	contig_50	6869	8191	-	LNHIMF_02347	1	persistent	2	0	0
PKJKAM_03933	contig_50	8224	9111	-	GEGEGB_00704	1	persistent	2	0	0
PKJKAM_03934	contig_50	9328	10695	+	LNHIMF_02345	1	persistent	2	0	0
PKJKAM_03935	contig_50	10700	11089	+	GEGEGB_00706	1	persistent	2	0	0
PKJKAM_03936	contig_50	11078	11935	-	GEGEGB_00707	1	persistent	2	0	0
PKJKAM_03937	contig_50	12265	12933	+	GEGEGB_00708	1	persistent	2	0	0
PKJKAM_03938	contig_50	12930	14090	+	LNHIMF_02341	1	persistent	2	0	0
PKJKAM_03939	contig_50	14240	15262	+	LNHIMF_02340	1	persistent	2	0	0
PKJKAM_03940	contig_50	15761	16759	+	LNHIMF_02339	1	persistent	2	0	0
PKJKAM_03941	contig_50	16893	18413	+	LNHIMF_02338	1	persistent	2	0	0
PKJKAM_03942	contig_50	18429	19439	+	LNHIMF_02337	1	persistent	2	0	0
PKJKAM_03943	contig_50	19514	20749	-	BEJGEH_02222	1	persistent	2	0	0
PKJKAM_03944	contig_50	20743	21984	-	GEGEGB_00717	1	persistent	2	0	0
PKJKAM_03945	contig_50	22189	22428	-	GEGEGB_00718	1	persistent	2	0	0
PKJKAM_03946	contig_50	22431	23150	-	LNHIMF_02333	1	persistent	2	0	0
PKJKAM_03947	contig_50	23327	24211	-	GEGEGB_00720	1	persistent	2	0	0
PKJKAM_03948	contig_50	24365	25060	-	GEGEGB_00721	1	persistent	2	0	0
PKJKAM_03949	contig_50	25057	25455	-	GEGEGB_00722	1	persistent	2	0	0
PKJKAM_03950	contig_50	25587	26495	-	GEGEGB_00723	1	persistent	2	0	0
PKJKAM_03951	contig_50	26621	27979	+	GEGEGB_00724	1	persistent	2	0	0
PKJKAM_03952	contig_50	27991	29028	+	GEGEGB_00725	1	persistent	2	0	0
PKJKAM_03953	contig_50	29044	29745	+	GEGEGB_00726	1	persistent	2	0	0
PKJKAM_03954	contig_50	29754	30398	+	GEGEGB_00727	1	persistent	2	0	0
PKJKAM_03955	contig_50	30413	31606	+	GEGEGB_00728	1	persistent	2	0	0
PKJKAM_03956	contig_50	31715	32653	+	LNHIMF_02323	1	persistent	2	0	1
PKJKAM_03957	contig_50	32711	32794	-	GEGEGB_00730	1	persistent	2	0	0
PKJKAM_03958	contig_50	33112	34548	+	GEGEGB_00731	1	persistent	2	0	2
PKJKAM_03959	contig_50	34614	35375	+	GEGEGB_00732	1	persistent	2	0	1
PKJKAM_03960	contig_50	35423	35992	-	GEGEGB_00733	1	persistent	2	0	0
PKJKAM_03961	contig_50	36151	36738	+	GEGEGB_00734	1	persistent	2	0	0
PKJKAM_03962	contig_50	36943	37851	+	GEGEGB_00735	1	persistent	2	0	0
PKJKAM_03963	contig_50	37909	39639	-	GEGEGB_00736	1	persistent	2	0	0
PKJKAM_03964	contig_50	39907	42204	+	LNHIMF_02315	1	persistent	2	0	0
PKJKAM_03965	contig_50	42385	43302	+	GEGEGB_00738	1	persistent	2	0	0
PKJKAM_03966	contig_50	43306	44475	+	LNHIMF_02313	1	persistent	2	0	0
PKJKAM_03967	contig_50	44468	45415	+	GEGEGB_00740	1	persistent	2	0	0
PKJKAM_03968	contig_50	45399	46130	+	GEGEGB_00741	1	persistent	2	0	0
PKJKAM_03969	contig_50	46111	46218	-	GEGEGB_00742	1	persistent	2	0	0
PKJKAM_03970	contig_50	46278	47009	-	LNHIMF_02309	1	persistent	2	0	0
PKJKAM_03971	contig_50	47232	48917	+	LNHIMF_02308	1	persistent	2	0	0
PKJKAM_03972	contig_50	48914	49633	+	LNHIMF_02307	1	persistent	2	0	0
PKJKAM_03973	contig_50	49680	50147	+	LNHIMF_02306	1	persistent	2	0	0
PKJKAM_03974	contig_50	50204	50734	-	GEGEGB_00747	1	persistent	2	0	0
PKJKAM_03975	contig_50	50906	51364	-	GEGEGB_00748	1	persistent	2	0	0
PKJKAM_03976	contig_50	51605	53638	-	LNHIMF_02303	1	persistent	2	0	0
PKJKAM_03977	contig_50	53803	54912	+	LNHIMF_02302	1	persistent	2	1	0
PKJKAM_03978	contig_50	55190	55471	+	GEGEGB_00751	1	persistent	1	1	1
PKJKAM_03979	contig_50	55750	56280	+	GEGEGB_00752	1	shell	2	1	0
PKJKAM_03980	contig_50	56336	57019	+	GEGEGB_00753	1	shell	0	2	0
PKJKAM_03981	contig_50	57033	59522	+	BEJGEH_02184	1	shell	0	2	0
PKJKAM_03982	contig_50	59538	60545	+	GEGEGB_00756	1	shell	1	1	0
PKJKAM_03983	contig_50	60807	61121	-	GEGEGB_00757	1	persistent	1	1	1
PKJKAM_03984	contig_50	61531	62328	+	GEGEGB_00758	1	persistent	2	0	0
PKJKAM_03985	contig_50	62315	63115	+	GEGEGB_00759	1	persistent	2	0	0
PKJKAM_03986	contig_50	63151	63897	+	GEGEGB_00760	1	persistent	2	0	0
PKJKAM_03987	contig_50	63871	64836	-	GEGEGB_00761	1	persistent	2	0	0
PKJKAM_03988	contig_50	64833	65837	-	GEGEGB_00762	1	persistent	2	0	0
PKJKAM_03989	contig_50	65834	67105	-	GEGEGB_00763	1	persistent	2	0	0
PKJKAM_03990	contig_50	67359	68411	+	GEGEGB_00764	1	persistent	2	0	0
PKJKAM_03991	contig_50	68464	69363	-	LNHIMF_02288	1	persistent	3	0	0
PKJKAM_03992	contig_50	69925	70260	+	LNHIMF_02287	1	persistent	2	0	0
PKJKAM_03993	contig_50	70382	70798	+	LNHIMF_02286	1	persistent	3	1	0
PKJKAM_03994	contig_50	70834	71841	-	AJBGEP_02303	1	shell	2	0	0
PKJKAM_03996	contig_50	72331	73692	-	GEGEGB_00769	1	persistent	2	1	1
PKJKAM_03997	contig_50	73808	75919	-	LNHIMF_02283	1	persistent	2	0	2
PKJKAM_03998	contig_50	75930	76646	-	BEJGEH_02156	1	persistent	2	0	0
PKJKAM_03999	contig_50	76646	77848	-	AJBGEP_02298	1	persistent	2	0	1
PKJKAM_04000	contig_50	78118	78840	-	LNHIMF_02280	1	persistent	2	0	1
PKJKAM_04001	contig_50	78837	80240	-	LNHIMF_02279	1	persistent	2	0	0
PKJKAM_04002	contig_50	80240	81652	-	GEGEGB_00787	1	persistent	2	0	0
PKJKAM_04003	contig_50	81649	84729	-	LNHIMF_02277	1	persistent	2	0	0
PKJKAM_04004	contig_50	84730	87852	-	GEGEGB_00789	1	persistent	2	0	0
PKJKAM_04005	contig_50	87852	89093	-	LNHIMF_02275	1	persistent	2	0	0
PKJKAM_04006	contig_50	89198	89395	-	LNHIMF_02274	1	persistent	2	1	0
PKJKAM_04008	contig_50	89376	89435	+	GEGEGB_00793	1	shell	2	0	0
PKJKAM_04009	contig_50	89534	90307	-	LNHIMF_02272	1	persistent	2	1	1
PKJKAM_04010	contig_50	90358	91062	+	LNHIMF_04699	4	cloud	3	0	22
PKJKAM_04011	contig_50	91245	91520	-	PKJKAM_04011	1	cloud	0	0	2
PKJKAM_04012	contig_50	91585	92199	-	PKJKAM_04012	1	cloud	0	0	2
PKJKAM_04013	contig_50	92325	93401	+	PKJKAM_04013	1	cloud	0	0	2
PKJKAM_04014	contig_50	93435	94139	-	LNHIMF_04699	4	cloud	3	0	22
PKJKAM_04015	contig_50	95041	95844	+	PKJKAM_04015	1	cloud	0	0	3
PKJKAM_04016	contig_50	95844	96680	+	LNHIMF_04742	1	cloud	0	0	3
PKJKAM_04017	contig_50	96808	97278	+	PKJKAM_04017	1	cloud	0	0	2
PKJKAM_04018	contig_50	97293	97442	+	PKJKAM_04018	1	cloud	0	0	2
PKJKAM_04019	contig_50	97693	97938	+	PKJKAM_04019	1	cloud	0	0	2
PKJKAM_04020	contig_50	97958	99175	+	PKJKAM_04020	1	cloud	0	0	2
PKJKAM_04021	contig_50	99172	100968	-	PKJKAM_04026	2	cloud	0	0	6
PKJKAM_04022	contig_50	101457	102341	+	PKJKAM_04022	1	cloud	0	0	2
PKJKAM_04023	contig_50	102373	103572	-	PKJKAM_04023	1	cloud	0	0	2
PKJKAM_04024	contig_50	103651	104328	+	PKJKAM_04024	1	cloud	0	0	2
PKJKAM_04025	contig_50	104360	104602	-	PKJKAM_04025	1	cloud	0	0	2
PKJKAM_04026	contig_50	104660	107626	-	PKJKAM_04026	2	cloud	0	0	6
PKJKAM_04027	contig_50	107629	108147	-	LNHIMF_04711	1	cloud	0	0	3
PKJKAM_04028	contig_50	108206	108910	+	LNHIMF_04699	4	cloud	3	0	22
PKJKAM_04029	contig_50	108801	109562	-	PKJKAM_04029	1	cloud	1	0	1
PKJKAM_04030	contig_50	109696	110565	+	GEGEGB_00795	1	persistent	2	0	1
PKJKAM_04031	contig_50	110533	113523	-	LNHIMF_02270	1	persistent	2	0	0
PKJKAM_04032	contig_50	113854	114495	+	GEGEGB_00797	1	persistent	2	0	0
PKJKAM_04033	contig_50	114586	115167	+	GEGEGB_00798	1	persistent	2	0	0
PKJKAM_04034	contig_50	115206	117062	+	LNHIMF_02267	1	persistent	2	0	0
PKJKAM_04035	contig_50	117148	118728	-	GEGEGB_00800	1	persistent	2	0	0
PKJKAM_04036	contig_50	119403	120542	+	LNHIMF_02265	1	persistent	2	0	0
PKJKAM_04037	contig_50	120548	120997	+	LNHIMF_02264	1	persistent	2	0	0
PKJKAM_04038	contig_50	120994	123153	+	LNHIMF_02263	1	persistent	2	0	0
PKJKAM_04039	contig_50	123171	124082	+	GEGEGB_00804	1	persistent	2	0	0
PKJKAM_04040	contig_50	124085	124573	+	GEGEGB_00805	1	persistent	2	0	0
PKJKAM_04041	contig_50	124570	125787	+	GEGEGB_00806	1	persistent	2	0	0
PKJKAM_04042	contig_50	125762	126976	+	LNHIMF_02259	1	persistent	2	0	0
PKJKAM_04043	contig_50	126989	127735	+	GEGEGB_00809	1	persistent	2	0	0
PKJKAM_04044	contig_50	127751	128305	+	GEGEGB_00810	1	persistent	2	0	0
PKJKAM_04045	contig_50	128329	129450	+	LNHIMF_02256	1	persistent	2	0	0
PKJKAM_04046	contig_50	129453	130418	+	LNHIMF_02255	1	persistent	2	0	0
PKJKAM_04047	contig_50	130421	130894	+	LNHIMF_02254	1	persistent	2	0	0
PKJKAM_04048	contig_50	130891	132114	+	GEGEGB_00814	1	persistent	2	0	0
PKJKAM_04049	contig_50	132117	133553	+	GEGEGB_00815	1	persistent	2	0	0
PKJKAM_04050	contig_50	133664	135034	+	HFCAGB_02368	1	persistent	2	0	2
PKJKAM_04051	contig_50	135088	136482	+	LNHIMF_02250	1	persistent	2	0	0
PKJKAM_04052	contig_50	136615	138093	+	LNHIMF_02249	1	persistent	2	0	1
PKJKAM_04053	contig_50	138115	139395	+	LNHIMF_02248	1	persistent	2	0	1
PKJKAM_04054	contig_50	139392	140612	+	LNHIMF_02247	1	persistent	2	0	0
PKJKAM_04055	contig_50	140623	142026	+	LNHIMF_02246	1	persistent	2	0	0
PKJKAM_04056	contig_50	142204	143097	+	GEGEGB_00823	1	persistent	2	0	1
PKJKAM_04057	contig_50	143474	144559	+	GEGEGB_00824	1	persistent	2	0	0
PKJKAM_04058	contig_50	144559	145458	+	LNHIMF_02243	1	persistent	2	0	0
PKJKAM_04059	contig_50	145506	146384	+	LNHIMF_02242	1	persistent	2	0	0
PKJKAM_04060	contig_50	146388	146936	+	GEGEGB_00827	1	persistent	2	0	0
PKJKAM_04061	contig_50	146942	147916	+	AJBGEP_02257	1	persistent	2	0	0
PKJKAM_04062	contig_50	147932	148705	+	GEGEGB_00829	1	persistent	2	0	0
PKJKAM_04063	contig_50	148710	149789	+	LNHIMF_02238	1	persistent	2	0	0
PKJKAM_04064	contig_50	149816	151129	+	LNHIMF_02237	1	persistent	1	1	2
PKJKAM_04065	contig_50	151143	152024	+	IKCLMC_01912	1	cloud	1	0	1
PKJKAM_04066	contig_50	152024	153364	+	PKJKAM_04066	1	cloud	0	0	2
PKJKAM_04067	contig_50	153357	154319	+	PAPNPA_04208	1	cloud	0	0	2
PKJKAM_04068	contig_50	154366	154980	+	PKJKAM_04068	1	cloud	0	0	2
PKJKAM_04069	contig_50	154982	156025	+	PKJKAM_04069	1	cloud	0	0	2
PKJKAM_04070	contig_50	156119	157318	+	PKJKAM_04070	1	cloud	0	0	2
PKJKAM_04071	contig_50	157318	158328	+	PKJKAM_04071	1	cloud	0	0	2
PKJKAM_04072	contig_50	158315	159472	+	PAPNPA_04203	1	cloud	0	0	2
PKJKAM_04073	contig_50	159511	160908	+	PAPNPA_04202	1	cloud	0	0	2
PKJKAM_04074	contig_50	160916	162352	+	PKJKAM_04074	1	cloud	1	0	1
PKJKAM_04075	contig_50	162431	163861	+	LNHIMF_02225	1	persistent	1	1	1
PKJKAM_04076	contig_50	164025	165431	+	LNHIMF_02224	1	persistent	2	0	1
PKJKAM_04077	contig_50	165667	166833	+	LNHIMF_02223	1	persistent	2	0	0
PKJKAM_04078	contig_50	166976	167959	+	GEGEGB_00843	1	persistent	2	0	0
PKJKAM_04079	contig_50	168054	168665	-	LNHIMF_02221	1	persistent	2	0	0
PKJKAM_04080	contig_50	168659	169435	-	GEGEGB_00845	1	persistent	2	0	0
PKJKAM_04081	contig_50	169417	170154	-	GEGEGB_00846	1	persistent	2	0	0
PKJKAM_04082	contig_50	170154	170744	-	GEGEGB_00847	1	persistent	2	0	0
PKJKAM_04083	contig_50	170744	171811	-	LNHIMF_02217	1	persistent	2	0	0
PKJKAM_04084	contig_50	171808	172887	-	LNHIMF_02216	1	persistent	2	0	0
PKJKAM_04085	contig_50	172884	174188	-	LNHIMF_02215	1	persistent	2	0	0
PKJKAM_04086	contig_50	174291	175190	-	GEGEGB_00851	1	persistent	2	0	1
PKJKAM_04087	contig_50	175337	175387	-	LNHIMF_02213	1	persistent	2	0	0
PKJKAM_04088	contig_50	175550	176374	+	GEGEGB_00853	1	persistent	2	0	1
PKJKAM_04089	contig_50	176420	177334	+	GEGEGB_00854	1	persistent	2	0	0
PKJKAM_04091	contig_50	177568	177630	+	GEGEGB_00856	1	persistent	2	0	0
PKJKAM_04092	contig_50	177620	178978	+	GEGEGB_00857	1	persistent	2	0	0
PKJKAM_04093	contig_50	179114	180544	-	GEGEGB_00858	1	persistent	2	0	1
PKJKAM_04094	contig_50	180911	183259	-	HFCAGB_02326	1	persistent	2	0	1
PKJKAM_04095	contig_50	183878	186154	+	LNHIMF_02146	1	persistent	2	0	0
PKJKAM_04096	contig_50	186169	186747	+	GEGEGB_00863	1	persistent	2	0	0
PKJKAM_04097	contig_50	186744	187508	+	GEGEGB_00864	1	persistent	2	0	0
PKJKAM_04098	contig_50	187638	188804	+	LNHIMF_02143	1	persistent	2	0	0
PKJKAM_04099	contig_50	188957	189424	+	GEGEGB_00867	1	persistent	2	0	0
PKJKAM_04100	contig_50	189543	190601	+	LNHIMF_02141	1	persistent	2	0	0
PKJKAM_04101	contig_50	190846	191181	+	GEGEGB_00869	1	persistent	2	0	0
PKJKAM_04102	contig_50	191215	192117	-	LNHIMF_02139	1	persistent	2	0	0
PKJKAM_04103	contig_50	192175	193389	-	LNHIMF_02138	1	persistent	2	0	0
PKJKAM_04104	contig_50	193374	193826	-	LNHIMF_02137	1	persistent	2	0	0
PKJKAM_04105	contig_50	193831	194181	-	GEGEGB_00873	1	persistent	2	0	0
PKJKAM_04106	contig_50	194181	194735	-	LNHIMF_02135	1	persistent	2	0	0
PKJKAM_04107	contig_50	194738	196093	-	BEJGEH_02071	1	persistent	2	0	0
PKJKAM_04108	contig_50	196090	197202	-	GEGEGB_00876	1	persistent	2	0	0
PKJKAM_04109	contig_50	197214	198608	-	LNHIMF_02132	1	persistent	2	0	0
PKJKAM_04110	contig_50	198605	199615	-	GEGEGB_00878	1	persistent	3	0	0
PKJKAM_04111	contig_50	199625	199900	-	LNHIMF_02130	1	persistent	2	0	0
PKJKAM_04112	contig_50	199904	200395	-	LNHIMF_02129	1	persistent	3	0	0
PKJKAM_04113	contig_50	200392	201024	-	LNHIMF_02128	1	persistent	2	0	0
PKJKAM_04114	contig_50	201024	201485	-	GEGEGB_00881	1	persistent	2	0	0
PKJKAM_04115	contig_50	201510	201785	-	GEGEGB_00882	2	persistent	4	0	0
PKJKAM_04116	contig_50	201804	202154	-	GEGEGB_00883	1	persistent	2	0	0
PKJKAM_04117	contig_50	202144	203976	-	LNHIMF_02124	1	persistent	2	0	0
PKJKAM_04118	contig_50	203992	204513	-	LNHIMF_02123	1	persistent	2	0	0
PKJKAM_04119	contig_50	204528	205202	-	LNHIMF_02122	1	persistent	2	0	0
PKJKAM_04120	contig_50	205213	206877	-	GEGEGB_00887	1	persistent	2	0	0
PKJKAM_04121	contig_50	206896	207708	-	GEGEGB_00888	1	persistent	2	0	0
PKJKAM_04122	contig_50	207705	207989	-	GEGEGB_00882	2	persistent	4	0	0
PKJKAM_04123	contig_50	208514	209308	+	LNHIMF_02118	1	persistent	2	0	0
PKJKAM_04125	contig_50	209525	210436	+	LNHIMF_02116	1	persistent	2	0	1
PKJKAM_04126	contig_50	211034	212413	+	LNHIMF_02115	1	persistent	2	0	1
PKJKAM_04127	contig_50	212410	213369	+	LNHIMF_02114	1	persistent	2	0	1
PKJKAM_04128	contig_50	213380	214012	+	LNHIMF_02113	1	persistent	2	0	0
PKJKAM_04129	contig_50	214012	215151	+	LNHIMF_02112	1	persistent	2	0	1
PKJKAM_04130	contig_50	215145	215750	+	GEGEGB_00897	1	persistent	2	0	0
PKJKAM_04131	contig_50	215740	216318	+	LNHIMF_02110	1	persistent	2	0	0
PKJKAM_04132	contig_50	216302	217075	+	GEGEGB_00899	1	persistent	2	0	0
PKJKAM_04133	contig_50	217056	218111	+	GEGEGB_00900	1	persistent	2	0	0
PKJKAM_04134	contig_50	218111	218836	+	GEGEGB_00901	1	persistent	2	0	0
PKJKAM_04135	contig_50	218833	219624	+	LNHIMF_02106	1	persistent	2	0	1
PKJKAM_04136	contig_50	219627	220421	+	BEJGEH_02042	1	persistent	2	0	1
PKJKAM_04137	contig_50	220418	221131	+	GEGEGB_00905	1	persistent	2	0	0
PKJKAM_04138	contig_50	221128	221865	+	LNHIMF_02103	1	persistent	2	0	0
PKJKAM_04139	contig_50	221867	222148	+	LNHIMF_02102	1	persistent	2	0	0
PKJKAM_04140	contig_50	222135	222812	+	GEGEGB_00909	1	persistent	2	0	0
PKJKAM_04141	contig_50	222821	223636	+	LNHIMF_02100	1	persistent	2	0	0
PKJKAM_04142	contig_50	223633	225153	+	GEGEGB_00911	1	persistent	2	0	0
PKJKAM_04143	contig_50	225150	225695	+	LNHIMF_02098	1	persistent	2	0	0
PKJKAM_04144	contig_50	225692	226435	+	LNHIMF_02097	1	persistent	2	0	0
PKJKAM_04145	contig_50	226462	227532	+	LNHIMF_02096	1	persistent	2	0	0
PKJKAM_04146	contig_50	227610	228539	+	LNHIMF_02095	1	persistent	2	0	2
PKJKAM_04148	contig_50	229034	230458	+	GEGEGB_00917	1	persistent	3	0	3
PKJKAM_04150	contig_50	231328	232782	+	GEGEGB_00920	1	persistent	2	3	1
PKJKAM_04151	contig_50	233304	233477	-	BEJGEH_02009	1	shell	1	2	0
PKJKAM_04152	contig_50	233687	235417	-	HFCAGB_02267	1	shell	0	2	0
PKJKAM_04153	contig_50	235474	237642	-	HFCAGB_02266	1	shell	0	2	2
PKJKAM_04154	contig_50	237985	238533	-	AJBGEP_02166	1	shell	0	2	2
PKJKAM_04155	contig_50	238552	238683	-	PAPNPA_00045	1	cloud	0	3	4
PKJKAM_04157	contig_50	239158	239682	-	HFCAGB_02262	1	shell	0	3	4
PKJKAM_04159	contig_50	240332	240547	+	PKJKAM_04159	1	cloud	0	2	0
PKJKAM_04161	contig_50	240991	241788	-	HFCAGB_02232	1	shell	2	1	4
PKJKAM_04163	contig_50	242557	242976	+	GEGEGB_00945	1	persistent	1	1	4
PKJKAM_04164	contig_50	242979	244247	+	LNHIMF_02074	1	persistent	3	1	1
PKJKAM_04165	contig_50	244702	244914	+	LNHIMF_02073	1	persistent	2	0	1
PKJKAM_04167	contig_50	245374	246570	-	LNHIMF_02071	1	persistent	2	0	0
PKJKAM_04169	contig_50	247220	247531	+	GEGEGB_00951	1	persistent	2	0	0
PKJKAM_04170	contig_50	247611	248306	+	LNHIMF_02068	1	persistent	2	0	0
PKJKAM_04171	contig_50	248380	249810	+	LNHIMF_02067	1	persistent	2	0	0
PKJKAM_04172	contig_50	249791	250261	+	GEGEGB_00954	1	persistent	2	0	0
PKJKAM_04173	contig_50	250250	251170	-	GEGEGB_00955	1	persistent	2	0	0
PKJKAM_04174	contig_50	251346	252257	+	BEJGEH_01078	1	persistent	2	0	0
PKJKAM_04175	contig_50	252334	252519	+	GEGEGB_00958	1	persistent	2	0	0
PKJKAM_04176	contig_50	252684	254396	+	GEGEGB_00959	1	persistent	2	0	0
PKJKAM_04177	contig_50	254375	255190	-	GEGEGB_00960	1	persistent	2	0	0
PKJKAM_04179	contig_50	255500	255727	-	GEGEGB_00962	1	persistent	2	0	0
PKJKAM_04180	contig_50	255856	256050	+	GEGEGB_00963	1	persistent	2	0	0
PKJKAM_04181	contig_50	256089	256712	-	LNHIMF_02057	1	persistent	2	0	0
PKJKAM_04182	contig_50	256994	257788	-	LNHIMF_02056	1	persistent	2	0	0
PKJKAM_04183	contig_50	257797	258066	-	GEGEGB_00966	1	persistent	2	0	0
PKJKAM_04184	contig_50	258076	258813	-	GEGEGB_00967	1	persistent	2	0	0
PKJKAM_04185	contig_50	258813	259190	-	GEGEGB_00968	1	persistent	2	0	0
PKJKAM_04186	contig_50	259190	259603	-	LNHIMF_02052	1	persistent	2	0	0
PKJKAM_04187	contig_50	259600	260604	-	GEGEGB_00970	1	persistent	2	0	0
PKJKAM_04188	contig_50	260609	261076	-	LNHIMF_02050	1	persistent	2	0	0
PKJKAM_04189	contig_50	261181	262404	-	LNHIMF_02049	1	persistent	2	0	0
PKJKAM_04190	contig_50	262401	262844	-	GEGEGB_00973	1	persistent	2	0	0
PKJKAM_04191	contig_50	262866	264236	-	LNHIMF_02047	1	persistent	2	0	0
PKJKAM_04192	contig_50	264236	264943	-	GEGEGB_00975	1	persistent	2	0	0
PKJKAM_04193	contig_50	264936	265931	-	GEGEGB_00976	1	persistent	2	0	0
PKJKAM_04194	contig_50	265924	267606	-	LNHIMF_02044	1	persistent	2	0	0
PKJKAM_04195	contig_50	267823	268137	+	LNHIMF_02043	1	persistent	2	1	0
PKJKAM_04196	contig_50	268257	268610	-	BEJGEH_01100	1	shell	2	0	0
PKJKAM_04197	contig_50	268908	269141	-	GEGEGB_00980	1	persistent	2	1	0
PKJKAM_04198	contig_50	269138	270343	-	LNHIMF_02041	1	persistent	2	0	0
PKJKAM_04199	contig_50	270529	270942	+	AJBGEP_02065	1	persistent	2	0	0
PKJKAM_04200	contig_50	270982	272466	-	LNHIMF_02039	1	persistent	2	0	0
PKJKAM_04201	contig_50	272538	272906	-	GEGEGB_00984	1	persistent	2	0	0
PKJKAM_04202	contig_50	272906	273313	-	LNHIMF_02037	1	persistent	2	0	1
PKJKAM_04203	contig_50	273328	274731	-	GEGEGB_00986	1	persistent	1	2	1
PKJKAM_04204	contig_50	274988	276487	+	AJBGEP_02931	2	shell	2	2	0
PKJKAM_04205	contig_50	276566	277771	+	LNHIMF_02034	1	persistent	1	3	2
PKJKAM_04206	contig_50	277968	278687	+	GEGEGB_00990	1	persistent	2	1	0
PKJKAM_04207	contig_50	278746	279297	+	GEGEGB_00991	1	persistent	2	0	0
PKJKAM_04208	contig_50	279444	280244	+	GEGEGB_00992	1	persistent	2	0	0
PKJKAM_04209	contig_50	280398	281384	+	LNHIMF_02030	1	persistent	2	0	0
PKJKAM_04210	contig_50	281405	282073	+	GEGEGB_00994	1	persistent	2	0	0
PKJKAM_04211	contig_50	282070	282822	+	GEGEGB_00995	1	persistent	2	0	0
PKJKAM_04212	contig_50	283054	283776	+	LNHIMF_02027	1	persistent	2	0	0
PKJKAM_04213	contig_50	283843	284067	-	GEGEGB_00997	1	persistent	2	1	0
PKJKAM_04214	contig_50	284391	284468	+	GEGEGB_00998	1	shell	2	0	0
PKJKAM_04215	contig_50	284531	285187	+	GEGEGB_00999	1	persistent	2	1	0
PKJKAM_04216	contig_50	285461	287014	+	GEGEGB_01000	1	persistent	2	0	0
PKJKAM_04217	contig_50	287071	287619	+	GEGEGB_01001	1	persistent	3	0	0
PKJKAM_04221	contig_50	288367	288651	+	LNHIMF_02018	1	persistent	2	0	1
PKJKAM_04222	contig_50	288871	290304	+	LNHIMF_02017	1	persistent	4	0	0
PKJKAM_04223	contig_50	290517	290843	+	LNHIMF_02016	1	persistent	2	0	0
PKJKAM_04225	contig_50	291082	291747	+	LNHIMF_02014	1	persistent	3	0	0
PKJKAM_04226	contig_50	291822	293090	-	GEGEGB_01009	1	persistent	2	0	0
PKJKAM_04227	contig_50	293260	293499	+	GEGEGB_01010	1	persistent	2	0	0
PKJKAM_04228	contig_50	293545	294042	-	GEGEGB_01011	1	persistent	2	0	0
PKJKAM_04229	contig_50	294282	294617	-	GEGEGB_01012	1	persistent	3	0	0
PKJKAM_04230	contig_50	294873	295283	+	LNHIMF_02009	1	persistent	2	0	0
PKJKAM_04231	contig_50	295685	296188	-	GEGEGB_01013	1	persistent	3	0	0
PKJKAM_04232	contig_50	296739	297296	+	BEJGEH_01135	1	persistent	2	0	1
PKJKAM_04233	contig_50	297714	298616	+	BEJGEH_01136	1	persistent	2	0	1
PKJKAM_04234	contig_50	298591	300012	+	GEGEGB_01016	1	persistent	2	0	0
PKJKAM_04235	contig_50	300030	300458	-	LNHIMF_02004	1	persistent	2	0	0
PKJKAM_04236	contig_50	301254	301595	+	GEGEGB_01018	1	persistent	2	0	0
PKJKAM_04237	contig_50	301598	302176	+	LNHIMF_02002	1	persistent	2	0	0
PKJKAM_04238	contig_50	302301	303188	+	LNHIMF_02001	1	persistent	2	0	0
PKJKAM_04239	contig_50	303185	304114	+	LNHIMF_02000	1	persistent	2	0	0
PKJKAM_04240	contig_50	304119	306134	+	GEGEGB_01022	1	persistent	2	0	0
PKJKAM_04241	contig_50	306155	306658	+	LNHIMF_01998	1	persistent	2	0	0
PKJKAM_04242	contig_50	306895	308556	+	LNHIMF_01997	1	persistent	2	0	0
PKJKAM_04243	contig_50	308710	309576	+	LNHIMF_01996	1	persistent	2	0	0
PKJKAM_04244	contig_50	309573	310622	+	GEGEGB_01026	1	persistent	2	0	0
PKJKAM_04245	contig_50	310640	311029	+	GEGEGB_01027	1	persistent	2	0	0
PKJKAM_04246	contig_50	311037	311684	+	LNHIMF_01993	1	persistent	2	0	1
PKJKAM_04247	contig_50	311878	313029	+	GEGEGB_01029	1	persistent	2	0	1
PKJKAM_04248	contig_50	313022	315100	+	GEGEGB_01030	1	persistent	2	0	0
PKJKAM_04249	contig_50	315100	315492	+	GEGEGB_01031	1	persistent	2	0	0
PKJKAM_04250	contig_50	315729	316868	+	LNHIMF_01988	1	persistent	2	0	0
PKJKAM_04251	contig_50	316937	318793	-	LNHIMF_01987	1	persistent	2	0	0
PKJKAM_04252	contig_50	318982	320715	-	GEGEGB_01035	1	persistent	2	0	0
PKJKAM_04253	contig_50	320952	321521	+	LNHIMF_01985	1	persistent	2	0	0
PKJKAM_04254	contig_50	321541	322287	+	LNHIMF_01984	1	persistent	2	0	0
PKJKAM_04256	contig_50	322523	323494	-	GEGEGB_01039	1	persistent	2	0	0
PKJKAM_04257	contig_50	323491	324234	-	GEGEGB_01040	1	persistent	2	0	0
PKJKAM_04258	contig_50	324275	324670	-	GEGEGB_01041	1	persistent	2	0	0
PKJKAM_04259	contig_50	324723	325541	-	GEGEGB_01042	1	persistent	2	0	0
PKJKAM_04260	contig_50	325538	326104	-	GEGEGB_01043	1	persistent	2	0	0
PKJKAM_04261	contig_50	326429	328201	+	LNHIMF_01977	1	persistent	2	0	0
PKJKAM_04262	contig_50	328304	328756	+	GEGEGB_01045	1	persistent	2	0	0
PKJKAM_04263	contig_50	328786	329526	+	GEGEGB_01046	1	persistent	2	0	0
PKJKAM_04264	contig_50	329563	330084	+	GEGEGB_01047	1	persistent	2	0	1
PKJKAM_04265	contig_50	330115	331611	+	ONMMKP_00132	1	cloud	2	0	0
PKJKAM_04266	contig_50	331711	332307	-	LNHIMF_01973	1	persistent	2	1	3
PKJKAM_04267	contig_50	332516	333208	+	LNHIMF_01972	1	shell	2	0	1
PKJKAM_04268	contig_50	333568	334179	+	LNHIMF_01971	1	persistent	2	1	1
PKJKAM_04269	contig_50	334188	335198	+	GEGEGB_01051	1	persistent	2	0	1
PKJKAM_04270	contig_50	335277	336062	-	GEGEGB_01052	1	persistent	2	0	0
PKJKAM_04271	contig_50	336059	336814	-	LNHIMF_01968	1	persistent	2	0	0
PKJKAM_04272	contig_50	336836	337837	+	LNHIMF_01967	1	persistent	2	0	0
PKJKAM_04273	contig_50	337853	339172	+	LNHIMF_01966	1	persistent	2	0	1
PKJKAM_04274	contig_50	339289	340260	+	GEGEGB_01056	1	persistent	2	1	0
PKJKAM_04275	contig_50	340333	341775	-	GEGEGB_01057	1	persistent	2	1	0
PKJKAM_04276	contig_50	341899	342768	-	GEGEGB_01058	1	persistent	2	0	1
PKJKAM_04277	contig_50	343110	344585	+	LNHIMF_01962	1	persistent	2	0	0
PKJKAM_04278	contig_50	344820	346631	+	GEGEGB_01060	1	persistent	2	0	0
PKJKAM_04279	contig_50	346669	347310	+	LNHIMF_01960	1	persistent	2	0	0
PKJKAM_04280	contig_50	347410	348588	-	GEGEGB_01062	1	persistent	2	0	0
PKJKAM_04281	contig_50	348719	349009	+	GEGEGB_01063	1	persistent	2	0	0
PKJKAM_04282	contig_50	349077	349430	+	GEGEGB_01064	1	persistent	2	0	0
PKJKAM_04283	contig_50	349524	350183	+	LNHIMF_01956	1	persistent	2	0	0
PKJKAM_04284	contig_50	350397	352448	+	GEGEGB_01066	1	persistent	2	0	0
PKJKAM_04285	contig_50	352485	353183	-	GEGEGB_01067	1	persistent	2	0	0
PKJKAM_04286	contig_50	353207	353863	-	LNHIMF_01953	1	persistent	2	0	0
PKJKAM_04287	contig_50	353971	354201	-	GEGEGB_01069	1	persistent	2	0	0
PKJKAM_04288	contig_50	354339	354713	+	LNHIMF_01951	1	persistent	2	0	0
PKJKAM_04289	contig_50	354714	355589	+	LNHIMF_01950	1	persistent	2	0	0
PKJKAM_04290	contig_50	355606	355959	+	GEGEGB_01072	1	persistent	2	0	1
PKJKAM_04293	contig_50	356220	356348	+	PKJKAM_04293	1	cloud	2	0	0
PKJKAM_04294	contig_50	356333	356602	-	PAPNPA_00762	3	persistent	1	1	8
PKJKAM_04295	contig_50	356617	357228	-	PAPNPA_00762	3	persistent	1	1	8
PKJKAM_04296	contig_50	357246	357800	-	ODDLKH_02363	1	shell	1	1	0
PKJKAM_04297	contig_50	357931	358161	+	AJBGEP_01966	1	shell	0	2	2
PKJKAM_04298	contig_50	358215	358748	+	AJBGEP_01965	1	shell	0	2	5
PKJKAM_04299	contig_50	359005	359172	-	LNHIMF_01943	1	shell	0	2	2
PKJKAM_04300	contig_50	359483	359974	+	IKCLMC_04289	1	shell	0	3	4
PKJKAM_04301	contig_50	359961	360140	+	LNHIMF_01941	1	shell	0	3	1
PKJKAM_04302	contig_50	360527	362131	+	AJBGEP_02772	2	shell	0	8	0
PKJKAM_04303	contig_50	362344	362580	+	AJBGEP_01962	1	shell	0	5	1
PKJKAM_04304	contig_50	363702	363968	+	PKJKAM_04304	1	cloud	0	2	0
PKJKAM_04305	contig_50	364150	364272	+	BENMGJ_03766	1	shell	0	4	2
PKJKAM_04306	contig_50	364721	365335	-	LNHIMF_01935	1	shell	0	2	1
PKJKAM_04307	contig_50	365345	365503	-	GEGEGB_01081	1	shell	0	2	0
PKJKAM_04308	contig_50	365636	366550	-	AJBGEP_01956	1	shell	1	2	3
PKJKAM_04309	contig_50	367341	367865	-	BEJGEH_00346	2	persistent	2	1	3
PKJKAM_04310	contig_50	367882	368220	+	PKJKAM_04310	1	cloud	1	0	1
PKJKAM_04311	contig_50	368352	368462	+	PKJKAM_04311	1	cloud	0	1	1
PKJKAM_04312	contig_50	368978	369505	+	AJBGEP_01954	1	shell	1	3	4
PKJKAM_04313	contig_50	370621	371040	+	LNHIMF_01928	1	persistent	1	2	6
PKJKAM_04314	contig_50	371275	371739	-	PKJKAM_04314	1	cloud	1	0	2
PKJKAM_04315	contig_50	371742	371996	-	IKCLMC_04303	2	cloud	2	0	1
PKJKAM_04316	contig_50	373256	373768	-	PAPNPA_00762	3	persistent	1	1	8
PKJKAM_04317	contig_50	374113	375126	-	PAPNPA_00701	1	cloud	1	0	1
PKJKAM_04318	contig_50	375823	376026	-	PKJKAM_04318	1	cloud	0	0	2
PKJKAM_04319	contig_50	377654	377827	+	PKJKAM_04319	1	cloud	1	0	1
PKJKAM_04320	contig_50	378090	378566	-	LNHIMF_01927	1	persistent	2	0	2
PKJKAM_04321	contig_50	378896	379291	-	LNHIMF_01926	1	persistent	2	0	0
PKJKAM_04322	contig_50	379975	380697	+	BEJGEH_01210	1	persistent	2	0	0
PKJKAM_04323	contig_50	380982	381146	+	GEGEGB_01090	1	persistent	3	0	1
PKJKAM_04324	contig_50	381119	381352	+	HFCAGB_01423	1	persistent	2	0	0
PKJKAM_04325	contig_50	381372	382019	+	GEGEGB_01092	1	persistent	3	0	0
PKJKAM_04326	contig_50	382038	382229	-	GEGEGB_01093	1	persistent	2	0	1
PKJKAM_04327	contig_50	382340	382579	-	GEGEGB_01094	1	persistent	2	0	0
PKJKAM_04328	contig_50	382694	384235	-	LNHIMF_01920	1	persistent	2	0	0
PKJKAM_04329	contig_50	384211	386844	-	GEGEGB_01096	1	persistent	2	0	0
PKJKAM_04330	contig_50	386813	388096	-	LNHIMF_01918	1	persistent	2	0	0
PKJKAM_04331	contig_50	388153	388722	+	LNHIMF_01917	1	persistent	2	0	0
PKJKAM_04332	contig_50	388820	389506	+	GEGEGB_01099	1	persistent	2	0	0
PKJKAM_04333	contig_50	389526	391574	+	GEGEGB_01100	1	persistent	2	0	0
PKJKAM_04334	contig_50	391768	392649	+	GEGEGB_01101	1	persistent	2	0	0
PKJKAM_04335	contig_50	392697	394070	-	BEJGEH_01222	1	persistent	2	1	0
PKJKAM_04336	contig_50	394135	394242	+	BEJGEH_01223	1	shell	2	0	0
PKJKAM_04337	contig_50	394246	395037	+	LNHIMF_01912	1	persistent	2	1	0
PKJKAM_04338	contig_50	395249	395488	-	GEGEGB_01105	1	persistent	2	0	0
PKJKAM_04339	contig_50	395646	395789	+	GEGEGB_01106	1	persistent	2	0	0
PKJKAM_04340	contig_50	395860	396147	+	GEGEGB_01107	1	persistent	2	0	0
PKJKAM_04341	contig_50	396952	397161	+	GEGEGB_01108	2	persistent	4	0	0
PKJKAM_04342	contig_50	397381	399126	+	GEGEGB_01109	1	persistent	2	0	0
PKJKAM_04343	contig_50	399192	400001	+	LNHIMF_01906	1	persistent	2	0	0
PKJKAM_04344	contig_50	399998	400564	-	GEGEGB_01111	1	persistent	2	0	0
PKJKAM_04345	contig_50	400974	401432	-	GEGEGB_01112	1	persistent	2	0	0
PKJKAM_04346	contig_50	401490	402341	-	GEGEGB_01113	1	persistent	2	0	0
PKJKAM_04347	contig_50	402354	403154	-	GEGEGB_01114	1	persistent	2	0	0
PKJKAM_04348	contig_50	403207	404175	-	GEGEGB_01115	1	persistent	2	0	0
PKJKAM_04349	contig_50	404648	406207	+	LNHIMF_01900	1	persistent	2	0	0
PKJKAM_04350	contig_50	406229	407830	-	LNHIMF_01899	1	persistent	2	0	0
PKJKAM_04351	contig_50	407968	409332	-	GEGEGB_01118	1	persistent	2	0	0
PKJKAM_04352	contig_50	409596	410174	-	LNHIMF_01897	1	persistent	2	0	0
PKJKAM_04353	contig_50	410178	411542	-	GEGEGB_01120	1	persistent	2	0	0
PKJKAM_04354	contig_50	411623	411802	+	GEGEGB_01121	1	persistent	2	0	0
PKJKAM_04355	contig_50	411808	412152	-	LNHIMF_01894	1	persistent	2	0	0
PKJKAM_04356	contig_50	412283	414193	+	GEGEGB_01123	1	persistent	2	0	0
PKJKAM_04357	contig_50	414251	414946	+	GEGEGB_01124	1	persistent	2	0	0
PKJKAM_04358	contig_50	415018	415599	+	GEGEGB_01125	1	persistent	2	0	0
PKJKAM_04359	contig_50	415738	417489	+	GEGEGB_01126	1	persistent	2	1	0
PKJKAM_04361	contig_50	417574	418689	+	GEGEGB_01128	1	persistent	2	1	0
PKJKAM_04362	contig_50	418811	419077	-	GEGEGB_01129	1	persistent	2	0	0
PKJKAM_04363	contig_50	419081	419893	-	LNHIMF_01886	1	persistent	2	0	0
PKJKAM_04364	contig_50	419917	420624	-	GEGEGB_01131	1	persistent	2	0	0
PKJKAM_04365	contig_50	420750	421043	+	LNHIMF_01884	1	persistent	2	0	0
PKJKAM_04366	contig_50	421093	421752	+	GEGEGB_01133	1	persistent	2	0	0
PKJKAM_04367	contig_50	421845	422291	+	LNHIMF_01882	1	persistent	2	0	0
PKJKAM_04368	contig_50	422643	422780	+	GEGEGB_01135	1	persistent	2	0	0
PKJKAM_04369	contig_50	422972	423145	+	GEGEGB_01136	1	persistent	2	0	0
PKJKAM_04370	contig_50	423216	423557	-	GEGEGB_01137	1	persistent	2	0	0
PKJKAM_04371	contig_50	423666	424196	-	GEGEGB_01138	1	persistent	2	0	0
PKJKAM_04372	contig_50	424338	425882	-	GEGEGB_01139	1	persistent	2	0	0
PKJKAM_04373	contig_50	426102	426821	+	LNHIMF_01876	1	persistent	2	0	0
PKJKAM_04374	contig_50	426868	428400	-	GEGEGB_01141	1	persistent	2	0	0
PKJKAM_04375	contig_50	428723	430021	+	LNHIMF_01874	1	persistent	2	0	0
PKJKAM_04376	contig_50	430035	431105	+	LNHIMF_01873	1	persistent	2	0	0
PKJKAM_04377	contig_50	431167	432900	-	GEGEGB_01144	1	persistent	2	0	0
PKJKAM_04378	contig_50	432997	433911	-	GEGEGB_01145	1	persistent	2	0	0
PKJKAM_04379	contig_50	434082	434693	+	GEGEGB_01146	1	persistent	2	0	0
PKJKAM_04380	contig_50	434707	435441	-	LNHIMF_01869	1	persistent	2	0	0
PKJKAM_04381	contig_50	435610	435864	+	GEGEGB_01148	1	persistent	2	0	0
PKJKAM_04382	contig_50	435927	437639	-	LNHIMF_01867	1	persistent	2	0	0
PKJKAM_04383	contig_50	437853	439127	-	LNHIMF_01866	1	persistent	2	0	0
PKJKAM_04384	contig_50	439522	439611	-	GEGEGB_01153	1	persistent	2	0	0
PKJKAM_04385	contig_50	439624	440760	-	LNHIMF_01864	1	persistent	2	0	0
PKJKAM_04386	contig_50	440772	442316	-	LNHIMF_01863	1	persistent	2	0	0
PKJKAM_04387	contig_50	442391	443239	-	GEGEGB_01156	1	persistent	2	0	0
PKJKAM_04388	contig_50	443236	443640	-	GEGEGB_01157	1	persistent	2	0	0
PKJKAM_04389	contig_50	443630	444226	-	GEGEGB_01158	1	persistent	2	0	0
PKJKAM_04390	contig_50	444223	444954	-	LNHIMF_01859	1	persistent	2	0	0
PKJKAM_04391	contig_50	444973	446766	-	GEGEGB_01160	1	persistent	2	0	0
PKJKAM_04392	contig_50	446763	447881	-	LNHIMF_01857	1	persistent	2	0	1
PKJKAM_04393	contig_50	448376	449641	+	BEJGEH_01280	1	persistent	2	0	2
PKJKAM_04394	contig_50	449800	450891	-	GEGEGB_01164	1	persistent	2	0	2
PKJKAM_04395	contig_50	451008	451592	-	GEGEGB_01165	1	persistent	2	0	0
PKJKAM_04396	contig_50	451868	452146	+	LNHIMF_01852	1	persistent	2	0	0
PKJKAM_04397	contig_50	452191	453849	-	GEGEGB_01167	1	persistent	2	0	0
PKJKAM_04398	contig_50	454001	454948	-	GEGEGB_01168	1	persistent	2	0	0
PKJKAM_04399	contig_50	455214	456065	-	GEGEGB_01169	1	persistent	2	0	0
PKJKAM_04400	contig_50	456062	456685	-	LNHIMF_01848	1	persistent	2	0	0
PKJKAM_04401	contig_50	456999	458255	+	GEGEGB_01171	1	persistent	2	0	0
PKJKAM_04402	contig_50	458296	459378	+	GEGEGB_01172	1	persistent	2	0	0
PKJKAM_04403	contig_50	459378	460211	+	LNHIMF_01845	1	persistent	2	0	0
PKJKAM_04404	contig_50	460208	460597	+	GEGEGB_01174	1	persistent	2	0	0
PKJKAM_04405	contig_50	460601	461410	+	GEGEGB_01175	1	persistent	2	0	0
PKJKAM_04406	contig_50	461448	462302	+	GEGEGB_01176	1	persistent	2	1	0
PKJKAM_04407	contig_50	462356	463456	-	LNHIMF_01841	1	persistent	2	1	0
PKJKAM_04408	contig_50	463723	463953	+	GEGEGB_01777	1	persistent	2	0	0
PKJKAM_04409	contig_50	464033	464386	-	GEGEGB_01776	1	persistent	2	0	0
PKJKAM_04410	contig_50	464563	465987	+	PAPNPA_00575	1	persistent	2	0	0
PKJKAM_04411	contig_50	465988	466638	-	LNHIMF_01837	1	persistent	2	0	0
PKJKAM_04412	contig_50	466631	468427	-	LNHIMF_01836	1	persistent	2	0	0
PKJKAM_04413	contig_50	468768	470165	+	GEGEGB_01772	1	persistent	2	0	0
PKJKAM_04414	contig_50	470553	474296	+	GEGEGB_01771	1	persistent	2	0	0
PKJKAM_04415	contig_50	474293	475828	+	GEGEGB_01575	2	persistent	4	0	0
PKJKAM_04416	contig_50	475825	476535	+	LNHIMF_01832	1	persistent	2	0	0
PKJKAM_04417	contig_50	476535	477212	+	LNHIMF_01831	1	persistent	3	0	1
PKJKAM_04418	contig_50	477453	478982	+	BEJGEH_01307	1	persistent	2	0	0
PKJKAM_04421	contig_50	480503	481345	-	GEGEGB_01765	1	persistent	3	0	1
PKJKAM_04422	contig_50	481396	481854	-	BEJGEH_01311	1	persistent	2	0	0
PKJKAM_04423	contig_50	481974	482870	+	LNHIMF_01825	1	persistent	2	0	0
PKJKAM_04424	contig_50	482961	483974	+	GEGEGB_01762	1	persistent	2	0	0
PKJKAM_04425	contig_50	484177	485085	+	GEGEGB_01761	1	persistent	2	0	0
PKJKAM_04426	contig_50	485217	485630	-	GEGEGB_01760	1	persistent	2	0	0
PKJKAM_04427	contig_50	486293	486910	+	GEGEGB_01759	1	persistent	2	0	0
PKJKAM_04428	contig_50	487107	489785	-	GEGEGB_01758	1	persistent	3	0	1
PKJKAM_04429	contig_50	490262	490909	+	GEGEGB_01757	1	persistent	2	0	0
PKJKAM_04430	contig_50	491673	493304	+	BEJGEH_01319	1	persistent	2	0	0
PKJKAM_04431	contig_50	493427	494347	+	BEJGEH_01320	1	persistent	2	0	0
PKJKAM_04432	contig_50	494362	495270	+	LNHIMF_01816	1	persistent	2	0	0
PKJKAM_04433	contig_50	495282	496289	+	LNHIMF_01815	1	persistent	2	0	0
PKJKAM_04434	contig_50	496286	497290	+	GEGEGB_01751	1	persistent	2	0	0
PKJKAM_04435	contig_50	497338	498174	+	LNHIMF_01813	1	persistent	2	0	0
PKJKAM_04436	contig_50	498222	498551	-	GEGEGB_01749	1	persistent	2	0	0
PKJKAM_04437	contig_50	498585	500045	-	GEGEGB_01748	1	persistent	2	0	0
PKJKAM_04438	contig_50	500188	500361	+	GEGEGB_01747	1	persistent	2	0	0
PKJKAM_04439	contig_50	500405	500701	-	GEGEGB_01746	1	persistent	2	0	0
PKJKAM_04440	contig_50	500925	501647	+	LNHIMF_01808	1	persistent	2	0	0
PKJKAM_04441	contig_50	501706	502107	-	GEGEGB_01744	1	persistent	2	0	0
PKJKAM_04442	contig_50	502268	502807	-	GEGEGB_01743	1	persistent	2	0	0
PKJKAM_04443	contig_50	502864	503607	-	GEGEGB_01742	1	persistent	3	0	0
PKJKAM_04444	contig_50	503633	504037	-	GEGEGB_01741	1	persistent	2	0	0
PKJKAM_04445	contig_50	504375	505013	+	GEGEGB_01740	1	persistent	3	0	0
PKJKAM_04446	contig_50	505095	505973	-	LNHIMF_01802	1	persistent	2	0	0
PKJKAM_04447	contig_50	505993	506499	-	GEGEGB_01738	1	persistent	2	0	0
PKJKAM_04448	contig_50	506573	507076	-	GEGEGB_01737	1	persistent	2	0	0
PKJKAM_04449	contig_50	507166	507348	-	GEGEGB_01513	3	persistent	6	0	0
PKJKAM_04450	contig_50	507828	508634	-	GEGEGB_01735	1	persistent	2	0	0
PKJKAM_04451	contig_50	508634	509827	-	GEGEGB_01734	1	persistent	2	0	0
PKJKAM_04452	contig_50	509837	511195	-	GEGEGB_01733	1	persistent	2	0	0
PKJKAM_04453	contig_50	511199	512794	-	GEGEGB_01732	1	persistent	2	0	0
PKJKAM_04454	contig_50	512794	514356	-	LNHIMF_01794	1	persistent	2	0	0
PKJKAM_04455	contig_50	514451	514513	-	GEGEGB_01730	1	persistent	2	0	0
PKJKAM_04456	contig_50	514629	515498	+	GEGEGB_01729	1	persistent	2	0	0
PKJKAM_04457	contig_50	515506	516126	+	GEGEGB_01728	1	persistent	2	0	0
PKJKAM_04458	contig_50	516227	517102	+	GEGEGB_01727	1	persistent	2	0	0
PKJKAM_04459	contig_50	517189	517779	-	LNHIMF_01789	1	persistent	2	0	0
PKJKAM_04460	contig_50	517776	518537	-	GEGEGB_01725	1	persistent	2	0	0
PKJKAM_04461	contig_50	518781	519821	+	LNHIMF_01787	1	persistent	2	0	0
PKJKAM_04462	contig_50	519863	520114	-	GEGEGB_01723	1	persistent	2	0	0
PKJKAM_04463	contig_50	520517	523114	+	GEGEGB_01722	1	persistent	2	0	0
PKJKAM_04465	contig_50	523525	524499	+	GEGEGB_01720	1	persistent	2	0	0
PKJKAM_04466	contig_50	524792	524920	+	GEGEGB_01719	1	persistent	2	0	0
PKJKAM_04468	contig_50	525476	528151	+	LNHIMF_01780	1	persistent	2	0	0
PKJKAM_04469	contig_50	528207	528797	-	GEGEGB_01716	1	persistent	2	0	0
PKJKAM_04470	contig_50	528993	529757	+	GEGEGB_01715	1	persistent	2	0	0
PKJKAM_04471	contig_50	529907	530215	+	GEGEGB_01714	1	persistent	2	0	0
PKJKAM_04472	contig_50	530222	531391	+	GEGEGB_01713	1	persistent	2	0	0
PKJKAM_04473	contig_50	531582	532319	+	GEGEGB_01712	1	persistent	2	0	0
PKJKAM_04474	contig_50	532319	532645	+	GEGEGB_01711	1	persistent	2	0	0
PKJKAM_04475	contig_50	532765	532983	-	LNHIMF_01773	1	persistent	2	0	0
PKJKAM_04476	contig_50	533240	533962	-	GEGEGB_01709	1	persistent	2	0	0
PKJKAM_04477	contig_50	534088	534258	-	GEGEGB_01708	1	persistent	2	0	0
PKJKAM_04478	contig_50	534380	536143	-	LNHIMF_01770	1	persistent	2	0	0
PKJKAM_04480	contig_50	536621	538555	-	LNHIMF_01769	1	persistent	2	0	0
PKJKAM_04481	contig_50	538644	539777	-	BEJGEH_01368	1	persistent	2	0	0
PKJKAM_04482	contig_50	539977	540765	-	GEGEGB_01704	1	persistent	2	0	0
PKJKAM_04483	contig_50	541370	542743	+	HFCAGB_01582	1	persistent	2	0	0
PKJKAM_04484	contig_50	543210	543917	+	LNHIMF_01765	1	persistent	2	0	0
PKJKAM_04485	contig_50	543933	544739	-	LNHIMF_01764	1	persistent	2	0	0
PKJKAM_04486	contig_50	544741	545733	-	GEGEGB_01700	1	persistent	2	0	0
PKJKAM_04487	contig_50	545733	546623	-	GEGEGB_01699	1	persistent	2	0	2
PKJKAM_04488	contig_50	546610	547575	-	GEGEGB_01694	1	persistent	2	0	1
PKJKAM_04489	contig_50	547572	549221	-	LNHIMF_01756	1	persistent	2	0	0
PKJKAM_04490	contig_50	549333	550313	-	LNHIMF_01755	1	persistent	2	0	0
PKJKAM_04491	contig_50	550484	551152	+	GEGEGB_01691	1	persistent	2	0	0
PKJKAM_04492	contig_50	551212	551436	+	GEGEGB_01690	1	persistent	2	0	0
PKJKAM_04493	contig_50	551436	551795	+	LNHIMF_01752	1	persistent	2	0	1
PKJKAM_04494	contig_50	551818	552036	+	GEGEGB_01688	1	persistent	2	0	0
PKJKAM_04495	contig_50	552112	552426	+	GEGEGB_01687	1	persistent	2	0	1
PKJKAM_04496	contig_50	552575	553972	+	GEGEGB_01686	1	persistent	2	0	0
PKJKAM_04497	contig_50	553969	555030	+	LNHIMF_01748	1	persistent	2	0	0
PKJKAM_04498	contig_50	555178	556719	+	GEGEGB_01684	1	persistent	2	1	0
PKJKAM_04499	contig_50	556809	557315	-	LNHIMF_01746	1	persistent	2	1	1
PKJKAM_04500	contig_50	557431	558396	+	LNHIMF_01745	1	persistent	2	0	0
PKJKAM_04501	contig_50	558371	559099	-	GEGEGB_01678	1	persistent	2	0	0
PKJKAM_04502	contig_50	559289	560902	+	BEJGEH_01389	1	persistent	2	0	0
PKJKAM_04503	contig_50	560999	561928	-	LNHIMF_01742	1	persistent	2	0	0
PKJKAM_04504	contig_50	562047	562952	+	LNHIMF_01741	1	persistent	2	0	0
PKJKAM_04505	contig_50	563259	564095	+	ALJMDI_03500	1	persistent	2	0	0
PKJKAM_04506	contig_50	564186	564899	-	GEGEGB_01673	1	persistent	2	0	0
PKJKAM_04507	contig_50	564977	565567	+	GEGEGB_01672	1	persistent	2	0	0
PKJKAM_04508	contig_50	565696	565932	+	GEGEGB_01671	1	persistent	2	0	0
PKJKAM_04509	contig_50	566146	567390	-	BEJGEH_01396	1	persistent	2	0	0
PKJKAM_04510	contig_50	567645	568496	-	LNHIMF_01735	1	persistent	2	0	0
PKJKAM_04511	contig_50	568796	569641	+	LNHIMF_01734	1	persistent	2	0	0
PKJKAM_04512	contig_50	569716	571698	+	LNHIMF_01733	1	persistent	2	0	2
PKJKAM_04513	contig_50	571725	572549	+	BEJGEH_01400	1	persistent	2	0	0
PKJKAM_04514	contig_50	572687	573205	+	LNHIMF_01731	1	persistent	3	0	2
PKJKAM_04515	contig_50	573311	573649	-	GEGEGB_01664	1	persistent	2	0	0
PKJKAM_04516	contig_50	573677	574363	-	LNHIMF_01729	1	persistent	3	0	0
PKJKAM_04517	contig_50	574407	575009	+	GEGEGB_01662	1	persistent	2	0	0
PKJKAM_04518	contig_50	575095	576126	-	GEGEGB_01661	1	persistent	2	0	0
PKJKAM_04519	contig_50	576365	576619	+	GEGEGB_01660	1	persistent	2	0	0
PKJKAM_04520	contig_50	576674	577621	-	LNHIMF_01725	1	persistent	2	0	0
PKJKAM_04521	contig_50	577772	578524	-	LNHIMF_01724	1	persistent	2	0	0
PKJKAM_04522	contig_50	578720	579235	-	GEGEGB_01657	1	persistent	2	0	0
PKJKAM_04523	contig_50	579493	580056	+	LNHIMF_01722	1	persistent	2	0	0
PKJKAM_04524	contig_50	580467	581621	+	LNHIMF_01721	1	persistent	2	0	0
PKJKAM_04525	contig_50	581767	582750	+	LNHIMF_01720	1	persistent	2	0	0
PKJKAM_04527	contig_50	583237	584610	+	HFCAGB_01626	1	persistent	2	0	0
PKJKAM_04528	contig_50	584654	585589	-	GEGEGB_01650	1	persistent	2	0	2
PKJKAM_04529	contig_50	585945	586283	+	GEGEGB_01648	1	persistent	2	0	2
PKJKAM_04530	contig_50	586333	586767	-	GEGEGB_01647	1	persistent	2	0	1
PKJKAM_04532	contig_50	587249	590773	-	GEGEGB_01642	1	persistent	2	1	0
PKJKAM_04533	contig_50	591049	591315	+	GEGEGB_01641	1	persistent	2	0	0
PKJKAM_04534	contig_50	591359	591769	-	GEGEGB_01640	1	persistent	2	0	0
PKJKAM_04535	contig_50	591880	592869	-	GEGEGB_01639	1	persistent	2	0	0
PKJKAM_04536	contig_50	593109	595745	+	BEJGEH_01424	1	persistent	2	0	0
PKJKAM_04537	contig_50	595745	595936	+	GEGEGB_01636	1	persistent	2	0	0
PKJKAM_04538	contig_50	595944	596267	+	LNHIMF_01706	1	persistent	2	0	0
PKJKAM_04539	contig_50	596410	596859	+	GEGEGB_01634	1	persistent	2	0	0
PKJKAM_04540	contig_50	596856	597461	-	GEGEGB_01633	1	persistent	2	0	0
PKJKAM_04541	contig_50	597644	601564	+	LNHIMF_01703	1	persistent	2	0	0
PKJKAM_04542	contig_50	601628	602428	+	GEGEGB_01631	1	persistent	2	0	0
PKJKAM_04543	contig_50	602545	603075	+	LNHIMF_01701	1	persistent	2	0	0
PKJKAM_04545	contig_50	603347	604009	-	GEGEGB_01627	1	persistent	2	0	0
PKJKAM_04546	contig_50	604377	604472	+	GEGEGB_01626	1	persistent	2	0	0
PKJKAM_04547	contig_50	604473	606023	-	LNHIMF_01697	1	persistent	2	0	0
PKJKAM_04548	contig_50	606160	606840	-	GEGEGB_01624	1	persistent	2	0	0
PKJKAM_04549	contig_50	606837	607568	-	LNHIMF_01695	1	persistent	2	0	0
PKJKAM_04550	contig_50	607593	608225	-	ALJMDI_03455	1	persistent	2	0	0
PKJKAM_04551	contig_50	608247	609008	-	GEGEGB_01621	1	persistent	2	0	0
PKJKAM_04552	contig_50	609915	610259	+	LNHIMF_01692	1	persistent	3	0	0
PKJKAM_04553	contig_50	610380	611606	-	LNHIMF_01691	1	persistent	2	0	0
PKJKAM_04554	contig_50	612032	612448	+	LNHIMF_01690	1	persistent	3	0	0
PKJKAM_04555	contig_50	612912	613037	+	BEJGEH_01443	1	persistent	2	0	0
PKJKAM_04556	contig_50	613800	614075	+	LNHIMF_01689	1	persistent	3	0	0
PKJKAM_04557	contig_50	614107	615225	+	LNHIMF_01688	1	persistent	2	0	0
PKJKAM_04558	contig_50	615394	617019	+	LNHIMF_01687	1	persistent	2	0	0
PKJKAM_04559	contig_50	617080	618003	-	LNHIMF_01686	1	persistent	2	0	0
PKJKAM_04560	contig_50	618296	619639	+	LNHIMF_01685	1	persistent	3	0	0
PKJKAM_04561	contig_50	619688	621196	+	LNHIMF_01684	1	persistent	2	0	0
PKJKAM_04562	contig_50	621452	623071	+	GEGEGB_01617	1	persistent	2	0	0
PKJKAM_04563	contig_50	623276	623842	+	LNHIMF_01682	1	persistent	2	0	1
PKJKAM_04564	contig_50	623851	625056	+	HFCAGB_01665	1	persistent	2	0	0
PKJKAM_04565	contig_50	625103	625540	-	BEJGEH_01457	1	persistent	2	0	1
PKJKAM_04566	contig_50	625540	626331	-	GEGEGB_01613	1	persistent	2	0	0
PKJKAM_04567	contig_50	626347	626979	-	GEGEGB_01612	1	persistent	2	0	0
PKJKAM_04568	contig_50	626991	627428	-	GEGEGB_01611	1	persistent	2	0	0
PKJKAM_04569	contig_50	627560	628366	-	LNHIMF_01676	1	persistent	2	0	0
PKJKAM_04570	contig_50	628380	629693	-	GEGEGB_01609	1	persistent	2	0	0
PKJKAM_04571	contig_50	629704	629985	-	GEGEGB_01608	1	persistent	2	0	0
PKJKAM_04572	contig_50	629982	631100	-	LNHIMF_01673	1	persistent	2	0	0
PKJKAM_04573	contig_50	631317	631856	+	GEGEGB_01606	1	persistent	2	0	0
PKJKAM_04574	contig_50	631853	632833	-	LNHIMF_01671	1	persistent	2	0	0
PKJKAM_04575	contig_50	632940	633953	+	LNHIMF_01670	1	persistent	2	0	0
PKJKAM_04576	contig_50	633940	634536	+	LNHIMF_01669	1	persistent	2	0	0
PKJKAM_04577	contig_50	634692	635360	+	LNHIMF_01668	1	persistent	2	0	0
PKJKAM_04578	contig_50	635414	636592	-	LNHIMF_01667	1	persistent	2	0	0
PKJKAM_04579	contig_50	636685	637221	+	GEGEGB_01600	1	persistent	2	0	0
PKJKAM_04580	contig_50	637300	639264	+	LNHIMF_01665	1	persistent	2	0	0
PKJKAM_04581	contig_50	639265	639495	-	GEGEGB_01598	1	persistent	1	1	1
PKJKAM_04582	contig_50	639769	640389	-	GEGEGB_01597	1	shell	1	1	0
PKJKAM_04583	contig_50	640386	640559	-	GEGEGB_01596	1	shell	1	1	0
PKJKAM_04584	contig_50	641256	641654	+	GEGEGB_01595	1	persistent	1	1	2
PKJKAM_04585	contig_50	642176	642946	+	LNHIMF_01661	1	persistent	2	0	0
PKJKAM_04586	contig_50	643082	644506	+	LNHIMF_01660	1	persistent	2	0	0
PKJKAM_04587	contig_50	644642	646066	+	LNHIMF_01659	1	persistent	3	0	0
PKJKAM_04588	contig_50	646465	646638	+	BEJGEH_01479	1	persistent	2	0	0
PKJKAM_04589	contig_50	646683	648827	-	LNHIMF_01657	1	persistent	3	0	0
PKJKAM_04590	contig_50	648824	651805	-	GEGEGB_01590	1	persistent	2	0	0
PKJKAM_04591	contig_50	651810	653135	-	HFCAGB_01692	1	persistent	2	0	0
PKJKAM_04592	contig_50	653359	653592	+	LNHIMF_01654	1	persistent	2	0	0
PKJKAM_04593	contig_50	653597	654046	-	GEGEGB_01587	1	persistent	2	0	0
PKJKAM_04594	contig_50	654046	654561	-	LNHIMF_01652	1	persistent	2	0	0
PKJKAM_04595	contig_50	654773	655810	+	LNHIMF_01651	1	persistent	2	0	0
PKJKAM_04596	contig_50	656144	656809	+	GEGEGB_01584	1	persistent	2	0	0
PKJKAM_04597	contig_50	656876	659041	-	LNHIMF_01649	1	persistent	2	0	0
PKJKAM_04598	contig_50	659260	660321	+	GEGEGB_01582	1	persistent	2	0	0
PKJKAM_04599	contig_50	660466	660687	+	GEGEGB_01581	1	persistent	2	0	0
PKJKAM_04600	contig_50	660764	662257	-	GEGEGB_01580	1	persistent	2	0	0
PKJKAM_04601	contig_50	662770	663402	+	LNHIMF_01645	1	persistent	2	0	0
PKJKAM_04602	contig_50	663686	664531	+	LNHIMF_01644	1	persistent	2	0	0
PKJKAM_04603	contig_50	664567	665460	-	GEGEGB_01577	1	persistent	3	0	0
PKJKAM_04604	contig_50	665566	666246	-	LNHIMF_01642	1	persistent	2	0	0
PKJKAM_04605	contig_50	666243	666938	-	BEJGEH_01496	1	persistent	3	0	0
PKJKAM_04606	contig_50	666938	668482	-	GEGEGB_01575	2	persistent	4	0	0
PKJKAM_04607	contig_50	668479	672219	-	BEJGEH_01498	1	persistent	2	0	0
PKJKAM_04608	contig_50	672311	673699	-	LNHIMF_01638	1	persistent	2	0	0
PKJKAM_04609	contig_50	673913	674491	-	AJBGEP_01662	1	persistent	2	0	0
PKJKAM_04610	contig_50	674609	676096	+	LNHIMF_01636	1	persistent	2	0	0
PKJKAM_04611	contig_50	676121	676561	-	LNHIMF_01635	1	persistent	3	0	0
PKJKAM_04612	contig_50	676645	677733	-	BEJGEH_01503	1	persistent	2	0	1
PKJKAM_04613	contig_50	678255	679136	-	BEJGEH_01507	1	persistent	2	0	1
PKJKAM_04614	contig_50	679414	682461	+	LNHIMF_01632	1	persistent	4	0	0
PKJKAM_04615	contig_50	682475	683359	+	LNHIMF_01631	1	persistent	2	0	0
PKJKAM_04616	contig_50	683352	684008	+	LNHIMF_01630	1	persistent	2	0	0
PKJKAM_04617	contig_50	684099	685109	-	GEGEGB_01568	1	persistent	3	0	0
PKJKAM_04618	contig_50	685395	687092	-	GEGEGB_01567	1	persistent	2	0	0
PKJKAM_04619	contig_50	687269	687412	-	GEGEGB_01566	1	persistent	2	0	0
PKJKAM_04620	contig_50	687507	687722	-	GEGEGB_01565	1	persistent	2	0	0
PKJKAM_04621	contig_50	688234	688665	+	GEGEGB_01564	1	persistent	2	0	1
PKJKAM_04622	contig_50	689015	689344	+	GEGEGB_01561	1	persistent	2	0	1
PKJKAM_04623	contig_50	689487	690272	+	LNHIMF_01621	1	persistent	2	0	0
PKJKAM_04624	contig_50	690401	692185	+	LNHIMF_01620	1	persistent	2	0	0
PKJKAM_04625	contig_50	692182	694710	+	LNHIMF_01619	1	persistent	2	0	0
PKJKAM_04626	contig_50	694767	696842	+	HFCAGB_01727	1	persistent	2	0	0
PKJKAM_04627	contig_50	696955	698157	-	PAPNPA_03909	1	persistent	2	0	0
PKJKAM_04628	contig_50	698170	699621	-	LNHIMF_01616	1	persistent	2	1	0
PKJKAM_04629	contig_50	699765	700745	-	LNHIMF_01615	1	persistent	1	1	3
PKJKAM_04630	contig_50	701033	701251	+	BEJGEH_01524	2	shell	2	0	5
PKJKAM_04631	contig_50	701362	702495	+	BEJGEH_01524	2	shell	2	0	5
PKJKAM_04632	contig_50	702797	703087	+	PKJKAM_04632	1	cloud	0	1	1
PKJKAM_04634	contig_50	703231	703473	+	PKJKAM_04634	1	cloud	1	0	1
PKJKAM_04635	contig_50	703363	703695	-	BEJGEH_01529	1	persistent	1	2	6
PKJKAM_04636	contig_50	704052	704300	+	LNHIMF_01606	1	persistent	2	0	2
PKJKAM_04637	contig_50	704290	704574	+	LNHIMF_01605	1	persistent	2	0	0
PKJKAM_04638	contig_50	704745	705134	+	BEJGEH_01535	1	persistent	2	0	0
PKJKAM_04639	contig_50	705186	706265	-	LNHIMF_01603	1	persistent	2	0	1
PKJKAM_04640	contig_50	706458	706946	-	LNHIMF_01602	1	persistent	2	0	0
PKJKAM_04641	contig_50	706991	708499	+	BEJGEH_01538	1	persistent	2	0	0
PKJKAM_04642	contig_50	708489	709730	+	LNHIMF_01600	1	persistent	2	0	0
PKJKAM_04643	contig_50	709800	711356	+	BEJGEH_01540	1	persistent	2	0	1
PKJKAM_04644	contig_50	711533	712819	+	LNHIMF_01598	1	persistent	2	0	0
PKJKAM_04645	contig_50	712794	713819	+	GEGEGB_01544	1	persistent	2	0	0
PKJKAM_04646	contig_50	713878	714549	-	GEGEGB_01543	1	persistent	2	0	0
PKJKAM_04647	contig_50	714715	715803	-	GEGEGB_01542	1	persistent	2	0	1
PKJKAM_04648	contig_50	716235	717338	+	LNHIMF_01594	1	persistent	2	0	1
PKJKAM_04649	contig_50	717341	719143	+	LNHIMF_01593	1	persistent	2	0	0
PKJKAM_04650	contig_50	719163	719837	+	GEGEGB_01538	1	persistent	2	0	0
PKJKAM_04651	contig_50	719843	720451	+	GEGEGB_01537	1	persistent	2	0	0
PKJKAM_04652	contig_50	720451	720750	+	LNHIMF_01590	1	persistent	2	0	0
PKJKAM_04653	contig_50	720747	721157	+	GEGEGB_01535	1	persistent	2	0	0
PKJKAM_04654	contig_50	721175	722236	+	LNHIMF_01588	1	persistent	2	0	0
PKJKAM_04655	contig_50	722224	723111	+	BEJGEH_01552	1	persistent	3	0	0
PKJKAM_04656	contig_50	723124	723465	+	LNHIMF_01586	1	persistent	2	0	0
PKJKAM_04657	contig_50	723606	724724	-	LNHIMF_01585	1	persistent	3	0	0
PKJKAM_04659	contig_50	725456	725983	+	LNHIMF_01583	1	persistent	2	0	0
PKJKAM_04660	contig_50	726039	726986	-	GEGEGB_01529	1	persistent	2	0	0
PKJKAM_04661	contig_50	727209	727568	-	BEJGEH_01558	1	persistent	2	0	0
PKJKAM_04662	contig_50	727568	728494	-	LNHIMF_01580	1	persistent	2	0	0
PKJKAM_04663	contig_50	728567	729955	-	LNHIMF_01579	1	persistent	2	0	0
PKJKAM_04664	contig_50	730058	730930	+	LNHIMF_01578	1	persistent	2	0	0
PKJKAM_04665	contig_50	731046	732236	+	GEGEGB_01524	1	persistent	2	0	0
PKJKAM_04666	contig_50	732283	732948	-	GEGEGB_01523	1	persistent	2	0	0
PKJKAM_04667	contig_50	733207	733641	+	GEGEGB_01522	1	persistent	2	0	0
PKJKAM_04668	contig_50	733661	734044	+	GEGEGB_01521	1	persistent	2	0	0
PKJKAM_04669	contig_50	734079	734288	+	GEGEGB_01520	1	persistent	2	0	0
PKJKAM_04670	contig_50	734407	735309	-	GEGEGB_01519	1	persistent	2	0	0
PKJKAM_04671	contig_50	735537	736724	+	LNHIMF_01571	1	persistent	2	0	0
PKJKAM_04672	contig_50	736972	737067	+	GEGEGB_01517	1	persistent	2	0	0
PKJKAM_04674	contig_50	737414	737806	-	LNHIMF_01568	1	persistent	2	0	0
PKJKAM_04675	contig_50	738233	738760	+	LNHIMF_01567	1	persistent	3	0	0
PKJKAM_04676	contig_50	738880	739062	-	GEGEGB_01513	3	persistent	6	0	0
PKJKAM_04677	contig_50	739406	741448	-	LNHIMF_01565	1	persistent	3	0	0
PKJKAM_04678	contig_50	741587	741877	+	GEGEGB_01511	2	persistent	2	0	0
PKJKAM_04679	contig_50	741922	742332	+	GEGEGB_01511	2	persistent	2	0	0
PKJKAM_04680	contig_50	742462	743148	+	GEGEGB_01510	1	persistent	2	0	0
PKJKAM_04681	contig_50	743329	743532	+	GEGEGB_01509	1	persistent	2	0	0
PKJKAM_04682	contig_50	743599	745065	-	BEJGEH_01578	1	persistent	2	0	0
PKJKAM_04683	contig_50	745209	746588	-	GEGEGB_01506	1	persistent	2	0	1
PKJKAM_04684	contig_50	746642	747661	-	GEGEGB_01505	1	persistent	2	0	1
PKJKAM_04685	contig_50	747672	748886	-	LNHIMF_01558	1	persistent	2	0	0
PKJKAM_04686	contig_50	749008	749343	-	LNHIMF_01557	1	persistent	2	0	0
PKJKAM_04687	contig_50	749487	749828	+	GEGEGB_01502	1	persistent	2	0	0
PKJKAM_04688	contig_50	749864	750424	+	LNHIMF_01555	1	persistent	2	0	0
PKJKAM_04689	contig_50	750465	751142	-	OEKLIE_00834	1	persistent	2	0	1
PKJKAM_04690	contig_50	751282	751587	+	LNHIMF_01553	1	persistent	2	0	0
PKJKAM_04691	contig_50	751744	754182	+	LNHIMF_01552	1	persistent	2	0	1
PKJKAM_04692	contig_50	754281	756716	+	AJBGEP_01578	1	persistent	2	0	0
PKJKAM_04693	contig_50	756727	757344	+	GEGEGB_01496	2	persistent	4	0	0
PKJKAM_04694	contig_50	757346	758203	+	LNHIMF_01549	1	persistent	2	0	0
PKJKAM_04695	contig_50	758246	758860	+	LNHIMF_01548	1	persistent	2	0	0
PKJKAM_04696	contig_50	759165	759875	+	GEGEGB_01493	1	persistent	2	0	0
PKJKAM_04697	contig_50	759904	760476	+	GEGEGB_01492	1	persistent	2	0	0
PKJKAM_04699	contig_50	760816	761463	+	GEGEGB_01491	1	persistent	2	0	0
PKJKAM_04700	contig_50	761463	762611	+	GEGEGB_01490	1	persistent	2	0	0
PKJKAM_04701	contig_50	762783	764036	+	LNHIMF_01543	1	persistent	2	0	0
PKJKAM_04702	contig_50	763992	764687	-	LNHIMF_01542	1	persistent	2	0	0
PKJKAM_04703	contig_50	764813	766033	-	LNHIMF_01541	1	persistent	2	0	0
PKJKAM_04704	contig_50	766161	767060	-	LNHIMF_01540	1	persistent	2	0	0
PKJKAM_04705	contig_50	767180	768433	+	GEGEGB_01485	1	persistent	2	1	0
PKJKAM_04706	contig_50	768828	769076	+	GEGEGB_01480	1	persistent	2	0	1
PKJKAM_04707	contig_50	769345	770166	+	GEGEGB_01479	1	persistent	2	0	0
PKJKAM_04708	contig_50	770206	770535	-	GEGEGB_01478	1	persistent	2	0	0
PKJKAM_04709	contig_50	770522	770884	-	GEGEGB_01477	1	persistent	2	0	0
PKJKAM_04710	contig_50	771302	772336	+	GEGEGB_01476	1	persistent	2	0	0
PKJKAM_04711	contig_50	772511	773899	-	GEGEGB_01475	1	persistent	2	0	0
PKJKAM_04712	contig_50	773910	775439	-	GEGEGB_01474	1	persistent	2	0	0
