gene	contig	start	stop	strand	family	nb_copy_in_genome	partition	persistent_neighbors	shell_neighbors	cloud_neighbors
ONMMKP_00001	contig_1	132	326	-	ONMMKP_00001	1	cloud	0	0	2
ONMMKP_00002	contig_1	598	921	+	ONMMKP_00002	1	cloud	0	0	2
ONMMKP_00003	contig_1	1170	1874	-	ONMMKP_00003	1	cloud	0	0	2
ONMMKP_00004	contig_1	1877	2011	-	ONMMKP_00004	1	cloud	0	0	2
ONMMKP_00006	contig_2	750	941	-	ONMMKP_00006	1	cloud	0	0	2
ONMMKP_00007	contig_2	973	1329	+	ONMMKP_00007	1	cloud	0	0	2
ONMMKP_00008	contig_2	2007	2525	+	ONMMKP_00008	1	cloud	0	0	2
ONMMKP_00009	contig_2	2532	2765	+	ONMMKP_00009	1	cloud	0	0	2
ONMMKP_00010	contig_2	3100	3984	-	ONMMKP_00010	1	cloud	0	0	2
ONMMKP_00011	contig_2	4020	4454	-	ONMMKP_00011	1	cloud	0	0	2
ONMMKP_00012	contig_2	4682	5494	-	ONMMKP_00012	1	cloud	0	0	2
ONMMKP_00014	contig_3	66	623	-	GEGEGB_02813	2	cloud	2	0	6
ONMMKP_00015	contig_3	653	1642	+	ONMMKP_04179	2	cloud	0	0	3
ONMMKP_00016	contig_3	1642	2229	+	ONMMKP_04180	2	cloud	0	0	4
ONMMKP_00017	contig_3	2233	2772	-	ONMMKP_04181	2	cloud	0	0	2
ONMMKP_00018	contig_3	2775	3692	-	ONMMKP_04182	2	cloud	0	0	2
ONMMKP_00019	contig_4	37	510	-	HFCAGB_02262	2	shell	0	3	4
ONMMKP_00020	contig_4	1024	1197	-	BEJGEH_02009	1	shell	1	2	0
ONMMKP_00021	contig_4	1407	3137	-	HFCAGB_02267	1	shell	0	2	0
ONMMKP_00022	contig_4	3194	5362	-	HFCAGB_02266	1	shell	0	2	2
ONMMKP_00023	contig_4	5705	6403	-	AJBGEP_02166	1	shell	0	2	2
ONMMKP_00025	contig_4	6879	7352	-	HFCAGB_02262	2	shell	0	3	4
ONMMKP_00028	contig_4	8661	9458	-	HFCAGB_02232	1	shell	2	1	4
ONMMKP_00030	contig_4	10227	10646	+	GEGEGB_00945	2	persistent	1	1	4
ONMMKP_00031	contig_4	10649	11917	+	LNHIMF_02074	2	persistent	3	1	1
ONMMKP_00032	contig_4	12372	12584	+	LNHIMF_02073	1	persistent	2	0	1
ONMMKP_00034	contig_4	13044	14222	-	LNHIMF_02071	1	persistent	2	0	0
ONMMKP_00036	contig_4	14872	15183	+	GEGEGB_00951	1	persistent	2	0	0
ONMMKP_00037	contig_4	15263	15958	+	LNHIMF_02068	1	persistent	2	0	0
ONMMKP_00038	contig_4	16032	17462	+	LNHIMF_02067	1	persistent	2	0	0
ONMMKP_00039	contig_4	17443	17913	+	GEGEGB_00954	1	persistent	2	0	0
ONMMKP_00040	contig_4	17902	18822	-	GEGEGB_00955	1	persistent	2	0	0
ONMMKP_00041	contig_4	18998	19909	+	BEJGEH_01078	1	persistent	2	0	0
ONMMKP_00042	contig_4	19986	20171	+	GEGEGB_00958	1	persistent	2	0	0
ONMMKP_00043	contig_4	20336	22048	+	GEGEGB_00959	1	persistent	2	0	0
ONMMKP_00044	contig_4	22027	22842	-	GEGEGB_00960	1	persistent	2	0	0
ONMMKP_00046	contig_4	23152	23379	-	GEGEGB_00962	1	persistent	2	0	0
ONMMKP_00047	contig_4	23508	23702	+	GEGEGB_00963	1	persistent	2	0	0
ONMMKP_00048	contig_4	23741	24364	-	LNHIMF_02057	1	persistent	2	0	0
ONMMKP_00049	contig_4	24646	25440	-	LNHIMF_02056	1	persistent	2	0	0
ONMMKP_00050	contig_4	25449	25718	-	GEGEGB_00966	1	persistent	2	0	0
ONMMKP_00051	contig_4	25728	26465	-	GEGEGB_00967	1	persistent	2	0	0
ONMMKP_00052	contig_4	26465	26842	-	GEGEGB_00968	1	persistent	2	0	0
ONMMKP_00053	contig_4	26842	27255	-	LNHIMF_02052	1	persistent	2	0	0
ONMMKP_00054	contig_4	27252	28256	-	GEGEGB_00970	1	persistent	2	0	0
ONMMKP_00055	contig_4	28261	28728	-	LNHIMF_02050	1	persistent	2	0	0
ONMMKP_00056	contig_4	28833	30056	-	LNHIMF_02049	1	persistent	2	0	0
ONMMKP_00057	contig_4	30053	30496	-	GEGEGB_00973	1	persistent	2	0	0
ONMMKP_00058	contig_4	30518	31888	-	LNHIMF_02047	1	persistent	2	0	0
ONMMKP_00059	contig_4	31888	32595	-	GEGEGB_00975	1	persistent	2	0	0
ONMMKP_00060	contig_4	32588	33583	-	GEGEGB_00976	1	persistent	2	0	0
ONMMKP_00061	contig_4	33576	35258	-	LNHIMF_02044	1	persistent	2	0	0
ONMMKP_00062	contig_4	35475	35789	+	LNHIMF_02043	1	persistent	2	1	0
ONMMKP_00063	contig_4	36561	36794	-	GEGEGB_00980	1	persistent	2	1	0
ONMMKP_00064	contig_4	36791	37996	-	LNHIMF_02041	1	persistent	2	0	0
ONMMKP_00065	contig_4	38182	38595	+	AJBGEP_02065	1	persistent	2	0	0
ONMMKP_00066	contig_4	38635	40119	-	LNHIMF_02039	1	persistent	2	0	0
ONMMKP_00067	contig_4	40191	40559	-	GEGEGB_00984	1	persistent	2	0	0
ONMMKP_00068	contig_4	40559	40966	-	LNHIMF_02037	1	persistent	2	0	1
ONMMKP_00069	contig_4	40981	42384	-	GEGEGB_00986	1	persistent	1	2	1
ONMMKP_00070	contig_4	42641	44122	+	ONMMKP_00070	1	shell	2	0	0
ONMMKP_00071	contig_4	44201	45406	+	LNHIMF_02034	1	persistent	1	3	2
ONMMKP_00072	contig_4	45603	46322	+	GEGEGB_00990	1	persistent	2	1	0
ONMMKP_00073	contig_4	46381	46932	+	GEGEGB_00991	1	persistent	2	0	0
ONMMKP_00074	contig_4	47079	47879	+	GEGEGB_00992	1	persistent	2	0	0
ONMMKP_00075	contig_4	48033	49019	+	LNHIMF_02030	1	persistent	2	0	0
ONMMKP_00076	contig_4	49040	49708	+	GEGEGB_00994	1	persistent	2	0	0
ONMMKP_00077	contig_4	49705	50457	+	GEGEGB_00995	1	persistent	2	0	0
ONMMKP_00078	contig_4	50690	51412	+	LNHIMF_02027	1	persistent	2	0	0
ONMMKP_00079	contig_4	51479	51703	-	GEGEGB_00997	1	persistent	2	1	0
ONMMKP_00080	contig_4	52027	52104	+	GEGEGB_00998	1	shell	2	0	0
ONMMKP_00081	contig_4	52167	52823	+	GEGEGB_00999	1	persistent	2	1	0
ONMMKP_00082	contig_4	52820	54652	+	GEGEGB_01000	1	persistent	2	0	0
ONMMKP_00083	contig_4	54709	55257	+	GEGEGB_01001	1	persistent	3	0	0
ONMMKP_00087	contig_4	56007	56291	+	LNHIMF_02018	1	persistent	2	0	1
ONMMKP_00088	contig_4	56511	57944	+	LNHIMF_02017	1	persistent	4	0	0
ONMMKP_00089	contig_4	58157	58483	+	LNHIMF_02016	1	persistent	2	0	0
ONMMKP_00091	contig_4	58722	59387	+	LNHIMF_02014	1	persistent	3	0	0
ONMMKP_00092	contig_4	59462	60730	-	GEGEGB_01009	1	persistent	2	0	0
ONMMKP_00093	contig_4	60900	61139	+	GEGEGB_01010	1	persistent	2	0	0
ONMMKP_00094	contig_4	61185	61682	-	GEGEGB_01011	1	persistent	2	0	0
ONMMKP_00095	contig_4	61922	62257	-	GEGEGB_01012	1	persistent	3	0	0
ONMMKP_00096	contig_4	62513	63151	+	LNHIMF_02009	1	persistent	2	0	0
ONMMKP_00097	contig_4	63330	63833	-	GEGEGB_01013	1	persistent	3	0	0
ONMMKP_00098	contig_4	64384	64941	+	BEJGEH_01135	1	persistent	2	0	1
ONMMKP_00099	contig_4	65476	66378	+	BEJGEH_01136	1	persistent	2	0	1
ONMMKP_00100	contig_4	66353	67774	+	GEGEGB_01016	1	persistent	2	0	0
ONMMKP_00101	contig_4	67792	68220	-	LNHIMF_02004	1	persistent	2	0	0
ONMMKP_00102	contig_4	69016	69357	+	GEGEGB_01018	1	persistent	2	0	0
ONMMKP_00103	contig_4	69360	69938	+	LNHIMF_02002	1	persistent	2	0	0
ONMMKP_00104	contig_4	70063	70950	+	LNHIMF_02001	1	persistent	2	0	0
ONMMKP_00105	contig_4	70947	71876	+	LNHIMF_02000	1	persistent	2	0	0
ONMMKP_00106	contig_4	71881	73896	+	GEGEGB_01022	1	persistent	2	0	0
ONMMKP_00107	contig_4	73917	74420	+	LNHIMF_01998	1	persistent	2	0	0
ONMMKP_00108	contig_4	74657	76318	+	LNHIMF_01997	1	persistent	2	0	0
ONMMKP_00109	contig_4	76479	77345	+	LNHIMF_01996	1	persistent	2	0	0
ONMMKP_00110	contig_4	77342	78391	+	GEGEGB_01026	1	persistent	2	0	0
ONMMKP_00111	contig_4	78409	78798	+	GEGEGB_01027	1	persistent	2	0	0
ONMMKP_00112	contig_4	78806	79453	+	LNHIMF_01993	1	persistent	2	0	1
ONMMKP_00113	contig_4	79361	79555	-	ODDLKH_02410	1	cloud	2	0	0
ONMMKP_00114	contig_4	79647	80798	+	GEGEGB_01029	1	persistent	2	0	1
ONMMKP_00115	contig_4	80791	82869	+	GEGEGB_01030	1	persistent	2	0	0
ONMMKP_00116	contig_4	82869	83261	+	GEGEGB_01031	1	persistent	2	0	0
ONMMKP_00117	contig_4	83498	84637	+	LNHIMF_01988	1	persistent	2	0	0
ONMMKP_00118	contig_4	84691	86562	-	LNHIMF_01987	1	persistent	2	0	0
ONMMKP_00119	contig_4	86751	88484	-	GEGEGB_01035	1	persistent	2	0	0
ONMMKP_00120	contig_4	88721	89290	+	LNHIMF_01985	1	persistent	2	0	0
ONMMKP_00121	contig_4	89310	90056	+	LNHIMF_01984	1	persistent	2	0	0
ONMMKP_00123	contig_4	90292	91263	-	GEGEGB_01039	1	persistent	2	0	0
ONMMKP_00124	contig_4	91260	92003	-	GEGEGB_01040	1	persistent	2	0	0
ONMMKP_00125	contig_4	92044	92439	-	GEGEGB_01041	1	persistent	2	0	0
ONMMKP_00126	contig_4	92492	93310	-	GEGEGB_01042	1	persistent	2	0	0
ONMMKP_00127	contig_4	93307	93873	-	GEGEGB_01043	1	persistent	2	0	0
ONMMKP_00128	contig_4	94198	95970	+	LNHIMF_01977	1	persistent	2	0	0
ONMMKP_00129	contig_4	96073	96525	+	GEGEGB_01045	1	persistent	2	0	0
ONMMKP_00130	contig_4	96555	97295	+	GEGEGB_01046	1	persistent	2	0	0
ONMMKP_00131	contig_4	97332	97853	+	GEGEGB_01047	1	persistent	2	0	1
ONMMKP_00132	contig_4	97884	99380	+	ONMMKP_00132	1	cloud	2	0	0
ONMMKP_00133	contig_4	99480	100076	-	LNHIMF_01973	1	persistent	2	1	3
ONMMKP_00134	contig_4	100285	100977	+	LNHIMF_01972	1	shell	2	0	1
ONMMKP_00135	contig_4	101337	101948	+	LNHIMF_01971	1	persistent	2	1	1
ONMMKP_00136	contig_4	101957	102967	+	GEGEGB_01051	1	persistent	2	0	1
ONMMKP_00137	contig_4	103046	103831	-	GEGEGB_01052	1	persistent	2	0	0
ONMMKP_00138	contig_4	103828	104583	-	LNHIMF_01968	1	persistent	2	0	0
ONMMKP_00139	contig_4	104605	105606	+	LNHIMF_01967	1	persistent	2	0	0
ONMMKP_00140	contig_4	105622	106941	+	LNHIMF_01966	1	persistent	2	0	1
ONMMKP_00141	contig_4	107058	108029	+	GEGEGB_01056	1	persistent	2	1	0
ONMMKP_00142	contig_4	108102	109544	-	GEGEGB_01057	1	persistent	2	1	0
ONMMKP_00143	contig_4	109668	110537	-	GEGEGB_01058	1	persistent	2	0	1
ONMMKP_00144	contig_4	110879	112354	+	LNHIMF_01962	1	persistent	2	0	0
ONMMKP_00145	contig_4	112589	114400	+	GEGEGB_01060	1	persistent	2	0	0
ONMMKP_00146	contig_4	114438	115079	+	LNHIMF_01960	1	persistent	2	0	0
ONMMKP_00147	contig_4	115179	116357	-	GEGEGB_01062	1	persistent	2	0	0
ONMMKP_00148	contig_4	116488	116778	+	GEGEGB_01063	1	persistent	2	0	0
ONMMKP_00149	contig_4	116846	117199	+	GEGEGB_01064	1	persistent	2	0	0
ONMMKP_00150	contig_4	117293	117952	+	LNHIMF_01956	1	persistent	2	0	0
ONMMKP_00151	contig_4	118165	120216	+	GEGEGB_01066	1	persistent	2	0	0
ONMMKP_00152	contig_4	120251	120949	-	GEGEGB_01067	1	persistent	2	0	0
ONMMKP_00153	contig_4	120973	121629	-	LNHIMF_01953	1	persistent	2	0	0
ONMMKP_00154	contig_4	121737	121967	-	GEGEGB_01069	1	persistent	2	0	0
ONMMKP_00155	contig_4	122105	122479	+	LNHIMF_01951	1	persistent	2	0	0
ONMMKP_00156	contig_4	122480	123355	+	LNHIMF_01950	1	persistent	2	0	0
ONMMKP_00157	contig_4	123372	123725	+	GEGEGB_01072	1	persistent	2	0	1
ONMMKP_00160	contig_4	124088	124357	-	PAPNPA_00762	2	persistent	1	1	8
ONMMKP_00161	contig_4	124372	124941	-	PAPNPA_00762	2	persistent	1	1	8
ONMMKP_00162	contig_4	125001	125654	-	ODDLKH_02363	1	shell	1	1	0
ONMMKP_00163	contig_4	125685	125915	+	AJBGEP_01966	1	shell	0	2	2
ONMMKP_00164	contig_4	125969	126502	+	AJBGEP_01965	1	shell	0	2	5
ONMMKP_00165	contig_4	126759	126926	-	LNHIMF_01943	1	shell	0	2	2
ONMMKP_00166	contig_4	127234	127725	+	IKCLMC_04289	1	shell	0	3	4
ONMMKP_00167	contig_4	127712	127891	+	LNHIMF_01941	1	shell	0	3	1
ONMMKP_00168	contig_4	127911	128312	+	HFCAGB_01376	1	shell	0	4	1
ONMMKP_00169	contig_4	128278	129060	+	IKCLMC_04291	2	cloud	0	4	0
ONMMKP_00170	contig_4	129195	129881	+	IKCLMC_04291	2	cloud	0	4	0
ONMMKP_00171	contig_4	129830	130330	+	AJBGEP_02770	2	shell	0	9	5
ONMMKP_00172	contig_4	131898	132020	+	BENMGJ_03766	1	shell	0	4	2
ONMMKP_00173	contig_4	132469	133083	-	LNHIMF_01935	1	shell	0	2	1
ONMMKP_00174	contig_4	133093	133251	-	GEGEGB_01081	1	shell	0	2	0
ONMMKP_00175	contig_4	133384	134298	-	AJBGEP_01956	1	shell	1	2	3
ONMMKP_00176	contig_4	135584	135952	-	AJBGEP_01955	1	shell	0	2	1
ONMMKP_00177	contig_4	136076	137284	+	ONMMKP_00177	1	cloud	1	1	2
ONMMKP_00178	contig_4	138378	138797	+	LNHIMF_01928	1	persistent	1	2	6
ONMMKP_00179	contig_4	139184	139660	-	LNHIMF_01927	1	persistent	2	0	2
ONMMKP_00180	contig_4	139990	140385	-	LNHIMF_01926	1	persistent	2	0	0
ONMMKP_00181	contig_4	141326	141790	+	BEJGEH_01210	1	persistent	2	0	0
ONMMKP_00182	contig_4	142075	142239	+	GEGEGB_01090	1	persistent	3	0	1
ONMMKP_00183	contig_4	142212	142445	+	HFCAGB_01423	1	persistent	2	0	0
ONMMKP_00184	contig_4	142463	143113	+	GEGEGB_01092	1	persistent	3	0	0
ONMMKP_00185	contig_4	143132	143323	-	GEGEGB_01093	1	persistent	2	0	1
ONMMKP_00186	contig_4	143434	143673	-	GEGEGB_01094	1	persistent	2	0	0
ONMMKP_00187	contig_4	143788	145329	-	LNHIMF_01920	1	persistent	2	0	0
ONMMKP_00188	contig_4	145305	147938	-	GEGEGB_01096	1	persistent	2	0	0
ONMMKP_00189	contig_4	147907	149190	-	LNHIMF_01918	1	persistent	2	0	0
ONMMKP_00190	contig_4	149247	149816	+	LNHIMF_01917	1	persistent	2	0	0
ONMMKP_00191	contig_4	149914	150600	+	GEGEGB_01099	1	persistent	2	0	0
ONMMKP_00192	contig_4	150620	152668	+	GEGEGB_01100	1	persistent	2	0	0
ONMMKP_00193	contig_4	152861	153742	+	GEGEGB_01101	1	persistent	2	0	0
ONMMKP_00194	contig_4	153790	155163	-	BEJGEH_01222	1	persistent	2	1	0
ONMMKP_00195	contig_4	155228	155335	+	BEJGEH_01223	1	shell	2	0	0
ONMMKP_00196	contig_4	155339	156130	+	LNHIMF_01912	1	persistent	2	1	0
ONMMKP_00197	contig_4	156342	156581	-	GEGEGB_01105	1	persistent	2	0	0
ONMMKP_00198	contig_4	156739	156882	+	GEGEGB_01106	1	persistent	2	0	0
ONMMKP_00199	contig_4	156953	157240	+	GEGEGB_01107	1	persistent	2	0	0
ONMMKP_00200	contig_4	158045	158254	+	GEGEGB_01108	2	persistent	4	0	0
ONMMKP_00201	contig_4	158474	160219	+	GEGEGB_01109	1	persistent	2	0	0
ONMMKP_00202	contig_4	160285	161094	+	LNHIMF_01906	1	persistent	2	0	0
ONMMKP_00203	contig_4	161091	161657	-	GEGEGB_01111	1	persistent	2	0	0
ONMMKP_00204	contig_4	162067	162525	-	GEGEGB_01112	1	persistent	2	0	0
ONMMKP_00205	contig_4	162584	163435	-	GEGEGB_01113	1	persistent	2	0	0
ONMMKP_00206	contig_4	163448	164248	-	GEGEGB_01114	1	persistent	2	0	0
ONMMKP_00207	contig_4	164301	165269	-	GEGEGB_01115	1	persistent	2	0	0
ONMMKP_00208	contig_4	165742	167301	+	LNHIMF_01900	1	persistent	2	0	0
ONMMKP_00209	contig_4	167323	168924	-	LNHIMF_01899	1	persistent	2	0	0
ONMMKP_00210	contig_4	169062	170426	-	GEGEGB_01118	1	persistent	2	0	0
ONMMKP_00211	contig_4	170690	171268	-	LNHIMF_01897	1	persistent	2	0	0
ONMMKP_00212	contig_4	171272	172636	-	GEGEGB_01120	1	persistent	2	0	0
ONMMKP_00213	contig_4	172717	172896	+	GEGEGB_01121	1	persistent	2	0	0
ONMMKP_00214	contig_4	172902	173246	-	LNHIMF_01894	1	persistent	2	0	0
ONMMKP_00215	contig_4	173378	175288	+	GEGEGB_01123	1	persistent	2	0	0
ONMMKP_00216	contig_4	175346	176041	+	GEGEGB_01124	1	persistent	2	0	0
ONMMKP_00217	contig_4	176113	176694	+	GEGEGB_01125	1	persistent	2	0	0
ONMMKP_00218	contig_4	176833	178584	+	GEGEGB_01126	1	persistent	2	1	0
ONMMKP_00220	contig_4	178669	179784	+	GEGEGB_01128	1	persistent	2	1	0
ONMMKP_00221	contig_4	179906	180172	-	GEGEGB_01129	1	persistent	2	0	0
ONMMKP_00222	contig_4	180176	180988	-	LNHIMF_01886	1	persistent	2	0	0
ONMMKP_00223	contig_4	181012	181719	-	GEGEGB_01131	1	persistent	2	0	0
ONMMKP_00224	contig_4	181845	182138	+	LNHIMF_01884	1	persistent	2	0	0
ONMMKP_00225	contig_4	182188	182847	+	GEGEGB_01133	1	persistent	2	0	0
ONMMKP_00226	contig_4	182940	183386	+	LNHIMF_01882	1	persistent	2	0	0
ONMMKP_00227	contig_4	183738	183875	+	GEGEGB_01135	1	persistent	2	0	0
ONMMKP_00228	contig_4	184067	184240	+	GEGEGB_01136	1	persistent	2	0	0
ONMMKP_00229	contig_4	184312	184653	-	GEGEGB_01137	1	persistent	2	0	0
ONMMKP_00230	contig_4	184762	185292	-	GEGEGB_01138	1	persistent	2	0	0
ONMMKP_00231	contig_4	185434	186978	-	GEGEGB_01139	1	persistent	2	0	0
ONMMKP_00232	contig_4	187198	187917	+	LNHIMF_01876	1	persistent	2	0	0
ONMMKP_00233	contig_4	187964	189496	-	GEGEGB_01141	1	persistent	2	0	0
ONMMKP_00234	contig_4	189819	191117	+	LNHIMF_01874	1	persistent	2	0	0
ONMMKP_00235	contig_4	191131	192201	+	LNHIMF_01873	1	persistent	2	0	0
ONMMKP_00236	contig_4	192263	193996	-	GEGEGB_01144	1	persistent	2	0	0
ONMMKP_00237	contig_4	194093	195007	-	GEGEGB_01145	1	persistent	2	0	0
ONMMKP_00238	contig_4	195178	195789	+	GEGEGB_01146	1	persistent	2	0	0
ONMMKP_00239	contig_4	195803	196537	-	LNHIMF_01869	1	persistent	2	0	0
ONMMKP_00240	contig_4	196706	196960	+	GEGEGB_01148	1	persistent	2	0	0
ONMMKP_00241	contig_4	197023	198735	-	LNHIMF_01867	1	persistent	2	0	0
ONMMKP_00242	contig_4	198949	200223	-	LNHIMF_01866	1	persistent	2	0	0
ONMMKP_00243	contig_4	200618	200707	-	GEGEGB_01153	1	persistent	2	0	0
ONMMKP_00244	contig_4	200720	201856	-	LNHIMF_01864	1	persistent	2	0	0
ONMMKP_00245	contig_4	201868	203412	-	LNHIMF_01863	1	persistent	2	0	0
ONMMKP_00246	contig_4	203487	204335	-	GEGEGB_01156	1	persistent	2	0	0
ONMMKP_00247	contig_4	204332	204736	-	GEGEGB_01157	1	persistent	2	0	0
ONMMKP_00248	contig_4	204726	205322	-	GEGEGB_01158	1	persistent	2	0	0
ONMMKP_00249	contig_4	205319	206050	-	LNHIMF_01859	1	persistent	2	0	0
ONMMKP_00250	contig_4	206069	207862	-	GEGEGB_01160	1	persistent	2	0	0
ONMMKP_00251	contig_4	207859	208977	-	LNHIMF_01857	1	persistent	2	0	1
ONMMKP_00252	contig_4	209472	210737	+	BEJGEH_01280	1	persistent	2	0	2
ONMMKP_00253	contig_4	210896	211987	-	GEGEGB_01164	1	persistent	2	0	2
ONMMKP_00254	contig_4	212104	212688	-	GEGEGB_01165	1	persistent	2	0	0
ONMMKP_00255	contig_4	212964	213242	+	LNHIMF_01852	1	persistent	2	0	0
ONMMKP_00256	contig_4	213287	214945	-	GEGEGB_01167	1	persistent	2	0	0
ONMMKP_00257	contig_4	215097	216044	-	GEGEGB_01168	1	persistent	2	0	0
ONMMKP_00258	contig_4	216250	217101	-	GEGEGB_01169	1	persistent	2	0	0
ONMMKP_00259	contig_4	217098	217721	-	LNHIMF_01848	1	persistent	2	0	0
ONMMKP_00260	contig_4	218035	219291	+	GEGEGB_01171	1	persistent	2	0	0
ONMMKP_00261	contig_4	219332	220414	+	GEGEGB_01172	1	persistent	2	0	0
ONMMKP_00262	contig_4	220414	221247	+	LNHIMF_01845	1	persistent	2	0	0
ONMMKP_00263	contig_4	221244	221633	+	GEGEGB_01174	1	persistent	2	0	0
ONMMKP_00264	contig_4	221637	222446	+	GEGEGB_01175	1	persistent	2	0	0
ONMMKP_00265	contig_4	222484	223338	+	GEGEGB_01176	1	persistent	2	1	0
ONMMKP_00266	contig_4	223392	224492	-	LNHIMF_01841	1	persistent	2	1	0
ONMMKP_00267	contig_4	224759	224989	+	GEGEGB_01777	1	persistent	2	0	0
ONMMKP_00268	contig_4	225069	225422	-	GEGEGB_01776	1	persistent	2	0	0
ONMMKP_00269	contig_4	225599	227023	+	PAPNPA_00575	1	persistent	2	0	0
ONMMKP_00270	contig_4	227024	227674	-	LNHIMF_01837	1	persistent	2	0	0
ONMMKP_00271	contig_4	227667	229463	-	LNHIMF_01836	1	persistent	2	0	0
ONMMKP_00272	contig_4	229804	231201	+	GEGEGB_01772	1	persistent	2	0	0
ONMMKP_00273	contig_4	231589	235332	+	GEGEGB_01771	1	persistent	2	0	0
ONMMKP_00274	contig_4	235329	236867	+	GEGEGB_01575	2	persistent	4	0	0
ONMMKP_00275	contig_4	236864	237574	+	LNHIMF_01832	1	persistent	2	0	0
ONMMKP_00276	contig_4	237574	238251	+	LNHIMF_01831	1	persistent	3	0	1
ONMMKP_00277	contig_4	238494	240023	+	BEJGEH_01307	1	persistent	2	0	0
ONMMKP_00280	contig_4	241536	242378	-	GEGEGB_01765	1	persistent	3	0	1
ONMMKP_00281	contig_4	242429	242887	-	BEJGEH_01311	1	persistent	2	0	0
ONMMKP_00282	contig_4	243007	243903	+	LNHIMF_01825	1	persistent	2	0	0
ONMMKP_00283	contig_4	243994	245007	+	GEGEGB_01762	1	persistent	2	0	0
ONMMKP_00284	contig_4	245210	246118	+	GEGEGB_01761	1	persistent	2	0	0
ONMMKP_00285	contig_4	246250	246663	-	GEGEGB_01760	1	persistent	2	0	0
ONMMKP_00286	contig_4	247326	247943	+	GEGEGB_01759	1	persistent	2	0	0
ONMMKP_00287	contig_4	248140	250818	-	GEGEGB_01758	1	persistent	3	0	1
ONMMKP_00288	contig_4	251295	251942	+	GEGEGB_01757	1	persistent	2	0	0
ONMMKP_00289	contig_4	252719	254350	+	BEJGEH_01319	1	persistent	2	0	0
ONMMKP_00290	contig_4	254473	255393	+	BEJGEH_01320	1	persistent	2	0	0
ONMMKP_00291	contig_4	255408	256316	+	LNHIMF_01816	1	persistent	2	0	0
ONMMKP_00292	contig_4	256328	257335	+	LNHIMF_01815	1	persistent	2	0	0
ONMMKP_00293	contig_4	257332	258336	+	GEGEGB_01751	1	persistent	2	0	0
ONMMKP_00294	contig_4	258384	259220	+	LNHIMF_01813	1	persistent	2	0	0
ONMMKP_00295	contig_4	259268	259597	-	GEGEGB_01749	1	persistent	2	0	0
ONMMKP_00296	contig_4	259631	261091	-	GEGEGB_01748	1	persistent	2	0	0
ONMMKP_00297	contig_4	261234	261407	+	GEGEGB_01747	1	persistent	2	0	0
ONMMKP_00298	contig_4	261451	261747	-	GEGEGB_01746	1	persistent	2	0	0
ONMMKP_00299	contig_4	261971	262699	+	LNHIMF_01808	1	persistent	2	0	0
ONMMKP_00300	contig_4	262759	263160	-	GEGEGB_01744	1	persistent	2	0	0
ONMMKP_00301	contig_4	263321	263860	-	GEGEGB_01743	1	persistent	2	0	0
ONMMKP_00302	contig_4	263917	264660	-	GEGEGB_01742	1	persistent	3	0	0
ONMMKP_00303	contig_4	264686	265090	-	GEGEGB_01741	1	persistent	2	0	0
ONMMKP_00304	contig_4	265428	266066	+	GEGEGB_01740	1	persistent	3	0	0
ONMMKP_00305	contig_4	266148	267026	-	LNHIMF_01802	1	persistent	2	0	0
ONMMKP_00306	contig_4	267046	267552	-	GEGEGB_01738	1	persistent	2	0	0
ONMMKP_00307	contig_4	267626	268129	-	GEGEGB_01737	1	persistent	2	0	0
ONMMKP_00308	contig_4	268219	268401	-	GEGEGB_01513	3	persistent	6	0	0
ONMMKP_00309	contig_4	268881	269687	-	GEGEGB_01735	1	persistent	2	0	0
ONMMKP_00310	contig_4	269687	270880	-	GEGEGB_01734	1	persistent	2	0	0
ONMMKP_00311	contig_4	270890	272248	-	GEGEGB_01733	1	persistent	2	0	0
ONMMKP_00312	contig_4	272252	273847	-	GEGEGB_01732	1	persistent	2	0	0
ONMMKP_00313	contig_4	273847	275409	-	LNHIMF_01794	1	persistent	2	0	0
ONMMKP_00314	contig_4	275504	275566	-	GEGEGB_01730	1	persistent	2	0	0
ONMMKP_00315	contig_4	275682	276551	+	GEGEGB_01729	1	persistent	2	0	0
ONMMKP_00316	contig_4	276559	277179	+	GEGEGB_01728	1	persistent	2	0	0
ONMMKP_00317	contig_4	277280	278155	+	GEGEGB_01727	1	persistent	2	0	0
ONMMKP_00318	contig_4	278242	278832	-	LNHIMF_01789	1	persistent	2	0	0
ONMMKP_00319	contig_4	278829	279590	-	GEGEGB_01725	1	persistent	2	0	0
ONMMKP_00320	contig_4	279828	280874	+	LNHIMF_01787	1	persistent	2	0	0
ONMMKP_00321	contig_4	280916	281167	-	GEGEGB_01723	1	persistent	2	0	0
ONMMKP_00322	contig_4	281570	284167	+	GEGEGB_01722	1	persistent	2	0	0
ONMMKP_00324	contig_4	284578	285552	+	GEGEGB_01720	1	persistent	2	0	0
ONMMKP_00325	contig_4	285845	285973	+	GEGEGB_01719	1	persistent	2	0	0
ONMMKP_00327	contig_4	286529	289204	+	LNHIMF_01780	1	persistent	2	0	0
ONMMKP_00328	contig_4	289260	289850	-	GEGEGB_01716	1	persistent	2	0	0
ONMMKP_00329	contig_4	290046	290810	+	GEGEGB_01715	1	persistent	2	0	0
ONMMKP_00330	contig_4	290960	291268	+	GEGEGB_01714	1	persistent	2	0	0
ONMMKP_00331	contig_4	291275	292444	+	GEGEGB_01713	1	persistent	2	0	0
ONMMKP_00332	contig_4	292635	293372	+	GEGEGB_01712	1	persistent	2	0	0
ONMMKP_00333	contig_4	293372	293698	+	GEGEGB_01711	1	persistent	2	0	0
ONMMKP_00334	contig_4	293818	294036	-	LNHIMF_01773	1	persistent	2	0	0
ONMMKP_00335	contig_4	294295	295017	-	GEGEGB_01709	1	persistent	2	0	0
ONMMKP_00336	contig_4	295134	295313	-	GEGEGB_01708	1	persistent	2	0	0
ONMMKP_00337	contig_4	295435	297417	-	LNHIMF_01770	1	persistent	2	0	0
ONMMKP_00338	contig_4	297679	299613	-	LNHIMF_01769	1	persistent	2	0	0
ONMMKP_00339	contig_4	299702	300835	-	BEJGEH_01368	1	persistent	2	0	0
ONMMKP_00340	contig_4	301035	301823	-	GEGEGB_01704	1	persistent	2	0	0
ONMMKP_00341	contig_4	302429	303802	+	HFCAGB_01582	1	persistent	2	0	0
ONMMKP_00342	contig_4	304269	304976	+	LNHIMF_01765	1	persistent	2	0	0
ONMMKP_00343	contig_4	304992	305798	-	LNHIMF_01764	1	persistent	2	0	0
ONMMKP_00344	contig_4	305800	306792	-	GEGEGB_01700	1	persistent	2	0	0
ONMMKP_00345	contig_4	306792	307682	-	GEGEGB_01699	1	persistent	2	0	2
ONMMKP_00346	contig_4	307669	308634	-	GEGEGB_01694	1	persistent	2	0	1
ONMMKP_00347	contig_4	308631	310280	-	LNHIMF_01756	1	persistent	2	0	0
ONMMKP_00348	contig_4	310392	311372	-	LNHIMF_01755	1	persistent	2	0	0
ONMMKP_00349	contig_4	311543	312211	+	GEGEGB_01691	1	persistent	2	0	0
ONMMKP_00350	contig_4	312271	312495	+	GEGEGB_01690	1	persistent	2	0	0
ONMMKP_00351	contig_4	312495	312854	+	LNHIMF_01752	1	persistent	2	0	1
ONMMKP_00352	contig_4	312877	313095	+	GEGEGB_01688	1	persistent	2	0	0
ONMMKP_00353	contig_4	313171	313485	+	GEGEGB_01687	1	persistent	2	0	1
ONMMKP_00354	contig_4	313634	315031	+	GEGEGB_01686	1	persistent	2	0	0
ONMMKP_00355	contig_4	315028	316089	+	LNHIMF_01748	1	persistent	2	0	0
ONMMKP_00356	contig_4	316237	317778	+	GEGEGB_01684	1	persistent	2	1	0
ONMMKP_00357	contig_4	317868	318374	-	LNHIMF_01746	1	persistent	2	1	1
ONMMKP_00358	contig_4	318490	319455	+	LNHIMF_01745	1	persistent	2	0	0
ONMMKP_00359	contig_4	319430	320158	-	GEGEGB_01678	1	persistent	2	0	0
ONMMKP_00360	contig_4	320348	321961	+	BEJGEH_01389	1	persistent	2	0	0
ONMMKP_00361	contig_4	322058	322987	-	LNHIMF_01742	1	persistent	2	0	0
ONMMKP_00362	contig_4	323106	324011	+	LNHIMF_01741	1	persistent	2	0	0
ONMMKP_00363	contig_4	324287	325156	+	ALJMDI_03500	1	persistent	2	0	0
ONMMKP_00364	contig_4	325247	325960	-	GEGEGB_01673	1	persistent	2	0	0
ONMMKP_00365	contig_4	326038	326628	+	GEGEGB_01672	1	persistent	2	0	0
ONMMKP_00366	contig_4	326757	326993	+	GEGEGB_01671	1	persistent	2	0	0
ONMMKP_00367	contig_4	327207	328262	-	BEJGEH_01396	1	persistent	2	0	0
ONMMKP_00368	contig_4	328709	329560	-	LNHIMF_01735	1	persistent	2	0	0
ONMMKP_00369	contig_4	329860	330705	+	LNHIMF_01734	1	persistent	2	0	0
ONMMKP_00370	contig_4	330780	332762	+	LNHIMF_01733	1	persistent	2	0	2
ONMMKP_00371	contig_4	332789	333613	+	BEJGEH_01400	1	persistent	2	0	0
ONMMKP_00372	contig_4	333751	334269	+	LNHIMF_01731	1	persistent	3	0	2
ONMMKP_00373	contig_4	334375	334713	-	GEGEGB_01664	1	persistent	2	0	0
ONMMKP_00374	contig_4	334741	335427	-	LNHIMF_01729	1	persistent	3	0	0
ONMMKP_00375	contig_4	335471	336073	+	GEGEGB_01662	1	persistent	2	0	0
ONMMKP_00376	contig_4	336155	337186	-	GEGEGB_01661	1	persistent	2	0	0
ONMMKP_00377	contig_4	337425	337679	+	GEGEGB_01660	1	persistent	2	0	0
ONMMKP_00378	contig_4	337734	338681	-	LNHIMF_01725	1	persistent	2	0	0
ONMMKP_00379	contig_4	338832	339584	-	LNHIMF_01724	1	persistent	2	0	0
ONMMKP_00380	contig_4	339780	340295	-	GEGEGB_01657	1	persistent	2	0	0
ONMMKP_00381	contig_4	340553	341116	+	LNHIMF_01722	1	persistent	2	0	0
ONMMKP_00382	contig_4	341509	342663	+	LNHIMF_01721	1	persistent	2	0	0
ONMMKP_00383	contig_4	342809	343792	+	LNHIMF_01720	1	persistent	2	0	0
ONMMKP_00385	contig_4	344279	345652	+	HFCAGB_01626	1	persistent	2	0	0
ONMMKP_00386	contig_4	345696	346631	-	GEGEGB_01650	1	persistent	2	0	2
ONMMKP_00387	contig_4	346987	347325	+	GEGEGB_01648	1	persistent	2	0	2
ONMMKP_00388	contig_4	347375	347809	-	GEGEGB_01647	1	persistent	2	0	1
ONMMKP_00390	contig_4	348291	351815	-	GEGEGB_01642	1	persistent	2	1	0
ONMMKP_00391	contig_4	352091	352357	+	GEGEGB_01641	1	persistent	2	0	0
ONMMKP_00392	contig_4	352401	352811	-	GEGEGB_01640	1	persistent	2	0	0
ONMMKP_00393	contig_4	352922	353911	-	GEGEGB_01639	1	persistent	2	0	0
ONMMKP_00394	contig_4	354151	356787	+	BEJGEH_01424	1	persistent	2	0	0
ONMMKP_00395	contig_4	356787	356978	+	GEGEGB_01636	1	persistent	2	0	0
ONMMKP_00396	contig_4	356986	357309	+	LNHIMF_01706	1	persistent	2	0	0
ONMMKP_00397	contig_4	357452	357901	+	GEGEGB_01634	1	persistent	2	0	0
ONMMKP_00398	contig_4	357898	358503	-	GEGEGB_01633	1	persistent	2	0	0
ONMMKP_00399	contig_4	358686	362606	+	LNHIMF_01703	1	persistent	2	0	0
ONMMKP_00400	contig_4	362670	363470	+	GEGEGB_01631	1	persistent	2	0	0
ONMMKP_00401	contig_4	363587	364117	+	LNHIMF_01701	1	persistent	2	0	0
ONMMKP_00403	contig_4	364388	365050	-	GEGEGB_01627	1	persistent	2	0	0
ONMMKP_00404	contig_4	365418	365513	+	GEGEGB_01626	1	persistent	2	0	0
ONMMKP_00405	contig_4	365514	367064	-	LNHIMF_01697	1	persistent	2	0	0
ONMMKP_00406	contig_4	367201	367881	-	GEGEGB_01624	1	persistent	2	0	0
ONMMKP_00407	contig_4	367878	368609	-	LNHIMF_01695	1	persistent	2	0	0
ONMMKP_00408	contig_4	368634	369266	-	ALJMDI_03455	1	persistent	2	0	0
ONMMKP_00409	contig_4	369288	370049	-	GEGEGB_01621	1	persistent	2	0	0
ONMMKP_00410	contig_4	370956	371300	+	LNHIMF_01692	1	persistent	3	0	0
ONMMKP_00411	contig_4	371421	372647	-	LNHIMF_01691	1	persistent	2	0	0
ONMMKP_00412	contig_4	373073	373789	+	LNHIMF_01690	1	persistent	3	0	0
ONMMKP_00413	contig_4	373954	374079	+	BEJGEH_01443	1	persistent	2	0	0
ONMMKP_00414	contig_4	374842	375117	+	LNHIMF_01689	1	persistent	3	0	0
ONMMKP_00415	contig_4	375149	376267	+	LNHIMF_01688	1	persistent	2	0	0
ONMMKP_00416	contig_4	376436	378061	+	LNHIMF_01687	1	persistent	2	0	0
ONMMKP_00417	contig_4	378122	379045	-	LNHIMF_01686	1	persistent	2	0	0
ONMMKP_00418	contig_4	379338	380681	+	LNHIMF_01685	1	persistent	3	0	0
ONMMKP_00419	contig_4	380730	382238	+	LNHIMF_01684	1	persistent	2	0	0
ONMMKP_00420	contig_4	382494	384113	+	GEGEGB_01617	1	persistent	2	0	0
ONMMKP_00421	contig_4	384318	384884	+	LNHIMF_01682	1	persistent	2	0	1
ONMMKP_00422	contig_4	385062	385781	-	ONMMKP_00422	1	cloud	1	0	1
ONMMKP_00423	contig_4	385872	386963	-	ONMMKP_00423	1	cloud	0	0	2
ONMMKP_00424	contig_4	386932	388293	-	ONMMKP_00424	1	cloud	0	0	2
ONMMKP_00425	contig_4	388377	389144	-	ONMMKP_00425	1	cloud	0	0	2
ONMMKP_00426	contig_4	389483	390736	+	ONMMKP_00426	1	cloud	1	0	1
ONMMKP_00427	contig_4	390877	391314	-	BEJGEH_01457	1	persistent	2	0	1
ONMMKP_00428	contig_4	391314	392105	-	GEGEGB_01613	1	persistent	2	0	0
ONMMKP_00429	contig_4	392121	392753	-	GEGEGB_01612	1	persistent	2	0	0
ONMMKP_00430	contig_4	392765	393202	-	GEGEGB_01611	1	persistent	2	0	0
ONMMKP_00431	contig_4	393334	394140	-	LNHIMF_01676	1	persistent	2	0	0
ONMMKP_00432	contig_4	394154	395467	-	GEGEGB_01609	1	persistent	2	0	0
ONMMKP_00433	contig_4	395478	395759	-	GEGEGB_01608	1	persistent	2	0	0
ONMMKP_00434	contig_4	395756	396874	-	LNHIMF_01673	1	persistent	2	0	0
ONMMKP_00435	contig_4	397091	397630	+	GEGEGB_01606	1	persistent	2	0	0
ONMMKP_00436	contig_4	397627	398607	-	LNHIMF_01671	1	persistent	2	0	0
ONMMKP_00437	contig_4	398714	399727	+	LNHIMF_01670	1	persistent	2	0	0
ONMMKP_00438	contig_4	399714	400310	+	LNHIMF_01669	1	persistent	2	0	0
ONMMKP_00439	contig_4	400466	401134	+	LNHIMF_01668	1	persistent	2	0	0
ONMMKP_00440	contig_4	401188	402366	-	LNHIMF_01667	1	persistent	2	0	0
ONMMKP_00441	contig_4	402458	402994	+	GEGEGB_01600	1	persistent	2	0	0
ONMMKP_00442	contig_4	403073	405037	+	LNHIMF_01665	1	persistent	2	0	0
ONMMKP_00443	contig_4	405038	405268	-	GEGEGB_01598	1	persistent	1	1	1
ONMMKP_00444	contig_4	405542	406162	-	GEGEGB_01597	1	shell	1	1	0
ONMMKP_00445	contig_4	406159	406332	-	GEGEGB_01596	1	shell	1	1	0
ONMMKP_00446	contig_4	407029	407427	+	GEGEGB_01595	1	persistent	1	1	2
ONMMKP_00447	contig_4	407950	408720	+	LNHIMF_01661	1	persistent	2	0	0
ONMMKP_00448	contig_4	408856	410280	+	LNHIMF_01660	1	persistent	2	0	0
ONMMKP_00449	contig_4	410416	411840	+	LNHIMF_01659	1	persistent	3	0	0
ONMMKP_00450	contig_4	412239	412412	+	BEJGEH_01479	1	persistent	2	0	0
ONMMKP_00451	contig_4	412457	414601	-	LNHIMF_01657	1	persistent	3	0	0
ONMMKP_00452	contig_4	414598	417579	-	GEGEGB_01590	1	persistent	2	0	0
ONMMKP_00453	contig_4	417584	418909	-	HFCAGB_01692	1	persistent	2	0	0
ONMMKP_00454	contig_4	419133	419366	+	LNHIMF_01654	1	persistent	2	0	0
ONMMKP_00455	contig_4	419371	419820	-	GEGEGB_01587	1	persistent	2	0	0
ONMMKP_00456	contig_4	419820	420335	-	LNHIMF_01652	1	persistent	2	0	0
ONMMKP_00457	contig_4	420547	421584	+	LNHIMF_01651	1	persistent	2	0	0
ONMMKP_00458	contig_4	421918	422583	+	GEGEGB_01584	1	persistent	2	0	0
ONMMKP_00459	contig_4	422639	424804	-	LNHIMF_01649	1	persistent	2	0	0
ONMMKP_00460	contig_4	425023	426084	+	GEGEGB_01582	1	persistent	2	0	0
ONMMKP_00461	contig_4	426262	426450	+	GEGEGB_01581	1	persistent	2	0	0
ONMMKP_00462	contig_4	426527	428020	-	GEGEGB_01580	1	persistent	2	0	0
ONMMKP_00463	contig_4	428533	429165	+	LNHIMF_01645	1	persistent	2	0	0
ONMMKP_00464	contig_4	429449	430294	+	LNHIMF_01644	1	persistent	2	0	0
ONMMKP_00465	contig_4	430330	431223	-	GEGEGB_01577	1	persistent	3	0	0
ONMMKP_00466	contig_4	431329	432009	-	LNHIMF_01642	1	persistent	2	0	0
ONMMKP_00467	contig_4	432006	432701	-	BEJGEH_01496	1	persistent	3	0	0
ONMMKP_00468	contig_4	432701	434245	-	GEGEGB_01575	2	persistent	4	0	0
ONMMKP_00469	contig_4	434242	437982	-	BEJGEH_01498	1	persistent	2	0	0
ONMMKP_00470	contig_4	438074	439462	-	LNHIMF_01638	1	persistent	2	0	0
ONMMKP_00471	contig_4	439676	440254	-	AJBGEP_01662	1	persistent	2	0	0
ONMMKP_00472	contig_4	440372	441859	+	LNHIMF_01636	1	persistent	2	0	0
ONMMKP_00473	contig_4	441884	442324	-	LNHIMF_01635	1	persistent	3	0	0
ONMMKP_00474	contig_4	442408	443496	-	BEJGEH_01503	1	persistent	2	0	1
ONMMKP_00475	contig_4	444020	444901	-	BEJGEH_01507	1	persistent	2	0	1
ONMMKP_00476	contig_4	445179	448226	+	LNHIMF_01632	1	persistent	4	0	0
ONMMKP_00477	contig_4	448240	449124	+	LNHIMF_01631	1	persistent	2	0	0
ONMMKP_00478	contig_4	449117	449773	+	LNHIMF_01630	1	persistent	2	0	0
ONMMKP_00479	contig_4	449864	450874	-	GEGEGB_01568	1	persistent	3	0	0
ONMMKP_00480	contig_4	451160	452857	-	GEGEGB_01567	1	persistent	2	0	0
ONMMKP_00481	contig_4	453034	453177	-	GEGEGB_01566	1	persistent	2	0	0
ONMMKP_00482	contig_4	453272	453487	-	GEGEGB_01565	1	persistent	2	0	0
ONMMKP_00483	contig_4	454000	454431	+	GEGEGB_01564	1	persistent	2	0	1
ONMMKP_00484	contig_4	454781	455110	+	GEGEGB_01561	1	persistent	2	0	1
ONMMKP_00485	contig_4	455253	456038	+	LNHIMF_01621	1	persistent	2	0	0
ONMMKP_00486	contig_4	456167	457951	+	LNHIMF_01620	1	persistent	2	0	0
ONMMKP_00487	contig_4	457948	460476	+	LNHIMF_01619	1	persistent	2	0	0
ONMMKP_00488	contig_4	460533	462608	+	HFCAGB_01727	1	persistent	2	0	0
ONMMKP_00489	contig_4	462722	463924	-	PAPNPA_03909	1	persistent	2	0	0
ONMMKP_00490	contig_4	463937	465388	-	LNHIMF_01616	1	persistent	2	1	0
ONMMKP_00491	contig_4	465532	466512	-	LNHIMF_01615	1	persistent	1	1	3
ONMMKP_00492	contig_4	466800	468263	+	BEJGEH_01524	1	shell	2	0	5
ONMMKP_00493	contig_4	468587	469735	+	ONMMKP_00493	1	cloud	0	1	1
ONMMKP_00495	contig_4	470022	470240	-	BEJGEH_01525	1	cloud	1	2	2
ONMMKP_00496	contig_4	471042	471425	+	AJBGEP_01638	1	shell	1	1	4
ONMMKP_00497	contig_4	471833	472762	-	AJBGEP_01637	1	shell	1	1	0
ONMMKP_00498	contig_4	473021	473353	-	BEJGEH_01529	1	persistent	1	2	6
ONMMKP_00499	contig_4	473710	473958	+	LNHIMF_01606	1	persistent	2	0	2
ONMMKP_00500	contig_4	473948	474232	+	LNHIMF_01605	1	persistent	2	0	0
ONMMKP_00501	contig_4	474292	474480	+	BEJGEH_01535	1	persistent	2	0	0
ONMMKP_00502	contig_4	474532	475611	-	LNHIMF_01603	1	persistent	2	0	1
ONMMKP_00503	contig_4	475804	476292	-	LNHIMF_01602	1	persistent	2	0	0
ONMMKP_00504	contig_4	476337	477845	+	BEJGEH_01538	1	persistent	2	0	0
ONMMKP_00505	contig_4	477835	479076	+	LNHIMF_01600	1	persistent	2	0	0
ONMMKP_00506	contig_4	479146	480702	+	BEJGEH_01540	1	persistent	2	0	1
ONMMKP_00507	contig_4	480879	482165	+	LNHIMF_01598	1	persistent	2	0	0
ONMMKP_00508	contig_4	482140	483165	+	GEGEGB_01544	1	persistent	2	0	0
ONMMKP_00509	contig_4	483224	483895	-	GEGEGB_01543	1	persistent	2	0	0
ONMMKP_00510	contig_4	484061	485149	-	GEGEGB_01542	1	persistent	2	0	1
ONMMKP_00511	contig_4	485580	486683	+	LNHIMF_01594	1	persistent	2	0	1
ONMMKP_00512	contig_4	486686	488488	+	LNHIMF_01593	1	persistent	2	0	0
ONMMKP_00513	contig_4	488508	489182	+	GEGEGB_01538	1	persistent	2	0	0
ONMMKP_00514	contig_4	489188	489796	+	GEGEGB_01537	1	persistent	2	0	0
ONMMKP_00515	contig_4	489796	490095	+	LNHIMF_01590	1	persistent	2	0	0
ONMMKP_00516	contig_4	490092	490502	+	GEGEGB_01535	1	persistent	2	0	0
ONMMKP_00517	contig_4	490520	491581	+	LNHIMF_01588	1	persistent	2	0	0
ONMMKP_00518	contig_4	491569	492456	+	BEJGEH_01552	1	persistent	3	0	0
ONMMKP_00519	contig_4	492469	492810	+	LNHIMF_01586	1	persistent	2	0	0
ONMMKP_00520	contig_4	492951	494069	-	LNHIMF_01585	1	persistent	3	0	0
ONMMKP_00521	contig_4	494801	495328	+	LNHIMF_01583	1	persistent	2	0	0
ONMMKP_00522	contig_4	495384	496331	-	GEGEGB_01529	1	persistent	2	0	0
ONMMKP_00523	contig_4	496554	496913	-	BEJGEH_01558	1	persistent	2	0	0
ONMMKP_00524	contig_4	496913	497839	-	LNHIMF_01580	1	persistent	2	0	0
ONMMKP_00525	contig_4	497912	499300	-	LNHIMF_01579	1	persistent	2	0	0
ONMMKP_00526	contig_4	499403	500275	+	LNHIMF_01578	1	persistent	2	0	0
ONMMKP_00527	contig_4	500391	501581	+	GEGEGB_01524	1	persistent	2	0	0
ONMMKP_00528	contig_4	501628	502293	-	GEGEGB_01523	1	persistent	2	0	0
ONMMKP_00529	contig_4	502552	502986	+	GEGEGB_01522	1	persistent	2	0	0
ONMMKP_00530	contig_4	503006	503389	+	GEGEGB_01521	1	persistent	2	0	0
ONMMKP_00531	contig_4	503424	503633	+	GEGEGB_01520	1	persistent	2	0	0
ONMMKP_00532	contig_4	503752	504654	-	GEGEGB_01519	1	persistent	2	0	0
ONMMKP_00533	contig_4	504882	506069	+	LNHIMF_01571	1	persistent	2	0	0
ONMMKP_00534	contig_4	506317	506412	+	GEGEGB_01517	1	persistent	2	0	0
ONMMKP_00536	contig_4	506760	507152	-	LNHIMF_01568	1	persistent	2	0	0
ONMMKP_00537	contig_4	507535	508062	+	LNHIMF_01567	1	persistent	3	0	0
ONMMKP_00538	contig_4	508182	508364	-	GEGEGB_01513	3	persistent	6	0	0
ONMMKP_00539	contig_4	508709	510751	-	LNHIMF_01565	1	persistent	3	0	0
ONMMKP_00540	contig_4	510890	511636	+	GEGEGB_01511	1	persistent	2	0	0
ONMMKP_00541	contig_4	511766	512452	+	GEGEGB_01510	1	persistent	2	0	0
ONMMKP_00542	contig_4	512633	512836	+	GEGEGB_01509	1	persistent	2	0	0
ONMMKP_00543	contig_4	512903	514369	-	BEJGEH_01578	1	persistent	2	0	0
ONMMKP_00544	contig_4	514513	515892	-	GEGEGB_01506	1	persistent	2	0	1
ONMMKP_00545	contig_4	515946	516965	-	GEGEGB_01505	1	persistent	2	0	1
ONMMKP_00546	contig_4	516976	518190	-	LNHIMF_01558	1	persistent	2	0	0
ONMMKP_00547	contig_4	518312	518647	-	LNHIMF_01557	1	persistent	2	0	0
ONMMKP_00548	contig_4	518791	519132	+	GEGEGB_01502	1	persistent	2	0	0
ONMMKP_00549	contig_4	519168	519728	+	LNHIMF_01555	1	persistent	2	0	0
ONMMKP_00550	contig_4	519769	520446	-	OEKLIE_00834	1	persistent	2	0	1
ONMMKP_00551	contig_4	520585	520890	+	LNHIMF_01553	1	persistent	2	0	0
ONMMKP_00552	contig_4	521047	523485	+	LNHIMF_01552	1	persistent	2	0	1
ONMMKP_00553	contig_4	523584	526019	+	AJBGEP_01578	1	persistent	2	0	0
ONMMKP_00554	contig_4	526030	526647	+	GEGEGB_01496	2	persistent	4	0	0
ONMMKP_00555	contig_4	526649	527503	+	LNHIMF_01549	1	persistent	2	0	0
ONMMKP_00556	contig_4	527546	528160	+	LNHIMF_01548	1	persistent	2	0	0
ONMMKP_00557	contig_4	528465	529175	+	GEGEGB_01493	1	persistent	2	0	0
ONMMKP_00558	contig_4	529204	530106	+	GEGEGB_01492	1	persistent	2	0	0
ONMMKP_00559	contig_4	530116	530763	+	GEGEGB_01491	1	persistent	2	0	0
ONMMKP_00560	contig_4	530763	531911	+	GEGEGB_01490	1	persistent	2	0	0
ONMMKP_00561	contig_4	532083	533336	+	LNHIMF_01543	1	persistent	2	0	0
ONMMKP_00562	contig_4	533292	533987	-	LNHIMF_01542	1	persistent	2	0	0
ONMMKP_00563	contig_4	534113	535333	-	LNHIMF_01541	1	persistent	2	0	0
ONMMKP_00564	contig_4	535461	536360	-	LNHIMF_01540	1	persistent	2	0	0
ONMMKP_00565	contig_4	536480	537733	+	GEGEGB_01485	1	persistent	2	1	0
ONMMKP_00566	contig_4	538128	538379	+	GEGEGB_01480	1	persistent	2	0	1
ONMMKP_00567	contig_4	538648	539469	+	GEGEGB_01479	1	persistent	2	0	0
ONMMKP_00568	contig_4	539504	539833	-	GEGEGB_01478	1	persistent	2	0	0
ONMMKP_00569	contig_4	539820	540182	-	GEGEGB_01477	1	persistent	2	0	0
ONMMKP_00570	contig_4	540600	541634	+	GEGEGB_01476	1	persistent	2	0	0
ONMMKP_00571	contig_4	541809	543197	-	GEGEGB_01475	1	persistent	2	0	0
ONMMKP_00572	contig_4	543208	544737	-	GEGEGB_01474	1	persistent	2	0	0
ONMMKP_00573	contig_4	545264	546208	+	LNHIMF_01531	1	persistent	2	0	2
ONMMKP_00574	contig_4	546507	547889	+	GEGEGB_01423	1	persistent	2	0	2
ONMMKP_00575	contig_4	547951	548286	-	GEGEGB_01422	1	persistent	2	0	0
ONMMKP_00576	contig_4	548413	549144	+	LNHIMF_01528	1	persistent	2	0	0
ONMMKP_00577	contig_4	549624	550775	+	LNHIMF_01527	1	persistent	2	0	0
ONMMKP_00578	contig_4	550934	552634	+	LNHIMF_01526	1	persistent	2	0	0
ONMMKP_00579	contig_4	552745	554046	+	LNHIMF_01525	1	persistent	2	0	1
ONMMKP_00580	contig_4	554122	555051	+	LNHIMF_01524	1	persistent	2	0	1
ONMMKP_00581	contig_4	555048	556451	-	LNHIMF_01523	1	persistent	2	0	0
ONMMKP_00582	contig_4	556619	558265	-	GEGEGB_01415	2	persistent	4	0	0
ONMMKP_00583	contig_4	558465	559640	+	GEGEGB_01414	1	persistent	2	0	0
ONMMKP_00584	contig_4	559743	561251	+	GEGEGB_01413	1	persistent	2	0	2
ONMMKP_00585	contig_4	561958	562959	+	GEGEGB_01411	1	persistent	2	0	2
ONMMKP_00586	contig_4	563033	564073	-	GEGEGB_01410	1	persistent	2	0	0
ONMMKP_00587	contig_4	564705	564920	+	GEGEGB_01409	1	persistent	2	0	0
ONMMKP_00588	contig_4	565009	565449	+	GEGEGB_01408	1	persistent	2	0	0
ONMMKP_00589	contig_4	565526	566107	+	GEGEGB_01407	1	persistent	2	0	0
ONMMKP_00590	contig_4	566107	566685	+	GEGEGB_01406	1	persistent	2	0	0
ONMMKP_00591	contig_4	566678	568885	+	BEJGEH_01628	1	persistent	2	0	0
ONMMKP_00592	contig_4	568886	569944	+	GEGEGB_01404	1	persistent	2	0	0
ONMMKP_00593	contig_4	569948	570568	+	GEGEGB_01403	1	persistent	2	0	0
ONMMKP_00594	contig_4	570571	571263	+	GEGEGB_01402	1	persistent	2	0	0
ONMMKP_00595	contig_4	571263	571898	+	LNHIMF_01506	1	persistent	2	0	0
ONMMKP_00596	contig_4	572500	574005	+	BEJGEH_01633	1	persistent	2	0	0
ONMMKP_00597	contig_4	574110	574715	+	LNHIMF_01504	1	persistent	2	0	0
ONMMKP_00598	contig_4	574774	575634	-	LNHIMF_01503	1	persistent	2	0	0
ONMMKP_00599	contig_4	575694	576968	-	GEGEGB_01397	1	persistent	2	0	0
ONMMKP_00600	contig_4	577095	577751	-	GEGEGB_01396	1	persistent	2	0	0
ONMMKP_00601	contig_4	577810	578172	-	LNHIMF_01500	1	persistent	2	0	0
ONMMKP_00602	contig_4	578227	579348	-	GEGEGB_01394	1	persistent	2	0	0
ONMMKP_00603	contig_4	579620	580087	+	GEGEGB_01393	1	persistent	2	0	0
ONMMKP_00604	contig_4	580135	580569	-	GEGEGB_01392	1	persistent	2	0	0
ONMMKP_00605	contig_4	580770	581006	+	GEGEGB_01391	1	persistent	2	0	0
ONMMKP_00606	contig_4	581009	581869	+	GEGEGB_01390	1	persistent	2	0	0
ONMMKP_00607	contig_4	581869	583908	+	LNHIMF_01494	1	persistent	2	0	0
ONMMKP_00608	contig_4	583884	584405	-	GEGEGB_01388	1	persistent	2	0	0
ONMMKP_00609	contig_4	584485	585381	-	GEGEGB_01387	1	persistent	3	0	0
ONMMKP_00610	contig_4	585432	585671	-	LNHIMF_01491	1	persistent	3	0	0
ONMMKP_00611	contig_4	585774	586373	+	GEGEGB_01386	1	persistent	3	0	0
ONMMKP_00612	contig_4	586432	587529	+	GEGEGB_01385	1	persistent	3	0	0
ONMMKP_00613	contig_4	587598	588005	+	GEGEGB_01384	1	persistent	2	0	0
ONMMKP_00614	contig_4	588106	588753	+	GEGEGB_01383	1	persistent	2	0	0
ONMMKP_00615	contig_4	588831	589178	-	GEGEGB_01382	1	persistent	2	0	0
ONMMKP_00616	contig_4	589513	590334	+	GEGEGB_01381	1	persistent	2	0	0
ONMMKP_00617	contig_4	590461	591042	+	GEGEGB_01380	1	persistent	2	0	0
ONMMKP_00619	contig_4	591125	591214	-	GEGEGB_01379	1	persistent	2	0	0
ONMMKP_00620	contig_4	591510	592535	+	GEGEGB_01377	1	persistent	2	0	0
ONMMKP_00621	contig_4	592532	593464	-	GEGEGB_01376	1	persistent	2	0	0
ONMMKP_00622	contig_4	593577	594782	+	LNHIMF_01479	1	persistent	2	0	0
ONMMKP_00623	contig_4	595072	596220	+	GEGEGB_01374	1	persistent	2	0	0
ONMMKP_00624	contig_4	596262	596903	-	GEGEGB_01373	1	persistent	2	0	0
ONMMKP_00625	contig_4	597120	598493	+	GEGEGB_01372	1	persistent	2	0	0
ONMMKP_00628	contig_4	598966	600024	-	GEGEGB_01369	1	persistent	2	0	0
ONMMKP_00629	contig_4	600021	600800	-	GEGEGB_01368	1	persistent	2	0	0
ONMMKP_00630	contig_4	600801	601067	-	GEGEGB_01367	1	persistent	2	0	0
ONMMKP_00631	contig_4	601064	601711	-	LNHIMF_01470	1	persistent	2	0	0
ONMMKP_00632	contig_4	601779	602747	-	LNHIMF_01469	1	persistent	2	0	0
ONMMKP_00633	contig_4	602728	603102	-	GEGEGB_01364	1	persistent	2	0	0
ONMMKP_00634	contig_4	603083	603514	-	LNHIMF_01467	1	persistent	2	0	0
ONMMKP_00635	contig_4	603463	604764	-	GEGEGB_01362	1	persistent	2	0	1
ONMMKP_00636	contig_4	604754	606799	-	LNHIMF_01465	1	persistent	2	0	1
ONMMKP_00637	contig_4	606784	607152	-	LNHIMF_01464	1	persistent	2	0	0
ONMMKP_00638	contig_4	607210	608202	-	LNHIMF_01463	1	persistent	2	0	0
ONMMKP_00639	contig_4	608192	608866	-	GEGEGB_01358	1	persistent	2	0	0
ONMMKP_00640	contig_4	608863	609114	-	GEGEGB_01357	1	persistent	2	0	0
ONMMKP_00641	contig_4	609429	610178	-	BEJGEH_01677	1	persistent	2	0	0
ONMMKP_00642	contig_4	610175	610438	-	LNHIMF_01459	1	persistent	2	0	0
ONMMKP_00643	contig_4	610435	610725	-	GEGEGB_01354	1	persistent	2	0	0
ONMMKP_00644	contig_4	610703	610918	-	GEGEGB_01353	1	persistent	2	0	0
ONMMKP_00645	contig_4	611012	611701	-	LNHIMF_01456	1	persistent	2	0	0
ONMMKP_00646	contig_4	611698	612480	-	HFCAGB_01878	1	persistent	2	0	0
ONMMKP_00647	contig_4	612496	612924	-	LNHIMF_01454	1	persistent	2	0	0
ONMMKP_00648	contig_4	612982	613398	-	GEGEGB_01349	1	persistent	2	0	0
ONMMKP_00649	contig_4	613401	613988	-	GEGEGB_01348	1	persistent	2	0	0
ONMMKP_00650	contig_4	614004	615458	-	LNHIMF_01451	1	persistent	2	0	0
ONMMKP_00651	contig_4	615461	615934	-	LNHIMF_01450	1	persistent	2	0	0
ONMMKP_00652	contig_4	615931	616521	-	GEGEGB_01345	1	persistent	2	0	0
ONMMKP_00653	contig_4	616528	616851	-	GEGEGB_01344	1	persistent	2	0	0
ONMMKP_00654	contig_4	617118	617360	-	GEGEGB_01343	1	persistent	2	0	0
ONMMKP_00655	contig_4	617368	618579	-	GEGEGB_01342	1	persistent	2	0	0
ONMMKP_00656	contig_4	618560	620053	-	LNHIMF_01445	1	persistent	2	0	0
ONMMKP_00657	contig_4	620055	620438	-	GEGEGB_01340	1	persistent	2	0	0
ONMMKP_00658	contig_4	620857	623619	+	LNHIMF_01443	1	persistent	2	0	0
ONMMKP_00659	contig_4	623650	624288	+	GEGEGB_01338	1	persistent	2	0	0
ONMMKP_00660	contig_4	624467	625195	+	GEGEGB_01337	1	persistent	2	0	0
ONMMKP_00661	contig_4	625368	626327	+	GEGEGB_01336	1	persistent	2	0	0
ONMMKP_00662	contig_4	626423	626635	-	GEGEGB_01335	1	persistent	2	0	0
ONMMKP_00663	contig_4	626733	627353	-	GEGEGB_01334	1	persistent	2	0	0
ONMMKP_00664	contig_4	627328	629106	-	GEGEGB_01333	1	persistent	2	0	0
ONMMKP_00665	contig_4	629288	630022	+	GEGEGB_01332	1	persistent	2	0	0
ONMMKP_00666	contig_4	630023	631045	+	LNHIMF_01435	1	persistent	2	0	0
ONMMKP_00667	contig_4	631038	634100	+	GEGEGB_01330	1	persistent	2	0	0
ONMMKP_00668	contig_4	634423	635649	+	BEJGEH_01704	1	persistent	2	0	0
ONMMKP_00669	contig_4	635661	636398	+	LNHIMF_01432	1	persistent	2	0	1
ONMMKP_00670	contig_4	636457	637350	+	BEJGEH_01706	1	persistent	2	0	0
ONMMKP_00671	contig_4	637372	638715	+	LNHIMF_01430	1	persistent	2	0	1
ONMMKP_00672	contig_4	639117	640529	+	GEGEGB_01324	1	persistent	2	0	0
ONMMKP_00673	contig_4	640840	641076	+	GEGEGB_01322	2	persistent	3	0	2
ONMMKP_00674	contig_4	641096	641401	+	PKJKAM_00840	1	cloud	2	0	0
ONMMKP_00675	contig_4	641482	641721	+	GEGEGB_01322	2	persistent	3	0	2
ONMMKP_00676	contig_4	641788	642789	-	LNHIMF_01426	1	persistent	2	0	3
ONMMKP_00677	contig_4	642944	643360	-	GEGEGB_01319	1	persistent	2	0	1
ONMMKP_00678	contig_4	643373	644593	-	GEGEGB_01318	1	persistent	2	0	0
ONMMKP_00679	contig_4	644590	645861	-	LNHIMF_01423	1	persistent	2	0	0
ONMMKP_00680	contig_4	645836	646582	-	LNHIMF_01422	1	persistent	2	0	0
ONMMKP_00681	contig_4	646599	648086	-	LNHIMF_01421	1	persistent	2	0	0
ONMMKP_00682	contig_4	648095	648463	-	GEGEGB_01314	1	persistent	2	0	0
ONMMKP_00683	contig_4	648894	650237	+	LNHIMF_01419	1	persistent	2	0	0
ONMMKP_00685	contig_4	650525	650713	-	LNHIMF_01417	1	persistent	2	0	0
ONMMKP_00686	contig_4	650812	651222	-	GEGEGB_01310	1	persistent	2	0	0
ONMMKP_00687	contig_4	651219	654275	-	LNHIMF_01415	1	persistent	2	0	0
ONMMKP_00688	contig_4	654540	655658	+	LNHIMF_01414	1	persistent	2	0	1
ONMMKP_00690	contig_4	656116	656475	+	LNHIMF_01412	1	persistent	2	0	0
ONMMKP_00691	contig_4	656616	657827	+	HFCAGB_01923	1	persistent	2	0	0
ONMMKP_00692	contig_4	658340	659575	+	LNHIMF_01410	1	persistent	2	0	0
ONMMKP_00693	contig_4	659642	660508	+	LNHIMF_01409	1	persistent	2	0	0
ONMMKP_00694	contig_4	660553	661311	+	LNHIMF_01408	1	persistent	2	0	0
ONMMKP_00695	contig_4	661465	663060	+	LNHIMF_01407	1	persistent	2	0	0
ONMMKP_00696	contig_4	663074	664225	+	LNHIMF_01406	1	persistent	2	0	0
ONMMKP_00697	contig_4	664301	665191	-	LNHIMF_01405	1	persistent	2	0	0
ONMMKP_00698	contig_4	665654	666418	+	LNHIMF_01404	1	persistent	2	0	0
ONMMKP_00699	contig_4	666440	667375	+	BEJGEH_01734	1	persistent	2	0	0
ONMMKP_00700	contig_4	667432	668718	+	BEJGEH_01735	1	persistent	2	0	0
ONMMKP_00701	contig_4	668715	669008	+	BEJGEH_01736	1	persistent	2	0	0
ONMMKP_00702	contig_4	669098	670738	+	LNHIMF_01400	1	persistent	2	0	0
ONMMKP_00703	contig_4	670780	673158	-	GEGEGB_01305	1	persistent	2	0	1
ONMMKP_00704	contig_4	673495	674328	+	GEGEGB_01304	1	persistent	2	0	0
ONMMKP_00705	contig_4	674484	675530	+	LNHIMF_01397	1	persistent	2	0	0
ONMMKP_00706	contig_4	675687	675878	+	GEGEGB_01302	1	persistent	2	0	0
ONMMKP_00707	contig_4	675913	677355	-	GEGEGB_01301	1	persistent	2	0	0
ONMMKP_00708	contig_4	677417	678130	-	IKCLMC_04832	1	persistent	2	0	0
ONMMKP_00709	contig_4	678444	678908	-	LNHIMF_01393	1	persistent	2	0	0
ONMMKP_00710	contig_4	678985	679734	-	GEGEGB_01298	1	persistent	2	0	0
ONMMKP_00711	contig_4	679734	680285	-	GEGEGB_01297	1	persistent	2	0	0
ONMMKP_00712	contig_4	680377	681357	-	LNHIMF_01390	1	persistent	2	0	0
ONMMKP_00714	contig_4	681560	681859	-	GEGEGB_01294	1	persistent	2	0	0
ONMMKP_00715	contig_4	681864	684251	-	LNHIMF_01387	1	persistent	2	0	0
ONMMKP_00716	contig_4	684267	685250	-	GEGEGB_01292	1	persistent	2	0	0
ONMMKP_00717	contig_4	685387	685431	-	GEGEGB_01291	1	persistent	2	0	0
ONMMKP_00718	contig_4	685552	685908	-	GEGEGB_01290	1	persistent	2	0	0
ONMMKP_00719	contig_4	685959	686156	-	GEGEGB_01289	1	persistent	2	0	0
ONMMKP_00720	contig_4	686252	686686	-	GEGEGB_01288	1	persistent	2	0	0
ONMMKP_00721	contig_4	686798	688726	-	GEGEGB_01287	1	persistent	3	2	0
ONMMKP_00722	contig_4	689058	690326	-	LNHIMF_02074	2	persistent	3	1	1
ONMMKP_00723	contig_4	690329	690748	-	GEGEGB_00945	2	persistent	1	1	4
ONMMKP_00724	contig_4	690985	692283	-	ONMMKP_00724	1	cloud	1	0	1
ONMMKP_00725	contig_4	692294	693253	-	ONMMKP_00725	1	cloud	0	0	3
ONMMKP_00726	contig_4	693262	696432	-	ONMMKP_00726	1	cloud	0	0	3
ONMMKP_00727	contig_4	696477	697031	-	ONMMKP_00727	1	cloud	0	0	2
ONMMKP_00728	contig_4	697130	697657	-	ONMMKP_00728	1	cloud	0	0	3
ONMMKP_00729	contig_4	697600	698319	-	ONMMKP_00729	1	cloud	0	0	2
ONMMKP_00730	contig_4	698319	699023	-	ONMMKP_00730	1	cloud	0	0	3
ONMMKP_00731	contig_4	699192	699404	+	ONMMKP_00731	1	cloud	0	0	2
ONMMKP_00732	contig_4	699370	699546	-	ONMMKP_00732	1	cloud	0	0	2
ONMMKP_00733	contig_4	699557	699904	-	ONMMKP_00733	1	cloud	0	0	4
ONMMKP_00734	contig_4	699997	700395	+	ONMMKP_00734	1	cloud	0	0	2
ONMMKP_00735	contig_4	700396	702579	-	ONMMKP_00735	1	cloud	0	0	2
ONMMKP_00736	contig_4	702639	702953	-	ONMMKP_00736	1	cloud	0	0	2
ONMMKP_00737	contig_4	702969	703304	-	ONMMKP_00737	1	cloud	0	0	2
ONMMKP_00738	contig_4	703684	704472	-	ONMMKP_00738	1	cloud	0	0	4
ONMMKP_00739	contig_4	704537	705403	-	ONMMKP_00739	1	cloud	0	0	2
ONMMKP_00740	contig_4	705393	705554	-	ONMMKP_00740	1	cloud	0	0	2
ONMMKP_00741	contig_4	705657	705992	+	LNHIMF_00620	1	cloud	0	0	4
ONMMKP_00742	contig_4	705998	706411	+	ONMMKP_00742	1	cloud	0	0	2
ONMMKP_00743	contig_4	706450	707178	-	ONMMKP_00743	1	cloud	0	0	3
ONMMKP_00744	contig_4	707400	708053	-	ONMMKP_00744	1	cloud	0	0	2
ONMMKP_00745	contig_4	708099	708836	-	ONMMKP_00745	1	cloud	0	0	2
ONMMKP_00746	contig_4	708852	709238	-	ONMMKP_00746	1	cloud	0	0	3
ONMMKP_00747	contig_4	709235	709630	-	ONMMKP_00747	1	cloud	0	0	2
ONMMKP_00748	contig_4	709638	710000	-	ONMMKP_00748	1	cloud	0	0	3
ONMMKP_00749	contig_4	709984	710172	-	LNHIMF_00611	1	cloud	0	0	2
ONMMKP_00750	contig_4	710172	710573	-	ONMMKP_00750	1	cloud	0	0	2
ONMMKP_00751	contig_4	710625	710804	-	ONMMKP_00751	1	cloud	0	0	2
ONMMKP_00752	contig_4	710814	711890	-	ONMMKP_00752	1	cloud	0	0	2
ONMMKP_00753	contig_4	711908	712357	-	ONMMKP_00753	1	cloud	0	0	3
ONMMKP_00754	contig_4	712370	713635	-	ONMMKP_00754	1	cloud	0	0	2
ONMMKP_00755	contig_4	713638	714564	-	ONMMKP_00755	1	cloud	0	0	2
ONMMKP_00756	contig_4	714524	715873	-	LNHIMF_00604	1	cloud	0	0	3
ONMMKP_00757	contig_4	716006	717325	-	ONMMKP_00757	1	cloud	0	0	2
ONMMKP_00758	contig_4	717309	717740	-	ONMMKP_00758	1	cloud	0	0	3
ONMMKP_00759	contig_4	718196	718717	-	ONMMKP_00759	1	cloud	0	0	2
ONMMKP_00760	contig_4	718972	719157	-	ONMMKP_00760	1	cloud	0	0	4
ONMMKP_00761	contig_4	719353	719448	-	LNHIMF_00598	1	cloud	0	0	3
ONMMKP_00762	contig_4	719445	719948	-	LNHIMF_00597	1	cloud	0	0	3
ONMMKP_00763	contig_4	719920	720123	-	ONMMKP_00763	1	cloud	0	0	3
ONMMKP_00766	contig_4	720660	721433	-	ONMMKP_00766	1	cloud	0	1	1
ONMMKP_00767	contig_4	721430	721609	-	LNHIMF_00593	1	shell	0	1	3
ONMMKP_00768	contig_4	721590	721793	-	LNHIMF_00592	1	shell	0	2	2
ONMMKP_00769	contig_4	721790	722014	-	BENMGJ_03952	1	shell	0	1	1
ONMMKP_00770	contig_4	722011	722616	-	ONMMKP_00770	1	cloud	0	1	1
ONMMKP_00771	contig_4	722609	722785	-	BENMGJ_03950	1	cloud	0	0	5
ONMMKP_00772	contig_4	722778	723155	-	ONMMKP_00772	1	cloud	0	0	2
ONMMKP_00773	contig_4	723471	723908	-	LNHIMF_00589	1	cloud	0	0	7
ONMMKP_00774	contig_4	723905	723985	-	HFCAGB_00610	1	cloud	0	0	5
ONMMKP_00775	contig_4	723985	725421	-	ONMMKP_00775	1	cloud	0	0	2
ONMMKP_00776	contig_4	725411	726301	-	ONMMKP_00776	1	cloud	0	0	2
ONMMKP_00777	contig_4	726288	726449	-	ONMMKP_00777	1	cloud	0	0	4
ONMMKP_00778	contig_4	726484	726762	-	ONMMKP_00778	1	cloud	0	0	4
ONMMKP_00779	contig_4	727250	727885	+	HFCAGB_00605	1	cloud	0	0	5
ONMMKP_00780	contig_4	728086	729129	+	ONMMKP_00780	1	cloud	0	0	2
ONMMKP_00781	contig_4	729168	729371	-	ONMMKP_00781	1	cloud	0	0	3
ONMMKP_00783	contig_4	729731	730069	+	PKJKAM_03167	1	cloud	0	0	5
ONMMKP_00784	contig_4	730079	730285	+	ONMMKP_00784	1	cloud	0	0	2
ONMMKP_00785	contig_4	730409	730609	+	HFCAGB_00601	1	cloud	0	0	7
ONMMKP_00786	contig_4	730646	731269	+	ONMMKP_00786	1	cloud	0	0	2
ONMMKP_00787	contig_4	731517	731675	+	ONMMKP_00787	1	cloud	0	0	2
ONMMKP_00788	contig_4	731656	731844	+	ONMMKP_00788	1	cloud	0	0	2
ONMMKP_00789	contig_4	731834	731977	+	ONMMKP_00789	1	cloud	0	0	4
ONMMKP_00790	contig_4	731974	732681	+	ONMMKP_00790	1	cloud	0	0	4
ONMMKP_00791	contig_4	732681	732965	+	ONMMKP_00791	1	cloud	0	0	4
ONMMKP_00792	contig_4	733012	733305	+	ONMMKP_00792	1	cloud	0	0	5
ONMMKP_00793	contig_4	733316	733486	+	HFCAGB_00591	1	cloud	0	0	7
ONMMKP_00794	contig_4	733483	734082	+	ONMMKP_00794	1	cloud	0	0	2
ONMMKP_00795	contig_4	734079	734195	+	ONMMKP_00795	1	cloud	0	0	6
ONMMKP_00796	contig_4	734192	734815	+	ONMMKP_00796	1	cloud	0	0	2
ONMMKP_00797	contig_4	735046	735339	+	LNHIMF_04274	1	cloud	0	0	6
ONMMKP_00798	contig_4	735336	736337	+	ONMMKP_00798	1	cloud	0	0	2
ONMMKP_00799	contig_4	736330	736614	+	AJBGEP_01261	1	cloud	0	0	8
ONMMKP_00800	contig_4	736690	736935	+	ONMMKP_00800	1	cloud	0	0	2
ONMMKP_00801	contig_4	736881	738092	-	ONMMKP_00801	1	cloud	1	0	1
ONMMKP_00802	contig_4	738502	739356	-	LNHIMF_01380	1	persistent	3	1	1
ONMMKP_00803	contig_4	739419	739667	-	GEGEGB_01283	1	persistent	2	0	0
ONMMKP_00804	contig_4	739809	740768	+	GEGEGB_01282	1	persistent	3	0	0
ONMMKP_00805	contig_4	740817	741575	-	GEGEGB_01281	1	persistent	2	0	0
ONMMKP_00806	contig_4	741864	742796	+	LNHIMF_01376	1	persistent	2	0	0
ONMMKP_00807	contig_4	742893	743183	+	GEGEGB_01279	1	persistent	2	0	0
ONMMKP_00808	contig_4	743290	744150	+	GEGEGB_01278	1	persistent	2	0	0
ONMMKP_00809	contig_4	744193	744729	-	GEGEGB_01277	1	persistent	2	0	0
ONMMKP_00810	contig_4	744878	745546	+	LNHIMF_01372	1	persistent	2	0	0
ONMMKP_00811	contig_4	745684	746283	+	LNHIMF_01371	1	persistent	2	0	0
ONMMKP_00812	contig_4	746420	747811	+	LNHIMF_01370	1	persistent	2	0	0
ONMMKP_00813	contig_4	747913	748155	-	GEGEGB_01273	1	persistent	2	0	0
ONMMKP_00814	contig_4	748372	750624	+	LNHIMF_01368	1	persistent	2	1	0
ONMMKP_00815	contig_4	750668	751426	-	LNHIMF_01367	1	persistent	2	1	0
ONMMKP_00816	contig_4	751439	752794	-	LNHIMF_01366	1	persistent	2	0	0
ONMMKP_00817	contig_4	752919	753758	-	GEGEGB_01267	1	persistent	2	0	0
ONMMKP_00818	contig_4	753772	754119	-	GEGEGB_01266	1	persistent	2	0	0
ONMMKP_00819	contig_4	754170	755528	-	GEGEGB_01265	1	persistent	2	0	1
ONMMKP_00820	contig_4	755611	755931	-	GEGEGB_01264	1	persistent	2	0	0
ONMMKP_00821	contig_4	756232	756573	-	GEGEGB_01263	1	persistent	2	0	1
ONMMKP_00822	contig_4	756792	757619	+	GEGEGB_01262	1	persistent	2	0	0
ONMMKP_00823	contig_4	757740	758621	+	GEGEGB_01261	1	persistent	2	0	0
ONMMKP_00824	contig_4	758696	759181	-	LNHIMF_01358	1	persistent	2	0	0
ONMMKP_00825	contig_4	759265	759480	-	GEGEGB_01259	1	persistent	2	0	0
ONMMKP_00826	contig_4	759517	760485	-	LNHIMF_01356	1	persistent	2	0	0
ONMMKP_00827	contig_4	760478	761821	-	GEGEGB_01257	1	persistent	2	0	0
ONMMKP_00828	contig_4	761818	763296	-	HFCAGB_01981	1	persistent	2	0	0
ONMMKP_00829	contig_4	763293	764327	-	LNHIMF_01353	1	persistent	2	0	0
ONMMKP_00830	contig_4	764318	765544	-	GEGEGB_01253	1	persistent	2	0	0
ONMMKP_00831	contig_4	765918	766796	+	GEGEGB_01252	1	persistent	2	0	0
ONMMKP_00832	contig_4	766869	767285	+	LNHIMF_01350	1	persistent	2	0	0
ONMMKP_00833	contig_4	767245	767520	-	LNHIMF_01349	1	persistent	2	0	0
ONMMKP_00834	contig_4	767759	769102	+	LNHIMF_01348	1	persistent	2	0	0
ONMMKP_00835	contig_4	769132	771081	-	GEGEGB_01248	1	persistent	2	0	0
ONMMKP_00836	contig_4	771086	772129	-	LNHIMF_01346	1	persistent	2	0	0
ONMMKP_00837	contig_4	772247	772798	-	GEGEGB_01246	1	persistent	2	0	0
ONMMKP_00838	contig_4	772972	774828	+	GEGEGB_01245	1	persistent	2	0	0
ONMMKP_00839	contig_4	774852	775940	+	LNHIMF_01343	1	persistent	2	0	0
ONMMKP_00840	contig_4	775967	776623	+	LNHIMF_01342	1	persistent	2	0	1
ONMMKP_00841	contig_4	776974	777252	-	GEGEGB_01242	1	persistent	2	0	2
ONMMKP_00842	contig_4	777294	777707	-	GEGEGB_01241	1	persistent	2	0	0
ONMMKP_00843	contig_4	778049	779044	+	GEGEGB_01240	1	persistent	2	0	2
ONMMKP_00844	contig_4	779373	780257	+	LNHIMF_01338	1	persistent	2	0	0
ONMMKP_00845	contig_4	780356	781204	-	GEGEGB_01237	1	persistent	2	0	0
ONMMKP_00846	contig_4	781310	782506	-	LNHIMF_01336	1	persistent	2	0	0
ONMMKP_00847	contig_4	782796	783542	-	GEGEGB_01235	1	persistent	2	0	0
ONMMKP_00848	contig_4	783969	785903	+	LNHIMF_01334	1	persistent	2	0	0
ONMMKP_00849	contig_4	786026	787312	+	PAPNPA_01180	1	persistent	2	0	3
ONMMKP_00850	contig_4	787462	787659	-	ONMMKP_00850	1	cloud	2	0	0
ONMMKP_00851	contig_4	787953	789446	+	LNHIMF_01331	1	persistent	2	0	3
ONMMKP_00852	contig_4	789487	790014	+	GEGEGB_01230	1	persistent	2	0	0
ONMMKP_00853	contig_4	790011	790112	-	BEJGEH_01808	1	persistent	2	0	0
ONMMKP_00854	contig_4	790318	790764	+	GEGEGB_01228	1	persistent	2	0	0
ONMMKP_00855	contig_4	790744	791538	-	LNHIMF_01327	1	persistent	2	0	0
ONMMKP_00856	contig_4	791639	792823	+	LNHIMF_01326	1	persistent	2	0	0
ONMMKP_00857	contig_4	792942	793289	+	GEGEGB_01225	1	persistent	2	0	0
ONMMKP_00858	contig_4	793275	793586	-	GEGEGB_01224	1	persistent	2	0	0
ONMMKP_00859	contig_4	793655	793906	-	GEGEGB_01223	1	persistent	2	1	0
ONMMKP_00860	contig_4	794339	794587	-	GEGEGB_01220	1	persistent	2	1	0
ONMMKP_00862	contig_4	794901	795542	-	LNHIMF_01320	1	persistent	2	0	0
ONMMKP_00863	contig_4	795772	795954	-	GEGEGB_01217	1	persistent	2	0	0
ONMMKP_00864	contig_4	795957	796319	-	GEGEGB_01216	1	persistent	2	0	0
ONMMKP_00865	contig_4	796492	797130	-	GEGEGB_01215	1	persistent	2	0	0
ONMMKP_00866	contig_4	797326	797871	-	LNHIMF_01316	1	persistent	2	0	0
ONMMKP_00867	contig_4	798188	798436	+	LNHIMF_01315	1	persistent	2	0	0
ONMMKP_00868	contig_4	798691	799539	-	LNHIMF_01314	1	persistent	2	0	0
ONMMKP_00869	contig_4	799608	800201	-	GEGEGB_01211	1	persistent	2	0	0
ONMMKP_00870	contig_4	800346	801134	-	LNHIMF_01312	1	persistent	2	0	0
ONMMKP_00871	contig_4	801243	801893	-	GEGEGB_01209	1	persistent	2	0	0
ONMMKP_00874	contig_4	802087	802413	-	GEGEGB_01206	1	persistent	2	0	0
ONMMKP_00875	contig_4	802607	803740	+	GEGEGB_01205	1	persistent	2	0	0
ONMMKP_00876	contig_4	803822	804412	-	HFCAGB_02036	1	persistent	2	0	0
ONMMKP_00877	contig_4	804406	805203	-	GEGEGB_01203	1	persistent	2	0	0
ONMMKP_00878	contig_4	805197	806009	-	GEGEGB_01202	1	persistent	2	0	0
ONMMKP_00879	contig_4	805999	806973	-	GEGEGB_01201	1	persistent	2	0	0
ONMMKP_00880	contig_4	806973	808559	-	LNHIMF_01302	1	persistent	2	0	0
ONMMKP_00881	contig_4	809289	809603	+	GEGEGB_01199	1	persistent	2	0	0
ONMMKP_00882	contig_4	809752	810282	+	GEGEGB_01198	1	persistent	2	0	0
ONMMKP_00883	contig_4	810365	811408	-	LNHIMF_01299	1	persistent	2	0	0
ONMMKP_00884	contig_4	811747	812214	-	GEGEGB_01196	1	persistent	2	0	0
ONMMKP_00885	contig_4	812533	812706	+	GEGEGB_01195	1	persistent	2	0	0
ONMMKP_00886	contig_4	813341	813685	+	LNHIMF_01296	1	persistent	2	0	0
ONMMKP_00889	contig_4	814907	815464	-	BEJGEH_01844	1	persistent	2	0	1
ONMMKP_00891	contig_4	816276	816539	+	HFCAGB_02052	1	persistent	2	0	2
ONMMKP_00892	contig_4	817299	817820	+	GEGEGB_01187	1	persistent	2	0	1
ONMMKP_00893	contig_4	818001	818240	+	LNHIMF_01289	1	persistent	1	1	2
ONMMKP_00895	contig_4	818730	819518	+	AJBGEP_01316	1	shell	1	1	0
ONMMKP_00896	contig_4	819840	820046	+	AJBGEP_01315	1	shell	1	1	1
ONMMKP_00897	contig_4	820509	821633	-	GEGEGB_01180	1	persistent	1	2	3
ONMMKP_00899	contig_4	822093	823343	-	GEGEGB_01781	1	persistent	2	1	1
ONMMKP_00900	contig_4	823443	824180	+	LNHIMF_01279	1	persistent	2	0	0
ONMMKP_00901	contig_4	824177	824506	+	GEGEGB_01783	1	persistent	2	0	0
ONMMKP_00902	contig_4	824518	824979	+	GEGEGB_01784	1	persistent	2	0	0
ONMMKP_00903	contig_4	825033	826139	+	GEGEGB_01785	1	persistent	2	0	0
ONMMKP_00904	contig_4	826226	826867	+	LNHIMF_01275	1	persistent	2	0	0
ONMMKP_00905	contig_4	826871	828241	+	BEJGEH_01862	1	persistent	2	0	0
ONMMKP_00906	contig_4	828365	829039	+	LNHIMF_01273	1	persistent	2	0	0
ONMMKP_00907	contig_4	829039	830502	+	GEGEGB_01789	1	persistent	2	0	0
ONMMKP_00908	contig_4	830583	831704	+	LNHIMF_01271	1	persistent	3	0	0
ONMMKP_00909	contig_4	831744	833078	-	HFCAGB_02070	1	persistent	2	1	0
ONMMKP_00910	contig_4	833082	834311	-	LNHIMF_01269	1	persistent	3	1	0
ONMMKP_00911	contig_4	834562	835698	+	LNHIMF_01268	1	persistent	2	0	0
ONMMKP_00912	contig_4	835682	836545	+	GEGEGB_01794	1	persistent	2	0	0
ONMMKP_00913	contig_4	836874	837884	+	LNHIMF_01266	1	persistent	2	0	0
ONMMKP_00914	contig_4	838200	838979	+	GEGEGB_01796	1	persistent	2	0	0
ONMMKP_00915	contig_4	839004	840050	+	GEGEGB_01797	1	persistent	2	0	0
ONMMKP_00916	contig_4	840132	840953	-	GEGEGB_01798	1	persistent	2	0	0
ONMMKP_00917	contig_4	840972	841883	-	GEGEGB_01799	1	persistent	2	0	0
ONMMKP_00918	contig_4	841912	843156	-	GEGEGB_01800	1	persistent	2	0	0
ONMMKP_00919	contig_4	843156	843857	-	GEGEGB_01801	1	persistent	2	0	0
ONMMKP_00920	contig_4	843850	845049	-	GEGEGB_01802	1	persistent	2	0	0
ONMMKP_00921	contig_4	845387	848833	+	BEJGEH_01878	1	persistent	2	0	0
ONMMKP_00922	contig_4	848981	849946	+	LNHIMF_01257	1	persistent	2	0	0
ONMMKP_00923	contig_4	850043	850300	-	GEGEGB_01805	1	persistent	2	0	0
ONMMKP_00924	contig_4	850542	851177	+	LNHIMF_01255	1	persistent	2	0	0
ONMMKP_00925	contig_4	851251	851790	-	GEGEGB_01807	1	persistent	2	0	1
ONMMKP_00926	contig_4	851969	853273	-	GEGEGB_01809	1	persistent	2	0	1
ONMMKP_00927	contig_4	853528	854070	-	GEGEGB_01810	1	persistent	2	0	0
ONMMKP_00928	contig_4	854095	855120	-	GEGEGB_01811	1	persistent	2	0	0
ONMMKP_00929	contig_4	855131	855955	-	GEGEGB_01812	1	persistent	2	0	0
ONMMKP_00930	contig_4	855936	856574	-	LNHIMF_01249	1	persistent	2	0	0
ONMMKP_00931	contig_4	856588	856962	-	GEGEGB_01814	1	persistent	2	0	0
ONMMKP_00932	contig_4	856965	857342	-	GEGEGB_01815	1	persistent	2	0	0
ONMMKP_00933	contig_4	857666	859840	+	BEJGEH_01890	1	persistent	2	0	0
ONMMKP_00934	contig_4	859925	861358	-	GEGEGB_01818	1	persistent	2	0	0
ONMMKP_00935	contig_4	861653	862450	-	GEGEGB_01819	1	persistent	2	0	0
ONMMKP_00936	contig_4	862461	863465	-	GEGEGB_01820	1	persistent	2	0	0
ONMMKP_00937	contig_4	863462	864103	-	GEGEGB_01821	1	persistent	2	0	0
ONMMKP_00938	contig_4	864093	865115	-	BEJGEH_01895	1	persistent	2	0	0
ONMMKP_00939	contig_4	865118	865927	-	GEGEGB_01823	1	persistent	2	0	1
ONMMKP_00940	contig_4	866051	867292	-	LNHIMF_01233	1	persistent	2	0	1
ONMMKP_00941	contig_4	867378	867614	-	GEGEGB_01825	1	persistent	2	0	0
ONMMKP_00942	contig_4	867770	868504	-	GEGEGB_01826	1	persistent	2	0	0
ONMMKP_00943	contig_4	868517	869446	-	GEGEGB_01827	1	persistent	2	0	0
ONMMKP_00944	contig_4	869462	870415	-	LNHIMF_01229	1	persistent	2	0	0
ONMMKP_00945	contig_4	870495	871544	-	GEGEGB_01829	1	persistent	2	0	0
ONMMKP_00946	contig_4	871708	871881	-	GEGEGB_01830	1	persistent	2	0	0
ONMMKP_00947	contig_4	871933	872454	-	GEGEGB_01831	1	persistent	2	0	0
ONMMKP_00949	contig_4	872652	873236	+	LNHIMF_01224	1	persistent	4	0	0
ONMMKP_00950	contig_4	873308	873532	-	LNHIMF_01223	1	persistent	2	0	0
ONMMKP_00951	contig_4	873737	874498	-	BEJGEH_01907	1	persistent	3	0	0
ONMMKP_00952	contig_4	874636	875679	-	LNHIMF_01221	1	persistent	3	0	0
ONMMKP_00953	contig_4	876169	879375	+	ONMMKP_00953	1	persistent	2	1	1
ONMMKP_00954	contig_4	879632	880585	-	LNHIMF_01219	1	persistent	2	1	0
ONMMKP_00955	contig_4	880600	882261	-	GEGEGB_01839	1	persistent	2	0	0
ONMMKP_00956	contig_4	882326	883276	-	GEGEGB_01840	1	persistent	2	0	0
ONMMKP_00957	contig_4	883276	884373	-	GEGEGB_01841	1	persistent	2	0	0
ONMMKP_00958	contig_4	884385	885050	-	GEGEGB_01842	1	persistent	2	0	0
ONMMKP_00959	contig_4	885138	885920	-	GEGEGB_01843	1	persistent	2	0	0
ONMMKP_00960	contig_4	885934	886689	-	LNHIMF_01213	1	persistent	2	0	0
ONMMKP_00961	contig_4	886710	887921	-	GEGEGB_01845	1	persistent	2	0	0
ONMMKP_00962	contig_4	887948	888646	-	GEGEGB_01846	1	persistent	2	0	0
ONMMKP_00963	contig_4	888658	889062	-	GEGEGB_01847	1	persistent	2	0	0
ONMMKP_00964	contig_4	889066	889482	-	LNHIMF_01209	1	persistent	2	0	0
ONMMKP_00965	contig_4	889639	890298	+	GEGEGB_01849	1	persistent	2	0	0
ONMMKP_00966	contig_4	890390	890683	+	LNHIMF_01207	1	persistent	2	0	0
ONMMKP_00967	contig_4	890688	891110	+	GEGEGB_01851	1	persistent	2	0	0
ONMMKP_00968	contig_4	891192	892766	-	LNHIMF_01205	1	persistent	2	0	0
ONMMKP_00969	contig_4	893031	893954	-	LNHIMF_01204	1	persistent	2	0	0
ONMMKP_00970	contig_4	893956	894603	-	GEGEGB_01854	1	persistent	2	0	0
ONMMKP_00971	contig_4	894639	895223	-	LNHIMF_01202	1	persistent	2	0	0
ONMMKP_00972	contig_4	895460	896668	+	LNHIMF_01201	1	persistent	2	0	0
ONMMKP_00973	contig_4	896732	897379	+	GEGEGB_01857	1	persistent	2	0	0
ONMMKP_00974	contig_4	897504	898064	+	LNHIMF_01199	1	persistent	2	0	0
ONMMKP_00975	contig_4	898169	899215	+	LNHIMF_01198	1	persistent	2	0	0
ONMMKP_00976	contig_4	899289	899534	+	LNHIMF_01197	1	persistent	2	0	0
ONMMKP_00977	contig_4	899824	900078	+	LNHIMF_01196	1	persistent	2	0	0
ONMMKP_00978	contig_4	900191	901309	+	LNHIMF_01195	1	persistent	2	0	0
ONMMKP_00979	contig_4	901350	901463	+	GEGEGB_01863	1	persistent	2	0	0
ONMMKP_00980	contig_4	901726	902298	+	BEJGEH_01936	1	persistent	2	0	0
ONMMKP_00981	contig_4	902295	902870	+	GEGEGB_01865	1	persistent	2	0	0
ONMMKP_00982	contig_4	902922	903974	-	LNHIMF_01191	1	persistent	2	0	0
ONMMKP_00983	contig_4	904194	905114	+	LNHIMF_01190	1	persistent	2	0	0
ONMMKP_00984	contig_4	905269	906483	+	GEGEGB_01868	1	persistent	2	0	0
ONMMKP_00985	contig_4	906565	906939	+	GEGEGB_01869	1	persistent	2	0	0
ONMMKP_00986	contig_4	906940	907167	-	GEGEGB_01870	1	persistent	2	0	0
ONMMKP_00987	contig_4	907241	909784	-	LNHIMF_01186	1	persistent	2	0	0
ONMMKP_00988	contig_4	909777	911330	-	GEGEGB_01872	1	persistent	2	0	0
ONMMKP_00989	contig_4	911584	912738	+	GEGEGB_01873	1	persistent	2	0	0
ONMMKP_00990	contig_4	912755	914239	-	GEGEGB_01874	1	persistent	2	0	0
ONMMKP_00991	contig_4	914178	914717	-	GEGEGB_01875	1	persistent	2	0	0
ONMMKP_00992	contig_4	914804	915124	-	GEGEGB_01876	1	persistent	2	0	0
ONMMKP_00993	contig_4	915255	915581	-	BEJGEH_01949	1	persistent	2	0	0
ONMMKP_00994	contig_4	915643	916098	-	GEGEGB_01878	1	persistent	2	0	0
ONMMKP_00995	contig_4	916140	916595	-	LNHIMF_01178	1	persistent	2	0	0
ONMMKP_00997	contig_4	917350	918000	+	LNHIMF_01176	1	persistent	2	0	0
ONMMKP_00998	contig_4	918005	918400	+	GEGEGB_01882	1	persistent	2	0	0
ONMMKP_00999	contig_4	918427	918843	+	GEGEGB_01883	1	persistent	2	0	0
ONMMKP_01000	contig_4	918870	919703	+	GEGEGB_01884	1	persistent	2	0	0
ONMMKP_01001	contig_4	919742	920236	-	GEGEGB_01885	1	persistent	2	0	0
ONMMKP_01002	contig_4	920325	920879	-	GEGEGB_01886	1	persistent	2	0	0
ONMMKP_01003	contig_4	920903	921640	-	GEGEGB_01887	1	persistent	2	0	0
ONMMKP_01004	contig_4	921725	922663	-	LNHIMF_01169	1	persistent	2	1	1
ONMMKP_01006	contig_4	923321	924424	-	GEGEGB_01890	1	persistent	2	0	1
ONMMKP_01007	contig_4	924438	925718	-	LNHIMF_01166	1	persistent	2	0	0
ONMMKP_01008	contig_4	926001	926693	-	LNHIMF_01165	1	persistent	2	0	0
ONMMKP_01009	contig_4	926739	927887	-	GEGEGB_01893	1	persistent	2	0	0
ONMMKP_01010	contig_4	928405	929085	+	GEGEGB_01894	1	persistent	2	0	1
ONMMKP_01011	contig_4	929422	930918	+	HFCAGB_01177	1	persistent	2	0	1
ONMMKP_01013	contig_4	931204	932085	+	GEGEGB_01898	1	persistent	2	0	0
ONMMKP_01014	contig_4	932191	932979	-	GEGEGB_01899	1	persistent	2	0	2
ONMMKP_01016	contig_4	932958	933254	-	LNHIMF_01157	1	persistent	2	0	0
ONMMKP_01017	contig_4	933872	935380	-	GEGEGB_01902	1	persistent	2	0	1
ONMMKP_01018	contig_4	935802	939764	+	LNHIMF_01155	1	persistent	3	0	0
ONMMKP_01019	contig_4	939823	940218	+	GEGEGB_01904	1	persistent	2	0	0
ONMMKP_01020	contig_4	940215	940853	-	LNHIMF_01153	1	persistent	2	0	0
ONMMKP_01021	contig_4	940990	941157	-	GEGEGB_01513	3	persistent	6	0	0
ONMMKP_01022	contig_4	941542	942138	+	LNHIMF_01151	1	persistent	2	0	0
ONMMKP_01023	contig_4	942159	942386	+	GEGEGB_01908	1	persistent	2	0	0
ONMMKP_01024	contig_4	942420	943661	-	LNHIMF_01149	1	persistent	2	0	0
ONMMKP_01025	contig_4	943794	944300	-	LNHIMF_01148	1	persistent	2	0	0
ONMMKP_01026	contig_4	944290	944913	-	LNHIMF_01147	1	persistent	2	0	0
ONMMKP_01027	contig_4	944910	946796	-	LNHIMF_01146	1	persistent	2	0	0
ONMMKP_01028	contig_4	946845	947207	-	LNHIMF_01145	1	persistent	2	0	0
ONMMKP_01029	contig_4	947443	948363	+	GEGEGB_01914	1	persistent	2	0	0
ONMMKP_01030	contig_4	948363	948668	+	GEGEGB_01915	1	persistent	3	0	0
ONMMKP_01031	contig_4	949322	949684	+	LNHIMF_01142	1	persistent	2	0	0
ONMMKP_01032	contig_4	950092	951030	-	GEGEGB_01916	1	persistent	3	0	0
ONMMKP_01033	contig_4	951044	951940	-	LNHIMF_01140	1	persistent	2	0	0
ONMMKP_01034	contig_4	951950	953326	-	LNHIMF_01139	1	persistent	2	0	0
ONMMKP_01035	contig_4	953398	954189	-	GEGEGB_01919	1	persistent	2	0	0
ONMMKP_01036	contig_4	954200	955003	-	GEGEGB_01920	1	persistent	2	0	0
ONMMKP_01037	contig_4	955148	955528	-	GEGEGB_01921	1	persistent	2	0	0
ONMMKP_01038	contig_4	955538	956389	-	LNHIMF_01135	1	persistent	3	0	0
ONMMKP_01039	contig_4	956391	957857	-	BEJGEH_01005	1	persistent	2	0	0
ONMMKP_01040	contig_4	957854	959143	-	GEGEGB_01925	1	persistent	2	0	0
ONMMKP_01041	contig_4	959418	959858	+	GEGEGB_01926	1	persistent	2	0	0
ONMMKP_01042	contig_4	960076	961638	+	LNHIMF_01131	1	persistent	2	0	0
ONMMKP_01043	contig_4	961656	962168	+	LNHIMF_01130	1	persistent	2	0	0
ONMMKP_01044	contig_4	962501	962911	-	LNHIMF_01129	1	persistent	2	0	0
ONMMKP_01045	contig_4	962990	963727	+	LNHIMF_01128	1	persistent	2	0	0
ONMMKP_01046	contig_4	963720	965084	+	BEJGEH_00998	1	persistent	2	0	0
ONMMKP_01047	contig_4	965164	966726	+	HFCAGB_01141	1	persistent	3	0	0
ONMMKP_01048	contig_4	966835	966945	+	LNHIMF_01125	1	persistent	2	0	0
ONMMKP_01049	contig_4	967449	969134	+	LNHIMF_01124	1	persistent	3	0	0
ONMMKP_01050	contig_4	969151	969492	+	GEGEGB_01934	1	persistent	2	0	0
ONMMKP_01052	contig_4	970040	970915	+	LNHIMF_01121	1	persistent	2	0	1
ONMMKP_01053	contig_4	971137	971817	+	BEJGEH_00991	1	persistent	2	1	1
ONMMKP_01055	contig_4	972437	973096	+	GEGEGB_01941	1	persistent	2	1	2
ONMMKP_01056	contig_4	973183	973512	+	GEGEGB_01942	1	persistent	2	0	0
ONMMKP_01057	contig_4	973509	973790	-	GEGEGB_01943	1	persistent	2	0	0
ONMMKP_01058	contig_4	973839	974627	-	LNHIMF_01115	1	persistent	2	1	2
ONMMKP_01059	contig_4	974644	975192	-	BEJGEH_00985	1	persistent	2	0	0
ONMMKP_01060	contig_4	975407	976618	+	LNHIMF_01113	1	persistent	2	0	1
ONMMKP_01061	contig_4	976676	976993	+	GEGEGB_01951	1	persistent	2	0	0
ONMMKP_01062	contig_4	977038	977451	-	GEGEGB_01952	1	persistent	2	0	0
ONMMKP_01063	contig_4	977625	978287	+	GEGEGB_01953	1	persistent	2	0	0
ONMMKP_01064	contig_4	978382	978840	+	GEGEGB_01954	1	persistent	2	0	0
ONMMKP_01065	contig_4	978876	980930	-	BEJGEH_00979	1	persistent	2	0	0
ONMMKP_01066	contig_4	981054	981500	+	GEGEGB_01956	1	persistent	2	0	0
ONMMKP_01067	contig_4	981519	983672	+	GEGEGB_01957	1	persistent	2	0	0
ONMMKP_01068	contig_4	983659	984264	-	LNHIMF_01105	1	persistent	2	0	1
ONMMKP_01069	contig_4	984320	984460	+	ONMMKP_01069	1	cloud	2	0	0
ONMMKP_01070	contig_4	984481	984990	+	GEGEGB_01960	1	persistent	2	0	2
ONMMKP_01071	contig_4	985347	986399	+	GEGEGB_01961	1	persistent	2	0	0
ONMMKP_01072	contig_4	986471	986923	-	GEGEGB_01962	1	persistent	2	0	0
ONMMKP_01073	contig_4	987109	988869	+	GEGEGB_01963	1	persistent	2	0	1
ONMMKP_01074	contig_4	988938	989456	+	GEGEGB_01964	1	persistent	2	0	0
ONMMKP_01075	contig_4	989979	990542	-	GEGEGB_01965	1	persistent	2	0	0
ONMMKP_01076	contig_4	990539	992179	-	GEGEGB_01966	1	persistent	2	0	0
ONMMKP_01077	contig_4	992184	993437	-	GEGEGB_01967	1	persistent	2	0	0
ONMMKP_01078	contig_4	993452	995359	-	GEGEGB_01968	1	persistent	2	0	0
ONMMKP_01079	contig_4	995372	997480	-	LNHIMF_01095	1	persistent	2	0	0
ONMMKP_01080	contig_4	997579	998688	+	LNHIMF_01094	1	persistent	2	0	0
ONMMKP_01081	contig_4	998685	999227	-	GEGEGB_01971	1	persistent	2	0	0
ONMMKP_01082	contig_4	999393	1000403	-	LNHIMF_01092	1	persistent	2	0	0
ONMMKP_01083	contig_4	1000611	1003223	-	LNHIMF_01091	1	persistent	2	1	2
ONMMKP_01084	contig_4	1003731	1004156	+	ONMMKP_01084	1	cloud	1	0	1
ONMMKP_01085	contig_4	1004153	1005373	-	BENMGJ_01279	1	cloud	0	1	3
ONMMKP_01086	contig_4	1006024	1006746	+	GEGEGB_04549	1	shell	1	1	5
ONMMKP_01087	contig_4	1006943	1007524	-	AJBGEP_02770	2	shell	0	9	5
ONMMKP_01088	contig_4	1007514	1008338	-	AJBGEP_02771	1	shell	0	2	0
ONMMKP_01089	contig_4	1008335	1010773	-	AJBGEP_02772	1	shell	0	8	0
ONMMKP_01091	contig_4	1010827	1011069	-	LNHIMF_00690	1	shell	0	3	1
ONMMKP_01092	contig_4	1011108	1014470	-	LNHIMF_00689	1	shell	0	2	0
ONMMKP_01093	contig_4	1014533	1015039	-	AJBGEP_01301	1	shell	0	2	2
ONMMKP_01094	contig_4	1015078	1015815	-	ODDLKH_01699	1	shell	0	2	0
ONMMKP_01095	contig_4	1015822	1016520	-	AJBGEP_01299	1	shell	0	2	1
ONMMKP_01096	contig_4	1016530	1016859	-	LNHIMF_00685	1	shell	0	2	0
ONMMKP_01097	contig_4	1016862	1019903	-	LNHIMF_00684	1	shell	0	4	0
ONMMKP_01098	contig_4	1019875	1020189	-	LNHIMF_00683	1	shell	0	2	0
ONMMKP_01099	contig_4	1020210	1020605	-	LNHIMF_00682	1	shell	0	2	0
ONMMKP_01100	contig_4	1020656	1021399	-	LNHIMF_00681	1	shell	0	2	0
ONMMKP_01101	contig_4	1021410	1021811	-	LNHIMF_00680	1	shell	0	3	2
ONMMKP_01102	contig_4	1021920	1023050	+	AJBGEP_01292	1	shell	0	2	0
ONMMKP_01103	contig_4	1023099	1023677	-	AJBGEP_01291	1	shell	0	3	1
ONMMKP_01104	contig_4	1023705	1024088	-	AJBGEP_01290	1	shell	0	2	0
ONMMKP_01105	contig_4	1024099	1024458	-	ODDLKH_01689	1	shell	0	2	1
ONMMKP_01106	contig_4	1024516	1025544	-	AJBGEP_01287	1	shell	0	2	1
ONMMKP_01107	contig_4	1025599	1025946	-	AJBGEP_01286	1	shell	0	2	0
ONMMKP_01108	contig_4	1025959	1027455	-	AJBGEP_01285	1	shell	0	2	0
ONMMKP_01109	contig_4	1027445	1029064	-	AJBGEP_01284	1	shell	0	2	0
ONMMKP_01110	contig_4	1029022	1029225	-	AJBGEP_01283	1	shell	0	2	0
ONMMKP_01111	contig_4	1029209	1031140	-	AJBGEP_01282	1	shell	0	2	0
ONMMKP_01112	contig_4	1031112	1031657	-	AJBGEP_01281	1	shell	0	2	0
ONMMKP_01113	contig_4	1031943	1032344	+	AJBGEP_01280	1	shell	0	2	2
ONMMKP_01114	contig_4	1032580	1033065	-	ODDLKH_01680	1	shell	0	2	2
ONMMKP_01115	contig_4	1033062	1033688	-	ONMMKP_01115	1	cloud	0	1	2
ONMMKP_01116	contig_4	1033691	1034038	-	HFCAGB_02203	1	cloud	0	3	6
ONMMKP_01118	contig_4	1034233	1034922	-	ONMMKP_01118	1	cloud	0	1	1
ONMMKP_01119	contig_4	1034919	1035059	-	LNHIMF_02186	1	shell	0	2	2
ONMMKP_01120	contig_4	1035056	1035667	-	GEGEGB_02013	1	shell	0	3	0
ONMMKP_01121	contig_4	1035670	1035876	-	GEGEGB_02014	1	shell	0	2	1
ONMMKP_01122	contig_4	1035876	1036478	-	GEGEGB_02015	1	shell	0	2	2
ONMMKP_01123	contig_4	1036878	1037111	-	GEGEGB_02016	1	shell	0	2	9
ONMMKP_01124	contig_4	1037395	1037655	-	ONMMKP_01124	1	cloud	0	1	1
ONMMKP_01125	contig_4	1037690	1037998	-	ONMMKP_01125	1	cloud	0	0	2
ONMMKP_01126	contig_4	1037958	1038458	-	ONMMKP_01126	1	cloud	0	0	2
ONMMKP_01127	contig_4	1038472	1039167	-	AJBGEP_02818	1	cloud	0	0	4
ONMMKP_01128	contig_4	1039164	1040081	-	ONMMKP_01128	1	cloud	0	1	1
ONMMKP_01129	contig_4	1040274	1040594	-	GEGEGB_02026	1	shell	0	1	10
ONMMKP_01130	contig_4	1040614	1040850	-	ALJMDI_01554	1	cloud	0	1	1
ONMMKP_01131	contig_4	1041060	1041350	+	ONMMKP_01131	1	cloud	0	0	4
ONMMKP_01132	contig_4	1041522	1042370	+	ONMMKP_01132	1	cloud	0	0	2
ONMMKP_01133	contig_4	1042367	1043173	+	ONMMKP_01133	1	cloud	0	0	2
ONMMKP_01134	contig_4	1043213	1043419	-	AJBGEP_01251	1	cloud	0	0	6
ONMMKP_01135	contig_4	1043816	1043986	+	AJBGEP_01250	1	cloud	0	0	6
ONMMKP_01136	contig_4	1044071	1044358	+	LNHIMF_02200	1	cloud	0	0	7
ONMMKP_01138	contig_4	1044485	1047685	+	ALJMDI_01306	1	cloud	0	1	3
ONMMKP_01139	contig_4	1047696	1048805	+	LNHIMF_02203	1	shell	0	1	3
ONMMKP_01140	contig_4	1048848	1049087	+	GEGEGB_02035	1	shell	0	2	3
ONMMKP_01141	contig_4	1049128	1049376	+	GEGEGB_02036	1	shell	0	2	0
ONMMKP_01142	contig_4	1049421	1050713	+	HFCAGB_01050	1	shell	1	1	0
ONMMKP_01143	contig_4	1050908	1052110	+	LNHIMF_01090	1	persistent	3	1	0
ONMMKP_01144	contig_4	1052191	1053624	-	AJBGEP_00996	1	persistent	2	0	0
ONMMKP_01145	contig_4	1053870	1055084	-	BEJGEH_00959	1	persistent	2	0	0
ONMMKP_01146	contig_4	1055401	1055862	+	GEGEGB_02042	1	persistent	2	0	0
ONMMKP_01147	contig_4	1056063	1057463	+	GEGEGB_02043	1	persistent	3	0	1
ONMMKP_01148	contig_4	1058070	1059161	+	GEGEGB_02044	1	persistent	2	0	1
ONMMKP_01149	contig_4	1059346	1060536	+	GEGEGB_02045	1	persistent	2	0	0
ONMMKP_01150	contig_4	1060598	1061245	-	LNHIMF_01086	1	persistent	2	0	0
ONMMKP_01151	contig_4	1061273	1061821	-	GEGEGB_02047	1	persistent	2	0	0
ONMMKP_01152	contig_4	1062081	1063928	-	LNHIMF_01084	1	persistent	2	0	0
ONMMKP_01153	contig_4	1064273	1068739	-	GEGEGB_02049	1	persistent	2	0	0
ONMMKP_01154	contig_4	1068739	1069443	-	GEGEGB_02050	1	persistent	2	0	0
ONMMKP_01155	contig_4	1069424	1070746	-	GEGEGB_02051	1	persistent	2	0	0
ONMMKP_01156	contig_4	1070739	1071542	-	GEGEGB_02052	1	persistent	2	0	0
ONMMKP_01157	contig_4	1071678	1072454	+	GEGEGB_02053	1	persistent	2	0	0
ONMMKP_01158	contig_4	1072434	1073327	-	LNHIMF_01078	1	persistent	2	0	0
ONMMKP_01159	contig_4	1073538	1074284	-	GEGEGB_02055	1	persistent	2	0	0
ONMMKP_01160	contig_4	1074281	1074463	-	GEGEGB_02056	1	persistent	2	0	0
ONMMKP_01161	contig_4	1074515	1075747	-	HFCAGB_01031	1	persistent	2	0	0
ONMMKP_01162	contig_4	1075791	1076768	-	GEGEGB_02059	1	persistent	2	0	0
ONMMKP_01163	contig_4	1076765	1078513	-	GEGEGB_02060	1	persistent	2	0	0
ONMMKP_01164	contig_4	1078550	1080814	-	ALJMDI_01283	1	persistent	2	1	0
ONMMKP_01165	contig_4	1081044	1081328	-	GEGEGB_02062	1	persistent	2	1	0
ONMMKP_01166	contig_4	1081484	1083157	-	GEGEGB_02063	1	persistent	2	0	0
ONMMKP_01167	contig_4	1083271	1083954	-	GEGEGB_02064	1	persistent	2	0	0
ONMMKP_01168	contig_4	1084127	1084888	-	BEJGEH_00936	1	persistent	2	0	0
ONMMKP_01169	contig_4	1085031	1086314	-	GEGEGB_02066	1	persistent	2	0	0
ONMMKP_01170	contig_4	1086385	1087473	-	GEGEGB_02067	1	persistent	2	0	0
ONMMKP_01171	contig_4	1087659	1088351	-	LNHIMF_01065	1	persistent	2	0	0
ONMMKP_01172	contig_4	1088413	1090248	+	LNHIMF_01064	1	persistent	2	0	0
ONMMKP_01173	contig_4	1090653	1091510	+	GEGEGB_02070	1	persistent	2	0	0
ONMMKP_01174	contig_4	1091570	1093852	+	GEGEGB_02071	1	persistent	2	0	1
ONMMKP_01175	contig_4	1093925	1094884	-	LNHIMF_01061	1	persistent	3	0	1
ONMMKP_01176	contig_4	1095174	1095341	+	HFCAGB_01016	1	persistent	2	0	1
ONMMKP_01177	contig_4	1095460	1096257	+	GEGEGB_02075	1	persistent	3	0	1
ONMMKP_01178	contig_4	1096550	1097971	-	GEGEGB_02076	1	persistent	2	0	0
ONMMKP_01179	contig_4	1098188	1099336	-	LNHIMF_01057	1	persistent	2	0	0
ONMMKP_01180	contig_4	1099686	1100549	-	GEGEGB_02078	1	persistent	2	0	0
ONMMKP_01181	contig_4	1100551	1101168	-	GEGEGB_01496	2	persistent	4	0	0
ONMMKP_01182	contig_4	1101179	1103623	-	LNHIMF_01054	1	persistent	2	0	0
ONMMKP_01184	contig_4	1103861	1105153	-	GEGEGB_02082	1	persistent	2	0	0
ONMMKP_01185	contig_4	1105412	1106755	-	GEGEGB_02083	1	persistent	2	0	0
ONMMKP_01186	contig_4	1106765	1107376	-	LNHIMF_01050	1	persistent	2	0	0
ONMMKP_01187	contig_4	1107519	1111634	-	ONMMKP_01187	1	persistent	2	0	0
ONMMKP_01188	contig_4	1111769	1112263	-	LNHIMF_01048	1	persistent	2	0	0
ONMMKP_01189	contig_4	1112810	1113778	+	GEGEGB_02087	1	persistent	2	0	1
ONMMKP_01190	contig_4	1113892	1115658	+	GEGEGB_02088	1	persistent	2	0	0
ONMMKP_01191	contig_4	1115659	1117380	+	LNHIMF_01045	1	persistent	2	0	0
ONMMKP_01192	contig_4	1117425	1118129	+	GEGEGB_02090	1	persistent	2	0	0
ONMMKP_01193	contig_4	1118441	1118659	+	GEGEGB_02091	1	persistent	2	0	0
ONMMKP_01194	contig_4	1118750	1119661	-	GEGEGB_02092	1	persistent	2	0	0
ONMMKP_01195	contig_4	1119770	1120630	+	LNHIMF_01041	1	persistent	2	0	0
ONMMKP_01196	contig_4	1120650	1121327	+	GEGEGB_03971	2	persistent	5	2	3
ONMMKP_01198	contig_4	1121665	1122066	+	LNHIMF_00819	2	shell	12	3	3
ONMMKP_01199	contig_4	1122237	1122920	+	LNHIMF_00818	2	shell	12	5	5
ONMMKP_01200	contig_4	1123772	1123969	+	GEGEGB_02097	1	shell	2	3	2
ONMMKP_01201	contig_4	1124182	1126458	-	LNHIMF_01038	1	persistent	2	4	1
ONMMKP_01202	contig_4	1126489	1126809	-	GEGEGB_02099	1	persistent	2	0	0
ONMMKP_01203	contig_4	1127133	1127354	+	GEGEGB_02100	1	persistent	2	0	0
ONMMKP_01204	contig_4	1127484	1129430	-	GEGEGB_02101	1	persistent	2	0	0
ONMMKP_01205	contig_4	1129427	1130545	-	GEGEGB_02102	1	persistent	2	0	0
ONMMKP_01206	contig_4	1130691	1131641	+	LNHIMF_01033	1	persistent	2	0	0
ONMMKP_01207	contig_4	1131638	1133296	-	LNHIMF_01032	1	persistent	2	0	0
ONMMKP_01208	contig_4	1133498	1134397	+	GEGEGB_02105	1	persistent	2	0	0
ONMMKP_01209	contig_4	1134541	1136193	+	LNHIMF_01030	1	persistent	2	0	0
ONMMKP_01210	contig_4	1136205	1137173	+	LNHIMF_01029	1	persistent	2	0	0
ONMMKP_01211	contig_4	1137331	1139049	+	GEGEGB_02108	1	persistent	2	0	0
ONMMKP_01212	contig_4	1139088	1140089	+	LNHIMF_01027	1	persistent	2	0	0
ONMMKP_01213	contig_4	1140100	1141533	+	LNHIMF_01026	1	persistent	2	0	0
ONMMKP_01214	contig_4	1141629	1142642	+	GEGEGB_02111	1	persistent	2	0	0
ONMMKP_01215	contig_4	1142639	1143469	-	GEGEGB_02112	1	persistent	2	0	0
ONMMKP_01216	contig_4	1143466	1143789	-	GEGEGB_02113	1	persistent	2	0	0
ONMMKP_01217	contig_4	1143917	1144432	+	GEGEGB_02114	1	persistent	2	0	0
ONMMKP_01218	contig_4	1144662	1145390	+	GEGEGB_02115	1	persistent	2	0	0
ONMMKP_01219	contig_4	1145408	1146139	+	LNHIMF_01020	1	persistent	2	0	0
ONMMKP_01220	contig_4	1146146	1146862	+	GEGEGB_02117	1	persistent	2	0	0
ONMMKP_01221	contig_4	1146862	1147530	+	GEGEGB_02118	1	persistent	2	0	0
ONMMKP_01222	contig_4	1147766	1148497	+	GEGEGB_02119	1	persistent	2	0	0
ONMMKP_01223	contig_4	1148715	1150202	-	LNHIMF_01016	1	persistent	2	0	0
ONMMKP_01224	contig_4	1150212	1150532	-	LNHIMF_01015	1	persistent	2	0	0
ONMMKP_01225	contig_4	1150562	1151905	-	BEJGEH_00878	1	persistent	2	0	0
ONMMKP_01226	contig_4	1152200	1153327	-	AJBGEP_00912	1	persistent	2	0	0
ONMMKP_01227	contig_4	1153370	1153771	-	GEGEGB_02124	1	persistent	2	0	0
ONMMKP_01228	contig_4	1153917	1154762	-	GEGEGB_02125	1	persistent	2	0	0
ONMMKP_01229	contig_4	1154759	1155712	-	LNHIMF_01010	1	persistent	2	0	0
ONMMKP_01230	contig_4	1155722	1156855	-	LNHIMF_01009	1	persistent	2	0	0
ONMMKP_01231	contig_4	1156943	1158058	-	LNHIMF_01008	1	persistent	2	0	0
ONMMKP_01232	contig_4	1158404	1158880	-	GEGEGB_02129	1	persistent	2	0	0
ONMMKP_01233	contig_4	1158977	1159879	-	GEGEGB_02130	1	persistent	2	0	0
ONMMKP_01234	contig_4	1159937	1160659	-	BEJGEH_00869	1	persistent	2	0	0
ONMMKP_01235	contig_4	1160643	1160933	-	LNHIMF_01004	1	persistent	2	0	0
ONMMKP_01236	contig_4	1161103	1161366	+	GEGEGB_02133	1	persistent	2	0	0
ONMMKP_01237	contig_4	1161398	1161775	-	LNHIMF_01002	1	persistent	2	0	0
ONMMKP_01238	contig_4	1162046	1163731	+	GEGEGB_02135	1	persistent	2	0	0
ONMMKP_01240	contig_4	1163848	1164468	-	LNHIMF_00999	1	persistent	2	0	0
ONMMKP_01241	contig_4	1164636	1165847	+	LNHIMF_00998	1	persistent	2	0	0
ONMMKP_01242	contig_4	1165844	1166659	+	GEGEGB_02139	1	persistent	2	0	0
ONMMKP_01243	contig_4	1166713	1167945	-	GEGEGB_02140	1	persistent	2	0	0
ONMMKP_01244	contig_4	1168192	1168866	+	GEGEGB_02141	1	persistent	2	0	0
ONMMKP_01245	contig_4	1168938	1169696	+	GEGEGB_02142	1	persistent	2	0	0
ONMMKP_01246	contig_4	1169742	1170944	-	GEGEGB_02143	1	persistent	2	0	0
ONMMKP_01247	contig_4	1171188	1171814	+	GEGEGB_02144	1	persistent	1	1	2
ONMMKP_01248	contig_4	1171811	1171984	-	HFCAGB_00946	1	shell	1	1	0
ONMMKP_01249	contig_4	1172005	1172502	-	HFCAGB_00945	1	shell	0	2	0
ONMMKP_01250	contig_4	1172849	1173274	+	LNHIMF_00990	1	shell	0	2	1
ONMMKP_01251	contig_4	1173539	1174429	+	HFCAGB_00943	1	shell	0	2	0
ONMMKP_01252	contig_4	1174435	1176120	-	LNHIMF_00988	1	shell	0	3	0
ONMMKP_01253	contig_4	1176353	1176544	-	LNHIMF_00987	1	shell	0	2	0
ONMMKP_01254	contig_4	1176569	1177732	-	LNHIMF_00986	1	shell	0	3	1
ONMMKP_01255	contig_4	1177796	1177993	-	HFCAGB_00939	1	shell	0	2	0
ONMMKP_01256	contig_4	1178026	1178979	-	AJBGEP_00883	1	shell	0	2	1
ONMMKP_01257	contig_4	1178990	1179739	-	LNHIMF_00983	1	shell	0	2	0
ONMMKP_01258	contig_4	1179762	1180277	-	LNHIMF_00982	1	shell	1	1	1
ONMMKP_01259	contig_4	1180991	1181374	-	GEGEGB_02146	1	persistent	1	1	2
ONMMKP_01260	contig_4	1181605	1182930	+	LNHIMF_00980	1	persistent	2	0	0
ONMMKP_01261	contig_4	1183021	1183932	-	GEGEGB_02148	1	persistent	2	0	0
ONMMKP_01262	contig_4	1183935	1184855	-	GEGEGB_02149	1	persistent	2	0	0
ONMMKP_01263	contig_4	1184916	1186454	-	GEGEGB_02150	1	persistent	2	0	0
ONMMKP_01264	contig_4	1186487	1188358	-	GEGEGB_02151	1	persistent	2	0	0
ONMMKP_01265	contig_4	1188369	1189310	-	GEGEGB_02152	1	persistent	2	0	0
ONMMKP_01266	contig_4	1189514	1190749	+	LNHIMF_00974	1	persistent	2	0	0
ONMMKP_01267	contig_4	1190749	1191498	+	LNHIMF_00973	1	persistent	2	0	0
ONMMKP_01268	contig_4	1191776	1192675	+	GEGEGB_02155	1	persistent	2	0	0
ONMMKP_01269	contig_4	1192681	1195113	+	LNHIMF_00971	1	persistent	2	0	0
ONMMKP_01270	contig_4	1195191	1196000	-	GEGEGB_02157	2	persistent	2	1	3
ONMMKP_01271	contig_4	1196003	1196116	-	ONMMKP_01271	1	cloud	2	0	0
ONMMKP_01272	contig_4	1196262	1197527	+	LNHIMF_00969	1	persistent	2	0	2
ONMMKP_01273	contig_4	1197807	1198028	-	ONMMKP_01273	1	cloud	2	0	0
ONMMKP_01274	contig_4	1198116	1198361	+	GEGEGB_02157	2	persistent	2	1	3
ONMMKP_01275	contig_4	1198483	1199379	-	BEJGEH_00840	1	shell	2	0	1
ONMMKP_01276	contig_4	1199774	1201366	-	GEGEGB_02159	1	persistent	2	1	0
ONMMKP_01277	contig_4	1201585	1202505	+	GEGEGB_02160	1	persistent	2	0	0
ONMMKP_01278	contig_4	1202549	1203661	-	GEGEGB_02161	1	persistent	2	0	0
ONMMKP_01279	contig_4	1203658	1204131	-	GEGEGB_02162	1	persistent	2	0	0
ONMMKP_01280	contig_4	1204317	1204445	+	GEGEGB_02163	1	persistent	2	0	0
ONMMKP_01281	contig_4	1204710	1206290	+	LNHIMF_00963	1	persistent	2	1	0
ONMMKP_01282	contig_4	1206353	1206868	-	GEGEGB_02168	1	persistent	2	0	1
ONMMKP_01283	contig_4	1207222	1208109	+	GEGEGB_02169	1	persistent	2	0	0
ONMMKP_01284	contig_4	1208412	1208915	+	GEGEGB_02170	1	persistent	2	0	1
ONMMKP_01285	contig_4	1209392	1210138	+	GEGEGB_02171	1	persistent	2	0	1
ONMMKP_01286	contig_4	1210284	1210943	+	GEGEGB_02172	1	persistent	2	0	0
ONMMKP_01287	contig_4	1210940	1211662	+	GEGEGB_02173	1	persistent	2	0	0
ONMMKP_01288	contig_4	1211781	1214003	+	LNHIMF_00956	1	persistent	2	0	0
ONMMKP_01289	contig_4	1214000	1214926	-	GEGEGB_02175	1	persistent	2	0	1
ONMMKP_01290	contig_4	1215131	1215397	+	GEGEGB_02177	1	persistent	2	0	1
ONMMKP_01291	contig_4	1215682	1215942	+	GEGEGB_02178	1	persistent	2	1	0
ONMMKP_01292	contig_4	1216098	1217072	-	BEJGEH_00823	1	persistent	2	1	0
ONMMKP_01293	contig_4	1217102	1219246	-	LNHIMF_00951	1	persistent	2	0	1
ONMMKP_01294	contig_4	1219454	1220818	-	GEGEGB_02183	1	persistent	3	0	1
ONMMKP_01295	contig_4	1221048	1221722	+	LNHIMF_00949	1	persistent	2	0	1
ONMMKP_01296	contig_4	1221722	1222717	+	GEGEGB_02185	1	persistent	2	0	0
ONMMKP_01297	contig_4	1222710	1224446	+	LNHIMF_00947	1	persistent	2	0	0
ONMMKP_01298	contig_4	1224439	1225569	+	GEGEGB_02187	1	persistent	2	0	0
ONMMKP_01299	contig_4	1225669	1226775	+	GEGEGB_02188	1	persistent	2	0	0
ONMMKP_01300	contig_4	1226737	1227147	-	GEGEGB_02189	1	persistent	2	0	0
ONMMKP_01301	contig_4	1227280	1228038	+	LNHIMF_00943	1	persistent	2	0	0
ONMMKP_01302	contig_4	1228035	1229276	+	GEGEGB_02191	1	persistent	2	0	0
ONMMKP_01303	contig_4	1229276	1230238	+	GEGEGB_02192	1	persistent	2	0	1
ONMMKP_01304	contig_4	1230241	1230801	-	BEJGEH_00810	1	persistent	2	1	1
ONMMKP_01305	contig_4	1230809	1231411	-	HFCAGB_00889	1	shell	2	0	2
ONMMKP_01306	contig_4	1231441	1231962	-	GEGEGB_02194	1	persistent	2	2	2
ONMMKP_01307	contig_4	1232294	1232998	-	LNHIMF_00938	1	persistent	2	0	4
ONMMKP_01308	contig_4	1233046	1233498	-	GEGEGB_02197	1	persistent	2	0	1
ONMMKP_01309	contig_4	1233500	1233745	-	LNHIMF_00936	1	persistent	2	0	0
ONMMKP_01310	contig_4	1233738	1234181	-	LNHIMF_00935	1	persistent	2	0	0
ONMMKP_01311	contig_4	1234226	1234738	-	GEGEGB_02200	1	persistent	2	0	0
ONMMKP_01312	contig_4	1234760	1235782	-	GEGEGB_02201	1	persistent	2	0	0
ONMMKP_01313	contig_4	1236146	1237054	+	GEGEGB_02202	1	persistent	2	0	0
ONMMKP_01314	contig_4	1237146	1239443	-	AJBGEP_00824	1	persistent	2	0	0
ONMMKP_01315	contig_4	1239933	1241954	-	LNHIMF_00930	1	persistent	2	0	0
ONMMKP_01316	contig_4	1242605	1243291	-	GEGEGB_02206	1	persistent	2	0	0
ONMMKP_01317	contig_4	1243284	1244039	-	LNHIMF_00928	1	persistent	2	0	0
ONMMKP_01318	contig_4	1244023	1245180	-	GEGEGB_02208	1	persistent	2	0	0
ONMMKP_01319	contig_4	1245177	1246217	-	GEGEGB_02209	1	persistent	2	0	0
ONMMKP_01320	contig_4	1246304	1247593	+	GEGEGB_02210	1	persistent	2	0	0
ONMMKP_01321	contig_4	1247651	1248127	+	GEGEGB_02211	1	persistent	2	0	0
ONMMKP_01322	contig_4	1248212	1249732	-	LNHIMF_00923	1	persistent	2	0	0
ONMMKP_01323	contig_4	1249734	1251419	-	LNHIMF_00922	1	persistent	2	0	0
ONMMKP_01324	contig_4	1251616	1252341	-	GEGEGB_02214	1	persistent	2	0	0
ONMMKP_01325	contig_4	1252386	1253327	-	LNHIMF_00920	1	persistent	2	0	0
ONMMKP_01326	contig_4	1253324	1254493	-	LNHIMF_00919	1	persistent	2	0	0
ONMMKP_01327	contig_4	1254785	1256068	+	GEGEGB_02217	1	persistent	2	0	0
ONMMKP_01328	contig_4	1256212	1257207	-	LNHIMF_00917	1	persistent	2	0	1
ONMMKP_01329	contig_4	1257371	1257613	+	LNHIMF_00916	2	persistent	2	0	3
ONMMKP_01330	contig_4	1257756	1258598	+	ONMMKP_01330	1	cloud	1	0	1
ONMMKP_01331	contig_4	1259033	1259329	-	ONMMKP_01331	1	cloud	0	0	2
ONMMKP_01332	contig_4	1259340	1259675	-	ONMMKP_01332	1	cloud	0	0	2
ONMMKP_01333	contig_4	1259677	1260246	-	ONMMKP_01333	1	cloud	0	0	2
ONMMKP_01334	contig_4	1260246	1260677	-	ONMMKP_01334	1	cloud	0	0	2
ONMMKP_01335	contig_4	1260679	1261131	-	ONMMKP_01335	1	cloud	0	0	2
ONMMKP_01336	contig_4	1261131	1261394	-	ONMMKP_01336	1	cloud	0	0	2
ONMMKP_01337	contig_4	1261428	1262084	-	ONMMKP_01337	1	cloud	0	0	2
ONMMKP_01338	contig_4	1262094	1262390	-	ONMMKP_01338	1	cloud	0	0	2
ONMMKP_01339	contig_4	1262403	1265606	-	ONMMKP_01339	1	cloud	0	0	2
ONMMKP_01340	contig_4	1265609	1266004	-	ONMMKP_01340	1	cloud	0	0	2
ONMMKP_01341	contig_4	1266004	1266627	-	ONMMKP_01341	1	cloud	0	0	2
ONMMKP_01342	contig_4	1266627	1267193	-	ONMMKP_01342	1	cloud	0	0	2
ONMMKP_01343	contig_4	1267262	1269484	-	ONMMKP_01343	1	cloud	0	0	2
ONMMKP_01344	contig_4	1269468	1269836	-	ONMMKP_01344	1	cloud	0	0	2
ONMMKP_01345	contig_4	1269869	1270168	-	ONMMKP_01345	1	cloud	0	0	2
ONMMKP_01346	contig_4	1270226	1270699	-	ONMMKP_01346	1	cloud	0	0	2
ONMMKP_01347	contig_4	1270759	1273272	-	ONMMKP_01347	1	cloud	0	0	2
ONMMKP_01348	contig_4	1273285	1273686	-	ONMMKP_01348	1	cloud	0	0	2
ONMMKP_01349	contig_4	1273692	1274015	-	ONMMKP_01349	1	cloud	0	0	2
ONMMKP_01350	contig_4	1274020	1275960	-	ONMMKP_01350	1	cloud	0	0	2
ONMMKP_01351	contig_4	1275908	1277440	-	ONMMKP_01351	1	cloud	0	0	2
ONMMKP_01352	contig_4	1277440	1277958	-	ONMMKP_01352	1	cloud	0	0	2
ONMMKP_01353	contig_4	1277971	1279680	-	ONMMKP_01353	1	cloud	0	0	2
ONMMKP_01354	contig_4	1279862	1280404	-	ONMMKP_01354	1	cloud	0	0	2
ONMMKP_01355	contig_4	1280637	1281029	-	ONMMKP_01355	1	cloud	0	0	2
ONMMKP_01356	contig_4	1281042	1281770	-	ONMMKP_01356	1	cloud	0	0	2
ONMMKP_01357	contig_4	1282082	1282411	-	ONMMKP_01357	1	cloud	0	0	2
ONMMKP_01358	contig_4	1282430	1282792	-	ONMMKP_01358	1	cloud	0	0	2
ONMMKP_01359	contig_4	1282794	1283486	-	ONMMKP_01359	1	cloud	0	0	2
ONMMKP_01360	contig_4	1283538	1283786	-	ONMMKP_01360	1	cloud	0	0	2
ONMMKP_01361	contig_4	1283776	1283979	-	ONMMKP_01361	1	cloud	0	0	2
ONMMKP_01362	contig_4	1283976	1284554	-	ONMMKP_01362	1	cloud	0	0	2
ONMMKP_01363	contig_4	1284621	1285022	-	ONMMKP_01363	1	cloud	0	0	2
ONMMKP_01364	contig_4	1285068	1285379	-	ONMMKP_01364	1	cloud	0	0	2
ONMMKP_01365	contig_4	1285369	1285632	-	ONMMKP_01365	1	cloud	0	0	2
ONMMKP_01366	contig_4	1285644	1286147	-	ONMMKP_01366	1	cloud	0	0	2
ONMMKP_01367	contig_4	1286399	1286518	-	ONMMKP_01367	1	cloud	0	0	2
ONMMKP_01368	contig_4	1286553	1287014	-	ONMMKP_01368	1	cloud	0	0	2
ONMMKP_01369	contig_4	1287086	1287340	-	ONMMKP_01369	1	cloud	0	0	2
ONMMKP_01370	contig_4	1287343	1287519	-	ONMMKP_01370	1	cloud	0	0	2
ONMMKP_01371	contig_4	1287677	1289551	-	ONMMKP_01371	1	cloud	1	0	1
ONMMKP_01372	contig_4	1289669	1290235	+	LNHIMF_00916	2	persistent	2	0	3
ONMMKP_01373	contig_4	1290236	1291294	-	LNHIMF_00915	1	persistent	2	0	0
ONMMKP_01374	contig_4	1291297	1291986	-	GEGEGB_02221	1	persistent	2	0	0
ONMMKP_01375	contig_4	1291986	1292759	-	LNHIMF_00913	1	persistent	2	0	1
ONMMKP_01376	contig_4	1292926	1293177	-	ONMMKP_01376	1	cloud	2	0	0
ONMMKP_01377	contig_4	1293204	1293992	+	GEGEGB_02224	1	persistent	2	0	1
ONMMKP_01378	contig_4	1294060	1295535	+	LNHIMF_00910	1	persistent	2	0	0
ONMMKP_01379	contig_4	1295706	1296614	+	LNHIMF_00909	1	persistent	2	0	0
ONMMKP_01380	contig_4	1296837	1297853	+	GEGEGB_02227	1	persistent	2	0	0
ONMMKP_01381	contig_4	1297864	1298910	+	LNHIMF_00907	1	persistent	2	0	0
ONMMKP_01382	contig_4	1298913	1300061	+	GEGEGB_02229	1	persistent	2	0	0
ONMMKP_01383	contig_4	1300055	1301095	+	LNHIMF_00905	1	persistent	2	0	0
ONMMKP_01384	contig_4	1301319	1302071	+	GEGEGB_02231	1	persistent	2	0	0
ONMMKP_01385	contig_4	1302162	1302938	-	BEJGEH_00772	1	persistent	2	0	0
ONMMKP_01386	contig_4	1302938	1304017	-	GEGEGB_02233	1	persistent	3	0	0
ONMMKP_01387	contig_4	1304397	1305095	-	BEJGEH_00770	1	persistent	2	0	0
ONMMKP_01388	contig_4	1305214	1306515	-	LNHIMF_00056	3	persistent	4	0	0
ONMMKP_01389	contig_4	1306528	1308297	-	GEGEGB_00060	3	persistent	2	0	1
ONMMKP_01390	contig_4	1308313	1308558	-	AJBGEP_03535	3	persistent	3	1	0
ONMMKP_01391	contig_4	1308608	1309876	-	BEJGEH_00766	1	shell	1	1	0
ONMMKP_01392	contig_4	1310156	1311082	+	BEJGEH_00765	1	shell	0	2	0
ONMMKP_01393	contig_4	1311083	1311973	-	BEJGEH_00764	1	shell	0	2	0
ONMMKP_01394	contig_4	1312103	1312948	+	BEJGEH_00763	1	shell	0	2	0
ONMMKP_01395	contig_4	1312963	1313508	+	BEJGEH_00762	1	shell	1	1	0
ONMMKP_01396	contig_4	1313602	1314654	-	GEGEGB_02234	1	persistent	2	1	0
ONMMKP_01397	contig_4	1314974	1315360	+	GEGEGB_02235	1	persistent	2	0	0
ONMMKP_01398	contig_4	1315471	1316409	+	LNHIMF_00899	1	persistent	2	0	0
ONMMKP_01399	contig_4	1316406	1317125	-	LNHIMF_00898	1	persistent	2	0	0
ONMMKP_01400	contig_4	1317150	1318193	-	LNHIMF_00897	1	persistent	2	0	0
ONMMKP_01406	contig_4	1319701	1320489	-	GEGEGB_02242	1	persistent	2	0	0
ONMMKP_01407	contig_4	1320499	1321023	-	GEGEGB_02243	1	persistent	2	0	0
ONMMKP_01408	contig_4	1321058	1322350	-	LNHIMF_00889	1	persistent	2	0	1
ONMMKP_01409	contig_4	1322474	1323652	-	ODDLKH_01241	1	persistent	2	0	1
ONMMKP_01410	contig_4	1323717	1324145	-	GEGEGB_02246	1	persistent	2	0	1
ONMMKP_01411	contig_4	1324149	1324841	-	GEGEGB_02247	1	persistent	2	0	0
ONMMKP_01412	contig_4	1324838	1325242	-	LNHIMF_00884	1	persistent	2	0	0
ONMMKP_01413	contig_4	1325471	1325764	-	LNHIMF_00883	1	persistent	2	0	0
ONMMKP_01414	contig_4	1325764	1325877	-	GEGEGB_02250	1	persistent	2	0	0
ONMMKP_01415	contig_4	1325892	1327031	-	GEGEGB_02251	1	persistent	2	0	0
ONMMKP_01416	contig_4	1327047	1328615	-	LNHIMF_00880	1	persistent	2	0	0
ONMMKP_01417	contig_4	1330044	1330169	-	LNHIMF_00879	1	persistent	2	0	0
ONMMKP_01418	contig_4	1330198	1331067	-	LNHIMF_00878	1	persistent	2	0	0
ONMMKP_01419	contig_4	1331067	1332233	-	GEGEGB_02255	1	persistent	2	0	0
ONMMKP_01420	contig_4	1332375	1333583	-	GEGEGB_02256	1	persistent	2	0	0
ONMMKP_01421	contig_4	1333598	1336399	-	GEGEGB_02257	1	persistent	2	0	0
ONMMKP_01422	contig_4	1336923	1337639	-	LNHIMF_00874	1	persistent	2	0	0
ONMMKP_01423	contig_4	1337656	1339422	-	LNHIMF_00873	1	persistent	2	0	0
ONMMKP_01424	contig_4	1339422	1339769	-	GEGEGB_02260	1	persistent	2	0	0
ONMMKP_01425	contig_4	1339763	1340167	-	GEGEGB_02261	1	persistent	2	1	0
ONMMKP_01426	contig_4	1340561	1340806	-	BEJGEH_00731	1	shell	2	0	0
ONMMKP_01427	contig_4	1340907	1342190	+	LNHIMF_00870	1	persistent	2	1	0
ONMMKP_01428	contig_4	1342327	1343373	+	GEGEGB_02263	1	persistent	2	0	0
ONMMKP_01429	contig_4	1343428	1344219	-	BEJGEH_00728	1	persistent	2	1	0
ONMMKP_01430	contig_4	1344268	1344405	-	ALJMDI_01073	1	shell	1	1	0
ONMMKP_01431	contig_4	1344473	1346422	-	AJBGEP_00750	1	shell	0	2	0
ONMMKP_01432	contig_4	1346426	1347259	-	LNHIMF_00865	1	shell	0	2	0
ONMMKP_01433	contig_4	1347452	1349230	-	LNHIMF_00864	1	shell	0	2	0
ONMMKP_01434	contig_4	1349324	1350034	-	LNHIMF_00863	1	shell	0	3	0
ONMMKP_01435	contig_4	1350038	1350808	-	LNHIMF_00862	1	shell	0	2	0
ONMMKP_01436	contig_4	1350937	1352070	-	GEGEGB_02273	1	shell	0	3	0
ONMMKP_01437	contig_4	1352083	1352976	-	LNHIMF_00860	1	shell	0	2	0
ONMMKP_01438	contig_4	1352976	1354127	-	LNHIMF_00859	1	shell	0	2	0
ONMMKP_01439	contig_4	1354413	1355153	-	GEGEGB_02276	1	shell	0	2	0
ONMMKP_01440	contig_4	1355155	1355376	-	GEGEGB_02277	1	shell	0	2	0
ONMMKP_01441	contig_4	1355950	1356516	-	GEGEGB_02278	1	shell	1	1	0
ONMMKP_01442	contig_4	1357031	1357765	-	GEGEGB_02279	1	persistent	2	1	0
ONMMKP_01443	contig_4	1357755	1358687	-	LNHIMF_00854	1	persistent	2	0	0
ONMMKP_01444	contig_4	1358681	1359337	-	GEGEGB_02281	1	persistent	2	0	0
ONMMKP_01445	contig_4	1359353	1360096	-	GEGEGB_02282	1	persistent	2	0	0
ONMMKP_01446	contig_4	1360425	1361906	+	GEGEGB_02283	1	persistent	2	0	0
ONMMKP_01447	contig_4	1361945	1363366	-	LNHIMF_00850	1	persistent	2	0	0
ONMMKP_01448	contig_4	1363478	1363684	-	GEGEGB_02285	1	persistent	2	0	0
ONMMKP_01449	contig_4	1364110	1365789	+	GEGEGB_02286	1	persistent	2	0	0
ONMMKP_01450	contig_4	1365810	1367858	+	GEGEGB_02287	1	persistent	2	0	0
ONMMKP_01451	contig_4	1367867	1368451	+	LNHIMF_00846	1	persistent	2	0	0
ONMMKP_01452	contig_4	1368448	1371132	+	LNHIMF_00845	1	persistent	2	0	0
ONMMKP_01453	contig_4	1371129	1371806	+	LNHIMF_00844	1	persistent	3	0	1
ONMMKP_01454	contig_4	1372084	1372188	+	LNHIMF_00843	1	persistent	2	0	0
ONMMKP_01455	contig_4	1372568	1374766	+	LNHIMF_00842	1	persistent	3	0	2
ONMMKP_01456	contig_4	1374763	1376082	+	GEGEGB_02295	1	persistent	2	0	0
ONMMKP_01457	contig_4	1376147	1376632	+	GEGEGB_02296	1	persistent	2	0	0
ONMMKP_01458	contig_4	1376747	1378387	-	GEGEGB_02297	1	persistent	2	0	0
ONMMKP_01459	contig_4	1378412	1378954	-	GEGEGB_02298	1	persistent	2	0	0
ONMMKP_01460	contig_4	1379139	1379909	+	LNHIMF_00837	1	persistent	2	0	0
ONMMKP_01461	contig_4	1380043	1380336	+	GEGEGB_02300	1	persistent	2	0	0
ONMMKP_01462	contig_4	1380487	1381017	+	LNHIMF_00835	1	persistent	2	0	1
ONMMKP_01463	contig_4	1381299	1381751	+	GEGEGB_02302	1	persistent	2	0	1
ONMMKP_01464	contig_4	1381866	1382792	+	LNHIMF_00832	1	persistent	2	0	0
ONMMKP_01465	contig_4	1382890	1384293	+	GEGEGB_02304	1	persistent	2	0	0
ONMMKP_01466	contig_4	1384280	1385419	+	BEJGEH_00703	1	persistent	2	0	0
ONMMKP_01467	contig_4	1385470	1386774	+	GEGEGB_02306	1	persistent	2	0	0
ONMMKP_01468	contig_4	1386823	1387155	-	GEGEGB_02307	1	persistent	2	0	0
ONMMKP_01469	contig_4	1387205	1388611	-	GEGEGB_02308	1	persistent	2	0	0
ONMMKP_01470	contig_4	1389063	1390730	-	ALJMDI_00783	1	persistent	2	0	0
ONMMKP_01471	contig_4	1390941	1392893	-	LNHIMF_00825	1	persistent	2	0	0
ONMMKP_01472	contig_4	1393220	1394020	+	GEGEGB_02311	1	persistent	2	0	0
ONMMKP_01473	contig_4	1394020	1395234	+	LNHIMF_00823	1	persistent	2	0	0
ONMMKP_01474	contig_4	1395239	1396459	+	GEGEGB_02313	1	persistent	2	0	0
ONMMKP_01475	contig_4	1396506	1397258	+	GEGEGB_02314	1	persistent	2	0	1
ONMMKP_01476	contig_4	1397548	1399212	+	GEGEGB_02315	1	persistent	2	2	0
ONMMKP_01483	contig_4	1400156	1401331	-	GEGEGB_02322	1	persistent	2	2	0
ONMMKP_01484	contig_4	1401475	1402899	+	GEGEGB_02323	1	persistent	2	0	0
ONMMKP_01485	contig_4	1403104	1404150	+	GEGEGB_02324	1	persistent	2	0	0
ONMMKP_01486	contig_4	1404147	1404620	+	GEGEGB_02325	1	persistent	2	0	0
ONMMKP_01487	contig_4	1404778	1405656	+	GEGEGB_02326	1	persistent	2	0	0
ONMMKP_01488	contig_4	1405625	1407214	+	LNHIMF_00805	1	persistent	2	0	0
ONMMKP_01489	contig_4	1407569	1408477	+	LNHIMF_00804	1	persistent	2	0	0
ONMMKP_01491	contig_4	1408637	1409377	+	GEGEGB_02330	1	persistent	2	0	0
ONMMKP_01492	contig_4	1409377	1410051	+	GEGEGB_02331	1	persistent	2	0	0
ONMMKP_01493	contig_4	1410051	1410776	+	GEGEGB_02332	1	persistent	2	0	0
ONMMKP_01494	contig_4	1410893	1411828	+	GEGEGB_02333	1	persistent	3	0	0
ONMMKP_01495	contig_4	1411860	1413098	+	BEJGEH_00670	1	persistent	2	1	0
ONMMKP_01496	contig_4	1413174	1414853	+	BEJGEH_00669	2	shell	2	1	0
ONMMKP_01497	contig_4	1414875	1416347	-	AJBGEP_00682	2	shell	0	2	0
ONMMKP_01498	contig_4	1416344	1417039	-	BEJGEH_00667	1	shell	0	2	0
ONMMKP_01499	contig_4	1417051	1418484	-	HFCAGB_00750	1	shell	0	2	0
ONMMKP_01500	contig_4	1418481	1419188	-	HFCAGB_00749	1	shell	0	2	1
ONMMKP_01501	contig_4	1419313	1420308	+	HFCAGB_00748	1	shell	1	1	0
ONMMKP_01502	contig_4	1420347	1420820	-	GEGEGB_02335	1	persistent	3	1	1
ONMMKP_01503	contig_4	1420913	1422841	-	LNHIMF_00797	1	persistent	2	0	0
ONMMKP_01504	contig_4	1422909	1423862	-	LNHIMF_00796	1	persistent	2	0	0
ONMMKP_01505	contig_4	1423912	1425162	-	BEJGEH_00660	1	persistent	2	0	0
ONMMKP_01506	contig_4	1425101	1425391	-	GEGEGB_02339	1	persistent	2	0	0
ONMMKP_01507	contig_4	1425679	1428261	+	LNHIMF_00793	1	persistent	2	0	0
ONMMKP_01508	contig_4	1428276	1428866	+	GEGEGB_02341	1	persistent	2	0	0
ONMMKP_01509	contig_4	1428866	1429897	+	GEGEGB_02342	1	persistent	2	0	0
ONMMKP_01510	contig_4	1429890	1430540	+	LNHIMF_00790	1	persistent	2	0	0
ONMMKP_01511	contig_4	1430515	1431609	-	LNHIMF_00789	1	persistent	2	0	0
ONMMKP_01512	contig_4	1431706	1432314	+	GEGEGB_02345	1	persistent	2	0	0
ONMMKP_01513	contig_4	1432643	1432960	+	GEGEGB_02346	1	persistent	2	0	0
ONMMKP_01514	contig_4	1432964	1433431	+	GEGEGB_02347	1	persistent	2	0	0
ONMMKP_01515	contig_4	1433462	1435363	+	LNHIMF_00785	1	persistent	2	0	0
ONMMKP_01516	contig_4	1435366	1436478	+	GEGEGB_02349	1	persistent	2	0	0
ONMMKP_01517	contig_4	1436489	1437622	+	AJBGEP_00662	1	persistent	2	0	0
ONMMKP_01518	contig_4	1437762	1438973	+	LNHIMF_00782	1	persistent	2	0	0
ONMMKP_01519	contig_4	1439081	1439344	+	GEGEGB_02352	1	persistent	2	0	0
ONMMKP_01520	contig_4	1439444	1440085	+	GEGEGB_02353	1	persistent	2	0	0
ONMMKP_01521	contig_4	1440387	1441340	+	GEGEGB_02354	1	persistent	2	0	0
ONMMKP_01522	contig_4	1441546	1442511	+	GEGEGB_02355	1	persistent	2	0	0
ONMMKP_01523	contig_4	1442597	1442800	-	GEGEGB_02356	1	persistent	2	0	0
ONMMKP_01524	contig_4	1442929	1443717	-	HFCAGB_00724	1	persistent	2	0	0
ONMMKP_01525	contig_4	1443808	1444191	+	GEGEGB_02358	1	persistent	2	0	0
ONMMKP_01526	contig_4	1444249	1444458	-	GEGEGB_01108	2	persistent	4	0	0
ONMMKP_01527	contig_4	1444646	1445218	-	LNHIMF_00773	1	persistent	2	0	0
ONMMKP_01528	contig_4	1445597	1446982	+	GEGEGB_02361	1	persistent	2	0	1
ONMMKP_01529	contig_4	1447025	1447705	-	GEGEGB_02362	1	persistent	2	0	0
ONMMKP_01530	contig_4	1447674	1449335	-	GEGEGB_02363	1	persistent	2	0	2
ONMMKP_01531	contig_4	1449720	1450796	+	LNHIMF_00768	1	persistent	2	0	1
ONMMKP_01532	contig_4	1450793	1451089	+	GEGEGB_02365	1	persistent	2	0	0
ONMMKP_01533	contig_4	1451086	1451994	+	LNHIMF_00766	1	persistent	2	0	0
ONMMKP_01534	contig_4	1452004	1453533	+	LNHIMF_00765	1	persistent	2	0	0
ONMMKP_01535	contig_4	1453537	1454088	+	BEJGEH_00629	1	persistent	2	0	0
ONMMKP_01536	contig_4	1454060	1454956	+	GEGEGB_02369	1	persistent	2	0	0
ONMMKP_01537	contig_4	1454994	1456457	+	LNHIMF_00762	1	persistent	2	0	0
ONMMKP_01538	contig_4	1456567	1457373	+	LNHIMF_00761	1	persistent	2	0	0
ONMMKP_01539	contig_4	1457608	1458018	+	GEGEGB_02372	1	persistent	2	0	0
ONMMKP_01540	contig_4	1458101	1459339	-	LNHIMF_00759	1	persistent	2	0	0
ONMMKP_01541	contig_4	1459562	1459990	+	GEGEGB_02374	1	persistent	2	0	0
ONMMKP_01542	contig_4	1460058	1460825	-	GEGEGB_02375	1	persistent	2	0	1
ONMMKP_01543	contig_4	1460825	1461382	-	LNHIMF_00756	1	persistent	2	0	0
ONMMKP_01544	contig_4	1461379	1463658	-	LNHIMF_00755	1	persistent	2	0	1
ONMMKP_01545	contig_4	1463651	1464211	-	BEJGEH_00619	1	persistent	2	1	0
ONMMKP_01546	contig_4	1464544	1466109	-	LNHIMF_00753	1	persistent	2	1	0
ONMMKP_01547	contig_4	1466351	1466914	-	GEGEGB_02382	1	persistent	2	0	0
ONMMKP_01549	contig_4	1467355	1468101	+	LNHIMF_00750	1	persistent	2	0	0
ONMMKP_01550	contig_4	1468418	1469320	+	LNHIMF_00749	1	persistent	2	0	0
ONMMKP_01551	contig_4	1469486	1470721	+	LNHIMF_00748	1	persistent	2	0	0
ONMMKP_01552	contig_4	1470694	1471311	+	BEJGEH_00612	1	persistent	2	0	0
ONMMKP_01553	contig_4	1471312	1472472	-	LNHIMF_00746	1	persistent	2	0	0
ONMMKP_01554	contig_4	1472599	1473687	+	LNHIMF_00745	1	persistent	2	0	0
ONMMKP_01555	contig_4	1473723	1473920	-	GEGEGB_02390	1	persistent	2	0	0
ONMMKP_01556	contig_4	1473984	1476089	-	LNHIMF_00743	1	persistent	2	0	0
ONMMKP_01557	contig_4	1476272	1476685	-	GEGEGB_02392	1	persistent	2	0	0
ONMMKP_01558	contig_4	1476688	1477443	-	HFCAGB_00686	1	persistent	2	0	0
ONMMKP_01559	contig_4	1477443	1478300	-	GEGEGB_02394	1	persistent	2	0	0
ONMMKP_01560	contig_4	1478314	1479924	-	LNHIMF_00739	1	persistent	2	0	0
ONMMKP_01561	contig_4	1479934	1481109	-	GEGEGB_02396	1	persistent	2	0	0
ONMMKP_01562	contig_4	1481418	1482374	+	LNHIMF_00737	1	persistent	2	0	0
ONMMKP_01563	contig_4	1482437	1483681	-	GEGEGB_02398	1	persistent	2	0	0
ONMMKP_01564	contig_4	1483792	1484799	+	GEGEGB_02399	1	persistent	2	0	0
ONMMKP_01565	contig_4	1484799	1485788	+	GEGEGB_02400	1	persistent	2	0	0
ONMMKP_01566	contig_4	1485785	1486579	+	GEGEGB_02401	1	persistent	2	0	0
ONMMKP_01567	contig_4	1486633	1487769	-	HFCAGB_00677	1	persistent	2	0	0
ONMMKP_01568	contig_4	1488019	1491903	-	LNHIMF_00731	1	persistent	2	0	0
ONMMKP_01569	contig_4	1491900	1492118	-	LNHIMF_00730	1	persistent	2	0	0
ONMMKP_01570	contig_4	1492149	1493363	-	BEJGEH_00594	1	persistent	2	0	0
ONMMKP_01571	contig_4	1493552	1495807	+	LNHIMF_00728	1	persistent	2	0	0
ONMMKP_01572	contig_4	1495850	1496557	+	BENMGJ_04249	1	persistent	2	0	0
ONMMKP_01573	contig_4	1496569	1497687	+	LNHIMF_00726	1	persistent	2	0	0
ONMMKP_01574	contig_4	1497754	1498002	+	GEGEGB_02410	1	persistent	2	0	0
ONMMKP_01575	contig_4	1498008	1498349	-	LNHIMF_00724	1	persistent	3	0	0
ONMMKP_01577	contig_4	1498638	1499219	+	BEJGEH_00587	1	persistent	2	0	0
ONMMKP_01578	contig_4	1499219	1499587	+	BEJGEH_00586	1	persistent	2	0	0
ONMMKP_01580	contig_4	1499906	1500337	+	GEGEGB_02415	1	persistent	2	1	0
ONMMKP_01581	contig_4	1500603	1502573	-	AJBGEP_00592	1	persistent	3	1	1
ONMMKP_01582	contig_4	1502884	1504131	+	GEGEGB_02417	1	persistent	2	0	1
ONMMKP_01583	contig_4	1504173	1505567	-	LNHIMF_00720	1	persistent	2	0	0
ONMMKP_01584	contig_4	1505893	1507068	+	LNHIMF_00719	1	persistent	2	0	0
ONMMKP_01585	contig_4	1507147	1507707	-	GEGEGB_02421	1	persistent	2	0	0
ONMMKP_01586	contig_4	1507720	1507956	-	GEGEGB_02422	1	persistent	2	0	0
ONMMKP_01587	contig_4	1508113	1509438	-	LNHIMF_00716	1	persistent	2	0	0
ONMMKP_01588	contig_4	1509654	1510508	+	BEJGEH_00577	1	persistent	1	1	2
ONMMKP_01589	contig_4	1510559	1511101	-	ONMMKP_01589	1	cloud	1	0	1
ONMMKP_01590	contig_4	1511412	1511621	+	GEGEGB_02426	1	cloud	1	1	3
ONMMKP_01592	contig_4	1512044	1512406	+	GEGEGB_02428	2	persistent	3	3	2
ONMMKP_01593	contig_4	1512403	1513329	+	BEJGEH_04267	3	persistent	1	3	6
ONMMKP_01594	contig_4	1513326	1514912	+	ONMMKP_01594	1	cloud	1	0	1
ONMMKP_01595	contig_4	1515000	1515233	+	ONMMKP_01595	1	cloud	0	2	2
ONMMKP_01596	contig_4	1515305	1515463	+	BENMGJ_01495	2	shell	1	3	2
ONMMKP_01597	contig_4	1515428	1515766	-	ONMMKP_01597	1	cloud	0	1	1
ONMMKP_01598	contig_4	1515858	1516148	+	ONMMKP_01598	1	cloud	0	0	2
ONMMKP_01599	contig_4	1516239	1517693	-	ONMMKP_01599	1	cloud	1	0	1
ONMMKP_01600	contig_4	1517683	1518609	-	BEJGEH_04267	3	persistent	1	3	6
ONMMKP_01601	contig_4	1518606	1518968	-	GEGEGB_02428	2	persistent	3	3	2
ONMMKP_01603	contig_4	1520969	1521565	+	GEGEGB_02434	1	persistent	2	3	2
ONMMKP_01604	contig_4	1522057	1522779	+	LNHIMF_00559	1	persistent	2	1	0
ONMMKP_01605	contig_4	1523383	1524015	+	LNHIMF_00558	1	persistent	2	0	0
ONMMKP_01606	contig_4	1524061	1524579	-	BEJGEH_00562	1	persistent	2	0	0
ONMMKP_01607	contig_4	1524589	1525596	-	LNHIMF_00556	1	persistent	2	0	0
ONMMKP_01608	contig_4	1525611	1528223	-	LNHIMF_00555	1	persistent	2	0	0
ONMMKP_01609	contig_4	1528254	1528946	-	LNHIMF_00554	1	persistent	2	0	0
ONMMKP_01610	contig_4	1528990	1529523	-	GEGEGB_02442	1	persistent	2	0	0
ONMMKP_01611	contig_4	1529598	1530155	-	LNHIMF_00552	1	persistent	2	0	0
ONMMKP_01612	contig_4	1530702	1531568	+	LNHIMF_00551	1	persistent	2	0	0
ONMMKP_01613	contig_4	1531570	1531782	+	GEGEGB_02445	1	persistent	2	0	0
ONMMKP_01614	contig_4	1531910	1532455	+	LNHIMF_00549	1	persistent	3	0	0
ONMMKP_01615	contig_4	1532448	1532885	+	BEJGEH_00553	1	persistent	2	0	0
ONMMKP_01616	contig_4	1532882	1533706	+	BEJGEH_00552	1	persistent	2	0	0
ONMMKP_01617	contig_4	1533750	1535135	-	GEGEGB_02447	1	persistent	3	0	0
ONMMKP_01618	contig_4	1535308	1535802	+	GEGEGB_02448	1	persistent	2	0	0
ONMMKP_01619	contig_4	1535805	1536527	+	LNHIMF_00544	1	persistent	2	0	0
ONMMKP_01620	contig_4	1536645	1537154	+	LNHIMF_00543	1	persistent	2	0	0
ONMMKP_01621	contig_4	1537151	1538218	+	GEGEGB_02451	1	persistent	3	0	0
ONMMKP_01622	contig_4	1538259	1539152	-	GEGEGB_02452	1	persistent	2	0	0
ONMMKP_01623	contig_4	1539156	1539965	-	HFCAGB_00559	1	persistent	2	0	0
ONMMKP_01624	contig_4	1539977	1541236	-	BEJGEH_00544	1	persistent	2	0	0
ONMMKP_01625	contig_4	1541246	1542910	-	HFCAGB_00557	1	persistent	2	0	0
ONMMKP_01626	contig_4	1543226	1544275	+	BEJGEH_00542	1	persistent	2	0	0
ONMMKP_01627	contig_4	1544297	1545532	+	BEJGEH_00541	1	persistent	2	0	0
ONMMKP_01628	contig_4	1545543	1546328	+	GEGEGB_02458	1	persistent	2	0	0
ONMMKP_01630	contig_4	1546408	1547556	-	BEJGEH_00538	1	persistent	2	0	0
ONMMKP_01631	contig_4	1547579	1548877	-	GEGEGB_02461	1	persistent	2	0	0
ONMMKP_01632	contig_4	1548936	1550297	-	GEGEGB_02462	1	persistent	2	0	0
ONMMKP_01633	contig_4	1550376	1551830	-	HFCAGB_00549	1	persistent	2	0	0
ONMMKP_01634	contig_4	1551926	1553173	-	BEJGEH_00534	1	persistent	2	0	0
ONMMKP_01635	contig_4	1553239	1554117	-	BEJGEH_00533	1	persistent	2	0	0
ONMMKP_01636	contig_4	1554217	1554993	-	BEJGEH_00532	1	persistent	2	0	0
ONMMKP_01637	contig_4	1555006	1556787	-	BEJGEH_00531	1	persistent	2	0	0
ONMMKP_01638	contig_4	1556872	1557690	-	BEJGEH_00530	1	persistent	2	0	0
ONMMKP_01639	contig_4	1557769	1558251	-	BEJGEH_00529	1	persistent	2	0	0
ONMMKP_01640	contig_4	1558478	1559404	+	BEJGEH_00528	1	persistent	2	0	0
ONMMKP_01641	contig_4	1559474	1560568	+	BEJGEH_00527	1	persistent	3	0	0
ONMMKP_01642	contig_4	1560607	1561266	-	GEGEGB_02474	1	persistent	2	0	0
ONMMKP_01643	contig_4	1561259	1562275	-	LNHIMF_00539	1	persistent	2	0	0
ONMMKP_01644	contig_4	1562312	1563142	-	LNHIMF_00538	1	persistent	2	0	0
ONMMKP_01645	contig_4	1563399	1564532	-	GEGEGB_02477	1	persistent	2	0	0
ONMMKP_01646	contig_4	1564617	1564721	-	LNHIMF_00536	1	persistent	2	0	0
ONMMKP_01647	contig_4	1564718	1567132	-	LNHIMF_00535	1	persistent	2	0	0
ONMMKP_01648	contig_4	1567129	1567815	-	GEGEGB_02480	1	persistent	2	0	0
ONMMKP_01649	contig_4	1567816	1568400	+	GEGEGB_02481	1	persistent	2	0	0
ONMMKP_01650	contig_4	1568555	1569325	+	GEGEGB_02482	1	persistent	2	0	0
ONMMKP_01651	contig_4	1569385	1570239	+	GEGEGB_02483	1	persistent	2	0	0
ONMMKP_01652	contig_4	1570325	1571104	-	LNHIMF_00530	1	persistent	2	0	0
ONMMKP_01653	contig_4	1571091	1571768	-	LNHIMF_00529	1	persistent	2	0	0
ONMMKP_01654	contig_4	1571915	1572832	+	LNHIMF_00528	1	persistent	2	0	0
ONMMKP_01655	contig_4	1572829	1573281	+	GEGEGB_02487	1	persistent	2	0	0
ONMMKP_01656	contig_4	1573282	1573698	-	LNHIMF_00526	1	persistent	2	0	0
ONMMKP_01657	contig_4	1573808	1576309	+	LNHIMF_00525	1	persistent	3	0	0
ONMMKP_01658	contig_4	1576463	1577290	+	BEJGEH_00510	1	persistent	2	0	0
ONMMKP_01659	contig_4	1577376	1578170	+	BEJGEH_00509	1	persistent	3	0	0
ONMMKP_01661	contig_4	1578372	1578851	+	LNHIMF_00521	1	persistent	2	0	0
ONMMKP_01662	contig_4	1578968	1579882	-	BEJGEH_00506	2	persistent	2	0	0
ONMMKP_01663	contig_4	1579889	1580620	-	BEJGEH_00506	2	persistent	2	0	0
ONMMKP_01664	contig_4	1580793	1582013	+	GEGEGB_02496	1	persistent	2	1	0
ONMMKP_01665	contig_4	1582228	1583904	+	GEGEGB_02498	1	persistent	2	1	0
ONMMKP_01666	contig_4	1583953	1585302	-	GEGEGB_02499	1	persistent	2	0	1
ONMMKP_01667	contig_4	1585410	1586381	+	LNHIMF_00515	1	persistent	2	0	1
ONMMKP_01668	contig_4	1586378	1587340	-	LNHIMF_00514	1	persistent	2	0	0
ONMMKP_01669	contig_4	1587569	1588213	-	GEGEGB_02502	1	persistent	2	0	0
ONMMKP_01670	contig_4	1588571	1590445	-	GEGEGB_02503	1	persistent	2	0	0
ONMMKP_01671	contig_4	1590556	1591161	-	GEGEGB_02504	1	persistent	2	0	0
ONMMKP_01672	contig_4	1591161	1591490	-	GEGEGB_02505	1	persistent	2	0	0
ONMMKP_01673	contig_4	1591536	1593464	-	GEGEGB_02506	1	persistent	2	0	0
ONMMKP_01674	contig_4	1593578	1594129	-	LNHIMF_00508	1	persistent	2	0	1
ONMMKP_01675	contig_4	1594282	1594659	-	GEGEGB_02508	1	persistent	2	0	0
ONMMKP_01676	contig_4	1594740	1595255	+	BEJGEH_00490	1	persistent	2	0	1
ONMMKP_01677	contig_4	1595269	1595436	+	GEGEGB_02510	1	persistent	2	0	0
ONMMKP_01678	contig_4	1595506	1596429	+	LNHIMF_00504	1	persistent	2	0	0
ONMMKP_01679	contig_4	1596471	1599833	-	LNHIMF_00503	1	persistent	2	0	0
ONMMKP_01680	contig_4	1599952	1600605	-	GEGEGB_02513	1	persistent	2	0	0
ONMMKP_01681	contig_4	1600747	1601940	+	GEGEGB_02514	1	persistent	2	0	0
ONMMKP_01682	contig_4	1601963	1605112	+	LNHIMF_03443	2	persistent	4	0	0
ONMMKP_01683	contig_4	1605608	1605982	+	GEGEGB_02516	1	persistent	2	0	0
ONMMKP_01684	contig_4	1606010	1606228	+	GEGEGB_02517	1	persistent	2	0	0
ONMMKP_01685	contig_4	1606407	1606958	+	GEGEGB_02518	1	persistent	2	0	0
ONMMKP_01686	contig_4	1607075	1607545	+	GEGEGB_02519	1	persistent	2	0	1
ONMMKP_01687	contig_4	1607747	1608007	-	GEGEGB_02520	1	persistent	2	0	1
ONMMKP_01688	contig_4	1608232	1609782	+	BEJGEH_00477	1	persistent	2	0	0
ONMMKP_01690	contig_4	1610091	1610402	+	GEGEGB_02523	1	persistent	2	0	0
ONMMKP_01691	contig_4	1610435	1611004	-	GEGEGB_02524	1	persistent	2	0	0
ONMMKP_01692	contig_4	1611219	1612079	+	GEGEGB_02525	1	persistent	2	0	0
ONMMKP_01693	contig_4	1612179	1613465	-	GEGEGB_02526	1	persistent	2	0	0
ONMMKP_01694	contig_4	1613497	1613835	-	GEGEGB_02527	1	persistent	2	0	0
ONMMKP_01695	contig_4	1614048	1615829	-	LNHIMF_00486	1	persistent	2	0	0
ONMMKP_01696	contig_4	1615822	1617594	-	GEGEGB_02529	1	persistent	2	0	0
ONMMKP_01697	contig_4	1617635	1618093	-	GEGEGB_02530	1	persistent	2	0	0
ONMMKP_01698	contig_4	1618206	1619261	+	LNHIMF_00483	1	persistent	2	1	0
ONMMKP_01699	contig_4	1619310	1620128	-	GEGEGB_02535	1	persistent	2	0	1
ONMMKP_01700	contig_4	1620229	1621929	+	GEGEGB_02536	1	persistent	2	0	0
ONMMKP_01701	contig_4	1621994	1622689	+	GEGEGB_02537	1	persistent	2	0	0
ONMMKP_01702	contig_4	1622795	1623193	-	GEGEGB_02538	1	persistent	2	0	0
ONMMKP_01703	contig_4	1623297	1623671	-	GEGEGB_02539	1	persistent	2	0	0
ONMMKP_01704	contig_4	1623821	1625692	-	GEGEGB_02540	1	persistent	2	0	0
ONMMKP_01705	contig_4	1625983	1626255	-	GEGEGB_02541	1	persistent	2	0	0
ONMMKP_01706	contig_4	1626464	1628818	-	GEGEGB_02542	1	persistent	2	0	0
ONMMKP_01708	contig_4	1629004	1630275	-	LNHIMF_00473	1	persistent	2	0	0
ONMMKP_01709	contig_4	1630527	1631150	-	GEGEGB_02545	1	persistent	2	0	0
ONMMKP_01710	contig_4	1631397	1632695	-	GEGEGB_02546	1	persistent	2	0	0
ONMMKP_01711	contig_4	1633042	1633356	-	GEGEGB_02547	1	persistent	2	0	0
ONMMKP_01712	contig_4	1633609	1634241	+	GEGEGB_02548	1	persistent	2	0	0
ONMMKP_01713	contig_4	1634279	1635760	+	GEGEGB_02549	1	persistent	2	0	0
ONMMKP_01714	contig_4	1636213	1637169	+	GEGEGB_02550	1	persistent	2	0	0
ONMMKP_01715	contig_4	1637180	1639171	+	GEGEGB_02551	1	persistent	2	0	0
ONMMKP_01716	contig_4	1639161	1639775	+	LNHIMF_00465	1	persistent	2	0	0
ONMMKP_01717	contig_4	1639775	1640104	+	GEGEGB_02553	1	persistent	2	0	0
ONMMKP_01718	contig_4	1640116	1641006	+	GEGEGB_02554	1	persistent	2	1	1
ONMMKP_01719	contig_4	1641088	1642581	-	AJBGEP_00458	1	shell	2	0	0
ONMMKP_01720	contig_4	1642593	1644104	-	HFCAGB_00461	1	persistent	1	1	2
ONMMKP_01721	contig_4	1644641	1646005	+	GEGEGB_02560	1	persistent	3	0	1
ONMMKP_01722	contig_4	1646052	1646543	-	LNHIMF_00461	1	persistent	2	0	0
ONMMKP_01723	contig_4	1646669	1647580	+	LNHIMF_00460	1	persistent	2	0	0
ONMMKP_01724	contig_4	1647543	1648133	+	GEGEGB_02563	1	persistent	2	0	0
ONMMKP_01725	contig_4	1648230	1649039	-	GEGEGB_02564	1	persistent	2	0	0
ONMMKP_01726	contig_4	1649049	1650152	-	GEGEGB_02565	1	persistent	2	0	0
ONMMKP_01727	contig_4	1650292	1651011	+	GEGEGB_02566	1	persistent	2	0	0
ONMMKP_01728	contig_4	1651209	1652222	+	LNHIMF_00455	1	persistent	2	0	0
ONMMKP_01729	contig_4	1652228	1653337	+	LNHIMF_00454	1	persistent	2	0	0
ONMMKP_01730	contig_4	1653340	1654200	+	HFCAGB_00451	1	persistent	2	0	0
ONMMKP_01731	contig_4	1654203	1655000	+	LNHIMF_00452	1	persistent	2	0	0
ONMMKP_01732	contig_4	1655044	1656492	-	LNHIMF_00451	1	persistent	2	0	0
ONMMKP_01733	contig_4	1656702	1656944	+	GEGEGB_02572	1	persistent	2	0	0
ONMMKP_01734	contig_4	1656945	1657844	+	GEGEGB_02573	1	persistent	2	0	0
ONMMKP_01735	contig_4	1657868	1659730	+	LNHIMF_00448	1	persistent	2	0	0
ONMMKP_01736	contig_4	1659787	1660761	+	LNHIMF_00447	1	persistent	2	0	0
ONMMKP_01737	contig_4	1660865	1661380	-	GEGEGB_02576	1	persistent	2	0	0
ONMMKP_01738	contig_4	1661358	1662338	-	LNHIMF_00445	1	persistent	2	0	0
ONMMKP_01739	contig_4	1662417	1662836	-	LNHIMF_00444	1	persistent	2	0	0
ONMMKP_01740	contig_4	1662857	1663327	-	GEGEGB_02579	1	persistent	2	0	0
ONMMKP_01741	contig_4	1663416	1664519	-	LNHIMF_00442	1	persistent	2	0	0
ONMMKP_01742	contig_4	1664523	1664972	-	GEGEGB_02581	1	persistent	2	0	0
ONMMKP_01743	contig_4	1665124	1665663	+	LNHIMF_00440	1	persistent	2	0	0
ONMMKP_01744	contig_4	1665963	1666826	+	GEGEGB_02583	1	persistent	2	0	0
ONMMKP_01745	contig_4	1666910	1667017	-	LNHIMF_00437	1	persistent	2	0	0
ONMMKP_01747	contig_4	1667456	1667803	-	GEGEGB_02586	1	persistent	2	1	0
ONMMKP_01748	contig_4	1667973	1668665	-	GEGEGB_02587	1	shell	1	1	0
ONMMKP_01749	contig_4	1668691	1669056	-	GEGEGB_02588	1	shell	1	1	0
ONMMKP_01750	contig_4	1669201	1670172	-	GEGEGB_02589	1	persistent	2	1	0
ONMMKP_01751	contig_4	1670183	1671997	-	GEGEGB_02590	1	persistent	2	0	0
ONMMKP_01752	contig_4	1672058	1672390	-	GEGEGB_02591	1	persistent	2	0	0
ONMMKP_01753	contig_4	1672413	1673540	-	LNHIMF_00432	1	persistent	2	0	0
ONMMKP_01754	contig_4	1673737	1674801	-	LNHIMF_00431	1	persistent	2	0	0
ONMMKP_01755	contig_4	1674895	1675476	+	GEGEGB_02594	1	persistent	2	0	0
ONMMKP_01756	contig_4	1675686	1676288	+	GEGEGB_02595	1	persistent	2	0	0
ONMMKP_01757	contig_4	1676360	1678177	-	LNHIMF_00428	1	persistent	2	0	0
ONMMKP_01758	contig_4	1678339	1679709	-	LNHIMF_00427	1	persistent	2	1	0
ONMMKP_01759	contig_4	1679784	1681103	-	GEGEGB_02600	1	persistent	2	1	0
ONMMKP_01760	contig_4	1681512	1682807	-	LNHIMF_00425	1	persistent	2	0	0
ONMMKP_01761	contig_4	1682877	1683566	-	GEGEGB_02602	1	persistent	2	0	0
ONMMKP_01762	contig_4	1683781	1684983	+	LNHIMF_00423	1	persistent	2	0	0
ONMMKP_01763	contig_4	1684980	1688120	+	LNHIMF_00422	1	persistent	2	0	0
ONMMKP_01764	contig_4	1688293	1689330	+	LNHIMF_00421	2	persistent	2	0	0
ONMMKP_01765	contig_4	1689330	1689464	+	LNHIMF_00421	2	persistent	2	0	0
ONMMKP_01766	contig_4	1689486	1690394	-	GEGEGB_02607	1	persistent	2	0	0
ONMMKP_01767	contig_4	1690520	1691431	+	GEGEGB_02608	1	persistent	2	0	0
ONMMKP_01768	contig_4	1691469	1691753	-	GEGEGB_02609	1	persistent	2	0	0
ONMMKP_01769	contig_4	1691824	1692501	-	LNHIMF_00417	1	persistent	2	0	0
ONMMKP_01770	contig_4	1692752	1692943	-	GEGEGB_02612	1	persistent	2	0	0
ONMMKP_01771	contig_4	1692970	1693515	-	GEGEGB_02613	1	persistent	2	0	0
ONMMKP_01772	contig_4	1693700	1694155	-	GEGEGB_02614	1	persistent	2	0	0
ONMMKP_01773	contig_4	1694295	1695104	+	LNHIMF_00413	1	persistent	2	0	0
ONMMKP_01774	contig_4	1695119	1696231	-	LNHIMF_00412	1	persistent	2	0	0
ONMMKP_01775	contig_4	1696323	1696643	-	GEGEGB_02617	1	persistent	2	0	0
ONMMKP_01776	contig_4	1696995	1697255	-	GEGEGB_02618	1	persistent	2	0	0
ONMMKP_01777	contig_4	1697552	1698763	-	GEGEGB_02619	1	persistent	2	0	0
ONMMKP_01778	contig_4	1698932	1699615	-	LNHIMF_00408	1	persistent	2	0	0
ONMMKP_01779	contig_4	1699705	1700817	+	GEGEGB_02621	1	persistent	2	0	0
ONMMKP_01780	contig_4	1700843	1701058	-	GEGEGB_02622	1	persistent	2	0	0
ONMMKP_01781	contig_4	1701326	1701634	+	GEGEGB_02623	1	persistent	2	0	0
ONMMKP_01782	contig_4	1701672	1702766	-	LNHIMF_00404	1	persistent	2	0	0
ONMMKP_01783	contig_4	1702781	1704001	-	LNHIMF_00403	1	persistent	2	0	0
ONMMKP_01784	contig_4	1704348	1705505	+	GEGEGB_02626	1	persistent	2	0	0
ONMMKP_01785	contig_4	1705550	1706173	-	BEJGEH_00383	1	persistent	1	1	3
ONMMKP_01786	contig_4	1706259	1709195	-	AJBGEP_00392	1	shell	2	0	0
ONMMKP_01787	contig_4	1709708	1710682	+	GEGEGB_02629	1	persistent	1	1	3
ONMMKP_01788	contig_4	1710786	1712672	-	LNHIMF_00398	1	persistent	2	0	0
ONMMKP_01789	contig_4	1712713	1714164	-	LNHIMF_00397	1	persistent	2	0	0
ONMMKP_01790	contig_4	1714202	1715371	-	GEGEGB_02632	1	persistent	2	0	0
ONMMKP_01791	contig_4	1715494	1716381	-	GEGEGB_02633	1	persistent	2	0	0
ONMMKP_01792	contig_4	1716647	1718272	+	LNHIMF_00394	1	persistent	2	0	0
ONMMKP_01793	contig_4	1718408	1718683	-	GEGEGB_02635	1	persistent	2	0	0
ONMMKP_01794	contig_4	1718915	1719547	+	LNHIMF_00392	1	persistent	2	0	0
ONMMKP_01795	contig_4	1719588	1721678	-	LNHIMF_00391	1	persistent	2	0	0
ONMMKP_01796	contig_4	1721842	1722846	-	GEGEGB_02638	1	persistent	2	0	0
ONMMKP_01797	contig_4	1723052	1723183	-	GEGEGB_02639	1	persistent	2	0	0
ONMMKP_01798	contig_4	1723183	1724193	-	LNHIMF_00388	1	persistent	2	0	0
ONMMKP_01799	contig_4	1724190	1725593	-	LNHIMF_00387	1	persistent	2	0	0
ONMMKP_01800	contig_4	1725710	1725811	-	GEGEGB_02642	1	persistent	2	0	0
ONMMKP_01801	contig_4	1726088	1729060	-	BEJGEH_00367	1	persistent	2	0	0
ONMMKP_01802	contig_4	1729070	1731028	-	GEGEGB_02645	1	persistent	2	0	0
ONMMKP_01803	contig_4	1731217	1732470	-	LNHIMF_00383	1	persistent	2	0	1
ONMMKP_01804	contig_4	1732763	1732957	-	GEGEGB_02648	1	persistent	3	0	1
ONMMKP_01805	contig_4	1733035	1733499	-	LNHIMF_00381	1	persistent	2	0	0
ONMMKP_01806	contig_4	1733511	1735799	-	HFCAGB_00372	1	persistent	2	0	0
ONMMKP_01807	contig_4	1736076	1737302	+	BEJGEH_00360	1	persistent	2	0	0
ONMMKP_01808	contig_4	1737299	1740466	+	LNHIMF_00378	1	persistent	2	0	0
ONMMKP_01809	contig_4	1740483	1741940	+	BEJGEH_00358	1	persistent	3	0	0
ONMMKP_01810	contig_4	1742010	1742369	-	LNHIMF_00376	1	persistent	2	0	0
ONMMKP_01811	contig_4	1742662	1742871	-	LNHIMF_00375	1	persistent	2	0	0
ONMMKP_01813	contig_4	1743447	1743971	-	GEGEGB_02652	1	persistent	2	0	0
ONMMKP_01814	contig_4	1744373	1744585	-	LNHIMF_00373	2	persistent	2	0	0
ONMMKP_01815	contig_4	1744617	1744859	-	LNHIMF_00373	2	persistent	2	0	0
ONMMKP_01816	contig_4	1744832	1745575	-	LNHIMF_00372	1	persistent	2	0	0
ONMMKP_01817	contig_4	1745675	1747249	-	LNHIMF_00371	1	persistent	2	0	0
ONMMKP_01818	contig_4	1747551	1748051	-	LNHIMF_00370	1	persistent	2	0	0
ONMMKP_01819	contig_4	1748024	1748758	-	LNHIMF_00369	1	persistent	2	0	0
ONMMKP_01820	contig_4	1749422	1749958	+	GEGEGB_02659	1	persistent	2	0	0
ONMMKP_01821	contig_4	1750020	1750781	+	BEJGEH_00348	1	persistent	2	0	0
ONMMKP_01822	contig_4	1750765	1753326	+	LNHIMF_00366	1	persistent	2	0	0
ONMMKP_01823	contig_4	1753331	1754656	+	BEJGEH_00346	1	persistent	2	1	3
ONMMKP_01824	contig_4	1754622	1755380	+	GEGEGB_02664	1	persistent	2	1	1
ONMMKP_01825	contig_4	1755427	1755825	-	BEJGEH_00344	1	persistent	2	2	0
ONMMKP_01826	contig_4	1756517	1756789	+	BEJGEH_00343	1	shell	2	1	0
ONMMKP_01827	contig_4	1756734	1757699	-	BEJGEH_00342	1	shell	0	2	0
ONMMKP_01828	contig_4	1757733	1758647	-	BEJGEH_00341	1	shell	0	2	1
ONMMKP_01829	contig_4	1758647	1759525	-	BEJGEH_00340	1	shell	0	2	0
ONMMKP_01830	contig_4	1759540	1760166	-	BEJGEH_00339	1	shell	0	2	1
ONMMKP_01831	contig_4	1760168	1761589	-	BEJGEH_00338	1	shell	0	2	0
ONMMKP_01832	contig_4	1761721	1762953	-	BEJGEH_00337	1	shell	0	2	0
ONMMKP_01833	contig_4	1763301	1763600	-	BEJGEH_00336	1	shell	0	2	1
ONMMKP_01834	contig_4	1763734	1763862	-	AJBGEP_00346	1	shell	0	4	0
ONMMKP_01835	contig_4	1763807	1764175	-	HFCAGB_00345	1	shell	0	4	0
ONMMKP_01836	contig_4	1764375	1764872	-	PKJKAM_03420	1	shell	1	4	0
ONMMKP_01837	contig_4	1765406	1765681	-	PKJKAM_03421	1	shell	2	3	0
ONMMKP_01839	contig_4	1766036	1767286	-	HFCAGB_00340	1	persistent	2	3	3
ONMMKP_01840	contig_4	1767298	1768401	-	GEGEGB_02668	1	persistent	2	0	0
ONMMKP_01841	contig_4	1768684	1769736	+	GEGEGB_02669	1	persistent	2	0	0
ONMMKP_01842	contig_4	1769787	1770188	-	GEGEGB_02670	1	persistent	2	0	0
ONMMKP_01843	contig_4	1770246	1771490	-	LNHIMF_00344	1	persistent	2	0	0
ONMMKP_01844	contig_4	1771579	1772037	-	GEGEGB_02672	1	persistent	2	0	0
ONMMKP_01845	contig_4	1772286	1773743	+	LNHIMF_00342	1	persistent	2	0	0
ONMMKP_01846	contig_4	1773898	1774512	-	GEGEGB_02674	1	persistent	2	0	0
ONMMKP_01847	contig_4	1774509	1775648	-	LNHIMF_00340	1	persistent	2	0	0
ONMMKP_01848	contig_4	1775867	1776922	-	GEGEGB_02676	1	persistent	2	0	0
ONMMKP_01849	contig_4	1777172	1777912	+	GEGEGB_02677	1	persistent	2	0	0
ONMMKP_01850	contig_4	1777883	1778650	-	LNHIMF_00337	1	persistent	2	0	0
ONMMKP_01851	contig_4	1778863	1779441	-	GEGEGB_02679	1	persistent	2	0	0
ONMMKP_01852	contig_4	1779681	1782125	+	LNHIMF_00335	1	persistent	2	0	0
ONMMKP_01853	contig_4	1782234	1783001	+	LNHIMF_00334	1	persistent	2	0	0
ONMMKP_01854	contig_4	1783372	1783779	+	GEGEGB_02682	1	persistent	2	0	0
ONMMKP_01855	contig_4	1784124	1784843	+	LNHIMF_00332	1	persistent	2	0	3
ONMMKP_01856	contig_4	1785270	1785428	-	ALJMDI_04306	1	cloud	1	0	1
ONMMKP_01857	contig_4	1785806	1786423	-	ONMMKP_01857	1	cloud	1	0	2
ONMMKP_01858	contig_4	1786563	1787018	-	GEGEGB_02685	1	cloud	1	0	4
ONMMKP_01859	contig_4	1787151	1788257	-	ONMMKP_01859	1	cloud	0	0	2
ONMMKP_01860	contig_4	1788280	1790967	-	LNHIMF_00327	1	cloud	0	0	4
ONMMKP_01861	contig_4	1791076	1791651	-	BENMGJ_03898	1	cloud	0	0	2
ONMMKP_01862	contig_4	1791702	1792337	-	GEGEGB_02689	1	cloud	0	0	3
ONMMKP_01863	contig_4	1793627	1794004	+	GEGEGB_02690	1	cloud	1	1	4
ONMMKP_01864	contig_4	1794550	1795497	-	LNHIMF_00321	1	persistent	2	1	4
ONMMKP_01865	contig_4	1796314	1797135	-	LNHIMF_00320	1	persistent	2	0	1
ONMMKP_01866	contig_4	1797543	1798013	-	GEGEGB_02695	1	persistent	2	0	0
ONMMKP_01867	contig_4	1798035	1800545	-	BEJGEH_00308	1	persistent	2	0	0
ONMMKP_01868	contig_4	1800569	1801174	-	PAPNPA_01873	1	persistent	1	2	3
ONMMKP_01869	contig_4	1801390	1801890	-	PAPNPA_01872	1	cloud	1	2	0
ONMMKP_01870	contig_4	1802654	1802932	-	AJBGEP_00317	1	shell	1	4	4
ONMMKP_01871	contig_4	1803672	1804208	+	GEGEGB_02731	1	shell	0	3	1
ONMMKP_01872	contig_4	1805115	1806641	-	ONMMKP_01872	1	cloud	0	1	1
ONMMKP_01873	contig_4	1806711	1806890	-	ONMMKP_01873	1	cloud	0	0	2
ONMMKP_01874	contig_4	1806994	1808844	+	ONMMKP_01874	1	cloud	0	0	2
ONMMKP_01875	contig_4	1809162	1810571	-	ONMMKP_01875	1	cloud	0	0	2
ONMMKP_01876	contig_4	1810681	1811334	-	ONMMKP_01876	1	cloud	0	0	2
ONMMKP_01877	contig_4	1811946	1812821	+	ONMMKP_01877	1	cloud	0	0	2
ONMMKP_01878	contig_4	1812852	1813040	+	ONMMKP_01878	1	cloud	0	0	2
ONMMKP_01879	contig_4	1813082	1813795	+	ONMMKP_01879	1	cloud	0	0	2
ONMMKP_01880	contig_4	1813792	1814358	+	ONMMKP_01880	1	cloud	0	0	2
ONMMKP_01881	contig_4	1814395	1814847	+	ONMMKP_01881	1	cloud	0	0	2
ONMMKP_01882	contig_4	1814844	1815296	+	ONMMKP_01882	1	cloud	0	0	2
ONMMKP_01883	contig_4	1815359	1815898	+	ONMMKP_01883	1	cloud	0	0	2
ONMMKP_01884	contig_4	1816173	1816586	+	ONMMKP_01884	1	cloud	0	0	2
ONMMKP_01885	contig_4	1816656	1816931	+	ONMMKP_01885	1	cloud	0	0	2
ONMMKP_01886	contig_4	1817037	1817855	+	ONMMKP_01886	1	cloud	0	0	2
ONMMKP_01888	contig_4	1818725	1819183	+	ONMMKP_01888	1	cloud	0	0	2
ONMMKP_01889	contig_4	1819194	1819673	+	ONMMKP_01889	1	cloud	0	0	2
ONMMKP_01890	contig_4	1819689	1819979	+	ONMMKP_01890	1	cloud	0	0	2
ONMMKP_01891	contig_4	1819976	1820197	+	ONMMKP_01891	1	cloud	0	0	2
ONMMKP_01892	contig_4	1820215	1820583	+	ONMMKP_01892	1	cloud	0	0	2
ONMMKP_01893	contig_4	1820555	1820926	+	ONMMKP_01893	1	cloud	0	0	2
ONMMKP_01894	contig_4	1820923	1821567	+	ONMMKP_01894	1	cloud	0	0	2
ONMMKP_01895	contig_4	1821509	1822003	+	ONMMKP_01895	1	cloud	0	0	2
ONMMKP_01896	contig_4	1822000	1822491	+	ONMMKP_01896	1	cloud	0	0	2
ONMMKP_01897	contig_4	1822789	1823634	+	ONMMKP_01897	1	cloud	1	0	1
ONMMKP_01899	contig_4	1823984	1824724	-	GEGEGB_02739	1	persistent	2	0	2
ONMMKP_01900	contig_4	1824779	1825246	+	GEGEGB_02740	1	persistent	2	0	0
ONMMKP_01901	contig_4	1825243	1825965	-	LNHIMF_00274	1	persistent	2	0	0
ONMMKP_01902	contig_4	1826000	1826755	+	LNHIMF_00273	1	persistent	2	0	0
ONMMKP_01903	contig_4	1826974	1828194	+	GEGEGB_02743	1	persistent	2	0	0
ONMMKP_01904	contig_4	1828250	1829020	-	LNHIMF_00271	1	persistent	2	0	0
ONMMKP_01905	contig_4	1829098	1829898	-	LNHIMF_00270	1	persistent	2	0	0
ONMMKP_01906	contig_4	1830030	1831205	-	LNHIMF_00269	1	persistent	2	0	0
ONMMKP_01907	contig_4	1831310	1832224	+	LNHIMF_00268	1	persistent	2	0	0
ONMMKP_01908	contig_4	1832245	1833048	-	LNHIMF_00267	1	persistent	3	0	0
ONMMKP_01913	contig_5	983	1549	-	GEGEGB_00270	1	persistent	3	0	0
ONMMKP_01914	contig_5	1739	2770	+	LNHIMF_00258	1	persistent	2	0	0
ONMMKP_01915	contig_5	2763	3416	+	LNHIMF_00257	1	persistent	2	0	0
ONMMKP_01916	contig_5	3455	4270	+	LNHIMF_00256	1	persistent	2	0	0
ONMMKP_01917	contig_5	4389	4793	+	GEGEGB_00266	1	persistent	2	0	0
ONMMKP_01918	contig_5	4790	5497	+	LNHIMF_00254	1	persistent	2	0	0
ONMMKP_01919	contig_5	5608	7326	+	GEGEGB_00264	1	persistent	2	1	1
ONMMKP_01920	contig_5	7400	8101	-	GEGEGB_00260	1	persistent	2	2	0
ONMMKP_01921	contig_5	8133	8555	-	GEGEGB_00259	1	persistent	2	0	0
ONMMKP_01922	contig_5	8552	9097	-	GEGEGB_00258	1	persistent	2	0	0
ONMMKP_01923	contig_5	9295	9495	+	GEGEGB_00257	1	persistent	2	0	0
ONMMKP_01924	contig_5	9482	9742	+	GEGEGB_00256	1	persistent	2	0	0
ONMMKP_01925	contig_5	9826	11118	-	GEGEGB_00255	1	persistent	2	0	0
ONMMKP_01926	contig_5	11181	11570	-	GEGEGB_00254	1	persistent	2	0	0
ONMMKP_01927	contig_5	11626	13767	-	LNHIMF_00245	1	persistent	2	0	0
ONMMKP_01928	contig_5	13843	14916	-	BEJGEH_00257	2	persistent	2	1	0
ONMMKP_01929	contig_5	15118	15606	-	BEJGEH_00257	2	persistent	2	1	0
ONMMKP_01930	contig_5	15786	16745	-	GEGEGB_00248	1	persistent	2	1	0
ONMMKP_01931	contig_5	16758	20240	-	GEGEGB_00247	1	persistent	2	0	0
ONMMKP_01932	contig_5	20264	20860	-	GEGEGB_00246	1	persistent	2	0	0
ONMMKP_01933	contig_5	20857	22005	-	GEGEGB_00245	1	persistent	2	0	0
ONMMKP_01934	contig_5	22005	22793	-	LNHIMF_00238	1	persistent	2	0	0
ONMMKP_01935	contig_5	22797	23252	-	GEGEGB_00243	1	persistent	2	0	0
ONMMKP_01936	contig_5	23358	24383	-	GEGEGB_00242	1	persistent	2	0	0
ONMMKP_01937	contig_5	24387	24872	-	GEGEGB_00241	1	persistent	2	0	0
ONMMKP_01938	contig_5	24995	27427	-	GEGEGB_00240	1	persistent	2	0	0
ONMMKP_01939	contig_5	27459	28811	-	GEGEGB_00239	1	persistent	2	0	0
ONMMKP_01940	contig_5	28823	29680	-	GEGEGB_00238	1	persistent	2	0	0
ONMMKP_01941	contig_5	29693	30451	-	BEJGEH_00245	1	persistent	2	0	0
ONMMKP_01942	contig_5	30764	31960	-	LNHIMF_00230	1	persistent	2	0	0
ONMMKP_01943	contig_5	32102	32659	-	GEGEGB_00235	1	persistent	2	0	0
ONMMKP_01944	contig_5	32806	33531	-	GEGEGB_00234	1	persistent	2	0	0
ONMMKP_01945	contig_5	33676	34599	-	GEGEGB_00233	1	persistent	2	0	0
ONMMKP_01947	contig_5	34785	35510	-	GEGEGB_00231	1	persistent	2	0	0
ONMMKP_01949	contig_5	35961	36755	+	GEGEGB_00229	1	persistent	2	0	1
ONMMKP_01950	contig_5	36993	39665	+	GEGEGB_00228	1	persistent	2	0	0
ONMMKP_01951	contig_5	39695	40519	+	LNHIMF_00221	1	persistent	2	0	0
ONMMKP_01952	contig_5	40556	41857	-	BEJGEH_00234	1	persistent	2	0	1
ONMMKP_01953	contig_5	42104	42490	+	GEGEGB_00224	1	persistent	2	0	2
ONMMKP_01954	contig_5	42579	43736	-	GEGEGB_00223	1	persistent	2	0	1
ONMMKP_01955	contig_5	43889	45316	-	LNHIMF_00216	1	persistent	2	0	0
ONMMKP_01956	contig_5	45446	46963	-	GEGEGB_00221	1	persistent	2	0	0
ONMMKP_01957	contig_5	47048	47746	+	GEGEGB_00220	1	persistent	2	0	0
ONMMKP_01958	contig_5	47739	48539	+	LNHIMF_00213	1	persistent	2	0	0
ONMMKP_01959	contig_5	48576	49199	+	GEGEGB_00218	1	persistent	2	0	1
ONMMKP_01960	contig_5	49300	49644	-	GEGEGB_00217	1	persistent	2	0	1
ONMMKP_01961	contig_5	49726	51147	-	LNHIMF_00210	1	persistent	2	0	0
ONMMKP_01962	contig_5	51317	52597	+	GEGEGB_00215	1	persistent	2	1	1
ONMMKP_01963	contig_5	52705	53553	-	BENMGJ_00223	1	cloud	1	1	0
ONMMKP_01964	contig_5	53550	54080	-	HFCAGB_00211	1	shell	0	2	1
ONMMKP_01965	contig_5	54080	54556	-	BEJGEH_00220	1	shell	0	2	0
ONMMKP_01966	contig_5	54553	55065	-	BEJGEH_00219	1	shell	0	2	0
ONMMKP_01967	contig_5	55084	55836	-	BEJGEH_00218	1	shell	0	2	0
ONMMKP_01968	contig_5	55854	58511	-	HFCAGB_00207	1	shell	0	2	0
ONMMKP_01969	contig_5	58597	59157	-	BEJGEH_00216	1	shell	1	2	1
ONMMKP_01970	contig_5	60097	62154	-	LNHIMF_00208	1	persistent	2	2	1
ONMMKP_01971	contig_5	62151	63041	-	LNHIMF_00207	1	persistent	2	0	0
ONMMKP_01972	contig_5	63041	63838	-	GEGEGB_00212	1	persistent	2	0	1
ONMMKP_01973	contig_5	63887	66076	-	LNHIMF_00205	1	persistent	2	0	0
ONMMKP_01974	contig_5	66369	68891	-	LNHIMF_00204	1	persistent	2	0	1
ONMMKP_01975	contig_5	69032	71506	-	LNHIMF_00203	1	persistent	2	0	0
ONMMKP_01976	contig_5	71534	72064	+	GEGEGB_00207	1	persistent	2	0	0
ONMMKP_01977	contig_5	72081	72785	+	LNHIMF_00201	1	persistent	2	0	0
ONMMKP_01978	contig_5	72962	73417	+	GEGEGB_00205	1	persistent	2	0	0
ONMMKP_01979	contig_5	73441	74382	+	GEGEGB_00204	1	persistent	2	0	0
ONMMKP_01980	contig_5	74523	75941	+	LNHIMF_00198	1	persistent	2	0	0
ONMMKP_01981	contig_5	75938	76417	+	GEGEGB_00202	1	persistent	2	0	2
ONMMKP_01982	contig_5	76538	77329	+	LNHIMF_00189	1	persistent	2	0	2
ONMMKP_01983	contig_5	77455	78309	+	LNHIMF_00188	1	persistent	2	0	0
ONMMKP_01984	contig_5	78404	78784	+	GEGEGB_00192	1	persistent	2	0	1
ONMMKP_01985	contig_5	79062	79667	+	BENMGJ_01512	1	cloud	1	0	1
ONMMKP_01986	contig_5	79754	80506	+	ONMMKP_01986	1	cloud	0	0	2
ONMMKP_01987	contig_5	80574	83171	+	BENMGJ_01514	1	cloud	0	0	2
ONMMKP_01988	contig_5	83206	83778	+	BENMGJ_01515	1	cloud	0	0	2
ONMMKP_01989	contig_5	83805	84362	+	BENMGJ_01516	1	cloud	0	0	2
ONMMKP_01990	contig_5	84381	84980	+	BENMGJ_01517	1	cloud	0	0	2
ONMMKP_01991	contig_5	84992	86053	+	BENMGJ_01518	1	cloud	1	0	1
ONMMKP_01992	contig_5	86055	87284	-	BEJGEH_00199	1	persistent	2	0	1
ONMMKP_01993	contig_5	87346	87786	-	LNHIMF_00185	1	persistent	3	0	0
ONMMKP_01994	contig_5	88156	88695	+	PAPNPA_03682	1	persistent	2	0	0
ONMMKP_01995	contig_5	88743	89426	+	BEJGEH_00196	1	persistent	2	0	0
ONMMKP_01996	contig_5	89441	91999	+	LNHIMF_00182	1	persistent	2	0	0
ONMMKP_01997	contig_5	92008	93084	+	BEJGEH_00194	1	persistent	2	0	0
ONMMKP_01998	contig_5	93198	93968	-	GEGEGB_00189	1	persistent	3	0	0
ONMMKP_01999	contig_5	93965	94891	-	LNHIMF_00179	1	persistent	2	0	0
ONMMKP_02000	contig_5	95000	95662	+	LNHIMF_00178	1	persistent	2	0	0
ONMMKP_02001	contig_5	95720	96256	-	LNHIMF_00177	1	persistent	2	0	0
ONMMKP_02002	contig_5	96462	98852	+	GEGEGB_00185	1	persistent	2	0	0
ONMMKP_02003	contig_5	98930	100540	-	GEGEGB_00184	1	persistent	2	0	0
ONMMKP_02004	contig_5	100703	101089	+	GEGEGB_00183	1	persistent	2	0	0
ONMMKP_02005	contig_5	101196	102056	+	BEJGEH_00186	1	persistent	2	0	0
ONMMKP_02006	contig_5	102077	102871	+	GEGEGB_00181	1	persistent	2	0	0
ONMMKP_02007	contig_5	102901	103668	-	GEGEGB_00180	1	persistent	2	0	0
ONMMKP_02008	contig_5	103678	104661	-	LNHIMF_00170	1	persistent	2	0	0
ONMMKP_02009	contig_5	104651	105922	-	LNHIMF_00169	1	persistent	2	0	0
ONMMKP_02010	contig_5	105919	106872	-	GEGEGB_00177	1	persistent	2	0	0
ONMMKP_02011	contig_5	107107	107469	-	BEJGEH_00180	1	persistent	2	1	1
ONMMKP_02012	contig_5	107740	108063	+	BEJGEH_00179	1	shell	1	1	1
ONMMKP_02013	contig_5	108473	108937	+	BEJGEH_00178	1	shell	1	1	2
ONMMKP_02014	contig_5	108977	111574	-	GEGEGB_00175	1	persistent	2	1	2
ONMMKP_02015	contig_5	111963	113558	+	GEGEGB_00174	1	persistent	2	0	0
ONMMKP_02016	contig_5	113571	114362	+	GEGEGB_00173	1	persistent	2	0	0
ONMMKP_02017	contig_5	114400	114684	-	GEGEGB_00172	1	persistent	2	0	0
ONMMKP_02019	contig_5	114973	116397	-	GEGEGB_00170	1	persistent	2	0	0
ONMMKP_02020	contig_5	116599	118488	-	BEJGEH_00166	1	persistent	2	0	0
ONMMKP_02021	contig_5	118503	121166	-	GEGEGB_00168	1	persistent	2	0	0
ONMMKP_02023	contig_5	121326	122090	-	GEGEGB_00166	1	persistent	2	0	0
ONMMKP_02024	contig_5	122656	124026	+	GEGEGB_00165	1	persistent	2	0	0
ONMMKP_02025	contig_5	124190	125596	+	BEJGEH_00161	1	persistent	2	0	0
ONMMKP_02026	contig_5	125596	126546	+	LNHIMF_00154	1	persistent	2	0	0
ONMMKP_02027	contig_5	126638	127492	-	LNHIMF_00153	1	persistent	2	0	0
ONMMKP_02028	contig_5	127489	128052	-	GEGEGB_00161	1	persistent	2	0	0
ONMMKP_02029	contig_5	128140	129033	+	LNHIMF_00151	1	persistent	2	0	0
ONMMKP_02030	contig_5	129255	129692	+	GEGEGB_00159	1	persistent	2	0	0
ONMMKP_02031	contig_5	129702	131087	+	LNHIMF_00149	1	persistent	2	0	0
ONMMKP_02032	contig_5	131077	132279	+	LNHIMF_00148	1	persistent	2	0	0
ONMMKP_02033	contig_5	132310	133353	-	GEGEGB_00156	1	persistent	2	0	0
ONMMKP_02034	contig_5	133579	134199	+	GEGEGB_00155	1	persistent	2	0	0
ONMMKP_02035	contig_5	134199	134942	+	GEGEGB_00154	1	persistent	2	0	0
ONMMKP_02036	contig_5	134952	135143	+	GEGEGB_00153	1	persistent	2	0	1
ONMMKP_02037	contig_5	135140	136063	-	BEJGEH_00149	1	cloud	2	0	1
ONMMKP_02038	contig_5	136167	137156	+	BEJGEH_00148	1	cloud	1	0	1
ONMMKP_02039	contig_5	137190	137585	-	GEGEGB_00150	1	persistent	2	0	2
ONMMKP_02041	contig_5	137737	140442	-	LNHIMF_00141	1	persistent	2	0	0
ONMMKP_02042	contig_5	140504	141001	-	GEGEGB_00147	1	persistent	2	0	0
ONMMKP_02043	contig_5	141281	142198	-	LNHIMF_00139	1	persistent	2	0	0
ONMMKP_02044	contig_5	142299	143450	-	LNHIMF_00138	1	persistent	2	0	0
ONMMKP_02046	contig_5	143511	144773	-	GEGEGB_00143	1	persistent	2	0	0
ONMMKP_02047	contig_5	144770	145600	-	GEGEGB_00142	1	persistent	2	0	0
ONMMKP_02048	contig_5	145602	146522	-	HFCAGB_00133	1	persistent	2	0	0
ONMMKP_02049	contig_5	146515	147990	-	GEGEGB_00140	1	persistent	2	0	0
ONMMKP_02050	contig_5	148109	149176	-	LNHIMF_00132	1	persistent	2	0	0
ONMMKP_02051	contig_5	149173	150417	-	GEGEGB_00138	1	persistent	2	0	0
ONMMKP_02052	contig_5	150417	151733	-	LNHIMF_00130	1	persistent	2	0	0
ONMMKP_02053	contig_5	151736	152818	-	GEGEGB_00136	1	persistent	2	0	0
ONMMKP_02054	contig_5	152812	154170	-	LNHIMF_00128	1	persistent	2	0	0
ONMMKP_02055	contig_5	154167	155654	-	GEGEGB_00134	1	persistent	2	0	0
ONMMKP_02056	contig_5	155641	157407	-	GEGEGB_00133	1	persistent	2	0	0
ONMMKP_02057	contig_5	157423	157788	-	GEGEGB_00132	1	persistent	2	0	0
ONMMKP_02058	contig_5	157785	158726	-	LNHIMF_00124	1	persistent	2	0	0
ONMMKP_02059	contig_5	158728	159186	-	LNHIMF_00123	1	persistent	2	0	0
ONMMKP_02060	contig_5	159792	160796	-	GEGEGB_00129	1	persistent	2	0	0
ONMMKP_02061	contig_5	161081	161575	-	LNHIMF_00121	1	persistent	2	0	0
ONMMKP_02062	contig_5	161575	163299	-	BEJGEH_00124	1	persistent	2	0	0
ONMMKP_02063	contig_5	163621	164565	-	LNHIMF_00119	1	persistent	2	0	0
ONMMKP_02064	contig_5	165222	165308	+	LNHIMF_00118	1	persistent	2	0	0
ONMMKP_02065	contig_5	165396	166967	+	LNHIMF_00117	1	persistent	2	0	0
ONMMKP_02066	contig_5	166967	168058	+	LNHIMF_00116	1	persistent	2	0	0
ONMMKP_02067	contig_5	168061	169461	+	GEGEGB_00122	1	persistent	2	0	0
ONMMKP_02068	contig_5	169472	170077	+	LNHIMF_00114	1	persistent	2	0	1
ONMMKP_02069	contig_5	170131	170412	-	HFCAGB_00112	1	cloud	2	0	0
ONMMKP_02071	contig_5	170730	170852	-	GEGEGB_00120	1	persistent	2	0	1
ONMMKP_02072	contig_5	170945	172603	+	GEGEGB_00118	1	persistent	2	0	0
ONMMKP_02073	contig_5	172781	173764	+	GEGEGB_00117	1	persistent	2	0	0
ONMMKP_02074	contig_5	173740	175350	+	LNHIMF_00109	1	persistent	2	0	0
ONMMKP_02075	contig_5	175334	176041	+	GEGEGB_00115	1	persistent	2	0	0
ONMMKP_02076	contig_5	176080	176847	-	GEGEGB_00114	1	persistent	2	0	0
ONMMKP_02077	contig_5	176966	177811	-	LNHIMF_00106	1	persistent	2	0	0
ONMMKP_02078	contig_5	178152	179861	+	GEGEGB_00112	1	persistent	2	0	0
ONMMKP_02079	contig_5	179872	181374	+	LNHIMF_00104	1	persistent	2	0	0
ONMMKP_02080	contig_5	181515	182210	+	BEJGEH_00107	1	persistent	2	0	1
ONMMKP_02081	contig_5	182216	182635	-	GEGEGB_00109	1	persistent	2	0	1
ONMMKP_02082	contig_5	183153	183773	+	HFCAGB_00098	1	persistent	2	0	1
ONMMKP_02083	contig_5	183817	186168	+	LNHIMF_00100	1	persistent	2	0	2
ONMMKP_02084	contig_5	186342	189248	+	GEGEGB_00103	1	persistent	2	0	0
ONMMKP_02085	contig_5	189260	189919	+	LNHIMF_00098	1	persistent	2	0	0
ONMMKP_02086	contig_5	190014	190826	-	GEGEGB_00101	1	persistent	2	0	0
ONMMKP_02087	contig_5	191080	193440	+	GEGEGB_00100	1	persistent	2	0	0
ONMMKP_02088	contig_5	193494	194780	+	GEGEGB_00099	1	persistent	2	0	0
ONMMKP_02089	contig_5	194780	195769	+	GEGEGB_00098	1	persistent	2	0	0
ONMMKP_02090	contig_5	195766	196587	+	GEGEGB_00097	1	persistent	2	0	0
ONMMKP_02091	contig_5	196590	196967	+	LNHIMF_00092	1	persistent	2	0	0
ONMMKP_02092	contig_5	196978	197826	+	GEGEGB_00095	1	persistent	2	0	0
ONMMKP_02093	contig_5	197933	198412	-	GEGEGB_00094	1	persistent	2	0	0
ONMMKP_02094	contig_5	198611	200473	-	GEGEGB_00093	1	persistent	2	0	0
ONMMKP_02095	contig_5	200466	200996	-	LNHIMF_00088	1	persistent	3	0	0
ONMMKP_02096	contig_5	201403	203292	-	BEJGEH_00088	1	persistent	2	0	0
ONMMKP_02097	contig_5	204190	204480	+	GEGEGB_00088	1	persistent	2	0	0
ONMMKP_02099	contig_5	204704	205126	-	GEGEGB_00086	1	persistent	2	0	0
ONMMKP_02100	contig_5	205420	205650	-	GEGEGB_00085	1	persistent	3	0	0
ONMMKP_02101	contig_5	205739	207079	-	GEGEGB_00084	1	persistent	2	0	0
ONMMKP_02103	contig_5	207226	207513	-	GEGEGB_00082	1	persistent	2	0	0
ONMMKP_02104	contig_5	207510	208796	-	GEGEGB_00081	1	persistent	2	0	0
ONMMKP_02105	contig_5	208846	209787	-	GEGEGB_00080	1	persistent	2	0	0
ONMMKP_02106	contig_5	209803	210573	-	GEGEGB_00079	1	persistent	2	0	0
ONMMKP_02107	contig_5	211054	212571	+	LNHIMF_00076	1	persistent	2	0	0
ONMMKP_02108	contig_5	212606	213748	+	GEGEGB_00077	1	persistent	2	0	0
ONMMKP_02109	contig_5	213860	215077	+	GEGEGB_00076	1	persistent	2	0	0
ONMMKP_02110	contig_5	215140	216693	+	LNHIMF_00073	1	persistent	2	0	0
ONMMKP_02111	contig_5	216747	217532	+	LNHIMF_00072	1	persistent	2	0	0
ONMMKP_02112	contig_5	217642	218238	+	GEGEGB_00073	1	persistent	2	0	0
ONMMKP_02113	contig_5	218316	218711	-	GEGEGB_00072	1	persistent	2	1	0
ONMMKP_02114	contig_5	218985	222212	-	LNHIMF_00069	1	persistent	2	1	0
ONMMKP_02115	contig_5	222231	223379	-	LNHIMF_00068	1	persistent	2	1	1
ONMMKP_02116	contig_5	224241	225062	-	GEGEGB_00069	1	persistent	2	1	1
ONMMKP_02117	contig_5	225242	226150	-	LNHIMF_00065	1	persistent	2	0	0
ONMMKP_02118	contig_5	226128	226679	-	GEGEGB_00067	1	persistent	2	0	0
ONMMKP_02119	contig_5	226679	228199	-	LNHIMF_00063	1	persistent	2	0	0
ONMMKP_02120	contig_5	228210	229079	-	LNHIMF_00062	1	persistent	2	0	0
ONMMKP_02121	contig_5	229076	229369	-	GEGEGB_00064	1	persistent	2	0	0
ONMMKP_02122	contig_5	229399	230367	-	GEGEGB_00063	1	persistent	2	0	0
ONMMKP_02123	contig_5	230687	232027	+	GEGEGB_00062	1	persistent	2	0	0
ONMMKP_02124	contig_5	232186	232425	+	AJBGEP_03535	3	persistent	3	1	0
ONMMKP_02125	contig_5	232441	234210	+	GEGEGB_00060	3	persistent	2	0	1
ONMMKP_02126	contig_5	234226	235527	+	LNHIMF_00056	3	persistent	4	0	0
ONMMKP_02127	contig_5	235623	237281	+	BEJGEH_00056	1	persistent	2	0	0
ONMMKP_02128	contig_5	237283	237969	+	GEGEGB_00057	1	persistent	2	0	0
ONMMKP_02129	contig_5	237991	238911	-	GEGEGB_00056	1	persistent	2	0	0
ONMMKP_02130	contig_5	238927	240129	-	AJBGEP_00052	1	persistent	2	0	0
ONMMKP_02132	contig_5	240329	241279	-	GEGEGB_00053	1	persistent	2	0	0
ONMMKP_02133	contig_5	241282	241731	-	GEGEGB_00052	1	persistent	2	0	0
ONMMKP_02134	contig_5	241886	242386	-	LNHIMF_00048	1	persistent	2	0	0
ONMMKP_02135	contig_5	242386	245220	-	LNHIMF_00047	1	persistent	2	0	0
ONMMKP_02136	contig_5	245265	246203	-	GEGEGB_00049	1	persistent	2	0	1
ONMMKP_02137	contig_5	246532	246795	+	GEGEGB_00048	1	cloud	2	0	0
ONMMKP_02138	contig_5	247251	248624	+	LNHIMF_00044	1	persistent	2	0	1
ONMMKP_02139	contig_5	248664	250703	+	LNHIMF_00043	1	persistent	2	0	0
ONMMKP_02140	contig_5	250758	251651	-	GEGEGB_00045	1	persistent	2	0	0
ONMMKP_02141	contig_5	251719	252885	-	LNHIMF_00041	1	persistent	2	0	1
ONMMKP_02142	contig_5	253048	253209	-	LNHIMF_00040	1	persistent	1	1	1
ONMMKP_02143	contig_5	253197	253454	-	PAPNPA_03530	1	cloud	2	0	1
ONMMKP_02144	contig_5	253573	254826	-	PAPNPA_03529	1	cloud	0	0	2
ONMMKP_02145	contig_5	254844	256040	-	ONMMKP_02145	1	cloud	1	0	1
ONMMKP_02146	contig_5	256144	257637	-	LNHIMF_00037	1	persistent	0	2	2
ONMMKP_02147	contig_5	257658	258422	-	ALJMDI_04058	1	cloud	1	0	2
ONMMKP_02148	contig_5	259006	259353	-	PAPNPA_03525	1	cloud	0	0	2
ONMMKP_02149	contig_5	259398	259589	-	PAPNPA_03524	1	cloud	1	0	3
ONMMKP_02150	contig_5	260337	260786	+	GEGEGB_00034	1	persistent	1	1	1
ONMMKP_02151	contig_5	260886	261173	-	LNHIMF_00030	1	persistent	2	1	0
ONMMKP_02152	contig_5	261212	262057	-	LNHIMF_00029	1	persistent	2	0	1
ONMMKP_02153	contig_5	262122	262550	-	LNHIMF_00028	1	persistent	2	0	0
ONMMKP_02154	contig_5	262819	263337	-	GEGEGB_00030	1	persistent	2	0	0
ONMMKP_02155	contig_5	263353	263898	-	LNHIMF_00026	1	persistent	2	0	0
ONMMKP_02156	contig_5	263899	264906	-	LNHIMF_00025	1	persistent	2	0	0
ONMMKP_02157	contig_5	264907	267528	-	LNHIMF_00024	1	persistent	2	0	0
ONMMKP_02158	contig_5	267533	268219	-	LNHIMF_00023	1	persistent	2	0	0
ONMMKP_02159	contig_5	268320	268862	-	LNHIMF_00022	1	persistent	2	0	0
ONMMKP_02160	contig_5	269292	269996	-	BEJGEH_00022	1	persistent	2	0	0
ONMMKP_02161	contig_5	270277	273273	-	LNHIMF_00020	1	persistent	2	0	0
ONMMKP_02162	contig_5	273365	275464	-	BEJGEH_00020	1	persistent	2	0	0
ONMMKP_02163	contig_5	275845	276288	+	GEGEGB_00018	1	persistent	2	0	0
ONMMKP_02164	contig_5	276305	276838	+	LNHIMF_00017	1	persistent	2	0	0
ONMMKP_02165	contig_5	276899	277243	-	LNHIMF_00016	1	persistent	2	0	0
ONMMKP_02166	contig_5	277370	278317	-	GEGEGB_00015	1	persistent	2	0	1
ONMMKP_02167	contig_5	278602	279741	-	GEGEGB_00014	1	persistent	2	0	1
ONMMKP_02169	contig_5	279827	281743	-	GEGEGB_00012	1	persistent	2	0	0
ONMMKP_02170	contig_5	282092	282496	+	GEGEGB_00011	1	persistent	2	0	0
ONMMKP_02171	contig_5	282532	283245	+	GEGEGB_00010	1	persistent	2	0	0
ONMMKP_02172	contig_5	283395	283961	+	GEGEGB_00009	1	persistent	2	0	0
ONMMKP_02173	contig_5	284018	284608	-	GEGEGB_00008	1	persistent	2	0	0
ONMMKP_02174	contig_5	284719	285672	-	GEGEGB_00007	1	persistent	2	0	0
ONMMKP_02175	contig_5	285941	287371	+	GEGEGB_00006	1	persistent	2	0	0
ONMMKP_02176	contig_5	287450	288223	+	GEGEGB_00005	1	persistent	2	0	0
ONMMKP_02177	contig_5	288317	289603	-	GEGEGB_00004	1	persistent	2	0	0
ONMMKP_02178	contig_5	289607	290536	-	GEGEGB_00003	1	persistent	2	0	0
ONMMKP_02179	contig_5	290538	293000	-	GEGEGB_00002	1	persistent	2	0	0
ONMMKP_02180	contig_5	293082	293168	-	GEGEGB_00001	1	persistent	2	0	0
ONMMKP_02181	contig_5	293361	294047	-	LNHIMF_04663	1	persistent	2	0	0
ONMMKP_02182	contig_5	294683	295399	+	GEGEGB_04897	1	persistent	2	0	1
ONMMKP_02183	contig_5	295666	295980	+	BEJGEH_04700	1	persistent	2	0	0
ONMMKP_02184	contig_5	296365	297036	+	GEGEGB_04895	1	persistent	2	0	1
ONMMKP_02185	contig_5	297375	297920	+	LNHIMF_04659	1	persistent	2	0	0
ONMMKP_02186	contig_5	297991	298674	+	LNHIMF_04658	1	persistent	2	0	0
ONMMKP_02187	contig_5	298720	301257	+	LNHIMF_04657	1	persistent	2	0	0
ONMMKP_02188	contig_5	301275	301832	+	LNHIMF_04656	1	persistent	2	0	1
ONMMKP_02189	contig_5	301873	302958	+	BEJGEH_04694	1	persistent	2	0	0
ONMMKP_02190	contig_5	303016	304365	-	GEGEGB_04888	1	persistent	2	0	1
ONMMKP_02191	contig_5	304423	305847	-	BEJGEH_04692	1	persistent	2	0	0
ONMMKP_02192	contig_5	305847	306536	-	LNHIMF_04652	1	persistent	2	0	0
ONMMKP_02193	contig_5	306549	307037	-	GEGEGB_04885	1	persistent	2	0	0
ONMMKP_02194	contig_5	307027	307134	-	LNHIMF_04650	1	persistent	2	0	0
ONMMKP_02195	contig_5	307234	308103	+	LNHIMF_04649	1	persistent	2	0	0
ONMMKP_02196	contig_5	308100	308747	-	LNHIMF_04648	1	persistent	2	0	1
ONMMKP_02197	contig_5	308796	309311	+	BEJGEH_04686	1	persistent	2	0	0
ONMMKP_02198	contig_5	309413	309739	-	GEGEGB_04880	1	persistent	2	0	1
ONMMKP_02199	contig_5	309797	311734	-	GEGEGB_04879	1	persistent	2	0	0
ONMMKP_02200	contig_5	311943	313610	+	LNHIMF_04644	1	persistent	2	0	0
ONMMKP_02201	contig_5	313728	314960	-	GEGEGB_04877	1	persistent	2	0	0
ONMMKP_02202	contig_5	315121	316503	-	GEGEGB_04876	1	persistent	2	0	0
ONMMKP_02203	contig_5	316587	317555	-	GEGEGB_04875	1	persistent	2	0	0
ONMMKP_02204	contig_5	317672	318316	+	GEGEGB_04874	1	persistent	2	0	0
ONMMKP_02205	contig_5	318350	319366	+	BEJGEH_04678	1	persistent	1	1	2
ONMMKP_02206	contig_5	319679	320368	+	AJBGEP_04792	1	shell	1	1	0
ONMMKP_02207	contig_5	320416	321105	+	BEJGEH_04676	1	shell	0	2	0
ONMMKP_02208	contig_5	321183	321890	+	BEJGEH_04675	1	shell	0	2	0
ONMMKP_02209	contig_5	321904	324312	+	BEJGEH_04674	1	shell	0	2	0
ONMMKP_02210	contig_5	324309	324881	+	BEJGEH_04673	1	shell	1	1	0
ONMMKP_02211	contig_5	324919	325638	-	GEGEGB_04871	1	persistent	1	1	2
ONMMKP_02212	contig_5	325848	327071	-	GEGEGB_04870	1	persistent	2	0	0
ONMMKP_02213	contig_5	327123	328445	-	GEGEGB_04869	1	persistent	2	0	0
ONMMKP_02214	contig_5	328569	329348	-	GEGEGB_04868	1	persistent	2	0	0
ONMMKP_02215	contig_5	329608	331158	+	BEJGEH_04668	1	persistent	1	2	0
ONMMKP_02216	contig_5	331406	331993	+	BEJGEH_04667	1	shell	2	0	0
ONMMKP_02217	contig_5	332026	332799	-	LNHIMF_04631	1	persistent	1	2	0
ONMMKP_02218	contig_5	332796	333890	-	LNHIMF_04630	1	persistent	2	0	0
ONMMKP_02219	contig_5	333993	334154	-	GEGEGB_04863	1	persistent	2	0	0
ONMMKP_02220	contig_5	334283	334900	-	GEGEGB_04862	1	persistent	2	0	0
ONMMKP_02221	contig_5	335302	336891	-	GEGEGB_04861	1	persistent	2	0	0
ONMMKP_02222	contig_5	336983	337663	-	LNHIMF_04626	1	persistent	2	0	0
ONMMKP_02223	contig_5	337682	338128	-	LNHIMF_04625	1	persistent	2	0	0
ONMMKP_02224	contig_5	338073	338510	-	BEJGEH_04659	1	persistent	2	0	1
ONMMKP_02225	contig_5	338613	339641	+	LNHIMF_04623	1	persistent	2	0	0
ONMMKP_02229	contig_5	340182	340418	-	GEGEGB_04853	1	persistent	2	0	0
ONMMKP_02230	contig_5	340669	341733	+	BEJGEH_04653	1	persistent	2	0	0
ONMMKP_02231	contig_5	341854	342642	+	GEGEGB_04851	1	persistent	2	0	0
ONMMKP_02232	contig_5	342793	343251	+	LNHIMF_04616	1	persistent	2	0	0
ONMMKP_02233	contig_5	343302	343976	-	GEGEGB_04849	1	persistent	2	0	0
ONMMKP_02234	contig_5	343937	344662	-	GEGEGB_04848	1	persistent	2	0	1
ONMMKP_02235	contig_5	345207	346151	+	LNHIMF_04613	1	persistent	2	0	1
ONMMKP_02236	contig_5	346142	346615	+	LNHIMF_04612	1	persistent	2	0	0
ONMMKP_02237	contig_5	346708	347247	+	GEGEGB_04845	1	persistent	2	0	0
ONMMKP_02238	contig_5	347250	347987	+	GEGEGB_04844	1	persistent	2	0	0
ONMMKP_02239	contig_5	348045	348506	+	LNHIMF_04609	1	persistent	2	0	0
ONMMKP_02240	contig_5	348789	351080	+	GEGEGB_04842	1	persistent	2	1	0
ONMMKP_02241	contig_5	351250	352911	-	LNHIMF_04600	1	persistent	2	1	1
ONMMKP_02242	contig_5	353278	355428	+	GEGEGB_04839	1	persistent	2	0	1
ONMMKP_02243	contig_5	355523	355726	+	GEGEGB_04838	1	persistent	2	0	0
ONMMKP_02244	contig_5	355737	356693	+	LNHIMF_04597	1	persistent	1	1	2
ONMMKP_02245	contig_5	356809	357777	-	ONMMKP_02245	1	cloud	1	0	1
ONMMKP_02246	contig_5	357919	360342	+	ONMMKP_02246	1	cloud	0	0	2
ONMMKP_02247	contig_5	360417	361886	+	ONMMKP_02247	1	cloud	0	0	3
ONMMKP_02248	contig_5	361886	363646	+	ONMMKP_02248	1	cloud	0	0	2
ONMMKP_02250	contig_5	363862	364182	+	ONMMKP_02250	1	cloud	0	0	3
ONMMKP_02251	contig_5	364227	366080	-	ONMMKP_02251	1	cloud	0	1	1
ONMMKP_02252	contig_5	366216	367136	+	LNHIMF_04594	1	shell	1	0	3
ONMMKP_02253	contig_5	367213	367377	-	GEGEGB_04826	1	persistent	1	2	0
ONMMKP_02254	contig_5	367582	368952	-	LNHIMF_04592	1	persistent	1	2	0
ONMMKP_02255	contig_5	369133	369657	-	BENMGJ_01088	1	shell	2	0	0
ONMMKP_02256	contig_5	370136	371377	+	OEKLIE_03605	1	persistent	1	2	0
ONMMKP_02257	contig_5	371464	372735	+	LNHIMF_04589	1	persistent	2	0	0
ONMMKP_02258	contig_5	372955	374139	+	LNHIMF_04588	1	persistent	2	0	0
ONMMKP_02259	contig_5	375010	375681	+	GEGEGB_04819	1	persistent	2	0	0
ONMMKP_02260	contig_5	375678	376139	+	GEGEGB_04818	1	persistent	2	0	0
ONMMKP_02261	contig_5	376152	377324	+	GEGEGB_04817	1	persistent	2	0	0
ONMMKP_02262	contig_5	377443	378351	+	GEGEGB_04816	1	persistent	2	0	0
ONMMKP_02263	contig_5	378357	379091	-	LNHIMF_04583	1	persistent	2	0	0
ONMMKP_02264	contig_5	379330	379776	-	LNHIMF_04582	1	persistent	2	0	0
ONMMKP_02266	contig_5	380578	381591	+	LNHIMF_04580	1	persistent	2	0	0
ONMMKP_02267	contig_5	381592	382317	-	LNHIMF_04579	1	persistent	1	1	1
ONMMKP_02268	contig_5	382715	383380	+	LNHIMF_04578	1	cloud	2	0	0
ONMMKP_02269	contig_5	383397	383765	-	BEJGEH_04618	1	persistent	1	1	1
ONMMKP_02270	contig_5	384063	384974	-	LNHIMF_04576	1	persistent	2	1	0
ONMMKP_02271	contig_5	385326	385934	-	GEGEGB_04807	1	persistent	2	1	2
ONMMKP_02272	contig_5	386422	386679	+	GEGEGB_04806	1	persistent	2	0	4
ONMMKP_02273	contig_5	386690	388315	+	LNHIMF_04572	1	persistent	2	0	2
ONMMKP_02274	contig_5	388875	389591	+	HFCAGB_04730	1	persistent	2	0	0
ONMMKP_02275	contig_5	389533	389640	+	GEGEGB_04803	1	persistent	1	1	6
ONMMKP_02276	contig_5	389831	391876	-	ONMMKP_02276	1	cloud	1	0	1
ONMMKP_02277	contig_5	392268	392918	+	ONMMKP_02277	1	cloud	0	0	2
ONMMKP_02278	contig_5	392922	393485	+	ONMMKP_02278	1	cloud	0	0	2
ONMMKP_02279	contig_5	393464	393982	+	ONMMKP_02279	1	cloud	0	0	2
ONMMKP_02280	contig_5	393979	395835	+	ONMMKP_02280	1	cloud	0	0	2
ONMMKP_02281	contig_5	395993	396718	+	ONMMKP_02281	1	cloud	0	0	2
ONMMKP_02282	contig_5	396626	397417	-	ONMMKP_02282	1	cloud	0	0	2
ONMMKP_02283	contig_5	397573	397887	+	ONMMKP_02283	1	cloud	0	0	2
ONMMKP_02284	contig_5	397880	398011	+	ONMMKP_02284	1	cloud	0	0	2
ONMMKP_02285	contig_5	398123	398440	+	ONMMKP_02285	1	cloud	0	0	2
ONMMKP_02286	contig_5	398442	399407	+	ONMMKP_02286	1	cloud	0	0	2
ONMMKP_02287	contig_5	399599	399994	+	ONMMKP_02287	1	cloud	0	0	2
ONMMKP_02288	contig_5	400421	400912	+	ONMMKP_02288	1	cloud	0	0	2
ONMMKP_02289	contig_5	401265	401588	-	ONMMKP_02289	1	cloud	0	0	2
ONMMKP_02290	contig_5	402094	402369	+	AJBGEP_02904	1	cloud	0	0	4
ONMMKP_02291	contig_5	402482	403213	+	ONMMKP_02291	1	cloud	0	0	2
ONMMKP_02292	contig_5	403249	403794	-	ONMMKP_02292	1	cloud	0	0	2
ONMMKP_02293	contig_5	403809	404849	-	ONMMKP_02293	1	cloud	0	0	2
ONMMKP_02294	contig_5	405031	405186	-	ONMMKP_02294	1	cloud	0	0	2
ONMMKP_02295	contig_5	405768	406565	-	ONMMKP_02295	1	cloud	0	0	2
ONMMKP_02296	contig_5	406682	406957	-	ONMMKP_02296	1	cloud	0	0	2
ONMMKP_02297	contig_5	406961	407209	-	ONMMKP_02297	1	cloud	0	0	4
ONMMKP_02298	contig_5	407333	408106	-	ONMMKP_02298	1	cloud	0	0	5
ONMMKP_02299	contig_5	408222	408563	-	ONMMKP_02299	1	cloud	0	0	2
ONMMKP_02300	contig_5	408607	408948	-	ONMMKP_02300	1	cloud	0	0	2
ONMMKP_02301	contig_5	408967	409878	+	ONMMKP_02301	1	cloud	0	1	1
ONMMKP_02302	contig_5	409956	410831	-	ALJMDI_03931	1	shell	1	0	11
ONMMKP_02303	contig_5	410935	411696	-	ONMMKP_02303	1	cloud	1	1	0
ONMMKP_02305	contig_5	412190	413209	+	LNHIMF_04563	1	persistent	1	0	8
ONMMKP_02306	contig_5	413237	413767	-	LNHIMF_04562	1	persistent	2	0	0
ONMMKP_02307	contig_5	413984	415015	+	LNHIMF_04561	1	persistent	2	0	0
ONMMKP_02308	contig_5	415040	415804	+	LNHIMF_04560	1	persistent	2	0	0
ONMMKP_02309	contig_5	415866	417185	+	BEJGEH_04557	1	persistent	2	0	1
ONMMKP_02310	contig_5	417249	418247	+	GEGEGB_04763	1	persistent	2	0	0
ONMMKP_02311	contig_5	418464	419546	-	LNHIMF_04557	1	persistent	2	0	0
ONMMKP_02312	contig_5	419546	420646	-	GEGEGB_04761	1	persistent	2	0	0
ONMMKP_02313	contig_5	421041	422552	+	LNHIMF_04554	1	persistent	2	0	0
ONMMKP_02315	contig_5	422650	423132	+	LNHIMF_04553	1	persistent	2	0	0
ONMMKP_02316	contig_5	423132	425987	+	GEGEGB_04757	1	persistent	2	0	0
ONMMKP_02317	contig_5	426129	427316	-	LNHIMF_04551	1	persistent	2	0	0
ONMMKP_02318	contig_5	427511	428014	+	LNHIMF_04550	1	persistent	2	0	0
ONMMKP_02319	contig_5	428121	428609	+	GEGEGB_04754	1	persistent	2	0	1
ONMMKP_02320	contig_5	428843	429607	-	GEGEGB_04752	1	persistent	2	1	1
ONMMKP_02321	contig_5	429667	430083	-	GEGEGB_04751	1	persistent	2	1	0
ONMMKP_02322	contig_5	430249	431253	+	LNHIMF_04546	1	persistent	2	0	0
ONMMKP_02323	contig_5	431327	431779	-	GEGEGB_04749	1	persistent	2	0	0
ONMMKP_02324	contig_5	432455	433675	+	GEGEGB_04748	1	persistent	2	0	0
ONMMKP_02325	contig_5	433686	434618	+	BENMGJ_01145	1	persistent	2	0	0
ONMMKP_02326	contig_5	434730	435734	+	GEGEGB_04746	1	persistent	2	0	0
ONMMKP_02327	contig_5	435790	437193	+	GEGEGB_04745	1	persistent	2	0	0
ONMMKP_02328	contig_5	437380	437868	+	LNHIMF_04539	1	persistent	3	0	0
ONMMKP_02329	contig_5	437959	438060	+	GEGEGB_04743	1	persistent	2	0	0
ONMMKP_02330	contig_5	438096	439031	+	GEGEGB_04742	1	persistent	3	0	0
ONMMKP_02331	contig_5	439044	439505	+	GEGEGB_04741	1	persistent	2	0	0
ONMMKP_02332	contig_5	439582	439968	+	GEGEGB_04740	1	persistent	3	0	0
ONMMKP_02333	contig_5	440043	440489	+	LNHIMF_04535	1	persistent	2	0	0
ONMMKP_02334	contig_5	440594	443302	-	GEGEGB_04738	1	persistent	3	0	0
ONMMKP_02335	contig_5	443443	443496	-	GEGEGB_04737	1	persistent	2	0	0
ONMMKP_02336	contig_5	443686	444633	+	LNHIMF_04532	1	persistent	2	0	0
ONMMKP_02337	contig_5	444771	446189	+	LNHIMF_04531	1	persistent	2	0	0
ONMMKP_02338	contig_5	446239	447891	+	LNHIMF_04530	1	persistent	2	0	0
ONMMKP_02339	contig_5	448300	450438	+	LNHIMF_04529	1	persistent	2	0	0
ONMMKP_02340	contig_5	450655	451119	+	GEGEGB_04731	1	persistent	2	0	1
ONMMKP_02341	contig_5	451123	451407	-	GEGEGB_04730	1	persistent	2	0	0
ONMMKP_02342	contig_5	451397	451639	-	GEGEGB_04729	1	persistent	2	0	0
ONMMKP_02343	contig_5	451717	453630	-	LNHIMF_04525	1	persistent	2	0	1
ONMMKP_02344	contig_5	453647	454387	-	LNHIMF_04524	1	persistent	2	0	0
ONMMKP_02345	contig_5	454384	455502	-	GEGEGB_04726	1	persistent	2	0	0
ONMMKP_02346	contig_5	455486	456619	-	GEGEGB_04725	1	persistent	2	0	0
ONMMKP_02347	contig_5	456678	457322	-	GEGEGB_04724	1	persistent	2	0	0
ONMMKP_02348	contig_5	457334	458110	-	GEGEGB_04723	1	persistent	2	0	0
ONMMKP_02349	contig_5	458133	458435	-	GEGEGB_04722	1	persistent	2	0	0
ONMMKP_02350	contig_5	458435	458797	-	GEGEGB_04721	1	persistent	2	0	0
ONMMKP_02351	contig_5	458808	459137	-	GEGEGB_04720	1	persistent	2	0	0
ONMMKP_02352	contig_5	459434	459820	-	GEGEGB_04719	1	persistent	2	0	0
ONMMKP_02353	contig_5	459919	461271	-	GEGEGB_04718	1	persistent	2	0	0
ONMMKP_02354	contig_5	461367	461912	+	GEGEGB_04717	1	persistent	2	1	0
ONMMKP_02355	contig_5	461968	462852	-	BEJGEH_04511	1	shell	1	1	0
ONMMKP_02356	contig_5	462905	463720	-	BEJGEH_04510	1	shell	0	2	0
ONMMKP_02357	contig_5	463881	465107	-	BEJGEH_04509	1	shell	0	2	0
ONMMKP_02358	contig_5	465179	466201	-	BEJGEH_04508	1	shell	0	2	0
ONMMKP_02359	contig_5	466382	468322	-	BEJGEH_04507	1	shell	0	2	0
ONMMKP_02360	contig_5	468745	470676	+	BEJGEH_04506	1	shell	0	2	0
ONMMKP_02361	contig_5	470737	471903	+	BEJGEH_04505	1	shell	0	2	0
ONMMKP_02362	contig_5	471900	472733	-	BEJGEH_04504	1	shell	0	2	0
ONMMKP_02363	contig_5	472734	474077	-	BEJGEH_04503	1	shell	0	2	0
ONMMKP_02364	contig_5	474175	475185	-	BEJGEH_04502	1	shell	0	2	0
ONMMKP_02365	contig_5	475204	476109	-	BEJGEH_04501	1	shell	0	2	0
ONMMKP_02366	contig_5	476385	477260	-	BEJGEH_04500	1	shell	0	2	0
ONMMKP_02367	contig_5	477650	479155	+	BEJGEH_04499	1	shell	0	2	0
ONMMKP_02368	contig_5	479180	479989	+	BEJGEH_04498	1	shell	0	2	0
ONMMKP_02369	contig_5	480342	481778	-	BEJGEH_04497	1	shell	0	2	1
ONMMKP_02370	contig_5	482237	483670	+	BEJGEH_04496	1	shell	0	2	1
ONMMKP_02371	contig_5	483720	484553	-	BEJGEH_04495	1	shell	0	2	0
ONMMKP_02372	contig_5	484733	485047	+	BEJGEH_04494	1	shell	1	1	0
ONMMKP_02373	contig_5	485044	486423	-	BEJGEH_04493	1	persistent	2	1	0
ONMMKP_02374	contig_5	486598	487596	+	LNHIMF_04512	1	persistent	2	0	0
ONMMKP_02375	contig_5	487823	488353	+	GEGEGB_04714	1	persistent	2	0	0
ONMMKP_02376	contig_5	488766	489926	+	LNHIMF_04510	1	persistent	2	0	0
ONMMKP_02377	contig_5	489923	491131	+	LNHIMF_04509	1	persistent	2	0	0
ONMMKP_02378	contig_5	491186	491530	-	GEGEGB_04711	1	persistent	2	0	0
ONMMKP_02379	contig_5	491533	495312	-	LNHIMF_04507	1	persistent	2	0	0
ONMMKP_02380	contig_5	495309	497042	-	GEGEGB_04709	1	persistent	2	0	0
ONMMKP_02381	contig_5	497255	497893	+	GEGEGB_04708	1	persistent	2	0	0
ONMMKP_02383	contig_5	498076	499419	+	GEGEGB_04706	1	persistent	2	0	1
ONMMKP_02384	contig_5	499504	499710	-	GEGEGB_04702	1	persistent	2	1	0
ONMMKP_02385	contig_5	500037	500594	+	GEGEGB_04701	1	persistent	2	0	0
ONMMKP_02386	contig_5	500584	501324	-	GEGEGB_04700	1	persistent	2	0	0
ONMMKP_02387	contig_5	501592	503535	+	BEJGEH_04479	1	persistent	2	0	0
ONMMKP_02388	contig_5	503583	503969	-	GEGEGB_04698	1	persistent	2	0	0
ONMMKP_02389	contig_5	504057	504905	+	LNHIMF_04497	1	persistent	2	0	0
ONMMKP_02390	contig_5	504986	505951	+	LNHIMF_04496	1	persistent	2	0	0
ONMMKP_02391	contig_5	506054	506716	+	LNHIMF_04495	1	persistent	2	0	1
ONMMKP_02392	contig_5	506828	508237	-	LNHIMF_04494	1	persistent	2	0	1
ONMMKP_02393	contig_5	508533	509153	-	GEGEGB_04691	1	persistent	2	0	0
ONMMKP_02394	contig_5	509373	510008	+	LNHIMF_04492	1	persistent	2	0	0
ONMMKP_02395	contig_5	510058	510984	-	LNHIMF_04491	1	persistent	2	0	0
ONMMKP_02396	contig_5	511132	511581	-	GEGEGB_04688	1	persistent	2	0	0
ONMMKP_02397	contig_5	511623	511850	-	GEGEGB_04687	1	persistent	2	0	0
ONMMKP_02398	contig_5	511855	512169	-	GEGEGB_04686	1	persistent	2	0	0
ONMMKP_02399	contig_5	512176	512571	-	GEGEGB_04685	1	persistent	2	0	1
ONMMKP_02400	contig_5	513042	513317	+	AJBGEP_04600	1	persistent	2	0	0
ONMMKP_02401	contig_5	513446	514132	-	PAPNPA_02919	1	persistent	2	0	1
ONMMKP_02402	contig_5	514132	514986	-	LNHIMF_04483	1	persistent	2	0	0
ONMMKP_02403	contig_5	514996	515646	-	LNHIMF_04482	1	persistent	2	0	0
ONMMKP_02404	contig_5	515660	516124	-	LNHIMF_04481	1	persistent	2	0	1
ONMMKP_02405	contig_5	516134	516439	-	BEJGEH_04460	1	persistent	2	0	0
ONMMKP_02406	contig_5	516455	517852	-	LNHIMF_04479	1	persistent	2	0	1
ONMMKP_02407	contig_5	518215	519279	+	GEGEGB_04677	1	persistent	2	0	0
ONMMKP_02408	contig_5	519384	520139	+	GEGEGB_04676	1	persistent	2	0	0
ONMMKP_02409	contig_5	520136	520885	-	GEGEGB_04675	1	persistent	2	0	0
ONMMKP_02410	contig_5	521096	521398	+	LNHIMF_04475	1	persistent	2	0	0
ONMMKP_02411	contig_5	521529	521804	+	GEGEGB_04673	1	persistent	2	0	0
ONMMKP_02412	contig_5	521849	523471	-	LNHIMF_04473	1	persistent	2	0	0
ONMMKP_02413	contig_5	523556	524719	-	GEGEGB_04671	1	persistent	2	0	0
ONMMKP_02414	contig_5	524722	525360	-	BEJGEH_04451	1	persistent	2	0	0
ONMMKP_02415	contig_5	525370	525768	-	GEGEGB_04669	1	persistent	2	0	0
ONMMKP_02416	contig_5	525786	526445	-	GEGEGB_04668	1	persistent	2	0	1
ONMMKP_02417	contig_5	526586	526693	-	AJBGEP_04583	1	persistent	2	0	0
ONMMKP_02418	contig_5	526693	527391	-	BEJGEH_04447	1	persistent	2	0	1
ONMMKP_02419	contig_5	527406	527810	-	LNHIMF_04466	1	persistent	2	0	0
ONMMKP_02420	contig_5	527942	528673	-	LNHIMF_04465	1	persistent	2	0	0
ONMMKP_02421	contig_5	528764	531202	-	GEGEGB_04663	1	persistent	2	0	0
ONMMKP_02422	contig_5	531240	531665	-	LNHIMF_04463	1	persistent	2	0	0
ONMMKP_02423	contig_5	531873	533171	-	GEGEGB_04661	1	persistent	2	0	0
ONMMKP_02424	contig_5	533274	533471	-	GEGEGB_04660	1	persistent	2	0	1
ONMMKP_02425	contig_5	533550	534554	-	GEGEGB_04659	1	persistent	2	0	0
ONMMKP_02426	contig_5	534557	535816	-	LNHIMF_04459	1	persistent	2	0	0
ONMMKP_02427	contig_5	536031	537311	-	LNHIMF_04458	1	persistent	2	0	0
ONMMKP_02428	contig_5	537383	537691	-	GEGEGB_04656	1	persistent	2	0	0
ONMMKP_02429	contig_5	537774	538724	-	LNHIMF_04456	1	persistent	2	0	0
ONMMKP_02430	contig_5	538717	540573	-	GEGEGB_04654	1	persistent	2	0	0
ONMMKP_02431	contig_5	540583	541902	-	GEGEGB_04653	1	persistent	2	0	0
ONMMKP_02432	contig_5	541919	542380	-	GEGEGB_04652	1	persistent	2	0	0
ONMMKP_02433	contig_5	542352	543896	-	LNHIMF_04452	1	persistent	2	0	0
ONMMKP_02434	contig_5	543898	545037	+	LNHIMF_04451	1	persistent	2	0	0
ONMMKP_02438	contig_5	546122	546862	+	LNHIMF_04448	1	persistent	2	0	0
ONMMKP_02439	contig_5	546924	547469	-	GEGEGB_04646	1	persistent	2	0	0
ONMMKP_02440	contig_5	547576	548628	+	GEGEGB_04645	1	persistent	2	0	0
ONMMKP_02441	contig_5	548720	549688	+	LNHIMF_04445	1	persistent	2	0	0
ONMMKP_02442	contig_5	549707	553033	+	GEGEGB_04643	1	persistent	2	2	0
ONMMKP_02443	contig_5	553170	553547	-	GEGEGB_04642	1	shell	2	0	0
ONMMKP_02444	contig_5	553555	555057	-	GEGEGB_04641	1	persistent	2	2	0
ONMMKP_02445	contig_5	555283	556260	-	LNHIMF_04442	1	persistent	2	0	0
ONMMKP_02446	contig_5	556583	558373	+	GEGEGB_04639	1	persistent	2	0	0
ONMMKP_02447	contig_5	558366	559100	+	GEGEGB_04638	1	persistent	2	0	0
ONMMKP_02448	contig_5	559111	559506	+	GEGEGB_04637	1	persistent	2	0	0
ONMMKP_02449	contig_5	559517	559876	+	GEGEGB_04636	1	persistent	2	0	0
ONMMKP_02450	contig_5	559988	560521	+	LNHIMF_04437	1	persistent	2	0	0
ONMMKP_02451	contig_5	560538	560855	-	GEGEGB_04634	1	persistent	2	0	0
ONMMKP_02452	contig_5	561054	561698	+	LNHIMF_04435	1	persistent	2	1	0
ONMMKP_02453	contig_5	562178	562744	-	GEGEGB_04631	1	persistent	2	1	0
ONMMKP_02454	contig_5	562785	563813	+	BEJGEH_04410	1	persistent	2	0	0
ONMMKP_02455	contig_5	564095	564952	+	LNHIMF_04432	1	persistent	2	0	0
ONMMKP_02456	contig_5	565000	565353	-	GEGEGB_04628	1	persistent	2	0	0
ONMMKP_02457	contig_5	565597	567243	-	GEGEGB_04627	1	persistent	2	0	0
ONMMKP_02458	contig_5	567287	567580	-	GEGEGB_04626	1	persistent	2	0	0
ONMMKP_02459	contig_5	567835	569097	+	LNHIMF_04428	1	persistent	2	0	0
ONMMKP_02460	contig_5	569156	569671	-	LNHIMF_04427	1	persistent	2	0	0
ONMMKP_02461	contig_5	569973	571409	+	GEGEGB_04623	1	persistent	2	0	0
ONMMKP_02462	contig_5	571524	572825	+	LNHIMF_04425	1	persistent	2	0	0
ONMMKP_02463	contig_5	572946	573293	+	GEGEGB_04621	1	persistent	2	0	0
ONMMKP_02464	contig_5	573269	574972	+	LNHIMF_04423	1	persistent	2	0	0
ONMMKP_02465	contig_5	575009	575584	+	LNHIMF_04422	1	persistent	2	0	3
ONMMKP_02467	contig_5	576486	577238	+	LNHIMF_04420	1	persistent	2	1	4
ONMMKP_02468	contig_5	577381	577914	+	BENMGJ_01495	2	shell	1	3	2
ONMMKP_02469	contig_5	577976	578266	+	BENMGJ_01494	1	shell	0	2	0
ONMMKP_02470	contig_5	578515	579516	-	ONMMKP_02470	1	shell	1	2	0
ONMMKP_02471	contig_5	580235	580441	-	AJBGEP_02929	1	shell	2	6	2
ONMMKP_02472	contig_5	581338	582213	+	GEGEGB_04460	1	persistent	2	2	0
ONMMKP_02473	contig_5	582225	582497	+	GEGEGB_04459	1	persistent	1	0	5
ONMMKP_02474	contig_5	582574	582909	+	IKCLMC_01121	1	cloud	2	0	0
ONMMKP_02476	contig_5	583423	584283	-	GEGEGB_04456	1	persistent	1	0	5
ONMMKP_02477	contig_5	584632	586032	+	LNHIMF_04397	1	persistent	2	0	0
ONMMKP_02478	contig_5	586116	586709	-	LNHIMF_04396	1	persistent	2	0	0
ONMMKP_02479	contig_5	586785	587558	-	LNHIMF_04395	1	persistent	2	0	0
ONMMKP_02480	contig_5	587551	588177	-	LNHIMF_04394	1	persistent	2	0	0
ONMMKP_02481	contig_5	588191	588616	-	LNHIMF_04393	2	persistent	2	0	0
ONMMKP_02482	contig_5	588761	590395	-	LNHIMF_04393	2	persistent	2	0	0
ONMMKP_02484	contig_5	590995	592626	+	LNHIMF_04392	1	persistent	2	0	0
ONMMKP_02485	contig_5	592623	593342	+	BEJGEH_04371	1	persistent	2	0	0
ONMMKP_02486	contig_5	593659	593925	+	GEGEGB_04446	1	persistent	2	0	0
ONMMKP_02487	contig_5	594072	595412	+	LNHIMF_04389	1	persistent	2	0	0
ONMMKP_02488	contig_5	595508	597154	+	GEGEGB_01415	2	persistent	4	0	0
ONMMKP_02489	contig_5	597252	598682	-	LNHIMF_04387	1	persistent	2	0	0
ONMMKP_02490	contig_5	598766	600118	-	LNHIMF_04386	1	persistent	2	0	0
ONMMKP_02491	contig_5	600390	601322	+	GEGEGB_04441	1	persistent	2	0	0
ONMMKP_02492	contig_5	601555	603822	+	GEGEGB_04440	1	persistent	2	0	0
ONMMKP_02493	contig_5	604120	604881	+	LNHIMF_04383	1	persistent	2	0	1
ONMMKP_02494	contig_5	605021	606358	+	GEGEGB_04438	1	persistent	2	0	0
ONMMKP_02495	contig_5	606492	608135	+	GEGEGB_04437	1	persistent	2	0	0
ONMMKP_02496	contig_5	608132	608800	+	LNHIMF_04380	1	persistent	2	0	0
ONMMKP_02497	contig_5	608801	609880	+	GEGEGB_04435	1	persistent	2	0	0
ONMMKP_02499	contig_5	609888	609977	-	GEGEGB_04434	1	persistent	2	0	1
ONMMKP_02500	contig_5	610047	611549	-	BEJGEH_04353	1	persistent	2	0	0
ONMMKP_02501	contig_5	612017	612352	+	GEGEGB_04431	1	persistent	2	0	1
ONMMKP_02502	contig_5	612472	612915	+	GEGEGB_04430	1	persistent	2	0	0
ONMMKP_02503	contig_5	613066	613500	+	GEGEGB_04429	1	persistent	2	0	0
ONMMKP_02504	contig_5	613758	614666	+	GEGEGB_04428	1	persistent	2	0	0
ONMMKP_02505	contig_5	615021	617168	+	LNHIMF_04371	1	persistent	2	0	0
ONMMKP_02506	contig_5	617345	618034	+	BEJGEH_04347	1	persistent	2	0	1
ONMMKP_02507	contig_5	618192	619502	-	LNHIMF_04369	1	persistent	2	0	1
ONMMKP_02508	contig_5	619847	620467	-	GEGEGB_04424	1	persistent	1	2	0
ONMMKP_02509	contig_5	620966	622702	-	ALJMDI_03727	1	shell	2	0	0
ONMMKP_02510	contig_5	622695	623651	-	GEGEGB_04422	1	persistent	1	2	0
ONMMKP_02511	contig_5	623648	624319	-	LNHIMF_04365	1	persistent	2	0	0
ONMMKP_02512	contig_5	624316	624882	-	GEGEGB_04420	1	persistent	2	0	0
ONMMKP_02513	contig_5	624994	626430	-	LNHIMF_04363	1	persistent	2	0	0
ONMMKP_02514	contig_5	626862	628820	+	LNHIMF_04362	1	persistent	2	0	0
ONMMKP_02515	contig_5	629058	629372	+	GEGEGB_04417	1	persistent	2	0	0
ONMMKP_02516	contig_5	629369	631018	+	LNHIMF_04360	1	persistent	2	0	0
ONMMKP_02517	contig_5	631057	631746	-	LNHIMF_04359	1	persistent	2	0	0
ONMMKP_02518	contig_5	631739	632149	-	GEGEGB_04414	1	persistent	2	0	0
ONMMKP_02519	contig_5	632253	633140	+	GEGEGB_04413	1	persistent	2	0	0
ONMMKP_02520	contig_5	633235	634881	-	AJBGEP_04481	1	persistent	2	0	0
ONMMKP_02521	contig_5	635031	636380	-	GEGEGB_04411	1	persistent	2	0	0
ONMMKP_02522	contig_5	636727	637395	-	LNHIMF_04354	1	persistent	2	0	0
ONMMKP_02524	contig_5	637688	638146	-	GEGEGB_04408	1	persistent	2	0	0
ONMMKP_02525	contig_5	638233	638556	+	GEGEGB_04407	1	persistent	2	0	0
ONMMKP_02526	contig_5	638544	640145	-	BEJGEH_04326	1	persistent	2	0	0
ONMMKP_02527	contig_5	640708	640989	+	GEGEGB_04405	1	persistent	2	0	0
ONMMKP_02528	contig_5	641267	643333	-	LNHIMF_04348	1	persistent	2	0	0
ONMMKP_02529	contig_5	643373	660058	-	PAPNPA_02781	1	persistent	2	0	0
ONMMKP_02530	contig_5	660075	661352	-	BEJGEH_04322	1	persistent	2	0	0
ONMMKP_02531	contig_5	661349	662668	-	LNHIMF_04344	1	persistent	2	0	0
ONMMKP_02532	contig_5	662658	664046	-	LNHIMF_04343	1	persistent	2	0	0
ONMMKP_02533	contig_5	664043	664675	-	GEGEGB_04398	1	persistent	2	0	0
ONMMKP_02534	contig_5	665716	666246	-	GEGEGB_04397	1	persistent	2	0	0
ONMMKP_02535	contig_5	666494	669319	+	GEGEGB_04396	1	persistent	2	0	0
ONMMKP_02536	contig_5	669463	669906	+	LNHIMF_04339	1	persistent	2	0	0
ONMMKP_02537	contig_5	669893	670231	+	LNHIMF_04338	1	persistent	2	0	0
ONMMKP_02538	contig_5	670232	670588	-	LNHIMF_04337	1	persistent	2	0	0
ONMMKP_02539	contig_5	670591	671007	-	GEGEGB_04392	1	persistent	2	0	0
ONMMKP_02540	contig_5	671136	671849	-	GEGEGB_04391	1	persistent	2	0	0
ONMMKP_02541	contig_5	672036	673229	-	LNHIMF_04334	1	persistent	2	0	0
ONMMKP_02542	contig_5	673415	674494	-	GEGEGB_04389	1	persistent	2	0	0
ONMMKP_02543	contig_5	674526	675941	-	GEGEGB_04388	1	persistent	2	0	0
ONMMKP_02544	contig_5	676006	676989	+	LNHIMF_04331	1	persistent	2	0	0
ONMMKP_02545	contig_5	677164	677406	-	GEGEGB_04386	1	persistent	2	0	0
ONMMKP_02546	contig_5	677574	678572	-	GEGEGB_04385	1	persistent	2	0	1
ONMMKP_02547	contig_5	678660	679970	-	LNHIMF_04269	1	persistent	2	0	1
ONMMKP_02548	contig_5	680217	680732	+	GEGEGB_04383	1	persistent	2	0	0
ONMMKP_02549	contig_5	680832	681044	-	GEGEGB_04382	1	persistent	3	0	0
ONMMKP_02550	contig_5	681173	682498	-	LNHIMF_04265	1	persistent	3	0	0
ONMMKP_02551	contig_5	682677	683285	-	GEGEGB_04379	1	persistent	2	0	0
ONMMKP_02552	contig_5	683394	683762	-	GEGEGB_04378	1	persistent	2	0	0
ONMMKP_02553	contig_5	683933	686353	+	LNHIMF_04262	1	persistent	2	0	0
ONMMKP_02554	contig_5	686452	687324	-	GEGEGB_04376	1	persistent	2	0	0
ONMMKP_02555	contig_5	687338	687835	-	LNHIMF_04260	1	persistent	2	0	0
ONMMKP_02556	contig_5	688016	688933	-	GEGEGB_04374	1	persistent	2	0	0
ONMMKP_02557	contig_5	689097	690455	-	PAPNPA_02752	1	persistent	2	0	0
ONMMKP_02558	contig_5	690544	691653	-	GEGEGB_04372	1	persistent	2	0	0
ONMMKP_02559	contig_5	692015	693205	+	GEGEGB_04371	1	persistent	2	0	0
ONMMKP_02560	contig_5	693337	694881	+	GEGEGB_04370	1	persistent	2	0	0
ONMMKP_02561	contig_5	694896	695786	+	GEGEGB_04369	1	persistent	2	0	1
ONMMKP_02562	contig_5	695952	696362	-	GEGEGB_04368	1	persistent	2	0	1
ONMMKP_02563	contig_5	696505	698601	-	BEJGEH_04288	1	persistent	2	0	0
ONMMKP_02564	contig_5	698601	699338	-	GEGEGB_04366	1	persistent	2	0	0
ONMMKP_02565	contig_5	699335	699973	-	GEGEGB_04365	1	persistent	2	0	0
ONMMKP_02566	contig_5	700037	700282	-	GEGEGB_04364	1	persistent	2	0	0
ONMMKP_02568	contig_5	700723	702372	-	GEGEGB_04362	1	persistent	2	0	0
ONMMKP_02569	contig_5	702717	704066	+	GEGEGB_04361	1	persistent	1	2	0
ONMMKP_02570	contig_5	704197	704544	-	BEJGEH_04281	1	shell	1	2	0
ONMMKP_02571	contig_5	705120	705407	+	BEJGEH_04280	1	shell	0	2	0
ONMMKP_02572	contig_5	705443	706015	+	BEJGEH_04279	1	shell	0	2	0
ONMMKP_02573	contig_5	706028	706342	+	BEJGEH_04278	1	shell	0	2	0
ONMMKP_02574	contig_5	706502	706957	+	AJBGEP_04426	1	shell	0	2	0
ONMMKP_02575	contig_5	706954	707151	+	BEJGEH_04276	1	shell	0	2	0
ONMMKP_02576	contig_5	707141	708568	+	AJBGEP_04424	1	shell	0	2	0
ONMMKP_02577	contig_5	708568	709092	+	BEJGEH_04274	1	shell	0	2	0
ONMMKP_02578	contig_5	709144	709461	+	BEJGEH_04273	1	shell	0	2	0
ONMMKP_02579	contig_5	709646	712000	+	IKCLMC_01017	1	shell	0	2	0
ONMMKP_02580	contig_5	712000	712953	+	AJBGEP_04420	1	shell	0	2	0
ONMMKP_02581	contig_5	712953	713162	+	BEJGEH_04270	1	shell	0	2	0
ONMMKP_02582	contig_5	713150	714193	+	BEJGEH_04269	1	shell	0	2	0
ONMMKP_02583	contig_5	714203	714925	+	BEJGEH_04268	1	shell	1	1	0
ONMMKP_02584	contig_5	715612	716541	+	BEJGEH_04267	3	persistent	1	3	6
ONMMKP_02585	contig_5	716541	718088	+	AJBGEP_04415	1	shell	1	1	1
ONMMKP_02586	contig_5	718252	718611	+	BEJGEH_04265	1	shell	0	2	1
ONMMKP_02587	contig_5	718602	719717	+	AJBGEP_04413	1	shell	0	2	0
ONMMKP_02588	contig_5	719710	720342	+	AJBGEP_04412	1	shell	0	1	5
ONMMKP_02589	contig_5	720345	722111	+	ONMMKP_02589	1	cloud	0	1	1
ONMMKP_02590	contig_5	722116	722721	+	ONMMKP_02590	1	cloud	0	1	1
ONMMKP_02591	contig_5	722718	723161	+	AJBGEP_04409	1	shell	0	1	6
ONMMKP_02592	contig_5	723482	723964	+	BENMGJ_01373	1	cloud	0	2	0
ONMMKP_02593	contig_5	724538	725266	+	BEJGEH_04259	1	shell	0	4	2
ONMMKP_02594	contig_5	725528	726469	+	BEJGEH_04258	1	shell	1	1	0
ONMMKP_02595	contig_5	726567	726839	+	GEGEGB_04356	1	persistent	1	2	0
ONMMKP_02596	contig_5	726836	727705	-	GEGEGB_04355	1	persistent	2	0	0
ONMMKP_02597	contig_5	727752	728291	-	GEGEGB_04354	1	persistent	2	0	0
ONMMKP_02598	contig_5	728499	729188	+	LNHIMF_04237	1	persistent	2	0	0
ONMMKP_02599	contig_5	729264	730895	-	LNHIMF_04236	1	persistent	2	0	1
ONMMKP_02600	contig_5	731186	734869	-	LNHIMF_04235	1	persistent	2	0	1
ONMMKP_02601	contig_5	735173	735997	+	LNHIMF_04234	1	persistent	3	0	1
ONMMKP_02602	contig_5	736067	736936	-	ONMMKP_02602	1	cloud	2	0	0
ONMMKP_02603	contig_5	737038	738783	-	LNHIMF_04232	1	persistent	3	0	1
ONMMKP_02604	contig_5	738885	740189	-	LNHIMF_04231	1	persistent	2	0	0
ONMMKP_02605	contig_5	740221	741822	-	LNHIMF_04230	1	persistent	2	0	0
ONMMKP_02606	contig_5	742091	743020	-	LNHIMF_04229	1	persistent	2	0	0
ONMMKP_02607	contig_5	743180	743614	+	LNHIMF_04228	1	persistent	3	0	0
ONMMKP_02613	contig_5	749745	751334	+	BEJGEH_04235	1	persistent	3	0	0
ONMMKP_02614	contig_5	751350	752639	+	GEGEGB_03642	1	persistent	2	0	0
ONMMKP_02615	contig_5	752636	753961	-	LNHIMF_04220	1	persistent	2	0	0
ONMMKP_02616	contig_5	753967	755553	-	BEJGEH_04232	1	persistent	2	0	0
ONMMKP_02617	contig_5	755618	756073	+	GEGEGB_03645	1	persistent	2	0	0
ONMMKP_02618	contig_5	756115	756807	-	GEGEGB_03646	1	persistent	2	0	0
ONMMKP_02619	contig_5	756819	757091	-	GEGEGB_03647	1	persistent	2	0	0
ONMMKP_02620	contig_5	757278	757868	-	GEGEGB_03648	1	persistent	2	0	0
ONMMKP_02621	contig_5	757910	758581	-	GEGEGB_03649	1	persistent	2	0	0
ONMMKP_02622	contig_5	758591	759655	-	GEGEGB_03650	1	persistent	2	0	0
ONMMKP_02623	contig_5	759696	760469	-	LNHIMF_04212	1	persistent	2	0	0
ONMMKP_02624	contig_5	760562	761050	+	LNHIMF_04211	1	persistent	2	0	0
ONMMKP_02625	contig_5	761414	763309	+	LNHIMF_04210	1	persistent	2	0	0
ONMMKP_02626	contig_5	763309	763944	+	LNHIMF_04209	1	persistent	2	0	0
ONMMKP_02627	contig_5	763937	764695	+	LNHIMF_04208	1	persistent	3	0	0
ONMMKP_02628	contig_5	764878	765648	+	LNHIMF_04206	1	persistent	3	0	0
ONMMKP_02629	contig_5	765645	766778	+	LNHIMF_04205	1	persistent	1	2	2
ONMMKP_02630	contig_5	766999	768009	-	BEJGEH_04217	1	shell	1	2	1
ONMMKP_02631	contig_5	768317	768751	+	ONMMKP_02631	1	cloud	2	1	1
ONMMKP_02632	contig_5	768753	769034	-	LNHIMF_04203	1	persistent	1	2	1
ONMMKP_02633	contig_5	769121	773344	-	GEGEGB_03661	1	persistent	2	1	1
ONMMKP_02634	contig_5	773421	777449	-	GEGEGB_03662	1	persistent	2	0	0
ONMMKP_02636	contig_5	777767	778132	-	GEGEGB_03664	1	persistent	2	0	0
ONMMKP_02637	contig_5	778199	778696	-	GEGEGB_03665	1	persistent	2	0	0
ONMMKP_02638	contig_5	779112	779816	-	GEGEGB_03666	1	persistent	2	0	0
ONMMKP_02639	contig_5	779820	780248	-	GEGEGB_03667	1	persistent	2	0	0
ONMMKP_02640	contig_5	780406	780951	-	GEGEGB_03668	1	persistent	1	1	0
ONMMKP_02641	contig_5	780953	781336	-	GEGEGB_03669	1	shell	1	1	0
ONMMKP_02642	contig_5	781566	782750	-	GEGEGB_03670	2	shell	2	2	0
ONMMKP_02647	contig_5	783733	784659	+	GEGEGB_03675	1	persistent	1	1	0
ONMMKP_02648	contig_5	784694	785656	-	GEGEGB_03676	1	persistent	2	0	0
ONMMKP_02649	contig_5	785653	786681	-	LNHIMF_04186	1	persistent	2	0	0
ONMMKP_02656	contig_5	792416	793267	-	GEGEGB_03684	1	persistent	2	0	0
ONMMKP_02657	contig_5	793212	795056	-	LNHIMF_04178	1	persistent	2	0	0
ONMMKP_02658	contig_5	795430	796530	+	LNHIMF_04177	1	persistent	2	0	0
ONMMKP_02659	contig_5	796577	796936	-	GEGEGB_03687	1	persistent	2	0	0
ONMMKP_02660	contig_5	796952	797587	-	GEGEGB_03688	1	persistent	2	0	0
ONMMKP_02661	contig_5	797786	799186	+	GEGEGB_03689	1	persistent	2	0	0
ONMMKP_02662	contig_5	799169	800086	-	GEGEGB_03690	1	persistent	2	0	0
ONMMKP_02664	contig_5	800371	801747	-	LNHIMF_04171	1	persistent	2	0	0
ONMMKP_02665	contig_5	801865	802641	-	GEGEGB_03693	1	persistent	2	0	0
ONMMKP_02666	contig_5	802649	803653	-	GEGEGB_03694	1	persistent	2	0	0
ONMMKP_02667	contig_5	803742	804893	+	GEGEGB_03695	1	persistent	2	0	0
ONMMKP_02668	contig_5	805262	807913	+	LNHIMF_04167	1	persistent	2	0	0
ONMMKP_02669	contig_5	808124	809857	+	GEGEGB_03697	1	persistent	2	0	0
ONMMKP_02670	contig_5	810018	810854	+	HFCAGB_04375	1	persistent	1	1	1
ONMMKP_02671	contig_5	810960	811082	-	GEGEGB_03699	1	cloud	2	0	0
ONMMKP_02672	contig_5	811109	811771	+	BEJGEH_04175	1	persistent	1	1	1
ONMMKP_02673	contig_5	811783	812886	+	LNHIMF_04162	1	persistent	3	0	0
ONMMKP_02674	contig_5	813145	813768	+	BEJGEH_04173	1	persistent	2	0	0
ONMMKP_02675	contig_5	813826	816006	-	GEGEGB_03702	1	persistent	3	0	0
ONMMKP_02676	contig_5	816171	817061	-	GEGEGB_03703	1	persistent	2	0	1
ONMMKP_02677	contig_5	817256	818812	-	GEGEGB_03707	1	persistent	2	0	1
ONMMKP_02678	contig_5	818948	820072	+	LNHIMF_04158	1	persistent	2	0	1
ONMMKP_02679	contig_5	820307	821305	+	BEJGEH_04168	1	persistent	2	0	0
ONMMKP_02680	contig_5	821308	822165	+	HFCAGB_04356	1	persistent	2	0	0
ONMMKP_02681	contig_5	822281	824713	-	IKCLMC_00748	1	persistent	2	0	1
ONMMKP_02682	contig_5	824716	825876	-	LNHIMF_04155	1	persistent	2	0	0
ONMMKP_02683	contig_5	826141	826458	+	GEGEGB_03712	1	persistent	2	0	0
ONMMKP_02684	contig_5	826916	828706	+	LNHIMF_04153	1	persistent	2	0	0
ONMMKP_02686	contig_5	828907	829569	+	GEGEGB_03716	1	persistent	2	1	0
ONMMKP_02687	contig_5	829573	830256	-	LNHIMF_00818	2	shell	12	5	5
ONMMKP_02688	contig_5	830427	830828	-	LNHIMF_00819	2	shell	12	3	3
ONMMKP_02689	contig_5	830931	831143	-	GEGEGB_03717	1	persistent	2	1	0
ONMMKP_02690	contig_5	831347	833545	+	LNHIMF_04149	1	persistent	2	0	0
ONMMKP_02691	contig_5	833700	834725	+	GEGEGB_03719	1	persistent	2	0	0
ONMMKP_02692	contig_5	834912	835790	+	IKCLMC_00739	1	persistent	2	0	0
ONMMKP_02693	contig_5	835882	836412	+	GEGEGB_03721	1	persistent	2	0	0
ONMMKP_02694	contig_5	836422	837753	+	LNHIMF_04145	1	persistent	2	0	0
ONMMKP_02695	contig_5	837820	838749	+	LNHIMF_04144	1	persistent	2	0	0
ONMMKP_02696	contig_5	838842	839327	+	GEGEGB_03724	1	persistent	2	0	0
ONMMKP_02697	contig_5	839549	839788	-	LNHIMF_04142	1	persistent	2	0	0
ONMMKP_02698	contig_5	840187	841032	+	LNHIMF_04141	1	persistent	2	0	0
ONMMKP_02699	contig_5	841053	842561	+	LNHIMF_04140	1	persistent	2	0	0
ONMMKP_02700	contig_5	842673	843683	+	GEGEGB_03728	1	persistent	2	0	0
ONMMKP_02701	contig_5	843780	844526	+	GEGEGB_03729	1	persistent	2	0	0
ONMMKP_02702	contig_5	844633	845061	-	GEGEGB_03730	1	persistent	2	0	0
ONMMKP_02703	contig_5	845162	845758	+	GEGEGB_03731	1	persistent	2	0	0
ONMMKP_02704	contig_5	845871	846638	+	GEGEGB_03732	1	persistent	2	0	0
ONMMKP_02705	contig_5	846730	847494	-	LNHIMF_04134	1	persistent	2	0	0
ONMMKP_02706	contig_5	847504	847833	-	GEGEGB_03734	1	persistent	2	0	0
ONMMKP_02707	contig_5	847877	848752	-	GEGEGB_03735	1	persistent	2	0	0
ONMMKP_02708	contig_5	848781	849803	-	GEGEGB_03736	1	persistent	2	0	0
ONMMKP_02709	contig_5	849832	850830	-	GEGEGB_03737	1	persistent	2	0	0
ONMMKP_02710	contig_5	850830	851873	-	LNHIMF_04129	1	persistent	2	0	0
ONMMKP_02711	contig_5	851867	853402	-	LNHIMF_04128	1	persistent	2	0	0
ONMMKP_02712	contig_5	853658	854617	+	GEGEGB_03740	1	persistent	2	0	0
ONMMKP_02713	contig_5	854704	856296	+	GEGEGB_03741	1	persistent	2	0	0
ONMMKP_02714	contig_5	856310	856660	+	LNHIMF_04125	1	persistent	2	0	0
ONMMKP_02715	contig_5	856897	857067	-	LNHIMF_04124	1	persistent	2	0	0
ONMMKP_02716	contig_5	857165	857887	-	LNHIMF_04123	1	persistent	2	0	0
ONMMKP_02717	contig_5	857950	858990	-	GEGEGB_03745	1	persistent	2	0	0
ONMMKP_02718	contig_5	859000	859959	-	AJBGEP_04279	1	persistent	2	0	0
ONMMKP_02719	contig_5	859970	861304	-	LNHIMF_04120	1	persistent	2	0	0
ONMMKP_02720	contig_5	861569	862324	-	GEGEGB_03749	1	persistent	2	0	0
ONMMKP_02721	contig_5	862425	863414	-	LNHIMF_04118	1	persistent	2	0	0
ONMMKP_02722	contig_5	863618	864580	-	GEGEGB_03751	1	persistent	2	0	0
ONMMKP_02723	contig_5	864765	865667	-	GEGEGB_03752	1	persistent	2	0	1
ONMMKP_02724	contig_5	865815	866315	-	LNHIMF_04115	1	persistent	2	0	1
ONMMKP_02725	contig_5	866466	867164	+	LNHIMF_04114	1	persistent	2	0	0
ONMMKP_02726	contig_5	867161	868534	+	GEGEGB_03755	1	persistent	2	0	1
ONMMKP_02727	contig_5	868585	868980	-	LNHIMF_04112	1	persistent	2	0	1
ONMMKP_02728	contig_5	868992	869681	-	GEGEGB_03757	1	persistent	2	0	0
ONMMKP_02729	contig_5	869751	870371	-	GEGEGB_03758	1	persistent	2	0	0
ONMMKP_02730	contig_5	870700	871683	+	LNHIMF_04109	1	persistent	2	0	0
ONMMKP_02731	contig_5	871702	872217	+	GEGEGB_03761	1	persistent	2	0	0
ONMMKP_02732	contig_5	872210	873517	+	LNHIMF_04107	1	persistent	2	0	0
ONMMKP_02733	contig_5	873675	874346	-	GEGEGB_03763	1	persistent	2	0	1
ONMMKP_02734	contig_5	874977	876011	+	LNHIMF_04104	1	persistent	2	0	1
ONMMKP_02735	contig_5	876008	876856	-	GEGEGB_03765	1	persistent	2	0	0
ONMMKP_02736	contig_5	877009	877845	-	GEGEGB_03766	1	persistent	2	0	0
ONMMKP_02737	contig_5	878133	879602	+	LNHIMF_04101	1	persistent	2	0	0
ONMMKP_02738	contig_5	879599	880858	+	GEGEGB_03768	1	persistent	2	0	0
ONMMKP_02739	contig_5	881001	881828	+	LNHIMF_04099	1	persistent	2	0	0
ONMMKP_02740	contig_5	881955	883103	+	ALJMDI_00957	1	persistent	2	0	0
ONMMKP_02741	contig_5	883100	883414	+	GEGEGB_03771	1	persistent	2	0	0
ONMMKP_02742	contig_5	883503	884051	-	LNHIMF_04096	1	persistent	2	0	0
ONMMKP_02743	contig_5	884152	884811	+	GEGEGB_03773	1	persistent	2	0	0
ONMMKP_02744	contig_5	884811	885134	+	LNHIMF_04094	1	persistent	2	0	0
ONMMKP_02746	contig_5	885479	886546	-	LNHIMF_04092	1	persistent	3	0	1
ONMMKP_02747	contig_5	886730	887761	+	BEJGEH_04099	1	persistent	2	0	1
ONMMKP_02748	contig_5	888029	888865	-	GEGEGB_03778	1	persistent	3	0	0
ONMMKP_02749	contig_5	889060	892110	+	GEGEGB_03779	1	persistent	2	0	0
ONMMKP_02750	contig_5	892123	893025	+	LNHIMF_04089	1	persistent	2	0	0
ONMMKP_02751	contig_5	893022	893657	+	GEGEGB_03781	1	persistent	2	0	0
ONMMKP_02752	contig_5	893654	894583	+	LNHIMF_04087	1	persistent	2	0	1
ONMMKP_02753	contig_5	894630	894920	-	LNHIMF_04086	1	persistent	2	0	0
ONMMKP_02754	contig_5	894921	895232	-	LNHIMF_04085	1	persistent	2	0	0
ONMMKP_02755	contig_5	895450	896379	+	LNHIMF_04084	1	persistent	2	0	1
ONMMKP_02756	contig_5	896465	896776	+	LNHIMF_04083	1	persistent	2	0	0
ONMMKP_02757	contig_5	896773	897219	+	GEGEGB_03787	1	persistent	2	0	0
ONMMKP_02758	contig_5	897234	898175	-	GEGEGB_03788	1	persistent	2	0	0
ONMMKP_02759	contig_5	898220	898657	-	LNHIMF_04080	1	persistent	2	0	0
ONMMKP_02760	contig_5	898654	899433	-	GEGEGB_03790	1	persistent	2	0	0
ONMMKP_02761	contig_5	899520	900119	-	GEGEGB_03791	1	persistent	2	0	0
ONMMKP_02762	contig_5	900310	901113	-	GEGEGB_03792	1	persistent	2	0	0
ONMMKP_02763	contig_5	901147	902043	-	GEGEGB_03793	1	persistent	2	0	0
ONMMKP_02764	contig_5	902208	903104	+	GEGEGB_03794	1	persistent	2	0	0
ONMMKP_02765	contig_5	903127	904005	+	GEGEGB_03795	1	persistent	2	0	0
ONMMKP_02766	contig_5	904021	905262	+	BEJGEH_04080	1	persistent	1	2	0
ONMMKP_02767	contig_5	905349	906236	+	BEJGEH_04079	1	shell	1	1	0
ONMMKP_02768	contig_5	906325	907200	+	BEJGEH_04078	1	shell	1	1	0
ONMMKP_02769	contig_5	907324	909360	+	LNHIMF_04071	1	persistent	1	2	0
ONMMKP_02770	contig_5	909406	910788	+	GEGEGB_03799	1	persistent	2	0	0
ONMMKP_02771	contig_5	910834	912252	+	BEJGEH_04075	1	persistent	2	0	0
ONMMKP_02772	contig_5	912320	913012	+	LNHIMF_04068	1	persistent	2	0	1
ONMMKP_02773	contig_5	913169	913348	+	BENMGJ_01034	1	cloud	2	0	0
ONMMKP_02774	contig_5	913403	915226	-	LNHIMF_04061	1	persistent	2	0	1
ONMMKP_02776	contig_5	915602	917011	+	GEGEGB_03812	1	persistent	2	0	0
ONMMKP_02777	contig_5	917286	918335	+	GEGEGB_03813	1	persistent	2	0	0
ONMMKP_02778	contig_5	918344	919753	+	GEGEGB_03814	1	persistent	2	0	0
ONMMKP_02779	contig_5	919866	919976	+	GEGEGB_03815	1	persistent	2	0	0
ONMMKP_02780	contig_5	920066	921439	-	GEGEGB_03816	1	persistent	2	0	0
ONMMKP_02781	contig_5	921628	922143	-	GEGEGB_03817	1	persistent	2	0	0
ONMMKP_02783	contig_5	922262	922459	-	GEGEGB_03819	1	persistent	2	0	0
ONMMKP_02784	contig_5	922726	923358	+	GEGEGB_03820	1	persistent	2	0	0
ONMMKP_02786	contig_5	923479	923526	-	GEGEGB_03822	1	persistent	2	0	0
ONMMKP_02787	contig_5	923693	926479	-	LNHIMF_04048	1	persistent	2	0	0
ONMMKP_02788	contig_5	926867	927775	+	GEGEGB_03824	1	persistent	2	0	0
ONMMKP_02789	contig_5	927788	928411	-	LNHIMF_04046	1	persistent	2	0	0
ONMMKP_02790	contig_5	928428	929414	-	GEGEGB_03826	1	persistent	2	0	0
ONMMKP_02791	contig_5	929491	929760	-	GEGEGB_03827	1	persistent	2	0	0
ONMMKP_02792	contig_5	929830	930414	+	LNHIMF_04043	1	persistent	2	0	0
ONMMKP_02793	contig_5	930396	930926	+	GEGEGB_03829	1	persistent	3	0	0
ONMMKP_02800	contig_5	936841	937386	-	GEGEGB_03494	1	persistent	3	0	0
ONMMKP_02801	contig_5	937398	938849	-	GEGEGB_03495	1	persistent	2	0	0
ONMMKP_02802	contig_5	938888	939502	-	BEJGEH_04039	1	persistent	2	0	0
ONMMKP_02803	contig_5	939502	940833	-	GEGEGB_03497	1	persistent	2	0	0
ONMMKP_02804	contig_5	941023	943212	+	GEGEGB_03498	1	persistent	2	0	0
ONMMKP_02805	contig_5	943222	944385	+	GEGEGB_03499	1	persistent	2	0	0
ONMMKP_02806	contig_5	944582	946405	-	GEGEGB_03500	1	persistent	2	0	0
ONMMKP_02807	contig_5	946655	947356	-	LNHIMF_04028	1	persistent	2	0	0
ONMMKP_02808	contig_5	947442	948920	-	GEGEGB_03502	1	persistent	2	0	0
ONMMKP_02809	contig_5	949106	949594	+	LNHIMF_04026	1	persistent	2	0	0
ONMMKP_02810	contig_5	949602	950396	-	GEGEGB_03504	1	persistent	2	0	0
ONMMKP_02811	contig_5	950426	951205	-	GEGEGB_03505	1	persistent	2	0	0
ONMMKP_02812	contig_5	951208	951756	-	GEGEGB_03506	1	persistent	2	0	0
ONMMKP_02813	contig_5	951760	952014	-	GEGEGB_03507	1	persistent	2	0	0
ONMMKP_02814	contig_5	952220	953860	-	GEGEGB_03508	1	persistent	2	0	0
ONMMKP_02816	contig_5	953857	954462	-	GEGEGB_03510	1	persistent	2	0	0
ONMMKP_02817	contig_5	954472	955227	-	GEGEGB_03511	1	persistent	2	0	0
ONMMKP_02818	contig_5	955323	956753	-	GEGEGB_03512	1	persistent	2	0	0
ONMMKP_02819	contig_5	956893	957654	-	GEGEGB_03513	1	persistent	2	0	0
ONMMKP_02820	contig_5	957913	958725	+	GEGEGB_03514	1	persistent	2	0	0
ONMMKP_02821	contig_5	958805	960100	-	LNHIMF_04014	1	persistent	2	0	0
ONMMKP_02822	contig_5	960483	962747	-	LNHIMF_04013	1	persistent	2	0	0
ONMMKP_02823	contig_5	962983	963936	+	GEGEGB_03517	1	persistent	2	0	0
ONMMKP_02824	contig_5	963824	964723	-	GEGEGB_03518	1	persistent	2	0	0
ONMMKP_02825	contig_5	964804	965604	-	LNHIMF_04010	1	persistent	2	0	0
ONMMKP_02826	contig_5	965620	966636	-	LNHIMF_04009	1	persistent	2	0	0
ONMMKP_02827	contig_5	966747	967367	+	GEGEGB_03521	1	persistent	2	0	0
ONMMKP_02828	contig_5	967407	968027	-	GEGEGB_03522	1	persistent	2	0	0
ONMMKP_02829	contig_5	968091	969938	-	GEGEGB_03523	1	persistent	2	0	0
ONMMKP_02830	contig_5	970004	970873	-	GEGEGB_03524	1	persistent	2	0	0
ONMMKP_02831	contig_5	971038	971505	+	GEGEGB_03525	1	persistent	2	0	0
ONMMKP_02832	contig_5	971549	972436	+	HFCAGB_04202	1	persistent	2	2	0
ONMMKP_02833	contig_5	972476	972772	-	HFCAGB_04201	1	shell	1	1	0
ONMMKP_02834	contig_5	972854	973327	+	HFCAGB_04200	1	shell	1	1	0
ONMMKP_02835	contig_5	973375	974325	-	GEGEGB_03529	1	persistent	2	2	0
ONMMKP_02836	contig_5	974797	976959	-	LNHIMF_04001	1	persistent	2	0	0
ONMMKP_02837	contig_5	977095	977811	-	GEGEGB_03531	1	persistent	2	0	0
ONMMKP_02838	contig_5	977811	978713	-	GEGEGB_03532	1	persistent	2	0	0
ONMMKP_02839	contig_5	978710	979417	-	GEGEGB_03533	1	persistent	2	0	0
ONMMKP_02840	contig_5	979414	980238	-	GEGEGB_03534	1	persistent	2	0	0
ONMMKP_02841	contig_5	980275	980478	-	GEGEGB_03535	1	persistent	1	1	1
ONMMKP_02842	contig_5	980664	980915	+	HFCAGB_04192	1	shell	2	1	0
ONMMKP_02844	contig_5	981174	981563	+	LNHIMF_03994	1	persistent	1	2	1
ONMMKP_02845	contig_5	981633	981953	+	GEGEGB_03538	1	persistent	2	1	0
ONMMKP_02846	contig_5	982031	984577	-	GEGEGB_03542	1	persistent	2	1	0
ONMMKP_02847	contig_5	984933	985895	+	GEGEGB_03543	1	persistent	2	0	0
ONMMKP_02848	contig_5	985892	986632	+	LNHIMF_03990	1	persistent	2	0	0
ONMMKP_02849	contig_5	986654	987823	+	GEGEGB_03545	1	persistent	2	0	0
ONMMKP_02850	contig_5	987823	989022	+	LNHIMF_03988	1	persistent	2	0	0
ONMMKP_02857	contig_5	990139	991524	-	HFCAGB_04177	1	persistent	2	0	0
ONMMKP_02858	contig_5	991731	992471	-	LNHIMF_03980	1	persistent	2	0	0
ONMMKP_02859	contig_5	992468	993826	-	LNHIMF_03979	1	persistent	2	0	0
ONMMKP_02860	contig_5	993823	994902	-	LNHIMF_03978	1	persistent	2	0	0
ONMMKP_02861	contig_5	994899	996149	-	GEGEGB_03557	1	persistent	2	0	0
ONMMKP_02862	contig_5	996151	997281	-	GEGEGB_03558	1	persistent	2	0	0
ONMMKP_02863	contig_5	997286	997963	-	LNHIMF_03975	1	persistent	1	1	1
ONMMKP_02864	contig_5	997941	998822	-	GEGEGB_03560	1	cloud	2	0	0
ONMMKP_02865	contig_5	998855	999922	-	LNHIMF_03973	1	persistent	1	1	1
ONMMKP_02866	contig_5	999922	1001184	-	GEGEGB_03562	1	persistent	2	0	0
ONMMKP_02867	contig_5	1001181	1002266	-	LNHIMF_03971	1	persistent	2	0	0
ONMMKP_02868	contig_5	1002367	1003413	-	LNHIMF_03970	1	persistent	2	0	0
ONMMKP_02869	contig_5	1003425	1004528	-	GEGEGB_03565	1	persistent	2	0	0
ONMMKP_02870	contig_5	1004768	1006027	-	GEGEGB_03566	1	persistent	2	0	0
ONMMKP_02871	contig_5	1006446	1006775	-	GEGEGB_03567	1	persistent	2	0	0
ONMMKP_02872	contig_5	1006919	1008184	+	GEGEGB_03568	1	persistent	2	0	0
ONMMKP_02873	contig_5	1008303	1009784	+	GEGEGB_03569	1	persistent	2	0	0
ONMMKP_02874	contig_5	1009824	1011848	-	GEGEGB_03570	1	persistent	2	0	1
ONMMKP_02875	contig_5	1012386	1012667	+	GEGEGB_03575	1	persistent	2	0	1
ONMMKP_02876	contig_5	1012705	1014180	-	GEGEGB_03576	1	persistent	2	0	0
ONMMKP_02877	contig_5	1014344	1015231	+	GEGEGB_03577	1	persistent	2	0	1
ONMMKP_02878	contig_5	1015234	1015575	-	BEJGEH_03957	1	persistent	2	1	0
ONMMKP_02879	contig_5	1015572	1015934	-	HFCAGB_04155	1	shell	2	0	0
ONMMKP_02880	contig_5	1016172	1017716	-	LNHIMF_03954	1	persistent	2	1	1
ONMMKP_02881	contig_5	1017719	1019569	-	LNHIMF_03953	1	persistent	2	0	0
ONMMKP_02882	contig_5	1019730	1020659	-	GEGEGB_03582	1	persistent	2	0	0
ONMMKP_02883	contig_5	1020677	1020940	-	GEGEGB_03583	1	persistent	2	0	0
ONMMKP_02884	contig_5	1020937	1022583	-	GEGEGB_03584	1	persistent	2	0	0
ONMMKP_02885	contig_5	1023173	1024693	+	LNHIMF_03949	1	persistent	2	1	2
ONMMKP_02886	contig_5	1024718	1025056	-	GEGEGB_03632	1	persistent	2	1	0
ONMMKP_02887	contig_5	1025175	1026011	+	GEGEGB_03633	1	persistent	3	0	0
ONMMKP_02895	contig_5	1031922	1032626	+	GEGEGB_03835	1	persistent	3	0	0
ONMMKP_02896	contig_5	1032638	1034065	+	LNHIMF_03938	1	persistent	2	0	0
ONMMKP_02897	contig_5	1034031	1035020	-	GEGEGB_03838	1	persistent	2	0	0
ONMMKP_02898	contig_5	1035033	1035962	-	LNHIMF_03936	1	persistent	2	0	0
ONMMKP_02899	contig_5	1036095	1036985	-	GEGEGB_03840	1	persistent	2	0	0
ONMMKP_02900	contig_5	1037010	1037975	-	GEGEGB_03841	1	persistent	2	0	0
ONMMKP_02901	contig_5	1037981	1039486	-	HFCAGB_04133	1	persistent	2	0	0
ONMMKP_02902	contig_5	1039494	1039913	-	LNHIMF_03932	1	persistent	2	0	0
ONMMKP_02903	contig_5	1040130	1041998	-	LNHIMF_03931	1	persistent	2	0	0
ONMMKP_02904	contig_5	1042346	1043842	+	LNHIMF_03930	1	persistent	2	0	0
ONMMKP_02905	contig_5	1043836	1045287	+	LNHIMF_03929	1	persistent	2	0	0
ONMMKP_02906	contig_5	1045292	1046284	-	LNHIMF_03928	1	persistent	2	0	0
ONMMKP_02907	contig_5	1046435	1046893	+	GEGEGB_03848	1	persistent	2	0	0
ONMMKP_02908	contig_5	1046983	1047426	+	GEGEGB_03849	1	persistent	2	0	0
ONMMKP_02909	contig_5	1047805	1049694	+	LNHIMF_03925	1	persistent	2	0	0
ONMMKP_02910	contig_5	1049797	1050420	+	GEGEGB_03851	1	persistent	2	0	0
ONMMKP_02911	contig_5	1051036	1051416	+	LNHIMF_03923	1	persistent	2	0	1
ONMMKP_02912	contig_5	1051425	1052240	+	GEGEGB_03853	1	persistent	2	0	0
ONMMKP_02913	contig_5	1052287	1052526	+	GEGEGB_03854	1	persistent	2	0	0
ONMMKP_02914	contig_5	1052586	1053056	+	GEGEGB_03855	1	persistent	2	0	0
ONMMKP_02915	contig_5	1053071	1053604	+	GEGEGB_03856	1	persistent	2	0	1
ONMMKP_02916	contig_5	1053617	1055158	+	GEGEGB_03857	1	persistent	2	0	0
ONMMKP_02917	contig_5	1055209	1056072	+	LNHIMF_03917	1	persistent	2	0	2
ONMMKP_02918	contig_5	1056099	1057481	+	GEGEGB_03859	1	persistent	2	0	0
ONMMKP_02919	contig_5	1057502	1057921	+	GEGEGB_03860	1	persistent	2	0	0
ONMMKP_02920	contig_5	1058151	1058849	+	LNHIMF_03914	1	persistent	2	0	0
ONMMKP_02922	contig_5	1059169	1060539	+	GEGEGB_03863	1	persistent	2	0	0
ONMMKP_02923	contig_5	1060728	1062557	+	LNHIMF_03911	1	persistent	2	0	1
ONMMKP_02924	contig_5	1062707	1064497	-	GEGEGB_03870	1	persistent	2	0	1
ONMMKP_02925	contig_5	1064559	1065377	+	GEGEGB_03871	1	persistent	2	0	0
ONMMKP_02926	contig_5	1065426	1066799	+	LNHIMF_03908	1	persistent	2	0	1
ONMMKP_02927	contig_5	1066966	1068006	+	LNHIMF_03907	1	persistent	2	0	1
ONMMKP_02928	contig_5	1068142	1069101	+	GEGEGB_03874	1	persistent	2	0	0
ONMMKP_02929	contig_5	1069101	1069991	+	LNHIMF_03905	1	persistent	2	0	0
ONMMKP_02930	contig_5	1070078	1070851	+	GEGEGB_03876	1	persistent	2	0	0
ONMMKP_02931	contig_5	1070866	1071591	+	GEGEGB_03877	1	persistent	2	0	0
ONMMKP_02932	contig_5	1071686	1072351	-	LNHIMF_03902	1	persistent	2	0	1
ONMMKP_02933	contig_5	1072520	1073857	+	LNHIMF_03901	1	persistent	2	0	2
ONMMKP_02934	contig_5	1073903	1074328	+	ONMMKP_02934	1	cloud	2	0	0
ONMMKP_02935	contig_5	1074335	1074919	-	HFCAGB_04099	1	persistent	2	0	1
ONMMKP_02936	contig_5	1074919	1075674	-	GEGEGB_03881	1	persistent	2	0	0
ONMMKP_02937	contig_5	1075832	1076791	-	LNHIMF_03898	1	persistent	2	0	0
ONMMKP_02938	contig_5	1076760	1077947	-	LNHIMF_03897	1	persistent	2	0	4
ONMMKP_02939	contig_5	1078257	1078886	-	ONMMKP_02939	1	cloud	1	0	1
ONMMKP_02940	contig_5	1079171	1080853	+	ONMMKP_02951	2	cloud	0	0	5
ONMMKP_02941	contig_5	1080856	1081764	+	ONMMKP_02941	2	cloud	0	0	3
ONMMKP_02942	contig_5	1081761	1082978	+	ONMMKP_02942	1	cloud	0	0	2
ONMMKP_02943	contig_5	1083039	1083653	+	ONMMKP_02943	1	cloud	0	0	2
ONMMKP_02944	contig_5	1083706	1083942	-	ONMMKP_02944	1	cloud	0	0	2
ONMMKP_02945	contig_5	1083939	1084304	-	LNHIMF_04703	1	cloud	0	0	3
ONMMKP_02946	contig_5	1084321	1085967	-	ONMMKP_02946	1	cloud	0	0	3
ONMMKP_02947	contig_5	1085964	1086209	-	ONMMKP_02947	1	cloud	0	0	2
ONMMKP_02948	contig_5	1086212	1086487	-	ONMMKP_02948	1	cloud	0	0	3
ONMMKP_02949	contig_5	1086503	1086853	-	ONMMKP_02949	1	cloud	0	0	2
ONMMKP_02950	contig_5	1086925	1087359	+	ONMMKP_02950	1	cloud	0	0	3
ONMMKP_02951	contig_5	1087677	1089356	+	ONMMKP_02951	2	cloud	0	0	5
ONMMKP_02952	contig_5	1089359	1089778	+	ONMMKP_02941	2	cloud	0	0	3
ONMMKP_02953	contig_5	1090378	1091514	-	ONMMKP_02953	1	cloud	0	0	2
ONMMKP_02954	contig_5	1091864	1093000	-	ONMMKP_02954	1	cloud	0	0	2
ONMMKP_02955	contig_5	1093051	1093278	-	ONMMKP_02955	1	cloud	0	0	2
ONMMKP_02957	contig_5	1093975	1094517	-	ONMMKP_02957	1	cloud	0	0	2
ONMMKP_02958	contig_5	1094530	1095390	-	ONMMKP_02958	1	cloud	0	0	2
ONMMKP_02959	contig_5	1095675	1095971	-	LNHIMF_04745	1	cloud	0	0	3
ONMMKP_02960	contig_5	1096097	1096372	-	ONMMKP_02960	1	cloud	0	0	3
ONMMKP_02961	contig_5	1096837	1096959	+	ONMMKP_02961	1	cloud	0	0	2
ONMMKP_02962	contig_5	1097547	1097939	+	ONMMKP_02962	1	cloud	0	0	2
ONMMKP_02963	contig_5	1098037	1098705	-	ONMMKP_02963	1	cloud	0	0	2
ONMMKP_02964	contig_5	1099033	1099827	-	ONMMKP_02964	1	cloud	0	0	2
ONMMKP_02965	contig_5	1100201	1100500	+	ONMMKP_02965	1	cloud	0	0	2
ONMMKP_02966	contig_5	1100584	1100826	-	ONMMKP_02966	1	cloud	0	0	2
ONMMKP_02967	contig_5	1100953	1101792	-	ONMMKP_02967	1	cloud	0	0	2
ONMMKP_02968	contig_5	1101786	1102133	-	ONMMKP_02968	1	cloud	0	0	2
ONMMKP_02969	contig_5	1102264	1102743	-	ONMMKP_02969	1	cloud	0	0	2
ONMMKP_02970	contig_5	1102837	1103310	-	ONMMKP_02970	1	cloud	0	0	2
ONMMKP_02971	contig_5	1103327	1103365	-	ONMMKP_02971	1	cloud	0	0	2
ONMMKP_02972	contig_5	1103467	1104480	+	ONMMKP_02972	1	cloud	0	0	6
ONMMKP_02973	contig_5	1104754	1105338	+	ONMMKP_02973	1	cloud	0	0	2
ONMMKP_02974	contig_5	1105417	1106406	+	ONMMKP_02974	1	cloud	0	0	2
ONMMKP_02975	contig_5	1106427	1108970	+	ONMMKP_02975	1	cloud	0	0	2
ONMMKP_02976	contig_5	1109048	1110973	+	ONMMKP_02976	1	cloud	0	0	2
ONMMKP_02977	contig_5	1110970	1112631	+	ONMMKP_02977	1	cloud	0	0	2
ONMMKP_02978	contig_5	1112992	1113267	+	ONMMKP_02978	1	cloud	0	0	2
ONMMKP_02979	contig_5	1113607	1114572	+	ONMMKP_02979	1	cloud	0	0	2
ONMMKP_02980	contig_5	1115130	1115447	+	ONMMKP_02980	1	cloud	0	0	2
ONMMKP_02981	contig_5	1115458	1115643	+	ONMMKP_02981	1	cloud	0	0	2
ONMMKP_02982	contig_5	1115721	1115990	+	ONMMKP_02982	1	cloud	0	0	2
ONMMKP_02983	contig_5	1116405	1116800	-	ONMMKP_02983	1	cloud	0	0	2
ONMMKP_02984	contig_5	1116797	1117654	-	ONMMKP_02984	1	cloud	0	0	2
ONMMKP_02985	contig_5	1117898	1119322	+	ONMMKP_02985	1	cloud	0	0	2
ONMMKP_02986	contig_5	1119326	1122730	+	ONMMKP_02986	1	cloud	0	0	2
ONMMKP_02987	contig_5	1122730	1122984	+	ONMMKP_02987	1	cloud	0	0	2
ONMMKP_02988	contig_5	1123004	1123294	-	ONMMKP_02988	1	cloud	0	0	2
ONMMKP_02989	contig_5	1123481	1123690	+	ONMMKP_02989	1	cloud	0	0	2
ONMMKP_02990	contig_5	1123690	1124301	+	ONMMKP_02990	1	cloud	0	0	2
ONMMKP_02991	contig_5	1124304	1124837	+	ONMMKP_02991	1	cloud	0	0	2
ONMMKP_02992	contig_5	1124934	1127693	+	ONMMKP_02992	1	cloud	0	0	2
ONMMKP_02993	contig_5	1127844	1128071	+	ONMMKP_02993	1	cloud	0	0	2
ONMMKP_02994	contig_5	1128058	1129011	+	ONMMKP_02994	1	cloud	0	0	2
ONMMKP_02995	contig_5	1129734	1130951	-	ONMMKP_02995	1	cloud	1	0	1
ONMMKP_02996	contig_5	1131155	1132558	-	BEJGEH_03895	1	persistent	2	0	2
ONMMKP_02997	contig_5	1132660	1134306	-	LNHIMF_03895	1	persistent	2	0	0
ONMMKP_02998	contig_5	1134656	1134853	+	GEGEGB_03886	1	persistent	2	0	0
ONMMKP_02999	contig_5	1135707	1137107	+	GEGEGB_03887	1	persistent	2	0	0
ONMMKP_03001	contig_5	1137112	1138212	+	GEGEGB_03889	1	persistent	2	0	0
ONMMKP_03002	contig_5	1138360	1139433	+	GEGEGB_03890	1	persistent	2	0	0
ONMMKP_03003	contig_5	1139462	1141876	+	GEGEGB_03891	1	persistent	2	0	1
ONMMKP_03004	contig_5	1142227	1142919	-	ONMMKP_03004	1	cloud	2	0	0
ONMMKP_03005	contig_5	1143359	1144204	+	HFCAGB_04084	1	persistent	1	1	3
ONMMKP_03006	contig_5	1144465	1145154	+	HFCAGB_04083	1	shell	1	1	0
ONMMKP_03007	contig_5	1145151	1146029	+	HFCAGB_04082	1	shell	0	2	0
ONMMKP_03008	contig_5	1146013	1146630	+	HFCAGB_04081	1	shell	0	2	0
ONMMKP_03009	contig_5	1146627	1147775	+	HFCAGB_04080	1	shell	0	2	0
ONMMKP_03010	contig_5	1147905	1149197	+	HFCAGB_04079	1	shell	1	1	0
ONMMKP_03011	contig_5	1149223	1151958	-	GEGEGB_03899	1	persistent	1	1	1
ONMMKP_03012	contig_5	1152038	1153078	+	GEGEGB_03900	1	persistent	2	0	0
ONMMKP_03013	contig_5	1153051	1153779	-	LNHIMF_03878	1	persistent	2	0	0
ONMMKP_03014	contig_5	1153873	1155057	+	LNHIMF_03877	1	persistent	2	0	0
ONMMKP_03015	contig_5	1155047	1157599	+	LNHIMF_03876	1	persistent	2	0	0
ONMMKP_03016	contig_5	1157592	1158224	+	GEGEGB_03905	1	persistent	2	0	0
ONMMKP_03017	contig_5	1158414	1159814	+	GEGEGB_03906	1	persistent	2	0	0
ONMMKP_03018	contig_5	1159811	1160437	+	GEGEGB_03907	2	persistent	3	0	0
ONMMKP_03019	contig_5	1160437	1161093	+	GEGEGB_00658	2	persistent	2	0	0
ONMMKP_03020	contig_5	1161136	1161882	+	GEGEGB_00659	2	persistent	2	0	0
ONMMKP_03021	contig_5	1161879	1162091	+	AJBGEP_02420	2	persistent	2	0	0
ONMMKP_03022	contig_5	1162088	1162567	+	HFCAGB_02510	2	persistent	2	0	0
ONMMKP_03023	contig_5	1162564	1164495	+	GEGEGB_00662	2	persistent	2	0	0
ONMMKP_03024	contig_5	1164492	1165049	+	GEGEGB_00663	2	persistent	2	0	1
ONMMKP_03025	contig_5	1165046	1166089	+	GEGEGB_00664	2	persistent	3	0	0
ONMMKP_03026	contig_5	1166211	1167437	+	LNHIMF_03865	1	persistent	2	0	0
ONMMKP_03027	contig_5	1167439	1167729	-	GEGEGB_03916	1	persistent	2	0	0
ONMMKP_03028	contig_5	1168081	1168494	+	GEGEGB_03917	1	persistent	2	0	0
ONMMKP_03029	contig_5	1168604	1169032	+	LNHIMF_03862	1	persistent	2	0	0
ONMMKP_03030	contig_5	1169221	1170882	+	GEGEGB_03919	1	persistent	3	0	1
ONMMKP_03031	contig_5	1171326	1171673	+	LNHIMF_03860	1	persistent	2	0	1
ONMMKP_03032	contig_5	1171663	1172025	+	LNHIMF_03859	1	persistent	3	0	0
ONMMKP_03033	contig_5	1172022	1172552	+	GEGEGB_03922	1	persistent	2	0	0
ONMMKP_03034	contig_5	1172634	1173956	-	LNHIMF_03857	1	persistent	2	0	0
ONMMKP_03035	contig_5	1173974	1175311	-	LNHIMF_03856	1	persistent	2	0	0
ONMMKP_03036	contig_5	1175537	1176460	+	LNHIMF_03855	1	persistent	2	0	0
ONMMKP_03037	contig_5	1176548	1177609	+	LNHIMF_03854	1	persistent	2	0	0
ONMMKP_03038	contig_5	1177536	1178720	-	GEGEGB_03927	1	persistent	2	0	0
ONMMKP_03039	contig_5	1178923	1179756	-	LNHIMF_03852	1	persistent	2	0	0
ONMMKP_03040	contig_5	1179876	1179965	-	GEGEGB_03930	1	persistent	2	0	0
ONMMKP_03042	contig_5	1180599	1180697	+	GEGEGB_03932	1	persistent	2	0	0
ONMMKP_03043	contig_5	1180804	1182492	+	LNHIMF_03848	1	persistent	2	0	0
ONMMKP_03044	contig_5	1182496	1182786	+	GEGEGB_03934	1	persistent	2	0	0
ONMMKP_03045	contig_5	1182788	1183573	-	GEGEGB_03935	1	persistent	2	0	0
ONMMKP_03046	contig_5	1183898	1184818	+	GEGEGB_03936	1	persistent	2	0	0
ONMMKP_03047	contig_5	1184849	1186165	+	GEGEGB_03937	1	persistent	2	0	0
ONMMKP_03048	contig_5	1186177	1187190	+	GEGEGB_03938	1	persistent	2	0	0
ONMMKP_03049	contig_5	1187265	1187855	+	LNHIMF_03842	1	persistent	2	0	0
ONMMKP_03050	contig_5	1187855	1189357	+	GEGEGB_03940	1	persistent	2	0	0
ONMMKP_03051	contig_5	1189367	1190695	+	LNHIMF_03840	1	persistent	2	0	0
ONMMKP_03052	contig_5	1190838	1192229	+	LNHIMF_03839	1	persistent	2	0	0
ONMMKP_03053	contig_5	1192422	1192874	+	GEGEGB_03943	1	persistent	3	0	0
ONMMKP_03054	contig_5	1193227	1193970	+	GEGEGB_03944	1	persistent	2	0	0
ONMMKP_03055	contig_5	1193988	1194461	+	BEJGEH_03838	1	persistent	2	0	0
ONMMKP_03056	contig_5	1194458	1194745	+	GEGEGB_03946	1	persistent	2	0	0
ONMMKP_03057	contig_5	1194821	1196179	+	GEGEGB_03947	1	persistent	2	0	0
ONMMKP_03058	contig_5	1196172	1197656	+	LNHIMF_03833	1	persistent	2	0	0
ONMMKP_03059	contig_5	1197719	1198579	+	LNHIMF_03832	1	persistent	2	0	0
ONMMKP_03060	contig_5	1198589	1198858	+	GEGEGB_03951	1	persistent	2	0	2
ONMMKP_03061	contig_5	1198949	1199272	-	GEGEGB_03952	1	persistent	4	0	2
ONMMKP_03062	contig_5	1199256	1199615	-	LNHIMF_03827	1	persistent	2	0	1
ONMMKP_03063	contig_5	1199831	1201024	+	GEGEGB_03954	1	persistent	3	0	2
ONMMKP_03064	contig_5	1201084	1202466	-	LNHIMF_03824	1	persistent	2	0	0
ONMMKP_03065	contig_5	1202572	1202865	-	GEGEGB_03956	1	persistent	2	0	0
ONMMKP_03066	contig_5	1203062	1205860	+	BEJGEH_03827	1	persistent	2	0	0
ONMMKP_03067	contig_5	1206079	1206504	+	GEGEGB_03958	1	persistent	2	0	0
ONMMKP_03068	contig_5	1206515	1207000	+	GEGEGB_03959	1	persistent	2	0	0
ONMMKP_03069	contig_5	1207146	1207895	+	GEGEGB_03960	1	persistent	2	0	0
ONMMKP_03070	contig_5	1207895	1208752	+	GEGEGB_03961	1	persistent	2	0	0
ONMMKP_03071	contig_5	1208756	1209865	+	GEGEGB_03962	1	persistent	2	0	0
ONMMKP_03072	contig_5	1209852	1210595	+	LNHIMF_03816	1	persistent	2	0	0
ONMMKP_03073	contig_5	1210831	1211772	+	BEJGEH_03820	1	persistent	2	0	0
ONMMKP_03074	contig_5	1211815	1212717	-	GEGEGB_03965	1	persistent	2	0	0
ONMMKP_03075	contig_5	1213238	1213921	+	GEGEGB_03966	1	persistent	2	0	1
ONMMKP_03076	contig_5	1214141	1216867	+	LNHIMF_03812	1	persistent	2	0	1
ONMMKP_03077	contig_5	1216889	1216981	+	GEGEGB_03968	1	persistent	2	0	0
ONMMKP_03078	contig_5	1216994	1217080	+	GEGEGB_03969	1	persistent	2	0	0
ONMMKP_03079	contig_5	1217182	1217661	+	LNHIMF_03809	1	persistent	2	0	0
ONMMKP_03080	contig_5	1217890	1218570	-	GEGEGB_03971	2	persistent	5	2	3
ONMMKP_03081	contig_5	1219354	1220211	+	BEJGEH_03812	1	persistent	2	0	0
ONMMKP_03082	contig_5	1220222	1220686	+	GEGEGB_03975	1	persistent	3	0	1
ONMMKP_03083	contig_5	1220781	1223648	-	PAPNPA_01001	1	persistent	2	0	0
ONMMKP_03084	contig_5	1223723	1224340	-	LNHIMF_03804	1	persistent	2	1	1
ONMMKP_03087	contig_5	1226375	1227757	+	GEGEGB_03987	1	persistent	2	1	2
ONMMKP_03088	contig_5	1227769	1230087	+	LNHIMF_03800	1	persistent	2	0	0
ONMMKP_03089	contig_5	1230190	1231899	-	LNHIMF_03799	1	persistent	2	0	0
ONMMKP_03090	contig_5	1232020	1233411	-	GEGEGB_03990	1	persistent	2	0	0
ONMMKP_03091	contig_5	1233639	1234844	+	GEGEGB_03991	1	persistent	2	1	0
ONMMKP_03092	contig_5	1234880	1236961	-	GEGEGB_03992	1	persistent	2	1	0
ONMMKP_03093	contig_5	1236967	1237656	-	LNHIMF_03795	1	persistent	2	0	0
ONMMKP_03094	contig_5	1237661	1239772	-	GEGEGB_03994	1	persistent	2	0	0
ONMMKP_03095	contig_5	1239791	1240066	-	GEGEGB_03995	1	persistent	2	0	0
ONMMKP_03096	contig_5	1240121	1240744	-	GEGEGB_03996	1	persistent	2	0	0
ONMMKP_03097	contig_5	1241001	1242686	+	LNHIMF_03791	1	persistent	2	0	0
ONMMKP_03098	contig_5	1242683	1243300	-	LNHIMF_03790	1	persistent	2	0	0
ONMMKP_03099	contig_5	1243551	1244432	-	ODDLKH_04192	1	persistent	2	0	0
ONMMKP_03100	contig_5	1244506	1245408	+	GEGEGB_04001	1	persistent	2	0	1
ONMMKP_03101	contig_5	1245458	1246321	-	GEGEGB_04002	1	persistent	2	0	1
ONMMKP_03102	contig_5	1246447	1247163	+	GEGEGB_04003	1	persistent	2	0	0
ONMMKP_03103	contig_5	1247242	1247883	+	LNHIMF_03775	1	persistent	2	0	0
ONMMKP_03104	contig_5	1247961	1248557	-	LNHIMF_03774	1	persistent	2	0	0
ONMMKP_03105	contig_5	1248665	1249123	-	GEGEGB_04006	1	persistent	2	0	0
ONMMKP_03106	contig_5	1249101	1250324	-	LNHIMF_03772	1	persistent	2	0	1
ONMMKP_03107	contig_5	1250497	1251162	+	GEGEGB_04008	1	persistent	2	0	0
ONMMKP_03108	contig_5	1251380	1251616	+	GEGEGB_04009	1	persistent	2	0	0
ONMMKP_03109	contig_5	1251637	1251804	+	GEGEGB_04010	1	persistent	2	0	0
ONMMKP_03110	contig_5	1251902	1252711	+	GEGEGB_04011	1	persistent	2	0	0
ONMMKP_03111	contig_5	1252739	1253218	-	GEGEGB_04012	1	persistent	2	0	0
ONMMKP_03112	contig_5	1253227	1254504	-	LNHIMF_03766	1	persistent	2	0	0
ONMMKP_03113	contig_5	1254913	1255983	+	LNHIMF_03765	1	persistent	2	0	0
ONMMKP_03114	contig_5	1255980	1257104	+	LNHIMF_03764	1	persistent	2	0	0
ONMMKP_03115	contig_5	1257097	1257894	+	BEJGEH_03767	1	persistent	2	1	3
ONMMKP_03116	contig_5	1257950	1258159	+	AJBGEP_03917	1	shell	2	0	0
ONMMKP_03117	contig_5	1258229	1259308	+	LNHIMF_03761	1	persistent	2	1	3
ONMMKP_03118	contig_5	1259314	1260327	+	HFCAGB_03968	1	persistent	2	0	0
ONMMKP_03119	contig_5	1260345	1261358	+	HFCAGB_03967	1	persistent	2	0	0
ONMMKP_03120	contig_5	1261381	1262079	+	LNHIMF_03758	1	persistent	2	0	0
ONMMKP_03121	contig_5	1262229	1263038	+	LNHIMF_03757	1	persistent	2	0	0
ONMMKP_03122	contig_5	1263138	1264283	+	GEGEGB_04023	1	persistent	2	0	0
ONMMKP_03123	contig_5	1264340	1265554	-	BEJGEH_03759	1	persistent	2	0	0
ONMMKP_03124	contig_5	1265594	1266547	-	GEGEGB_04025	1	persistent	2	0	0
ONMMKP_03125	contig_5	1266547	1267593	-	GEGEGB_04026	1	persistent	2	0	0
ONMMKP_03126	contig_5	1267596	1268528	-	GEGEGB_04027	1	persistent	2	0	0
ONMMKP_03127	contig_5	1268731	1269927	+	GEGEGB_04028	1	persistent	2	0	0
ONMMKP_03128	contig_5	1269937	1270962	+	LNHIMF_03750	1	persistent	2	0	1
ONMMKP_03130	contig_5	1271456	1272490	+	GEGEGB_04031	1	persistent	2	0	1
ONMMKP_03131	contig_5	1272477	1273439	-	GEGEGB_04032	1	persistent	2	0	0
ONMMKP_03132	contig_5	1273443	1274726	-	GEGEGB_04033	1	persistent	2	0	0
ONMMKP_03133	contig_5	1274736	1276280	-	LNHIMF_03745	1	persistent	2	0	0
ONMMKP_03134	contig_5	1276528	1276959	+	GEGEGB_04035	1	persistent	2	0	0
ONMMKP_03135	contig_5	1277045	1277296	+	GEGEGB_04036	1	persistent	2	0	0
ONMMKP_03136	contig_5	1277340	1277807	+	GEGEGB_04037	1	persistent	2	0	0
ONMMKP_03137	contig_5	1277807	1278826	+	GEGEGB_04038	1	persistent	2	0	0
ONMMKP_03138	contig_5	1278904	1279725	+	GEGEGB_04039	1	persistent	3	0	0
ONMMKP_03139	contig_5	1279808	1281118	-	BEJGEH_03743	1	persistent	2	0	0
ONMMKP_03140	contig_5	1281192	1282388	-	BEJGEH_03742	1	persistent	2	0	0
ONMMKP_03141	contig_5	1282707	1283711	+	GEGEGB_04043	1	persistent	2	0	0
ONMMKP_03142	contig_5	1283778	1284251	-	GEGEGB_04044	1	persistent	3	0	0
ONMMKP_03143	contig_5	1284316	1285506	-	GEGEGB_04045	1	persistent	2	0	0
ONMMKP_03144	contig_5	1285503	1286279	-	GEGEGB_04046	1	persistent	2	0	0
ONMMKP_03145	contig_5	1286276	1287931	-	LNHIMF_03736	1	persistent	2	0	0
ONMMKP_03147	contig_5	1288230	1292615	-	LNHIMF_03734	1	persistent	2	0	0
ONMMKP_03148	contig_5	1292659	1293342	-	LNHIMF_03733	1	persistent	2	0	0
ONMMKP_03149	contig_5	1293831	1294193	-	GEGEGB_04051	1	persistent	2	0	0
ONMMKP_03150	contig_5	1294483	1294692	+	LNHIMF_03731	1	persistent	2	0	0
ONMMKP_03151	contig_5	1294702	1295292	-	GEGEGB_04053	1	persistent	2	0	0
ONMMKP_03152	contig_5	1295289	1296437	-	LNHIMF_03729	1	persistent	2	0	0
ONMMKP_03153	contig_5	1296668	1298584	-	GEGEGB_04055	1	persistent	2	0	1
ONMMKP_03154	contig_5	1299118	1299480	+	ONMMKP_03154	1	cloud	1	0	1
ONMMKP_03155	contig_5	1299483	1300619	+	ONMMKP_03155	1	cloud	1	0	1
ONMMKP_03156	contig_5	1300717	1301325	+	GEGEGB_04056	1	persistent	2	0	1
ONMMKP_03157	contig_5	1301424	1302815	+	GEGEGB_04057	1	persistent	2	0	0
ONMMKP_03158	contig_5	1302812	1304662	+	BEJGEH_03724	1	persistent	2	0	1
ONMMKP_03159	contig_5	1304910	1305791	-	GEGEGB_04059	1	persistent	2	0	1
ONMMKP_03160	contig_5	1305960	1307498	+	LNHIMF_03722	1	persistent	2	0	0
ONMMKP_03161	contig_5	1307616	1309571	-	LNHIMF_03721	1	persistent	2	0	0
ONMMKP_03162	contig_5	1309796	1310650	+	BENMGJ_03040	1	persistent	2	0	0
ONMMKP_03163	contig_5	1310811	1311506	-	GEGEGB_04063	1	persistent	2	0	0
ONMMKP_03164	contig_5	1311500	1312360	-	LNHIMF_03718	1	persistent	2	0	0
ONMMKP_03165	contig_5	1312353	1313015	-	BEJGEH_03717	1	persistent	2	0	0
ONMMKP_03166	contig_5	1313012	1314508	-	BEJGEH_03716	1	persistent	2	0	0
ONMMKP_03167	contig_5	1314512	1315498	-	GEGEGB_04067	1	persistent	2	0	0
ONMMKP_03168	contig_5	1315510	1316787	-	LNHIMF_03714	1	persistent	2	0	0
ONMMKP_03169	contig_5	1316790	1317263	-	GEGEGB_04069	1	persistent	2	0	0
ONMMKP_03170	contig_5	1317402	1318334	-	GEGEGB_04070	1	persistent	2	0	0
ONMMKP_03171	contig_5	1318358	1318822	-	LNHIMF_03711	1	persistent	2	0	0
ONMMKP_03172	contig_5	1318834	1319832	-	LNHIMF_03710	1	persistent	2	0	0
ONMMKP_03173	contig_5	1320062	1320862	+	GEGEGB_04073	1	persistent	2	0	0
ONMMKP_03174	contig_5	1320979	1321452	+	GEGEGB_04074	1	persistent	2	0	0
ONMMKP_03175	contig_5	1321489	1322739	-	GEGEGB_04075	1	persistent	2	0	0
ONMMKP_03176	contig_5	1322913	1324940	-	LNHIMF_03706	1	persistent	2	0	0
ONMMKP_03177	contig_5	1325256	1326080	+	LNHIMF_03705	1	persistent	2	0	0
ONMMKP_03178	contig_5	1326141	1327319	-	GEGEGB_04078	1	persistent	2	0	0
ONMMKP_03179	contig_5	1327682	1329004	+	LNHIMF_03703	1	persistent	2	0	0
ONMMKP_03180	contig_5	1329104	1330558	+	GEGEGB_04080	1	persistent	2	0	0
ONMMKP_03181	contig_5	1330733	1331086	+	GEGEGB_04081	1	persistent	2	0	0
ONMMKP_03182	contig_5	1331109	1332104	-	BEJGEH_03700	1	persistent	2	0	1
ONMMKP_03183	contig_5	1332270	1332572	+	GEGEGB_04084	1	persistent	2	0	1
ONMMKP_03184	contig_5	1332711	1333622	+	LNHIMF_03697	1	persistent	2	0	0
ONMMKP_03185	contig_5	1333632	1335701	+	LNHIMF_03696	1	persistent	2	1	3
ONMMKP_03187	contig_5	1336094	1336330	+	ONMMKP_03187	1	cloud	1	1	1
ONMMKP_03188	contig_5	1336793	1337563	-	ONMMKP_03188	1	cloud	0	0	2
ONMMKP_03189	contig_5	1338590	1339618	+	ONMMKP_03189	1	cloud	1	0	1
ONMMKP_03190	contig_5	1339762	1340028	+	GEGEGB_04089	1	persistent	1	1	3
ONMMKP_03191	contig_5	1340016	1340501	+	BEJGEH_03692	1	persistent	2	0	1
ONMMKP_03192	contig_5	1340873	1341412	-	GEGEGB_04091	1	persistent	3	0	1
ONMMKP_03193	contig_5	1341585	1341797	-	GEGEGB_04092	1	persistent	2	0	0
ONMMKP_03194	contig_5	1342085	1342417	-	LNHIMF_03688	1	persistent	2	0	0
ONMMKP_03195	contig_5	1342814	1343524	+	GEGEGB_04094	1	persistent	2	0	0
ONMMKP_03196	contig_5	1343574	1344548	-	GEGEGB_04095	1	persistent	2	0	0
ONMMKP_03197	contig_5	1344767	1345429	-	GEGEGB_04096	1	persistent	2	0	0
ONMMKP_03198	contig_5	1345582	1347915	+	LNHIMF_03684	1	persistent	2	0	0
ONMMKP_03199	contig_5	1347884	1348324	-	GEGEGB_04098	1	persistent	2	0	0
ONMMKP_03200	contig_5	1348302	1348883	-	GEGEGB_04099	1	persistent	2	0	0
ONMMKP_03201	contig_5	1349040	1349744	+	LNHIMF_03681	1	persistent	2	2	0
ONMMKP_03202	contig_5	1350262	1350786	+	BEJGEH_03681	1	shell	1	2	0
ONMMKP_03203	contig_5	1350871	1351569	+	BEJGEH_03680	1	shell	0	2	1
ONMMKP_03204	contig_5	1351592	1354120	+	AJBGEP_03832	1	shell	0	2	2
ONMMKP_03205	contig_5	1354138	1355217	+	HFCAGB_03882	1	shell	0	2	0
ONMMKP_03206	contig_5	1355223	1355750	+	BEJGEH_03677	1	shell	1	1	1
ONMMKP_03207	contig_5	1355968	1357641	+	GEGEGB_04101	1	persistent	2	1	0
ONMMKP_03209	contig_5	1358140	1359147	-	LNHIMF_03678	1	persistent	2	0	0
ONMMKP_03210	contig_5	1359297	1360421	+	LNHIMF_03677	1	persistent	2	0	0
ONMMKP_03211	contig_5	1360479	1361804	+	LNHIMF_03676	1	persistent	2	0	0
ONMMKP_03212	contig_5	1362360	1363967	+	LNHIMF_03675	1	persistent	2	0	0
ONMMKP_03213	contig_5	1364124	1365143	+	GEGEGB_04108	1	persistent	2	0	0
ONMMKP_03214	contig_5	1365153	1366055	+	LNHIMF_03673	1	persistent	2	0	0
ONMMKP_03215	contig_5	1366066	1367049	+	LNHIMF_03672	1	persistent	2	0	0
ONMMKP_03216	contig_5	1367046	1368059	+	LNHIMF_03671	1	persistent	2	0	0
ONMMKP_03217	contig_5	1368160	1369458	-	LNHIMF_03670	1	persistent	2	0	0
ONMMKP_03219	contig_5	1370101	1370208	+	GEGEGB_04114	1	persistent	2	0	0
ONMMKP_03220	contig_5	1370290	1371969	-	GEGEGB_04115	1	persistent	2	0	0
ONMMKP_03221	contig_5	1371966	1372157	-	GEGEGB_04116	1	persistent	2	0	0
ONMMKP_03222	contig_5	1372154	1373713	-	LNHIMF_03665	1	persistent	2	0	0
ONMMKP_03223	contig_5	1373970	1374173	+	GEGEGB_04118	1	persistent	2	0	0
ONMMKP_03224	contig_5	1374174	1374926	+	LNHIMF_03663	1	persistent	2	0	0
ONMMKP_03225	contig_5	1374923	1377547	+	GEGEGB_04120	1	persistent	2	0	0
ONMMKP_03226	contig_5	1377708	1379858	+	LNHIMF_03661	1	persistent	2	0	0
ONMMKP_03227	contig_5	1379862	1380971	+	LNHIMF_03660	1	persistent	2	0	0
ONMMKP_03228	contig_5	1380953	1384495	+	LNHIMF_03659	1	persistent	2	0	0
ONMMKP_03229	contig_5	1384669	1386675	+	LNHIMF_03658	1	persistent	2	0	0
ONMMKP_03230	contig_5	1386833	1388119	+	LNHIMF_03657	1	persistent	2	0	0
ONMMKP_03231	contig_5	1388339	1389826	+	LNHIMF_03656	1	persistent	2	0	0
ONMMKP_03232	contig_5	1389880	1390809	-	GEGEGB_04129	1	persistent	2	0	0
ONMMKP_03233	contig_5	1391038	1391805	+	LNHIMF_03654	1	persistent	2	0	0
ONMMKP_03234	contig_5	1391915	1393975	+	LNHIMF_03653	1	persistent	2	0	0
ONMMKP_03235	contig_5	1394015	1395337	-	LNHIMF_03652	1	persistent	2	0	0
ONMMKP_03236	contig_5	1395688	1396716	-	GEGEGB_04133	1	persistent	2	0	0
ONMMKP_03237	contig_5	1396789	1397688	-	LNHIMF_03650	1	persistent	2	0	0
ONMMKP_03239	contig_5	1398319	1398921	+	LNHIMF_03649	1	persistent	2	0	0
ONMMKP_03240	contig_5	1398927	1399283	-	LNHIMF_03648	1	persistent	2	0	0
ONMMKP_03241	contig_5	1399564	1401153	+	GEGEGB_04137	1	persistent	2	0	0
ONMMKP_03242	contig_5	1401166	1402815	-	LNHIMF_03646	1	persistent	2	0	0
ONMMKP_03243	contig_5	1403142	1403861	+	GEGEGB_04139	1	persistent	2	0	0
ONMMKP_03244	contig_5	1404037	1405014	+	LNHIMF_03644	1	persistent	3	0	0
ONMMKP_03245	contig_5	1405078	1405923	+	LNHIMF_03643	1	persistent	2	0	0
ONMMKP_03246	contig_5	1405977	1407296	+	LNHIMF_03642	1	persistent	2	0	0
ONMMKP_03247	contig_5	1407355	1408398	+	BEJGEH_03636	1	persistent	3	0	0
ONMMKP_03248	contig_5	1408445	1409797	-	GEGEGB_04142	1	persistent	2	0	0
ONMMKP_03249	contig_5	1409902	1410744	-	GEGEGB_04143	1	persistent	2	0	1
ONMMKP_03250	contig_5	1410955	1412226	+	HFCAGB_03837	1	persistent	2	0	0
ONMMKP_03251	contig_5	1412408	1414450	+	LNHIMF_03637	1	persistent	2	0	1
ONMMKP_03252	contig_5	1414457	1415215	+	LNHIMF_03636	1	persistent	2	0	0
ONMMKP_03253	contig_5	1415307	1416779	-	GEGEGB_04148	1	persistent	2	0	0
ONMMKP_03255	contig_5	1417104	1417538	-	LNHIMF_03633	1	persistent	2	0	0
ONMMKP_03256	contig_5	1417926	1418261	+	GEGEGB_04151	1	persistent	2	0	0
ONMMKP_03257	contig_5	1418401	1419897	-	GEGEGB_04152	1	persistent	2	0	0
ONMMKP_03258	contig_5	1420128	1421324	+	LNHIMF_03630	1	persistent	2	0	1
ONMMKP_03259	contig_5	1421630	1422697	+	LNHIMF_03629	1	persistent	2	0	1
ONMMKP_03260	contig_5	1422694	1425435	+	LNHIMF_03628	1	persistent	2	0	0
ONMMKP_03261	contig_5	1425435	1426559	+	LNHIMF_03627	1	persistent	2	0	0
ONMMKP_03262	contig_5	1426661	1427098	-	GEGEGB_04164	1	persistent	2	0	0
ONMMKP_03263	contig_5	1427154	1427732	-	GEGEGB_04165	1	persistent	2	0	0
ONMMKP_03264	contig_5	1427784	1428833	-	GEGEGB_04166	1	persistent	2	0	0
ONMMKP_03265	contig_5	1428923	1430182	+	LNHIMF_03623	1	persistent	2	0	0
ONMMKP_03266	contig_5	1430186	1430743	-	GEGEGB_04168	1	persistent	2	0	0
ONMMKP_03267	contig_5	1430816	1431481	-	GEGEGB_04169	1	persistent	2	0	0
ONMMKP_03268	contig_5	1431561	1431896	+	LNHIMF_03620	1	persistent	2	0	0
ONMMKP_03269	contig_5	1431920	1433563	-	GEGEGB_04171	1	persistent	2	0	0
ONMMKP_03270	contig_5	1433763	1435961	-	GEGEGB_04172	1	persistent	2	0	0
ONMMKP_03271	contig_5	1436042	1436668	-	GEGEGB_04173	1	persistent	2	0	0
ONMMKP_03272	contig_5	1436810	1437181	+	GEGEGB_04174	1	persistent	2	0	0
ONMMKP_03273	contig_5	1437203	1437472	-	LNHIMF_03615	1	persistent	2	0	0
ONMMKP_03274	contig_5	1437462	1438058	-	GEGEGB_04176	1	persistent	2	0	0
ONMMKP_03275	contig_5	1438184	1439659	+	GEGEGB_04177	1	persistent	2	0	0
ONMMKP_03276	contig_5	1439662	1440330	+	GEGEGB_04178	1	persistent	2	0	0
ONMMKP_03277	contig_5	1440323	1441378	+	LNHIMF_03611	1	persistent	2	0	0
ONMMKP_03278	contig_5	1441624	1442478	+	GEGEGB_04180	1	persistent	2	0	0
ONMMKP_03279	contig_5	1442806	1443903	+	LNHIMF_03609	1	persistent	2	0	0
ONMMKP_03280	contig_5	1444099	1444482	-	GEGEGB_04183	1	persistent	2	0	0
ONMMKP_03281	contig_5	1444904	1446013	+	GEGEGB_04184	1	persistent	2	0	0
ONMMKP_03282	contig_5	1446073	1446999	+	GEGEGB_04185	1	persistent	2	0	0
ONMMKP_03283	contig_5	1446996	1448273	+	GEGEGB_04186	1	persistent	2	0	0
ONMMKP_03284	contig_5	1448270	1449037	+	GEGEGB_04187	1	persistent	2	0	0
ONMMKP_03285	contig_5	1449039	1449752	+	GEGEGB_04188	1	persistent	1	1	1
ONMMKP_03286	contig_5	1449883	1450104	+	HFCAGB_03800	1	shell	1	1	0
ONMMKP_03287	contig_5	1450101	1450469	+	AJBGEP_03748	1	shell	1	1	0
ONMMKP_03288	contig_5	1450729	1452045	+	GEGEGB_04190	1	persistent	1	1	1
ONMMKP_03289	contig_5	1452150	1453037	+	BENMGJ_02915	1	persistent	2	0	0
ONMMKP_03290	contig_5	1453034	1453879	+	GEGEGB_04192	1	persistent	2	0	0
ONMMKP_03291	contig_5	1453882	1454952	+	BEJGEH_03592	1	persistent	2	0	0
ONMMKP_03292	contig_5	1454949	1455689	+	GEGEGB_04194	1	persistent	2	0	0
ONMMKP_03293	contig_5	1455686	1456102	-	GEGEGB_04195	1	persistent	2	0	0
ONMMKP_03294	contig_5	1456228	1457970	+	GEGEGB_04196	1	persistent	2	0	0
ONMMKP_03295	contig_5	1458015	1459049	-	GEGEGB_04197	1	persistent	2	0	0
ONMMKP_03296	contig_5	1459046	1460017	-	GEGEGB_04198	1	persistent	2	0	0
ONMMKP_03297	contig_5	1460071	1460832	-	LNHIMF_03592	1	persistent	2	0	0
ONMMKP_03298	contig_5	1460848	1462062	-	GEGEGB_04200	1	persistent	2	0	0
ONMMKP_03299	contig_5	1462327	1462815	-	GEGEGB_04201	1	persistent	2	1	1
ONMMKP_03301	contig_5	1463283	1464320	+	LNHIMF_03588	1	persistent	2	1	1
ONMMKP_03302	contig_5	1464444	1465139	+	GEGEGB_04205	1	persistent	2	0	0
ONMMKP_03303	contig_5	1465269	1466264	+	GEGEGB_04206	1	persistent	2	0	0
ONMMKP_03304	contig_5	1466403	1466936	+	GEGEGB_04207	1	persistent	2	0	0
ONMMKP_03305	contig_5	1466933	1468273	+	GEGEGB_04208	1	persistent	2	0	1
ONMMKP_03306	contig_5	1468696	1469802	+	GEGEGB_04210	1	persistent	2	0	1
ONMMKP_03307	contig_5	1470150	1472336	+	GEGEGB_04211	1	persistent	2	0	0
ONMMKP_03308	contig_5	1472333	1474309	+	LNHIMF_03580	1	persistent	2	0	0
ONMMKP_03309	contig_5	1474324	1475619	+	LNHIMF_03579	1	persistent	2	0	0
ONMMKP_03310	contig_5	1475619	1477052	+	LNHIMF_03578	1	persistent	2	0	0
ONMMKP_03311	contig_5	1477072	1479519	+	LNHIMF_03577	1	persistent	2	1	1
ONMMKP_03312	contig_5	1479697	1480452	+	BEJGEH_03569	1	shell	1	1	0
ONMMKP_03313	contig_5	1480496	1481401	-	BEJGEH_03568	1	shell	0	2	0
ONMMKP_03314	contig_5	1481445	1483160	-	BEJGEH_03567	1	shell	0	2	0
ONMMKP_03315	contig_5	1483157	1484491	-	BEJGEH_03566	1	shell	0	2	0
ONMMKP_03316	contig_5	1484829	1485938	+	BEJGEH_03565	1	shell	1	1	1
ONMMKP_03317	contig_5	1486096	1487592	+	HFCAGB_03768	1	persistent	1	1	3
ONMMKP_03318	contig_5	1487602	1488147	+	BEJGEH_03563	1	persistent	2	0	1
ONMMKP_03319	contig_5	1488195	1489703	-	GEGEGB_04216	1	persistent	3	0	0
ONMMKP_03320	contig_5	1489902	1490228	+	GEGEGB_04217	1	persistent	2	0	0
ONMMKP_03321	contig_5	1490304	1491134	+	LNHIMF_03570	1	persistent	2	0	0
ONMMKP_03322	contig_5	1491228	1491986	+	GEGEGB_04219	1	persistent	2	1	0
ONMMKP_03323	contig_5	1492055	1494760	-	ODDLKH_03961	1	persistent	2	1	1
ONMMKP_03324	contig_5	1495354	1497747	+	LNHIMF_03567	1	persistent	2	0	0
ONMMKP_03325	contig_5	1497757	1499835	+	BEJGEH_03547	1	persistent	2	0	0
ONMMKP_03326	contig_5	1499954	1501270	-	GEGEGB_04223	1	persistent	2	0	0
ONMMKP_03327	contig_5	1501647	1502222	-	LNHIMF_03564	1	persistent	2	0	0
ONMMKP_03328	contig_5	1502281	1502964	-	LNHIMF_03563	1	persistent	2	0	0
ONMMKP_03329	contig_5	1503002	1503772	+	GEGEGB_04226	1	persistent	2	0	0
ONMMKP_03330	contig_5	1503808	1504722	-	GEGEGB_04227	1	persistent	2	0	0
ONMMKP_03331	contig_5	1504957	1505193	-	GEGEGB_04228	1	persistent	2	0	0
ONMMKP_03332	contig_5	1505206	1507524	-	LNHIMF_03559	1	persistent	2	0	0
ONMMKP_03333	contig_5	1507543	1507770	-	GEGEGB_04230	1	persistent	2	0	0
ONMMKP_03334	contig_5	1508207	1510537	-	IKCLMC_02888	1	persistent	2	0	0
ONMMKP_03335	contig_5	1510636	1511109	-	GEGEGB_04232	1	persistent	2	0	0
ONMMKP_03336	contig_5	1511335	1512054	+	GEGEGB_04233	1	persistent	2	0	0
ONMMKP_03337	contig_5	1512051	1513403	+	LNHIMF_03554	1	persistent	2	0	0
ONMMKP_03338	contig_5	1513478	1515097	-	GEGEGB_04235	1	persistent	2	0	0
ONMMKP_03339	contig_5	1515477	1517186	+	GEGEGB_04236	1	persistent	2	0	1
ONMMKP_03340	contig_5	1517297	1518175	-	LNHIMF_03551	1	persistent	2	0	1
ONMMKP_03341	contig_5	1518200	1518601	-	LNHIMF_03550	1	persistent	2	0	0
ONMMKP_03342	contig_5	1518612	1519280	-	GEGEGB_04239	1	persistent	2	0	0
ONMMKP_03343	contig_5	1519345	1521477	-	LNHIMF_03548	1	persistent	2	0	0
ONMMKP_03344	contig_5	1521767	1522363	+	LNHIMF_03547	1	persistent	2	1	0
ONMMKP_03345	contig_5	1522459	1525011	-	GEGEGB_04242	1	persistent	2	1	0
ONMMKP_03346	contig_5	1525132	1525911	+	GEGEGB_04243	1	persistent	2	0	0
ONMMKP_03347	contig_5	1525911	1526450	+	GEGEGB_04244	1	persistent	2	0	0
ONMMKP_03348	contig_5	1526434	1526907	+	LNHIMF_03543	1	persistent	2	0	0
ONMMKP_03349	contig_5	1526897	1527298	+	GEGEGB_04246	1	persistent	2	0	0
ONMMKP_03350	contig_5	1527249	1528451	+	LNHIMF_03541	1	persistent	2	0	0
ONMMKP_03351	contig_5	1528916	1529437	+	GEGEGB_04248	1	persistent	2	0	0
ONMMKP_03352	contig_5	1529494	1530582	+	GEGEGB_04249	1	persistent	2	0	0
ONMMKP_03353	contig_5	1530680	1531957	+	LNHIMF_03538	1	persistent	2	0	0
ONMMKP_03354	contig_5	1532138	1532974	+	GEGEGB_04251	1	persistent	2	0	0
ONMMKP_03355	contig_5	1532992	1533669	+	GEGEGB_04252	1	persistent	2	0	0
ONMMKP_03356	contig_5	1533662	1534420	+	BEJGEH_03515	1	persistent	2	0	0
ONMMKP_03357	contig_5	1534413	1535417	+	GEGEGB_04254	1	persistent	2	0	0
ONMMKP_03358	contig_5	1535562	1535732	-	GEGEGB_04255	1	persistent	1	3	0
ONMMKP_03360	contig_5	1535925	1541876	-	ODDLKH_03924	1	shell	2	1	1
ONMMKP_03361	contig_5	1542214	1543587	-	BEJGEH_03507	1	persistent	1	3	1
ONMMKP_03362	contig_5	1543599	1544408	-	GEGEGB_04260	1	persistent	2	0	0
ONMMKP_03363	contig_5	1544674	1545000	-	GEGEGB_04261	1	persistent	2	0	0
ONMMKP_03364	contig_5	1544997	1547540	-	LNHIMF_03527	1	persistent	2	0	1
ONMMKP_03365	contig_5	1547803	1548984	-	GEGEGB_04263	1	persistent	2	0	1
ONMMKP_03366	contig_5	1549261	1549833	+	GEGEGB_04264	1	persistent	2	0	0
ONMMKP_03367	contig_5	1549837	1550109	+	LNHIMF_03524	1	persistent	2	0	0
ONMMKP_03368	contig_5	1550099	1550701	+	LNHIMF_03523	1	persistent	2	0	0
ONMMKP_03369	contig_5	1550733	1551296	+	GEGEGB_04267	1	persistent	2	0	0
ONMMKP_03370	contig_5	1551382	1552599	+	BEJGEH_03498	1	persistent	2	0	0
ONMMKP_03371	contig_5	1552642	1554729	-	LNHIMF_03520	1	persistent	2	0	0
ONMMKP_03372	contig_5	1554778	1555410	-	GEGEGB_04271	1	persistent	2	0	0
ONMMKP_03373	contig_5	1555718	1556122	+	BEJGEH_03495	1	persistent	2	0	0
ONMMKP_03374	contig_5	1556218	1557087	-	GEGEGB_04273	1	persistent	2	0	0
ONMMKP_03375	contig_5	1557139	1557357	-	GEGEGB_04274	1	persistent	2	0	0
ONMMKP_03376	contig_5	1557354	1558376	-	BEJGEH_03492	1	persistent	3	0	0
ONMMKP_03377	contig_5	1558619	1558930	+	GEGEGB_04277	1	persistent	2	0	1
ONMMKP_03378	contig_5	1558932	1559153	-	LNHIMF_03513	1	persistent	3	0	0
ONMMKP_03379	contig_5	1559192	1561099	-	GEGEGB_04279	1	persistent	2	0	1
ONMMKP_03380	contig_5	1561365	1561916	+	GEGEGB_04280	1	persistent	2	0	0
ONMMKP_03381	contig_5	1561916	1563721	+	GEGEGB_04281	1	persistent	2	0	0
ONMMKP_03382	contig_5	1563731	1563931	+	GEGEGB_04282	1	persistent	2	0	0
ONMMKP_03383	contig_5	1564026	1564616	+	LNHIMF_03508	1	persistent	2	0	0
ONMMKP_03384	contig_5	1564805	1565023	-	GEGEGB_04284	1	persistent	2	0	0
ONMMKP_03385	contig_5	1565243	1566061	+	LNHIMF_03506	1	persistent	2	0	0
ONMMKP_03386	contig_5	1566338	1567060	+	GEGEGB_04286	1	persistent	2	0	0
ONMMKP_03387	contig_5	1567060	1567446	+	LNHIMF_03504	1	persistent	2	0	0
ONMMKP_03388	contig_5	1567446	1567802	+	GEGEGB_04288	1	persistent	2	0	0
ONMMKP_03389	contig_5	1567810	1568097	+	GEGEGB_04289	1	persistent	2	0	0
ONMMKP_03390	contig_5	1568223	1568597	+	GEGEGB_04290	1	persistent	1	1	0
ONMMKP_03391	contig_5	1568693	1569163	+	GEGEGB_04291	1	shell	1	1	0
ONMMKP_03392	contig_5	1569260	1571374	+	GEGEGB_04292	1	shell	0	2	0
ONMMKP_03393	contig_5	1571446	1572630	+	GEGEGB_03670	2	shell	2	2	0
ONMMKP_03394	contig_5	1572815	1573009	+	GEGEGB_04294	1	persistent	1	1	0
ONMMKP_03395	contig_5	1573082	1573558	+	LNHIMF_03496	1	persistent	2	0	0
ONMMKP_03396	contig_5	1573555	1574022	-	GEGEGB_04296	1	persistent	1	1	0
ONMMKP_03397	contig_5	1574402	1574713	+	GEGEGB_04297	1	shell	1	1	0
ONMMKP_03398	contig_5	1574746	1575375	+	GEGEGB_04298	1	shell	0	2	0
ONMMKP_03399	contig_5	1575386	1575991	+	GEGEGB_04299	1	shell	0	2	0
ONMMKP_03400	contig_5	1575988	1576290	+	GEGEGB_04300	1	shell	0	2	1
ONMMKP_03401	contig_5	1576308	1577129	+	GEGEGB_04301	1	shell	0	2	0
ONMMKP_03402	contig_5	1577146	1577424	+	GEGEGB_04302	1	shell	0	2	0
ONMMKP_03403	contig_5	1577439	1577771	+	GEGEGB_04303	1	shell	0	2	0
ONMMKP_03404	contig_5	1577789	1578490	+	GEGEGB_04304	1	shell	0	2	0
ONMMKP_03405	contig_5	1578503	1578913	+	GEGEGB_04305	1	shell	0	2	0
ONMMKP_03406	contig_5	1578913	1579104	+	GEGEGB_04306	1	shell	0	2	0
ONMMKP_03407	contig_5	1579104	1579358	+	GEGEGB_04307	1	shell	0	2	0
ONMMKP_03408	contig_5	1579522	1579893	+	GEGEGB_04308	1	shell	0	2	0
ONMMKP_03409	contig_5	1579904	1580218	+	GEGEGB_04309	1	shell	0	2	0
ONMMKP_03410	contig_5	1580233	1580772	+	GEGEGB_04310	1	shell	0	2	0
ONMMKP_03411	contig_5	1580787	1581092	+	GEGEGB_04311	1	shell	0	2	0
ONMMKP_03412	contig_5	1581126	1581518	+	GEGEGB_04312	1	shell	0	2	0
ONMMKP_03413	contig_5	1581531	1582064	+	GEGEGB_04313	1	shell	0	2	0
ONMMKP_03414	contig_5	1582074	1582427	+	GEGEGB_04314	1	shell	0	2	1
ONMMKP_03415	contig_5	1582442	1582945	+	GEGEGB_04315	1	shell	0	2	0
ONMMKP_03416	contig_5	1582949	1583128	+	GEGEGB_04316	1	shell	0	2	0
ONMMKP_03417	contig_5	1583132	1583566	+	GEGEGB_04317	1	shell	0	2	0
ONMMKP_03418	contig_5	1583574	1584905	+	LNHIMF_03473	1	shell	0	2	0
ONMMKP_03419	contig_5	1584937	1585053	+	GEGEGB_04319	1	shell	0	2	0
ONMMKP_03420	contig_5	1585200	1585556	+	LNHIMF_03471	1	shell	0	3	0
ONMMKP_03421	contig_5	1585573	1585962	+	BEJGEH_03447	1	shell	0	2	0
ONMMKP_03422	contig_5	1585996	1586616	+	LNHIMF_03469	1	shell	1	2	0
ONMMKP_03423	contig_5	1586642	1587631	+	GEGEGB_04323	1	persistent	1	1	0
ONMMKP_03424	contig_5	1587672	1588055	+	GEGEGB_04324	1	persistent	2	0	0
ONMMKP_03425	contig_5	1588163	1588531	+	LNHIMF_03466	1	persistent	2	0	0
ONMMKP_03426	contig_5	1588542	1588967	+	LNHIMF_03465	1	persistent	2	0	0
ONMMKP_03427	contig_5	1589025	1589294	+	GEGEGB_04327	1	persistent	2	0	0
ONMMKP_03428	contig_5	1589230	1589643	-	GEGEGB_04328	1	persistent	2	0	0
ONMMKP_03429	contig_5	1589785	1591161	-	GEGEGB_04329	1	persistent	2	0	0
ONMMKP_03430	contig_5	1591183	1592472	-	LNHIMF_03461	1	persistent	2	0	0
ONMMKP_03431	contig_5	1592524	1593471	-	GEGEGB_04331	1	persistent	2	0	0
ONMMKP_03432	contig_5	1593487	1593996	-	GEGEGB_04332	1	persistent	2	0	0
ONMMKP_03433	contig_5	1594128	1595252	+	LNHIMF_03458	1	persistent	2	0	0
ONMMKP_03434	contig_5	1595224	1595697	+	GEGEGB_04334	1	persistent	2	0	0
ONMMKP_03435	contig_5	1595724	1596266	+	LNHIMF_03456	1	persistent	2	0	0
ONMMKP_03436	contig_5	1596271	1596843	+	LNHIMF_03455	1	persistent	2	0	0
ONMMKP_03437	contig_5	1596845	1597666	+	LNHIMF_03454	1	persistent	2	0	0
ONMMKP_03438	contig_5	1597663	1597920	+	LNHIMF_03453	1	persistent	2	0	0
ONMMKP_03439	contig_5	1597896	1598450	-	GEGEGB_04339	1	persistent	3	0	0
ONMMKP_03447	contig_5	1605277	1605498	-	GEGEGB_03485	1	persistent	3	0	0
ONMMKP_03448	contig_5	1605736	1608849	-	LNHIMF_03443	2	persistent	4	0	0
ONMMKP_03449	contig_5	1608861	1610018	-	BEJGEH_03419	1	persistent	3	0	0
ONMMKP_03450	contig_5	1610432	1611094	+	LNHIMF_03441	1	persistent	2	0	0
ONMMKP_03451	contig_5	1611097	1613196	-	LNHIMF_03440	1	persistent	3	0	0
ONMMKP_03452	contig_5	1613347	1613511	-	GEGEGB_03480	1	persistent	2	0	0
ONMMKP_03453	contig_5	1613594	1614478	-	GEGEGB_03479	1	persistent	2	0	0
ONMMKP_03454	contig_5	1614564	1614860	-	GEGEGB_03478	1	persistent	2	0	0
ONMMKP_03455	contig_5	1614886	1615851	-	GEGEGB_03477	1	persistent	2	0	1
ONMMKP_03456	contig_5	1616513	1617394	-	GEGEGB_03476	1	persistent	2	0	1
ONMMKP_03457	contig_5	1617406	1618857	-	LNHIMF_03434	1	persistent	2	0	0
ONMMKP_03458	contig_5	1618847	1619089	-	LNHIMF_03433	1	persistent	2	0	0
ONMMKP_03459	contig_5	1619198	1620547	-	GEGEGB_03473	1	persistent	2	0	0
ONMMKP_03460	contig_5	1620558	1621028	-	GEGEGB_03472	1	persistent	2	0	0
ONMMKP_03461	contig_5	1621421	1622020	-	GEGEGB_03471	1	persistent	2	0	0
ONMMKP_03462	contig_5	1622021	1623025	-	GEGEGB_03470	1	persistent	2	0	0
ONMMKP_03463	contig_5	1623143	1624117	-	GEGEGB_03469	1	persistent	2	0	0
ONMMKP_03464	contig_5	1624321	1626261	+	LNHIMF_03427	1	persistent	2	0	0
ONMMKP_03465	contig_5	1626569	1627612	+	GEGEGB_03467	1	persistent	2	0	0
ONMMKP_03466	contig_5	1627677	1628729	+	LNHIMF_03425	1	persistent	2	0	0
ONMMKP_03467	contig_5	1628729	1629220	+	GEGEGB_03465	1	persistent	2	0	0
ONMMKP_03468	contig_5	1629229	1629822	+	LNHIMF_03423	1	persistent	2	0	0
ONMMKP_03469	contig_5	1629812	1631281	+	GEGEGB_03463	1	persistent	2	0	0
ONMMKP_03470	contig_5	1631388	1635188	+	LNHIMF_03421	1	persistent	2	0	0
ONMMKP_03471	contig_5	1635333	1636778	+	GEGEGB_03461	1	persistent	2	0	0
ONMMKP_03472	contig_5	1636900	1637829	-	GEGEGB_03460	1	persistent	2	0	0
ONMMKP_03473	contig_5	1638011	1638214	+	GEGEGB_03459	1	persistent	2	0	0
ONMMKP_03474	contig_5	1638222	1639154	+	GEGEGB_03458	1	persistent	2	0	0
ONMMKP_03475	contig_5	1639160	1641127	+	LNHIMF_03416	1	persistent	2	0	0
ONMMKP_03476	contig_5	1641299	1641571	+	GEGEGB_03456	1	persistent	2	0	0
ONMMKP_03477	contig_5	1641630	1641896	-	GEGEGB_03455	1	persistent	2	0	0
ONMMKP_03478	contig_5	1642000	1642263	-	GEGEGB_03454	1	persistent	2	0	0
ONMMKP_03479	contig_5	1642628	1643098	-	GEGEGB_03453	1	persistent	2	0	0
ONMMKP_03480	contig_5	1643513	1644451	+	GEGEGB_03452	1	persistent	2	0	0
ONMMKP_03481	contig_5	1644571	1645200	+	GEGEGB_03451	1	persistent	2	0	0
ONMMKP_03482	contig_5	1645187	1645852	+	GEGEGB_03450	1	persistent	2	0	0
ONMMKP_03483	contig_5	1646063	1647331	+	GEGEGB_03449	1	persistent	2	0	0
ONMMKP_03484	contig_5	1647364	1648263	+	GEGEGB_03448	1	persistent	2	0	0
ONMMKP_03485	contig_5	1648263	1648880	+	GEGEGB_03447	1	persistent	2	0	0
ONMMKP_03486	contig_5	1649037	1649279	+	AJBGEP_03535	3	persistent	3	1	0
ONMMKP_03487	contig_5	1649295	1651064	+	GEGEGB_00060	3	persistent	2	0	1
ONMMKP_03488	contig_5	1651080	1652381	+	LNHIMF_00056	3	persistent	4	0	0
ONMMKP_03489	contig_5	1652434	1653132	+	HFCAGB_03583	1	persistent	2	0	0
ONMMKP_03490	contig_5	1653166	1654236	-	GEGEGB_03442	1	persistent	2	0	0
ONMMKP_03491	contig_5	1654329	1655696	-	GEGEGB_03441	1	persistent	2	0	0
ONMMKP_03492	contig_5	1655853	1656251	-	LNHIMF_03399	1	persistent	2	0	0
ONMMKP_03493	contig_5	1656444	1657568	+	LNHIMF_03398	1	persistent	2	0	0
ONMMKP_03494	contig_5	1657871	1658299	+	GEGEGB_03438	1	persistent	2	0	0
ONMMKP_03495	contig_5	1658315	1658707	+	GEGEGB_03437	1	persistent	2	1	2
ONMMKP_03496	contig_5	1659020	1659658	+	LNHIMF_03394	1	persistent	2	1	2
ONMMKP_03497	contig_5	1659664	1660164	+	GEGEGB_03434	1	persistent	2	0	0
ONMMKP_03498	contig_5	1660282	1661064	+	GEGEGB_03433	1	persistent	2	0	0
ONMMKP_03499	contig_5	1661199	1662092	+	LNHIMF_03391	1	persistent	2	0	0
ONMMKP_03500	contig_5	1662208	1663698	+	LNHIMF_03390	1	persistent	2	0	0
ONMMKP_03501	contig_5	1663745	1664434	+	LNHIMF_03389	1	persistent	2	0	0
ONMMKP_03502	contig_5	1664431	1665306	+	LNHIMF_03388	1	persistent	2	0	0
ONMMKP_03503	contig_5	1665303	1665770	+	GEGEGB_03427	1	persistent	2	0	0
ONMMKP_03504	contig_5	1665853	1667133	-	LNHIMF_03386	1	persistent	2	0	0
ONMMKP_03505	contig_5	1667120	1668373	-	LNHIMF_03385	1	persistent	2	0	0
ONMMKP_03506	contig_5	1668489	1669592	-	GEGEGB_03424	1	persistent	2	0	1
ONMMKP_03507	contig_5	1669799	1671217	-	GEGEGB_03423	1	persistent	2	0	1
ONMMKP_03508	contig_5	1671227	1675687	-	GEGEGB_03422	1	persistent	2	0	0
ONMMKP_03509	contig_5	1676359	1677288	+	GEGEGB_03421	1	persistent	2	0	0
ONMMKP_03510	contig_5	1677382	1679718	+	LNHIMF_03380	1	persistent	2	0	0
ONMMKP_03512	contig_5	1679945	1680598	+	BEJGEH_03355	1	persistent	2	0	0
ONMMKP_03513	contig_5	1680595	1681323	+	GEGEGB_03417	1	persistent	2	0	0
ONMMKP_03514	contig_5	1681398	1682030	-	GEGEGB_03416	1	persistent	2	0	0
ONMMKP_03515	contig_5	1682279	1682551	-	GEGEGB_03415	1	persistent	2	0	0
ONMMKP_03516	contig_5	1682548	1683402	-	LNHIMF_03373	1	persistent	2	0	0
ONMMKP_03517	contig_5	1683448	1683939	-	GEGEGB_03413	1	persistent	2	0	0
ONMMKP_03518	contig_5	1684057	1684344	-	LNHIMF_03371	1	persistent	2	0	0
ONMMKP_03519	contig_5	1684367	1685800	-	GEGEGB_03411	1	persistent	2	0	0
ONMMKP_03520	contig_5	1685848	1686573	-	GEGEGB_03410	1	persistent	2	0	0
ONMMKP_03521	contig_5	1686580	1687134	-	GEGEGB_03409	1	persistent	2	0	0
ONMMKP_03522	contig_5	1687103	1687678	-	GEGEGB_03408	1	persistent	2	0	0
ONMMKP_03523	contig_5	1687675	1688241	-	GEGEGB_03407	1	persistent	2	0	0
ONMMKP_03524	contig_5	1688262	1689248	-	LNHIMF_03365	1	persistent	2	0	0
ONMMKP_03525	contig_5	1689262	1690239	-	LNHIMF_03364	1	persistent	2	0	0
ONMMKP_03526	contig_5	1690452	1691264	+	LNHIMF_03363	1	persistent	2	0	0
ONMMKP_03527	contig_5	1691272	1692054	+	GEGEGB_03403	1	persistent	2	0	0
ONMMKP_03528	contig_5	1692059	1692610	+	GEGEGB_03402	1	persistent	2	0	0
ONMMKP_03529	contig_5	1692629	1693264	+	GEGEGB_03401	1	persistent	2	0	0
ONMMKP_03530	contig_5	1693264	1693560	+	GEGEGB_03400	1	persistent	2	0	0
ONMMKP_03531	contig_5	1693709	1694002	+	GEGEGB_03399	1	persistent	2	0	0
ONMMKP_03532	contig_5	1694056	1695315	+	GEGEGB_03398	1	persistent	2	0	0
ONMMKP_03533	contig_5	1695374	1695661	-	GEGEGB_03397	1	persistent	2	0	0
ONMMKP_03534	contig_5	1695893	1697005	-	LNHIMF_03355	1	persistent	2	0	0
ONMMKP_03535	contig_5	1697122	1697433	+	GEGEGB_03395	1	persistent	2	0	0
ONMMKP_03536	contig_5	1697453	1697710	+	GEGEGB_03394	1	persistent	2	0	0
ONMMKP_03537	contig_5	1697840	1698805	+	GEGEGB_03393	1	persistent	2	0	0
ONMMKP_03538	contig_5	1698821	1699993	+	GEGEGB_03392	1	persistent	2	0	0
ONMMKP_03539	contig_5	1700124	1701557	-	GEGEGB_03391	1	persistent	2	0	0
ONMMKP_03540	contig_5	1701650	1701751	+	GEGEGB_03390	1	persistent	2	0	0
ONMMKP_03541	contig_5	1701805	1702281	+	GEGEGB_03389	1	persistent	2	0	0
ONMMKP_03542	contig_5	1702437	1702769	-	GEGEGB_03388	1	persistent	2	0	0
ONMMKP_03543	contig_5	1702857	1703483	+	LNHIMF_03346	1	persistent	2	0	0
ONMMKP_03544	contig_5	1703578	1705521	+	GEGEGB_03386	1	persistent	2	1	0
ONMMKP_03545	contig_5	1705626	1706474	+	GEGEGB_03385	1	persistent	2	1	0
ONMMKP_03546	contig_5	1706467	1707804	+	GEGEGB_03384	1	persistent	2	0	0
ONMMKP_03547	contig_5	1708027	1708359	+	GEGEGB_03383	1	persistent	2	1	1
ONMMKP_03549	contig_5	1708657	1710000	-	GEGEGB_03381	1	persistent	2	1	1
ONMMKP_03551	contig_5	1710628	1711080	+	GEGEGB_03379	1	persistent	2	0	0
ONMMKP_03552	contig_5	1711108	1712610	+	LNHIMF_03337	1	persistent	2	0	0
ONMMKP_03553	contig_5	1712635	1715313	+	BEJGEH_03312	1	persistent	2	0	0
ONMMKP_03554	contig_5	1715534	1715935	+	GEGEGB_03376	1	persistent	2	0	0
ONMMKP_03555	contig_5	1715935	1716879	+	GEGEGB_03375	1	persistent	2	0	0
ONMMKP_03556	contig_5	1717030	1717299	+	GEGEGB_03374	1	persistent	2	0	0
ONMMKP_03558	contig_5	1717511	1719676	+	LNHIMF_03331	1	persistent	2	0	0
ONMMKP_03559	contig_5	1719786	1720670	+	GEGEGB_03371	1	persistent	2	0	0
ONMMKP_03560	contig_5	1720776	1720856	+	GEGEGB_03370	1	persistent	2	0	0
ONMMKP_03561	contig_5	1720849	1722738	+	GEGEGB_03369	1	persistent	2	0	0
ONMMKP_03562	contig_5	1722892	1724136	+	GEGEGB_03368	1	persistent	2	1	0
ONMMKP_03563	contig_5	1724227	1725234	-	LNHIMF_03326	1	persistent	2	1	0
ONMMKP_03564	contig_5	1725412	1726290	-	GEGEGB_03366	1	persistent	2	0	0
ONMMKP_03565	contig_5	1726299	1727294	-	GEGEGB_03365	1	persistent	2	0	0
ONMMKP_03566	contig_5	1727511	1728035	+	GEGEGB_03364	1	persistent	2	0	0
ONMMKP_03567	contig_5	1728029	1728532	+	GEGEGB_03363	1	persistent	2	0	0
ONMMKP_03568	contig_5	1728519	1728836	-	GEGEGB_03362	1	persistent	2	0	0
ONMMKP_03569	contig_5	1728874	1729317	+	GEGEGB_03361	1	persistent	2	0	0
ONMMKP_03570	contig_5	1729297	1729815	-	GEGEGB_03360	1	persistent	2	0	0
ONMMKP_03571	contig_5	1729946	1730581	+	LNHIMF_03318	1	persistent	2	0	0
ONMMKP_03572	contig_5	1730648	1731223	-	GEGEGB_03358	1	persistent	2	0	0
ONMMKP_03573	contig_5	1731233	1731823	-	LNHIMF_03316	1	persistent	2	0	0
ONMMKP_03574	contig_5	1731845	1732240	-	LNHIMF_03315	1	persistent	2	0	0
ONMMKP_03575	contig_5	1732198	1734240	-	LNHIMF_03314	1	persistent	2	0	0
ONMMKP_03576	contig_5	1734304	1735167	+	LNHIMF_03313	1	persistent	2	0	0
ONMMKP_03577	contig_5	1735325	1736098	-	GEGEGB_03353	1	persistent	2	0	0
ONMMKP_03578	contig_5	1736209	1737252	-	GEGEGB_03352	1	persistent	2	1	0
ONMMKP_03579	contig_5	1737296	1738669	-	LNHIMF_03310	1	persistent	2	0	0
ONMMKP_03580	contig_5	1738673	1738957	-	GEGEGB_03350	1	persistent	2	0	0
ONMMKP_03581	contig_5	1738988	1739452	-	LNHIMF_03308	1	persistent	2	0	0
ONMMKP_03582	contig_5	1739467	1740738	-	BEJGEH_03281	1	persistent	2	1	0
ONMMKP_03583	contig_5	1740858	1741712	-	GEGEGB_03343	1	persistent	2	2	0
ONMMKP_03584	contig_5	1741970	1743541	-	LNHIMF_03305	1	persistent	2	1	0
ONMMKP_03585	contig_5	1744071	1744841	+	GEGEGB_03339	1	persistent	2	0	0
ONMMKP_03586	contig_5	1744867	1745757	+	LNHIMF_03303	1	persistent	2	0	0
ONMMKP_03587	contig_5	1745855	1747000	+	GEGEGB_03337	1	persistent	2	0	1
ONMMKP_03589	contig_5	1748354	1749292	+	LNHIMF_03300	1	persistent	2	0	1
ONMMKP_03590	contig_5	1749390	1750379	+	GEGEGB_03334	1	persistent	2	0	0
ONMMKP_03591	contig_5	1750400	1751731	+	LNHIMF_03298	1	persistent	2	0	0
ONMMKP_03592	contig_5	1751798	1753006	+	LNHIMF_03297	1	persistent	2	0	0
ONMMKP_03593	contig_5	1753040	1755334	+	LNHIMF_03296	1	persistent	2	0	0
ONMMKP_03594	contig_5	1755404	1756768	+	GEGEGB_03329	1	persistent	2	0	0
ONMMKP_03596	contig_5	1757084	1758415	+	LNHIMF_03293	1	persistent	2	0	0
ONMMKP_03597	contig_5	1758441	1759751	+	LNHIMF_03292	1	persistent	2	0	0
ONMMKP_03598	contig_5	1759864	1760028	-	GEGEGB_03323	1	persistent	2	0	0
ONMMKP_03599	contig_5	1760052	1760753	-	GEGEGB_03322	1	persistent	2	0	0
ONMMKP_03600	contig_5	1760858	1761754	+	LNHIMF_03289	1	persistent	2	0	0
ONMMKP_03601	contig_5	1761793	1762158	-	GEGEGB_03320	1	persistent	2	0	0
ONMMKP_03602	contig_5	1762282	1763268	-	LNHIMF_03287	1	persistent	2	0	0
ONMMKP_03603	contig_5	1763336	1763821	-	GEGEGB_03318	1	persistent	2	0	0
ONMMKP_03604	contig_5	1763966	1764265	-	GEGEGB_03317	1	persistent	2	0	0
ONMMKP_03605	contig_5	1764262	1764660	-	GEGEGB_03316	1	persistent	2	0	0
ONMMKP_03606	contig_5	1764663	1764968	-	GEGEGB_03315	1	persistent	2	0	0
ONMMKP_03607	contig_5	1765010	1765378	-	GEGEGB_03314	1	persistent	2	0	0
ONMMKP_03608	contig_5	1765523	1765906	-	GEGEGB_03313	1	persistent	2	0	0
ONMMKP_03609	contig_5	1765910	1766572	-	GEGEGB_03312	1	persistent	2	0	0
ONMMKP_03610	contig_5	1767022	1768266	-	LNHIMF_03279	1	persistent	2	0	0
ONMMKP_03612	contig_5	1768521	1769489	-	GEGEGB_03309	1	persistent	2	0	0
ONMMKP_03613	contig_5	1769762	1770760	-	LNHIMF_03276	1	persistent	2	0	0
ONMMKP_03614	contig_5	1770849	1771541	-	GEGEGB_03307	1	persistent	2	0	0
ONMMKP_03615	contig_5	1771693	1772190	-	GEGEGB_03306	1	persistent	2	0	0
ONMMKP_03616	contig_5	1772276	1773412	+	GEGEGB_03305	1	persistent	2	0	0
ONMMKP_03617	contig_5	1773493	1775511	-	BEJGEH_03246	1	persistent	2	0	0
ONMMKP_03618	contig_5	1775681	1777060	-	GEGEGB_03301	1	persistent	2	0	0
ONMMKP_03619	contig_5	1777490	1779010	+	LNHIMF_03270	1	persistent	2	0	0
ONMMKP_03620	contig_5	1779398	1780963	+	AJBGEP_03395	1	persistent	2	0	0
ONMMKP_03621	contig_5	1780960	1781604	-	GEGEGB_03298	1	persistent	2	0	0
ONMMKP_03622	contig_5	1781839	1782606	+	LNHIMF_03267	1	persistent	2	0	1
ONMMKP_03624	contig_5	1782887	1783393	+	GEGEGB_03295	1	persistent	2	0	1
ONMMKP_03625	contig_5	1783517	1785499	-	LNHIMF_03264	1	persistent	2	0	0
ONMMKP_03626	contig_5	1785514	1787259	-	GEGEGB_03293	1	persistent	2	0	0
ONMMKP_03627	contig_5	1787495	1787710	-	GEGEGB_03292	1	persistent	2	0	0
ONMMKP_03628	contig_5	1787938	1788951	+	GEGEGB_03291	1	persistent	2	0	0
ONMMKP_03629	contig_5	1789202	1789813	-	LNHIMF_03260	1	persistent	2	0	0
ONMMKP_03630	contig_5	1789920	1790279	+	LNHIMF_03259	1	persistent	2	0	0
ONMMKP_03631	contig_5	1790377	1791198	+	GEGEGB_03288	1	persistent	2	0	0
ONMMKP_03632	contig_5	1791303	1792544	-	LNHIMF_03257	1	persistent	2	0	0
ONMMKP_03633	contig_5	1792607	1793221	-	GEGEGB_03286	1	persistent	2	0	0
ONMMKP_03634	contig_5	1793463	1794764	+	GEGEGB_03285	1	persistent	2	0	0
ONMMKP_03635	contig_5	1794882	1797725	+	GEGEGB_03284	1	persistent	2	0	0
ONMMKP_03636	contig_5	1797773	1799206	+	GEGEGB_03283	1	persistent	2	0	0
ONMMKP_03638	contig_5	1799366	1799425	-	GEGEGB_03282	1	persistent	2	0	0
ONMMKP_03639	contig_5	1799665	1801344	-	GEGEGB_03280	1	persistent	2	0	0
ONMMKP_03640	contig_5	1801363	1801983	-	LNHIMF_03249	1	persistent	2	0	0
ONMMKP_03641	contig_5	1802247	1802450	+	GEGEGB_03278	1	persistent	2	0	0
ONMMKP_03642	contig_5	1802524	1802823	-	AJBGEP_03373	1	persistent	2	0	0
ONMMKP_03643	contig_5	1803260	1803913	+	GEGEGB_03276	1	persistent	2	2	0
ONMMKP_03644	contig_5	1804084	1804761	-	GEGEGB_03275	1	persistent	2	2	0
ONMMKP_03645	contig_5	1804776	1805447	-	GEGEGB_03274	1	persistent	2	0	0
ONMMKP_03646	contig_5	1805467	1807263	-	GEGEGB_03273	1	persistent	2	0	0
ONMMKP_03647	contig_5	1807906	1808679	-	GEGEGB_03272	1	persistent	2	0	0
ONMMKP_03648	contig_5	1808820	1809608	+	GEGEGB_03271	1	persistent	2	0	0
ONMMKP_03649	contig_5	1809670	1810833	-	GEGEGB_03270	1	persistent	2	0	0
ONMMKP_03650	contig_5	1810839	1811510	-	ODDLKH_03623	1	persistent	2	0	0
ONMMKP_03651	contig_5	1811723	1813192	-	GEGEGB_03268	1	persistent	2	0	0
ONMMKP_03652	contig_5	1813399	1814031	+	GEGEGB_03267	1	persistent	2	0	0
ONMMKP_03653	contig_5	1814028	1814450	+	LNHIMF_03234	1	persistent	2	0	0
ONMMKP_03654	contig_5	1814475	1815302	+	GEGEGB_03265	1	persistent	2	0	0
ONMMKP_03655	contig_5	1815302	1815883	+	GEGEGB_03264	1	persistent	2	0	0
ONMMKP_03656	contig_5	1815911	1817803	+	GEGEGB_03263	1	persistent	2	0	0
ONMMKP_03657	contig_5	1817928	1818242	-	GEGEGB_03262	1	persistent	2	0	0
ONMMKP_03658	contig_5	1818274	1818855	-	LNHIMF_03229	1	persistent	2	0	0
ONMMKP_03659	contig_5	1818962	1820311	-	GEGEGB_03260	1	persistent	2	0	0
ONMMKP_03660	contig_5	1820308	1820967	-	GEGEGB_03259	1	persistent	2	0	0
ONMMKP_03661	contig_5	1821119	1821511	+	GEGEGB_03258	1	persistent	3	0	0
ONMMKP_03662	contig_5	1821583	1822449	+	AJBGEP_03353	1	persistent	2	0	0
ONMMKP_03663	contig_5	1822560	1824818	+	LNHIMF_03225	1	persistent	3	0	0
ONMMKP_03664	contig_5	1825075	1825812	+	GEGEGB_03255	1	persistent	2	0	0
ONMMKP_03665	contig_5	1825886	1827298	+	GEGEGB_03254	1	persistent	1	1	1
ONMMKP_03666	contig_5	1827343	1828650	-	BEJGEH_03194	1	shell	1	1	0
ONMMKP_03667	contig_5	1828661	1829143	-	BEJGEH_03193	1	shell	0	2	0
ONMMKP_03668	contig_5	1829185	1830168	-	BEJGEH_03192	1	shell	1	1	0
ONMMKP_03669	contig_5	1830656	1832827	+	GEGEGB_03247	1	persistent	2	1	2
ONMMKP_03670	contig_5	1833030	1833224	+	HFCAGB_03397	1	persistent	2	0	0
ONMMKP_03671	contig_5	1833382	1833837	-	LNHIMF_03217	1	persistent	3	0	0
ONMMKP_03672	contig_5	1833882	1835336	-	GEGEGB_03245	1	persistent	2	0	1
ONMMKP_03673	contig_5	1835533	1836360	-	LNHIMF_03215	1	persistent	2	0	0
ONMMKP_03674	contig_5	1836466	1837629	-	LNHIMF_03214	1	persistent	2	0	0
ONMMKP_03675	contig_5	1837804	1838721	+	LNHIMF_03213	1	persistent	2	0	0
ONMMKP_03676	contig_5	1838785	1839444	-	GEGEGB_03240	1	persistent	2	0	0
ONMMKP_03677	contig_5	1839584	1840771	-	LNHIMF_03211	1	persistent	2	0	0
ONMMKP_03678	contig_5	1840893	1841030	+	GEGEGB_03238	1	persistent	2	0	0
ONMMKP_03679	contig_5	1841023	1841757	+	GEGEGB_03237	1	persistent	2	0	0
ONMMKP_03680	contig_5	1841764	1842189	+	GEGEGB_03236	1	persistent	2	0	0
ONMMKP_03681	contig_5	1842303	1843187	-	GEGEGB_03235	1	persistent	2	0	0
ONMMKP_03682	contig_5	1843311	1843715	-	GEGEGB_03234	1	persistent	2	0	0
ONMMKP_03683	contig_5	1843702	1844112	-	LNHIMF_03205	1	persistent	2	0	0
ONMMKP_03684	contig_5	1844216	1844719	+	GEGEGB_03232	1	persistent	2	0	0
ONMMKP_03685	contig_5	1844998	1845492	+	GEGEGB_03231	1	persistent	2	0	0
ONMMKP_03686	contig_5	1845799	1847289	+	LNHIMF_03202	2	persistent	2	0	0
ONMMKP_03687	contig_5	1847298	1847588	+	LNHIMF_03202	2	persistent	2	0	0
ONMMKP_03688	contig_5	1847673	1847960	+	GEGEGB_03228	1	persistent	2	0	0
ONMMKP_03689	contig_5	1848150	1849268	+	GEGEGB_03227	1	persistent	2	0	0
ONMMKP_03690	contig_5	1849271	1850257	+	GEGEGB_03226	1	persistent	2	0	0
ONMMKP_03691	contig_5	1850247	1851425	+	GEGEGB_03225	1	persistent	2	0	0
ONMMKP_03692	contig_5	1851422	1853125	+	LNHIMF_03197	1	persistent	2	0	0
ONMMKP_03693	contig_5	1853125	1853619	+	LNHIMF_03196	1	persistent	2	0	0
ONMMKP_03694	contig_5	1853612	1854100	+	GEGEGB_03222	1	persistent	2	0	0
ONMMKP_03695	contig_5	1854093	1854434	+	GEGEGB_03221	1	persistent	2	0	0
ONMMKP_03696	contig_5	1854462	1854710	+	GEGEGB_03220	1	persistent	2	0	0
ONMMKP_03697	contig_5	1854786	1855838	+	LNHIMF_03192	1	persistent	2	0	0
ONMMKP_03698	contig_5	1855838	1856548	+	BEJGEH_03157	1	persistent	2	0	0
ONMMKP_03699	contig_5	1856616	1857482	-	LNHIMF_03190	1	persistent	2	0	0
ONMMKP_03700	contig_5	1857709	1859565	+	GEGEGB_03216	1	persistent	2	0	0
ONMMKP_03701	contig_5	1860235	1861293	+	BEJGEH_03154	1	persistent	2	0	0
ONMMKP_03702	contig_5	1861593	1863005	-	LNHIMF_03187	1	persistent	2	0	0
ONMMKP_03703	contig_5	1863017	1864489	-	GEGEGB_03213	1	persistent	2	0	0
ONMMKP_03704	contig_5	1864600	1865784	-	GEGEGB_03212	1	persistent	2	0	0
ONMMKP_03705	contig_5	1866189	1867493	+	GEGEGB_03211	1	persistent	3	0	1
ONMMKP_03706	contig_5	1867889	1868767	+	LNHIMF_03179	1	persistent	2	0	1
ONMMKP_03707	contig_5	1868806	1869729	+	GEGEGB_03210	1	persistent	3	0	0
ONMMKP_03708	contig_5	1870456	1870941	+	PKJKAM_01942	1	persistent	2	0	0
ONMMKP_03709	contig_5	1870941	1871321	+	BEJGEH_03146	1	persistent	2	0	0
ONMMKP_03710	contig_5	1871457	1872941	-	LNHIMF_03175	1	persistent	2	0	0
ONMMKP_03711	contig_5	1873103	1874404	+	GEGEGB_03206	1	persistent	2	0	0
ONMMKP_03712	contig_5	1874419	1874793	+	BEJGEH_03143	1	persistent	2	0	0
ONMMKP_03713	contig_5	1875002	1876501	+	GEGEGB_03203	1	persistent	2	0	0
ONMMKP_03714	contig_5	1876479	1877036	+	LNHIMF_03171	1	persistent	2	0	0
ONMMKP_03715	contig_5	1877141	1877824	-	LNHIMF_03170	1	persistent	1	1	1
ONMMKP_03717	contig_5	1878336	1879520	+	HFCAGB_03350	1	shell	1	1	0
ONMMKP_03718	contig_5	1879589	1881328	+	LNHIMF_03167	1	shell	0	2	0
ONMMKP_03719	contig_5	1881376	1882254	-	LNHIMF_03166	1	shell	0	2	0
ONMMKP_03720	contig_5	1882346	1883188	+	LNHIMF_03165	1	shell	0	2	0
ONMMKP_03721	contig_5	1883212	1883739	+	HFCAGB_03346	1	shell	0	2	0
ONMMKP_03722	contig_5	1883764	1885089	+	AJBGEP_03293	1	shell	0	2	0
ONMMKP_03723	contig_5	1885154	1885534	+	LNHIMF_03162	1	shell	2	1	0
ONMMKP_03724	contig_5	1885942	1886235	+	GEGEGB_04603	1	persistent	2	1	1
ONMMKP_03725	contig_5	1886232	1886723	+	ONMMKP_03725	1	persistent	2	0	4
ONMMKP_03726	contig_5	1886892	1887977	+	ONMMKP_03726	1	cloud	1	0	1
ONMMKP_03727	contig_5	1887987	1890752	+	ONMMKP_03727	1	cloud	0	0	2
ONMMKP_03728	contig_5	1890788	1893568	+	ONMMKP_03728	1	cloud	0	0	2
ONMMKP_03729	contig_5	1893583	1899525	+	ONMMKP_03729	1	cloud	0	0	2
ONMMKP_03730	contig_5	1899533	1900681	+	ONMMKP_03730	1	cloud	0	0	2
ONMMKP_03733	contig_5	1901076	1901537	+	ONMMKP_03733	1	cloud	0	0	3
ONMMKP_03734	contig_5	1901534	1901755	+	ONMMKP_03734	1	cloud	0	0	5
ONMMKP_03737	contig_5	1902958	1903323	+	PAPNPA_00045	1	cloud	0	3	4
ONMMKP_03738	contig_5	1903938	1905200	-	GEGEGB_04617	1	cloud	2	0	3
ONMMKP_03740	contig_5	1905544	1906251	-	GEGEGB_03190	1	persistent	1	1	4
ONMMKP_03741	contig_5	1906290	1906403	-	ONMMKP_03741	1	cloud	2	0	0
ONMMKP_03742	contig_5	1906676	1908811	+	LNHIMF_03159	1	persistent	2	0	2
ONMMKP_03743	contig_5	1908873	1910129	-	GEGEGB_03187	1	persistent	3	0	1
ONMMKP_03744	contig_5	1910346	1911431	-	GEGEGB_03186	1	persistent	2	0	1
ONMMKP_03745	contig_5	1911544	1911819	-	GEGEGB_03185	1	persistent	2	0	0
ONMMKP_03746	contig_5	1911847	1912899	-	LNHIMF_03155	1	persistent	2	0	0
ONMMKP_03747	contig_5	1913054	1913773	+	LNHIMF_03154	1	persistent	2	0	0
ONMMKP_03748	contig_5	1913773	1914099	+	GEGEGB_03182	1	persistent	2	0	0
ONMMKP_03749	contig_5	1914149	1914868	+	GEGEGB_03181	1	persistent	2	1	0
ONMMKP_03750	contig_5	1915057	1916103	+	GEGEGB_03178	1	persistent	2	1	0
ONMMKP_03751	contig_5	1916236	1917243	+	GEGEGB_03177	1	persistent	2	0	0
ONMMKP_03752	contig_5	1917335	1918471	-	GEGEGB_03176	1	persistent	2	0	0
ONMMKP_03753	contig_5	1918464	1919057	-	LNHIMF_03148	1	persistent	2	0	0
ONMMKP_03754	contig_5	1919065	1919355	-	GEGEGB_03174	1	persistent	2	0	0
ONMMKP_03755	contig_5	1919352	1919918	-	GEGEGB_03173	1	persistent	2	0	0
ONMMKP_03756	contig_5	1919937	1920641	-	GEGEGB_03172	1	persistent	2	0	0
ONMMKP_03757	contig_5	1920659	1921639	+	LNHIMF_03144	1	persistent	2	0	0
ONMMKP_03758	contig_5	1921772	1922458	+	LNHIMF_03143	1	persistent	2	0	0
ONMMKP_03759	contig_5	1922505	1922921	-	GEGEGB_03169	1	persistent	2	0	0
ONMMKP_03760	contig_5	1922921	1923484	-	GEGEGB_03168	1	persistent	2	0	0
ONMMKP_03761	contig_5	1923700	1924647	-	LNHIMF_03140	1	persistent	2	0	0
ONMMKP_03762	contig_5	1924667	1925398	-	GEGEGB_03166	1	persistent	2	0	0
ONMMKP_03763	contig_5	1925475	1926182	-	LNHIMF_03138	1	persistent	2	0	0
ONMMKP_03764	contig_5	1926278	1926733	-	GEGEGB_03164	1	persistent	2	0	0
ONMMKP_03765	contig_5	1926854	1928248	-	GEGEGB_03163	1	persistent	2	0	0
ONMMKP_03766	contig_5	1928741	1929895	-	GEGEGB_03162	1	persistent	2	0	0
ONMMKP_03767	contig_5	1930685	1932661	+	GEGEGB_03161	1	persistent	2	1	1
ONMMKP_03768	contig_5	1932806	1933537	+	BEJGEH_03102	1	shell	1	1	0
ONMMKP_03769	contig_5	1933742	1934491	+	BEJGEH_03101	1	shell	0	2	0
ONMMKP_03770	contig_5	1935722	1937194	+	BEJGEH_03100	1	shell	0	2	0
ONMMKP_03771	contig_5	1937197	1938213	+	BEJGEH_03099	1	shell	0	2	0
ONMMKP_03772	contig_5	1938227	1939234	+	BEJGEH_03098	1	shell	0	2	0
ONMMKP_03773	contig_5	1939273	1939746	+	BEJGEH_03097	1	shell	0	2	1
ONMMKP_03774	contig_5	1940026	1940916	+	AJBGEP_03256	1	shell	1	1	0
ONMMKP_03775	contig_5	1941121	1942041	+	GEGEGB_03160	1	persistent	2	1	1
ONMMKP_03776	contig_5	1942142	1942900	-	GEGEGB_03159	1	persistent	2	0	0
ONMMKP_03777	contig_5	1943176	1945167	+	GEGEGB_03158	1	persistent	2	1	1
ONMMKP_03778	contig_5	1945211	1945867	-	LNHIMF_03124	1	persistent	2	1	1
ONMMKP_03779	contig_5	1945861	1946538	-	LNHIMF_03123	1	persistent	2	0	0
ONMMKP_03780	contig_5	1946526	1947233	-	LNHIMF_03122	1	persistent	2	0	0
ONMMKP_03781	contig_5	1947234	1947812	-	GEGEGB_03152	1	persistent	2	0	0
ONMMKP_03782	contig_5	1947838	1948263	-	GEGEGB_03151	1	persistent	2	0	0
ONMMKP_03783	contig_5	1948637	1949683	+	GEGEGB_03150	1	persistent	2	0	0
ONMMKP_03784	contig_5	1949705	1950868	+	GEGEGB_03149	1	persistent	2	0	0
ONMMKP_03785	contig_5	1950970	1952049	+	GEGEGB_03148	1	persistent	2	0	1
ONMMKP_03786	contig_5	1952282	1953142	+	GEGEGB_03144	1	persistent	2	1	0
ONMMKP_03787	contig_5	1953343	1953978	+	LNHIMF_03115	1	persistent	2	0	0
ONMMKP_03788	contig_5	1954072	1954818	+	GEGEGB_03142	1	persistent	2	0	0
ONMMKP_03789	contig_5	1955084	1955977	-	GEGEGB_03141	1	persistent	2	0	0
ONMMKP_03790	contig_5	1956131	1956790	+	GEGEGB_03140	1	persistent	2	0	0
ONMMKP_03791	contig_5	1957057	1958289	+	GEGEGB_03139	1	persistent	2	0	0
ONMMKP_03793	contig_5	1958670	1959218	-	BEJGEH_03077	1	persistent	2	0	0
ONMMKP_03795	contig_5	1959512	1959841	-	GEGEGB_03135	1	persistent	2	0	0
ONMMKP_03796	contig_5	1960008	1960586	+	LNHIMF_03106	1	persistent	2	0	0
ONMMKP_03797	contig_5	1960612	1961928	+	GEGEGB_03133	1	persistent	2	0	1
ONMMKP_03798	contig_5	1961925	1963103	+	GEGEGB_03132	1	persistent	2	0	1
ONMMKP_03799	contig_5	1963229	1964431	+	LNHIMF_03103	1	persistent	2	0	0
ONMMKP_03800	contig_5	1964886	1965980	+	GEGEGB_03130	1	persistent	2	0	0
ONMMKP_03801	contig_5	1966006	1966395	+	GEGEGB_03129	1	persistent	2	0	0
ONMMKP_03802	contig_5	1966558	1969431	+	BEJGEH_03068	1	persistent	2	0	0
ONMMKP_03803	contig_5	1969887	1970780	+	BEJGEH_03067	1	persistent	2	0	0
ONMMKP_03804	contig_5	1970828	1972261	-	LNHIMF_03097	1	persistent	2	0	0
ONMMKP_03805	contig_5	1972419	1972730	+	AJBGEP_03225	1	persistent	2	0	0
ONMMKP_03806	contig_5	1972894	1973553	+	GEGEGB_03124	1	persistent	3	0	0
ONMMKP_03807	contig_5	1973561	1973752	+	GEGEGB_03123	1	persistent	2	0	0
ONMMKP_03808	contig_5	1973669	1974649	-	GEGEGB_03122	1	persistent	3	0	0
ONMMKP_03809	contig_5	1974899	1975165	+	GEGEGB_03121	1	persistent	2	0	0
ONMMKP_03810	contig_5	1975146	1975559	+	LNHIMF_03091	1	persistent	2	0	0
ONMMKP_03811	contig_5	1975612	1976133	-	GEGEGB_03119	1	persistent	2	0	0
ONMMKP_03812	contig_5	1976246	1977142	+	GEGEGB_03118	1	persistent	2	0	0
ONMMKP_03813	contig_5	1977166	1977879	+	GEGEGB_03117	1	persistent	2	0	0
ONMMKP_03814	contig_5	1978017	1979618	+	LNHIMF_03087	1	persistent	2	0	0
ONMMKP_03815	contig_5	1979940	1980821	+	GEGEGB_03115	1	persistent	2	0	0
ONMMKP_03816	contig_5	1980831	1982348	+	LNHIMF_03085	1	persistent	2	0	0
ONMMKP_03817	contig_5	1982424	1982969	-	LNHIMF_03084	1	persistent	2	0	0
ONMMKP_03819	contig_5	1983234	1983992	+	GEGEGB_03111	1	persistent	2	1	2
ONMMKP_03821	contig_5	1984238	1984459	-	GEGEGB_03103	1	shell	2	1	0
ONMMKP_03822	contig_5	1984627	1984854	+	GEGEGB_03102	1	shell	1	2	0
ONMMKP_03823	contig_5	1984854	1985252	+	HFCAGB_03258	1	shell	1	1	4
ONMMKP_03825	contig_5	1985514	1985879	+	ONMMKP_03825	1	cloud	1	1	0
ONMMKP_03826	contig_5	1986060	1986596	+	GEGEGB_03098	1	persistent	1	1	4
ONMMKP_03827	contig_5	1986643	1987275	+	LNHIMF_03075	1	persistent	2	0	0
ONMMKP_03828	contig_5	1987993	1988574	+	BEJGEH_03044	1	persistent	2	0	0
ONMMKP_03829	contig_5	1988694	1991183	+	LNHIMF_03073	1	persistent	2	0	0
ONMMKP_03830	contig_5	1991224	1991967	+	LNHIMF_03072	1	persistent	1	1	3
ONMMKP_03831	contig_5	1991985	1993046	+	ONMMKP_03831	1	cloud	2	0	0
ONMMKP_03832	contig_5	1993155	1993661	+	HFCAGB_03249	1	persistent	1	1	3
ONMMKP_03833	contig_5	1993648	1994406	+	GEGEGB_03091	1	persistent	2	0	0
ONMMKP_03834	contig_5	1994616	1995506	-	PKJKAM_02341	1	persistent	2	0	0
ONMMKP_03835	contig_5	1995593	1995865	+	GEGEGB_03088	1	persistent	2	0	0
ONMMKP_03836	contig_5	1995896	1997125	-	GEGEGB_03087	1	persistent	2	0	0
ONMMKP_03837	contig_5	1997267	1997722	-	GEGEGB_03086	1	persistent	2	0	0
ONMMKP_03838	contig_5	1997826	1998689	+	LNHIMF_03064	1	persistent	2	0	0
ONMMKP_03839	contig_5	1998812	1999990	+	GEGEGB_03084	1	persistent	2	0	0
ONMMKP_03841	contig_5	2000346	2001257	+	ODDLKH_03450	1	persistent	2	0	0
ONMMKP_03842	contig_5	2001314	2002075	+	LNHIMF_03060	1	persistent	2	0	0
ONMMKP_03843	contig_5	2002428	2003846	+	LNHIMF_03059	1	persistent	2	0	0
ONMMKP_03844	contig_5	2003959	2004666	+	LNHIMF_03058	1	persistent	2	0	0
ONMMKP_03845	contig_5	2004638	2005573	-	GEGEGB_03078	1	persistent	2	0	0
ONMMKP_03846	contig_5	2005691	2006953	+	GEGEGB_03077	1	persistent	2	0	0
ONMMKP_03847	contig_5	2006963	2007982	-	LNHIMF_03055	1	persistent	2	0	0
ONMMKP_03848	contig_5	2007996	2009024	-	GEGEGB_03075	1	persistent	2	0	1
ONMMKP_03851	contig_5	2009617	2011776	+	LNHIMF_03051	1	persistent	2	1	0
ONMMKP_03852	contig_5	2011769	2012971	+	GEGEGB_03068	1	persistent	2	0	0
ONMMKP_03853	contig_5	2013058	2014098	-	LNHIMF_03049	1	persistent	2	0	0
ONMMKP_03854	contig_5	2014289	2014507	-	GEGEGB_03066	1	persistent	2	0	0
ONMMKP_03855	contig_5	2014677	2015390	-	GEGEGB_03065	1	persistent	2	0	0
ONMMKP_03856	contig_5	2015572	2016267	-	GEGEGB_03064	1	persistent	2	0	0
ONMMKP_03857	contig_5	2016950	2017480	+	GEGEGB_03063	1	persistent	2	0	0
ONMMKP_03858	contig_5	2017493	2019739	+	GEGEGB_03062	1	persistent	2	0	0
ONMMKP_03859	contig_5	2019955	2020830	+	GEGEGB_03061	1	persistent	2	0	0
ONMMKP_03860	contig_5	2020837	2021631	+	LNHIMF_03042	1	persistent	2	1	0
ONMMKP_03861	contig_5	2021817	2022287	+	GEGEGB_03057	1	persistent	2	1	0
ONMMKP_03862	contig_5	2022278	2022841	+	LNHIMF_03040	1	persistent	2	0	0
ONMMKP_03863	contig_5	2022838	2023245	+	GEGEGB_03055	1	persistent	2	0	0
ONMMKP_03864	contig_5	2023230	2023550	+	LNHIMF_03038	1	persistent	2	0	0
ONMMKP_03865	contig_5	2023566	2026937	+	GEGEGB_03053	1	persistent	2	0	0
ONMMKP_03866	contig_5	2027115	2030003	+	GEGEGB_03052	1	persistent	2	0	0
ONMMKP_03867	contig_5	2029996	2033541	+	GEGEGB_03051	1	persistent	2	0	0
ONMMKP_03868	contig_5	2033538	2035373	+	LNHIMF_03034	1	persistent	2	0	0
ONMMKP_03869	contig_5	2035476	2036807	-	GEGEGB_03049	1	persistent	2	0	0
ONMMKP_03870	contig_5	2037040	2038293	+	LNHIMF_03032	1	persistent	2	0	0
ONMMKP_03873	contig_5	2038793	2039890	+	GEGEGB_03045	1	persistent	2	0	0
ONMMKP_03874	contig_5	2040000	2040806	+	GEGEGB_03044	1	persistent	2	0	0
ONMMKP_03875	contig_5	2040858	2041772	-	GEGEGB_03043	1	persistent	2	0	0
ONMMKP_03876	contig_5	2042045	2042488	-	GEGEGB_03042	1	persistent	2	0	0
ONMMKP_03877	contig_5	2042488	2043693	-	GEGEGB_03041	1	persistent	2	0	0
ONMMKP_03878	contig_5	2043886	2044113	+	GEGEGB_03040	1	persistent	2	0	0
ONMMKP_03880	contig_5	2044381	2044503	+	LNHIMF_03022	1	persistent	2	0	0
ONMMKP_03881	contig_5	2044460	2045377	+	GEGEGB_03037	1	persistent	2	0	0
ONMMKP_03882	contig_5	2045396	2045791	+	GEGEGB_03036	1	persistent	2	0	0
ONMMKP_03883	contig_5	2045784	2046884	+	GEGEGB_03035	1	persistent	2	0	0
ONMMKP_03884	contig_5	2046943	2047653	-	GEGEGB_03034	1	persistent	2	0	0
ONMMKP_03885	contig_5	2047711	2048133	-	GEGEGB_03033	1	persistent	2	0	0
ONMMKP_03886	contig_5	2048135	2049553	-	LNHIMF_03016	1	persistent	2	0	0
ONMMKP_03887	contig_5	2049654	2051429	-	LNHIMF_03015	1	persistent	2	0	1
ONMMKP_03888	contig_5	2051461	2052777	-	LNHIMF_03014	1	persistent	2	0	1
ONMMKP_03889	contig_5	2053333	2053980	+	GEGEGB_03029	1	persistent	2	0	0
ONMMKP_03890	contig_5	2053997	2055145	+	GEGEGB_03028	1	persistent	2	0	0
ONMMKP_03891	contig_5	2055237	2055992	-	GEGEGB_03027	1	persistent	2	0	0
ONMMKP_03892	contig_5	2056163	2057530	-	GEGEGB_03026	1	persistent	2	0	0
ONMMKP_03893	contig_5	2057589	2058878	-	LNHIMF_03009	1	persistent	2	0	0
ONMMKP_03894	contig_5	2059443	2060807	-	LNHIMF_03008	1	persistent	2	0	0
ONMMKP_03895	contig_5	2060920	2061768	-	GEGEGB_03023	1	persistent	2	0	0
ONMMKP_03896	contig_5	2061837	2062382	+	GEGEGB_03022	1	persistent	2	0	0
ONMMKP_03898	contig_5	2062993	2063322	+	GEGEGB_03020	1	persistent	2	0	0
ONMMKP_03899	contig_5	2063322	2064104	+	LNHIMF_03003	1	persistent	2	0	0
ONMMKP_03900	contig_5	2064123	2064572	+	LNHIMF_03002	1	persistent	2	0	0
ONMMKP_03901	contig_5	2065052	2066410	+	LNHIMF_03001	1	persistent	2	0	0
ONMMKP_03902	contig_5	2066407	2067747	+	LNHIMF_03000	1	persistent	2	0	0
ONMMKP_03903	contig_5	2067768	2069108	+	LNHIMF_02999	1	persistent	2	0	0
ONMMKP_03904	contig_5	2069186	2070328	+	GEGEGB_03014	1	persistent	2	0	0
ONMMKP_03905	contig_5	2070372	2073128	-	LNHIMF_02997	1	persistent	2	0	0
ONMMKP_03906	contig_5	2073186	2074481	+	BEJGEH_02963	1	persistent	2	0	0
ONMMKP_03907	contig_5	2074533	2076767	+	GEGEGB_03011	1	persistent	2	1	0
ONMMKP_03908	contig_5	2077117	2078148	-	HFCAGB_03172	1	shell	1	1	1
ONMMKP_03909	contig_5	2078203	2078694	-	HFCAGB_03171	1	shell	0	2	2
ONMMKP_03910	contig_5	2078736	2079221	-	BEJGEH_02957	1	shell	0	2	0
ONMMKP_03911	contig_5	2079221	2079721	-	GEGEGB_03004	1	shell	0	2	0
ONMMKP_03912	contig_5	2079747	2080520	-	BEJGEH_02955	1	shell	0	2	0
ONMMKP_03913	contig_5	2080533	2083178	-	BEJGEH_02954	1	shell	0	2	0
ONMMKP_03914	contig_5	2083312	2083899	-	BEJGEH_02953	1	shell	1	1	0
ONMMKP_03915	contig_5	2084507	2085307	+	LNHIMF_02992	1	persistent	1	2	0
ONMMKP_03916	contig_5	2085535	2087172	+	GEGEGB_02998	1	persistent	2	0	0
ONMMKP_03917	contig_5	2087255	2088553	+	GEGEGB_02997	1	persistent	2	0	0
ONMMKP_03918	contig_5	2088689	2089360	+	GEGEGB_02996	1	persistent	2	0	1
ONMMKP_03919	contig_5	2089391	2089537	+	ONMMKP_03919	1	cloud	2	0	0
ONMMKP_03920	contig_5	2090759	2091556	+	BEJGEH_02948	1	persistent	2	0	1
ONMMKP_03921	contig_5	2091646	2092008	-	GEGEGB_02994	1	persistent	2	0	0
ONMMKP_03922	contig_5	2092443	2094242	+	LNHIMF_02985	1	persistent	2	0	0
ONMMKP_03923	contig_5	2094242	2095954	+	BEJGEH_02945	1	persistent	2	0	0
ONMMKP_03924	contig_5	2096030	2096764	+	LNHIMF_02983	1	persistent	2	0	0
ONMMKP_03925	contig_5	2096977	2097930	-	GEGEGB_02990	1	persistent	2	1	1
ONMMKP_03926	contig_5	2098374	2101037	+	AJBGEP_03110	1	shell	1	1	0
ONMMKP_03927	contig_5	2101049	2102605	+	AJBGEP_03109	1	shell	0	2	0
ONMMKP_03928	contig_5	2102602	2103162	+	AJBGEP_03108	1	shell	0	2	0
ONMMKP_03929	contig_5	2103176	2104234	+	AJBGEP_03107	1	shell	0	2	0
ONMMKP_03930	contig_5	2104245	2104991	+	BEJGEH_02938	1	shell	0	2	0
ONMMKP_03931	contig_5	2104973	2105623	+	BEJGEH_02937	1	shell	1	1	0
ONMMKP_03932	contig_5	2105620	2106540	+	BEJGEH_02936	1	persistent	1	1	1
ONMMKP_03933	contig_5	2106540	2106833	+	GEGEGB_02981	1	persistent	2	0	0
ONMMKP_03934	contig_5	2110329	2111375	-	GEGEGB_02980	1	persistent	3	0	0
ONMMKP_03935	contig_5	2111626	2112534	+	GEGEGB_02979	1	persistent	2	0	0
ONMMKP_03936	contig_5	2112544	2113983	+	LNHIMF_02971	1	persistent	2	0	0
ONMMKP_03937	contig_5	2113970	2114575	+	GEGEGB_02977	1	persistent	2	0	0
ONMMKP_03938	contig_5	2114626	2114949	+	GEGEGB_02976	1	persistent	2	0	0
ONMMKP_03939	contig_5	2115140	2115451	+	GEGEGB_02975	1	persistent	2	0	0
ONMMKP_03940	contig_5	2115470	2116180	+	GEGEGB_02974	1	persistent	2	0	0
ONMMKP_03941	contig_5	2116180	2116659	+	GEGEGB_02973	1	persistent	2	0	0
ONMMKP_03942	contig_5	2116656	2117705	+	LNHIMF_02965	1	persistent	2	0	0
ONMMKP_03943	contig_5	2117686	2118447	+	GEGEGB_02971	1	persistent	2	0	0
ONMMKP_03944	contig_5	2118441	2119067	+	GEGEGB_02970	1	persistent	2	0	0
ONMMKP_03945	contig_5	2119243	2120376	+	BEJGEH_02923	1	persistent	2	0	0
ONMMKP_03946	contig_5	2120439	2121431	+	LNHIMF_02961	1	persistent	2	0	1
ONMMKP_03947	contig_5	2121476	2121712	-	GEGEGB_02967	1	persistent	2	0	0
ONMMKP_03948	contig_5	2121723	2123150	-	LNHIMF_02959	1	persistent	2	0	0
ONMMKP_03949	contig_5	2123150	2123743	-	LNHIMF_02958	1	persistent	2	0	0
ONMMKP_03950	contig_5	2123914	2124318	+	GEGEGB_02964	1	persistent	2	0	0
ONMMKP_03951	contig_5	2124337	2125101	-	LNHIMF_02956	1	persistent	2	0	0
ONMMKP_03952	contig_5	2125298	2126221	+	BEJGEH_02913	1	persistent	2	0	0
ONMMKP_03953	contig_5	2126215	2127477	+	LNHIMF_02954	1	persistent	2	0	0
ONMMKP_03954	contig_5	2127474	2128112	+	GEGEGB_02960	1	persistent	2	0	0
ONMMKP_03955	contig_5	2128117	2128893	+	LNHIMF_02952	1	persistent	2	0	0
ONMMKP_03956	contig_5	2128933	2129883	+	LNHIMF_02951	1	persistent	2	0	0
ONMMKP_03957	contig_5	2129880	2131376	+	GEGEGB_02957	1	persistent	2	0	0
ONMMKP_03958	contig_5	2131418	2132329	-	GEGEGB_02956	1	persistent	2	0	0
ONMMKP_03959	contig_5	2132438	2133646	+	GEGEGB_02955	1	persistent	3	0	0
ONMMKP_03961	contig_5	2134079	2136646	-	GEGEGB_02953	1	persistent	3	0	3
ONMMKP_03962	contig_5	2137498	2138154	-	LNHIMF_02945	1	persistent	2	0	1
ONMMKP_03963	contig_5	2138530	2138706	+	AJBGEP_03073	1	persistent	2	1	0
ONMMKP_03964	contig_5	2138779	2139306	-	GEGEGB_02950	1	shell	1	1	0
ONMMKP_03965	contig_5	2139303	2139584	-	GEGEGB_02949	1	shell	1	2	0
ONMMKP_03966	contig_5	2140282	2140608	+	BEJGEH_02896	1	shell	1	1	1
ONMMKP_03967	contig_5	2140881	2141213	-	LNHIMF_02943	1	persistent	2	1	0
ONMMKP_03968	contig_5	2141213	2141662	-	LNHIMF_02942	1	persistent	2	0	0
ONMMKP_03970	contig_5	2142094	2142537	-	GEGEGB_02947	1	persistent	2	1	0
ONMMKP_03971	contig_5	2142895	2143644	+	GEGEGB_02946	1	persistent	2	0	0
ONMMKP_03972	contig_5	2143641	2145329	+	LNHIMF_02938	1	persistent	2	0	0
ONMMKP_03973	contig_5	2145326	2146444	+	GEGEGB_02944	1	persistent	2	0	0
ONMMKP_03974	contig_5	2146469	2148526	+	GEGEGB_02943	1	persistent	2	0	0
ONMMKP_03975	contig_5	2148550	2148957	+	GEGEGB_02942	1	persistent	2	0	0
ONMMKP_03976	contig_5	2148954	2150249	+	GEGEGB_02941	1	persistent	2	0	0
ONMMKP_03977	contig_5	2150227	2150670	+	GEGEGB_02940	1	persistent	2	0	0
ONMMKP_03978	contig_5	2150670	2151680	+	LNHIMF_02932	1	persistent	2	0	0
ONMMKP_03979	contig_5	2151680	2152591	+	LNHIMF_02931	1	persistent	2	0	0
ONMMKP_03980	contig_5	2152581	2153255	+	LNHIMF_02930	1	persistent	2	0	0
ONMMKP_03981	contig_5	2153281	2153541	+	GEGEGB_02936	1	persistent	2	0	0
ONMMKP_03982	contig_5	2153545	2154336	+	LNHIMF_02928	1	persistent	2	0	0
ONMMKP_03983	contig_5	2154323	2155393	+	GEGEGB_02934	1	persistent	2	0	0
ONMMKP_03984	contig_5	2155531	2156028	+	GEGEGB_02933	1	persistent	2	0	0
ONMMKP_03985	contig_5	2156031	2157812	+	GEGEGB_02932	1	persistent	2	0	0
ONMMKP_03986	contig_5	2157840	2159069	+	LNHIMF_02924	1	persistent	2	0	0
ONMMKP_03987	contig_5	2159140	2160171	+	ALJMDI_02659	1	persistent	2	0	0
ONMMKP_03988	contig_5	2160190	2162247	+	BEJGEH_02874	1	persistent	2	0	0
ONMMKP_03989	contig_5	2162266	2162514	+	GEGEGB_02928	1	persistent	2	0	0
ONMMKP_03990	contig_5	2162558	2162818	+	GEGEGB_02927	1	persistent	2	0	0
ONMMKP_03991	contig_5	2162845	2163237	+	LNHIMF_02919	1	persistent	2	0	0
ONMMKP_03992	contig_5	2163248	2163607	+	LNHIMF_02918	2	persistent	2	0	0
ONMMKP_03993	contig_5	2163689	2164855	+	LNHIMF_02918	2	persistent	2	0	0
ONMMKP_03994	contig_5	2164909	2165391	-	LNHIMF_02917	1	persistent	2	0	0
ONMMKP_03995	contig_5	2165409	2167070	-	HFCAGB_03086	1	persistent	2	0	0
ONMMKP_03996	contig_5	2168161	2169090	-	LNHIMF_02915	1	persistent	2	0	0
ONMMKP_03997	contig_5	2169349	2170584	+	LNHIMF_02914	1	persistent	2	0	0
ONMMKP_03998	contig_5	2170609	2170851	+	GEGEGB_02920	1	persistent	2	0	0
ONMMKP_03999	contig_5	2170870	2171175	+	LNHIMF_02912	1	persistent	2	0	0
ONMMKP_04000	contig_5	2171172	2171930	+	LNHIMF_02911	1	persistent	2	0	0
ONMMKP_04001	contig_5	2171923	2172501	+	GEGEGB_02917	1	persistent	2	0	0
ONMMKP_04002	contig_5	2172458	2173138	+	HFCAGB_03079	1	persistent	2	0	0
ONMMKP_04003	contig_5	2173135	2173587	+	LNHIMF_02908	1	persistent	2	0	0
ONMMKP_04004	contig_5	2173932	2174591	+	LNHIMF_02907	2	persistent	2	0	0
ONMMKP_04005	contig_5	2174588	2174818	+	LNHIMF_02907	2	persistent	2	0	0
ONMMKP_04006	contig_5	2175203	2175958	+	BEJGEH_02858	1	persistent	3	0	0
ONMMKP_04008	contig_5	2176161	2177027	+	BEJGEH_02856	1	persistent	2	0	0
ONMMKP_04009	contig_5	2177125	2177973	-	GEGEGB_02912	1	persistent	3	0	0
ONMMKP_04010	contig_5	2177964	2178824	-	GEGEGB_02911	1	persistent	2	0	0
ONMMKP_04011	contig_5	2178821	2179642	-	LNHIMF_02901	1	persistent	2	0	0
ONMMKP_04012	contig_5	2179639	2180556	-	GEGEGB_02909	1	persistent	2	0	0
ONMMKP_04013	contig_5	2180738	2181082	+	GEGEGB_02908	1	persistent	2	0	0
ONMMKP_04014	contig_5	2181144	2183222	-	LNHIMF_02898	1	persistent	2	0	0
ONMMKP_04015	contig_5	2183441	2184451	-	GEGEGB_02906	1	persistent	2	0	0
ONMMKP_04016	contig_5	2184448	2185569	-	GEGEGB_02905	1	persistent	2	0	0
ONMMKP_04017	contig_5	2185569	2185841	-	GEGEGB_02904	1	persistent	2	0	0
ONMMKP_04018	contig_5	2185832	2186704	-	GEGEGB_02903	1	persistent	2	0	0
ONMMKP_04019	contig_5	2186773	2187129	-	GEGEGB_02902	1	persistent	2	0	0
ONMMKP_04020	contig_5	2187339	2187800	+	GEGEGB_02901	1	persistent	2	0	0
ONMMKP_04021	contig_5	2187946	2188554	+	GEGEGB_02900	1	persistent	2	0	0
ONMMKP_04022	contig_5	2188554	2190380	+	LNHIMF_02890	1	persistent	2	0	0
ONMMKP_04023	contig_5	2190383	2191306	+	GEGEGB_02898	1	persistent	2	0	0
ONMMKP_04024	contig_5	2191324	2193033	+	GEGEGB_02897	1	persistent	2	0	0
ONMMKP_04025	contig_5	2193043	2193585	+	GEGEGB_02896	1	persistent	2	0	0
ONMMKP_04026	contig_5	2193585	2194352	+	LNHIMF_02886	1	persistent	2	0	0
ONMMKP_04027	contig_5	2194349	2194759	+	GEGEGB_02894	1	persistent	2	0	0
ONMMKP_04028	contig_5	2194752	2195222	+	HFCAGB_03054	1	persistent	2	0	0
ONMMKP_04029	contig_5	2195249	2196058	+	LNHIMF_02883	1	persistent	2	0	0
ONMMKP_04030	contig_5	2196259	2196804	+	GEGEGB_02891	1	persistent	2	0	0
ONMMKP_04031	contig_5	2196950	2199190	+	LNHIMF_02881	1	persistent	2	0	0
ONMMKP_04032	contig_5	2199287	2200420	-	LNHIMF_02880	1	persistent	2	0	0
ONMMKP_04033	contig_5	2200417	2201856	-	LNHIMF_02879	1	persistent	2	0	0
ONMMKP_04034	contig_5	2202041	2203561	+	GEGEGB_02887	1	persistent	2	0	0
ONMMKP_04035	contig_5	2203558	2204523	-	GEGEGB_02886	1	persistent	2	0	0
ONMMKP_04036	contig_5	2204516	2205289	-	GEGEGB_02885	1	persistent	2	0	0
ONMMKP_04037	contig_5	2205487	2205846	-	GEGEGB_02884	1	persistent	2	0	0
ONMMKP_04038	contig_5	2205923	2206702	-	LNHIMF_02874	1	persistent	2	0	0
ONMMKP_04039	contig_5	2206714	2207076	-	LNHIMF_02873	1	persistent	2	0	0
ONMMKP_04040	contig_5	2207088	2208059	-	LNHIMF_02872	1	persistent	2	0	0
ONMMKP_04041	contig_5	2208056	2208619	-	GEGEGB_02880	1	persistent	2	0	0
ONMMKP_04042	contig_5	2208873	2209952	+	GEGEGB_02879	1	persistent	2	0	0
ONMMKP_04043	contig_5	2209990	2210235	-	LNHIMF_02869	1	persistent	2	0	0
ONMMKP_04044	contig_5	2210431	2210928	+	LNHIMF_02868	1	persistent	2	0	0
ONMMKP_04045	contig_5	2211013	2212074	+	GEGEGB_02876	1	persistent	2	0	0
ONMMKP_04046	contig_5	2212152	2212691	+	LNHIMF_02866	1	persistent	2	0	1
ONMMKP_04047	contig_5	2212927	2215557	+	GEGEGB_02874	1	persistent	2	0	0
ONMMKP_04048	contig_5	2215792	2215977	+	GEGEGB_02873	1	persistent	2	0	0
ONMMKP_04054	contig_5	2217230	2217796	+	GEGEGB_02867	1	persistent	2	0	0
ONMMKP_04055	contig_5	2217793	2218218	+	GEGEGB_02866	1	persistent	2	0	0
ONMMKP_04056	contig_5	2218295	2219851	+	LNHIMF_02856	1	persistent	2	0	0
ONMMKP_04058	contig_5	2220001	2220516	+	GEGEGB_02863	1	persistent	2	0	0
ONMMKP_04059	contig_5	2220862	2222232	+	GEGEGB_02861	1	persistent	2	0	0
ONMMKP_04060	contig_5	2222281	2223819	-	LNHIMF_02851	1	persistent	2	0	0
ONMMKP_04061	contig_5	2223836	2225008	-	LNHIMF_02850	1	persistent	2	0	0
ONMMKP_04062	contig_5	2225135	2225665	-	GEGEGB_02858	1	persistent	2	0	0
ONMMKP_04063	contig_5	2226162	2227346	-	LNHIMF_02848	1	persistent	2	0	0
ONMMKP_04064	contig_5	2227511	2228506	-	GEGEGB_02856	1	persistent	2	0	0
ONMMKP_04065	contig_5	2228576	2229640	-	GEGEGB_02855	1	persistent	2	0	0
ONMMKP_04066	contig_5	2229633	2230835	-	LNHIMF_02845	1	persistent	2	0	1
ONMMKP_04067	contig_5	2231190	2232149	-	LNHIMF_02844	1	persistent	2	0	1
ONMMKP_04068	contig_5	2232160	2234277	-	LNHIMF_02843	1	persistent	2	0	0
ONMMKP_04069	contig_5	2234277	2234687	-	LNHIMF_02842	1	persistent	2	0	0
ONMMKP_04070	contig_5	2234684	2234929	-	LNHIMF_02841	1	persistent	2	0	0
ONMMKP_04071	contig_5	2235201	2235632	-	LNHIMF_02840	1	persistent	2	0	0
ONMMKP_04072	contig_5	2235721	2237055	+	LNHIMF_02839	1	persistent	2	0	0
ONMMKP_04073	contig_5	2237139	2237465	-	GEGEGB_02845	1	persistent	2	0	0
ONMMKP_04074	contig_5	2237627	2237977	+	GEGEGB_02844	1	persistent	2	0	0
ONMMKP_04075	contig_5	2238012	2238461	-	LNHIMF_02836	1	persistent	2	0	0
ONMMKP_04076	contig_5	2239160	2239561	+	GEGEGB_02842	1	persistent	3	0	0
ONMMKP_04077	contig_5	2239651	2239830	-	LNHIMF_02834	1	persistent	2	0	0
ONMMKP_04078	contig_5	2239909	2240436	-	GEGEGB_02840	1	persistent	3	0	0
ONMMKP_04079	contig_5	2240446	2240745	-	LNHIMF_02832	1	persistent	2	0	0
ONMMKP_04080	contig_5	2240928	2241086	+	GEGEGB_02838	1	persistent	2	0	1
ONMMKP_04081	contig_5	2241186	2241635	+	LNHIMF_02830	1	persistent	2	0	0
ONMMKP_04082	contig_5	2241657	2242334	-	GEGEGB_02835	1	persistent	2	0	1
ONMMKP_04083	contig_5	2242376	2243776	-	BEJGEH_02780	1	persistent	2	0	0
ONMMKP_04084	contig_5	2243907	2245190	-	LNHIMF_02827	1	persistent	2	0	0
ONMMKP_04085	contig_5	2245205	2246653	-	BEJGEH_02778	1	persistent	2	0	0
ONMMKP_04086	contig_5	2246675	2247943	-	LNHIMF_02824	1	persistent	2	0	0
ONMMKP_04087	contig_5	2247969	2248946	-	GEGEGB_02829	1	persistent	2	0	1
ONMMKP_04088	contig_5	2249249	2250763	-	LNHIMF_02822	1	persistent	2	0	1
ONMMKP_04089	contig_5	2250774	2251205	-	GEGEGB_02827	1	persistent	2	0	0
ONMMKP_04090	contig_5	2251220	2252197	-	LNHIMF_02820	1	persistent	2	0	0
ONMMKP_04091	contig_5	2252352	2253026	+	LNHIMF_02819	1	persistent	2	0	0
ONMMKP_04092	contig_5	2253013	2254428	+	GEGEGB_02824	1	persistent	2	0	0
ONMMKP_04093	contig_5	2254561	2255574	+	LNHIMF_02817	1	persistent	2	0	0
ONMMKP_04094	contig_5	2255667	2255780	-	GEGEGB_02822	1	persistent	2	0	0
ONMMKP_04095	contig_5	2256296	2257192	-	GEGEGB_02821	1	persistent	2	0	0
ONMMKP_04096	contig_5	2257486	2258415	-	GEGEGB_02820	1	persistent	2	0	0
ONMMKP_04097	contig_5	2258934	2259986	+	LNHIMF_02813	1	persistent	2	1	1
ONMMKP_04098	contig_5	2260182	2260493	+	BEJGEH_02765	1	shell	2	0	0
ONMMKP_04099	contig_5	2261025	2263199	+	LNHIMF_02811	1	persistent	2	1	1
ONMMKP_04100	contig_5	2263241	2264176	-	HFCAGB_02979	1	persistent	2	0	0
ONMMKP_04101	contig_5	2264208	2265452	-	LNHIMF_02809	1	persistent	2	0	0
ONMMKP_04102	contig_5	2265562	2269218	-	HFCAGB_02977	1	persistent	2	0	0
ONMMKP_04103	contig_5	2269299	2270414	-	GEGEGB_02814	1	persistent	1	2	2
ONMMKP_04104	contig_5	2271377	2271949	-	LNHIMF_02806	1	shell	1	1	1
ONMMKP_04105	contig_5	2272041	2273561	+	AJBGEP_02931	1	shell	2	2	0
ONMMKP_04106	contig_5	2273638	2274168	+	AJBGEP_02930	1	shell	1	2	5
ONMMKP_04107	contig_5	2274817	2275830	-	ONMMKP_04107	1	cloud	0	1	1
ONMMKP_04108	contig_5	2275837	2276850	-	ONMMKP_04108	1	cloud	0	0	2
ONMMKP_04109	contig_5	2276850	2277422	-	ONMMKP_04109	1	cloud	0	0	2
ONMMKP_04110	contig_5	2277564	2277767	+	ONMMKP_04110	1	cloud	0	0	2
ONMMKP_04111	contig_5	2277718	2278308	+	PKJKAM_01823	1	cloud	0	0	4
ONMMKP_04112	contig_5	2278318	2278545	+	ONMMKP_04112	1	cloud	0	0	2
ONMMKP_04113	contig_5	2278766	2278960	+	PKJKAM_01825	1	cloud	0	0	3
ONMMKP_04114	contig_5	2278960	2279361	+	ONMMKP_04114	1	cloud	0	0	3
ONMMKP_04115	contig_5	2279429	2279659	+	ONMMKP_04115	1	cloud	0	0	2
ONMMKP_04116	contig_5	2279650	2280510	+	ONMMKP_04116	1	cloud	0	0	3
ONMMKP_04117	contig_5	2280507	2282528	+	ONMMKP_04117	1	cloud	0	0	3
ONMMKP_04118	contig_5	2282647	2282859	+	ONMMKP_04118	1	cloud	0	0	2
ONMMKP_04119	contig_5	2282833	2283102	-	ONMMKP_04119	1	cloud	0	0	3
ONMMKP_04120	contig_5	2283153	2284214	-	ONMMKP_04120	1	cloud	0	0	2
ONMMKP_04121	contig_5	2284211	2285986	-	ONMMKP_04121	1	cloud	0	0	2
ONMMKP_04122	contig_5	2286147	2286947	+	ONMMKP_04122	1	cloud	0	0	2
ONMMKP_04123	contig_5	2287009	2288031	+	ONMMKP_04123	1	cloud	0	0	2
ONMMKP_04124	contig_5	2288035	2288736	+	ONMMKP_04124	1	cloud	0	0	2
ONMMKP_04125	contig_5	2288782	2289285	+	ONMMKP_04125	1	cloud	0	0	2
ONMMKP_04126	contig_5	2289282	2289788	+	ONMMKP_04126	1	cloud	0	0	2
ONMMKP_04127	contig_5	2289785	2290492	+	ONMMKP_04127	1	cloud	0	0	2
ONMMKP_04128	contig_5	2290489	2291616	+	ONMMKP_04128	1	cloud	0	0	3
ONMMKP_04129	contig_5	2291613	2292068	+	ONMMKP_04129	1	cloud	0	0	3
ONMMKP_04130	contig_5	2292078	2292371	+	ONMMKP_04130	1	cloud	0	0	2
ONMMKP_04131	contig_5	2292368	2292709	+	ONMMKP_04131	1	cloud	0	0	3
ONMMKP_04132	contig_5	2292709	2293041	+	ONMMKP_04132	1	cloud	0	0	2
ONMMKP_04133	contig_5	2293188	2293445	+	ONMMKP_04133	1	cloud	0	0	2
ONMMKP_04134	contig_5	2293633	2295603	+	BEJGEH_02665	1	cloud	0	0	2
ONMMKP_04135	contig_5	2295600	2295929	+	BEJGEH_02664	1	cloud	0	0	2
ONMMKP_04136	contig_5	2295926	2297110	+	BEJGEH_02663	1	cloud	0	0	2
ONMMKP_04137	contig_5	2297103	2297690	+	BEJGEH_02662	1	cloud	0	0	4
ONMMKP_04138	contig_5	2297700	2299856	+	ONMMKP_04138	1	cloud	0	0	2
ONMMKP_04139	contig_5	2299869	2300423	+	OEKLIE_03257	1	cloud	0	0	5
ONMMKP_04140	contig_5	2300413	2301138	+	ONMMKP_04140	1	cloud	0	1	2
ONMMKP_04141	contig_5	2301110	2301655	+	ONMMKP_04141	1	cloud	0	0	2
ONMMKP_04142	contig_5	2301658	2303358	+	BEJGEH_02657	1	cloud	0	0	4
ONMMKP_04143	contig_5	2304039	2305157	+	ONMMKP_04143	1	cloud	0	0	2
ONMMKP_04144	contig_5	2305983	2306690	-	GEGEGB_03586	1	cloud	1	0	3
ONMMKP_04145	contig_5	2306782	2307024	-	ONMMKP_04145	1	cloud	0	0	2
ONMMKP_04146	contig_5	2307274	2308299	-	BEJGEH_02755	1	cloud	0	0	7
ONMMKP_04147	contig_5	2308303	2308935	-	GEGEGB_04583	1	cloud	0	0	2
ONMMKP_04148	contig_5	2309052	2309291	+	BEJGEH_02753	1	cloud	0	0	2
ONMMKP_04149	contig_5	2309327	2309836	+	BEJGEH_02752	1	cloud	0	0	7
ONMMKP_04150	contig_5	2310025	2310483	-	BEJGEH_02751	1	cloud	0	0	2
ONMMKP_04151	contig_5	2310703	2311044	+	BEJGEH_02750	1	cloud	0	0	7
ONMMKP_04152	contig_5	2311112	2311345	+	BEJGEH_02749	1	cloud	0	0	2
ONMMKP_04153	contig_5	2311345	2311572	+	GEGEGB_04577	1	cloud	0	0	5
ONMMKP_04154	contig_5	2311569	2312426	+	ONMMKP_04154	1	cloud	0	0	2
ONMMKP_04155	contig_5	2312417	2314828	+	BEJGEH_02746	1	cloud	0	0	3
ONMMKP_04156	contig_5	2314984	2315172	+	GEGEGB_03597	1	cloud	0	0	4
ONMMKP_04157	contig_5	2315184	2315417	+	GEGEGB_04572	1	cloud	0	0	5
ONMMKP_04158	contig_5	2315704	2315922	+	ONMMKP_04158	1	cloud	0	0	2
ONMMKP_04159	contig_5	2315922	2316764	+	ONMMKP_04159	1	cloud	0	0	2
ONMMKP_04160	contig_5	2316990	2317535	+	ONMMKP_04160	1	cloud	0	0	2
ONMMKP_04161	contig_5	2317579	2318619	-	HFCAGB_02953	1	cloud	0	0	7
ONMMKP_04162	contig_5	2318619	2320337	-	GEGEGB_04567	1	cloud	0	0	2
ONMMKP_04163	contig_5	2320528	2321361	+	HFCAGB_02951	1	cloud	0	0	2
ONMMKP_04164	contig_5	2321378	2322442	+	HFCAGB_02950	1	cloud	0	0	2
ONMMKP_04165	contig_5	2322446	2323096	+	GEGEGB_03605	1	cloud	0	0	2
ONMMKP_04166	contig_5	2323190	2323654	+	GEGEGB_04563	1	cloud	0	0	2
ONMMKP_04167	contig_5	2323654	2323857	+	GEGEGB_03607	1	cloud	0	0	2
ONMMKP_04168	contig_5	2323861	2324076	+	BEJGEH_02733	1	cloud	0	0	2
ONMMKP_04169	contig_5	2324057	2324566	+	GEGEGB_03609	1	cloud	0	0	3
ONMMKP_04170	contig_5	2324571	2324948	+	BEJGEH_02731	1	cloud	0	0	2
ONMMKP_04171	contig_5	2324948	2325373	+	GEGEGB_04558	1	cloud	0	0	2
ONMMKP_04172	contig_5	2325469	2325900	+	HFCAGB_02942	1	cloud	0	0	3
ONMMKP_04173	contig_5	2325893	2326336	+	GEGEGB_03613	1	cloud	0	0	5
ONMMKP_04174	contig_5	2326387	2328093	-	ONMMKP_04174	1	cloud	0	0	2
ONMMKP_04175	contig_5	2328232	2328810	+	GEGEGB_04555	1	cloud	0	0	5
ONMMKP_04176	contig_5	2328807	2329166	+	ONMMKP_04176	1	cloud	0	0	2
ONMMKP_04177	contig_5	2329153	2330061	+	BEJGEH_02724	1	cloud	0	0	2
ONMMKP_04178	contig_5	2330054	2330659	+	GEGEGB_03617	1	cloud	0	0	5
ONMMKP_04179	contig_5	2330656	2332434	+	ONMMKP_04179	2	cloud	0	0	3
ONMMKP_04180	contig_5	2332434	2333021	+	ONMMKP_04180	2	cloud	0	0	4
ONMMKP_04181	contig_5	2333025	2333564	-	ONMMKP_04181	2	cloud	0	0	2
ONMMKP_04182	contig_5	2333567	2334433	-	ONMMKP_04182	2	cloud	0	0	2
ONMMKP_04183	contig_5	2334463	2335020	+	GEGEGB_02813	2	cloud	2	0	6
ONMMKP_04184	contig_5	2334971	2335090	-	ONMMKP_04184	1	cloud	0	0	2
ONMMKP_04185	contig_5	2335123	2336295	+	GEGEGB_02812	1	cloud	0	2	3
ONMMKP_04186	contig_5	2336305	2336820	+	GEGEGB_02811	1	cloud	0	0	2
ONMMKP_04187	contig_5	2336875	2337177	+	GEGEGB_02810	1	cloud	0	0	4
ONMMKP_04188	contig_5	2337304	2340111	+	ONMMKP_04188	1	cloud	0	0	2
ONMMKP_04189	contig_5	2340108	2340593	+	GEGEGB_02808	1	cloud	0	0	4
ONMMKP_04190	contig_5	2340590	2341690	+	GEGEGB_02807	1	cloud	1	0	3
ONMMKP_04191	contig_5	2341737	2341976	+	GEGEGB_04542	1	cloud	0	0	3
ONMMKP_04192	contig_5	2342003	2342485	-	ONMMKP_04192	1	cloud	1	0	1
ONMMKP_04194	contig_5	2343044	2344234	-	LNHIMF_02782	1	persistent	1	2	6
ONMMKP_04195	contig_5	2344215	2346395	-	LNHIMF_02781	1	persistent	2	0	0
ONMMKP_04196	contig_5	2346392	2347801	-	LNHIMF_02780	1	persistent	2	0	0
ONMMKP_04198	contig_5	2347866	2359340	-	GEGEGB_02783	1	persistent	2	0	0
ONMMKP_04199	contig_5	2359955	2360482	-	GEGEGB_02782	1	persistent	2	0	0
ONMMKP_04200	contig_5	2360626	2361063	+	GEGEGB_02781	1	persistent	2	0	0
ONMMKP_04201	contig_5	2361053	2361343	+	LNHIMF_02775	1	persistent	2	0	0
ONMMKP_04202	contig_5	2361509	2361847	-	GEGEGB_02779	1	persistent	2	0	0
ONMMKP_04203	contig_5	2361996	2363657	-	LNHIMF_02773	1	persistent	2	0	0
ONMMKP_04204	contig_5	2363743	2364621	-	AJBGEP_02882	1	persistent	2	0	1
ONMMKP_04205	contig_5	2364745	2365335	+	LNHIMF_02771	1	persistent	2	0	1
ONMMKP_04206	contig_5	2365370	2365975	-	BEJGEH_02701	1	persistent	2	0	1
ONMMKP_04207	contig_5	2366096	2367337	-	GEGEGB_02774	1	persistent	2	0	1
ONMMKP_04208	contig_5	2367402	2368193	-	GEGEGB_02773	1	persistent	2	0	0
ONMMKP_04209	contig_5	2368359	2369720	+	GEGEGB_02772	1	persistent	2	0	1
ONMMKP_04210	contig_5	2369973	2370221	+	GEGEGB_02771	1	persistent	2	0	1
ONMMKP_04211	contig_5	2370240	2370788	+	GEGEGB_02770	1	persistent	2	0	0
ONMMKP_04212	contig_5	2370833	2371600	+	GEGEGB_02769	1	persistent	2	0	0
ONMMKP_04213	contig_5	2371641	2371988	+	GEGEGB_02768	1	persistent	2	0	0
ONMMKP_04214	contig_5	2372145	2373365	-	LNHIMF_02762	1	persistent	2	0	0
ONMMKP_04215	contig_5	2373358	2373876	-	GEGEGB_02766	1	persistent	2	0	0
ONMMKP_04216	contig_5	2374316	2375386	+	GEGEGB_02765	1	persistent	2	0	0
ONMMKP_04217	contig_5	2375396	2376517	+	GEGEGB_02764	1	persistent	2	0	0
ONMMKP_04218	contig_5	2376575	2377483	+	LNHIMF_02758	1	persistent	2	0	0
ONMMKP_04219	contig_5	2377444	2378604	-	LNHIMF_02757	1	persistent	2	0	1
ONMMKP_04220	contig_5	2378855	2379193	-	GEGEGB_02761	1	persistent	2	0	1
ONMMKP_04221	contig_5	2379465	2380202	-	BEJGEH_02653	1	persistent	2	0	0
ONMMKP_04222	contig_5	2380334	2381314	+	GEGEGB_02759	1	persistent	2	0	0
ONMMKP_04223	contig_5	2381311	2382042	+	LNHIMF_02753	1	persistent	2	0	0
ONMMKP_04225	contig_5	2382172	2384745	+	GEGEGB_02756	1	persistent	3	0	1
ONMMKP_04231	contig_5	2390604	2391059	+	LNHIMF_02745	1	persistent	3	0	1
ONMMKP_04232	contig_5	2391163	2392464	+	LNHIMF_02744	1	persistent	2	0	0
ONMMKP_04233	contig_5	2392461	2392784	-	GEGEGB_00278	1	persistent	2	0	0
ONMMKP_04234	contig_5	2392829	2394184	-	GEGEGB_00279	1	persistent	2	0	1
ONMMKP_04235	contig_5	2394168	2394209	-	GEGEGB_00280	1	persistent	2	0	0
ONMMKP_04236	contig_5	2394299	2396959	-	LNHIMF_02740	1	persistent	2	0	1
ONMMKP_04237	contig_5	2397013	2397693	-	LNHIMF_02739	1	persistent	2	0	0
ONMMKP_04238	contig_5	2397766	2398185	-	LNHIMF_02738	1	persistent	2	0	0
ONMMKP_04239	contig_5	2398389	2399426	+	GEGEGB_00284	1	persistent	2	0	0
ONMMKP_04240	contig_5	2399542	2400231	-	GEGEGB_00285	1	persistent	2	0	0
ONMMKP_04241	contig_5	2400550	2400933	+	GEGEGB_00286	1	persistent	2	0	0
ONMMKP_04242	contig_5	2400995	2401582	-	GEGEGB_00287	1	persistent	2	0	1
ONMMKP_04243	contig_5	2401685	2402584	+	LNHIMF_02733	1	persistent	2	0	0
ONMMKP_04244	contig_5	2402602	2403936	-	LNHIMF_02732	1	persistent	2	0	1
ONMMKP_04245	contig_5	2404067	2404804	+	LNHIMF_02731	1	persistent	2	0	0
ONMMKP_04246	contig_5	2404789	2406411	-	LNHIMF_02730	1	persistent	2	0	0
ONMMKP_04247	contig_5	2406836	2407411	+	GEGEGB_00292	1	persistent	2	0	0
ONMMKP_04248	contig_5	2407443	2408093	+	LNHIMF_02728	1	persistent	2	0	0
ONMMKP_04249	contig_5	2408093	2409049	+	LNHIMF_02727	1	persistent	2	0	0
ONMMKP_04251	contig_5	2409046	2409525	+	GEGEGB_00296	1	persistent	2	0	1
ONMMKP_04252	contig_5	2409777	2411576	+	GEGEGB_00297	1	persistent	2	0	2
ONMMKP_04253	contig_5	2411593	2412567	+	GEGEGB_00298	1	persistent	2	0	0
ONMMKP_04254	contig_5	2412784	2413521	+	GEGEGB_00299	1	persistent	2	0	0
ONMMKP_04255	contig_5	2413518	2414423	+	LNHIMF_02721	1	persistent	2	0	0
ONMMKP_04256	contig_5	2414435	2415163	+	GEGEGB_00301	1	persistent	2	0	0
ONMMKP_04257	contig_5	2415175	2415906	+	GEGEGB_00302	1	persistent	2	0	0
ONMMKP_04258	contig_5	2415906	2416286	+	GEGEGB_00303	1	persistent	2	0	0
ONMMKP_04259	contig_5	2416398	2416658	-	GEGEGB_00304	1	persistent	2	0	0
ONMMKP_04260	contig_5	2416696	2417622	-	BEJGEH_02614	1	persistent	2	0	0
ONMMKP_04261	contig_5	2417738	2418934	+	LNHIMF_02715	1	persistent	2	0	0
ONMMKP_04262	contig_5	2418956	2419873	+	GEGEGB_00307	1	persistent	2	0	0
ONMMKP_04263	contig_5	2419912	2420760	-	GEGEGB_00308	1	persistent	2	0	0
ONMMKP_04264	contig_5	2420876	2421769	+	GEGEGB_00309	1	persistent	2	0	0
ONMMKP_04265	contig_5	2421780	2423141	+	LNHIMF_02711	1	persistent	2	0	0
ONMMKP_04266	contig_5	2423145	2423780	+	LNHIMF_02710	1	persistent	2	0	0
ONMMKP_04267	contig_5	2423838	2424356	+	GEGEGB_00312	1	persistent	2	0	0
ONMMKP_04268	contig_5	2424407	2425951	-	BEJGEH_02606	1	persistent	2	0	0
ONMMKP_04269	contig_5	2426207	2430094	+	LNHIMF_02707	1	persistent	2	1	0
ONMMKP_04272	contig_5	2430789	2432174	+	GEGEGB_00317	1	persistent	2	1	0
ONMMKP_04273	contig_5	2432176	2432940	+	GEGEGB_00318	1	persistent	2	0	0
ONMMKP_04274	contig_5	2432937	2434274	+	GEGEGB_00319	1	persistent	2	0	0
ONMMKP_04275	contig_5	2434351	2434689	+	GEGEGB_00320	1	persistent	2	0	0
ONMMKP_04276	contig_5	2434738	2436198	-	LNHIMF_02700	1	persistent	2	0	0
ONMMKP_04277	contig_5	2436254	2438398	-	GEGEGB_00322	1	persistent	2	0	0
ONMMKP_04278	contig_5	2438481	2439818	-	ALJMDI_01593	1	persistent	2	0	0
ONMMKP_04279	contig_5	2440179	2441723	-	ODDLKH_03069	1	persistent	2	0	1
ONMMKP_04280	contig_5	2441905	2443095	-	LNHIMF_02696	1	persistent	2	0	0
ONMMKP_04281	contig_5	2443420	2444673	+	GEGEGB_00326	1	persistent	2	0	0
ONMMKP_04282	contig_5	2444869	2446008	+	GEGEGB_00327	1	persistent	2	0	0
ONMMKP_04283	contig_5	2446003	2447280	-	LNHIMF_02693	1	persistent	2	0	0
ONMMKP_04284	contig_5	2447406	2448044	+	LNHIMF_02692	1	persistent	2	0	0
ONMMKP_04285	contig_5	2448035	2449021	+	BEJGEH_02586	1	persistent	2	0	0
ONMMKP_04286	contig_5	2449022	2450035	-	GEGEGB_00332	1	persistent	2	0	0
ONMMKP_04287	contig_5	2450046	2450864	-	LNHIMF_02689	1	persistent	2	0	0
ONMMKP_04288	contig_5	2450868	2451911	-	GEGEGB_00334	1	persistent	2	0	0
ONMMKP_04289	contig_5	2452093	2452971	-	HFCAGB_02830	1	persistent	2	0	0
ONMMKP_04290	contig_5	2453116	2453919	-	LNHIMF_02686	1	persistent	2	0	0
ONMMKP_04291	contig_5	2454038	2454769	+	GEGEGB_00337	1	persistent	2	0	0
ONMMKP_04292	contig_5	2454929	2455423	+	GEGEGB_00338	1	persistent	2	0	0
ONMMKP_04293	contig_5	2455604	2456818	+	GEGEGB_00339	1	persistent	2	0	0
ONMMKP_04294	contig_5	2456846	2457232	+	GEGEGB_00340	1	persistent	2	0	0
ONMMKP_04295	contig_5	2457261	2457584	+	GEGEGB_00341	1	persistent	2	0	0
ONMMKP_04296	contig_5	2457780	2458295	+	LNHIMF_02680	1	persistent	2	0	0
ONMMKP_04297	contig_5	2458308	2460158	+	LNHIMF_02679	1	persistent	2	0	0
ONMMKP_04298	contig_5	2460160	2460495	+	GEGEGB_00344	1	persistent	2	0	0
ONMMKP_04299	contig_5	2460507	2460707	+	GEGEGB_00345	1	persistent	2	0	0
ONMMKP_04300	contig_5	2460885	2462168	+	GEGEGB_00346	1	persistent	2	0	0
ONMMKP_04301	contig_5	2462084	2462263	-	PKJKAM_02726	1	persistent	2	0	0
ONMMKP_04302	contig_5	2462278	2463054	+	GEGEGB_00348	1	persistent	3	0	0
ONMMKP_04304	contig_5	2463623	2464291	-	BEJGEH_02567	1	persistent	2	0	0
ONMMKP_04305	contig_5	2464333	2464557	+	BEJGEH_02566	1	persistent	2	0	0
ONMMKP_04306	contig_5	2464537	2465379	-	GEGEGB_00352	1	persistent	3	0	1
ONMMKP_04307	contig_5	2465588	2470522	+	GEGEGB_00353	1	persistent	2	0	0
ONMMKP_04308	contig_5	2470523	2472838	+	LNHIMF_02670	1	persistent	2	0	0
ONMMKP_04309	contig_5	2472994	2475372	+	OEKLIE_03175	1	persistent	2	0	0
ONMMKP_04310	contig_5	2475369	2475998	+	LNHIMF_02668	1	persistent	2	0	0
ONMMKP_04311	contig_5	2475991	2476800	+	GEGEGB_00358	1	persistent	2	0	0
ONMMKP_04312	contig_5	2476800	2477663	+	LNHIMF_02666	1	persistent	2	0	0
ONMMKP_04313	contig_5	2477784	2478215	+	GEGEGB_00360	1	persistent	2	0	0
ONMMKP_04314	contig_5	2478422	2479588	+	GEGEGB_00361	1	persistent	2	0	0
ONMMKP_04315	contig_5	2479880	2480884	+	BEJGEH_02556	1	persistent	2	0	0
ONMMKP_04316	contig_5	2480911	2482029	+	LNHIMF_02662	1	persistent	2	0	0
ONMMKP_04318	contig_5	2482140	2483414	+	GEGEGB_00365	1	persistent	2	0	0
ONMMKP_04319	contig_5	2483428	2484048	+	GEGEGB_00366	1	persistent	2	0	0
ONMMKP_04320	contig_5	2484059	2485237	+	GEGEGB_00367	1	persistent	2	0	0
ONMMKP_04321	contig_5	2485354	2486826	+	GEGEGB_00368	1	persistent	2	0	0
ONMMKP_04322	contig_5	2486915	2487136	+	LNHIMF_02656	1	persistent	2	0	0
ONMMKP_04323	contig_5	2487482	2489674	+	LNHIMF_02655	1	persistent	2	0	0
ONMMKP_04324	contig_5	2489732	2490691	+	BEJGEH_02547	1	persistent	2	0	2
ONMMKP_04325	contig_5	2490811	2496417	+	AJBGEP_02691	1	persistent	2	0	0
ONMMKP_04326	contig_5	2496576	2496803	+	ALJMDI_01641	2	persistent	2	0	4
ONMMKP_04327	contig_5	2496857	2496946	+	ALJMDI_01641	2	persistent	2	0	4
ONMMKP_04328	contig_5	2497453	2503602	+	PKJKAM_02753	1	persistent	2	0	2
ONMMKP_04329	contig_5	2503764	2505113	-	LNHIMF_02649	1	persistent	2	0	0
ONMMKP_04330	contig_5	2505274	2506740	+	GEGEGB_00381	1	persistent	2	0	0
ONMMKP_04331	contig_5	2506810	2508387	+	GEGEGB_00382	1	persistent	2	0	4
ONMMKP_04332	contig_5	2508610	2508900	+	HFCAGB_02785	1	persistent	2	0	2
ONMMKP_04333	contig_5	2508920	2509234	-	BEJGEH_02537	1	persistent	2	0	3
ONMMKP_04334	contig_5	2509234	2509695	-	ONMMKP_04334	1	cloud	2	0	2
ONMMKP_04335	contig_5	2510032	2510205	-	BEJGEH_02536	1	persistent	2	0	4
ONMMKP_04336	contig_5	2510636	2512849	+	LNHIMF_02643	1	persistent	2	0	0
ONMMKP_04337	contig_5	2512885	2514426	-	GEGEGB_00388	1	persistent	2	0	0
ONMMKP_04338	contig_5	2514431	2516497	-	LNHIMF_02641	1	persistent	2	0	0
ONMMKP_04339	contig_5	2516686	2517324	-	GEGEGB_00390	1	persistent	2	0	0
ONMMKP_04340	contig_5	2517324	2518481	-	LNHIMF_02639	1	persistent	2	0	0
ONMMKP_04341	contig_5	2518775	2519401	+	GEGEGB_00392	1	persistent	2	0	0
ONMMKP_04342	contig_5	2519489	2520778	+	GEGEGB_00393	1	persistent	2	0	0
ONMMKP_04343	contig_5	2520849	2521574	+	GEGEGB_00394	1	persistent	2	0	0
ONMMKP_04344	contig_5	2521601	2521960	-	GEGEGB_00395	1	persistent	2	0	0
ONMMKP_04345	contig_5	2522000	2523463	-	GEGEGB_00396	1	persistent	2	0	0
ONMMKP_04346	contig_5	2523671	2524738	+	GEGEGB_00397	1	persistent	2	1	0
ONMMKP_04347	contig_5	2525021	2526202	+	LNHIMF_02632	1	shell	1	1	0
ONMMKP_04348	contig_5	2526270	2527538	+	LNHIMF_02631	1	shell	1	1	0
ONMMKP_04349	contig_5	2527544	2528683	+	LNHIMF_02630	1	persistent	2	1	0
ONMMKP_04350	contig_5	2528730	2529200	-	GEGEGB_00402	1	persistent	2	0	0
ONMMKP_04351	contig_5	2529200	2529772	-	LNHIMF_02628	1	persistent	2	0	0
ONMMKP_04352	contig_5	2529918	2530796	+	GEGEGB_00404	1	persistent	2	0	0
ONMMKP_04353	contig_5	2530813	2531847	+	GEGEGB_00405	1	persistent	2	0	0
ONMMKP_04354	contig_5	2532022	2532735	+	GEGEGB_00406	1	persistent	2	0	0
ONMMKP_04355	contig_5	2532866	2533729	+	LNHIMF_02624	1	persistent	2	0	0
ONMMKP_04356	contig_5	2533745	2535763	+	LNHIMF_02623	1	persistent	2	0	0
ONMMKP_04357	contig_5	2535790	2535990	-	GEGEGB_00409	1	persistent	2	0	0
ONMMKP_04358	contig_5	2536018	2537145	-	LNHIMF_02621	1	persistent	2	0	0
ONMMKP_04359	contig_5	2537149	2537505	-	GEGEGB_00411	1	persistent	2	0	1
ONMMKP_04360	contig_5	2537918	2537977	+	LNHIMF_02619	1	persistent	2	0	0
ONMMKP_04362	contig_5	2538079	2541192	-	GEGEGB_00414	1	persistent	2	0	1
ONMMKP_04363	contig_5	2541377	2543077	-	BEJGEH_02507	1	persistent	2	0	0
ONMMKP_04364	contig_5	2543263	2545224	+	GEGEGB_00416	1	persistent	2	0	0
ONMMKP_04365	contig_5	2545673	2546971	-	GEGEGB_00417	1	persistent	2	0	0
ONMMKP_04366	contig_5	2547175	2547750	+	GEGEGB_00418	1	persistent	2	0	0
ONMMKP_04367	contig_5	2547875	2548918	+	LNHIMF_02612	1	persistent	2	0	0
ONMMKP_04368	contig_5	2549046	2549276	+	GEGEGB_00420	1	persistent	2	0	0
ONMMKP_04369	contig_5	2549339	2551339	-	LNHIMF_02610	1	persistent	2	0	0
ONMMKP_04370	contig_5	2551359	2552309	-	LNHIMF_02609	1	persistent	2	0	0
ONMMKP_04371	contig_5	2552581	2554860	+	GEGEGB_00423	1	persistent	2	1	1
ONMMKP_04372	contig_5	2555277	2555612	+	GEGEGB_00426	1	persistent	2	1	1
ONMMKP_04373	contig_5	2555625	2556104	+	GEGEGB_00427	1	persistent	2	0	0
ONMMKP_04374	contig_5	2556082	2556771	+	LNHIMF_02605	1	persistent	2	0	0
ONMMKP_04375	contig_5	2556768	2557571	+	GEGEGB_00429	1	persistent	2	0	0
ONMMKP_04376	contig_5	2557568	2558584	+	GEGEGB_00430	1	persistent	2	0	1
ONMMKP_04377	contig_5	2558625	2558915	+	LNHIMF_02602	1	persistent	2	0	0
ONMMKP_04378	contig_5	2559028	2559315	+	LNHIMF_02601	1	persistent	2	0	0
ONMMKP_04379	contig_5	2559327	2560730	+	LNHIMF_02600	1	persistent	2	0	1
ONMMKP_04380	contig_5	2560741	2561580	+	GEGEGB_00433	1	persistent	2	0	0
ONMMKP_04381	contig_5	2561570	2562757	+	ALJMDI_01699	1	persistent	2	0	0
ONMMKP_04382	contig_5	2562877	2564103	+	LNHIMF_02597	1	persistent	2	0	0
ONMMKP_04383	contig_5	2564100	2565503	+	GEGEGB_00436	1	persistent	2	0	0
ONMMKP_04384	contig_5	2565515	2566876	+	LNHIMF_02595	1	persistent	2	0	0
ONMMKP_04385	contig_5	2566895	2567791	+	LNHIMF_02594	1	persistent	2	0	0
ONMMKP_04386	contig_5	2567801	2568460	+	GEGEGB_00439	1	persistent	2	0	0
ONMMKP_04387	contig_5	2568473	2568967	+	LNHIMF_02592	1	persistent	2	0	0
ONMMKP_04388	contig_5	2569015	2570067	+	LNHIMF_02591	1	persistent	2	2	3
ONMMKP_04389	contig_5	2570246	2570944	+	ONMMKP_04389	1	cloud	2	0	0
ONMMKP_04390	contig_5	2570991	2571890	-	GEGEGB_00444	1	persistent	2	1	2
ONMMKP_04391	contig_5	2571893	2572762	-	GEGEGB_00445	1	persistent	2	0	0
ONMMKP_04392	contig_5	2572975	2573400	+	GEGEGB_00446	1	persistent	2	0	0
ONMMKP_04393	contig_5	2573387	2573836	+	LNHIMF_02587	1	persistent	2	0	0
ONMMKP_04394	contig_5	2573898	2574473	+	GEGEGB_00448	1	persistent	2	0	0
ONMMKP_04395	contig_5	2574568	2575467	+	GEGEGB_00449	1	persistent	2	0	1
ONMMKP_04396	contig_5	2575705	2576496	+	GEGEGB_00450	1	persistent	2	0	1
ONMMKP_04397	contig_5	2576654	2577670	+	GEGEGB_00451	1	persistent	2	0	0
ONMMKP_04398	contig_5	2577670	2578503	+	GEGEGB_00452	1	persistent	2	0	0
ONMMKP_04399	contig_5	2578503	2579378	+	LNHIMF_02581	1	persistent	2	0	0
ONMMKP_04400	contig_5	2579368	2580465	+	BEJGEH_02469	1	persistent	2	0	0
ONMMKP_04401	contig_5	2580586	2581497	+	LNHIMF_02579	1	persistent	2	1	1
ONMMKP_04402	contig_5	2581629	2582168	-	HFCAGB_02713	1	shell	2	0	0
ONMMKP_04403	contig_5	2582181	2582543	-	BEJGEH_02466	1	persistent	2	1	1
ONMMKP_04404	contig_5	2582620	2583339	-	LNHIMF_02577	1	persistent	2	0	0
ONMMKP_04405	contig_5	2583354	2584646	-	BEJGEH_02464	1	persistent	2	0	0
ONMMKP_04406	contig_5	2584729	2585595	+	GEGEGB_00459	1	persistent	2	0	0
ONMMKP_04407	contig_5	2585592	2585831	+	LNHIMF_02574	1	persistent	2	0	0
ONMMKP_04408	contig_5	2585981	2586490	-	GEGEGB_00461	1	persistent	2	0	0
ONMMKP_04409	contig_5	2586531	2588258	-	GEGEGB_00462	1	persistent	2	0	0
ONMMKP_04410	contig_5	2588307	2588564	-	GEGEGB_00463	1	persistent	2	0	0
ONMMKP_04411	contig_5	2588948	2589919	-	GEGEGB_00464	1	persistent	2	0	0
ONMMKP_04412	contig_5	2590083	2590844	-	GEGEGB_00465	1	persistent	2	0	0
ONMMKP_04413	contig_5	2591076	2592062	+	GEGEGB_00466	1	persistent	2	0	0
ONMMKP_04414	contig_5	2592134	2594149	+	LNHIMF_02567	1	persistent	2	0	0
ONMMKP_04415	contig_5	2594151	2594369	+	LNHIMF_02566	1	persistent	2	0	0
ONMMKP_04416	contig_5	2594366	2595364	-	GEGEGB_00469	1	persistent	2	0	0
ONMMKP_04417	contig_5	2595454	2596380	+	GEGEGB_00470	1	persistent	2	0	0
ONMMKP_04418	contig_5	2596442	2597203	-	LNHIMF_02563	1	persistent	2	0	0
ONMMKP_04419	contig_5	2597459	2598292	+	GEGEGB_00472	1	persistent	2	0	0
ONMMKP_04420	contig_5	2598347	2599603	+	GEGEGB_00473	1	persistent	2	0	0
ONMMKP_04421	contig_5	2599662	2599820	+	GEGEGB_00474	1	persistent	2	0	0
ONMMKP_04422	contig_5	2599872	2600756	+	GEGEGB_00475	1	persistent	2	0	0
ONMMKP_04427	contig_5	2601550	2602965	+	GEGEGB_00480	1	persistent	2	0	0
ONMMKP_04428	contig_5	2603019	2603390	-	GEGEGB_00481	1	persistent	2	0	0
ONMMKP_04429	contig_5	2603413	2603775	-	GEGEGB_00482	1	persistent	2	0	0
ONMMKP_04432	contig_5	2604383	2606572	+	LNHIMF_02549	1	persistent	2	0	0
ONMMKP_04433	contig_5	2606625	2607827	-	GEGEGB_00486	1	persistent	2	0	0
ONMMKP_04434	contig_5	2608170	2609411	+	GEGEGB_00487	1	persistent	2	0	0
ONMMKP_04435	contig_5	2609472	2609798	-	GEGEGB_00488	1	persistent	2	0	0
ONMMKP_04436	contig_5	2609912	2610910	-	GEGEGB_00489	1	persistent	2	0	0
ONMMKP_04437	contig_5	2611090	2612742	+	LNHIMF_02544	1	persistent	2	0	0
ONMMKP_04438	contig_5	2612762	2613997	-	GEGEGB_00491	1	persistent	2	0	0
ONMMKP_04439	contig_5	2614201	2615166	+	LNHIMF_02542	1	persistent	2	0	1
ONMMKP_04440	contig_5	2615887	2617125	+	GEGEGB_00493	1	persistent	2	1	1
ONMMKP_04441	contig_5	2617175	2617231	-	GEGEGB_00496	1	persistent	2	1	0
ONMMKP_04442	contig_5	2617649	2618569	-	GEGEGB_00497	1	persistent	2	0	0
ONMMKP_04443	contig_5	2618817	2618930	+	GEGEGB_00498	1	persistent	2	0	0
ONMMKP_04444	contig_5	2619091	2619333	+	GEGEGB_00499	1	persistent	2	0	0
ONMMKP_04445	contig_5	2619608	2620999	-	LNHIMF_02536	1	persistent	2	0	0
ONMMKP_04446	contig_5	2621354	2622628	+	GEGEGB_00501	1	persistent	2	0	0
ONMMKP_04447	contig_5	2622625	2624631	+	GEGEGB_00502	1	persistent	2	0	0
ONMMKP_04448	contig_5	2624618	2625868	+	LNHIMF_02533	1	persistent	2	0	0
ONMMKP_04449	contig_5	2626001	2626096	-	GEGEGB_00504	1	persistent	2	0	0
ONMMKP_04450	contig_5	2626136	2627074	+	GEGEGB_00505	1	persistent	2	0	2
ONMMKP_04452	contig_5	2627381	2628322	-	GEGEGB_00512	1	persistent	3	0	1
ONMMKP_04453	contig_5	2628611	2629366	+	GEGEGB_00513	1	persistent	2	0	0
ONMMKP_04454	contig_5	2629427	2630734	-	LNHIMF_02527	1	persistent	2	0	0
ONMMKP_04455	contig_5	2631105	2631389	+	GEGEGB_00515	1	persistent	2	0	0
ONMMKP_04456	contig_5	2631567	2632877	+	GEGEGB_00516	1	persistent	2	0	0
ONMMKP_04457	contig_5	2632877	2635024	+	GEGEGB_00517	1	persistent	2	0	0
ONMMKP_04458	contig_5	2635233	2635718	+	GEGEGB_00518	1	persistent	2	0	0
ONMMKP_04459	contig_5	2635818	2636369	-	GEGEGB_00519	1	persistent	2	0	0
ONMMKP_04460	contig_5	2636535	2637467	+	GEGEGB_00520	1	persistent	2	0	0
ONMMKP_04461	contig_5	2637503	2638588	+	LNHIMF_02520	1	persistent	2	0	0
ONMMKP_04462	contig_5	2638592	2639416	+	GEGEGB_00522	1	persistent	2	0	0
ONMMKP_04463	contig_5	2639416	2640225	+	GEGEGB_00523	1	persistent	2	0	0
ONMMKP_04464	contig_5	2640225	2640773	+	LNHIMF_02517	1	persistent	2	0	0
ONMMKP_04465	contig_5	2640806	2641081	+	GEGEGB_00526	1	persistent	2	0	0
ONMMKP_04466	contig_5	2641133	2643133	-	LNHIMF_02515	1	persistent	2	0	0
ONMMKP_04467	contig_5	2643293	2644507	+	GEGEGB_00528	1	persistent	2	0	0
ONMMKP_04468	contig_5	2644605	2645261	+	LNHIMF_02513	1	persistent	2	0	0
ONMMKP_04469	contig_5	2645328	2645846	-	LNHIMF_02512	1	persistent	2	1	1
ONMMKP_04470	contig_5	2645846	2646214	-	GEGEGB_00531	1	shell	1	1	0
ONMMKP_04471	contig_5	2646383	2646631	-	GEGEGB_00532	1	shell	1	1	0
ONMMKP_04472	contig_5	2646804	2647178	+	LNHIMF_02510	1	persistent	1	1	1
ONMMKP_04473	contig_5	2647358	2648536	+	LNHIMF_02509	1	persistent	3	0	0
ONMMKP_04474	contig_5	2648533	2649534	-	GEGEGB_00535	1	persistent	2	0	0
ONMMKP_04475	contig_5	2649638	2650774	+	GEGEGB_00536	1	persistent	2	0	0
ONMMKP_04476	contig_5	2650842	2651855	+	GEGEGB_00537	1	persistent	2	0	0
ONMMKP_04477	contig_5	2651855	2652667	+	GEGEGB_00538	1	persistent	2	0	0
ONMMKP_04478	contig_5	2652716	2653375	+	GEGEGB_00539	1	persistent	2	0	0
ONMMKP_04479	contig_5	2653525	2654439	+	GEGEGB_00540	1	persistent	2	0	0
ONMMKP_04480	contig_5	2654507	2655775	+	GEGEGB_00541	1	persistent	2	0	0
ONMMKP_04481	contig_5	2655765	2656439	+	BEJGEH_02389	1	persistent	2	0	0
ONMMKP_04482	contig_5	2656750	2657238	+	GEGEGB_00543	1	persistent	2	0	0
ONMMKP_04483	contig_5	2657276	2658793	+	LNHIMF_02499	1	persistent	2	0	0
ONMMKP_04484	contig_5	2658829	2660256	-	LNHIMF_02498	1	persistent	2	0	0
ONMMKP_04485	contig_5	2660467	2661864	+	GEGEGB_00546	1	persistent	2	0	0
ONMMKP_04486	contig_5	2661955	2663376	+	GEGEGB_00547	1	persistent	2	0	0
ONMMKP_04487	contig_5	2663378	2664481	+	LNHIMF_02495	1	persistent	2	0	0
ONMMKP_04488	contig_5	2664545	2665951	+	LNHIMF_02494	1	persistent	2	0	0
ONMMKP_04489	contig_5	2665978	2666547	+	GEGEGB_00550	1	persistent	2	0	0
ONMMKP_04490	contig_5	2666836	2667618	+	GEGEGB_00551	1	persistent	2	0	0
ONMMKP_04491	contig_5	2667856	2668638	+	LNHIMF_02491	1	persistent	2	0	0
ONMMKP_04492	contig_5	2668819	2669505	+	GEGEGB_00553	1	persistent	2	0	0
ONMMKP_04493	contig_5	2669502	2670209	+	GEGEGB_00554	1	persistent	2	0	0
ONMMKP_04494	contig_5	2670223	2670996	+	LNHIMF_02488	1	persistent	2	0	0
ONMMKP_04495	contig_5	2671048	2671941	-	LNHIMF_02487	1	persistent	2	0	0
ONMMKP_04496	contig_5	2672067	2672714	-	LNHIMF_02486	1	persistent	2	0	0
ONMMKP_04497	contig_5	2672857	2673501	+	LNHIMF_02485	1	persistent	2	0	0
ONMMKP_04498	contig_5	2673557	2674108	+	GEGEGB_00559	1	persistent	2	0	0
ONMMKP_04499	contig_5	2674165	2674719	+	GEGEGB_00560	1	persistent	2	0	0
ONMMKP_04500	contig_5	2674725	2675744	-	GEGEGB_00561	1	persistent	2	0	0
ONMMKP_04501	contig_5	2675997	2676440	+	GEGEGB_00562	1	persistent	2	0	0
ONMMKP_04502	contig_5	2676521	2676793	+	GEGEGB_00563	1	persistent	2	0	0
ONMMKP_04503	contig_5	2676814	2678205	+	LNHIMF_02479	1	persistent	2	0	0
ONMMKP_04504	contig_5	2678202	2679032	+	LNHIMF_02478	1	persistent	2	0	0
ONMMKP_04505	contig_5	2679025	2679978	+	GEGEGB_00566	1	persistent	2	0	0
ONMMKP_04506	contig_5	2680027	2681547	-	GEGEGB_00567	1	persistent	2	0	0
ONMMKP_04507	contig_5	2681765	2683909	-	LNHIMF_02475	1	persistent	2	0	0
ONMMKP_04508	contig_5	2683986	2685188	-	GEGEGB_00569	1	persistent	2	0	0
ONMMKP_04509	contig_5	2685528	2685983	+	LNHIMF_02473	1	persistent	2	0	0
ONMMKP_04510	contig_5	2686066	2686560	+	GEGEGB_00571	1	persistent	2	0	0
ONMMKP_04511	contig_5	2686571	2687230	+	GEGEGB_00572	1	persistent	2	0	0
ONMMKP_04512	contig_5	2687307	2689133	+	LNHIMF_02470	1	persistent	2	0	0
ONMMKP_04513	contig_5	2689224	2689823	-	LNHIMF_02469	1	persistent	2	0	0
ONMMKP_04514	contig_5	2689917	2691131	-	GEGEGB_00575	1	persistent	2	0	0
ONMMKP_04515	contig_5	2692064	2693002	+	LNHIMF_02467	1	persistent	2	0	0
ONMMKP_04516	contig_5	2693629	2694072	+	GEGEGB_00577	1	persistent	2	0	0
ONMMKP_04517	contig_5	2694088	2694750	+	GEGEGB_00578	1	persistent	2	0	0
ONMMKP_04518	contig_5	2694837	2696639	+	GEGEGB_00579	1	persistent	2	0	0
ONMMKP_04519	contig_5	2696642	2697142	+	GEGEGB_00580	1	persistent	2	0	0
ONMMKP_04520	contig_5	2697139	2698476	+	LNHIMF_02462	1	persistent	2	0	0
ONMMKP_04521	contig_5	2698507	2701233	+	LNHIMF_02461	1	persistent	2	0	0
ONMMKP_04522	contig_5	2701230	2702207	+	LNHIMF_02460	1	persistent	2	0	0
ONMMKP_04523	contig_5	2702222	2702764	+	GEGEGB_00584	1	persistent	2	0	0
ONMMKP_04524	contig_5	2702775	2703329	+	GEGEGB_00585	1	persistent	2	0	0
ONMMKP_04525	contig_5	2703326	2703628	+	GEGEGB_00586	1	persistent	2	0	0
ONMMKP_04526	contig_5	2703625	2705466	+	LNHIMF_02456	1	persistent	2	0	0
ONMMKP_04528	contig_5	2705780	2707309	+	LNHIMF_02455	1	persistent	2	0	0
ONMMKP_04529	contig_5	2707316	2708773	+	GEGEGB_00590	1	persistent	2	1	2
ONMMKP_04530	contig_5	2708912	2709916	-	LNHIMF_02453	1	persistent	2	1	0
ONMMKP_04531	contig_5	2709982	2710899	-	GEGEGB_00592	1	persistent	2	0	0
ONMMKP_04532	contig_5	2710960	2711421	+	GEGEGB_00593	1	persistent	2	0	0
ONMMKP_04533	contig_5	2711476	2711781	+	GEGEGB_00594	1	persistent	2	0	0
ONMMKP_04534	contig_5	2711882	2713177	+	LNHIMF_02449	1	persistent	2	0	0
ONMMKP_04535	contig_5	2713263	2714933	+	LNHIMF_02448	1	persistent	2	0	0
ONMMKP_04536	contig_5	2714930	2715688	+	LNHIMF_02447	1	persistent	2	0	0
ONMMKP_04537	contig_5	2715703	2716560	+	GEGEGB_00598	1	persistent	2	0	0
ONMMKP_04538	contig_5	2716560	2717522	+	LNHIMF_02445	1	persistent	2	0	0
ONMMKP_04539	contig_5	2717519	2718886	+	LNHIMF_02444	1	persistent	2	0	0
ONMMKP_04540	contig_5	2718984	2719241	+	LNHIMF_02443	1	persistent	2	0	0
ONMMKP_04541	contig_5	2719236	2719613	-	LNHIMF_02442	1	persistent	2	0	0
ONMMKP_04542	contig_5	2719613	2719948	-	ALJMDI_02045	1	persistent	2	0	0
ONMMKP_04543	contig_5	2719945	2721591	-	LNHIMF_02440	1	persistent	2	0	0
ONMMKP_04544	contig_5	2721588	2722487	-	LNHIMF_02439	1	persistent	2	0	0
ONMMKP_04545	contig_5	2722484	2724466	-	LNHIMF_02438	1	persistent	2	0	0
ONMMKP_04546	contig_5	2724463	2725446	-	GEGEGB_00607	1	persistent	2	0	0
ONMMKP_04547	contig_5	2725449	2726588	-	LNHIMF_02436	1	persistent	2	0	0
ONMMKP_04548	contig_5	2726887	2727492	+	LNHIMF_02435	1	persistent	2	0	0
ONMMKP_04549	contig_5	2727537	2727962	-	GEGEGB_00610	1	persistent	3	0	0
ONMMKP_04550	contig_5	2728217	2728783	+	GEGEGB_00611	1	persistent	2	0	0
ONMMKP_04551	contig_5	2728898	2730094	+	GEGEGB_00612	2	persistent	4	0	0
ONMMKP_04552	contig_5	2730344	2731126	+	LNHIMF_02431	1	persistent	2	0	0
ONMMKP_04553	contig_5	2731140	2732345	+	GEGEGB_00614	1	persistent	2	0	0
ONMMKP_04554	contig_5	2732401	2733690	+	GEGEGB_00615	1	persistent	2	0	0
ONMMKP_04555	contig_5	2733716	2734519	+	LNHIMF_02428	1	persistent	2	0	0
ONMMKP_04556	contig_5	2734525	2734701	+	GEGEGB_00612	2	persistent	4	0	0
ONMMKP_04557	contig_5	2734811	2735833	-	BEJGEH_02312	1	persistent	2	0	0
ONMMKP_04559	contig_5	2736259	2737449	-	LNHIMF_02424	1	persistent	2	0	0
ONMMKP_04560	contig_5	2737446	2738705	-	LNHIMF_02423	1	persistent	2	0	0
ONMMKP_04561	contig_5	2738695	2740323	-	LNHIMF_02422	1	persistent	2	0	0
ONMMKP_04562	contig_5	2740596	2741954	+	LNHIMF_02421	1	persistent	2	0	0
ONMMKP_04563	contig_5	2741959	2743029	+	LNHIMF_02420	1	persistent	2	0	0
ONMMKP_04564	contig_5	2743145	2744023	-	LNHIMF_02419	1	persistent	2	0	0
ONMMKP_04565	contig_5	2744158	2745375	+	BEJGEH_02304	1	persistent	2	0	0
ONMMKP_04566	contig_5	2745377	2745631	-	GEGEGB_00627	1	persistent	2	0	0
ONMMKP_04567	contig_5	2745631	2746761	-	GEGEGB_00628	1	persistent	2	0	0
ONMMKP_04568	contig_5	2746874	2749159	-	LNHIMF_02414	1	persistent	2	0	0
ONMMKP_04569	contig_5	2749515	2750243	-	LNHIMF_02413	1	persistent	2	0	0
ONMMKP_04570	contig_5	2750326	2751210	-	GEGEGB_00631	1	persistent	2	0	0
ONMMKP_04571	contig_5	2751260	2752585	+	LNHIMF_02410	1	persistent	2	0	0
ONMMKP_04572	contig_5	2752600	2753802	+	LNHIMF_02409	1	persistent	2	0	0
ONMMKP_04573	contig_5	2754212	2756848	+	LNHIMF_02408	1	persistent	2	0	1
ONMMKP_04574	contig_5	2756966	2759812	+	LNHIMF_02407	1	persistent	2	1	0
ONMMKP_04575	contig_5	2759915	2760565	-	GEGEGB_00640	1	persistent	2	0	0
ONMMKP_04576	contig_5	2760582	2763251	-	LNHIMF_02405	1	persistent	2	0	0
ONMMKP_04578	contig_5	2763980	2765116	+	GEGEGB_00643	1	persistent	2	0	0
ONMMKP_04579	contig_5	2765231	2766283	+	GEGEGB_00644	1	persistent	2	0	0
ONMMKP_04580	contig_5	2766367	2767425	+	LNHIMF_02401	1	persistent	2	0	0
ONMMKP_04581	contig_5	2767428	2768078	+	LNHIMF_02400	1	persistent	2	0	0
ONMMKP_04582	contig_5	2768154	2769797	+	LNHIMF_02399	1	persistent	2	0	0
ONMMKP_04583	contig_5	2770006	2770512	-	GEGEGB_00648	1	persistent	3	0	0
ONMMKP_04584	contig_5	2770671	2770802	-	GEGEGB_00649	1	persistent	2	0	0
ONMMKP_04585	contig_5	2770914	2771405	+	LNHIMF_02396	1	persistent	3	0	0
ONMMKP_04586	contig_5	2771395	2771658	+	GEGEGB_00651	1	persistent	2	0	0
ONMMKP_04587	contig_5	2771655	2774141	+	GEGEGB_00652	1	persistent	2	0	0
ONMMKP_04588	contig_5	2774148	2774843	+	GEGEGB_00653	1	persistent	2	0	0
ONMMKP_04589	contig_5	2774830	2775699	+	GEGEGB_00654	1	persistent	2	0	0
ONMMKP_04590	contig_5	2775815	2776264	+	GEGEGB_00655	1	persistent	2	0	0
ONMMKP_04591	contig_5	2776274	2776876	+	LNHIMF_02390	1	persistent	2	0	0
ONMMKP_04592	contig_5	2776897	2777514	+	GEGEGB_03907	2	persistent	3	0	0
ONMMKP_04593	contig_5	2777514	2778170	+	GEGEGB_00658	2	persistent	2	0	0
ONMMKP_04594	contig_5	2778213	2778959	+	GEGEGB_00659	2	persistent	2	0	0
ONMMKP_04595	contig_5	2778956	2779168	+	AJBGEP_02420	2	persistent	2	0	0
ONMMKP_04596	contig_5	2779165	2779644	+	HFCAGB_02510	2	persistent	2	0	0
ONMMKP_04597	contig_5	2779641	2781572	+	GEGEGB_00662	2	persistent	2	0	0
ONMMKP_04598	contig_5	2781569	2782126	+	GEGEGB_00663	2	persistent	2	0	1
ONMMKP_04599	contig_5	2782123	2783166	+	GEGEGB_00664	2	persistent	3	0	0
ONMMKP_04600	contig_5	2783210	2783857	-	GEGEGB_00665	1	persistent	3	0	1
ONMMKP_04601	contig_5	2784593	2785150	+	LNHIMF_02380	1	persistent	2	0	2
ONMMKP_04602	contig_5	2785342	2785719	-	IKCLMC_01756	1	persistent	3	1	0
ONMMKP_04604	contig_5	2785848	2786639	+	GEGEGB_00668	1	shell	1	1	0
ONMMKP_04605	contig_5	2787308	2789674	+	PKJKAM_03030	1	shell	0	2	2
ONMMKP_04606	contig_5	2789919	2789984	+	GEGEGB_00670	1	cloud	1	1	0
ONMMKP_04608	contig_5	2790445	2792205	-	GEGEGB_00672	1	persistent	2	0	4
ONMMKP_04609	contig_5	2792237	2792464	-	GEGEGB_00673	1	persistent	2	0	0
ONMMKP_04610	contig_5	2792644	2793651	+	GEGEGB_00674	1	persistent	3	0	0
ONMMKP_04611	contig_5	2793679	2794299	+	GEGEGB_00675	1	persistent	2	0	0
ONMMKP_04612	contig_5	2794408	2794692	-	GEGEGB_00676	1	persistent	3	0	0
ONMMKP_04613	contig_5	2794817	2796577	-	GEGEGB_00677	1	persistent	2	0	0
ONMMKP_04614	contig_5	2796729	2797424	+	GEGEGB_00678	1	persistent	2	0	0
ONMMKP_04615	contig_5	2797452	2798642	+	LNHIMF_02371	1	persistent	2	0	0
ONMMKP_04616	contig_5	2799033	2799377	+	GEGEGB_00680	1	persistent	2	0	0
ONMMKP_04617	contig_5	2799381	2800970	-	GEGEGB_00681	1	persistent	2	0	0
ONMMKP_04618	contig_5	2800972	2801997	-	GEGEGB_00682	1	persistent	2	0	0
ONMMKP_04619	contig_5	2801997	2803091	-	GEGEGB_00683	1	persistent	2	0	0
ONMMKP_04620	contig_5	2803101	2804906	-	GEGEGB_00684	1	persistent	2	0	0
ONMMKP_04621	contig_5	2805013	2806569	-	GEGEGB_00685	1	persistent	2	0	0
ONMMKP_04622	contig_5	2806895	2807467	-	GEGEGB_00686	1	persistent	2	0	0
ONMMKP_04623	contig_5	2807881	2808600	-	GEGEGB_00687	1	persistent	2	0	0
ONMMKP_04624	contig_5	2808630	2809616	-	GEGEGB_00688	1	persistent	2	0	0
ONMMKP_04625	contig_5	2809828	2810400	-	GEGEGB_00689	1	persistent	2	0	0
ONMMKP_04626	contig_5	2810724	2810978	+	GEGEGB_00690	1	persistent	2	0	0
ONMMKP_04627	contig_5	2811490	2812155	+	BEJGEH_02246	1	persistent	2	0	0
ONMMKP_04628	contig_5	2812219	2813400	-	GEGEGB_00692	1	persistent	2	0	0
ONMMKP_04630	contig_5	2813768	2814898	+	GEGEGB_00693	1	persistent	2	0	0
ONMMKP_04631	contig_5	2814898	2815836	+	GEGEGB_00694	1	persistent	2	0	1
ONMMKP_04632	contig_5	2815853	2817541	+	GEGEGB_00695	1	persistent	2	0	0
ONMMKP_04633	contig_5	2817606	2818463	-	GEGEGB_00696	1	persistent	2	0	0
ONMMKP_04634	contig_5	2818542	2819591	-	GEGEGB_00697	1	persistent	2	0	0
ONMMKP_04635	contig_5	2819712	2820575	+	GEGEGB_00698	1	persistent	2	0	1
ONMMKP_04636	contig_5	2820765	2822234	+	LNHIMF_02350	1	persistent	2	0	3
ONMMKP_04637	contig_5	2822269	2822382	+	GEGEGB_00700	1	cloud	2	0	1
ONMMKP_04638	contig_5	2822580	2823359	+	LNHIMF_02348	2	persistent	2	0	3
ONMMKP_04639	contig_5	2823414	2824571	+	LNHIMF_02348	2	persistent	2	0	3
ONMMKP_04640	contig_5	2824615	2825937	-	LNHIMF_02347	1	persistent	2	0	0
ONMMKP_04641	contig_5	2825970	2826857	-	GEGEGB_00704	1	persistent	2	0	0
ONMMKP_04642	contig_5	2827074	2828441	+	LNHIMF_02345	1	persistent	2	0	0
ONMMKP_04643	contig_5	2828446	2828835	+	GEGEGB_00706	1	persistent	2	0	0
ONMMKP_04644	contig_5	2828824	2829681	-	GEGEGB_00707	1	persistent	2	0	0
ONMMKP_04645	contig_5	2830011	2830679	+	GEGEGB_00708	1	persistent	2	0	0
ONMMKP_04646	contig_5	2830676	2831836	+	LNHIMF_02341	1	persistent	2	0	0
ONMMKP_04647	contig_5	2831986	2833008	+	LNHIMF_02340	1	persistent	2	0	0
ONMMKP_04648	contig_5	2833507	2834505	+	LNHIMF_02339	1	persistent	2	0	0
ONMMKP_04649	contig_5	2834639	2836159	+	LNHIMF_02338	1	persistent	2	0	0
ONMMKP_04650	contig_5	2836175	2837185	+	LNHIMF_02337	1	persistent	2	0	0
ONMMKP_04651	contig_5	2837260	2838495	-	BEJGEH_02222	1	persistent	2	0	0
ONMMKP_04652	contig_5	2838489	2839730	-	GEGEGB_00717	1	persistent	2	0	0
ONMMKP_04653	contig_5	2839935	2840174	-	GEGEGB_00718	1	persistent	2	0	0
ONMMKP_04654	contig_5	2840177	2840896	-	LNHIMF_02333	1	persistent	2	0	0
ONMMKP_04655	contig_5	2841073	2841957	-	GEGEGB_00720	1	persistent	2	0	0
ONMMKP_04656	contig_5	2842111	2842806	-	GEGEGB_00721	1	persistent	2	0	0
ONMMKP_04657	contig_5	2842803	2843201	-	GEGEGB_00722	1	persistent	2	0	0
ONMMKP_04658	contig_5	2843333	2844241	-	GEGEGB_00723	1	persistent	2	0	0
ONMMKP_04659	contig_5	2844367	2845725	+	GEGEGB_00724	1	persistent	2	0	0
ONMMKP_04660	contig_5	2845737	2846774	+	GEGEGB_00725	1	persistent	2	0	0
ONMMKP_04661	contig_5	2846790	2847491	+	GEGEGB_00726	1	persistent	2	0	0
ONMMKP_04662	contig_5	2847500	2848144	+	GEGEGB_00727	1	persistent	2	0	0
ONMMKP_04663	contig_5	2848159	2849352	+	GEGEGB_00728	1	persistent	2	0	0
ONMMKP_04664	contig_5	2849461	2850399	+	LNHIMF_02323	1	persistent	2	0	1
ONMMKP_04665	contig_5	2850457	2850540	-	GEGEGB_00730	1	persistent	2	0	0
ONMMKP_04666	contig_5	2850858	2852063	+	GEGEGB_00731	1	persistent	2	0	2
ONMMKP_04667	contig_5	2851912	2852316	-	ONMMKP_04667	1	cloud	2	0	0
ONMMKP_04668	contig_5	2852388	2853149	+	GEGEGB_00732	1	persistent	2	0	1
ONMMKP_04669	contig_5	2853197	2853766	-	GEGEGB_00733	1	persistent	2	0	0
ONMMKP_04670	contig_5	2853925	2854512	+	GEGEGB_00734	1	persistent	2	0	0
ONMMKP_04671	contig_5	2854717	2855625	+	GEGEGB_00735	1	persistent	2	0	0
ONMMKP_04672	contig_5	2855684	2857414	-	GEGEGB_00736	1	persistent	2	0	0
ONMMKP_04673	contig_5	2857681	2859978	+	LNHIMF_02315	1	persistent	2	0	0
ONMMKP_04674	contig_5	2860159	2861076	+	GEGEGB_00738	1	persistent	2	0	0
ONMMKP_04675	contig_5	2861080	2862249	+	LNHIMF_02313	1	persistent	2	0	0
ONMMKP_04676	contig_5	2862242	2863189	+	GEGEGB_00740	1	persistent	2	0	0
ONMMKP_04677	contig_5	2863173	2863904	+	GEGEGB_00741	1	persistent	2	0	0
ONMMKP_04678	contig_5	2863885	2863992	-	GEGEGB_00742	1	persistent	2	0	0
ONMMKP_04679	contig_5	2864052	2864783	-	LNHIMF_02309	1	persistent	2	0	0
ONMMKP_04680	contig_5	2865006	2866691	+	LNHIMF_02308	1	persistent	2	0	0
ONMMKP_04681	contig_5	2866688	2867407	+	LNHIMF_02307	1	persistent	2	0	0
ONMMKP_04682	contig_5	2867454	2867921	+	LNHIMF_02306	1	persistent	2	0	0
ONMMKP_04683	contig_5	2867978	2868508	-	GEGEGB_00747	1	persistent	2	0	0
ONMMKP_04684	contig_5	2868680	2869138	-	GEGEGB_00748	1	persistent	2	0	0
ONMMKP_04685	contig_5	2869379	2871412	-	LNHIMF_02303	1	persistent	2	0	0
ONMMKP_04686	contig_5	2871577	2872686	+	LNHIMF_02302	1	persistent	2	1	0
ONMMKP_04687	contig_5	2872964	2873245	+	GEGEGB_00751	1	persistent	1	1	1
ONMMKP_04688	contig_5	2873524	2874054	+	GEGEGB_00752	1	shell	2	1	0
ONMMKP_04689	contig_5	2874110	2874793	+	GEGEGB_00753	1	shell	0	2	0
ONMMKP_04690	contig_5	2874807	2877296	+	BEJGEH_02184	1	shell	0	2	0
ONMMKP_04691	contig_5	2877312	2878319	+	GEGEGB_00756	1	shell	1	1	0
ONMMKP_04692	contig_5	2878581	2878895	-	GEGEGB_00757	1	persistent	1	1	1
ONMMKP_04693	contig_5	2879305	2880102	+	GEGEGB_00758	1	persistent	2	0	0
ONMMKP_04694	contig_5	2880089	2880889	+	GEGEGB_00759	1	persistent	2	0	0
ONMMKP_04695	contig_5	2880925	2881671	+	GEGEGB_00760	1	persistent	2	0	0
ONMMKP_04696	contig_5	2881645	2882610	-	GEGEGB_00761	1	persistent	2	0	0
ONMMKP_04697	contig_5	2882607	2883611	-	GEGEGB_00762	1	persistent	2	0	0
ONMMKP_04698	contig_5	2883608	2884879	-	GEGEGB_00763	1	persistent	2	0	0
ONMMKP_04699	contig_5	2885133	2886185	+	GEGEGB_00764	1	persistent	2	0	0
ONMMKP_04700	contig_5	2886238	2887137	-	LNHIMF_02288	1	persistent	3	0	0
ONMMKP_04701	contig_5	2887699	2888034	+	LNHIMF_02287	1	persistent	2	0	0
ONMMKP_04702	contig_5	2888156	2888572	+	LNHIMF_02286	1	persistent	3	1	0
ONMMKP_04704	contig_5	2889213	2890574	-	GEGEGB_00769	1	persistent	2	1	1
ONMMKP_04705	contig_5	2890738	2891355	+	ONMMKP_04705	1	cloud	1	0	2
ONMMKP_04706	contig_5	2892010	2892429	+	ALJMDI_01894	1	cloud	0	0	6
ONMMKP_04707	contig_5	2892752	2893186	+	ONMMKP_04707	1	cloud	0	0	3
ONMMKP_04708	contig_5	2893887	2894042	+	ONMMKP_04708	1	cloud	0	0	2
ONMMKP_04709	contig_5	2894060	2894992	+	ONMMKP_04709	1	cloud	0	0	3
ONMMKP_04710	contig_5	2895040	2895768	+	ONMMKP_04710	1	cloud	1	0	5
ONMMKP_04711	contig_5	2895899	2896621	-	PAPNPA_04258	1	cloud	1	0	1
ONMMKP_04712	contig_5	2896623	2898734	-	LNHIMF_02283	1	persistent	2	0	2
ONMMKP_04713	contig_5	2898745	2899461	-	BEJGEH_02156	1	persistent	2	0	0
ONMMKP_04714	contig_5	2899461	2900663	-	AJBGEP_02298	1	persistent	2	0	1
ONMMKP_04715	contig_5	2900932	2901654	-	LNHIMF_02280	1	persistent	2	0	1
ONMMKP_04716	contig_5	2901651	2903054	-	LNHIMF_02279	1	persistent	2	0	0
ONMMKP_04717	contig_5	2903054	2904466	-	GEGEGB_00787	1	persistent	2	0	0
ONMMKP_04718	contig_5	2904463	2907543	-	LNHIMF_02277	1	persistent	2	0	0
ONMMKP_04719	contig_5	2907544	2910666	-	GEGEGB_00789	1	persistent	2	0	0
ONMMKP_04720	contig_5	2910666	2911907	-	LNHIMF_02275	1	persistent	2	0	0
ONMMKP_04721	contig_5	2912012	2912209	-	LNHIMF_02274	1	persistent	2	1	0
ONMMKP_04723	contig_5	2912190	2912249	+	GEGEGB_00793	1	shell	2	0	0
ONMMKP_04724	contig_5	2912348	2913700	-	LNHIMF_02272	1	persistent	2	1	1
ONMMKP_04725	contig_5	2913834	2914703	+	GEGEGB_00795	1	persistent	2	0	1
ONMMKP_04726	contig_5	2914671	2917661	-	LNHIMF_02270	1	persistent	2	0	0
ONMMKP_04727	contig_5	2917992	2918633	+	GEGEGB_00797	1	persistent	2	0	0
ONMMKP_04728	contig_5	2918724	2919305	+	GEGEGB_00798	1	persistent	2	0	0
ONMMKP_04729	contig_5	2919344	2921200	+	LNHIMF_02267	1	persistent	2	0	0
ONMMKP_04730	contig_5	2921286	2922866	-	GEGEGB_00800	1	persistent	2	0	0
ONMMKP_04731	contig_5	2923541	2924680	+	LNHIMF_02265	1	persistent	2	0	0
ONMMKP_04732	contig_5	2924686	2925135	+	LNHIMF_02264	1	persistent	2	0	0
ONMMKP_04733	contig_5	2925132	2927291	+	LNHIMF_02263	1	persistent	2	0	0
ONMMKP_04734	contig_5	2927309	2928220	+	GEGEGB_00804	1	persistent	2	0	0
ONMMKP_04735	contig_5	2928223	2928711	+	GEGEGB_00805	1	persistent	2	0	0
ONMMKP_04736	contig_5	2928708	2929925	+	GEGEGB_00806	1	persistent	2	0	0
ONMMKP_04737	contig_5	2929900	2931114	+	LNHIMF_02259	1	persistent	2	0	0
ONMMKP_04738	contig_5	2931127	2931873	+	GEGEGB_00809	1	persistent	2	0	0
ONMMKP_04739	contig_5	2931889	2932443	+	GEGEGB_00810	1	persistent	2	0	0
ONMMKP_04740	contig_5	2932467	2933588	+	LNHIMF_02256	1	persistent	2	0	0
ONMMKP_04741	contig_5	2933591	2934556	+	LNHIMF_02255	1	persistent	2	0	0
ONMMKP_04742	contig_5	2934559	2935032	+	LNHIMF_02254	1	persistent	2	0	0
ONMMKP_04743	contig_5	2935029	2936252	+	GEGEGB_00814	1	persistent	2	0	0
ONMMKP_04744	contig_5	2936255	2937691	+	GEGEGB_00815	1	persistent	2	0	0
ONMMKP_04745	contig_5	2937802	2939172	+	HFCAGB_02368	2	persistent	2	0	2
ONMMKP_04746	contig_5	2939226	2940620	+	LNHIMF_02250	1	persistent	2	0	0
ONMMKP_04747	contig_5	2940752	2942230	+	LNHIMF_02249	1	persistent	2	0	1
ONMMKP_04748	contig_5	2942252	2943532	+	LNHIMF_02248	1	persistent	2	0	1
ONMMKP_04749	contig_5	2943529	2944749	+	LNHIMF_02247	1	persistent	2	0	0
ONMMKP_04750	contig_5	2944760	2946163	+	LNHIMF_02246	1	persistent	2	0	0
ONMMKP_04751	contig_5	2946341	2947234	+	GEGEGB_00823	1	persistent	2	0	1
ONMMKP_04752	contig_5	2947619	2948698	+	ONMMKP_04752	1	cloud	1	0	1
ONMMKP_04753	contig_5	2948698	2949699	+	ONMMKP_04753	1	cloud	0	0	2
ONMMKP_04754	contig_5	2949683	2950690	+	ONMMKP_04754	1	cloud	0	0	2
ONMMKP_04755	contig_5	2950677	2951876	+	ONMMKP_04755	1	cloud	0	0	2
ONMMKP_04756	contig_5	2951873	2953291	+	ONMMKP_04756	1	cloud	1	0	1
ONMMKP_04757	contig_5	2953306	2954676	+	HFCAGB_02368	2	persistent	2	0	2
ONMMKP_04758	contig_5	2954962	2956488	+	ONMMKP_04758	1	cloud	2	0	0
ONMMKP_04759	contig_5	2956625	2958031	+	LNHIMF_02224	1	persistent	2	0	1
ONMMKP_04760	contig_5	2958267	2959433	+	LNHIMF_02223	1	persistent	2	0	0
ONMMKP_04761	contig_5	2959576	2960559	+	GEGEGB_00843	1	persistent	2	0	0
ONMMKP_04762	contig_5	2960654	2961265	-	LNHIMF_02221	1	persistent	2	0	0
ONMMKP_04763	contig_5	2961259	2962035	-	GEGEGB_00845	1	persistent	2	0	0
ONMMKP_04764	contig_5	2962017	2962754	-	GEGEGB_00846	1	persistent	2	0	0
ONMMKP_04765	contig_5	2962754	2963344	-	GEGEGB_00847	1	persistent	2	0	0
ONMMKP_04766	contig_5	2963344	2964411	-	LNHIMF_02217	1	persistent	2	0	0
ONMMKP_04767	contig_5	2964408	2965487	-	LNHIMF_02216	1	persistent	2	0	0
ONMMKP_04768	contig_5	2965484	2966788	-	LNHIMF_02215	1	persistent	2	0	0
ONMMKP_04769	contig_5	2966891	2967790	-	GEGEGB_00851	1	persistent	2	0	1
ONMMKP_04770	contig_5	2967937	2967987	-	LNHIMF_02213	1	persistent	2	0	0
ONMMKP_04771	contig_5	2968150	2968974	+	GEGEGB_00853	1	persistent	2	0	1
ONMMKP_04772	contig_5	2969020	2969934	+	GEGEGB_00854	1	persistent	2	0	0
ONMMKP_04774	contig_5	2970168	2970230	+	GEGEGB_00856	1	persistent	2	0	0
ONMMKP_04775	contig_5	2970220	2971578	+	GEGEGB_00857	1	persistent	2	0	0
ONMMKP_04776	contig_5	2971714	2973144	-	GEGEGB_00858	1	persistent	2	0	1
ONMMKP_04777	contig_5	2973511	2975214	-	HFCAGB_02326	1	persistent	2	0	1
ONMMKP_04779	contig_5	2976479	2978755	+	LNHIMF_02146	1	persistent	2	0	0
ONMMKP_04780	contig_5	2978770	2979348	+	GEGEGB_00863	1	persistent	2	0	0
ONMMKP_04781	contig_5	2979345	2980109	+	GEGEGB_00864	1	persistent	2	0	0
ONMMKP_04782	contig_5	2980239	2981405	+	LNHIMF_02143	1	persistent	2	0	0
ONMMKP_04783	contig_5	2981556	2982023	+	GEGEGB_00867	1	persistent	2	0	0
ONMMKP_04784	contig_5	2982142	2983200	+	LNHIMF_02141	1	persistent	2	0	0
ONMMKP_04785	contig_5	2983445	2983780	+	GEGEGB_00869	1	persistent	2	0	0
ONMMKP_04786	contig_5	2983814	2984716	-	LNHIMF_02139	1	persistent	2	0	0
ONMMKP_04787	contig_5	2984774	2985988	-	LNHIMF_02138	1	persistent	2	0	0
ONMMKP_04788	contig_5	2985973	2986425	-	LNHIMF_02137	1	persistent	2	0	0
ONMMKP_04789	contig_5	2986430	2986780	-	GEGEGB_00873	1	persistent	2	0	0
ONMMKP_04790	contig_5	2986780	2987334	-	LNHIMF_02135	1	persistent	2	0	0
ONMMKP_04791	contig_5	2987337	2988692	-	BEJGEH_02071	1	persistent	2	0	0
ONMMKP_04792	contig_5	2988689	2989801	-	GEGEGB_00876	1	persistent	2	0	0
ONMMKP_04793	contig_5	2989813	2991207	-	LNHIMF_02132	1	persistent	2	0	0
ONMMKP_04794	contig_5	2991204	2992214	-	GEGEGB_00878	1	persistent	3	0	0
ONMMKP_04795	contig_5	2992224	2992499	-	LNHIMF_02130	1	persistent	2	0	0
ONMMKP_04796	contig_5	2992503	2992994	-	LNHIMF_02129	1	persistent	3	0	0
ONMMKP_04797	contig_5	2992991	2993623	-	LNHIMF_02128	1	persistent	2	0	0
ONMMKP_04798	contig_5	2993623	2994084	-	GEGEGB_00881	1	persistent	2	0	0
ONMMKP_04799	contig_5	2994109	2994384	-	GEGEGB_00882	2	persistent	4	0	0
ONMMKP_04800	contig_5	2994404	2994754	-	GEGEGB_00883	1	persistent	2	0	0
ONMMKP_04801	contig_5	2994744	2996576	-	LNHIMF_02124	1	persistent	2	0	0
ONMMKP_04802	contig_5	2996592	2997113	-	LNHIMF_02123	1	persistent	2	0	0
ONMMKP_04803	contig_5	2997128	2997802	-	LNHIMF_02122	1	persistent	2	0	0
ONMMKP_04804	contig_5	2997813	2999477	-	GEGEGB_00887	1	persistent	2	0	0
ONMMKP_04805	contig_5	2999496	3000308	-	GEGEGB_00888	1	persistent	2	0	0
ONMMKP_04806	contig_5	3000305	3000589	-	GEGEGB_00882	2	persistent	4	0	0
ONMMKP_04807	contig_5	3001114	3001908	+	LNHIMF_02118	1	persistent	2	0	0
ONMMKP_04809	contig_5	3002125	3003036	+	LNHIMF_02116	1	persistent	2	0	1
ONMMKP_04810	contig_5	3003033	3003122	+	ONMMKP_04810	1	cloud	2	0	0
ONMMKP_04811	contig_5	3003634	3005013	+	LNHIMF_02115	1	persistent	2	0	1
ONMMKP_04812	contig_5	3005010	3005969	+	LNHIMF_02114	1	persistent	2	0	1
ONMMKP_04813	contig_5	3005980	3006612	+	LNHIMF_02113	1	persistent	2	0	0
ONMMKP_04814	contig_5	3006612	3007751	+	LNHIMF_02112	1	persistent	2	0	1
ONMMKP_04815	contig_5	3007745	3008350	+	GEGEGB_00897	1	persistent	2	0	0
ONMMKP_04816	contig_5	3008340	3008918	+	LNHIMF_02110	1	persistent	2	0	0
ONMMKP_04817	contig_5	3008902	3009675	+	GEGEGB_00899	1	persistent	2	0	0
ONMMKP_04818	contig_5	3009656	3010711	+	GEGEGB_00900	1	persistent	2	0	0
ONMMKP_04819	contig_5	3010711	3011436	+	GEGEGB_00901	1	persistent	2	0	0
ONMMKP_04820	contig_5	3011433	3012224	+	LNHIMF_02106	1	persistent	2	0	1
ONMMKP_04821	contig_5	3012227	3013021	+	BEJGEH_02042	1	persistent	2	0	1
ONMMKP_04822	contig_5	3013018	3013731	+	GEGEGB_00905	1	persistent	2	0	0
ONMMKP_04823	contig_5	3013728	3014465	+	LNHIMF_02103	1	persistent	2	0	0
ONMMKP_04824	contig_5	3014467	3014760	+	LNHIMF_02102	1	persistent	2	0	0
ONMMKP_04825	contig_5	3014747	3015424	+	GEGEGB_00909	1	persistent	2	0	0
ONMMKP_04826	contig_5	3015433	3016248	+	LNHIMF_02100	1	persistent	2	0	0
ONMMKP_04827	contig_5	3016245	3017765	+	GEGEGB_00911	1	persistent	2	0	0
ONMMKP_04828	contig_5	3017762	3018307	+	LNHIMF_02098	1	persistent	2	0	0
ONMMKP_04829	contig_5	3018304	3019047	+	LNHIMF_02097	1	persistent	2	0	0
ONMMKP_04830	contig_5	3019074	3020144	+	LNHIMF_02096	1	persistent	2	0	0
ONMMKP_04831	contig_5	3020222	3021151	+	LNHIMF_02095	1	persistent	2	0	2
ONMMKP_04833	contig_5	3021645	3023069	+	GEGEGB_00917	1	persistent	3	0	3
ONMMKP_04835	contig_5	3024162	3024488	+	LNHIMF_02081	1	persistent	2	0	1
ONMMKP_04836	contig_5	3024684	3026138	+	GEGEGB_00920	1	persistent	2	3	1
ONMMKP_04837	contig_5	3026281	3026403	+	BEJGEH_00669	2	shell	2	1	0
ONMMKP_04838	contig_5	3026425	3027384	-	AJBGEP_00682	2	shell	0	2	0
