gene	contig	start	stop	strand	family	nb_copy_in_genome	partition	persistent_neighbors	shell_neighbors	cloud_neighbors
OEKLIE_00001	contig_3	465	650	+	GEGEGB_02873	1	persistent	2	0	0
OEKLIE_00002	contig_4	112	738	-	GEGEGB_03684	1	persistent	2	0	0
OEKLIE_00003	contig_6	1	696	+	LNHIMF_04473	3	persistent	2	0	0
OEKLIE_00004	contig_7	430	741	-	GEGEGB_02025	3	shell	0	2	0
OEKLIE_00005	contig_8	490	768	-	LNHIMF_02780	2	persistent	2	0	0
OEKLIE_00006	contig_9	444	716	+	BEJGEH_01396	2	persistent	2	0	0
OEKLIE_00007	contig_10	143	736	-	LNHIMF_04473	3	persistent	2	0	0
OEKLIE_00009	contig_11	308	826	-	GEGEGB_02315	1	persistent	2	2	0
OEKLIE_00010	contig_12	317	535	+	HFCAGB_04865	3	cloud	0	0	3
OEKLIE_00011	contig_12	537	842	+	HFCAGB_04864	2	cloud	0	0	2
OEKLIE_00012	contig_13	287	895	-	GEGEGB_03044	2	persistent	2	0	0
OEKLIE_00013	contig_15	23	496	+	LNHIMF_03878	2	persistent	2	0	0
OEKLIE_00014	contig_15	469	894	-	GEGEGB_03900	2	persistent	2	0	0
OEKLIE_00015	contig_19	306	509	+	OEKLIE_00015	1	cloud	0	0	0
OEKLIE_00016	contig_20	263	739	+	LNHIMF_02203	3	shell	0	1	3
OEKLIE_00017	contig_20	782	1021	+	GEGEGB_02035	3	shell	0	2	3
OEKLIE_00018	contig_21	9	344	+	GEGEGB_00662	4	persistent	2	0	0
OEKLIE_00019	contig_21	341	898	+	GEGEGB_00663	4	persistent	2	0	1
OEKLIE_00020	contig_21	895	1107	+	OEKLIE_00020	1	cloud	1	0	0
OEKLIE_00021	contig_22	9	809	+	GEGEGB_00060	5	persistent	2	0	1
OEKLIE_00022	contig_23	82	639	+	OEKLIE_00022	1	cloud	0	0	0
OEKLIE_00023	contig_24	106	1215	+	OEKLIE_00023	1	cloud	0	0	2
OEKLIE_00024	contig_25	180	647	+	GEGEGB_04296	1	persistent	1	1	0
OEKLIE_00025	contig_25	644	1120	-	LNHIMF_03496	1	persistent	2	0	0
OEKLIE_00026	contig_25	1193	1387	-	GEGEGB_04294	1	persistent	1	1	0
OEKLIE_00027	contig_26	17	1060	-	GEGEGB_00664	3	persistent	3	0	0
OEKLIE_00028	contig_26	1057	1614	-	GEGEGB_00663	4	persistent	2	0	1
OEKLIE_00029	contig_27	261	755	+	OEKLIE_00029	1	cloud	1	0	1
OEKLIE_00030	contig_27	771	1481	+	OEKLIE_00030	1	cloud	0	0	3
OEKLIE_00032	contig_28	246	1658	+	GEGEGB_01324	1	persistent	2	0	0
OEKLIE_00033	contig_29	89	907	-	OEKLIE_00033	1	cloud	0	0	2
OEKLIE_00034	contig_29	904	1128	-	HFCAGB_02212	1	cloud	0	0	4
OEKLIE_00035	contig_29	1125	2282	-	OEKLIE_00035	1	cloud	0	0	2
OEKLIE_00038	contig_30	196	1842	+	LNHIMF_03895	1	persistent	2	0	0
OEKLIE_00039	contig_31	345	1205	-	OEKLIE_00039	1	cloud	0	1	1
OEKLIE_00040	contig_31	1222	1611	-	HFCAGB_02208	1	cloud	0	0	7
OEKLIE_00041	contig_31	1608	2501	-	OEKLIE_00041	1	cloud	0	0	2
OEKLIE_00042	contig_32	773	1477	-	GEGEGB_03666	1	persistent	2	0	0
OEKLIE_00043	contig_32	1481	1909	-	GEGEGB_03667	1	persistent	2	0	0
OEKLIE_00044	contig_32	2067	2612	-	GEGEGB_03668	1	persistent	1	1	0
OEKLIE_00045	contig_32	2614	2997	-	GEGEGB_03669	1	shell	1	1	0
OEKLIE_00046	contig_33	80	556	+	LNHIMF_00889	1	persistent	2	0	1
OEKLIE_00047	contig_33	591	1115	+	GEGEGB_02243	1	persistent	2	0	0
OEKLIE_00048	contig_33	1125	1913	+	GEGEGB_02242	1	persistent	2	0	0
OEKLIE_00051	contig_34	649	2208	+	LNHIMF_01900	1	persistent	2	0	0
OEKLIE_00052	contig_34	2230	3228	-	LNHIMF_01899	1	persistent	2	0	0
OEKLIE_00053	contig_35	386	1312	+	GEGEGB_03675	1	persistent	1	1	0
OEKLIE_00054	contig_35	1347	2309	-	GEGEGB_03676	1	persistent	2	0	0
OEKLIE_00055	contig_35	2306	3334	-	LNHIMF_04186	1	persistent	2	0	0
OEKLIE_00056	contig_36	40	765	-	GEGEGB_03877	1	persistent	2	0	0
OEKLIE_00057	contig_36	780	1553	-	GEGEGB_03876	1	persistent	2	0	0
OEKLIE_00058	contig_36	1640	2530	-	LNHIMF_03905	1	persistent	2	0	0
OEKLIE_00059	contig_36	2530	3489	-	GEGEGB_03874	1	persistent	2	0	0
OEKLIE_00060	contig_37	125	3988	+	GEGEGB_03662	1	persistent	2	0	0
OEKLIE_00061	contig_38	196	414	-	HFCAGB_04865	3	cloud	0	0	3
OEKLIE_00062	contig_38	1123	1611	+	OEKLIE_00062	1	cloud	0	0	2
OEKLIE_00063	contig_38	2885	3874	+	OEKLIE_00063	1	cloud	0	0	2
OEKLIE_00064	contig_39	20	436	+	GEGEGB_03907	3	persistent	3	0	0
OEKLIE_00065	contig_39	436	1092	+	GEGEGB_00658	3	persistent	2	0	0
OEKLIE_00066	contig_39	1135	1881	+	GEGEGB_00659	3	persistent	2	0	0
OEKLIE_00067	contig_39	1917	2090	+	AJBGEP_02420	3	persistent	2	0	0
OEKLIE_00068	contig_39	2087	2566	+	HFCAGB_02510	3	persistent	2	0	0
OEKLIE_00069	contig_39	2563	4494	+	GEGEGB_00662	4	persistent	2	0	0
OEKLIE_00070	contig_40	277	903	-	LNHIMF_03346	1	persistent	2	0	0
OEKLIE_00071	contig_40	991	1323	+	GEGEGB_03388	1	persistent	2	0	0
OEKLIE_00072	contig_40	1479	1955	-	GEGEGB_03389	1	persistent	2	0	0
OEKLIE_00073	contig_40	2009	2110	-	GEGEGB_03390	1	persistent	2	0	0
OEKLIE_00074	contig_40	2203	3636	+	GEGEGB_03391	1	persistent	2	0	0
OEKLIE_00075	contig_40	3768	4802	-	GEGEGB_03392	1	persistent	2	0	0
OEKLIE_00076	contig_41	19	2007	-	LNHIMF_04048	2	persistent	2	0	0
OEKLIE_00077	contig_41	2395	3303	+	GEGEGB_03824	1	persistent	2	0	0
OEKLIE_00078	contig_41	3316	3939	-	LNHIMF_04046	1	persistent	2	0	0
OEKLIE_00079	contig_41	3956	4942	-	GEGEGB_03826	1	persistent	2	0	0
OEKLIE_00080	contig_41	5019	5288	-	GEGEGB_03827	1	persistent	2	0	0
OEKLIE_00081	contig_41	5358	5942	+	LNHIMF_04043	1	persistent	2	0	0
OEKLIE_00082	contig_41	5924	6454	+	GEGEGB_03829	1	persistent	3	0	0
OEKLIE_00083	contig_42	151	702	+	GEGEGB_02088	1	persistent	2	0	0
OEKLIE_00084	contig_42	703	2424	+	LNHIMF_01045	1	persistent	2	0	0
OEKLIE_00085	contig_42	2469	3173	+	GEGEGB_02090	1	persistent	2	0	0
OEKLIE_00086	contig_42	3485	3703	+	GEGEGB_02091	1	persistent	2	0	0
OEKLIE_00087	contig_42	3794	4705	-	GEGEGB_02092	1	persistent	2	0	0
OEKLIE_00088	contig_42	4814	5674	+	LNHIMF_01041	1	persistent	2	0	0
OEKLIE_00089	contig_42	5694	6371	+	GEGEGB_03971	2	persistent	5	2	3
OEKLIE_00091	contig_43	64	1797	-	OEKLIE_00091	1	cloud	0	0	2
OEKLIE_00092	contig_43	1794	2288	-	HFCAGB_02198	1	cloud	0	0	2
OEKLIE_00093	contig_43	2414	2764	-	OEKLIE_00093	1	cloud	0	0	4
OEKLIE_00094	contig_43	2825	3127	-	OEKLIE_00094	1	cloud	0	0	2
OEKLIE_00095	contig_43	3347	3766	-	OEKLIE_00095	1	cloud	0	0	2
OEKLIE_00096	contig_43	3979	4464	-	BENMGJ_01252	2	cloud	0	2	3
OEKLIE_00097	contig_43	4461	5075	-	LNHIMF_04297	1	cloud	0	1	5
OEKLIE_00098	contig_43	5078	5416	-	LNHIMF_00667	1	cloud	0	0	3
OEKLIE_00099	contig_43	5948	6205	-	OEKLIE_00099	1	cloud	0	0	2
OEKLIE_00100	contig_43	6338	6961	-	OEKLIE_00100	1	cloud	0	1	1
OEKLIE_00101	contig_43	6972	7133	-	AJBGEP_02407	2	shell	0	1	5
OEKLIE_00102	contig_44	133	828	+	OEKLIE_00102	1	cloud	0	0	3
OEKLIE_00103	contig_44	1481	2014	+	OEKLIE_00103	1	cloud	0	0	4
OEKLIE_00104	contig_44	2072	2899	+	OEKLIE_00104	1	cloud	0	0	3
OEKLIE_00105	contig_44	3036	3575	+	HFCAGB_02224	1	cloud	0	0	5
OEKLIE_00106	contig_44	3646	3876	+	OEKLIE_00106	1	cloud	0	0	2
OEKLIE_00107	contig_44	3873	4388	+	OEKLIE_00107	1	cloud	0	0	2
OEKLIE_00108	contig_44	4385	5002	+	OEKLIE_00108	1	cloud	0	0	2
OEKLIE_00109	contig_44	4999	5832	+	OEKLIE_00109	1	cloud	0	0	2
OEKLIE_00110	contig_44	5836	6405	+	OEKLIE_00110	1	cloud	0	0	3
OEKLIE_00111	contig_44	6445	6672	+	HFCAGB_02229	1	cloud	0	0	2
OEKLIE_00112	contig_44	6809	7663	+	OEKLIE_00112	1	cloud	0	1	2
OEKLIE_00114	contig_44	8174	8488	-	OEKLIE_00114	1	cloud	1	0	1
OEKLIE_00115	contig_45	100	1062	+	OEKLIE_00115	1	cloud	0	0	2
OEKLIE_00116	contig_45	1062	1997	+	OEKLIE_00116	1	cloud	1	0	2
OEKLIE_00117	contig_45	2799	3986	+	LNHIMF_03897	1	persistent	2	0	4
OEKLIE_00118	contig_45	3955	4914	+	LNHIMF_03898	1	persistent	2	0	0
OEKLIE_00119	contig_45	5072	5827	+	GEGEGB_03881	1	persistent	2	0	0
OEKLIE_00120	contig_45	5845	6411	+	HFCAGB_04099	1	persistent	2	0	1
OEKLIE_00121	contig_45	6456	7793	-	LNHIMF_03901	1	persistent	2	0	2
OEKLIE_00122	contig_45	7962	8627	+	LNHIMF_03902	1	persistent	2	0	1
OEKLIE_00123	contig_46	64	342	+	HFCAGB_02262	1	shell	0	3	4
OEKLIE_00125	contig_46	818	1516	+	AJBGEP_02166	1	shell	0	2	2
OEKLIE_00126	contig_46	1859	4027	+	HFCAGB_02266	1	shell	0	2	2
OEKLIE_00127	contig_46	4084	5814	+	HFCAGB_02267	1	shell	0	2	0
OEKLIE_00128	contig_46	6024	6197	+	BEJGEH_02009	1	shell	1	2	0
OEKLIE_00129	contig_46	6719	8173	-	GEGEGB_00920	1	persistent	2	3	1
OEKLIE_00130	contig_46	8369	8695	-	LNHIMF_02081	1	persistent	2	0	1
OEKLIE_00131	contig_47	388	861	+	AJBGEP_01023	2	shell	0	3	4
OEKLIE_00133	contig_47	1076	1264	-	AJBGEP_02803	1	cloud	0	1	1
OEKLIE_00136	contig_47	1771	2334	-	AJBGEP_02806	1	cloud	0	1	1
OEKLIE_00140	contig_47	2607	3284	-	AJBGEP_02810	1	shell	0	2	3
OEKLIE_00141	contig_47	3281	3421	-	LNHIMF_02186	1	shell	0	2	2
OEKLIE_00142	contig_47	3418	4029	-	GEGEGB_02013	2	shell	0	3	0
OEKLIE_00143	contig_47	4032	4238	-	GEGEGB_02014	2	shell	0	2	1
OEKLIE_00144	contig_47	4238	4840	-	GEGEGB_02015	2	shell	0	2	2
OEKLIE_00145	contig_47	5240	5473	-	GEGEGB_02016	2	shell	0	2	9
OEKLIE_00146	contig_47	5743	6735	+	ALJMDI_01560	1	cloud	0	1	2
OEKLIE_00147	contig_47	6762	7280	-	OEKLIE_00147	1	cloud	0	1	1
OEKLIE_00148	contig_47	7277	7594	-	GEGEGB_02023	2	shell	0	1	4
OEKLIE_00149	contig_47	7635	8384	-	GEGEGB_02024	2	shell	0	2	0
OEKLIE_00150	contig_47	8387	9469	-	GEGEGB_02025	3	shell	0	2	0
OEKLIE_00151	contig_47	9560	9880	-	GEGEGB_02026	2	shell	0	1	10
OEKLIE_00152	contig_47	9894	10136	-	OEKLIE_00152	1	cloud	0	1	1
OEKLIE_00153	contig_47	10209	10622	+	OEKLIE_00153	1	cloud	0	0	2
OEKLIE_00154	contig_48	18	140	-	OEKLIE_00154	1	cloud	1	0	0
OEKLIE_00155	contig_48	313	1536	+	LNHIMF_03772	1	persistent	2	0	1
OEKLIE_00156	contig_48	1514	1972	+	GEGEGB_04006	1	persistent	2	0	0
OEKLIE_00157	contig_48	2080	2676	+	LNHIMF_03774	1	persistent	2	0	0
OEKLIE_00158	contig_48	2754	3395	-	LNHIMF_03775	1	persistent	2	0	0
OEKLIE_00159	contig_48	3474	4190	-	GEGEGB_04003	1	persistent	2	0	0
OEKLIE_00160	contig_48	4316	5179	+	GEGEGB_04002	1	persistent	2	0	1
OEKLIE_00161	contig_48	5229	6131	-	GEGEGB_04001	1	persistent	2	0	1
OEKLIE_00162	contig_48	6205	7086	+	ODDLKH_04192	1	persistent	2	0	0
OEKLIE_00163	contig_48	7337	7954	+	LNHIMF_03790	1	persistent	2	0	0
OEKLIE_00164	contig_48	7951	9636	-	LNHIMF_03791	1	persistent	2	0	0
OEKLIE_00165	contig_48	9893	10516	+	GEGEGB_03996	1	persistent	2	0	0
OEKLIE_00166	contig_48	10571	10846	+	GEGEGB_03995	1	persistent	2	0	0
OEKLIE_00167	contig_49	20	1060	-	LNHIMF_03907	1	persistent	2	0	1
OEKLIE_00168	contig_49	1129	1230	+	BEJGEH_03909	1	cloud	2	0	0
OEKLIE_00169	contig_49	1227	2600	-	LNHIMF_03908	1	persistent	2	0	1
OEKLIE_00170	contig_49	2649	3467	-	GEGEGB_03871	1	persistent	2	0	0
OEKLIE_00171	contig_49	3529	5319	+	GEGEGB_03870	1	persistent	2	0	1
OEKLIE_00172	contig_49	5470	7299	-	LNHIMF_03911	1	persistent	2	0	1
OEKLIE_00173	contig_49	7488	8858	-	GEGEGB_03863	1	persistent	2	0	0
OEKLIE_00175	contig_49	9178	9876	-	LNHIMF_03914	1	persistent	2	0	0
OEKLIE_00176	contig_49	10106	10525	-	GEGEGB_03860	1	persistent	2	0	0
OEKLIE_00177	contig_49	10546	10971	-	GEGEGB_03859	1	persistent	2	0	0
OEKLIE_00178	contig_50	125	679	+	GEGEGB_04339	1	persistent	3	0	0
OEKLIE_00179	contig_50	655	912	-	LNHIMF_03453	1	persistent	2	0	0
OEKLIE_00180	contig_50	909	1730	-	LNHIMF_03454	1	persistent	2	0	0
OEKLIE_00181	contig_50	1732	2304	-	LNHIMF_03455	1	persistent	2	0	0
OEKLIE_00182	contig_50	2309	2851	-	LNHIMF_03456	1	persistent	2	0	0
OEKLIE_00183	contig_50	2878	3351	-	GEGEGB_04334	1	persistent	2	0	0
OEKLIE_00184	contig_50	3323	4447	-	LNHIMF_03458	1	persistent	2	0	0
OEKLIE_00185	contig_50	4579	5088	+	GEGEGB_04332	1	persistent	2	0	0
OEKLIE_00186	contig_50	5104	6051	+	GEGEGB_04331	1	persistent	2	0	0
OEKLIE_00187	contig_50	6103	7392	+	LNHIMF_03461	1	persistent	2	0	0
OEKLIE_00188	contig_50	7414	8790	+	GEGEGB_04329	1	persistent	2	0	0
OEKLIE_00189	contig_50	8932	9345	+	GEGEGB_04328	1	persistent	2	0	0
OEKLIE_00190	contig_50	9281	9550	-	GEGEGB_04327	1	persistent	2	0	0
OEKLIE_00191	contig_50	9608	10033	-	LNHIMF_03465	1	persistent	2	0	0
OEKLIE_00192	contig_50	10044	10412	-	LNHIMF_03466	1	persistent	2	0	0
OEKLIE_00193	contig_50	10520	10903	-	GEGEGB_04324	1	persistent	2	0	0
OEKLIE_00194	contig_50	10944	11210	-	GEGEGB_04323	1	persistent	1	1	0
OEKLIE_00195	contig_51	107	292	+	BENMGJ_00374	1	cloud	1	0	0
OEKLIE_00196	contig_51	371	568	-	GEGEGB_04660	1	persistent	2	0	1
OEKLIE_00197	contig_51	647	1651	-	GEGEGB_04659	1	persistent	2	0	0
OEKLIE_00199	contig_51	2205	2912	-	LNHIMF_04459	1	persistent	2	0	0
OEKLIE_00200	contig_51	3127	4407	-	LNHIMF_04458	1	persistent	2	0	0
OEKLIE_00201	contig_51	4479	4787	-	GEGEGB_04656	1	persistent	2	0	0
OEKLIE_00202	contig_51	4870	5820	-	LNHIMF_04456	1	persistent	2	0	0
OEKLIE_00203	contig_51	5813	7669	-	GEGEGB_04654	1	persistent	2	0	0
OEKLIE_00204	contig_51	7679	8998	-	GEGEGB_04653	1	persistent	2	0	0
OEKLIE_00205	contig_51	9015	9476	-	GEGEGB_04652	1	persistent	2	0	0
OEKLIE_00206	contig_51	9448	10992	-	LNHIMF_04452	1	persistent	2	0	0
OEKLIE_00207	contig_51	10994	12133	+	LNHIMF_04451	1	persistent	2	0	0
OEKLIE_00208	contig_52	405	506	+	OEKLIE_00208	1	cloud	0	0	1
OEKLIE_00209	contig_52	1284	1772	-	HFCAGB_04842	1	cloud	0	0	3
OEKLIE_00210	contig_52	2031	3146	+	HFCAGB_04841	1	cloud	0	0	2
OEKLIE_00211	contig_52	3139	3648	+	HFCAGB_04840	1	cloud	0	0	2
OEKLIE_00212	contig_52	3832	4167	+	HFCAGB_04839	1	cloud	0	0	2
OEKLIE_00213	contig_52	4224	4790	+	HFCAGB_04838	1	cloud	0	0	2
OEKLIE_00214	contig_52	4822	5763	-	AJBGEP_04874	1	cloud	0	0	3
OEKLIE_00215	contig_52	5904	6044	+	OEKLIE_00215	1	cloud	0	0	2
OEKLIE_00216	contig_52	6178	7383	+	OEKLIE_00216	1	cloud	0	0	2
OEKLIE_00217	contig_52	7383	8357	+	OEKLIE_00217	1	cloud	0	0	2
OEKLIE_00218	contig_52	8439	9713	-	AJBGEP_04878	1	cloud	0	0	6
OEKLIE_00219	contig_52	9713	10135	-	GEGEGB_04585	1	cloud	1	0	3
OEKLIE_00220	contig_52	10646	11116	+	OEKLIE_00220	1	cloud	0	0	2
OEKLIE_00221	contig_52	11109	11465	+	OEKLIE_00221	1	cloud	0	0	2
OEKLIE_00222	contig_52	11847	12527	+	OEKLIE_00222	1	cloud	0	0	2
OEKLIE_00223	contig_52	12527	12748	+	OEKLIE_00223	1	cloud	0	0	2
OEKLIE_00224	contig_52	12804	13217	+	OEKLIE_00224	1	cloud	0	0	2
OEKLIE_00225	contig_52	13289	14053	+	OEKLIE_00225	1	cloud	0	0	2
OEKLIE_00226	contig_53	361	750	+	OEKLIE_00226	1	cloud	1	0	0
OEKLIE_00227	contig_53	2420	3928	+	GEGEGB_01902	1	persistent	2	0	1
OEKLIE_00228	contig_53	4546	4842	+	LNHIMF_01157	1	persistent	2	0	0
OEKLIE_00229	contig_53	4821	5609	+	GEGEGB_01899	1	persistent	2	0	2
OEKLIE_00231	contig_53	5715	6596	-	GEGEGB_01898	1	persistent	2	0	0
OEKLIE_00233	contig_53	6881	8377	-	HFCAGB_01177	1	persistent	2	0	1
OEKLIE_00234	contig_53	8714	9394	-	GEGEGB_01894	1	persistent	2	0	1
OEKLIE_00235	contig_53	9912	11060	+	GEGEGB_01893	1	persistent	2	0	0
OEKLIE_00236	contig_53	11106	11798	+	LNHIMF_01165	1	persistent	2	0	0
OEKLIE_00237	contig_53	12081	13361	+	LNHIMF_01166	1	persistent	2	0	0
OEKLIE_00238	contig_53	13375	14478	+	GEGEGB_01890	1	persistent	2	0	1
OEKLIE_00239	contig_54	33	680	+	LNHIMF_04048	2	persistent	2	0	0
OEKLIE_00241	contig_54	847	894	+	GEGEGB_03822	1	persistent	2	0	0
OEKLIE_00242	contig_54	1015	1647	-	GEGEGB_03820	1	persistent	2	0	0
OEKLIE_00243	contig_54	1914	2111	+	GEGEGB_03819	1	persistent	2	0	0
OEKLIE_00245	contig_54	2230	2745	+	GEGEGB_03817	1	persistent	2	0	0
OEKLIE_00246	contig_54	2934	4307	+	GEGEGB_03816	1	persistent	2	0	0
OEKLIE_00247	contig_54	4397	4507	-	GEGEGB_03815	1	persistent	2	0	0
OEKLIE_00248	contig_54	4620	6029	-	GEGEGB_03814	1	persistent	2	0	0
OEKLIE_00249	contig_54	6038	7087	-	GEGEGB_03813	1	persistent	2	0	0
OEKLIE_00250	contig_54	7362	8771	-	GEGEGB_03812	1	persistent	2	0	0
OEKLIE_00252	contig_54	9147	10970	+	LNHIMF_04061	1	persistent	2	0	1
OEKLIE_00253	contig_54	11025	11759	-	GEGEGB_03809	1	persistent	2	0	0
OEKLIE_00254	contig_54	11744	12622	-	LNHIMF_04063	1	persistent	2	0	0
OEKLIE_00255	contig_54	12619	13860	-	BEJGEH_04070	1	persistent	2	0	0
OEKLIE_00256	contig_54	13862	14737	-	LNHIMF_04065	1	persistent	2	0	0
OEKLIE_00257	contig_54	14730	15716	-	AJBGEP_04224	1	persistent	2	0	0
OEKLIE_00259	contig_55	413	1216	+	LNHIMF_00267	1	persistent	3	0	0
OEKLIE_00260	contig_55	1237	2151	-	LNHIMF_00268	1	persistent	2	0	0
OEKLIE_00261	contig_55	2256	3431	+	LNHIMF_00269	1	persistent	2	0	0
OEKLIE_00262	contig_55	3563	4363	+	LNHIMF_00270	1	persistent	2	0	0
OEKLIE_00263	contig_55	4441	5211	+	LNHIMF_00271	1	persistent	2	0	0
OEKLIE_00264	contig_55	5267	6487	-	GEGEGB_02743	1	persistent	2	0	0
OEKLIE_00265	contig_55	6706	7461	-	LNHIMF_00273	1	persistent	2	0	0
OEKLIE_00266	contig_55	7496	8218	+	LNHIMF_00274	1	persistent	2	0	0
OEKLIE_00267	contig_55	8215	8682	-	GEGEGB_02740	1	persistent	2	0	0
OEKLIE_00268	contig_55	8737	9477	+	GEGEGB_02739	1	persistent	2	0	2
OEKLIE_00270	contig_55	10009	11064	-	HFCAGB_00281	1	persistent	1	1	1
OEKLIE_00271	contig_55	11075	12070	-	AJBGEP_00282	1	shell	1	1	0
OEKLIE_00272	contig_55	12067	13950	-	LNHIMF_00280	1	shell	0	2	0
OEKLIE_00273	contig_55	13966	14460	-	GEGEGB_02733	1	shell	0	2	0
OEKLIE_00274	contig_55	14457	15281	-	LNHIMF_00282	1	shell	0	2	0
OEKLIE_00275	contig_55	15268	16170	-	GEGEGB_02731	1	shell	0	3	1
OEKLIE_00276	contig_55	16538	17608	+	IKCLMC_02021	2	shell	0	2	1
OEKLIE_00277	contig_56	249	467	+	HFCAGB_04865	3	cloud	0	0	3
OEKLIE_00278	contig_56	469	774	+	HFCAGB_04864	2	cloud	0	0	2
OEKLIE_00279	contig_56	776	1066	+	HFCAGB_04863	1	cloud	0	0	2
OEKLIE_00280	contig_56	1063	1584	+	HFCAGB_04862	1	cloud	0	0	2
OEKLIE_00281	contig_56	1619	2401	+	HFCAGB_04861	1	cloud	0	0	3
OEKLIE_00282	contig_56	2410	2961	+	OEKLIE_00282	1	cloud	0	0	2
OEKLIE_00283	contig_56	3148	3636	+	HFCAGB_04859	1	cloud	0	0	4
OEKLIE_00284	contig_56	3630	4115	+	OEKLIE_00284	1	cloud	0	0	2
OEKLIE_00285	contig_56	4392	4679	-	OEKLIE_00285	1	cloud	0	0	2
OEKLIE_00286	contig_56	4835	5395	+	HFCAGB_04858	1	cloud	0	0	3
OEKLIE_00287	contig_56	5462	5812	-	OEKLIE_00287	1	cloud	0	0	3
OEKLIE_00288	contig_56	6051	6293	+	OEKLIE_00288	1	cloud	0	0	2
OEKLIE_00289	contig_56	6420	7070	-	HFCAGB_04855	1	cloud	0	0	3
OEKLIE_00290	contig_56	7331	8056	-	HFCAGB_04854	1	cloud	0	0	2
OEKLIE_00291	contig_56	8337	10112	-	OEKLIE_00291	1	cloud	0	0	2
OEKLIE_00292	contig_56	10143	10355	+	HFCAGB_04852	1	cloud	0	0	2
OEKLIE_00293	contig_56	10294	11061	-	OEKLIE_00293	1	cloud	0	0	2
OEKLIE_00294	contig_56	11235	11399	-	HFCAGB_04850	1	cloud	0	0	2
OEKLIE_00295	contig_56	11573	12466	-	OEKLIE_00295	1	cloud	0	0	2
OEKLIE_00296	contig_56	12736	12867	+	HFCAGB_04848	1	cloud	0	0	2
OEKLIE_00297	contig_56	13075	14112	+	OEKLIE_00297	1	cloud	0	0	2
OEKLIE_00298	contig_56	14301	15269	-	HFCAGB_04846	1	cloud	0	0	2
OEKLIE_00299	contig_56	15259	16923	-	HFCAGB_04845	1	cloud	0	0	2
OEKLIE_00300	contig_56	16907	17467	-	OEKLIE_00300	1	cloud	0	0	2
OEKLIE_00301	contig_56	17674	18096	-	AJBGEP_04868	1	cloud	0	0	2
OEKLIE_00302	contig_57	95	1306	+	GEGEGB_01342	1	persistent	2	0	0
OEKLIE_00303	contig_57	1314	1556	+	GEGEGB_01343	1	persistent	2	0	0
OEKLIE_00304	contig_57	1823	2146	+	GEGEGB_01344	1	persistent	2	0	0
OEKLIE_00305	contig_57	2153	2743	+	GEGEGB_01345	1	persistent	2	0	0
OEKLIE_00306	contig_57	2740	3213	+	LNHIMF_01450	1	persistent	2	0	0
OEKLIE_00307	contig_57	3216	4670	+	LNHIMF_01451	1	persistent	2	0	0
OEKLIE_00308	contig_57	4686	5273	+	GEGEGB_01348	1	persistent	2	0	0
OEKLIE_00309	contig_57	5276	5692	+	GEGEGB_01349	1	persistent	2	0	0
OEKLIE_00310	contig_57	5750	6178	+	LNHIMF_01454	1	persistent	2	0	0
OEKLIE_00311	contig_57	6194	6976	+	HFCAGB_01878	1	persistent	2	0	0
OEKLIE_00312	contig_57	6973	7662	+	LNHIMF_01456	1	persistent	2	0	0
OEKLIE_00313	contig_57	7756	7971	+	GEGEGB_01353	1	persistent	2	0	0
OEKLIE_00314	contig_57	7949	8239	+	GEGEGB_01354	1	persistent	2	0	0
OEKLIE_00315	contig_57	8236	8499	+	LNHIMF_01459	1	persistent	2	0	0
OEKLIE_00316	contig_57	8496	9245	+	BEJGEH_01677	1	persistent	2	0	0
OEKLIE_00317	contig_57	9560	9811	+	GEGEGB_01357	1	persistent	2	0	0
OEKLIE_00318	contig_57	9808	10482	+	GEGEGB_01358	1	persistent	2	0	0
OEKLIE_00319	contig_57	10472	11464	+	LNHIMF_01463	1	persistent	2	0	0
OEKLIE_00320	contig_57	11522	11890	+	LNHIMF_01464	1	persistent	2	0	0
OEKLIE_00321	contig_57	11875	13920	+	LNHIMF_01465	1	persistent	2	0	1
OEKLIE_00322	contig_57	13910	15211	+	GEGEGB_01362	1	persistent	2	0	1
OEKLIE_00323	contig_57	15160	15591	+	LNHIMF_01467	1	persistent	2	0	0
OEKLIE_00324	contig_57	15572	15946	+	GEGEGB_01364	1	persistent	2	0	0
OEKLIE_00325	contig_57	15927	16895	+	LNHIMF_01469	1	persistent	2	0	0
OEKLIE_00326	contig_57	16963	17610	+	LNHIMF_01470	1	persistent	2	0	0
OEKLIE_00327	contig_57	17607	17873	+	GEGEGB_01367	1	persistent	2	0	0
OEKLIE_00328	contig_57	17874	18653	+	GEGEGB_01368	1	persistent	2	0	0
OEKLIE_00329	contig_57	18650	19708	+	GEGEGB_01369	1	persistent	2	0	0
OEKLIE_00331	contig_58	172	1515	-	LNHIMF_01430	1	persistent	2	0	1
OEKLIE_00332	contig_58	1537	2430	-	BEJGEH_01706	1	persistent	2	0	0
OEKLIE_00333	contig_58	2489	3226	-	LNHIMF_01432	1	persistent	2	0	1
OEKLIE_00334	contig_58	3238	3834	-	BEJGEH_01704	2	persistent	2	0	0
OEKLIE_00335	contig_58	3809	4465	-	BEJGEH_01704	2	persistent	2	0	0
OEKLIE_00336	contig_58	4788	7850	-	GEGEGB_01330	1	persistent	2	0	0
OEKLIE_00337	contig_58	7843	8865	-	LNHIMF_01435	1	persistent	2	0	0
OEKLIE_00338	contig_58	8866	9600	-	GEGEGB_01332	1	persistent	2	0	0
OEKLIE_00339	contig_58	9782	11560	+	GEGEGB_01333	1	persistent	2	0	0
OEKLIE_00340	contig_58	11535	12155	+	GEGEGB_01334	1	persistent	2	0	0
OEKLIE_00341	contig_58	12253	12465	+	GEGEGB_01335	1	persistent	2	0	0
OEKLIE_00342	contig_58	12561	13520	-	GEGEGB_01336	1	persistent	2	0	0
OEKLIE_00343	contig_58	13693	14421	-	GEGEGB_01337	1	persistent	2	0	0
OEKLIE_00344	contig_58	14600	15238	-	GEGEGB_01338	1	persistent	2	0	0
OEKLIE_00345	contig_58	15269	18031	-	LNHIMF_01443	1	persistent	2	0	0
OEKLIE_00346	contig_58	18450	18833	+	GEGEGB_01340	1	persistent	2	0	0
OEKLIE_00347	contig_59	312	737	+	LNHIMF_04463	1	persistent	2	0	0
OEKLIE_00348	contig_59	775	3213	+	GEGEGB_04663	1	persistent	2	0	0
OEKLIE_00349	contig_59	3304	4035	+	LNHIMF_04465	1	persistent	2	0	0
OEKLIE_00350	contig_59	4167	4571	+	LNHIMF_04466	1	persistent	2	0	0
OEKLIE_00351	contig_59	4586	5284	+	BEJGEH_04447	1	persistent	2	0	1
OEKLIE_00352	contig_59	5284	6354	+	AJBGEP_04583	1	persistent	2	0	0
OEKLIE_00353	contig_59	6351	7010	+	GEGEGB_04668	1	persistent	2	0	1
OEKLIE_00354	contig_59	7028	7426	+	GEGEGB_04669	1	persistent	2	0	0
OEKLIE_00355	contig_59	7436	8074	+	BEJGEH_04451	1	persistent	2	0	0
OEKLIE_00356	contig_59	8077	9240	+	GEGEGB_04671	1	persistent	2	0	0
OEKLIE_00357	contig_59	9325	10947	+	LNHIMF_04473	3	persistent	2	0	0
OEKLIE_00358	contig_59	10992	11267	-	GEGEGB_04673	1	persistent	2	0	0
OEKLIE_00359	contig_59	11398	11700	-	LNHIMF_04475	1	persistent	2	0	0
OEKLIE_00360	contig_59	11911	12660	+	GEGEGB_04675	1	persistent	2	0	0
OEKLIE_00361	contig_59	12657	13412	-	GEGEGB_04676	1	persistent	2	0	0
OEKLIE_00362	contig_59	13517	14581	-	GEGEGB_04677	1	persistent	2	0	0
OEKLIE_00363	contig_59	14944	16341	+	LNHIMF_04479	1	persistent	2	0	1
OEKLIE_00364	contig_59	16357	16662	+	BEJGEH_04460	1	persistent	2	0	0
OEKLIE_00365	contig_59	16672	17136	+	LNHIMF_04481	1	persistent	2	0	1
OEKLIE_00366	contig_59	17150	17800	+	LNHIMF_04482	1	persistent	2	0	0
OEKLIE_00367	contig_59	17810	18664	+	LNHIMF_04483	1	persistent	2	0	0
OEKLIE_00368	contig_59	18664	19350	+	PAPNPA_02919	1	persistent	2	0	1
OEKLIE_00369	contig_59	19479	19754	-	AJBGEP_04600	1	persistent	2	0	0
OEKLIE_00370	contig_60	11	3121	+	GEGEGB_03661	1	persistent	2	1	1
OEKLIE_00371	contig_60	3208	3486	+	LNHIMF_04203	1	persistent	1	2	1
OEKLIE_00372	contig_60	3790	3927	-	GEGEGB_03659	1	shell	2	2	1
OEKLIE_00373	contig_60	4235	5245	+	BEJGEH_04217	1	shell	1	2	1
OEKLIE_00374	contig_60	5907	7040	-	LNHIMF_04205	1	persistent	1	2	2
OEKLIE_00375	contig_60	7037	7807	-	LNHIMF_04206	1	persistent	3	0	0
OEKLIE_00376	contig_60	7809	7982	-	ODDLKH_00019	1	persistent	2	0	0
OEKLIE_00377	contig_60	7990	8748	-	LNHIMF_04208	1	persistent	3	0	0
OEKLIE_00378	contig_60	8741	9376	-	LNHIMF_04209	1	persistent	2	0	0
OEKLIE_00379	contig_60	9376	11271	-	LNHIMF_04210	1	persistent	2	0	0
OEKLIE_00380	contig_60	11635	12123	-	LNHIMF_04211	1	persistent	2	0	0
OEKLIE_00381	contig_60	12216	12989	+	LNHIMF_04212	1	persistent	2	0	0
OEKLIE_00382	contig_60	13030	14094	+	GEGEGB_03650	1	persistent	2	0	0
OEKLIE_00383	contig_60	14104	14775	+	GEGEGB_03649	1	persistent	2	0	0
OEKLIE_00384	contig_60	14817	15407	+	GEGEGB_03648	1	persistent	2	0	0
OEKLIE_00385	contig_60	15594	15746	+	GEGEGB_03647	1	persistent	2	0	0
OEKLIE_00386	contig_60	15874	16566	+	GEGEGB_03646	1	persistent	2	0	0
OEKLIE_00387	contig_60	16608	17063	-	GEGEGB_03645	1	persistent	2	0	0
OEKLIE_00388	contig_60	17128	18714	+	BEJGEH_04232	1	persistent	2	0	0
OEKLIE_00389	contig_60	18720	20045	+	LNHIMF_04220	1	persistent	2	0	0
OEKLIE_00390	contig_60	20042	21331	-	GEGEGB_03642	1	persistent	2	0	0
OEKLIE_00391	contig_60	21343	22932	-	BEJGEH_04235	1	persistent	3	0	0
OEKLIE_00392	contig_61	399	683	+	GEGEGB_02062	1	persistent	2	1	0
OEKLIE_00393	contig_61	913	3177	+	ALJMDI_01283	1	persistent	2	1	0
OEKLIE_00394	contig_61	3214	4962	+	GEGEGB_02060	1	persistent	2	0	0
OEKLIE_00395	contig_61	4959	5936	+	GEGEGB_02059	1	persistent	2	0	0
OEKLIE_00396	contig_61	5980	7212	+	HFCAGB_01031	1	persistent	2	0	0
OEKLIE_00397	contig_61	7264	7446	+	GEGEGB_02056	1	persistent	2	0	0
OEKLIE_00398	contig_61	7443	8189	+	GEGEGB_02055	1	persistent	2	0	0
OEKLIE_00399	contig_61	8400	9293	+	LNHIMF_01078	1	persistent	2	0	0
OEKLIE_00400	contig_61	9273	10049	-	GEGEGB_02053	1	persistent	2	0	0
OEKLIE_00401	contig_61	10185	10988	+	GEGEGB_02052	1	persistent	2	0	0
OEKLIE_00402	contig_61	10981	12303	+	GEGEGB_02051	1	persistent	2	0	0
OEKLIE_00403	contig_61	12284	12988	+	GEGEGB_02050	1	persistent	2	0	0
OEKLIE_00404	contig_61	12988	17454	+	GEGEGB_02049	1	persistent	2	0	0
OEKLIE_00405	contig_61	17799	19640	+	LNHIMF_01084	1	persistent	2	0	0
OEKLIE_00406	contig_61	19900	20448	+	GEGEGB_02047	1	persistent	2	0	0
OEKLIE_00407	contig_61	20476	21123	+	LNHIMF_01086	1	persistent	2	0	0
OEKLIE_00408	contig_61	21185	22375	-	GEGEGB_02045	1	persistent	2	0	0
OEKLIE_00409	contig_61	22560	23651	-	GEGEGB_02044	1	persistent	2	0	1
OEKLIE_00410	contig_62	278	637	+	PKJKAM_00679	1	cloud	1	0	0
OEKLIE_00411	contig_62	1228	1737	-	GEGEGB_01960	1	persistent	2	0	2
OEKLIE_00412	contig_62	1954	2559	+	LNHIMF_01105	1	persistent	2	0	1
OEKLIE_00413	contig_62	2546	4699	-	GEGEGB_01957	1	persistent	2	0	0
OEKLIE_00414	contig_62	4718	5164	-	GEGEGB_01956	1	persistent	2	0	0
OEKLIE_00415	contig_62	5288	7342	+	BEJGEH_00979	1	persistent	2	0	0
OEKLIE_00416	contig_62	7378	7836	-	GEGEGB_01954	1	persistent	2	0	0
OEKLIE_00417	contig_62	7931	8593	-	GEGEGB_01953	1	persistent	2	0	0
OEKLIE_00418	contig_62	8767	9180	+	GEGEGB_01952	1	persistent	2	0	0
OEKLIE_00419	contig_62	9225	9542	-	GEGEGB_01951	1	persistent	2	0	0
OEKLIE_00420	contig_62	9600	10811	-	LNHIMF_01113	1	persistent	2	0	1
OEKLIE_00421	contig_62	11026	11574	+	BEJGEH_00985	1	persistent	2	0	0
OEKLIE_00422	contig_62	11591	12379	+	LNHIMF_01115	1	persistent	2	1	2
OEKLIE_00423	contig_62	12428	12709	+	GEGEGB_01943	1	persistent	2	0	0
OEKLIE_00424	contig_62	12706	13035	-	GEGEGB_01942	1	persistent	2	0	0
OEKLIE_00425	contig_62	13122	13781	-	GEGEGB_01941	1	persistent	2	1	2
OEKLIE_00427	contig_62	14369	15388	-	OEKLIE_00427	1	cloud	1	0	1
OEKLIE_00428	contig_62	15389	15613	-	OEKLIE_00428	1	cloud	0	0	2
OEKLIE_00429	contig_62	15826	16008	-	OEKLIE_00429	1	cloud	0	0	2
OEKLIE_00430	contig_62	16011	16565	-	OEKLIE_00430	1	cloud	0	0	2
OEKLIE_00431	contig_62	16562	18835	-	OEKLIE_00431	1	cloud	0	0	2
OEKLIE_00432	contig_62	18865	19110	-	OEKLIE_00432	1	cloud	0	0	2
OEKLIE_00433	contig_62	19118	19441	-	OEKLIE_00433	1	cloud	0	0	2
OEKLIE_00434	contig_62	19721	20002	+	OEKLIE_00434	1	cloud	0	0	2
OEKLIE_00435	contig_62	20126	20590	-	OEKLIE_00435	1	cloud	0	0	2
OEKLIE_00436	contig_62	20858	21433	+	OEKLIE_00436	1	cloud	0	0	2
OEKLIE_00437	contig_62	21456	21680	+	OEKLIE_00437	1	cloud	0	0	2
OEKLIE_00438	contig_62	21683	22663	+	OEKLIE_00438	1	cloud	0	0	1
OEKLIE_00439	contig_63	52	294	+	BENMGJ_00003	1	cloud	1	0	0
OEKLIE_00440	contig_63	300	1163	-	LNHIMF_03917	1	persistent	2	0	2
OEKLIE_00441	contig_63	1214	2755	-	GEGEGB_03857	1	persistent	2	0	0
OEKLIE_00442	contig_63	2768	3301	-	GEGEGB_03856	1	persistent	2	0	1
OEKLIE_00443	contig_63	3316	3786	-	GEGEGB_03855	1	persistent	2	0	0
OEKLIE_00444	contig_63	3846	4085	-	GEGEGB_03854	1	persistent	2	0	0
OEKLIE_00445	contig_63	4132	4947	-	GEGEGB_03853	1	persistent	2	0	0
OEKLIE_00446	contig_63	4956	5336	-	LNHIMF_03923	1	persistent	2	0	1
OEKLIE_00447	contig_63	5952	6575	-	GEGEGB_03851	1	persistent	2	0	0
OEKLIE_00448	contig_63	6679	8568	-	LNHIMF_03925	1	persistent	2	0	0
OEKLIE_00449	contig_63	8947	9390	-	GEGEGB_03849	1	persistent	2	0	0
OEKLIE_00450	contig_63	9480	9938	-	GEGEGB_03848	1	persistent	2	0	0
OEKLIE_00451	contig_63	10089	11081	+	LNHIMF_03928	1	persistent	2	0	0
OEKLIE_00452	contig_63	11086	12537	-	LNHIMF_03929	1	persistent	2	0	0
OEKLIE_00453	contig_63	12531	14027	-	LNHIMF_03930	1	persistent	2	0	0
OEKLIE_00454	contig_63	14375	16243	+	LNHIMF_03931	1	persistent	2	0	0
OEKLIE_00455	contig_63	16440	16859	+	LNHIMF_03932	1	persistent	2	0	0
OEKLIE_00456	contig_63	16867	18372	+	HFCAGB_04133	1	persistent	2	0	0
OEKLIE_00457	contig_63	18378	19343	+	GEGEGB_03841	1	persistent	2	0	0
OEKLIE_00458	contig_63	19368	20258	+	GEGEGB_03840	1	persistent	2	0	0
OEKLIE_00459	contig_63	20392	21321	+	LNHIMF_03936	1	persistent	2	0	0
OEKLIE_00460	contig_63	21334	22323	+	GEGEGB_03838	1	persistent	2	0	0
OEKLIE_00461	contig_63	22289	23716	-	LNHIMF_03938	1	persistent	2	0	0
OEKLIE_00462	contig_63	23728	24432	-	GEGEGB_03835	1	persistent	3	0	0
OEKLIE_00463	contig_64	57	2627	+	OEKLIE_01718	2	cloud	0	1	3
OEKLIE_00464	contig_64	2638	3747	+	LNHIMF_02203	3	shell	0	1	3
OEKLIE_00465	contig_64	3790	4029	+	GEGEGB_02035	3	shell	0	2	3
OEKLIE_00466	contig_64	4070	4354	+	AJBGEP_02832	1	cloud	0	1	1
OEKLIE_00467	contig_64	4332	5561	-	AJBGEP_02833	1	cloud	0	0	2
OEKLIE_00469	contig_64	5760	5807	-	AJBGEP_02835	1	cloud	1	0	1
OEKLIE_00470	contig_64	6059	6538	-	GEGEGB_00296	1	persistent	2	0	1
OEKLIE_00471	contig_64	6535	7491	-	LNHIMF_02727	1	persistent	2	0	0
OEKLIE_00472	contig_64	7491	8141	-	LNHIMF_02728	1	persistent	2	0	0
OEKLIE_00473	contig_64	8173	8748	-	GEGEGB_00292	1	persistent	2	0	0
OEKLIE_00474	contig_64	9173	10795	+	LNHIMF_02730	1	persistent	2	0	0
OEKLIE_00475	contig_64	10780	11517	-	LNHIMF_02731	1	persistent	2	0	0
OEKLIE_00476	contig_64	11648	12982	+	LNHIMF_02732	1	persistent	2	0	1
OEKLIE_00477	contig_64	13000	13899	-	LNHIMF_02733	1	persistent	2	0	0
OEKLIE_00478	contig_64	14002	14589	+	GEGEGB_00287	1	persistent	2	0	1
OEKLIE_00479	contig_64	14651	15034	-	GEGEGB_00286	1	persistent	2	0	0
OEKLIE_00480	contig_64	15353	16042	+	GEGEGB_00285	1	persistent	2	0	0
OEKLIE_00481	contig_64	16158	17195	-	GEGEGB_00284	1	persistent	2	0	0
OEKLIE_00482	contig_64	17399	17818	+	LNHIMF_02738	1	persistent	2	0	0
OEKLIE_00483	contig_64	17891	18571	+	LNHIMF_02739	1	persistent	2	0	0
OEKLIE_00484	contig_64	18625	21285	+	LNHIMF_02740	1	persistent	2	0	1
OEKLIE_00485	contig_64	21375	21416	+	GEGEGB_00280	1	persistent	2	0	0
OEKLIE_00486	contig_64	21400	22755	+	GEGEGB_00279	1	persistent	2	0	1
OEKLIE_00487	contig_64	22800	23123	+	GEGEGB_00278	1	persistent	2	0	0
OEKLIE_00488	contig_64	23120	24421	-	LNHIMF_02744	1	persistent	2	0	0
OEKLIE_00489	contig_64	24525	24980	-	LNHIMF_02745	1	persistent	3	0	1
OEKLIE_00490	contig_65	54	488	+	OEKLIE_00490	1	cloud	0	0	2
OEKLIE_00491	contig_65	555	989	+	OEKLIE_00491	1	cloud	0	0	2
OEKLIE_00492	contig_65	1225	1548	+	OEKLIE_00492	1	cloud	0	0	2
OEKLIE_00493	contig_65	1512	1667	+	AJBGEP_04889	1	cloud	0	0	2
OEKLIE_00494	contig_65	2261	2779	+	OEKLIE_00494	1	cloud	0	0	2
OEKLIE_00495	contig_65	2834	3076	+	OEKLIE_00495	1	cloud	0	0	2
OEKLIE_00496	contig_65	3145	5142	+	OEKLIE_00496	1	cloud	0	0	2
OEKLIE_00497	contig_65	5185	5616	+	OEKLIE_00497	1	cloud	0	0	2
OEKLIE_00498	contig_65	5613	6350	+	OEKLIE_00498	1	cloud	0	0	2
OEKLIE_00499	contig_65	6599	6757	+	OEKLIE_00499	1	cloud	0	0	2
OEKLIE_00500	contig_65	6860	7129	+	OEKLIE_00500	1	cloud	0	0	2
OEKLIE_00501	contig_65	7176	7466	+	OEKLIE_00501	1	cloud	0	0	2
OEKLIE_00502	contig_65	7989	8459	-	OEKLIE_00502	1	cloud	0	0	2
OEKLIE_00503	contig_65	8874	9254	+	OEKLIE_00503	1	cloud	0	0	2
OEKLIE_00505	contig_65	9447	10133	+	OEKLIE_00505	1	cloud	0	0	2
OEKLIE_00506	contig_65	10227	10454	+	OEKLIE_00506	1	cloud	0	0	2
OEKLIE_00507	contig_65	10496	10858	+	OEKLIE_00507	1	cloud	0	0	2
OEKLIE_00508	contig_65	10873	11184	+	OEKLIE_00508	1	cloud	0	0	2
OEKLIE_00509	contig_65	11206	11772	+	OEKLIE_00509	1	cloud	0	0	2
OEKLIE_00510	contig_65	11759	12499	+	OEKLIE_00510	1	cloud	0	0	2
OEKLIE_00511	contig_65	12499	13920	+	OEKLIE_00511	1	cloud	0	0	2
OEKLIE_00512	contig_65	13910	14506	+	OEKLIE_00512	1	cloud	0	0	2
OEKLIE_00513	contig_65	14493	14729	+	OEKLIE_00513	1	cloud	0	0	2
OEKLIE_00514	contig_65	14726	15241	+	OEKLIE_00514	1	cloud	0	0	2
OEKLIE_00515	contig_65	15376	15597	+	OEKLIE_00515	1	cloud	0	0	2
OEKLIE_00516	contig_65	15590	16057	+	OEKLIE_00516	1	cloud	0	0	2
OEKLIE_00517	contig_65	16054	16173	+	OEKLIE_00517	1	cloud	0	0	2
OEKLIE_00518	contig_65	16174	16437	+	OEKLIE_00518	1	cloud	0	0	2
OEKLIE_00519	contig_65	16453	19101	+	OEKLIE_00519	1	cloud	0	0	2
OEKLIE_00520	contig_65	19076	19462	+	OEKLIE_00520	1	cloud	0	0	2
OEKLIE_00521	contig_65	19459	20091	+	OEKLIE_00521	1	cloud	0	0	2
OEKLIE_00522	contig_65	20088	21080	+	OEKLIE_00522	1	cloud	0	0	2
OEKLIE_00523	contig_65	21105	21407	+	OEKLIE_00523	1	cloud	0	0	2
OEKLIE_00524	contig_65	21392	22030	+	OEKLIE_00524	1	cloud	0	0	2
OEKLIE_00525	contig_65	22067	22486	+	OEKLIE_00525	1	cloud	0	0	2
OEKLIE_00526	contig_65	22483	24309	+	OEKLIE_00526	1	cloud	0	0	2
OEKLIE_00527	contig_65	24320	24535	+	OEKLIE_00527	1	cloud	0	0	2
OEKLIE_00528	contig_65	24547	25296	+	OEKLIE_00528	1	cloud	0	0	2
OEKLIE_00529	contig_65	25510	25803	+	OEKLIE_00529	1	cloud	0	0	2
OEKLIE_00530	contig_65	25790	26338	+	OEKLIE_00530	1	cloud	0	0	3
OEKLIE_00531	contig_65	26246	26596	-	OEKLIE_00531	1	cloud	0	0	2
OEKLIE_00532	contig_65	26603	27235	-	OEKLIE_00532	1	cloud	0	0	1
OEKLIE_00533	contig_66	201	941	+	LNHIMF_04448	1	persistent	2	0	0
OEKLIE_00534	contig_66	1003	1548	-	GEGEGB_04646	1	persistent	2	0	0
OEKLIE_00535	contig_66	1655	2707	+	GEGEGB_04645	1	persistent	2	0	0
OEKLIE_00536	contig_66	2799	3767	+	LNHIMF_04445	1	persistent	2	0	0
OEKLIE_00537	contig_66	3786	7112	+	GEGEGB_04643	1	persistent	2	2	0
OEKLIE_00538	contig_66	7179	7493	-	BEJGEH_04422	1	shell	2	0	0
OEKLIE_00539	contig_66	7545	9047	-	GEGEGB_04641	1	persistent	2	2	0
OEKLIE_00540	contig_66	9273	10250	-	LNHIMF_04442	1	persistent	2	0	0
OEKLIE_00541	contig_66	10573	12363	+	GEGEGB_04639	1	persistent	2	0	0
OEKLIE_00542	contig_66	12356	13090	+	GEGEGB_04638	1	persistent	2	0	0
OEKLIE_00543	contig_66	13101	13496	+	GEGEGB_04637	1	persistent	2	0	0
OEKLIE_00544	contig_66	13507	13866	+	GEGEGB_04636	1	persistent	2	0	0
OEKLIE_00545	contig_66	13978	14511	+	LNHIMF_04437	1	persistent	2	0	0
OEKLIE_00546	contig_66	14528	14845	-	GEGEGB_04634	1	persistent	2	0	0
OEKLIE_00547	contig_66	15102	15689	+	LNHIMF_04435	1	persistent	2	1	0
OEKLIE_00548	contig_66	15974	16147	-	GEGEGB_04632	1	shell	2	0	0
OEKLIE_00549	contig_66	16169	16735	-	GEGEGB_04631	1	persistent	2	1	0
OEKLIE_00550	contig_66	16776	17804	+	BEJGEH_04410	1	persistent	2	0	0
OEKLIE_00551	contig_66	18086	18943	+	LNHIMF_04432	1	persistent	2	0	0
OEKLIE_00552	contig_66	18991	19344	-	GEGEGB_04628	1	persistent	2	0	0
OEKLIE_00553	contig_66	19588	21234	-	GEGEGB_04627	1	persistent	2	0	0
OEKLIE_00554	contig_66	21278	21571	-	GEGEGB_04626	1	persistent	2	0	0
OEKLIE_00555	contig_66	21826	23088	+	LNHIMF_04428	1	persistent	2	0	0
OEKLIE_00556	contig_66	23147	23662	-	LNHIMF_04427	1	persistent	2	0	0
OEKLIE_00557	contig_66	23964	25400	+	GEGEGB_04623	1	persistent	2	0	0
OEKLIE_00558	contig_66	25515	26816	+	LNHIMF_04425	1	persistent	2	0	0
OEKLIE_00559	contig_66	26937	27284	+	GEGEGB_04621	1	persistent	2	0	0
OEKLIE_00560	contig_66	27260	28963	+	LNHIMF_04423	1	persistent	2	0	0
OEKLIE_00561	contig_67	31	1182	+	OEKLIE_00561	1	cloud	0	0	2
OEKLIE_00562	contig_67	1179	4001	+	OEKLIE_00562	1	cloud	0	0	2
OEKLIE_00564	contig_67	4023	4511	+	OEKLIE_00564	1	cloud	0	0	2
OEKLIE_00565	contig_67	4553	5278	+	OEKLIE_00565	1	cloud	0	0	2
OEKLIE_00566	contig_67	5655	7817	+	OEKLIE_00566	1	cloud	0	1	1
OEKLIE_00567	contig_67	7826	8224	-	HFCAGB_03258	2	shell	1	1	4
OEKLIE_00568	contig_67	8224	8451	-	OEKLIE_00568	1	cloud	0	1	1
OEKLIE_00569	contig_67	8533	13791	+	AJBGEP_04935	1	cloud	0	0	3
OEKLIE_00571	contig_67	13811	14551	+	OEKLIE_00571	1	cloud	0	0	2
OEKLIE_00572	contig_67	14606	15169	+	OEKLIE_00572	1	cloud	0	0	3
OEKLIE_00573	contig_67	15284	15568	+	OEKLIE_00573	1	cloud	0	0	2
OEKLIE_00574	contig_67	15575	15736	+	OEKLIE_00574	1	cloud	0	0	2
OEKLIE_00575	contig_67	15858	16031	+	OEKLIE_00575	1	cloud	0	0	2
OEKLIE_00576	contig_67	16165	16344	+	OEKLIE_00576	1	cloud	0	0	2
OEKLIE_00577	contig_67	16544	16789	+	OEKLIE_00577	1	cloud	0	0	3
OEKLIE_00579	contig_67	17039	17116	+	HFCAGB_04885	1	cloud	0	0	2
OEKLIE_00580	contig_67	17109	17978	+	OEKLIE_00580	1	cloud	0	0	3
OEKLIE_00581	contig_67	18880	19059	+	AJBGEP_04829	2	cloud	0	1	5
OEKLIE_00582	contig_67	19156	19914	-	OEKLIE_00582	1	cloud	0	0	2
OEKLIE_00583	contig_67	20181	20738	-	OEKLIE_00583	1	cloud	0	0	2
OEKLIE_00584	contig_67	20828	21727	-	AJBGEP_04829	2	cloud	0	1	5
OEKLIE_00585	contig_67	21724	21909	-	OEKLIE_00585	1	cloud	0	0	2
OEKLIE_00586	contig_67	21860	22513	-	AJBGEP_04831	1	cloud	0	0	3
OEKLIE_00587	contig_67	22758	23108	-	GEGEGB_04790	1	cloud	0	0	3
OEKLIE_00588	contig_67	23093	23305	-	HFCAGB_04717	1	cloud	0	0	3
OEKLIE_00589	contig_67	23613	23726	+	OEKLIE_00589	1	cloud	0	0	2
OEKLIE_00590	contig_67	23737	24612	-	OEKLIE_00590	1	cloud	0	0	2
OEKLIE_00591	contig_67	24865	25422	-	OEKLIE_00591	1	cloud	0	0	2
OEKLIE_00592	contig_67	25437	26129	-	OEKLIE_00592	1	cloud	0	0	2
OEKLIE_00593	contig_67	26122	28530	-	OEKLIE_00593	1	cloud	0	0	2
OEKLIE_00594	contig_67	28758	29276	-	OEKLIE_00594	1	cloud	0	0	2
OEKLIE_00595	contig_67	29551	29853	-	OEKLIE_00595	1	cloud	0	0	2
OEKLIE_00596	contig_67	30744	30953	+	OEKLIE_00596	1	cloud	0	0	2
OEKLIE_00597	contig_68	679	972	+	OEKLIE_00597	1	cloud	1	0	0
OEKLIE_00598	contig_68	1194	2162	-	GEGEGB_02087	1	persistent	2	0	1
OEKLIE_00599	contig_68	2708	3202	+	LNHIMF_01048	1	persistent	2	0	0
OEKLIE_00600	contig_68	3337	7422	+	ONMMKP_01187	1	persistent	2	0	0
OEKLIE_00601	contig_68	7565	8176	+	LNHIMF_01050	1	persistent	2	0	0
OEKLIE_00602	contig_68	8186	9529	+	GEGEGB_02083	1	persistent	2	0	0
OEKLIE_00603	contig_68	9788	11080	+	GEGEGB_02082	1	persistent	2	0	0
OEKLIE_00605	contig_68	11317	13761	+	LNHIMF_01054	1	persistent	2	0	0
OEKLIE_00606	contig_68	13772	14389	+	GEGEGB_01496	2	persistent	4	0	0
OEKLIE_00607	contig_68	14391	15254	+	GEGEGB_02078	1	persistent	2	0	0
OEKLIE_00608	contig_68	15604	16752	+	LNHIMF_01057	1	persistent	2	0	0
OEKLIE_00609	contig_68	16970	18391	+	GEGEGB_02076	1	persistent	2	0	0
OEKLIE_00610	contig_68	18684	19481	-	GEGEGB_02075	1	persistent	3	0	1
OEKLIE_00611	contig_68	19600	19767	-	HFCAGB_01016	1	persistent	2	0	1
OEKLIE_00612	contig_68	20057	21016	+	LNHIMF_01061	1	persistent	3	0	1
OEKLIE_00613	contig_68	21092	23374	-	GEGEGB_02071	1	persistent	2	0	1
OEKLIE_00614	contig_68	23434	24291	-	GEGEGB_02070	1	persistent	2	0	0
OEKLIE_00615	contig_68	24696	26531	-	LNHIMF_01064	1	persistent	2	0	0
OEKLIE_00616	contig_68	26593	27285	+	LNHIMF_01065	1	persistent	2	0	0
OEKLIE_00617	contig_68	27471	28559	+	GEGEGB_02067	1	persistent	2	0	0
OEKLIE_00618	contig_68	28630	29913	+	GEGEGB_02066	1	persistent	2	0	0
OEKLIE_00619	contig_68	30056	30817	+	BEJGEH_00936	1	persistent	2	0	0
OEKLIE_00620	contig_68	30990	31673	+	GEGEGB_02064	1	persistent	2	0	0
OEKLIE_00622	contig_69	1398	2927	-	LNHIMF_02455	1	persistent	2	0	0
OEKLIE_00624	contig_69	3241	5082	-	LNHIMF_02456	1	persistent	2	0	0
OEKLIE_00625	contig_69	5079	5381	-	GEGEGB_00586	1	persistent	2	0	0
OEKLIE_00626	contig_69	5378	5932	-	GEGEGB_00585	1	persistent	2	0	0
OEKLIE_00627	contig_69	5943	6485	-	GEGEGB_00584	1	persistent	2	0	0
OEKLIE_00628	contig_69	6500	7477	-	LNHIMF_02460	1	persistent	2	0	0
OEKLIE_00629	contig_69	7474	10200	-	LNHIMF_02461	1	persistent	2	0	0
OEKLIE_00630	contig_69	10231	11568	-	LNHIMF_02462	1	persistent	2	0	0
OEKLIE_00631	contig_69	11565	12065	-	GEGEGB_00580	1	persistent	2	0	0
OEKLIE_00632	contig_69	12068	13870	-	GEGEGB_00579	1	persistent	2	0	0
OEKLIE_00633	contig_69	13957	14619	-	GEGEGB_00578	1	persistent	2	0	0
OEKLIE_00634	contig_69	14635	15078	-	GEGEGB_00577	1	persistent	2	0	0
OEKLIE_00635	contig_69	15705	16643	-	LNHIMF_02467	1	persistent	2	0	0
OEKLIE_00636	contig_69	17575	18789	+	GEGEGB_00575	1	persistent	2	0	0
OEKLIE_00637	contig_69	18883	19482	+	LNHIMF_02469	1	persistent	2	0	0
OEKLIE_00638	contig_69	19574	21400	-	LNHIMF_02470	1	persistent	2	0	0
OEKLIE_00639	contig_69	21477	22136	-	GEGEGB_00572	1	persistent	2	0	0
OEKLIE_00640	contig_69	22147	22641	-	GEGEGB_00571	1	persistent	2	0	0
OEKLIE_00641	contig_69	22724	23179	-	LNHIMF_02473	1	persistent	2	0	0
OEKLIE_00642	contig_69	23519	24721	+	GEGEGB_00569	1	persistent	2	0	0
OEKLIE_00643	contig_69	24798	26942	+	LNHIMF_02475	1	persistent	2	0	0
OEKLIE_00644	contig_69	27160	28680	+	GEGEGB_00567	1	persistent	2	0	0
OEKLIE_00645	contig_69	28729	29682	-	GEGEGB_00566	1	persistent	2	0	0
OEKLIE_00646	contig_69	29675	30505	-	LNHIMF_02478	1	persistent	2	0	0
OEKLIE_00647	contig_69	30502	31893	-	LNHIMF_02479	1	persistent	2	0	0
OEKLIE_00648	contig_69	31914	32186	-	GEGEGB_00563	1	persistent	2	0	0
OEKLIE_00649	contig_69	32267	32521	-	GEGEGB_00562	1	persistent	2	0	0
OEKLIE_00650	contig_70	7	138	-	GEGEGB_01728	2	persistent	2	0	0
OEKLIE_00651	contig_70	146	1015	-	GEGEGB_01729	1	persistent	2	0	0
OEKLIE_00652	contig_70	1131	1193	+	GEGEGB_01730	1	persistent	2	0	0
OEKLIE_00653	contig_70	1288	2850	+	LNHIMF_01794	1	persistent	2	0	0
OEKLIE_00654	contig_70	2850	4445	+	GEGEGB_01732	1	persistent	2	0	0
OEKLIE_00655	contig_70	4449	5807	+	GEGEGB_01733	1	persistent	2	0	0
OEKLIE_00656	contig_70	5817	7010	+	GEGEGB_01734	1	persistent	2	0	0
OEKLIE_00657	contig_70	7010	7816	+	GEGEGB_01735	1	persistent	2	0	0
OEKLIE_00658	contig_70	8296	8478	+	GEGEGB_01513	3	persistent	6	0	0
OEKLIE_00659	contig_70	8568	9071	+	GEGEGB_01737	1	persistent	2	0	0
OEKLIE_00660	contig_70	9145	9651	+	GEGEGB_01738	1	persistent	2	0	0
OEKLIE_00661	contig_70	9671	10549	+	LNHIMF_01802	1	persistent	2	0	0
OEKLIE_00662	contig_70	10631	11269	-	GEGEGB_01740	1	persistent	3	0	0
OEKLIE_00663	contig_70	11607	12011	+	GEGEGB_01741	1	persistent	2	0	0
OEKLIE_00664	contig_70	12037	12780	+	GEGEGB_01742	1	persistent	3	0	0
OEKLIE_00665	contig_70	12837	13376	+	GEGEGB_01743	1	persistent	2	0	0
OEKLIE_00666	contig_70	13537	13938	+	GEGEGB_01744	1	persistent	2	0	0
OEKLIE_00667	contig_70	13998	14726	-	LNHIMF_01808	1	persistent	2	0	0
OEKLIE_00668	contig_70	14950	15246	+	GEGEGB_01746	1	persistent	2	0	0
OEKLIE_00669	contig_70	15290	15463	-	GEGEGB_01747	1	persistent	2	0	0
OEKLIE_00670	contig_70	15606	17066	+	GEGEGB_01748	1	persistent	2	0	0
OEKLIE_00671	contig_70	17100	17429	+	GEGEGB_01749	1	persistent	2	0	0
OEKLIE_00672	contig_70	17477	18313	-	LNHIMF_01813	1	persistent	2	0	0
OEKLIE_00673	contig_70	18361	19365	-	GEGEGB_01751	1	persistent	2	0	0
OEKLIE_00674	contig_70	19362	20369	-	LNHIMF_01815	1	persistent	2	0	0
OEKLIE_00675	contig_70	20381	21289	-	LNHIMF_01816	1	persistent	2	0	0
OEKLIE_00676	contig_70	21304	22224	-	BEJGEH_01320	1	persistent	2	0	0
OEKLIE_00677	contig_70	22346	23977	-	BEJGEH_01319	1	persistent	2	0	0
OEKLIE_00678	contig_70	24742	25389	-	GEGEGB_01757	1	persistent	2	0	0
OEKLIE_00679	contig_70	25866	28544	+	GEGEGB_01758	1	persistent	3	0	1
OEKLIE_00680	contig_70	28741	29358	-	GEGEGB_01759	1	persistent	2	0	0
OEKLIE_00681	contig_70	30021	30434	+	GEGEGB_01760	1	persistent	2	0	0
OEKLIE_00682	contig_70	30566	31474	-	GEGEGB_01761	1	persistent	2	0	0
OEKLIE_00683	contig_70	31677	32690	-	GEGEGB_01762	1	persistent	2	0	0
OEKLIE_00684	contig_70	32781	33677	-	LNHIMF_01825	1	persistent	2	0	0
OEKLIE_00685	contig_70	33797	34255	+	BEJGEH_01311	1	persistent	2	0	0
OEKLIE_00686	contig_70	34306	35148	+	GEGEGB_01765	1	persistent	3	0	1
OEKLIE_00688	contig_71	227	1063	-	GEGEGB_03633	1	persistent	3	0	0
OEKLIE_00689	contig_71	1182	1520	+	GEGEGB_03632	1	persistent	2	1	0
OEKLIE_00690	contig_71	1545	3065	-	LNHIMF_03949	1	persistent	2	1	2
OEKLIE_00691	contig_71	3655	5301	+	GEGEGB_03584	1	persistent	2	0	0
OEKLIE_00692	contig_71	5298	5561	+	GEGEGB_03583	1	persistent	2	0	0
OEKLIE_00693	contig_71	5579	6508	+	GEGEGB_03582	1	persistent	2	0	0
OEKLIE_00694	contig_71	6669	8519	+	LNHIMF_03953	1	persistent	2	0	0
OEKLIE_00695	contig_71	8522	10066	+	LNHIMF_03954	1	persistent	2	1	1
OEKLIE_00696	contig_71	10350	10667	+	HFCAGB_04155	1	shell	2	0	0
OEKLIE_00697	contig_71	10664	11005	+	BEJGEH_03957	1	persistent	2	1	0
OEKLIE_00698	contig_71	11008	11895	-	GEGEGB_03577	1	persistent	2	0	1
OEKLIE_00699	contig_71	12059	13534	+	GEGEGB_03576	1	persistent	2	0	0
OEKLIE_00700	contig_71	13626	13907	-	GEGEGB_03575	1	persistent	2	0	1
OEKLIE_00701	contig_71	14445	16469	+	GEGEGB_03570	1	persistent	2	0	1
OEKLIE_00702	contig_71	16509	17990	-	GEGEGB_03569	1	persistent	2	0	0
OEKLIE_00703	contig_71	18109	19374	-	GEGEGB_03568	1	persistent	2	0	0
OEKLIE_00704	contig_71	19518	19847	+	GEGEGB_03567	1	persistent	2	0	0
OEKLIE_00705	contig_71	20266	21525	+	GEGEGB_03566	1	persistent	2	0	0
OEKLIE_00706	contig_71	21755	22858	+	GEGEGB_03565	1	persistent	2	0	0
OEKLIE_00707	contig_71	22870	23916	+	LNHIMF_03970	1	persistent	2	0	0
OEKLIE_00708	contig_71	24017	25102	+	LNHIMF_03971	1	persistent	2	0	0
OEKLIE_00709	contig_71	25099	26361	+	GEGEGB_03562	1	persistent	2	0	0
OEKLIE_00710	contig_71	26361	27428	+	LNHIMF_03973	1	persistent	1	1	1
OEKLIE_00711	contig_71	27461	27685	+	BEJGEH_03974	1	shell	2	0	0
OEKLIE_00712	contig_71	27663	28340	+	LNHIMF_03975	1	persistent	1	1	1
OEKLIE_00713	contig_71	28345	29475	+	GEGEGB_03558	1	persistent	2	0	0
OEKLIE_00714	contig_71	29477	30727	+	GEGEGB_03557	1	persistent	2	0	0
OEKLIE_00715	contig_71	30724	31803	+	LNHIMF_03978	1	persistent	2	0	0
OEKLIE_00716	contig_71	31800	33158	+	LNHIMF_03979	1	persistent	2	0	0
OEKLIE_00717	contig_71	33155	33895	+	LNHIMF_03980	1	persistent	2	0	0
OEKLIE_00718	contig_71	34102	35487	+	HFCAGB_04177	1	persistent	2	0	0
OEKLIE_00722	contig_72	65	439	-	GEGEGB_04290	1	persistent	1	1	0
OEKLIE_00723	contig_72	565	852	-	GEGEGB_04289	1	persistent	2	0	0
OEKLIE_00724	contig_72	860	1216	-	GEGEGB_04288	1	persistent	2	0	0
OEKLIE_00725	contig_72	1216	1602	-	LNHIMF_03504	1	persistent	2	0	0
OEKLIE_00726	contig_72	1602	2324	-	GEGEGB_04286	1	persistent	2	0	0
OEKLIE_00727	contig_72	2601	3419	-	LNHIMF_03506	1	persistent	2	0	0
OEKLIE_00728	contig_72	3639	3857	+	GEGEGB_04284	1	persistent	2	0	0
OEKLIE_00729	contig_72	4045	4635	-	LNHIMF_03508	1	persistent	2	0	0
OEKLIE_00730	contig_72	4730	4930	-	GEGEGB_04282	1	persistent	2	0	0
OEKLIE_00731	contig_72	4941	6746	-	GEGEGB_04281	1	persistent	2	0	0
OEKLIE_00732	contig_72	6746	7297	-	GEGEGB_04280	1	persistent	2	0	0
OEKLIE_00733	contig_72	7563	9470	+	GEGEGB_04279	1	persistent	2	0	1
OEKLIE_00734	contig_72	9633	9854	+	LNHIMF_03513	1	persistent	3	0	0
OEKLIE_00735	contig_72	9856	10167	-	GEGEGB_04277	1	persistent	2	0	1
OEKLIE_00736	contig_72	10410	11432	+	BEJGEH_03492	1	persistent	3	0	0
OEKLIE_00737	contig_72	11429	11647	+	GEGEGB_04274	1	persistent	2	0	0
OEKLIE_00738	contig_72	11699	12568	+	GEGEGB_04273	1	persistent	2	0	0
OEKLIE_00739	contig_72	12664	13068	-	BEJGEH_03495	1	persistent	2	0	0
OEKLIE_00740	contig_72	13376	14008	+	GEGEGB_04271	1	persistent	2	0	0
OEKLIE_00741	contig_72	14057	16144	+	LNHIMF_03520	1	persistent	2	0	0
OEKLIE_00742	contig_72	16187	17404	-	BEJGEH_03498	1	persistent	2	0	0
OEKLIE_00743	contig_72	17490	18053	-	GEGEGB_04267	1	persistent	2	0	0
OEKLIE_00744	contig_72	18085	18687	-	LNHIMF_03523	1	persistent	2	0	0
OEKLIE_00745	contig_72	18677	18949	-	LNHIMF_03524	1	persistent	2	0	0
OEKLIE_00746	contig_72	18953	19525	-	GEGEGB_04264	1	persistent	2	0	0
OEKLIE_00747	contig_72	19802	20983	+	GEGEGB_04263	1	persistent	2	0	1
OEKLIE_00748	contig_72	21246	23789	+	LNHIMF_03527	1	persistent	2	0	1
OEKLIE_00749	contig_72	23786	24112	+	GEGEGB_04261	1	persistent	2	0	0
OEKLIE_00750	contig_72	24378	25187	+	GEGEGB_04260	1	persistent	2	0	0
OEKLIE_00751	contig_72	25199	26572	+	BEJGEH_03507	1	persistent	1	3	1
OEKLIE_00752	contig_72	26910	32795	+	AJBGEP_03662	1	shell	2	1	0
OEKLIE_00753	contig_72	32927	33385	-	GEGEGB_00250	8	shell	58	4	2
OEKLIE_00756	contig_72	33699	33869	+	GEGEGB_04255	1	persistent	1	3	0
OEKLIE_00757	contig_72	34014	35018	-	GEGEGB_04254	1	persistent	2	0	0
OEKLIE_00758	contig_72	35011	35769	-	BEJGEH_03515	1	persistent	2	0	0
OEKLIE_00759	contig_72	35762	36439	-	GEGEGB_04252	1	persistent	2	0	0
OEKLIE_00760	contig_72	36457	37293	-	GEGEGB_04251	1	persistent	2	0	0
OEKLIE_00761	contig_72	37474	38751	-	LNHIMF_03538	1	persistent	2	0	0
OEKLIE_00762	contig_72	38849	39700	-	GEGEGB_04249	1	persistent	2	0	0
OEKLIE_00763	contig_73	67	1032	-	GEGEGB_03393	1	persistent	2	0	0
OEKLIE_00764	contig_73	1162	1419	-	GEGEGB_03394	1	persistent	2	0	0
OEKLIE_00765	contig_73	1439	1750	-	GEGEGB_03395	1	persistent	2	0	0
OEKLIE_00766	contig_73	1867	2979	+	LNHIMF_03355	1	persistent	2	0	0
OEKLIE_00767	contig_73	3211	3498	+	GEGEGB_03397	1	persistent	2	0	0
OEKLIE_00768	contig_73	3556	4815	-	GEGEGB_03398	1	persistent	2	0	0
OEKLIE_00769	contig_73	4869	5162	-	GEGEGB_03399	1	persistent	2	0	0
OEKLIE_00770	contig_73	5311	5607	-	GEGEGB_03400	1	persistent	2	0	0
OEKLIE_00771	contig_73	5607	6242	-	GEGEGB_03401	1	persistent	2	0	0
OEKLIE_00772	contig_73	6261	6812	-	GEGEGB_03402	1	persistent	2	0	0
OEKLIE_00773	contig_73	6817	7599	-	GEGEGB_03403	1	persistent	2	0	0
OEKLIE_00774	contig_73	7607	8419	-	LNHIMF_03363	1	persistent	2	0	0
OEKLIE_00775	contig_73	8632	9609	+	LNHIMF_03364	1	persistent	2	0	0
OEKLIE_00776	contig_73	9623	10609	+	LNHIMF_03365	1	persistent	2	0	0
OEKLIE_00777	contig_73	10630	11196	+	GEGEGB_03407	1	persistent	2	0	0
OEKLIE_00778	contig_73	11193	11768	+	GEGEGB_03408	1	persistent	2	0	0
OEKLIE_00779	contig_73	11737	12291	+	GEGEGB_03409	1	persistent	2	0	0
OEKLIE_00780	contig_73	12298	13023	+	GEGEGB_03410	1	persistent	2	0	0
OEKLIE_00781	contig_73	13071	14504	+	GEGEGB_03411	1	persistent	2	0	0
OEKLIE_00782	contig_73	14527	14814	+	LNHIMF_03371	1	persistent	2	0	0
OEKLIE_00783	contig_73	14932	15423	+	GEGEGB_03413	1	persistent	2	0	0
OEKLIE_00784	contig_73	15469	16323	+	LNHIMF_03373	1	persistent	2	0	0
OEKLIE_00785	contig_73	16320	16592	+	GEGEGB_03415	1	persistent	2	0	0
OEKLIE_00786	contig_73	16841	17473	+	GEGEGB_03416	1	persistent	2	0	0
OEKLIE_00787	contig_73	17548	18276	-	GEGEGB_03417	1	persistent	2	0	0
OEKLIE_00788	contig_73	18273	18926	-	BEJGEH_03355	1	persistent	2	0	0
OEKLIE_00790	contig_73	19153	21489	-	LNHIMF_03380	1	persistent	2	0	0
OEKLIE_00791	contig_73	21583	22512	-	GEGEGB_03421	1	persistent	2	0	0
OEKLIE_00792	contig_73	23184	27644	+	GEGEGB_03422	1	persistent	2	0	0
OEKLIE_00793	contig_73	27654	29072	+	GEGEGB_03423	1	persistent	2	0	1
OEKLIE_00794	contig_73	29279	30382	+	GEGEGB_03424	1	persistent	2	0	1
OEKLIE_00795	contig_73	30499	31752	+	LNHIMF_03385	1	persistent	2	0	0
OEKLIE_00796	contig_73	31739	33019	+	LNHIMF_03386	1	persistent	2	0	0
OEKLIE_00797	contig_73	33102	33569	-	GEGEGB_03427	1	persistent	2	0	0
OEKLIE_00798	contig_73	33566	34441	-	LNHIMF_03388	1	persistent	2	0	0
OEKLIE_00799	contig_73	34438	35127	-	LNHIMF_03389	1	persistent	2	0	0
OEKLIE_00800	contig_73	35174	36664	-	LNHIMF_03390	1	persistent	2	0	0
OEKLIE_00801	contig_73	36780	37673	-	LNHIMF_03391	1	persistent	2	0	0
OEKLIE_00802	contig_73	37808	38590	-	GEGEGB_03433	1	persistent	2	0	0
OEKLIE_00803	contig_73	38708	39208	-	GEGEGB_03434	1	persistent	2	0	0
OEKLIE_00804	contig_73	39214	39852	-	LNHIMF_03394	1	persistent	2	1	2
OEKLIE_00805	contig_73	40115	40909	-	HFCAGB_03576	1	shell	2	0	0
OEKLIE_00806	contig_74	1005	2138	-	LNHIMF_01527	1	persistent	2	0	0
OEKLIE_00807	contig_74	2618	3349	-	LNHIMF_01528	1	persistent	2	0	0
OEKLIE_00808	contig_74	3476	3811	+	GEGEGB_01422	1	persistent	2	0	0
OEKLIE_00809	contig_74	3873	5255	-	GEGEGB_01423	1	persistent	2	0	2
OEKLIE_00810	contig_74	5554	6498	-	LNHIMF_01531	1	persistent	2	0	2
OEKLIE_00811	contig_74	7025	8554	+	GEGEGB_01474	1	persistent	2	0	0
OEKLIE_00812	contig_74	8565	9953	+	GEGEGB_01475	1	persistent	2	0	0
OEKLIE_00813	contig_74	10128	11162	-	GEGEGB_01476	1	persistent	2	0	0
OEKLIE_00814	contig_74	11580	11942	+	GEGEGB_01477	1	persistent	2	0	0
OEKLIE_00815	contig_74	11929	12258	+	GEGEGB_01478	1	persistent	2	0	0
OEKLIE_00816	contig_74	12298	13119	-	GEGEGB_01479	1	persistent	2	0	0
OEKLIE_00817	contig_74	13388	13636	-	GEGEGB_01480	1	persistent	2	0	1
OEKLIE_00818	contig_74	14031	15284	-	GEGEGB_01485	1	persistent	2	1	0
OEKLIE_00819	contig_74	15404	16303	+	LNHIMF_01540	1	persistent	2	0	0
OEKLIE_00820	contig_74	16431	17651	+	LNHIMF_01541	1	persistent	2	0	0
OEKLIE_00821	contig_74	17777	18472	+	LNHIMF_01542	1	persistent	2	0	0
OEKLIE_00822	contig_74	18428	19681	-	LNHIMF_01543	1	persistent	2	0	0
OEKLIE_00823	contig_74	19853	21001	-	GEGEGB_01490	1	persistent	2	0	0
OEKLIE_00824	contig_74	21001	21648	-	GEGEGB_01491	1	persistent	2	0	0
OEKLIE_00825	contig_74	21658	22560	-	GEGEGB_01492	1	persistent	2	0	0
OEKLIE_00826	contig_74	22589	23299	-	GEGEGB_01493	1	persistent	2	0	0
OEKLIE_00827	contig_74	23604	24218	-	LNHIMF_01548	1	persistent	2	0	0
OEKLIE_00828	contig_74	24261	25118	-	LNHIMF_01549	1	persistent	2	0	0
OEKLIE_00829	contig_74	25120	25737	-	GEGEGB_01496	2	persistent	4	0	0
OEKLIE_00830	contig_74	25748	28183	-	AJBGEP_01578	1	persistent	2	0	0
OEKLIE_00831	contig_74	28282	29940	-	LNHIMF_01552	2	persistent	2	0	1
OEKLIE_00832	contig_74	29977	30720	-	LNHIMF_01552	2	persistent	2	0	1
OEKLIE_00833	contig_74	30877	31182	-	LNHIMF_01553	1	persistent	2	0	0
OEKLIE_00834	contig_74	31280	31999	+	OEKLIE_00834	1	persistent	2	0	1
OEKLIE_00835	contig_74	32040	32600	-	LNHIMF_01555	1	persistent	2	0	0
OEKLIE_00836	contig_74	32636	32977	-	GEGEGB_01502	1	persistent	2	0	0
OEKLIE_00837	contig_74	33121	33456	+	LNHIMF_01557	1	persistent	2	0	0
OEKLIE_00838	contig_74	33578	34792	+	LNHIMF_01558	1	persistent	2	0	0
OEKLIE_00839	contig_74	34803	35822	+	GEGEGB_01505	1	persistent	2	0	1
OEKLIE_00840	contig_74	35876	36853	+	GEGEGB_01506	2	persistent	2	0	1
OEKLIE_00841	contig_74	36857	37255	+	GEGEGB_01506	2	persistent	2	0	1
OEKLIE_00842	contig_74	37399	38865	+	BEJGEH_01578	1	persistent	2	0	0
OEKLIE_00843	contig_74	38932	39135	-	GEGEGB_01509	1	persistent	2	0	0
OEKLIE_00844	contig_74	39316	40002	-	GEGEGB_01510	1	persistent	2	0	0
OEKLIE_00845	contig_74	40132	40878	-	GEGEGB_01511	1	persistent	2	0	0
OEKLIE_00846	contig_75	261	599	+	LNHIMF_00897	1	persistent	2	0	0
OEKLIE_00847	contig_75	624	1343	+	LNHIMF_00898	1	persistent	2	0	0
OEKLIE_00848	contig_75	1340	2278	-	LNHIMF_00899	1	persistent	2	0	0
OEKLIE_00849	contig_75	2389	2775	-	GEGEGB_02235	1	persistent	2	0	0
OEKLIE_00850	contig_75	3095	4147	+	GEGEGB_02234	1	persistent	2	1	0
OEKLIE_00851	contig_75	4241	4786	-	BEJGEH_00762	1	shell	1	1	0
OEKLIE_00852	contig_75	4801	5646	-	BEJGEH_00763	1	shell	0	2	0
OEKLIE_00853	contig_75	5776	6666	+	BEJGEH_00764	1	shell	0	2	0
OEKLIE_00854	contig_75	6667	7593	-	BEJGEH_00765	1	shell	0	2	0
OEKLIE_00855	contig_75	7873	9141	+	BEJGEH_00766	1	shell	1	1	0
OEKLIE_00856	contig_75	9191	9436	+	AJBGEP_03535	3	persistent	3	1	0
OEKLIE_00857	contig_75	9452	11227	+	GEGEGB_00060	5	persistent	2	0	1
OEKLIE_00858	contig_75	11240	12541	+	LNHIMF_00056	3	persistent	4	0	0
OEKLIE_00859	contig_75	12660	13358	+	BEJGEH_00770	1	persistent	2	0	0
OEKLIE_00860	contig_75	13738	14817	+	GEGEGB_02233	1	persistent	3	0	0
OEKLIE_00861	contig_75	14817	15593	+	BEJGEH_00772	1	persistent	2	0	0
OEKLIE_00862	contig_75	15684	16436	-	GEGEGB_02231	1	persistent	2	0	0
OEKLIE_00863	contig_75	16660	17700	-	LNHIMF_00905	1	persistent	2	0	0
OEKLIE_00864	contig_75	17694	18842	-	GEGEGB_02229	1	persistent	2	0	0
OEKLIE_00865	contig_75	18845	19891	-	LNHIMF_00907	1	persistent	2	0	0
OEKLIE_00866	contig_75	19902	20918	-	GEGEGB_02227	1	persistent	2	0	0
OEKLIE_00867	contig_75	21141	22049	-	LNHIMF_00909	1	persistent	2	0	0
OEKLIE_00868	contig_75	22220	23695	-	LNHIMF_00910	1	persistent	2	0	0
OEKLIE_00869	contig_75	23763	24551	-	GEGEGB_02224	1	persistent	2	0	1
OEKLIE_00870	contig_75	24680	24829	+	GEGEGB_02223	1	persistent	2	0	0
OEKLIE_00871	contig_75	24996	25769	+	LNHIMF_00913	1	persistent	2	0	1
OEKLIE_00872	contig_75	25769	26458	+	GEGEGB_02221	1	persistent	2	0	0
OEKLIE_00873	contig_75	26461	27519	+	LNHIMF_00915	1	persistent	2	0	0
OEKLIE_00874	contig_75	27520	28338	-	LNHIMF_00916	1	persistent	2	0	3
OEKLIE_00875	contig_75	28502	29497	+	LNHIMF_00917	1	persistent	2	0	1
OEKLIE_00876	contig_75	29641	30924	-	GEGEGB_02217	1	persistent	2	0	0
OEKLIE_00877	contig_75	31216	32385	+	LNHIMF_00919	1	persistent	2	0	0
OEKLIE_00878	contig_75	32382	33323	+	LNHIMF_00920	1	persistent	2	0	0
OEKLIE_00879	contig_75	33368	34093	+	GEGEGB_02214	1	persistent	2	0	0
OEKLIE_00880	contig_75	34290	35975	+	LNHIMF_00922	1	persistent	2	0	0
OEKLIE_00881	contig_75	35977	37497	+	LNHIMF_00923	1	persistent	2	0	0
OEKLIE_00882	contig_75	37582	38058	-	GEGEGB_02211	1	persistent	2	0	0
OEKLIE_00883	contig_75	38116	39405	-	GEGEGB_02210	1	persistent	2	0	0
OEKLIE_00884	contig_75	39492	40532	+	GEGEGB_02209	1	persistent	2	0	0
OEKLIE_00885	contig_75	40529	41686	+	GEGEGB_02208	1	persistent	2	0	0
OEKLIE_00886	contig_75	41670	42425	+	LNHIMF_00928	1	persistent	2	0	0
OEKLIE_00887	contig_76	49	405	+	GEGEGB_01290	1	persistent	2	0	0
OEKLIE_00888	contig_76	526	570	+	GEGEGB_01291	1	persistent	2	0	0
OEKLIE_00889	contig_76	707	1690	+	GEGEGB_01292	1	persistent	2	0	0
OEKLIE_00890	contig_76	1706	4093	+	LNHIMF_01387	1	persistent	2	0	0
OEKLIE_00891	contig_76	4098	4397	+	GEGEGB_01294	1	persistent	2	0	0
OEKLIE_00893	contig_76	4600	5580	+	LNHIMF_01390	1	persistent	2	0	0
OEKLIE_00894	contig_76	5672	6223	+	GEGEGB_01297	1	persistent	2	0	0
OEKLIE_00895	contig_76	6223	6972	+	GEGEGB_01298	1	persistent	2	0	0
OEKLIE_00896	contig_76	7049	7513	+	LNHIMF_01393	1	persistent	2	0	0
OEKLIE_00897	contig_76	7827	8195	+	IKCLMC_04832	1	persistent	2	0	0
OEKLIE_00899	contig_76	8602	10044	+	GEGEGB_01301	1	persistent	2	0	0
OEKLIE_00900	contig_76	10079	10270	-	GEGEGB_01302	1	persistent	2	0	0
OEKLIE_00901	contig_76	10427	11473	-	LNHIMF_01397	1	persistent	2	0	0
OEKLIE_00902	contig_76	11629	12462	-	GEGEGB_01304	1	persistent	2	0	0
OEKLIE_00903	contig_76	12799	15177	+	GEGEGB_01305	1	persistent	2	0	1
OEKLIE_00904	contig_76	15219	16859	-	LNHIMF_01400	1	persistent	2	0	0
OEKLIE_00905	contig_76	16949	17242	-	BEJGEH_01736	1	persistent	2	0	0
OEKLIE_00906	contig_76	17239	18525	-	BEJGEH_01735	1	persistent	2	0	0
OEKLIE_00907	contig_76	18582	19517	-	BEJGEH_01734	1	persistent	2	0	0
OEKLIE_00908	contig_76	19539	20303	-	LNHIMF_01404	1	persistent	2	0	0
OEKLIE_00909	contig_76	20766	21656	+	LNHIMF_01405	1	persistent	2	0	0
OEKLIE_00910	contig_76	21732	22883	-	LNHIMF_01406	1	persistent	2	0	0
OEKLIE_00911	contig_76	22897	24492	-	LNHIMF_01407	1	persistent	2	0	0
OEKLIE_00912	contig_76	24646	25404	-	LNHIMF_01408	1	persistent	2	0	0
OEKLIE_00913	contig_76	25449	26315	-	LNHIMF_01409	1	persistent	2	0	0
OEKLIE_00914	contig_76	26382	27617	-	LNHIMF_01410	1	persistent	2	0	0
OEKLIE_00915	contig_76	27981	29192	-	HFCAGB_01923	1	persistent	2	0	0
OEKLIE_00916	contig_76	29333	29692	-	LNHIMF_01412	1	persistent	2	0	0
OEKLIE_00918	contig_76	30150	31268	-	LNHIMF_01414	1	persistent	2	0	1
OEKLIE_00919	contig_76	31533	34589	+	LNHIMF_01415	1	persistent	2	0	0
OEKLIE_00920	contig_76	34586	34996	+	GEGEGB_01310	1	persistent	2	0	0
OEKLIE_00921	contig_76	35095	35283	+	LNHIMF_01417	1	persistent	2	0	0
OEKLIE_00923	contig_76	35571	36917	-	LNHIMF_01419	1	persistent	2	0	0
OEKLIE_00924	contig_76	37344	37712	+	GEGEGB_01314	1	persistent	2	0	0
OEKLIE_00925	contig_76	37721	39208	+	LNHIMF_01421	1	persistent	2	0	0
OEKLIE_00926	contig_76	39225	39971	+	LNHIMF_01422	1	persistent	2	0	0
OEKLIE_00927	contig_76	39946	41217	+	LNHIMF_01423	1	persistent	2	0	0
OEKLIE_00928	contig_76	41214	42434	+	GEGEGB_01318	1	persistent	2	0	0
OEKLIE_00929	contig_76	42447	42863	+	GEGEGB_01319	1	persistent	2	0	1
OEKLIE_00930	contig_76	43018	44019	+	LNHIMF_01426	1	persistent	2	0	3
OEKLIE_00931	contig_76	44047	44259	+	OEKLIE_00931	1	cloud	2	0	0
OEKLIE_00932	contig_77	12	758	+	LNHIMF_03729	1	persistent	2	0	0
OEKLIE_00933	contig_77	755	1345	+	GEGEGB_04053	1	persistent	2	0	0
OEKLIE_00934	contig_77	1355	1564	-	LNHIMF_03731	1	persistent	2	0	0
OEKLIE_00935	contig_77	1855	2217	+	GEGEGB_04051	1	persistent	2	0	0
OEKLIE_00936	contig_77	2708	3391	+	LNHIMF_03733	1	persistent	2	0	0
OEKLIE_00937	contig_77	3435	7820	+	LNHIMF_03734	1	persistent	2	0	0
OEKLIE_00939	contig_77	8119	9774	+	LNHIMF_03736	1	persistent	2	0	0
OEKLIE_00940	contig_77	9771	10547	+	GEGEGB_04046	1	persistent	2	0	0
OEKLIE_00941	contig_77	10544	11734	+	GEGEGB_04045	1	persistent	2	0	0
OEKLIE_00942	contig_77	11798	12271	+	GEGEGB_04044	1	persistent	3	0	0
OEKLIE_00943	contig_77	12339	13343	-	GEGEGB_04043	1	persistent	2	0	0
OEKLIE_00944	contig_77	13662	14858	+	BEJGEH_03742	1	persistent	2	0	0
OEKLIE_00945	contig_77	14932	16242	+	BEJGEH_03743	1	persistent	2	0	0
OEKLIE_00946	contig_77	16325	17146	-	GEGEGB_04039	1	persistent	3	0	0
OEKLIE_00947	contig_77	17224	18243	-	GEGEGB_04038	1	persistent	2	0	0
OEKLIE_00948	contig_77	18243	18710	-	GEGEGB_04037	1	persistent	2	0	0
OEKLIE_00949	contig_77	18754	19005	-	GEGEGB_04036	1	persistent	2	0	0
OEKLIE_00950	contig_77	19092	19523	-	GEGEGB_04035	1	persistent	2	0	0
OEKLIE_00951	contig_77	19771	21315	+	LNHIMF_03745	1	persistent	2	0	0
OEKLIE_00952	contig_77	21325	22608	+	GEGEGB_04033	1	persistent	2	0	0
OEKLIE_00953	contig_77	22612	23574	+	GEGEGB_04032	1	persistent	2	0	0
OEKLIE_00954	contig_77	23561	24595	-	GEGEGB_04031	1	persistent	2	0	1
OEKLIE_00956	contig_77	25089	26114	-	LNHIMF_03750	1	persistent	2	0	1
OEKLIE_00957	contig_77	26124	27320	-	GEGEGB_04028	1	persistent	2	0	0
OEKLIE_00958	contig_77	27523	28455	+	GEGEGB_04027	1	persistent	2	0	0
OEKLIE_00959	contig_77	28458	29504	+	GEGEGB_04026	1	persistent	2	0	0
OEKLIE_00960	contig_77	29504	30457	+	GEGEGB_04025	1	persistent	2	0	0
OEKLIE_00961	contig_77	30497	31711	+	BEJGEH_03759	1	persistent	2	0	0
OEKLIE_00962	contig_77	31768	32913	-	GEGEGB_04023	1	persistent	2	0	0
OEKLIE_00963	contig_77	33014	33823	-	LNHIMF_03757	1	persistent	2	0	0
OEKLIE_00964	contig_77	33973	34671	-	LNHIMF_03758	1	persistent	2	0	0
OEKLIE_00965	contig_77	34694	35704	-	HFCAGB_03967	1	persistent	2	0	0
OEKLIE_00966	contig_77	35722	36744	-	HFCAGB_03968	1	persistent	2	0	0
OEKLIE_00967	contig_77	36741	37820	-	LNHIMF_03761	1	persistent	2	1	3
OEKLIE_00968	contig_77	37890	38099	-	AJBGEP_03917	1	shell	2	0	0
OEKLIE_00969	contig_77	38155	38952	-	BEJGEH_03767	1	persistent	2	1	3
OEKLIE_00970	contig_77	38945	40069	-	LNHIMF_03764	1	persistent	2	0	0
OEKLIE_00971	contig_77	40066	41136	-	LNHIMF_03765	1	persistent	2	0	0
OEKLIE_00972	contig_77	41545	42822	+	LNHIMF_03766	1	persistent	2	0	0
OEKLIE_00973	contig_77	42831	43310	+	GEGEGB_04012	1	persistent	2	0	0
OEKLIE_00974	contig_77	43338	44147	-	GEGEGB_04011	1	persistent	2	0	0
OEKLIE_00975	contig_77	44245	44412	-	GEGEGB_04010	1	persistent	2	0	0
OEKLIE_00976	contig_77	44433	44669	-	GEGEGB_04009	1	persistent	2	0	0
OEKLIE_00977	contig_77	44887	45240	-	GEGEGB_04008	1	persistent	2	0	0
OEKLIE_00978	contig_78	113	1486	-	GEGEGB_01372	1	persistent	2	0	0
OEKLIE_00979	contig_78	1703	2344	+	GEGEGB_01373	1	persistent	2	0	0
OEKLIE_00980	contig_78	2386	3534	-	GEGEGB_01374	1	persistent	2	0	0
OEKLIE_00981	contig_78	3824	5029	-	LNHIMF_01479	1	persistent	2	0	0
OEKLIE_00982	contig_78	5142	6074	+	GEGEGB_01376	1	persistent	2	0	0
OEKLIE_00983	contig_78	6071	7096	-	GEGEGB_01377	1	persistent	2	0	0
OEKLIE_00985	contig_78	7392	7481	+	GEGEGB_01379	1	persistent	2	0	0
OEKLIE_00986	contig_78	7564	8145	-	GEGEGB_01380	1	persistent	2	0	0
OEKLIE_00987	contig_78	8272	9093	-	GEGEGB_01381	1	persistent	2	0	0
OEKLIE_00988	contig_78	9428	9775	+	GEGEGB_01382	1	persistent	2	0	0
OEKLIE_00989	contig_78	9853	10500	-	GEGEGB_01383	1	persistent	2	0	0
OEKLIE_00990	contig_78	10601	11008	-	GEGEGB_01384	1	persistent	2	0	0
OEKLIE_00991	contig_78	11077	12174	-	GEGEGB_01385	1	persistent	3	0	0
OEKLIE_00992	contig_78	12233	12832	-	GEGEGB_01386	1	persistent	3	0	0
OEKLIE_00993	contig_78	12935	13174	+	LNHIMF_01491	1	persistent	3	0	0
OEKLIE_00994	contig_78	13225	14121	+	GEGEGB_01387	1	persistent	3	0	0
OEKLIE_00995	contig_78	14201	14722	+	GEGEGB_01388	1	persistent	2	0	0
OEKLIE_00996	contig_78	14698	16737	-	LNHIMF_01494	1	persistent	2	0	0
OEKLIE_00997	contig_78	16737	17597	-	GEGEGB_01390	1	persistent	2	0	0
OEKLIE_00998	contig_78	17600	17836	-	GEGEGB_01391	1	persistent	2	0	0
OEKLIE_00999	contig_78	18037	18471	+	GEGEGB_01392	1	persistent	2	0	0
OEKLIE_01000	contig_78	18519	18986	-	GEGEGB_01393	1	persistent	2	0	0
OEKLIE_01001	contig_78	19258	20379	+	GEGEGB_01394	1	persistent	2	0	0
OEKLIE_01002	contig_78	20434	20796	+	LNHIMF_01500	1	persistent	2	0	0
OEKLIE_01003	contig_78	20855	21511	+	GEGEGB_01396	1	persistent	2	0	0
OEKLIE_01004	contig_78	21638	22912	+	GEGEGB_01397	1	persistent	2	0	0
OEKLIE_01005	contig_78	22972	23832	+	LNHIMF_01503	1	persistent	2	0	0
OEKLIE_01006	contig_78	23891	24496	-	LNHIMF_01504	1	persistent	2	0	0
OEKLIE_01007	contig_78	24601	26106	-	BEJGEH_01633	1	persistent	2	0	0
OEKLIE_01008	contig_78	26708	27343	-	LNHIMF_01506	1	persistent	2	0	0
OEKLIE_01009	contig_78	27343	28035	-	GEGEGB_01402	1	persistent	2	0	0
OEKLIE_01010	contig_78	28038	28658	-	GEGEGB_01403	1	persistent	2	0	0
OEKLIE_01011	contig_78	28662	29720	-	GEGEGB_01404	1	persistent	2	0	0
OEKLIE_01012	contig_78	29721	31928	-	BEJGEH_01628	1	persistent	2	0	0
OEKLIE_01013	contig_78	31921	32499	-	GEGEGB_01406	1	persistent	2	0	0
OEKLIE_01014	contig_78	32499	33080	-	GEGEGB_01407	1	persistent	2	0	0
OEKLIE_01015	contig_78	33157	33597	-	GEGEGB_01408	1	persistent	2	0	0
OEKLIE_01016	contig_78	33686	33901	-	GEGEGB_01409	1	persistent	2	0	0
OEKLIE_01017	contig_78	34532	35572	+	GEGEGB_01410	1	persistent	2	0	0
OEKLIE_01018	contig_78	35647	36648	-	GEGEGB_01411	1	persistent	2	0	2
OEKLIE_01019	contig_78	37352	38860	-	GEGEGB_01413	1	persistent	2	0	2
OEKLIE_01020	contig_78	38963	40138	-	GEGEGB_01414	1	persistent	2	0	0
OEKLIE_01021	contig_78	40338	41984	+	GEGEGB_01415	2	persistent	4	0	0
OEKLIE_01022	contig_78	42152	43555	+	LNHIMF_01523	1	persistent	2	0	0
OEKLIE_01023	contig_78	43552	44481	-	LNHIMF_01524	1	persistent	2	0	1
OEKLIE_01024	contig_78	44557	45858	-	LNHIMF_01525	1	persistent	2	0	1
OEKLIE_01025	contig_78	45969	46547	-	LNHIMF_01526	1	persistent	2	0	0
OEKLIE_01026	contig_79	25	501	+	OEKLIE_01026	1	cloud	1	0	0
OEKLIE_01027	contig_79	816	2135	-	LNHIMF_01966	1	persistent	2	0	1
OEKLIE_01028	contig_79	2151	3152	-	LNHIMF_01967	1	persistent	2	0	0
OEKLIE_01029	contig_79	3174	3929	+	LNHIMF_01968	1	persistent	2	0	0
OEKLIE_01030	contig_79	3926	4711	+	GEGEGB_01052	1	persistent	2	0	0
OEKLIE_01031	contig_79	4790	5800	-	GEGEGB_01051	1	persistent	2	0	1
OEKLIE_01032	contig_79	5809	6420	-	LNHIMF_01971	1	persistent	2	1	1
OEKLIE_01035	contig_79	8362	8961	+	LNHIMF_01973	1	persistent	2	1	3
OEKLIE_01036	contig_79	8963	9484	-	GEGEGB_01047	1	persistent	2	0	1
OEKLIE_01037	contig_79	9521	10261	-	GEGEGB_01046	1	persistent	2	0	0
OEKLIE_01038	contig_79	10291	10743	-	GEGEGB_01045	1	persistent	2	0	0
OEKLIE_01039	contig_79	10846	12618	-	LNHIMF_01977	1	persistent	2	0	0
OEKLIE_01040	contig_79	12943	13509	+	GEGEGB_01043	1	persistent	2	0	0
OEKLIE_01041	contig_79	13506	14324	+	GEGEGB_01042	1	persistent	2	0	0
OEKLIE_01042	contig_79	14377	14772	+	GEGEGB_01041	1	persistent	2	0	0
OEKLIE_01043	contig_79	14813	15556	+	GEGEGB_01040	1	persistent	2	0	0
OEKLIE_01044	contig_79	15553	16524	+	GEGEGB_01039	1	persistent	2	0	0
OEKLIE_01046	contig_79	16760	17506	-	LNHIMF_01984	1	persistent	2	0	0
OEKLIE_01047	contig_79	17526	18095	-	LNHIMF_01985	1	persistent	2	0	0
OEKLIE_01048	contig_79	18332	20065	+	GEGEGB_01035	1	persistent	2	0	0
OEKLIE_01049	contig_79	20254	22125	+	LNHIMF_01987	1	persistent	2	0	0
OEKLIE_01050	contig_79	22179	23318	-	LNHIMF_01988	1	persistent	2	0	0
OEKLIE_01051	contig_79	23555	23947	-	GEGEGB_01031	1	persistent	2	0	0
OEKLIE_01052	contig_79	23947	26025	-	GEGEGB_01030	1	persistent	2	0	0
OEKLIE_01053	contig_79	26018	27169	-	GEGEGB_01029	1	persistent	2	0	1
OEKLIE_01054	contig_79	27363	28010	-	LNHIMF_01993	1	persistent	2	0	1
OEKLIE_01055	contig_79	28018	28407	-	GEGEGB_01027	1	persistent	2	0	0
OEKLIE_01056	contig_79	28425	29474	-	GEGEGB_01026	1	persistent	2	0	0
OEKLIE_01057	contig_79	29471	30337	-	LNHIMF_01996	1	persistent	2	0	0
OEKLIE_01058	contig_79	30491	32152	-	LNHIMF_01997	1	persistent	2	0	0
OEKLIE_01059	contig_79	32389	32892	-	LNHIMF_01998	1	persistent	2	0	0
OEKLIE_01060	contig_79	32913	34928	-	GEGEGB_01022	1	persistent	2	0	0
OEKLIE_01061	contig_79	34933	35862	-	LNHIMF_02000	1	persistent	2	0	0
OEKLIE_01062	contig_79	35859	36746	-	LNHIMF_02001	1	persistent	2	0	0
OEKLIE_01063	contig_79	36871	37449	-	LNHIMF_02002	1	persistent	2	0	0
OEKLIE_01064	contig_79	37452	37793	-	GEGEGB_01018	1	persistent	2	0	0
OEKLIE_01065	contig_79	38589	39017	+	LNHIMF_02004	1	persistent	2	0	0
OEKLIE_01066	contig_79	39035	40456	-	GEGEGB_01016	1	persistent	2	0	0
OEKLIE_01067	contig_79	40431	41333	-	BEJGEH_01136	1	persistent	2	0	1
OEKLIE_01068	contig_79	41457	41639	-	AJBGEP_02029	1	cloud	2	0	0
OEKLIE_01069	contig_79	41868	42425	-	BEJGEH_01135	1	persistent	2	0	1
OEKLIE_01070	contig_79	42976	43479	+	GEGEGB_01013	1	persistent	3	0	0
OEKLIE_01071	contig_79	43658	44296	-	LNHIMF_02009	1	persistent	2	0	0
OEKLIE_01072	contig_79	44552	44887	+	GEGEGB_01012	1	persistent	3	0	0
OEKLIE_01073	contig_79	45127	45624	+	GEGEGB_01011	1	persistent	2	0	0
OEKLIE_01074	contig_79	45670	45909	-	GEGEGB_01010	1	persistent	2	0	0
OEKLIE_01075	contig_79	46079	47347	+	GEGEGB_01009	1	persistent	2	0	0
OEKLIE_01076	contig_79	47422	48087	-	LNHIMF_02014	1	persistent	3	0	0
OEKLIE_01078	contig_79	48325	48651	-	LNHIMF_02016	1	persistent	2	0	0
OEKLIE_01079	contig_79	48864	49811	-	LNHIMF_02017	1	persistent	4	0	0
OEKLIE_01080	contig_80	140	646	+	OEKLIE_01080	1	cloud	0	0	1
OEKLIE_01081	contig_80	1190	1768	+	OEKLIE_01081	1	cloud	0	0	2
OEKLIE_01082	contig_80	1835	2263	+	OEKLIE_01082	1	cloud	1	0	1
OEKLIE_01083	contig_80	2385	2924	-	LNHIMF_02866	1	persistent	2	0	1
OEKLIE_01084	contig_80	3002	4063	-	GEGEGB_02876	1	persistent	2	0	0
OEKLIE_01085	contig_80	4148	4645	-	LNHIMF_02868	1	persistent	2	0	0
OEKLIE_01086	contig_80	4840	5085	+	LNHIMF_02869	1	persistent	2	0	0
OEKLIE_01087	contig_80	5123	6202	-	GEGEGB_02879	1	persistent	2	0	0
OEKLIE_01088	contig_80	6456	7019	+	GEGEGB_02880	1	persistent	2	0	0
OEKLIE_01089	contig_80	7016	7987	+	LNHIMF_02872	1	persistent	2	0	0
OEKLIE_01090	contig_80	7999	8361	+	LNHIMF_02873	1	persistent	2	0	0
OEKLIE_01091	contig_80	8373	9152	+	LNHIMF_02874	1	persistent	2	0	0
OEKLIE_01092	contig_80	9228	9587	+	GEGEGB_02884	1	persistent	2	0	0
OEKLIE_01093	contig_80	9785	10558	+	GEGEGB_02885	1	persistent	2	0	0
OEKLIE_01094	contig_80	10551	11516	+	GEGEGB_02886	1	persistent	2	0	0
OEKLIE_01095	contig_80	11513	13033	-	GEGEGB_02887	1	persistent	2	0	0
OEKLIE_01096	contig_80	13219	14658	+	LNHIMF_02879	1	persistent	2	0	0
OEKLIE_01097	contig_80	14655	15788	+	LNHIMF_02880	1	persistent	2	0	0
OEKLIE_01098	contig_80	15885	18125	-	LNHIMF_02881	1	persistent	2	0	0
OEKLIE_01099	contig_80	18271	18816	-	GEGEGB_02891	1	persistent	2	0	0
OEKLIE_01100	contig_80	19017	19826	-	LNHIMF_02883	1	persistent	2	0	0
OEKLIE_01101	contig_80	19853	20323	-	HFCAGB_03054	1	persistent	2	0	0
OEKLIE_01102	contig_80	20316	20726	-	GEGEGB_02894	1	persistent	2	0	0
OEKLIE_01103	contig_80	20723	21490	-	LNHIMF_02886	1	persistent	2	0	0
OEKLIE_01104	contig_80	21490	22032	-	GEGEGB_02896	1	persistent	2	0	0
OEKLIE_01105	contig_80	22042	23751	-	GEGEGB_02897	1	persistent	2	0	0
OEKLIE_01106	contig_80	23769	24692	-	GEGEGB_02898	1	persistent	2	0	0
OEKLIE_01107	contig_80	24695	26521	-	LNHIMF_02890	1	persistent	2	0	0
OEKLIE_01108	contig_80	26521	27129	-	GEGEGB_02900	1	persistent	2	0	0
OEKLIE_01109	contig_80	27275	27736	-	GEGEGB_02901	1	persistent	2	0	0
OEKLIE_01110	contig_80	27946	28302	+	GEGEGB_02902	1	persistent	2	0	0
OEKLIE_01111	contig_80	28371	29243	+	GEGEGB_02903	1	persistent	2	0	0
OEKLIE_01112	contig_80	29234	29506	+	GEGEGB_02904	1	persistent	2	0	0
OEKLIE_01113	contig_80	29506	30627	+	GEGEGB_02905	1	persistent	2	0	0
OEKLIE_01114	contig_80	30624	31634	+	GEGEGB_02906	1	persistent	2	0	0
OEKLIE_01115	contig_80	31853	33931	+	LNHIMF_02898	1	persistent	2	0	0
OEKLIE_01116	contig_80	33993	34337	-	GEGEGB_02908	1	persistent	2	0	0
OEKLIE_01117	contig_80	34519	35436	+	GEGEGB_02909	1	persistent	2	0	0
OEKLIE_01118	contig_80	35433	36254	+	LNHIMF_02901	1	persistent	2	0	0
OEKLIE_01119	contig_80	36251	37111	+	GEGEGB_02911	1	persistent	2	0	0
OEKLIE_01120	contig_80	37102	37950	+	GEGEGB_02912	1	persistent	3	0	0
OEKLIE_01121	contig_80	38120	38914	-	BEJGEH_02856	1	persistent	2	0	0
OEKLIE_01123	contig_80	39117	39872	-	BEJGEH_02858	1	persistent	3	0	0
OEKLIE_01124	contig_80	40257	41144	-	LNHIMF_02907	1	persistent	2	0	0
OEKLIE_01125	contig_80	41489	41941	-	LNHIMF_02908	1	persistent	2	0	0
OEKLIE_01126	contig_80	41938	42618	-	HFCAGB_03079	1	persistent	2	0	0
OEKLIE_01127	contig_80	42575	43153	-	GEGEGB_02917	1	persistent	2	0	0
OEKLIE_01128	contig_80	43146	43904	-	LNHIMF_02911	1	persistent	2	0	0
OEKLIE_01129	contig_80	43901	44206	-	LNHIMF_02912	1	persistent	2	0	0
OEKLIE_01130	contig_80	44225	44467	-	GEGEGB_02920	1	persistent	2	0	0
OEKLIE_01131	contig_80	44492	45727	-	LNHIMF_02914	1	persistent	2	0	0
OEKLIE_01132	contig_80	45986	46915	+	LNHIMF_02915	1	persistent	2	0	0
OEKLIE_01133	contig_80	48006	49667	+	HFCAGB_03086	1	persistent	2	0	0
OEKLIE_01134	contig_80	49685	50167	+	LNHIMF_02917	1	persistent	2	0	0
OEKLIE_01135	contig_80	50221	50595	-	LNHIMF_02918	2	persistent	2	0	0
OEKLIE_01136	contig_81	30	299	+	LNHIMF_03049	1	persistent	2	0	0
OEKLIE_01137	contig_81	386	1588	-	GEGEGB_03068	1	persistent	2	0	0
OEKLIE_01138	contig_81	1581	3740	-	LNHIMF_03051	1	persistent	2	1	0
OEKLIE_01141	contig_81	4333	5361	+	GEGEGB_03075	1	persistent	2	0	1
OEKLIE_01142	contig_81	5375	6394	+	LNHIMF_03055	1	persistent	2	0	0
OEKLIE_01143	contig_81	6404	7666	-	GEGEGB_03077	1	persistent	2	0	0
OEKLIE_01144	contig_81	7784	8719	+	GEGEGB_03078	1	persistent	2	0	0
OEKLIE_01145	contig_81	8691	9398	-	LNHIMF_03058	1	persistent	2	0	0
OEKLIE_01146	contig_81	9511	10929	-	LNHIMF_03059	1	persistent	2	0	0
OEKLIE_01147	contig_81	11283	12044	-	LNHIMF_03060	1	persistent	2	0	0
OEKLIE_01148	contig_81	12101	12937	-	ODDLKH_03450	1	persistent	2	0	0
OEKLIE_01150	contig_81	13367	14545	-	GEGEGB_03084	1	persistent	2	0	0
OEKLIE_01151	contig_81	14668	15531	-	LNHIMF_03064	1	persistent	2	0	0
OEKLIE_01152	contig_81	15635	16090	+	GEGEGB_03086	1	persistent	2	0	0
OEKLIE_01153	contig_81	16232	17461	+	GEGEGB_03087	1	persistent	2	0	0
OEKLIE_01154	contig_81	17492	17764	-	GEGEGB_03088	1	persistent	2	0	0
OEKLIE_01155	contig_81	17886	18734	+	PKJKAM_02341	1	persistent	2	0	0
OEKLIE_01156	contig_81	18944	19702	-	GEGEGB_03091	1	persistent	2	0	0
OEKLIE_01157	contig_81	19689	20201	-	HFCAGB_03249	1	persistent	1	1	3
OEKLIE_01158	contig_81	20345	21421	-	HFCAGB_03250	1	shell	2	0	0
OEKLIE_01159	contig_81	21418	22161	-	LNHIMF_03072	1	persistent	1	1	3
OEKLIE_01160	contig_81	22202	24691	-	LNHIMF_03073	1	persistent	2	0	0
OEKLIE_01161	contig_81	24811	25395	-	BEJGEH_03044	1	persistent	2	0	0
OEKLIE_01162	contig_81	26114	26746	-	LNHIMF_03075	1	persistent	2	0	0
OEKLIE_01163	contig_81	26793	27329	-	GEGEGB_03098	1	persistent	1	1	4
OEKLIE_01165	contig_81	28135	28533	-	HFCAGB_03258	2	shell	1	1	4
OEKLIE_01166	contig_81	28533	28760	-	GEGEGB_03102	1	shell	1	2	0
OEKLIE_01167	contig_81	28928	29188	+	GEGEGB_03103	1	shell	2	1	0
OEKLIE_01168	contig_81	29469	30269	+	LNHIMF_03080	1	persistent	1	2	2
OEKLIE_01170	contig_81	30554	31312	-	GEGEGB_03111	1	persistent	2	1	2
OEKLIE_01172	contig_81	31577	32122	+	LNHIMF_03084	1	persistent	2	0	0
OEKLIE_01173	contig_81	32198	33715	-	LNHIMF_03085	1	persistent	2	0	0
OEKLIE_01174	contig_81	33725	34606	-	GEGEGB_03115	1	persistent	2	0	0
OEKLIE_01175	contig_81	34928	36529	-	LNHIMF_03087	1	persistent	2	0	0
OEKLIE_01176	contig_81	36667	37380	-	GEGEGB_03117	1	persistent	2	0	0
OEKLIE_01177	contig_81	37404	38300	-	GEGEGB_03118	1	persistent	2	0	0
OEKLIE_01178	contig_81	38413	38934	+	GEGEGB_03119	1	persistent	2	0	0
OEKLIE_01179	contig_81	38987	39400	-	LNHIMF_03091	1	persistent	2	0	0
OEKLIE_01180	contig_81	39381	39647	-	GEGEGB_03121	1	persistent	2	0	0
OEKLIE_01181	contig_81	39897	40877	+	GEGEGB_03122	1	persistent	3	0	0
OEKLIE_01182	contig_81	40794	40985	-	GEGEGB_03123	1	persistent	2	0	0
OEKLIE_01183	contig_81	40993	41652	-	GEGEGB_03124	1	persistent	3	0	0
OEKLIE_01184	contig_81	41816	42196	-	AJBGEP_03225	1	persistent	2	0	0
OEKLIE_01185	contig_81	42286	43719	+	LNHIMF_03097	1	persistent	2	0	0
OEKLIE_01186	contig_81	43767	44660	-	BEJGEH_03067	1	persistent	2	0	0
OEKLIE_01187	contig_81	45116	47989	-	BEJGEH_03068	1	persistent	2	0	0
OEKLIE_01188	contig_81	48152	48541	-	GEGEGB_03129	1	persistent	2	0	0
OEKLIE_01189	contig_81	48567	49661	-	GEGEGB_03130	1	persistent	2	0	0
OEKLIE_01190	contig_81	50116	51318	-	LNHIMF_03103	1	persistent	2	0	0
OEKLIE_01191	contig_82	253	1191	+	LNHIMF_01169	1	persistent	2	1	1
OEKLIE_01192	contig_82	1276	2013	+	GEGEGB_01887	1	persistent	2	0	0
OEKLIE_01193	contig_82	2037	2591	+	GEGEGB_01886	1	persistent	2	0	0
OEKLIE_01194	contig_82	2680	3174	+	GEGEGB_01885	1	persistent	2	0	0
OEKLIE_01195	contig_82	3213	4046	-	GEGEGB_01884	1	persistent	2	0	0
OEKLIE_01196	contig_82	4073	4489	-	GEGEGB_01883	1	persistent	2	0	0
OEKLIE_01197	contig_82	4516	4911	-	GEGEGB_01882	1	persistent	2	0	0
OEKLIE_01198	contig_82	4916	5566	-	LNHIMF_01176	1	persistent	2	0	0
OEKLIE_01200	contig_82	6321	6776	+	LNHIMF_01178	1	persistent	2	0	0
OEKLIE_01201	contig_82	6818	7273	+	GEGEGB_01878	1	persistent	2	0	0
OEKLIE_01202	contig_82	7335	7661	+	BEJGEH_01949	1	persistent	2	0	0
OEKLIE_01203	contig_82	7792	8112	+	GEGEGB_01876	1	persistent	2	0	0
OEKLIE_01204	contig_82	8202	8741	+	GEGEGB_01875	1	persistent	2	0	0
OEKLIE_01205	contig_82	8680	10164	+	GEGEGB_01874	1	persistent	2	0	0
OEKLIE_01206	contig_82	10181	11335	-	GEGEGB_01873	1	persistent	2	0	0
OEKLIE_01207	contig_82	11589	13142	+	GEGEGB_01872	1	persistent	2	0	0
OEKLIE_01208	contig_82	13135	15678	+	LNHIMF_01186	1	persistent	2	0	0
OEKLIE_01209	contig_82	15752	15979	+	GEGEGB_01870	1	persistent	2	0	0
OEKLIE_01210	contig_82	15980	16354	-	GEGEGB_01869	1	persistent	2	0	0
OEKLIE_01211	contig_82	16436	17650	-	GEGEGB_01868	1	persistent	2	0	0
OEKLIE_01212	contig_82	17805	18725	-	LNHIMF_01190	1	persistent	2	0	0
OEKLIE_01213	contig_82	18945	19997	+	LNHIMF_01191	1	persistent	2	0	0
OEKLIE_01214	contig_82	20049	20624	-	GEGEGB_01865	1	persistent	2	0	0
OEKLIE_01215	contig_82	20621	21193	-	BEJGEH_01936	1	persistent	2	0	0
OEKLIE_01216	contig_82	21456	21569	-	GEGEGB_01863	1	persistent	2	0	0
OEKLIE_01217	contig_82	21610	22728	-	LNHIMF_01195	1	persistent	2	0	0
OEKLIE_01218	contig_82	22841	23095	-	LNHIMF_01196	1	persistent	2	0	0
OEKLIE_01219	contig_82	23385	23630	-	LNHIMF_01197	1	persistent	2	0	0
OEKLIE_01220	contig_82	23704	24750	-	LNHIMF_01198	1	persistent	2	0	0
OEKLIE_01221	contig_82	24855	25415	-	LNHIMF_01199	1	persistent	2	0	0
OEKLIE_01222	contig_82	25540	26187	-	GEGEGB_01857	1	persistent	2	0	0
OEKLIE_01223	contig_82	26251	27459	-	LNHIMF_01201	1	persistent	2	0	0
OEKLIE_01224	contig_82	27696	28280	+	LNHIMF_01202	1	persistent	2	0	0
OEKLIE_01225	contig_82	28316	28963	+	GEGEGB_01854	1	persistent	2	0	0
OEKLIE_01226	contig_82	28965	29888	+	LNHIMF_01204	1	persistent	2	0	0
OEKLIE_01227	contig_82	30153	31727	+	LNHIMF_01205	1	persistent	2	0	0
OEKLIE_01228	contig_82	31809	32231	-	GEGEGB_01851	1	persistent	2	0	0
OEKLIE_01229	contig_82	32236	32529	-	LNHIMF_01207	1	persistent	2	0	0
OEKLIE_01230	contig_82	32621	33280	-	GEGEGB_01849	1	persistent	2	0	0
OEKLIE_01231	contig_82	33437	33853	+	LNHIMF_01209	1	persistent	2	0	0
OEKLIE_01232	contig_82	33857	34261	+	GEGEGB_01847	1	persistent	2	0	0
OEKLIE_01233	contig_82	34273	34971	+	GEGEGB_01846	1	persistent	2	0	0
OEKLIE_01234	contig_82	34998	36209	+	GEGEGB_01845	1	persistent	2	0	0
OEKLIE_01235	contig_82	36230	36985	+	LNHIMF_01213	1	persistent	2	0	0
OEKLIE_01236	contig_82	36999	37781	+	GEGEGB_01843	1	persistent	2	0	0
OEKLIE_01237	contig_82	37869	38534	+	GEGEGB_01842	1	persistent	2	0	0
OEKLIE_01238	contig_82	38546	39643	+	GEGEGB_01841	1	persistent	2	0	0
OEKLIE_01239	contig_82	39643	40593	+	GEGEGB_01840	1	persistent	2	0	0
OEKLIE_01240	contig_82	40658	42319	+	GEGEGB_01839	1	persistent	2	0	0
OEKLIE_01241	contig_82	42334	43287	+	LNHIMF_01219	1	persistent	2	1	0
OEKLIE_01242	contig_82	43544	46747	-	ONMMKP_00953	1	persistent	2	1	1
OEKLIE_01243	contig_82	47237	48280	+	LNHIMF_01221	1	persistent	3	0	0
OEKLIE_01244	contig_82	48418	49179	+	BEJGEH_01907	1	persistent	3	0	0
OEKLIE_01245	contig_82	49385	49609	+	LNHIMF_01223	1	persistent	2	0	0
OEKLIE_01246	contig_82	49681	50265	-	LNHIMF_01224	1	persistent	4	0	0
OEKLIE_01248	contig_82	50463	50984	+	GEGEGB_01831	1	persistent	2	0	0
OEKLIE_01249	contig_82	51036	51209	+	GEGEGB_01830	1	persistent	2	0	0
OEKLIE_01250	contig_82	51373	52422	+	GEGEGB_01829	1	persistent	2	0	0
OEKLIE_01251	contig_83	272	1396	-	LNHIMF_03398	1	persistent	2	0	0
OEKLIE_01252	contig_83	1589	1987	+	LNHIMF_03399	1	persistent	2	0	0
OEKLIE_01253	contig_83	2144	3511	+	GEGEGB_03441	1	persistent	2	0	0
OEKLIE_01254	contig_83	3604	4674	+	GEGEGB_03442	1	persistent	2	0	0
OEKLIE_01255	contig_83	4708	5406	-	HFCAGB_03583	1	persistent	2	0	0
OEKLIE_01256	contig_83	5459	6760	-	LNHIMF_00056	3	persistent	4	0	0
OEKLIE_01257	contig_83	6776	8551	-	GEGEGB_00060	5	persistent	2	0	1
OEKLIE_01258	contig_83	8567	8821	-	AJBGEP_03535	3	persistent	3	1	0
OEKLIE_01259	contig_83	8977	9594	-	GEGEGB_03447	1	persistent	2	0	0
OEKLIE_01260	contig_83	9594	10493	-	GEGEGB_03448	1	persistent	2	0	0
OEKLIE_01261	contig_83	10526	11794	-	GEGEGB_03449	1	persistent	2	0	0
OEKLIE_01262	contig_83	12005	12670	-	GEGEGB_03450	1	persistent	2	0	0
OEKLIE_01263	contig_83	12657	13286	-	GEGEGB_03451	1	persistent	2	0	0
OEKLIE_01264	contig_83	13406	14344	-	GEGEGB_03452	1	persistent	2	0	0
OEKLIE_01265	contig_83	14758	15228	+	GEGEGB_03453	1	persistent	2	0	0
OEKLIE_01266	contig_83	15593	15856	+	GEGEGB_03454	1	persistent	2	0	0
OEKLIE_01267	contig_83	15960	16226	+	GEGEGB_03455	1	persistent	2	0	0
OEKLIE_01268	contig_83	16286	16558	-	GEGEGB_03456	1	persistent	2	0	0
OEKLIE_01269	contig_83	16730	18697	-	LNHIMF_03416	1	persistent	2	0	0
OEKLIE_01270	contig_83	18703	19635	-	GEGEGB_03458	1	persistent	2	0	0
OEKLIE_01271	contig_83	19643	19846	-	GEGEGB_03459	1	persistent	2	0	0
OEKLIE_01272	contig_83	20028	20957	+	GEGEGB_03460	1	persistent	2	0	0
OEKLIE_01273	contig_83	21080	22525	-	GEGEGB_03461	1	persistent	2	0	0
OEKLIE_01274	contig_83	22670	26470	-	LNHIMF_03421	1	persistent	2	0	0
OEKLIE_01275	contig_83	26577	28046	-	GEGEGB_03463	1	persistent	2	0	0
OEKLIE_01276	contig_83	28036	28629	-	LNHIMF_03423	1	persistent	2	0	0
OEKLIE_01277	contig_83	28638	29129	-	GEGEGB_03465	1	persistent	2	0	0
OEKLIE_01278	contig_83	29129	30181	-	LNHIMF_03425	1	persistent	2	0	0
OEKLIE_01279	contig_83	30246	31289	-	GEGEGB_03467	1	persistent	2	0	0
OEKLIE_01280	contig_83	31597	33537	-	LNHIMF_03427	1	persistent	2	0	0
OEKLIE_01281	contig_83	33741	34715	+	GEGEGB_03469	1	persistent	2	0	0
OEKLIE_01282	contig_83	34828	35832	+	GEGEGB_03470	1	persistent	2	0	0
OEKLIE_01283	contig_83	35833	36432	+	GEGEGB_03471	1	persistent	2	0	0
OEKLIE_01284	contig_83	36825	37295	+	GEGEGB_03472	1	persistent	2	0	0
OEKLIE_01285	contig_83	37306	38655	+	GEGEGB_03473	1	persistent	2	0	0
OEKLIE_01286	contig_83	38764	39006	+	LNHIMF_03433	1	persistent	2	0	0
OEKLIE_01287	contig_83	38996	40447	+	LNHIMF_03434	1	persistent	2	0	0
OEKLIE_01288	contig_83	40459	41340	+	GEGEGB_03476	1	persistent	2	0	1
OEKLIE_01289	contig_83	41426	41569	-	HFCAGB_03617	1	cloud	2	0	0
OEKLIE_01290	contig_83	42001	42966	+	GEGEGB_03477	1	persistent	2	0	1
OEKLIE_01291	contig_83	42992	43288	+	GEGEGB_03478	1	persistent	2	0	0
OEKLIE_01292	contig_83	43374	44258	+	GEGEGB_03479	1	persistent	2	0	0
OEKLIE_01293	contig_83	44341	44505	+	GEGEGB_03480	1	persistent	2	0	0
OEKLIE_01294	contig_83	44656	46755	+	LNHIMF_03440	1	persistent	3	0	0
OEKLIE_01295	contig_83	46758	47420	-	LNHIMF_03441	1	persistent	2	0	0
OEKLIE_01296	contig_83	47834	48991	+	BEJGEH_03419	1	persistent	3	0	0
OEKLIE_01297	contig_83	49003	52116	+	LNHIMF_03443	2	persistent	4	0	0
OEKLIE_01298	contig_83	52352	52573	+	GEGEGB_03485	1	persistent	3	0	0
OEKLIE_01301	contig_84	609	1808	-	LNHIMF_03988	1	persistent	2	0	0
OEKLIE_01302	contig_84	1808	2977	-	GEGEGB_03545	1	persistent	2	0	0
OEKLIE_01303	contig_84	2999	3739	-	LNHIMF_03990	1	persistent	2	0	0
OEKLIE_01304	contig_84	3736	4698	-	GEGEGB_03543	1	persistent	2	0	0
OEKLIE_01305	contig_84	5054	7600	+	GEGEGB_03542	1	persistent	2	1	0
OEKLIE_01306	contig_84	7708	8061	+	AJBGEP_04145	1	shell	1	1	0
OEKLIE_01307	contig_84	8274	8789	+	BEJGEH_03994	1	shell	0	2	0
OEKLIE_01308	contig_84	8801	9163	+	BEJGEH_03995	1	shell	1	1	0
OEKLIE_01309	contig_84	9234	9554	-	GEGEGB_03538	1	persistent	2	1	0
OEKLIE_01310	contig_84	9624	10013	-	LNHIMF_03994	1	persistent	1	2	1
OEKLIE_01311	contig_84	10141	10233	-	BENMGJ_00575	1	shell	1	1	0
OEKLIE_01312	contig_84	10272	10523	-	HFCAGB_04192	1	shell	2	1	0
OEKLIE_01313	contig_84	10709	10912	+	GEGEGB_03535	1	persistent	1	1	1
OEKLIE_01314	contig_84	10949	11773	+	GEGEGB_03534	1	persistent	2	0	0
OEKLIE_01315	contig_84	11770	12477	+	GEGEGB_03533	1	persistent	2	0	0
OEKLIE_01316	contig_84	12474	13376	+	GEGEGB_03532	1	persistent	2	0	0
OEKLIE_01317	contig_84	13376	14092	+	GEGEGB_03531	1	persistent	2	0	0
OEKLIE_01318	contig_84	14228	16390	+	LNHIMF_04001	1	persistent	2	0	0
OEKLIE_01319	contig_84	16862	17812	+	GEGEGB_03529	1	persistent	2	2	0
OEKLIE_01320	contig_84	17861	18241	-	GEGEGB_03528	1	shell	1	1	0
OEKLIE_01321	contig_84	18257	18715	-	GEGEGB_03527	1	shell	1	1	0
OEKLIE_01322	contig_84	18750	19634	-	HFCAGB_04202	1	persistent	2	2	0
OEKLIE_01323	contig_84	19678	20145	-	GEGEGB_03525	1	persistent	2	0	0
OEKLIE_01324	contig_84	20310	21179	+	GEGEGB_03524	1	persistent	2	0	0
OEKLIE_01325	contig_84	21245	23092	+	GEGEGB_03523	1	persistent	2	0	0
OEKLIE_01326	contig_84	23156	23776	+	GEGEGB_03522	1	persistent	2	0	0
OEKLIE_01327	contig_84	23816	24436	-	GEGEGB_03521	1	persistent	2	0	0
OEKLIE_01328	contig_84	24547	25563	+	LNHIMF_04009	1	persistent	2	0	0
OEKLIE_01329	contig_84	25579	26379	+	LNHIMF_04010	1	persistent	2	0	0
OEKLIE_01330	contig_84	26460	27359	+	GEGEGB_03518	1	persistent	2	0	0
OEKLIE_01331	contig_84	27247	28200	-	GEGEGB_03517	1	persistent	2	0	0
OEKLIE_01332	contig_84	28449	30713	+	LNHIMF_04013	1	persistent	2	0	0
OEKLIE_01333	contig_84	31105	32400	+	LNHIMF_04014	1	persistent	2	0	0
OEKLIE_01334	contig_84	32480	33292	-	GEGEGB_03514	1	persistent	2	0	0
OEKLIE_01335	contig_84	33551	34312	+	GEGEGB_03513	1	persistent	2	0	0
OEKLIE_01336	contig_84	34452	35882	+	GEGEGB_03512	1	persistent	2	0	0
OEKLIE_01337	contig_84	35978	36733	+	GEGEGB_03511	1	persistent	2	0	0
OEKLIE_01338	contig_84	36743	37348	+	GEGEGB_03510	1	persistent	2	0	0
OEKLIE_01340	contig_84	37345	38985	+	GEGEGB_03508	1	persistent	2	0	0
OEKLIE_01341	contig_84	39191	39445	+	GEGEGB_03507	1	persistent	2	0	0
OEKLIE_01342	contig_84	39449	39997	+	GEGEGB_03506	1	persistent	2	0	0
OEKLIE_01343	contig_84	40000	40779	+	GEGEGB_03505	1	persistent	2	0	0
OEKLIE_01344	contig_84	40809	41603	+	GEGEGB_03504	1	persistent	2	0	0
OEKLIE_01345	contig_84	41611	42099	-	LNHIMF_04026	1	persistent	2	0	0
OEKLIE_01346	contig_84	42285	43763	+	GEGEGB_03502	1	persistent	2	0	0
OEKLIE_01347	contig_84	43849	44550	+	LNHIMF_04028	1	persistent	2	0	0
OEKLIE_01348	contig_84	44804	46627	+	GEGEGB_03500	1	persistent	2	0	0
OEKLIE_01349	contig_84	46824	47987	-	GEGEGB_03499	1	persistent	2	0	0
OEKLIE_01350	contig_84	47997	50186	-	GEGEGB_03498	1	persistent	2	0	0
OEKLIE_01351	contig_84	50376	51707	+	GEGEGB_03497	1	persistent	2	0	0
OEKLIE_01352	contig_84	51707	52321	+	BEJGEH_04039	1	persistent	2	0	0
OEKLIE_01353	contig_84	52360	53811	+	GEGEGB_03495	1	persistent	2	0	0
OEKLIE_01354	contig_84	53823	54173	+	GEGEGB_03494	1	persistent	3	0	0
OEKLIE_01355	contig_85	34	540	+	GEGEGB_01115	1	persistent	2	0	0
OEKLIE_01356	contig_85	593	1393	+	GEGEGB_01114	1	persistent	2	0	0
OEKLIE_01357	contig_85	1406	2257	+	GEGEGB_01113	1	persistent	2	0	0
OEKLIE_01358	contig_85	2315	2773	+	GEGEGB_01112	1	persistent	2	0	0
OEKLIE_01359	contig_85	3183	3749	+	GEGEGB_01111	1	persistent	2	0	0
OEKLIE_01360	contig_85	3746	4555	-	LNHIMF_01906	1	persistent	2	0	0
OEKLIE_01361	contig_85	4621	6366	-	GEGEGB_01109	1	persistent	2	0	0
OEKLIE_01362	contig_85	6586	6795	-	GEGEGB_01108	2	persistent	4	0	0
OEKLIE_01363	contig_85	7600	7887	-	GEGEGB_01107	1	persistent	2	0	0
OEKLIE_01364	contig_85	7958	8101	-	GEGEGB_01106	1	persistent	2	0	0
OEKLIE_01365	contig_85	8259	8498	+	GEGEGB_01105	1	persistent	2	0	0
OEKLIE_01366	contig_85	8710	9501	-	LNHIMF_01912	1	persistent	2	1	0
OEKLIE_01367	contig_85	9677	11050	+	BEJGEH_01222	1	persistent	2	1	0
OEKLIE_01368	contig_85	11098	11979	-	GEGEGB_01101	1	persistent	2	0	0
OEKLIE_01369	contig_85	12173	14221	-	GEGEGB_01100	1	persistent	2	0	0
OEKLIE_01370	contig_85	14241	14927	-	GEGEGB_01099	1	persistent	2	0	0
OEKLIE_01371	contig_85	15025	15594	-	LNHIMF_01917	1	persistent	2	0	0
OEKLIE_01372	contig_85	15651	16934	+	LNHIMF_01918	1	persistent	2	0	0
OEKLIE_01373	contig_85	16903	19536	+	GEGEGB_01096	1	persistent	2	0	0
OEKLIE_01374	contig_85	19512	21053	+	LNHIMF_01920	1	persistent	2	0	0
OEKLIE_01375	contig_85	21168	21407	+	GEGEGB_01094	1	persistent	2	0	0
OEKLIE_01376	contig_85	21518	21709	+	GEGEGB_01093	1	persistent	2	0	1
OEKLIE_01377	contig_85	21728	22378	-	GEGEGB_01092	1	persistent	3	0	0
OEKLIE_01378	contig_85	22396	22629	-	HFCAGB_01423	1	persistent	2	0	0
OEKLIE_01379	contig_85	22602	22766	-	GEGEGB_01090	1	persistent	3	0	1
OEKLIE_01380	contig_85	23051	23773	-	BEJGEH_01210	1	persistent	2	0	0
OEKLIE_01381	contig_85	24457	24852	+	LNHIMF_01926	1	persistent	2	0	0
OEKLIE_01382	contig_85	25182	25658	+	LNHIMF_01927	1	persistent	2	0	2
OEKLIE_01383	contig_85	26046	26465	-	LNHIMF_01928	1	persistent	1	2	6
OEKLIE_01384	contig_85	27747	27893	-	AJBGEP_01953	1	shell	1	1	0
OEKLIE_01385	contig_85	27893	28750	-	AJBGEP_01954	1	shell	1	3	4
OEKLIE_01386	contig_85	28874	29242	+	AJBGEP_01955	1	shell	0	2	1
OEKLIE_01387	contig_85	30546	31460	+	AJBGEP_01956	1	shell	1	2	3
OEKLIE_01388	contig_85	31593	31751	+	GEGEGB_01081	1	shell	0	2	0
OEKLIE_01389	contig_85	31761	32375	+	LNHIMF_01935	1	shell	0	2	1
OEKLIE_01390	contig_85	32824	32946	-	BENMGJ_03766	1	shell	0	4	2
OEKLIE_01391	contig_85	33547	33705	+	LNHIMF_01937	1	shell	0	3	1
OEKLIE_01392	contig_85	34338	34418	+	AJBGEP_01961	2	shell	0	4	1
OEKLIE_01393	contig_85	34515	35396	-	AJBGEP_01962	1	shell	0	5	1
OEKLIE_01394	contig_85	35551	35814	-	IKCLMC_04289	1	shell	0	3	4
OEKLIE_01395	contig_85	36122	36289	+	LNHIMF_01943	1	shell	0	2	2
OEKLIE_01396	contig_85	36546	37079	-	AJBGEP_01965	1	shell	0	2	5
OEKLIE_01397	contig_85	37133	37363	-	AJBGEP_01966	1	shell	0	2	2
OEKLIE_01398	contig_85	37394	38047	+	ODDLKH_02363	1	shell	1	1	0
OEKLIE_01399	contig_85	38107	38961	+	PAPNPA_00762	1	persistent	1	1	8
OEKLIE_01402	contig_85	39335	39688	-	GEGEGB_01072	1	persistent	2	0	1
OEKLIE_01403	contig_85	39705	40580	-	LNHIMF_01950	1	persistent	2	0	0
OEKLIE_01404	contig_85	40581	40955	-	LNHIMF_01951	1	persistent	2	0	0
OEKLIE_01405	contig_85	41093	41323	+	GEGEGB_01069	1	persistent	2	0	0
OEKLIE_01406	contig_85	41431	42087	+	LNHIMF_01953	1	persistent	2	0	0
OEKLIE_01407	contig_85	42111	42809	+	GEGEGB_01067	1	persistent	2	0	0
OEKLIE_01408	contig_85	42844	44895	-	GEGEGB_01066	1	persistent	2	0	0
OEKLIE_01409	contig_85	45108	45767	-	LNHIMF_01956	1	persistent	2	0	0
OEKLIE_01410	contig_85	45861	46214	-	GEGEGB_01064	1	persistent	2	0	0
OEKLIE_01411	contig_85	46282	46572	-	GEGEGB_01063	1	persistent	2	0	0
OEKLIE_01412	contig_85	46703	47881	+	GEGEGB_01062	1	persistent	2	0	0
OEKLIE_01413	contig_85	47981	48622	-	LNHIMF_01960	1	persistent	2	0	0
OEKLIE_01414	contig_85	48660	50471	-	GEGEGB_01060	1	persistent	2	0	0
OEKLIE_01415	contig_85	50706	52181	-	LNHIMF_01962	1	persistent	2	0	0
OEKLIE_01416	contig_85	52523	53392	+	GEGEGB_01058	1	persistent	2	0	1
OEKLIE_01417	contig_85	53516	54958	+	GEGEGB_01057	1	persistent	2	1	0
OEKLIE_01418	contig_85	55031	55294	-	GEGEGB_01056	1	persistent	2	1	0
OEKLIE_01419	contig_86	332	1018	+	LNHIMF_01729	1	persistent	3	0	0
OEKLIE_01420	contig_86	1490	2008	-	LNHIMF_01731	1	persistent	3	0	2
OEKLIE_01421	contig_86	2146	2970	-	BEJGEH_01400	1	persistent	2	0	0
OEKLIE_01422	contig_86	2997	4979	-	LNHIMF_01733	1	persistent	2	0	2
OEKLIE_01423	contig_86	5054	5899	-	LNHIMF_01734	1	persistent	2	0	0
OEKLIE_01424	contig_86	6308	7051	+	LNHIMF_01735	1	persistent	2	0	0
OEKLIE_01425	contig_86	7496	8551	+	BEJGEH_01396	2	persistent	2	0	0
OEKLIE_01426	contig_86	8765	9001	-	GEGEGB_01671	1	persistent	2	0	0
OEKLIE_01427	contig_86	9130	9720	-	GEGEGB_01672	1	persistent	2	0	0
OEKLIE_01428	contig_86	9798	10511	+	GEGEGB_01673	1	persistent	2	0	0
OEKLIE_01429	contig_86	10602	11438	-	ALJMDI_03500	1	persistent	2	0	0
OEKLIE_01430	contig_86	11745	12650	-	LNHIMF_01741	1	persistent	2	0	0
OEKLIE_01431	contig_86	12769	13698	+	LNHIMF_01742	1	persistent	2	0	0
OEKLIE_01432	contig_86	13795	15408	-	BEJGEH_01389	1	persistent	2	0	0
OEKLIE_01433	contig_86	15598	16326	+	GEGEGB_01678	1	persistent	2	0	0
OEKLIE_01434	contig_86	16301	17266	-	LNHIMF_01745	1	persistent	2	0	0
OEKLIE_01435	contig_86	17382	17888	+	LNHIMF_01746	1	persistent	2	1	1
OEKLIE_01436	contig_86	17938	18162	+	GEGEGB_00636	1	cloud	4	1	1
OEKLIE_01438	contig_86	18119	18577	+	GEGEGB_00250	8	shell	58	4	2
OEKLIE_01439	contig_86	18690	20231	-	GEGEGB_01684	1	persistent	2	1	0
OEKLIE_01440	contig_86	20379	21440	-	LNHIMF_01748	1	persistent	2	0	0
OEKLIE_01441	contig_86	21437	22834	-	GEGEGB_01686	1	persistent	2	0	0
OEKLIE_01442	contig_86	22983	23297	-	GEGEGB_01687	1	persistent	2	0	1
OEKLIE_01443	contig_86	23408	23599	-	OEKLIE_01443	1	cloud	2	0	0
OEKLIE_01444	contig_86	23622	23981	-	LNHIMF_01752	1	persistent	2	0	1
OEKLIE_01445	contig_86	23981	24205	-	GEGEGB_01690	1	persistent	2	0	0
OEKLIE_01446	contig_86	24265	24933	-	GEGEGB_01691	1	persistent	2	0	0
OEKLIE_01447	contig_86	25104	26084	+	LNHIMF_01755	1	persistent	2	0	0
OEKLIE_01448	contig_86	26196	27845	+	LNHIMF_01756	1	persistent	2	0	0
OEKLIE_01449	contig_86	27842	28807	+	GEGEGB_01694	1	persistent	2	0	1
OEKLIE_01450	contig_86	28794	29684	+	GEGEGB_01699	1	persistent	2	0	2
OEKLIE_01451	contig_86	29684	30676	+	GEGEGB_01700	1	persistent	2	0	0
OEKLIE_01452	contig_86	30678	31484	+	LNHIMF_01764	1	persistent	2	0	0
OEKLIE_01453	contig_86	31500	32207	-	LNHIMF_01765	1	persistent	2	0	0
OEKLIE_01454	contig_86	32674	34047	-	HFCAGB_01582	1	persistent	2	0	0
OEKLIE_01455	contig_86	34653	35441	+	GEGEGB_01704	1	persistent	2	0	0
OEKLIE_01456	contig_86	35641	36774	+	BEJGEH_01368	1	persistent	2	0	0
OEKLIE_01457	contig_86	36863	38797	+	LNHIMF_01769	1	persistent	2	0	0
OEKLIE_01458	contig_86	39059	41041	+	LNHIMF_01770	1	persistent	2	0	0
OEKLIE_01459	contig_86	41163	41342	+	GEGEGB_01708	1	persistent	2	0	0
OEKLIE_01460	contig_86	41459	42181	+	GEGEGB_01709	1	persistent	2	0	0
OEKLIE_01461	contig_86	42440	42658	+	LNHIMF_01773	1	persistent	2	0	0
OEKLIE_01462	contig_86	42778	43104	-	GEGEGB_01711	1	persistent	2	0	0
OEKLIE_01463	contig_86	43104	43841	-	GEGEGB_01712	1	persistent	2	0	0
OEKLIE_01464	contig_86	44032	45201	-	GEGEGB_01713	1	persistent	2	0	0
OEKLIE_01465	contig_86	45208	45516	-	GEGEGB_01714	1	persistent	2	0	0
OEKLIE_01466	contig_86	45666	46430	-	GEGEGB_01715	1	persistent	2	0	0
OEKLIE_01467	contig_86	46626	47216	+	GEGEGB_01716	1	persistent	2	0	0
OEKLIE_01468	contig_86	47272	49947	-	LNHIMF_01780	1	persistent	2	0	0
OEKLIE_01470	contig_86	50503	50631	-	GEGEGB_01719	1	persistent	2	0	0
OEKLIE_01471	contig_86	50924	51898	-	GEGEGB_01720	1	persistent	2	0	0
OEKLIE_01472	contig_86	52309	54906	-	GEGEGB_01722	1	persistent	2	0	0
OEKLIE_01473	contig_86	55309	55560	+	GEGEGB_01723	1	persistent	2	0	0
OEKLIE_01474	contig_86	55602	56642	-	LNHIMF_01787	1	persistent	2	0	0
OEKLIE_01475	contig_86	56886	57647	+	GEGEGB_01725	1	persistent	2	0	0
OEKLIE_01476	contig_86	57644	58234	+	LNHIMF_01789	1	persistent	2	0	0
OEKLIE_01477	contig_86	58321	59196	-	GEGEGB_01727	1	persistent	2	0	0
OEKLIE_01478	contig_86	59297	59599	-	GEGEGB_01728	2	persistent	2	0	0
OEKLIE_01479	contig_87	217	441	+	OEKLIE_01479	1	cloud	0	0	1
OEKLIE_01480	contig_87	445	693	+	OEKLIE_01480	1	cloud	0	0	2
OEKLIE_01481	contig_87	686	1288	+	OEKLIE_01481	1	cloud	0	0	2
OEKLIE_01482	contig_87	1455	1793	+	OEKLIE_01482	1	cloud	0	0	2
OEKLIE_01483	contig_87	1977	2168	+	OEKLIE_01483	1	cloud	0	0	2
OEKLIE_01484	contig_87	2237	2833	+	OEKLIE_01484	1	cloud	0	0	2
OEKLIE_01485	contig_87	2830	3123	+	OEKLIE_01485	1	cloud	0	0	2
OEKLIE_01486	contig_87	3120	3698	+	OEKLIE_01486	1	cloud	0	0	2
OEKLIE_01487	contig_87	4091	4279	+	AJBGEP_01272	1	cloud	0	2	7
OEKLIE_01489	contig_87	4476	4784	+	AJBGEP_01276	1	cloud	0	0	4
OEKLIE_01490	contig_87	4762	5250	+	IKCLMC_00203	1	cloud	0	0	4
OEKLIE_01491	contig_87	5235	6158	+	OEKLIE_01491	1	cloud	0	0	2
OEKLIE_01492	contig_87	6155	6619	+	OEKLIE_01492	1	cloud	0	1	6
OEKLIE_01493	contig_87	7126	7755	+	IKCLMC_00925	1	cloud	0	0	3
OEKLIE_01494	contig_87	7758	9377	+	IKCLMC_00926	1	cloud	0	0	3
OEKLIE_01495	contig_87	9379	10848	+	OEKLIE_01495	1	cloud	0	0	2
OEKLIE_01496	contig_87	10919	11452	+	OEKLIE_01496	1	cloud	0	0	2
OEKLIE_01497	contig_87	11504	12781	+	OEKLIE_01497	1	cloud	0	0	2
OEKLIE_01498	contig_87	12793	13296	+	OEKLIE_01498	1	cloud	0	0	2
OEKLIE_01499	contig_87	13308	14255	+	OEKLIE_01499	1	cloud	0	0	2
OEKLIE_01500	contig_87	14305	14673	+	OEKLIE_01500	1	cloud	0	0	2
OEKLIE_01501	contig_87	14642	15052	+	OEKLIE_01501	1	cloud	0	0	2
OEKLIE_01502	contig_87	15049	15558	+	OEKLIE_01502	1	cloud	0	0	2
OEKLIE_01503	contig_87	15558	15962	+	OEKLIE_01503	1	cloud	0	0	2
OEKLIE_01504	contig_87	15955	16500	+	OEKLIE_01504	1	cloud	0	0	2
OEKLIE_01505	contig_87	16504	17649	+	OEKLIE_01505	1	cloud	0	0	3
OEKLIE_01506	contig_87	17661	18101	+	OEKLIE_01506	1	cloud	0	0	2
OEKLIE_01507	contig_87	18105	18557	+	OEKLIE_01507	1	cloud	0	0	2
OEKLIE_01508	contig_87	18735	20687	+	OEKLIE_01508	1	cloud	0	0	2
OEKLIE_01509	contig_87	20687	21337	+	OEKLIE_01509	1	cloud	0	0	2
OEKLIE_01510	contig_87	21341	21643	+	OEKLIE_01510	1	cloud	0	0	2
OEKLIE_01511	contig_87	21646	22680	+	GEGEGB_01985	1	cloud	0	0	3
OEKLIE_01512	contig_87	22677	23012	+	OEKLIE_01512	1	cloud	0	0	2
OEKLIE_01513	contig_87	23019	23336	-	OEKLIE_01513	1	cloud	0	0	2
OEKLIE_01514	contig_87	23455	23616	+	OEKLIE_01514	1	cloud	0	0	2
OEKLIE_01516	contig_87	23689	24249	+	OEKLIE_01516	1	cloud	0	0	2
OEKLIE_01517	contig_87	24314	25099	+	OEKLIE_01517	1	cloud	0	0	2
OEKLIE_01518	contig_87	25163	25918	+	OEKLIE_01518	1	cloud	0	0	3
OEKLIE_01519	contig_87	25918	26271	+	OEKLIE_01519	1	cloud	0	0	2
OEKLIE_01520	contig_87	26272	27471	+	OEKLIE_01520	1	cloud	0	0	2
OEKLIE_01521	contig_87	27468	28148	+	OEKLIE_01521	1	cloud	0	0	3
OEKLIE_01522	contig_87	28158	29372	+	GEGEGB_04551	1	cloud	0	0	4
OEKLIE_01523	contig_87	29379	29783	+	GEGEGB_04550	2	cloud	1	1	6
OEKLIE_01524	contig_87	30555	31202	-	OEKLIE_01524	1	cloud	0	0	2
OEKLIE_01525	contig_87	31259	31525	-	OEKLIE_01525	1	cloud	1	0	1
OEKLIE_01527	contig_87	31916	32596	-	BEJGEH_00991	1	persistent	2	1	1
OEKLIE_01528	contig_87	32818	33693	-	LNHIMF_01121	1	persistent	2	0	1
OEKLIE_01530	contig_87	34241	34582	-	GEGEGB_01934	1	persistent	2	0	0
OEKLIE_01531	contig_87	34599	36284	-	LNHIMF_01124	1	persistent	3	0	0
OEKLIE_01532	contig_87	36787	36897	-	LNHIMF_01125	1	persistent	2	0	0
OEKLIE_01533	contig_87	37006	38568	-	HFCAGB_01141	1	persistent	3	0	0
OEKLIE_01534	contig_87	38648	40012	-	BEJGEH_00998	1	persistent	2	0	0
OEKLIE_01535	contig_87	40005	40742	-	LNHIMF_01128	1	persistent	2	0	0
OEKLIE_01536	contig_87	40821	41231	+	LNHIMF_01129	1	persistent	2	0	0
OEKLIE_01537	contig_87	41564	42076	-	LNHIMF_01130	1	persistent	2	0	0
OEKLIE_01538	contig_87	42094	43656	-	LNHIMF_01131	1	persistent	2	0	0
OEKLIE_01539	contig_87	43874	44314	-	GEGEGB_01926	1	persistent	2	0	0
OEKLIE_01540	contig_87	44589	45878	+	GEGEGB_01925	1	persistent	2	0	0
OEKLIE_01541	contig_87	45875	47341	+	BEJGEH_01005	1	persistent	2	0	0
OEKLIE_01542	contig_87	47343	48194	+	LNHIMF_01135	1	persistent	3	0	0
OEKLIE_01543	contig_87	48204	48584	+	GEGEGB_01921	1	persistent	2	0	0
OEKLIE_01544	contig_87	48727	49530	+	GEGEGB_01920	1	persistent	2	0	0
OEKLIE_01545	contig_87	49541	50332	+	GEGEGB_01919	1	persistent	2	0	0
OEKLIE_01546	contig_87	50404	51780	+	LNHIMF_01139	1	persistent	2	0	0
OEKLIE_01547	contig_87	51790	52686	+	LNHIMF_01140	1	persistent	2	0	0
OEKLIE_01548	contig_87	52700	53638	+	GEGEGB_01916	1	persistent	3	0	0
OEKLIE_01549	contig_87	54046	54408	-	LNHIMF_01142	1	persistent	2	0	0
OEKLIE_01550	contig_87	55062	55367	-	GEGEGB_01915	1	persistent	3	0	0
OEKLIE_01551	contig_87	55367	56287	-	GEGEGB_01914	1	persistent	2	0	0
OEKLIE_01552	contig_87	56522	56884	+	LNHIMF_01145	1	persistent	2	0	0
OEKLIE_01553	contig_87	56933	58819	+	LNHIMF_01146	1	persistent	2	0	0
OEKLIE_01554	contig_87	58816	59439	+	LNHIMF_01147	1	persistent	2	0	0
OEKLIE_01555	contig_87	59429	59935	+	LNHIMF_01148	1	persistent	2	0	0
OEKLIE_01556	contig_87	60068	61309	+	LNHIMF_01149	1	persistent	2	0	0
OEKLIE_01557	contig_87	61343	61570	-	GEGEGB_01908	1	persistent	2	0	0
OEKLIE_01558	contig_87	61591	62187	-	LNHIMF_01151	1	persistent	2	0	0
OEKLIE_01559	contig_87	62572	62739	+	GEGEGB_01513	3	persistent	6	0	0
OEKLIE_01560	contig_87	62876	63514	+	LNHIMF_01153	1	persistent	2	0	0
OEKLIE_01561	contig_87	63511	63906	-	GEGEGB_01904	1	persistent	2	0	0
OEKLIE_01562	contig_87	63965	65866	-	LNHIMF_01155	1	persistent	3	0	0
OEKLIE_01563	contig_88	266	409	-	OEKLIE_01563	1	cloud	1	0	0
OEKLIE_01564	contig_88	573	857	-	LNHIMF_02018	1	persistent	2	0	1
OEKLIE_01568	contig_88	1606	1863	-	GEGEGB_01001	2	persistent	3	0	0
OEKLIE_01569	contig_88	1826	2155	-	GEGEGB_01001	2	persistent	3	0	0
OEKLIE_01570	contig_88	2212	4044	-	GEGEGB_01000	1	persistent	2	0	0
OEKLIE_01571	contig_88	4041	4697	-	GEGEGB_00999	1	persistent	2	1	0
OEKLIE_01572	contig_88	4760	4837	-	GEGEGB_00998	1	shell	2	0	0
OEKLIE_01573	contig_88	5161	5385	+	GEGEGB_00997	1	persistent	2	1	0
OEKLIE_01574	contig_88	5452	6174	-	LNHIMF_02027	1	persistent	2	0	0
OEKLIE_01575	contig_88	6406	7158	-	GEGEGB_00995	1	persistent	2	0	0
OEKLIE_01576	contig_88	7155	7823	-	GEGEGB_00994	1	persistent	2	0	0
OEKLIE_01577	contig_88	7844	8830	-	LNHIMF_02030	1	persistent	2	0	0
OEKLIE_01578	contig_88	8984	9784	-	GEGEGB_00992	1	persistent	2	0	0
OEKLIE_01579	contig_88	9931	10482	-	GEGEGB_00991	1	persistent	2	0	0
OEKLIE_01580	contig_88	10541	11260	-	GEGEGB_00990	1	persistent	2	1	0
OEKLIE_01581	contig_88	11529	11987	-	GEGEGB_00250	8	shell	58	4	2
OEKLIE_01583	contig_88	12168	13373	-	LNHIMF_02034	1	persistent	1	3	2
OEKLIE_01584	contig_88	13452	14939	-	ONMMKP_00070	1	shell	2	0	0
OEKLIE_01585	contig_88	15196	16599	+	GEGEGB_00986	1	persistent	1	2	1
OEKLIE_01586	contig_88	16614	17021	+	LNHIMF_02037	1	persistent	2	0	1
OEKLIE_01587	contig_88	17021	17389	+	GEGEGB_00984	1	persistent	2	0	0
OEKLIE_01588	contig_88	17461	18945	+	LNHIMF_02039	1	persistent	2	0	0
OEKLIE_01589	contig_88	18985	19410	-	AJBGEP_02065	1	persistent	2	0	0
OEKLIE_01590	contig_88	19596	20729	+	LNHIMF_02041	1	persistent	2	0	0
OEKLIE_01591	contig_88	20797	21030	+	GEGEGB_00980	1	persistent	2	1	0
OEKLIE_01592	contig_88	21801	22115	-	LNHIMF_02043	1	persistent	2	1	0
OEKLIE_01593	contig_88	22332	24014	+	LNHIMF_02044	1	persistent	2	0	0
OEKLIE_01594	contig_88	24007	25002	+	GEGEGB_00976	1	persistent	2	0	0
OEKLIE_01595	contig_88	24995	25702	+	GEGEGB_00975	1	persistent	2	0	0
OEKLIE_01596	contig_88	25702	27072	+	LNHIMF_02047	1	persistent	2	0	0
OEKLIE_01597	contig_88	27094	27537	+	GEGEGB_00973	1	persistent	2	0	0
OEKLIE_01598	contig_88	27534	28751	+	LNHIMF_02049	1	persistent	2	0	0
OEKLIE_01599	contig_88	28856	29323	+	LNHIMF_02050	1	persistent	2	0	0
OEKLIE_01600	contig_88	29328	30332	+	GEGEGB_00970	1	persistent	2	0	0
OEKLIE_01601	contig_88	30329	30742	+	LNHIMF_02052	1	persistent	2	0	0
OEKLIE_01602	contig_88	30742	31119	+	GEGEGB_00968	1	persistent	2	0	0
OEKLIE_01603	contig_88	31119	31856	+	GEGEGB_00967	1	persistent	2	0	0
OEKLIE_01604	contig_88	31866	32135	+	GEGEGB_00966	1	persistent	2	0	0
OEKLIE_01605	contig_88	32144	32938	+	LNHIMF_02056	1	persistent	2	0	0
OEKLIE_01606	contig_88	33220	33843	+	LNHIMF_02057	1	persistent	2	0	0
OEKLIE_01607	contig_88	33882	34076	-	GEGEGB_00963	1	persistent	2	0	0
OEKLIE_01608	contig_88	34205	34432	+	GEGEGB_00962	1	persistent	2	0	0
OEKLIE_01610	contig_88	34742	35557	+	GEGEGB_00960	1	persistent	2	0	0
OEKLIE_01611	contig_88	35536	37248	-	GEGEGB_00959	1	persistent	2	0	0
OEKLIE_01612	contig_88	37413	37598	-	GEGEGB_00958	1	persistent	2	0	0
OEKLIE_01613	contig_88	37675	38586	-	BEJGEH_01078	1	persistent	2	0	0
OEKLIE_01614	contig_88	38762	39682	+	GEGEGB_00955	1	persistent	2	0	0
OEKLIE_01615	contig_88	39671	40141	-	GEGEGB_00954	1	persistent	2	0	0
OEKLIE_01616	contig_88	40122	41552	-	LNHIMF_02067	1	persistent	2	0	0
OEKLIE_01617	contig_88	41626	42321	-	LNHIMF_02068	1	persistent	2	0	0
OEKLIE_01618	contig_88	42413	42712	-	GEGEGB_00951	1	persistent	2	0	0
OEKLIE_01620	contig_88	43362	44558	+	LNHIMF_02071	1	persistent	2	0	0
OEKLIE_01622	contig_88	45018	45230	-	LNHIMF_02073	1	persistent	2	0	1
OEKLIE_01623	contig_88	45685	46953	-	LNHIMF_02074	2	persistent	3	1	1
OEKLIE_01624	contig_88	46956	47375	-	GEGEGB_00945	1	persistent	1	1	4
OEKLIE_01626	contig_88	48728	49735	+	HFCAGB_02172	1	cloud	1	0	2
OEKLIE_01627	contig_88	49736	49885	-	HFCAGB_02173	1	cloud	0	0	2
OEKLIE_01628	contig_88	50020	50589	-	HFCAGB_02174	1	cloud	0	0	3
OEKLIE_01629	contig_88	50589	52151	-	LNHIMF_02156	1	cloud	0	0	2
OEKLIE_01630	contig_88	52138	52725	-	LNHIMF_02157	1	cloud	0	0	3
OEKLIE_01631	contig_88	52728	53249	-	LNHIMF_02158	2	cloud	0	0	2
OEKLIE_01632	contig_88	53284	53808	-	LNHIMF_02158	2	cloud	0	0	2
OEKLIE_01633	contig_88	53801	54214	-	LNHIMF_02159	1	cloud	0	0	2
OEKLIE_01634	contig_88	54219	54752	-	LNHIMF_02160	1	cloud	0	0	2
OEKLIE_01635	contig_88	54752	55810	-	LNHIMF_02161	1	cloud	0	0	2
OEKLIE_01636	contig_88	55807	57147	-	LNHIMF_02162	1	cloud	0	0	3
OEKLIE_01637	contig_88	57181	59109	-	HFCAGB_02182	1	cloud	0	0	4
OEKLIE_01638	contig_88	59194	59520	-	LNHIMF_04314	1	cloud	0	0	2
OEKLIE_01639	contig_88	59517	59873	-	LNHIMF_02165	1	cloud	0	0	3
OEKLIE_01640	contig_88	59873	61369	-	LNHIMF_02166	1	cloud	0	0	2
OEKLIE_01641	contig_88	61359	61523	-	LNHIMF_02167	1	cloud	0	0	2
OEKLIE_01642	contig_88	61527	62087	-	LNHIMF_02168	1	cloud	0	0	2
OEKLIE_01643	contig_88	62084	62596	-	LNHIMF_02169	1	cloud	0	0	3
OEKLIE_01644	contig_88	62568	62972	-	OEKLIE_01644	1	cloud	0	0	2
OEKLIE_01645	contig_88	62969	63292	-	LNHIMF_02171	1	cloud	0	0	2
OEKLIE_01646	contig_88	63295	63495	-	HFCAGB_02191	1	cloud	0	0	2
OEKLIE_01647	contig_88	63546	64751	-	HFCAGB_02192	1	cloud	0	0	2
OEKLIE_01648	contig_88	64766	65416	-	LNHIMF_02174	1	cloud	0	0	2
OEKLIE_01649	contig_88	65394	66233	-	AJBGEP_02125	1	cloud	0	0	2
OEKLIE_01650	contig_89	821	2458	-	GEGEGB_02998	1	persistent	2	0	0
OEKLIE_01651	contig_89	2686	3486	-	LNHIMF_02992	1	persistent	1	2	0
OEKLIE_01652	contig_89	4254	4550	-	LNHIMF_02993	1	shell	2	0	1
OEKLIE_01653	contig_89	4516	4803	-	GEGEGB_03010	1	persistent	1	1	1
OEKLIE_01654	contig_89	4956	7190	-	GEGEGB_03011	1	persistent	2	1	0
OEKLIE_01655	contig_89	7242	8537	-	BEJGEH_02963	1	persistent	2	0	0
OEKLIE_01656	contig_89	8595	11351	+	LNHIMF_02997	1	persistent	2	0	0
OEKLIE_01657	contig_89	11395	12537	-	GEGEGB_03014	1	persistent	2	0	0
OEKLIE_01658	contig_89	12615	13955	-	LNHIMF_02999	1	persistent	2	0	0
OEKLIE_01659	contig_89	13976	15316	-	LNHIMF_03000	1	persistent	2	0	0
OEKLIE_01660	contig_89	15313	16671	-	LNHIMF_03001	1	persistent	2	0	0
OEKLIE_01661	contig_89	17152	17601	-	LNHIMF_03002	1	persistent	2	0	0
OEKLIE_01662	contig_89	17620	18402	-	LNHIMF_03003	1	persistent	2	0	0
OEKLIE_01663	contig_89	18402	18731	-	GEGEGB_03020	1	persistent	2	0	0
OEKLIE_01665	contig_89	19343	19888	-	GEGEGB_03022	1	persistent	2	0	0
OEKLIE_01666	contig_89	19957	20805	+	GEGEGB_03023	1	persistent	2	0	0
OEKLIE_01667	contig_89	20918	22282	+	LNHIMF_03008	1	persistent	2	0	0
OEKLIE_01668	contig_89	22847	24136	+	LNHIMF_03009	1	persistent	2	0	0
OEKLIE_01669	contig_89	24195	25562	+	GEGEGB_03026	1	persistent	2	0	0
OEKLIE_01670	contig_89	25733	26488	+	GEGEGB_03027	1	persistent	2	0	0
OEKLIE_01671	contig_89	26580	27728	-	GEGEGB_03028	1	persistent	2	0	0
OEKLIE_01672	contig_89	27745	28392	-	GEGEGB_03029	1	persistent	2	0	0
OEKLIE_01673	contig_89	28947	30263	+	LNHIMF_03014	1	persistent	2	0	1
OEKLIE_01674	contig_89	30295	32070	+	LNHIMF_03015	1	persistent	2	0	1
OEKLIE_01675	contig_89	32171	33589	+	LNHIMF_03016	1	persistent	2	0	0
OEKLIE_01676	contig_89	33591	34013	+	GEGEGB_03033	1	persistent	2	0	0
OEKLIE_01677	contig_89	34071	34781	+	GEGEGB_03034	1	persistent	2	0	0
OEKLIE_01678	contig_89	34840	35940	-	GEGEGB_03035	1	persistent	2	0	0
OEKLIE_01679	contig_89	35933	36328	-	GEGEGB_03036	1	persistent	2	0	0
OEKLIE_01680	contig_89	36347	37264	-	GEGEGB_03037	1	persistent	2	0	0
OEKLIE_01681	contig_89	37221	37343	-	LNHIMF_03022	1	persistent	2	0	0
OEKLIE_01683	contig_89	37611	37838	-	GEGEGB_03040	1	persistent	2	0	0
OEKLIE_01684	contig_89	38031	39236	+	GEGEGB_03041	1	persistent	2	0	0
OEKLIE_01685	contig_89	39236	39679	+	GEGEGB_03042	1	persistent	2	0	0
OEKLIE_01686	contig_89	39952	40866	+	GEGEGB_03043	1	persistent	2	0	0
OEKLIE_01687	contig_89	40918	41724	-	GEGEGB_03044	2	persistent	2	0	0
OEKLIE_01688	contig_89	41834	42931	-	GEGEGB_03045	1	persistent	2	0	0
OEKLIE_01691	contig_89	43431	44684	-	LNHIMF_03032	1	persistent	2	0	0
OEKLIE_01692	contig_89	44917	46248	+	GEGEGB_03049	1	persistent	2	0	0
OEKLIE_01693	contig_89	46351	48186	-	LNHIMF_03034	1	persistent	2	0	0
OEKLIE_01694	contig_89	48183	51728	-	GEGEGB_03051	1	persistent	2	0	0
OEKLIE_01695	contig_89	51721	54609	-	GEGEGB_03052	1	persistent	2	0	0
OEKLIE_01696	contig_89	54787	58158	-	GEGEGB_03053	1	persistent	2	0	0
OEKLIE_01697	contig_89	58174	58494	-	LNHIMF_03038	1	persistent	2	0	0
OEKLIE_01698	contig_89	58479	58886	-	GEGEGB_03055	1	persistent	2	0	0
OEKLIE_01699	contig_89	58883	59446	-	LNHIMF_03040	1	persistent	2	0	0
OEKLIE_01700	contig_89	59437	59907	-	GEGEGB_03057	1	persistent	2	1	0
OEKLIE_01701	contig_89	60092	60886	-	LNHIMF_03042	1	persistent	2	1	0
OEKLIE_01702	contig_89	60893	61768	-	GEGEGB_03061	1	persistent	2	0	0
OEKLIE_01703	contig_89	61984	64230	-	GEGEGB_03062	1	persistent	2	0	0
OEKLIE_01704	contig_89	64243	64773	-	GEGEGB_03063	1	persistent	2	0	0
OEKLIE_01705	contig_89	65456	66151	+	GEGEGB_03064	1	persistent	2	0	0
OEKLIE_01706	contig_89	66333	67046	+	GEGEGB_03065	1	persistent	2	0	0
OEKLIE_01707	contig_89	67216	67434	+	GEGEGB_03066	1	persistent	2	0	0
OEKLIE_01708	contig_90	557	1957	-	GEGEGB_02043	1	persistent	3	0	1
OEKLIE_01709	contig_90	2158	2619	-	GEGEGB_02042	1	persistent	2	0	0
OEKLIE_01710	contig_90	2936	4150	+	BEJGEH_00959	1	persistent	2	0	0
OEKLIE_01711	contig_90	4395	5831	+	AJBGEP_00996	1	persistent	2	0	0
OEKLIE_01712	contig_90	5909	6328	-	LNHIMF_01090	2	persistent	3	1	0
OEKLIE_01713	contig_90	6380	7111	-	LNHIMF_01090	2	persistent	3	1	0
OEKLIE_01714	contig_90	7306	8598	-	HFCAGB_01050	1	shell	1	1	0
OEKLIE_01715	contig_90	8643	8891	-	GEGEGB_02036	1	shell	0	2	0
OEKLIE_01716	contig_90	8932	9171	-	GEGEGB_02035	3	shell	0	2	3
OEKLIE_01717	contig_90	9214	10323	-	LNHIMF_02203	3	shell	0	1	3
OEKLIE_01718	contig_90	10334	13219	-	OEKLIE_01718	2	cloud	0	1	3
OEKLIE_01720	contig_90	13346	13582	-	OEKLIE_01720	1	cloud	0	0	2
OEKLIE_01721	contig_90	13667	13825	-	LNHIMF_02199	1	cloud	0	0	4
OEKLIE_01722	contig_90	14128	14538	-	LNHIMF_02198	1	cloud	0	0	2
OEKLIE_01723	contig_90	14658	14897	+	LNHIMF_02197	1	cloud	0	1	1
OEKLIE_01724	contig_90	14917	15237	+	GEGEGB_02026	2	shell	0	1	10
OEKLIE_01725	contig_90	15328	16305	+	GEGEGB_02025	3	shell	0	2	0
OEKLIE_01726	contig_90	16308	17057	+	GEGEGB_02024	2	shell	0	2	0
OEKLIE_01727	contig_90	17068	17415	+	GEGEGB_02023	2	shell	0	1	4
OEKLIE_01728	contig_90	17412	17723	+	LNHIMF_02192	1	cloud	0	1	1
OEKLIE_01729	contig_90	17822	18091	+	OEKLIE_01729	1	cloud	0	1	1
OEKLIE_01730	contig_90	18383	18616	+	GEGEGB_02016	2	shell	0	2	9
OEKLIE_01731	contig_90	19032	19634	+	GEGEGB_02015	2	shell	0	2	2
OEKLIE_01732	contig_90	19634	19840	+	GEGEGB_02014	2	shell	0	2	1
OEKLIE_01733	contig_90	19843	20454	+	GEGEGB_02013	2	shell	0	3	0
OEKLIE_01734	contig_90	20587	21384	+	HFCAGB_01071	1	shell	0	3	4
OEKLIE_01735	contig_90	21550	21768	+	OEKLIE_01735	1	cloud	0	2	0
OEKLIE_01736	contig_90	21942	22067	+	GEGEGB_02011	1	shell	0	3	1
OEKLIE_01737	contig_90	22203	22652	-	GEGEGB_02010	1	shell	0	2	2
OEKLIE_01738	contig_90	22869	23006	+	HFCAGB_01370	1	shell	0	2	0
OEKLIE_01739	contig_90	23013	23486	-	AJBGEP_01023	2	shell	0	3	4
OEKLIE_01740	contig_90	23969	24304	+	HFCAGB_01372	1	shell	0	2	0
OEKLIE_01741	contig_90	24288	24740	+	HFCAGB_01373	2	shell	0	2	1
OEKLIE_01742	contig_90	24737	25237	+	BENMGJ_01252	2	cloud	0	2	3
OEKLIE_01743	contig_90	25445	25978	+	AJBGEP_01027	1	shell	0	1	1
OEKLIE_01744	contig_90	25938	28073	+	HFCAGB_01376	1	shell	0	4	1
OEKLIE_01745	contig_90	28070	28276	+	HFCAGB_01377	1	shell	0	1	1
OEKLIE_01746	contig_90	28273	29820	+	AJBGEP_01030	1	cloud	0	1	1
OEKLIE_01747	contig_90	29771	31825	+	BENMGJ_01257	1	cloud	0	0	2
OEKLIE_01748	contig_90	31916	32239	+	HFCAGB_01380	1	cloud	0	0	2
OEKLIE_01749	contig_90	32265	32531	+	HFCAGB_01381	1	cloud	0	0	2
OEKLIE_01750	contig_90	32512	33078	+	HFCAGB_01382	1	cloud	0	0	2
OEKLIE_01751	contig_90	33075	33476	+	HFCAGB_01383	1	cloud	0	0	2
OEKLIE_01752	contig_90	33488	34237	+	AJBGEP_01036	1	cloud	0	0	2
OEKLIE_01753	contig_90	34283	34681	+	HFCAGB_01385	1	cloud	0	1	1
OEKLIE_01754	contig_90	34756	35007	+	HFCAGB_01386	1	shell	0	1	1
OEKLIE_01755	contig_90	34988	38074	+	LNHIMF_00684	2	shell	0	4	0
OEKLIE_01756	contig_90	38071	38403	+	HFCAGB_01388	1	shell	0	1	1
OEKLIE_01757	contig_90	38502	38999	+	OEKLIE_01757	1	cloud	0	1	1
OEKLIE_01758	contig_90	39116	39649	-	HFCAGB_01390	1	cloud	0	0	2
OEKLIE_01759	contig_90	39739	40434	+	HFCAGB_01391	1	cloud	0	0	2
OEKLIE_01760	contig_90	40444	41181	+	AJBGEP_01044	1	cloud	0	0	2
OEKLIE_01761	contig_90	41241	41783	+	AJBGEP_01045	1	cloud	0	1	1
OEKLIE_01762	contig_90	41855	45205	+	AJBGEP_01046	1	shell	0	1	1
OEKLIE_01763	contig_90	45244	45486	+	LNHIMF_00690	2	shell	0	3	1
OEKLIE_01764	contig_90	45540	47978	+	AJBGEP_02772	2	shell	0	8	0
OEKLIE_01766	contig_90	47978	48559	+	AJBGEP_02770	2	shell	0	9	5
OEKLIE_01767	contig_90	49035	50003	+	AJBGEP_01051	1	shell	0	2	0
OEKLIE_01768	contig_90	50271	50519	+	AJBGEP_01052	1	shell	0	2	0
OEKLIE_01769	contig_90	50651	51277	-	OEKLIE_02525	2	shell	2	2	5
OEKLIE_01770	contig_90	51630	52316	-	HFCAGB_01104	1	shell	0	3	1
OEKLIE_01771	contig_90	52587	52841	-	AJBGEP_01055	1	shell	1	1	0
OEKLIE_01772	contig_90	53205	55817	+	LNHIMF_01091	1	persistent	2	1	2
OEKLIE_01773	contig_90	56025	57035	+	LNHIMF_01092	1	persistent	2	0	0
OEKLIE_01774	contig_90	57201	57743	+	GEGEGB_01971	1	persistent	2	0	0
OEKLIE_01775	contig_90	57740	58849	-	LNHIMF_01094	1	persistent	2	0	0
OEKLIE_01776	contig_90	58948	61056	+	LNHIMF_01095	1	persistent	2	0	0
OEKLIE_01777	contig_90	61069	62976	+	GEGEGB_01968	1	persistent	2	0	0
OEKLIE_01778	contig_90	62991	64244	+	GEGEGB_01967	1	persistent	2	0	0
OEKLIE_01779	contig_90	64249	65889	+	GEGEGB_01966	1	persistent	2	0	0
OEKLIE_01780	contig_90	65886	66449	+	GEGEGB_01965	1	persistent	2	0	0
OEKLIE_01781	contig_90	66972	67490	-	GEGEGB_01964	1	persistent	2	0	0
OEKLIE_01782	contig_90	67559	68728	-	GEGEGB_01963	1	persistent	2	0	1
OEKLIE_01783	contig_91	58	1443	+	IKCLMC_02021	2	shell	0	2	1
OEKLIE_01784	contig_91	1543	2085	+	GEGEGB_02727	1	shell	0	2	1
OEKLIE_01785	contig_91	2109	3602	+	LNHIMF_00288	1	shell	0	2	2
OEKLIE_01786	contig_91	3788	4234	+	HFCAGB_00291	1	shell	0	2	1
OEKLIE_01787	contig_91	4488	4973	+	GEGEGB_02722	2	shell	0	4	1
OEKLIE_01788	contig_91	5278	5763	+	AJBGEP_00292	1	shell	0	3	0
OEKLIE_01789	contig_91	5760	6131	+	PAPNPA_01836	1	shell	0	2	0
OEKLIE_01790	contig_91	6274	6759	+	GEGEGB_02722	2	shell	0	4	1
OEKLIE_01791	contig_91	6826	7362	+	GEGEGB_02721	1	shell	0	3	0
OEKLIE_01792	contig_91	7366	8709	+	GEGEGB_02720	1	shell	0	2	0
OEKLIE_01793	contig_91	8706	10010	+	GEGEGB_02719	1	shell	0	2	0
OEKLIE_01794	contig_91	10015	10788	+	HFCAGB_00296	1	shell	0	2	2
OEKLIE_01795	contig_91	11066	11422	+	AJBGEP_00299	1	shell	0	2	1
OEKLIE_01796	contig_91	11456	15325	+	HFCAGB_00298	1	shell	0	2	1
OEKLIE_01797	contig_91	15325	16113	+	HFCAGB_00299	1	shell	0	3	2
OEKLIE_01798	contig_91	16140	16526	+	GEGEGB_02711	1	shell	0	3	2
OEKLIE_01799	contig_91	16553	17071	+	BENMGJ_03886	1	shell	0	2	0
OEKLIE_01800	contig_91	17468	19657	+	PAPNPA_01857	1	shell	0	2	2
OEKLIE_01801	contig_91	19681	20127	+	GEGEGB_02708	1	shell	0	2	0
OEKLIE_01802	contig_91	20146	24240	+	AJBGEP_00306	1	shell	0	2	7
OEKLIE_01803	contig_91	24234	24497	+	OEKLIE_01803	1	cloud	0	1	1
OEKLIE_01804	contig_91	24657	25430	+	OEKLIE_01804	1	cloud	0	1	1
OEKLIE_01805	contig_91	25424	25870	+	LNHIMF_00308	1	shell	0	2	3
OEKLIE_01806	contig_91	26198	26335	-	OEKLIE_01806	1	cloud	0	2	1
OEKLIE_01807	contig_91	26433	26870	+	IKCLMC_02056	1	shell	0	2	1
OEKLIE_01808	contig_91	26923	27198	-	BENMGJ_03891	1	shell	0	2	4
OEKLIE_01810	contig_91	27696	27947	+	AJBGEP_00314	1	shell	0	3	3
OEKLIE_01811	contig_91	27940	28098	+	BEJGEH_00304	1	shell	0	2	0
OEKLIE_01812	contig_91	28350	28547	+	AJBGEP_00316	1	shell	1	2	3
OEKLIE_01813	contig_91	28773	29054	+	AJBGEP_00317	1	shell	1	4	4
OEKLIE_01814	contig_91	29816	30316	+	AJBGEP_00318	1	shell	1	1	0
OEKLIE_01815	contig_91	30424	31137	+	PAPNPA_01873	1	persistent	1	2	3
OEKLIE_01816	contig_91	31161	33671	+	BEJGEH_00308	1	persistent	2	0	0
OEKLIE_01817	contig_91	33693	34163	+	GEGEGB_02695	1	persistent	2	0	0
OEKLIE_01818	contig_91	34569	35390	+	LNHIMF_00320	1	persistent	2	0	1
OEKLIE_01819	contig_91	35272	35883	-	HFCAGB_00322	1	cloud	2	0	0
OEKLIE_01820	contig_91	36205	37152	+	LNHIMF_00321	1	persistent	2	1	4
OEKLIE_01821	contig_91	37488	38207	-	LNHIMF_00332	1	persistent	2	0	3
OEKLIE_01822	contig_91	38538	38945	-	GEGEGB_02682	1	persistent	2	0	0
OEKLIE_01823	contig_91	39316	40083	-	LNHIMF_00334	1	persistent	2	0	0
OEKLIE_01824	contig_91	40192	42636	-	LNHIMF_00335	1	persistent	2	0	0
OEKLIE_01825	contig_91	42876	43454	+	GEGEGB_02679	1	persistent	2	0	0
OEKLIE_01826	contig_91	43667	44434	+	LNHIMF_00337	1	persistent	2	0	0
OEKLIE_01827	contig_91	44405	45145	-	GEGEGB_02677	1	persistent	2	0	0
OEKLIE_01828	contig_91	45395	46450	+	GEGEGB_02676	1	persistent	2	0	0
OEKLIE_01829	contig_91	46669	47643	+	LNHIMF_00340	2	persistent	2	0	0
OEKLIE_01830	contig_91	47640	47801	+	LNHIMF_00340	2	persistent	2	0	0
OEKLIE_01831	contig_91	47798	48412	+	GEGEGB_02674	1	persistent	2	0	0
OEKLIE_01832	contig_91	48568	50025	-	LNHIMF_00342	1	persistent	2	0	0
OEKLIE_01833	contig_91	50274	50732	+	GEGEGB_02672	1	persistent	2	0	0
OEKLIE_01834	contig_91	50821	52065	+	LNHIMF_00344	1	persistent	2	0	0
OEKLIE_01835	contig_91	52123	52524	+	GEGEGB_02670	1	persistent	2	0	0
OEKLIE_01836	contig_91	52575	53627	-	GEGEGB_02669	1	persistent	2	0	0
OEKLIE_01837	contig_91	53910	55013	+	GEGEGB_02668	1	persistent	2	0	0
OEKLIE_01838	contig_91	55025	56275	+	HFCAGB_00340	1	persistent	2	3	3
OEKLIE_01840	contig_91	57266	57568	+	PKJKAM_03420	1	shell	1	4	0
OEKLIE_01841	contig_91	57519	57863	+	AJBGEP_00345	1	shell	0	3	0
OEKLIE_01842	contig_91	57808	58224	+	AJBGEP_00346	1	shell	0	4	0
OEKLIE_01843	contig_91	58358	58657	+	BEJGEH_00336	1	shell	0	2	1
OEKLIE_01844	contig_91	59004	60236	+	BEJGEH_00337	1	shell	0	2	0
OEKLIE_01845	contig_91	60368	61789	+	BEJGEH_00338	1	shell	0	2	0
OEKLIE_01846	contig_91	61791	62417	+	BEJGEH_00339	1	shell	0	2	1
OEKLIE_01847	contig_91	62432	63310	+	BEJGEH_00340	1	shell	0	2	0
OEKLIE_01848	contig_91	63310	64224	+	BEJGEH_00341	1	shell	0	2	1
OEKLIE_01849	contig_91	64258	65223	+	BEJGEH_00342	1	shell	0	2	0
OEKLIE_01850	contig_91	65168	65440	-	BEJGEH_00343	1	shell	2	1	0
OEKLIE_01851	contig_91	66131	66529	+	BEJGEH_00344	1	persistent	2	2	0
OEKLIE_01852	contig_91	66576	67334	-	GEGEGB_02664	1	persistent	2	1	1
OEKLIE_01853	contig_91	67300	68625	-	BEJGEH_00346	1	persistent	2	1	3
OEKLIE_01854	contig_91	68630	69805	-	LNHIMF_00366	1	persistent	2	0	0
OEKLIE_01855	contig_92	766	2295	-	BEJGEH_01307	1	persistent	2	0	0
OEKLIE_01856	contig_92	2537	3214	-	LNHIMF_01831	1	persistent	3	0	1
OEKLIE_01857	contig_92	3214	3924	-	LNHIMF_01832	1	persistent	2	0	0
OEKLIE_01858	contig_92	3921	5456	-	GEGEGB_01575	2	persistent	4	0	0
OEKLIE_01859	contig_92	5453	9196	-	GEGEGB_01771	1	persistent	2	0	0
OEKLIE_01860	contig_92	9584	10981	-	GEGEGB_01772	1	persistent	2	0	0
OEKLIE_01861	contig_92	11322	13118	+	LNHIMF_01836	1	persistent	2	0	0
OEKLIE_01862	contig_92	13111	13761	+	LNHIMF_01837	1	persistent	2	0	0
OEKLIE_01863	contig_92	13762	15186	-	PAPNPA_00575	1	persistent	2	0	0
OEKLIE_01864	contig_92	15363	15716	+	GEGEGB_01776	1	persistent	2	0	0
OEKLIE_01865	contig_92	15796	16026	-	GEGEGB_01777	1	persistent	2	0	0
OEKLIE_01866	contig_92	16293	17393	+	LNHIMF_01841	1	persistent	2	1	0
OEKLIE_01867	contig_92	17447	18301	-	GEGEGB_01176	1	persistent	2	1	0
OEKLIE_01868	contig_92	18339	19148	-	GEGEGB_01175	1	persistent	2	0	0
OEKLIE_01869	contig_92	19152	19541	-	GEGEGB_01174	1	persistent	2	0	0
OEKLIE_01870	contig_92	19538	20371	-	LNHIMF_01845	1	persistent	2	0	0
OEKLIE_01871	contig_92	20371	21453	-	GEGEGB_01172	1	persistent	2	0	0
OEKLIE_01872	contig_92	21494	22750	-	GEGEGB_01171	1	persistent	2	0	0
OEKLIE_01873	contig_92	23064	23687	+	LNHIMF_01848	1	persistent	2	0	0
OEKLIE_01874	contig_92	23684	24535	+	GEGEGB_01169	1	persistent	2	0	0
OEKLIE_01875	contig_92	24801	25748	+	GEGEGB_01168	1	persistent	2	0	0
OEKLIE_01876	contig_92	25900	27558	+	GEGEGB_01167	1	persistent	2	0	0
OEKLIE_01877	contig_92	27603	27881	-	LNHIMF_01852	1	persistent	2	0	0
OEKLIE_01878	contig_92	28157	28741	+	GEGEGB_01165	1	persistent	2	0	0
OEKLIE_01879	contig_92	28858	29949	+	GEGEGB_01164	1	persistent	2	0	2
OEKLIE_01880	contig_92	30108	31373	-	BEJGEH_01280	1	persistent	2	0	2
OEKLIE_01881	contig_92	31868	32986	+	LNHIMF_01857	1	persistent	2	0	1
OEKLIE_01882	contig_92	32983	34776	+	GEGEGB_01160	1	persistent	2	0	0
OEKLIE_01883	contig_92	34795	35526	+	LNHIMF_01859	1	persistent	2	0	0
OEKLIE_01884	contig_92	35523	36119	+	GEGEGB_01158	1	persistent	2	0	0
OEKLIE_01885	contig_92	36109	36513	+	GEGEGB_01157	1	persistent	2	0	0
OEKLIE_01886	contig_92	36510	37358	+	GEGEGB_01156	1	persistent	2	0	0
OEKLIE_01887	contig_92	37433	38977	+	LNHIMF_01863	1	persistent	2	0	0
OEKLIE_01888	contig_92	38989	40125	+	LNHIMF_01864	1	persistent	2	0	0
OEKLIE_01889	contig_92	40138	40227	+	GEGEGB_01153	1	persistent	2	0	0
OEKLIE_01890	contig_92	40622	41896	+	LNHIMF_01866	1	persistent	2	0	0
OEKLIE_01891	contig_92	42110	43822	+	LNHIMF_01867	1	persistent	2	0	0
OEKLIE_01892	contig_92	43885	44139	-	GEGEGB_01148	1	persistent	2	0	0
OEKLIE_01893	contig_92	44308	45042	+	LNHIMF_01869	1	persistent	2	0	0
OEKLIE_01894	contig_92	45056	45667	-	GEGEGB_01146	1	persistent	2	0	0
OEKLIE_01895	contig_92	45838	46752	+	GEGEGB_01145	1	persistent	2	0	0
OEKLIE_01896	contig_92	46849	48582	+	GEGEGB_01144	1	persistent	2	0	0
OEKLIE_01897	contig_92	48645	49715	-	LNHIMF_01873	1	persistent	2	0	0
OEKLIE_01898	contig_92	49729	51027	-	LNHIMF_01874	1	persistent	2	0	0
OEKLIE_01899	contig_92	51350	52882	+	GEGEGB_01141	1	persistent	2	0	0
OEKLIE_01900	contig_92	52929	53648	-	LNHIMF_01876	1	persistent	2	0	0
OEKLIE_01901	contig_92	53868	55412	+	GEGEGB_01139	1	persistent	2	0	0
OEKLIE_01902	contig_92	55554	56084	+	GEGEGB_01138	1	persistent	2	0	0
OEKLIE_01903	contig_92	56193	56534	+	GEGEGB_01137	1	persistent	2	0	0
OEKLIE_01904	contig_92	56606	56779	-	GEGEGB_01136	1	persistent	2	0	0
OEKLIE_01905	contig_92	56971	57108	-	GEGEGB_01135	1	persistent	2	0	0
OEKLIE_01906	contig_92	57460	57906	-	LNHIMF_01882	1	persistent	2	0	0
OEKLIE_01907	contig_92	57999	58658	-	GEGEGB_01133	1	persistent	2	0	0
OEKLIE_01908	contig_92	58708	59001	-	LNHIMF_01884	1	persistent	2	0	0
OEKLIE_01909	contig_92	59127	59834	+	GEGEGB_01131	1	persistent	2	0	0
OEKLIE_01910	contig_92	59858	60670	+	LNHIMF_01886	1	persistent	2	0	0
OEKLIE_01911	contig_92	60674	60940	+	GEGEGB_01129	1	persistent	2	0	0
OEKLIE_01912	contig_92	61062	62234	-	GEGEGB_01128	1	persistent	2	1	0
OEKLIE_01913	contig_92	62326	62784	-	GEGEGB_00250	8	shell	58	4	2
OEKLIE_01916	contig_92	62975	64726	-	GEGEGB_01126	1	persistent	2	1	0
OEKLIE_01917	contig_92	64865	65446	-	GEGEGB_01125	1	persistent	2	0	0
OEKLIE_01918	contig_92	65518	66213	-	GEGEGB_01124	1	persistent	2	0	0
OEKLIE_01919	contig_92	66271	68181	-	GEGEGB_01123	1	persistent	2	0	0
OEKLIE_01920	contig_92	68312	68656	+	LNHIMF_01894	1	persistent	2	0	0
OEKLIE_01921	contig_92	68662	68841	-	GEGEGB_01121	1	persistent	2	0	0
OEKLIE_01922	contig_92	68922	70286	+	GEGEGB_01120	1	persistent	2	0	0
OEKLIE_01923	contig_92	70290	70868	+	LNHIMF_01897	1	persistent	2	0	0
OEKLIE_01924	contig_92	71132	72496	+	GEGEGB_01118	1	persistent	2	0	0
OEKLIE_01925	contig_93	19	1212	-	LNHIMF_02918	2	persistent	2	0	0
OEKLIE_01926	contig_93	1223	1615	-	LNHIMF_02919	1	persistent	2	0	0
OEKLIE_01927	contig_93	1642	1902	-	GEGEGB_02927	1	persistent	2	0	0
OEKLIE_01928	contig_93	1946	2194	-	GEGEGB_02928	1	persistent	2	0	0
OEKLIE_01929	contig_93	2213	4270	-	BEJGEH_02874	1	persistent	2	0	0
OEKLIE_01930	contig_93	4289	5320	-	ALJMDI_02659	1	persistent	2	0	0
OEKLIE_01931	contig_93	5391	6620	-	LNHIMF_02924	1	persistent	2	0	0
OEKLIE_01932	contig_93	6648	8429	-	GEGEGB_02932	1	persistent	2	0	0
OEKLIE_01933	contig_93	8432	8929	-	GEGEGB_02933	1	persistent	2	0	0
OEKLIE_01934	contig_93	9067	10137	-	GEGEGB_02934	1	persistent	2	0	0
OEKLIE_01935	contig_93	10124	10915	-	LNHIMF_02928	1	persistent	2	0	0
OEKLIE_01936	contig_93	10919	11179	-	GEGEGB_02936	1	persistent	2	0	0
OEKLIE_01937	contig_93	11205	11879	-	LNHIMF_02930	1	persistent	2	0	0
OEKLIE_01938	contig_93	11869	12780	-	LNHIMF_02931	1	persistent	2	0	0
OEKLIE_01939	contig_93	12780	13790	-	LNHIMF_02932	1	persistent	2	0	0
OEKLIE_01940	contig_93	13790	14233	-	GEGEGB_02940	1	persistent	2	0	0
OEKLIE_01941	contig_93	14211	15506	-	GEGEGB_02941	1	persistent	2	0	0
OEKLIE_01942	contig_93	15503	15910	-	GEGEGB_02942	1	persistent	2	0	0
OEKLIE_01943	contig_93	15934	17991	-	GEGEGB_02943	1	persistent	2	0	0
OEKLIE_01944	contig_93	18016	19134	-	GEGEGB_02944	1	persistent	2	0	0
OEKLIE_01945	contig_93	19131	20819	-	LNHIMF_02938	1	persistent	2	0	0
OEKLIE_01946	contig_93	20816	21565	-	GEGEGB_02946	1	persistent	2	0	0
OEKLIE_01947	contig_93	21923	22366	+	GEGEGB_02947	1	persistent	2	1	0
OEKLIE_01949	contig_93	22797	23246	+	LNHIMF_02942	1	persistent	2	0	0
OEKLIE_01950	contig_93	23246	23578	+	LNHIMF_02943	1	persistent	2	1	0
OEKLIE_01951	contig_93	23851	24177	-	BEJGEH_02896	1	shell	1	1	1
OEKLIE_01952	contig_93	24875	25156	+	GEGEGB_02949	1	shell	1	2	0
OEKLIE_01953	contig_93	25172	25681	+	GEGEGB_02950	1	shell	1	1	0
OEKLIE_01954	contig_93	25754	25930	-	AJBGEP_03073	1	persistent	2	1	0
OEKLIE_01955	contig_93	26306	26962	+	LNHIMF_02945	1	persistent	2	0	1
OEKLIE_01956	contig_93	27814	30381	+	GEGEGB_02953	1	persistent	3	0	3
OEKLIE_01957	contig_93	30437	30817	-	LNHIMF_02947	1	persistent	2	0	0
OEKLIE_01958	contig_93	30814	32022	-	GEGEGB_02955	1	persistent	3	0	0
OEKLIE_01959	contig_93	32131	33042	+	GEGEGB_02956	1	persistent	2	0	0
OEKLIE_01960	contig_93	33084	34580	-	GEGEGB_02957	1	persistent	2	0	0
OEKLIE_01961	contig_93	34577	35527	-	LNHIMF_02951	1	persistent	2	0	0
OEKLIE_01962	contig_93	35567	36343	-	LNHIMF_02952	1	persistent	2	0	0
OEKLIE_01963	contig_93	36348	36986	-	GEGEGB_02960	1	persistent	2	0	0
OEKLIE_01964	contig_93	36983	38245	-	LNHIMF_02954	1	persistent	2	0	0
OEKLIE_01965	contig_93	38239	39162	-	BEJGEH_02913	1	persistent	2	0	0
OEKLIE_01966	contig_93	39359	40123	+	LNHIMF_02956	1	persistent	2	0	0
OEKLIE_01967	contig_93	40142	40546	-	GEGEGB_02964	1	persistent	2	0	0
OEKLIE_01968	contig_93	40717	41310	+	LNHIMF_02958	1	persistent	2	0	0
OEKLIE_01969	contig_93	41310	42737	+	LNHIMF_02959	1	persistent	2	0	0
OEKLIE_01970	contig_93	42748	42984	+	GEGEGB_02967	1	persistent	2	0	0
OEKLIE_01971	contig_93	43029	44021	-	LNHIMF_02961	1	persistent	2	0	1
OEKLIE_01972	contig_93	44084	45205	-	BEJGEH_02923	1	persistent	2	0	0
OEKLIE_01973	contig_93	45381	46007	-	GEGEGB_02970	1	persistent	2	0	0
OEKLIE_01974	contig_93	46001	46762	-	GEGEGB_02971	1	persistent	2	0	0
OEKLIE_01975	contig_93	46743	47792	-	LNHIMF_02965	1	persistent	2	0	0
OEKLIE_01976	contig_93	47789	48268	-	GEGEGB_02973	1	persistent	2	0	0
OEKLIE_01977	contig_93	48268	48978	-	GEGEGB_02974	1	persistent	2	0	0
OEKLIE_01978	contig_93	48997	49308	-	GEGEGB_02975	1	persistent	2	0	0
OEKLIE_01979	contig_93	49499	49822	-	GEGEGB_02976	1	persistent	2	0	0
OEKLIE_01980	contig_93	49873	50478	-	GEGEGB_02977	1	persistent	2	0	0
OEKLIE_01981	contig_93	50465	51904	-	LNHIMF_02971	1	persistent	2	0	0
OEKLIE_01982	contig_93	51914	52822	-	GEGEGB_02979	1	persistent	2	0	0
OEKLIE_01983	contig_93	53073	54119	+	GEGEGB_02980	1	persistent	3	0	0
OEKLIE_01984	contig_93	55706	55999	-	GEGEGB_02981	1	persistent	2	0	0
OEKLIE_01985	contig_93	55999	56919	-	BEJGEH_02936	1	persistent	1	1	1
OEKLIE_01986	contig_93	56916	57566	-	BEJGEH_02937	1	shell	1	1	0
OEKLIE_01987	contig_93	57548	58294	-	BEJGEH_02938	1	shell	0	2	0
OEKLIE_01988	contig_93	58305	59363	-	AJBGEP_03107	1	shell	0	2	0
OEKLIE_01989	contig_93	59377	59937	-	AJBGEP_03108	1	shell	0	2	0
OEKLIE_01990	contig_93	59934	61490	-	AJBGEP_03109	1	shell	0	2	0
OEKLIE_01991	contig_93	61502	64165	-	AJBGEP_03110	1	shell	1	1	0
OEKLIE_01992	contig_93	64610	65563	+	GEGEGB_02990	1	persistent	2	1	1
OEKLIE_01993	contig_93	65651	66385	-	LNHIMF_02983	1	persistent	2	0	0
OEKLIE_01994	contig_93	66461	68173	-	BEJGEH_02945	1	persistent	2	0	0
OEKLIE_01995	contig_93	68173	69972	-	LNHIMF_02985	1	persistent	2	0	0
OEKLIE_01996	contig_93	70396	70758	+	GEGEGB_02994	1	persistent	2	0	0
OEKLIE_01997	contig_93	70846	71643	-	BEJGEH_02948	1	persistent	2	0	1
OEKLIE_01998	contig_93	73653	74324	-	GEGEGB_02996	1	persistent	2	0	1
OEKLIE_01999	contig_93	74460	74687	-	GEGEGB_02997	1	persistent	2	0	0
OEKLIE_02000	contig_94	298	1317	+	GEGEGB_00561	1	persistent	2	0	0
OEKLIE_02001	contig_94	1323	1877	-	GEGEGB_00560	1	persistent	2	0	0
OEKLIE_02002	contig_94	1934	2485	-	GEGEGB_00559	1	persistent	2	0	0
OEKLIE_02003	contig_94	2541	3185	-	LNHIMF_02485	1	persistent	2	0	0
OEKLIE_02004	contig_94	3328	3975	+	LNHIMF_02486	1	persistent	2	0	0
OEKLIE_02005	contig_94	4101	4994	+	LNHIMF_02487	1	persistent	2	0	0
OEKLIE_02006	contig_94	5046	5819	-	LNHIMF_02488	1	persistent	2	0	0
OEKLIE_02007	contig_94	5833	6540	-	GEGEGB_00554	1	persistent	2	0	0
OEKLIE_02008	contig_94	6537	7223	-	GEGEGB_00553	1	persistent	2	0	0
OEKLIE_02009	contig_94	7406	8188	-	LNHIMF_02491	1	persistent	2	0	0
OEKLIE_02010	contig_94	8426	9208	-	GEGEGB_00551	1	persistent	2	0	0
OEKLIE_02011	contig_94	9497	10066	-	GEGEGB_00550	1	persistent	2	0	0
OEKLIE_02012	contig_94	10093	11499	-	LNHIMF_02494	1	persistent	2	0	0
OEKLIE_02013	contig_94	11563	12666	-	LNHIMF_02495	1	persistent	2	0	0
OEKLIE_02014	contig_94	12668	14089	-	GEGEGB_00547	1	persistent	2	0	0
OEKLIE_02015	contig_94	14180	15577	-	GEGEGB_00546	1	persistent	2	0	0
OEKLIE_02016	contig_94	15788	17215	+	LNHIMF_02498	1	persistent	2	0	0
OEKLIE_02017	contig_94	17251	18768	-	LNHIMF_02499	1	persistent	2	0	0
OEKLIE_02018	contig_94	18806	19294	-	GEGEGB_00543	1	persistent	2	0	0
OEKLIE_02019	contig_94	19605	20279	-	BEJGEH_02389	1	persistent	2	0	0
OEKLIE_02020	contig_94	20269	21537	-	GEGEGB_00541	1	persistent	2	0	0
OEKLIE_02021	contig_94	21605	22519	-	GEGEGB_00540	1	persistent	2	0	0
OEKLIE_02022	contig_94	22669	23328	-	GEGEGB_00539	1	persistent	2	0	0
OEKLIE_02023	contig_94	23377	24189	-	GEGEGB_00538	1	persistent	2	0	0
OEKLIE_02024	contig_94	24189	25202	-	GEGEGB_00537	1	persistent	2	0	0
OEKLIE_02025	contig_94	25270	26406	-	GEGEGB_00536	1	persistent	2	0	0
OEKLIE_02026	contig_94	26510	27511	+	GEGEGB_00535	1	persistent	2	0	0
OEKLIE_02027	contig_94	27508	28686	-	LNHIMF_02509	1	persistent	3	0	0
OEKLIE_02028	contig_94	28866	29240	-	LNHIMF_02510	1	persistent	1	1	1
OEKLIE_02029	contig_94	29413	29661	+	GEGEGB_00532	1	shell	1	1	0
OEKLIE_02030	contig_94	29830	30198	+	GEGEGB_00531	1	shell	1	1	0
OEKLIE_02031	contig_94	30198	30716	+	LNHIMF_02512	1	persistent	2	1	1
OEKLIE_02032	contig_94	30783	31439	-	LNHIMF_02513	1	persistent	2	0	0
OEKLIE_02033	contig_94	31537	32751	-	GEGEGB_00528	1	persistent	2	0	0
OEKLIE_02034	contig_94	32911	34911	+	LNHIMF_02515	1	persistent	2	0	0
OEKLIE_02035	contig_94	34963	35238	-	GEGEGB_00526	1	persistent	2	0	0
OEKLIE_02036	contig_94	35271	35819	-	LNHIMF_02517	1	persistent	2	0	0
OEKLIE_02037	contig_94	35819	36628	-	GEGEGB_00523	1	persistent	2	0	0
OEKLIE_02038	contig_94	36628	37452	-	GEGEGB_00522	1	persistent	2	0	0
OEKLIE_02039	contig_94	37456	38541	-	LNHIMF_02520	1	persistent	2	0	0
OEKLIE_02040	contig_94	38577	39509	-	GEGEGB_00520	1	persistent	2	0	0
OEKLIE_02041	contig_94	39675	40226	+	GEGEGB_00519	1	persistent	2	0	0
OEKLIE_02042	contig_94	40326	40811	-	GEGEGB_00518	1	persistent	2	0	0
OEKLIE_02043	contig_94	41020	43167	-	GEGEGB_00517	1	persistent	2	0	0
OEKLIE_02044	contig_94	43167	44477	-	GEGEGB_00516	1	persistent	2	0	0
OEKLIE_02045	contig_94	44655	44939	-	GEGEGB_00515	1	persistent	2	0	0
OEKLIE_02046	contig_94	45310	46617	+	LNHIMF_02527	1	persistent	2	0	0
OEKLIE_02047	contig_94	46678	47433	-	GEGEGB_00513	1	persistent	2	0	0
OEKLIE_02048	contig_94	47722	48663	+	GEGEGB_00512	1	persistent	3	0	1
OEKLIE_02050	contig_94	48970	49908	-	GEGEGB_00505	1	persistent	2	0	2
OEKLIE_02051	contig_94	49948	50043	+	GEGEGB_00504	1	persistent	2	0	0
OEKLIE_02052	contig_94	50176	51426	-	LNHIMF_02533	1	persistent	2	0	0
OEKLIE_02053	contig_94	51413	53419	-	GEGEGB_00502	1	persistent	2	0	0
OEKLIE_02054	contig_94	53416	54690	-	GEGEGB_00501	1	persistent	2	0	0
OEKLIE_02055	contig_94	55045	56436	+	LNHIMF_02536	1	persistent	2	0	0
OEKLIE_02056	contig_94	56712	56954	-	GEGEGB_00499	1	persistent	2	0	0
OEKLIE_02057	contig_94	57115	57228	-	GEGEGB_00498	1	persistent	2	0	0
OEKLIE_02058	contig_94	57476	58396	+	GEGEGB_00497	1	persistent	2	0	0
OEKLIE_02059	contig_94	58814	58870	+	GEGEGB_00496	1	persistent	2	1	0
OEKLIE_02060	contig_94	58920	60158	-	GEGEGB_00493	1	persistent	2	1	1
OEKLIE_02061	contig_94	60879	61844	-	LNHIMF_02542	1	persistent	2	0	1
OEKLIE_02062	contig_94	62048	63283	+	GEGEGB_00491	1	persistent	2	0	0
OEKLIE_02063	contig_94	63303	64955	-	LNHIMF_02544	1	persistent	2	0	0
OEKLIE_02064	contig_94	65135	66133	+	GEGEGB_00489	1	persistent	2	0	0
OEKLIE_02065	contig_94	66247	66573	+	GEGEGB_00488	1	persistent	2	0	0
OEKLIE_02066	contig_94	66634	67875	-	GEGEGB_00487	1	persistent	2	0	0
OEKLIE_02067	contig_94	68218	69420	+	GEGEGB_00486	1	persistent	2	0	0
OEKLIE_02068	contig_94	69473	71662	-	LNHIMF_02549	1	persistent	2	0	0
OEKLIE_02071	contig_94	72268	72630	+	GEGEGB_00482	1	persistent	2	0	0
OEKLIE_02072	contig_94	72653	73024	+	GEGEGB_00481	1	persistent	2	0	0
OEKLIE_02073	contig_94	73078	74493	-	GEGEGB_00480	1	persistent	2	0	0
OEKLIE_02074	contig_95	26	436	+	OEKLIE_02074	1	cloud	1	0	0
OEKLIE_02075	contig_95	1203	1955	-	GEGEGB_02314	1	persistent	2	0	1
OEKLIE_02076	contig_95	2002	3222	-	GEGEGB_02313	1	persistent	2	0	0
OEKLIE_02077	contig_95	3227	4441	-	LNHIMF_00823	1	persistent	2	0	0
OEKLIE_02078	contig_95	4441	5241	-	GEGEGB_02311	1	persistent	2	0	0
OEKLIE_02079	contig_95	5568	7520	+	LNHIMF_00825	1	persistent	2	0	0
OEKLIE_02080	contig_95	7731	9398	+	ALJMDI_00783	1	persistent	2	0	0
OEKLIE_02081	contig_95	9844	11250	+	GEGEGB_02308	1	persistent	2	0	0
OEKLIE_02082	contig_95	11300	11632	+	GEGEGB_02307	1	persistent	2	0	0
OEKLIE_02083	contig_95	11681	12985	-	GEGEGB_02306	1	persistent	2	0	0
OEKLIE_02084	contig_95	13036	14175	-	BEJGEH_00703	1	persistent	2	0	0
OEKLIE_02085	contig_95	14162	15565	-	GEGEGB_02304	1	persistent	2	0	0
OEKLIE_02086	contig_95	15663	16589	-	LNHIMF_00832	1	persistent	2	0	0
OEKLIE_02087	contig_95	16704	17156	-	GEGEGB_02302	1	persistent	2	0	1
OEKLIE_02088	contig_95	17438	17968	-	LNHIMF_00835	1	persistent	2	0	1
OEKLIE_02089	contig_95	18131	18412	-	GEGEGB_02300	1	persistent	2	0	0
OEKLIE_02090	contig_95	18546	19316	-	LNHIMF_00837	1	persistent	2	0	0
OEKLIE_02091	contig_95	19501	20043	+	GEGEGB_02298	1	persistent	2	0	0
OEKLIE_02092	contig_95	20068	21708	+	GEGEGB_02297	1	persistent	2	0	0
OEKLIE_02093	contig_95	21823	22308	-	GEGEGB_02296	1	persistent	2	0	0
OEKLIE_02094	contig_95	22373	23692	-	GEGEGB_02295	1	persistent	2	0	0
OEKLIE_02095	contig_95	23689	25887	-	LNHIMF_00842	1	persistent	3	0	2
OEKLIE_02096	contig_95	26267	26371	-	LNHIMF_00843	1	persistent	2	0	0
OEKLIE_02097	contig_95	26649	27326	-	LNHIMF_00844	1	persistent	3	0	1
OEKLIE_02098	contig_95	27323	30007	-	LNHIMF_00845	1	persistent	2	0	0
OEKLIE_02099	contig_95	30004	30588	-	LNHIMF_00846	1	persistent	2	0	0
OEKLIE_02100	contig_95	30597	32645	-	GEGEGB_02287	1	persistent	2	0	0
OEKLIE_02101	contig_95	32666	34345	-	GEGEGB_02286	1	persistent	2	0	0
OEKLIE_02102	contig_95	34771	34977	+	GEGEGB_02285	1	persistent	2	0	0
OEKLIE_02103	contig_95	35088	36509	+	LNHIMF_00850	1	persistent	2	0	0
OEKLIE_02104	contig_95	36548	38029	-	GEGEGB_02283	1	persistent	2	0	0
OEKLIE_02105	contig_95	38358	39101	+	GEGEGB_02282	1	persistent	2	0	0
OEKLIE_02106	contig_95	39117	39773	+	GEGEGB_02281	1	persistent	2	0	0
OEKLIE_02107	contig_95	39767	40699	+	LNHIMF_00854	1	persistent	2	0	0
OEKLIE_02108	contig_95	40689	41423	+	GEGEGB_02279	1	persistent	2	1	0
OEKLIE_02109	contig_95	41938	42504	+	GEGEGB_02278	1	shell	1	1	0
OEKLIE_02110	contig_95	43078	43299	+	GEGEGB_02277	1	shell	0	2	0
OEKLIE_02111	contig_95	43301	44041	+	GEGEGB_02276	1	shell	0	2	0
OEKLIE_02112	contig_95	44327	45478	+	LNHIMF_00859	1	shell	0	2	0
OEKLIE_02113	contig_95	45478	46371	+	LNHIMF_00860	1	shell	0	2	0
OEKLIE_02114	contig_95	46384	47517	+	GEGEGB_02273	1	shell	0	3	0
OEKLIE_02115	contig_95	47646	48416	+	LNHIMF_00862	1	shell	0	2	0
OEKLIE_02116	contig_95	48420	49130	+	LNHIMF_00863	1	shell	0	3	0
OEKLIE_02117	contig_95	49224	51002	+	LNHIMF_00864	1	shell	0	2	0
OEKLIE_02118	contig_95	51195	52028	+	LNHIMF_00865	1	shell	0	2	0
OEKLIE_02119	contig_95	52032	53981	+	AJBGEP_00750	1	shell	0	2	0
OEKLIE_02120	contig_95	54049	54186	+	ALJMDI_01073	1	shell	1	1	0
OEKLIE_02121	contig_95	54235	55026	+	BEJGEH_00728	1	persistent	2	1	0
OEKLIE_02122	contig_95	55081	56127	-	GEGEGB_02263	1	persistent	2	0	0
OEKLIE_02123	contig_95	56264	57547	-	LNHIMF_00870	1	persistent	2	1	0
OEKLIE_02124	contig_95	57648	57893	+	BEJGEH_00731	1	shell	2	0	0
OEKLIE_02125	contig_95	58287	58691	+	GEGEGB_02261	1	persistent	2	1	0
OEKLIE_02126	contig_95	58685	59032	+	GEGEGB_02260	1	persistent	2	0	0
OEKLIE_02127	contig_95	59032	60798	+	LNHIMF_00873	1	persistent	2	0	0
OEKLIE_02128	contig_95	60815	61531	+	LNHIMF_00874	1	persistent	2	0	0
OEKLIE_02129	contig_95	62055	64856	+	GEGEGB_02257	1	persistent	2	0	0
OEKLIE_02130	contig_95	64871	66079	+	GEGEGB_02256	1	persistent	2	0	0
OEKLIE_02131	contig_95	66221	67387	+	GEGEGB_02255	1	persistent	2	0	0
OEKLIE_02132	contig_95	67387	68256	+	LNHIMF_00878	1	persistent	2	0	0
OEKLIE_02133	contig_95	68285	68410	+	LNHIMF_00879	1	persistent	2	0	0
OEKLIE_02134	contig_95	69839	71407	+	LNHIMF_00880	1	persistent	2	0	0
OEKLIE_02135	contig_95	71423	72562	+	GEGEGB_02251	1	persistent	2	0	0
OEKLIE_02136	contig_95	72577	72690	+	GEGEGB_02250	1	persistent	2	0	0
OEKLIE_02137	contig_95	72827	73108	+	LNHIMF_00883	1	persistent	2	0	0
OEKLIE_02138	contig_95	73337	73741	+	LNHIMF_00884	1	persistent	2	0	0
OEKLIE_02139	contig_95	73738	74430	+	GEGEGB_02247	1	persistent	2	0	0
OEKLIE_02140	contig_95	74434	74862	+	GEGEGB_02246	1	persistent	2	0	1
OEKLIE_02141	contig_95	74927	76012	+	LNHIMF_00887	1	cloud	3	0	0
OEKLIE_02142	contig_95	76063	76152	+	ODDLKH_01241	1	persistent	2	0	1
OEKLIE_02143	contig_96	95	1540	+	LNHIMF_01565	1	persistent	3	0	0
OEKLIE_02144	contig_96	1885	2067	+	GEGEGB_01513	3	persistent	6	0	0
OEKLIE_02145	contig_96	2187	2714	-	LNHIMF_01567	1	persistent	3	0	0
OEKLIE_02146	contig_96	3141	3533	+	LNHIMF_01568	1	persistent	2	0	0
OEKLIE_02148	contig_96	3881	3976	-	GEGEGB_01517	1	persistent	2	0	0
OEKLIE_02149	contig_96	4224	5411	-	LNHIMF_01571	1	persistent	2	0	0
OEKLIE_02150	contig_96	5639	6541	+	GEGEGB_01519	1	persistent	2	0	0
OEKLIE_02151	contig_96	6660	6869	-	GEGEGB_01520	1	persistent	2	0	0
OEKLIE_02152	contig_96	6904	7287	-	GEGEGB_01521	1	persistent	2	0	0
OEKLIE_02153	contig_96	7307	7741	-	GEGEGB_01522	1	persistent	2	0	0
OEKLIE_02154	contig_96	8000	8665	+	GEGEGB_01523	1	persistent	2	0	0
OEKLIE_02155	contig_96	8712	9902	-	GEGEGB_01524	1	persistent	2	0	0
OEKLIE_02156	contig_96	10018	10890	-	LNHIMF_01578	1	persistent	2	0	0
OEKLIE_02157	contig_96	10993	12381	+	LNHIMF_01579	1	persistent	2	0	0
OEKLIE_02158	contig_96	12454	13380	+	LNHIMF_01580	1	persistent	2	0	0
OEKLIE_02159	contig_96	13380	13739	+	BEJGEH_01558	1	persistent	2	0	0
OEKLIE_02160	contig_96	13963	14910	+	GEGEGB_01529	1	persistent	2	0	0
OEKLIE_02161	contig_96	14966	15493	-	LNHIMF_01583	1	persistent	2	0	0
OEKLIE_02163	contig_96	16225	17343	+	LNHIMF_01585	1	persistent	3	0	0
OEKLIE_02164	contig_96	17484	17825	-	LNHIMF_01586	1	persistent	2	0	0
OEKLIE_02165	contig_96	17838	18725	-	BEJGEH_01552	1	persistent	3	0	0
OEKLIE_02166	contig_96	18713	19774	-	LNHIMF_01588	1	persistent	2	0	0
OEKLIE_02167	contig_96	19792	20202	-	GEGEGB_01535	1	persistent	2	0	0
OEKLIE_02168	contig_96	20199	20498	-	LNHIMF_01590	1	persistent	2	0	0
OEKLIE_02169	contig_96	20498	21106	-	GEGEGB_01537	1	persistent	2	0	0
OEKLIE_02170	contig_96	21112	21786	-	GEGEGB_01538	1	persistent	2	0	0
OEKLIE_02171	contig_96	21806	23608	-	LNHIMF_01593	1	persistent	2	0	0
OEKLIE_02172	contig_96	23611	24714	-	LNHIMF_01594	1	persistent	2	0	1
OEKLIE_02173	contig_96	24842	24994	-	AJBGEP_01623	1	cloud	2	0	0
OEKLIE_02174	contig_96	25146	26234	+	GEGEGB_01542	1	persistent	2	0	1
OEKLIE_02175	contig_96	26400	27071	+	GEGEGB_01543	1	persistent	2	0	0
OEKLIE_02176	contig_96	27130	28155	-	GEGEGB_01544	1	persistent	2	0	0
OEKLIE_02177	contig_96	28130	29416	-	LNHIMF_01598	1	persistent	2	0	0
OEKLIE_02178	contig_96	29593	31083	-	BEJGEH_01540	1	persistent	2	0	1
OEKLIE_02179	contig_96	31219	32460	-	LNHIMF_01600	1	persistent	2	0	0
OEKLIE_02180	contig_96	32450	33958	-	BEJGEH_01538	1	persistent	2	0	0
OEKLIE_02181	contig_96	34003	34491	+	LNHIMF_01602	1	persistent	2	0	0
OEKLIE_02182	contig_96	34684	35763	+	LNHIMF_01603	1	persistent	2	0	1
OEKLIE_02183	contig_96	35815	36204	-	BEJGEH_01535	1	persistent	2	0	0
OEKLIE_02184	contig_96	36375	36659	-	LNHIMF_01605	1	persistent	2	0	0
OEKLIE_02185	contig_96	36649	36897	-	LNHIMF_01606	1	persistent	2	0	2
OEKLIE_02186	contig_96	37254	37586	+	BEJGEH_01529	1	persistent	1	2	6
OEKLIE_02187	contig_96	37708	38637	+	AJBGEP_01637	1	shell	1	1	0
OEKLIE_02188	contig_96	39045	39398	-	AJBGEP_01638	1	shell	1	1	4
OEKLIE_02190	contig_96	39737	39946	-	AJBGEP_01640	1	cloud	0	2	0
OEKLIE_02191	contig_96	40216	41679	-	BEJGEH_01524	1	shell	2	0	5
OEKLIE_02192	contig_96	41968	42948	+	LNHIMF_01615	1	persistent	1	1	3
OEKLIE_02193	contig_96	43092	44543	+	LNHIMF_01616	1	persistent	2	1	0
OEKLIE_02194	contig_96	44556	45758	+	PAPNPA_03909	1	persistent	2	0	0
OEKLIE_02195	contig_96	45871	47946	-	HFCAGB_01727	1	persistent	2	0	0
OEKLIE_02196	contig_96	48003	50531	-	LNHIMF_01619	1	persistent	2	0	0
OEKLIE_02197	contig_96	50528	52312	-	LNHIMF_01620	1	persistent	2	0	0
OEKLIE_02198	contig_96	52441	53226	-	LNHIMF_01621	1	persistent	2	0	0
OEKLIE_02199	contig_96	53369	53698	-	GEGEGB_01561	1	persistent	2	0	1
OEKLIE_02200	contig_96	54048	54479	-	GEGEGB_01564	1	persistent	2	0	1
OEKLIE_02201	contig_96	54992	55207	+	GEGEGB_01565	1	persistent	2	0	0
OEKLIE_02202	contig_96	55302	55445	+	GEGEGB_01566	1	persistent	2	0	0
OEKLIE_02203	contig_96	55622	57319	+	GEGEGB_01567	1	persistent	2	0	0
OEKLIE_02204	contig_96	57605	58615	+	GEGEGB_01568	1	persistent	3	0	0
OEKLIE_02205	contig_96	58706	59362	-	LNHIMF_01630	1	persistent	2	0	0
OEKLIE_02206	contig_96	59355	60239	-	LNHIMF_01631	1	persistent	2	0	0
OEKLIE_02207	contig_96	60253	63300	-	LNHIMF_01632	1	persistent	4	0	0
OEKLIE_02208	contig_96	63578	64459	+	BEJGEH_01507	1	persistent	2	0	1
OEKLIE_02209	contig_96	64984	66072	+	BEJGEH_01503	1	persistent	2	0	1
OEKLIE_02210	contig_96	66156	66596	+	LNHIMF_01635	1	persistent	3	0	0
OEKLIE_02211	contig_96	66621	68108	-	LNHIMF_01636	1	persistent	2	0	0
OEKLIE_02212	contig_96	68213	68803	+	AJBGEP_01662	1	persistent	2	0	0
OEKLIE_02213	contig_96	69018	70406	+	LNHIMF_01638	1	persistent	2	0	0
OEKLIE_02214	contig_96	70498	74238	+	BEJGEH_01498	1	persistent	2	0	0
OEKLIE_02215	contig_96	74235	75779	+	GEGEGB_01575	2	persistent	4	0	0
OEKLIE_02216	contig_96	75779	76474	+	BEJGEH_01496	1	persistent	3	0	0
OEKLIE_02217	contig_96	76471	77151	+	LNHIMF_01642	1	persistent	2	0	0
OEKLIE_02218	contig_96	77257	78150	+	GEGEGB_01577	1	persistent	3	0	0
OEKLIE_02219	contig_96	78186	79031	-	LNHIMF_01644	1	persistent	2	0	0
OEKLIE_02220	contig_96	79315	79947	-	LNHIMF_01645	1	persistent	2	0	0
OEKLIE_02221	contig_96	80460	81953	+	GEGEGB_01580	1	persistent	2	0	0
OEKLIE_02222	contig_96	82030	82251	-	GEGEGB_01581	1	persistent	2	0	0
OEKLIE_02223	contig_96	82396	83457	-	GEGEGB_01582	1	persistent	2	0	0
OEKLIE_02224	contig_97	32	1909	+	LNHIMF_01649	1	persistent	2	0	0
OEKLIE_02225	contig_97	1976	2641	-	GEGEGB_01584	1	persistent	2	0	0
OEKLIE_02226	contig_97	2975	4012	-	LNHIMF_01651	1	persistent	2	0	0
OEKLIE_02227	contig_97	4224	4739	+	LNHIMF_01652	1	persistent	2	0	0
OEKLIE_02228	contig_97	4739	5188	+	GEGEGB_01587	1	persistent	2	0	0
OEKLIE_02229	contig_97	5193	5426	-	LNHIMF_01654	1	persistent	2	0	0
OEKLIE_02230	contig_97	5650	6969	+	HFCAGB_01692	1	persistent	2	0	0
OEKLIE_02231	contig_97	6974	9955	+	GEGEGB_01590	1	persistent	2	0	0
OEKLIE_02232	contig_97	9952	12096	+	LNHIMF_01657	1	persistent	3	0	0
OEKLIE_02233	contig_97	12141	12314	-	BEJGEH_01479	1	persistent	2	0	0
OEKLIE_02234	contig_97	12713	14137	-	LNHIMF_01659	1	persistent	3	0	0
OEKLIE_02235	contig_97	14273	15697	-	LNHIMF_01660	1	persistent	2	0	0
OEKLIE_02236	contig_97	15833	16603	-	LNHIMF_01661	1	persistent	2	0	0
OEKLIE_02237	contig_97	17125	17523	-	GEGEGB_01595	1	persistent	1	1	2
OEKLIE_02238	contig_97	18220	18393	+	GEGEGB_01596	1	shell	1	1	0
OEKLIE_02239	contig_97	18390	19010	+	GEGEGB_01597	1	shell	1	1	0
OEKLIE_02240	contig_97	19284	19514	+	GEGEGB_01598	1	persistent	1	1	1
OEKLIE_02241	contig_97	19515	21479	-	LNHIMF_01665	1	persistent	2	0	0
OEKLIE_02242	contig_97	21558	22094	-	GEGEGB_01600	1	persistent	2	0	0
OEKLIE_02243	contig_97	22185	23363	+	LNHIMF_01667	1	persistent	2	0	0
OEKLIE_02244	contig_97	23417	24085	-	LNHIMF_01668	1	persistent	2	0	0
OEKLIE_02245	contig_97	24241	24837	-	LNHIMF_01669	1	persistent	2	0	0
OEKLIE_02246	contig_97	24824	25837	-	LNHIMF_01670	1	persistent	2	0	0
OEKLIE_02247	contig_97	25944	26924	+	LNHIMF_01671	1	persistent	2	0	0
OEKLIE_02248	contig_97	26921	27460	-	GEGEGB_01606	1	persistent	2	0	0
OEKLIE_02249	contig_97	27677	28795	+	LNHIMF_01673	1	persistent	2	0	0
OEKLIE_02250	contig_97	28792	29073	+	GEGEGB_01608	1	persistent	2	0	0
OEKLIE_02251	contig_97	29084	30397	+	GEGEGB_01609	1	persistent	2	0	0
OEKLIE_02252	contig_97	30411	31217	+	LNHIMF_01676	1	persistent	2	0	0
OEKLIE_02253	contig_97	31349	31786	+	GEGEGB_01611	1	persistent	2	0	0
OEKLIE_02254	contig_97	31798	32430	+	GEGEGB_01612	1	persistent	2	0	0
OEKLIE_02255	contig_97	32446	33237	+	GEGEGB_01613	1	persistent	2	0	0
OEKLIE_02256	contig_97	33237	33674	+	BEJGEH_01457	1	persistent	2	0	1
OEKLIE_02257	contig_97	33721	34926	-	HFCAGB_01665	1	persistent	2	0	0
OEKLIE_02258	contig_97	34935	35501	-	LNHIMF_01682	1	persistent	2	0	1
OEKLIE_02259	contig_97	35706	37325	-	GEGEGB_01617	1	persistent	2	0	0
OEKLIE_02260	contig_97	37581	39089	-	LNHIMF_01684	1	persistent	2	0	0
OEKLIE_02261	contig_97	39138	40481	-	LNHIMF_01685	1	persistent	3	0	0
OEKLIE_02262	contig_97	40774	41697	+	LNHIMF_01686	1	persistent	2	0	0
OEKLIE_02263	contig_97	41758	43383	-	LNHIMF_01687	1	persistent	2	0	0
OEKLIE_02264	contig_97	43552	44670	-	LNHIMF_01688	1	persistent	2	0	0
OEKLIE_02265	contig_97	44702	44977	-	LNHIMF_01689	1	persistent	3	0	0
OEKLIE_02266	contig_97	45740	45865	-	BEJGEH_01443	1	persistent	2	0	0
OEKLIE_02267	contig_97	46030	46746	-	LNHIMF_01690	1	persistent	3	0	0
OEKLIE_02268	contig_97	47172	48398	+	LNHIMF_01691	1	persistent	2	0	0
OEKLIE_02269	contig_97	48519	48863	-	LNHIMF_01692	1	persistent	3	0	0
OEKLIE_02270	contig_97	49770	50531	+	GEGEGB_01621	1	persistent	2	0	0
OEKLIE_02271	contig_97	50553	51185	+	ALJMDI_03455	1	persistent	2	0	0
OEKLIE_02272	contig_97	51210	51941	+	LNHIMF_01695	1	persistent	2	0	0
OEKLIE_02273	contig_97	51938	52618	+	GEGEGB_01624	1	persistent	2	0	0
OEKLIE_02274	contig_97	52755	54305	+	LNHIMF_01697	1	persistent	2	0	0
OEKLIE_02275	contig_97	54306	54401	-	GEGEGB_01626	1	persistent	2	0	0
OEKLIE_02276	contig_97	54769	55431	+	GEGEGB_01627	1	persistent	2	0	0
OEKLIE_02278	contig_97	55702	56232	-	LNHIMF_01701	1	persistent	2	0	0
OEKLIE_02279	contig_97	56349	57149	-	GEGEGB_01631	1	persistent	2	0	0
OEKLIE_02280	contig_97	57213	61115	-	LNHIMF_01703	1	persistent	2	0	0
OEKLIE_02281	contig_97	61316	61921	+	GEGEGB_01633	1	persistent	2	0	0
OEKLIE_02282	contig_97	61918	62367	-	GEGEGB_01634	1	persistent	2	0	0
OEKLIE_02283	contig_97	62510	62833	-	LNHIMF_01706	1	persistent	2	0	0
OEKLIE_02284	contig_97	62841	63032	-	GEGEGB_01636	1	persistent	2	0	0
OEKLIE_02285	contig_97	63032	65668	-	BEJGEH_01424	1	persistent	2	0	0
OEKLIE_02286	contig_97	65908	66897	+	GEGEGB_01639	1	persistent	2	0	0
OEKLIE_02287	contig_97	67008	67418	+	GEGEGB_01640	1	persistent	2	0	0
OEKLIE_02288	contig_97	67462	67728	-	GEGEGB_01641	1	persistent	2	0	0
OEKLIE_02289	contig_97	68004	71528	+	GEGEGB_01642	1	persistent	2	1	0
OEKLIE_02291	contig_97	72010	72444	+	GEGEGB_01647	1	persistent	2	0	1
OEKLIE_02292	contig_97	72494	72832	-	GEGEGB_01648	1	persistent	2	0	2
OEKLIE_02293	contig_97	73188	74123	+	GEGEGB_01650	1	persistent	2	0	2
OEKLIE_02294	contig_97	74167	75540	-	HFCAGB_01626	1	persistent	2	0	0
OEKLIE_02296	contig_97	76027	77010	-	LNHIMF_01720	1	persistent	2	0	0
OEKLIE_02297	contig_97	77156	78310	-	LNHIMF_01721	1	persistent	2	0	0
OEKLIE_02298	contig_97	78721	79284	-	LNHIMF_01722	1	persistent	2	0	0
OEKLIE_02299	contig_97	79542	80057	+	GEGEGB_01657	1	persistent	2	0	0
OEKLIE_02300	contig_97	80253	81005	+	LNHIMF_01724	1	persistent	2	0	0
OEKLIE_02301	contig_97	81156	82103	+	LNHIMF_01725	1	persistent	2	0	0
OEKLIE_02302	contig_97	82159	82413	-	GEGEGB_01660	1	persistent	2	0	0
OEKLIE_02303	contig_97	82652	83683	+	GEGEGB_01661	1	persistent	2	0	0
OEKLIE_02304	contig_98	447	704	+	OEKLIE_02304	1	cloud	1	0	0
OEKLIE_02305	contig_98	1654	2496	+	GEGEGB_00352	1	persistent	3	0	1
OEKLIE_02306	contig_98	2476	2700	-	BEJGEH_02566	1	persistent	2	0	0
OEKLIE_02307	contig_98	2743	3411	+	BEJGEH_02567	1	persistent	2	0	0
OEKLIE_02309	contig_98	3980	4756	-	GEGEGB_00348	1	persistent	3	0	0
OEKLIE_02310	contig_98	4771	4950	+	PKJKAM_02726	1	persistent	2	0	0
OEKLIE_02311	contig_98	4866	6149	-	GEGEGB_00346	1	persistent	2	0	0
OEKLIE_02312	contig_98	6396	6596	-	GEGEGB_00345	1	persistent	2	0	0
OEKLIE_02313	contig_98	6608	6943	-	GEGEGB_00344	1	persistent	2	0	0
OEKLIE_02314	contig_98	6945	8795	-	LNHIMF_02679	1	persistent	2	0	0
OEKLIE_02315	contig_98	8808	9323	-	LNHIMF_02680	1	persistent	2	0	0
OEKLIE_02316	contig_98	9519	9842	-	GEGEGB_00341	1	persistent	2	0	0
OEKLIE_02317	contig_98	9871	10257	-	GEGEGB_00340	1	persistent	2	0	0
OEKLIE_02318	contig_98	10285	11499	-	GEGEGB_00339	1	persistent	2	0	0
OEKLIE_02319	contig_98	11680	12174	-	GEGEGB_00338	1	persistent	2	0	0
OEKLIE_02320	contig_98	12334	13065	-	GEGEGB_00337	1	persistent	2	0	0
OEKLIE_02321	contig_98	13184	13987	+	LNHIMF_02686	1	persistent	2	0	0
OEKLIE_02322	contig_98	14132	15010	+	HFCAGB_02830	1	persistent	2	0	0
OEKLIE_02323	contig_98	15192	16235	+	GEGEGB_00334	1	persistent	2	0	0
OEKLIE_02324	contig_98	16239	17057	+	LNHIMF_02689	1	persistent	2	0	0
OEKLIE_02325	contig_98	17068	18081	+	GEGEGB_00332	1	persistent	2	0	0
OEKLIE_02326	contig_98	18082	19068	-	BEJGEH_02586	1	persistent	2	0	0
OEKLIE_02327	contig_98	19059	19697	-	LNHIMF_02692	1	persistent	2	0	0
OEKLIE_02328	contig_98	19823	21100	+	LNHIMF_02693	1	persistent	2	0	0
OEKLIE_02329	contig_98	21095	22234	-	GEGEGB_00327	1	persistent	2	0	0
OEKLIE_02330	contig_98	22430	23683	-	GEGEGB_00326	1	persistent	2	0	0
OEKLIE_02331	contig_98	24008	25198	+	LNHIMF_02696	1	persistent	2	0	0
OEKLIE_02332	contig_98	25380	26924	+	ODDLKH_03069	1	persistent	2	0	1
OEKLIE_02333	contig_98	27285	28616	+	ALJMDI_01593	1	persistent	2	0	0
OEKLIE_02334	contig_98	28699	30843	+	GEGEGB_00322	1	persistent	2	0	0
OEKLIE_02335	contig_98	30899	32359	+	LNHIMF_02700	1	persistent	2	0	0
OEKLIE_02336	contig_98	32408	32746	-	GEGEGB_00320	1	persistent	2	0	0
OEKLIE_02337	contig_98	32823	34160	-	GEGEGB_00319	1	persistent	2	0	0
OEKLIE_02338	contig_98	34157	34921	-	GEGEGB_00318	1	persistent	2	0	0
OEKLIE_02339	contig_98	34923	36308	-	GEGEGB_00317	1	persistent	2	1	0
OEKLIE_02342	contig_98	37003	40890	-	LNHIMF_02707	1	persistent	2	1	0
OEKLIE_02343	contig_98	41146	42690	+	BEJGEH_02606	1	persistent	2	0	0
OEKLIE_02344	contig_98	42741	43259	-	GEGEGB_00312	1	persistent	2	0	0
OEKLIE_02345	contig_98	43317	43952	-	LNHIMF_02710	1	persistent	2	0	0
OEKLIE_02346	contig_98	43956	45317	-	LNHIMF_02711	1	persistent	2	0	0
OEKLIE_02347	contig_98	45328	46221	-	GEGEGB_00309	1	persistent	2	0	0
OEKLIE_02348	contig_98	46337	47185	+	GEGEGB_00308	1	persistent	2	0	0
OEKLIE_02349	contig_98	47224	48141	-	GEGEGB_00307	1	persistent	2	0	0
OEKLIE_02350	contig_98	48163	49359	-	LNHIMF_02715	1	persistent	2	0	0
OEKLIE_02351	contig_98	49475	50401	+	BEJGEH_02614	1	persistent	2	0	0
OEKLIE_02352	contig_98	50439	50699	+	GEGEGB_00304	1	persistent	2	0	0
OEKLIE_02353	contig_98	50811	51191	-	GEGEGB_00303	1	persistent	2	0	0
OEKLIE_02354	contig_98	51191	51922	-	GEGEGB_00302	1	persistent	2	0	0
OEKLIE_02355	contig_98	51934	52662	-	GEGEGB_00301	1	persistent	2	0	0
OEKLIE_02356	contig_98	52674	53579	-	LNHIMF_02721	1	persistent	2	0	0
OEKLIE_02357	contig_98	53576	54313	-	GEGEGB_00299	1	persistent	2	0	0
OEKLIE_02358	contig_98	54530	55504	-	GEGEGB_00298	1	persistent	2	0	0
OEKLIE_02359	contig_98	55521	57320	-	GEGEGB_00297	1	persistent	2	0	2
OEKLIE_02360	contig_98	57749	59218	+	AJBGEP_02765	1	cloud	1	0	1
OEKLIE_02361	contig_98	60141	60614	+	AJBGEP_02766	1	cloud	0	0	2
OEKLIE_02362	contig_98	60729	60914	+	AJBGEP_02767	1	cloud	0	0	2
OEKLIE_02363	contig_98	61279	61344	-	AJBGEP_02768	1	cloud	0	1	1
OEKLIE_02364	contig_98	61873	61953	+	AJBGEP_01961	2	shell	0	4	1
OEKLIE_02365	contig_98	62050	62628	-	AJBGEP_02770	2	shell	0	9	5
OEKLIE_02366	contig_98	62618	63442	-	AJBGEP_02771	1	shell	0	2	0
OEKLIE_02367	contig_98	63439	65811	-	AJBGEP_02772	2	shell	0	8	0
OEKLIE_02369	contig_98	65865	66107	-	LNHIMF_00690	2	shell	0	3	1
OEKLIE_02370	contig_98	66146	69508	-	LNHIMF_00689	1	shell	0	2	0
OEKLIE_02371	contig_98	69570	70076	-	AJBGEP_01301	1	shell	0	2	2
OEKLIE_02372	contig_98	70115	70852	-	ODDLKH_01699	1	shell	0	2	0
OEKLIE_02373	contig_98	70859	71557	-	AJBGEP_01299	1	shell	0	2	1
OEKLIE_02374	contig_98	71567	71896	-	LNHIMF_00685	1	shell	0	2	0
OEKLIE_02375	contig_98	71899	74994	-	LNHIMF_00684	2	shell	0	4	0
OEKLIE_02376	contig_98	74966	75280	-	LNHIMF_00683	1	shell	0	2	0
OEKLIE_02377	contig_98	75301	75696	-	LNHIMF_00682	1	shell	0	2	0
OEKLIE_02378	contig_98	75747	76490	-	LNHIMF_00681	1	shell	0	2	0
OEKLIE_02379	contig_98	76501	76902	-	LNHIMF_00680	1	shell	0	3	2
OEKLIE_02380	contig_98	77011	78141	+	AJBGEP_01292	1	shell	0	2	0
OEKLIE_02381	contig_98	78190	78768	-	AJBGEP_01291	1	shell	0	3	1
OEKLIE_02382	contig_98	78796	79179	-	AJBGEP_01290	1	shell	0	2	0
OEKLIE_02383	contig_98	79190	79549	-	ODDLKH_01689	1	shell	0	2	1
OEKLIE_02384	contig_98	79607	80635	-	AJBGEP_01287	1	shell	0	2	1
OEKLIE_02385	contig_98	80690	81037	-	AJBGEP_01286	1	shell	0	2	0
OEKLIE_02386	contig_98	81050	82546	-	AJBGEP_01285	1	shell	0	2	0
OEKLIE_02387	contig_98	82536	84155	-	AJBGEP_01284	1	shell	0	2	0
OEKLIE_02388	contig_98	84113	84316	-	AJBGEP_01283	1	shell	0	2	0
OEKLIE_02389	contig_98	84300	86231	-	AJBGEP_01282	1	shell	0	2	0
OEKLIE_02390	contig_98	86203	86748	-	AJBGEP_01281	1	shell	0	2	0
OEKLIE_02391	contig_98	87035	87436	+	AJBGEP_01280	1	shell	0	2	2
OEKLIE_02392	contig_98	87672	88145	-	ODDLKH_01680	1	shell	0	2	2
OEKLIE_02393	contig_98	88142	88441	-	HFCAGB_01373	2	shell	0	2	1
OEKLIE_02394	contig_99	755	2515	+	GEGEGB_00677	1	persistent	2	0	0
OEKLIE_02395	contig_99	2640	2924	+	GEGEGB_00676	1	persistent	3	0	0
OEKLIE_02396	contig_99	3033	3653	-	GEGEGB_00675	1	persistent	2	0	0
OEKLIE_02397	contig_99	3681	4688	-	GEGEGB_00674	1	persistent	3	0	0
OEKLIE_02398	contig_99	4868	5095	+	GEGEGB_00673	1	persistent	2	0	0
OEKLIE_02399	contig_99	5127	6887	+	GEGEGB_00672	1	persistent	2	0	4
OEKLIE_02401	contig_99	7168	7839	-	AJBGEP_02398	1	cloud	1	0	1
OEKLIE_02402	contig_99	8337	10166	+	AJBGEP_02399	1	cloud	0	1	1
OEKLIE_02403	contig_99	10220	10663	-	AJBGEP_02400	1	shell	0	1	1
OEKLIE_02404	contig_99	11041	11568	-	BEJGEH_02721	1	shell	0	1	5
OEKLIE_02405	contig_99	11571	12812	-	AJBGEP_02402	1	cloud	0	1	1
OEKLIE_02406	contig_99	12873	13391	-	AJBGEP_02403	1	cloud	0	0	2
OEKLIE_02407	contig_99	13405	13734	-	AJBGEP_02404	1	cloud	0	0	2
OEKLIE_02408	contig_99	14031	15362	+	AJBGEP_02405	1	cloud	0	0	2
OEKLIE_02409	contig_99	15391	15756	-	AJBGEP_02406	1	cloud	0	1	1
OEKLIE_02410	contig_99	15774	16763	-	AJBGEP_02407	2	shell	0	1	5
OEKLIE_02411	contig_99	16771	17001	-	AJBGEP_02408	1	shell	0	2	0
OEKLIE_02412	contig_99	16991	17092	-	AJBGEP_02409	1	shell	0	2	0
OEKLIE_02413	contig_99	17092	19458	-	PKJKAM_03030	1	shell	0	2	2
OEKLIE_02414	contig_99	20127	20918	-	GEGEGB_00668	1	shell	1	1	0
OEKLIE_02416	contig_99	21047	21424	+	IKCLMC_01756	1	persistent	3	1	0
OEKLIE_02417	contig_99	21616	22173	-	LNHIMF_02380	1	persistent	2	0	2
OEKLIE_02418	contig_99	22909	23556	+	GEGEGB_00665	1	persistent	3	0	1
OEKLIE_02419	contig_99	23600	24643	-	GEGEGB_00664	3	persistent	3	0	0
OEKLIE_02420	contig_99	24683	25186	-	GEGEGB_00663	4	persistent	2	0	1
OEKLIE_02421	contig_99	25183	27114	-	GEGEGB_00662	4	persistent	2	0	0
OEKLIE_02422	contig_99	27111	27590	-	HFCAGB_02510	3	persistent	2	0	0
OEKLIE_02423	contig_99	27587	27760	-	AJBGEP_02420	3	persistent	2	0	0
OEKLIE_02424	contig_99	27796	28542	-	GEGEGB_00659	3	persistent	2	0	0
OEKLIE_02425	contig_99	28585	29241	-	GEGEGB_00658	3	persistent	2	0	0
OEKLIE_02426	contig_99	29241	29858	-	GEGEGB_03907	3	persistent	3	0	0
OEKLIE_02427	contig_99	29879	30481	-	LNHIMF_02390	1	persistent	2	0	0
OEKLIE_02428	contig_99	30491	30940	-	GEGEGB_00655	1	persistent	2	0	0
OEKLIE_02429	contig_99	31056	31925	-	GEGEGB_00654	1	persistent	2	0	0
OEKLIE_02430	contig_99	31912	32607	-	GEGEGB_00653	1	persistent	2	0	0
OEKLIE_02431	contig_99	32614	35100	-	GEGEGB_00652	1	persistent	2	0	0
OEKLIE_02432	contig_99	35097	35360	-	GEGEGB_00651	1	persistent	2	0	0
OEKLIE_02433	contig_99	35350	35841	-	LNHIMF_02396	1	persistent	3	0	0
OEKLIE_02434	contig_99	35953	36084	+	GEGEGB_00649	1	persistent	2	0	0
OEKLIE_02435	contig_99	36243	36749	+	GEGEGB_00648	1	persistent	3	0	0
OEKLIE_02436	contig_99	36958	38601	-	LNHIMF_02399	1	persistent	2	0	0
OEKLIE_02437	contig_99	38677	39327	-	LNHIMF_02400	1	persistent	2	0	0
OEKLIE_02438	contig_99	39330	40388	-	LNHIMF_02401	1	persistent	2	0	0
OEKLIE_02439	contig_99	40472	41524	-	GEGEGB_00644	1	persistent	2	0	0
OEKLIE_02440	contig_99	41639	42775	-	GEGEGB_00643	1	persistent	2	0	0
OEKLIE_02442	contig_99	43504	46173	+	LNHIMF_02405	1	persistent	2	0	0
OEKLIE_02443	contig_99	46190	46840	+	GEGEGB_00640	1	persistent	2	0	0
OEKLIE_02444	contig_99	46943	49789	-	LNHIMF_02407	1	persistent	2	1	0
OEKLIE_02445	contig_99	49907	52543	-	LNHIMF_02408	1	persistent	2	0	1
OEKLIE_02446	contig_99	52955	54157	-	LNHIMF_02409	1	persistent	2	0	0
OEKLIE_02447	contig_99	54172	55497	-	LNHIMF_02410	1	persistent	2	0	0
OEKLIE_02448	contig_99	55547	56431	+	GEGEGB_00631	1	persistent	2	0	0
OEKLIE_02449	contig_99	56514	57242	+	LNHIMF_02413	1	persistent	2	0	0
OEKLIE_02450	contig_99	57598	59883	+	LNHIMF_02414	1	persistent	2	0	0
OEKLIE_02451	contig_99	59996	61126	+	GEGEGB_00628	1	persistent	2	0	0
OEKLIE_02452	contig_99	61126	61380	+	GEGEGB_00627	1	persistent	2	0	0
OEKLIE_02453	contig_99	61382	62599	-	BEJGEH_02304	1	persistent	2	0	0
OEKLIE_02454	contig_99	62734	63612	+	LNHIMF_02419	1	persistent	2	0	0
OEKLIE_02455	contig_99	63728	64798	-	LNHIMF_02420	1	persistent	2	0	0
OEKLIE_02456	contig_99	64803	66161	-	LNHIMF_02421	1	persistent	2	0	0
OEKLIE_02457	contig_99	66434	68062	+	LNHIMF_02422	1	persistent	2	0	0
OEKLIE_02458	contig_99	68052	69311	+	LNHIMF_02423	1	persistent	2	0	0
OEKLIE_02459	contig_99	69308	70498	+	LNHIMF_02424	1	persistent	2	0	0
OEKLIE_02461	contig_99	70924	71946	+	BEJGEH_02312	1	persistent	2	0	0
OEKLIE_02462	contig_99	72056	72232	-	GEGEGB_00612	2	persistent	4	0	0
OEKLIE_02463	contig_99	72238	73041	-	LNHIMF_02428	1	persistent	2	0	0
OEKLIE_02464	contig_99	73067	74356	-	GEGEGB_00615	1	persistent	2	0	0
OEKLIE_02465	contig_99	74412	75617	-	GEGEGB_00614	1	persistent	2	0	0
OEKLIE_02466	contig_99	75631	76413	-	LNHIMF_02431	1	persistent	2	0	0
OEKLIE_02467	contig_99	76663	77859	-	GEGEGB_00612	2	persistent	4	0	0
OEKLIE_02468	contig_99	77974	78540	-	GEGEGB_00611	1	persistent	2	0	0
OEKLIE_02469	contig_99	78795	79220	+	GEGEGB_00610	1	persistent	3	0	0
OEKLIE_02470	contig_99	79265	79870	-	LNHIMF_02435	1	persistent	2	0	0
OEKLIE_02471	contig_99	80169	81308	+	LNHIMF_02436	1	persistent	2	0	0
OEKLIE_02472	contig_99	81311	82294	+	GEGEGB_00607	1	persistent	2	0	0
OEKLIE_02473	contig_99	82291	84273	+	LNHIMF_02438	1	persistent	2	0	0
OEKLIE_02474	contig_99	84270	85169	+	LNHIMF_02439	1	persistent	2	0	0
OEKLIE_02475	contig_99	85166	86812	+	LNHIMF_02440	1	persistent	2	0	0
OEKLIE_02476	contig_99	86809	87144	+	ALJMDI_02045	1	persistent	2	0	0
OEKLIE_02477	contig_99	87144	87521	+	LNHIMF_02442	1	persistent	2	0	0
OEKLIE_02478	contig_99	87516	87773	-	LNHIMF_02443	1	persistent	2	0	0
OEKLIE_02479	contig_99	87871	89238	-	LNHIMF_02444	1	persistent	2	0	0
OEKLIE_02480	contig_99	89235	90197	-	LNHIMF_02445	1	persistent	2	0	0
OEKLIE_02481	contig_99	90197	91054	-	GEGEGB_00598	1	persistent	2	0	0
OEKLIE_02482	contig_99	91069	91506	-	LNHIMF_02447	2	persistent	2	0	0
OEKLIE_02483	contig_99	91475	91828	-	LNHIMF_02447	2	persistent	2	0	0
OEKLIE_02484	contig_99	91825	93495	-	LNHIMF_02448	1	persistent	2	0	0
OEKLIE_02485	contig_99	93581	94876	-	LNHIMF_02449	1	persistent	2	0	0
OEKLIE_02486	contig_99	94977	95282	-	GEGEGB_00594	1	persistent	2	0	0
OEKLIE_02487	contig_99	95337	95798	-	GEGEGB_00593	1	persistent	2	0	0
OEKLIE_02488	contig_99	95859	96776	+	GEGEGB_00592	1	persistent	2	0	0
OEKLIE_02489	contig_99	96842	97843	+	LNHIMF_02453	1	persistent	2	1	0
OEKLIE_02490	contig_99	97884	99665	-	BEJGEH_02340	1	shell	2	0	2
OEKLIE_02491	contig_100	128	2701	-	GEGEGB_02756	1	persistent	3	0	1
OEKLIE_02493	contig_100	2831	3562	-	LNHIMF_02753	1	persistent	2	0	0
OEKLIE_02494	contig_100	3559	4539	-	GEGEGB_02759	1	persistent	2	0	0
OEKLIE_02495	contig_100	4671	5408	+	BEJGEH_02653	1	persistent	2	0	0
OEKLIE_02496	contig_100	5680	6018	+	GEGEGB_02761	1	persistent	2	0	1
OEKLIE_02497	contig_100	6269	7429	+	LNHIMF_02757	1	persistent	2	0	1
OEKLIE_02498	contig_100	7390	8298	-	LNHIMF_02758	1	persistent	2	0	0
OEKLIE_02499	contig_100	8356	9477	-	GEGEGB_02764	1	persistent	2	0	0
OEKLIE_02500	contig_100	9487	10557	-	GEGEGB_02765	1	persistent	2	0	0
OEKLIE_02501	contig_100	10997	11515	+	GEGEGB_02766	1	persistent	2	0	0
OEKLIE_02502	contig_100	11508	12728	+	LNHIMF_02762	1	persistent	2	0	0
OEKLIE_02503	contig_100	12885	13232	-	GEGEGB_02768	1	persistent	2	0	0
OEKLIE_02504	contig_100	13273	14040	-	GEGEGB_02769	1	persistent	2	0	0
OEKLIE_02505	contig_100	14085	14633	-	GEGEGB_02770	1	persistent	2	0	0
OEKLIE_02506	contig_100	14652	14900	-	GEGEGB_02771	1	persistent	2	0	1
OEKLIE_02507	contig_100	15214	16575	-	GEGEGB_02772	1	persistent	2	0	1
OEKLIE_02508	contig_100	16741	17532	+	GEGEGB_02773	1	persistent	2	0	0
OEKLIE_02509	contig_100	17597	18838	+	GEGEGB_02774	1	persistent	2	0	1
OEKLIE_02510	contig_100	18959	19564	+	BEJGEH_02701	1	persistent	2	0	1
OEKLIE_02511	contig_100	19599	20189	-	LNHIMF_02771	1	persistent	2	0	1
OEKLIE_02512	contig_100	20312	21190	+	AJBGEP_02882	1	persistent	2	0	1
OEKLIE_02513	contig_100	21276	22937	+	LNHIMF_02773	1	persistent	2	0	0
OEKLIE_02514	contig_100	23086	23424	+	GEGEGB_02779	1	persistent	2	0	0
OEKLIE_02515	contig_100	23590	23880	-	LNHIMF_02775	1	persistent	2	0	0
OEKLIE_02516	contig_100	23870	24307	-	GEGEGB_02781	1	persistent	2	0	0
OEKLIE_02517	contig_100	24451	24978	+	GEGEGB_02782	1	persistent	2	0	0
OEKLIE_02518	contig_100	25592	37066	+	GEGEGB_02783	1	persistent	2	0	0
OEKLIE_02520	contig_100	37131	38540	+	LNHIMF_02780	2	persistent	2	0	0
OEKLIE_02521	contig_100	38537	40717	+	LNHIMF_02781	1	persistent	2	0	0
OEKLIE_02522	contig_100	40698	41888	+	LNHIMF_02782	1	persistent	1	2	6
OEKLIE_02525	contig_100	44148	44819	+	OEKLIE_02525	2	shell	2	2	5
OEKLIE_02526	contig_100	44812	45369	-	LNHIMF_02074	2	persistent	3	1	1
OEKLIE_02527	contig_100	45518	45925	+	GEGEGB_04550	2	cloud	1	1	6
OEKLIE_02528	contig_100	45929	46447	-	OEKLIE_02528	1	cloud	0	0	5
OEKLIE_02529	contig_100	46462	47700	-	LNHIMF_00691	1	cloud	0	2	1
OEKLIE_02530	contig_100	47749	48321	+	LNHIMF_02806	1	shell	1	1	1
OEKLIE_02531	contig_100	49285	50400	+	GEGEGB_02814	1	persistent	1	2	2
OEKLIE_02532	contig_100	50481	54134	+	HFCAGB_02977	1	persistent	2	0	0
OEKLIE_02533	contig_100	54244	55488	+	LNHIMF_02809	1	persistent	2	0	0
OEKLIE_02534	contig_100	55520	56455	+	HFCAGB_02979	1	persistent	2	0	0
OEKLIE_02535	contig_100	56497	58671	-	LNHIMF_02811	1	persistent	2	1	1
OEKLIE_02536	contig_100	59203	59514	-	BEJGEH_02765	1	shell	2	0	0
OEKLIE_02537	contig_100	59710	60762	-	LNHIMF_02813	1	persistent	2	1	1
OEKLIE_02538	contig_100	61281	62210	+	GEGEGB_02820	1	persistent	2	0	0
OEKLIE_02539	contig_100	62503	63399	+	GEGEGB_02821	1	persistent	2	0	0
OEKLIE_02540	contig_100	63915	64028	+	GEGEGB_02822	1	persistent	2	0	0
OEKLIE_02541	contig_100	64121	65134	-	LNHIMF_02817	1	persistent	2	0	0
OEKLIE_02542	contig_100	65267	66682	-	GEGEGB_02824	1	persistent	2	0	0
OEKLIE_02543	contig_100	66669	67343	-	LNHIMF_02819	1	persistent	2	0	0
OEKLIE_02544	contig_100	67498	68475	+	LNHIMF_02820	1	persistent	2	0	0
OEKLIE_02545	contig_100	68490	68921	+	GEGEGB_02827	1	persistent	2	0	0
OEKLIE_02546	contig_100	68932	70446	+	LNHIMF_02822	1	persistent	2	0	1
OEKLIE_02548	contig_100	70749	71726	+	GEGEGB_02829	1	persistent	2	0	1
OEKLIE_02549	contig_100	71752	73020	+	LNHIMF_02824	1	persistent	2	0	0
OEKLIE_02550	contig_100	73042	74490	+	BEJGEH_02778	1	persistent	2	0	0
OEKLIE_02551	contig_100	74505	75788	+	LNHIMF_02827	1	persistent	2	0	0
OEKLIE_02552	contig_100	75918	77318	+	BEJGEH_02780	1	persistent	2	0	0
OEKLIE_02553	contig_100	77360	78037	+	GEGEGB_02835	1	persistent	2	0	1
OEKLIE_02554	contig_100	78205	78510	-	OEKLIE_02554	1	cloud	2	0	0
OEKLIE_02555	contig_100	78610	78768	-	GEGEGB_02838	1	persistent	2	0	1
OEKLIE_02556	contig_100	78951	79250	+	LNHIMF_02832	1	persistent	2	0	0
OEKLIE_02557	contig_100	79260	79787	+	GEGEGB_02840	1	persistent	3	0	0
OEKLIE_02558	contig_100	79866	80045	+	LNHIMF_02834	1	persistent	2	0	0
OEKLIE_02559	contig_100	80135	80536	-	GEGEGB_02842	1	persistent	3	0	0
OEKLIE_02560	contig_100	81235	81684	+	LNHIMF_02836	1	persistent	2	0	0
OEKLIE_02561	contig_100	81719	82069	-	GEGEGB_02844	1	persistent	2	0	0
OEKLIE_02562	contig_100	82231	82557	+	GEGEGB_02845	1	persistent	2	0	0
OEKLIE_02563	contig_100	82641	83975	-	LNHIMF_02839	1	persistent	2	0	0
OEKLIE_02564	contig_100	84064	84495	+	LNHIMF_02840	1	persistent	2	0	0
OEKLIE_02565	contig_100	84767	85012	+	LNHIMF_02841	1	persistent	2	0	0
OEKLIE_02566	contig_100	85009	85419	+	LNHIMF_02842	1	persistent	2	0	0
OEKLIE_02567	contig_100	85419	87536	+	LNHIMF_02843	1	persistent	2	0	0
OEKLIE_02568	contig_100	87547	88506	+	LNHIMF_02844	1	persistent	2	0	1
OEKLIE_02569	contig_100	88861	90063	+	LNHIMF_02845	1	persistent	2	0	1
OEKLIE_02570	contig_100	90056	91120	+	GEGEGB_02855	1	persistent	2	0	0
OEKLIE_02571	contig_100	91190	92185	+	GEGEGB_02856	1	persistent	2	0	0
OEKLIE_02572	contig_100	92350	93534	+	LNHIMF_02848	1	persistent	2	0	0
OEKLIE_02573	contig_100	94031	94561	+	GEGEGB_02858	1	persistent	2	0	0
OEKLIE_02574	contig_100	94688	95860	+	LNHIMF_02850	1	persistent	2	0	0
OEKLIE_02575	contig_100	95877	97415	+	LNHIMF_02851	1	persistent	2	0	0
OEKLIE_02576	contig_100	97464	98834	-	GEGEGB_02861	1	persistent	2	0	0
OEKLIE_02578	contig_100	99180	99695	-	GEGEGB_02863	1	persistent	2	0	0
OEKLIE_02580	contig_100	99845	101401	-	LNHIMF_02856	1	persistent	2	0	0
OEKLIE_02581	contig_100	101478	101903	-	GEGEGB_02866	1	persistent	2	0	0
OEKLIE_02582	contig_100	101900	102466	-	GEGEGB_02867	1	persistent	2	0	0
OEKLIE_02588	contig_101	104	2068	+	GEGEGB_03994	1	persistent	2	0	0
OEKLIE_02589	contig_101	2073	2762	+	LNHIMF_03795	1	persistent	2	0	0
OEKLIE_02590	contig_101	2768	4849	+	GEGEGB_03992	1	persistent	2	1	0
OEKLIE_02591	contig_101	4852	5703	-	AJBGEP_03942	1	shell	2	0	0
OEKLIE_02592	contig_101	5706	6911	-	GEGEGB_03991	1	persistent	2	1	0
OEKLIE_02593	contig_101	7139	8530	+	GEGEGB_03990	1	persistent	2	0	0
OEKLIE_02594	contig_101	8651	10360	+	LNHIMF_03799	1	persistent	2	0	0
OEKLIE_02595	contig_101	10463	12781	-	LNHIMF_03800	1	persistent	2	0	0
OEKLIE_02596	contig_101	12793	14175	-	GEGEGB_03987	1	persistent	2	1	2
OEKLIE_02598	contig_101	14874	15218	-	HFCAGB_04002	1	shell	1	1	2
OEKLIE_02599	contig_101	15896	17086	+	AJBGEP_03950	1	shell	0	2	0
OEKLIE_02600	contig_101	17086	17433	+	AJBGEP_03951	1	shell	0	2	0
OEKLIE_02601	contig_101	17620	18657	+	ALJMDI_02303	1	shell	0	2	3
OEKLIE_02602	contig_101	18769	18942	-	HFCAGB_04008	1	shell	1	1	0
OEKLIE_02603	contig_101	19956	20573	+	LNHIMF_03804	1	persistent	2	1	1
OEKLIE_02604	contig_101	20648	23515	+	PAPNPA_01001	1	persistent	2	0	0
OEKLIE_02605	contig_101	23610	24074	-	GEGEGB_03975	1	persistent	3	0	1
OEKLIE_02606	contig_101	24085	24942	-	BEJGEH_03812	1	persistent	2	0	0
OEKLIE_02607	contig_101	25726	26406	+	GEGEGB_03971	2	persistent	5	2	3
OEKLIE_02608	contig_101	26635	27114	-	LNHIMF_03809	1	persistent	2	0	0
OEKLIE_02609	contig_101	27216	27302	-	GEGEGB_03969	1	persistent	2	0	0
OEKLIE_02610	contig_101	27315	27407	-	GEGEGB_03968	1	persistent	2	0	0
OEKLIE_02611	contig_101	27429	30155	-	LNHIMF_03812	1	persistent	2	0	1
OEKLIE_02612	contig_101	30375	31058	-	GEGEGB_03966	1	persistent	2	0	1
OEKLIE_02613	contig_101	31579	32481	+	GEGEGB_03965	1	persistent	2	0	0
OEKLIE_02614	contig_101	32524	33465	-	BEJGEH_03820	1	persistent	2	0	0
OEKLIE_02615	contig_101	33701	34444	-	LNHIMF_03816	1	persistent	2	0	0
OEKLIE_02616	contig_101	34431	35540	-	GEGEGB_03962	1	persistent	2	0	0
OEKLIE_02617	contig_101	35544	36401	-	GEGEGB_03961	1	persistent	2	0	0
OEKLIE_02618	contig_101	36401	37150	-	GEGEGB_03960	1	persistent	2	0	0
OEKLIE_02619	contig_101	37296	37781	-	GEGEGB_03959	1	persistent	2	0	0
OEKLIE_02620	contig_101	37792	38217	-	GEGEGB_03958	1	persistent	2	0	0
OEKLIE_02621	contig_101	38436	41234	-	BEJGEH_03827	1	persistent	2	0	0
OEKLIE_02622	contig_101	41431	41724	+	GEGEGB_03956	1	persistent	2	0	0
OEKLIE_02623	contig_101	41830	43212	+	LNHIMF_03824	1	persistent	2	0	0
OEKLIE_02624	contig_101	43272	44465	-	GEGEGB_03954	1	persistent	3	0	2
OEKLIE_02625	contig_101	44681	45040	+	LNHIMF_03827	1	persistent	2	0	1
OEKLIE_02626	contig_101	45024	45347	+	GEGEGB_03952	1	persistent	4	0	2
OEKLIE_02627	contig_101	45438	45707	-	GEGEGB_03951	1	persistent	2	0	2
OEKLIE_02628	contig_101	45717	46577	-	LNHIMF_03832	1	persistent	2	0	0
OEKLIE_02629	contig_101	46640	48124	-	LNHIMF_03833	1	persistent	2	0	0
OEKLIE_02630	contig_101	48117	49475	-	GEGEGB_03947	1	persistent	2	0	0
OEKLIE_02631	contig_101	49551	49838	-	GEGEGB_03946	1	persistent	2	0	0
OEKLIE_02632	contig_101	49835	50308	-	BEJGEH_03838	1	persistent	2	0	0
OEKLIE_02633	contig_101	50326	51069	-	GEGEGB_03944	1	persistent	2	0	0
OEKLIE_02634	contig_101	51422	51874	-	GEGEGB_03943	1	persistent	3	0	0
OEKLIE_02635	contig_101	52067	53458	-	LNHIMF_03839	1	persistent	2	0	0
OEKLIE_02636	contig_101	53601	54929	-	LNHIMF_03840	1	persistent	2	0	0
OEKLIE_02637	contig_101	54939	56441	-	GEGEGB_03940	1	persistent	2	0	0
OEKLIE_02638	contig_101	56441	57031	-	LNHIMF_03842	1	persistent	2	0	0
OEKLIE_02639	contig_101	57106	58119	-	GEGEGB_03938	1	persistent	2	0	0
OEKLIE_02640	contig_101	58131	59447	-	GEGEGB_03937	1	persistent	2	0	0
OEKLIE_02641	contig_101	59478	60398	-	GEGEGB_03936	1	persistent	2	0	0
OEKLIE_02642	contig_101	60723	61508	+	GEGEGB_03935	1	persistent	2	0	0
OEKLIE_02643	contig_101	61510	61800	-	GEGEGB_03934	1	persistent	2	0	0
OEKLIE_02644	contig_101	61804	63492	-	LNHIMF_03848	1	persistent	2	0	0
OEKLIE_02645	contig_101	63599	63697	-	GEGEGB_03932	1	persistent	2	0	0
OEKLIE_02647	contig_101	64331	64420	+	GEGEGB_03930	1	persistent	2	0	0
OEKLIE_02648	contig_101	64540	65373	+	LNHIMF_03852	1	persistent	2	0	0
OEKLIE_02649	contig_101	65576	66760	+	GEGEGB_03927	1	persistent	2	0	0
OEKLIE_02650	contig_101	66687	67748	-	LNHIMF_03854	1	persistent	2	0	0
OEKLIE_02651	contig_101	67836	68759	-	LNHIMF_03855	1	persistent	2	0	0
OEKLIE_02652	contig_101	68985	70322	+	LNHIMF_03856	1	persistent	2	0	0
OEKLIE_02653	contig_101	70340	71662	+	LNHIMF_03857	1	persistent	2	0	0
OEKLIE_02654	contig_101	71744	72274	-	GEGEGB_03922	1	persistent	2	0	0
OEKLIE_02655	contig_101	72271	72633	-	LNHIMF_03859	1	persistent	3	0	0
OEKLIE_02656	contig_101	72623	72970	-	LNHIMF_03860	1	persistent	2	0	1
OEKLIE_02657	contig_101	73414	75075	-	GEGEGB_03919	1	persistent	3	0	1
OEKLIE_02658	contig_101	75265	75693	-	LNHIMF_03862	1	persistent	2	0	0
OEKLIE_02659	contig_101	75803	76216	-	GEGEGB_03917	1	persistent	2	0	0
OEKLIE_02660	contig_101	76568	76858	+	GEGEGB_03916	1	persistent	2	0	0
OEKLIE_02661	contig_101	76860	78086	-	LNHIMF_03865	1	persistent	2	0	0
OEKLIE_02662	contig_101	78208	79251	-	GEGEGB_00664	3	persistent	3	0	0
OEKLIE_02663	contig_101	79248	79805	-	GEGEGB_00663	4	persistent	2	0	1
OEKLIE_02664	contig_101	79802	81733	-	GEGEGB_00662	4	persistent	2	0	0
OEKLIE_02665	contig_101	81730	82209	-	HFCAGB_02510	3	persistent	2	0	0
OEKLIE_02666	contig_101	82206	82379	-	AJBGEP_02420	3	persistent	2	0	0
OEKLIE_02667	contig_101	82415	83161	-	GEGEGB_00659	3	persistent	2	0	0
OEKLIE_02668	contig_101	83204	83860	-	GEGEGB_00658	3	persistent	2	0	0
OEKLIE_02669	contig_101	83860	84486	-	GEGEGB_03907	3	persistent	3	0	0
OEKLIE_02670	contig_101	84483	85883	-	GEGEGB_03906	1	persistent	2	0	0
OEKLIE_02671	contig_101	86073	86705	-	GEGEGB_03905	1	persistent	2	0	0
OEKLIE_02672	contig_101	86698	89250	-	LNHIMF_03876	1	persistent	2	0	0
OEKLIE_02673	contig_101	89240	90424	-	LNHIMF_03877	1	persistent	2	0	0
OEKLIE_02674	contig_101	90518	91246	+	LNHIMF_03878	2	persistent	2	0	0
OEKLIE_02675	contig_101	91219	92259	-	GEGEGB_03900	2	persistent	2	0	0
OEKLIE_02676	contig_101	92339	95074	+	GEGEGB_03899	1	persistent	1	1	1
OEKLIE_02677	contig_101	95100	96392	-	HFCAGB_04079	1	shell	1	1	0
OEKLIE_02678	contig_101	96522	97670	-	HFCAGB_04080	1	shell	0	2	0
OEKLIE_02679	contig_101	97667	98284	-	HFCAGB_04081	1	shell	0	2	0
OEKLIE_02680	contig_101	98268	99146	-	HFCAGB_04082	1	shell	0	2	0
OEKLIE_02681	contig_101	99143	99832	-	HFCAGB_04083	1	shell	1	1	0
OEKLIE_02682	contig_101	100093	100938	-	HFCAGB_04084	1	persistent	1	1	3
OEKLIE_02683	contig_101	101244	102506	+	GEGEGB_03894	1	persistent	2	0	1
OEKLIE_02684	contig_101	102523	103713	+	LNHIMF_03887	1	persistent	2	0	0
OEKLIE_02685	contig_101	103828	104724	+	HFCAGB_04087	1	persistent	2	0	0
OEKLIE_02686	contig_101	104743	107157	-	GEGEGB_03891	1	persistent	2	0	1
OEKLIE_02687	contig_101	107186	108259	-	GEGEGB_03890	1	persistent	2	0	0
OEKLIE_02688	contig_101	108407	109507	-	GEGEGB_03889	1	persistent	2	0	0
OEKLIE_02689	contig_101	109512	110912	-	GEGEGB_03887	1	persistent	2	0	0
OEKLIE_02691	contig_101	111766	111963	-	GEGEGB_03886	1	persistent	2	0	0
OEKLIE_02692	contig_102	1212	1973	-	BEJGEH_00348	1	persistent	2	0	0
OEKLIE_02693	contig_102	2035	2571	-	GEGEGB_02659	1	persistent	2	0	0
OEKLIE_02694	contig_102	3235	3969	+	LNHIMF_00369	1	persistent	2	0	0
OEKLIE_02695	contig_102	3942	4442	+	LNHIMF_00370	1	persistent	2	0	0
OEKLIE_02696	contig_102	4742	6316	+	LNHIMF_00371	1	persistent	2	0	0
OEKLIE_02697	contig_102	6416	7159	+	LNHIMF_00372	1	persistent	2	0	0
OEKLIE_02698	contig_102	7132	7620	+	LNHIMF_00373	1	persistent	2	0	0
OEKLIE_02699	contig_102	8022	8546	+	GEGEGB_02652	1	persistent	2	0	0
OEKLIE_02700	contig_102	8804	9331	+	LNHIMF_00375	1	persistent	2	0	0
OEKLIE_02701	contig_102	9624	9983	+	LNHIMF_00376	1	persistent	2	0	0
OEKLIE_02702	contig_102	10053	11510	-	BEJGEH_00358	1	persistent	3	0	0
OEKLIE_02703	contig_102	11527	14694	-	LNHIMF_00378	1	persistent	2	0	0
OEKLIE_02704	contig_102	14691	15917	-	BEJGEH_00360	1	persistent	2	0	0
OEKLIE_02705	contig_102	16194	18482	+	HFCAGB_00372	1	persistent	2	0	0
OEKLIE_02706	contig_102	18494	18958	+	LNHIMF_00381	1	persistent	2	0	0
OEKLIE_02707	contig_102	19036	19230	+	GEGEGB_02648	1	persistent	3	0	1
OEKLIE_02708	contig_102	19523	20776	+	LNHIMF_00383	1	persistent	2	0	1
OEKLIE_02709	contig_102	20965	22923	+	GEGEGB_02645	1	persistent	2	0	0
OEKLIE_02710	contig_102	22933	25905	+	BEJGEH_00367	1	persistent	2	0	0
OEKLIE_02711	contig_102	26182	26283	+	GEGEGB_02642	1	persistent	2	0	0
OEKLIE_02712	contig_102	26400	27803	+	LNHIMF_00387	1	persistent	2	0	0
OEKLIE_02713	contig_102	27800	28810	+	LNHIMF_00388	1	persistent	2	0	0
OEKLIE_02714	contig_102	28810	28941	+	GEGEGB_02639	1	persistent	2	0	0
OEKLIE_02715	contig_102	29147	30151	+	GEGEGB_02638	1	persistent	2	0	0
OEKLIE_02716	contig_102	30315	32405	+	LNHIMF_00391	1	persistent	2	0	0
OEKLIE_02717	contig_102	32446	33078	-	LNHIMF_00392	1	persistent	2	0	0
OEKLIE_02718	contig_102	33310	33585	+	GEGEGB_02635	1	persistent	2	0	0
OEKLIE_02719	contig_102	33721	35346	-	LNHIMF_00394	1	persistent	2	0	0
OEKLIE_02720	contig_102	35611	36498	+	GEGEGB_02633	1	persistent	2	0	0
OEKLIE_02721	contig_102	36621	37790	+	GEGEGB_02632	1	persistent	2	0	0
OEKLIE_02722	contig_102	37830	39281	+	LNHIMF_00397	1	persistent	2	0	0
OEKLIE_02723	contig_102	39322	41208	+	LNHIMF_00398	1	persistent	2	0	0
OEKLIE_02724	contig_102	41312	42286	-	GEGEGB_02629	1	persistent	1	1	3
OEKLIE_02725	contig_102	42799	45735	+	AJBGEP_00392	1	shell	2	0	0
OEKLIE_02726	contig_102	45821	46444	+	BEJGEH_00383	1	persistent	1	1	3
OEKLIE_02727	contig_102	46489	47646	-	GEGEGB_02626	1	persistent	2	0	0
OEKLIE_02728	contig_102	47993	49213	+	LNHIMF_00403	1	persistent	2	0	0
OEKLIE_02729	contig_102	49228	50322	+	LNHIMF_00404	1	persistent	2	0	0
OEKLIE_02730	contig_102	50360	50668	-	GEGEGB_02623	1	persistent	2	0	0
OEKLIE_02731	contig_102	50936	51151	+	GEGEGB_02622	1	persistent	2	0	0
OEKLIE_02732	contig_102	51177	52289	-	GEGEGB_02621	1	persistent	2	0	0
OEKLIE_02733	contig_102	52379	53062	+	LNHIMF_00408	1	persistent	2	0	0
OEKLIE_02734	contig_102	53231	54442	+	GEGEGB_02619	1	persistent	2	0	0
OEKLIE_02735	contig_102	54739	54999	+	GEGEGB_02618	1	persistent	2	0	0
OEKLIE_02736	contig_102	55351	55671	+	GEGEGB_02617	1	persistent	2	0	0
OEKLIE_02737	contig_102	55763	56875	+	LNHIMF_00412	1	persistent	2	0	0
OEKLIE_02738	contig_102	56890	57699	-	LNHIMF_00413	1	persistent	2	0	0
OEKLIE_02739	contig_102	57839	58294	+	GEGEGB_02614	1	persistent	2	0	0
OEKLIE_02740	contig_102	58479	59024	+	GEGEGB_02613	1	persistent	2	0	0
OEKLIE_02741	contig_102	59051	59242	+	GEGEGB_02612	1	persistent	2	0	0
OEKLIE_02742	contig_102	59493	60170	+	LNHIMF_00417	1	persistent	2	0	0
OEKLIE_02743	contig_102	60241	60525	+	GEGEGB_02609	1	persistent	2	0	0
OEKLIE_02744	contig_102	60563	61474	-	GEGEGB_02608	1	persistent	2	0	0
OEKLIE_02745	contig_102	61600	62508	+	GEGEGB_02607	1	persistent	2	0	0
OEKLIE_02746	contig_102	62530	63702	-	LNHIMF_00421	1	persistent	2	0	0
OEKLIE_02747	contig_102	63875	67015	-	LNHIMF_00422	1	persistent	2	0	0
OEKLIE_02748	contig_102	67012	68214	-	LNHIMF_00423	1	persistent	2	0	0
OEKLIE_02749	contig_102	68429	69118	+	GEGEGB_02602	1	persistent	2	0	0
OEKLIE_02750	contig_102	69188	70483	+	LNHIMF_00425	1	persistent	2	0	0
OEKLIE_02751	contig_102	70892	72211	+	GEGEGB_02600	1	persistent	2	1	0
OEKLIE_02752	contig_102	72286	73656	+	LNHIMF_00427	1	persistent	2	1	0
OEKLIE_02753	contig_102	73818	75635	+	LNHIMF_00428	1	persistent	2	0	0
OEKLIE_02754	contig_102	75707	76309	-	GEGEGB_02595	1	persistent	2	0	0
OEKLIE_02755	contig_102	76519	77100	-	GEGEGB_02594	1	persistent	2	0	0
OEKLIE_02756	contig_102	77194	78258	+	LNHIMF_00431	1	persistent	2	0	0
OEKLIE_02757	contig_102	78455	79582	+	LNHIMF_00432	1	persistent	2	0	0
OEKLIE_02758	contig_102	79605	79937	+	GEGEGB_02591	1	persistent	2	0	0
OEKLIE_02759	contig_102	79998	81812	+	GEGEGB_02590	1	persistent	2	0	0
OEKLIE_02760	contig_102	81823	82794	+	GEGEGB_02589	1	persistent	2	1	0
OEKLIE_02761	contig_102	82942	83307	+	GEGEGB_02588	1	shell	1	1	0
OEKLIE_02762	contig_102	83333	84025	+	GEGEGB_02587	1	shell	1	1	0
OEKLIE_02763	contig_102	84195	84542	+	GEGEGB_02586	1	persistent	2	1	0
OEKLIE_02765	contig_102	84980	85087	+	LNHIMF_00437	1	persistent	2	0	0
OEKLIE_02766	contig_102	85171	86034	-	GEGEGB_02583	1	persistent	2	0	0
OEKLIE_02767	contig_102	86334	86873	-	LNHIMF_00440	1	persistent	2	0	0
OEKLIE_02768	contig_102	87025	87474	+	GEGEGB_02581	1	persistent	2	0	0
OEKLIE_02769	contig_102	87478	88581	+	LNHIMF_00442	1	persistent	2	0	0
OEKLIE_02770	contig_102	88670	89140	+	GEGEGB_02579	1	persistent	2	0	0
OEKLIE_02771	contig_102	89161	89580	+	LNHIMF_00444	1	persistent	2	0	0
OEKLIE_02772	contig_102	89659	90636	+	LNHIMF_00445	1	persistent	2	0	0
OEKLIE_02773	contig_102	90614	91129	+	GEGEGB_02576	1	persistent	2	0	0
OEKLIE_02774	contig_102	91233	92207	-	LNHIMF_00447	1	persistent	2	0	0
OEKLIE_02775	contig_102	92264	94126	-	LNHIMF_00448	1	persistent	2	0	0
OEKLIE_02776	contig_102	94150	95049	-	GEGEGB_02573	1	persistent	2	0	0
OEKLIE_02777	contig_102	95050	95292	-	GEGEGB_02572	1	persistent	2	0	0
OEKLIE_02778	contig_102	95502	96950	+	LNHIMF_00451	1	persistent	2	0	0
OEKLIE_02779	contig_102	96994	97791	-	LNHIMF_00452	1	persistent	2	0	0
OEKLIE_02780	contig_102	97794	98654	-	HFCAGB_00451	1	persistent	2	0	0
OEKLIE_02781	contig_102	98657	99766	-	LNHIMF_00454	1	persistent	2	0	0
OEKLIE_02782	contig_102	99772	100785	-	LNHIMF_00455	1	persistent	2	0	0
OEKLIE_02783	contig_102	100983	101702	-	GEGEGB_02566	1	persistent	2	0	0
OEKLIE_02784	contig_102	101842	102945	+	GEGEGB_02565	1	persistent	2	0	0
OEKLIE_02785	contig_102	102955	103764	+	GEGEGB_02564	1	persistent	2	0	0
OEKLIE_02786	contig_102	103861	104451	-	GEGEGB_02563	1	persistent	2	0	0
OEKLIE_02787	contig_102	104414	105325	-	LNHIMF_00460	1	persistent	2	0	0
OEKLIE_02788	contig_102	105451	105942	+	LNHIMF_00461	1	persistent	2	0	0
OEKLIE_02789	contig_102	105989	107353	-	GEGEGB_02560	1	persistent	3	0	1
OEKLIE_02790	contig_102	107890	109401	+	HFCAGB_00461	1	persistent	1	1	2
OEKLIE_02791	contig_102	109413	110906	+	AJBGEP_00458	1	shell	2	0	0
OEKLIE_02792	contig_102	110988	111878	-	GEGEGB_02554	1	persistent	2	1	1
OEKLIE_02793	contig_102	111890	112219	-	GEGEGB_02553	1	persistent	2	0	0
OEKLIE_02794	contig_102	112219	112833	-	LNHIMF_00465	1	persistent	2	0	0
OEKLIE_02795	contig_102	112823	114814	-	GEGEGB_02551	1	persistent	2	0	0
OEKLIE_02796	contig_102	114825	115781	-	GEGEGB_02550	1	persistent	2	0	0
OEKLIE_02797	contig_102	116234	117715	-	GEGEGB_02549	1	persistent	2	0	0
OEKLIE_02798	contig_102	117753	118211	-	GEGEGB_02548	1	persistent	2	0	0
OEKLIE_02799	contig_103	358	2379	+	LNHIMF_00930	1	persistent	2	0	0
OEKLIE_02800	contig_103	2869	5166	+	AJBGEP_00824	1	persistent	2	0	0
OEKLIE_02801	contig_103	5258	6166	-	GEGEGB_02202	1	persistent	2	0	0
OEKLIE_02802	contig_103	6530	7552	+	GEGEGB_02201	1	persistent	2	0	0
OEKLIE_02803	contig_103	7574	8086	+	GEGEGB_02200	1	persistent	2	0	0
OEKLIE_02804	contig_103	8131	8574	+	LNHIMF_00935	1	persistent	2	0	0
OEKLIE_02805	contig_103	8567	8812	+	LNHIMF_00936	1	persistent	2	0	0
OEKLIE_02806	contig_103	8814	9266	+	GEGEGB_02197	1	persistent	2	0	1
OEKLIE_02807	contig_103	9314	10018	+	LNHIMF_00938	1	persistent	2	0	4
OEKLIE_02808	contig_103	10019	10204	-	OEKLIE_02808	1	cloud	2	0	0
OEKLIE_02809	contig_103	10351	10872	+	GEGEGB_02194	1	persistent	2	2	2
OEKLIE_02810	contig_103	10902	11504	+	HFCAGB_00889	1	shell	2	0	2
OEKLIE_02811	contig_103	11512	12072	+	BEJGEH_00810	1	persistent	2	1	1
OEKLIE_02812	contig_103	12075	13037	-	GEGEGB_02192	1	persistent	2	0	1
OEKLIE_02813	contig_103	13037	14278	-	GEGEGB_02191	1	persistent	2	0	0
OEKLIE_02814	contig_103	14275	15033	-	LNHIMF_00943	1	persistent	2	0	0
OEKLIE_02815	contig_103	15166	15576	+	GEGEGB_02189	1	persistent	2	0	0
OEKLIE_02816	contig_103	15538	16644	-	GEGEGB_02188	1	persistent	2	0	0
OEKLIE_02817	contig_103	16760	17890	-	GEGEGB_02187	1	persistent	2	0	0
OEKLIE_02818	contig_103	17883	19619	-	LNHIMF_00947	1	persistent	2	0	0
OEKLIE_02819	contig_103	19612	20607	-	GEGEGB_02185	1	persistent	2	0	0
OEKLIE_02820	contig_103	20607	21281	-	LNHIMF_00949	1	persistent	2	0	1
OEKLIE_02821	contig_103	21511	22875	+	GEGEGB_02183	1	persistent	3	0	1
OEKLIE_02822	contig_103	23083	25227	+	LNHIMF_00951	1	persistent	2	0	1
OEKLIE_02823	contig_103	25257	26231	+	BEJGEH_00823	1	persistent	2	1	0
OEKLIE_02824	contig_103	26387	26647	-	GEGEGB_02178	1	persistent	2	1	0
OEKLIE_02825	contig_103	26932	27198	-	GEGEGB_02177	1	persistent	2	0	1
OEKLIE_02826	contig_103	27403	28329	+	GEGEGB_02175	1	persistent	2	0	1
OEKLIE_02827	contig_103	28326	30548	-	LNHIMF_00956	1	persistent	2	0	0
OEKLIE_02828	contig_103	30667	31389	-	GEGEGB_02173	1	persistent	2	0	0
OEKLIE_02829	contig_103	31386	32045	-	GEGEGB_02172	1	persistent	2	0	0
OEKLIE_02830	contig_103	32189	32935	-	GEGEGB_02171	1	persistent	2	0	1
OEKLIE_02831	contig_103	33412	33915	-	GEGEGB_02170	1	persistent	2	0	1
OEKLIE_02832	contig_103	34218	35105	-	GEGEGB_02169	1	persistent	2	0	0
OEKLIE_02833	contig_103	35459	35974	+	GEGEGB_02168	1	persistent	2	0	1
OEKLIE_02834	contig_103	36037	37617	-	LNHIMF_00963	1	persistent	2	1	0
OEKLIE_02835	contig_103	37882	38010	-	GEGEGB_02163	1	persistent	2	0	0
OEKLIE_02836	contig_103	38196	38669	+	GEGEGB_02162	1	persistent	2	0	0
OEKLIE_02837	contig_103	38666	39778	+	GEGEGB_02161	1	persistent	2	0	0
OEKLIE_02838	contig_103	39822	40742	-	GEGEGB_02160	1	persistent	2	0	0
OEKLIE_02839	contig_103	40961	42553	+	GEGEGB_02159	1	persistent	2	1	0
OEKLIE_02840	contig_103	43009	43905	+	BEJGEH_00840	1	shell	2	0	1
OEKLIE_02841	contig_103	43934	44464	-	GEGEGB_02157	2	persistent	2	1	3
OEKLIE_02842	contig_103	44858	46123	-	LNHIMF_00969	1	persistent	2	0	2
OEKLIE_02843	contig_103	46385	47194	+	GEGEGB_02157	2	persistent	2	1	3
OEKLIE_02844	contig_103	47272	49704	-	LNHIMF_00971	1	persistent	2	0	0
OEKLIE_02845	contig_103	49710	50609	-	GEGEGB_02155	1	persistent	2	0	0
OEKLIE_02846	contig_103	50887	51636	-	LNHIMF_00973	1	persistent	2	0	0
OEKLIE_02847	contig_103	51636	52871	-	LNHIMF_00974	1	persistent	2	0	0
OEKLIE_02848	contig_103	53074	54015	+	GEGEGB_02152	1	persistent	2	0	0
OEKLIE_02849	contig_103	54026	55897	+	GEGEGB_02151	1	persistent	2	0	0
OEKLIE_02850	contig_103	55930	57468	+	GEGEGB_02150	1	persistent	2	0	0
OEKLIE_02851	contig_103	57529	58449	+	GEGEGB_02149	1	persistent	2	0	0
OEKLIE_02852	contig_103	58452	59363	+	GEGEGB_02148	1	persistent	2	0	0
OEKLIE_02853	contig_103	59454	60779	-	LNHIMF_00980	1	persistent	2	0	0
OEKLIE_02854	contig_103	61010	61393	+	GEGEGB_02146	1	persistent	1	1	2
OEKLIE_02855	contig_103	62106	62621	+	LNHIMF_00982	1	shell	1	1	1
OEKLIE_02856	contig_103	62644	63393	+	LNHIMF_00983	1	shell	0	2	0
OEKLIE_02857	contig_103	63404	64351	+	AJBGEP_00883	1	shell	0	2	1
OEKLIE_02858	contig_103	64384	64581	+	HFCAGB_00939	1	shell	0	2	0
OEKLIE_02859	contig_103	64645	65808	+	LNHIMF_00986	1	shell	0	3	1
OEKLIE_02860	contig_103	65833	66024	+	LNHIMF_00987	1	shell	0	2	0
OEKLIE_02861	contig_103	66257	67942	+	LNHIMF_00988	1	shell	0	3	0
OEKLIE_02862	contig_103	67948	68838	-	HFCAGB_00943	1	shell	0	2	0
OEKLIE_02863	contig_103	69103	69528	-	LNHIMF_00990	1	shell	0	2	1
OEKLIE_02864	contig_103	69875	70555	+	AJBGEP_00890	1	cloud	1	1	0
OEKLIE_02865	contig_103	70552	71178	-	GEGEGB_02144	1	persistent	1	1	2
OEKLIE_02866	contig_103	71554	72624	+	GEGEGB_02143	1	persistent	2	0	0
OEKLIE_02867	contig_103	72669	73427	-	GEGEGB_02142	1	persistent	2	0	0
OEKLIE_02868	contig_103	73499	74173	-	GEGEGB_02141	1	persistent	2	0	0
OEKLIE_02869	contig_103	74420	75652	+	GEGEGB_02140	1	persistent	2	0	0
OEKLIE_02870	contig_103	75706	76521	-	GEGEGB_02139	1	persistent	2	0	0
OEKLIE_02871	contig_103	76518	77729	-	LNHIMF_00998	1	persistent	2	0	0
OEKLIE_02872	contig_103	77897	78517	+	LNHIMF_00999	1	persistent	2	0	0
OEKLIE_02874	contig_103	78634	80319	-	GEGEGB_02135	1	persistent	2	0	0
OEKLIE_02875	contig_103	80590	80967	+	LNHIMF_01002	1	persistent	2	0	0
OEKLIE_02876	contig_103	80999	81262	-	GEGEGB_02133	1	persistent	2	0	0
OEKLIE_02877	contig_103	81432	81722	+	LNHIMF_01004	1	persistent	2	0	0
OEKLIE_02878	contig_103	81706	82428	+	BEJGEH_00869	1	persistent	2	0	0
OEKLIE_02879	contig_103	82486	83388	+	GEGEGB_02130	1	persistent	2	0	0
OEKLIE_02880	contig_103	83485	83961	+	GEGEGB_02129	1	persistent	2	0	0
OEKLIE_02881	contig_103	84307	85422	+	LNHIMF_01008	1	persistent	2	0	0
OEKLIE_02882	contig_103	85510	86643	+	LNHIMF_01009	1	persistent	2	0	0
OEKLIE_02883	contig_103	86653	87606	+	LNHIMF_01010	1	persistent	2	0	0
OEKLIE_02884	contig_103	87603	88448	+	GEGEGB_02125	1	persistent	2	0	0
OEKLIE_02885	contig_103	88594	88995	+	GEGEGB_02124	1	persistent	2	0	0
OEKLIE_02886	contig_103	89038	90168	+	AJBGEP_00912	1	persistent	2	0	0
OEKLIE_02887	contig_103	90451	91794	+	BEJGEH_00878	1	persistent	2	0	0
OEKLIE_02888	contig_103	91824	92144	+	LNHIMF_01015	1	persistent	2	0	0
OEKLIE_02889	contig_103	92154	93641	+	LNHIMF_01016	1	persistent	2	0	0
OEKLIE_02890	contig_103	93860	94591	-	GEGEGB_02119	1	persistent	2	0	0
OEKLIE_02891	contig_103	94828	95496	-	GEGEGB_02118	1	persistent	2	0	0
OEKLIE_02892	contig_103	95496	96212	-	GEGEGB_02117	1	persistent	2	0	0
OEKLIE_02893	contig_103	96219	96950	-	LNHIMF_01020	1	persistent	2	0	0
OEKLIE_02894	contig_103	96968	97696	-	GEGEGB_02115	1	persistent	2	0	0
OEKLIE_02895	contig_103	97926	98441	-	GEGEGB_02114	1	persistent	2	0	0
OEKLIE_02896	contig_103	98569	98892	+	GEGEGB_02113	1	persistent	2	0	0
OEKLIE_02897	contig_103	98889	99719	+	GEGEGB_02112	1	persistent	2	0	0
OEKLIE_02898	contig_103	99716	100729	-	GEGEGB_02111	1	persistent	2	0	0
OEKLIE_02899	contig_103	100825	102258	-	LNHIMF_01026	1	persistent	2	0	0
OEKLIE_02900	contig_103	102269	103270	-	LNHIMF_01027	1	persistent	2	0	0
OEKLIE_02901	contig_103	103309	105027	-	GEGEGB_02108	1	persistent	2	0	0
OEKLIE_02902	contig_103	105185	106153	-	LNHIMF_01029	1	persistent	2	0	0
OEKLIE_02903	contig_103	106165	107817	-	LNHIMF_01030	1	persistent	2	0	0
OEKLIE_02904	contig_103	107961	108860	-	GEGEGB_02105	1	persistent	2	0	0
OEKLIE_02905	contig_103	109062	110720	+	LNHIMF_01032	1	persistent	2	0	0
OEKLIE_02906	contig_103	110717	111667	-	LNHIMF_01033	1	persistent	2	0	0
OEKLIE_02907	contig_103	111813	112931	+	GEGEGB_02102	1	persistent	2	0	0
OEKLIE_02908	contig_103	112928	114874	+	GEGEGB_02101	1	persistent	2	0	0
OEKLIE_02909	contig_103	115076	115228	-	GEGEGB_02100	1	persistent	2	0	0
OEKLIE_02910	contig_103	115553	115873	+	GEGEGB_02099	1	persistent	2	0	0
OEKLIE_02911	contig_103	115904	118180	+	LNHIMF_01038	1	persistent	2	4	1
OEKLIE_02913	contig_103	118372	118830	+	GEGEGB_00250	8	shell	58	4	2
OEKLIE_02914	contig_103	119293	119976	-	LNHIMF_00818	1	shell	12	5	5
OEKLIE_02915	contig_103	120147	120335	-	LNHIMF_00819	1	shell	12	3	3
OEKLIE_02916	contig_104	263	2191	-	GEGEGB_01287	1	persistent	3	2	0
OEKLIE_02917	contig_104	2774	2902	+	AJBGEP_01410	1	shell	1	1	0
OEKLIE_02918	contig_104	3083	4306	+	GEGEGB_01285	1	shell	2	1	0
OEKLIE_02919	contig_104	5008	5862	-	LNHIMF_01380	1	persistent	3	1	1
OEKLIE_02920	contig_104	5859	6173	-	GEGEGB_01283	1	persistent	2	0	0
OEKLIE_02921	contig_104	6316	7275	+	GEGEGB_01282	1	persistent	3	0	0
OEKLIE_02922	contig_104	7324	8082	-	GEGEGB_01281	1	persistent	2	0	0
OEKLIE_02923	contig_104	8371	9303	+	LNHIMF_01376	1	persistent	2	0	0
OEKLIE_02924	contig_104	9400	9690	+	GEGEGB_01279	1	persistent	2	0	0
OEKLIE_02925	contig_104	9797	10657	+	GEGEGB_01278	1	persistent	2	0	0
OEKLIE_02926	contig_104	10700	11236	-	GEGEGB_01277	1	persistent	2	0	0
OEKLIE_02927	contig_104	11385	12053	+	LNHIMF_01372	1	persistent	2	0	0
OEKLIE_02928	contig_104	12191	12790	+	LNHIMF_01371	1	persistent	2	0	0
OEKLIE_02929	contig_104	12927	14318	+	LNHIMF_01370	1	persistent	2	0	0
OEKLIE_02930	contig_104	14420	14662	-	GEGEGB_01273	1	persistent	2	0	0
OEKLIE_02931	contig_104	15027	17279	+	LNHIMF_01368	1	persistent	2	1	0
OEKLIE_02932	contig_104	17323	18081	-	LNHIMF_01367	1	persistent	2	1	0
OEKLIE_02933	contig_104	18094	19449	-	LNHIMF_01366	1	persistent	2	0	0
OEKLIE_02934	contig_104	19574	20413	-	GEGEGB_01267	1	persistent	2	0	0
OEKLIE_02935	contig_104	20427	20774	-	GEGEGB_01266	1	persistent	2	0	0
OEKLIE_02936	contig_104	20825	22183	-	GEGEGB_01265	1	persistent	2	0	1
OEKLIE_02937	contig_104	22266	22586	-	GEGEGB_01264	1	persistent	2	0	0
OEKLIE_02938	contig_104	22887	23228	-	GEGEGB_01263	1	persistent	2	0	1
OEKLIE_02939	contig_104	23447	24274	+	GEGEGB_01262	1	persistent	2	0	0
OEKLIE_02940	contig_104	24395	25276	+	GEGEGB_01261	1	persistent	2	0	0
OEKLIE_02941	contig_104	25351	25836	-	LNHIMF_01358	1	persistent	2	0	0
OEKLIE_02942	contig_104	25920	26135	-	GEGEGB_01259	1	persistent	2	0	0
OEKLIE_02943	contig_104	26172	27140	-	LNHIMF_01356	1	persistent	2	0	0
OEKLIE_02944	contig_104	27133	28476	-	GEGEGB_01257	1	persistent	2	0	0
OEKLIE_02945	contig_104	28473	29951	-	HFCAGB_01981	1	persistent	2	0	0
OEKLIE_02946	contig_104	29948	30982	-	LNHIMF_01353	1	persistent	2	0	0
OEKLIE_02947	contig_104	30973	32199	-	GEGEGB_01253	1	persistent	2	0	0
OEKLIE_02948	contig_104	32573	33451	+	GEGEGB_01252	1	persistent	2	0	0
OEKLIE_02949	contig_104	33524	33940	+	LNHIMF_01350	1	persistent	2	0	0
OEKLIE_02950	contig_104	33900	34175	-	LNHIMF_01349	1	persistent	2	0	0
OEKLIE_02951	contig_104	34414	35757	+	LNHIMF_01348	1	persistent	2	0	0
OEKLIE_02952	contig_104	35787	37736	-	GEGEGB_01248	1	persistent	2	0	0
OEKLIE_02953	contig_104	37741	38784	-	LNHIMF_01346	1	persistent	2	0	0
OEKLIE_02954	contig_104	38902	39453	-	GEGEGB_01246	1	persistent	2	0	0
OEKLIE_02955	contig_104	39627	41483	+	GEGEGB_01245	1	persistent	2	0	0
OEKLIE_02956	contig_104	41507	42595	+	LNHIMF_01343	1	persistent	2	0	0
OEKLIE_02957	contig_104	42622	43278	+	LNHIMF_01342	1	persistent	2	0	1
OEKLIE_02958	contig_104	43630	43908	-	GEGEGB_01242	1	persistent	2	0	2
OEKLIE_02959	contig_104	43950	44363	-	GEGEGB_01241	1	persistent	2	0	0
OEKLIE_02960	contig_104	44705	45700	+	GEGEGB_01240	1	persistent	2	0	2
OEKLIE_02961	contig_104	46035	46919	+	LNHIMF_01338	1	persistent	2	0	0
OEKLIE_02962	contig_104	47018	47866	-	GEGEGB_01237	1	persistent	2	0	0
OEKLIE_02963	contig_104	47972	49168	-	LNHIMF_01336	1	persistent	2	0	0
OEKLIE_02964	contig_104	49458	50204	-	GEGEGB_01235	1	persistent	2	0	0
OEKLIE_02965	contig_104	50631	52565	+	LNHIMF_01334	1	persistent	2	0	0
OEKLIE_02966	contig_104	52688	53974	+	PAPNPA_01180	1	persistent	2	0	3
OEKLIE_02967	contig_104	54615	56108	+	LNHIMF_01331	1	persistent	2	0	3
OEKLIE_02968	contig_104	56149	56676	+	GEGEGB_01230	1	persistent	2	0	0
OEKLIE_02969	contig_104	56673	56780	-	BEJGEH_01808	1	persistent	2	0	0
OEKLIE_02970	contig_104	56986	57432	+	GEGEGB_01228	1	persistent	2	0	0
OEKLIE_02971	contig_104	57412	58206	-	LNHIMF_01327	1	persistent	2	0	0
OEKLIE_02972	contig_104	58307	59491	+	LNHIMF_01326	1	persistent	2	0	0
OEKLIE_02973	contig_104	59610	59957	+	GEGEGB_01225	1	persistent	2	0	0
OEKLIE_02974	contig_104	59943	60254	-	GEGEGB_01224	1	persistent	2	0	0
OEKLIE_02975	contig_104	60323	60574	-	GEGEGB_01223	1	persistent	2	1	0
OEKLIE_02976	contig_104	61007	61255	-	GEGEGB_01220	1	persistent	2	1	0
OEKLIE_02978	contig_104	61570	62211	-	LNHIMF_01320	1	persistent	2	0	0
OEKLIE_02979	contig_104	62441	62623	-	GEGEGB_01217	1	persistent	2	0	0
OEKLIE_02980	contig_104	62626	62988	-	GEGEGB_01216	1	persistent	2	0	0
OEKLIE_02981	contig_104	63161	63799	-	GEGEGB_01215	1	persistent	2	0	0
OEKLIE_02982	contig_104	63996	64541	-	LNHIMF_01316	1	persistent	2	0	0
OEKLIE_02983	contig_104	64852	65100	+	LNHIMF_01315	1	persistent	2	0	0
OEKLIE_02984	contig_104	65355	66203	-	LNHIMF_01314	1	persistent	2	0	0
OEKLIE_02985	contig_104	66272	66865	-	GEGEGB_01211	1	persistent	2	0	0
OEKLIE_02986	contig_104	67010	67798	-	LNHIMF_01312	1	persistent	2	0	0
OEKLIE_02987	contig_104	67907	68557	-	GEGEGB_01209	1	persistent	2	0	0
OEKLIE_02990	contig_104	68751	69077	-	GEGEGB_01206	1	persistent	2	0	0
OEKLIE_02991	contig_104	69271	70404	+	GEGEGB_01205	1	persistent	2	0	0
OEKLIE_02992	contig_104	70486	71076	-	HFCAGB_02036	1	persistent	2	0	0
OEKLIE_02993	contig_104	71070	71867	-	GEGEGB_01203	1	persistent	2	0	0
OEKLIE_02994	contig_104	71861	72673	-	GEGEGB_01202	1	persistent	2	0	0
OEKLIE_02995	contig_104	72663	73637	-	GEGEGB_01201	1	persistent	2	0	0
OEKLIE_02996	contig_104	73637	75223	-	LNHIMF_01302	1	persistent	2	0	0
OEKLIE_02997	contig_104	75953	76267	+	GEGEGB_01199	1	persistent	2	0	0
OEKLIE_02998	contig_104	76416	76946	+	GEGEGB_01198	1	persistent	2	0	0
OEKLIE_02999	contig_104	77029	78072	-	LNHIMF_01299	1	persistent	2	0	0
OEKLIE_03000	contig_104	78411	78878	-	GEGEGB_01196	1	persistent	2	0	0
OEKLIE_03001	contig_104	79197	79370	+	GEGEGB_01195	1	persistent	2	0	0
OEKLIE_03002	contig_104	80005	80349	+	LNHIMF_01296	1	persistent	2	0	0
OEKLIE_03005	contig_104	81586	82143	-	BEJGEH_01844	1	persistent	2	0	1
OEKLIE_03007	contig_104	82955	83218	+	HFCAGB_02052	1	persistent	2	0	2
OEKLIE_03008	contig_104	83977	84498	+	GEGEGB_01187	1	persistent	2	0	1
OEKLIE_03009	contig_104	84689	84928	+	LNHIMF_01289	1	persistent	1	1	2
OEKLIE_03011	contig_104	85417	86205	+	AJBGEP_01316	1	shell	1	1	0
OEKLIE_03012	contig_104	86527	86730	+	AJBGEP_01315	1	shell	1	1	1
OEKLIE_03013	contig_104	87187	88311	-	GEGEGB_01180	1	persistent	1	2	3
OEKLIE_03015	contig_104	88759	90009	-	GEGEGB_01781	1	persistent	2	1	1
OEKLIE_03016	contig_104	90109	90846	+	LNHIMF_01279	1	persistent	2	0	0
OEKLIE_03017	contig_104	90843	91172	+	GEGEGB_01783	1	persistent	2	0	0
OEKLIE_03018	contig_104	91184	91645	+	GEGEGB_01784	1	persistent	2	0	0
OEKLIE_03019	contig_104	91699	92805	+	GEGEGB_01785	1	persistent	2	0	0
OEKLIE_03020	contig_104	92892	93533	+	LNHIMF_01275	1	persistent	2	0	0
OEKLIE_03021	contig_104	93537	94907	+	BEJGEH_01862	1	persistent	2	0	0
OEKLIE_03022	contig_104	95031	95705	+	LNHIMF_01273	1	persistent	2	0	0
OEKLIE_03023	contig_104	95705	97168	+	GEGEGB_01789	1	persistent	2	0	0
OEKLIE_03024	contig_104	97249	98370	+	LNHIMF_01271	1	persistent	3	0	0
OEKLIE_03025	contig_104	98410	99699	-	HFCAGB_02070	1	persistent	2	1	0
OEKLIE_03026	contig_104	99790	100248	-	GEGEGB_00250	8	shell	58	4	2
OEKLIE_03028	contig_104	100459	101688	-	LNHIMF_01269	1	persistent	3	1	0
OEKLIE_03029	contig_104	101939	103075	+	LNHIMF_01268	1	persistent	2	0	0
OEKLIE_03030	contig_104	103059	103922	+	GEGEGB_01794	1	persistent	2	0	0
OEKLIE_03031	contig_104	104251	105261	+	LNHIMF_01266	1	persistent	2	0	0
OEKLIE_03032	contig_104	105577	106356	+	GEGEGB_01796	1	persistent	2	0	0
OEKLIE_03033	contig_104	106381	107427	+	GEGEGB_01797	1	persistent	2	0	0
OEKLIE_03034	contig_104	107509	108330	-	GEGEGB_01798	1	persistent	2	0	0
OEKLIE_03035	contig_104	108349	109260	-	GEGEGB_01799	1	persistent	2	0	0
OEKLIE_03036	contig_104	109289	110533	-	GEGEGB_01800	1	persistent	2	0	0
OEKLIE_03037	contig_104	110533	111234	-	GEGEGB_01801	1	persistent	2	0	0
OEKLIE_03038	contig_104	111227	112426	-	GEGEGB_01802	1	persistent	2	0	0
OEKLIE_03039	contig_104	112764	116210	+	BEJGEH_01878	1	persistent	2	0	0
OEKLIE_03040	contig_104	116358	117323	+	LNHIMF_01257	1	persistent	2	0	0
OEKLIE_03041	contig_104	117420	117677	-	GEGEGB_01805	1	persistent	2	0	0
OEKLIE_03042	contig_104	117919	118554	+	LNHIMF_01255	1	persistent	2	0	0
OEKLIE_03043	contig_104	118629	119168	-	GEGEGB_01807	1	persistent	2	0	1
OEKLIE_03044	contig_104	119347	120651	-	GEGEGB_01809	1	persistent	2	0	1
OEKLIE_03045	contig_104	120906	121448	-	GEGEGB_01810	1	persistent	2	0	0
OEKLIE_03046	contig_104	121473	122498	-	GEGEGB_01811	1	persistent	2	0	0
OEKLIE_03047	contig_104	122509	123333	-	GEGEGB_01812	1	persistent	2	0	0
OEKLIE_03048	contig_104	123314	123952	-	LNHIMF_01249	1	persistent	2	0	0
OEKLIE_03049	contig_104	123966	124340	-	GEGEGB_01814	1	persistent	2	0	0
OEKLIE_03050	contig_104	124343	124720	-	GEGEGB_01815	1	persistent	2	0	0
OEKLIE_03051	contig_104	125044	127218	+	BEJGEH_01890	1	persistent	2	0	0
OEKLIE_03052	contig_104	127303	128736	-	GEGEGB_01818	1	persistent	2	0	0
OEKLIE_03053	contig_104	129031	129828	-	GEGEGB_01819	1	persistent	2	0	0
OEKLIE_03054	contig_104	129839	130843	-	GEGEGB_01820	1	persistent	2	0	0
OEKLIE_03055	contig_104	130840	131481	-	GEGEGB_01821	1	persistent	2	0	0
OEKLIE_03056	contig_104	131471	132493	-	BEJGEH_01895	1	persistent	2	0	0
OEKLIE_03057	contig_104	132496	133305	-	GEGEGB_01823	1	persistent	2	0	1
OEKLIE_03058	contig_104	133429	134670	-	LNHIMF_01233	1	persistent	2	0	1
OEKLIE_03059	contig_104	134756	134992	-	GEGEGB_01825	1	persistent	2	0	0
OEKLIE_03060	contig_104	135148	135882	-	GEGEGB_01826	1	persistent	2	0	0
OEKLIE_03061	contig_104	135895	136824	-	GEGEGB_01827	1	persistent	2	0	0
OEKLIE_03062	contig_104	136840	137070	-	LNHIMF_01229	1	persistent	2	0	0
OEKLIE_03063	contig_105	888	1046	-	GEGEGB_00474	1	persistent	2	0	0
OEKLIE_03064	contig_105	1105	2361	-	GEGEGB_00473	1	persistent	2	0	0
OEKLIE_03065	contig_105	2416	3249	-	GEGEGB_00472	1	persistent	2	0	0
OEKLIE_03066	contig_105	3505	4266	+	LNHIMF_02563	1	persistent	2	0	0
OEKLIE_03067	contig_105	4328	5254	-	GEGEGB_00470	1	persistent	2	0	0
OEKLIE_03068	contig_105	5344	6342	+	GEGEGB_00469	1	persistent	2	0	0
OEKLIE_03069	contig_105	6339	6557	-	LNHIMF_02566	1	persistent	2	0	0
OEKLIE_03070	contig_105	6559	8574	-	LNHIMF_02567	1	persistent	2	0	0
OEKLIE_03071	contig_105	8646	9632	-	GEGEGB_00466	1	persistent	2	0	0
OEKLIE_03072	contig_105	9864	10625	+	GEGEGB_00465	1	persistent	2	0	0
OEKLIE_03073	contig_105	10789	11760	+	GEGEGB_00464	1	persistent	2	0	0
OEKLIE_03074	contig_105	12144	12401	+	GEGEGB_00463	1	persistent	2	0	0
OEKLIE_03075	contig_105	12450	14177	+	GEGEGB_00462	1	persistent	2	0	0
OEKLIE_03076	contig_105	14218	14727	+	GEGEGB_00461	1	persistent	2	0	0
OEKLIE_03077	contig_105	14876	15115	-	LNHIMF_02574	1	persistent	2	0	0
OEKLIE_03078	contig_105	15112	15978	-	GEGEGB_00459	1	persistent	2	0	0
OEKLIE_03079	contig_105	16061	17353	+	BEJGEH_02464	1	persistent	2	0	0
OEKLIE_03080	contig_105	17368	18087	+	LNHIMF_02577	1	persistent	2	0	0
OEKLIE_03081	contig_105	18164	18526	+	BEJGEH_02466	1	persistent	2	1	1
OEKLIE_03082	contig_105	18539	19078	+	HFCAGB_02713	1	shell	2	0	0
OEKLIE_03083	contig_105	19209	20120	-	LNHIMF_02579	1	persistent	2	1	1
OEKLIE_03084	contig_105	20188	21285	-	BEJGEH_02469	1	persistent	2	0	0
OEKLIE_03085	contig_105	21275	22150	-	LNHIMF_02581	1	persistent	2	0	0
OEKLIE_03086	contig_105	22150	22983	-	GEGEGB_00452	1	persistent	2	0	0
OEKLIE_03087	contig_105	22983	23999	-	GEGEGB_00451	1	persistent	2	0	0
OEKLIE_03088	contig_105	24157	24948	-	GEGEGB_00450	1	persistent	2	0	1
OEKLIE_03089	contig_105	25186	26085	-	GEGEGB_00449	1	persistent	2	0	1
OEKLIE_03090	contig_105	26180	26755	-	GEGEGB_00448	1	persistent	2	0	0
OEKLIE_03091	contig_105	26817	27266	-	LNHIMF_02587	1	persistent	2	0	0
OEKLIE_03092	contig_105	27253	27678	-	GEGEGB_00446	1	persistent	2	0	0
OEKLIE_03093	contig_105	27891	28760	+	GEGEGB_00445	1	persistent	2	0	0
OEKLIE_03094	contig_105	28763	29662	+	GEGEGB_00444	1	persistent	2	1	2
OEKLIE_03095	contig_105	29683	30012	+	GEGEGB_00443	1	shell	2	1	1
OEKLIE_03096	contig_105	30141	31418	+	GEGEGB_00442	1	shell	1	1	0
OEKLIE_03097	contig_105	31618	32670	-	LNHIMF_02591	1	persistent	2	2	3
OEKLIE_03098	contig_105	32718	33212	-	LNHIMF_02592	1	persistent	2	0	0
OEKLIE_03099	contig_105	33225	33884	-	GEGEGB_00439	1	persistent	2	0	0
OEKLIE_03100	contig_105	33894	34790	-	LNHIMF_02594	1	persistent	2	0	0
OEKLIE_03101	contig_105	34809	36170	-	LNHIMF_02595	1	persistent	2	0	0
OEKLIE_03102	contig_105	36182	37585	-	GEGEGB_00436	1	persistent	2	0	0
OEKLIE_03103	contig_105	37582	38808	-	LNHIMF_02597	1	persistent	2	0	0
OEKLIE_03104	contig_105	38928	40115	-	ALJMDI_01699	1	persistent	2	0	0
OEKLIE_03105	contig_105	40105	40944	-	GEGEGB_00433	1	persistent	2	0	0
OEKLIE_03106	contig_105	40955	42358	-	LNHIMF_02600	1	persistent	2	0	1
OEKLIE_03107	contig_105	42370	42657	-	LNHIMF_02601	1	persistent	2	0	0
OEKLIE_03108	contig_105	42770	43060	-	LNHIMF_02602	1	persistent	2	0	0
OEKLIE_03109	contig_105	43101	44117	-	GEGEGB_00430	1	persistent	2	0	1
OEKLIE_03110	contig_105	44114	44917	-	GEGEGB_00429	1	persistent	2	0	0
OEKLIE_03111	contig_105	44914	45603	-	LNHIMF_02605	1	persistent	2	0	0
OEKLIE_03112	contig_105	45581	46060	-	GEGEGB_00427	1	persistent	2	0	0
OEKLIE_03113	contig_105	46073	46408	-	GEGEGB_00426	1	persistent	2	1	1
OEKLIE_03114	contig_105	46889	47347	-	GEGEGB_00250	8	shell	58	4	2
OEKLIE_03116	contig_105	47537	49816	-	GEGEGB_00423	1	persistent	2	1	1
OEKLIE_03117	contig_105	50088	51038	+	LNHIMF_02609	1	persistent	2	0	0
OEKLIE_03118	contig_105	51058	53058	+	LNHIMF_02610	1	persistent	2	0	0
OEKLIE_03119	contig_105	53121	53351	-	GEGEGB_00420	1	persistent	2	0	0
OEKLIE_03120	contig_105	53479	54522	-	LNHIMF_02612	1	persistent	2	0	0
OEKLIE_03121	contig_105	54647	55222	-	GEGEGB_00418	1	persistent	2	0	0
OEKLIE_03122	contig_105	55426	56724	+	GEGEGB_00417	1	persistent	2	0	0
OEKLIE_03123	contig_105	57173	59134	-	GEGEGB_00416	1	persistent	2	0	0
OEKLIE_03124	contig_105	59320	61020	+	BEJGEH_02507	1	persistent	2	0	0
OEKLIE_03125	contig_105	61205	64318	+	GEGEGB_00414	1	persistent	2	0	1
OEKLIE_03127	contig_105	64420	64479	-	LNHIMF_02619	1	persistent	2	0	0
OEKLIE_03128	contig_105	64892	65248	+	GEGEGB_00411	1	persistent	2	0	1
OEKLIE_03129	contig_105	65252	66379	+	LNHIMF_02621	1	persistent	2	0	0
OEKLIE_03130	contig_105	66407	66607	+	GEGEGB_00409	1	persistent	2	0	0
OEKLIE_03131	contig_105	66634	68652	-	LNHIMF_02623	1	persistent	2	0	0
OEKLIE_03132	contig_105	68668	69531	-	LNHIMF_02624	1	persistent	2	0	0
OEKLIE_03133	contig_105	69662	70375	-	GEGEGB_00406	1	persistent	2	0	0
OEKLIE_03134	contig_105	70550	71584	-	GEGEGB_00405	1	persistent	2	0	0
OEKLIE_03135	contig_105	71601	72479	-	GEGEGB_00404	1	persistent	2	0	0
OEKLIE_03136	contig_105	72625	73197	+	LNHIMF_02628	1	persistent	2	0	0
OEKLIE_03137	contig_105	73197	73667	+	GEGEGB_00402	1	persistent	2	0	0
OEKLIE_03138	contig_105	73714	73956	-	LNHIMF_02630	1	persistent	2	1	0
OEKLIE_03139	contig_105	74254	75321	-	GEGEGB_00397	1	persistent	2	1	0
OEKLIE_03140	contig_105	75529	76992	+	GEGEGB_00396	1	persistent	2	0	0
OEKLIE_03141	contig_105	77032	77391	+	GEGEGB_00395	1	persistent	2	0	0
OEKLIE_03142	contig_105	77418	78143	-	GEGEGB_00394	1	persistent	2	0	0
OEKLIE_03143	contig_105	78214	79503	-	GEGEGB_00393	1	persistent	2	0	0
OEKLIE_03144	contig_105	79591	80217	-	GEGEGB_00392	1	persistent	2	0	0
OEKLIE_03145	contig_105	80631	81668	+	LNHIMF_02639	1	persistent	2	0	0
OEKLIE_03146	contig_105	81668	82306	+	GEGEGB_00390	1	persistent	2	0	0
OEKLIE_03147	contig_105	82495	84561	+	LNHIMF_02641	1	persistent	2	0	0
OEKLIE_03148	contig_105	84566	86107	+	GEGEGB_00388	1	persistent	2	0	0
OEKLIE_03149	contig_105	86143	88356	-	LNHIMF_02643	1	persistent	2	0	0
OEKLIE_03150	contig_105	88769	88960	+	BEJGEH_02536	1	persistent	2	0	4
OEKLIE_03151	contig_105	89516	89830	+	BEJGEH_02537	1	persistent	2	0	3
OEKLIE_03152	contig_105	89850	90140	-	HFCAGB_02785	1	persistent	2	0	2
OEKLIE_03153	contig_105	90363	91940	-	GEGEGB_00382	1	persistent	2	0	4
OEKLIE_03154	contig_105	92010	93476	-	GEGEGB_00381	1	persistent	2	0	0
OEKLIE_03155	contig_105	93637	94986	+	LNHIMF_02649	1	persistent	2	0	0
OEKLIE_03156	contig_105	95148	101081	-	PKJKAM_02753	1	persistent	2	0	2
OEKLIE_03157	contig_105	101961	103427	-	ALJMDI_01641	2	persistent	2	0	4
OEKLIE_03158	contig_105	103424	109267	-	ALJMDI_01641	2	persistent	2	0	4
OEKLIE_03159	contig_105	109433	115012	-	AJBGEP_02691	1	persistent	2	0	0
OEKLIE_03160	contig_105	115150	116109	-	BEJGEH_02547	1	persistent	2	0	2
OEKLIE_03161	contig_105	116167	118359	-	LNHIMF_02655	1	persistent	2	0	0
OEKLIE_03162	contig_105	118705	118926	-	LNHIMF_02656	1	persistent	2	0	0
OEKLIE_03163	contig_105	119015	120487	-	GEGEGB_00368	1	persistent	2	0	0
OEKLIE_03164	contig_105	120606	121784	-	GEGEGB_00367	1	persistent	2	0	0
OEKLIE_03165	contig_105	121795	122415	-	GEGEGB_00366	1	persistent	2	0	0
OEKLIE_03166	contig_105	122429	123703	-	GEGEGB_00365	1	persistent	2	0	0
OEKLIE_03168	contig_105	123814	124932	-	LNHIMF_02662	1	persistent	2	0	0
OEKLIE_03169	contig_105	124959	125963	-	BEJGEH_02556	1	persistent	2	0	0
OEKLIE_03170	contig_105	126255	127421	-	GEGEGB_00361	1	persistent	2	0	0
OEKLIE_03171	contig_105	127628	128059	-	GEGEGB_00360	1	persistent	2	0	0
OEKLIE_03172	contig_105	128180	129043	-	LNHIMF_02666	1	persistent	2	0	0
OEKLIE_03173	contig_105	129043	129852	-	GEGEGB_00358	1	persistent	2	0	0
OEKLIE_03174	contig_105	129845	130474	-	LNHIMF_02668	1	persistent	2	0	0
OEKLIE_03175	contig_105	130471	132858	-	OEKLIE_03175	1	persistent	2	0	0
OEKLIE_03176	contig_105	133014	135329	-	LNHIMF_02670	1	persistent	2	0	0
OEKLIE_03177	contig_105	135330	137456	-	GEGEGB_00353	2	persistent	2	0	0
OEKLIE_03178	contig_105	137479	138678	-	GEGEGB_00353	2	persistent	2	0	0
OEKLIE_03179	contig_106	10	858	-	BEJGEH_04073	1	persistent	2	0	0
OEKLIE_03180	contig_106	1015	1707	-	LNHIMF_04068	1	persistent	2	0	1
OEKLIE_03181	contig_106	1775	3196	-	BEJGEH_04075	1	persistent	2	0	0
OEKLIE_03182	contig_106	3242	4624	-	GEGEGB_03799	1	persistent	2	0	0
OEKLIE_03183	contig_106	4670	6706	-	LNHIMF_04071	1	persistent	1	2	0
OEKLIE_03184	contig_106	6750	7592	-	HFCAGB_04271	1	shell	2	0	0
OEKLIE_03185	contig_106	7611	8852	-	BEJGEH_04080	1	persistent	1	2	0
OEKLIE_03186	contig_106	8868	9746	-	GEGEGB_03795	1	persistent	2	0	0
OEKLIE_03187	contig_106	9769	10665	-	GEGEGB_03794	1	persistent	2	0	0
OEKLIE_03188	contig_106	10830	11726	+	GEGEGB_03793	1	persistent	2	0	0
OEKLIE_03189	contig_106	11760	12563	+	GEGEGB_03792	1	persistent	2	0	0
OEKLIE_03190	contig_106	12754	13353	+	GEGEGB_03791	1	persistent	2	0	0
OEKLIE_03191	contig_106	13440	14219	+	GEGEGB_03790	1	persistent	2	0	0
OEKLIE_03192	contig_106	14216	14653	+	LNHIMF_04080	1	persistent	2	0	0
OEKLIE_03193	contig_106	14698	15639	+	GEGEGB_03788	1	persistent	2	0	0
OEKLIE_03194	contig_106	15654	16100	-	GEGEGB_03787	1	persistent	2	0	0
OEKLIE_03195	contig_106	16097	16408	-	LNHIMF_04083	1	persistent	2	0	0
OEKLIE_03196	contig_106	16494	17423	-	LNHIMF_04084	1	persistent	2	0	1
OEKLIE_03197	contig_106	17641	17952	+	LNHIMF_04085	1	persistent	2	0	0
OEKLIE_03198	contig_106	17953	18243	+	LNHIMF_04086	1	persistent	2	0	0
OEKLIE_03199	contig_106	18290	19219	-	LNHIMF_04087	1	persistent	2	0	1
OEKLIE_03200	contig_106	19216	19851	-	GEGEGB_03781	1	persistent	2	0	0
OEKLIE_03201	contig_106	19848	20750	-	LNHIMF_04089	1	persistent	2	0	0
OEKLIE_03202	contig_106	20763	23813	-	GEGEGB_03779	1	persistent	2	0	0
OEKLIE_03203	contig_106	24008	24844	+	GEGEGB_03778	1	persistent	3	0	0
OEKLIE_03204	contig_106	25112	26143	-	BEJGEH_04099	1	persistent	2	0	1
OEKLIE_03205	contig_106	26326	27426	+	LNHIMF_04092	1	persistent	3	0	1
OEKLIE_03207	contig_106	27781	28104	-	LNHIMF_04094	1	persistent	2	0	0
OEKLIE_03208	contig_106	28104	28763	-	GEGEGB_03773	1	persistent	2	0	0
OEKLIE_03209	contig_106	28864	29412	+	LNHIMF_04096	1	persistent	2	0	0
OEKLIE_03210	contig_106	29501	29815	-	GEGEGB_03771	1	persistent	2	0	0
OEKLIE_03211	contig_106	29812	30960	-	ALJMDI_00957	1	persistent	2	0	0
OEKLIE_03212	contig_106	31087	31914	-	LNHIMF_04099	1	persistent	2	0	0
OEKLIE_03213	contig_106	32057	33316	-	GEGEGB_03768	1	persistent	2	0	0
OEKLIE_03214	contig_106	33313	34782	-	LNHIMF_04101	1	persistent	2	0	0
OEKLIE_03215	contig_106	35071	35907	+	GEGEGB_03766	1	persistent	2	0	0
OEKLIE_03216	contig_106	36060	36908	+	GEGEGB_03765	1	persistent	2	0	0
OEKLIE_03217	contig_106	36905	37939	-	LNHIMF_04104	1	persistent	2	0	1
OEKLIE_03218	contig_106	38570	39241	+	GEGEGB_03763	1	persistent	2	0	1
OEKLIE_03219	contig_106	39399	40706	-	LNHIMF_04107	1	persistent	2	0	0
OEKLIE_03220	contig_106	40699	41214	-	GEGEGB_03761	1	persistent	2	0	0
OEKLIE_03221	contig_106	41233	42216	-	LNHIMF_04109	1	persistent	2	0	0
OEKLIE_03222	contig_106	42545	43165	+	GEGEGB_03758	1	persistent	2	0	0
OEKLIE_03223	contig_106	43235	43924	+	GEGEGB_03757	1	persistent	2	0	0
OEKLIE_03224	contig_106	43936	44331	+	LNHIMF_04112	1	persistent	2	0	1
OEKLIE_03225	contig_106	44382	45755	-	GEGEGB_03755	1	persistent	2	0	1
OEKLIE_03226	contig_106	45752	46450	-	LNHIMF_04114	1	persistent	2	0	0
OEKLIE_03227	contig_106	46601	47101	+	LNHIMF_04115	1	persistent	2	0	1
OEKLIE_03228	contig_106	47286	48266	-	OEKLIE_03228	1	cloud	1	0	1
OEKLIE_03229	contig_106	48336	48629	-	OEKLIE_03229	1	cloud	0	0	2
OEKLIE_03230	contig_106	48765	49037	+	OEKLIE_03230	1	cloud	0	0	2
OEKLIE_03231	contig_106	49207	49707	+	OEKLIE_03231	1	cloud	0	0	2
OEKLIE_03232	contig_106	49771	49995	+	OEKLIE_03232	1	cloud	0	0	2
OEKLIE_03233	contig_106	49995	50297	+	OEKLIE_03233	1	cloud	0	0	2
OEKLIE_03234	contig_106	50297	50521	+	OEKLIE_03234	1	cloud	0	0	2
OEKLIE_03235	contig_106	50518	50793	+	OEKLIE_03235	1	cloud	0	0	2
OEKLIE_03236	contig_106	50783	53062	+	OEKLIE_03236	1	cloud	0	0	2
OEKLIE_03237	contig_106	53301	55784	-	OEKLIE_03237	1	cloud	0	0	2
OEKLIE_03238	contig_106	56164	57186	-	OEKLIE_03238	1	cloud	0	0	2
OEKLIE_03239	contig_106	57183	57929	-	OEKLIE_03239	1	cloud	0	0	2
OEKLIE_03240	contig_106	57926	59698	-	OEKLIE_03240	1	cloud	0	0	2
OEKLIE_03241	contig_106	59864	60718	+	OEKLIE_03241	1	cloud	0	0	2
OEKLIE_03242	contig_106	60795	61862	+	OEKLIE_03242	1	cloud	0	0	2
OEKLIE_03243	contig_106	61866	62615	+	OEKLIE_03243	1	cloud	0	0	2
OEKLIE_03244	contig_106	62709	63215	+	OEKLIE_03244	1	cloud	0	0	2
OEKLIE_03245	contig_106	63215	63418	+	OEKLIE_03245	1	cloud	0	0	2
OEKLIE_03246	contig_106	63422	63718	+	OEKLIE_03246	1	cloud	0	0	2
OEKLIE_03247	contig_106	63705	64202	+	OEKLIE_03247	1	cloud	0	0	2
OEKLIE_03248	contig_106	64199	64612	+	OEKLIE_03248	1	cloud	0	0	2
OEKLIE_03249	contig_106	64599	64757	+	OEKLIE_03249	1	cloud	0	0	2
OEKLIE_03250	contig_106	64720	65187	+	OEKLIE_03250	1	cloud	0	0	2
OEKLIE_03251	contig_106	65180	65629	+	OEKLIE_03251	1	cloud	0	0	2
OEKLIE_03252	contig_106	65698	66339	+	OEKLIE_03252	1	cloud	0	0	2
OEKLIE_03253	contig_106	66336	66683	+	OEKLIE_03253	1	cloud	0	0	2
OEKLIE_03254	contig_106	66690	67598	+	OEKLIE_03254	1	cloud	0	0	2
OEKLIE_03255	contig_106	67591	68121	+	OEKLIE_03255	1	cloud	0	0	2
OEKLIE_03256	contig_106	68132	70234	+	OEKLIE_03256	1	cloud	0	0	2
OEKLIE_03257	contig_106	70246	70755	+	OEKLIE_03257	1	cloud	0	0	5
OEKLIE_03258	contig_106	70890	72077	+	OEKLIE_03258	1	cloud	0	0	2
OEKLIE_03259	contig_106	72093	72611	+	OEKLIE_03259	1	cloud	0	0	2
OEKLIE_03260	contig_106	72674	73009	+	OEKLIE_03260	1	cloud	0	0	2
OEKLIE_03261	contig_106	73154	75598	+	OEKLIE_03261	1	cloud	0	0	2
OEKLIE_03262	contig_106	75613	76098	+	OEKLIE_03262	1	cloud	0	0	2
OEKLIE_03263	contig_106	76095	77264	+	OEKLIE_03263	1	cloud	0	0	2
OEKLIE_03264	contig_106	77342	77560	+	OEKLIE_03264	1	cloud	0	0	2
OEKLIE_03265	contig_106	77611	78018	-	OEKLIE_03265	1	cloud	1	0	1
OEKLIE_03266	contig_106	78305	79207	+	GEGEGB_03752	1	persistent	2	0	1
OEKLIE_03267	contig_106	79392	80354	+	GEGEGB_03751	1	persistent	2	0	0
OEKLIE_03268	contig_106	80558	81547	+	LNHIMF_04118	1	persistent	2	0	0
OEKLIE_03269	contig_106	81648	82403	+	GEGEGB_03749	1	persistent	2	0	0
OEKLIE_03270	contig_106	82666	84000	+	LNHIMF_04120	1	persistent	2	0	0
OEKLIE_03271	contig_106	84011	84970	+	AJBGEP_04279	1	persistent	2	0	0
OEKLIE_03272	contig_106	84980	86020	+	GEGEGB_03745	1	persistent	2	0	0
OEKLIE_03273	contig_106	86083	86805	+	LNHIMF_04123	1	persistent	2	0	0
OEKLIE_03274	contig_106	86903	87067	+	LNHIMF_04124	1	persistent	2	0	0
OEKLIE_03275	contig_106	87304	87654	-	LNHIMF_04125	1	persistent	2	0	0
OEKLIE_03276	contig_106	87668	89260	-	GEGEGB_03741	1	persistent	2	0	0
OEKLIE_03277	contig_106	89349	90308	-	GEGEGB_03740	1	persistent	2	0	0
OEKLIE_03278	contig_106	90564	92099	+	LNHIMF_04128	1	persistent	2	0	0
OEKLIE_03279	contig_106	92093	93136	+	LNHIMF_04129	1	persistent	2	0	0
OEKLIE_03280	contig_106	93136	94134	+	GEGEGB_03737	1	persistent	2	0	0
OEKLIE_03281	contig_106	94163	95185	+	GEGEGB_03736	1	persistent	2	0	0
OEKLIE_03282	contig_106	95214	96089	+	GEGEGB_03735	1	persistent	2	0	0
OEKLIE_03283	contig_106	96133	96462	+	GEGEGB_03734	1	persistent	2	0	0
OEKLIE_03284	contig_106	96472	97236	+	LNHIMF_04134	1	persistent	2	0	0
OEKLIE_03285	contig_106	97328	98095	-	GEGEGB_03732	1	persistent	2	0	0
OEKLIE_03286	contig_106	98208	98804	-	GEGEGB_03731	1	persistent	2	0	0
OEKLIE_03287	contig_106	98905	99333	+	GEGEGB_03730	1	persistent	2	0	0
OEKLIE_03288	contig_106	99440	100186	-	GEGEGB_03729	1	persistent	2	0	0
OEKLIE_03289	contig_106	100283	101293	-	GEGEGB_03728	1	persistent	2	0	0
OEKLIE_03290	contig_106	101405	102913	-	LNHIMF_04140	1	persistent	2	0	0
OEKLIE_03291	contig_106	102934	103779	-	LNHIMF_04141	1	persistent	2	0	0
OEKLIE_03292	contig_106	104178	104417	+	LNHIMF_04142	1	persistent	2	0	0
OEKLIE_03293	contig_106	104639	105124	-	GEGEGB_03724	1	persistent	2	0	0
OEKLIE_03294	contig_106	105217	106146	-	LNHIMF_04144	1	persistent	2	0	0
OEKLIE_03295	contig_106	106213	107544	-	LNHIMF_04145	1	persistent	2	0	0
OEKLIE_03296	contig_106	107554	108084	-	GEGEGB_03721	1	persistent	2	0	0
OEKLIE_03297	contig_106	108176	109057	-	IKCLMC_00739	1	persistent	2	0	0
OEKLIE_03298	contig_106	109244	110269	-	GEGEGB_03719	1	persistent	2	0	0
OEKLIE_03299	contig_106	110424	112622	-	LNHIMF_04149	1	persistent	2	0	0
OEKLIE_03300	contig_106	112826	113038	+	GEGEGB_03717	1	persistent	2	1	0
OEKLIE_03301	contig_106	113084	113746	-	GEGEGB_03716	1	persistent	2	1	0
OEKLIE_03303	contig_106	113947	115737	-	LNHIMF_04153	1	persistent	2	0	0
OEKLIE_03304	contig_106	116194	116511	-	GEGEGB_03712	1	persistent	2	0	0
OEKLIE_03305	contig_106	116776	117936	+	LNHIMF_04155	1	persistent	2	0	0
OEKLIE_03306	contig_106	117939	120371	+	IKCLMC_00748	1	persistent	2	0	1
OEKLIE_03307	contig_106	120487	121344	-	HFCAGB_04356	1	persistent	2	0	0
OEKLIE_03308	contig_106	121347	122345	-	BEJGEH_04168	1	persistent	2	0	0
OEKLIE_03309	contig_106	122580	123704	-	LNHIMF_04158	1	persistent	2	0	1
OEKLIE_03310	contig_106	123840	125396	+	GEGEGB_03707	1	persistent	2	0	1
OEKLIE_03311	contig_106	125591	126481	+	GEGEGB_03703	1	persistent	2	0	1
OEKLIE_03312	contig_106	126646	128826	+	GEGEGB_03702	1	persistent	3	0	0
OEKLIE_03313	contig_106	128884	129507	-	BEJGEH_04173	1	persistent	2	0	0
OEKLIE_03314	contig_106	129766	130869	-	LNHIMF_04162	1	persistent	3	0	0
OEKLIE_03315	contig_106	130881	131543	-	BEJGEH_04175	1	persistent	1	1	1
OEKLIE_03316	contig_106	131554	134055	-	HFCAGB_04369	1	shell	1	1	0
OEKLIE_03317	contig_106	134364	135443	+	HFCAGB_04370	1	shell	0	2	0
OEKLIE_03318	contig_106	135458	135778	+	HFCAGB_04371	1	shell	0	2	0
OEKLIE_03319	contig_106	135877	138174	+	HFCAGB_04372	1	shell	0	2	0
OEKLIE_03320	contig_106	138140	139018	+	HFCAGB_04373	1	shell	0	2	0
OEKLIE_03321	contig_106	139020	139373	+	HFCAGB_04374	1	shell	1	1	0
OEKLIE_03322	contig_106	139360	140211	-	HFCAGB_04375	1	persistent	1	1	1
OEKLIE_03323	contig_106	140372	142105	-	GEGEGB_03697	1	persistent	2	0	0
OEKLIE_03324	contig_106	142316	144967	-	LNHIMF_04167	1	persistent	2	0	0
OEKLIE_03325	contig_106	145336	146487	-	GEGEGB_03695	1	persistent	2	0	0
OEKLIE_03326	contig_106	146576	147580	+	GEGEGB_03694	1	persistent	2	0	0
OEKLIE_03327	contig_106	147588	148364	+	GEGEGB_03693	1	persistent	2	0	0
OEKLIE_03328	contig_106	148482	149858	+	LNHIMF_04171	1	persistent	2	0	0
OEKLIE_03330	contig_106	150143	151060	+	GEGEGB_03690	1	persistent	2	0	0
OEKLIE_03331	contig_106	151043	152443	-	GEGEGB_03689	1	persistent	2	0	0
OEKLIE_03332	contig_106	152642	153277	+	GEGEGB_03688	1	persistent	2	0	0
OEKLIE_03333	contig_106	153293	153652	+	GEGEGB_03687	1	persistent	2	0	0
OEKLIE_03334	contig_106	153699	154799	-	LNHIMF_04177	1	persistent	2	0	0
OEKLIE_03335	contig_106	155173	157017	+	LNHIMF_04178	1	persistent	2	0	0
OEKLIE_03336	contig_107	354	791	-	LNHIMF_04228	1	persistent	3	0	0
OEKLIE_03337	contig_107	948	1877	+	LNHIMF_04229	1	persistent	2	0	0
OEKLIE_03338	contig_107	2146	3747	+	LNHIMF_04230	1	persistent	2	0	0
OEKLIE_03339	contig_107	3779	5083	+	LNHIMF_04231	1	persistent	2	0	0
OEKLIE_03340	contig_107	5185	6936	+	LNHIMF_04232	1	persistent	3	0	1
OEKLIE_03341	contig_107	6900	7334	-	LNHIMF_04233	1	persistent	2	0	0
OEKLIE_03342	contig_107	7318	8142	-	LNHIMF_04234	1	persistent	3	0	1
OEKLIE_03343	contig_107	8446	12129	+	LNHIMF_04235	1	persistent	2	0	1
OEKLIE_03344	contig_107	12396	14027	+	LNHIMF_04236	1	persistent	2	0	1
OEKLIE_03345	contig_107	14103	14792	-	LNHIMF_04237	1	persistent	2	0	0
OEKLIE_03346	contig_107	15000	15539	+	GEGEGB_04354	1	persistent	2	0	0
OEKLIE_03347	contig_107	15586	16455	+	GEGEGB_04355	1	persistent	2	0	0
OEKLIE_03348	contig_107	16452	16724	-	GEGEGB_04356	1	persistent	1	2	0
OEKLIE_03349	contig_107	16822	17763	-	BEJGEH_04258	1	shell	1	1	0
OEKLIE_03350	contig_107	18025	18753	-	BEJGEH_04259	1	shell	0	4	2
OEKLIE_03351	contig_107	19489	19944	-	AJBGEP_04409	1	shell	0	1	6
OEKLIE_03352	contig_107	19941	20546	-	OEKLIE_03352	1	cloud	0	1	1
OEKLIE_03353	contig_107	20551	22296	-	OEKLIE_03353	1	cloud	0	1	1
OEKLIE_03354	contig_107	22299	22931	-	AJBGEP_04412	1	shell	0	1	5
OEKLIE_03355	contig_107	22924	24039	-	AJBGEP_04413	1	shell	0	2	0
OEKLIE_03356	contig_107	24030	24389	-	BEJGEH_04265	1	shell	0	2	1
OEKLIE_03357	contig_107	24553	26100	-	AJBGEP_04415	1	shell	1	1	1
OEKLIE_03358	contig_107	26100	27029	-	BEJGEH_04267	2	persistent	1	3	6
OEKLIE_03359	contig_107	27716	28438	-	BEJGEH_04268	1	shell	1	1	0
OEKLIE_03360	contig_107	28448	29491	-	BEJGEH_04269	1	shell	0	2	0
OEKLIE_03361	contig_107	29479	29688	-	BEJGEH_04270	1	shell	0	2	0
OEKLIE_03362	contig_107	29688	30641	-	AJBGEP_04420	1	shell	0	2	0
OEKLIE_03363	contig_107	30641	32995	-	IKCLMC_01017	1	shell	0	2	0
OEKLIE_03364	contig_107	33180	33497	-	BEJGEH_04273	1	shell	0	2	0
OEKLIE_03365	contig_107	33549	34073	-	BEJGEH_04274	1	shell	0	2	0
OEKLIE_03366	contig_107	34073	35500	-	AJBGEP_04424	1	shell	0	2	0
OEKLIE_03367	contig_107	35490	35687	-	BEJGEH_04276	1	shell	0	2	0
OEKLIE_03368	contig_107	35684	36139	-	AJBGEP_04426	1	shell	0	2	0
OEKLIE_03369	contig_107	36299	36613	-	BEJGEH_04278	1	shell	0	2	0
OEKLIE_03370	contig_107	36626	37198	-	BEJGEH_04279	1	shell	0	2	0
OEKLIE_03371	contig_107	37234	37521	-	BEJGEH_04280	1	shell	0	2	0
OEKLIE_03372	contig_107	38097	38444	+	BEJGEH_04281	1	shell	1	2	0
OEKLIE_03373	contig_107	38577	39926	-	GEGEGB_04361	1	persistent	1	2	0
OEKLIE_03374	contig_107	40271	41920	+	GEGEGB_04362	1	persistent	2	0	0
OEKLIE_03376	contig_107	42361	42606	+	GEGEGB_04364	1	persistent	2	0	0
OEKLIE_03377	contig_107	42670	43308	+	GEGEGB_04365	1	persistent	2	0	0
OEKLIE_03378	contig_107	43305	44042	+	GEGEGB_04366	1	persistent	2	0	0
OEKLIE_03379	contig_107	44042	46138	+	BEJGEH_04288	1	persistent	2	0	0
OEKLIE_03380	contig_107	46281	46691	+	GEGEGB_04368	1	persistent	2	0	1
OEKLIE_03381	contig_107	46857	47747	-	GEGEGB_04369	1	persistent	2	0	1
OEKLIE_03382	contig_107	47762	49306	-	GEGEGB_04370	1	persistent	2	0	0
OEKLIE_03383	contig_107	49438	50628	-	GEGEGB_04371	1	persistent	2	0	0
OEKLIE_03384	contig_107	50990	52099	+	GEGEGB_04372	1	persistent	2	0	0
OEKLIE_03385	contig_107	52189	53547	+	PAPNPA_02752	1	persistent	2	0	0
OEKLIE_03386	contig_107	53711	54628	+	GEGEGB_04374	1	persistent	2	0	0
OEKLIE_03387	contig_107	54809	55306	+	LNHIMF_04260	1	persistent	2	0	0
OEKLIE_03388	contig_107	55320	56192	+	GEGEGB_04376	1	persistent	2	0	0
OEKLIE_03389	contig_107	56291	58711	-	LNHIMF_04262	1	persistent	2	0	0
OEKLIE_03390	contig_107	58882	59250	+	GEGEGB_04378	1	persistent	2	0	0
OEKLIE_03391	contig_107	59359	59967	+	GEGEGB_04379	1	persistent	2	0	0
OEKLIE_03392	contig_107	60146	61471	+	LNHIMF_04265	1	persistent	3	0	0
OEKLIE_03393	contig_107	61453	61581	+	GEGEGB_04381	1	persistent	2	0	0
OEKLIE_03394	contig_107	61600	61812	+	GEGEGB_04382	1	persistent	3	0	0
OEKLIE_03395	contig_107	61911	62426	-	GEGEGB_04383	1	persistent	2	0	0
OEKLIE_03396	contig_107	62673	63983	+	LNHIMF_04269	1	persistent	2	0	1
OEKLIE_03397	contig_107	64071	65069	+	GEGEGB_04385	1	persistent	2	0	1
OEKLIE_03398	contig_107	65237	65479	+	GEGEGB_04386	1	persistent	2	0	0
OEKLIE_03399	contig_107	65654	66637	-	LNHIMF_04331	1	persistent	2	0	0
OEKLIE_03400	contig_107	66702	68117	+	GEGEGB_04388	1	persistent	2	0	0
OEKLIE_03401	contig_107	68149	69228	+	GEGEGB_04389	1	persistent	2	0	0
OEKLIE_03402	contig_107	69414	70607	+	LNHIMF_04334	1	persistent	2	0	0
OEKLIE_03403	contig_107	70794	71507	+	GEGEGB_04391	1	persistent	2	0	0
OEKLIE_03404	contig_107	71636	72052	+	GEGEGB_04392	1	persistent	2	0	0
OEKLIE_03405	contig_107	72055	72411	+	LNHIMF_04337	1	persistent	2	0	0
OEKLIE_03406	contig_107	72412	72750	-	LNHIMF_04338	1	persistent	2	0	0
OEKLIE_03407	contig_107	72737	73180	-	LNHIMF_04339	1	persistent	2	0	0
OEKLIE_03408	contig_107	73324	76149	-	GEGEGB_04396	1	persistent	2	0	0
OEKLIE_03409	contig_107	76397	76927	+	GEGEGB_04397	1	persistent	2	0	0
OEKLIE_03410	contig_107	77968	78600	+	GEGEGB_04398	1	persistent	2	0	0
OEKLIE_03411	contig_107	78597	79985	+	LNHIMF_04343	1	persistent	2	0	0
OEKLIE_03412	contig_107	79975	81294	+	LNHIMF_04344	1	persistent	2	0	0
OEKLIE_03413	contig_107	81291	82568	+	BEJGEH_04322	1	persistent	2	0	0
OEKLIE_03414	contig_107	82585	99264	+	PAPNPA_02781	1	persistent	2	0	0
OEKLIE_03415	contig_107	99304	101370	+	LNHIMF_04348	1	persistent	2	0	0
OEKLIE_03416	contig_107	101648	101929	-	GEGEGB_04405	1	persistent	2	0	0
OEKLIE_03417	contig_107	102492	104093	+	BEJGEH_04326	1	persistent	2	0	0
OEKLIE_03418	contig_107	104081	104404	-	GEGEGB_04407	1	persistent	2	0	0
OEKLIE_03419	contig_107	104491	104949	+	GEGEGB_04408	1	persistent	2	0	0
OEKLIE_03421	contig_107	105242	105910	+	LNHIMF_04354	1	persistent	2	0	0
OEKLIE_03422	contig_107	106257	107606	+	GEGEGB_04411	1	persistent	2	0	0
OEKLIE_03423	contig_107	107714	109402	+	AJBGEP_04481	1	persistent	2	0	0
OEKLIE_03424	contig_107	109497	110384	-	GEGEGB_04413	1	persistent	2	0	0
OEKLIE_03425	contig_107	110488	110898	+	GEGEGB_04414	1	persistent	2	0	0
OEKLIE_03426	contig_107	110891	111580	+	LNHIMF_04359	1	persistent	2	0	0
OEKLIE_03427	contig_107	111619	113268	-	LNHIMF_04360	1	persistent	2	0	0
OEKLIE_03428	contig_107	113265	113579	-	GEGEGB_04417	1	persistent	2	0	0
OEKLIE_03429	contig_107	113825	115783	-	LNHIMF_04362	1	persistent	2	0	0
OEKLIE_03430	contig_107	116215	117651	+	LNHIMF_04363	1	persistent	2	0	0
OEKLIE_03431	contig_107	117763	118329	+	GEGEGB_04420	1	persistent	2	0	0
OEKLIE_03432	contig_107	118326	118997	+	LNHIMF_04365	1	persistent	2	0	0
OEKLIE_03433	contig_107	118994	119950	+	GEGEGB_04422	1	persistent	1	2	0
OEKLIE_03434	contig_107	119943	122165	+	AJBGEP_04492	1	shell	2	0	0
OEKLIE_03435	contig_107	122162	122782	+	GEGEGB_04424	1	persistent	1	2	0
OEKLIE_03436	contig_107	123127	124437	+	LNHIMF_04369	1	persistent	2	0	1
OEKLIE_03437	contig_107	124595	125284	-	BEJGEH_04347	1	persistent	2	0	1
OEKLIE_03438	contig_107	125461	127608	-	LNHIMF_04371	1	persistent	2	0	0
OEKLIE_03439	contig_107	127963	128871	-	GEGEGB_04428	1	persistent	2	0	0
OEKLIE_03440	contig_107	129129	129563	-	GEGEGB_04429	1	persistent	2	0	0
OEKLIE_03441	contig_107	129715	130158	-	GEGEGB_04430	1	persistent	2	0	0
OEKLIE_03442	contig_107	130278	130613	-	GEGEGB_04431	1	persistent	2	0	1
OEKLIE_03443	contig_107	131081	132583	+	BEJGEH_04353	1	persistent	2	0	0
OEKLIE_03445	contig_107	132653	132742	+	GEGEGB_04434	1	persistent	2	0	1
OEKLIE_03446	contig_107	132750	133829	-	GEGEGB_04435	1	persistent	2	0	0
OEKLIE_03447	contig_107	133830	134498	-	LNHIMF_04380	1	persistent	2	0	0
OEKLIE_03448	contig_107	134495	136138	-	GEGEGB_04437	1	persistent	2	0	0
OEKLIE_03449	contig_107	136272	137609	-	GEGEGB_04438	1	persistent	2	0	0
OEKLIE_03450	contig_107	137749	138510	-	LNHIMF_04383	1	persistent	2	0	1
OEKLIE_03451	contig_107	138808	141078	-	GEGEGB_04440	1	persistent	2	0	0
OEKLIE_03452	contig_107	141308	142240	-	GEGEGB_04441	1	persistent	2	0	0
OEKLIE_03453	contig_107	142512	143864	+	LNHIMF_04386	1	persistent	2	0	0
OEKLIE_03454	contig_107	143948	145378	+	LNHIMF_04387	1	persistent	2	0	0
OEKLIE_03455	contig_107	145476	147122	-	GEGEGB_01415	2	persistent	4	0	0
OEKLIE_03456	contig_107	147218	148558	-	LNHIMF_04389	1	persistent	2	0	0
OEKLIE_03457	contig_107	148705	148971	-	GEGEGB_04446	1	persistent	2	0	0
OEKLIE_03458	contig_107	149288	150007	-	BEJGEH_04371	1	persistent	2	0	0
OEKLIE_03459	contig_107	150004	151635	-	LNHIMF_04392	1	persistent	2	0	0
OEKLIE_03460	contig_107	151991	154420	+	LNHIMF_04393	1	persistent	2	0	0
OEKLIE_03461	contig_107	154434	155060	+	LNHIMF_04394	1	persistent	2	0	0
OEKLIE_03462	contig_107	155053	155826	+	LNHIMF_04395	1	persistent	2	0	0
OEKLIE_03463	contig_107	155902	156495	+	LNHIMF_04396	1	persistent	2	0	0
OEKLIE_03464	contig_107	156579	157979	-	LNHIMF_04397	1	persistent	2	0	0
OEKLIE_03465	contig_107	158328	159188	+	GEGEGB_04456	1	persistent	1	0	5
OEKLIE_03467	contig_107	159482	159844	-	AJBGEP_04525	1	cloud	2	0	0
OEKLIE_03468	contig_107	159997	160269	-	GEGEGB_04459	1	persistent	1	0	5
OEKLIE_03469	contig_107	160281	161156	-	GEGEGB_04460	1	persistent	2	2	0
OEKLIE_03470	contig_107	161959	162252	+	GEGEGB_04603	1	persistent	2	1	1
OEKLIE_03471	contig_107	162249	162740	+	ONMMKP_03725	1	persistent	2	0	4
OEKLIE_03472	contig_107	162988	163740	-	LNHIMF_04420	1	persistent	2	1	4
OEKLIE_03473	contig_107	164950	165327	-	OEKLIE_03473	1	cloud	1	0	1
OEKLIE_03474	contig_107	165399	165731	+	OEKLIE_03474	1	cloud	1	0	1
OEKLIE_03475	contig_108	571	1497	+	LNHIMF_04491	1	persistent	2	0	0
OEKLIE_03476	contig_108	1547	2182	-	LNHIMF_04492	1	persistent	2	0	0
OEKLIE_03477	contig_108	2402	3022	+	GEGEGB_04691	1	persistent	2	0	0
OEKLIE_03478	contig_108	3318	4727	+	LNHIMF_04494	1	persistent	2	0	1
OEKLIE_03479	contig_108	4839	5501	-	LNHIMF_04495	1	persistent	2	0	1
OEKLIE_03480	contig_108	5604	6569	-	LNHIMF_04496	1	persistent	2	0	0
OEKLIE_03481	contig_108	6650	7498	-	LNHIMF_04497	1	persistent	2	0	0
OEKLIE_03482	contig_108	7586	7972	+	GEGEGB_04698	1	persistent	2	0	0
OEKLIE_03483	contig_108	8030	9973	-	BEJGEH_04479	1	persistent	2	0	0
OEKLIE_03484	contig_108	10241	10981	+	GEGEGB_04700	1	persistent	2	0	0
OEKLIE_03485	contig_108	10971	11528	-	GEGEGB_04701	1	persistent	2	0	0
OEKLIE_03486	contig_108	11855	12061	+	GEGEGB_04702	1	persistent	2	1	0
OEKLIE_03487	contig_108	12146	13489	-	GEGEGB_04706	1	persistent	2	0	1
OEKLIE_03489	contig_108	13672	14310	-	GEGEGB_04708	1	persistent	2	0	0
OEKLIE_03490	contig_108	14523	16256	+	GEGEGB_04709	1	persistent	2	0	0
OEKLIE_03491	contig_108	16253	20032	+	LNHIMF_04507	1	persistent	2	0	0
OEKLIE_03492	contig_108	20035	20379	+	GEGEGB_04711	1	persistent	2	0	0
OEKLIE_03493	contig_108	20433	21641	-	LNHIMF_04509	1	persistent	2	0	0
OEKLIE_03494	contig_108	21638	22798	-	LNHIMF_04510	1	persistent	2	0	0
OEKLIE_03495	contig_108	23211	23741	-	GEGEGB_04714	1	persistent	2	0	0
OEKLIE_03496	contig_108	23968	24966	-	LNHIMF_04512	1	persistent	2	0	0
OEKLIE_03497	contig_108	25141	26520	+	BEJGEH_04493	1	persistent	2	1	0
OEKLIE_03498	contig_108	26517	26831	-	BEJGEH_04494	1	shell	1	1	0
OEKLIE_03499	contig_108	27011	27844	+	BEJGEH_04495	1	shell	0	2	0
OEKLIE_03500	contig_108	27895	29328	-	BEJGEH_04496	1	shell	0	2	1
OEKLIE_03501	contig_108	29571	29750	-	OEKLIE_03501	1	cloud	0	2	0
OEKLIE_03502	contig_108	29787	31223	+	BEJGEH_04497	1	shell	0	2	1
OEKLIE_03503	contig_108	31576	32385	-	BEJGEH_04498	1	shell	0	2	0
OEKLIE_03504	contig_108	32410	33915	-	BEJGEH_04499	1	shell	0	2	0
OEKLIE_03505	contig_108	34305	35180	+	BEJGEH_04500	1	shell	0	2	0
OEKLIE_03506	contig_108	35455	36360	+	BEJGEH_04501	1	shell	0	2	0
OEKLIE_03507	contig_108	36379	37389	+	BEJGEH_04502	1	shell	0	2	0
OEKLIE_03508	contig_108	37486	38829	+	BEJGEH_04503	1	shell	0	2	0
OEKLIE_03509	contig_108	38830	39663	+	BEJGEH_04504	1	shell	0	2	0
OEKLIE_03510	contig_108	39660	40826	-	BEJGEH_04505	1	shell	0	2	0
OEKLIE_03511	contig_108	40887	42818	-	BEJGEH_04506	1	shell	0	2	0
OEKLIE_03512	contig_108	43241	45181	+	BEJGEH_04507	1	shell	0	2	0
OEKLIE_03513	contig_108	45362	46384	+	BEJGEH_04508	1	shell	0	2	0
OEKLIE_03514	contig_108	46457	47683	+	BEJGEH_04509	1	shell	0	2	0
OEKLIE_03515	contig_108	47844	48659	+	BEJGEH_04510	1	shell	0	2	0
OEKLIE_03516	contig_108	48712	49596	+	BEJGEH_04511	1	shell	1	1	0
OEKLIE_03517	contig_108	49652	50203	-	GEGEGB_04717	1	persistent	2	1	0
OEKLIE_03518	contig_108	50299	51651	+	GEGEGB_04718	1	persistent	2	0	0
OEKLIE_03519	contig_108	51750	52136	+	GEGEGB_04719	1	persistent	2	0	0
OEKLIE_03520	contig_108	52423	52752	+	GEGEGB_04720	1	persistent	2	0	0
OEKLIE_03521	contig_108	52763	53125	+	GEGEGB_04721	1	persistent	2	0	0
OEKLIE_03522	contig_108	53125	53427	+	GEGEGB_04722	1	persistent	2	0	0
OEKLIE_03523	contig_108	53450	54226	+	GEGEGB_04723	1	persistent	2	0	0
OEKLIE_03524	contig_108	54238	54882	+	GEGEGB_04724	1	persistent	2	0	0
OEKLIE_03525	contig_108	54941	56074	+	GEGEGB_04725	1	persistent	2	0	0
OEKLIE_03526	contig_108	56058	57176	+	GEGEGB_04726	1	persistent	2	0	0
OEKLIE_03527	contig_108	57173	57913	+	LNHIMF_04524	1	persistent	2	0	0
OEKLIE_03528	contig_108	57930	59843	+	LNHIMF_04525	1	persistent	2	0	1
OEKLIE_03529	contig_108	59921	60163	+	GEGEGB_04729	1	persistent	2	0	0
OEKLIE_03530	contig_108	60153	60437	+	GEGEGB_04730	1	persistent	2	0	0
OEKLIE_03531	contig_108	60441	60905	-	GEGEGB_04731	1	persistent	2	0	1
OEKLIE_03533	contig_108	61026	63164	-	LNHIMF_04529	1	persistent	2	0	0
OEKLIE_03534	contig_108	63573	65225	-	LNHIMF_04530	1	persistent	2	0	0
OEKLIE_03535	contig_108	65275	66150	-	LNHIMF_04531	2	persistent	2	0	0
OEKLIE_03536	contig_108	66111	66692	-	LNHIMF_04531	2	persistent	2	0	0
OEKLIE_03537	contig_108	66830	67777	-	LNHIMF_04532	1	persistent	2	0	0
OEKLIE_03538	contig_108	67967	68020	+	GEGEGB_04737	1	persistent	2	0	0
OEKLIE_03539	contig_108	68161	70869	+	GEGEGB_04738	1	persistent	3	0	0
OEKLIE_03540	contig_108	70985	71431	-	LNHIMF_04535	1	persistent	2	0	0
OEKLIE_03541	contig_108	71506	71892	-	GEGEGB_04740	1	persistent	3	0	0
OEKLIE_03542	contig_108	71969	72430	-	GEGEGB_04741	1	persistent	2	0	0
OEKLIE_03543	contig_108	72443	73378	-	GEGEGB_04742	1	persistent	3	0	0
OEKLIE_03544	contig_108	73414	73515	-	GEGEGB_04743	1	persistent	2	0	0
OEKLIE_03545	contig_108	73605	74093	-	LNHIMF_04539	1	persistent	3	0	0
OEKLIE_03546	contig_108	74280	75683	-	GEGEGB_04745	1	persistent	2	0	0
OEKLIE_03547	contig_108	75739	76743	-	GEGEGB_04746	1	persistent	2	0	0
OEKLIE_03548	contig_108	76855	77787	-	BENMGJ_01145	1	persistent	2	0	0
OEKLIE_03549	contig_108	77798	79018	-	GEGEGB_04748	1	persistent	2	0	0
OEKLIE_03550	contig_108	79694	80146	+	GEGEGB_04749	1	persistent	2	0	0
OEKLIE_03551	contig_108	80220	81224	-	LNHIMF_04546	1	persistent	2	0	0
OEKLIE_03552	contig_108	81390	81806	+	GEGEGB_04751	1	persistent	2	1	0
OEKLIE_03553	contig_108	81866	82630	+	GEGEGB_04752	1	persistent	2	1	1
OEKLIE_03554	contig_108	82864	83352	-	GEGEGB_04754	1	persistent	2	0	1
OEKLIE_03555	contig_108	83459	83962	-	LNHIMF_04550	1	persistent	2	0	0
OEKLIE_03556	contig_108	84157	85344	+	LNHIMF_04551	1	persistent	2	0	0
OEKLIE_03557	contig_108	85486	88341	-	GEGEGB_04757	1	persistent	2	0	0
OEKLIE_03558	contig_108	88341	88823	-	LNHIMF_04553	1	persistent	2	0	0
OEKLIE_03559	contig_108	88921	90432	-	LNHIMF_04554	1	persistent	2	0	0
OEKLIE_03561	contig_108	90827	91927	+	GEGEGB_04761	1	persistent	2	0	0
OEKLIE_03562	contig_108	91927	93009	+	LNHIMF_04557	1	persistent	2	0	0
OEKLIE_03563	contig_108	93204	94202	-	GEGEGB_04763	1	persistent	2	0	0
OEKLIE_03564	contig_108	94266	95585	-	BEJGEH_04557	1	persistent	2	0	1
OEKLIE_03565	contig_108	95647	96411	-	LNHIMF_04560	1	persistent	2	0	0
OEKLIE_03566	contig_108	96436	97467	-	LNHIMF_04561	1	persistent	2	0	0
OEKLIE_03567	contig_108	97684	98214	+	LNHIMF_04562	1	persistent	2	0	0
OEKLIE_03568	contig_108	98242	99261	-	LNHIMF_04563	1	persistent	1	0	8
OEKLIE_03570	contig_108	99787	100074	+	AJBGEP_04700	1	cloud	1	0	2
OEKLIE_03571	contig_108	100436	101506	+	AJBGEP_04701	2	cloud	0	0	4
OEKLIE_03572	contig_108	101510	103951	+	AJBGEP_04701	2	cloud	0	0	4
OEKLIE_03573	contig_108	104030	105037	+	OEKLIE_03573	1	cloud	0	0	4
OEKLIE_03574	contig_108	105150	107234	-	OEKLIE_03574	1	cloud	0	0	2
OEKLIE_03575	contig_108	107245	109848	-	OEKLIE_03575	1	cloud	0	0	2
OEKLIE_03576	contig_108	109845	110657	-	OEKLIE_03576	1	cloud	0	0	2
OEKLIE_03577	contig_108	110644	111735	-	OEKLIE_03577	1	cloud	0	0	2
OEKLIE_03578	contig_108	111735	115412	-	OEKLIE_03578	1	cloud	0	0	2
OEKLIE_03579	contig_108	115458	119099	-	OEKLIE_03579	1	cloud	0	0	2
OEKLIE_03580	contig_108	119111	119713	-	OEKLIE_03580	1	cloud	0	0	2
OEKLIE_03581	contig_108	119710	120318	-	OEKLIE_03581	1	cloud	0	0	2
OEKLIE_03582	contig_108	120505	120819	-	OEKLIE_03582	1	cloud	1	0	1
OEKLIE_03583	contig_108	121089	121196	-	GEGEGB_04803	1	persistent	1	1	6
OEKLIE_03584	contig_108	121138	121854	-	HFCAGB_04730	1	persistent	2	0	0
OEKLIE_03585	contig_108	122414	124039	-	LNHIMF_04572	1	persistent	2	0	2
OEKLIE_03586	contig_108	124050	124307	-	GEGEGB_04806	1	persistent	2	0	4
OEKLIE_03587	contig_108	124446	124742	-	AJBGEP_04716	1	cloud	2	0	0
OEKLIE_03588	contig_108	124796	125404	+	GEGEGB_04807	1	persistent	2	1	2
OEKLIE_03589	contig_108	125656	126651	+	AJBGEP_04718	1	shell	2	0	0
OEKLIE_03591	contig_108	126927	127838	+	LNHIMF_04576	1	persistent	2	1	0
OEKLIE_03592	contig_108	128043	128504	+	BEJGEH_04618	1	persistent	1	1	1
OEKLIE_03593	contig_108	128501	129028	-	AJBGEP_04722	1	shell	2	0	0
OEKLIE_03594	contig_108	129573	130298	+	LNHIMF_04579	1	persistent	1	1	1
OEKLIE_03595	contig_108	130299	131312	-	LNHIMF_04580	1	persistent	2	0	0
OEKLIE_03597	contig_108	132114	132560	+	LNHIMF_04582	1	persistent	2	0	0
OEKLIE_03598	contig_108	132799	133533	+	LNHIMF_04583	1	persistent	2	0	0
OEKLIE_03599	contig_108	133539	134447	-	GEGEGB_04816	1	persistent	2	0	0
OEKLIE_03600	contig_108	134566	135738	-	GEGEGB_04817	1	persistent	2	0	0
OEKLIE_03601	contig_108	135751	136212	-	GEGEGB_04818	1	persistent	2	0	0
OEKLIE_03602	contig_108	136209	136880	-	GEGEGB_04819	1	persistent	2	0	0
OEKLIE_03603	contig_108	137753	138937	-	LNHIMF_04588	1	persistent	2	0	0
OEKLIE_03604	contig_108	139157	140428	-	LNHIMF_04589	1	persistent	2	0	0
OEKLIE_03605	contig_108	140515	141555	-	OEKLIE_03605	1	persistent	1	2	0
OEKLIE_03606	contig_108	142034	142549	+	BENMGJ_01088	1	shell	2	0	0
OEKLIE_03607	contig_108	142730	144100	+	LNHIMF_04592	1	persistent	1	2	0
OEKLIE_03608	contig_108	144305	144469	+	GEGEGB_04826	1	persistent	1	2	0
OEKLIE_03609	contig_108	144544	145245	-	AJBGEP_04738	1	shell	1	1	0
OEKLIE_03610	contig_108	145319	145651	-	AJBGEP_04739	1	shell	0	2	2
OEKLIE_03612	contig_108	145878	147287	-	AJBGEP_04741	1	shell	0	2	0
OEKLIE_03613	contig_108	147284	148873	-	GEGEGB_04832	1	shell	0	2	2
OEKLIE_03614	contig_108	149031	152540	-	AJBGEP_04743	1	shell	0	2	0
OEKLIE_03615	contig_108	152738	153652	+	AJBGEP_04744	1	shell	0	2	0
OEKLIE_03616	contig_108	153921	154208	+	GEGEGB_04835	1	shell	0	2	2
OEKLIE_03617	contig_108	154195	154497	+	GEGEGB_04836	1	shell	1	1	0
OEKLIE_03618	contig_108	154572	155528	-	LNHIMF_04597	1	persistent	1	1	2
OEKLIE_03619	contig_108	155539	155742	-	GEGEGB_04838	1	persistent	2	0	0
OEKLIE_03620	contig_108	155837	157987	-	GEGEGB_04839	1	persistent	2	0	1
OEKLIE_03621	contig_108	158354	160015	+	LNHIMF_04600	1	persistent	2	1	1
OEKLIE_03622	contig_108	160339	163104	+	AJBGEP_04751	1	shell	1	1	0
OEKLIE_03623	contig_108	163206	163628	+	HFCAGB_04774	1	shell	0	2	0
OEKLIE_03624	contig_108	163643	164104	+	LNHIMF_04603	1	shell	0	2	0
OEKLIE_03625	contig_108	164130	164909	+	LNHIMF_04604	1	shell	0	2	0
OEKLIE_03626	contig_108	164887	165735	+	LNHIMF_04605	1	shell	0	2	0
OEKLIE_03627	contig_108	165748	166809	+	HFCAGB_04778	1	shell	0	2	0
OEKLIE_03628	contig_108	166827	167837	+	HFCAGB_04779	1	shell	1	1	0
OEKLIE_03629	contig_108	167971	170262	-	GEGEGB_04842	1	persistent	2	1	0
OEKLIE_03630	contig_108	170545	171006	-	LNHIMF_04609	1	persistent	2	0	0
OEKLIE_03631	contig_108	171064	171801	-	GEGEGB_04844	1	persistent	2	0	0
OEKLIE_03632	contig_108	171804	172343	-	GEGEGB_04845	1	persistent	2	0	0
OEKLIE_03633	contig_108	172436	172909	-	LNHIMF_04612	1	persistent	2	0	0
OEKLIE_03634	contig_108	172900	173844	-	LNHIMF_04613	1	persistent	2	0	1
OEKLIE_03635	contig_108	174389	175114	+	GEGEGB_04848	1	persistent	2	0	1
OEKLIE_03636	contig_108	175075	175749	+	GEGEGB_04849	1	persistent	2	0	0
OEKLIE_03637	contig_108	175800	176258	-	LNHIMF_04616	1	persistent	2	0	0
OEKLIE_03638	contig_108	176409	177197	-	GEGEGB_04851	1	persistent	2	0	0
OEKLIE_03639	contig_108	177318	178382	-	BEJGEH_04653	1	persistent	2	0	0
OEKLIE_03640	contig_109	82	1011	-	LNHIMF_02095	1	persistent	2	0	2
OEKLIE_03641	contig_109	1089	2159	-	LNHIMF_02096	1	persistent	2	0	0
OEKLIE_03642	contig_109	2186	2929	-	LNHIMF_02097	1	persistent	2	0	0
OEKLIE_03643	contig_109	2926	3471	-	LNHIMF_02098	1	persistent	2	0	0
OEKLIE_03644	contig_109	3468	4988	-	GEGEGB_00911	1	persistent	2	0	0
OEKLIE_03645	contig_109	4985	5800	-	LNHIMF_02100	1	persistent	2	0	0
OEKLIE_03646	contig_109	5809	6486	-	GEGEGB_00909	1	persistent	2	0	0
OEKLIE_03647	contig_109	6473	6754	-	LNHIMF_02102	1	persistent	2	0	0
OEKLIE_03648	contig_109	6756	7493	-	LNHIMF_02103	1	persistent	2	0	0
OEKLIE_03649	contig_109	7490	8203	-	GEGEGB_00905	1	persistent	2	0	0
OEKLIE_03650	contig_109	8200	8994	-	BEJGEH_02042	1	persistent	2	0	1
OEKLIE_03651	contig_109	8997	9788	-	LNHIMF_02106	1	persistent	2	0	1
OEKLIE_03652	contig_109	9785	10510	-	GEGEGB_00901	1	persistent	2	0	0
OEKLIE_03653	contig_109	10510	11565	-	GEGEGB_00900	1	persistent	2	0	0
OEKLIE_03654	contig_109	11546	12319	-	GEGEGB_00899	1	persistent	2	0	0
OEKLIE_03655	contig_109	12303	12881	-	LNHIMF_02110	1	persistent	2	0	0
OEKLIE_03656	contig_109	12871	13476	-	GEGEGB_00897	1	persistent	2	0	0
OEKLIE_03657	contig_109	13470	14609	-	LNHIMF_02112	1	persistent	2	0	1
OEKLIE_03658	contig_109	14609	15241	-	LNHIMF_02113	1	persistent	2	0	0
OEKLIE_03659	contig_109	15252	16211	-	LNHIMF_02114	1	persistent	2	0	1
OEKLIE_03660	contig_109	16208	17587	-	LNHIMF_02115	1	persistent	2	0	1
OEKLIE_03661	contig_109	18185	19096	-	LNHIMF_02116	1	persistent	2	0	1
OEKLIE_03663	contig_109	19313	20107	-	LNHIMF_02118	1	persistent	2	0	0
OEKLIE_03664	contig_109	20632	20916	+	GEGEGB_00882	2	persistent	4	0	0
OEKLIE_03665	contig_109	20913	21725	+	GEGEGB_00888	1	persistent	2	0	0
OEKLIE_03666	contig_109	21744	23408	+	GEGEGB_00887	1	persistent	2	0	0
OEKLIE_03667	contig_109	23419	24093	+	LNHIMF_02122	1	persistent	2	0	0
OEKLIE_03668	contig_109	24108	24629	+	LNHIMF_02123	1	persistent	2	0	0
OEKLIE_03669	contig_109	24639	26471	+	LNHIMF_02124	1	persistent	2	0	0
OEKLIE_03670	contig_109	26461	26811	+	GEGEGB_00883	1	persistent	2	0	0
OEKLIE_03671	contig_109	26830	27105	+	GEGEGB_00882	2	persistent	4	0	0
OEKLIE_03672	contig_109	27130	27591	+	GEGEGB_00881	1	persistent	2	0	0
OEKLIE_03673	contig_109	27591	28223	+	LNHIMF_02128	1	persistent	2	0	0
OEKLIE_03674	contig_109	28220	28711	+	LNHIMF_02129	1	persistent	3	0	0
OEKLIE_03675	contig_109	28715	28990	+	LNHIMF_02130	1	persistent	2	0	0
OEKLIE_03676	contig_109	29000	30010	+	GEGEGB_00878	1	persistent	3	0	0
OEKLIE_03677	contig_109	30007	31401	+	LNHIMF_02132	1	persistent	2	0	0
OEKLIE_03678	contig_109	31413	32525	+	GEGEGB_00876	1	persistent	2	0	0
OEKLIE_03679	contig_109	32522	33877	+	BEJGEH_02071	1	persistent	2	0	0
OEKLIE_03680	contig_109	33880	34434	+	LNHIMF_02135	1	persistent	2	0	0
OEKLIE_03681	contig_109	34434	34784	+	GEGEGB_00873	1	persistent	2	0	0
OEKLIE_03682	contig_109	34789	35241	+	LNHIMF_02137	1	persistent	2	0	0
OEKLIE_03683	contig_109	35226	36440	+	LNHIMF_02138	1	persistent	2	0	0
OEKLIE_03684	contig_109	36498	37400	+	LNHIMF_02139	1	persistent	2	0	0
OEKLIE_03685	contig_109	37434	37769	-	GEGEGB_00869	1	persistent	2	0	0
OEKLIE_03686	contig_109	38014	39072	-	LNHIMF_02141	1	persistent	2	0	0
OEKLIE_03687	contig_109	39191	39658	-	GEGEGB_00867	1	persistent	2	0	0
OEKLIE_03688	contig_109	39811	40977	-	LNHIMF_02143	1	persistent	2	0	0
OEKLIE_03689	contig_109	41107	41871	-	GEGEGB_00864	1	persistent	2	0	0
OEKLIE_03690	contig_109	41868	42446	-	GEGEGB_00863	1	persistent	2	0	0
OEKLIE_03691	contig_109	42461	44737	-	LNHIMF_02146	1	persistent	2	0	0
OEKLIE_03692	contig_109	45356	47704	+	HFCAGB_02326	1	persistent	2	0	1
OEKLIE_03693	contig_109	48047	49477	+	GEGEGB_00858	1	persistent	2	0	1
OEKLIE_03694	contig_109	49613	50971	-	GEGEGB_00857	1	persistent	2	0	0
OEKLIE_03695	contig_109	50961	51023	-	GEGEGB_00856	1	persistent	2	0	0
OEKLIE_03697	contig_109	51257	52171	-	GEGEGB_00854	1	persistent	2	0	0
OEKLIE_03698	contig_109	52217	53041	-	GEGEGB_00853	1	persistent	2	0	1
OEKLIE_03699	contig_109	53204	53254	+	LNHIMF_02213	1	persistent	2	0	0
OEKLIE_03700	contig_109	53401	54300	+	GEGEGB_00851	1	persistent	2	0	1
OEKLIE_03701	contig_109	54403	55707	+	LNHIMF_02215	1	persistent	2	0	0
OEKLIE_03702	contig_109	55704	56783	+	LNHIMF_02216	1	persistent	2	0	0
OEKLIE_03703	contig_109	56780	57847	+	LNHIMF_02217	1	persistent	2	0	0
OEKLIE_03704	contig_109	57847	58437	+	GEGEGB_00847	1	persistent	2	0	0
OEKLIE_03705	contig_109	58437	59174	+	GEGEGB_00846	1	persistent	2	0	0
OEKLIE_03706	contig_109	59156	59932	+	GEGEGB_00845	1	persistent	2	0	0
OEKLIE_03707	contig_109	59926	60537	+	LNHIMF_02221	1	persistent	2	0	0
OEKLIE_03708	contig_109	60618	61601	-	GEGEGB_00843	1	persistent	2	0	0
OEKLIE_03709	contig_109	61744	62910	-	LNHIMF_02223	1	persistent	2	0	0
OEKLIE_03710	contig_109	63147	64553	-	LNHIMF_02224	1	persistent	2	0	1
OEKLIE_03711	contig_109	64717	66147	-	LNHIMF_02225	1	persistent	1	1	1
OEKLIE_03712	contig_109	66219	67652	-	LNHIMF_02226	1	shell	1	1	0
OEKLIE_03713	contig_109	67639	69078	-	LNHIMF_02227	1	shell	0	2	0
OEKLIE_03714	contig_109	69079	70023	-	LNHIMF_02228	1	shell	0	2	0
OEKLIE_03715	contig_109	70024	71085	-	HFCAGB_02349	1	shell	0	2	2
OEKLIE_03716	contig_109	71405	72406	-	BEJGEH_02108	1	shell	0	2	1
OEKLIE_03717	contig_109	72411	73316	-	AJBGEP_02252	1	shell	0	2	0
OEKLIE_03718	contig_109	73785	74684	-	BEJGEH_02110	1	shell	1	1	0
OEKLIE_03719	contig_109	74712	76025	-	LNHIMF_02237	1	persistent	1	1	2
OEKLIE_03720	contig_109	76052	77131	-	LNHIMF_02238	1	persistent	2	0	0
OEKLIE_03721	contig_109	77136	77909	-	GEGEGB_00829	1	persistent	2	0	0
OEKLIE_03722	contig_109	77906	78898	-	AJBGEP_02257	1	persistent	2	0	0
OEKLIE_03723	contig_109	78904	79452	-	GEGEGB_00827	1	persistent	2	0	0
OEKLIE_03724	contig_109	79456	80334	-	LNHIMF_02242	1	persistent	2	0	0
OEKLIE_03725	contig_109	80382	81281	-	LNHIMF_02243	1	persistent	2	0	0
OEKLIE_03726	contig_109	81281	82366	-	GEGEGB_00824	1	persistent	2	0	0
OEKLIE_03727	contig_109	82743	83636	-	GEGEGB_00823	1	persistent	2	0	1
OEKLIE_03728	contig_109	83814	85217	-	LNHIMF_02246	1	persistent	2	0	0
OEKLIE_03729	contig_109	85228	86448	-	LNHIMF_02247	1	persistent	2	0	0
OEKLIE_03730	contig_109	86445	87725	-	LNHIMF_02248	1	persistent	2	0	1
OEKLIE_03731	contig_109	87747	89225	-	LNHIMF_02249	1	persistent	2	0	1
OEKLIE_03732	contig_109	89358	90752	-	LNHIMF_02250	1	persistent	2	0	0
OEKLIE_03733	contig_109	90806	92176	-	HFCAGB_02368	1	persistent	2	0	2
OEKLIE_03734	contig_109	92287	93723	-	GEGEGB_00815	1	persistent	2	0	0
OEKLIE_03735	contig_109	93726	94949	-	GEGEGB_00814	1	persistent	2	0	0
OEKLIE_03736	contig_109	94946	95419	-	LNHIMF_02254	1	persistent	2	0	0
OEKLIE_03737	contig_109	95422	96387	-	LNHIMF_02255	1	persistent	2	0	0
OEKLIE_03738	contig_109	96390	97511	-	LNHIMF_02256	1	persistent	2	0	0
OEKLIE_03739	contig_109	97535	98089	-	GEGEGB_00810	1	persistent	2	0	0
OEKLIE_03740	contig_109	98105	98851	-	GEGEGB_00809	1	persistent	2	0	0
OEKLIE_03741	contig_109	98864	100078	-	LNHIMF_02259	1	persistent	2	0	0
OEKLIE_03742	contig_109	100053	101270	-	GEGEGB_00806	1	persistent	2	0	0
OEKLIE_03743	contig_109	101267	101755	-	GEGEGB_00805	1	persistent	2	0	0
OEKLIE_03744	contig_109	101758	102669	-	GEGEGB_00804	1	persistent	2	0	0
OEKLIE_03745	contig_109	102687	104846	-	LNHIMF_02263	1	persistent	2	0	0
OEKLIE_03746	contig_109	104843	105292	-	LNHIMF_02264	1	persistent	2	0	0
OEKLIE_03747	contig_109	105298	106437	-	LNHIMF_02265	1	persistent	2	0	0
OEKLIE_03748	contig_109	107112	108692	+	GEGEGB_00800	1	persistent	2	0	0
OEKLIE_03749	contig_109	108778	110634	-	LNHIMF_02267	1	persistent	2	0	0
OEKLIE_03750	contig_109	110673	111254	-	GEGEGB_00798	1	persistent	2	0	0
OEKLIE_03751	contig_109	111345	111986	-	GEGEGB_00797	1	persistent	2	0	0
OEKLIE_03752	contig_109	112317	115307	+	LNHIMF_02270	1	persistent	2	0	0
OEKLIE_03754	contig_109	115400	116143	-	GEGEGB_00795	1	persistent	2	0	1
OEKLIE_03755	contig_109	116277	117629	+	LNHIMF_02272	1	persistent	2	1	1
OEKLIE_03757	contig_109	117728	117787	-	GEGEGB_00793	1	shell	2	0	0
OEKLIE_03758	contig_109	117768	117965	+	LNHIMF_02274	1	persistent	2	1	0
OEKLIE_03759	contig_109	118070	119311	+	LNHIMF_02275	1	persistent	2	0	0
OEKLIE_03760	contig_109	119311	122433	+	GEGEGB_00789	1	persistent	2	0	0
OEKLIE_03761	contig_109	122434	125514	+	LNHIMF_02277	1	persistent	2	0	0
OEKLIE_03762	contig_109	125511	126923	+	GEGEGB_00787	1	persistent	2	0	0
OEKLIE_03763	contig_109	126923	128326	+	LNHIMF_02279	1	persistent	2	0	0
OEKLIE_03764	contig_109	128323	129045	+	LNHIMF_02280	1	persistent	2	0	1
OEKLIE_03765	contig_109	129314	130516	+	AJBGEP_02298	1	persistent	2	0	1
OEKLIE_03766	contig_109	130516	131232	+	BEJGEH_02156	1	persistent	2	0	0
OEKLIE_03767	contig_109	131243	133354	+	LNHIMF_02283	1	persistent	2	0	2
OEKLIE_03768	contig_109	133470	134831	+	GEGEGB_00769	1	persistent	2	1	1
OEKLIE_03770	contig_109	135321	136328	+	AJBGEP_02303	1	shell	2	0	0
OEKLIE_03771	contig_109	136364	136780	-	LNHIMF_02286	1	persistent	3	1	0
OEKLIE_03772	contig_109	136902	137237	-	LNHIMF_02287	1	persistent	2	0	0
OEKLIE_03773	contig_109	137799	138698	+	LNHIMF_02288	1	persistent	3	0	0
OEKLIE_03774	contig_109	138751	139803	-	GEGEGB_00764	1	persistent	2	0	0
OEKLIE_03775	contig_109	140057	141328	+	GEGEGB_00763	1	persistent	2	0	0
OEKLIE_03776	contig_109	141325	142329	+	GEGEGB_00762	1	persistent	2	0	0
OEKLIE_03777	contig_109	142326	143291	+	GEGEGB_00761	1	persistent	2	0	0
OEKLIE_03778	contig_109	143265	144011	-	GEGEGB_00760	1	persistent	2	0	0
OEKLIE_03779	contig_109	144047	144847	-	GEGEGB_00759	1	persistent	2	0	0
OEKLIE_03780	contig_109	144834	145631	-	GEGEGB_00758	1	persistent	2	0	0
OEKLIE_03781	contig_109	146041	146355	+	GEGEGB_00757	1	persistent	1	1	1
OEKLIE_03782	contig_109	146618	147625	-	GEGEGB_00756	1	shell	1	1	0
OEKLIE_03783	contig_109	147641	150130	-	BEJGEH_02184	1	shell	0	2	0
OEKLIE_03784	contig_109	150144	150827	-	GEGEGB_00753	1	shell	0	2	0
OEKLIE_03785	contig_109	150883	151413	-	GEGEGB_00752	1	shell	2	1	0
OEKLIE_03786	contig_109	152251	153360	-	LNHIMF_02302	1	persistent	2	1	0
OEKLIE_03787	contig_109	153525	155558	+	LNHIMF_02303	1	persistent	2	0	0
OEKLIE_03788	contig_109	155799	156257	+	GEGEGB_00748	1	persistent	2	0	0
OEKLIE_03789	contig_109	156429	156959	+	GEGEGB_00747	1	persistent	2	0	0
OEKLIE_03790	contig_109	157016	157483	-	LNHIMF_02306	1	persistent	2	0	0
OEKLIE_03791	contig_109	157530	158249	-	LNHIMF_02307	1	persistent	2	0	0
OEKLIE_03792	contig_109	158246	159931	-	LNHIMF_02308	1	persistent	2	0	0
OEKLIE_03793	contig_109	160154	160885	+	LNHIMF_02309	1	persistent	2	0	0
OEKLIE_03794	contig_109	160945	161052	+	GEGEGB_00742	1	persistent	2	0	0
OEKLIE_03795	contig_109	161033	161764	-	GEGEGB_00741	1	persistent	2	0	0
OEKLIE_03796	contig_109	161748	162695	-	GEGEGB_00740	1	persistent	2	0	0
OEKLIE_03797	contig_109	162688	163857	-	LNHIMF_02313	1	persistent	2	0	0
OEKLIE_03798	contig_109	163861	164778	-	GEGEGB_00738	1	persistent	2	0	0
OEKLIE_03799	contig_109	164959	167256	-	LNHIMF_02315	1	persistent	2	0	0
OEKLIE_03800	contig_109	167523	169253	+	GEGEGB_00736	1	persistent	2	0	0
OEKLIE_03801	contig_109	169311	170219	-	GEGEGB_00735	1	persistent	2	0	0
OEKLIE_03802	contig_109	170424	171011	-	GEGEGB_00734	1	persistent	2	0	0
OEKLIE_03803	contig_109	171170	171739	+	GEGEGB_00733	1	persistent	2	0	0
OEKLIE_03804	contig_109	171788	172549	-	GEGEGB_00732	1	persistent	2	0	1
OEKLIE_03805	contig_109	172615	174051	-	GEGEGB_00731	1	persistent	2	0	2
OEKLIE_03806	contig_109	174369	174452	+	GEGEGB_00730	1	persistent	2	0	0
OEKLIE_03807	contig_109	174510	175448	-	LNHIMF_02323	1	persistent	2	0	1
OEKLIE_03808	contig_109	175557	176750	-	GEGEGB_00728	1	persistent	2	0	0
OEKLIE_03809	contig_109	176765	177409	-	GEGEGB_00727	1	persistent	2	0	0
OEKLIE_03810	contig_109	177418	178119	-	GEGEGB_00726	1	persistent	2	0	0
OEKLIE_03811	contig_109	178135	179172	-	GEGEGB_00725	1	persistent	2	0	0
OEKLIE_03812	contig_109	179184	180542	-	GEGEGB_00724	1	persistent	2	0	0
OEKLIE_03813	contig_109	180668	181576	+	GEGEGB_00723	1	persistent	2	0	0
OEKLIE_03814	contig_109	181708	182106	+	GEGEGB_00722	1	persistent	2	0	0
OEKLIE_03815	contig_109	182103	182798	+	GEGEGB_00721	1	persistent	2	0	0
OEKLIE_03816	contig_109	182952	183836	+	GEGEGB_00720	1	persistent	2	0	0
OEKLIE_03817	contig_109	184013	184732	+	LNHIMF_02333	1	persistent	2	0	0
OEKLIE_03818	contig_109	184735	184974	+	GEGEGB_00718	1	persistent	2	0	0
OEKLIE_03819	contig_109	185179	186420	+	GEGEGB_00717	1	persistent	2	0	0
OEKLIE_03820	contig_109	186414	187649	+	BEJGEH_02222	1	persistent	2	0	0
OEKLIE_03821	contig_109	187724	188734	-	LNHIMF_02337	1	persistent	2	0	0
OEKLIE_03822	contig_109	188750	190270	-	LNHIMF_02338	1	persistent	2	0	0
OEKLIE_03823	contig_109	190404	191402	-	LNHIMF_02339	1	persistent	2	0	0
OEKLIE_03824	contig_109	191901	192923	-	LNHIMF_02340	1	persistent	2	0	0
OEKLIE_03825	contig_109	193073	194233	-	LNHIMF_02341	1	persistent	2	0	0
OEKLIE_03826	contig_109	194230	194898	-	GEGEGB_00708	1	persistent	2	0	0
OEKLIE_03827	contig_109	195228	196085	+	GEGEGB_00707	1	persistent	2	0	0
OEKLIE_03828	contig_109	196074	196463	-	GEGEGB_00706	1	persistent	2	0	0
OEKLIE_03829	contig_109	196468	197835	-	LNHIMF_02345	1	persistent	2	0	0
OEKLIE_03830	contig_109	198052	198939	+	GEGEGB_00704	1	persistent	2	0	0
OEKLIE_03831	contig_109	198972	200294	+	LNHIMF_02347	1	persistent	2	0	0
OEKLIE_03832	contig_109	200338	202329	-	LNHIMF_02348	1	persistent	2	0	3
OEKLIE_03833	contig_109	202448	202537	+	LNHIMF_02349	1	cloud	2	0	1
OEKLIE_03834	contig_109	202674	204143	-	LNHIMF_02350	1	persistent	2	0	3
OEKLIE_03835	contig_109	204333	205196	-	GEGEGB_00698	1	persistent	2	0	1
OEKLIE_03836	contig_109	205317	206366	+	GEGEGB_00697	1	persistent	2	0	0
OEKLIE_03837	contig_109	206445	207302	+	GEGEGB_00696	1	persistent	2	0	0
OEKLIE_03838	contig_109	207367	209055	-	GEGEGB_00695	1	persistent	2	0	0
OEKLIE_03839	contig_109	209072	210010	-	GEGEGB_00694	1	persistent	2	0	1
OEKLIE_03840	contig_109	210010	211140	-	GEGEGB_00693	1	persistent	2	0	0
OEKLIE_03842	contig_109	211509	212690	+	GEGEGB_00692	1	persistent	2	0	0
OEKLIE_03843	contig_109	212755	213420	-	BEJGEH_02246	1	persistent	2	0	0
OEKLIE_03844	contig_109	213932	214186	-	GEGEGB_00690	1	persistent	2	0	0
OEKLIE_03845	contig_109	214510	215082	+	GEGEGB_00689	1	persistent	2	0	0
OEKLIE_03846	contig_109	215295	216281	+	GEGEGB_00688	1	persistent	2	0	0
OEKLIE_03847	contig_109	216311	217030	+	GEGEGB_00687	1	persistent	2	0	0
OEKLIE_03848	contig_109	217444	218016	+	GEGEGB_00686	1	persistent	2	0	0
OEKLIE_03849	contig_109	218342	219898	+	GEGEGB_00685	1	persistent	2	0	0
OEKLIE_03850	contig_109	220005	221810	+	GEGEGB_00684	1	persistent	2	0	0
OEKLIE_03851	contig_109	221820	222914	+	GEGEGB_00683	1	persistent	2	0	0
OEKLIE_03852	contig_109	222914	223939	+	GEGEGB_00682	1	persistent	2	0	0
OEKLIE_03853	contig_109	223941	225530	+	GEGEGB_00681	1	persistent	2	0	0
OEKLIE_03854	contig_109	225534	225878	-	GEGEGB_00680	1	persistent	2	0	0
OEKLIE_03855	contig_109	226269	227459	-	LNHIMF_02371	1	persistent	2	0	0
OEKLIE_03856	contig_110	152	673	-	GEGEGB_04248	1	persistent	2	0	0
OEKLIE_03857	contig_110	1138	2340	-	LNHIMF_03541	1	persistent	2	0	0
OEKLIE_03858	contig_110	2291	2692	-	GEGEGB_04246	1	persistent	2	0	0
OEKLIE_03859	contig_110	2682	3155	-	LNHIMF_03543	1	persistent	2	0	0
OEKLIE_03860	contig_110	3139	3678	-	GEGEGB_04244	1	persistent	2	0	0
OEKLIE_03861	contig_110	3678	4457	-	GEGEGB_04243	1	persistent	2	0	0
OEKLIE_03862	contig_110	4578	7130	+	GEGEGB_04242	1	persistent	2	1	0
OEKLIE_03863	contig_110	7226	7789	-	LNHIMF_03547	1	persistent	2	1	0
OEKLIE_03864	contig_110	8112	10244	+	LNHIMF_03548	1	persistent	2	0	0
OEKLIE_03865	contig_110	10309	10977	+	GEGEGB_04239	1	persistent	2	0	0
OEKLIE_03866	contig_110	10988	11389	+	LNHIMF_03550	1	persistent	2	0	0
OEKLIE_03867	contig_110	11414	12292	+	LNHIMF_03551	1	persistent	2	0	1
OEKLIE_03868	contig_110	12402	14111	-	GEGEGB_04236	1	persistent	2	0	1
OEKLIE_03869	contig_110	14491	16110	+	GEGEGB_04235	1	persistent	2	0	0
OEKLIE_03870	contig_110	16185	17537	-	LNHIMF_03554	1	persistent	2	0	0
OEKLIE_03871	contig_110	17534	18253	-	GEGEGB_04233	1	persistent	2	0	0
OEKLIE_03872	contig_110	18479	18952	+	GEGEGB_04232	1	persistent	2	0	0
OEKLIE_03873	contig_110	19051	21381	+	IKCLMC_02888	1	persistent	2	0	0
OEKLIE_03874	contig_110	21818	22045	+	GEGEGB_04230	1	persistent	2	0	0
OEKLIE_03875	contig_110	22064	24382	+	LNHIMF_03559	1	persistent	2	0	0
OEKLIE_03876	contig_110	24395	24631	+	GEGEGB_04228	1	persistent	2	0	0
OEKLIE_03877	contig_110	24866	25780	+	GEGEGB_04227	1	persistent	2	0	0
OEKLIE_03878	contig_110	25816	26586	-	GEGEGB_04226	1	persistent	2	0	0
OEKLIE_03879	contig_110	26624	27307	+	LNHIMF_03563	1	persistent	2	0	0
OEKLIE_03880	contig_110	27366	27941	+	LNHIMF_03564	1	persistent	2	0	0
OEKLIE_03881	contig_110	28318	29634	+	GEGEGB_04223	1	persistent	2	0	0
OEKLIE_03882	contig_110	29753	31831	-	BEJGEH_03547	1	persistent	2	0	0
OEKLIE_03883	contig_110	31841	34234	-	LNHIMF_03567	1	persistent	2	0	0
OEKLIE_03884	contig_110	34828	37533	+	ODDLKH_03961	1	persistent	2	1	1
OEKLIE_03885	contig_110	37620	37895	-	HFCAGB_03752	1	shell	1	1	0
OEKLIE_03886	contig_110	37898	38158	-	HFCAGB_03753	1	shell	0	2	0
OEKLIE_03887	contig_110	38267	39286	-	IKCLMC_02875	1	shell	0	2	1
OEKLIE_03888	contig_110	39290	40507	-	HFCAGB_03756	1	shell	0	2	0
OEKLIE_03893	contig_110	40852	42405	-	HFCAGB_03761	1	shell	0	2	0
OEKLIE_03894	contig_110	42595	44178	+	BEJGEH_03558	1	shell	1	1	0
OEKLIE_03895	contig_110	44175	44933	-	GEGEGB_04219	1	persistent	2	1	0
OEKLIE_03896	contig_110	45027	45857	-	LNHIMF_03570	1	persistent	2	0	0
OEKLIE_03897	contig_110	45933	46259	-	GEGEGB_04217	1	persistent	2	0	0
OEKLIE_03898	contig_110	46458	47966	+	GEGEGB_04216	1	persistent	3	0	0
OEKLIE_03899	contig_110	48013	48558	-	BEJGEH_03563	1	persistent	2	0	1
OEKLIE_03900	contig_110	48568	50064	-	HFCAGB_03768	1	persistent	1	1	3
OEKLIE_03901	contig_110	50221	51330	-	BEJGEH_03565	1	shell	1	1	1
OEKLIE_03902	contig_110	51668	53002	+	BEJGEH_03566	1	shell	0	2	0
OEKLIE_03903	contig_110	52999	54714	+	BEJGEH_03567	1	shell	0	2	0
OEKLIE_03904	contig_110	54758	55663	+	BEJGEH_03568	1	shell	0	2	0
OEKLIE_03905	contig_110	55707	56462	-	BEJGEH_03569	1	shell	1	1	0
OEKLIE_03906	contig_110	56640	59087	-	LNHIMF_03577	1	persistent	2	1	1
OEKLIE_03907	contig_110	59107	60540	-	LNHIMF_03578	1	persistent	2	0	0
OEKLIE_03908	contig_110	60540	61835	-	LNHIMF_03579	1	persistent	2	0	0
OEKLIE_03909	contig_110	61850	63826	-	LNHIMF_03580	1	persistent	2	0	0
OEKLIE_03910	contig_110	63823	66009	-	GEGEGB_04211	1	persistent	2	0	0
OEKLIE_03911	contig_110	66356	67462	-	GEGEGB_04210	1	persistent	2	0	1
OEKLIE_03912	contig_110	67886	69226	-	GEGEGB_04208	1	persistent	2	0	1
OEKLIE_03913	contig_110	69223	69756	-	GEGEGB_04207	1	persistent	2	0	0
OEKLIE_03914	contig_110	69895	70890	-	GEGEGB_04206	1	persistent	2	0	0
OEKLIE_03915	contig_110	71020	71715	-	GEGEGB_04205	1	persistent	2	0	0
OEKLIE_03916	contig_110	71839	72876	-	LNHIMF_03588	1	persistent	2	1	1
OEKLIE_03917	contig_110	72935	73060	+	HFCAGB_03785	1	shell	2	0	0
OEKLIE_03919	contig_110	73345	73833	+	GEGEGB_04201	1	persistent	2	1	1
OEKLIE_03920	contig_110	74098	75312	+	GEGEGB_04200	1	persistent	2	0	0
OEKLIE_03921	contig_110	75328	76089	+	LNHIMF_03592	1	persistent	2	0	0
OEKLIE_03922	contig_110	76143	77114	+	GEGEGB_04198	1	persistent	2	0	0
OEKLIE_03923	contig_110	77111	78145	+	GEGEGB_04197	1	persistent	2	0	0
OEKLIE_03924	contig_110	78190	79932	-	GEGEGB_04196	1	persistent	2	0	0
OEKLIE_03925	contig_110	80058	80474	+	GEGEGB_04195	1	persistent	2	0	0
OEKLIE_03926	contig_110	80487	81227	-	GEGEGB_04194	1	persistent	2	0	0
OEKLIE_03927	contig_110	81224	82294	-	BEJGEH_03592	1	persistent	2	0	0
OEKLIE_03928	contig_110	82296	83141	-	GEGEGB_04192	1	persistent	2	0	0
OEKLIE_03929	contig_110	83138	84025	-	BENMGJ_02915	1	persistent	2	0	0
OEKLIE_03930	contig_110	84089	85405	-	GEGEGB_04190	1	persistent	1	1	1
OEKLIE_03931	contig_110	85664	86032	-	AJBGEP_03748	1	shell	1	1	0
OEKLIE_03932	contig_110	86029	86250	-	HFCAGB_03800	1	shell	1	1	0
OEKLIE_03933	contig_110	86382	87095	-	GEGEGB_04188	1	persistent	1	1	1
OEKLIE_03934	contig_110	87097	87864	-	GEGEGB_04187	1	persistent	2	0	0
OEKLIE_03935	contig_110	87861	89138	-	GEGEGB_04186	1	persistent	2	0	0
OEKLIE_03936	contig_110	89135	90061	-	GEGEGB_04185	1	persistent	2	0	0
OEKLIE_03937	contig_110	90121	91230	-	GEGEGB_04184	1	persistent	2	0	0
OEKLIE_03938	contig_110	91652	92035	+	GEGEGB_04183	1	persistent	2	0	0
OEKLIE_03939	contig_110	92230	93327	-	LNHIMF_03609	1	persistent	2	0	0
OEKLIE_03940	contig_110	93655	94509	-	GEGEGB_04180	1	persistent	2	0	0
OEKLIE_03941	contig_110	94755	95810	-	LNHIMF_03611	1	persistent	2	0	0
OEKLIE_03942	contig_110	95803	96471	-	GEGEGB_04178	1	persistent	2	0	0
OEKLIE_03943	contig_110	96474	97949	-	GEGEGB_04177	1	persistent	2	0	0
OEKLIE_03944	contig_110	98075	98671	+	GEGEGB_04176	1	persistent	2	0	0
OEKLIE_03945	contig_110	98661	98930	+	LNHIMF_03615	1	persistent	2	0	0
OEKLIE_03946	contig_110	98952	99323	-	GEGEGB_04174	1	persistent	2	0	0
OEKLIE_03947	contig_110	99465	100091	+	GEGEGB_04173	1	persistent	2	0	0
OEKLIE_03948	contig_110	100172	102370	+	GEGEGB_04172	1	persistent	2	0	0
OEKLIE_03949	contig_110	102570	104213	+	GEGEGB_04171	1	persistent	2	0	0
OEKLIE_03950	contig_110	104237	104572	-	LNHIMF_03620	1	persistent	2	0	0
OEKLIE_03951	contig_110	104652	105317	+	GEGEGB_04169	1	persistent	2	0	0
OEKLIE_03952	contig_110	105390	105947	+	GEGEGB_04168	1	persistent	2	0	0
OEKLIE_03953	contig_110	105951	107210	-	LNHIMF_03623	1	persistent	2	0	0
OEKLIE_03954	contig_110	107300	108349	+	GEGEGB_04166	1	persistent	2	0	0
OEKLIE_03955	contig_110	108401	108979	+	GEGEGB_04165	1	persistent	2	0	0
OEKLIE_03956	contig_110	109035	109472	+	GEGEGB_04164	1	persistent	2	0	0
OEKLIE_03957	contig_110	109562	110686	-	LNHIMF_03627	1	persistent	2	0	0
OEKLIE_03958	contig_110	110686	113427	-	LNHIMF_03628	1	persistent	2	0	0
OEKLIE_03959	contig_110	113424	114491	-	LNHIMF_03629	1	persistent	2	0	1
OEKLIE_03960	contig_110	114797	115993	-	LNHIMF_03630	1	persistent	2	0	1
OEKLIE_03961	contig_110	116224	117720	+	GEGEGB_04152	1	persistent	2	0	0
OEKLIE_03962	contig_110	117860	118195	-	GEGEGB_04151	1	persistent	2	0	0
OEKLIE_03963	contig_110	118583	119017	+	LNHIMF_03633	1	persistent	2	0	0
OEKLIE_03965	contig_110	119342	120814	+	GEGEGB_04148	1	persistent	2	0	0
OEKLIE_03966	contig_110	120906	121664	-	LNHIMF_03636	1	persistent	2	0	0
OEKLIE_03967	contig_110	121671	123713	-	LNHIMF_03637	1	persistent	2	0	1
OEKLIE_03968	contig_110	123895	125166	-	HFCAGB_03837	1	persistent	2	0	0
OEKLIE_03969	contig_110	125377	126219	+	GEGEGB_04143	1	persistent	2	0	1
OEKLIE_03970	contig_110	126324	127676	+	GEGEGB_04142	1	persistent	2	0	0
OEKLIE_03971	contig_110	127723	128766	-	BEJGEH_03636	1	persistent	3	0	0
OEKLIE_03972	contig_110	128825	130144	-	LNHIMF_03642	1	persistent	2	0	0
OEKLIE_03973	contig_110	130198	131043	-	LNHIMF_03643	1	persistent	2	0	0
OEKLIE_03974	contig_110	131107	132084	-	LNHIMF_03644	1	persistent	3	0	0
OEKLIE_03975	contig_110	132260	132979	-	GEGEGB_04139	1	persistent	2	0	0
OEKLIE_03976	contig_110	133305	134954	+	LNHIMF_03646	1	persistent	2	0	0
OEKLIE_03977	contig_110	134967	136556	-	GEGEGB_04137	1	persistent	2	0	0
OEKLIE_03978	contig_110	136837	137193	+	LNHIMF_03648	1	persistent	2	0	0
OEKLIE_03979	contig_110	137199	137801	-	LNHIMF_03649	1	persistent	2	0	0
OEKLIE_03981	contig_110	138432	139331	+	LNHIMF_03650	1	persistent	2	0	0
OEKLIE_03982	contig_110	139404	140432	+	GEGEGB_04133	1	persistent	2	0	0
OEKLIE_03983	contig_110	140783	142105	+	LNHIMF_03652	1	persistent	2	0	0
OEKLIE_03984	contig_110	142145	144205	-	LNHIMF_03653	1	persistent	2	0	0
OEKLIE_03985	contig_110	144315	145082	-	LNHIMF_03654	1	persistent	2	0	0
OEKLIE_03986	contig_110	145311	146240	+	GEGEGB_04129	1	persistent	2	0	0
OEKLIE_03987	contig_110	146294	147781	-	LNHIMF_03656	1	persistent	2	0	0
OEKLIE_03988	contig_110	148001	149287	-	LNHIMF_03657	1	persistent	2	0	0
OEKLIE_03989	contig_110	149445	151451	-	LNHIMF_03658	1	persistent	2	0	0
OEKLIE_03990	contig_110	151625	155167	-	LNHIMF_03659	1	persistent	2	0	0
OEKLIE_03991	contig_110	155149	156258	-	LNHIMF_03660	1	persistent	2	0	0
OEKLIE_03992	contig_110	156262	158412	-	LNHIMF_03661	1	persistent	2	0	0
OEKLIE_03993	contig_110	158573	161197	-	GEGEGB_04120	1	persistent	2	0	0
OEKLIE_03994	contig_110	161194	161946	-	LNHIMF_03663	1	persistent	2	0	0
OEKLIE_03995	contig_110	161947	162150	-	GEGEGB_04118	1	persistent	2	0	0
OEKLIE_03996	contig_110	162407	163966	+	LNHIMF_03665	1	persistent	2	0	0
OEKLIE_03997	contig_110	163963	164154	+	GEGEGB_04116	1	persistent	2	0	0
OEKLIE_03998	contig_110	164151	165830	+	GEGEGB_04115	1	persistent	2	0	0
OEKLIE_03999	contig_110	165912	166019	-	GEGEGB_04114	1	persistent	2	0	0
OEKLIE_04001	contig_110	166662	167960	+	LNHIMF_03670	1	persistent	2	0	0
OEKLIE_04002	contig_110	168061	169074	-	LNHIMF_03671	1	persistent	2	0	0
OEKLIE_04003	contig_110	169071	170054	-	LNHIMF_03672	1	persistent	2	0	0
OEKLIE_04004	contig_110	170065	170967	-	LNHIMF_03673	1	persistent	2	0	0
OEKLIE_04005	contig_110	170977	171996	-	GEGEGB_04108	1	persistent	2	0	0
OEKLIE_04006	contig_110	172153	173760	-	LNHIMF_03675	1	persistent	2	0	0
OEKLIE_04007	contig_110	174316	175641	-	LNHIMF_03676	1	persistent	2	0	0
OEKLIE_04008	contig_110	175699	176823	-	LNHIMF_03677	1	persistent	2	0	0
OEKLIE_04009	contig_110	176973	177980	+	LNHIMF_03678	1	persistent	2	0	0
OEKLIE_04011	contig_110	178307	179998	-	GEGEGB_04101	1	persistent	2	1	0
OEKLIE_04012	contig_110	180216	180743	-	BEJGEH_03677	1	shell	1	1	1
OEKLIE_04013	contig_110	180749	181261	-	HFCAGB_03882	1	shell	0	2	0
OEKLIE_04015	contig_110	181836	184364	-	AJBGEP_03832	1	shell	0	2	2
OEKLIE_04016	contig_110	184387	185085	-	BEJGEH_03680	1	shell	0	2	1
OEKLIE_04017	contig_110	185170	185694	-	BEJGEH_03681	1	shell	1	2	0
OEKLIE_04018	contig_110	186022	186210	+	AJBGEP_03835	1	shell	1	1	0
OEKLIE_04019	contig_110	186212	186916	-	LNHIMF_03681	1	persistent	2	2	0
OEKLIE_04020	contig_110	187073	187654	+	GEGEGB_04099	1	persistent	2	0	0
OEKLIE_04021	contig_110	187632	188072	+	GEGEGB_04098	1	persistent	2	0	0
OEKLIE_04022	contig_110	188041	190374	-	LNHIMF_03684	1	persistent	2	0	0
OEKLIE_04023	contig_110	190527	191189	+	GEGEGB_04096	1	persistent	2	0	0
OEKLIE_04024	contig_110	191408	192382	+	GEGEGB_04095	1	persistent	2	0	0
OEKLIE_04025	contig_110	192432	193142	-	GEGEGB_04094	1	persistent	2	0	0
OEKLIE_04026	contig_110	193539	193871	+	LNHIMF_03688	1	persistent	2	0	0
OEKLIE_04027	contig_110	194160	194372	+	GEGEGB_04092	1	persistent	2	0	0
OEKLIE_04028	contig_110	194546	195085	+	GEGEGB_04091	1	persistent	3	0	1
OEKLIE_04029	contig_110	195457	195942	-	BEJGEH_03692	1	persistent	2	0	1
OEKLIE_04030	contig_110	195930	196196	-	GEGEGB_04089	1	persistent	1	1	3
OEKLIE_04031	contig_110	196395	196862	-	GEGEGB_04088	1	shell	2	0	1
OEKLIE_04033	contig_110	197491	199560	-	LNHIMF_03696	1	persistent	2	1	3
OEKLIE_04034	contig_110	199570	200481	-	LNHIMF_03697	1	persistent	2	0	0
OEKLIE_04035	contig_110	200620	200922	-	GEGEGB_04084	1	persistent	2	0	1
OEKLIE_04036	contig_110	201088	202083	+	BEJGEH_03700	1	persistent	2	0	1
OEKLIE_04037	contig_110	202106	202459	-	GEGEGB_04081	1	persistent	2	0	0
OEKLIE_04038	contig_110	202634	204088	-	GEGEGB_04080	1	persistent	2	0	0
OEKLIE_04039	contig_110	204188	205510	-	LNHIMF_03703	1	persistent	2	0	0
OEKLIE_04040	contig_110	205873	207051	+	GEGEGB_04078	1	persistent	2	0	0
OEKLIE_04041	contig_110	207112	207936	-	LNHIMF_03705	1	persistent	2	0	0
OEKLIE_04042	contig_110	208252	210279	+	LNHIMF_03706	1	persistent	2	0	0
OEKLIE_04043	contig_110	210453	211703	+	GEGEGB_04075	1	persistent	2	0	0
OEKLIE_04044	contig_110	211740	212213	-	GEGEGB_04074	1	persistent	2	0	0
OEKLIE_04045	contig_110	212330	213130	-	GEGEGB_04073	1	persistent	2	0	0
OEKLIE_04046	contig_110	213360	214358	+	LNHIMF_03710	1	persistent	2	0	0
OEKLIE_04047	contig_110	214370	214834	+	LNHIMF_03711	1	persistent	2	0	0
OEKLIE_04048	contig_110	214858	215790	+	GEGEGB_04070	1	persistent	2	0	0
OEKLIE_04049	contig_110	215929	216402	+	GEGEGB_04069	1	persistent	2	0	0
OEKLIE_04050	contig_110	216405	217682	+	LNHIMF_03714	1	persistent	2	0	0
OEKLIE_04051	contig_110	217694	218680	+	GEGEGB_04067	1	persistent	2	0	0
OEKLIE_04052	contig_110	218684	220180	+	BEJGEH_03716	1	persistent	2	0	0
OEKLIE_04053	contig_110	220177	220839	+	BEJGEH_03717	1	persistent	2	0	0
OEKLIE_04054	contig_110	220832	221692	+	LNHIMF_03718	1	persistent	2	0	0
OEKLIE_04055	contig_110	221686	222381	+	GEGEGB_04063	1	persistent	2	0	0
OEKLIE_04056	contig_110	222542	223357	-	BENMGJ_03040	1	persistent	2	0	0
OEKLIE_04057	contig_110	223621	225576	+	LNHIMF_03721	1	persistent	2	0	0
OEKLIE_04058	contig_110	225694	227232	-	LNHIMF_03722	1	persistent	2	0	0
OEKLIE_04059	contig_110	227401	228282	+	GEGEGB_04059	1	persistent	2	0	1
OEKLIE_04060	contig_110	228567	230417	-	BEJGEH_03724	1	persistent	2	0	1
OEKLIE_04061	contig_110	230414	231805	-	GEGEGB_04057	1	persistent	2	0	0
OEKLIE_04062	contig_110	231904	232512	-	GEGEGB_04056	1	persistent	2	0	1
OEKLIE_04063	contig_110	232988	234904	+	GEGEGB_04055	1	persistent	2	0	1
OEKLIE_04064	contig_111	28	342	+	GEGEGB_02547	1	persistent	2	0	0
OEKLIE_04065	contig_111	689	1987	+	GEGEGB_02546	1	persistent	2	0	0
OEKLIE_04066	contig_111	2234	2857	+	GEGEGB_02545	1	persistent	2	0	0
OEKLIE_04067	contig_111	3109	4380	+	LNHIMF_00473	1	persistent	2	0	0
OEKLIE_04069	contig_111	4566	6920	+	GEGEGB_02542	1	persistent	2	0	0
OEKLIE_04070	contig_111	7129	7401	+	GEGEGB_02541	1	persistent	2	0	0
OEKLIE_04071	contig_111	7692	9563	+	GEGEGB_02540	1	persistent	2	0	0
OEKLIE_04072	contig_111	9713	10087	+	GEGEGB_02539	1	persistent	2	0	0
OEKLIE_04073	contig_111	10191	10589	+	GEGEGB_02538	1	persistent	2	0	0
OEKLIE_04074	contig_111	10695	11390	-	GEGEGB_02537	1	persistent	2	0	0
OEKLIE_04075	contig_111	11455	13155	-	GEGEGB_02536	1	persistent	2	0	0
OEKLIE_04076	contig_111	13256	14074	+	GEGEGB_02535	1	persistent	2	0	1
OEKLIE_04077	contig_111	14124	15179	-	LNHIMF_00483	1	persistent	2	1	0
OEKLIE_04078	contig_111	15292	15750	+	GEGEGB_02530	1	persistent	2	0	0
OEKLIE_04079	contig_111	15791	17563	+	GEGEGB_02529	1	persistent	2	0	0
OEKLIE_04080	contig_111	17556	19337	+	LNHIMF_00486	1	persistent	2	0	0
OEKLIE_04081	contig_111	19550	19888	+	GEGEGB_02527	1	persistent	2	0	0
OEKLIE_04082	contig_111	19920	21206	+	GEGEGB_02526	1	persistent	2	0	0
OEKLIE_04083	contig_111	21306	22166	-	GEGEGB_02525	1	persistent	2	0	0
OEKLIE_04084	contig_111	22381	22950	+	GEGEGB_02524	1	persistent	2	0	0
OEKLIE_04085	contig_111	22983	23294	-	GEGEGB_02523	1	persistent	2	0	0
OEKLIE_04087	contig_111	23603	25153	-	BEJGEH_00477	1	persistent	2	0	0
OEKLIE_04088	contig_111	25378	25638	+	GEGEGB_02520	1	persistent	2	0	1
OEKLIE_04089	contig_111	25840	26310	-	GEGEGB_02519	1	persistent	2	0	1
OEKLIE_04090	contig_111	26427	26978	-	GEGEGB_02518	1	persistent	2	0	0
OEKLIE_04091	contig_111	27157	27375	-	GEGEGB_02517	1	persistent	2	0	0
OEKLIE_04092	contig_111	27403	27777	-	GEGEGB_02516	1	persistent	2	0	0
OEKLIE_04093	contig_111	28273	31422	-	LNHIMF_03443	2	persistent	4	0	0
OEKLIE_04094	contig_111	31445	32638	-	GEGEGB_02514	1	persistent	2	0	0
OEKLIE_04095	contig_111	32780	33433	+	GEGEGB_02513	1	persistent	2	0	0
OEKLIE_04096	contig_111	33552	36914	+	LNHIMF_00503	1	persistent	2	0	0
OEKLIE_04097	contig_111	36956	37891	-	LNHIMF_00504	1	persistent	2	0	0
OEKLIE_04098	contig_111	37961	38128	-	GEGEGB_02510	1	persistent	2	0	0
OEKLIE_04099	contig_111	38142	38657	-	BEJGEH_00490	1	persistent	2	0	1
OEKLIE_04100	contig_111	38738	39115	+	GEGEGB_02508	1	persistent	2	0	0
OEKLIE_04101	contig_111	39268	39819	+	LNHIMF_00508	1	persistent	2	0	1
OEKLIE_04102	contig_111	39933	41861	+	GEGEGB_02506	1	persistent	2	0	0
OEKLIE_04103	contig_111	41907	42236	+	GEGEGB_02505	1	persistent	2	0	0
OEKLIE_04104	contig_111	42236	42841	+	GEGEGB_02504	1	persistent	2	0	0
OEKLIE_04105	contig_111	42952	44826	+	GEGEGB_02503	1	persistent	2	0	0
OEKLIE_04106	contig_111	45067	45711	+	GEGEGB_02502	1	persistent	2	0	0
OEKLIE_04107	contig_111	45940	46902	+	LNHIMF_00514	1	persistent	2	0	0
OEKLIE_04108	contig_111	46899	47870	-	LNHIMF_00515	1	persistent	2	0	1
OEKLIE_04110	contig_111	48170	49327	+	GEGEGB_02499	1	persistent	2	0	1
OEKLIE_04111	contig_111	49376	51052	-	GEGEGB_02498	1	persistent	2	1	0
OEKLIE_04112	contig_111	51130	51255	+	LNHIMF_00518	1	shell	2	0	0
OEKLIE_04113	contig_111	51267	52487	-	GEGEGB_02496	1	persistent	2	1	0
OEKLIE_04114	contig_111	52660	54312	+	BEJGEH_00506	1	persistent	2	0	0
OEKLIE_04115	contig_111	54429	54908	-	LNHIMF_00521	1	persistent	2	0	0
OEKLIE_04117	contig_111	55110	55904	-	BEJGEH_00509	1	persistent	3	0	0
OEKLIE_04118	contig_111	55990	56817	-	BEJGEH_00510	1	persistent	2	0	0
OEKLIE_04119	contig_111	56971	59472	-	LNHIMF_00525	1	persistent	3	0	0
OEKLIE_04120	contig_111	59582	59998	+	LNHIMF_00526	1	persistent	2	0	0
OEKLIE_04121	contig_111	59999	60451	-	GEGEGB_02487	1	persistent	2	0	0
OEKLIE_04122	contig_111	60448	61365	-	LNHIMF_00528	1	persistent	2	0	0
OEKLIE_04123	contig_111	61512	62189	+	LNHIMF_00529	1	persistent	2	0	0
OEKLIE_04124	contig_111	62176	62955	+	LNHIMF_00530	1	persistent	2	0	0
OEKLIE_04125	contig_111	63041	63895	-	GEGEGB_02483	1	persistent	2	0	0
OEKLIE_04126	contig_111	63955	64725	-	GEGEGB_02482	1	persistent	2	0	0
OEKLIE_04127	contig_111	64880	65464	-	GEGEGB_02481	1	persistent	2	0	0
OEKLIE_04128	contig_111	65465	66151	+	GEGEGB_02480	1	persistent	2	0	0
OEKLIE_04129	contig_111	66148	68562	+	LNHIMF_00535	1	persistent	2	0	0
OEKLIE_04130	contig_111	68559	68663	+	LNHIMF_00536	1	persistent	2	0	0
OEKLIE_04131	contig_111	68748	69881	+	GEGEGB_02477	1	persistent	2	0	0
OEKLIE_04132	contig_111	70138	70968	+	LNHIMF_00538	1	persistent	2	0	0
OEKLIE_04133	contig_111	71005	72021	+	LNHIMF_00539	1	persistent	2	0	0
OEKLIE_04134	contig_111	72014	72673	+	GEGEGB_02474	1	persistent	2	0	0
OEKLIE_04135	contig_111	72712	73806	-	BEJGEH_00527	1	persistent	3	0	0
OEKLIE_04136	contig_111	73876	74802	-	BEJGEH_00528	1	persistent	2	0	0
OEKLIE_04137	contig_111	75029	75511	+	BEJGEH_00529	1	persistent	2	0	0
OEKLIE_04138	contig_111	75590	76408	+	BEJGEH_00530	1	persistent	2	0	0
OEKLIE_04139	contig_111	76493	78274	+	BEJGEH_00531	1	persistent	2	0	0
OEKLIE_04140	contig_111	78287	79063	+	BEJGEH_00532	1	persistent	2	0	0
OEKLIE_04141	contig_111	79164	80042	+	BEJGEH_00533	1	persistent	2	0	0
OEKLIE_04142	contig_111	80108	81355	+	BEJGEH_00534	1	persistent	2	0	0
OEKLIE_04143	contig_111	81451	82905	+	HFCAGB_00549	1	persistent	2	0	0
OEKLIE_04144	contig_111	82984	84345	+	GEGEGB_02462	1	persistent	2	0	0
OEKLIE_04145	contig_111	84404	85702	+	GEGEGB_02461	1	persistent	2	0	0
OEKLIE_04146	contig_111	85725	86873	+	BEJGEH_00538	1	persistent	2	0	0
OEKLIE_04148	contig_111	86953	87738	-	GEGEGB_02458	1	persistent	2	0	0
OEKLIE_04149	contig_111	87749	88984	-	BEJGEH_00541	1	persistent	2	0	0
OEKLIE_04150	contig_111	89006	90055	-	BEJGEH_00542	1	persistent	2	0	0
OEKLIE_04151	contig_111	90386	92050	+	HFCAGB_00557	1	persistent	2	0	0
OEKLIE_04152	contig_111	92060	93319	+	BEJGEH_00544	1	persistent	2	0	0
OEKLIE_04153	contig_111	93331	94140	+	HFCAGB_00559	1	persistent	2	0	0
OEKLIE_04154	contig_111	94144	95037	+	GEGEGB_02452	1	persistent	2	0	0
OEKLIE_04155	contig_111	95078	96145	-	GEGEGB_02451	1	persistent	3	0	0
OEKLIE_04156	contig_111	96142	96651	-	LNHIMF_00543	1	persistent	2	0	0
OEKLIE_04157	contig_111	96769	97491	-	LNHIMF_00544	1	persistent	2	0	0
OEKLIE_04158	contig_111	97494	97988	-	GEGEGB_02448	1	persistent	2	0	0
OEKLIE_04159	contig_111	98161	99546	+	GEGEGB_02447	1	persistent	3	0	0
OEKLIE_04160	contig_111	99590	100414	-	BEJGEH_00552	1	persistent	2	0	0
OEKLIE_04161	contig_111	100411	100848	-	BEJGEH_00553	1	persistent	2	0	0
OEKLIE_04162	contig_111	100841	101386	-	LNHIMF_00549	1	persistent	3	0	0
OEKLIE_04163	contig_111	101514	101726	-	GEGEGB_02445	1	persistent	2	0	0
OEKLIE_04164	contig_111	101728	102594	-	LNHIMF_00551	1	persistent	2	0	0
OEKLIE_04165	contig_111	103141	103698	+	LNHIMF_00552	1	persistent	2	0	0
OEKLIE_04166	contig_111	103774	104307	+	GEGEGB_02442	1	persistent	2	0	0
OEKLIE_04167	contig_111	104351	105043	+	LNHIMF_00554	1	persistent	2	0	0
OEKLIE_04168	contig_111	105074	107686	+	LNHIMF_00555	1	persistent	2	0	0
OEKLIE_04169	contig_111	107701	108708	+	LNHIMF_00556	1	persistent	2	0	0
OEKLIE_04170	contig_111	108718	109236	+	BEJGEH_00562	1	persistent	2	0	0
OEKLIE_04171	contig_111	109282	109914	-	LNHIMF_00558	1	persistent	2	0	0
OEKLIE_04172	contig_111	110518	111240	-	LNHIMF_00559	1	persistent	2	1	0
OEKLIE_04173	contig_111	111259	111567	-	AJBGEP_00574	1	shell	2	0	0
OEKLIE_04174	contig_111	111732	112328	-	GEGEGB_02434	1	persistent	2	3	2
OEKLIE_04176	contig_111	112776	113048	-	HFCAGB_00647	1	shell	2	1	0
OEKLIE_04177	contig_111	113225	113443	-	GEGEGB_02431	1	shell	1	3	0
OEKLIE_04178	contig_111	113615	113773	+	BEJGEH_00569	1	shell	0	2	0
OEKLIE_04179	contig_111	113830	115470	-	BEJGEH_00570	1	shell	1	2	0
OEKLIE_04180	contig_111	115463	116389	-	BEJGEH_04267	2	persistent	1	3	6
OEKLIE_04181	contig_111	116386	116748	-	GEGEGB_02428	1	persistent	3	3	2
OEKLIE_04183	contig_111	117616	117945	-	HFCAGB_00655	1	shell	2	0	1
OEKLIE_04184	contig_111	118284	119138	-	BEJGEH_00577	1	persistent	1	1	2
OEKLIE_04185	contig_111	119354	120679	+	LNHIMF_00716	1	persistent	2	0	0
OEKLIE_04186	contig_111	120836	121072	+	GEGEGB_02422	1	persistent	2	0	0
OEKLIE_04187	contig_111	121085	121645	+	GEGEGB_02421	1	persistent	2	0	0
OEKLIE_04188	contig_111	121724	122899	-	LNHIMF_00719	1	persistent	2	0	0
OEKLIE_04189	contig_111	123225	124619	+	LNHIMF_00720	1	persistent	2	0	0
OEKLIE_04190	contig_111	124661	125908	-	GEGEGB_02417	1	persistent	2	0	1
OEKLIE_04191	contig_111	126219	128189	+	AJBGEP_00592	1	persistent	3	1	1
OEKLIE_04192	contig_111	128356	131085	+	AJBGEP_00593	1	shell	1	1	0
OEKLIE_04193	contig_111	131213	132199	-	AJBGEP_00594	1	shell	0	2	0
OEKLIE_04194	contig_111	132266	133327	-	AJBGEP_00595	1	shell	0	2	0
OEKLIE_04195	contig_111	133342	134196	-	AJBGEP_00596	1	shell	0	2	0
OEKLIE_04196	contig_111	134199	134942	-	AJBGEP_00597	1	shell	0	2	0
OEKLIE_04197	contig_111	134957	135427	-	AJBGEP_00598	1	shell	0	2	0
OEKLIE_04198	contig_111	135405	135854	-	AJBGEP_00599	1	shell	1	1	0
OEKLIE_04199	contig_111	136054	136707	-	GEGEGB_02415	1	persistent	2	1	0
OEKLIE_04200	contig_111	136804	137172	-	BEJGEH_00586	1	persistent	2	0	0
OEKLIE_04201	contig_111	137172	137753	-	BEJGEH_00587	1	persistent	2	0	0
OEKLIE_04203	contig_111	138042	138383	+	LNHIMF_00724	1	persistent	3	0	0
OEKLIE_04204	contig_111	138389	138637	-	GEGEGB_02410	1	persistent	2	0	0
OEKLIE_04205	contig_111	138704	139822	-	LNHIMF_00726	1	persistent	2	0	0
OEKLIE_04206	contig_111	139834	140538	-	BENMGJ_04249	1	persistent	2	0	0
OEKLIE_04207	contig_111	140584	142839	-	LNHIMF_00728	1	persistent	2	0	0
OEKLIE_04208	contig_111	143028	144242	+	BEJGEH_00594	1	persistent	2	0	0
OEKLIE_04209	contig_111	144273	144491	+	LNHIMF_00730	1	persistent	2	0	0
OEKLIE_04210	contig_111	144488	148372	+	LNHIMF_00731	1	persistent	2	0	0
OEKLIE_04211	contig_111	148622	149758	+	HFCAGB_00677	1	persistent	2	0	0
OEKLIE_04212	contig_111	149811	150605	-	GEGEGB_02401	1	persistent	2	0	0
OEKLIE_04213	contig_111	150602	151591	-	GEGEGB_02400	1	persistent	2	0	0
OEKLIE_04214	contig_111	151591	152598	-	GEGEGB_02399	1	persistent	2	0	0
OEKLIE_04215	contig_111	152709	153953	+	GEGEGB_02398	1	persistent	2	0	0
OEKLIE_04216	contig_111	154016	154972	-	LNHIMF_00737	1	persistent	2	0	0
OEKLIE_04217	contig_111	155281	156456	+	GEGEGB_02396	1	persistent	2	0	0
OEKLIE_04218	contig_111	156466	158076	+	LNHIMF_00739	1	persistent	2	0	0
OEKLIE_04219	contig_111	158090	158947	+	GEGEGB_02394	1	persistent	2	0	0
OEKLIE_04220	contig_111	158947	159702	+	HFCAGB_00686	1	persistent	2	0	0
OEKLIE_04221	contig_111	159705	160118	+	GEGEGB_02392	1	persistent	2	0	0
OEKLIE_04222	contig_111	160300	162405	+	LNHIMF_00743	1	persistent	2	0	0
OEKLIE_04223	contig_111	162469	162666	+	GEGEGB_02390	1	persistent	2	0	0
OEKLIE_04224	contig_111	162702	163790	-	LNHIMF_00745	1	persistent	2	0	0
OEKLIE_04225	contig_111	163917	165077	+	LNHIMF_00746	1	persistent	2	0	0
OEKLIE_04226	contig_111	165078	165695	-	BEJGEH_00612	1	persistent	2	0	0
OEKLIE_04227	contig_111	165668	166903	-	LNHIMF_00748	1	persistent	2	0	0
OEKLIE_04228	contig_111	167069	167971	-	LNHIMF_00749	1	persistent	2	0	0
OEKLIE_04229	contig_111	168288	169034	-	LNHIMF_00750	1	persistent	2	0	0
OEKLIE_04231	contig_111	169475	170038	+	GEGEGB_02382	1	persistent	2	0	0
OEKLIE_04232	contig_111	170280	171845	+	LNHIMF_00753	1	persistent	2	1	0
OEKLIE_04233	contig_111	172177	172737	+	BEJGEH_00619	1	persistent	2	1	0
OEKLIE_04234	contig_111	172730	175009	+	LNHIMF_00755	1	persistent	2	0	1
OEKLIE_04235	contig_111	175006	175365	+	OEKLIE_04235	1	cloud	2	0	0
OEKLIE_04236	contig_111	175365	176132	+	GEGEGB_02375	1	persistent	2	0	1
OEKLIE_04237	contig_111	176200	176628	-	GEGEGB_02374	1	persistent	2	0	0
OEKLIE_04238	contig_111	176851	178089	+	LNHIMF_00759	1	persistent	2	0	0
OEKLIE_04239	contig_111	178172	178582	-	GEGEGB_02372	1	persistent	2	0	0
OEKLIE_04240	contig_111	178817	179623	-	LNHIMF_00761	1	persistent	2	0	0
OEKLIE_04241	contig_111	179733	181196	-	LNHIMF_00762	1	persistent	2	0	0
OEKLIE_04242	contig_111	181234	182130	-	GEGEGB_02369	1	persistent	2	0	0
OEKLIE_04243	contig_111	182102	182653	-	BEJGEH_00629	1	persistent	2	0	0
OEKLIE_04244	contig_111	182657	184186	-	LNHIMF_00765	1	persistent	2	0	0
OEKLIE_04245	contig_111	184196	185104	-	LNHIMF_00766	1	persistent	2	0	0
OEKLIE_04246	contig_111	185101	185397	-	GEGEGB_02365	1	persistent	2	0	0
OEKLIE_04247	contig_111	185394	186470	-	LNHIMF_00768	1	persistent	2	0	1
OEKLIE_04248	contig_111	186855	188516	+	GEGEGB_02363	1	persistent	2	0	2
OEKLIE_04249	contig_111	188485	189165	+	GEGEGB_02362	1	persistent	2	0	0
OEKLIE_04250	contig_111	189219	190604	-	GEGEGB_02361	1	persistent	2	0	1
OEKLIE_04251	contig_111	190983	191555	+	LNHIMF_00773	1	persistent	2	0	0
OEKLIE_04252	contig_111	191743	191952	+	GEGEGB_01108	2	persistent	4	0	0
OEKLIE_04253	contig_111	192010	192393	-	GEGEGB_02358	1	persistent	2	0	0
OEKLIE_04254	contig_111	192484	193272	+	HFCAGB_00724	1	persistent	2	0	0
OEKLIE_04255	contig_111	193401	193604	+	GEGEGB_02356	1	persistent	2	0	0
OEKLIE_04256	contig_111	193690	194655	-	GEGEGB_02355	1	persistent	2	0	0
OEKLIE_04257	contig_111	194861	195814	-	GEGEGB_02354	1	persistent	2	0	0
OEKLIE_04258	contig_111	196116	196757	-	GEGEGB_02353	1	persistent	2	0	0
OEKLIE_04259	contig_111	196857	197120	-	GEGEGB_02352	1	persistent	2	0	0
OEKLIE_04260	contig_111	197229	198440	-	LNHIMF_00782	1	persistent	2	0	0
OEKLIE_04261	contig_111	198580	199725	-	AJBGEP_00662	1	persistent	2	0	0
OEKLIE_04262	contig_111	199736	200848	-	GEGEGB_02349	1	persistent	2	0	0
OEKLIE_04263	contig_111	200851	202752	-	LNHIMF_00785	1	persistent	2	0	0
OEKLIE_04264	contig_111	202783	203250	-	GEGEGB_02347	1	persistent	2	0	0
OEKLIE_04265	contig_111	203254	203547	-	GEGEGB_02346	1	persistent	2	0	0
OEKLIE_04266	contig_111	203901	204509	-	GEGEGB_02345	1	persistent	2	0	0
OEKLIE_04267	contig_111	204606	205700	+	LNHIMF_00789	1	persistent	2	0	0
OEKLIE_04268	contig_111	205675	206325	-	LNHIMF_00790	1	persistent	2	0	0
OEKLIE_04269	contig_111	206318	207349	-	GEGEGB_02342	1	persistent	2	0	0
OEKLIE_04270	contig_111	207349	207939	-	GEGEGB_02341	1	persistent	2	0	0
OEKLIE_04271	contig_111	207954	210536	-	LNHIMF_00793	1	persistent	2	0	0
OEKLIE_04272	contig_111	210824	211114	+	GEGEGB_02339	1	persistent	2	0	0
OEKLIE_04273	contig_111	211053	212303	+	BEJGEH_00660	1	persistent	2	0	0
OEKLIE_04274	contig_111	212353	213306	+	LNHIMF_00796	1	persistent	2	0	0
OEKLIE_04275	contig_111	213374	215302	+	LNHIMF_00797	1	persistent	2	0	0
OEKLIE_04276	contig_111	215395	215868	+	GEGEGB_02335	1	persistent	3	1	1
OEKLIE_04277	contig_111	215907	216902	-	HFCAGB_00748	1	shell	1	1	0
OEKLIE_04278	contig_111	217027	217734	+	HFCAGB_00749	1	shell	0	2	1
OEKLIE_04279	contig_111	217731	219164	+	HFCAGB_00750	1	shell	0	2	0
OEKLIE_04280	contig_111	219243	219872	+	BEJGEH_00667	1	shell	0	2	0
OEKLIE_04281	contig_111	219869	221341	+	AJBGEP_00682	1	shell	0	2	0
OEKLIE_04282	contig_111	221363	223042	-	BEJGEH_00669	1	shell	2	1	0
OEKLIE_04283	contig_111	223118	224356	-	BEJGEH_00670	1	persistent	2	1	0
OEKLIE_04284	contig_111	224388	225323	-	GEGEGB_02333	1	persistent	3	0	0
OEKLIE_04285	contig_111	225440	226165	-	GEGEGB_02332	1	persistent	2	0	0
OEKLIE_04286	contig_111	226165	226839	-	GEGEGB_02331	1	persistent	2	0	0
OEKLIE_04287	contig_111	226839	227579	-	GEGEGB_02330	1	persistent	2	0	0
OEKLIE_04289	contig_111	227739	228647	-	LNHIMF_00804	1	persistent	2	0	0
OEKLIE_04290	contig_111	229002	230591	-	LNHIMF_00805	1	persistent	2	0	0
OEKLIE_04291	contig_111	230560	231438	-	GEGEGB_02326	1	persistent	2	0	0
OEKLIE_04292	contig_111	231596	232069	-	GEGEGB_02325	1	persistent	2	0	0
OEKLIE_04293	contig_111	232066	233112	-	GEGEGB_02324	1	persistent	2	0	0
OEKLIE_04294	contig_111	233317	234741	-	GEGEGB_02323	1	persistent	2	0	0
OEKLIE_04295	contig_111	234885	236060	+	GEGEGB_02322	1	persistent	2	2	0
OEKLIE_04296	contig_111	236127	236651	-	AJBGEP_00697	1	shell	2	1	0
OEKLIE_04297	contig_112	140	1750	+	GEGEGB_03386	1	persistent	2	1	0
OEKLIE_04299	contig_112	1961	2419	+	GEGEGB_00250	8	shell	58	4	2
OEKLIE_04300	contig_112	2566	3414	+	GEGEGB_03385	1	persistent	2	1	0
OEKLIE_04301	contig_112	3407	4744	+	GEGEGB_03384	1	persistent	2	0	0
OEKLIE_04302	contig_112	4967	5299	+	GEGEGB_03383	1	persistent	2	1	1
OEKLIE_04304	contig_112	5735	6799	+	AJBGEP_03469	1	shell	2	0	0
OEKLIE_04305	contig_112	6885	8228	-	GEGEGB_03381	1	persistent	2	1	1
OEKLIE_04307	contig_112	8856	9308	+	GEGEGB_03379	1	persistent	2	0	0
OEKLIE_04308	contig_112	9336	10838	+	LNHIMF_03337	1	persistent	2	0	0
OEKLIE_04309	contig_112	10863	13541	+	BEJGEH_03312	1	persistent	2	0	0
OEKLIE_04310	contig_112	13762	14163	+	GEGEGB_03376	1	persistent	2	0	0
OEKLIE_04311	contig_112	14163	15107	+	GEGEGB_03375	1	persistent	2	0	0
OEKLIE_04312	contig_112	15258	15527	+	GEGEGB_03374	1	persistent	2	0	0
OEKLIE_04314	contig_112	15739	17904	+	LNHIMF_03331	1	persistent	2	0	0
OEKLIE_04315	contig_112	18014	18898	+	GEGEGB_03371	1	persistent	2	0	0
OEKLIE_04316	contig_112	19004	19084	+	GEGEGB_03370	1	persistent	2	0	0
OEKLIE_04317	contig_112	19077	20966	+	GEGEGB_03369	1	persistent	2	0	0
OEKLIE_04318	contig_112	21120	22364	+	GEGEGB_03368	1	persistent	2	1	0
OEKLIE_04319	contig_112	22425	22955	-	BEJGEH_03302	1	shell	1	1	0
OEKLIE_04320	contig_112	23114	23833	+	BEJGEH_03301	1	shell	1	1	0
OEKLIE_04321	contig_112	23811	24818	-	LNHIMF_03326	1	persistent	2	1	0
OEKLIE_04322	contig_112	24996	25874	-	GEGEGB_03366	1	persistent	2	0	0
OEKLIE_04323	contig_112	25883	26878	-	GEGEGB_03365	1	persistent	2	0	0
OEKLIE_04324	contig_112	27095	27619	+	GEGEGB_03364	1	persistent	2	0	0
OEKLIE_04325	contig_112	27613	28116	+	GEGEGB_03363	1	persistent	2	0	0
OEKLIE_04326	contig_112	28103	28420	-	GEGEGB_03362	1	persistent	2	0	0
OEKLIE_04327	contig_112	28458	28901	+	GEGEGB_03361	1	persistent	2	0	0
OEKLIE_04328	contig_112	28881	29399	-	GEGEGB_03360	1	persistent	2	0	0
OEKLIE_04329	contig_112	29530	30165	+	LNHIMF_03318	1	persistent	2	0	0
OEKLIE_04330	contig_112	30232	30807	-	GEGEGB_03358	1	persistent	2	0	0
OEKLIE_04331	contig_112	30817	31407	-	LNHIMF_03316	1	persistent	2	0	0
OEKLIE_04332	contig_112	31429	31824	-	LNHIMF_03315	1	persistent	2	0	0
OEKLIE_04333	contig_112	31782	33824	-	LNHIMF_03314	1	persistent	2	0	0
OEKLIE_04334	contig_112	33888	34751	+	LNHIMF_03313	1	persistent	2	0	0
OEKLIE_04335	contig_112	34909	35682	-	GEGEGB_03353	1	persistent	2	0	0
OEKLIE_04336	contig_112	35793	36836	-	GEGEGB_03352	1	persistent	2	1	0
OEKLIE_04337	contig_112	36880	37671	-	ODDLKH_03694	1	shell	1	2	0
OEKLIE_04338	contig_112	37698	38612	-	AJBGEP_03435	1	shell	1	1	0
OEKLIE_04339	contig_112	38623	39477	-	GEGEGB_03343	1	persistent	2	2	0
OEKLIE_04340	contig_112	39811	40644	+	GEGEGB_03342	1	shell	1	1	0
OEKLIE_04341	contig_112	40655	41602	+	AJBGEP_03432	1	shell	1	1	0
OEKLIE_04342	contig_112	41842	43413	-	LNHIMF_03305	1	persistent	2	1	0
OEKLIE_04343	contig_112	43943	44713	+	GEGEGB_03339	1	persistent	2	0	0
OEKLIE_04344	contig_112	44739	45629	+	LNHIMF_03303	1	persistent	2	0	0
OEKLIE_04345	contig_112	45727	46872	+	GEGEGB_03337	1	persistent	2	0	1
OEKLIE_04347	contig_112	48671	49609	+	LNHIMF_03300	1	persistent	2	0	1
OEKLIE_04348	contig_112	49707	50696	+	GEGEGB_03334	1	persistent	2	0	0
OEKLIE_04349	contig_112	50717	52048	+	LNHIMF_03298	1	persistent	2	0	0
OEKLIE_04350	contig_112	52114	53322	+	LNHIMF_03297	1	persistent	2	0	0
OEKLIE_04351	contig_112	53356	55650	+	LNHIMF_03296	1	persistent	2	0	0
OEKLIE_04352	contig_112	55720	57084	+	GEGEGB_03329	1	persistent	2	0	0
OEKLIE_04354	contig_112	57400	58731	+	LNHIMF_03293	1	persistent	2	0	0
OEKLIE_04355	contig_112	58757	60067	+	LNHIMF_03292	1	persistent	2	0	0
OEKLIE_04356	contig_112	60180	60344	-	GEGEGB_03323	1	persistent	2	0	0
OEKLIE_04357	contig_112	60368	61069	-	GEGEGB_03322	1	persistent	2	0	0
OEKLIE_04358	contig_112	61174	62070	+	LNHIMF_03289	1	persistent	2	0	0
OEKLIE_04359	contig_112	62109	62474	-	GEGEGB_03320	1	persistent	2	0	0
OEKLIE_04360	contig_112	62598	63584	-	LNHIMF_03287	1	persistent	2	0	0
OEKLIE_04361	contig_112	63652	64137	-	GEGEGB_03318	1	persistent	2	0	0
OEKLIE_04362	contig_112	64282	64581	-	GEGEGB_03317	1	persistent	2	0	0
OEKLIE_04363	contig_112	64578	64976	-	GEGEGB_03316	1	persistent	2	0	0
OEKLIE_04364	contig_112	64979	65284	-	GEGEGB_03315	1	persistent	2	0	0
OEKLIE_04365	contig_112	65326	65694	-	GEGEGB_03314	1	persistent	2	0	0
OEKLIE_04366	contig_112	65839	66222	-	GEGEGB_03313	1	persistent	2	0	0
OEKLIE_04367	contig_112	66226	66888	-	GEGEGB_03312	1	persistent	2	0	0
OEKLIE_04368	contig_112	67338	68582	-	LNHIMF_03279	1	persistent	2	0	0
OEKLIE_04370	contig_112	68837	69805	-	GEGEGB_03309	1	persistent	2	0	0
OEKLIE_04371	contig_112	70078	71076	-	LNHIMF_03276	1	persistent	2	0	0
OEKLIE_04372	contig_112	71165	71857	-	GEGEGB_03307	1	persistent	2	0	0
OEKLIE_04373	contig_112	72009	72506	-	GEGEGB_03306	1	persistent	2	0	0
OEKLIE_04374	contig_112	72592	73728	+	GEGEGB_03305	1	persistent	2	0	0
OEKLIE_04375	contig_112	73809	75827	-	BEJGEH_03246	1	persistent	2	0	0
OEKLIE_04376	contig_112	75998	77377	-	GEGEGB_03301	1	persistent	2	0	0
OEKLIE_04377	contig_112	77807	79327	+	LNHIMF_03270	1	persistent	2	0	0
OEKLIE_04378	contig_112	79715	81280	+	AJBGEP_03395	1	persistent	2	0	0
OEKLIE_04379	contig_112	81277	81921	-	GEGEGB_03298	1	persistent	2	0	0
OEKLIE_04380	contig_112	82156	82923	+	LNHIMF_03267	1	persistent	2	0	1
OEKLIE_04382	contig_112	83204	83710	+	GEGEGB_03295	1	persistent	2	0	1
OEKLIE_04383	contig_112	83834	85816	-	LNHIMF_03264	1	persistent	2	0	0
OEKLIE_04384	contig_112	85831	87576	-	GEGEGB_03293	1	persistent	2	0	0
OEKLIE_04385	contig_112	87812	88027	-	GEGEGB_03292	1	persistent	2	0	0
OEKLIE_04386	contig_112	88255	89268	+	GEGEGB_03291	1	persistent	2	0	0
OEKLIE_04387	contig_112	89519	90130	-	LNHIMF_03260	1	persistent	2	0	0
OEKLIE_04388	contig_112	90237	90596	+	LNHIMF_03259	1	persistent	2	0	0
OEKLIE_04389	contig_112	90694	91515	+	GEGEGB_03288	1	persistent	2	0	0
OEKLIE_04390	contig_112	91620	92861	-	LNHIMF_03257	1	persistent	2	0	0
OEKLIE_04391	contig_112	92924	93538	-	GEGEGB_03286	1	persistent	2	0	0
OEKLIE_04392	contig_112	93780	95081	+	GEGEGB_03285	1	persistent	2	0	0
OEKLIE_04393	contig_112	95199	98042	+	GEGEGB_03284	1	persistent	2	0	0
OEKLIE_04394	contig_112	98090	99523	+	GEGEGB_03283	1	persistent	2	0	0
OEKLIE_04396	contig_112	99685	99744	-	GEGEGB_03282	1	persistent	2	0	0
OEKLIE_04397	contig_112	99984	101663	-	GEGEGB_03280	1	persistent	2	0	0
OEKLIE_04398	contig_112	101682	102302	-	LNHIMF_03249	1	persistent	2	0	0
OEKLIE_04399	contig_112	102566	102769	+	GEGEGB_03278	1	persistent	2	0	0
OEKLIE_04400	contig_112	102843	103142	-	AJBGEP_03373	1	persistent	2	0	0
OEKLIE_04401	contig_112	103579	104232	+	GEGEGB_03276	1	persistent	2	2	0
OEKLIE_04402	contig_112	104403	105080	-	GEGEGB_03275	1	persistent	2	2	0
OEKLIE_04403	contig_112	105095	105766	-	GEGEGB_03274	1	persistent	2	0	0
OEKLIE_04404	contig_112	105786	107582	-	GEGEGB_03273	1	persistent	2	0	0
OEKLIE_04405	contig_112	108225	108998	-	GEGEGB_03272	1	persistent	2	0	0
OEKLIE_04406	contig_112	109139	109927	+	GEGEGB_03271	1	persistent	2	0	0
OEKLIE_04407	contig_112	109989	111152	-	GEGEGB_03270	1	persistent	2	0	0
OEKLIE_04408	contig_112	111158	111829	-	ODDLKH_03623	1	persistent	2	0	0
OEKLIE_04409	contig_112	112042	113511	-	GEGEGB_03268	1	persistent	2	0	0
OEKLIE_04410	contig_112	113718	114350	+	GEGEGB_03267	1	persistent	2	0	0
OEKLIE_04411	contig_112	114347	114769	+	LNHIMF_03234	1	persistent	2	0	0
OEKLIE_04412	contig_112	114794	115621	+	GEGEGB_03265	1	persistent	2	0	0
OEKLIE_04413	contig_112	115621	116202	+	GEGEGB_03264	1	persistent	2	0	0
OEKLIE_04414	contig_112	116230	118122	+	GEGEGB_03263	1	persistent	2	0	0
OEKLIE_04415	contig_112	118247	118561	-	GEGEGB_03262	1	persistent	2	0	0
OEKLIE_04416	contig_112	118593	119174	-	LNHIMF_03229	1	persistent	2	0	0
OEKLIE_04417	contig_112	119281	120630	-	GEGEGB_03260	1	persistent	2	0	0
OEKLIE_04418	contig_112	120627	121286	-	GEGEGB_03259	1	persistent	2	0	0
OEKLIE_04419	contig_112	121438	121830	+	GEGEGB_03258	1	persistent	3	0	0
OEKLIE_04420	contig_112	121902	122768	+	AJBGEP_03353	1	persistent	2	0	0
OEKLIE_04421	contig_112	122879	125137	+	LNHIMF_03225	1	persistent	3	0	0
OEKLIE_04422	contig_112	125394	126131	+	GEGEGB_03255	1	persistent	2	0	0
OEKLIE_04423	contig_112	126205	127617	+	GEGEGB_03254	1	persistent	1	1	1
OEKLIE_04424	contig_112	127662	128969	-	BEJGEH_03194	1	shell	1	1	0
OEKLIE_04425	contig_112	128980	129462	-	BEJGEH_03193	1	shell	0	2	0
OEKLIE_04426	contig_112	129504	130487	-	BEJGEH_03192	1	shell	1	1	0
OEKLIE_04427	contig_112	130975	133146	+	GEGEGB_03247	1	persistent	2	1	2
OEKLIE_04428	contig_112	133349	133543	+	HFCAGB_03397	1	persistent	2	0	0
OEKLIE_04429	contig_112	133701	134156	-	LNHIMF_03217	1	persistent	3	0	0
OEKLIE_04430	contig_112	134201	135655	-	GEGEGB_03245	1	persistent	2	0	1
OEKLIE_04431	contig_112	135852	136679	-	LNHIMF_03215	1	persistent	2	0	0
OEKLIE_04432	contig_112	136785	137948	-	LNHIMF_03214	1	persistent	2	0	0
OEKLIE_04433	contig_112	138123	139040	+	LNHIMF_03213	1	persistent	2	0	0
OEKLIE_04434	contig_112	139104	139763	-	GEGEGB_03240	1	persistent	2	0	0
OEKLIE_04435	contig_112	139903	141090	-	LNHIMF_03211	1	persistent	2	0	0
OEKLIE_04436	contig_112	141212	141349	+	GEGEGB_03238	1	persistent	2	0	0
OEKLIE_04437	contig_112	141342	142076	+	GEGEGB_03237	1	persistent	2	0	0
OEKLIE_04438	contig_112	142083	142508	+	GEGEGB_03236	1	persistent	2	0	0
OEKLIE_04439	contig_112	142621	143505	-	GEGEGB_03235	1	persistent	2	0	0
OEKLIE_04440	contig_112	143629	144033	-	GEGEGB_03234	1	persistent	2	0	0
OEKLIE_04441	contig_112	144020	144430	-	LNHIMF_03205	1	persistent	2	0	0
OEKLIE_04442	contig_112	144534	145037	+	GEGEGB_03232	1	persistent	2	0	0
OEKLIE_04443	contig_112	145317	145811	+	GEGEGB_03231	1	persistent	2	0	0
OEKLIE_04444	contig_112	146118	147761	+	LNHIMF_03202	1	persistent	2	0	0
OEKLIE_04445	contig_112	147846	148133	+	GEGEGB_03228	1	persistent	2	0	0
OEKLIE_04446	contig_112	148323	149441	+	GEGEGB_03227	1	persistent	2	0	0
OEKLIE_04447	contig_112	149444	150430	+	GEGEGB_03226	1	persistent	2	0	0
OEKLIE_04448	contig_112	150420	151598	+	GEGEGB_03225	1	persistent	2	0	0
OEKLIE_04449	contig_112	151595	153298	+	LNHIMF_03197	1	persistent	2	0	0
OEKLIE_04450	contig_112	153298	153792	+	LNHIMF_03196	1	persistent	2	0	0
OEKLIE_04451	contig_112	153785	154273	+	GEGEGB_03222	1	persistent	2	0	0
OEKLIE_04452	contig_112	154266	154607	+	GEGEGB_03221	1	persistent	2	0	0
OEKLIE_04453	contig_112	154635	154883	+	GEGEGB_03220	1	persistent	2	0	0
OEKLIE_04454	contig_112	154959	156011	+	LNHIMF_03192	1	persistent	2	0	0
OEKLIE_04455	contig_112	156011	156721	+	BEJGEH_03157	1	persistent	2	0	0
OEKLIE_04456	contig_112	156789	157655	-	LNHIMF_03190	1	persistent	2	0	0
OEKLIE_04457	contig_112	157882	159738	+	GEGEGB_03216	1	persistent	2	0	0
OEKLIE_04458	contig_112	160408	161466	+	BEJGEH_03154	1	persistent	2	0	0
OEKLIE_04459	contig_112	161766	163178	-	LNHIMF_03187	1	persistent	2	0	0
OEKLIE_04460	contig_112	163190	164662	-	GEGEGB_03213	1	persistent	2	0	0
OEKLIE_04461	contig_112	164773	165957	-	GEGEGB_03212	1	persistent	2	0	0
OEKLIE_04462	contig_112	166362	167666	+	GEGEGB_03211	1	persistent	3	0	1
OEKLIE_04463	contig_112	168062	168940	+	LNHIMF_03179	1	persistent	2	0	1
OEKLIE_04464	contig_112	168979	169902	+	GEGEGB_03210	1	persistent	3	0	0
OEKLIE_04465	contig_112	170628	171113	+	PKJKAM_01942	1	persistent	2	0	0
OEKLIE_04466	contig_112	171113	171493	+	BEJGEH_03146	1	persistent	2	0	0
OEKLIE_04467	contig_112	171629	173113	-	LNHIMF_03175	1	persistent	2	0	0
OEKLIE_04468	contig_112	173275	174576	+	GEGEGB_03206	1	persistent	2	0	0
OEKLIE_04469	contig_112	174591	174965	+	BEJGEH_03143	1	persistent	2	0	0
OEKLIE_04470	contig_112	175174	176673	+	GEGEGB_03203	1	persistent	2	0	0
OEKLIE_04471	contig_112	176651	177208	+	LNHIMF_03171	1	persistent	2	0	0
OEKLIE_04472	contig_112	177312	177995	-	LNHIMF_03170	1	persistent	1	1	1
OEKLIE_04474	contig_112	178507	179691	+	HFCAGB_03350	1	shell	1	1	0
OEKLIE_04475	contig_112	179760	181499	+	LNHIMF_03167	1	shell	0	2	0
OEKLIE_04476	contig_112	181547	182425	-	LNHIMF_03166	1	shell	0	2	0
OEKLIE_04477	contig_112	182517	183359	+	LNHIMF_03165	1	shell	0	2	0
OEKLIE_04478	contig_112	183383	183910	+	HFCAGB_03346	1	shell	0	2	0
OEKLIE_04479	contig_112	183935	185260	+	AJBGEP_03293	1	shell	0	2	0
OEKLIE_04480	contig_112	185325	185705	+	LNHIMF_03162	1	shell	2	1	0
OEKLIE_04482	contig_112	186045	186752	-	GEGEGB_03190	1	persistent	1	1	4
OEKLIE_04483	contig_112	187177	189312	+	LNHIMF_03159	1	persistent	2	0	2
OEKLIE_04484	contig_112	189377	189604	+	OEKLIE_04484	1	cloud	2	0	0
OEKLIE_04485	contig_112	189531	189761	-	GEGEGB_03187	1	persistent	3	0	1
OEKLIE_04486	contig_112	189978	191063	-	GEGEGB_03186	1	persistent	2	0	1
OEKLIE_04487	contig_112	191176	191451	-	GEGEGB_03185	1	persistent	2	0	0
OEKLIE_04488	contig_112	191479	192531	-	LNHIMF_03155	1	persistent	2	0	0
OEKLIE_04489	contig_112	192686	193405	+	LNHIMF_03154	1	persistent	2	0	0
OEKLIE_04490	contig_112	193405	193731	+	GEGEGB_03182	1	persistent	2	0	0
OEKLIE_04491	contig_112	193781	194500	+	GEGEGB_03181	1	persistent	2	1	0
OEKLIE_04492	contig_112	194689	195735	+	GEGEGB_03178	1	persistent	2	1	0
OEKLIE_04493	contig_112	195868	196875	+	GEGEGB_03177	1	persistent	2	0	0
OEKLIE_04494	contig_112	196966	198102	-	GEGEGB_03176	1	persistent	2	0	0
OEKLIE_04495	contig_112	198095	198688	-	LNHIMF_03148	1	persistent	2	0	0
OEKLIE_04496	contig_112	198696	198986	-	GEGEGB_03174	1	persistent	2	0	0
OEKLIE_04497	contig_112	198983	199549	-	GEGEGB_03173	1	persistent	2	0	0
OEKLIE_04498	contig_112	199568	200272	-	GEGEGB_03172	1	persistent	2	0	0
OEKLIE_04499	contig_112	200290	201270	+	LNHIMF_03144	1	persistent	2	0	0
OEKLIE_04500	contig_112	201402	202088	+	LNHIMF_03143	1	persistent	2	0	0
OEKLIE_04501	contig_112	202135	202551	-	GEGEGB_03169	1	persistent	2	0	0
OEKLIE_04502	contig_112	202551	203114	-	GEGEGB_03168	1	persistent	2	0	0
OEKLIE_04503	contig_112	203330	204277	-	LNHIMF_03140	1	persistent	2	0	0
OEKLIE_04504	contig_112	204297	205028	-	GEGEGB_03166	1	persistent	2	0	0
OEKLIE_04505	contig_112	205105	205812	-	LNHIMF_03138	1	persistent	2	0	0
OEKLIE_04506	contig_112	205907	206362	-	GEGEGB_03164	1	persistent	2	0	0
OEKLIE_04507	contig_112	206483	207877	-	GEGEGB_03163	1	persistent	2	0	0
OEKLIE_04508	contig_112	208370	209524	-	GEGEGB_03162	1	persistent	2	0	0
OEKLIE_04509	contig_112	210314	212290	+	GEGEGB_03161	1	persistent	2	1	1
OEKLIE_04510	contig_112	212434	213165	+	BEJGEH_03102	1	shell	1	1	0
OEKLIE_04511	contig_112	213370	214119	+	BEJGEH_03101	1	shell	0	2	0
OEKLIE_04512	contig_112	215361	216833	+	BEJGEH_03100	1	shell	0	2	0
OEKLIE_04513	contig_112	216836	217852	+	BEJGEH_03099	1	shell	0	2	0
OEKLIE_04514	contig_112	217866	218873	+	BEJGEH_03098	1	shell	0	2	0
OEKLIE_04515	contig_112	218912	219385	+	BEJGEH_03097	1	shell	0	2	1
OEKLIE_04516	contig_112	219665	220555	+	AJBGEP_03256	1	shell	1	1	0
OEKLIE_04517	contig_112	220760	221680	+	GEGEGB_03160	1	persistent	2	1	1
OEKLIE_04518	contig_112	221781	222539	-	GEGEGB_03159	1	persistent	2	0	0
OEKLIE_04519	contig_112	222815	224806	+	GEGEGB_03158	1	persistent	2	1	1
OEKLIE_04520	contig_112	224850	225506	-	LNHIMF_03124	1	persistent	2	1	1
OEKLIE_04521	contig_112	225500	226177	-	LNHIMF_03123	1	persistent	2	0	0
OEKLIE_04522	contig_112	226165	226872	-	LNHIMF_03122	1	persistent	2	0	0
OEKLIE_04523	contig_112	226873	227451	-	GEGEGB_03152	1	persistent	2	0	0
OEKLIE_04524	contig_112	227477	227902	-	GEGEGB_03151	1	persistent	2	0	0
OEKLIE_04525	contig_112	228276	229322	+	GEGEGB_03150	1	persistent	2	0	0
OEKLIE_04526	contig_112	229344	230507	+	GEGEGB_03149	1	persistent	2	0	0
OEKLIE_04527	contig_112	230609	231688	+	GEGEGB_03148	1	persistent	2	0	1
OEKLIE_04528	contig_112	231915	232775	+	GEGEGB_03144	1	persistent	2	1	0
OEKLIE_04529	contig_112	232975	233610	+	LNHIMF_03115	1	persistent	2	0	0
OEKLIE_04530	contig_112	233704	234450	+	GEGEGB_03142	1	persistent	2	0	0
OEKLIE_04531	contig_112	234716	235609	-	GEGEGB_03141	1	persistent	2	0	0
OEKLIE_04532	contig_112	235763	236422	+	GEGEGB_03140	1	persistent	2	0	0
OEKLIE_04533	contig_112	236688	237920	+	GEGEGB_03139	1	persistent	2	0	0
OEKLIE_04535	contig_112	238301	238777	-	BEJGEH_03077	1	persistent	2	0	0
OEKLIE_04537	contig_112	239143	239472	-	GEGEGB_03135	1	persistent	2	0	0
OEKLIE_04538	contig_112	239639	240217	+	LNHIMF_03106	1	persistent	2	0	0
OEKLIE_04539	contig_112	240243	241559	+	GEGEGB_03133	1	persistent	2	0	1
OEKLIE_04540	contig_112	241556	241825	+	OEKLIE_04540	1	cloud	2	0	0
OEKLIE_04541	contig_112	241857	242732	+	GEGEGB_03132	1	persistent	2	0	1
OEKLIE_04542	contig_113	149	862	+	OEKLIE_04542	1	cloud	1	0	0
OEKLIE_04543	contig_113	1127	1564	+	BEJGEH_04659	1	persistent	2	0	1
OEKLIE_04544	contig_113	1509	1955	+	LNHIMF_04625	1	persistent	2	0	0
OEKLIE_04545	contig_113	1974	2654	+	LNHIMF_04626	1	persistent	2	0	0
OEKLIE_04546	contig_113	2746	4335	+	GEGEGB_04861	1	persistent	2	0	0
OEKLIE_04547	contig_113	4737	5354	+	GEGEGB_04862	1	persistent	2	0	0
OEKLIE_04548	contig_113	5483	5644	+	GEGEGB_04863	1	persistent	2	0	0
OEKLIE_04549	contig_113	5747	6841	+	LNHIMF_04630	1	persistent	2	0	0
OEKLIE_04550	contig_113	6838	7611	+	LNHIMF_04631	1	persistent	1	2	0
OEKLIE_04551	contig_113	7644	8507	-	LNHIMF_04632	1	shell	2	0	0
OEKLIE_04552	contig_113	8479	10029	-	BEJGEH_04668	1	persistent	1	2	0
OEKLIE_04553	contig_113	10289	11068	+	GEGEGB_04868	1	persistent	2	0	0
OEKLIE_04554	contig_113	11192	12514	+	GEGEGB_04869	1	persistent	2	0	0
OEKLIE_04555	contig_113	12566	13789	+	GEGEGB_04870	1	persistent	2	0	0
OEKLIE_04556	contig_113	13999	14718	+	GEGEGB_04871	1	persistent	1	1	2
OEKLIE_04557	contig_113	14756	15328	-	BEJGEH_04673	1	shell	1	1	0
OEKLIE_04558	contig_113	15325	17733	-	BEJGEH_04674	1	shell	0	2	0
OEKLIE_04559	contig_113	17747	18454	-	BEJGEH_04675	1	shell	0	2	0
OEKLIE_04560	contig_113	18532	19221	-	BEJGEH_04676	1	shell	0	2	0
OEKLIE_04561	contig_113	19269	19958	-	AJBGEP_04792	1	shell	1	1	0
OEKLIE_04562	contig_113	20271	21287	-	BEJGEH_04678	1	persistent	1	1	2
OEKLIE_04563	contig_113	21321	21965	-	GEGEGB_04874	1	persistent	2	0	0
OEKLIE_04564	contig_113	22082	23050	+	GEGEGB_04875	1	persistent	2	0	0
OEKLIE_04565	contig_113	23134	24516	+	GEGEGB_04876	1	persistent	2	0	0
OEKLIE_04566	contig_113	24667	25899	+	GEGEGB_04877	1	persistent	2	0	0
OEKLIE_04567	contig_113	26017	27684	-	LNHIMF_04644	1	persistent	2	0	0
OEKLIE_04568	contig_113	27893	29830	+	GEGEGB_04879	1	persistent	2	0	0
OEKLIE_04569	contig_113	29888	30214	+	GEGEGB_04880	1	persistent	2	0	1
OEKLIE_04570	contig_113	30316	30831	-	BEJGEH_04686	1	persistent	2	0	0
OEKLIE_04571	contig_113	30880	31527	+	LNHIMF_04648	1	persistent	2	0	1
OEKLIE_04572	contig_113	31524	32393	-	LNHIMF_04649	1	persistent	2	0	0
OEKLIE_04573	contig_113	32493	32600	+	LNHIMF_04650	1	persistent	2	0	0
OEKLIE_04574	contig_113	32590	33078	+	GEGEGB_04885	1	persistent	2	0	0
OEKLIE_04575	contig_113	33091	33780	+	LNHIMF_04652	1	persistent	2	0	0
OEKLIE_04576	contig_113	33780	35204	+	BEJGEH_04692	1	persistent	2	0	0
OEKLIE_04577	contig_113	35262	36611	+	GEGEGB_04888	1	persistent	2	0	1
OEKLIE_04578	contig_113	36669	37754	-	BEJGEH_04694	1	persistent	2	0	0
OEKLIE_04579	contig_113	37795	38352	-	LNHIMF_04656	1	persistent	2	0	1
OEKLIE_04580	contig_113	38370	40907	-	LNHIMF_04657	1	persistent	2	0	0
OEKLIE_04581	contig_113	40953	41636	-	LNHIMF_04658	1	persistent	2	0	0
OEKLIE_04582	contig_113	41707	42252	-	LNHIMF_04659	1	persistent	2	0	0
OEKLIE_04583	contig_113	42591	43262	-	GEGEGB_04895	1	persistent	2	0	1
OEKLIE_04584	contig_113	43647	43961	-	BEJGEH_04700	1	persistent	2	0	0
OEKLIE_04585	contig_113	44228	44944	-	GEGEGB_04897	1	persistent	2	0	1
OEKLIE_04586	contig_113	45580	46266	+	LNHIMF_04663	1	persistent	2	0	0
OEKLIE_04587	contig_113	46459	46545	+	GEGEGB_00001	1	persistent	2	0	0
OEKLIE_04588	contig_113	46627	49089	+	GEGEGB_00002	1	persistent	2	0	0
OEKLIE_04589	contig_113	49091	50020	+	GEGEGB_00003	1	persistent	2	0	0
OEKLIE_04590	contig_113	50024	51310	+	GEGEGB_00004	1	persistent	2	0	0
OEKLIE_04591	contig_113	51404	52177	-	GEGEGB_00005	1	persistent	2	0	0
OEKLIE_04592	contig_113	52256	53686	-	GEGEGB_00006	1	persistent	2	0	0
OEKLIE_04593	contig_113	53955	54908	+	GEGEGB_00007	1	persistent	2	0	0
OEKLIE_04594	contig_113	55019	55609	+	GEGEGB_00008	1	persistent	2	0	0
OEKLIE_04595	contig_113	55666	56232	-	GEGEGB_00009	1	persistent	2	0	0
OEKLIE_04596	contig_113	56382	57095	-	GEGEGB_00010	1	persistent	2	0	0
OEKLIE_04597	contig_113	57131	57535	-	GEGEGB_00011	1	persistent	2	0	0
OEKLIE_04598	contig_113	57883	59799	+	GEGEGB_00012	1	persistent	2	0	0
OEKLIE_04600	contig_113	59885	61024	+	GEGEGB_00014	1	persistent	2	0	1
OEKLIE_04601	contig_113	61304	62251	+	GEGEGB_00015	1	persistent	2	0	1
OEKLIE_04602	contig_113	62378	62722	+	LNHIMF_00016	1	persistent	2	0	0
OEKLIE_04603	contig_113	62783	63316	-	LNHIMF_00017	1	persistent	2	0	0
OEKLIE_04604	contig_113	63333	63776	-	GEGEGB_00018	1	persistent	2	0	0
OEKLIE_04605	contig_113	64157	66256	+	BEJGEH_00020	1	persistent	2	0	0
OEKLIE_04606	contig_113	66348	69344	+	LNHIMF_00020	1	persistent	2	0	0
OEKLIE_04607	contig_113	69625	70329	+	BEJGEH_00022	1	persistent	2	0	0
OEKLIE_04608	contig_113	70759	71301	+	LNHIMF_00022	1	persistent	2	0	0
OEKLIE_04609	contig_113	71402	72088	+	LNHIMF_00023	1	persistent	2	0	0
OEKLIE_04610	contig_113	72093	74714	+	LNHIMF_00024	1	persistent	2	0	0
OEKLIE_04611	contig_113	74715	75722	+	LNHIMF_00025	1	persistent	2	0	0
OEKLIE_04612	contig_113	75723	76268	+	LNHIMF_00026	1	persistent	2	0	0
OEKLIE_04613	contig_113	76284	76802	+	GEGEGB_00030	1	persistent	2	0	0
OEKLIE_04614	contig_113	76768	77499	+	LNHIMF_00028	1	persistent	2	0	0
OEKLIE_04615	contig_113	77564	78409	+	LNHIMF_00029	1	persistent	2	0	1
OEKLIE_04616	contig_113	78448	78735	+	LNHIMF_00030	1	persistent	2	1	0
OEKLIE_04617	contig_113	78835	79284	-	GEGEGB_00034	1	persistent	1	1	1
OEKLIE_04618	contig_113	79654	80658	+	AJBGEP_00032	1	shell	2	1	0
OEKLIE_04619	contig_113	80666	81106	-	HFCAGB_00034	1	shell	0	2	0
OEKLIE_04620	contig_113	81629	83347	+	BEJGEH_00035	1	shell	0	2	0
OEKLIE_04621	contig_113	83393	84955	-	GEGEGB_00038	1	shell	0	2	0
OEKLIE_04622	contig_113	85063	85824	-	GEGEGB_00039	1	shell	1	1	0
OEKLIE_04623	contig_113	86421	87914	+	LNHIMF_00037	1	persistent	0	2	2
OEKLIE_04624	contig_113	88013	89203	+	LNHIMF_00038	1	shell	1	1	0
OEKLIE_04625	contig_113	89228	90475	+	IKCLMC_03170	1	shell	1	1	0
OEKLIE_04626	contig_113	90602	92317	+	LNHIMF_00040	1	persistent	1	1	1
OEKLIE_04627	contig_113	92480	93646	+	LNHIMF_00041	1	persistent	2	0	1
OEKLIE_04628	contig_113	93714	94607	+	GEGEGB_00045	1	persistent	2	0	0
OEKLIE_04629	contig_113	94662	96701	-	LNHIMF_00043	1	persistent	2	0	0
OEKLIE_04630	contig_113	96741	98114	-	LNHIMF_00044	1	persistent	2	0	1
OEKLIE_04631	contig_113	98609	98818	+	LNHIMF_00045	1	persistent	2	0	0
OEKLIE_04632	contig_113	99162	100100	+	GEGEGB_00049	1	persistent	2	0	1
OEKLIE_04633	contig_113	100145	102979	+	LNHIMF_00047	1	persistent	2	0	0
OEKLIE_04634	contig_113	102979	103479	+	LNHIMF_00048	1	persistent	2	0	0
OEKLIE_04635	contig_113	103634	104083	+	GEGEGB_00052	1	persistent	2	0	0
OEKLIE_04636	contig_113	104086	105036	+	GEGEGB_00053	1	persistent	2	0	0
OEKLIE_04638	contig_113	105236	106438	+	AJBGEP_00052	1	persistent	2	0	0
OEKLIE_04639	contig_113	106454	107374	+	GEGEGB_00056	1	persistent	2	0	0
OEKLIE_04640	contig_113	107396	108082	-	GEGEGB_00057	1	persistent	2	0	0
OEKLIE_04641	contig_113	108084	109742	-	BEJGEH_00056	1	persistent	2	0	0
OEKLIE_04642	contig_113	109838	111139	-	LNHIMF_00056	3	persistent	4	0	0
OEKLIE_04643	contig_113	111152	111529	-	GEGEGB_00060	5	persistent	2	0	1
OEKLIE_04644	contig_113	111561	112925	-	GEGEGB_00060	5	persistent	2	0	1
OEKLIE_04645	contig_113	112942	113181	-	AJBGEP_03535	3	persistent	3	1	0
OEKLIE_04646	contig_113	113340	114680	-	GEGEGB_00062	1	persistent	2	0	0
OEKLIE_04647	contig_113	115000	115968	+	GEGEGB_00063	1	persistent	2	0	0
OEKLIE_04648	contig_113	115998	116291	+	GEGEGB_00064	1	persistent	2	0	0
OEKLIE_04649	contig_113	116288	117157	+	LNHIMF_00062	1	persistent	2	0	0
OEKLIE_04650	contig_113	117168	118688	+	LNHIMF_00063	1	persistent	2	0	0
OEKLIE_04651	contig_113	118688	119239	+	GEGEGB_00067	1	persistent	2	0	0
OEKLIE_04652	contig_113	119217	120125	+	LNHIMF_00065	1	persistent	2	0	0
OEKLIE_04653	contig_113	120305	121126	+	GEGEGB_00069	1	persistent	2	1	1
OEKLIE_04654	contig_113	121252	121527	-	AJBGEP_00067	1	shell	2	0	0
OEKLIE_04655	contig_113	122170	123318	+	LNHIMF_00068	1	persistent	2	1	1
OEKLIE_04656	contig_113	123337	126564	+	LNHIMF_00069	1	persistent	2	1	0
OEKLIE_04657	contig_113	126838	127233	+	GEGEGB_00072	1	persistent	2	1	0
OEKLIE_04658	contig_113	127310	127906	-	GEGEGB_00073	1	persistent	2	0	0
OEKLIE_04659	contig_113	128015	128800	-	LNHIMF_00072	1	persistent	2	0	0
OEKLIE_04660	contig_113	128854	130407	-	LNHIMF_00073	1	persistent	2	0	0
OEKLIE_04661	contig_113	130470	131687	-	GEGEGB_00076	1	persistent	2	0	0
OEKLIE_04662	contig_113	131799	132941	-	GEGEGB_00077	1	persistent	2	0	0
OEKLIE_04663	contig_113	132976	134493	-	LNHIMF_00076	1	persistent	2	0	0
OEKLIE_04664	contig_113	134974	135744	+	GEGEGB_00079	1	persistent	2	0	0
OEKLIE_04665	contig_113	135760	136701	+	GEGEGB_00080	1	persistent	2	0	0
OEKLIE_04666	contig_113	136751	137413	+	GEGEGB_00081	2	persistent	2	0	0
OEKLIE_04667	contig_113	137413	138039	+	GEGEGB_00081	2	persistent	2	0	0
OEKLIE_04668	contig_113	138036	138323	+	GEGEGB_00082	1	persistent	2	0	0
OEKLIE_04670	contig_113	138470	139810	+	GEGEGB_00084	1	persistent	2	0	0
OEKLIE_04671	contig_113	139899	140129	+	GEGEGB_00085	1	persistent	3	0	0
OEKLIE_04672	contig_113	140423	140839	+	GEGEGB_00086	1	persistent	2	0	0
OEKLIE_04674	contig_113	141063	141353	-	GEGEGB_00088	1	persistent	2	0	0
OEKLIE_04675	contig_113	142251	144140	+	BEJGEH_00088	1	persistent	2	0	0
OEKLIE_04676	contig_113	144547	145077	+	LNHIMF_00088	1	persistent	3	0	0
OEKLIE_04677	contig_113	145070	146932	+	GEGEGB_00093	1	persistent	2	0	0
OEKLIE_04678	contig_113	147130	147609	+	GEGEGB_00094	1	persistent	2	0	0
OEKLIE_04679	contig_113	147715	148563	-	GEGEGB_00095	1	persistent	2	0	0
OEKLIE_04680	contig_113	148574	148951	-	LNHIMF_00092	1	persistent	2	0	0
OEKLIE_04681	contig_113	148954	149775	-	GEGEGB_00097	1	persistent	2	0	0
OEKLIE_04682	contig_113	149772	150761	-	GEGEGB_00098	1	persistent	2	0	0
OEKLIE_04683	contig_113	150761	152047	-	GEGEGB_00099	1	persistent	2	0	0
OEKLIE_04684	contig_113	152101	154461	-	GEGEGB_00100	1	persistent	2	0	0
OEKLIE_04685	contig_113	154715	155527	+	GEGEGB_00101	1	persistent	2	0	0
OEKLIE_04686	contig_113	155621	156280	-	LNHIMF_00098	1	persistent	2	0	0
OEKLIE_04687	contig_113	156292	159198	-	GEGEGB_00103	1	persistent	2	0	0
OEKLIE_04688	contig_113	159372	161723	-	LNHIMF_00100	1	persistent	2	0	2
OEKLIE_04689	contig_113	161767	162387	-	HFCAGB_00098	1	persistent	2	0	1
OEKLIE_04690	contig_113	163106	163525	+	GEGEGB_00109	1	persistent	2	0	1
OEKLIE_04691	contig_113	163531	164226	-	BEJGEH_00107	1	persistent	2	0	1
OEKLIE_04692	contig_113	164367	165869	-	LNHIMF_00104	1	persistent	2	0	0
OEKLIE_04693	contig_113	165880	167589	-	GEGEGB_00112	1	persistent	2	0	0
OEKLIE_04694	contig_113	167930	168775	+	LNHIMF_00106	1	persistent	2	0	0
OEKLIE_04695	contig_113	168894	169661	+	GEGEGB_00114	1	persistent	2	0	0
OEKLIE_04696	contig_113	169700	170407	-	GEGEGB_00115	1	persistent	2	0	0
OEKLIE_04697	contig_113	170391	172001	-	LNHIMF_00109	1	persistent	2	0	0
OEKLIE_04698	contig_113	171977	172960	-	GEGEGB_00117	1	persistent	2	0	0
OEKLIE_04699	contig_113	173138	174796	-	GEGEGB_00118	1	persistent	2	0	0
OEKLIE_04701	contig_113	174889	175011	+	GEGEGB_00120	1	persistent	2	0	1
OEKLIE_04702	contig_113	175347	175952	-	LNHIMF_00114	1	persistent	2	0	1
OEKLIE_04703	contig_113	175963	177363	-	GEGEGB_00122	1	persistent	2	0	0
OEKLIE_04704	contig_113	177366	178457	-	LNHIMF_00116	1	persistent	2	0	0
OEKLIE_04705	contig_113	178457	180028	-	LNHIMF_00117	1	persistent	2	0	0
OEKLIE_04706	contig_113	180116	180202	-	LNHIMF_00118	1	persistent	2	0	0
OEKLIE_04707	contig_113	180859	181803	+	LNHIMF_00119	1	persistent	2	0	0
OEKLIE_04708	contig_113	182125	183849	+	BEJGEH_00124	1	persistent	2	0	0
OEKLIE_04709	contig_113	183849	184343	+	LNHIMF_00121	1	persistent	2	0	0
OEKLIE_04710	contig_113	184627	185631	+	GEGEGB_00129	1	persistent	2	0	0
OEKLIE_04711	contig_113	186237	186695	+	LNHIMF_00123	1	persistent	2	0	0
OEKLIE_04712	contig_113	186697	187638	+	LNHIMF_00124	1	persistent	2	0	0
OEKLIE_04713	contig_113	187635	188000	+	GEGEGB_00132	1	persistent	2	0	0
OEKLIE_04714	contig_113	188016	189782	+	GEGEGB_00133	1	persistent	2	0	0
OEKLIE_04715	contig_113	189769	191256	+	GEGEGB_00134	1	persistent	2	0	0
OEKLIE_04716	contig_113	191253	192611	+	LNHIMF_00128	1	persistent	2	0	0
OEKLIE_04717	contig_113	192605	193687	+	GEGEGB_00136	1	persistent	2	0	0
OEKLIE_04718	contig_113	193690	195006	+	LNHIMF_00130	1	persistent	2	0	0
OEKLIE_04719	contig_113	195006	196250	+	GEGEGB_00138	1	persistent	2	0	0
OEKLIE_04720	contig_113	196247	197314	+	LNHIMF_00132	1	persistent	2	0	0
OEKLIE_04721	contig_113	197433	198908	+	GEGEGB_00140	1	persistent	2	0	0
OEKLIE_04722	contig_113	198901	199821	+	HFCAGB_00133	1	persistent	2	0	0
OEKLIE_04723	contig_113	199823	200653	+	GEGEGB_00142	1	persistent	2	0	0
OEKLIE_04724	contig_113	200650	201912	+	GEGEGB_00143	1	persistent	2	0	0
OEKLIE_04726	contig_113	201973	203124	+	LNHIMF_00138	1	persistent	2	0	0
OEKLIE_04727	contig_113	203225	204142	+	LNHIMF_00139	1	persistent	2	0	0
OEKLIE_04728	contig_113	204421	204918	+	GEGEGB_00147	1	persistent	2	0	0
OEKLIE_04729	contig_113	204980	207685	+	LNHIMF_00141	1	persistent	2	0	0
OEKLIE_04731	contig_113	207837	208232	+	GEGEGB_00150	1	persistent	2	0	2
OEKLIE_04732	contig_113	208554	208745	-	GEGEGB_00153	1	persistent	2	0	1
OEKLIE_04733	contig_113	208755	209498	-	GEGEGB_00154	1	persistent	2	0	0
OEKLIE_04734	contig_113	209498	210118	-	GEGEGB_00155	1	persistent	2	0	0
OEKLIE_04735	contig_113	210344	211387	+	GEGEGB_00156	1	persistent	2	0	0
OEKLIE_04736	contig_113	211418	212620	-	LNHIMF_00148	1	persistent	2	0	0
OEKLIE_04737	contig_113	212610	213995	-	LNHIMF_00149	1	persistent	2	0	0
OEKLIE_04738	contig_113	214005	214442	-	GEGEGB_00159	1	persistent	2	0	0
OEKLIE_04739	contig_113	214664	215557	-	LNHIMF_00151	1	persistent	2	0	0
OEKLIE_04740	contig_113	215645	216208	+	GEGEGB_00161	1	persistent	2	0	0
OEKLIE_04741	contig_113	216205	217059	+	LNHIMF_00153	1	persistent	2	0	0
OEKLIE_04742	contig_113	217151	218101	-	LNHIMF_00154	1	persistent	2	0	0
OEKLIE_04743	contig_113	218101	219507	-	BEJGEH_00161	1	persistent	2	0	0
OEKLIE_04744	contig_113	219671	221041	-	GEGEGB_00165	1	persistent	2	0	0
OEKLIE_04745	contig_113	221607	222371	+	GEGEGB_00166	1	persistent	2	0	0
OEKLIE_04747	contig_113	222531	225194	+	GEGEGB_00168	1	persistent	2	0	0
OEKLIE_04748	contig_113	225209	227098	+	BEJGEH_00166	1	persistent	2	0	0
OEKLIE_04749	contig_113	227298	228722	+	GEGEGB_00170	1	persistent	2	0	0
OEKLIE_04751	contig_113	229011	229295	+	GEGEGB_00172	1	persistent	2	0	0
OEKLIE_04752	contig_113	229333	230124	-	GEGEGB_00173	1	persistent	2	0	0
OEKLIE_04753	contig_113	230137	230910	-	GEGEGB_00174	2	persistent	2	0	0
OEKLIE_04754	contig_113	230894	231751	-	GEGEGB_00174	2	persistent	2	0	0
OEKLIE_04755	contig_113	232140	234737	+	GEGEGB_00175	1	persistent	2	1	2
OEKLIE_04756	contig_113	234798	235640	-	AJBGEP_00170	1	cloud	2	0	0
OEKLIE_04757	contig_113	235886	236248	+	BEJGEH_00180	1	persistent	2	1	1
OEKLIE_04758	contig_113	236483	237436	+	GEGEGB_00177	1	persistent	2	0	0
OEKLIE_04759	contig_113	237433	238704	+	LNHIMF_00169	1	persistent	2	0	0
OEKLIE_04760	contig_113	238694	239677	+	LNHIMF_00170	1	persistent	2	0	0
OEKLIE_04761	contig_113	239687	240454	+	GEGEGB_00180	1	persistent	2	0	0
OEKLIE_04762	contig_113	240484	241278	-	GEGEGB_00181	1	persistent	2	0	0
OEKLIE_04763	contig_113	241299	242159	-	BEJGEH_00186	1	persistent	2	0	0
OEKLIE_04764	contig_113	242266	242652	-	GEGEGB_00183	1	persistent	2	0	0
OEKLIE_04765	contig_113	242815	244425	+	GEGEGB_00184	1	persistent	2	0	0
OEKLIE_04766	contig_113	244503	246893	-	GEGEGB_00185	1	persistent	2	0	0
OEKLIE_04767	contig_113	247099	247635	+	LNHIMF_00177	1	persistent	2	0	0
OEKLIE_04768	contig_113	247693	248355	-	LNHIMF_00178	1	persistent	2	0	0
OEKLIE_04769	contig_113	248464	249390	+	LNHIMF_00179	1	persistent	2	0	0
OEKLIE_04770	contig_113	249387	250157	+	GEGEGB_00189	1	persistent	3	0	0
OEKLIE_04771	contig_113	250274	251353	-	BEJGEH_00194	1	persistent	2	0	0
OEKLIE_04772	contig_113	251362	253920	-	LNHIMF_00182	1	persistent	2	0	0
OEKLIE_04773	contig_113	253935	254618	-	BEJGEH_00196	1	persistent	2	0	0
OEKLIE_04774	contig_113	254666	255205	-	PAPNPA_03682	1	persistent	2	0	0
OEKLIE_04775	contig_113	255575	256015	+	LNHIMF_00185	1	persistent	3	0	0
OEKLIE_04776	contig_113	256077	257306	+	BEJGEH_00199	1	persistent	2	0	1
OEKLIE_04777	contig_113	257313	257693	-	GEGEGB_00192	1	persistent	2	0	1
OEKLIE_04778	contig_113	257788	258642	-	LNHIMF_00188	1	persistent	2	0	0
OEKLIE_04779	contig_113	258768	259559	-	LNHIMF_00189	1	persistent	2	0	2
OEKLIE_04780	contig_113	259680	260159	-	GEGEGB_00202	1	persistent	2	0	2
OEKLIE_04781	contig_113	260156	261574	-	LNHIMF_00198	1	persistent	2	0	0
OEKLIE_04782	contig_113	261715	262656	-	GEGEGB_00204	1	persistent	2	0	0
OEKLIE_04783	contig_113	262680	263135	-	GEGEGB_00205	1	persistent	2	0	0
OEKLIE_04784	contig_113	263312	264016	-	LNHIMF_00201	1	persistent	2	0	0
OEKLIE_04785	contig_113	264033	264563	-	GEGEGB_00207	1	persistent	2	0	0
OEKLIE_04786	contig_113	264591	267065	+	LNHIMF_00203	1	persistent	2	0	0
OEKLIE_04787	contig_113	267206	269728	+	LNHIMF_00204	1	persistent	2	0	1
OEKLIE_04788	contig_113	270021	272210	+	LNHIMF_00205	1	persistent	2	0	0
OEKLIE_04789	contig_113	272259	273056	+	GEGEGB_00212	1	persistent	2	0	1
OEKLIE_04790	contig_113	273056	273946	+	LNHIMF_00207	1	persistent	2	0	0
OEKLIE_04791	contig_113	273943	276000	+	LNHIMF_00208	1	persistent	2	2	1
OEKLIE_04792	contig_113	276037	276243	+	HFCAGB_00205	1	shell	1	1	0
OEKLIE_04793	contig_113	276939	277499	+	BEJGEH_00216	1	shell	1	2	1
OEKLIE_04794	contig_113	277585	280242	+	HFCAGB_00207	1	shell	0	2	0
OEKLIE_04795	contig_113	280260	281012	+	BEJGEH_00218	1	shell	0	2	0
OEKLIE_04796	contig_113	281031	281543	+	BEJGEH_00219	1	shell	0	2	0
OEKLIE_04797	contig_113	281540	282016	+	BEJGEH_00220	1	shell	0	2	0
OEKLIE_04798	contig_113	282016	282546	+	HFCAGB_00211	1	shell	0	2	1
OEKLIE_04799	contig_113	282546	283385	+	HFCAGB_00212	1	shell	1	1	0
OEKLIE_04800	contig_113	283493	284773	-	GEGEGB_00215	1	persistent	2	1	1
OEKLIE_04801	contig_113	284943	286364	+	LNHIMF_00210	1	persistent	2	0	0
OEKLIE_04802	contig_113	286446	286790	+	GEGEGB_00217	1	persistent	2	0	1
OEKLIE_04803	contig_113	286891	287514	-	GEGEGB_00218	1	persistent	2	0	1
OEKLIE_04804	contig_113	287551	288351	-	LNHIMF_00213	1	persistent	2	0	0
OEKLIE_04805	contig_113	288344	289042	-	GEGEGB_00220	1	persistent	2	0	0
OEKLIE_04806	contig_113	289127	290644	+	GEGEGB_00221	1	persistent	2	0	0
OEKLIE_04807	contig_113	290774	292201	+	LNHIMF_00216	1	persistent	2	0	0
OEKLIE_04808	contig_113	292354	293511	+	GEGEGB_00223	1	persistent	2	0	1
OEKLIE_04809	contig_113	293600	293986	-	GEGEGB_00224	1	persistent	2	0	2
OEKLIE_04810	contig_113	294233	295534	+	BEJGEH_00234	1	persistent	2	0	1
OEKLIE_04811	contig_113	295571	296395	-	LNHIMF_00221	1	persistent	2	0	0
OEKLIE_04812	contig_113	296425	299097	-	GEGEGB_00228	1	persistent	2	0	0
OEKLIE_04813	contig_113	299334	300128	-	GEGEGB_00229	1	persistent	2	0	1
OEKLIE_04815	contig_113	300579	301304	+	GEGEGB_00231	1	persistent	2	0	0
OEKLIE_04817	contig_113	301490	302413	+	GEGEGB_00233	1	persistent	2	0	0
OEKLIE_04818	contig_113	302558	303283	+	GEGEGB_00234	1	persistent	2	0	0
OEKLIE_04819	contig_113	303430	303987	+	GEGEGB_00235	1	persistent	2	0	0
OEKLIE_04820	contig_113	304128	305324	+	LNHIMF_00230	1	persistent	2	0	0
OEKLIE_04821	contig_113	305706	306395	+	BEJGEH_00245	1	persistent	2	0	0
OEKLIE_04822	contig_113	306408	307265	+	GEGEGB_00238	1	persistent	2	0	0
OEKLIE_04823	contig_113	307277	308629	+	GEGEGB_00239	1	persistent	2	0	0
OEKLIE_04824	contig_113	308661	311075	+	GEGEGB_00240	1	persistent	2	0	0
OEKLIE_04825	contig_113	311198	311683	+	GEGEGB_00241	1	persistent	2	0	0
OEKLIE_04826	contig_113	311687	312712	+	GEGEGB_00242	1	persistent	2	0	0
OEKLIE_04827	contig_113	312818	313273	+	GEGEGB_00243	1	persistent	2	0	0
OEKLIE_04828	contig_113	313277	314065	+	LNHIMF_00238	1	persistent	2	0	0
OEKLIE_04829	contig_113	314065	315213	+	GEGEGB_00245	1	persistent	2	0	0
OEKLIE_04830	contig_113	315210	315806	+	GEGEGB_00246	1	persistent	2	0	0
OEKLIE_04831	contig_113	315830	319312	+	GEGEGB_00247	1	persistent	2	0	0
OEKLIE_04832	contig_113	319325	320284	+	GEGEGB_00248	1	persistent	2	1	0
OEKLIE_04833	contig_113	320464	322227	+	BEJGEH_00257	1	persistent	2	1	0
OEKLIE_04834	contig_113	322303	324444	+	LNHIMF_00245	1	persistent	2	0	0
OEKLIE_04835	contig_113	324500	324889	+	GEGEGB_00254	1	persistent	2	0	0
OEKLIE_04836	contig_113	324952	326244	+	GEGEGB_00255	1	persistent	2	0	0
OEKLIE_04837	contig_113	326328	326588	-	GEGEGB_00256	1	persistent	2	0	0
OEKLIE_04838	contig_113	326575	326775	-	GEGEGB_00257	1	persistent	2	0	0
OEKLIE_04839	contig_113	326973	327518	+	GEGEGB_00258	1	persistent	2	0	0
OEKLIE_04840	contig_113	327515	327937	+	GEGEGB_00259	1	persistent	2	0	0
OEKLIE_04841	contig_113	327969	328670	+	GEGEGB_00260	1	persistent	2	2	0
OEKLIE_04842	contig_113	328744	330462	-	GEGEGB_00264	1	persistent	2	1	1
OEKLIE_04843	contig_113	330573	331280	-	LNHIMF_00254	1	persistent	2	0	0
OEKLIE_04844	contig_113	331277	331681	-	GEGEGB_00266	1	persistent	2	0	0
OEKLIE_04845	contig_113	331800	332615	-	LNHIMF_00256	1	persistent	2	0	0
OEKLIE_04846	contig_113	332654	333307	-	LNHIMF_00257	1	persistent	2	0	0
OEKLIE_04847	contig_113	333300	334331	-	LNHIMF_00258	1	persistent	2	0	0
OEKLIE_04848	contig_113	334521	335087	+	GEGEGB_00270	1	persistent	3	0	0
