gene	contig	start	stop	strand	family	nb_copy_in_genome	partition	persistent_neighbors	shell_neighbors	cloud_neighbors
BENMGJ_00002	contig_4	265	1023	-	GEGEGB_03159	2	persistent	2	0	0
BENMGJ_00003	contig_5	58	300	+	BENMGJ_00003	1	cloud	1	0	0
BENMGJ_00004	contig_5	306	1169	-	LNHIMF_03917	1	persistent	2	0	2
BENMGJ_00005	contig_6	899	1534	-	BENMGJ_00005	1	cloud	0	0	0
BENMGJ_00006	contig_7	159	635	+	LNHIMF_03496	1	persistent	2	0	0
BENMGJ_00007	contig_7	632	1099	-	GEGEGB_04296	1	persistent	1	1	0
BENMGJ_00008	contig_7	1479	1790	+	GEGEGB_04297	1	shell	1	1	0
BENMGJ_00009	contig_8	190	1218	+	BENMGJ_00009	1	cloud	1	0	0
BENMGJ_00010	contig_8	1084	1617	-	GEGEGB_03856	1	persistent	2	0	1
BENMGJ_00011	contig_8	1632	2015	-	GEGEGB_03855	1	persistent	2	0	0
BENMGJ_00012	contig_9	153	536	+	GEGEGB_03669	1	shell	1	1	0
BENMGJ_00013	contig_9	538	1083	+	GEGEGB_03668	1	persistent	1	1	0
BENMGJ_00014	contig_9	1241	1669	+	GEGEGB_03667	1	persistent	2	0	0
BENMGJ_00015	contig_9	1673	2377	+	GEGEGB_03666	1	persistent	2	0	0
BENMGJ_00016	contig_10	218	1246	+	LNHIMF_04186	1	persistent	2	0	0
BENMGJ_00017	contig_10	1243	2205	+	GEGEGB_03676	1	persistent	2	0	0
BENMGJ_00018	contig_10	2240	3166	-	GEGEGB_03675	1	persistent	1	1	0
BENMGJ_00020	contig_11	183	4211	-	GEGEGB_03662	1	persistent	2	0	0
BENMGJ_00021	contig_12	180	914	-	GEGEGB_01826	1	persistent	2	0	0
BENMGJ_00022	contig_12	927	1856	-	GEGEGB_01827	1	persistent	2	0	0
BENMGJ_00023	contig_12	1872	2825	-	LNHIMF_01229	1	persistent	2	0	0
BENMGJ_00024	contig_12	2905	3954	-	GEGEGB_01829	1	persistent	2	0	0
BENMGJ_00025	contig_12	4118	4291	-	GEGEGB_01830	1	persistent	2	0	0
BENMGJ_00026	contig_12	4343	4864	-	GEGEGB_01831	1	persistent	2	0	0
BENMGJ_00027	contig_13	62	592	+	GEGEGB_03907	3	persistent	3	0	0
BENMGJ_00028	contig_13	592	1248	+	GEGEGB_00658	3	persistent	2	0	0
BENMGJ_00029	contig_13	1291	2037	+	GEGEGB_00659	3	persistent	2	0	0
BENMGJ_00030	contig_13	2073	2246	+	AJBGEP_02420	3	persistent	2	0	0
BENMGJ_00031	contig_13	2243	2722	+	HFCAGB_02510	3	persistent	2	0	0
BENMGJ_00032	contig_13	2719	4650	+	GEGEGB_00662	3	persistent	2	0	0
BENMGJ_00033	contig_13	4647	5204	+	GEGEGB_00663	3	persistent	2	0	1
BENMGJ_00034	contig_14	757	1083	+	LNHIMF_02081	1	persistent	2	0	1
BENMGJ_00035	contig_14	1279	2733	+	GEGEGB_00920	1	persistent	2	3	1
BENMGJ_00036	contig_14	3254	3427	-	BEJGEH_02009	1	shell	1	2	0
BENMGJ_00037	contig_14	3637	5367	-	HFCAGB_02267	1	shell	0	2	0
BENMGJ_00038	contig_14	5424	7592	-	HFCAGB_02266	1	shell	0	2	2
BENMGJ_00039	contig_14	7802	7957	-	BENMGJ_00039	1	cloud	0	2	0
BENMGJ_00040	contig_14	8104	8631	-	AJBGEP_02166	1	shell	0	2	2
BENMGJ_00042	contig_15	10	789	-	LNHIMF_02874	1	persistent	2	0	0
BENMGJ_00043	contig_15	801	1163	-	LNHIMF_02873	1	persistent	2	0	0
BENMGJ_00044	contig_15	1175	2146	-	LNHIMF_02872	1	persistent	2	0	0
BENMGJ_00045	contig_15	2143	2706	-	GEGEGB_02880	1	persistent	2	0	0
BENMGJ_00046	contig_15	2960	4039	+	GEGEGB_02879	1	persistent	2	0	0
BENMGJ_00047	contig_15	4076	4321	-	LNHIMF_02869	1	persistent	2	0	0
BENMGJ_00048	contig_15	4517	5014	+	LNHIMF_02868	1	persistent	2	0	0
BENMGJ_00049	contig_15	5099	6160	+	GEGEGB_02876	1	persistent	2	0	0
BENMGJ_00050	contig_15	6238	6777	+	LNHIMF_02866	1	persistent	2	0	1
BENMGJ_00051	contig_15	7013	9643	+	GEGEGB_02874	1	persistent	2	0	0
BENMGJ_00052	contig_15	9878	10063	+	GEGEGB_02873	1	persistent	2	0	0
BENMGJ_00053	contig_16	31	504	+	GEGEGB_03859	1	persistent	2	0	0
BENMGJ_00054	contig_16	525	944	+	GEGEGB_03860	1	persistent	2	0	0
BENMGJ_00055	contig_16	1174	1872	+	LNHIMF_03914	1	persistent	2	0	0
BENMGJ_00057	contig_16	2192	3562	+	GEGEGB_03863	1	persistent	2	0	0
BENMGJ_00058	contig_16	3751	5580	+	LNHIMF_03911	1	persistent	2	0	1
BENMGJ_00059	contig_16	5731	7521	-	GEGEGB_03870	1	persistent	2	0	1
BENMGJ_00060	contig_16	7583	8401	+	GEGEGB_03871	1	persistent	2	0	0
BENMGJ_00061	contig_16	8450	9823	+	LNHIMF_03908	1	persistent	2	0	1
BENMGJ_00062	contig_16	9820	9921	-	BEJGEH_03909	1	cloud	2	0	0
BENMGJ_00063	contig_16	9990	11030	+	LNHIMF_03907	1	persistent	2	0	1
BENMGJ_00064	contig_17	466	1020	+	GEGEGB_04339	1	persistent	3	0	0
BENMGJ_00065	contig_17	996	1253	-	LNHIMF_03453	1	persistent	2	0	0
BENMGJ_00066	contig_17	1250	2071	-	LNHIMF_03454	1	persistent	2	0	0
BENMGJ_00067	contig_17	2073	2645	-	LNHIMF_03455	1	persistent	2	0	0
BENMGJ_00068	contig_17	2650	3192	-	LNHIMF_03456	1	persistent	2	0	0
BENMGJ_00069	contig_17	3219	3692	-	GEGEGB_04334	1	persistent	2	0	0
BENMGJ_00070	contig_17	3664	4788	-	LNHIMF_03458	1	persistent	2	0	0
BENMGJ_00071	contig_17	4920	5429	+	GEGEGB_04332	1	persistent	2	0	0
BENMGJ_00072	contig_17	5445	6392	+	GEGEGB_04331	1	persistent	2	0	0
BENMGJ_00073	contig_17	6444	7733	+	LNHIMF_03461	1	persistent	2	0	0
BENMGJ_00074	contig_17	7755	9131	+	GEGEGB_04329	1	persistent	2	0	0
BENMGJ_00075	contig_17	9273	9686	+	GEGEGB_04328	1	persistent	2	0	0
BENMGJ_00076	contig_17	9622	9891	-	GEGEGB_04327	1	persistent	2	0	0
BENMGJ_00077	contig_17	9949	10374	-	LNHIMF_03465	1	persistent	2	0	0
BENMGJ_00078	contig_17	10385	10753	-	LNHIMF_03466	1	persistent	2	0	0
BENMGJ_00079	contig_17	10861	11244	-	GEGEGB_04324	1	persistent	2	0	0
BENMGJ_00080	contig_18	845	1066	-	GEGEGB_03485	1	persistent	3	0	0
BENMGJ_00081	contig_18	1303	4416	-	LNHIMF_03443	2	persistent	4	0	0
BENMGJ_00082	contig_18	4428	5585	-	BEJGEH_03419	1	persistent	3	0	0
BENMGJ_00083	contig_18	5997	6659	+	LNHIMF_03441	1	persistent	2	0	0
BENMGJ_00084	contig_18	6662	8761	-	LNHIMF_03440	1	persistent	3	0	0
BENMGJ_00085	contig_18	8912	9076	-	GEGEGB_03480	1	persistent	2	0	0
BENMGJ_00086	contig_18	9159	10043	-	GEGEGB_03479	1	persistent	2	0	0
BENMGJ_00087	contig_18	10129	10425	-	GEGEGB_03478	1	persistent	2	0	0
BENMGJ_00088	contig_18	10451	11416	-	GEGEGB_03477	1	persistent	2	0	1
BENMGJ_00089	contig_18	12078	12959	-	GEGEGB_03476	1	persistent	2	0	1
BENMGJ_00090	contig_18	12971	14422	-	LNHIMF_03434	1	persistent	2	0	0
BENMGJ_00091	contig_18	14412	14654	-	LNHIMF_03433	1	persistent	2	0	0
BENMGJ_00092	contig_18	14763	16112	-	GEGEGB_03473	1	persistent	2	0	0
BENMGJ_00093	contig_18	16123	16593	-	GEGEGB_03472	1	persistent	2	0	0
BENMGJ_00094	contig_18	16986	17585	-	GEGEGB_03471	1	persistent	2	0	0
BENMGJ_00095	contig_18	17586	18590	-	GEGEGB_03470	1	persistent	2	0	0
BENMGJ_00096	contig_18	18713	19687	-	GEGEGB_03469	1	persistent	2	0	0
BENMGJ_00097	contig_19	503	781	+	BENMGJ_00097	1	cloud	1	0	0
BENMGJ_00098	contig_19	796	1176	-	LNHIMF_03923	1	persistent	2	0	1
BENMGJ_00099	contig_19	1792	2415	-	GEGEGB_03851	1	persistent	2	0	0
BENMGJ_00100	contig_19	2518	4407	-	LNHIMF_03925	1	persistent	2	0	0
BENMGJ_00101	contig_19	4786	5229	-	GEGEGB_03849	1	persistent	2	0	0
BENMGJ_00102	contig_19	5319	5777	-	GEGEGB_03848	1	persistent	2	0	0
BENMGJ_00103	contig_19	5928	6920	+	LNHIMF_03928	1	persistent	2	0	0
BENMGJ_00104	contig_19	6925	8376	-	LNHIMF_03929	1	persistent	2	0	0
BENMGJ_00105	contig_19	8370	9866	-	LNHIMF_03930	1	persistent	2	0	0
BENMGJ_00106	contig_19	10214	12082	+	LNHIMF_03931	1	persistent	2	0	0
BENMGJ_00107	contig_19	12279	12698	+	LNHIMF_03932	1	persistent	2	0	0
BENMGJ_00108	contig_19	12706	14211	+	HFCAGB_04133	1	persistent	2	0	0
BENMGJ_00109	contig_19	14217	15182	+	GEGEGB_03841	1	persistent	2	0	0
BENMGJ_00110	contig_19	15207	16097	+	GEGEGB_03840	1	persistent	2	0	0
BENMGJ_00111	contig_19	16231	17160	+	LNHIMF_03936	1	persistent	2	0	0
BENMGJ_00112	contig_19	17173	18162	+	GEGEGB_03838	1	persistent	2	0	0
BENMGJ_00113	contig_19	18128	19555	-	LNHIMF_03938	1	persistent	2	0	0
BENMGJ_00114	contig_19	19567	20271	-	GEGEGB_03835	1	persistent	3	0	0
BENMGJ_00115	contig_20	4	558	+	GEGEGB_04661	1	persistent	2	0	0
BENMGJ_00116	contig_20	766	1191	+	LNHIMF_04463	1	persistent	2	0	0
BENMGJ_00117	contig_20	1229	3667	+	GEGEGB_04663	1	persistent	2	0	0
BENMGJ_00118	contig_20	3758	4489	+	LNHIMF_04465	1	persistent	2	0	0
BENMGJ_00119	contig_20	4621	5025	+	LNHIMF_04466	1	persistent	2	0	0
BENMGJ_00120	contig_20	5040	5738	+	BEJGEH_04447	1	persistent	2	0	1
BENMGJ_00121	contig_20	5738	6808	+	AJBGEP_04583	1	persistent	2	0	0
BENMGJ_00122	contig_20	6805	7464	+	GEGEGB_04668	1	persistent	2	0	1
BENMGJ_00123	contig_20	7482	7880	+	GEGEGB_04669	1	persistent	2	0	0
BENMGJ_00124	contig_20	7890	8528	+	BEJGEH_04451	1	persistent	2	0	0
BENMGJ_00125	contig_20	8531	9694	+	GEGEGB_04671	1	persistent	2	0	0
BENMGJ_00126	contig_20	9779	11401	+	LNHIMF_04473	1	persistent	2	0	0
BENMGJ_00127	contig_20	11446	11721	-	GEGEGB_04673	1	persistent	2	0	0
BENMGJ_00128	contig_20	11852	12154	-	LNHIMF_04475	1	persistent	2	0	0
BENMGJ_00129	contig_20	12365	13114	+	GEGEGB_04675	1	persistent	2	0	0
BENMGJ_00130	contig_20	13111	13866	-	GEGEGB_04676	1	persistent	2	0	0
BENMGJ_00131	contig_20	13971	15035	-	GEGEGB_04677	1	persistent	2	0	0
BENMGJ_00132	contig_20	15398	16795	+	LNHIMF_04479	1	persistent	2	0	1
BENMGJ_00133	contig_20	16811	17116	+	BEJGEH_04460	1	persistent	2	0	0
BENMGJ_00134	contig_20	17126	17590	+	LNHIMF_04481	1	persistent	2	0	1
BENMGJ_00135	contig_20	17604	18254	+	LNHIMF_04482	1	persistent	2	0	0
BENMGJ_00136	contig_20	18264	19118	+	LNHIMF_04483	1	persistent	2	0	0
BENMGJ_00137	contig_20	19118	19804	+	PAPNPA_02919	1	persistent	2	0	1
BENMGJ_00138	contig_20	19933	20208	-	AJBGEP_04600	1	persistent	2	0	0
BENMGJ_00139	contig_21	308	1591	+	AJBGEP_02901	1	cloud	0	0	2
BENMGJ_00140	contig_21	1588	2454	+	AJBGEP_02902	1	cloud	0	0	2
BENMGJ_00141	contig_21	2607	2897	-	AJBGEP_02903	1	cloud	0	0	2
BENMGJ_00142	contig_21	3058	3342	+	AJBGEP_02904	1	cloud	0	0	4
BENMGJ_00143	contig_21	3455	3976	+	AJBGEP_02905	1	cloud	0	0	2
BENMGJ_00144	contig_21	3973	4347	+	AJBGEP_02906	1	cloud	0	0	2
BENMGJ_00145	contig_21	4344	5324	+	AJBGEP_02907	1	cloud	0	0	2
BENMGJ_00146	contig_21	5335	6348	+	AJBGEP_02908	1	cloud	0	0	2
BENMGJ_00147	contig_21	6694	7845	+	BENMGJ_00147	1	cloud	0	0	2
BENMGJ_00148	contig_21	7919	8554	-	AJBGEP_02910	1	cloud	0	0	2
BENMGJ_00149	contig_21	8578	9144	-	AJBGEP_02911	1	cloud	0	0	2
BENMGJ_00150	contig_21	9141	9983	-	AJBGEP_02912	1	cloud	0	0	2
BENMGJ_00151	contig_21	10113	11654	-	BENMGJ_00151	1	cloud	0	0	2
BENMGJ_00152	contig_21	11877	13556	+	AJBGEP_02915	1	cloud	0	0	2
BENMGJ_00153	contig_21	13556	13738	+	AJBGEP_02916	1	cloud	0	0	2
BENMGJ_00155	contig_21	14673	15548	+	AJBGEP_02918	1	cloud	0	0	2
BENMGJ_00156	contig_21	15747	17588	+	AJBGEP_02919	1	cloud	0	0	4
BENMGJ_00157	contig_21	17848	19170	-	AJBGEP_02920	1	cloud	0	0	2
BENMGJ_00159	contig_21	19709	20305	+	BENMGJ_00159	1	cloud	0	0	2
BENMGJ_00160	contig_22	25	3261	+	GEGEGB_03661	1	persistent	2	1	1
BENMGJ_00161	contig_22	3348	3629	+	LNHIMF_04203	1	persistent	1	2	1
BENMGJ_00162	contig_22	3631	3975	-	ODDLKH_00015	1	shell	2	2	0
BENMGJ_00163	contig_22	3929	4066	-	GEGEGB_03659	1	shell	2	2	1
BENMGJ_00164	contig_22	4388	4645	+	BENMGJ_00164	1	cloud	1	1	0
BENMGJ_00165	contig_22	4727	5860	-	LNHIMF_04205	1	persistent	1	2	2
BENMGJ_00166	contig_22	5857	6627	-	LNHIMF_04206	1	persistent	3	0	0
BENMGJ_00167	contig_22	6629	6829	-	ODDLKH_00019	1	persistent	2	0	0
BENMGJ_00168	contig_22	6810	7568	-	LNHIMF_04208	1	persistent	3	0	0
BENMGJ_00169	contig_22	7561	8196	-	LNHIMF_04209	1	persistent	2	0	0
BENMGJ_00170	contig_22	8196	10091	-	LNHIMF_04210	1	persistent	2	0	0
BENMGJ_00171	contig_22	10455	10943	-	LNHIMF_04211	1	persistent	2	0	0
BENMGJ_00172	contig_22	11036	11809	+	LNHIMF_04212	1	persistent	2	0	0
BENMGJ_00173	contig_22	11850	12914	+	GEGEGB_03650	1	persistent	2	0	0
BENMGJ_00174	contig_22	12924	13595	+	GEGEGB_03649	1	persistent	2	0	0
BENMGJ_00175	contig_22	13637	14227	+	GEGEGB_03648	1	persistent	2	0	0
BENMGJ_00176	contig_22	14414	14686	+	GEGEGB_03647	1	persistent	2	0	0
BENMGJ_00177	contig_22	14698	15390	+	GEGEGB_03646	1	persistent	2	0	0
BENMGJ_00178	contig_22	15432	15887	-	GEGEGB_03645	1	persistent	2	0	0
BENMGJ_00179	contig_22	15952	17538	+	BEJGEH_04232	1	persistent	2	0	0
BENMGJ_00180	contig_22	17544	18869	+	LNHIMF_04220	1	persistent	2	0	0
BENMGJ_00181	contig_22	18866	20155	-	GEGEGB_03642	1	persistent	2	0	0
BENMGJ_00182	contig_22	20171	21760	-	BEJGEH_04235	1	persistent	3	0	0
BENMGJ_00183	contig_23	81	536	+	LNHIMF_02745	1	persistent	3	0	1
BENMGJ_00184	contig_23	640	1941	+	LNHIMF_02744	1	persistent	2	0	0
BENMGJ_00185	contig_23	1938	2261	-	GEGEGB_00278	1	persistent	2	0	0
BENMGJ_00186	contig_23	2306	3661	-	GEGEGB_00279	1	persistent	2	0	1
BENMGJ_00187	contig_23	3645	3686	-	GEGEGB_00280	1	persistent	2	0	0
BENMGJ_00188	contig_23	3776	6436	-	LNHIMF_02740	1	persistent	2	0	1
BENMGJ_00189	contig_23	6490	7170	-	LNHIMF_02739	1	persistent	2	0	0
BENMGJ_00190	contig_23	7243	7662	-	LNHIMF_02738	1	persistent	2	0	0
BENMGJ_00191	contig_23	7866	8903	+	GEGEGB_00284	1	persistent	2	0	0
BENMGJ_00192	contig_23	9019	9708	-	GEGEGB_00285	1	persistent	2	0	0
BENMGJ_00193	contig_23	10027	10410	+	GEGEGB_00286	1	persistent	2	0	0
BENMGJ_00194	contig_23	10472	11059	-	GEGEGB_00287	1	persistent	2	0	1
BENMGJ_00195	contig_23	11162	12061	+	LNHIMF_02733	1	persistent	2	0	0
BENMGJ_00196	contig_23	12079	13413	-	LNHIMF_02732	1	persistent	2	0	1
BENMGJ_00197	contig_23	13544	14281	+	LNHIMF_02731	1	persistent	2	0	0
BENMGJ_00198	contig_23	14266	15888	-	LNHIMF_02730	1	persistent	2	0	0
BENMGJ_00199	contig_23	16313	16888	+	GEGEGB_00292	1	persistent	2	0	0
BENMGJ_00200	contig_23	16920	17570	+	LNHIMF_02728	1	persistent	2	0	0
BENMGJ_00201	contig_23	17570	18526	+	LNHIMF_02727	1	persistent	2	0	0
BENMGJ_00203	contig_23	18523	19002	+	GEGEGB_00296	1	persistent	2	0	1
BENMGJ_00204	contig_23	19254	21053	+	GEGEGB_00297	1	persistent	2	0	2
BENMGJ_00205	contig_23	21070	22044	+	GEGEGB_00298	1	persistent	2	0	0
BENMGJ_00206	contig_23	22261	22998	+	GEGEGB_00299	1	persistent	2	0	0
BENMGJ_00207	contig_24	58	357	+	BENMGJ_00207	1	cloud	1	0	0
BENMGJ_00209	contig_24	790	1584	+	GEGEGB_00229	1	persistent	2	0	1
BENMGJ_00210	contig_24	1822	4494	+	GEGEGB_00228	1	persistent	2	0	0
BENMGJ_00211	contig_24	4524	5348	+	LNHIMF_00221	1	persistent	2	0	0
BENMGJ_00212	contig_24	5384	6685	-	BEJGEH_00234	1	persistent	2	0	1
BENMGJ_00213	contig_24	6932	7318	+	GEGEGB_00224	1	persistent	2	0	2
BENMGJ_00214	contig_24	7407	8564	-	GEGEGB_00223	1	persistent	2	0	1
BENMGJ_00215	contig_24	8717	10144	-	LNHIMF_00216	1	persistent	2	0	0
BENMGJ_00216	contig_24	10274	11791	-	GEGEGB_00221	1	persistent	2	0	0
BENMGJ_00217	contig_24	11876	12574	+	GEGEGB_00220	1	persistent	2	0	0
BENMGJ_00218	contig_24	12567	13367	+	LNHIMF_00213	1	persistent	2	0	0
BENMGJ_00219	contig_24	13404	14027	+	GEGEGB_00218	1	persistent	2	0	1
BENMGJ_00220	contig_24	14128	14472	-	GEGEGB_00217	1	persistent	2	0	1
BENMGJ_00221	contig_24	14554	15975	-	LNHIMF_00210	1	persistent	2	0	0
BENMGJ_00222	contig_24	16145	17425	+	GEGEGB_00215	1	persistent	2	1	1
BENMGJ_00223	contig_24	17523	18368	-	BENMGJ_00223	1	cloud	1	1	0
BENMGJ_00224	contig_24	18368	18898	-	HFCAGB_00211	1	shell	0	2	1
BENMGJ_00225	contig_24	18898	19374	-	BEJGEH_00220	1	shell	0	2	0
BENMGJ_00226	contig_24	19371	19883	-	BEJGEH_00219	1	shell	0	2	0
BENMGJ_00227	contig_24	19902	20654	-	BEJGEH_00218	1	shell	0	2	0
BENMGJ_00228	contig_24	20672	23329	-	HFCAGB_00207	1	shell	0	2	0
BENMGJ_00229	contig_24	23415	23975	-	BEJGEH_00216	1	shell	1	2	1
BENMGJ_00230	contig_24	24674	24880	-	HFCAGB_00205	1	shell	1	1	0
BENMGJ_00231	contig_24	24917	26869	-	LNHIMF_00208	1	persistent	2	2	1
BENMGJ_00232	contig_25	471	1595	-	LNHIMF_03398	1	persistent	2	0	0
BENMGJ_00233	contig_25	1788	2186	+	LNHIMF_03399	1	persistent	2	0	0
BENMGJ_00234	contig_25	2343	3710	+	GEGEGB_03441	1	persistent	2	0	0
BENMGJ_00235	contig_25	3803	4873	+	GEGEGB_03442	1	persistent	2	0	0
BENMGJ_00236	contig_25	4907	5605	-	HFCAGB_03583	1	persistent	2	0	0
BENMGJ_00237	contig_25	5658	6959	-	LNHIMF_00056	3	persistent	4	0	0
BENMGJ_00238	contig_25	6972	8756	-	GEGEGB_00060	3	persistent	2	0	1
BENMGJ_00239	contig_25	8773	9015	-	AJBGEP_03535	3	persistent	3	1	0
BENMGJ_00240	contig_25	9172	9789	-	GEGEGB_03447	1	persistent	2	0	0
BENMGJ_00241	contig_25	9789	10688	-	GEGEGB_03448	1	persistent	2	0	0
BENMGJ_00242	contig_25	10721	11989	-	GEGEGB_03449	1	persistent	2	0	0
BENMGJ_00243	contig_25	12200	12865	-	GEGEGB_03450	1	persistent	2	0	0
BENMGJ_00244	contig_25	12852	13481	-	GEGEGB_03451	1	persistent	2	0	0
BENMGJ_00245	contig_25	13601	14539	-	GEGEGB_03452	1	persistent	2	0	0
BENMGJ_00246	contig_25	14953	15423	+	GEGEGB_03453	1	persistent	2	0	0
BENMGJ_00247	contig_25	15788	16051	+	GEGEGB_03454	1	persistent	2	0	0
BENMGJ_00248	contig_25	16155	16421	+	GEGEGB_03455	1	persistent	2	0	0
BENMGJ_00249	contig_25	16481	16753	-	GEGEGB_03456	1	persistent	2	0	0
BENMGJ_00250	contig_25	16925	18892	-	LNHIMF_03416	1	persistent	2	0	0
BENMGJ_00251	contig_25	18898	19830	-	GEGEGB_03458	1	persistent	2	0	0
BENMGJ_00252	contig_25	19838	20041	-	GEGEGB_03459	1	persistent	2	0	0
BENMGJ_00253	contig_25	20223	21152	+	GEGEGB_03460	1	persistent	2	0	0
BENMGJ_00254	contig_25	21275	22720	-	GEGEGB_03461	1	persistent	2	0	0
BENMGJ_00255	contig_25	22865	26665	-	LNHIMF_03421	1	persistent	2	0	0
BENMGJ_00256	contig_25	26772	28241	-	GEGEGB_03463	1	persistent	2	0	0
BENMGJ_00257	contig_25	28231	28824	-	LNHIMF_03423	1	persistent	2	0	0
BENMGJ_00258	contig_25	28833	29324	-	GEGEGB_03465	1	persistent	2	0	0
BENMGJ_00259	contig_25	29324	30376	-	LNHIMF_03425	1	persistent	2	0	0
BENMGJ_00260	contig_25	30441	31484	-	GEGEGB_03467	1	persistent	2	0	0
BENMGJ_00261	contig_25	31792	33528	-	LNHIMF_03427	1	persistent	2	0	0
BENMGJ_00263	contig_26	401	1324	+	GEGEGB_00233	1	persistent	2	0	0
BENMGJ_00264	contig_26	1469	2194	+	GEGEGB_00234	1	persistent	2	0	0
BENMGJ_00265	contig_26	2341	2898	+	GEGEGB_00235	1	persistent	2	0	0
BENMGJ_00266	contig_26	3040	4236	+	LNHIMF_00230	1	persistent	2	0	0
BENMGJ_00267	contig_26	4618	5307	+	BEJGEH_00245	1	persistent	2	0	0
BENMGJ_00268	contig_26	5320	6177	+	GEGEGB_00238	1	persistent	2	0	0
BENMGJ_00269	contig_26	6189	7541	+	GEGEGB_00239	1	persistent	2	0	0
BENMGJ_00270	contig_26	7573	9984	+	GEGEGB_00240	1	persistent	2	0	0
BENMGJ_00271	contig_26	10107	10592	+	GEGEGB_00241	1	persistent	2	0	0
BENMGJ_00272	contig_26	10596	11621	+	GEGEGB_00242	1	persistent	2	0	0
BENMGJ_00273	contig_26	11727	12182	+	GEGEGB_00243	1	persistent	2	0	0
BENMGJ_00274	contig_26	12186	12974	+	LNHIMF_00238	1	persistent	2	0	0
BENMGJ_00275	contig_26	12974	14122	+	GEGEGB_00245	1	persistent	2	0	0
BENMGJ_00276	contig_26	14119	14715	+	GEGEGB_00246	1	persistent	2	0	0
BENMGJ_00277	contig_26	14739	18221	+	GEGEGB_00247	1	persistent	2	0	0
BENMGJ_00278	contig_26	18234	19193	+	GEGEGB_00248	1	persistent	2	1	0
BENMGJ_00279	contig_26	19373	21136	+	BEJGEH_00257	1	persistent	2	1	0
BENMGJ_00280	contig_26	21212	23353	+	LNHIMF_00245	1	persistent	2	0	0
BENMGJ_00281	contig_26	23409	23798	+	GEGEGB_00254	1	persistent	2	0	0
BENMGJ_00282	contig_26	23861	25153	+	GEGEGB_00255	1	persistent	2	0	0
BENMGJ_00283	contig_26	25237	25497	-	GEGEGB_00256	1	persistent	2	0	0
BENMGJ_00284	contig_26	25484	25684	-	GEGEGB_00257	1	persistent	2	0	0
BENMGJ_00285	contig_26	25882	26427	+	GEGEGB_00258	1	persistent	2	0	0
BENMGJ_00286	contig_26	26424	26846	+	GEGEGB_00259	1	persistent	2	0	0
BENMGJ_00287	contig_26	26878	27579	+	GEGEGB_00260	1	persistent	2	2	0
BENMGJ_00288	contig_26	27653	29371	-	GEGEGB_00264	1	persistent	2	1	1
BENMGJ_00289	contig_26	29482	30189	-	LNHIMF_00254	1	persistent	2	0	0
BENMGJ_00290	contig_26	30186	30590	-	GEGEGB_00266	1	persistent	2	0	0
BENMGJ_00291	contig_26	30709	31524	-	LNHIMF_00256	1	persistent	2	0	0
BENMGJ_00292	contig_26	31563	32216	-	LNHIMF_00257	1	persistent	2	0	0
BENMGJ_00293	contig_26	32209	33240	-	LNHIMF_00258	1	persistent	2	0	0
BENMGJ_00294	contig_26	33430	33996	+	GEGEGB_00270	1	persistent	3	0	0
BENMGJ_00296	contig_27	185	1021	-	GEGEGB_03633	1	persistent	3	0	0
BENMGJ_00297	contig_27	1140	1478	+	GEGEGB_03632	1	persistent	2	1	0
BENMGJ_00298	contig_27	1503	3023	-	LNHIMF_03949	1	persistent	2	1	2
BENMGJ_00299	contig_27	3613	5259	+	GEGEGB_03584	1	persistent	2	0	0
BENMGJ_00300	contig_27	5256	5519	+	GEGEGB_03583	1	persistent	2	0	0
BENMGJ_00301	contig_27	5537	6466	+	GEGEGB_03582	1	persistent	2	0	0
BENMGJ_00302	contig_27	6627	8477	+	LNHIMF_03953	1	persistent	2	0	0
BENMGJ_00303	contig_27	8480	10024	+	LNHIMF_03954	1	persistent	2	1	1
BENMGJ_00304	contig_27	10262	10624	+	HFCAGB_04155	1	shell	2	0	0
BENMGJ_00305	contig_27	10621	10962	+	BEJGEH_03957	1	persistent	2	1	0
BENMGJ_00306	contig_27	10965	11852	-	GEGEGB_03577	1	persistent	2	0	1
BENMGJ_00307	contig_27	12017	13492	+	GEGEGB_03576	1	persistent	2	0	0
BENMGJ_00308	contig_27	13584	13865	-	GEGEGB_03575	1	persistent	2	0	1
BENMGJ_00309	contig_27	14403	16427	+	GEGEGB_03570	1	persistent	2	0	1
BENMGJ_00310	contig_27	16467	17948	-	GEGEGB_03569	1	persistent	2	0	0
BENMGJ_00311	contig_27	18085	19350	-	GEGEGB_03568	1	persistent	2	0	0
BENMGJ_00312	contig_27	19494	19823	+	GEGEGB_03567	1	persistent	2	0	0
BENMGJ_00313	contig_27	20242	21501	+	GEGEGB_03566	1	persistent	2	0	0
BENMGJ_00314	contig_27	21731	22834	+	GEGEGB_03565	1	persistent	2	0	0
BENMGJ_00315	contig_27	22846	23892	+	LNHIMF_03970	1	persistent	2	0	0
BENMGJ_00316	contig_27	23993	25078	+	LNHIMF_03971	1	persistent	2	0	0
BENMGJ_00317	contig_27	25075	26337	+	GEGEGB_03562	1	persistent	2	0	0
BENMGJ_00318	contig_27	26337	27404	+	LNHIMF_03973	1	persistent	1	1	1
BENMGJ_00319	contig_27	27437	27661	+	BEJGEH_03974	1	shell	2	0	0
BENMGJ_00320	contig_27	27639	28316	+	LNHIMF_03975	1	persistent	1	1	1
BENMGJ_00321	contig_27	28321	29451	+	GEGEGB_03558	1	persistent	2	0	0
BENMGJ_00322	contig_27	29453	30703	+	GEGEGB_03557	1	persistent	2	0	0
BENMGJ_00323	contig_27	30700	31779	+	LNHIMF_03978	1	persistent	2	0	0
BENMGJ_00324	contig_27	31776	33134	+	LNHIMF_03979	1	persistent	2	0	0
BENMGJ_00325	contig_27	33131	33871	+	LNHIMF_03980	1	persistent	2	0	0
BENMGJ_00326	contig_27	34078	35463	+	HFCAGB_04177	1	persistent	2	0	0
BENMGJ_00327	contig_28	7	261	+	BENMGJ_00327	1	cloud	0	0	1
BENMGJ_00328	contig_28	309	557	+	AJBGEP_01309	1	cloud	0	0	4
BENMGJ_00329	contig_28	663	863	-	BENMGJ_00329	1	cloud	0	0	2
BENMGJ_00330	contig_28	950	1105	-	BENMGJ_00330	1	cloud	0	0	2
BENMGJ_00331	contig_28	1231	1665	-	BENMGJ_00331	1	cloud	0	0	3
BENMGJ_00332	contig_28	1681	1734	-	BENMGJ_00332	1	cloud	0	0	2
BENMGJ_00333	contig_28	1884	4037	-	BENMGJ_00333	1	cloud	0	0	3
BENMGJ_00334	contig_28	4124	4426	-	BENMGJ_00334	1	cloud	0	0	3
BENMGJ_00335	contig_28	4423	4836	-	BENMGJ_00335	1	cloud	0	0	2
BENMGJ_00336	contig_28	4833	6668	-	BENMGJ_00336	1	cloud	0	0	2
BENMGJ_00337	contig_28	6671	7702	-	BENMGJ_00337	1	cloud	0	0	2
BENMGJ_00338	contig_28	7704	8909	-	BENMGJ_00338	1	cloud	0	0	2
BENMGJ_00339	contig_28	8906	9835	-	BENMGJ_00339	1	cloud	0	0	2
BENMGJ_00340	contig_28	9840	10553	-	BENMGJ_00340	1	cloud	0	0	3
BENMGJ_00341	contig_28	10798	11859	-	BENMGJ_00341	1	cloud	0	0	2
BENMGJ_00342	contig_28	11871	12155	-	BENMGJ_00342	1	cloud	0	0	2
BENMGJ_00343	contig_28	12170	12919	-	BENMGJ_00343	1	cloud	0	0	3
BENMGJ_00344	contig_28	12930	15683	-	BENMGJ_00344	1	cloud	0	0	2
BENMGJ_00345	contig_28	15702	15998	-	BENMGJ_00345	1	cloud	0	0	2
BENMGJ_00346	contig_28	15976	16623	-	BENMGJ_00346	1	cloud	0	0	2
BENMGJ_00347	contig_28	16798	17316	-	BENMGJ_00347	1	cloud	0	0	2
BENMGJ_00348	contig_28	17669	18835	-	BENMGJ_00348	1	cloud	0	0	2
BENMGJ_00349	contig_28	18838	19383	-	BENMGJ_00349	1	cloud	0	0	3
BENMGJ_00350	contig_28	19709	19981	-	BENMGJ_00350	1	cloud	0	0	3
BENMGJ_00351	contig_28	20435	20764	-	BENMGJ_00351	1	cloud	0	0	2
BENMGJ_00352	contig_28	20857	21072	-	BENMGJ_00352	1	cloud	0	0	2
BENMGJ_00353	contig_28	21062	21307	-	BENMGJ_00353	1	cloud	0	0	2
BENMGJ_00354	contig_28	21352	21675	-	BENMGJ_00354	1	cloud	0	0	2
BENMGJ_00355	contig_28	21821	22102	-	BENMGJ_00355	1	cloud	0	0	2
BENMGJ_00356	contig_28	22092	22343	-	BENMGJ_00356	1	cloud	0	0	2
BENMGJ_00357	contig_28	23577	24413	+	BENMGJ_00357	1	cloud	0	0	2
BENMGJ_00358	contig_28	24453	24899	+	BENMGJ_00358	1	cloud	0	0	3
BENMGJ_00359	contig_28	25036	25392	+	BENMGJ_00359	1	cloud	0	0	2
BENMGJ_00360	contig_28	25389	26366	-	BENMGJ_00360	1	cloud	0	0	2
BENMGJ_00361	contig_28	26391	26699	-	BENMGJ_00361	1	cloud	0	0	2
BENMGJ_00362	contig_28	26770	27432	-	BENMGJ_00362	1	cloud	0	0	2
BENMGJ_00363	contig_28	27813	28457	+	BENMGJ_00363	1	cloud	0	0	4
BENMGJ_00364	contig_28	28612	28695	-	BENMGJ_00364	1	cloud	0	0	2
BENMGJ_00366	contig_28	29506	29613	+	BENMGJ_00366	1	cloud	0	0	2
BENMGJ_00367	contig_28	30042	30353	+	BENMGJ_00367	1	cloud	0	0	2
BENMGJ_00368	contig_28	30938	31447	+	BENMGJ_00368	1	cloud	0	0	2
BENMGJ_00369	contig_28	31553	33454	+	BENMGJ_00369	1	cloud	0	0	2
BENMGJ_00370	contig_28	33848	33967	-	BENMGJ_00370	1	cloud	0	0	2
BENMGJ_00371	contig_28	34034	34129	-	BENMGJ_00371	1	cloud	0	0	4
BENMGJ_00373	contig_28	34726	37257	+	BENMGJ_00373	1	cloud	0	0	1
BENMGJ_00374	contig_29	327	512	+	BENMGJ_00374	1	cloud	1	0	0
BENMGJ_00375	contig_29	591	788	-	GEGEGB_04660	1	persistent	2	0	1
BENMGJ_00376	contig_29	867	1871	-	GEGEGB_04659	1	persistent	2	0	0
BENMGJ_00377	contig_29	1874	3133	-	LNHIMF_04459	1	persistent	2	0	0
BENMGJ_00378	contig_29	3348	4628	-	LNHIMF_04458	1	persistent	2	0	0
BENMGJ_00379	contig_29	4700	5008	-	GEGEGB_04656	1	persistent	2	0	0
BENMGJ_00380	contig_29	5091	6041	-	LNHIMF_04456	1	persistent	2	0	0
BENMGJ_00381	contig_29	6034	7890	-	GEGEGB_04654	1	persistent	2	0	0
BENMGJ_00382	contig_29	7900	9222	-	GEGEGB_04653	1	persistent	2	0	0
BENMGJ_00383	contig_29	9239	9700	-	GEGEGB_04652	1	persistent	2	0	0
BENMGJ_00384	contig_29	9672	11216	-	LNHIMF_04452	1	persistent	2	0	0
BENMGJ_00385	contig_29	11218	12357	+	LNHIMF_04451	1	persistent	2	0	0
BENMGJ_00387	contig_29	12978	13718	+	LNHIMF_04448	1	persistent	2	0	0
BENMGJ_00388	contig_29	13780	14325	-	GEGEGB_04646	1	persistent	2	0	0
BENMGJ_00389	contig_29	14432	15484	+	GEGEGB_04645	1	persistent	2	0	0
BENMGJ_00390	contig_29	15576	16544	+	LNHIMF_04445	1	persistent	2	0	0
BENMGJ_00391	contig_29	16563	19889	+	GEGEGB_04643	1	persistent	2	2	0
BENMGJ_00392	contig_29	20026	20403	-	GEGEGB_04642	1	shell	2	0	0
BENMGJ_00393	contig_29	20411	21913	-	GEGEGB_04641	1	persistent	2	2	0
BENMGJ_00394	contig_29	22139	23116	-	LNHIMF_04442	1	persistent	2	0	0
BENMGJ_00395	contig_29	23439	25229	+	GEGEGB_04639	1	persistent	2	0	0
BENMGJ_00396	contig_29	25222	25956	+	GEGEGB_04638	1	persistent	2	0	0
BENMGJ_00397	contig_29	25967	26362	+	GEGEGB_04637	1	persistent	2	0	0
BENMGJ_00398	contig_29	26373	26732	+	GEGEGB_04636	1	persistent	2	0	0
BENMGJ_00399	contig_29	26844	27377	+	LNHIMF_04437	1	persistent	2	0	0
BENMGJ_00400	contig_29	27394	27711	-	GEGEGB_04634	1	persistent	2	0	0
BENMGJ_00401	contig_29	27968	28555	+	LNHIMF_04435	1	persistent	2	1	0
BENMGJ_00402	contig_29	28840	29013	-	GEGEGB_04632	1	shell	2	0	0
BENMGJ_00403	contig_29	29035	29601	-	GEGEGB_04631	1	persistent	2	1	0
BENMGJ_00404	contig_29	29642	30670	+	BEJGEH_04410	1	persistent	2	0	0
BENMGJ_00405	contig_29	30952	31809	+	LNHIMF_04432	1	persistent	2	0	0
BENMGJ_00406	contig_29	31857	32210	-	GEGEGB_04628	1	persistent	2	0	0
BENMGJ_00407	contig_29	32445	34091	-	GEGEGB_04627	1	persistent	2	0	0
BENMGJ_00408	contig_29	34135	34428	-	GEGEGB_04626	1	persistent	2	0	0
BENMGJ_00409	contig_29	34683	35945	+	LNHIMF_04428	1	persistent	2	0	0
BENMGJ_00410	contig_29	36004	36519	-	LNHIMF_04427	1	persistent	2	0	0
BENMGJ_00411	contig_29	36821	38257	+	GEGEGB_04623	1	persistent	2	0	0
BENMGJ_00412	contig_29	38372	39673	+	LNHIMF_04425	1	persistent	2	0	0
BENMGJ_00413	contig_29	39794	40141	+	GEGEGB_04621	1	persistent	2	0	0
BENMGJ_00414	contig_29	40117	41820	+	LNHIMF_04423	1	persistent	2	0	0
BENMGJ_00415	contig_30	48	596	-	GEGEGB_01001	1	persistent	3	0	0
BENMGJ_00416	contig_30	653	2485	-	GEGEGB_01000	1	persistent	2	0	0
BENMGJ_00417	contig_30	2482	3138	-	GEGEGB_00999	1	persistent	2	1	0
BENMGJ_00418	contig_30	3602	3826	+	GEGEGB_00997	1	persistent	2	1	0
BENMGJ_00419	contig_30	3893	4615	-	LNHIMF_02027	1	persistent	2	0	0
BENMGJ_00420	contig_30	4847	5599	-	GEGEGB_00995	1	persistent	2	0	0
BENMGJ_00421	contig_30	5596	6264	-	GEGEGB_00994	1	persistent	2	0	0
BENMGJ_00422	contig_30	6285	7271	-	LNHIMF_02030	1	persistent	2	0	0
BENMGJ_00423	contig_30	7425	8225	-	GEGEGB_00992	1	persistent	2	0	0
BENMGJ_00424	contig_30	8372	8923	-	GEGEGB_00991	1	persistent	2	0	0
BENMGJ_00425	contig_30	8982	9701	-	GEGEGB_00990	1	persistent	2	1	0
BENMGJ_00426	contig_30	9898	11103	-	LNHIMF_02034	1	persistent	1	3	2
BENMGJ_00427	contig_30	11182	12663	-	ONMMKP_00070	1	shell	2	0	0
BENMGJ_00428	contig_30	12920	14323	+	GEGEGB_00986	1	persistent	1	2	1
BENMGJ_00429	contig_30	14338	14745	+	LNHIMF_02037	1	persistent	2	0	1
BENMGJ_00430	contig_30	14745	15113	+	GEGEGB_00984	1	persistent	2	0	0
BENMGJ_00431	contig_30	15185	16669	+	LNHIMF_02039	1	persistent	2	0	0
BENMGJ_00432	contig_30	16709	17122	-	AJBGEP_02065	1	persistent	2	0	0
BENMGJ_00433	contig_30	17308	18513	+	LNHIMF_02041	1	persistent	2	0	0
BENMGJ_00434	contig_30	18510	18743	+	GEGEGB_00980	1	persistent	2	1	0
BENMGJ_00435	contig_30	19515	19829	-	LNHIMF_02043	1	persistent	2	1	0
BENMGJ_00436	contig_30	20046	21728	+	LNHIMF_02044	1	persistent	2	0	0
BENMGJ_00437	contig_30	21721	22716	+	GEGEGB_00976	1	persistent	2	0	0
BENMGJ_00438	contig_30	22709	23416	+	GEGEGB_00975	1	persistent	2	0	0
BENMGJ_00439	contig_30	23416	24786	+	LNHIMF_02047	1	persistent	2	0	0
BENMGJ_00440	contig_30	24808	25251	+	GEGEGB_00973	1	persistent	2	0	0
BENMGJ_00441	contig_30	25248	26465	+	LNHIMF_02049	1	persistent	2	0	0
BENMGJ_00442	contig_30	26570	27037	+	LNHIMF_02050	1	persistent	2	0	0
BENMGJ_00443	contig_30	27042	28046	+	GEGEGB_00970	1	persistent	2	0	0
BENMGJ_00444	contig_30	28043	28456	+	LNHIMF_02052	1	persistent	2	0	0
BENMGJ_00445	contig_30	28456	28833	+	GEGEGB_00968	1	persistent	2	0	0
BENMGJ_00446	contig_30	28833	29570	+	GEGEGB_00967	1	persistent	2	0	0
BENMGJ_00447	contig_30	29580	29849	+	GEGEGB_00966	1	persistent	2	0	0
BENMGJ_00448	contig_30	29858	30652	+	LNHIMF_02056	1	persistent	2	0	0
BENMGJ_00449	contig_30	30934	31557	+	LNHIMF_02057	1	persistent	2	0	0
BENMGJ_00450	contig_30	31596	31790	-	GEGEGB_00963	1	persistent	2	0	0
BENMGJ_00451	contig_30	31919	32146	+	GEGEGB_00962	1	persistent	2	0	0
BENMGJ_00453	contig_30	32456	33271	+	GEGEGB_00960	1	persistent	2	0	0
BENMGJ_00454	contig_30	33250	34962	-	GEGEGB_00959	1	persistent	2	0	0
BENMGJ_00455	contig_30	35127	35312	-	GEGEGB_00958	1	persistent	2	0	0
BENMGJ_00456	contig_30	35389	36300	-	BEJGEH_01078	1	persistent	2	0	0
BENMGJ_00457	contig_30	36476	37396	+	GEGEGB_00955	1	persistent	2	0	0
BENMGJ_00458	contig_30	37385	37855	-	GEGEGB_00954	1	persistent	2	0	0
BENMGJ_00459	contig_30	37836	39266	-	LNHIMF_02067	1	persistent	2	0	0
BENMGJ_00460	contig_30	39340	40035	-	LNHIMF_02068	1	persistent	2	0	0
BENMGJ_00461	contig_30	40115	40426	-	GEGEGB_00951	1	persistent	2	0	0
BENMGJ_00463	contig_30	41077	42273	+	LNHIMF_02071	1	persistent	2	0	0
BENMGJ_00465	contig_30	42730	42942	-	LNHIMF_02073	1	persistent	2	0	1
BENMGJ_00466	contig_30	43397	44665	-	LNHIMF_02074	1	persistent	3	1	1
BENMGJ_00467	contig_30	44668	45087	-	GEGEGB_00945	1	persistent	1	1	4
BENMGJ_00469	contig_30	46075	46389	-	OEKLIE_00114	1	cloud	1	0	1
BENMGJ_00470	contig_31	76	777	+	LNHIMF_01169	1	persistent	2	1	1
BENMGJ_00471	contig_31	862	1599	+	GEGEGB_01887	1	persistent	2	0	0
BENMGJ_00472	contig_31	1623	2177	+	GEGEGB_01886	1	persistent	2	0	0
BENMGJ_00473	contig_31	2266	2760	+	GEGEGB_01885	1	persistent	2	0	0
BENMGJ_00474	contig_31	2799	3632	-	GEGEGB_01884	1	persistent	2	0	0
BENMGJ_00475	contig_31	3659	4075	-	GEGEGB_01883	1	persistent	2	0	0
BENMGJ_00476	contig_31	4102	4497	-	GEGEGB_01882	1	persistent	2	0	0
BENMGJ_00477	contig_31	4502	5152	-	LNHIMF_01176	1	persistent	2	0	0
BENMGJ_00479	contig_31	5906	6361	+	LNHIMF_01178	1	persistent	2	0	0
BENMGJ_00480	contig_31	6403	6858	+	GEGEGB_01878	1	persistent	2	0	0
BENMGJ_00481	contig_31	6920	7246	+	BEJGEH_01949	1	persistent	2	0	0
BENMGJ_00482	contig_31	7377	7697	+	GEGEGB_01876	1	persistent	2	0	0
BENMGJ_00483	contig_31	7784	8323	+	GEGEGB_01875	1	persistent	2	0	0
BENMGJ_00484	contig_31	8262	9746	+	GEGEGB_01874	1	persistent	2	0	0
BENMGJ_00485	contig_31	9763	10917	-	GEGEGB_01873	1	persistent	2	0	0
BENMGJ_00486	contig_31	11171	12724	+	GEGEGB_01872	1	persistent	2	0	0
BENMGJ_00487	contig_31	12717	15260	+	LNHIMF_01186	1	persistent	2	0	0
BENMGJ_00488	contig_31	15334	15561	+	GEGEGB_01870	1	persistent	2	0	0
BENMGJ_00489	contig_31	15562	15936	-	GEGEGB_01869	1	persistent	2	0	0
BENMGJ_00490	contig_31	16018	17232	-	GEGEGB_01868	1	persistent	2	0	0
BENMGJ_00491	contig_31	17387	18307	-	LNHIMF_01190	1	persistent	2	0	0
BENMGJ_00492	contig_31	18527	19579	+	LNHIMF_01191	1	persistent	2	0	0
BENMGJ_00493	contig_31	19631	20206	-	GEGEGB_01865	1	persistent	2	0	0
BENMGJ_00494	contig_31	20203	20775	-	BEJGEH_01936	1	persistent	2	0	0
BENMGJ_00495	contig_31	21038	21151	-	GEGEGB_01863	1	persistent	2	0	0
BENMGJ_00496	contig_31	21192	22310	-	LNHIMF_01195	1	persistent	2	0	0
BENMGJ_00497	contig_31	22423	22677	-	LNHIMF_01196	1	persistent	2	0	0
BENMGJ_00498	contig_31	22967	23212	-	LNHIMF_01197	1	persistent	2	0	0
BENMGJ_00499	contig_31	23286	24332	-	LNHIMF_01198	1	persistent	2	0	0
BENMGJ_00500	contig_31	24436	24996	-	LNHIMF_01199	1	persistent	2	0	0
BENMGJ_00501	contig_31	25121	25768	-	GEGEGB_01857	1	persistent	2	0	0
BENMGJ_00502	contig_31	25832	27040	-	LNHIMF_01201	1	persistent	2	0	0
BENMGJ_00503	contig_31	27277	27861	+	LNHIMF_01202	1	persistent	2	0	0
BENMGJ_00504	contig_31	27897	28544	+	GEGEGB_01854	1	persistent	2	0	0
BENMGJ_00505	contig_31	28546	29469	+	LNHIMF_01204	1	persistent	2	0	0
BENMGJ_00506	contig_31	29734	31308	+	LNHIMF_01205	1	persistent	2	0	0
BENMGJ_00507	contig_31	31390	31812	-	GEGEGB_01851	1	persistent	2	0	0
BENMGJ_00508	contig_31	31817	32110	-	LNHIMF_01207	1	persistent	2	0	0
BENMGJ_00509	contig_31	32202	32861	-	GEGEGB_01849	1	persistent	2	0	0
BENMGJ_00510	contig_31	33018	33434	+	LNHIMF_01209	1	persistent	2	0	0
BENMGJ_00511	contig_31	33438	33842	+	GEGEGB_01847	1	persistent	2	0	0
BENMGJ_00512	contig_31	33854	34552	+	GEGEGB_01846	1	persistent	2	0	0
BENMGJ_00513	contig_31	34579	35790	+	GEGEGB_01845	1	persistent	2	0	0
BENMGJ_00514	contig_31	35811	36566	+	LNHIMF_01213	1	persistent	2	0	0
BENMGJ_00515	contig_31	36580	37362	+	GEGEGB_01843	1	persistent	2	0	0
BENMGJ_00516	contig_31	37450	38115	+	GEGEGB_01842	1	persistent	2	0	0
BENMGJ_00517	contig_31	38127	39224	+	GEGEGB_01841	1	persistent	2	0	0
BENMGJ_00518	contig_31	39224	40174	+	GEGEGB_01840	1	persistent	2	0	0
BENMGJ_00519	contig_31	40239	41900	+	GEGEGB_01839	1	persistent	2	0	0
BENMGJ_00520	contig_31	41915	42868	+	LNHIMF_01219	1	persistent	2	1	0
BENMGJ_00521	contig_31	43125	46328	-	ONMMKP_00953	1	persistent	2	1	1
BENMGJ_00522	contig_31	46818	47861	+	LNHIMF_01221	1	persistent	3	0	0
BENMGJ_00523	contig_31	47999	48760	+	BEJGEH_01907	1	persistent	3	0	0
BENMGJ_00524	contig_31	48963	49187	+	LNHIMF_01223	1	persistent	2	0	0
BENMGJ_00525	contig_31	49258	49842	-	LNHIMF_01224	1	persistent	4	0	0
BENMGJ_00526	contig_32	191	2764	-	GEGEGB_02756	1	persistent	3	0	1
BENMGJ_00528	contig_32	2894	3625	-	LNHIMF_02753	1	persistent	2	0	0
BENMGJ_00529	contig_32	3622	4602	-	GEGEGB_02759	1	persistent	2	0	0
BENMGJ_00530	contig_32	4734	5471	+	BEJGEH_02653	1	persistent	2	0	0
BENMGJ_00531	contig_32	5743	6081	+	GEGEGB_02761	1	persistent	2	0	1
BENMGJ_00532	contig_32	6332	7492	+	LNHIMF_02757	1	persistent	2	0	1
BENMGJ_00533	contig_32	7453	8361	-	LNHIMF_02758	1	persistent	2	0	0
BENMGJ_00534	contig_32	8419	9540	-	GEGEGB_02764	1	persistent	2	0	0
BENMGJ_00535	contig_32	9550	10620	-	GEGEGB_02765	1	persistent	2	0	0
BENMGJ_00536	contig_32	11060	11578	+	GEGEGB_02766	1	persistent	2	0	0
BENMGJ_00537	contig_32	11571	12791	+	LNHIMF_02762	1	persistent	2	0	0
BENMGJ_00538	contig_32	12948	13295	-	GEGEGB_02768	1	persistent	2	0	0
BENMGJ_00539	contig_32	13336	14103	-	GEGEGB_02769	1	persistent	2	0	0
BENMGJ_00540	contig_32	14148	14696	-	GEGEGB_02770	1	persistent	2	0	0
BENMGJ_00541	contig_32	14715	14963	-	GEGEGB_02771	1	persistent	2	0	1
BENMGJ_00542	contig_32	15277	16638	-	GEGEGB_02772	1	persistent	2	0	1
BENMGJ_00543	contig_32	16804	17595	+	GEGEGB_02773	1	persistent	2	0	0
BENMGJ_00544	contig_32	17660	18901	+	GEGEGB_02774	1	persistent	2	0	1
BENMGJ_00545	contig_32	19022	19627	+	BEJGEH_02701	1	persistent	2	0	1
BENMGJ_00546	contig_32	19662	20252	-	LNHIMF_02771	1	persistent	2	0	1
BENMGJ_00547	contig_32	20375	21253	+	AJBGEP_02882	1	persistent	2	0	1
BENMGJ_00548	contig_32	21339	23000	+	LNHIMF_02773	1	persistent	2	0	0
BENMGJ_00549	contig_32	23149	23487	+	GEGEGB_02779	1	persistent	2	0	0
BENMGJ_00550	contig_32	23653	23943	-	LNHIMF_02775	1	persistent	2	0	0
BENMGJ_00551	contig_32	23933	24370	-	GEGEGB_02781	1	persistent	2	0	0
BENMGJ_00552	contig_32	24514	25041	+	GEGEGB_02782	1	persistent	2	0	0
BENMGJ_00553	contig_32	25657	37131	+	GEGEGB_02783	1	persistent	2	0	0
BENMGJ_00555	contig_32	37196	38605	+	LNHIMF_02780	1	persistent	2	0	0
BENMGJ_00556	contig_32	38602	40782	+	LNHIMF_02781	1	persistent	2	0	0
BENMGJ_00557	contig_32	40763	41953	+	LNHIMF_02782	1	persistent	1	2	6
BENMGJ_00559	contig_32	42553	43617	+	AJBGEP_02894	1	cloud	1	0	3
BENMGJ_00560	contig_32	43709	43798	+	AJBGEP_02895	1	cloud	0	0	2
BENMGJ_00561	contig_32	43800	44438	+	AJBGEP_02896	1	cloud	0	0	2
BENMGJ_00562	contig_32	44882	46021	+	AJBGEP_02897	1	cloud	0	0	2
BENMGJ_00563	contig_32	46356	47168	-	AJBGEP_02898	1	cloud	0	0	2
BENMGJ_00564	contig_32	47634	47849	+	AJBGEP_02899	1	cloud	0	0	2
BENMGJ_00565	contig_32	47885	49954	+	AJBGEP_02900	1	cloud	0	0	2
BENMGJ_00568	contig_33	502	1701	-	LNHIMF_03988	1	persistent	2	0	0
BENMGJ_00569	contig_33	1701	2870	-	GEGEGB_03545	1	persistent	2	0	0
BENMGJ_00570	contig_33	2892	3632	-	LNHIMF_03990	1	persistent	2	0	0
BENMGJ_00571	contig_33	3629	4591	-	GEGEGB_03543	1	persistent	2	0	0
BENMGJ_00572	contig_33	4947	7493	+	GEGEGB_03542	1	persistent	2	1	0
BENMGJ_00573	contig_33	7571	7891	-	GEGEGB_03538	1	persistent	2	1	0
BENMGJ_00574	contig_33	7961	8350	-	LNHIMF_03994	1	persistent	1	2	1
BENMGJ_00575	contig_33	8329	8568	-	BENMGJ_00575	1	shell	1	1	0
BENMGJ_00576	contig_33	8607	8858	-	HFCAGB_04192	1	shell	2	1	0
BENMGJ_00577	contig_33	9044	9247	+	GEGEGB_03535	1	persistent	1	1	1
BENMGJ_00578	contig_33	9284	10108	+	GEGEGB_03534	1	persistent	2	0	0
BENMGJ_00579	contig_33	10105	10812	+	GEGEGB_03533	1	persistent	2	0	0
BENMGJ_00580	contig_33	10809	11711	+	GEGEGB_03532	1	persistent	2	0	0
BENMGJ_00581	contig_33	11711	12427	+	GEGEGB_03531	1	persistent	2	0	0
BENMGJ_00582	contig_33	12563	14725	+	LNHIMF_04001	1	persistent	2	0	0
BENMGJ_00583	contig_33	15197	16147	+	GEGEGB_03529	1	persistent	2	2	0
BENMGJ_00584	contig_33	16195	16668	-	HFCAGB_04200	1	shell	1	1	0
BENMGJ_00585	contig_33	16750	17046	+	HFCAGB_04201	1	shell	1	1	0
BENMGJ_00586	contig_33	17086	17973	-	HFCAGB_04202	1	persistent	2	2	0
BENMGJ_00587	contig_33	18017	18484	-	GEGEGB_03525	1	persistent	2	0	0
BENMGJ_00588	contig_33	18649	19518	+	GEGEGB_03524	1	persistent	2	0	0
BENMGJ_00589	contig_33	19584	21431	+	GEGEGB_03523	1	persistent	2	0	0
BENMGJ_00590	contig_33	21495	22115	+	GEGEGB_03522	1	persistent	2	0	0
BENMGJ_00591	contig_33	22155	22775	-	GEGEGB_03521	1	persistent	2	0	0
BENMGJ_00592	contig_33	22886	23902	+	LNHIMF_04009	1	persistent	2	0	0
BENMGJ_00593	contig_33	23918	24718	+	LNHIMF_04010	1	persistent	2	0	0
BENMGJ_00594	contig_33	24799	25698	+	GEGEGB_03518	1	persistent	2	0	0
BENMGJ_00595	contig_33	25586	26539	-	GEGEGB_03517	1	persistent	2	0	0
BENMGJ_00596	contig_33	26788	29052	+	LNHIMF_04013	1	persistent	2	0	0
BENMGJ_00597	contig_33	29444	30739	+	LNHIMF_04014	1	persistent	2	0	0
BENMGJ_00598	contig_33	30819	31631	-	GEGEGB_03514	1	persistent	2	0	0
BENMGJ_00599	contig_33	31890	32651	+	GEGEGB_03513	1	persistent	2	0	0
BENMGJ_00600	contig_33	32791	34221	+	GEGEGB_03512	1	persistent	2	0	0
BENMGJ_00601	contig_33	34317	35072	+	GEGEGB_03511	1	persistent	2	0	0
BENMGJ_00602	contig_33	35082	35687	+	GEGEGB_03510	1	persistent	2	0	0
BENMGJ_00604	contig_33	35684	37324	+	GEGEGB_03508	1	persistent	2	0	0
BENMGJ_00605	contig_33	37530	37784	+	GEGEGB_03507	1	persistent	2	0	0
BENMGJ_00606	contig_33	37788	38336	+	GEGEGB_03506	1	persistent	2	0	0
BENMGJ_00607	contig_33	38339	39118	+	GEGEGB_03505	1	persistent	2	0	0
BENMGJ_00608	contig_33	39148	39942	+	GEGEGB_03504	1	persistent	2	0	0
BENMGJ_00609	contig_33	39950	40438	-	LNHIMF_04026	1	persistent	2	0	0
BENMGJ_00610	contig_33	40624	42102	+	GEGEGB_03502	1	persistent	2	0	0
BENMGJ_00611	contig_33	42188	42889	+	LNHIMF_04028	1	persistent	2	0	0
BENMGJ_00612	contig_33	43143	44966	+	GEGEGB_03500	1	persistent	2	0	0
BENMGJ_00613	contig_33	45163	46326	-	GEGEGB_03499	1	persistent	2	0	0
BENMGJ_00614	contig_33	46336	48525	-	GEGEGB_03498	1	persistent	2	0	0
BENMGJ_00615	contig_33	48715	50046	+	GEGEGB_03497	1	persistent	2	0	0
BENMGJ_00616	contig_33	50046	50660	+	BEJGEH_04039	1	persistent	2	0	0
BENMGJ_00617	contig_33	50699	52150	+	GEGEGB_03495	1	persistent	2	0	0
BENMGJ_00618	contig_33	52162	52707	+	GEGEGB_03494	1	persistent	3	0	0
BENMGJ_00620	contig_34	107	373	-	HFCAGB_04723	1	shell	1	1	8
BENMGJ_00621	contig_34	826	1464	-	AJBGEP_02926	1	cloud	0	1	1
BENMGJ_00622	contig_34	1461	3443	-	AJBGEP_02927	1	cloud	0	1	1
BENMGJ_00623	contig_34	3722	4021	+	HFCAGB_00344	1	shell	0	3	2
BENMGJ_00624	contig_34	4018	4884	+	AJBGEP_02929	1	shell	2	6	2
BENMGJ_00625	contig_34	5664	6134	-	AJBGEP_02930	1	shell	1	2	5
BENMGJ_00626	contig_34	6271	7791	-	AJBGEP_02931	1	shell	2	2	0
BENMGJ_00627	contig_34	7883	8446	+	LNHIMF_02806	1	shell	1	1	1
BENMGJ_00628	contig_34	9419	10534	+	GEGEGB_02814	1	persistent	1	2	2
BENMGJ_00629	contig_34	10615	14271	+	HFCAGB_02977	1	persistent	2	0	0
BENMGJ_00630	contig_34	14381	15625	+	LNHIMF_02809	1	persistent	2	0	0
BENMGJ_00631	contig_34	15657	16592	+	HFCAGB_02979	1	persistent	2	0	0
BENMGJ_00632	contig_34	16634	18808	-	LNHIMF_02811	1	persistent	2	1	1
BENMGJ_00633	contig_34	19340	19651	-	BEJGEH_02765	1	shell	2	0	0
BENMGJ_00634	contig_34	19847	20899	-	LNHIMF_02813	1	persistent	2	1	1
BENMGJ_00635	contig_34	21418	22347	+	GEGEGB_02820	1	persistent	2	0	0
BENMGJ_00636	contig_34	22641	23537	+	GEGEGB_02821	1	persistent	2	0	0
BENMGJ_00637	contig_34	24053	24166	+	GEGEGB_02822	1	persistent	2	0	0
BENMGJ_00638	contig_34	24259	25272	-	LNHIMF_02817	1	persistent	2	0	0
BENMGJ_00639	contig_34	25405	26820	-	GEGEGB_02824	1	persistent	2	0	0
BENMGJ_00640	contig_34	26807	27481	-	LNHIMF_02819	1	persistent	2	0	0
BENMGJ_00641	contig_34	27636	28613	+	LNHIMF_02820	1	persistent	2	0	0
BENMGJ_00642	contig_34	28628	29059	+	GEGEGB_02827	1	persistent	2	0	0
BENMGJ_00643	contig_34	29070	30584	+	LNHIMF_02822	1	persistent	2	0	1
BENMGJ_00644	contig_34	30887	31864	+	GEGEGB_02829	1	persistent	2	0	1
BENMGJ_00645	contig_34	31890	33158	+	LNHIMF_02824	1	persistent	2	0	0
BENMGJ_00646	contig_34	33180	34628	+	BEJGEH_02778	1	persistent	2	0	0
BENMGJ_00647	contig_34	34643	35926	+	LNHIMF_02827	1	persistent	2	0	0
BENMGJ_00648	contig_34	36056	37456	+	BEJGEH_02780	1	persistent	2	0	0
BENMGJ_00649	contig_34	37498	38175	+	GEGEGB_02835	1	persistent	2	0	1
BENMGJ_00650	contig_34	38197	38646	-	LNHIMF_02830	1	persistent	2	0	0
BENMGJ_00651	contig_34	38746	38904	-	GEGEGB_02838	1	persistent	2	0	1
BENMGJ_00652	contig_34	39087	39386	+	LNHIMF_02832	1	persistent	2	0	0
BENMGJ_00653	contig_34	39396	39923	+	GEGEGB_02840	1	persistent	3	0	0
BENMGJ_00654	contig_34	40002	40181	+	LNHIMF_02834	1	persistent	2	0	0
BENMGJ_00655	contig_34	40271	40672	-	GEGEGB_02842	1	persistent	3	0	0
BENMGJ_00656	contig_34	41371	41820	+	LNHIMF_02836	1	persistent	2	0	0
BENMGJ_00657	contig_34	41855	42205	-	GEGEGB_02844	1	persistent	2	0	0
BENMGJ_00658	contig_34	42367	42693	+	GEGEGB_02845	1	persistent	2	0	0
BENMGJ_00659	contig_34	42777	44111	-	LNHIMF_02839	1	persistent	2	0	0
BENMGJ_00660	contig_34	44200	44631	+	LNHIMF_02840	1	persistent	2	0	0
BENMGJ_00661	contig_34	44903	45148	+	LNHIMF_02841	1	persistent	2	0	0
BENMGJ_00662	contig_34	45145	45555	+	LNHIMF_02842	1	persistent	2	0	0
BENMGJ_00663	contig_34	45555	47672	+	LNHIMF_02843	1	persistent	2	0	0
BENMGJ_00664	contig_34	47683	48642	+	LNHIMF_02844	1	persistent	2	0	1
BENMGJ_00665	contig_34	48997	50199	+	LNHIMF_02845	1	persistent	2	0	1
BENMGJ_00666	contig_34	50192	51256	+	GEGEGB_02855	1	persistent	2	0	0
BENMGJ_00667	contig_34	51326	52321	+	GEGEGB_02856	1	persistent	2	0	0
BENMGJ_00668	contig_34	52486	53670	+	LNHIMF_02848	1	persistent	2	0	0
BENMGJ_00669	contig_34	54167	54697	+	GEGEGB_02858	1	persistent	2	0	0
BENMGJ_00670	contig_34	54824	55996	+	LNHIMF_02850	1	persistent	2	0	0
BENMGJ_00671	contig_34	56013	57551	+	LNHIMF_02851	1	persistent	2	0	0
BENMGJ_00672	contig_34	57600	58970	-	GEGEGB_02861	1	persistent	2	0	0
BENMGJ_00674	contig_34	59316	59831	-	GEGEGB_02863	1	persistent	2	0	0
BENMGJ_00676	contig_34	59981	61537	-	LNHIMF_02856	1	persistent	2	0	0
BENMGJ_00677	contig_34	61614	62039	-	GEGEGB_02866	1	persistent	2	0	0
BENMGJ_00678	contig_34	62036	62602	-	GEGEGB_02867	1	persistent	2	0	0
BENMGJ_00683	contig_35	68	1441	+	LNHIMF_00044	1	persistent	2	0	1
BENMGJ_00684	contig_35	1481	3520	+	LNHIMF_00043	1	persistent	2	0	0
BENMGJ_00685	contig_35	3575	4468	-	GEGEGB_00045	1	persistent	2	0	0
BENMGJ_00686	contig_35	4536	5702	-	LNHIMF_00041	1	persistent	2	0	1
BENMGJ_00687	contig_35	5865	6026	-	LNHIMF_00040	1	persistent	1	1	1
BENMGJ_00688	contig_35	6014	6271	-	PAPNPA_03530	1	cloud	2	0	1
BENMGJ_00689	contig_35	6390	7643	-	PAPNPA_03529	1	cloud	0	0	2
BENMGJ_00690	contig_35	7661	8857	-	ONMMKP_02145	1	cloud	1	0	1
BENMGJ_00691	contig_35	8961	10454	-	LNHIMF_00037	1	persistent	0	2	2
BENMGJ_00692	contig_35	10475	11239	-	ALJMDI_04058	1	cloud	1	0	2
BENMGJ_00693	contig_35	11823	12170	-	PAPNPA_03525	1	cloud	0	0	2
BENMGJ_00694	contig_35	12195	12407	-	PAPNPA_03524	1	cloud	1	0	3
BENMGJ_00695	contig_35	13155	13604	+	GEGEGB_00034	1	persistent	1	1	1
BENMGJ_00696	contig_35	13704	13991	-	LNHIMF_00030	1	persistent	2	1	0
BENMGJ_00697	contig_35	14030	14875	-	LNHIMF_00029	1	persistent	2	0	1
BENMGJ_00698	contig_35	14940	15671	-	LNHIMF_00028	1	persistent	2	0	0
BENMGJ_00699	contig_35	15637	16155	-	GEGEGB_00030	1	persistent	2	0	0
BENMGJ_00700	contig_35	16171	16716	-	LNHIMF_00026	1	persistent	2	0	0
BENMGJ_00701	contig_35	16717	17724	-	LNHIMF_00025	1	persistent	2	0	0
BENMGJ_00702	contig_35	17725	20346	-	LNHIMF_00024	1	persistent	2	0	0
BENMGJ_00703	contig_35	20351	21037	-	LNHIMF_00023	1	persistent	2	0	0
BENMGJ_00704	contig_35	21138	21680	-	LNHIMF_00022	1	persistent	2	0	0
BENMGJ_00705	contig_35	22110	22814	-	BEJGEH_00022	1	persistent	2	0	0
BENMGJ_00706	contig_35	23095	26091	-	LNHIMF_00020	1	persistent	2	0	0
BENMGJ_00707	contig_35	26183	28282	-	BEJGEH_00020	1	persistent	2	0	0
BENMGJ_00708	contig_35	28663	29106	+	GEGEGB_00018	1	persistent	2	0	0
BENMGJ_00709	contig_35	29123	29656	+	LNHIMF_00017	1	persistent	2	0	0
BENMGJ_00710	contig_35	29717	30061	-	LNHIMF_00016	1	persistent	2	0	0
BENMGJ_00711	contig_35	30188	31135	-	GEGEGB_00015	1	persistent	2	0	1
BENMGJ_00712	contig_35	31329	31469	+	BEJGEH_00015	1	cloud	2	0	0
BENMGJ_00713	contig_35	31416	32555	-	GEGEGB_00014	1	persistent	2	0	1
BENMGJ_00715	contig_35	32641	34557	-	GEGEGB_00012	1	persistent	2	0	0
BENMGJ_00716	contig_35	34906	35310	+	GEGEGB_00011	1	persistent	2	0	0
BENMGJ_00717	contig_35	35346	36059	+	GEGEGB_00010	1	persistent	2	0	0
BENMGJ_00718	contig_35	36209	36775	+	GEGEGB_00009	1	persistent	2	0	0
BENMGJ_00719	contig_35	36832	37422	-	GEGEGB_00008	1	persistent	2	0	0
BENMGJ_00720	contig_35	37533	38486	-	GEGEGB_00007	1	persistent	2	0	0
BENMGJ_00721	contig_35	38755	40185	+	GEGEGB_00006	1	persistent	2	0	0
BENMGJ_00722	contig_35	40264	41037	+	GEGEGB_00005	1	persistent	2	0	0
BENMGJ_00723	contig_35	41130	42416	-	GEGEGB_00004	1	persistent	2	0	0
BENMGJ_00724	contig_35	42420	43349	-	GEGEGB_00003	1	persistent	2	0	0
BENMGJ_00725	contig_35	43351	45813	-	GEGEGB_00002	1	persistent	2	0	0
BENMGJ_00726	contig_35	45895	45981	-	GEGEGB_00001	1	persistent	2	0	0
BENMGJ_00727	contig_35	46174	46860	-	LNHIMF_04663	1	persistent	2	0	0
BENMGJ_00728	contig_35	47496	48212	+	GEGEGB_04897	1	persistent	2	0	1
BENMGJ_00729	contig_35	48479	48793	+	BEJGEH_04700	1	persistent	2	0	0
BENMGJ_00730	contig_35	49178	49849	+	GEGEGB_04895	1	persistent	2	0	1
BENMGJ_00731	contig_35	50188	50733	+	LNHIMF_04659	1	persistent	2	0	0
BENMGJ_00732	contig_35	50804	51487	+	LNHIMF_04658	1	persistent	2	0	0
BENMGJ_00734	contig_35	52841	54070	+	LNHIMF_04657	1	persistent	2	0	0
BENMGJ_00735	contig_35	54088	54645	+	LNHIMF_04656	1	persistent	2	0	1
BENMGJ_00736	contig_35	54686	55771	+	BEJGEH_04694	1	persistent	2	0	0
BENMGJ_00737	contig_35	55829	57178	-	GEGEGB_04888	1	persistent	2	0	1
BENMGJ_00738	contig_35	57236	58660	-	BEJGEH_04692	1	persistent	2	0	0
BENMGJ_00739	contig_35	58660	59349	-	LNHIMF_04652	1	persistent	2	0	0
BENMGJ_00740	contig_35	59362	59850	-	GEGEGB_04885	1	persistent	2	0	0
BENMGJ_00741	contig_35	59840	59947	-	LNHIMF_04650	1	persistent	2	0	0
BENMGJ_00742	contig_35	60047	60916	+	LNHIMF_04649	1	persistent	2	0	0
BENMGJ_00743	contig_35	60913	61560	-	LNHIMF_04648	1	persistent	2	0	1
BENMGJ_00744	contig_35	61609	62124	+	BEJGEH_04686	1	persistent	2	0	0
BENMGJ_00745	contig_35	62226	62552	-	GEGEGB_04880	1	persistent	2	0	1
BENMGJ_00746	contig_35	62610	64547	-	GEGEGB_04879	1	persistent	2	0	0
BENMGJ_00747	contig_35	64756	66423	+	LNHIMF_04644	1	persistent	2	0	0
BENMGJ_00748	contig_35	66541	67872	-	GEGEGB_04877	1	persistent	2	0	0
BENMGJ_00749	contig_35	67914	69296	-	GEGEGB_04876	1	persistent	2	0	0
BENMGJ_00750	contig_35	69380	70348	-	GEGEGB_04875	1	persistent	2	0	0
BENMGJ_00751	contig_35	70465	71109	+	GEGEGB_04874	1	persistent	2	0	0
BENMGJ_00752	contig_35	71143	72159	+	BEJGEH_04678	1	persistent	1	1	2
BENMGJ_00753	contig_35	72472	73161	+	AJBGEP_04792	1	shell	1	1	0
BENMGJ_00754	contig_35	73209	73898	+	BEJGEH_04676	1	shell	0	2	0
BENMGJ_00755	contig_35	73976	74683	+	BEJGEH_04675	1	shell	0	2	0
BENMGJ_00756	contig_35	74697	77105	+	BEJGEH_04674	1	shell	0	2	0
BENMGJ_00757	contig_35	77102	77674	+	BEJGEH_04673	1	shell	1	1	0
BENMGJ_00758	contig_35	77712	78431	-	GEGEGB_04871	1	persistent	1	1	2
BENMGJ_00759	contig_35	78641	79864	-	GEGEGB_04870	1	persistent	2	0	0
BENMGJ_00760	contig_35	79916	81238	-	GEGEGB_04869	1	persistent	2	0	0
BENMGJ_00761	contig_35	81362	82141	-	GEGEGB_04868	1	persistent	2	0	0
BENMGJ_00762	contig_35	82401	83951	+	BEJGEH_04668	1	persistent	1	2	0
BENMGJ_00763	contig_35	84199	84786	+	BEJGEH_04667	1	shell	2	0	0
BENMGJ_00764	contig_35	84819	85592	-	LNHIMF_04631	1	persistent	1	2	0
BENMGJ_00765	contig_35	85589	86683	-	LNHIMF_04630	1	persistent	2	0	0
BENMGJ_00766	contig_35	86786	86947	-	GEGEGB_04863	1	persistent	2	0	0
BENMGJ_00767	contig_35	87076	87693	-	GEGEGB_04862	1	persistent	2	0	0
BENMGJ_00768	contig_35	88095	89684	-	GEGEGB_04861	1	persistent	2	0	0
BENMGJ_00769	contig_35	89776	90456	-	LNHIMF_04626	1	persistent	2	0	0
BENMGJ_00770	contig_35	90475	90921	-	LNHIMF_04625	1	persistent	2	0	0
BENMGJ_00771	contig_35	90866	91303	-	BEJGEH_04659	1	persistent	2	0	1
BENMGJ_00772	contig_35	91406	92434	+	LNHIMF_04623	1	persistent	2	0	0
BENMGJ_00773	contig_36	51	155	+	GEGEGB_01825	1	persistent	2	0	0
BENMGJ_00774	contig_36	241	1482	+	LNHIMF_01233	1	persistent	2	0	1
BENMGJ_00775	contig_36	1606	2415	+	GEGEGB_01823	1	persistent	2	0	1
BENMGJ_00776	contig_36	2418	3440	+	BEJGEH_01895	1	persistent	2	0	0
BENMGJ_00777	contig_36	3430	4071	+	GEGEGB_01821	1	persistent	2	0	0
BENMGJ_00778	contig_36	4068	5072	+	GEGEGB_01820	1	persistent	2	0	0
BENMGJ_00779	contig_36	5083	5880	+	GEGEGB_01819	1	persistent	2	0	0
BENMGJ_00780	contig_36	6175	7608	+	GEGEGB_01818	1	persistent	2	0	0
BENMGJ_00781	contig_36	7693	9867	-	BEJGEH_01890	1	persistent	2	0	0
BENMGJ_00782	contig_36	10190	10567	+	GEGEGB_01815	1	persistent	2	0	0
BENMGJ_00783	contig_36	10570	10944	+	GEGEGB_01814	1	persistent	2	0	0
BENMGJ_00784	contig_36	10958	11596	+	LNHIMF_01249	1	persistent	2	0	0
BENMGJ_00785	contig_36	11577	12401	+	GEGEGB_01812	1	persistent	2	0	0
BENMGJ_00786	contig_36	12412	13437	+	GEGEGB_01811	1	persistent	2	0	0
BENMGJ_00787	contig_36	13462	14004	+	GEGEGB_01810	1	persistent	2	0	0
BENMGJ_00788	contig_36	14258	15562	+	GEGEGB_01809	1	persistent	2	0	1
BENMGJ_00789	contig_36	15741	16280	+	GEGEGB_01807	1	persistent	2	0	1
BENMGJ_00790	contig_36	16355	16990	-	LNHIMF_01255	1	persistent	2	0	0
BENMGJ_00791	contig_36	17232	17489	+	GEGEGB_01805	1	persistent	2	0	0
BENMGJ_00792	contig_36	17586	18551	-	LNHIMF_01257	1	persistent	2	0	0
BENMGJ_00793	contig_36	18699	20870	-	BEJGEH_01878	2	persistent	2	0	0
BENMGJ_00794	contig_36	20809	22146	-	BEJGEH_01878	2	persistent	2	0	0
BENMGJ_00795	contig_36	22484	23683	+	GEGEGB_01802	1	persistent	2	0	0
BENMGJ_00796	contig_36	23676	24377	+	GEGEGB_01801	1	persistent	2	0	0
BENMGJ_00797	contig_36	24377	25621	+	GEGEGB_01800	1	persistent	2	0	0
BENMGJ_00798	contig_36	25650	26561	+	GEGEGB_01799	1	persistent	2	0	0
BENMGJ_00799	contig_36	26580	27401	+	GEGEGB_01798	1	persistent	2	0	0
BENMGJ_00800	contig_36	27483	28529	-	GEGEGB_01797	1	persistent	2	0	0
BENMGJ_00801	contig_36	28554	29333	-	GEGEGB_01796	1	persistent	2	0	0
BENMGJ_00802	contig_36	29649	30659	-	LNHIMF_01266	1	persistent	2	0	0
BENMGJ_00803	contig_36	30988	31851	-	GEGEGB_01794	1	persistent	2	0	0
BENMGJ_00804	contig_36	31835	32971	-	LNHIMF_01268	1	persistent	2	0	0
BENMGJ_00805	contig_36	33222	34451	+	LNHIMF_01269	1	persistent	3	1	0
BENMGJ_00806	contig_36	34455	35789	+	HFCAGB_02070	1	persistent	2	1	0
BENMGJ_00807	contig_36	35829	36950	-	LNHIMF_01271	1	persistent	3	0	0
BENMGJ_00808	contig_36	37031	38494	-	GEGEGB_01789	1	persistent	2	0	0
BENMGJ_00809	contig_36	38494	39168	-	LNHIMF_01273	1	persistent	2	0	0
BENMGJ_00810	contig_36	39292	40662	-	BEJGEH_01862	1	persistent	2	0	0
BENMGJ_00811	contig_36	40666	41307	-	LNHIMF_01275	1	persistent	2	0	0
BENMGJ_00812	contig_36	41394	42500	-	GEGEGB_01785	1	persistent	2	0	0
BENMGJ_00813	contig_36	42554	43015	-	GEGEGB_01784	1	persistent	2	0	0
BENMGJ_00814	contig_36	43027	43356	-	GEGEGB_01783	1	persistent	2	0	0
BENMGJ_00815	contig_36	43353	44090	-	LNHIMF_01279	1	persistent	2	0	0
BENMGJ_00816	contig_36	44190	45440	+	GEGEGB_01781	1	persistent	2	1	1
BENMGJ_00818	contig_36	45636	46094	+	GEGEGB_00250	4	shell	58	4	2
BENMGJ_00820	contig_36	46588	47712	+	GEGEGB_01180	1	persistent	1	2	3
BENMGJ_00821	contig_36	48169	48375	-	AJBGEP_01315	1	shell	1	1	1
BENMGJ_00822	contig_36	48697	49485	-	AJBGEP_01316	1	shell	1	1	0
BENMGJ_00824	contig_36	49975	50214	-	LNHIMF_01289	1	persistent	1	1	2
BENMGJ_00825	contig_36	50405	50926	-	GEGEGB_01187	1	persistent	2	0	1
BENMGJ_00826	contig_36	51684	51947	-	HFCAGB_02052	1	persistent	2	0	2
BENMGJ_00828	contig_36	52758	53315	+	BEJGEH_01844	1	persistent	2	0	1
BENMGJ_00831	contig_36	54552	54896	-	LNHIMF_01296	1	persistent	2	0	0
BENMGJ_00832	contig_36	55531	55704	-	GEGEGB_01195	1	persistent	2	0	0
BENMGJ_00833	contig_36	56023	56490	+	GEGEGB_01196	1	persistent	2	0	0
BENMGJ_00834	contig_36	56829	57872	+	LNHIMF_01299	1	persistent	2	0	0
BENMGJ_00835	contig_36	57954	58484	-	GEGEGB_01198	1	persistent	2	0	0
BENMGJ_00836	contig_36	58633	58947	-	GEGEGB_01199	1	persistent	2	0	0
BENMGJ_00837	contig_36	59677	61263	+	LNHIMF_01302	1	persistent	2	0	0
BENMGJ_00838	contig_36	61263	62237	+	GEGEGB_01201	1	persistent	2	0	0
BENMGJ_00839	contig_36	62227	63039	+	GEGEGB_01202	1	persistent	2	0	0
BENMGJ_00840	contig_36	63033	63830	+	GEGEGB_01203	1	persistent	2	0	0
BENMGJ_00841	contig_36	63824	64414	+	HFCAGB_02036	1	persistent	2	0	0
BENMGJ_00842	contig_36	64496	65629	-	GEGEGB_01205	1	persistent	2	0	0
BENMGJ_00843	contig_36	65823	66149	+	GEGEGB_01206	1	persistent	2	0	0
BENMGJ_00846	contig_36	66343	66993	+	GEGEGB_01209	1	persistent	2	0	0
BENMGJ_00847	contig_36	67101	67889	+	LNHIMF_01312	1	persistent	2	0	0
BENMGJ_00848	contig_36	68034	68627	+	GEGEGB_01211	1	persistent	2	0	0
BENMGJ_00849	contig_36	68696	69544	+	LNHIMF_01314	1	persistent	2	0	0
BENMGJ_00850	contig_36	69799	70047	-	LNHIMF_01315	1	persistent	2	0	0
BENMGJ_00851	contig_36	70364	70909	+	LNHIMF_01316	1	persistent	2	0	0
BENMGJ_00852	contig_36	71106	71744	+	GEGEGB_01215	1	persistent	2	0	0
BENMGJ_00853	contig_36	71917	72279	+	GEGEGB_01216	1	persistent	2	0	0
BENMGJ_00854	contig_36	72282	72464	+	GEGEGB_01217	1	persistent	2	0	0
BENMGJ_00855	contig_36	72694	73335	+	LNHIMF_01320	1	persistent	2	0	0
BENMGJ_00857	contig_36	73649	73897	+	GEGEGB_01220	1	persistent	2	1	0
BENMGJ_00858	contig_36	74330	74581	+	GEGEGB_01223	1	persistent	2	1	0
BENMGJ_00859	contig_36	74650	74961	+	GEGEGB_01224	1	persistent	2	0	0
BENMGJ_00860	contig_36	74947	75294	-	GEGEGB_01225	1	persistent	2	0	0
BENMGJ_00861	contig_36	75413	76597	-	LNHIMF_01326	1	persistent	2	0	0
BENMGJ_00862	contig_36	76698	77492	+	LNHIMF_01327	1	persistent	2	0	0
BENMGJ_00863	contig_36	77472	77918	-	GEGEGB_01228	1	persistent	2	0	0
BENMGJ_00864	contig_36	78124	78231	+	BEJGEH_01808	1	persistent	2	0	0
BENMGJ_00865	contig_36	78228	78755	-	GEGEGB_01230	1	persistent	2	0	0
BENMGJ_00866	contig_36	78796	80289	-	LNHIMF_01331	1	persistent	2	0	3
BENMGJ_00867	contig_36	80930	82216	-	PAPNPA_01180	1	persistent	2	0	3
BENMGJ_00868	contig_36	82339	84273	-	LNHIMF_01334	1	persistent	2	0	0
BENMGJ_00869	contig_36	84699	85445	+	GEGEGB_01235	1	persistent	2	0	0
BENMGJ_00870	contig_36	85735	86931	+	LNHIMF_01336	1	persistent	2	0	0
BENMGJ_00871	contig_36	87037	87885	+	GEGEGB_01237	1	persistent	2	0	0
BENMGJ_00872	contig_36	87984	88868	-	LNHIMF_01338	1	persistent	2	0	0
BENMGJ_00873	contig_36	89201	90196	-	GEGEGB_01240	1	persistent	2	0	2
BENMGJ_00874	contig_36	90538	90951	+	GEGEGB_01241	1	persistent	2	0	0
BENMGJ_00875	contig_36	90993	91271	+	GEGEGB_01242	1	persistent	2	0	2
BENMGJ_00876	contig_36	91623	92279	-	LNHIMF_01342	1	persistent	2	0	1
BENMGJ_00877	contig_36	92306	93394	-	LNHIMF_01343	1	persistent	2	0	0
BENMGJ_00878	contig_36	93418	95274	-	GEGEGB_01245	1	persistent	2	0	0
BENMGJ_00879	contig_36	95448	95999	+	GEGEGB_01246	1	persistent	2	0	0
BENMGJ_00880	contig_36	96117	97160	+	LNHIMF_01346	1	persistent	2	0	0
BENMGJ_00881	contig_36	97138	99114	+	GEGEGB_01248	1	persistent	2	0	0
BENMGJ_00882	contig_36	99144	100487	-	LNHIMF_01348	1	persistent	2	0	0
BENMGJ_00883	contig_36	100726	101001	+	LNHIMF_01349	1	persistent	2	0	0
BENMGJ_00884	contig_36	100961	101377	-	LNHIMF_01350	1	persistent	2	0	0
BENMGJ_00885	contig_36	101450	102328	-	GEGEGB_01252	1	persistent	2	0	0
BENMGJ_00886	contig_36	102702	103928	+	GEGEGB_01253	1	persistent	2	0	0
BENMGJ_00887	contig_36	103919	104953	+	LNHIMF_01353	1	persistent	2	0	0
BENMGJ_00888	contig_36	104950	106428	+	HFCAGB_01981	1	persistent	2	0	0
BENMGJ_00889	contig_36	106425	107768	+	GEGEGB_01257	1	persistent	2	0	0
BENMGJ_00890	contig_36	107761	108729	+	LNHIMF_01356	1	persistent	2	0	0
BENMGJ_00891	contig_36	108766	108981	+	GEGEGB_01259	1	persistent	2	0	0
BENMGJ_00892	contig_36	109065	109550	+	LNHIMF_01358	1	persistent	2	0	0
BENMGJ_00893	contig_36	109625	110506	-	GEGEGB_01261	1	persistent	2	0	0
BENMGJ_00894	contig_36	110627	111454	-	GEGEGB_01262	1	persistent	2	0	0
BENMGJ_00895	contig_36	111673	112014	+	GEGEGB_01263	1	persistent	2	0	1
BENMGJ_00896	contig_36	112315	112635	+	GEGEGB_01264	1	persistent	2	0	0
BENMGJ_00897	contig_36	112718	114076	+	GEGEGB_01265	1	persistent	2	0	1
BENMGJ_00898	contig_36	114127	114474	+	GEGEGB_01266	1	persistent	2	0	0
BENMGJ_00899	contig_36	114488	115327	+	GEGEGB_01267	1	persistent	2	0	0
BENMGJ_00900	contig_36	115452	116807	+	LNHIMF_01366	1	persistent	2	0	0
BENMGJ_00901	contig_36	116820	117578	+	LNHIMF_01367	1	persistent	2	1	0
BENMGJ_00902	contig_36	117622	119874	-	LNHIMF_01368	1	persistent	2	1	0
BENMGJ_00903	contig_36	120239	120481	+	GEGEGB_01273	1	persistent	2	0	0
BENMGJ_00904	contig_36	120583	121974	-	LNHIMF_01370	1	persistent	2	0	0
BENMGJ_00905	contig_36	122111	122710	-	LNHIMF_01371	1	persistent	2	0	0
BENMGJ_00906	contig_36	122848	123516	-	LNHIMF_01372	1	persistent	2	0	0
BENMGJ_00907	contig_36	123665	124201	+	GEGEGB_01277	1	persistent	2	0	0
BENMGJ_00908	contig_36	124244	125104	-	GEGEGB_01278	1	persistent	2	0	0
BENMGJ_00909	contig_36	125211	125501	-	GEGEGB_01279	1	persistent	2	0	0
BENMGJ_00910	contig_36	125597	126529	-	LNHIMF_01376	1	persistent	2	0	0
BENMGJ_00911	contig_36	126818	127576	+	GEGEGB_01281	1	persistent	2	0	0
BENMGJ_00912	contig_36	127625	128584	-	GEGEGB_01282	1	persistent	3	0	0
BENMGJ_00913	contig_36	128726	129040	+	GEGEGB_01283	1	persistent	2	0	0
BENMGJ_00914	contig_36	129037	129891	+	LNHIMF_01380	1	persistent	3	1	1
BENMGJ_00915	contig_36	130593	131816	-	GEGEGB_01285	1	shell	2	1	0
BENMGJ_00916	contig_36	131997	132125	-	AJBGEP_01410	1	shell	1	1	0
BENMGJ_00917	contig_36	132708	134636	+	GEGEGB_01287	1	persistent	3	2	0
BENMGJ_00918	contig_37	110	961	-	GEGEGB_03684	1	persistent	2	0	0
BENMGJ_00919	contig_37	906	2750	-	LNHIMF_04178	1	persistent	2	0	0
BENMGJ_00920	contig_37	3124	4224	+	LNHIMF_04177	1	persistent	2	0	0
BENMGJ_00921	contig_37	4271	4630	-	GEGEGB_03687	1	persistent	2	0	0
BENMGJ_00922	contig_37	4646	5281	-	GEGEGB_03688	1	persistent	2	0	0
BENMGJ_00923	contig_37	5480	6880	+	GEGEGB_03689	1	persistent	2	0	0
BENMGJ_00924	contig_37	6863	7780	-	GEGEGB_03690	1	persistent	2	0	0
BENMGJ_00926	contig_37	8065	9441	-	LNHIMF_04171	1	persistent	2	0	0
BENMGJ_00927	contig_37	9558	10334	-	GEGEGB_03693	1	persistent	2	0	0
BENMGJ_00928	contig_37	10342	11346	-	GEGEGB_03694	1	persistent	2	0	0
BENMGJ_00929	contig_37	11435	12586	+	GEGEGB_03695	1	persistent	2	0	0
BENMGJ_00930	contig_37	12955	15606	+	LNHIMF_04167	1	persistent	2	0	0
BENMGJ_00931	contig_37	15817	17550	+	GEGEGB_03697	1	persistent	2	0	0
BENMGJ_00932	contig_37	17711	18547	+	HFCAGB_04375	1	persistent	1	1	1
BENMGJ_00933	contig_37	18653	18775	-	GEGEGB_03699	1	cloud	2	0	0
BENMGJ_00934	contig_37	18802	19464	+	BEJGEH_04175	1	persistent	1	1	1
BENMGJ_00935	contig_37	19476	20579	+	LNHIMF_04162	1	persistent	3	0	0
BENMGJ_00936	contig_37	20838	21461	+	BEJGEH_04173	1	persistent	2	0	0
BENMGJ_00937	contig_37	21519	23699	-	GEGEGB_03702	1	persistent	3	0	0
BENMGJ_00938	contig_37	23864	24754	-	GEGEGB_03703	1	persistent	2	0	1
BENMGJ_00939	contig_37	24949	26505	-	GEGEGB_03707	1	persistent	2	0	1
BENMGJ_00940	contig_37	26641	27765	+	LNHIMF_04158	1	persistent	2	0	1
BENMGJ_00941	contig_37	28000	28998	+	BEJGEH_04168	1	persistent	2	0	0
BENMGJ_00942	contig_37	29001	29858	+	HFCAGB_04356	1	persistent	2	0	0
BENMGJ_00943	contig_37	29974	32406	-	IKCLMC_00748	1	persistent	2	0	1
BENMGJ_00944	contig_37	32409	33569	-	LNHIMF_04155	1	persistent	2	0	0
BENMGJ_00945	contig_37	33834	34151	+	GEGEGB_03712	1	persistent	2	0	0
BENMGJ_00946	contig_37	34607	36397	+	LNHIMF_04153	1	persistent	2	0	0
BENMGJ_00948	contig_37	36598	37260	+	GEGEGB_03716	1	persistent	2	1	0
BENMGJ_00949	contig_37	37306	37518	-	GEGEGB_03717	1	persistent	2	1	0
BENMGJ_00950	contig_37	37722	39920	+	LNHIMF_04149	1	persistent	2	0	0
BENMGJ_00951	contig_37	40075	41100	+	GEGEGB_03719	1	persistent	2	0	0
BENMGJ_00952	contig_37	41287	42171	+	IKCLMC_00739	1	persistent	2	0	0
BENMGJ_00953	contig_37	42263	42793	+	GEGEGB_03721	1	persistent	2	0	0
BENMGJ_00954	contig_37	42803	44134	+	LNHIMF_04145	1	persistent	2	0	0
BENMGJ_00955	contig_37	44201	45130	+	LNHIMF_04144	1	persistent	2	0	0
BENMGJ_00956	contig_37	45223	45708	+	GEGEGB_03724	1	persistent	2	0	0
BENMGJ_00957	contig_37	45930	46169	-	LNHIMF_04142	1	persistent	2	0	0
BENMGJ_00958	contig_37	46568	47413	+	LNHIMF_04141	1	persistent	2	0	0
BENMGJ_00959	contig_37	47434	48942	+	LNHIMF_04140	1	persistent	2	0	0
BENMGJ_00960	contig_37	49054	50064	+	GEGEGB_03728	1	persistent	2	0	0
BENMGJ_00961	contig_37	50161	50907	+	GEGEGB_03729	1	persistent	2	0	0
BENMGJ_00962	contig_37	51013	51441	-	GEGEGB_03730	1	persistent	2	0	0
BENMGJ_00963	contig_37	51542	52138	+	GEGEGB_03731	1	persistent	2	0	0
BENMGJ_00964	contig_37	52251	53018	+	GEGEGB_03732	1	persistent	2	0	0
BENMGJ_00965	contig_37	53110	53874	-	LNHIMF_04134	1	persistent	2	0	0
BENMGJ_00966	contig_37	53884	54213	-	GEGEGB_03734	1	persistent	2	0	0
BENMGJ_00967	contig_37	54257	55132	-	GEGEGB_03735	1	persistent	2	0	0
BENMGJ_00968	contig_37	55161	56183	-	GEGEGB_03736	1	persistent	2	0	0
BENMGJ_00969	contig_37	56212	57210	-	GEGEGB_03737	1	persistent	2	0	0
BENMGJ_00970	contig_37	57210	58253	-	LNHIMF_04129	1	persistent	2	0	0
BENMGJ_00971	contig_37	58247	59782	-	LNHIMF_04128	1	persistent	2	0	0
BENMGJ_00972	contig_37	60038	60997	+	GEGEGB_03740	1	persistent	2	0	0
BENMGJ_00973	contig_37	61085	62677	+	GEGEGB_03741	1	persistent	2	0	0
BENMGJ_00974	contig_37	62691	63041	+	LNHIMF_04125	1	persistent	2	0	0
BENMGJ_00975	contig_37	63278	63442	-	LNHIMF_04124	1	persistent	2	0	0
BENMGJ_00976	contig_37	63540	64262	-	LNHIMF_04123	1	persistent	2	0	0
BENMGJ_00977	contig_37	64325	65365	-	GEGEGB_03745	1	persistent	2	0	0
BENMGJ_00978	contig_37	65375	66334	-	AJBGEP_04279	1	persistent	2	0	0
BENMGJ_00979	contig_37	66345	67679	-	LNHIMF_04120	1	persistent	2	0	0
BENMGJ_00980	contig_37	67944	68699	-	GEGEGB_03749	1	persistent	2	0	0
BENMGJ_00981	contig_37	68800	69789	-	LNHIMF_04118	1	persistent	2	0	0
BENMGJ_00982	contig_37	69993	70955	-	GEGEGB_03751	1	persistent	2	0	0
BENMGJ_00983	contig_37	71140	72042	-	GEGEGB_03752	1	persistent	2	0	1
BENMGJ_00984	contig_37	72190	72690	-	LNHIMF_04115	1	persistent	2	0	1
BENMGJ_00985	contig_37	72841	73539	+	LNHIMF_04114	1	persistent	2	0	0
BENMGJ_00986	contig_37	73536	74909	+	GEGEGB_03755	1	persistent	2	0	1
BENMGJ_00987	contig_37	74957	75160	-	BENMGJ_00987	1	cloud	2	0	0
BENMGJ_00988	contig_37	75281	75676	-	LNHIMF_04112	1	persistent	2	0	1
BENMGJ_00989	contig_37	75688	76377	-	GEGEGB_03757	1	persistent	2	0	0
BENMGJ_00990	contig_37	76447	77067	-	GEGEGB_03758	1	persistent	2	0	0
BENMGJ_00991	contig_37	77396	78379	+	LNHIMF_04109	1	persistent	2	0	0
BENMGJ_00992	contig_37	78398	78913	+	GEGEGB_03761	1	persistent	2	0	0
BENMGJ_00993	contig_37	78906	80213	+	LNHIMF_04107	1	persistent	2	0	0
BENMGJ_00994	contig_37	80372	81043	-	GEGEGB_03763	1	persistent	2	0	1
BENMGJ_00995	contig_37	81674	82708	+	LNHIMF_04104	1	persistent	2	0	1
BENMGJ_00996	contig_37	82705	83553	-	GEGEGB_03765	1	persistent	2	0	0
BENMGJ_00997	contig_37	83706	84542	-	GEGEGB_03766	1	persistent	2	0	0
BENMGJ_00998	contig_37	84830	86299	+	LNHIMF_04101	1	persistent	2	0	0
BENMGJ_00999	contig_37	86296	87555	+	GEGEGB_03768	1	persistent	2	0	0
BENMGJ_01000	contig_37	87698	88525	+	LNHIMF_04099	1	persistent	2	0	0
BENMGJ_01001	contig_37	88652	89800	+	ALJMDI_00957	1	persistent	2	0	0
BENMGJ_01002	contig_37	89797	90111	+	GEGEGB_03771	1	persistent	2	0	0
BENMGJ_01003	contig_37	90200	90748	-	LNHIMF_04096	1	persistent	2	0	0
BENMGJ_01004	contig_37	90849	91508	+	GEGEGB_03773	1	persistent	2	0	0
BENMGJ_01005	contig_37	91508	91831	+	LNHIMF_04094	1	persistent	2	0	0
BENMGJ_01007	contig_37	92175	93275	-	LNHIMF_04092	1	persistent	3	0	1
BENMGJ_01008	contig_37	93458	94489	+	BEJGEH_04099	1	persistent	2	0	1
BENMGJ_01009	contig_37	94757	95593	-	GEGEGB_03778	1	persistent	3	0	0
BENMGJ_01010	contig_37	95788	98838	+	GEGEGB_03779	1	persistent	2	0	0
BENMGJ_01011	contig_37	98851	99753	+	LNHIMF_04089	1	persistent	2	0	0
BENMGJ_01012	contig_37	99750	100385	+	GEGEGB_03781	1	persistent	2	0	0
BENMGJ_01013	contig_37	100382	101311	+	LNHIMF_04087	1	persistent	2	0	1
BENMGJ_01014	contig_37	101358	101648	-	LNHIMF_04086	1	persistent	2	0	0
BENMGJ_01015	contig_37	101649	101960	-	LNHIMF_04085	1	persistent	2	0	0
BENMGJ_01016	contig_37	102178	103107	+	LNHIMF_04084	1	persistent	2	0	1
BENMGJ_01017	contig_37	103193	103504	+	LNHIMF_04083	1	persistent	2	0	0
BENMGJ_01018	contig_37	103501	103947	+	GEGEGB_03787	1	persistent	2	0	0
BENMGJ_01019	contig_37	103962	104903	-	GEGEGB_03788	1	persistent	2	0	0
BENMGJ_01020	contig_37	104948	105385	-	LNHIMF_04080	1	persistent	2	0	0
BENMGJ_01021	contig_37	105382	106161	-	GEGEGB_03790	1	persistent	2	0	0
BENMGJ_01022	contig_37	106248	106847	-	GEGEGB_03791	1	persistent	2	0	0
BENMGJ_01023	contig_37	107038	107841	-	GEGEGB_03792	1	persistent	2	0	0
BENMGJ_01024	contig_37	107875	108771	-	GEGEGB_03793	1	persistent	2	0	0
BENMGJ_01025	contig_37	108936	109832	+	GEGEGB_03794	1	persistent	2	0	0
BENMGJ_01026	contig_37	109855	110733	+	GEGEGB_03795	1	persistent	2	0	0
BENMGJ_01027	contig_37	110749	111990	+	BEJGEH_04080	1	persistent	1	2	0
BENMGJ_01028	contig_37	112077	112964	+	BEJGEH_04079	1	shell	1	1	0
BENMGJ_01029	contig_37	113053	113928	+	BEJGEH_04078	1	shell	1	1	0
BENMGJ_01030	contig_37	114052	116088	+	LNHIMF_04071	1	persistent	1	2	0
BENMGJ_01031	contig_37	116134	117516	+	GEGEGB_03799	1	persistent	2	0	0
BENMGJ_01032	contig_37	117562	118980	+	BEJGEH_04075	1	persistent	2	0	0
BENMGJ_01033	contig_37	119048	119740	+	LNHIMF_04068	1	persistent	2	0	1
BENMGJ_01034	contig_37	119897	120076	+	BENMGJ_01034	1	cloud	2	0	0
BENMGJ_01035	contig_37	120131	121954	-	LNHIMF_04061	1	persistent	2	0	1
BENMGJ_01037	contig_37	122330	123739	+	GEGEGB_03812	1	persistent	2	0	0
BENMGJ_01038	contig_37	124014	125063	+	GEGEGB_03813	1	persistent	2	0	0
BENMGJ_01039	contig_37	125072	126481	+	GEGEGB_03814	1	persistent	2	0	0
BENMGJ_01040	contig_37	126594	126704	+	GEGEGB_03815	1	persistent	2	0	0
BENMGJ_01041	contig_37	126794	128167	-	GEGEGB_03816	1	persistent	2	0	0
BENMGJ_01042	contig_37	128356	128871	-	GEGEGB_03817	1	persistent	2	0	0
BENMGJ_01044	contig_37	128990	129187	-	GEGEGB_03819	1	persistent	2	0	0
BENMGJ_01045	contig_37	129454	130086	+	GEGEGB_03820	1	persistent	2	0	0
BENMGJ_01047	contig_37	130207	130254	-	GEGEGB_03822	1	persistent	2	0	0
BENMGJ_01048	contig_37	130421	133207	-	LNHIMF_04048	1	persistent	2	0	0
BENMGJ_01049	contig_37	133595	134503	+	GEGEGB_03824	1	persistent	2	0	0
BENMGJ_01050	contig_37	134516	135139	-	LNHIMF_04046	1	persistent	2	0	0
BENMGJ_01051	contig_37	135156	136142	-	GEGEGB_03826	1	persistent	2	0	0
BENMGJ_01052	contig_37	136219	136488	-	GEGEGB_03827	1	persistent	2	0	0
BENMGJ_01053	contig_37	136558	137142	+	LNHIMF_04043	1	persistent	2	0	0
BENMGJ_01054	contig_37	137124	137654	+	GEGEGB_03829	1	persistent	3	0	0
BENMGJ_01055	contig_38	475	1539	+	BEJGEH_04653	1	persistent	2	0	0
BENMGJ_01056	contig_38	1660	2448	+	GEGEGB_04851	1	persistent	2	0	0
BENMGJ_01057	contig_38	2599	3057	+	LNHIMF_04616	1	persistent	2	0	0
BENMGJ_01058	contig_38	3108	3782	-	GEGEGB_04849	1	persistent	2	0	0
BENMGJ_01059	contig_38	3743	4468	-	GEGEGB_04848	1	persistent	2	0	1
BENMGJ_01060	contig_38	5013	5957	+	LNHIMF_04613	1	persistent	2	0	1
BENMGJ_01061	contig_38	5948	6421	+	LNHIMF_04612	1	persistent	2	0	0
BENMGJ_01062	contig_38	6514	7053	+	GEGEGB_04845	1	persistent	2	0	0
BENMGJ_01063	contig_38	7056	7793	+	GEGEGB_04844	1	persistent	2	0	0
BENMGJ_01064	contig_38	7851	8312	+	LNHIMF_04609	1	persistent	2	0	0
BENMGJ_01065	contig_38	8595	10886	+	GEGEGB_04842	1	persistent	2	1	0
BENMGJ_01066	contig_38	11020	12030	-	HFCAGB_04779	1	shell	1	1	0
BENMGJ_01067	contig_38	12048	13109	-	HFCAGB_04778	1	shell	0	2	0
BENMGJ_01068	contig_38	13122	13970	-	LNHIMF_04605	1	shell	0	2	0
BENMGJ_01069	contig_38	13948	14727	-	LNHIMF_04604	1	shell	0	2	0
BENMGJ_01070	contig_38	14753	15214	-	LNHIMF_04603	1	shell	0	2	0
BENMGJ_01071	contig_38	15229	15651	-	HFCAGB_04774	1	shell	0	2	0
BENMGJ_01072	contig_38	15753	18518	-	AJBGEP_04751	1	shell	1	1	0
BENMGJ_01073	contig_38	18842	20503	-	LNHIMF_04600	1	persistent	2	1	1
BENMGJ_01074	contig_38	20870	23020	+	GEGEGB_04839	1	persistent	2	0	1
BENMGJ_01075	contig_38	23115	23318	+	GEGEGB_04838	1	persistent	2	0	0
BENMGJ_01076	contig_38	23329	24285	+	LNHIMF_04597	1	persistent	1	1	2
BENMGJ_01077	contig_38	24360	24662	-	GEGEGB_04836	1	shell	1	1	0
BENMGJ_01078	contig_38	24649	24936	-	GEGEGB_04835	1	shell	0	2	2
BENMGJ_01079	contig_38	25205	26119	-	AJBGEP_04744	1	shell	0	2	0
BENMGJ_01080	contig_38	26317	29826	+	AJBGEP_04743	1	shell	0	2	0
BENMGJ_01081	contig_38	29984	31573	+	GEGEGB_04832	1	shell	0	2	2
BENMGJ_01082	contig_38	31570	32979	+	AJBGEP_04741	1	shell	0	2	0
BENMGJ_01084	contig_38	33206	33538	+	AJBGEP_04739	1	shell	0	2	2
BENMGJ_01085	contig_38	33612	34313	+	AJBGEP_04738	1	shell	1	1	0
BENMGJ_01086	contig_38	34388	34552	-	GEGEGB_04826	1	persistent	1	2	0
BENMGJ_01087	contig_38	34757	36127	-	LNHIMF_04592	1	persistent	1	2	0
BENMGJ_01088	contig_38	36308	36820	-	BENMGJ_01088	1	shell	2	0	0
BENMGJ_01089	contig_38	37299	38540	+	OEKLIE_03605	1	persistent	1	2	0
BENMGJ_01090	contig_38	38627	39898	+	LNHIMF_04589	1	persistent	2	0	0
BENMGJ_01091	contig_38	40118	41302	+	LNHIMF_04588	1	persistent	2	0	0
BENMGJ_01092	contig_38	42175	42846	+	GEGEGB_04819	1	persistent	2	0	0
BENMGJ_01093	contig_38	42843	43304	+	GEGEGB_04818	1	persistent	2	0	0
BENMGJ_01094	contig_38	43317	44489	+	GEGEGB_04817	1	persistent	2	0	0
BENMGJ_01095	contig_38	44608	45516	+	GEGEGB_04816	1	persistent	2	0	0
BENMGJ_01096	contig_38	45522	46256	-	LNHIMF_04583	1	persistent	2	0	0
BENMGJ_01097	contig_38	46495	46941	-	LNHIMF_04582	1	persistent	2	0	0
BENMGJ_01099	contig_38	47743	48756	+	LNHIMF_04580	1	persistent	2	0	0
BENMGJ_01100	contig_38	48757	49482	-	LNHIMF_04579	1	persistent	1	1	1
BENMGJ_01101	contig_38	49880	50545	+	LNHIMF_04578	1	cloud	2	0	0
BENMGJ_01102	contig_38	50562	50930	-	BEJGEH_04618	1	persistent	1	1	1
BENMGJ_01103	contig_38	51228	52139	-	LNHIMF_04576	1	persistent	2	1	0
BENMGJ_01105	contig_38	52415	53410	-	AJBGEP_04718	1	shell	2	0	0
BENMGJ_01106	contig_38	53662	54270	-	GEGEGB_04807	1	persistent	2	1	2
BENMGJ_01107	contig_38	54324	54620	+	AJBGEP_04716	1	cloud	2	0	0
BENMGJ_01108	contig_38	54759	55016	+	GEGEGB_04806	1	persistent	2	0	4
BENMGJ_01109	contig_38	55027	56652	+	LNHIMF_04572	1	persistent	2	0	2
BENMGJ_01110	contig_38	57212	57928	+	HFCAGB_04730	1	persistent	2	0	0
BENMGJ_01111	contig_38	57870	57977	+	GEGEGB_04803	1	persistent	1	1	6
BENMGJ_01112	contig_38	58408	59283	-	ALJMDI_03931	1	shell	1	0	11
BENMGJ_01113	contig_38	59636	60058	-	BENMGJ_01113	1	cloud	0	1	1
BENMGJ_01114	contig_38	60182	60349	+	BEJGEH_04608	1	cloud	0	0	3
BENMGJ_01115	contig_38	60491	62608	-	BENMGJ_01115	1	cloud	0	0	2
BENMGJ_01116	contig_38	62605	68946	-	BENMGJ_01116	1	cloud	0	0	2
BENMGJ_01117	contig_38	68946	73868	-	BENMGJ_01117	1	cloud	0	0	2
BENMGJ_01118	contig_38	73871	76696	-	BENMGJ_01118	1	cloud	0	0	2
BENMGJ_01119	contig_38	77347	78126	-	BENMGJ_01119	1	cloud	0	0	2
BENMGJ_01120	contig_38	78287	78601	+	BENMGJ_01120	1	cloud	0	0	2
BENMGJ_01121	contig_38	78598	78885	-	AJBGEP_04700	1	cloud	1	0	2
BENMGJ_01123	contig_38	79411	80430	+	LNHIMF_04563	1	persistent	1	0	8
BENMGJ_01124	contig_38	80458	80988	-	LNHIMF_04562	1	persistent	2	0	0
BENMGJ_01125	contig_38	81205	82236	+	LNHIMF_04561	1	persistent	2	0	0
BENMGJ_01126	contig_38	82261	83025	+	LNHIMF_04560	1	persistent	2	0	0
BENMGJ_01127	contig_38	83087	84406	+	BEJGEH_04557	1	persistent	2	0	1
BENMGJ_01128	contig_38	84470	85468	+	GEGEGB_04763	1	persistent	2	0	0
BENMGJ_01129	contig_38	85674	86756	-	LNHIMF_04557	1	persistent	2	0	0
BENMGJ_01130	contig_38	86756	87856	-	GEGEGB_04761	1	persistent	2	0	0
BENMGJ_01131	contig_38	88251	89762	+	LNHIMF_04554	1	persistent	2	0	0
BENMGJ_01133	contig_38	89860	90342	+	LNHIMF_04553	1	persistent	2	0	0
BENMGJ_01134	contig_38	90342	93197	+	GEGEGB_04757	1	persistent	2	0	0
BENMGJ_01135	contig_38	93339	94526	-	LNHIMF_04551	1	persistent	2	0	0
BENMGJ_01136	contig_38	94721	95224	+	LNHIMF_04550	1	persistent	2	0	0
BENMGJ_01137	contig_38	95331	95819	+	GEGEGB_04754	1	persistent	2	0	1
BENMGJ_01138	contig_38	96053	96817	-	GEGEGB_04752	1	persistent	2	1	1
BENMGJ_01139	contig_38	96941	97399	-	GEGEGB_00250	4	shell	58	4	2
BENMGJ_01141	contig_38	97589	98005	-	GEGEGB_04751	1	persistent	2	1	0
BENMGJ_01142	contig_38	98171	99175	+	LNHIMF_04546	1	persistent	2	0	0
BENMGJ_01143	contig_38	99249	99701	-	GEGEGB_04749	1	persistent	2	0	0
BENMGJ_01144	contig_38	100376	101596	+	GEGEGB_04748	1	persistent	2	0	0
BENMGJ_01145	contig_38	101607	102536	+	BENMGJ_01145	1	persistent	2	0	0
BENMGJ_01146	contig_38	102648	103652	+	GEGEGB_04746	1	persistent	2	0	0
BENMGJ_01147	contig_38	103708	105111	+	GEGEGB_04745	1	persistent	2	0	0
BENMGJ_01148	contig_38	105298	105786	+	LNHIMF_04539	1	persistent	3	0	0
BENMGJ_01149	contig_38	105877	105978	+	GEGEGB_04743	1	persistent	2	0	0
BENMGJ_01150	contig_38	106014	106949	+	GEGEGB_04742	1	persistent	3	0	0
BENMGJ_01151	contig_38	106962	107423	+	GEGEGB_04741	1	persistent	2	0	0
BENMGJ_01152	contig_38	107500	107886	+	GEGEGB_04740	1	persistent	3	0	0
BENMGJ_01153	contig_38	107961	108407	+	LNHIMF_04535	1	persistent	2	0	0
BENMGJ_01154	contig_38	108523	111231	-	GEGEGB_04738	1	persistent	3	0	0
BENMGJ_01155	contig_38	111372	111425	-	GEGEGB_04737	1	persistent	2	0	0
BENMGJ_01156	contig_38	111615	112562	+	LNHIMF_04532	1	persistent	2	0	0
BENMGJ_01157	contig_38	112700	114118	+	LNHIMF_04531	1	persistent	2	0	0
BENMGJ_01158	contig_38	114168	115820	+	LNHIMF_04530	1	persistent	2	0	0
BENMGJ_01159	contig_38	116229	118367	+	LNHIMF_04529	1	persistent	2	0	0
BENMGJ_01160	contig_38	118584	119048	+	GEGEGB_04731	1	persistent	2	0	1
BENMGJ_01161	contig_38	119052	119336	-	GEGEGB_04730	1	persistent	2	0	0
BENMGJ_01162	contig_38	119326	119568	-	GEGEGB_04729	1	persistent	2	0	0
BENMGJ_01163	contig_38	119646	121559	-	LNHIMF_04525	1	persistent	2	0	1
BENMGJ_01164	contig_38	121576	122316	-	LNHIMF_04524	1	persistent	2	0	0
BENMGJ_01165	contig_38	122313	123431	-	GEGEGB_04726	1	persistent	2	0	0
BENMGJ_01166	contig_38	123415	124548	-	GEGEGB_04725	1	persistent	2	0	0
BENMGJ_01167	contig_38	124607	125251	-	GEGEGB_04724	1	persistent	2	0	0
BENMGJ_01168	contig_38	125263	126039	-	GEGEGB_04723	1	persistent	2	0	0
BENMGJ_01169	contig_38	126062	126364	-	GEGEGB_04722	1	persistent	2	0	0
BENMGJ_01170	contig_38	126364	126726	-	GEGEGB_04721	1	persistent	2	0	0
BENMGJ_01171	contig_38	126737	127066	-	GEGEGB_04720	1	persistent	2	0	0
BENMGJ_01172	contig_38	127353	127739	-	GEGEGB_04719	1	persistent	2	0	0
BENMGJ_01173	contig_38	127838	129190	-	GEGEGB_04718	1	persistent	2	0	0
BENMGJ_01174	contig_38	129286	129837	+	GEGEGB_04717	1	persistent	2	1	0
BENMGJ_01175	contig_38	129944	131317	-	BEJGEH_04493	1	persistent	2	1	0
BENMGJ_01176	contig_38	131492	132490	+	LNHIMF_04512	1	persistent	2	0	0
BENMGJ_01177	contig_38	132717	133247	+	GEGEGB_04714	1	persistent	2	0	0
BENMGJ_01178	contig_38	133660	134820	+	LNHIMF_04510	1	persistent	2	0	0
BENMGJ_01179	contig_38	134817	136025	+	LNHIMF_04509	1	persistent	2	0	0
BENMGJ_01180	contig_38	136079	136423	-	GEGEGB_04711	1	persistent	2	0	0
BENMGJ_01181	contig_38	136426	140205	-	LNHIMF_04507	1	persistent	2	0	0
BENMGJ_01182	contig_38	140202	141935	-	GEGEGB_04709	1	persistent	2	0	0
BENMGJ_01183	contig_38	142148	142786	+	GEGEGB_04708	1	persistent	2	0	0
BENMGJ_01185	contig_38	142969	144312	+	GEGEGB_04706	1	persistent	2	0	1
BENMGJ_01186	contig_38	144397	144603	-	GEGEGB_04702	1	persistent	2	1	0
BENMGJ_01187	contig_38	144930	145487	+	GEGEGB_04701	1	persistent	2	0	0
BENMGJ_01188	contig_38	145477	146217	-	GEGEGB_04700	1	persistent	2	0	0
BENMGJ_01189	contig_38	146485	148428	+	BEJGEH_04479	1	persistent	2	0	0
BENMGJ_01190	contig_38	148486	148872	-	GEGEGB_04698	1	persistent	2	0	0
BENMGJ_01191	contig_38	148960	149808	+	LNHIMF_04497	1	persistent	2	0	0
BENMGJ_01192	contig_38	149889	150854	+	LNHIMF_04496	1	persistent	2	0	0
BENMGJ_01193	contig_38	150957	151619	+	LNHIMF_04495	1	persistent	2	0	1
BENMGJ_01194	contig_38	151731	153140	-	LNHIMF_04494	1	persistent	2	0	1
BENMGJ_01195	contig_38	153436	154056	-	GEGEGB_04691	1	persistent	2	0	0
BENMGJ_01196	contig_38	154276	154911	+	LNHIMF_04492	1	persistent	2	0	0
BENMGJ_01197	contig_38	154961	155887	-	LNHIMF_04491	1	persistent	2	0	0
BENMGJ_01198	contig_39	615	899	+	GEGEGB_02062	1	persistent	2	1	0
BENMGJ_01199	contig_39	1129	3393	+	ALJMDI_01283	1	persistent	2	1	0
BENMGJ_01200	contig_39	3430	5178	+	GEGEGB_02060	1	persistent	2	0	0
BENMGJ_01201	contig_39	5175	6152	+	GEGEGB_02059	1	persistent	2	0	0
BENMGJ_01202	contig_39	6196	7428	+	HFCAGB_01031	1	persistent	2	0	0
BENMGJ_01203	contig_39	7480	7662	+	GEGEGB_02056	1	persistent	2	0	0
BENMGJ_01204	contig_39	7659	8405	+	GEGEGB_02055	1	persistent	2	0	0
BENMGJ_01205	contig_39	8616	9509	+	LNHIMF_01078	1	persistent	2	0	0
BENMGJ_01206	contig_39	9489	10265	-	GEGEGB_02053	1	persistent	2	0	0
BENMGJ_01207	contig_39	10401	11204	+	GEGEGB_02052	1	persistent	2	0	0
BENMGJ_01208	contig_39	11197	12519	+	GEGEGB_02051	1	persistent	2	0	0
BENMGJ_01209	contig_39	12500	13204	+	GEGEGB_02050	1	persistent	2	0	0
BENMGJ_01210	contig_39	13204	17670	+	GEGEGB_02049	1	persistent	2	0	0
BENMGJ_01211	contig_39	18015	19835	+	LNHIMF_01084	1	persistent	2	0	0
BENMGJ_01212	contig_39	20095	20643	+	GEGEGB_02047	1	persistent	2	0	0
BENMGJ_01213	contig_39	20671	21318	+	LNHIMF_01086	1	persistent	2	0	0
BENMGJ_01214	contig_39	21380	22570	-	GEGEGB_02045	1	persistent	2	0	0
BENMGJ_01215	contig_39	22755	23846	-	GEGEGB_02044	1	persistent	2	0	1
BENMGJ_01216	contig_39	24136	24288	+	BENMGJ_01216	1	cloud	2	0	0
BENMGJ_01217	contig_39	24453	25853	-	GEGEGB_02043	1	persistent	3	0	1
BENMGJ_01218	contig_39	26054	26515	-	GEGEGB_02042	1	persistent	2	0	0
BENMGJ_01219	contig_39	26832	28046	+	BEJGEH_00959	1	persistent	2	0	0
BENMGJ_01220	contig_39	28291	29724	+	AJBGEP_00996	1	persistent	2	0	0
BENMGJ_01221	contig_39	29805	31007	-	LNHIMF_01090	1	persistent	3	1	0
BENMGJ_01222	contig_39	31202	32494	-	HFCAGB_01050	1	shell	1	1	0
BENMGJ_01223	contig_39	32539	32787	-	GEGEGB_02036	1	shell	0	2	0
BENMGJ_01224	contig_39	32828	33070	-	GEGEGB_02035	1	shell	0	2	3
BENMGJ_01225	contig_39	33073	33942	-	BENMGJ_01225	1	cloud	0	1	4
BENMGJ_01226	contig_39	33939	34619	-	BENMGJ_01226	1	cloud	0	0	3
BENMGJ_01227	contig_39	34616	35401	-	GEGEGB_02031	1	cloud	0	0	2
BENMGJ_01228	contig_39	35407	35703	-	BENMGJ_01228	1	cloud	0	0	2
BENMGJ_01229	contig_39	35794	35994	-	BENMGJ_01229	1	cloud	0	0	3
BENMGJ_01230	contig_39	36282	36488	+	AJBGEP_01251	1	cloud	0	0	6
BENMGJ_01231	contig_39	36515	36949	-	BENMGJ_01231	1	cloud	0	0	2
BENMGJ_01232	contig_39	37398	37688	-	ONMMKP_01131	1	cloud	0	0	4
BENMGJ_01233	contig_39	37898	38134	+	ALJMDI_01554	1	cloud	0	1	1
BENMGJ_01234	contig_39	38154	38474	+	GEGEGB_02026	1	shell	0	1	10
BENMGJ_01235	contig_39	38566	39471	+	AJBGEP_01256	1	cloud	0	1	2
BENMGJ_01236	contig_39	39468	40169	+	BENMGJ_01236	1	cloud	0	0	2
BENMGJ_01237	contig_39	40166	40615	+	BENMGJ_01237	1	cloud	0	0	3
BENMGJ_01238	contig_39	40612	41145	+	BENMGJ_01238	1	cloud	0	0	2
BENMGJ_01239	contig_39	41147	41404	+	BENMGJ_01239	1	cloud	0	0	2
BENMGJ_01240	contig_39	41415	41816	+	BENMGJ_01240	1	cloud	0	0	2
BENMGJ_01241	contig_39	41924	42568	+	IKCLMC_00271	1	cloud	0	1	2
BENMGJ_01242	contig_39	42799	43032	+	GEGEGB_02016	1	shell	0	2	9
BENMGJ_01243	contig_39	43432	44034	+	GEGEGB_02015	1	shell	0	2	2
BENMGJ_01244	contig_39	44034	44240	+	GEGEGB_02014	1	shell	0	2	1
BENMGJ_01245	contig_39	44243	44854	+	GEGEGB_02013	1	shell	0	3	0
BENMGJ_01246	contig_39	44987	45784	+	HFCAGB_01071	1	shell	0	3	4
BENMGJ_01247	contig_39	46450	46638	+	AJBGEP_01272	1	cloud	0	2	7
BENMGJ_01249	contig_39	46835	47143	+	AJBGEP_01276	1	cloud	0	0	4
BENMGJ_01250	contig_39	47121	47660	+	AJBGEP_01277	1	cloud	0	0	3
BENMGJ_01251	contig_39	47868	47966	+	AJBGEP_01278	1	cloud	0	0	3
BENMGJ_01252	contig_39	47968	48462	+	BENMGJ_01252	1	cloud	0	2	3
BENMGJ_01253	contig_39	48673	49206	+	AJBGEP_01027	1	shell	0	1	1
BENMGJ_01254	contig_39	49166	51301	+	HFCAGB_01376	1	shell	0	4	1
BENMGJ_01255	contig_39	51298	51504	+	HFCAGB_01377	1	shell	0	1	1
BENMGJ_01256	contig_39	51501	53048	+	AJBGEP_01030	1	cloud	0	1	1
BENMGJ_01257	contig_39	52999	55050	+	BENMGJ_01257	1	cloud	0	0	2
BENMGJ_01258	contig_39	55141	55464	+	HFCAGB_01380	1	cloud	0	0	2
BENMGJ_01259	contig_39	55490	55756	+	HFCAGB_01381	1	cloud	0	0	2
BENMGJ_01260	contig_39	55737	56303	+	HFCAGB_01382	1	cloud	0	0	2
BENMGJ_01261	contig_39	56300	56701	+	HFCAGB_01383	1	cloud	0	0	2
BENMGJ_01262	contig_39	56713	57462	+	AJBGEP_01036	1	cloud	0	0	2
BENMGJ_01263	contig_39	57508	57906	+	HFCAGB_01385	1	cloud	0	1	1
BENMGJ_01264	contig_39	57981	58232	+	HFCAGB_01386	1	shell	0	1	1
BENMGJ_01265	contig_39	58213	61299	+	LNHIMF_00684	1	shell	0	4	0
BENMGJ_01266	contig_39	61296	61628	+	HFCAGB_01388	1	shell	0	1	1
BENMGJ_01267	contig_39	61727	62251	+	OEKLIE_01757	1	cloud	0	1	1
BENMGJ_01268	contig_39	62341	62874	-	HFCAGB_01390	1	cloud	0	0	2
BENMGJ_01269	contig_39	62964	63659	+	HFCAGB_01391	1	cloud	0	0	2
BENMGJ_01270	contig_39	63669	64406	+	AJBGEP_01044	1	cloud	0	0	2
BENMGJ_01271	contig_39	64466	65008	+	AJBGEP_01045	1	cloud	0	1	1
BENMGJ_01272	contig_39	65080	68430	+	AJBGEP_01046	1	shell	0	1	1
BENMGJ_01273	contig_39	68469	68711	+	LNHIMF_00690	1	shell	0	3	1
BENMGJ_01274	contig_39	68765	71140	+	AJBGEP_02772	1	shell	0	8	0
BENMGJ_01276	contig_39	71137	71961	+	AJBGEP_02771	1	shell	0	2	0
BENMGJ_01277	contig_39	71951	72532	+	AJBGEP_02770	2	shell	0	9	5
BENMGJ_01278	contig_39	72729	73451	-	GEGEGB_04549	1	shell	1	1	5
BENMGJ_01279	contig_39	74102	75322	+	BENMGJ_01279	1	cloud	0	1	3
BENMGJ_01280	contig_39	75319	75744	-	ONMMKP_01084	1	cloud	1	0	1
BENMGJ_01281	contig_39	76251	78863	+	LNHIMF_01091	1	persistent	2	1	2
BENMGJ_01282	contig_39	79071	80081	+	LNHIMF_01092	1	persistent	2	0	0
BENMGJ_01283	contig_39	80247	80789	+	GEGEGB_01971	1	persistent	2	0	0
BENMGJ_01284	contig_39	80786	81895	-	LNHIMF_01094	1	persistent	2	0	0
BENMGJ_01285	contig_39	81994	84102	+	LNHIMF_01095	1	persistent	2	0	0
BENMGJ_01286	contig_39	84115	86022	+	GEGEGB_01968	1	persistent	2	0	0
BENMGJ_01287	contig_39	86037	87290	+	GEGEGB_01967	1	persistent	2	0	0
BENMGJ_01288	contig_39	87295	88935	+	GEGEGB_01966	1	persistent	2	0	0
BENMGJ_01289	contig_39	88932	89495	+	GEGEGB_01965	1	persistent	2	0	0
BENMGJ_01290	contig_39	90018	90536	-	GEGEGB_01964	1	persistent	2	0	0
BENMGJ_01291	contig_39	90605	92365	-	GEGEGB_01963	1	persistent	2	0	1
BENMGJ_01292	contig_39	92551	93003	+	GEGEGB_01962	1	persistent	2	0	0
BENMGJ_01293	contig_39	93075	94127	-	GEGEGB_01961	1	persistent	2	0	0
BENMGJ_01294	contig_39	94484	94993	-	GEGEGB_01960	1	persistent	2	0	2
BENMGJ_01295	contig_39	95210	95815	+	LNHIMF_01105	1	persistent	2	0	1
BENMGJ_01296	contig_39	95802	97955	-	GEGEGB_01957	1	persistent	2	0	0
BENMGJ_01297	contig_39	97974	98420	-	GEGEGB_01956	1	persistent	2	0	0
BENMGJ_01298	contig_39	98544	100598	+	BEJGEH_00979	1	persistent	2	0	0
BENMGJ_01299	contig_39	100634	101092	-	GEGEGB_01954	1	persistent	2	0	0
BENMGJ_01300	contig_39	101187	101849	-	GEGEGB_01953	1	persistent	2	0	0
BENMGJ_01301	contig_39	102023	102436	+	GEGEGB_01952	1	persistent	2	0	0
BENMGJ_01302	contig_39	102481	102798	-	GEGEGB_01951	1	persistent	2	0	0
BENMGJ_01303	contig_39	102856	104067	-	LNHIMF_01113	1	persistent	2	0	1
BENMGJ_01304	contig_39	104282	104830	+	BEJGEH_00985	1	persistent	2	0	0
BENMGJ_01305	contig_39	104847	105635	+	LNHIMF_01115	1	persistent	2	1	2
BENMGJ_01306	contig_39	105684	105965	+	GEGEGB_01943	1	persistent	2	0	0
BENMGJ_01307	contig_39	105962	106291	-	GEGEGB_01942	1	persistent	2	0	0
BENMGJ_01308	contig_39	106378	107037	-	GEGEGB_01941	1	persistent	2	1	2
BENMGJ_01310	contig_39	107658	108338	-	BEJGEH_00991	1	persistent	2	1	1
BENMGJ_01311	contig_39	108991	109434	-	LNHIMF_01121	1	persistent	2	0	1
BENMGJ_01313	contig_39	109982	110323	-	GEGEGB_01934	1	persistent	2	0	0
BENMGJ_01314	contig_39	110340	112025	-	LNHIMF_01124	1	persistent	3	0	0
BENMGJ_01315	contig_39	112529	112639	-	LNHIMF_01125	1	persistent	2	0	0
BENMGJ_01316	contig_39	112748	114310	-	HFCAGB_01141	1	persistent	3	0	0
BENMGJ_01317	contig_39	114390	115754	-	BEJGEH_00998	1	persistent	2	0	0
BENMGJ_01318	contig_39	115897	116484	-	LNHIMF_01128	1	persistent	2	0	0
BENMGJ_01319	contig_39	116563	116973	+	LNHIMF_01129	1	persistent	2	0	0
BENMGJ_01320	contig_39	117306	117818	-	LNHIMF_01130	1	persistent	2	0	0
BENMGJ_01321	contig_39	117836	119398	-	LNHIMF_01131	1	persistent	2	0	0
BENMGJ_01322	contig_39	119616	120056	-	GEGEGB_01926	1	persistent	2	0	0
BENMGJ_01323	contig_39	120331	121620	+	GEGEGB_01925	1	persistent	2	0	0
BENMGJ_01324	contig_39	121617	123083	+	BEJGEH_01005	1	persistent	2	0	0
BENMGJ_01325	contig_39	123085	123936	+	LNHIMF_01135	1	persistent	3	0	0
BENMGJ_01326	contig_39	123946	124326	+	GEGEGB_01921	1	persistent	2	0	0
BENMGJ_01327	contig_39	124470	125273	+	GEGEGB_01920	1	persistent	2	0	0
BENMGJ_01328	contig_39	125284	126075	+	GEGEGB_01919	1	persistent	2	0	0
BENMGJ_01329	contig_39	126147	127523	+	LNHIMF_01139	1	persistent	2	0	0
BENMGJ_01330	contig_39	127533	128429	+	LNHIMF_01140	1	persistent	2	0	0
BENMGJ_01331	contig_39	128443	129381	+	GEGEGB_01916	1	persistent	3	0	0
BENMGJ_01332	contig_39	130805	131110	-	GEGEGB_01915	1	persistent	3	0	0
BENMGJ_01333	contig_39	131110	132030	-	GEGEGB_01914	1	persistent	2	0	0
BENMGJ_01334	contig_39	132266	132628	+	LNHIMF_01145	1	persistent	2	0	0
BENMGJ_01335	contig_39	132677	134563	+	LNHIMF_01146	1	persistent	2	0	0
BENMGJ_01336	contig_39	134560	135183	+	LNHIMF_01147	1	persistent	2	0	0
BENMGJ_01337	contig_39	135173	135679	+	LNHIMF_01148	1	persistent	2	0	0
BENMGJ_01338	contig_39	135812	137053	+	LNHIMF_01149	1	persistent	2	0	0
BENMGJ_01339	contig_39	137087	137314	-	GEGEGB_01908	1	persistent	2	0	0
BENMGJ_01340	contig_39	137335	137931	-	LNHIMF_01151	1	persistent	2	0	0
BENMGJ_01341	contig_39	138316	138483	+	GEGEGB_01513	2	persistent	6	0	0
BENMGJ_01342	contig_39	138620	139258	+	LNHIMF_01153	1	persistent	2	0	0
BENMGJ_01343	contig_39	139255	139650	-	GEGEGB_01904	1	persistent	2	0	0
BENMGJ_01344	contig_39	139709	143671	-	LNHIMF_01155	1	persistent	3	0	0
BENMGJ_01345	contig_39	144093	145601	+	GEGEGB_01902	1	persistent	2	0	1
BENMGJ_01346	contig_39	146219	146515	+	LNHIMF_01157	1	persistent	2	0	0
BENMGJ_01347	contig_39	146494	147282	+	GEGEGB_01899	1	persistent	2	0	2
BENMGJ_01349	contig_39	147388	148269	-	GEGEGB_01898	1	persistent	2	0	0
BENMGJ_01351	contig_39	148555	150051	-	HFCAGB_01177	1	persistent	2	0	1
BENMGJ_01352	contig_39	150178	150366	-	PKJKAM_00617	1	cloud	2	0	0
BENMGJ_01353	contig_39	150380	151060	-	GEGEGB_01894	1	persistent	2	0	1
BENMGJ_01354	contig_39	151578	152720	+	GEGEGB_01893	1	persistent	2	0	0
BENMGJ_01355	contig_39	152766	153458	+	LNHIMF_01165	1	persistent	2	0	0
BENMGJ_01356	contig_39	153741	155021	+	LNHIMF_01166	1	persistent	2	0	0
BENMGJ_01357	contig_39	155035	156138	+	GEGEGB_01890	1	persistent	2	0	1
BENMGJ_01358	contig_40	395	829	-	LNHIMF_04228	1	persistent	3	0	0
BENMGJ_01359	contig_40	989	1918	+	LNHIMF_04229	1	persistent	2	0	0
BENMGJ_01360	contig_40	2187	3788	+	LNHIMF_04230	1	persistent	2	0	0
BENMGJ_01361	contig_40	3820	5124	+	LNHIMF_04231	1	persistent	2	0	0
BENMGJ_01362	contig_40	5226	6977	+	LNHIMF_04232	1	persistent	3	0	1
BENMGJ_01363	contig_40	6941	7375	-	LNHIMF_04233	1	persistent	2	0	0
BENMGJ_01364	contig_40	7359	8183	-	LNHIMF_04234	1	persistent	3	0	1
BENMGJ_01365	contig_40	8487	12170	+	LNHIMF_04235	1	persistent	2	0	1
BENMGJ_01366	contig_40	12437	14068	+	LNHIMF_04236	1	persistent	2	0	1
BENMGJ_01367	contig_40	14144	14833	-	LNHIMF_04237	1	persistent	2	0	0
BENMGJ_01368	contig_40	15041	15580	+	GEGEGB_04354	1	persistent	2	0	0
BENMGJ_01369	contig_40	15627	16496	+	GEGEGB_04355	1	persistent	2	0	0
BENMGJ_01370	contig_40	16493	16765	-	GEGEGB_04356	1	persistent	1	2	0
BENMGJ_01371	contig_40	16863	17804	-	BEJGEH_04258	1	shell	1	1	0
BENMGJ_01372	contig_40	18153	18794	-	BEJGEH_04259	1	shell	0	4	2
BENMGJ_01373	contig_40	19373	19849	-	BENMGJ_01373	1	cloud	0	2	0
BENMGJ_01374	contig_40	20170	20625	-	AJBGEP_04409	1	shell	0	1	6
BENMGJ_01375	contig_40	20622	21236	-	BENMGJ_01375	1	cloud	0	1	1
BENMGJ_01376	contig_40	21243	22901	-	BENMGJ_01376	1	cloud	0	1	1
BENMGJ_01377	contig_40	22904	23536	-	AJBGEP_04412	1	shell	0	1	5
BENMGJ_01378	contig_40	23529	24644	-	AJBGEP_04413	1	shell	0	2	0
BENMGJ_01379	contig_40	24635	24994	-	BEJGEH_04265	1	shell	0	2	1
BENMGJ_01380	contig_40	25055	25177	+	ODDLKH_00062	1	cloud	0	2	0
BENMGJ_01381	contig_40	25158	26705	-	AJBGEP_04415	1	shell	1	1	1
BENMGJ_01382	contig_40	26705	27634	-	BEJGEH_04267	3	persistent	1	3	6
BENMGJ_01383	contig_40	28321	29043	-	BEJGEH_04268	1	shell	1	1	0
BENMGJ_01384	contig_40	29053	30096	-	BEJGEH_04269	1	shell	0	2	0
BENMGJ_01385	contig_40	30084	30293	-	BEJGEH_04270	1	shell	0	2	0
BENMGJ_01386	contig_40	30293	31246	-	AJBGEP_04420	1	shell	0	2	0
BENMGJ_01387	contig_40	31246	33600	-	IKCLMC_01017	1	shell	0	2	0
BENMGJ_01388	contig_40	33785	34102	-	BEJGEH_04273	1	shell	0	2	0
BENMGJ_01389	contig_40	34154	34678	-	BEJGEH_04274	1	shell	0	2	0
BENMGJ_01390	contig_40	34678	36105	-	AJBGEP_04424	1	shell	0	2	0
BENMGJ_01391	contig_40	36095	36292	-	BEJGEH_04276	1	shell	0	2	0
BENMGJ_01392	contig_40	36289	36744	-	AJBGEP_04426	1	shell	0	2	0
BENMGJ_01393	contig_40	36904	37218	-	BEJGEH_04278	1	shell	0	2	0
BENMGJ_01394	contig_40	37231	37803	-	BEJGEH_04279	1	shell	0	2	0
BENMGJ_01395	contig_40	37839	38126	-	BEJGEH_04280	1	shell	0	2	0
BENMGJ_01396	contig_40	38702	39049	+	BEJGEH_04281	1	shell	1	2	0
BENMGJ_01397	contig_40	39182	40531	-	GEGEGB_04361	1	persistent	1	2	0
BENMGJ_01398	contig_40	40876	42525	+	GEGEGB_04362	1	persistent	2	0	0
BENMGJ_01400	contig_40	42966	43211	+	GEGEGB_04364	1	persistent	2	0	0
BENMGJ_01401	contig_40	43275	43913	+	GEGEGB_04365	1	persistent	2	0	0
BENMGJ_01402	contig_40	43910	44647	+	GEGEGB_04366	1	persistent	2	0	0
BENMGJ_01403	contig_40	44647	46743	+	BEJGEH_04288	1	persistent	2	0	0
BENMGJ_01404	contig_40	46886	47296	+	GEGEGB_04368	1	persistent	2	0	1
BENMGJ_01405	contig_40	47462	48352	-	GEGEGB_04369	1	persistent	2	0	1
BENMGJ_01406	contig_40	48367	49911	-	GEGEGB_04370	1	persistent	2	0	0
BENMGJ_01407	contig_40	50043	51233	-	GEGEGB_04371	1	persistent	2	0	0
BENMGJ_01408	contig_40	51595	52704	+	GEGEGB_04372	1	persistent	2	0	0
BENMGJ_01409	contig_40	52793	54151	+	PAPNPA_02752	1	persistent	2	0	0
BENMGJ_01410	contig_40	54315	55232	+	GEGEGB_04374	1	persistent	2	0	0
BENMGJ_01411	contig_40	55413	55910	+	LNHIMF_04260	1	persistent	2	0	0
BENMGJ_01412	contig_40	55924	56796	+	GEGEGB_04376	1	persistent	2	0	0
BENMGJ_01413	contig_40	56895	59315	-	LNHIMF_04262	1	persistent	2	0	0
BENMGJ_01414	contig_40	59486	59854	+	GEGEGB_04378	1	persistent	2	0	0
BENMGJ_01415	contig_40	59963	60571	+	GEGEGB_04379	1	persistent	2	0	0
BENMGJ_01416	contig_40	60750	62075	+	LNHIMF_04265	1	persistent	3	0	0
BENMGJ_01417	contig_40	62204	62416	+	GEGEGB_04382	1	persistent	3	0	0
BENMGJ_01418	contig_40	62515	63030	-	GEGEGB_04383	1	persistent	2	0	0
BENMGJ_01419	contig_40	63277	64587	+	LNHIMF_04269	1	persistent	2	0	1
BENMGJ_01420	contig_40	64675	65673	+	GEGEGB_04385	1	persistent	2	0	1
BENMGJ_01421	contig_40	65841	66083	+	GEGEGB_04386	1	persistent	2	0	0
BENMGJ_01422	contig_40	66258	67241	-	LNHIMF_04331	1	persistent	2	0	0
BENMGJ_01423	contig_40	67306	68721	+	GEGEGB_04388	1	persistent	2	0	0
BENMGJ_01424	contig_40	68753	69832	+	GEGEGB_04389	1	persistent	2	0	0
BENMGJ_01425	contig_40	70018	71205	+	LNHIMF_04334	1	persistent	2	0	0
BENMGJ_01426	contig_40	71392	72105	+	GEGEGB_04391	1	persistent	2	0	0
BENMGJ_01427	contig_40	72234	72650	+	GEGEGB_04392	1	persistent	2	0	0
BENMGJ_01428	contig_40	72653	73009	+	LNHIMF_04337	1	persistent	2	0	0
BENMGJ_01429	contig_40	73010	73348	-	LNHIMF_04338	1	persistent	2	0	0
BENMGJ_01430	contig_40	73335	73778	-	LNHIMF_04339	1	persistent	2	0	0
BENMGJ_01431	contig_40	73922	76747	-	GEGEGB_04396	1	persistent	2	0	0
BENMGJ_01432	contig_40	76995	77525	+	GEGEGB_04397	1	persistent	2	0	0
BENMGJ_01433	contig_40	78566	79198	+	GEGEGB_04398	1	persistent	2	0	0
BENMGJ_01434	contig_40	79195	80583	+	LNHIMF_04343	1	persistent	2	0	0
BENMGJ_01435	contig_40	80573	81892	+	LNHIMF_04344	1	persistent	2	0	0
BENMGJ_01436	contig_40	81889	83166	+	BEJGEH_04322	1	persistent	2	0	0
BENMGJ_01437	contig_40	83183	99868	+	PAPNPA_02781	1	persistent	2	0	0
BENMGJ_01438	contig_40	99908	101974	+	LNHIMF_04348	1	persistent	2	0	0
BENMGJ_01439	contig_40	102252	102533	-	GEGEGB_04405	1	persistent	2	0	0
BENMGJ_01440	contig_40	103095	104696	+	BEJGEH_04326	1	persistent	2	0	0
BENMGJ_01441	contig_40	104684	105007	-	GEGEGB_04407	1	persistent	2	0	0
BENMGJ_01442	contig_40	105094	105552	+	GEGEGB_04408	1	persistent	2	0	0
BENMGJ_01444	contig_40	105845	106513	+	LNHIMF_04354	1	persistent	2	0	0
BENMGJ_01445	contig_40	106860	108209	+	GEGEGB_04411	1	persistent	2	0	0
BENMGJ_01446	contig_40	108317	110005	+	AJBGEP_04481	1	persistent	2	0	0
BENMGJ_01447	contig_40	110100	110987	-	GEGEGB_04413	1	persistent	2	0	0
BENMGJ_01448	contig_40	111091	111501	+	GEGEGB_04414	1	persistent	2	0	0
BENMGJ_01449	contig_40	111494	112183	+	LNHIMF_04359	1	persistent	2	0	0
BENMGJ_01450	contig_40	112222	113871	-	LNHIMF_04360	1	persistent	2	0	0
BENMGJ_01451	contig_40	113868	114182	-	GEGEGB_04417	1	persistent	2	0	0
BENMGJ_01452	contig_40	114422	116380	-	LNHIMF_04362	1	persistent	2	0	0
BENMGJ_01453	contig_40	116812	118248	+	LNHIMF_04363	1	persistent	2	0	0
BENMGJ_01454	contig_40	118360	118926	+	GEGEGB_04420	1	persistent	2	0	0
BENMGJ_01455	contig_40	118923	119594	+	LNHIMF_04365	1	persistent	2	0	0
BENMGJ_01456	contig_40	119591	120547	+	GEGEGB_04422	1	persistent	1	2	0
BENMGJ_01457	contig_40	120540	122276	+	ALJMDI_03727	1	shell	2	0	0
BENMGJ_01458	contig_40	122775	123395	+	GEGEGB_04424	1	persistent	1	2	0
BENMGJ_01459	contig_40	123740	125050	+	LNHIMF_04369	1	persistent	2	0	1
BENMGJ_01460	contig_40	125208	125897	-	BEJGEH_04347	1	persistent	2	0	1
BENMGJ_01461	contig_40	126074	128221	-	LNHIMF_04371	1	persistent	2	0	0
BENMGJ_01462	contig_40	128576	129484	-	GEGEGB_04428	1	persistent	2	0	0
BENMGJ_01463	contig_40	129742	130176	-	GEGEGB_04429	1	persistent	2	0	0
BENMGJ_01464	contig_40	130328	130771	-	GEGEGB_04430	1	persistent	2	0	0
BENMGJ_01465	contig_40	130891	131226	-	GEGEGB_04431	1	persistent	2	0	1
BENMGJ_01466	contig_40	131694	133196	+	BEJGEH_04353	1	persistent	2	0	0
BENMGJ_01468	contig_40	133266	133355	+	GEGEGB_04434	1	persistent	2	0	1
BENMGJ_01469	contig_40	133363	134442	-	GEGEGB_04435	1	persistent	2	0	0
BENMGJ_01470	contig_40	134443	135111	-	LNHIMF_04380	1	persistent	2	0	0
BENMGJ_01471	contig_40	135108	136751	-	GEGEGB_04437	1	persistent	2	0	0
BENMGJ_01472	contig_40	136885	138222	-	GEGEGB_04438	1	persistent	2	0	0
BENMGJ_01473	contig_40	138362	139123	-	LNHIMF_04383	1	persistent	2	0	1
BENMGJ_01474	contig_40	139421	141688	-	GEGEGB_04440	1	persistent	2	0	0
BENMGJ_01475	contig_40	141921	142853	-	GEGEGB_04441	1	persistent	2	0	0
BENMGJ_01476	contig_40	143125	144477	+	LNHIMF_04386	1	persistent	2	0	0
BENMGJ_01477	contig_40	144540	145970	+	LNHIMF_04387	1	persistent	2	0	0
BENMGJ_01478	contig_40	146068	147714	-	GEGEGB_01415	2	persistent	4	0	0
BENMGJ_01479	contig_40	147810	149150	-	LNHIMF_04389	1	persistent	2	0	0
BENMGJ_01480	contig_40	149297	149563	-	GEGEGB_04446	1	persistent	2	0	0
BENMGJ_01481	contig_40	149880	150599	-	BEJGEH_04371	1	persistent	2	0	0
BENMGJ_01482	contig_40	150596	152227	-	LNHIMF_04392	1	persistent	2	0	0
BENMGJ_01483	contig_40	152583	155012	+	LNHIMF_04393	1	persistent	2	0	0
BENMGJ_01484	contig_40	155026	155652	+	LNHIMF_04394	1	persistent	2	0	0
BENMGJ_01485	contig_40	155645	156418	+	LNHIMF_04395	1	persistent	2	0	0
BENMGJ_01486	contig_40	156494	157087	+	LNHIMF_04396	1	persistent	2	0	0
BENMGJ_01487	contig_40	157171	158418	-	LNHIMF_04397	1	persistent	2	0	0
BENMGJ_01488	contig_40	158883	159743	+	GEGEGB_04456	1	persistent	1	0	5
BENMGJ_01490	contig_40	160404	160586	+	LNHIMF_04400	1	cloud	2	0	0
BENMGJ_01491	contig_40	160579	160851	-	GEGEGB_04459	1	persistent	1	0	5
BENMGJ_01492	contig_40	160863	161738	-	GEGEGB_04460	1	persistent	2	2	0
BENMGJ_01493	contig_40	163562	164563	+	ONMMKP_02470	1	shell	1	2	0
BENMGJ_01494	contig_40	164812	165102	-	BENMGJ_01494	1	shell	0	2	0
BENMGJ_01495	contig_40	165164	165697	-	BENMGJ_01495	1	shell	1	3	2
BENMGJ_01496	contig_40	165840	166592	-	LNHIMF_04420	1	persistent	2	1	4
BENMGJ_01498	contig_41	89	979	-	LNHIMF_00207	1	persistent	2	0	0
BENMGJ_01499	contig_41	979	1776	-	GEGEGB_00212	1	persistent	2	0	1
BENMGJ_01500	contig_41	1825	4068	-	BEJGEH_00211	1	cloud	2	0	0
BENMGJ_01501	contig_41	4361	6883	-	LNHIMF_00204	1	persistent	2	0	1
BENMGJ_01502	contig_41	7024	9498	-	LNHIMF_00203	1	persistent	2	0	0
BENMGJ_01503	contig_41	9526	10056	+	GEGEGB_00207	1	persistent	2	0	0
BENMGJ_01504	contig_41	10073	10777	+	LNHIMF_00201	1	persistent	2	0	0
BENMGJ_01505	contig_41	10954	11409	+	GEGEGB_00205	1	persistent	2	0	0
BENMGJ_01506	contig_41	11433	12374	+	GEGEGB_00204	1	persistent	2	0	0
BENMGJ_01507	contig_41	12515	13933	+	LNHIMF_00198	1	persistent	2	0	0
BENMGJ_01508	contig_41	13930	14409	+	GEGEGB_00202	1	persistent	2	0	2
BENMGJ_01509	contig_41	14530	15321	+	LNHIMF_00189	1	persistent	2	0	2
BENMGJ_01510	contig_41	15447	16301	+	LNHIMF_00188	1	persistent	2	0	0
BENMGJ_01511	contig_41	16396	16776	+	GEGEGB_00192	1	persistent	2	0	1
BENMGJ_01512	contig_41	17054	17659	+	BENMGJ_01512	1	cloud	1	0	1
BENMGJ_01513	contig_41	17746	18498	+	ONMMKP_01986	1	cloud	0	0	2
BENMGJ_01514	contig_41	18566	21163	+	BENMGJ_01514	1	cloud	0	0	2
BENMGJ_01515	contig_41	21198	21770	+	BENMGJ_01515	1	cloud	0	0	2
BENMGJ_01516	contig_41	21797	22354	+	BENMGJ_01516	1	cloud	0	0	2
BENMGJ_01517	contig_41	22373	22972	+	BENMGJ_01517	1	cloud	0	0	2
BENMGJ_01518	contig_41	22984	24045	+	BENMGJ_01518	1	cloud	1	0	1
BENMGJ_01519	contig_41	24047	25276	-	BEJGEH_00199	1	persistent	2	0	1
BENMGJ_01520	contig_41	25338	25778	-	LNHIMF_00185	1	persistent	3	0	0
BENMGJ_01521	contig_41	26147	26689	+	PAPNPA_03682	1	persistent	2	0	0
BENMGJ_01522	contig_41	26737	27420	+	BEJGEH_00196	1	persistent	2	0	0
BENMGJ_01523	contig_41	27435	29993	+	LNHIMF_00182	1	persistent	2	0	0
BENMGJ_01524	contig_41	30002	31081	+	BEJGEH_00194	1	persistent	2	0	0
BENMGJ_01525	contig_41	31198	31968	-	GEGEGB_00189	1	persistent	3	0	0
BENMGJ_01526	contig_41	31965	32891	-	LNHIMF_00179	1	persistent	2	0	0
BENMGJ_01527	contig_41	33000	33662	+	LNHIMF_00178	1	persistent	2	0	0
BENMGJ_01528	contig_41	33720	34256	-	LNHIMF_00177	1	persistent	2	0	0
BENMGJ_01529	contig_41	34462	36852	+	GEGEGB_00185	1	persistent	2	0	0
BENMGJ_01530	contig_41	36930	38540	-	GEGEGB_00184	1	persistent	2	0	0
BENMGJ_01531	contig_41	38703	39089	+	GEGEGB_00183	1	persistent	2	0	0
BENMGJ_01532	contig_41	39196	40056	+	BEJGEH_00186	1	persistent	2	0	0
BENMGJ_01533	contig_41	40077	40871	+	GEGEGB_00181	1	persistent	2	0	0
BENMGJ_01534	contig_41	40901	41668	-	GEGEGB_00180	1	persistent	2	0	0
BENMGJ_01535	contig_41	41678	42661	-	LNHIMF_00170	1	persistent	2	0	0
BENMGJ_01536	contig_41	42651	42872	-	LNHIMF_00169	2	persistent	2	0	0
BENMGJ_01537	contig_41	42933	43922	-	LNHIMF_00169	2	persistent	2	0	0
BENMGJ_01538	contig_41	43919	44872	-	GEGEGB_00177	1	persistent	2	0	0
BENMGJ_01539	contig_41	45107	45469	-	BEJGEH_00180	1	persistent	2	1	1
BENMGJ_01540	contig_41	45740	46063	+	BEJGEH_00179	1	shell	1	1	1
BENMGJ_01541	contig_41	46481	46945	+	BEJGEH_00178	1	shell	1	1	2
BENMGJ_01542	contig_41	47166	48305	-	PAPNPA_03662	1	cloud	0	1	1
BENMGJ_01543	contig_41	48380	49312	+	BENMGJ_01543	1	cloud	0	0	2
BENMGJ_01544	contig_41	49327	49635	-	BEJGEH_00175	1	cloud	0	0	2
BENMGJ_01545	contig_41	49669	50757	-	BENMGJ_01545	1	cloud	0	0	2
BENMGJ_01546	contig_41	50830	51801	+	BENMGJ_01546	1	cloud	1	0	1
BENMGJ_01547	contig_41	51833	54430	-	GEGEGB_00175	1	persistent	2	1	2
BENMGJ_01548	contig_41	54819	56444	+	GEGEGB_00174	1	persistent	2	0	0
BENMGJ_01549	contig_41	56457	57248	+	GEGEGB_00173	1	persistent	2	0	0
BENMGJ_01550	contig_41	57286	57570	-	GEGEGB_00172	1	persistent	2	0	0
BENMGJ_01552	contig_41	57859	59283	-	GEGEGB_00170	1	persistent	2	0	0
BENMGJ_01553	contig_41	59483	61372	-	BEJGEH_00166	1	persistent	2	0	0
BENMGJ_01554	contig_41	61387	64050	-	GEGEGB_00168	1	persistent	2	0	0
BENMGJ_01556	contig_41	64210	64974	-	GEGEGB_00166	1	persistent	2	0	0
BENMGJ_01557	contig_41	65540	66910	+	GEGEGB_00165	1	persistent	2	0	0
BENMGJ_01558	contig_41	67074	68480	+	BEJGEH_00161	1	persistent	2	0	0
BENMGJ_01559	contig_41	68480	69430	+	LNHIMF_00154	1	persistent	2	0	0
BENMGJ_01560	contig_41	69522	70376	-	LNHIMF_00153	1	persistent	2	0	0
BENMGJ_01561	contig_41	70373	70936	-	GEGEGB_00161	1	persistent	2	0	0
BENMGJ_01562	contig_41	71024	71917	+	LNHIMF_00151	1	persistent	2	0	0
BENMGJ_01563	contig_41	72139	72576	+	GEGEGB_00159	1	persistent	2	0	0
BENMGJ_01564	contig_41	72586	73971	+	LNHIMF_00149	1	persistent	2	0	0
BENMGJ_01565	contig_41	73961	75163	+	LNHIMF_00148	1	persistent	2	0	0
BENMGJ_01566	contig_41	75194	76237	-	GEGEGB_00156	1	persistent	2	0	0
BENMGJ_01567	contig_41	76463	77083	+	GEGEGB_00155	1	persistent	2	0	0
BENMGJ_01568	contig_41	77083	77826	+	GEGEGB_00154	1	persistent	2	0	0
BENMGJ_01569	contig_41	77836	78027	+	GEGEGB_00153	1	persistent	2	0	1
BENMGJ_01570	contig_41	78349	78744	-	GEGEGB_00150	1	persistent	2	0	2
BENMGJ_01572	contig_41	78896	81601	-	LNHIMF_00141	1	persistent	2	0	0
BENMGJ_01573	contig_41	81663	82160	-	GEGEGB_00147	1	persistent	2	0	0
BENMGJ_01574	contig_41	82439	83356	-	LNHIMF_00139	1	persistent	2	0	0
BENMGJ_01575	contig_41	83457	84608	-	LNHIMF_00138	1	persistent	2	0	0
BENMGJ_01577	contig_41	84669	85931	-	GEGEGB_00143	1	persistent	2	0	0
BENMGJ_01578	contig_41	85928	86758	-	GEGEGB_00142	1	persistent	2	0	0
BENMGJ_01579	contig_41	86760	87680	-	HFCAGB_00133	1	persistent	2	0	0
BENMGJ_01580	contig_41	87673	89148	-	GEGEGB_00140	1	persistent	2	0	0
BENMGJ_01581	contig_41	89267	90334	-	LNHIMF_00132	1	persistent	2	0	0
BENMGJ_01582	contig_41	90331	91575	-	GEGEGB_00138	1	persistent	2	0	0
BENMGJ_01583	contig_41	91575	92891	-	LNHIMF_00130	1	persistent	2	0	0
BENMGJ_01584	contig_41	92894	93976	-	GEGEGB_00136	1	persistent	2	0	0
BENMGJ_01585	contig_41	93970	95328	-	LNHIMF_00128	1	persistent	2	0	0
BENMGJ_01586	contig_41	95325	96812	-	GEGEGB_00134	1	persistent	2	0	0
BENMGJ_01587	contig_41	96799	98565	-	GEGEGB_00133	1	persistent	2	0	0
BENMGJ_01588	contig_41	98581	98946	-	GEGEGB_00132	1	persistent	2	0	0
BENMGJ_01589	contig_41	98943	99884	-	LNHIMF_00124	1	persistent	2	0	0
BENMGJ_01590	contig_41	99886	100344	-	LNHIMF_00123	1	persistent	2	0	0
BENMGJ_01591	contig_41	100950	101954	-	GEGEGB_00129	1	persistent	2	0	0
BENMGJ_01592	contig_41	102238	102732	-	LNHIMF_00121	1	persistent	2	0	0
BENMGJ_01593	contig_41	102732	104456	-	BEJGEH_00124	1	persistent	2	0	0
BENMGJ_01594	contig_41	104778	105722	-	LNHIMF_00119	1	persistent	2	0	0
BENMGJ_01595	contig_41	106379	106465	+	LNHIMF_00118	1	persistent	2	0	0
BENMGJ_01596	contig_41	106553	108124	+	LNHIMF_00117	1	persistent	2	0	0
BENMGJ_01597	contig_41	108124	109215	+	LNHIMF_00116	1	persistent	2	0	0
BENMGJ_01598	contig_41	109218	110618	+	GEGEGB_00122	1	persistent	2	0	0
BENMGJ_01599	contig_41	110629	111234	+	LNHIMF_00114	1	persistent	2	0	1
BENMGJ_01601	contig_41	111570	111692	-	GEGEGB_00120	1	persistent	2	0	1
BENMGJ_01602	contig_41	111785	113443	+	GEGEGB_00118	1	persistent	2	0	0
BENMGJ_01603	contig_41	113621	114604	+	GEGEGB_00117	1	persistent	2	0	0
BENMGJ_01604	contig_41	114580	116190	+	LNHIMF_00109	1	persistent	2	0	0
BENMGJ_01605	contig_41	116174	116881	+	GEGEGB_00115	1	persistent	2	0	0
BENMGJ_01606	contig_41	116920	117687	-	GEGEGB_00114	1	persistent	2	0	0
BENMGJ_01607	contig_41	117806	118651	-	LNHIMF_00106	1	persistent	2	0	0
BENMGJ_01608	contig_41	118992	120701	+	GEGEGB_00112	1	persistent	2	0	0
BENMGJ_01609	contig_41	120712	122214	+	LNHIMF_00104	1	persistent	2	0	0
BENMGJ_01610	contig_41	122355	123050	+	BEJGEH_00107	1	persistent	2	0	1
BENMGJ_01611	contig_41	123056	123475	-	GEGEGB_00109	1	persistent	2	0	1
BENMGJ_01612	contig_41	123864	124613	+	HFCAGB_00098	1	persistent	2	0	1
BENMGJ_01613	contig_41	124657	127008	+	LNHIMF_00100	1	persistent	2	0	2
BENMGJ_01614	contig_41	127182	130088	+	GEGEGB_00103	1	persistent	2	0	0
BENMGJ_01615	contig_41	130100	130759	+	LNHIMF_00098	1	persistent	2	0	0
BENMGJ_01616	contig_41	130854	131666	-	GEGEGB_00101	1	persistent	2	0	0
BENMGJ_01617	contig_41	131920	134280	+	GEGEGB_00100	1	persistent	2	0	0
BENMGJ_01618	contig_41	134334	135620	+	GEGEGB_00099	1	persistent	2	0	0
BENMGJ_01619	contig_41	135620	136609	+	GEGEGB_00098	1	persistent	2	0	0
BENMGJ_01620	contig_41	136606	137427	+	GEGEGB_00097	1	persistent	2	0	0
BENMGJ_01621	contig_41	137430	137807	+	LNHIMF_00092	1	persistent	2	0	0
BENMGJ_01622	contig_41	137818	138666	+	GEGEGB_00095	1	persistent	2	0	0
BENMGJ_01623	contig_41	138772	139251	-	GEGEGB_00094	1	persistent	2	0	0
BENMGJ_01624	contig_41	139449	141311	-	GEGEGB_00093	1	persistent	2	0	0
BENMGJ_01625	contig_41	141304	141834	-	LNHIMF_00088	1	persistent	3	0	0
BENMGJ_01626	contig_41	142388	144277	-	BEJGEH_00088	1	persistent	2	0	0
BENMGJ_01627	contig_41	145175	145465	+	GEGEGB_00088	1	persistent	2	0	0
BENMGJ_01629	contig_41	145689	146105	-	GEGEGB_00086	1	persistent	2	0	0
BENMGJ_01630	contig_41	146385	146615	-	GEGEGB_00085	1	persistent	3	0	0
BENMGJ_01631	contig_41	146704	148044	-	GEGEGB_00084	1	persistent	2	0	0
BENMGJ_01633	contig_41	148191	148478	-	GEGEGB_00082	1	persistent	2	0	0
BENMGJ_01634	contig_41	148475	149761	-	GEGEGB_00081	1	persistent	2	0	0
BENMGJ_01635	contig_41	149811	150752	-	GEGEGB_00080	1	persistent	2	0	0
BENMGJ_01636	contig_41	150768	151538	-	GEGEGB_00079	1	persistent	2	0	0
BENMGJ_01637	contig_41	152019	153536	+	LNHIMF_00076	1	persistent	2	0	0
BENMGJ_01638	contig_41	153571	154713	+	GEGEGB_00077	1	persistent	2	0	0
BENMGJ_01639	contig_41	154825	156042	+	GEGEGB_00076	1	persistent	2	0	0
BENMGJ_01640	contig_41	156105	157658	+	LNHIMF_00073	1	persistent	2	0	0
BENMGJ_01641	contig_41	157712	158497	+	LNHIMF_00072	1	persistent	2	0	0
BENMGJ_01642	contig_41	158595	159191	+	GEGEGB_00073	1	persistent	2	0	0
BENMGJ_01643	contig_41	159269	159664	-	GEGEGB_00072	1	persistent	2	1	0
BENMGJ_01644	contig_41	159938	163165	-	LNHIMF_00069	1	persistent	2	1	0
BENMGJ_01645	contig_41	163184	164332	-	LNHIMF_00068	1	persistent	2	1	1
BENMGJ_01646	contig_41	165195	166016	-	GEGEGB_00069	1	persistent	2	1	1
BENMGJ_01647	contig_41	166196	167104	-	LNHIMF_00065	1	persistent	2	0	0
BENMGJ_01648	contig_41	167082	167633	-	GEGEGB_00067	1	persistent	2	0	0
BENMGJ_01649	contig_41	167633	169153	-	LNHIMF_00063	1	persistent	2	0	0
BENMGJ_01650	contig_41	169164	170033	-	LNHIMF_00062	1	persistent	2	0	0
BENMGJ_01651	contig_41	170030	170323	-	GEGEGB_00064	1	persistent	2	0	0
BENMGJ_01652	contig_41	170353	171321	-	GEGEGB_00063	1	persistent	2	0	0
BENMGJ_01653	contig_41	171641	172981	+	GEGEGB_00062	1	persistent	2	0	0
BENMGJ_01654	contig_41	173140	173379	+	AJBGEP_03535	3	persistent	3	1	0
BENMGJ_01655	contig_41	173396	175171	+	GEGEGB_00060	3	persistent	2	0	1
BENMGJ_01656	contig_41	175184	176485	+	LNHIMF_00056	3	persistent	4	0	0
BENMGJ_01657	contig_41	176581	178239	+	BEJGEH_00056	1	persistent	2	0	0
BENMGJ_01658	contig_41	178241	178927	+	GEGEGB_00057	1	persistent	2	0	0
BENMGJ_01659	contig_41	178949	179869	-	GEGEGB_00056	1	persistent	2	0	0
BENMGJ_01660	contig_41	179885	181087	-	AJBGEP_00052	1	persistent	2	0	0
BENMGJ_01662	contig_41	181287	182237	-	GEGEGB_00053	1	persistent	2	0	0
BENMGJ_01663	contig_41	182240	182689	-	GEGEGB_00052	1	persistent	2	0	0
BENMGJ_01664	contig_41	182844	183344	-	LNHIMF_00048	1	persistent	2	0	0
BENMGJ_01665	contig_41	183344	186178	-	LNHIMF_00047	1	persistent	2	0	0
BENMGJ_01666	contig_41	186223	187161	-	GEGEGB_00049	1	persistent	2	0	1
BENMGJ_01667	contig_41	187505	187714	-	LNHIMF_00045	1	persistent	2	0	0
BENMGJ_01668	contig_42	33	917	-	GEGEGB_00475	1	persistent	2	0	0
BENMGJ_01669	contig_42	969	1127	-	GEGEGB_00474	1	persistent	2	0	0
BENMGJ_01670	contig_42	1186	2442	-	GEGEGB_00473	1	persistent	2	0	0
BENMGJ_01671	contig_42	2497	3330	-	GEGEGB_00472	1	persistent	2	0	0
BENMGJ_01672	contig_42	3586	4347	+	LNHIMF_02563	1	persistent	2	0	0
BENMGJ_01673	contig_42	4409	5335	-	GEGEGB_00470	1	persistent	2	0	0
BENMGJ_01674	contig_42	5425	6423	+	GEGEGB_00469	1	persistent	2	0	0
BENMGJ_01675	contig_42	6420	6638	-	LNHIMF_02566	1	persistent	2	0	0
BENMGJ_01676	contig_42	6640	8655	-	LNHIMF_02567	1	persistent	2	0	0
BENMGJ_01677	contig_42	8727	9713	-	GEGEGB_00466	1	persistent	2	0	0
BENMGJ_01678	contig_42	9945	10706	+	GEGEGB_00465	1	persistent	2	0	0
BENMGJ_01679	contig_42	11018	11989	+	GEGEGB_00464	1	persistent	2	0	0
BENMGJ_01680	contig_42	12373	12630	+	GEGEGB_00463	1	persistent	2	0	0
BENMGJ_01681	contig_42	12679	14406	+	GEGEGB_00462	1	persistent	2	0	0
BENMGJ_01682	contig_42	14447	14956	+	GEGEGB_00461	1	persistent	2	0	0
BENMGJ_01683	contig_42	15105	15344	-	LNHIMF_02574	1	persistent	2	0	0
BENMGJ_01684	contig_42	15341	16207	-	GEGEGB_00459	1	persistent	2	0	0
BENMGJ_01685	contig_42	16290	17582	+	BEJGEH_02464	1	persistent	2	0	0
BENMGJ_01686	contig_42	17597	18316	+	LNHIMF_02577	1	persistent	2	0	0
BENMGJ_01687	contig_42	18393	18758	+	BEJGEH_02466	1	persistent	2	1	1
BENMGJ_01688	contig_42	18858	19466	-	BENMGJ_01688	1	cloud	2	0	0
BENMGJ_01689	contig_42	19718	20629	-	LNHIMF_02579	1	persistent	2	1	1
BENMGJ_01690	contig_42	20697	21794	-	BEJGEH_02469	1	persistent	2	0	0
BENMGJ_01691	contig_42	21784	22659	-	LNHIMF_02581	1	persistent	2	0	0
BENMGJ_01692	contig_42	22659	23492	-	GEGEGB_00452	1	persistent	2	0	0
BENMGJ_01693	contig_42	23492	24508	-	GEGEGB_00451	1	persistent	2	0	0
BENMGJ_01694	contig_42	24666	25457	-	GEGEGB_00450	1	persistent	2	0	1
BENMGJ_01695	contig_42	25695	26594	-	GEGEGB_00449	1	persistent	2	0	1
BENMGJ_01696	contig_42	26689	27264	-	GEGEGB_00448	1	persistent	2	0	0
BENMGJ_01697	contig_42	27326	27775	-	LNHIMF_02587	1	persistent	2	0	0
BENMGJ_01698	contig_42	27762	28187	-	GEGEGB_00446	1	persistent	2	0	0
BENMGJ_01699	contig_42	28400	29269	+	GEGEGB_00445	1	persistent	2	0	0
BENMGJ_01700	contig_42	29272	30171	+	GEGEGB_00444	1	persistent	2	1	2
BENMGJ_01701	contig_42	30198	30869	+	IKCLMC_01328	1	cloud	2	0	0
BENMGJ_01702	contig_42	31131	32099	-	LNHIMF_02591	1	persistent	2	2	3
BENMGJ_01703	contig_42	32231	32725	-	LNHIMF_02592	1	persistent	2	0	0
BENMGJ_01704	contig_42	32738	33397	-	GEGEGB_00439	1	persistent	2	0	0
BENMGJ_01705	contig_42	33407	34303	-	LNHIMF_02594	1	persistent	2	0	0
BENMGJ_01706	contig_42	34322	35683	-	LNHIMF_02595	1	persistent	2	0	0
BENMGJ_01707	contig_42	35695	37098	-	GEGEGB_00436	1	persistent	2	0	0
BENMGJ_01708	contig_42	37095	38321	-	LNHIMF_02597	1	persistent	2	0	0
BENMGJ_01709	contig_42	38441	39628	-	ALJMDI_01699	1	persistent	2	0	0
BENMGJ_01710	contig_42	39618	40457	-	GEGEGB_00433	1	persistent	2	0	0
BENMGJ_01711	contig_42	40468	41871	-	LNHIMF_02600	1	persistent	2	0	1
BENMGJ_01712	contig_42	41883	42170	-	LNHIMF_02601	1	persistent	2	0	0
BENMGJ_01713	contig_42	42283	42573	-	LNHIMF_02602	1	persistent	2	0	0
BENMGJ_01714	contig_42	42614	43630	-	GEGEGB_00430	1	persistent	2	0	1
BENMGJ_01715	contig_42	43627	44430	-	GEGEGB_00429	1	persistent	2	0	0
BENMGJ_01716	contig_42	44427	45116	-	LNHIMF_02605	1	persistent	2	0	0
BENMGJ_01717	contig_42	45094	45573	-	GEGEGB_00427	1	persistent	2	0	0
BENMGJ_01718	contig_42	45586	45921	-	GEGEGB_00426	1	persistent	2	1	1
BENMGJ_01719	contig_42	46338	48617	-	GEGEGB_00423	1	persistent	2	1	1
BENMGJ_01720	contig_42	48889	49839	+	LNHIMF_02609	1	persistent	2	0	0
BENMGJ_01721	contig_42	49859	51859	+	LNHIMF_02610	1	persistent	2	0	0
BENMGJ_01722	contig_42	51922	52152	-	GEGEGB_00420	1	persistent	2	0	0
BENMGJ_01723	contig_42	52280	53323	-	LNHIMF_02612	1	persistent	2	0	0
BENMGJ_01724	contig_42	53448	54023	-	GEGEGB_00418	1	persistent	2	0	0
BENMGJ_01725	contig_42	54227	55525	+	GEGEGB_00417	1	persistent	2	0	0
BENMGJ_01726	contig_42	55974	57935	-	GEGEGB_00416	1	persistent	2	0	0
BENMGJ_01727	contig_42	58121	59821	+	BEJGEH_02507	1	persistent	2	0	0
BENMGJ_01728	contig_42	60006	63119	+	GEGEGB_00414	1	persistent	2	0	1
BENMGJ_01730	contig_42	63221	63280	-	LNHIMF_02619	1	persistent	2	0	0
BENMGJ_01731	contig_42	63693	64049	+	GEGEGB_00411	1	persistent	2	0	1
BENMGJ_01732	contig_42	64053	65180	+	LNHIMF_02621	1	persistent	2	0	0
BENMGJ_01733	contig_42	65208	65408	+	GEGEGB_00409	1	persistent	2	0	0
BENMGJ_01734	contig_42	65435	67453	-	LNHIMF_02623	1	persistent	2	0	0
BENMGJ_01735	contig_42	67469	68332	-	LNHIMF_02624	1	persistent	2	0	0
BENMGJ_01736	contig_42	68463	69176	-	GEGEGB_00406	1	persistent	2	0	0
BENMGJ_01737	contig_42	69351	70385	-	GEGEGB_00405	1	persistent	2	0	0
BENMGJ_01738	contig_42	70402	71280	-	GEGEGB_00404	1	persistent	2	0	0
BENMGJ_01739	contig_42	71426	71998	+	LNHIMF_02628	1	persistent	2	0	0
BENMGJ_01740	contig_42	71998	72468	+	GEGEGB_00402	1	persistent	2	0	0
BENMGJ_01741	contig_42	72515	72757	-	LNHIMF_02630	1	persistent	2	1	0
BENMGJ_01742	contig_42	73055	74122	-	GEGEGB_00397	1	persistent	2	1	0
BENMGJ_01743	contig_42	74330	75793	+	GEGEGB_00396	1	persistent	2	0	0
BENMGJ_01744	contig_42	75833	76192	+	GEGEGB_00395	1	persistent	2	0	0
BENMGJ_01745	contig_42	76219	76944	-	GEGEGB_00394	1	persistent	2	0	0
BENMGJ_01746	contig_42	77015	78304	-	GEGEGB_00393	1	persistent	2	0	0
BENMGJ_01747	contig_42	78392	79018	-	GEGEGB_00392	1	persistent	2	0	0
BENMGJ_01748	contig_42	79311	80468	+	LNHIMF_02639	1	persistent	2	0	0
BENMGJ_01749	contig_42	80468	81106	+	GEGEGB_00390	1	persistent	2	0	0
BENMGJ_01750	contig_42	81295	83361	+	LNHIMF_02641	1	persistent	2	0	0
BENMGJ_01751	contig_42	83366	84907	+	GEGEGB_00388	1	persistent	2	0	0
BENMGJ_01752	contig_42	84943	87156	-	LNHIMF_02643	1	persistent	2	0	0
BENMGJ_01753	contig_42	87587	87760	+	BEJGEH_02536	1	persistent	2	0	4
BENMGJ_01754	contig_42	88471	88785	+	BEJGEH_02537	1	persistent	2	0	3
BENMGJ_01755	contig_42	88805	89095	-	HFCAGB_02785	1	persistent	2	0	2
BENMGJ_01756	contig_42	89318	90895	-	GEGEGB_00382	1	persistent	2	0	4
BENMGJ_01757	contig_42	90965	92431	-	GEGEGB_00381	1	persistent	2	0	0
BENMGJ_01758	contig_42	92592	93941	+	LNHIMF_02649	1	persistent	2	0	0
BENMGJ_01759	contig_42	94103	100255	-	PKJKAM_02753	1	persistent	2	0	2
BENMGJ_01760	contig_42	100916	108223	-	ALJMDI_01641	1	persistent	2	0	4
BENMGJ_01761	contig_42	108389	113968	-	AJBGEP_02691	1	persistent	2	0	0
BENMGJ_01762	contig_42	114106	115068	-	BEJGEH_02547	1	persistent	2	0	2
BENMGJ_01763	contig_42	115126	117318	-	LNHIMF_02655	1	persistent	2	0	0
BENMGJ_01764	contig_42	117664	117885	-	LNHIMF_02656	1	persistent	2	0	0
BENMGJ_01765	contig_42	117974	119446	-	GEGEGB_00368	1	persistent	2	0	0
BENMGJ_01766	contig_42	119563	120741	-	GEGEGB_00367	1	persistent	2	0	0
BENMGJ_01767	contig_42	120752	121372	-	GEGEGB_00366	1	persistent	2	0	0
BENMGJ_01768	contig_42	121386	122660	-	GEGEGB_00365	1	persistent	2	0	0
BENMGJ_01770	contig_42	122771	123889	-	LNHIMF_02662	1	persistent	2	0	0
BENMGJ_01771	contig_42	123916	124920	-	BEJGEH_02556	1	persistent	2	0	0
BENMGJ_01772	contig_42	125212	126378	-	GEGEGB_00361	1	persistent	2	0	0
BENMGJ_01773	contig_42	126585	127016	-	GEGEGB_00360	1	persistent	2	0	0
BENMGJ_01774	contig_42	127137	128000	-	LNHIMF_02666	1	persistent	2	0	0
BENMGJ_01775	contig_42	128000	128809	-	GEGEGB_00358	1	persistent	2	0	0
BENMGJ_01776	contig_42	128802	129431	-	LNHIMF_02668	1	persistent	2	0	0
BENMGJ_01777	contig_42	129428	131806	-	OEKLIE_03175	1	persistent	2	0	0
BENMGJ_01778	contig_42	131961	134276	-	LNHIMF_02670	1	persistent	2	0	0
BENMGJ_01779	contig_42	134277	139211	-	GEGEGB_00353	1	persistent	2	0	0
BENMGJ_01780	contig_42	139420	140262	+	GEGEGB_00352	1	persistent	3	0	1
BENMGJ_01781	contig_42	140242	140466	-	BEJGEH_02566	1	persistent	2	0	0
BENMGJ_01782	contig_42	140509	141177	+	BEJGEH_02567	1	persistent	2	0	0
BENMGJ_01784	contig_42	141746	142531	-	GEGEGB_00348	1	persistent	3	0	0
BENMGJ_01785	contig_42	142546	142725	+	PKJKAM_02726	1	persistent	2	0	0
BENMGJ_01786	contig_42	142641	143924	-	GEGEGB_00346	1	persistent	2	0	0
BENMGJ_01787	contig_42	144171	144371	-	GEGEGB_00345	1	persistent	2	0	0
BENMGJ_01788	contig_42	144383	144718	-	GEGEGB_00344	1	persistent	2	0	0
BENMGJ_01789	contig_42	144720	146570	-	LNHIMF_02679	1	persistent	2	0	0
BENMGJ_01790	contig_42	146583	147098	-	LNHIMF_02680	1	persistent	2	0	0
BENMGJ_01791	contig_42	147294	147617	-	GEGEGB_00341	1	persistent	2	0	0
BENMGJ_01792	contig_42	147646	148032	-	GEGEGB_00340	1	persistent	2	0	0
BENMGJ_01793	contig_42	148060	149274	-	GEGEGB_00339	1	persistent	2	0	0
BENMGJ_01794	contig_42	149455	149949	-	GEGEGB_00338	1	persistent	2	0	0
BENMGJ_01795	contig_42	150109	150840	-	GEGEGB_00337	1	persistent	2	0	0
BENMGJ_01796	contig_42	150959	151762	+	LNHIMF_02686	1	persistent	2	0	0
BENMGJ_01797	contig_42	151907	152785	+	HFCAGB_02830	1	persistent	2	0	0
BENMGJ_01798	contig_42	152967	154010	+	GEGEGB_00334	1	persistent	2	0	0
BENMGJ_01799	contig_42	154014	154832	+	LNHIMF_02689	1	persistent	2	0	0
BENMGJ_01800	contig_42	154843	155856	+	GEGEGB_00332	1	persistent	2	0	0
BENMGJ_01801	contig_42	155857	156843	-	BEJGEH_02586	1	persistent	2	0	0
BENMGJ_01802	contig_42	156834	157472	-	LNHIMF_02692	1	persistent	2	0	0
BENMGJ_01803	contig_42	157598	158875	+	LNHIMF_02693	1	persistent	2	0	0
BENMGJ_01804	contig_42	158870	160009	-	GEGEGB_00327	1	persistent	2	0	0
BENMGJ_01805	contig_42	160205	161458	-	GEGEGB_00326	1	persistent	2	0	0
BENMGJ_01806	contig_42	161783	162973	+	LNHIMF_02696	1	persistent	2	0	0
BENMGJ_01807	contig_42	163155	164699	+	ODDLKH_03069	1	persistent	2	0	1
BENMGJ_01808	contig_42	165060	166391	+	ALJMDI_01593	1	persistent	2	0	0
BENMGJ_01809	contig_42	166474	168618	+	GEGEGB_00322	1	persistent	2	0	0
BENMGJ_01810	contig_42	168674	170134	+	LNHIMF_02700	1	persistent	2	0	0
BENMGJ_01811	contig_42	170183	170521	-	GEGEGB_00320	1	persistent	2	0	0
BENMGJ_01812	contig_42	170598	171935	-	GEGEGB_00319	1	persistent	2	0	0
BENMGJ_01813	contig_42	171932	172696	-	GEGEGB_00318	1	persistent	2	0	0
BENMGJ_01814	contig_42	172698	174083	-	GEGEGB_00317	1	persistent	2	1	0
BENMGJ_01817	contig_42	174778	178665	-	LNHIMF_02707	1	persistent	2	1	0
BENMGJ_01818	contig_42	178921	180465	+	BEJGEH_02606	1	persistent	2	0	0
BENMGJ_01819	contig_42	180516	181034	-	GEGEGB_00312	1	persistent	2	0	0
BENMGJ_01820	contig_42	181092	181727	-	LNHIMF_02710	1	persistent	2	0	0
BENMGJ_01821	contig_42	181731	183092	-	LNHIMF_02711	1	persistent	2	0	0
BENMGJ_01822	contig_42	183103	183996	-	GEGEGB_00309	1	persistent	2	0	0
BENMGJ_01823	contig_42	184112	184960	+	GEGEGB_00308	1	persistent	2	0	0
BENMGJ_01824	contig_42	184999	185916	-	GEGEGB_00307	1	persistent	2	0	0
BENMGJ_01825	contig_42	185938	187134	-	LNHIMF_02715	1	persistent	2	0	0
BENMGJ_01826	contig_42	187250	188176	+	BEJGEH_02614	1	persistent	2	0	0
BENMGJ_01827	contig_42	188214	188474	+	GEGEGB_00304	1	persistent	2	0	0
BENMGJ_01828	contig_42	188586	188966	-	GEGEGB_00303	1	persistent	2	0	0
BENMGJ_01829	contig_42	188966	189697	-	GEGEGB_00302	1	persistent	2	0	0
BENMGJ_01830	contig_42	189709	190437	-	GEGEGB_00301	1	persistent	2	0	0
BENMGJ_01831	contig_42	190449	190919	-	LNHIMF_02721	1	persistent	2	0	0
BENMGJ_01832	contig_43	2	2137	-	LNHIMF_03159	1	persistent	2	0	2
BENMGJ_01833	contig_43	2562	3269	+	GEGEGB_03190	1	persistent	1	1	4
BENMGJ_01835	contig_43	3609	3989	-	LNHIMF_03162	1	shell	2	1	0
BENMGJ_01836	contig_43	4054	5379	-	AJBGEP_03293	1	shell	0	2	0
BENMGJ_01837	contig_43	5404	5931	-	HFCAGB_03346	1	shell	0	2	0
BENMGJ_01838	contig_43	5955	6797	-	LNHIMF_03165	1	shell	0	2	0
BENMGJ_01839	contig_43	6889	7767	+	LNHIMF_03166	1	shell	0	2	0
BENMGJ_01840	contig_43	7815	9554	-	LNHIMF_03167	1	shell	0	2	0
BENMGJ_01841	contig_43	9623	10807	-	HFCAGB_03350	1	shell	1	1	0
BENMGJ_01843	contig_43	11319	12002	+	LNHIMF_03170	1	persistent	1	1	1
BENMGJ_01844	contig_43	12106	12663	-	LNHIMF_03171	1	persistent	2	0	0
BENMGJ_01845	contig_43	12641	14140	-	GEGEGB_03203	1	persistent	2	0	0
BENMGJ_01846	contig_43	14349	14723	-	BEJGEH_03143	1	persistent	2	0	0
BENMGJ_01847	contig_43	14738	16039	-	GEGEGB_03206	1	persistent	2	0	0
BENMGJ_01848	contig_43	16201	17685	+	LNHIMF_03175	1	persistent	2	0	0
BENMGJ_01849	contig_43	17821	18201	-	BEJGEH_03146	1	persistent	2	0	0
BENMGJ_01850	contig_43	18201	18686	-	PKJKAM_01942	1	persistent	2	0	0
BENMGJ_01851	contig_43	19412	20335	-	GEGEGB_03210	1	persistent	3	0	0
BENMGJ_01852	contig_43	20374	21252	-	LNHIMF_03179	1	persistent	2	0	1
BENMGJ_01853	contig_43	21648	22952	-	GEGEGB_03211	1	persistent	3	0	1
BENMGJ_01854	contig_43	23357	24541	+	GEGEGB_03212	1	persistent	2	0	0
BENMGJ_01855	contig_43	24652	26124	+	GEGEGB_03213	1	persistent	2	0	0
BENMGJ_01856	contig_43	26136	27548	+	LNHIMF_03187	1	persistent	2	0	0
BENMGJ_01857	contig_43	27848	28906	-	BEJGEH_03154	1	persistent	2	0	0
BENMGJ_01858	contig_43	29576	31432	-	GEGEGB_03216	1	persistent	2	0	0
BENMGJ_01859	contig_43	31659	32525	+	LNHIMF_03190	1	persistent	2	0	0
BENMGJ_01860	contig_43	32593	33303	-	BEJGEH_03157	1	persistent	2	0	0
BENMGJ_01861	contig_43	33303	34355	-	LNHIMF_03192	1	persistent	2	0	0
BENMGJ_01862	contig_43	34431	34679	-	GEGEGB_03220	1	persistent	2	0	0
BENMGJ_01863	contig_43	34707	35048	-	GEGEGB_03221	1	persistent	2	0	0
BENMGJ_01864	contig_43	35041	35529	-	GEGEGB_03222	1	persistent	2	0	0
BENMGJ_01865	contig_43	35522	36016	-	LNHIMF_03196	1	persistent	2	0	0
BENMGJ_01866	contig_43	36016	37719	-	LNHIMF_03197	1	persistent	2	0	0
BENMGJ_01867	contig_43	37716	38894	-	GEGEGB_03225	1	persistent	2	0	0
BENMGJ_01868	contig_43	38884	39870	-	GEGEGB_03226	1	persistent	2	0	0
BENMGJ_01869	contig_43	39873	40991	-	GEGEGB_03227	1	persistent	2	0	0
BENMGJ_01870	contig_43	41181	41468	-	GEGEGB_03228	1	persistent	2	0	0
BENMGJ_01871	contig_43	41553	43196	-	LNHIMF_03202	1	persistent	2	0	0
BENMGJ_01872	contig_43	43503	43997	-	GEGEGB_03231	1	persistent	2	0	0
BENMGJ_01873	contig_43	44068	44571	-	GEGEGB_03232	1	persistent	2	0	0
BENMGJ_01874	contig_43	44675	45085	+	LNHIMF_03205	1	persistent	2	0	0
BENMGJ_01875	contig_43	45072	45476	+	GEGEGB_03234	1	persistent	2	0	0
BENMGJ_01876	contig_43	45600	46484	+	GEGEGB_03235	1	persistent	2	0	0
BENMGJ_01877	contig_43	46597	47022	-	GEGEGB_03236	1	persistent	2	0	0
BENMGJ_01878	contig_43	47029	47763	-	GEGEGB_03237	1	persistent	2	0	0
BENMGJ_01879	contig_43	47756	47893	-	GEGEGB_03238	1	persistent	2	0	0
BENMGJ_01880	contig_43	48015	49202	+	LNHIMF_03211	1	persistent	2	0	0
BENMGJ_01881	contig_43	49342	50001	+	GEGEGB_03240	1	persistent	2	0	0
BENMGJ_01882	contig_43	50065	50982	-	LNHIMF_03213	1	persistent	2	0	0
BENMGJ_01883	contig_43	51157	52320	+	LNHIMF_03214	1	persistent	2	0	0
BENMGJ_01884	contig_43	52426	53253	+	LNHIMF_03215	1	persistent	2	0	0
BENMGJ_01885	contig_43	53450	54904	+	GEGEGB_03245	1	persistent	2	0	1
BENMGJ_01886	contig_43	54949	55404	+	LNHIMF_03217	1	persistent	3	0	0
BENMGJ_01887	contig_43	55562	55756	-	HFCAGB_03397	1	persistent	2	0	0
BENMGJ_01888	contig_43	55959	58130	-	GEGEGB_03247	1	persistent	2	1	2
BENMGJ_01889	contig_43	58618	59601	+	BEJGEH_03192	1	shell	1	1	0
BENMGJ_01890	contig_43	59644	60126	+	BEJGEH_03193	1	shell	0	2	0
BENMGJ_01891	contig_43	60137	61444	+	BEJGEH_03194	1	shell	1	1	0
BENMGJ_01892	contig_43	61489	62901	-	GEGEGB_03254	1	persistent	1	1	1
BENMGJ_01893	contig_43	62975	63712	-	GEGEGB_03255	1	persistent	2	0	0
BENMGJ_01894	contig_43	63969	66227	-	LNHIMF_03225	1	persistent	3	0	0
BENMGJ_01895	contig_43	66338	67204	-	AJBGEP_03353	1	persistent	2	0	0
BENMGJ_01896	contig_43	67276	67668	-	GEGEGB_03258	1	persistent	3	0	0
BENMGJ_01897	contig_43	67820	68479	+	GEGEGB_03259	1	persistent	2	0	0
BENMGJ_01898	contig_43	68476	69825	+	GEGEGB_03260	1	persistent	2	0	0
BENMGJ_01899	contig_43	69932	70513	+	LNHIMF_03229	1	persistent	2	0	0
BENMGJ_01900	contig_43	70545	70859	+	GEGEGB_03262	1	persistent	2	0	0
BENMGJ_01901	contig_43	70984	72876	-	GEGEGB_03263	1	persistent	2	0	0
BENMGJ_01902	contig_43	72904	73485	-	GEGEGB_03264	1	persistent	2	0	0
BENMGJ_01903	contig_43	73485	74312	-	GEGEGB_03265	1	persistent	2	0	0
BENMGJ_01904	contig_43	74337	74759	-	LNHIMF_03234	1	persistent	2	0	0
BENMGJ_01905	contig_43	74756	75388	-	GEGEGB_03267	1	persistent	2	0	0
BENMGJ_01906	contig_43	75595	77064	+	GEGEGB_03268	1	persistent	2	0	0
BENMGJ_01907	contig_43	77277	77948	+	ODDLKH_03623	1	persistent	2	0	0
BENMGJ_01908	contig_43	77954	79117	+	GEGEGB_03270	1	persistent	2	0	0
BENMGJ_01909	contig_43	79179	79967	-	GEGEGB_03271	1	persistent	2	0	0
BENMGJ_01910	contig_43	80108	80881	+	GEGEGB_03272	1	persistent	2	0	0
BENMGJ_01911	contig_43	81524	83320	+	GEGEGB_03273	1	persistent	2	0	0
BENMGJ_01912	contig_43	83340	84011	+	GEGEGB_03274	1	persistent	2	0	0
BENMGJ_01913	contig_43	84026	84703	+	GEGEGB_03275	1	persistent	2	2	0
BENMGJ_01914	contig_43	84873	85526	-	GEGEGB_03276	1	persistent	2	2	0
BENMGJ_01915	contig_43	85963	86259	+	AJBGEP_03373	1	persistent	2	0	0
BENMGJ_01916	contig_43	86333	86536	-	GEGEGB_03278	1	persistent	2	0	0
BENMGJ_01917	contig_43	86800	87420	+	LNHIMF_03249	1	persistent	2	0	0
BENMGJ_01918	contig_43	87439	89118	+	GEGEGB_03280	1	persistent	2	0	0
BENMGJ_01920	contig_43	89358	89417	+	GEGEGB_03282	1	persistent	2	0	0
BENMGJ_01921	contig_43	89577	91010	-	GEGEGB_03283	1	persistent	2	0	0
BENMGJ_01922	contig_43	91058	93901	-	GEGEGB_03284	1	persistent	2	0	0
BENMGJ_01923	contig_43	94019	95320	-	GEGEGB_03285	1	persistent	2	0	0
BENMGJ_01924	contig_43	95562	96176	+	GEGEGB_03286	1	persistent	2	0	0
BENMGJ_01925	contig_43	96239	97480	+	LNHIMF_03257	1	persistent	2	0	0
BENMGJ_01926	contig_43	97585	98406	-	GEGEGB_03288	1	persistent	2	0	0
BENMGJ_01927	contig_43	98504	98863	-	LNHIMF_03259	1	persistent	2	0	0
BENMGJ_01928	contig_43	98970	99581	+	LNHIMF_03260	1	persistent	2	0	0
BENMGJ_01929	contig_43	99832	100845	-	GEGEGB_03291	1	persistent	2	0	0
BENMGJ_01930	contig_43	101073	101288	+	GEGEGB_03292	1	persistent	2	0	0
BENMGJ_01931	contig_43	101524	103269	+	GEGEGB_03293	1	persistent	2	0	0
BENMGJ_01932	contig_43	103284	105266	+	LNHIMF_03264	1	persistent	2	0	0
BENMGJ_01933	contig_43	105390	105896	-	GEGEGB_03295	1	persistent	2	0	1
BENMGJ_01935	contig_43	106177	106944	-	LNHIMF_03267	1	persistent	2	0	1
BENMGJ_01936	contig_43	107179	107823	+	GEGEGB_03298	1	persistent	2	0	0
BENMGJ_01937	contig_43	107820	109385	-	AJBGEP_03395	1	persistent	2	0	0
BENMGJ_01938	contig_43	109773	111293	-	LNHIMF_03270	1	persistent	2	0	0
BENMGJ_01939	contig_43	111723	113102	+	GEGEGB_03301	1	persistent	2	0	0
BENMGJ_01940	contig_43	113272	115290	+	BEJGEH_03246	1	persistent	2	0	0
BENMGJ_01941	contig_43	115371	116507	-	GEGEGB_03305	1	persistent	2	0	0
BENMGJ_01942	contig_43	116593	117090	+	GEGEGB_03306	1	persistent	2	0	0
BENMGJ_01943	contig_43	117242	117934	+	GEGEGB_03307	1	persistent	2	0	0
BENMGJ_01944	contig_43	118023	119021	+	LNHIMF_03276	1	persistent	2	0	0
BENMGJ_01945	contig_43	119293	120261	+	GEGEGB_03309	1	persistent	2	0	0
BENMGJ_01947	contig_43	120516	121760	+	LNHIMF_03279	1	persistent	2	0	0
BENMGJ_01948	contig_43	122210	122872	+	GEGEGB_03312	1	persistent	2	0	0
BENMGJ_01949	contig_43	122876	123259	+	GEGEGB_03313	1	persistent	2	0	0
BENMGJ_01950	contig_43	123404	123772	+	GEGEGB_03314	1	persistent	2	0	0
BENMGJ_01951	contig_43	123814	124119	+	GEGEGB_03315	1	persistent	2	0	0
BENMGJ_01952	contig_43	124122	124520	+	GEGEGB_03316	1	persistent	2	0	0
BENMGJ_01953	contig_43	124517	124816	+	GEGEGB_03317	1	persistent	2	0	0
BENMGJ_01954	contig_43	124961	125446	+	GEGEGB_03318	1	persistent	2	0	0
BENMGJ_01955	contig_43	125514	126500	+	LNHIMF_03287	1	persistent	2	0	0
BENMGJ_01956	contig_43	126624	126989	+	GEGEGB_03320	1	persistent	2	0	0
BENMGJ_01957	contig_43	127028	127924	-	LNHIMF_03289	1	persistent	2	0	0
BENMGJ_01958	contig_43	128029	128730	+	GEGEGB_03322	1	persistent	2	0	0
BENMGJ_01959	contig_43	128754	128918	+	GEGEGB_03323	1	persistent	2	0	0
BENMGJ_01960	contig_43	129031	130338	-	LNHIMF_03292	1	persistent	2	0	0
BENMGJ_01961	contig_43	130364	131695	-	LNHIMF_03293	1	persistent	2	0	0
BENMGJ_01963	contig_43	132011	133375	-	GEGEGB_03329	1	persistent	2	0	0
BENMGJ_01964	contig_43	133445	135739	-	LNHIMF_03296	1	persistent	2	0	0
BENMGJ_01965	contig_43	135773	136981	-	LNHIMF_03297	1	persistent	2	0	0
BENMGJ_01966	contig_43	137048	138379	-	LNHIMF_03298	1	persistent	2	0	0
BENMGJ_01967	contig_43	138400	139389	-	GEGEGB_03334	1	persistent	2	0	0
BENMGJ_01968	contig_43	139487	140425	-	LNHIMF_03300	1	persistent	2	0	1
BENMGJ_01970	contig_43	141892	143037	-	GEGEGB_03337	1	persistent	2	0	1
BENMGJ_01971	contig_43	143135	144025	-	LNHIMF_03303	1	persistent	2	0	0
BENMGJ_01972	contig_43	144051	144821	-	GEGEGB_03339	1	persistent	2	0	0
BENMGJ_01973	contig_43	145351	146922	+	LNHIMF_03305	1	persistent	2	1	0
BENMGJ_01974	contig_43	147180	148034	+	GEGEGB_03343	1	persistent	2	2	0
BENMGJ_01975	contig_43	148154	149425	+	BEJGEH_03281	1	persistent	2	1	0
BENMGJ_01976	contig_43	149440	149904	+	LNHIMF_03308	1	persistent	2	0	0
BENMGJ_01977	contig_43	149935	150219	+	GEGEGB_03350	1	persistent	2	0	0
BENMGJ_01978	contig_43	150223	151596	+	LNHIMF_03310	1	persistent	2	0	0
BENMGJ_01979	contig_43	151640	152683	+	GEGEGB_03352	1	persistent	2	1	0
BENMGJ_01980	contig_43	152794	153567	+	GEGEGB_03353	1	persistent	2	0	0
BENMGJ_01981	contig_43	153725	154588	-	LNHIMF_03313	1	persistent	2	0	0
BENMGJ_01982	contig_43	154652	156694	+	LNHIMF_03314	1	persistent	2	0	0
BENMGJ_01983	contig_43	156652	157047	+	LNHIMF_03315	1	persistent	2	0	0
BENMGJ_01984	contig_43	157069	157659	+	LNHIMF_03316	1	persistent	2	0	0
BENMGJ_01985	contig_43	157669	158244	+	GEGEGB_03358	1	persistent	2	0	0
BENMGJ_01986	contig_43	158311	158946	-	LNHIMF_03318	1	persistent	2	0	0
BENMGJ_01987	contig_43	159077	159595	+	GEGEGB_03360	1	persistent	2	0	0
BENMGJ_01988	contig_43	159575	160018	-	GEGEGB_03361	1	persistent	2	0	0
BENMGJ_01989	contig_43	160056	160373	+	GEGEGB_03362	1	persistent	2	0	0
BENMGJ_01990	contig_43	160360	160863	-	GEGEGB_03363	1	persistent	2	0	0
BENMGJ_01991	contig_43	160857	161381	-	GEGEGB_03364	1	persistent	2	0	0
BENMGJ_01992	contig_43	161598	162593	+	GEGEGB_03365	1	persistent	2	0	0
BENMGJ_01993	contig_43	162602	163480	+	GEGEGB_03366	1	persistent	2	0	0
BENMGJ_01994	contig_43	163658	164665	+	LNHIMF_03326	1	persistent	2	1	0
BENMGJ_01995	contig_43	164756	166000	-	GEGEGB_03368	1	persistent	2	1	0
BENMGJ_01996	contig_43	166154	168043	-	GEGEGB_03369	1	persistent	2	0	0
BENMGJ_01997	contig_43	168036	168116	-	GEGEGB_03370	1	persistent	2	0	0
BENMGJ_01998	contig_43	168222	169106	-	GEGEGB_03371	1	persistent	2	0	0
BENMGJ_01999	contig_43	169216	171381	-	LNHIMF_03331	1	persistent	2	0	0
BENMGJ_02001	contig_43	171593	171862	-	GEGEGB_03374	1	persistent	2	0	0
BENMGJ_02002	contig_43	172013	172957	-	GEGEGB_03375	1	persistent	2	0	0
BENMGJ_02003	contig_43	172957	173358	-	GEGEGB_03376	1	persistent	2	0	0
BENMGJ_02004	contig_43	173579	176257	-	BEJGEH_03312	1	persistent	2	0	0
BENMGJ_02005	contig_43	176282	177784	-	LNHIMF_03337	1	persistent	2	0	0
BENMGJ_02006	contig_43	177812	178264	-	GEGEGB_03379	1	persistent	2	0	0
BENMGJ_02008	contig_43	178892	180235	+	GEGEGB_03381	1	persistent	2	1	1
BENMGJ_02009	contig_43	180321	181385	-	AJBGEP_03469	1	shell	2	0	0
BENMGJ_02011	contig_43	181821	182153	-	GEGEGB_03383	1	persistent	2	1	1
BENMGJ_02012	contig_43	182376	183713	-	GEGEGB_03384	1	persistent	2	0	0
BENMGJ_02013	contig_43	183706	184554	-	GEGEGB_03385	1	persistent	2	1	0
BENMGJ_02014	contig_43	184659	186602	-	GEGEGB_03386	1	persistent	2	1	0
BENMGJ_02015	contig_43	186697	187323	-	LNHIMF_03346	1	persistent	2	0	0
BENMGJ_02016	contig_43	187411	187743	+	GEGEGB_03388	1	persistent	2	0	0
BENMGJ_02017	contig_43	187899	188375	-	GEGEGB_03389	1	persistent	2	0	0
BENMGJ_02018	contig_43	188429	188530	-	GEGEGB_03390	1	persistent	2	0	0
BENMGJ_02019	contig_43	188623	190056	+	GEGEGB_03391	1	persistent	2	0	0
BENMGJ_02020	contig_43	190187	191359	-	GEGEGB_03392	1	persistent	2	0	0
BENMGJ_02021	contig_43	191375	192340	-	GEGEGB_03393	1	persistent	2	0	0
BENMGJ_02022	contig_43	192470	192727	-	GEGEGB_03394	1	persistent	2	0	0
BENMGJ_02023	contig_43	192747	193058	-	GEGEGB_03395	1	persistent	2	0	0
BENMGJ_02024	contig_43	193175	194287	+	LNHIMF_03355	1	persistent	2	0	0
BENMGJ_02025	contig_43	194519	194806	+	GEGEGB_03397	1	persistent	2	0	0
BENMGJ_02026	contig_43	194865	196124	-	GEGEGB_03398	1	persistent	2	0	0
BENMGJ_02027	contig_43	196178	196471	-	GEGEGB_03399	1	persistent	2	0	0
BENMGJ_02028	contig_43	196620	196916	-	GEGEGB_03400	1	persistent	2	0	0
BENMGJ_02029	contig_43	196916	197551	-	GEGEGB_03401	1	persistent	2	0	0
BENMGJ_02030	contig_43	197570	198121	-	GEGEGB_03402	1	persistent	2	0	0
BENMGJ_02031	contig_43	198126	198908	-	GEGEGB_03403	1	persistent	2	0	0
BENMGJ_02032	contig_43	198916	199728	-	LNHIMF_03363	1	persistent	2	0	0
BENMGJ_02033	contig_43	199941	200918	+	LNHIMF_03364	1	persistent	2	0	0
BENMGJ_02034	contig_43	200932	201918	+	LNHIMF_03365	1	persistent	2	0	0
BENMGJ_02035	contig_43	201939	202505	+	GEGEGB_03407	1	persistent	2	0	0
BENMGJ_02036	contig_43	202502	203077	+	GEGEGB_03408	1	persistent	2	0	0
BENMGJ_02037	contig_43	203046	203600	+	GEGEGB_03409	1	persistent	2	0	0
BENMGJ_02038	contig_43	203607	204332	+	GEGEGB_03410	1	persistent	2	0	0
BENMGJ_02039	contig_43	204380	205813	+	GEGEGB_03411	1	persistent	2	0	0
BENMGJ_02040	contig_43	205836	206123	+	LNHIMF_03371	1	persistent	2	0	0
BENMGJ_02041	contig_43	206241	206732	+	GEGEGB_03413	1	persistent	2	0	0
BENMGJ_02042	contig_43	206778	207632	+	LNHIMF_03373	1	persistent	2	0	0
BENMGJ_02043	contig_43	207629	207901	+	GEGEGB_03415	1	persistent	2	0	0
BENMGJ_02044	contig_43	208150	208782	+	GEGEGB_03416	1	persistent	2	0	0
BENMGJ_02045	contig_43	208857	209585	-	GEGEGB_03417	1	persistent	2	0	0
BENMGJ_02046	contig_43	209582	210235	-	BEJGEH_03355	1	persistent	2	0	0
BENMGJ_02048	contig_43	210462	212798	-	LNHIMF_03380	1	persistent	2	0	0
BENMGJ_02049	contig_43	212892	213821	-	GEGEGB_03421	1	persistent	2	0	0
BENMGJ_02050	contig_43	214493	218953	+	GEGEGB_03422	1	persistent	2	0	0
BENMGJ_02051	contig_43	218963	220381	+	GEGEGB_03423	1	persistent	2	0	1
BENMGJ_02052	contig_43	220588	221691	+	GEGEGB_03424	1	persistent	2	0	1
BENMGJ_02053	contig_43	221807	223060	+	LNHIMF_03385	1	persistent	2	0	0
BENMGJ_02054	contig_43	223047	224327	+	LNHIMF_03386	1	persistent	2	0	0
BENMGJ_02055	contig_43	224410	224877	-	GEGEGB_03427	1	persistent	2	0	0
BENMGJ_02056	contig_43	224874	225749	-	LNHIMF_03388	1	persistent	2	0	0
BENMGJ_02057	contig_43	225746	226435	-	LNHIMF_03389	1	persistent	2	0	0
BENMGJ_02058	contig_43	226482	227972	-	LNHIMF_03390	1	persistent	2	0	0
BENMGJ_02059	contig_43	228088	228981	-	LNHIMF_03391	1	persistent	2	0	0
BENMGJ_02060	contig_43	229116	229898	-	GEGEGB_03433	1	persistent	2	0	0
BENMGJ_02061	contig_43	230016	230516	-	GEGEGB_03434	1	persistent	2	0	0
BENMGJ_02062	contig_43	230522	231160	-	LNHIMF_03394	1	persistent	2	1	2
BENMGJ_02063	contig_43	231475	231732	-	GEGEGB_03437	1	persistent	2	1	2
BENMGJ_02064	contig_44	167	526	+	GEGEGB_02884	1	persistent	2	0	0
BENMGJ_02065	contig_44	724	1497	+	GEGEGB_02885	1	persistent	2	0	0
BENMGJ_02066	contig_44	1490	2455	+	GEGEGB_02886	1	persistent	2	0	0
BENMGJ_02067	contig_44	2452	3972	-	GEGEGB_02887	1	persistent	2	0	0
BENMGJ_02068	contig_44	4158	5597	+	LNHIMF_02879	1	persistent	2	0	0
BENMGJ_02069	contig_44	5594	6727	+	LNHIMF_02880	1	persistent	2	0	0
BENMGJ_02070	contig_44	6824	9064	-	LNHIMF_02881	1	persistent	2	0	0
BENMGJ_02071	contig_44	9210	9755	-	GEGEGB_02891	1	persistent	2	0	0
BENMGJ_02072	contig_44	9956	10765	-	LNHIMF_02883	1	persistent	2	0	0
BENMGJ_02073	contig_44	10792	11262	-	HFCAGB_03054	1	persistent	2	0	0
BENMGJ_02074	contig_44	11255	11665	-	GEGEGB_02894	1	persistent	2	0	0
BENMGJ_02075	contig_44	11662	12429	-	LNHIMF_02886	1	persistent	2	0	0
BENMGJ_02076	contig_44	12429	12971	-	GEGEGB_02896	1	persistent	2	0	0
BENMGJ_02077	contig_44	12981	14690	-	GEGEGB_02897	1	persistent	2	0	0
BENMGJ_02078	contig_44	14708	15631	-	GEGEGB_02898	1	persistent	2	0	0
BENMGJ_02079	contig_44	15634	17460	-	LNHIMF_02890	1	persistent	2	0	0
BENMGJ_02080	contig_44	17460	18068	-	GEGEGB_02900	1	persistent	2	0	0
BENMGJ_02081	contig_44	18214	18675	-	GEGEGB_02901	1	persistent	2	0	0
BENMGJ_02082	contig_44	18885	19241	+	GEGEGB_02902	1	persistent	2	0	0
BENMGJ_02083	contig_44	19310	20182	+	GEGEGB_02903	1	persistent	2	0	0
BENMGJ_02084	contig_44	20173	20445	+	GEGEGB_02904	1	persistent	2	0	0
BENMGJ_02085	contig_44	20445	21566	+	GEGEGB_02905	1	persistent	2	0	0
BENMGJ_02086	contig_44	21563	22573	+	GEGEGB_02906	1	persistent	2	0	0
BENMGJ_02087	contig_44	22792	24870	+	LNHIMF_02898	1	persistent	2	0	0
BENMGJ_02088	contig_44	24932	25276	-	GEGEGB_02908	1	persistent	2	0	0
BENMGJ_02089	contig_44	25458	26375	+	GEGEGB_02909	1	persistent	2	0	0
BENMGJ_02090	contig_44	26372	27193	+	LNHIMF_02901	1	persistent	2	0	0
BENMGJ_02091	contig_44	27190	28050	+	GEGEGB_02911	1	persistent	2	0	0
BENMGJ_02092	contig_44	28041	28889	+	GEGEGB_02912	1	persistent	3	0	0
BENMGJ_02093	contig_44	28988	29854	-	BEJGEH_02856	1	persistent	2	0	0
BENMGJ_02095	contig_44	30057	30812	-	BEJGEH_02858	1	persistent	3	0	0
BENMGJ_02096	contig_44	31197	32084	-	LNHIMF_02907	1	persistent	2	0	0
BENMGJ_02097	contig_44	32429	32881	-	LNHIMF_02908	1	persistent	2	0	0
BENMGJ_02098	contig_44	32878	33558	-	HFCAGB_03079	1	persistent	2	0	0
BENMGJ_02099	contig_44	33515	34093	-	GEGEGB_02917	1	persistent	2	0	0
BENMGJ_02100	contig_44	34086	34844	-	LNHIMF_02911	1	persistent	2	0	0
BENMGJ_02101	contig_44	34841	35146	-	LNHIMF_02912	1	persistent	2	0	0
BENMGJ_02102	contig_44	35165	35407	-	GEGEGB_02920	1	persistent	2	0	0
BENMGJ_02103	contig_44	35432	36667	-	LNHIMF_02914	1	persistent	2	0	0
BENMGJ_02104	contig_44	36926	37855	+	LNHIMF_02915	1	persistent	2	0	0
BENMGJ_02105	contig_44	38946	40607	+	HFCAGB_03086	1	persistent	2	0	0
BENMGJ_02106	contig_44	40625	41107	+	LNHIMF_02917	1	persistent	2	0	0
BENMGJ_02107	contig_44	41161	42327	-	LNHIMF_02918	2	persistent	2	0	0
BENMGJ_02108	contig_44	42409	42768	-	LNHIMF_02918	2	persistent	2	0	0
BENMGJ_02109	contig_44	42779	43171	-	LNHIMF_02919	1	persistent	2	0	0
BENMGJ_02110	contig_44	43198	43458	-	GEGEGB_02927	1	persistent	2	0	0
BENMGJ_02111	contig_44	43502	43750	-	GEGEGB_02928	1	persistent	2	0	0
BENMGJ_02112	contig_44	43769	45826	-	BEJGEH_02874	1	persistent	2	0	0
BENMGJ_02113	contig_44	45845	46876	-	ALJMDI_02659	1	persistent	2	0	0
BENMGJ_02114	contig_44	46947	48176	-	LNHIMF_02924	1	persistent	2	0	0
BENMGJ_02115	contig_44	48204	49985	-	GEGEGB_02932	1	persistent	2	0	0
BENMGJ_02116	contig_44	49988	50485	-	GEGEGB_02933	1	persistent	2	0	0
BENMGJ_02117	contig_44	50623	51693	-	GEGEGB_02934	1	persistent	2	0	0
BENMGJ_02118	contig_44	51680	52471	-	LNHIMF_02928	1	persistent	2	0	0
BENMGJ_02119	contig_44	52475	52735	-	GEGEGB_02936	1	persistent	2	0	0
BENMGJ_02120	contig_44	52761	53435	-	LNHIMF_02930	1	persistent	2	0	0
BENMGJ_02121	contig_44	53425	54336	-	LNHIMF_02931	1	persistent	2	0	0
BENMGJ_02122	contig_44	54336	55346	-	LNHIMF_02932	1	persistent	2	0	0
BENMGJ_02123	contig_44	55346	55789	-	GEGEGB_02940	1	persistent	2	0	0
BENMGJ_02124	contig_44	55767	57062	-	GEGEGB_02941	1	persistent	2	0	0
BENMGJ_02125	contig_44	57059	57466	-	GEGEGB_02942	1	persistent	2	0	0
BENMGJ_02126	contig_44	57490	59547	-	GEGEGB_02943	1	persistent	2	0	0
BENMGJ_02127	contig_44	59572	60690	-	GEGEGB_02944	1	persistent	2	0	0
BENMGJ_02128	contig_44	60687	62375	-	LNHIMF_02938	1	persistent	2	0	0
BENMGJ_02129	contig_44	62372	63121	-	GEGEGB_02946	1	persistent	2	0	0
BENMGJ_02130	contig_44	63479	63922	+	GEGEGB_02947	1	persistent	2	1	0
BENMGJ_02132	contig_44	64354	64803	+	LNHIMF_02942	1	persistent	2	0	0
BENMGJ_02133	contig_44	64803	65135	+	LNHIMF_02943	1	persistent	2	1	0
BENMGJ_02134	contig_44	65408	65734	-	BEJGEH_02896	1	shell	1	1	1
BENMGJ_02135	contig_44	66432	66713	+	GEGEGB_02949	1	shell	1	2	0
BENMGJ_02136	contig_44	66710	67237	+	GEGEGB_02950	1	shell	1	1	0
BENMGJ_02137	contig_44	67310	67450	-	AJBGEP_03073	1	persistent	2	1	0
BENMGJ_02138	contig_44	67952	68608	+	LNHIMF_02945	1	persistent	2	0	1
BENMGJ_02139	contig_44	69460	72027	+	GEGEGB_02953	1	persistent	3	0	3
BENMGJ_02140	contig_44	72083	72463	-	LNHIMF_02947	1	persistent	2	0	0
BENMGJ_02141	contig_44	72460	73668	-	GEGEGB_02955	1	persistent	3	0	0
BENMGJ_02142	contig_44	73777	74688	+	GEGEGB_02956	1	persistent	2	0	0
BENMGJ_02143	contig_44	74730	76226	-	GEGEGB_02957	1	persistent	2	0	0
BENMGJ_02144	contig_44	76223	77173	-	LNHIMF_02951	1	persistent	2	0	0
BENMGJ_02145	contig_44	77213	77989	-	LNHIMF_02952	1	persistent	2	0	0
BENMGJ_02146	contig_44	77994	78632	-	GEGEGB_02960	1	persistent	2	0	0
BENMGJ_02147	contig_44	78629	79891	-	LNHIMF_02954	1	persistent	2	0	0
BENMGJ_02148	contig_44	79885	80808	-	BEJGEH_02913	1	persistent	2	0	0
BENMGJ_02149	contig_44	81005	81769	+	LNHIMF_02956	1	persistent	2	0	0
BENMGJ_02150	contig_44	81788	82192	-	GEGEGB_02964	1	persistent	2	0	0
BENMGJ_02151	contig_44	82363	82956	+	LNHIMF_02958	1	persistent	2	0	0
BENMGJ_02152	contig_44	82956	84383	+	LNHIMF_02959	1	persistent	2	0	0
BENMGJ_02153	contig_44	84394	84630	+	GEGEGB_02967	1	persistent	2	0	0
BENMGJ_02154	contig_44	84676	85668	-	LNHIMF_02961	1	persistent	2	0	1
BENMGJ_02155	contig_44	85731	86864	-	BEJGEH_02923	1	persistent	2	0	0
BENMGJ_02156	contig_44	87040	87666	-	GEGEGB_02970	1	persistent	2	0	0
BENMGJ_02157	contig_44	87660	88421	-	GEGEGB_02971	1	persistent	2	0	0
BENMGJ_02158	contig_44	88402	89451	-	LNHIMF_02965	1	persistent	2	0	0
BENMGJ_02159	contig_44	89448	89927	-	GEGEGB_02973	1	persistent	2	0	0
BENMGJ_02160	contig_44	89927	90637	-	GEGEGB_02974	1	persistent	2	0	0
BENMGJ_02161	contig_44	90656	90967	-	GEGEGB_02975	1	persistent	2	0	0
BENMGJ_02162	contig_44	91158	91481	-	GEGEGB_02976	1	persistent	2	0	0
BENMGJ_02163	contig_44	91532	92137	-	GEGEGB_02977	1	persistent	2	0	0
BENMGJ_02164	contig_44	92124	93563	-	LNHIMF_02971	1	persistent	2	0	0
BENMGJ_02165	contig_44	93573	94481	-	GEGEGB_02979	1	persistent	2	0	0
BENMGJ_02166	contig_44	94732	95778	+	GEGEGB_02980	1	persistent	3	0	0
BENMGJ_02167	contig_44	97552	97845	-	GEGEGB_02981	1	persistent	2	0	0
BENMGJ_02168	contig_44	97845	98765	-	BEJGEH_02936	1	persistent	1	1	1
BENMGJ_02169	contig_44	98762	99412	-	BEJGEH_02937	1	shell	1	1	0
BENMGJ_02170	contig_44	99394	100140	-	BEJGEH_02938	1	shell	0	2	0
BENMGJ_02171	contig_44	100151	101209	-	AJBGEP_03107	1	shell	0	2	0
BENMGJ_02172	contig_44	101223	101783	-	AJBGEP_03108	1	shell	0	2	0
BENMGJ_02173	contig_44	101780	103336	-	AJBGEP_03109	1	shell	0	2	0
BENMGJ_02174	contig_44	103348	106011	-	AJBGEP_03110	1	shell	1	1	0
BENMGJ_02175	contig_44	106455	107408	+	GEGEGB_02990	1	persistent	2	1	1
BENMGJ_02176	contig_44	107621	108355	-	LNHIMF_02983	1	persistent	2	0	0
BENMGJ_02177	contig_44	108431	110143	-	BEJGEH_02945	1	persistent	2	0	0
BENMGJ_02178	contig_44	110143	111942	-	LNHIMF_02985	1	persistent	2	0	0
BENMGJ_02179	contig_44	112366	112728	+	GEGEGB_02994	1	persistent	2	0	0
BENMGJ_02180	contig_44	112818	113615	-	BEJGEH_02948	1	persistent	2	0	1
BENMGJ_02181	contig_44	115136	115807	-	GEGEGB_02996	1	persistent	2	0	1
BENMGJ_02182	contig_44	115943	117241	-	GEGEGB_02997	1	persistent	2	0	0
BENMGJ_02183	contig_44	117324	118961	-	GEGEGB_02998	1	persistent	2	0	0
BENMGJ_02184	contig_44	119189	119989	-	LNHIMF_02992	1	persistent	1	2	0
BENMGJ_02185	contig_44	120594	121181	+	BEJGEH_02953	1	shell	1	1	0
BENMGJ_02186	contig_44	121315	123960	+	BEJGEH_02954	1	shell	0	2	0
BENMGJ_02187	contig_44	123973	124746	+	BEJGEH_02955	1	shell	0	2	0
BENMGJ_02188	contig_44	124772	125272	+	GEGEGB_03004	1	shell	0	2	0
BENMGJ_02189	contig_44	125272	125757	+	BEJGEH_02957	1	shell	0	2	0
BENMGJ_02190	contig_44	125799	126290	+	HFCAGB_03171	1	shell	0	2	2
BENMGJ_02191	contig_44	126345	127376	+	HFCAGB_03172	1	shell	1	1	1
BENMGJ_02192	contig_44	127513	127695	+	BENMGJ_02192	1	cloud	0	1	1
BENMGJ_02193	contig_44	127850	128935	+	BEJGEH_02959	1	cloud	0	1	2
BENMGJ_02194	contig_44	128950	129087	+	PAPNPA_03063	1	cloud	1	1	2
BENMGJ_02195	contig_44	129393	129689	-	LNHIMF_02993	1	shell	2	0	1
BENMGJ_02196	contig_44	129655	129942	-	GEGEGB_03010	1	persistent	1	1	1
BENMGJ_02197	contig_44	130095	132329	-	GEGEGB_03011	1	persistent	2	1	0
BENMGJ_02198	contig_44	132381	133676	-	BEJGEH_02963	1	persistent	2	0	0
BENMGJ_02199	contig_44	133734	136490	+	LNHIMF_02997	1	persistent	2	0	0
BENMGJ_02200	contig_44	136534	137676	-	GEGEGB_03014	1	persistent	2	0	0
BENMGJ_02201	contig_44	137754	139094	-	LNHIMF_02999	1	persistent	2	0	0
BENMGJ_02202	contig_44	139115	140455	-	LNHIMF_03000	1	persistent	2	0	0
BENMGJ_02203	contig_44	140452	141810	-	LNHIMF_03001	1	persistent	2	0	0
BENMGJ_02204	contig_44	142291	142740	-	LNHIMF_03002	1	persistent	2	0	0
BENMGJ_02205	contig_44	142759	143541	-	LNHIMF_03003	1	persistent	2	0	0
BENMGJ_02206	contig_44	143541	143870	-	GEGEGB_03020	1	persistent	2	0	0
BENMGJ_02208	contig_44	144482	145027	-	GEGEGB_03022	1	persistent	2	0	0
BENMGJ_02209	contig_44	145096	145944	+	GEGEGB_03023	1	persistent	2	0	0
BENMGJ_02210	contig_44	146057	147421	+	LNHIMF_03008	1	persistent	2	0	0
BENMGJ_02211	contig_44	147986	149275	+	LNHIMF_03009	1	persistent	2	0	0
BENMGJ_02212	contig_44	149334	150701	+	GEGEGB_03026	1	persistent	2	0	0
BENMGJ_02213	contig_44	150872	151627	+	GEGEGB_03027	1	persistent	2	0	0
BENMGJ_02214	contig_44	151719	152867	-	GEGEGB_03028	1	persistent	2	0	0
BENMGJ_02215	contig_44	152884	153531	-	GEGEGB_03029	1	persistent	2	0	0
BENMGJ_02216	contig_44	154087	155403	+	LNHIMF_03014	1	persistent	2	0	1
BENMGJ_02217	contig_44	155435	157210	+	LNHIMF_03015	1	persistent	2	0	1
BENMGJ_02218	contig_44	157311	158729	+	LNHIMF_03016	1	persistent	2	0	0
BENMGJ_02219	contig_44	158731	159153	+	GEGEGB_03033	1	persistent	2	0	0
BENMGJ_02220	contig_44	159211	159921	+	GEGEGB_03034	1	persistent	2	0	0
BENMGJ_02221	contig_44	159980	161080	-	GEGEGB_03035	1	persistent	2	0	0
BENMGJ_02222	contig_44	161073	161468	-	GEGEGB_03036	1	persistent	2	0	0
BENMGJ_02223	contig_44	161487	162404	-	GEGEGB_03037	1	persistent	2	0	0
BENMGJ_02224	contig_44	162361	162483	-	LNHIMF_03022	1	persistent	2	0	0
BENMGJ_02226	contig_44	162751	162978	-	GEGEGB_03040	1	persistent	2	0	0
BENMGJ_02227	contig_44	163171	164376	+	GEGEGB_03041	1	persistent	2	0	0
BENMGJ_02228	contig_44	164376	164819	+	GEGEGB_03042	1	persistent	2	0	0
BENMGJ_02229	contig_44	165092	166006	+	GEGEGB_03043	1	persistent	2	0	0
BENMGJ_02230	contig_44	166058	166864	-	GEGEGB_03044	1	persistent	2	0	0
BENMGJ_02231	contig_44	166974	168071	-	GEGEGB_03045	1	persistent	2	0	0
BENMGJ_02234	contig_44	168571	169824	-	LNHIMF_03032	1	persistent	2	0	0
BENMGJ_02235	contig_44	170057	171388	+	GEGEGB_03049	1	persistent	2	0	0
BENMGJ_02236	contig_44	171490	173325	-	LNHIMF_03034	1	persistent	2	0	0
BENMGJ_02237	contig_44	173322	176867	-	GEGEGB_03051	1	persistent	2	0	0
BENMGJ_02238	contig_44	176860	179748	-	GEGEGB_03052	1	persistent	2	0	0
BENMGJ_02239	contig_44	179926	183297	-	GEGEGB_03053	1	persistent	2	0	0
BENMGJ_02240	contig_44	183313	183633	-	LNHIMF_03038	1	persistent	2	0	0
BENMGJ_02241	contig_44	183618	184025	-	GEGEGB_03055	1	persistent	2	0	0
BENMGJ_02242	contig_44	184022	184585	-	LNHIMF_03040	1	persistent	2	0	0
BENMGJ_02243	contig_44	184576	185046	-	GEGEGB_03057	1	persistent	2	1	0
BENMGJ_02244	contig_44	185231	186025	-	LNHIMF_03042	1	persistent	2	1	0
BENMGJ_02245	contig_44	186032	186907	-	GEGEGB_03061	1	persistent	2	0	0
BENMGJ_02246	contig_44	187123	189369	-	GEGEGB_03062	1	persistent	2	0	0
BENMGJ_02247	contig_44	189382	189912	-	GEGEGB_03063	1	persistent	2	0	0
BENMGJ_02248	contig_44	190595	191290	+	GEGEGB_03064	1	persistent	2	0	0
BENMGJ_02249	contig_44	191472	192185	+	GEGEGB_03065	1	persistent	2	0	0
BENMGJ_02250	contig_44	192355	192573	+	GEGEGB_03066	1	persistent	2	0	0
BENMGJ_02251	contig_44	192764	193804	+	LNHIMF_03049	1	persistent	2	0	0
BENMGJ_02252	contig_44	193891	195093	-	GEGEGB_03068	1	persistent	2	0	0
BENMGJ_02253	contig_44	195086	197245	-	LNHIMF_03051	1	persistent	2	1	0
BENMGJ_02256	contig_44	197838	198866	+	GEGEGB_03075	1	persistent	2	0	1
BENMGJ_02257	contig_44	198880	199899	+	LNHIMF_03055	1	persistent	2	0	0
BENMGJ_02258	contig_44	199909	201171	-	GEGEGB_03077	1	persistent	2	0	0
BENMGJ_02259	contig_44	201289	202224	+	GEGEGB_03078	1	persistent	2	0	0
BENMGJ_02260	contig_44	202196	202903	-	LNHIMF_03058	1	persistent	2	0	0
BENMGJ_02261	contig_44	203017	204435	-	LNHIMF_03059	1	persistent	2	0	0
BENMGJ_02262	contig_44	204789	205550	-	LNHIMF_03060	1	persistent	2	0	0
BENMGJ_02263	contig_44	205607	206443	-	ODDLKH_03450	1	persistent	2	0	0
BENMGJ_02265	contig_44	206874	208052	-	GEGEGB_03084	1	persistent	2	0	0
BENMGJ_02266	contig_44	208175	209038	-	LNHIMF_03064	1	persistent	2	0	0
BENMGJ_02267	contig_44	209142	209597	+	GEGEGB_03086	1	persistent	2	0	0
BENMGJ_02268	contig_44	209739	210968	+	GEGEGB_03087	1	persistent	2	0	0
BENMGJ_02269	contig_44	210999	211271	-	GEGEGB_03088	1	persistent	2	0	0
BENMGJ_02270	contig_44	211358	212236	+	PKJKAM_02341	1	persistent	2	0	0
BENMGJ_02271	contig_44	212446	213204	-	GEGEGB_03091	1	persistent	2	0	0
BENMGJ_02272	contig_44	213191	213703	-	HFCAGB_03249	1	persistent	1	1	3
BENMGJ_02273	contig_44	213848	214924	-	HFCAGB_03250	1	shell	2	0	0
BENMGJ_02274	contig_44	214921	215664	-	LNHIMF_03072	1	persistent	1	1	3
BENMGJ_02275	contig_44	215705	218194	-	LNHIMF_03073	1	persistent	2	0	0
BENMGJ_02276	contig_44	218314	218895	-	BEJGEH_03044	1	persistent	2	0	0
BENMGJ_02277	contig_44	219614	220246	-	LNHIMF_03075	1	persistent	2	0	0
BENMGJ_02278	contig_44	220293	220829	-	GEGEGB_03098	1	persistent	1	1	4
BENMGJ_02279	contig_44	221440	222000	-	BENMGJ_02279	1	cloud	1	0	1
BENMGJ_02280	contig_44	222015	222767	-	BENMGJ_02280	1	cloud	0	0	2
BENMGJ_02281	contig_44	222890	223534	-	BENMGJ_02281	1	cloud	0	0	2
BENMGJ_02282	contig_44	223553	224806	-	BENMGJ_02282	1	cloud	0	0	2
BENMGJ_02283	contig_44	224834	225127	-	BENMGJ_02283	1	cloud	0	0	2
BENMGJ_02284	contig_44	225149	225628	-	BENMGJ_02284	1	cloud	0	0	2
BENMGJ_02285	contig_44	225947	226702	-	BENMGJ_02285	1	cloud	0	0	2
BENMGJ_02286	contig_44	227085	227621	+	BENMGJ_02286	1	cloud	0	0	2
BENMGJ_02287	contig_44	227625	228995	+	BENMGJ_02287	1	cloud	0	0	2
BENMGJ_02288	contig_44	229017	229301	+	BENMGJ_02288	1	cloud	0	0	2
BENMGJ_02289	contig_44	229309	229767	+	BENMGJ_02289	1	cloud	0	0	2
BENMGJ_02290	contig_44	229941	230906	-	BENMGJ_02290	1	cloud	0	0	2
BENMGJ_02291	contig_44	231373	231723	-	BENMGJ_02291	1	cloud	0	0	2
BENMGJ_02292	contig_44	231878	232981	-	BENMGJ_02292	1	cloud	1	0	1
BENMGJ_02294	contig_44	233299	234057	-	GEGEGB_03111	1	persistent	2	1	2
BENMGJ_02296	contig_44	234322	234867	+	LNHIMF_03084	1	persistent	2	0	0
BENMGJ_02297	contig_44	234943	236460	-	LNHIMF_03085	1	persistent	2	0	0
BENMGJ_02298	contig_44	236470	237351	-	GEGEGB_03115	1	persistent	2	0	0
BENMGJ_02299	contig_44	237673	239274	-	LNHIMF_03087	1	persistent	2	0	0
BENMGJ_02300	contig_44	239412	240125	-	GEGEGB_03117	1	persistent	2	0	0
BENMGJ_02301	contig_44	240149	241045	-	GEGEGB_03118	1	persistent	2	0	0
BENMGJ_02302	contig_44	241158	241679	+	GEGEGB_03119	1	persistent	2	0	0
BENMGJ_02303	contig_44	241732	242145	-	LNHIMF_03091	1	persistent	2	0	0
BENMGJ_02304	contig_44	242126	242392	-	GEGEGB_03121	1	persistent	2	0	0
BENMGJ_02305	contig_44	242642	243622	+	GEGEGB_03122	1	persistent	3	0	0
BENMGJ_02306	contig_44	243539	243730	-	GEGEGB_03123	1	persistent	2	0	0
BENMGJ_02307	contig_44	243738	244397	-	GEGEGB_03124	1	persistent	3	0	0
BENMGJ_02308	contig_44	244561	244872	-	AJBGEP_03225	1	persistent	2	0	0
BENMGJ_02309	contig_44	245031	246464	+	LNHIMF_03097	1	persistent	2	0	0
BENMGJ_02310	contig_44	246512	247405	-	BEJGEH_03067	1	persistent	2	0	0
BENMGJ_02311	contig_44	247861	250734	-	BEJGEH_03068	1	persistent	2	0	0
BENMGJ_02312	contig_44	250897	251286	-	GEGEGB_03129	1	persistent	2	0	0
BENMGJ_02313	contig_44	251312	252406	-	GEGEGB_03130	1	persistent	2	0	0
BENMGJ_02314	contig_44	252861	254063	-	LNHIMF_03103	1	persistent	2	0	0
BENMGJ_02315	contig_44	254190	255368	-	GEGEGB_03132	1	persistent	2	0	1
BENMGJ_02316	contig_44	255365	256681	-	GEGEGB_03133	1	persistent	2	0	1
BENMGJ_02317	contig_44	256707	257285	-	LNHIMF_03106	1	persistent	2	0	0
BENMGJ_02318	contig_44	257452	257781	+	GEGEGB_03135	1	persistent	2	0	0
BENMGJ_02320	contig_44	258075	258623	+	BEJGEH_03077	1	persistent	2	0	0
BENMGJ_02322	contig_44	259004	260236	-	GEGEGB_03139	1	persistent	2	0	0
BENMGJ_02323	contig_44	260503	261162	-	GEGEGB_03140	1	persistent	2	0	0
BENMGJ_02324	contig_44	261316	262209	+	GEGEGB_03141	1	persistent	2	0	0
BENMGJ_02325	contig_44	262475	263221	-	GEGEGB_03142	1	persistent	2	0	0
BENMGJ_02326	contig_44	263315	263950	-	LNHIMF_03115	1	persistent	2	0	0
BENMGJ_02327	contig_44	264151	265011	-	GEGEGB_03144	1	persistent	2	1	0
BENMGJ_02328	contig_44	265238	266317	-	GEGEGB_03148	1	persistent	2	0	1
BENMGJ_02329	contig_44	266419	267582	-	GEGEGB_03149	1	persistent	2	0	0
BENMGJ_02330	contig_44	267604	268650	-	GEGEGB_03150	1	persistent	2	0	0
BENMGJ_02331	contig_44	269024	269449	+	GEGEGB_03151	1	persistent	2	0	0
BENMGJ_02332	contig_44	269475	270053	+	GEGEGB_03152	1	persistent	2	0	0
BENMGJ_02333	contig_44	270054	270761	+	LNHIMF_03122	1	persistent	2	0	0
BENMGJ_02334	contig_44	270749	271426	+	LNHIMF_03123	1	persistent	2	0	0
BENMGJ_02335	contig_44	271420	272076	+	LNHIMF_03124	1	persistent	2	1	1
BENMGJ_02336	contig_44	272120	274111	-	GEGEGB_03158	1	persistent	2	1	1
BENMGJ_02337	contig_44	274387	275145	+	GEGEGB_03159	2	persistent	2	0	0
BENMGJ_02338	contig_44	275246	276166	-	GEGEGB_03160	1	persistent	2	1	1
BENMGJ_02339	contig_44	276371	277261	-	AJBGEP_03256	1	shell	1	1	0
BENMGJ_02340	contig_44	277541	278014	-	BEJGEH_03097	1	shell	0	2	1
BENMGJ_02341	contig_44	278053	279060	-	BEJGEH_03098	1	shell	0	2	0
BENMGJ_02342	contig_44	279074	280090	-	BEJGEH_03099	1	shell	0	2	0
BENMGJ_02343	contig_44	280093	281565	-	BEJGEH_03100	1	shell	0	2	0
BENMGJ_02344	contig_44	282798	283547	-	BEJGEH_03101	1	shell	0	2	0
BENMGJ_02345	contig_44	283752	284483	-	BEJGEH_03102	1	shell	1	1	0
BENMGJ_02346	contig_44	284627	286603	-	GEGEGB_03161	1	persistent	2	1	1
BENMGJ_02347	contig_44	287393	288547	+	GEGEGB_03162	1	persistent	2	0	0
BENMGJ_02348	contig_44	289040	290434	+	GEGEGB_03163	1	persistent	2	0	0
BENMGJ_02349	contig_44	290555	291010	+	GEGEGB_03164	1	persistent	2	0	0
BENMGJ_02350	contig_44	291106	291813	+	LNHIMF_03138	1	persistent	2	0	0
BENMGJ_02351	contig_44	291890	292621	+	GEGEGB_03166	1	persistent	2	0	0
BENMGJ_02352	contig_44	292641	293588	+	LNHIMF_03140	1	persistent	2	0	0
BENMGJ_02353	contig_44	293804	294367	+	GEGEGB_03168	1	persistent	2	0	0
BENMGJ_02354	contig_44	294367	294783	+	GEGEGB_03169	1	persistent	2	0	0
BENMGJ_02355	contig_44	294830	295516	-	LNHIMF_03143	1	persistent	2	0	0
BENMGJ_02356	contig_44	295649	296629	-	LNHIMF_03144	1	persistent	2	0	0
BENMGJ_02357	contig_44	296647	297351	+	GEGEGB_03172	1	persistent	2	0	0
BENMGJ_02358	contig_44	297370	297936	+	GEGEGB_03173	1	persistent	2	0	0
BENMGJ_02359	contig_44	297933	298223	+	GEGEGB_03174	1	persistent	2	0	0
BENMGJ_02360	contig_44	298231	298824	+	LNHIMF_03148	1	persistent	2	0	0
BENMGJ_02361	contig_44	298817	299953	+	GEGEGB_03176	1	persistent	2	0	0
BENMGJ_02362	contig_44	300045	301052	-	GEGEGB_03177	1	persistent	2	0	0
BENMGJ_02363	contig_44	301185	302231	-	GEGEGB_03178	1	persistent	2	1	0
BENMGJ_02364	contig_44	302420	303139	-	GEGEGB_03181	1	persistent	2	1	0
BENMGJ_02365	contig_44	303189	303515	-	GEGEGB_03182	1	persistent	2	0	0
BENMGJ_02366	contig_44	303515	304234	-	LNHIMF_03154	1	persistent	2	0	0
BENMGJ_02367	contig_44	304389	305441	+	LNHIMF_03155	1	persistent	2	0	0
BENMGJ_02368	contig_44	305469	305744	+	GEGEGB_03185	1	persistent	2	0	0
BENMGJ_02369	contig_44	305857	306942	+	GEGEGB_03186	1	persistent	2	0	1
BENMGJ_02370	contig_44	307159	308415	+	GEGEGB_03187	1	persistent	3	0	1
BENMGJ_02371	contig_45	78	1502	-	GEGEGB_00917	1	persistent	3	0	3
BENMGJ_02373	contig_45	1990	2919	-	LNHIMF_02095	1	persistent	2	0	2
BENMGJ_02374	contig_45	2997	4067	-	LNHIMF_02096	1	persistent	2	0	0
BENMGJ_02375	contig_45	4094	4837	-	LNHIMF_02097	1	persistent	2	0	0
BENMGJ_02376	contig_45	4834	5379	-	LNHIMF_02098	1	persistent	2	0	0
BENMGJ_02377	contig_45	5376	6896	-	GEGEGB_00911	1	persistent	2	0	0
BENMGJ_02378	contig_45	6893	7708	-	LNHIMF_02100	1	persistent	2	0	0
BENMGJ_02379	contig_45	7717	8394	-	GEGEGB_00909	1	persistent	2	0	0
BENMGJ_02380	contig_45	8381	8662	-	LNHIMF_02102	1	persistent	2	0	0
BENMGJ_02381	contig_45	8664	9401	-	LNHIMF_02103	1	persistent	2	0	0
BENMGJ_02382	contig_45	9398	10111	-	GEGEGB_00905	1	persistent	2	0	0
BENMGJ_02383	contig_45	10108	10902	-	BEJGEH_02042	1	persistent	2	0	1
BENMGJ_02384	contig_45	10905	11696	-	LNHIMF_02106	1	persistent	2	0	1
BENMGJ_02385	contig_45	11693	12418	-	GEGEGB_00901	1	persistent	2	0	0
BENMGJ_02386	contig_45	12418	13473	-	GEGEGB_00900	1	persistent	2	0	0
BENMGJ_02387	contig_45	13454	14227	-	GEGEGB_00899	1	persistent	2	0	0
BENMGJ_02388	contig_45	14211	14789	-	LNHIMF_02110	1	persistent	2	0	0
BENMGJ_02389	contig_45	14779	15384	-	GEGEGB_00897	1	persistent	2	0	0
BENMGJ_02390	contig_45	15378	16517	-	LNHIMF_02112	1	persistent	2	0	1
BENMGJ_02391	contig_45	16517	17149	-	LNHIMF_02113	1	persistent	2	0	0
BENMGJ_02392	contig_45	17160	18119	-	LNHIMF_02114	1	persistent	2	0	1
BENMGJ_02393	contig_45	18116	19495	-	LNHIMF_02115	1	persistent	2	0	1
BENMGJ_02394	contig_45	20093	21004	-	LNHIMF_02116	1	persistent	2	0	1
BENMGJ_02396	contig_45	21221	22015	-	LNHIMF_02118	1	persistent	2	0	0
BENMGJ_02397	contig_45	22540	22824	+	GEGEGB_00882	2	persistent	4	0	0
BENMGJ_02398	contig_45	22821	23633	+	GEGEGB_00888	1	persistent	2	0	0
BENMGJ_02399	contig_45	23652	25316	+	GEGEGB_00887	1	persistent	2	0	0
BENMGJ_02400	contig_45	25327	26001	+	LNHIMF_02122	1	persistent	2	0	0
BENMGJ_02401	contig_45	26016	26537	+	LNHIMF_02123	1	persistent	2	0	0
BENMGJ_02402	contig_45	26553	28385	+	LNHIMF_02124	1	persistent	2	0	0
BENMGJ_02403	contig_45	28375	28725	+	GEGEGB_00883	1	persistent	2	0	0
BENMGJ_02404	contig_45	28744	29019	+	GEGEGB_00882	2	persistent	4	0	0
BENMGJ_02405	contig_45	29044	29505	+	GEGEGB_00881	1	persistent	2	0	0
BENMGJ_02406	contig_45	29505	30137	+	LNHIMF_02128	1	persistent	2	0	0
BENMGJ_02407	contig_45	30134	30625	+	LNHIMF_02129	1	persistent	3	0	0
BENMGJ_02408	contig_45	30629	30904	+	LNHIMF_02130	1	persistent	2	0	0
BENMGJ_02409	contig_45	30914	31924	+	GEGEGB_00878	1	persistent	3	0	0
BENMGJ_02410	contig_45	31921	33315	+	LNHIMF_02132	1	persistent	2	0	0
BENMGJ_02411	contig_45	33327	34439	+	GEGEGB_00876	1	persistent	2	0	0
BENMGJ_02412	contig_45	34436	35791	+	BEJGEH_02071	1	persistent	2	0	0
BENMGJ_02413	contig_45	35794	36348	+	LNHIMF_02135	1	persistent	2	0	0
BENMGJ_02414	contig_45	36348	36698	+	GEGEGB_00873	1	persistent	2	0	0
BENMGJ_02415	contig_45	36703	37155	+	LNHIMF_02137	1	persistent	2	0	0
BENMGJ_02416	contig_45	37140	38354	+	LNHIMF_02138	1	persistent	2	0	0
BENMGJ_02417	contig_45	38412	39314	+	LNHIMF_02139	1	persistent	2	0	0
BENMGJ_02418	contig_45	39348	39683	-	GEGEGB_00869	1	persistent	2	0	0
BENMGJ_02419	contig_45	39928	40986	-	LNHIMF_02141	1	persistent	2	0	0
BENMGJ_02420	contig_45	41105	41572	-	GEGEGB_00867	1	persistent	2	0	0
BENMGJ_02421	contig_45	41723	42889	-	LNHIMF_02143	1	persistent	2	0	0
BENMGJ_02422	contig_45	43019	43783	-	GEGEGB_00864	1	persistent	2	0	0
BENMGJ_02423	contig_45	43780	44358	-	GEGEGB_00863	1	persistent	2	0	0
BENMGJ_02424	contig_45	44373	46649	-	LNHIMF_02146	1	persistent	2	0	0
BENMGJ_02425	contig_45	47268	49616	+	HFCAGB_02326	1	persistent	2	0	1
BENMGJ_02426	contig_45	49959	51389	+	GEGEGB_00858	1	persistent	2	0	1
BENMGJ_02427	contig_45	51525	52883	-	GEGEGB_00857	1	persistent	2	0	0
BENMGJ_02428	contig_45	52873	52935	-	GEGEGB_00856	1	persistent	2	0	0
BENMGJ_02430	contig_45	53169	54083	-	GEGEGB_00854	1	persistent	2	0	0
BENMGJ_02431	contig_45	54129	54953	-	GEGEGB_00853	1	persistent	2	0	1
BENMGJ_02432	contig_45	55116	55166	+	LNHIMF_02213	1	persistent	2	0	0
BENMGJ_02433	contig_45	55313	56212	+	GEGEGB_00851	1	persistent	2	0	1
BENMGJ_02434	contig_45	56315	57619	+	LNHIMF_02215	1	persistent	2	0	0
BENMGJ_02435	contig_45	57616	58695	+	LNHIMF_02216	1	persistent	2	0	0
BENMGJ_02436	contig_45	58692	59759	+	LNHIMF_02217	1	persistent	2	0	0
BENMGJ_02437	contig_45	59759	60349	+	GEGEGB_00847	1	persistent	2	0	0
BENMGJ_02438	contig_45	60349	61086	+	GEGEGB_00846	1	persistent	2	0	0
BENMGJ_02439	contig_45	61068	61844	+	GEGEGB_00845	1	persistent	2	0	0
BENMGJ_02440	contig_45	61838	62449	+	LNHIMF_02221	1	persistent	2	0	0
BENMGJ_02441	contig_45	62530	63513	-	GEGEGB_00843	1	persistent	2	0	0
BENMGJ_02442	contig_45	63656	64822	-	LNHIMF_02223	1	persistent	2	0	0
BENMGJ_02443	contig_45	65059	66465	-	LNHIMF_02224	1	persistent	2	0	1
BENMGJ_02444	contig_45	66629	68059	-	LNHIMF_02225	1	persistent	1	1	1
BENMGJ_02445	contig_45	68131	69564	-	LNHIMF_02226	1	shell	1	1	0
BENMGJ_02446	contig_45	69551	70990	-	LNHIMF_02227	1	shell	0	2	0
BENMGJ_02447	contig_45	70991	71935	-	LNHIMF_02228	1	shell	0	2	0
BENMGJ_02448	contig_45	71936	72997	-	HFCAGB_02349	1	shell	0	2	2
BENMGJ_02449	contig_45	73317	74318	-	BEJGEH_02108	1	shell	0	2	1
BENMGJ_02450	contig_45	74323	75228	-	AJBGEP_02252	1	shell	0	2	0
BENMGJ_02451	contig_45	75697	76596	-	BEJGEH_02110	1	shell	1	1	0
BENMGJ_02452	contig_45	76624	77937	-	LNHIMF_02237	1	persistent	1	1	2
BENMGJ_02453	contig_45	77964	79043	-	LNHIMF_02238	1	persistent	2	0	0
BENMGJ_02454	contig_45	79048	79821	-	GEGEGB_00829	1	persistent	2	0	0
BENMGJ_02455	contig_45	79818	80810	-	AJBGEP_02257	1	persistent	2	0	0
BENMGJ_02456	contig_45	80816	81364	-	GEGEGB_00827	1	persistent	2	0	0
BENMGJ_02457	contig_45	81368	82246	-	LNHIMF_02242	1	persistent	2	0	0
BENMGJ_02458	contig_45	82294	83193	-	LNHIMF_02243	1	persistent	2	0	0
BENMGJ_02459	contig_45	83193	84278	-	GEGEGB_00824	1	persistent	2	0	0
BENMGJ_02460	contig_45	84655	85548	-	GEGEGB_00823	1	persistent	2	0	1
BENMGJ_02461	contig_45	85726	87129	-	LNHIMF_02246	1	persistent	2	0	0
BENMGJ_02462	contig_45	87140	88360	-	LNHIMF_02247	1	persistent	2	0	0
BENMGJ_02463	contig_45	88357	89637	-	LNHIMF_02248	1	persistent	2	0	1
BENMGJ_02464	contig_45	89659	91137	-	LNHIMF_02249	1	persistent	2	0	1
BENMGJ_02465	contig_45	91239	92633	-	LNHIMF_02250	1	persistent	2	0	0
BENMGJ_02466	contig_45	92687	94057	-	HFCAGB_02368	1	persistent	2	0	2
BENMGJ_02467	contig_45	94168	95604	-	GEGEGB_00815	1	persistent	2	0	0
BENMGJ_02468	contig_45	95607	96830	-	GEGEGB_00814	1	persistent	2	0	0
BENMGJ_02469	contig_45	96827	97300	-	LNHIMF_02254	1	persistent	2	0	0
BENMGJ_02470	contig_45	97303	98268	-	LNHIMF_02255	1	persistent	2	0	0
BENMGJ_02471	contig_45	98271	99392	-	LNHIMF_02256	1	persistent	2	0	0
BENMGJ_02472	contig_45	99416	99970	-	GEGEGB_00810	1	persistent	2	0	0
BENMGJ_02473	contig_45	99986	100732	-	GEGEGB_00809	1	persistent	2	0	0
BENMGJ_02474	contig_45	100745	101959	-	LNHIMF_02259	1	persistent	2	0	0
BENMGJ_02475	contig_45	101934	103151	-	GEGEGB_00806	1	persistent	2	0	0
BENMGJ_02476	contig_45	103148	103636	-	GEGEGB_00805	1	persistent	2	0	0
BENMGJ_02477	contig_45	103639	104550	-	GEGEGB_00804	1	persistent	2	0	0
BENMGJ_02478	contig_45	104568	106727	-	LNHIMF_02263	1	persistent	2	0	0
BENMGJ_02479	contig_45	106724	107173	-	LNHIMF_02264	1	persistent	2	0	0
BENMGJ_02480	contig_45	107179	108318	-	LNHIMF_02265	1	persistent	2	0	0
BENMGJ_02481	contig_45	108993	110573	+	GEGEGB_00800	1	persistent	2	0	0
BENMGJ_02482	contig_45	110659	112515	-	LNHIMF_02267	1	persistent	2	0	0
BENMGJ_02483	contig_45	112554	113135	-	GEGEGB_00798	1	persistent	2	0	0
BENMGJ_02484	contig_45	113226	113867	-	GEGEGB_00797	1	persistent	2	0	0
BENMGJ_02485	contig_45	114198	117188	+	LNHIMF_02270	1	persistent	2	0	0
BENMGJ_02486	contig_45	117156	118025	-	GEGEGB_00795	1	persistent	2	0	1
BENMGJ_02487	contig_45	118159	119511	+	LNHIMF_02272	1	persistent	2	1	1
BENMGJ_02489	contig_45	119610	119669	-	GEGEGB_00793	1	shell	2	0	0
BENMGJ_02490	contig_45	119650	119847	+	LNHIMF_02274	1	persistent	2	1	0
BENMGJ_02491	contig_45	119952	121193	+	LNHIMF_02275	1	persistent	2	0	0
BENMGJ_02492	contig_45	121193	124315	+	GEGEGB_00789	1	persistent	2	0	0
BENMGJ_02493	contig_45	124316	127396	+	LNHIMF_02277	1	persistent	2	0	0
BENMGJ_02494	contig_45	127393	128805	+	GEGEGB_00787	1	persistent	2	0	0
BENMGJ_02495	contig_45	128805	130208	+	LNHIMF_02279	1	persistent	2	0	0
BENMGJ_02496	contig_45	130205	130927	+	LNHIMF_02280	1	persistent	2	0	1
BENMGJ_02497	contig_45	131196	132398	+	AJBGEP_02298	1	persistent	2	0	1
BENMGJ_02498	contig_45	132398	133114	+	BEJGEH_02156	1	persistent	2	0	0
BENMGJ_02499	contig_45	133125	135236	+	LNHIMF_02283	1	persistent	2	0	2
BENMGJ_02500	contig_45	135352	136713	+	GEGEGB_00769	1	persistent	2	1	1
BENMGJ_02502	contig_45	137203	138210	+	AJBGEP_02303	1	shell	2	0	0
BENMGJ_02503	contig_45	138246	138662	-	LNHIMF_02286	1	persistent	3	1	0
BENMGJ_02504	contig_45	138784	139119	-	LNHIMF_02287	1	persistent	2	0	0
BENMGJ_02505	contig_45	139681	140580	+	LNHIMF_02288	1	persistent	3	0	0
BENMGJ_02506	contig_45	140633	141685	-	GEGEGB_00764	1	persistent	2	0	0
BENMGJ_02507	contig_45	141939	143210	+	GEGEGB_00763	1	persistent	2	0	0
BENMGJ_02508	contig_45	143207	144211	+	GEGEGB_00762	1	persistent	2	0	0
BENMGJ_02509	contig_45	144208	145173	+	GEGEGB_00761	1	persistent	2	0	0
BENMGJ_02510	contig_45	145147	145893	-	GEGEGB_00760	1	persistent	2	0	0
BENMGJ_02511	contig_45	145929	146729	-	GEGEGB_00759	1	persistent	2	0	0
BENMGJ_02512	contig_45	146716	147513	-	GEGEGB_00758	1	persistent	2	0	0
BENMGJ_02513	contig_45	147923	148237	+	GEGEGB_00757	1	persistent	1	1	1
BENMGJ_02514	contig_45	148499	149506	-	GEGEGB_00756	1	shell	1	1	0
BENMGJ_02515	contig_45	149522	152011	-	BEJGEH_02184	1	shell	0	2	0
BENMGJ_02516	contig_45	152025	152708	-	GEGEGB_00753	1	shell	0	2	0
BENMGJ_02517	contig_45	152764	153294	-	GEGEGB_00752	1	shell	2	1	0
BENMGJ_02518	contig_45	153573	153854	-	GEGEGB_00751	1	persistent	1	1	1
BENMGJ_02519	contig_45	154132	155241	-	LNHIMF_02302	1	persistent	2	1	0
BENMGJ_02520	contig_45	155406	157439	+	LNHIMF_02303	1	persistent	2	0	0
BENMGJ_02521	contig_45	157680	158138	+	GEGEGB_00748	1	persistent	2	0	0
BENMGJ_02522	contig_45	158310	158840	+	GEGEGB_00747	1	persistent	2	0	0
BENMGJ_02523	contig_45	158897	159364	-	LNHIMF_02306	1	persistent	2	0	0
BENMGJ_02524	contig_45	159411	160130	-	LNHIMF_02307	1	persistent	2	0	0
BENMGJ_02525	contig_45	160127	161812	-	LNHIMF_02308	1	persistent	2	0	0
BENMGJ_02526	contig_45	162035	162766	+	LNHIMF_02309	1	persistent	2	0	0
BENMGJ_02527	contig_45	162826	162933	+	GEGEGB_00742	1	persistent	2	0	0
BENMGJ_02528	contig_45	162914	163645	-	GEGEGB_00741	1	persistent	2	0	0
BENMGJ_02529	contig_45	163629	164576	-	GEGEGB_00740	1	persistent	2	0	0
BENMGJ_02530	contig_45	164569	165738	-	LNHIMF_02313	1	persistent	2	0	0
BENMGJ_02531	contig_45	165742	166659	-	GEGEGB_00738	1	persistent	2	0	0
BENMGJ_02532	contig_45	166840	169137	-	LNHIMF_02315	1	persistent	2	0	0
BENMGJ_02533	contig_45	169404	171134	+	GEGEGB_00736	1	persistent	2	0	0
BENMGJ_02534	contig_45	171192	172100	-	GEGEGB_00735	1	persistent	2	0	0
BENMGJ_02535	contig_45	172305	172892	-	GEGEGB_00734	1	persistent	2	0	0
BENMGJ_02536	contig_45	173051	173620	+	GEGEGB_00733	1	persistent	2	0	0
BENMGJ_02537	contig_45	173669	174430	-	GEGEGB_00732	1	persistent	2	0	1
BENMGJ_02538	contig_45	174496	175932	-	GEGEGB_00731	1	persistent	2	0	2
BENMGJ_02539	contig_45	176250	176333	+	GEGEGB_00730	1	persistent	2	0	0
BENMGJ_02540	contig_45	176391	177329	-	LNHIMF_02323	1	persistent	2	0	1
BENMGJ_02541	contig_45	177438	178631	-	GEGEGB_00728	1	persistent	2	0	0
BENMGJ_02542	contig_45	178646	179290	-	GEGEGB_00727	1	persistent	2	0	0
BENMGJ_02543	contig_45	179299	180000	-	GEGEGB_00726	1	persistent	2	0	0
BENMGJ_02544	contig_45	180016	181053	-	GEGEGB_00725	1	persistent	2	0	0
BENMGJ_02545	contig_45	181065	182423	-	GEGEGB_00724	1	persistent	2	0	0
BENMGJ_02546	contig_45	182549	183457	+	GEGEGB_00723	1	persistent	2	0	0
BENMGJ_02547	contig_45	183589	183987	+	GEGEGB_00722	1	persistent	2	0	0
BENMGJ_02548	contig_45	183984	184679	+	GEGEGB_00721	1	persistent	2	0	0
BENMGJ_02549	contig_45	184833	185717	+	GEGEGB_00720	1	persistent	2	0	0
BENMGJ_02550	contig_45	185894	186613	+	LNHIMF_02333	1	persistent	2	0	0
BENMGJ_02551	contig_45	186616	186855	+	GEGEGB_00718	1	persistent	2	0	0
BENMGJ_02552	contig_45	187060	188301	+	GEGEGB_00717	1	persistent	2	0	0
BENMGJ_02553	contig_45	188295	189530	+	BEJGEH_02222	1	persistent	2	0	0
BENMGJ_02554	contig_45	189605	190615	-	LNHIMF_02337	1	persistent	2	0	0
BENMGJ_02555	contig_45	190631	192151	-	LNHIMF_02338	1	persistent	2	0	0
BENMGJ_02556	contig_45	192285	193283	-	LNHIMF_02339	1	persistent	2	0	0
BENMGJ_02557	contig_45	193782	194804	-	LNHIMF_02340	1	persistent	2	0	0
BENMGJ_02558	contig_45	194954	196114	-	LNHIMF_02341	1	persistent	2	0	0
BENMGJ_02559	contig_45	196111	196779	-	GEGEGB_00708	1	persistent	2	0	0
BENMGJ_02560	contig_45	197109	197966	+	GEGEGB_00707	1	persistent	2	0	0
BENMGJ_02561	contig_45	197955	198344	-	GEGEGB_00706	1	persistent	2	0	0
BENMGJ_02562	contig_45	198349	199716	-	LNHIMF_02345	1	persistent	2	0	0
BENMGJ_02563	contig_45	199933	200820	+	GEGEGB_00704	1	persistent	2	0	0
BENMGJ_02564	contig_45	200853	202175	+	LNHIMF_02347	1	persistent	2	0	0
BENMGJ_02565	contig_45	202219	204210	-	LNHIMF_02348	1	persistent	2	0	3
BENMGJ_02566	contig_45	204556	206025	-	LNHIMF_02350	1	persistent	2	0	3
BENMGJ_02567	contig_45	206215	207078	-	GEGEGB_00698	1	persistent	2	0	1
BENMGJ_02568	contig_45	207199	208248	+	GEGEGB_00697	1	persistent	2	0	0
BENMGJ_02569	contig_45	208327	209184	+	GEGEGB_00696	1	persistent	2	0	0
BENMGJ_02570	contig_45	209249	210937	-	GEGEGB_00695	1	persistent	2	0	0
BENMGJ_02571	contig_45	210954	211892	-	GEGEGB_00694	1	persistent	2	0	1
BENMGJ_02572	contig_45	211892	213022	-	GEGEGB_00693	1	persistent	2	0	0
BENMGJ_02574	contig_45	213390	214571	+	GEGEGB_00692	1	persistent	2	0	0
BENMGJ_02575	contig_45	214635	215300	-	BEJGEH_02246	1	persistent	2	0	0
BENMGJ_02576	contig_45	215812	216066	-	GEGEGB_00690	1	persistent	2	0	0
BENMGJ_02577	contig_45	216390	216962	+	GEGEGB_00689	1	persistent	2	0	0
BENMGJ_02578	contig_45	217175	218161	+	GEGEGB_00688	1	persistent	2	0	0
BENMGJ_02579	contig_45	218191	218910	+	GEGEGB_00687	1	persistent	2	0	0
BENMGJ_02580	contig_45	219324	219896	+	GEGEGB_00686	1	persistent	2	0	0
BENMGJ_02581	contig_45	220222	221778	+	GEGEGB_00685	1	persistent	2	0	0
BENMGJ_02582	contig_45	221885	223690	+	GEGEGB_00684	1	persistent	2	0	0
BENMGJ_02583	contig_45	223700	224794	+	GEGEGB_00683	1	persistent	2	0	0
BENMGJ_02584	contig_45	224794	225819	+	GEGEGB_00682	1	persistent	2	0	0
BENMGJ_02585	contig_45	225821	227410	+	GEGEGB_00681	1	persistent	2	0	0
BENMGJ_02586	contig_45	227414	227758	-	GEGEGB_00680	1	persistent	2	0	0
BENMGJ_02587	contig_45	228149	229339	-	LNHIMF_02371	1	persistent	2	0	0
BENMGJ_02588	contig_45	229367	230062	-	GEGEGB_00678	1	persistent	2	0	0
BENMGJ_02589	contig_45	230214	231974	+	GEGEGB_00677	1	persistent	2	0	0
BENMGJ_02590	contig_45	232099	232383	+	GEGEGB_00676	1	persistent	3	0	0
BENMGJ_02591	contig_45	232492	233112	-	GEGEGB_00675	1	persistent	2	0	0
BENMGJ_02592	contig_45	233140	234147	-	GEGEGB_00674	1	persistent	3	0	0
BENMGJ_02593	contig_45	234327	234554	+	GEGEGB_00673	1	persistent	2	0	0
BENMGJ_02594	contig_45	234586	236346	+	GEGEGB_00672	1	persistent	2	0	4
BENMGJ_02596	contig_45	236627	237298	-	AJBGEP_02398	1	cloud	1	0	1
BENMGJ_02597	contig_45	237796	239625	+	AJBGEP_02399	1	cloud	0	1	1
BENMGJ_02598	contig_45	239679	240122	-	AJBGEP_02400	1	shell	0	1	1
BENMGJ_02599	contig_45	240500	241027	-	BEJGEH_02721	1	shell	0	1	5
BENMGJ_02600	contig_45	241030	242271	-	AJBGEP_02402	1	cloud	0	1	1
BENMGJ_02601	contig_45	242332	242850	-	AJBGEP_02403	1	cloud	0	0	2
BENMGJ_02602	contig_45	242864	243193	-	AJBGEP_02404	1	cloud	0	0	2
BENMGJ_02603	contig_45	243490	244821	+	AJBGEP_02405	1	cloud	0	0	2
BENMGJ_02604	contig_45	244850	245215	-	AJBGEP_02406	1	cloud	0	1	1
BENMGJ_02605	contig_45	245233	246222	-	AJBGEP_02407	1	shell	0	1	5
BENMGJ_02606	contig_45	246230	246460	-	AJBGEP_02408	1	shell	0	2	0
BENMGJ_02607	contig_45	246450	246551	-	AJBGEP_02409	1	shell	0	2	0
BENMGJ_02608	contig_45	246551	248917	-	PKJKAM_03030	1	shell	0	2	2
BENMGJ_02609	contig_45	249586	250377	-	GEGEGB_00668	1	shell	1	1	0
BENMGJ_02611	contig_45	250506	250883	+	IKCLMC_01756	1	persistent	3	1	0
BENMGJ_02612	contig_45	251075	251632	-	LNHIMF_02380	1	persistent	2	0	2
BENMGJ_02613	contig_45	252368	253015	+	GEGEGB_00665	1	persistent	3	0	1
BENMGJ_02614	contig_45	253059	254102	-	GEGEGB_00664	2	persistent	3	0	0
BENMGJ_02615	contig_45	254099	254656	-	GEGEGB_00663	3	persistent	2	0	1
BENMGJ_02616	contig_45	254653	256584	-	GEGEGB_00662	3	persistent	2	0	0
BENMGJ_02617	contig_45	256581	257060	-	HFCAGB_02510	3	persistent	2	0	0
BENMGJ_02618	contig_45	257057	257230	-	AJBGEP_02420	3	persistent	2	0	0
BENMGJ_02619	contig_45	257266	258012	-	GEGEGB_00659	3	persistent	2	0	0
BENMGJ_02620	contig_45	258055	258711	-	GEGEGB_00658	3	persistent	2	0	0
BENMGJ_02621	contig_45	258711	259328	-	GEGEGB_03907	3	persistent	3	0	0
BENMGJ_02622	contig_45	259349	259951	-	LNHIMF_02390	1	persistent	2	0	0
BENMGJ_02623	contig_45	259961	260410	-	GEGEGB_00655	1	persistent	2	0	0
BENMGJ_02624	contig_45	260526	261395	-	GEGEGB_00654	1	persistent	2	0	0
BENMGJ_02625	contig_45	261382	262077	-	GEGEGB_00653	1	persistent	2	0	0
BENMGJ_02626	contig_45	262084	264570	-	GEGEGB_00652	1	persistent	2	0	0
BENMGJ_02627	contig_45	264567	264830	-	GEGEGB_00651	1	persistent	2	0	0
BENMGJ_02628	contig_45	264820	265311	-	LNHIMF_02396	1	persistent	3	0	0
BENMGJ_02629	contig_45	265423	265554	+	GEGEGB_00649	1	persistent	2	0	0
BENMGJ_02630	contig_45	265713	266219	+	GEGEGB_00648	1	persistent	3	0	0
BENMGJ_02631	contig_45	266411	268054	-	LNHIMF_02399	1	persistent	2	0	0
BENMGJ_02632	contig_45	268130	268780	-	LNHIMF_02400	1	persistent	2	0	0
BENMGJ_02633	contig_45	268783	269841	-	LNHIMF_02401	1	persistent	2	0	0
BENMGJ_02634	contig_45	269925	270977	-	GEGEGB_00644	1	persistent	2	0	0
BENMGJ_02635	contig_45	271092	272228	-	GEGEGB_00643	1	persistent	2	0	0
BENMGJ_02637	contig_45	272957	275626	+	LNHIMF_02405	1	persistent	2	0	0
BENMGJ_02638	contig_45	275643	276293	+	GEGEGB_00640	1	persistent	2	0	0
BENMGJ_02639	contig_45	276395	279241	-	LNHIMF_02407	1	persistent	2	1	0
BENMGJ_02640	contig_45	279359	281995	-	LNHIMF_02408	1	persistent	2	0	1
BENMGJ_02641	contig_45	282405	283607	-	LNHIMF_02409	1	persistent	2	0	0
BENMGJ_02642	contig_45	283622	284947	-	LNHIMF_02410	1	persistent	2	0	0
BENMGJ_02643	contig_45	284997	285881	+	GEGEGB_00631	1	persistent	2	0	0
BENMGJ_02644	contig_45	285964	286692	+	LNHIMF_02413	1	persistent	2	0	0
BENMGJ_02645	contig_45	287048	289333	+	LNHIMF_02414	1	persistent	2	0	0
BENMGJ_02646	contig_45	289446	290576	+	GEGEGB_00628	1	persistent	2	0	0
BENMGJ_02647	contig_45	290576	290830	+	GEGEGB_00627	1	persistent	2	0	0
BENMGJ_02648	contig_45	290832	292049	-	BEJGEH_02304	1	persistent	2	0	0
BENMGJ_02649	contig_45	292184	293062	+	LNHIMF_02419	1	persistent	2	0	0
BENMGJ_02650	contig_45	293178	294248	-	LNHIMF_02420	1	persistent	2	0	0
BENMGJ_02651	contig_45	294253	295611	-	LNHIMF_02421	1	persistent	2	0	0
BENMGJ_02652	contig_45	295884	297512	+	LNHIMF_02422	1	persistent	2	0	0
BENMGJ_02653	contig_45	297502	298761	+	LNHIMF_02423	1	persistent	2	0	0
BENMGJ_02654	contig_45	298758	299948	+	LNHIMF_02424	1	persistent	2	0	0
BENMGJ_02656	contig_45	300374	301396	+	BEJGEH_02312	1	persistent	2	0	0
BENMGJ_02657	contig_45	301506	301682	-	GEGEGB_00612	2	persistent	4	0	0
BENMGJ_02658	contig_45	301688	302491	-	LNHIMF_02428	1	persistent	2	0	0
BENMGJ_02659	contig_45	302517	303806	-	GEGEGB_00615	1	persistent	2	0	0
BENMGJ_02660	contig_45	303862	305067	-	GEGEGB_00614	1	persistent	2	0	0
BENMGJ_02661	contig_45	305081	305863	-	LNHIMF_02431	1	persistent	2	0	0
BENMGJ_02662	contig_45	306113	307309	-	GEGEGB_00612	2	persistent	4	0	0
BENMGJ_02663	contig_45	307424	307990	-	GEGEGB_00611	1	persistent	2	0	0
BENMGJ_02664	contig_45	308245	308670	+	GEGEGB_00610	1	persistent	3	0	0
BENMGJ_02665	contig_45	308715	309320	-	LNHIMF_02435	1	persistent	2	0	0
BENMGJ_02666	contig_45	309619	310758	+	LNHIMF_02436	1	persistent	2	0	0
BENMGJ_02667	contig_45	310761	311744	+	GEGEGB_00607	1	persistent	2	0	0
BENMGJ_02668	contig_45	311741	313723	+	LNHIMF_02438	1	persistent	2	0	0
BENMGJ_02669	contig_45	313720	314619	+	LNHIMF_02439	1	persistent	2	0	0
BENMGJ_02670	contig_45	314616	316262	+	LNHIMF_02440	1	persistent	2	0	0
BENMGJ_02671	contig_45	316259	316594	+	ALJMDI_02045	1	persistent	2	0	0
BENMGJ_02672	contig_45	316594	316971	+	LNHIMF_02442	1	persistent	2	0	0
BENMGJ_02673	contig_45	316966	317223	-	LNHIMF_02443	1	persistent	2	0	0
BENMGJ_02674	contig_45	317321	318688	-	LNHIMF_02444	1	persistent	2	0	0
BENMGJ_02675	contig_45	318685	319647	-	LNHIMF_02445	1	persistent	2	0	0
BENMGJ_02676	contig_45	319647	320504	-	GEGEGB_00598	1	persistent	2	0	0
BENMGJ_02677	contig_45	320519	321277	-	LNHIMF_02447	1	persistent	2	0	0
BENMGJ_02678	contig_45	321274	322944	-	LNHIMF_02448	1	persistent	2	0	0
BENMGJ_02679	contig_45	323030	324325	-	LNHIMF_02449	1	persistent	2	0	0
BENMGJ_02680	contig_45	324426	324731	-	GEGEGB_00594	1	persistent	2	0	0
BENMGJ_02681	contig_45	324786	325247	-	GEGEGB_00593	1	persistent	2	0	0
BENMGJ_02682	contig_45	325308	326225	+	GEGEGB_00592	1	persistent	2	0	0
BENMGJ_02683	contig_45	326291	327295	+	LNHIMF_02453	1	persistent	2	1	0
BENMGJ_02684	contig_45	327434	328891	-	GEGEGB_00590	1	persistent	2	1	2
BENMGJ_02685	contig_45	328898	330427	-	LNHIMF_02455	1	persistent	2	0	0
BENMGJ_02686	contig_45	330504	332345	-	LNHIMF_02456	1	persistent	2	0	0
BENMGJ_02687	contig_45	332342	332644	-	GEGEGB_00586	1	persistent	2	0	0
BENMGJ_02688	contig_45	332641	333195	-	GEGEGB_00585	1	persistent	2	0	0
BENMGJ_02689	contig_45	333206	333748	-	GEGEGB_00584	1	persistent	2	0	0
BENMGJ_02690	contig_45	333763	334740	-	LNHIMF_02460	1	persistent	2	0	0
BENMGJ_02691	contig_45	334737	337463	-	LNHIMF_02461	1	persistent	2	0	0
BENMGJ_02692	contig_45	337494	338831	-	LNHIMF_02462	1	persistent	2	0	0
BENMGJ_02693	contig_45	338828	339328	-	GEGEGB_00580	1	persistent	2	0	0
BENMGJ_02694	contig_45	339331	341133	-	GEGEGB_00579	1	persistent	2	0	0
BENMGJ_02695	contig_45	341220	341882	-	GEGEGB_00578	1	persistent	2	0	0
BENMGJ_02696	contig_45	341898	342341	-	GEGEGB_00577	1	persistent	2	0	0
BENMGJ_02697	contig_45	342968	343906	-	LNHIMF_02467	1	persistent	2	0	0
BENMGJ_02698	contig_45	344839	346053	+	GEGEGB_00575	1	persistent	2	0	0
BENMGJ_02699	contig_45	346147	346746	+	LNHIMF_02469	1	persistent	2	0	0
BENMGJ_02700	contig_45	346852	348678	-	LNHIMF_02470	1	persistent	2	0	0
BENMGJ_02701	contig_45	348755	349414	-	GEGEGB_00572	1	persistent	2	0	0
BENMGJ_02702	contig_45	349425	349919	-	GEGEGB_00571	1	persistent	2	0	0
BENMGJ_02703	contig_45	350002	350457	-	LNHIMF_02473	1	persistent	2	0	0
BENMGJ_02704	contig_45	350797	351999	+	GEGEGB_00569	1	persistent	2	0	0
BENMGJ_02705	contig_45	352076	354220	+	LNHIMF_02475	1	persistent	2	0	0
BENMGJ_02706	contig_45	354438	355958	+	GEGEGB_00567	1	persistent	2	0	0
BENMGJ_02707	contig_45	356007	356960	-	GEGEGB_00566	1	persistent	2	0	0
BENMGJ_02708	contig_45	356953	357783	-	LNHIMF_02478	1	persistent	2	0	0
BENMGJ_02709	contig_45	357780	359171	-	LNHIMF_02479	1	persistent	2	0	0
BENMGJ_02710	contig_45	359192	359464	-	GEGEGB_00563	1	persistent	2	0	0
BENMGJ_02711	contig_45	359545	359988	-	GEGEGB_00562	1	persistent	2	0	0
BENMGJ_02712	contig_45	360241	361260	+	GEGEGB_00561	1	persistent	2	0	0
BENMGJ_02713	contig_45	361266	361820	-	GEGEGB_00560	1	persistent	2	0	0
BENMGJ_02714	contig_45	361877	362428	-	GEGEGB_00559	1	persistent	2	0	0
BENMGJ_02715	contig_45	362484	363128	-	LNHIMF_02485	1	persistent	2	0	0
BENMGJ_02716	contig_45	363271	363918	+	LNHIMF_02486	1	persistent	2	0	0
BENMGJ_02717	contig_45	364044	364937	+	LNHIMF_02487	1	persistent	2	0	0
BENMGJ_02718	contig_45	364989	365762	-	LNHIMF_02488	1	persistent	2	0	0
BENMGJ_02719	contig_45	365776	366483	-	GEGEGB_00554	1	persistent	2	0	0
BENMGJ_02720	contig_45	366480	367166	-	GEGEGB_00553	1	persistent	2	0	0
BENMGJ_02721	contig_45	367347	368129	-	LNHIMF_02491	1	persistent	2	0	0
BENMGJ_02722	contig_45	368367	369149	-	GEGEGB_00551	1	persistent	2	0	0
BENMGJ_02723	contig_45	369438	370007	-	GEGEGB_00550	1	persistent	2	0	0
BENMGJ_02724	contig_45	370034	371440	-	LNHIMF_02494	1	persistent	2	0	0
BENMGJ_02725	contig_45	371504	372607	-	LNHIMF_02495	1	persistent	2	0	0
BENMGJ_02726	contig_45	372609	374030	-	GEGEGB_00547	1	persistent	2	0	0
BENMGJ_02727	contig_45	374121	375518	-	GEGEGB_00546	1	persistent	2	0	0
BENMGJ_02728	contig_45	375729	377156	+	LNHIMF_02498	1	persistent	2	0	0
BENMGJ_02729	contig_45	377192	378709	-	LNHIMF_02499	1	persistent	2	0	0
BENMGJ_02730	contig_45	378747	379235	-	GEGEGB_00543	1	persistent	2	0	0
BENMGJ_02731	contig_45	379546	380220	-	BEJGEH_02389	1	persistent	2	0	0
BENMGJ_02732	contig_45	380210	381478	-	GEGEGB_00541	1	persistent	2	0	0
BENMGJ_02733	contig_45	381546	382460	-	GEGEGB_00540	1	persistent	2	0	0
BENMGJ_02734	contig_45	382610	383269	-	GEGEGB_00539	1	persistent	2	0	0
BENMGJ_02735	contig_45	383318	384130	-	GEGEGB_00538	1	persistent	2	0	0
BENMGJ_02736	contig_45	384130	385143	-	GEGEGB_00537	1	persistent	2	0	0
BENMGJ_02737	contig_45	385211	386347	-	GEGEGB_00536	1	persistent	2	0	0
BENMGJ_02738	contig_45	386451	387452	+	GEGEGB_00535	1	persistent	2	0	0
BENMGJ_02739	contig_45	387449	388627	-	LNHIMF_02509	1	persistent	3	0	0
BENMGJ_02740	contig_45	388808	389182	-	LNHIMF_02510	1	persistent	1	1	1
BENMGJ_02741	contig_45	389355	389603	+	GEGEGB_00532	1	shell	1	1	0
BENMGJ_02742	contig_45	389772	390140	+	GEGEGB_00531	1	shell	1	1	0
BENMGJ_02743	contig_45	390140	390658	+	LNHIMF_02512	1	persistent	2	1	1
BENMGJ_02744	contig_45	390725	391381	-	LNHIMF_02513	1	persistent	2	0	0
BENMGJ_02745	contig_45	391479	392693	-	GEGEGB_00528	1	persistent	2	0	0
BENMGJ_02746	contig_45	392853	394853	+	LNHIMF_02515	1	persistent	2	0	0
BENMGJ_02747	contig_45	394905	395180	-	GEGEGB_00526	1	persistent	2	0	0
BENMGJ_02748	contig_45	395213	395761	-	LNHIMF_02517	1	persistent	2	0	0
BENMGJ_02749	contig_45	395761	396570	-	GEGEGB_00523	1	persistent	2	0	0
BENMGJ_02750	contig_45	396570	397394	-	GEGEGB_00522	1	persistent	2	0	0
BENMGJ_02751	contig_45	397398	398483	-	LNHIMF_02520	1	persistent	2	0	0
BENMGJ_02752	contig_45	398519	399451	-	GEGEGB_00520	1	persistent	2	0	0
BENMGJ_02753	contig_45	399617	400168	+	GEGEGB_00519	1	persistent	2	0	0
BENMGJ_02754	contig_45	400268	400753	-	GEGEGB_00518	1	persistent	2	0	0
BENMGJ_02755	contig_45	400962	403109	-	GEGEGB_00517	1	persistent	2	0	0
BENMGJ_02756	contig_45	403109	404419	-	GEGEGB_00516	1	persistent	2	0	0
BENMGJ_02757	contig_45	404596	404880	-	GEGEGB_00515	1	persistent	2	0	0
BENMGJ_02758	contig_45	405251	406558	+	LNHIMF_02527	1	persistent	2	0	0
BENMGJ_02759	contig_45	406619	407374	-	GEGEGB_00513	1	persistent	2	0	0
BENMGJ_02760	contig_45	407663	408604	+	GEGEGB_00512	1	persistent	3	0	1
BENMGJ_02762	contig_45	408915	409352	+	BENMGJ_02762	1	cloud	1	0	1
BENMGJ_02763	contig_45	409432	410094	+	BENMGJ_02763	1	cloud	0	0	2
BENMGJ_02764	contig_45	410109	411830	-	BENMGJ_02764	1	cloud	0	0	2
BENMGJ_02765	contig_45	412104	413534	-	BENMGJ_02765	1	cloud	0	0	2
BENMGJ_02766	contig_45	413982	414254	-	BENMGJ_02766	1	cloud	0	0	2
BENMGJ_02767	contig_45	414537	417224	-	BENMGJ_02767	1	cloud	0	0	2
BENMGJ_02768	contig_45	417221	417631	-	BENMGJ_02768	1	cloud	0	0	2
BENMGJ_02769	contig_45	417624	417860	-	BENMGJ_02769	1	cloud	0	0	2
BENMGJ_02770	contig_45	417857	418447	-	BENMGJ_02770	1	cloud	0	0	2
BENMGJ_02773	contig_45	418536	419540	-	BENMGJ_02773	1	cloud	0	0	2
BENMGJ_02774	contig_45	419563	420423	-	BENMGJ_02774	1	cloud	0	0	2
BENMGJ_02775	contig_45	420441	420668	-	BENMGJ_02775	1	cloud	1	0	1
BENMGJ_02776	contig_45	421265	422203	-	GEGEGB_00505	1	persistent	2	0	2
BENMGJ_02777	contig_45	422243	422338	+	GEGEGB_00504	1	persistent	2	0	0
BENMGJ_02778	contig_45	422471	423721	-	LNHIMF_02533	1	persistent	2	0	0
BENMGJ_02779	contig_45	423708	425714	-	GEGEGB_00502	1	persistent	2	0	0
BENMGJ_02780	contig_45	425711	426985	-	GEGEGB_00501	1	persistent	2	0	0
BENMGJ_02781	contig_45	427340	428731	+	LNHIMF_02536	1	persistent	2	0	0
BENMGJ_02782	contig_45	428970	429212	-	GEGEGB_00499	1	persistent	2	0	0
BENMGJ_02783	contig_45	429373	429486	-	GEGEGB_00498	1	persistent	2	0	0
BENMGJ_02784	contig_45	429734	430654	+	GEGEGB_00497	1	persistent	2	0	0
BENMGJ_02785	contig_45	431072	431128	+	GEGEGB_00496	1	persistent	2	1	0
BENMGJ_02786	contig_45	431250	431708	-	GEGEGB_00250	4	shell	58	4	2
BENMGJ_02788	contig_45	431887	433125	-	GEGEGB_00493	1	persistent	2	1	1
BENMGJ_02789	contig_45	433846	434811	-	LNHIMF_02542	1	persistent	2	0	1
BENMGJ_02790	contig_45	435015	436250	+	GEGEGB_00491	1	persistent	2	0	0
BENMGJ_02791	contig_45	436270	437922	-	LNHIMF_02544	1	persistent	2	0	0
BENMGJ_02792	contig_45	438102	439100	+	GEGEGB_00489	1	persistent	2	0	0
BENMGJ_02793	contig_45	439214	439540	+	GEGEGB_00488	1	persistent	2	0	0
BENMGJ_02794	contig_45	439601	440842	-	GEGEGB_00487	1	persistent	2	0	0
BENMGJ_02795	contig_45	441185	442387	+	GEGEGB_00486	1	persistent	2	0	0
BENMGJ_02796	contig_45	442440	444629	-	LNHIMF_02549	1	persistent	2	0	0
BENMGJ_02799	contig_45	445235	445597	+	GEGEGB_00482	1	persistent	2	0	0
BENMGJ_02800	contig_45	445620	445991	+	GEGEGB_00481	1	persistent	2	0	0
BENMGJ_02801	contig_45	446045	447460	-	GEGEGB_00480	1	persistent	2	0	0
BENMGJ_02802	contig_46	21	395	-	GEGEGB_04290	1	persistent	1	1	0
BENMGJ_02803	contig_46	521	808	-	GEGEGB_04289	1	persistent	2	0	0
BENMGJ_02804	contig_46	816	1172	-	GEGEGB_04288	1	persistent	2	0	0
BENMGJ_02805	contig_46	1172	1558	-	LNHIMF_03504	1	persistent	2	0	0
BENMGJ_02806	contig_46	1644	2279	-	GEGEGB_04286	1	persistent	2	0	0
BENMGJ_02807	contig_46	2555	3373	-	LNHIMF_03506	1	persistent	2	0	0
BENMGJ_02808	contig_46	3593	3811	+	GEGEGB_04284	1	persistent	2	0	0
BENMGJ_02809	contig_46	3999	4589	-	LNHIMF_03508	1	persistent	2	0	0
BENMGJ_02810	contig_46	4684	4884	-	GEGEGB_04282	1	persistent	2	0	0
BENMGJ_02811	contig_46	4894	6699	-	GEGEGB_04281	1	persistent	2	0	0
BENMGJ_02812	contig_46	6699	7250	-	GEGEGB_04280	1	persistent	2	0	0
BENMGJ_02813	contig_46	7516	9423	+	GEGEGB_04279	1	persistent	2	0	1
BENMGJ_02814	contig_46	9586	9807	+	LNHIMF_03513	1	persistent	3	0	0
BENMGJ_02815	contig_46	9809	10120	-	GEGEGB_04277	1	persistent	2	0	1
BENMGJ_02816	contig_46	10363	11385	+	BEJGEH_03492	1	persistent	3	0	0
BENMGJ_02817	contig_46	11382	11600	+	GEGEGB_04274	1	persistent	2	0	0
BENMGJ_02818	contig_46	11652	12521	+	GEGEGB_04273	1	persistent	2	0	0
BENMGJ_02819	contig_46	12617	13021	-	BEJGEH_03495	1	persistent	2	0	0
BENMGJ_02820	contig_46	13329	13961	+	GEGEGB_04271	1	persistent	2	0	0
BENMGJ_02821	contig_46	14010	16097	+	LNHIMF_03520	1	persistent	2	0	0
BENMGJ_02822	contig_46	16140	17357	-	BEJGEH_03498	1	persistent	2	0	0
BENMGJ_02823	contig_46	17443	18006	-	GEGEGB_04267	1	persistent	2	0	0
BENMGJ_02824	contig_46	18038	18640	-	LNHIMF_03523	1	persistent	2	0	0
BENMGJ_02825	contig_46	18630	18902	-	LNHIMF_03524	1	persistent	2	0	0
BENMGJ_02826	contig_46	18906	19478	-	GEGEGB_04264	1	persistent	2	0	0
BENMGJ_02827	contig_46	19755	20936	+	GEGEGB_04263	1	persistent	2	0	1
BENMGJ_02828	contig_46	21199	23742	+	LNHIMF_03527	1	persistent	2	0	1
BENMGJ_02829	contig_46	23739	24065	+	GEGEGB_04261	1	persistent	2	0	0
BENMGJ_02830	contig_46	24331	25140	+	GEGEGB_04260	1	persistent	2	0	0
BENMGJ_02831	contig_46	25152	26525	+	BEJGEH_03507	1	persistent	1	3	1
BENMGJ_02832	contig_46	26863	32688	+	AJBGEP_03662	1	shell	2	1	0
BENMGJ_02834	contig_46	32881	33051	+	GEGEGB_04255	1	persistent	1	3	0
BENMGJ_02835	contig_46	33196	34200	-	GEGEGB_04254	1	persistent	2	0	0
BENMGJ_02836	contig_46	34193	34951	-	BEJGEH_03515	1	persistent	2	0	0
BENMGJ_02837	contig_46	34944	35621	-	GEGEGB_04252	1	persistent	2	0	0
BENMGJ_02838	contig_46	35639	36475	-	GEGEGB_04251	1	persistent	2	0	0
BENMGJ_02839	contig_46	36656	37933	-	LNHIMF_03538	1	persistent	2	0	0
BENMGJ_02840	contig_46	38031	39119	-	GEGEGB_04249	1	persistent	2	0	0
BENMGJ_02841	contig_46	39176	39697	-	GEGEGB_04248	1	persistent	2	0	0
BENMGJ_02842	contig_46	40162	41364	-	LNHIMF_03541	1	persistent	2	0	0
BENMGJ_02843	contig_46	41315	41716	-	GEGEGB_04246	1	persistent	2	0	0
BENMGJ_02844	contig_46	41706	42179	-	LNHIMF_03543	1	persistent	2	0	0
BENMGJ_02845	contig_46	42163	42702	-	GEGEGB_04244	1	persistent	2	0	0
BENMGJ_02846	contig_46	42702	43481	-	GEGEGB_04243	1	persistent	2	0	0
BENMGJ_02847	contig_46	43602	46154	+	GEGEGB_04242	1	persistent	2	1	0
BENMGJ_02848	contig_46	46250	46813	-	LNHIMF_03547	1	persistent	2	1	0
BENMGJ_02849	contig_46	47136	49268	+	LNHIMF_03548	1	persistent	2	0	0
BENMGJ_02850	contig_46	49333	50001	+	GEGEGB_04239	1	persistent	2	0	0
BENMGJ_02851	contig_46	50012	50413	+	LNHIMF_03550	1	persistent	2	0	0
BENMGJ_02852	contig_46	50438	51316	+	LNHIMF_03551	1	persistent	2	0	1
BENMGJ_02853	contig_46	51425	53134	-	GEGEGB_04236	1	persistent	2	0	1
BENMGJ_02854	contig_46	53514	55133	+	GEGEGB_04235	1	persistent	2	0	0
BENMGJ_02855	contig_46	55208	56560	-	LNHIMF_03554	1	persistent	2	0	0
BENMGJ_02856	contig_46	56557	57276	-	GEGEGB_04233	1	persistent	2	0	0
BENMGJ_02857	contig_46	57502	57975	+	GEGEGB_04232	1	persistent	2	0	0
BENMGJ_02858	contig_46	58074	60404	+	IKCLMC_02888	1	persistent	2	0	0
BENMGJ_02859	contig_46	60841	61068	+	GEGEGB_04230	1	persistent	2	0	0
BENMGJ_02860	contig_46	61087	63405	+	LNHIMF_03559	1	persistent	2	0	0
BENMGJ_02861	contig_46	63418	63654	+	GEGEGB_04228	1	persistent	2	0	0
BENMGJ_02862	contig_46	63889	64803	+	GEGEGB_04227	1	persistent	2	0	0
BENMGJ_02863	contig_46	64839	65609	-	GEGEGB_04226	1	persistent	2	0	0
BENMGJ_02864	contig_46	65647	66330	+	LNHIMF_03563	1	persistent	2	0	0
BENMGJ_02865	contig_46	66389	66964	+	LNHIMF_03564	1	persistent	2	0	0
BENMGJ_02866	contig_46	67341	68657	+	GEGEGB_04223	1	persistent	2	0	0
BENMGJ_02867	contig_46	68776	70854	-	BEJGEH_03547	1	persistent	2	0	0
BENMGJ_02868	contig_46	70864	73257	-	LNHIMF_03567	1	persistent	2	0	0
BENMGJ_02869	contig_46	73851	76556	+	ODDLKH_03961	1	persistent	2	1	1
BENMGJ_02870	contig_46	76644	76919	-	HFCAGB_03752	1	shell	1	1	0
BENMGJ_02871	contig_46	76922	77182	-	HFCAGB_03753	1	shell	0	2	0
BENMGJ_02872	contig_46	77291	78352	-	IKCLMC_02875	1	shell	0	2	1
BENMGJ_02873	contig_46	78356	79573	-	HFCAGB_03756	1	shell	0	2	0
BENMGJ_02878	contig_46	79918	81471	-	HFCAGB_03761	1	shell	0	2	0
BENMGJ_02879	contig_46	81661	83244	+	BEJGEH_03558	1	shell	1	1	0
BENMGJ_02880	contig_46	83241	83999	-	GEGEGB_04219	1	persistent	2	1	0
BENMGJ_02881	contig_46	84093	84923	-	LNHIMF_03570	1	persistent	2	0	0
BENMGJ_02882	contig_46	84999	85325	-	GEGEGB_04217	1	persistent	2	0	0
BENMGJ_02883	contig_46	85524	87032	+	GEGEGB_04216	1	persistent	3	0	0
BENMGJ_02884	contig_46	87079	87624	-	BEJGEH_03563	1	persistent	2	0	1
BENMGJ_02885	contig_46	87634	88476	-	HFCAGB_03768	1	persistent	1	1	3
BENMGJ_02886	contig_46	88693	89232	+	BENMGJ_02886	1	cloud	1	1	0
BENMGJ_02887	contig_46	89286	90395	-	BEJGEH_03565	1	shell	1	1	1
BENMGJ_02888	contig_46	90733	92067	+	BEJGEH_03566	1	shell	0	2	0
BENMGJ_02889	contig_46	92064	93779	+	BEJGEH_03567	1	shell	0	2	0
BENMGJ_02890	contig_46	93823	94728	+	BEJGEH_03568	1	shell	0	2	0
BENMGJ_02891	contig_46	94772	95527	-	BEJGEH_03569	1	shell	1	1	0
BENMGJ_02892	contig_46	95705	98152	-	LNHIMF_03577	1	persistent	2	1	1
BENMGJ_02893	contig_46	98172	99605	-	LNHIMF_03578	1	persistent	2	0	0
BENMGJ_02894	contig_46	99605	100900	-	LNHIMF_03579	1	persistent	2	0	0
BENMGJ_02895	contig_46	100915	102891	-	LNHIMF_03580	1	persistent	2	0	0
BENMGJ_02896	contig_46	102888	105074	-	GEGEGB_04211	1	persistent	2	0	0
BENMGJ_02897	contig_46	105421	106527	-	GEGEGB_04210	1	persistent	2	0	1
BENMGJ_02898	contig_46	106951	108291	-	GEGEGB_04208	1	persistent	2	0	1
BENMGJ_02899	contig_46	108288	108821	-	GEGEGB_04207	1	persistent	2	0	0
BENMGJ_02900	contig_46	108960	109955	-	GEGEGB_04206	1	persistent	2	0	0
BENMGJ_02901	contig_46	110085	110780	-	GEGEGB_04205	1	persistent	2	0	0
BENMGJ_02902	contig_46	110904	111941	-	LNHIMF_03588	1	persistent	2	1	1
BENMGJ_02903	contig_46	112000	112125	+	HFCAGB_03785	1	shell	2	0	0
BENMGJ_02905	contig_46	112410	112898	+	GEGEGB_04201	1	persistent	2	1	1
BENMGJ_02906	contig_46	113163	114377	+	GEGEGB_04200	1	persistent	2	0	0
BENMGJ_02907	contig_46	114393	115154	+	LNHIMF_03592	1	persistent	2	0	0
BENMGJ_02908	contig_46	115208	116176	+	GEGEGB_04198	1	persistent	2	0	0
BENMGJ_02909	contig_46	116176	117210	+	GEGEGB_04197	1	persistent	2	0	0
BENMGJ_02910	contig_46	117255	118997	-	GEGEGB_04196	1	persistent	2	0	0
BENMGJ_02911	contig_46	119123	119539	+	GEGEGB_04195	1	persistent	2	0	0
BENMGJ_02912	contig_46	119552	120292	-	GEGEGB_04194	1	persistent	2	0	0
BENMGJ_02913	contig_46	120289	121359	-	BEJGEH_03592	1	persistent	2	0	0
BENMGJ_02914	contig_46	121361	122206	-	GEGEGB_04192	1	persistent	2	0	0
BENMGJ_02915	contig_46	122203	123129	-	BENMGJ_02915	1	persistent	2	0	0
BENMGJ_02916	contig_46	123154	124470	-	GEGEGB_04190	1	persistent	1	1	1
BENMGJ_02917	contig_46	124703	124981	-	GEGEGB_04189	1	cloud	2	0	0
BENMGJ_02918	contig_46	125145	125858	-	GEGEGB_04188	1	persistent	1	1	1
BENMGJ_02919	contig_46	125860	126627	-	GEGEGB_04187	1	persistent	2	0	0
BENMGJ_02920	contig_46	126624	127901	-	GEGEGB_04186	1	persistent	2	0	0
BENMGJ_02921	contig_46	127898	128824	-	GEGEGB_04185	1	persistent	2	0	0
BENMGJ_02922	contig_46	128884	129993	-	GEGEGB_04184	1	persistent	2	0	0
BENMGJ_02923	contig_46	130415	130798	+	GEGEGB_04183	1	persistent	2	0	0
BENMGJ_02924	contig_46	130994	132091	-	LNHIMF_03609	1	persistent	2	0	0
BENMGJ_02925	contig_46	132419	133273	-	GEGEGB_04180	1	persistent	2	0	0
BENMGJ_02926	contig_46	133519	134574	-	LNHIMF_03611	1	persistent	2	0	0
BENMGJ_02927	contig_46	134567	135235	-	GEGEGB_04178	1	persistent	2	0	0
BENMGJ_02928	contig_46	135238	136713	-	GEGEGB_04177	1	persistent	2	0	0
BENMGJ_02929	contig_46	136839	137435	+	GEGEGB_04176	1	persistent	2	0	0
BENMGJ_02930	contig_46	137425	137694	+	LNHIMF_03615	1	persistent	2	0	0
BENMGJ_02931	contig_46	137716	138087	-	GEGEGB_04174	1	persistent	2	0	0
BENMGJ_02932	contig_46	138229	138855	+	GEGEGB_04173	1	persistent	2	0	0
BENMGJ_02933	contig_46	138936	141134	+	GEGEGB_04172	1	persistent	2	0	0
BENMGJ_02934	contig_46	141334	142977	+	GEGEGB_04171	1	persistent	2	0	0
BENMGJ_02935	contig_46	143001	143336	-	LNHIMF_03620	1	persistent	2	0	0
BENMGJ_02936	contig_46	143416	144081	+	GEGEGB_04169	1	persistent	2	0	0
BENMGJ_02937	contig_46	144154	144711	+	GEGEGB_04168	1	persistent	2	0	0
BENMGJ_02938	contig_46	144715	145974	-	LNHIMF_03623	1	persistent	2	0	0
BENMGJ_02939	contig_46	146064	147113	+	GEGEGB_04166	1	persistent	2	0	0
BENMGJ_02940	contig_46	147165	147743	+	GEGEGB_04165	1	persistent	2	0	0
BENMGJ_02941	contig_46	147799	148236	+	GEGEGB_04164	1	persistent	2	0	0
BENMGJ_02942	contig_46	148338	149462	-	LNHIMF_03627	1	persistent	2	0	0
BENMGJ_02943	contig_46	149462	152203	-	LNHIMF_03628	1	persistent	2	0	0
BENMGJ_02944	contig_46	152200	153267	-	LNHIMF_03629	1	persistent	2	0	1
BENMGJ_02945	contig_46	153573	154769	-	LNHIMF_03630	1	persistent	2	0	1
BENMGJ_02946	contig_46	155000	156496	+	GEGEGB_04152	1	persistent	2	0	0
BENMGJ_02947	contig_46	156637	156972	-	GEGEGB_04151	1	persistent	2	0	0
BENMGJ_02948	contig_46	157360	157794	+	LNHIMF_03633	1	persistent	2	0	0
BENMGJ_02950	contig_46	158119	159591	+	GEGEGB_04148	1	persistent	2	0	0
BENMGJ_02951	contig_46	159683	160441	-	LNHIMF_03636	1	persistent	2	0	0
BENMGJ_02952	contig_46	160448	162490	-	LNHIMF_03637	1	persistent	2	0	1
BENMGJ_02953	contig_46	162672	163943	-	HFCAGB_03837	1	persistent	2	0	0
BENMGJ_02954	contig_46	164154	164996	+	GEGEGB_04143	1	persistent	2	0	1
BENMGJ_02955	contig_46	165101	166453	+	GEGEGB_04142	1	persistent	2	0	0
BENMGJ_02956	contig_46	166500	167543	-	BEJGEH_03636	1	persistent	3	0	0
BENMGJ_02957	contig_46	167602	168921	-	LNHIMF_03642	1	persistent	2	0	0
BENMGJ_02958	contig_46	168975	169820	-	LNHIMF_03643	1	persistent	2	0	0
BENMGJ_02959	contig_46	169884	170861	-	LNHIMF_03644	1	persistent	3	0	0
BENMGJ_02960	contig_46	171037	171756	-	GEGEGB_04139	1	persistent	2	0	0
BENMGJ_02961	contig_46	172082	173731	+	LNHIMF_03646	1	persistent	2	0	0
BENMGJ_02962	contig_46	173744	175333	-	GEGEGB_04137	1	persistent	2	0	0
BENMGJ_02963	contig_46	175614	175970	+	LNHIMF_03648	1	persistent	2	0	0
BENMGJ_02964	contig_46	175976	176578	-	LNHIMF_03649	1	persistent	2	0	0
BENMGJ_02966	contig_46	177208	178107	+	LNHIMF_03650	1	persistent	2	0	0
BENMGJ_02967	contig_46	178180	179208	+	GEGEGB_04133	1	persistent	2	0	0
BENMGJ_02968	contig_46	179559	180881	+	LNHIMF_03652	1	persistent	2	0	0
BENMGJ_02969	contig_46	180921	182981	-	LNHIMF_03653	1	persistent	2	0	0
BENMGJ_02970	contig_46	183091	183858	-	LNHIMF_03654	1	persistent	2	0	0
BENMGJ_02971	contig_46	184087	185016	+	GEGEGB_04129	1	persistent	2	0	0
BENMGJ_02972	contig_46	185070	186557	-	LNHIMF_03656	1	persistent	2	0	0
BENMGJ_02973	contig_46	186777	188063	-	LNHIMF_03657	1	persistent	2	0	0
BENMGJ_02974	contig_46	188221	190227	-	LNHIMF_03658	1	persistent	2	0	0
BENMGJ_02975	contig_46	190401	193943	-	LNHIMF_03659	1	persistent	2	0	0
BENMGJ_02976	contig_46	193925	195034	-	LNHIMF_03660	1	persistent	2	0	0
BENMGJ_02977	contig_46	195038	197188	-	LNHIMF_03661	1	persistent	2	0	0
BENMGJ_02978	contig_46	197349	199973	-	GEGEGB_04120	1	persistent	2	0	0
BENMGJ_02979	contig_46	199970	200722	-	LNHIMF_03663	1	persistent	2	0	0
BENMGJ_02980	contig_46	200723	200926	-	GEGEGB_04118	1	persistent	2	0	0
BENMGJ_02981	contig_46	201183	202742	+	LNHIMF_03665	1	persistent	2	0	0
BENMGJ_02982	contig_46	202739	202930	+	GEGEGB_04116	1	persistent	2	0	0
BENMGJ_02983	contig_46	202927	204606	+	GEGEGB_04115	1	persistent	2	0	0
BENMGJ_02984	contig_46	204688	204795	-	GEGEGB_04114	1	persistent	2	0	0
BENMGJ_02986	contig_46	205427	206725	+	LNHIMF_03670	1	persistent	2	0	0
BENMGJ_02987	contig_46	206826	207839	-	LNHIMF_03671	1	persistent	2	0	0
BENMGJ_02988	contig_46	207836	208819	-	LNHIMF_03672	1	persistent	2	0	0
BENMGJ_02989	contig_46	208830	209732	-	LNHIMF_03673	1	persistent	2	0	0
BENMGJ_02990	contig_46	209742	210761	-	GEGEGB_04108	1	persistent	2	0	0
BENMGJ_02991	contig_46	210918	212525	-	LNHIMF_03675	1	persistent	2	0	0
BENMGJ_02992	contig_46	213081	214406	-	LNHIMF_03676	1	persistent	2	0	0
BENMGJ_02993	contig_46	214464	215588	-	LNHIMF_03677	1	persistent	2	0	0
BENMGJ_02994	contig_46	215738	216745	+	LNHIMF_03678	1	persistent	2	0	0
BENMGJ_02996	contig_46	217058	218749	-	GEGEGB_04101	1	persistent	2	1	0
BENMGJ_02997	contig_46	218967	219494	-	BEJGEH_03677	1	shell	1	1	1
BENMGJ_02998	contig_46	219500	220579	-	HFCAGB_03882	1	shell	0	2	0
BENMGJ_02999	contig_46	220597	223125	-	AJBGEP_03832	1	shell	0	2	2
BENMGJ_03000	contig_46	223148	223846	-	BEJGEH_03680	1	shell	0	2	1
BENMGJ_03001	contig_46	223931	224455	-	BEJGEH_03681	1	shell	1	2	0
BENMGJ_03002	contig_46	224783	224971	+	AJBGEP_03835	1	shell	1	1	0
BENMGJ_03003	contig_46	224973	225677	-	LNHIMF_03681	1	persistent	2	2	0
BENMGJ_03004	contig_46	225834	226415	+	GEGEGB_04099	1	persistent	2	0	0
BENMGJ_03005	contig_46	226393	226833	+	GEGEGB_04098	1	persistent	2	0	0
BENMGJ_03006	contig_46	226802	229135	-	LNHIMF_03684	1	persistent	2	0	0
BENMGJ_03007	contig_46	229288	229950	+	GEGEGB_04096	1	persistent	2	0	0
BENMGJ_03008	contig_46	230169	231143	+	GEGEGB_04095	1	persistent	2	0	0
BENMGJ_03009	contig_46	231193	231903	-	GEGEGB_04094	1	persistent	2	0	0
BENMGJ_03010	contig_46	232299	232631	+	LNHIMF_03688	1	persistent	2	0	0
BENMGJ_03011	contig_46	232920	233132	+	GEGEGB_04092	1	persistent	2	0	0
BENMGJ_03012	contig_46	233306	233845	+	GEGEGB_04091	1	persistent	3	0	1
BENMGJ_03013	contig_46	234217	234702	-	BEJGEH_03692	1	persistent	2	0	1
BENMGJ_03014	contig_46	234690	234956	-	GEGEGB_04089	1	persistent	1	1	3
BENMGJ_03015	contig_46	235155	235622	-	GEGEGB_04088	1	shell	2	0	1
BENMGJ_03017	contig_46	236251	238320	-	LNHIMF_03696	1	persistent	2	1	3
BENMGJ_03018	contig_46	238330	239241	-	LNHIMF_03697	1	persistent	2	0	0
BENMGJ_03019	contig_46	239380	239682	-	GEGEGB_04084	1	persistent	2	0	1
BENMGJ_03020	contig_46	239848	240843	+	BEJGEH_03700	1	persistent	2	0	1
BENMGJ_03021	contig_46	240866	241219	-	GEGEGB_04081	1	persistent	2	0	0
BENMGJ_03022	contig_46	241394	242848	-	GEGEGB_04080	1	persistent	2	0	0
BENMGJ_03023	contig_46	242948	244270	-	LNHIMF_03703	1	persistent	2	0	0
BENMGJ_03024	contig_46	244633	245811	+	GEGEGB_04078	1	persistent	2	0	0
BENMGJ_03025	contig_46	245872	246696	-	LNHIMF_03705	1	persistent	2	0	0
BENMGJ_03026	contig_46	247012	249039	+	LNHIMF_03706	1	persistent	2	0	0
BENMGJ_03027	contig_46	249213	250463	+	GEGEGB_04075	1	persistent	2	0	0
BENMGJ_03028	contig_46	250500	250973	-	GEGEGB_04074	1	persistent	2	0	0
BENMGJ_03029	contig_46	251090	251890	-	GEGEGB_04073	1	persistent	2	0	0
BENMGJ_03030	contig_46	252120	253118	+	LNHIMF_03710	1	persistent	2	0	0
BENMGJ_03031	contig_46	253130	253594	+	LNHIMF_03711	1	persistent	2	0	0
BENMGJ_03032	contig_46	253618	254550	+	GEGEGB_04070	1	persistent	2	0	0
BENMGJ_03033	contig_46	254689	255162	+	GEGEGB_04069	1	persistent	2	0	0
BENMGJ_03034	contig_46	255165	256442	+	LNHIMF_03714	1	persistent	2	0	0
BENMGJ_03035	contig_46	256454	257440	+	GEGEGB_04067	1	persistent	2	0	0
BENMGJ_03036	contig_46	257444	258940	+	BEJGEH_03716	1	persistent	2	0	0
BENMGJ_03037	contig_46	258937	259599	+	BEJGEH_03717	1	persistent	2	0	0
BENMGJ_03038	contig_46	259592	260452	+	LNHIMF_03718	1	persistent	2	0	0
BENMGJ_03039	contig_46	260446	261141	+	GEGEGB_04063	1	persistent	2	0	0
BENMGJ_03040	contig_46	261302	262156	-	BENMGJ_03040	1	persistent	2	0	0
BENMGJ_03041	contig_46	262381	264336	+	LNHIMF_03721	1	persistent	2	0	0
BENMGJ_03042	contig_46	264454	265992	-	LNHIMF_03722	1	persistent	2	0	0
BENMGJ_03043	contig_46	266161	267042	+	GEGEGB_04059	1	persistent	2	0	1
BENMGJ_03044	contig_46	267290	269140	-	BEJGEH_03724	1	persistent	2	0	1
BENMGJ_03045	contig_46	269137	270528	-	GEGEGB_04057	1	persistent	2	0	0
BENMGJ_03046	contig_46	270627	271235	-	GEGEGB_04056	1	persistent	2	0	1
BENMGJ_03047	contig_46	271711	273627	+	GEGEGB_04055	1	persistent	2	0	1
BENMGJ_03048	contig_46	273848	274996	+	LNHIMF_03729	1	persistent	2	0	0
BENMGJ_03049	contig_46	274993	275583	+	GEGEGB_04053	1	persistent	2	0	0
BENMGJ_03050	contig_46	275593	275802	-	LNHIMF_03731	1	persistent	2	0	0
BENMGJ_03051	contig_46	276093	276455	+	GEGEGB_04051	1	persistent	2	0	0
BENMGJ_03052	contig_46	276943	277626	+	LNHIMF_03733	1	persistent	2	0	0
BENMGJ_03053	contig_46	277670	282013	+	LNHIMF_03734	1	persistent	2	0	0
BENMGJ_03055	contig_46	282312	283967	+	LNHIMF_03736	1	persistent	2	0	0
BENMGJ_03056	contig_46	283964	284740	+	GEGEGB_04046	1	persistent	2	0	0
BENMGJ_03057	contig_46	284737	285927	+	GEGEGB_04045	1	persistent	2	0	0
BENMGJ_03058	contig_46	285992	286465	+	GEGEGB_04044	1	persistent	3	0	0
BENMGJ_03059	contig_46	286533	287537	-	GEGEGB_04043	1	persistent	2	0	0
BENMGJ_03060	contig_46	287856	289052	+	BEJGEH_03742	1	persistent	2	0	0
BENMGJ_03061	contig_46	289126	290436	+	BEJGEH_03743	1	persistent	2	0	0
BENMGJ_03062	contig_46	290519	291340	-	GEGEGB_04039	1	persistent	3	0	0
BENMGJ_03063	contig_46	291418	292437	-	GEGEGB_04038	1	persistent	2	0	0
BENMGJ_03064	contig_46	292437	292904	-	GEGEGB_04037	1	persistent	2	0	0
BENMGJ_03065	contig_46	292948	293199	-	GEGEGB_04036	1	persistent	2	0	0
BENMGJ_03066	contig_46	293285	293716	-	GEGEGB_04035	1	persistent	2	0	0
BENMGJ_03067	contig_46	293964	295508	+	LNHIMF_03745	1	persistent	2	0	0
BENMGJ_03068	contig_46	295518	296801	+	GEGEGB_04033	1	persistent	2	0	0
BENMGJ_03069	contig_46	296805	297767	+	GEGEGB_04032	1	persistent	2	0	0
BENMGJ_03070	contig_46	297754	298788	-	GEGEGB_04031	1	persistent	2	0	1
BENMGJ_03072	contig_46	299282	300307	-	LNHIMF_03750	1	persistent	2	0	1
BENMGJ_03073	contig_46	300317	301513	-	GEGEGB_04028	1	persistent	2	0	0
BENMGJ_03074	contig_46	301716	302648	+	GEGEGB_04027	1	persistent	2	0	0
BENMGJ_03075	contig_46	302651	303697	+	GEGEGB_04026	1	persistent	2	0	0
BENMGJ_03076	contig_46	303697	304650	+	GEGEGB_04025	1	persistent	2	0	0
BENMGJ_03077	contig_46	304690	305904	+	BEJGEH_03759	1	persistent	2	0	0
BENMGJ_03078	contig_46	305961	307106	-	GEGEGB_04023	1	persistent	2	0	0
BENMGJ_03079	contig_46	307207	308016	-	LNHIMF_03757	1	persistent	2	0	0
BENMGJ_03080	contig_46	308166	308864	-	LNHIMF_03758	1	persistent	2	0	0
BENMGJ_03081	contig_46	308887	309897	-	HFCAGB_03967	1	persistent	2	0	0
BENMGJ_03082	contig_46	309915	310937	-	HFCAGB_03968	1	persistent	2	0	0
BENMGJ_03083	contig_46	310934	312013	-	LNHIMF_03761	1	persistent	2	1	3
BENMGJ_03084	contig_46	312083	312292	-	AJBGEP_03917	1	shell	2	0	0
BENMGJ_03085	contig_46	312348	313145	-	BEJGEH_03767	1	persistent	2	1	3
BENMGJ_03086	contig_46	313138	314262	-	LNHIMF_03764	1	persistent	2	0	0
BENMGJ_03087	contig_46	314259	315329	-	LNHIMF_03765	1	persistent	2	0	0
BENMGJ_03088	contig_46	315738	317015	+	LNHIMF_03766	1	persistent	2	0	0
BENMGJ_03089	contig_46	317024	317503	+	GEGEGB_04012	1	persistent	2	0	0
BENMGJ_03090	contig_46	317531	318340	-	GEGEGB_04011	1	persistent	2	0	0
BENMGJ_03091	contig_46	318438	318605	-	GEGEGB_04010	1	persistent	2	0	0
BENMGJ_03092	contig_46	318626	318862	-	GEGEGB_04009	1	persistent	2	0	0
BENMGJ_03093	contig_46	319080	319745	-	GEGEGB_04008	1	persistent	2	0	0
BENMGJ_03094	contig_46	319918	321141	+	LNHIMF_03772	1	persistent	2	0	1
BENMGJ_03095	contig_46	321119	321577	+	GEGEGB_04006	1	persistent	2	0	0
BENMGJ_03096	contig_46	321685	322281	+	LNHIMF_03774	1	persistent	2	0	0
BENMGJ_03097	contig_46	322359	323000	-	LNHIMF_03775	1	persistent	2	0	0
BENMGJ_03098	contig_46	323079	323795	-	GEGEGB_04003	1	persistent	2	0	0
BENMGJ_03099	contig_46	323921	324784	+	GEGEGB_04002	1	persistent	2	0	1
BENMGJ_03100	contig_46	324834	325736	-	GEGEGB_04001	1	persistent	2	0	1
BENMGJ_03101	contig_46	325810	326691	+	ODDLKH_04192	1	persistent	2	0	0
BENMGJ_03102	contig_46	326942	327559	+	LNHIMF_03790	1	persistent	2	0	0
BENMGJ_03103	contig_46	327556	329241	-	LNHIMF_03791	1	persistent	2	0	0
BENMGJ_03104	contig_46	329498	330121	+	GEGEGB_03996	1	persistent	2	0	0
BENMGJ_03105	contig_46	330176	330451	+	GEGEGB_03995	1	persistent	2	0	0
BENMGJ_03106	contig_46	330470	332581	+	GEGEGB_03994	1	persistent	2	0	0
BENMGJ_03107	contig_46	332586	333275	+	LNHIMF_03795	1	persistent	2	0	0
BENMGJ_03108	contig_46	333281	335362	+	GEGEGB_03992	1	persistent	2	1	0
BENMGJ_03109	contig_46	335365	336216	-	AJBGEP_03942	1	shell	2	0	0
BENMGJ_03110	contig_46	336219	337424	-	GEGEGB_03991	1	persistent	2	1	0
BENMGJ_03111	contig_46	337652	339043	+	GEGEGB_03990	1	persistent	2	0	0
BENMGJ_03112	contig_46	339164	340873	+	LNHIMF_03799	1	persistent	2	0	0
BENMGJ_03113	contig_46	340976	343294	-	LNHIMF_03800	1	persistent	2	0	0
BENMGJ_03114	contig_46	343306	344688	-	GEGEGB_03987	1	persistent	2	1	2
BENMGJ_03116	contig_46	345387	345731	-	HFCAGB_04002	1	shell	1	1	2
BENMGJ_03117	contig_46	346409	347599	+	AJBGEP_03950	1	shell	0	2	0
BENMGJ_03118	contig_46	347599	347946	+	AJBGEP_03951	1	shell	0	2	0
BENMGJ_03119	contig_46	348133	349170	+	ALJMDI_02303	1	shell	0	2	3
BENMGJ_03120	contig_46	349282	349455	-	HFCAGB_04008	1	shell	1	1	0
BENMGJ_03121	contig_46	350469	351086	+	LNHIMF_03804	1	persistent	2	1	1
BENMGJ_03122	contig_46	351161	354028	+	PAPNPA_01001	1	persistent	2	0	0
BENMGJ_03123	contig_46	354123	354587	-	GEGEGB_03975	1	persistent	3	0	1
BENMGJ_03124	contig_46	354598	355455	-	BEJGEH_03812	1	persistent	2	0	0
BENMGJ_03125	contig_46	356239	356919	+	GEGEGB_03971	2	persistent	5	2	3
BENMGJ_03126	contig_46	357148	357627	-	LNHIMF_03809	1	persistent	2	0	0
BENMGJ_03127	contig_46	357729	357815	-	GEGEGB_03969	1	persistent	2	0	0
BENMGJ_03128	contig_46	357828	357920	-	GEGEGB_03968	1	persistent	2	0	0
BENMGJ_03129	contig_46	357942	360668	-	LNHIMF_03812	1	persistent	2	0	1
BENMGJ_03130	contig_46	360888	361571	-	GEGEGB_03966	1	persistent	2	0	1
BENMGJ_03131	contig_46	362092	362994	+	GEGEGB_03965	1	persistent	2	0	0
BENMGJ_03132	contig_46	363037	363978	-	BEJGEH_03820	1	persistent	2	0	0
BENMGJ_03133	contig_46	364214	364957	-	LNHIMF_03816	1	persistent	2	0	0
BENMGJ_03134	contig_46	364944	366053	-	GEGEGB_03962	1	persistent	2	0	0
BENMGJ_03135	contig_46	366057	366914	-	GEGEGB_03961	1	persistent	2	0	0
BENMGJ_03136	contig_46	366914	367663	-	GEGEGB_03960	1	persistent	2	0	0
BENMGJ_03137	contig_46	367809	368294	-	GEGEGB_03959	1	persistent	2	0	0
BENMGJ_03138	contig_46	368305	368730	-	GEGEGB_03958	1	persistent	2	0	0
BENMGJ_03139	contig_46	368949	371747	-	BEJGEH_03827	1	persistent	2	0	0
BENMGJ_03140	contig_46	371944	372237	+	GEGEGB_03956	1	persistent	2	0	0
BENMGJ_03141	contig_46	372343	373725	+	LNHIMF_03824	1	persistent	2	0	0
BENMGJ_03142	contig_46	373785	374978	-	GEGEGB_03954	1	persistent	3	0	2
BENMGJ_03143	contig_46	375194	375553	+	LNHIMF_03827	1	persistent	2	0	1
BENMGJ_03144	contig_46	375537	375860	+	GEGEGB_03952	1	persistent	4	0	2
BENMGJ_03145	contig_46	375951	376220	-	GEGEGB_03951	1	persistent	2	0	2
BENMGJ_03146	contig_46	376230	377090	-	LNHIMF_03832	1	persistent	2	0	0
BENMGJ_03147	contig_46	377153	378637	-	LNHIMF_03833	1	persistent	2	0	0
BENMGJ_03148	contig_46	378630	379988	-	GEGEGB_03947	1	persistent	2	0	0
BENMGJ_03149	contig_46	380064	380351	-	GEGEGB_03946	1	persistent	2	0	0
BENMGJ_03150	contig_46	380348	380821	-	BEJGEH_03838	1	persistent	2	0	0
BENMGJ_03151	contig_46	380839	381582	-	GEGEGB_03944	1	persistent	2	0	0
BENMGJ_03152	contig_46	381935	382387	-	GEGEGB_03943	1	persistent	3	0	0
BENMGJ_03153	contig_46	382580	383971	-	LNHIMF_03839	1	persistent	2	0	0
BENMGJ_03154	contig_46	384114	385442	-	LNHIMF_03840	1	persistent	2	0	0
BENMGJ_03155	contig_46	385452	386954	-	GEGEGB_03940	1	persistent	2	0	0
BENMGJ_03156	contig_46	386954	387544	-	LNHIMF_03842	1	persistent	2	0	0
BENMGJ_03157	contig_46	387619	388632	-	GEGEGB_03938	1	persistent	2	0	0
BENMGJ_03158	contig_46	388644	389960	-	GEGEGB_03937	1	persistent	2	0	0
BENMGJ_03159	contig_46	389991	390911	-	GEGEGB_03936	1	persistent	2	0	0
BENMGJ_03160	contig_46	391236	392021	+	GEGEGB_03935	1	persistent	2	0	0
BENMGJ_03161	contig_46	392023	392313	-	GEGEGB_03934	1	persistent	2	0	0
BENMGJ_03162	contig_46	392317	394005	-	LNHIMF_03848	1	persistent	2	0	0
BENMGJ_03163	contig_46	394112	394210	-	GEGEGB_03932	1	persistent	2	0	0
BENMGJ_03165	contig_46	394844	394933	+	GEGEGB_03930	1	persistent	2	0	0
BENMGJ_03166	contig_46	395053	395886	+	LNHIMF_03852	1	persistent	2	0	0
BENMGJ_03167	contig_46	396089	397273	+	GEGEGB_03927	1	persistent	2	0	0
BENMGJ_03168	contig_46	397200	398261	-	LNHIMF_03854	1	persistent	2	0	0
BENMGJ_03169	contig_46	398349	399272	-	LNHIMF_03855	1	persistent	2	0	0
BENMGJ_03170	contig_46	399498	400835	+	LNHIMF_03856	1	persistent	2	0	0
BENMGJ_03171	contig_46	400853	402175	+	LNHIMF_03857	1	persistent	2	0	0
BENMGJ_03172	contig_46	402257	402787	-	GEGEGB_03922	1	persistent	2	0	0
BENMGJ_03173	contig_46	402784	403146	-	LNHIMF_03859	1	persistent	3	0	0
BENMGJ_03174	contig_46	403136	403483	-	LNHIMF_03860	1	persistent	2	0	1
BENMGJ_03175	contig_46	403503	403637	-	IKCLMC_02582	1	cloud	2	0	0
BENMGJ_03176	contig_46	403927	405588	-	GEGEGB_03919	1	persistent	3	0	1
BENMGJ_03177	contig_46	405777	406205	-	LNHIMF_03862	1	persistent	2	0	0
BENMGJ_03178	contig_46	406314	406727	-	GEGEGB_03917	1	persistent	2	0	0
BENMGJ_03179	contig_46	407079	407369	+	GEGEGB_03916	1	persistent	2	0	0
BENMGJ_03180	contig_46	407371	408597	-	LNHIMF_03865	1	persistent	2	0	0
BENMGJ_03181	contig_46	408719	409762	-	GEGEGB_00664	2	persistent	3	0	0
BENMGJ_03182	contig_46	409759	410316	-	GEGEGB_00663	3	persistent	2	0	1
BENMGJ_03183	contig_46	410313	412244	-	GEGEGB_00662	3	persistent	2	0	0
BENMGJ_03184	contig_46	412241	412720	-	HFCAGB_02510	3	persistent	2	0	0
BENMGJ_03185	contig_46	412717	412890	-	AJBGEP_02420	3	persistent	2	0	0
BENMGJ_03186	contig_46	412926	413672	-	GEGEGB_00659	3	persistent	2	0	0
BENMGJ_03187	contig_46	413715	414371	-	GEGEGB_00658	3	persistent	2	0	0
BENMGJ_03188	contig_46	414371	414997	-	GEGEGB_03907	3	persistent	3	0	0
BENMGJ_03189	contig_46	414994	416394	-	GEGEGB_03906	1	persistent	2	0	0
BENMGJ_03190	contig_46	416584	417216	-	GEGEGB_03905	1	persistent	2	0	0
BENMGJ_03191	contig_46	417209	419761	-	LNHIMF_03876	1	persistent	2	0	0
BENMGJ_03192	contig_46	419751	420935	-	LNHIMF_03877	1	persistent	2	0	0
BENMGJ_03193	contig_46	421029	421757	+	LNHIMF_03878	1	persistent	2	0	0
BENMGJ_03194	contig_46	421730	422770	-	GEGEGB_03900	1	persistent	2	0	0
BENMGJ_03195	contig_46	422850	425585	+	GEGEGB_03899	1	persistent	1	1	1
BENMGJ_03196	contig_46	425611	426903	-	HFCAGB_04079	1	shell	1	1	0
BENMGJ_03197	contig_46	427033	428181	-	HFCAGB_04080	1	shell	0	2	0
BENMGJ_03198	contig_46	428178	428795	-	HFCAGB_04081	1	shell	0	2	0
BENMGJ_03199	contig_46	428779	429657	-	HFCAGB_04082	1	shell	0	2	0
BENMGJ_03200	contig_46	429654	430343	-	HFCAGB_04083	1	shell	1	1	0
BENMGJ_03201	contig_46	430604	431449	-	HFCAGB_04084	1	persistent	1	1	3
BENMGJ_03202	contig_46	431756	433018	+	GEGEGB_03894	1	persistent	2	0	1
BENMGJ_03203	contig_46	433035	434225	+	LNHIMF_03887	1	persistent	2	0	0
BENMGJ_03204	contig_46	434340	435236	+	HFCAGB_04087	1	persistent	2	0	0
BENMGJ_03205	contig_46	435255	437669	-	GEGEGB_03891	1	persistent	2	0	1
BENMGJ_03206	contig_46	437698	438771	-	GEGEGB_03890	1	persistent	2	0	0
BENMGJ_03207	contig_46	438919	440019	-	GEGEGB_03889	1	persistent	2	0	0
BENMGJ_03208	contig_46	440024	441424	-	GEGEGB_03887	1	persistent	2	0	0
BENMGJ_03210	contig_46	442278	442475	-	GEGEGB_03886	1	persistent	2	0	0
BENMGJ_03211	contig_46	442825	444471	+	LNHIMF_03895	1	persistent	2	0	0
BENMGJ_03212	contig_46	444573	445976	+	BEJGEH_03895	1	persistent	2	0	2
BENMGJ_03213	contig_46	446159	447346	+	LNHIMF_03897	1	persistent	2	0	4
BENMGJ_03214	contig_46	447315	448274	+	LNHIMF_03898	1	persistent	2	0	0
BENMGJ_03215	contig_46	448432	449187	+	GEGEGB_03881	1	persistent	2	0	0
BENMGJ_03216	contig_46	449205	449771	+	HFCAGB_04099	1	persistent	2	0	1
BENMGJ_03217	contig_46	449816	451153	-	LNHIMF_03901	1	persistent	2	0	2
BENMGJ_03218	contig_46	451322	451987	+	LNHIMF_03902	1	persistent	2	0	1
BENMGJ_03219	contig_46	452082	452807	-	GEGEGB_03877	1	persistent	2	0	0
BENMGJ_03220	contig_46	452822	453595	-	GEGEGB_03876	1	persistent	2	0	0
BENMGJ_03221	contig_46	453682	454572	-	LNHIMF_03905	1	persistent	2	0	0
BENMGJ_03222	contig_46	454572	455531	-	GEGEGB_03874	1	persistent	2	0	0
BENMGJ_03223	contig_47	191	547	+	GEGEGB_01290	1	persistent	2	0	0
BENMGJ_03224	contig_47	668	712	+	GEGEGB_01291	1	persistent	2	0	0
BENMGJ_03225	contig_47	849	1832	+	GEGEGB_01292	1	persistent	2	0	0
BENMGJ_03226	contig_47	1848	4235	+	LNHIMF_01387	1	persistent	2	0	0
BENMGJ_03227	contig_47	4240	4539	+	GEGEGB_01294	1	persistent	2	0	0
BENMGJ_03229	contig_47	4742	5722	+	LNHIMF_01390	1	persistent	2	0	0
BENMGJ_03230	contig_47	5814	6365	+	GEGEGB_01297	1	persistent	2	0	0
BENMGJ_03231	contig_47	6365	7114	+	GEGEGB_01298	1	persistent	2	0	0
BENMGJ_03232	contig_47	7191	7655	+	LNHIMF_01393	1	persistent	2	0	0
BENMGJ_03233	contig_47	7969	8682	+	IKCLMC_04832	1	persistent	2	0	0
BENMGJ_03234	contig_47	8744	10186	+	GEGEGB_01301	1	persistent	2	0	0
BENMGJ_03235	contig_47	10221	10412	-	GEGEGB_01302	1	persistent	2	0	0
BENMGJ_03236	contig_47	10569	11615	-	LNHIMF_01397	1	persistent	2	0	0
BENMGJ_03237	contig_47	11771	12604	-	GEGEGB_01304	1	persistent	2	0	0
BENMGJ_03238	contig_47	12941	15319	+	GEGEGB_01305	1	persistent	2	0	1
BENMGJ_03239	contig_47	15361	17001	-	LNHIMF_01400	1	persistent	2	0	0
BENMGJ_03240	contig_47	17091	17384	-	BEJGEH_01736	1	persistent	2	0	0
BENMGJ_03241	contig_47	17381	18667	-	BEJGEH_01735	1	persistent	2	0	0
BENMGJ_03242	contig_47	18724	19659	-	BEJGEH_01734	1	persistent	2	0	0
BENMGJ_03243	contig_47	19681	20445	-	LNHIMF_01404	1	persistent	2	0	0
BENMGJ_03244	contig_47	20908	21798	+	LNHIMF_01405	1	persistent	2	0	0
BENMGJ_03245	contig_47	21874	23025	-	LNHIMF_01406	1	persistent	2	0	0
BENMGJ_03246	contig_47	23039	24634	-	LNHIMF_01407	1	persistent	2	0	0
BENMGJ_03247	contig_47	24788	25546	-	LNHIMF_01408	1	persistent	2	0	0
BENMGJ_03248	contig_47	25591	26457	-	LNHIMF_01409	1	persistent	2	0	0
BENMGJ_03249	contig_47	26524	27759	-	LNHIMF_01410	1	persistent	2	0	0
BENMGJ_03250	contig_47	28272	29483	-	HFCAGB_01923	1	persistent	2	0	0
BENMGJ_03251	contig_47	29624	29983	-	LNHIMF_01412	1	persistent	2	0	0
BENMGJ_03253	contig_47	30372	31559	-	LNHIMF_01414	1	persistent	2	0	1
BENMGJ_03254	contig_47	31824	34880	+	LNHIMF_01415	1	persistent	2	0	0
BENMGJ_03255	contig_47	34877	35287	+	GEGEGB_01310	1	persistent	2	0	0
BENMGJ_03256	contig_47	35386	35574	+	LNHIMF_01417	1	persistent	2	0	0
BENMGJ_03258	contig_47	35862	37208	-	LNHIMF_01419	1	persistent	2	0	0
BENMGJ_03259	contig_47	37635	38003	+	GEGEGB_01314	1	persistent	2	0	0
BENMGJ_03260	contig_47	38012	39499	+	LNHIMF_01421	1	persistent	2	0	0
BENMGJ_03261	contig_47	39516	40262	+	LNHIMF_01422	1	persistent	2	0	0
BENMGJ_03262	contig_47	40237	41508	+	LNHIMF_01423	1	persistent	2	0	0
BENMGJ_03263	contig_47	41505	42725	+	GEGEGB_01318	1	persistent	2	0	0
BENMGJ_03264	contig_47	42738	43154	+	GEGEGB_01319	1	persistent	2	0	1
BENMGJ_03265	contig_47	43309	44310	+	LNHIMF_01426	1	persistent	2	0	3
BENMGJ_03266	contig_47	44377	44616	-	GEGEGB_01322	2	persistent	3	0	2
BENMGJ_03267	contig_47	44697	44936	-	GEGEGB_01322	2	persistent	3	0	2
BENMGJ_03268	contig_47	45247	46659	-	GEGEGB_01324	1	persistent	2	0	0
BENMGJ_03269	contig_47	47061	48404	-	LNHIMF_01430	1	persistent	2	0	1
BENMGJ_03270	contig_47	48426	49319	-	BEJGEH_01706	1	persistent	2	0	0
BENMGJ_03271	contig_47	49378	50115	-	LNHIMF_01432	1	persistent	2	0	1
BENMGJ_03272	contig_47	50127	51353	-	BEJGEH_01704	1	persistent	2	0	0
BENMGJ_03273	contig_47	51676	54738	-	GEGEGB_01330	1	persistent	2	0	0
BENMGJ_03274	contig_47	54731	55753	-	LNHIMF_01435	1	persistent	2	0	0
BENMGJ_03275	contig_47	55754	56488	-	GEGEGB_01332	1	persistent	2	0	0
BENMGJ_03276	contig_47	56670	58448	+	GEGEGB_01333	1	persistent	2	0	0
BENMGJ_03277	contig_47	58423	59043	+	GEGEGB_01334	1	persistent	2	0	0
BENMGJ_03278	contig_47	59141	59353	+	GEGEGB_01335	1	persistent	2	0	0
BENMGJ_03279	contig_47	59449	60408	-	GEGEGB_01336	1	persistent	2	0	0
BENMGJ_03280	contig_47	60581	61309	-	GEGEGB_01337	1	persistent	2	0	0
BENMGJ_03281	contig_47	61488	62126	-	GEGEGB_01338	1	persistent	2	0	0
BENMGJ_03282	contig_47	62157	64919	-	LNHIMF_01443	1	persistent	2	0	0
BENMGJ_03283	contig_47	65338	65721	+	GEGEGB_01340	1	persistent	2	0	0
BENMGJ_03284	contig_47	65723	67216	+	LNHIMF_01445	1	persistent	2	0	0
BENMGJ_03285	contig_47	67197	68408	+	GEGEGB_01342	1	persistent	2	0	0
BENMGJ_03286	contig_47	68416	68658	+	GEGEGB_01343	1	persistent	2	0	0
BENMGJ_03287	contig_47	68925	69248	+	GEGEGB_01344	1	persistent	2	0	0
BENMGJ_03288	contig_47	69255	69845	+	GEGEGB_01345	1	persistent	2	0	0
BENMGJ_03289	contig_47	69842	70315	+	LNHIMF_01450	1	persistent	2	0	0
BENMGJ_03290	contig_47	70318	71772	+	LNHIMF_01451	1	persistent	2	0	0
BENMGJ_03291	contig_47	71788	72375	+	GEGEGB_01348	1	persistent	2	0	0
BENMGJ_03292	contig_47	72378	72794	+	GEGEGB_01349	1	persistent	2	0	0
BENMGJ_03293	contig_47	72852	73280	+	LNHIMF_01454	1	persistent	2	0	0
BENMGJ_03294	contig_47	73296	74078	+	HFCAGB_01878	1	persistent	2	0	0
BENMGJ_03295	contig_47	74075	74764	+	LNHIMF_01456	1	persistent	2	0	0
BENMGJ_03296	contig_47	74858	75073	+	GEGEGB_01353	1	persistent	2	0	0
BENMGJ_03297	contig_47	75051	75341	+	GEGEGB_01354	1	persistent	2	0	0
BENMGJ_03298	contig_47	75338	75601	+	LNHIMF_01459	1	persistent	2	0	0
BENMGJ_03299	contig_47	75598	76347	+	BEJGEH_01677	1	persistent	2	0	0
BENMGJ_03300	contig_47	76662	76913	+	GEGEGB_01357	1	persistent	2	0	0
BENMGJ_03301	contig_47	76910	77584	+	GEGEGB_01358	1	persistent	2	0	0
BENMGJ_03302	contig_47	77574	78566	+	LNHIMF_01463	1	persistent	2	0	0
BENMGJ_03303	contig_47	78624	78992	+	LNHIMF_01464	1	persistent	2	0	0
BENMGJ_03304	contig_47	78977	81022	+	LNHIMF_01465	1	persistent	2	0	1
BENMGJ_03305	contig_47	81012	82313	+	GEGEGB_01362	1	persistent	2	0	1
BENMGJ_03306	contig_47	82262	82693	+	LNHIMF_01467	1	persistent	2	0	0
BENMGJ_03307	contig_47	82674	83048	+	GEGEGB_01364	1	persistent	2	0	0
BENMGJ_03308	contig_47	83029	83997	+	LNHIMF_01469	1	persistent	2	0	0
BENMGJ_03309	contig_47	84065	84712	+	LNHIMF_01470	1	persistent	2	0	0
BENMGJ_03310	contig_47	84709	84975	+	GEGEGB_01367	1	persistent	2	0	0
BENMGJ_03311	contig_47	84976	85755	+	GEGEGB_01368	1	persistent	2	0	0
BENMGJ_03312	contig_47	85752	86810	+	GEGEGB_01369	1	persistent	2	0	0
BENMGJ_03315	contig_47	87283	88656	-	GEGEGB_01372	1	persistent	2	0	0
BENMGJ_03316	contig_47	88873	89514	+	GEGEGB_01373	1	persistent	2	0	0
BENMGJ_03317	contig_47	89556	90704	-	GEGEGB_01374	1	persistent	2	0	0
BENMGJ_03318	contig_47	90994	92199	-	LNHIMF_01479	1	persistent	2	0	0
BENMGJ_03319	contig_47	92312	93244	+	GEGEGB_01376	1	persistent	2	0	0
BENMGJ_03320	contig_47	93241	94266	-	GEGEGB_01377	1	persistent	2	0	0
BENMGJ_03322	contig_47	94562	94651	+	GEGEGB_01379	1	persistent	2	0	0
BENMGJ_03323	contig_47	94734	95315	-	GEGEGB_01380	1	persistent	2	0	0
BENMGJ_03324	contig_47	95442	96263	-	GEGEGB_01381	1	persistent	2	0	0
BENMGJ_03325	contig_47	96598	96945	+	GEGEGB_01382	1	persistent	2	0	0
BENMGJ_03326	contig_47	97023	97670	-	GEGEGB_01383	1	persistent	2	0	0
BENMGJ_03327	contig_47	97771	98178	-	GEGEGB_01384	1	persistent	2	0	0
BENMGJ_03328	contig_47	98247	99344	-	GEGEGB_01385	1	persistent	3	0	0
BENMGJ_03329	contig_47	99403	100002	-	GEGEGB_01386	1	persistent	3	0	0
BENMGJ_03330	contig_47	100105	100344	+	LNHIMF_01491	1	persistent	3	0	0
BENMGJ_03331	contig_47	100395	101291	+	GEGEGB_01387	1	persistent	3	0	0
BENMGJ_03332	contig_47	101371	101892	+	GEGEGB_01388	1	persistent	2	0	0
BENMGJ_03333	contig_47	101868	103907	-	LNHIMF_01494	1	persistent	2	0	0
BENMGJ_03334	contig_47	103907	104767	-	GEGEGB_01390	1	persistent	2	0	0
BENMGJ_03335	contig_47	104770	105006	-	GEGEGB_01391	1	persistent	2	0	0
BENMGJ_03336	contig_47	105207	105641	+	GEGEGB_01392	1	persistent	2	0	0
BENMGJ_03337	contig_47	105688	106155	-	GEGEGB_01393	1	persistent	2	0	0
BENMGJ_03338	contig_47	106427	107548	+	GEGEGB_01394	1	persistent	2	0	0
BENMGJ_03339	contig_47	107603	107965	+	LNHIMF_01500	1	persistent	2	0	0
BENMGJ_03340	contig_47	108024	108680	+	GEGEGB_01396	1	persistent	2	0	0
BENMGJ_03341	contig_47	108807	110081	+	GEGEGB_01397	1	persistent	2	0	0
BENMGJ_03342	contig_47	110141	111001	+	LNHIMF_01503	1	persistent	2	0	0
BENMGJ_03343	contig_47	111060	111665	-	LNHIMF_01504	1	persistent	2	0	0
BENMGJ_03344	contig_47	111770	113275	-	BEJGEH_01633	1	persistent	2	0	0
BENMGJ_03345	contig_47	113877	114512	-	LNHIMF_01506	1	persistent	2	0	0
BENMGJ_03346	contig_47	114512	115204	-	GEGEGB_01402	1	persistent	2	0	0
BENMGJ_03347	contig_47	115207	115827	-	GEGEGB_01403	1	persistent	2	0	0
BENMGJ_03348	contig_47	115831	116889	-	GEGEGB_01404	1	persistent	2	0	0
BENMGJ_03349	contig_47	116890	119097	-	BEJGEH_01628	1	persistent	2	0	0
BENMGJ_03350	contig_47	119090	119668	-	GEGEGB_01406	1	persistent	2	0	0
BENMGJ_03351	contig_47	119668	120249	-	GEGEGB_01407	1	persistent	2	0	0
BENMGJ_03352	contig_47	120326	120766	-	GEGEGB_01408	1	persistent	2	0	0
BENMGJ_03353	contig_47	120855	121070	-	GEGEGB_01409	1	persistent	2	0	0
BENMGJ_03354	contig_47	121702	122742	+	GEGEGB_01410	1	persistent	2	0	0
BENMGJ_03355	contig_47	122816	123817	-	GEGEGB_01411	1	persistent	2	0	2
BENMGJ_03356	contig_47	124524	126032	-	GEGEGB_01413	1	persistent	2	0	2
BENMGJ_03357	contig_47	126135	127310	-	GEGEGB_01414	1	persistent	2	0	0
BENMGJ_03358	contig_47	127510	129156	+	GEGEGB_01415	2	persistent	4	0	0
BENMGJ_03359	contig_47	129324	130727	+	LNHIMF_01523	1	persistent	2	0	0
BENMGJ_03360	contig_47	130724	131653	-	LNHIMF_01524	1	persistent	2	0	1
BENMGJ_03361	contig_47	131729	133030	-	LNHIMF_01525	1	persistent	2	0	1
BENMGJ_03362	contig_47	133141	134841	-	LNHIMF_01526	1	persistent	2	0	0
BENMGJ_03363	contig_47	135000	136151	-	LNHIMF_01527	1	persistent	2	0	0
BENMGJ_03364	contig_47	136631	137362	-	LNHIMF_01528	1	persistent	2	0	0
BENMGJ_03365	contig_47	137489	137824	+	GEGEGB_01422	1	persistent	2	0	0
BENMGJ_03366	contig_47	137886	139268	-	GEGEGB_01423	1	persistent	2	0	2
BENMGJ_03367	contig_47	139567	140511	-	LNHIMF_01531	1	persistent	2	0	2
BENMGJ_03368	contig_47	141038	142567	+	GEGEGB_01474	1	persistent	2	0	0
BENMGJ_03369	contig_47	142578	143966	+	GEGEGB_01475	1	persistent	2	0	0
BENMGJ_03370	contig_47	144141	145175	-	GEGEGB_01476	1	persistent	2	0	0
BENMGJ_03371	contig_47	145593	145955	+	GEGEGB_01477	1	persistent	2	0	0
BENMGJ_03372	contig_47	145942	146271	+	GEGEGB_01478	1	persistent	2	0	0
BENMGJ_03373	contig_47	146306	147127	-	GEGEGB_01479	1	persistent	2	0	0
BENMGJ_03374	contig_47	147396	147647	-	GEGEGB_01480	1	persistent	2	0	1
BENMGJ_03375	contig_47	148042	149295	-	GEGEGB_01485	1	persistent	2	1	0
BENMGJ_03376	contig_47	149415	150314	+	LNHIMF_01540	1	persistent	2	0	0
BENMGJ_03377	contig_47	150442	151662	+	LNHIMF_01541	1	persistent	2	0	0
BENMGJ_03378	contig_47	151788	152483	+	LNHIMF_01542	1	persistent	2	0	0
BENMGJ_03379	contig_47	152439	153692	-	LNHIMF_01543	1	persistent	2	0	0
BENMGJ_03380	contig_47	153864	155012	-	GEGEGB_01490	1	persistent	2	0	0
BENMGJ_03381	contig_47	155012	155659	-	GEGEGB_01491	1	persistent	2	0	0
BENMGJ_03382	contig_47	155669	156571	-	GEGEGB_01492	1	persistent	2	0	0
BENMGJ_03383	contig_47	156600	157310	-	GEGEGB_01493	1	persistent	2	0	0
BENMGJ_03384	contig_47	157615	158229	-	LNHIMF_01548	1	persistent	2	0	0
BENMGJ_03385	contig_47	158272	159129	-	LNHIMF_01549	1	persistent	2	0	0
BENMGJ_03386	contig_47	159131	159748	-	GEGEGB_01496	2	persistent	4	0	0
BENMGJ_03387	contig_47	159759	162194	-	AJBGEP_01578	1	persistent	2	0	0
BENMGJ_03388	contig_47	162293	164731	-	LNHIMF_01552	1	persistent	2	0	1
BENMGJ_03389	contig_47	164888	165193	-	LNHIMF_01553	1	persistent	2	0	0
BENMGJ_03390	contig_47	165333	166010	+	OEKLIE_00834	1	persistent	2	0	1
BENMGJ_03391	contig_47	166051	166611	-	LNHIMF_01555	1	persistent	2	0	0
BENMGJ_03392	contig_47	166647	166988	-	GEGEGB_01502	1	persistent	2	0	0
BENMGJ_03393	contig_47	167132	167467	+	LNHIMF_01557	1	persistent	2	0	0
BENMGJ_03394	contig_47	167589	168803	+	LNHIMF_01558	1	persistent	2	0	0
BENMGJ_03395	contig_47	168814	169833	+	GEGEGB_01505	1	persistent	2	0	1
BENMGJ_03396	contig_47	169887	171266	+	GEGEGB_01506	1	persistent	2	0	1
BENMGJ_03397	contig_47	171410	172876	+	BEJGEH_01578	1	persistent	2	0	0
BENMGJ_03398	contig_47	172943	173146	-	GEGEGB_01509	1	persistent	2	0	0
BENMGJ_03399	contig_47	173327	174013	-	GEGEGB_01510	1	persistent	2	0	0
BENMGJ_03400	contig_47	174143	174889	-	GEGEGB_01511	1	persistent	2	0	0
BENMGJ_03401	contig_47	175028	177070	+	LNHIMF_01565	1	persistent	3	0	0
BENMGJ_03402	contig_47	177709	178236	-	LNHIMF_01567	1	persistent	3	0	0
BENMGJ_03403	contig_47	178663	179055	+	LNHIMF_01568	1	persistent	2	0	0
BENMGJ_03405	contig_47	179403	179498	-	GEGEGB_01517	1	persistent	2	0	0
BENMGJ_03406	contig_47	179746	180933	-	LNHIMF_01571	1	persistent	2	0	0
BENMGJ_03407	contig_47	181164	182063	+	GEGEGB_01519	1	persistent	2	0	0
BENMGJ_03408	contig_47	182182	182391	-	GEGEGB_01520	1	persistent	2	0	0
BENMGJ_03409	contig_47	182426	182809	-	GEGEGB_01521	1	persistent	2	0	0
BENMGJ_03410	contig_47	182829	183263	-	GEGEGB_01522	1	persistent	2	0	0
BENMGJ_03411	contig_47	183522	184187	+	GEGEGB_01523	1	persistent	2	0	0
BENMGJ_03412	contig_47	184234	185424	-	GEGEGB_01524	1	persistent	2	0	0
BENMGJ_03413	contig_47	185540	186412	-	LNHIMF_01578	1	persistent	2	0	0
BENMGJ_03414	contig_47	186515	187903	+	LNHIMF_01579	1	persistent	2	0	0
BENMGJ_03415	contig_47	187976	188902	+	LNHIMF_01580	1	persistent	2	0	0
BENMGJ_03416	contig_47	188902	189261	+	BEJGEH_01558	1	persistent	2	0	0
BENMGJ_03417	contig_47	189485	190432	+	GEGEGB_01529	1	persistent	2	0	0
BENMGJ_03418	contig_47	190488	191015	-	LNHIMF_01583	1	persistent	2	0	0
BENMGJ_03420	contig_47	191747	192865	+	LNHIMF_01585	1	persistent	3	0	0
BENMGJ_03421	contig_47	192995	193336	-	LNHIMF_01586	1	persistent	2	0	0
BENMGJ_03422	contig_47	193349	194236	-	BEJGEH_01552	1	persistent	3	0	0
BENMGJ_03423	contig_47	194224	195285	-	LNHIMF_01588	1	persistent	2	0	0
BENMGJ_03424	contig_47	195303	195713	-	GEGEGB_01535	1	persistent	2	0	0
BENMGJ_03425	contig_47	195710	196009	-	LNHIMF_01590	1	persistent	2	0	0
BENMGJ_03426	contig_47	196009	196617	-	GEGEGB_01537	1	persistent	2	0	0
BENMGJ_03427	contig_47	196623	197297	-	GEGEGB_01538	1	persistent	2	0	0
BENMGJ_03428	contig_47	197317	199119	-	LNHIMF_01593	1	persistent	2	0	0
BENMGJ_03429	contig_47	199122	200225	-	LNHIMF_01594	1	persistent	2	0	1
BENMGJ_03430	contig_47	200656	201744	+	GEGEGB_01542	1	persistent	2	0	1
BENMGJ_03431	contig_47	201910	202581	+	GEGEGB_01543	1	persistent	2	0	0
BENMGJ_03432	contig_47	202640	203665	-	GEGEGB_01544	1	persistent	2	0	0
BENMGJ_03433	contig_47	203640	204926	-	LNHIMF_01598	1	persistent	2	0	0
BENMGJ_03434	contig_47	205103	206593	-	BEJGEH_01540	1	persistent	2	0	1
BENMGJ_03435	contig_47	206729	207970	-	LNHIMF_01600	1	persistent	2	0	0
BENMGJ_03436	contig_47	207960	209468	-	BEJGEH_01538	1	persistent	2	0	0
BENMGJ_03437	contig_47	209513	210001	+	LNHIMF_01602	1	persistent	2	0	0
BENMGJ_03438	contig_47	210193	211266	+	LNHIMF_01603	1	persistent	2	0	1
BENMGJ_03439	contig_47	211324	211713	-	BEJGEH_01535	1	persistent	2	0	0
BENMGJ_03440	contig_47	211884	212168	-	LNHIMF_01605	1	persistent	2	0	0
BENMGJ_03441	contig_47	212158	212406	-	LNHIMF_01606	1	persistent	2	0	2
BENMGJ_03442	contig_47	212763	213083	+	BEJGEH_01529	1	persistent	1	2	6
BENMGJ_03443	contig_47	213145	213495	+	AJBGEP_01637	1	shell	1	1	0
BENMGJ_03445	contig_47	214481	214897	-	AJBGEP_01638	1	shell	1	1	4
BENMGJ_03446	contig_47	214990	215199	+	BENMGJ_03446	1	cloud	0	1	1
BENMGJ_03448	contig_47	215708	216616	+	BEJGEH_01526	1	cloud	0	0	5
BENMGJ_03449	contig_47	216790	217770	+	BEJGEH_01525	1	cloud	1	2	2
BENMGJ_03451	contig_47	219121	220101	+	LNHIMF_01615	1	persistent	1	1	3
BENMGJ_03452	contig_47	220245	221696	+	LNHIMF_01616	1	persistent	2	1	0
BENMGJ_03453	contig_47	221709	222911	+	PAPNPA_03909	1	persistent	2	0	0
BENMGJ_03454	contig_47	223024	225099	-	HFCAGB_01727	1	persistent	2	0	0
BENMGJ_03455	contig_47	225156	227684	-	LNHIMF_01619	1	persistent	2	0	0
BENMGJ_03456	contig_47	227681	229465	-	LNHIMF_01620	1	persistent	2	0	0
BENMGJ_03457	contig_47	229594	230379	-	LNHIMF_01621	1	persistent	2	0	0
BENMGJ_03458	contig_47	230522	230851	-	GEGEGB_01561	1	persistent	2	0	1
BENMGJ_03459	contig_47	231201	231632	-	GEGEGB_01564	1	persistent	2	0	1
BENMGJ_03460	contig_47	232144	232359	+	GEGEGB_01565	1	persistent	2	0	0
BENMGJ_03461	contig_47	232454	232597	+	GEGEGB_01566	1	persistent	2	0	0
BENMGJ_03462	contig_47	232774	234471	+	GEGEGB_01567	1	persistent	2	0	0
BENMGJ_03463	contig_47	234757	235767	+	GEGEGB_01568	1	persistent	3	0	0
BENMGJ_03464	contig_47	235858	236514	-	LNHIMF_01630	1	persistent	2	0	0
BENMGJ_03465	contig_47	236507	237391	-	LNHIMF_01631	1	persistent	2	0	0
BENMGJ_03466	contig_47	237405	240452	-	LNHIMF_01632	1	persistent	4	0	0
BENMGJ_03467	contig_47	240730	241611	+	BEJGEH_01507	1	persistent	2	0	1
BENMGJ_03468	contig_47	242134	243222	+	BEJGEH_01503	1	persistent	2	0	1
BENMGJ_03469	contig_47	243306	243746	+	LNHIMF_01635	1	persistent	3	0	0
BENMGJ_03470	contig_47	243771	245258	-	LNHIMF_01636	1	persistent	2	0	0
BENMGJ_03471	contig_47	245376	245954	+	AJBGEP_01662	1	persistent	2	0	0
BENMGJ_03472	contig_47	246168	247556	+	LNHIMF_01638	1	persistent	2	0	0
BENMGJ_03473	contig_47	247648	251388	+	BEJGEH_01498	1	persistent	2	0	0
BENMGJ_03474	contig_47	251385	252929	+	GEGEGB_01575	2	persistent	4	0	0
BENMGJ_03475	contig_47	252929	253624	+	BEJGEH_01496	1	persistent	3	0	0
BENMGJ_03476	contig_47	253621	254301	+	LNHIMF_01642	1	persistent	2	0	0
BENMGJ_03477	contig_47	254407	255300	+	GEGEGB_01577	1	persistent	3	0	0
BENMGJ_03478	contig_47	255336	256181	-	LNHIMF_01644	1	persistent	2	0	0
BENMGJ_03479	contig_47	256463	257095	-	LNHIMF_01645	1	persistent	2	0	0
BENMGJ_03480	contig_47	257608	259101	+	GEGEGB_01580	1	persistent	2	0	0
BENMGJ_03481	contig_47	259178	259399	-	GEGEGB_01581	1	persistent	2	0	0
BENMGJ_03482	contig_47	259544	260605	-	GEGEGB_01582	1	persistent	2	0	0
BENMGJ_03483	contig_47	260824	262989	+	LNHIMF_01649	1	persistent	2	0	0
BENMGJ_03484	contig_47	263056	263721	-	GEGEGB_01584	1	persistent	2	0	0
BENMGJ_03485	contig_47	264055	265092	-	LNHIMF_01651	1	persistent	2	0	0
BENMGJ_03486	contig_47	265304	265819	+	LNHIMF_01652	1	persistent	2	0	0
BENMGJ_03487	contig_47	265819	266268	+	GEGEGB_01587	1	persistent	2	0	0
BENMGJ_03488	contig_47	266273	266506	-	LNHIMF_01654	1	persistent	2	0	0
BENMGJ_03489	contig_47	266730	268049	+	HFCAGB_01692	1	persistent	2	0	0
BENMGJ_03490	contig_47	268054	271035	+	GEGEGB_01590	1	persistent	2	0	0
BENMGJ_03491	contig_47	271032	273176	+	LNHIMF_01657	1	persistent	3	0	0
BENMGJ_03492	contig_47	273221	273394	-	BEJGEH_01479	1	persistent	2	0	0
BENMGJ_03493	contig_47	273793	275217	-	LNHIMF_01659	1	persistent	3	0	0
BENMGJ_03494	contig_47	275353	276777	-	LNHIMF_01660	1	persistent	2	0	0
BENMGJ_03495	contig_47	276913	277683	-	LNHIMF_01661	1	persistent	2	0	0
BENMGJ_03496	contig_47	278207	278605	-	GEGEGB_01595	1	persistent	1	1	2
BENMGJ_03497	contig_47	279302	279475	+	GEGEGB_01596	1	shell	1	1	0
BENMGJ_03498	contig_47	279697	280092	+	GEGEGB_01597	1	shell	1	1	0
BENMGJ_03499	contig_47	280366	280596	+	GEGEGB_01598	1	persistent	1	1	1
BENMGJ_03500	contig_47	280597	282561	-	LNHIMF_01665	1	persistent	2	0	0
BENMGJ_03501	contig_47	282640	283176	-	GEGEGB_01600	1	persistent	2	0	0
BENMGJ_03502	contig_47	283267	284445	+	LNHIMF_01667	1	persistent	2	0	0
BENMGJ_03503	contig_47	284499	285167	-	LNHIMF_01668	1	persistent	2	0	0
BENMGJ_03504	contig_47	285323	285919	-	LNHIMF_01669	1	persistent	2	0	0
BENMGJ_03505	contig_47	285906	286919	-	LNHIMF_01670	1	persistent	2	0	0
BENMGJ_03506	contig_47	287026	288006	+	LNHIMF_01671	1	persistent	2	0	0
BENMGJ_03507	contig_47	288003	288542	-	GEGEGB_01606	1	persistent	2	0	0
BENMGJ_03508	contig_47	288759	289877	+	LNHIMF_01673	1	persistent	2	0	0
BENMGJ_03509	contig_47	289874	290155	+	GEGEGB_01608	1	persistent	2	0	0
BENMGJ_03510	contig_47	290166	291479	+	GEGEGB_01609	1	persistent	2	0	0
BENMGJ_03511	contig_47	291493	292299	+	LNHIMF_01676	1	persistent	2	0	0
BENMGJ_03512	contig_47	292431	292868	+	GEGEGB_01611	1	persistent	2	0	0
BENMGJ_03513	contig_47	292880	293512	+	GEGEGB_01612	1	persistent	2	0	0
BENMGJ_03514	contig_47	293528	294319	+	GEGEGB_01613	1	persistent	2	0	0
BENMGJ_03515	contig_47	294319	294756	+	BEJGEH_01457	1	persistent	2	0	1
BENMGJ_03516	contig_47	294811	296016	-	HFCAGB_01665	1	persistent	2	0	0
BENMGJ_03517	contig_47	296025	296591	-	LNHIMF_01682	1	persistent	2	0	1
BENMGJ_03518	contig_47	296796	298415	-	GEGEGB_01617	1	persistent	2	0	0
BENMGJ_03519	contig_47	298671	300179	-	LNHIMF_01684	1	persistent	2	0	0
BENMGJ_03520	contig_47	300228	301571	-	LNHIMF_01685	1	persistent	3	0	0
BENMGJ_03521	contig_47	301873	302796	+	LNHIMF_01686	1	persistent	2	0	0
BENMGJ_03522	contig_47	302857	304482	-	LNHIMF_01687	1	persistent	2	0	0
BENMGJ_03523	contig_47	304651	305769	-	LNHIMF_01688	1	persistent	2	0	0
BENMGJ_03524	contig_47	305801	306076	-	LNHIMF_01689	1	persistent	3	0	0
BENMGJ_03525	contig_47	306839	306964	-	BEJGEH_01443	1	persistent	2	0	0
BENMGJ_03526	contig_47	307129	307845	-	LNHIMF_01690	1	persistent	3	0	0
BENMGJ_03527	contig_47	308271	309497	+	LNHIMF_01691	1	persistent	2	0	0
BENMGJ_03528	contig_47	309618	309962	-	LNHIMF_01692	1	persistent	3	0	0
BENMGJ_03529	contig_47	310869	311630	+	GEGEGB_01621	1	persistent	2	0	0
BENMGJ_03530	contig_47	311652	312284	+	ALJMDI_03455	1	persistent	2	0	0
BENMGJ_03531	contig_47	312309	313040	+	LNHIMF_01695	1	persistent	2	0	0
BENMGJ_03532	contig_47	313037	313717	+	GEGEGB_01624	1	persistent	2	0	0
BENMGJ_03533	contig_47	313854	315404	+	LNHIMF_01697	1	persistent	2	0	0
BENMGJ_03534	contig_47	315405	315500	-	GEGEGB_01626	1	persistent	2	0	0
BENMGJ_03535	contig_47	315868	316530	+	GEGEGB_01627	1	persistent	2	0	0
BENMGJ_03537	contig_47	316802	317332	-	LNHIMF_01701	1	persistent	2	0	0
BENMGJ_03538	contig_47	317449	318249	-	GEGEGB_01631	1	persistent	2	0	0
BENMGJ_03539	contig_47	318313	322233	-	LNHIMF_01703	1	persistent	2	0	0
BENMGJ_03540	contig_47	322416	323021	+	GEGEGB_01633	1	persistent	2	0	0
BENMGJ_03541	contig_47	323018	323467	-	GEGEGB_01634	1	persistent	2	0	0
BENMGJ_03542	contig_47	323610	323933	-	LNHIMF_01706	1	persistent	2	0	0
BENMGJ_03543	contig_47	323941	324132	-	GEGEGB_01636	1	persistent	2	0	0
BENMGJ_03544	contig_47	324132	326768	-	BEJGEH_01424	1	persistent	2	0	0
BENMGJ_03545	contig_47	327008	327997	+	GEGEGB_01639	1	persistent	2	0	0
BENMGJ_03546	contig_47	328108	328518	+	GEGEGB_01640	1	persistent	2	0	0
BENMGJ_03547	contig_47	328562	328828	-	GEGEGB_01641	1	persistent	2	0	0
BENMGJ_03548	contig_47	329104	332628	+	GEGEGB_01642	1	persistent	2	1	0
BENMGJ_03550	contig_47	333110	333544	+	GEGEGB_01647	1	persistent	2	0	1
BENMGJ_03551	contig_47	333594	333932	-	GEGEGB_01648	1	persistent	2	0	2
BENMGJ_03552	contig_47	334287	335222	+	GEGEGB_01650	1	persistent	2	0	2
BENMGJ_03553	contig_47	335266	336639	-	HFCAGB_01626	1	persistent	2	0	0
BENMGJ_03555	contig_47	337126	338109	-	LNHIMF_01720	1	persistent	2	0	0
BENMGJ_03556	contig_47	338255	339409	-	LNHIMF_01721	1	persistent	2	0	0
BENMGJ_03557	contig_47	339820	340383	-	LNHIMF_01722	1	persistent	2	0	0
BENMGJ_03558	contig_47	340641	341156	+	GEGEGB_01657	1	persistent	2	0	0
BENMGJ_03559	contig_47	341352	342104	+	LNHIMF_01724	1	persistent	2	0	0
BENMGJ_03560	contig_47	342255	343202	+	LNHIMF_01725	1	persistent	2	0	0
BENMGJ_03561	contig_47	343257	343511	-	GEGEGB_01660	1	persistent	2	0	0
BENMGJ_03562	contig_47	343750	344781	+	GEGEGB_01661	1	persistent	2	0	0
BENMGJ_03563	contig_47	344863	345465	-	GEGEGB_01662	1	persistent	2	0	0
BENMGJ_03564	contig_47	345509	346195	+	LNHIMF_01729	1	persistent	3	0	0
BENMGJ_03565	contig_47	346223	346561	+	GEGEGB_01664	1	persistent	2	0	0
BENMGJ_03566	contig_47	346668	347186	-	LNHIMF_01731	1	persistent	3	0	2
BENMGJ_03567	contig_47	347189	348025	-	BENMGJ_03567	1	cloud	2	0	0
BENMGJ_03568	contig_47	348052	350034	-	LNHIMF_01733	1	persistent	2	0	2
BENMGJ_03569	contig_47	350109	350954	-	LNHIMF_01734	1	persistent	2	0	0
BENMGJ_03570	contig_47	351254	352105	+	LNHIMF_01735	1	persistent	2	0	0
BENMGJ_03571	contig_47	352551	353606	+	BEJGEH_01396	1	persistent	2	0	0
BENMGJ_03572	contig_47	353820	354056	-	GEGEGB_01671	1	persistent	2	0	0
BENMGJ_03573	contig_47	354185	354775	-	GEGEGB_01672	1	persistent	2	0	0
BENMGJ_03574	contig_47	354853	355566	+	GEGEGB_01673	1	persistent	2	0	0
BENMGJ_03575	contig_47	355657	356493	-	ALJMDI_03500	1	persistent	2	0	0
BENMGJ_03576	contig_47	356803	357708	-	LNHIMF_01741	1	persistent	2	0	0
BENMGJ_03577	contig_47	357827	358756	+	LNHIMF_01742	1	persistent	2	0	0
BENMGJ_03578	contig_47	358853	360466	-	BEJGEH_01389	1	persistent	2	0	0
BENMGJ_03579	contig_47	360656	361384	+	GEGEGB_01678	1	persistent	2	0	0
BENMGJ_03580	contig_47	361359	362324	-	LNHIMF_01745	1	persistent	2	0	0
BENMGJ_03581	contig_47	362440	362946	+	LNHIMF_01746	1	persistent	2	1	1
BENMGJ_03582	contig_47	363036	364577	-	GEGEGB_01684	1	persistent	2	1	0
BENMGJ_03583	contig_47	364725	365786	-	LNHIMF_01748	1	persistent	2	0	0
BENMGJ_03584	contig_47	365783	367180	-	GEGEGB_01686	1	persistent	2	0	0
BENMGJ_03585	contig_47	367329	367643	-	GEGEGB_01687	1	persistent	2	0	1
BENMGJ_03586	contig_47	367719	367937	-	GEGEGB_01688	1	persistent	2	0	0
BENMGJ_03587	contig_47	367960	368319	-	LNHIMF_01752	1	persistent	2	0	1
BENMGJ_03588	contig_47	368319	368543	-	GEGEGB_01690	1	persistent	2	0	0
BENMGJ_03589	contig_47	368603	369271	-	GEGEGB_01691	1	persistent	2	0	0
BENMGJ_03590	contig_47	369442	370422	+	LNHIMF_01755	1	persistent	2	0	0
BENMGJ_03591	contig_47	370534	372183	+	LNHIMF_01756	1	persistent	2	0	0
BENMGJ_03592	contig_47	372180	373145	+	GEGEGB_01694	1	persistent	2	0	1
BENMGJ_03593	contig_47	373132	374022	+	GEGEGB_01699	1	persistent	2	0	2
BENMGJ_03594	contig_47	374022	375014	+	GEGEGB_01700	1	persistent	2	0	0
BENMGJ_03595	contig_47	375016	375822	+	LNHIMF_01764	1	persistent	2	0	0
BENMGJ_03596	contig_47	375838	376545	-	LNHIMF_01765	1	persistent	2	0	0
BENMGJ_03597	contig_47	377012	378385	-	HFCAGB_01582	1	persistent	2	0	0
BENMGJ_03598	contig_47	378990	379778	+	GEGEGB_01704	1	persistent	2	0	0
BENMGJ_03599	contig_47	379978	381111	+	BEJGEH_01368	1	persistent	2	0	0
BENMGJ_03600	contig_47	381200	383134	+	LNHIMF_01769	1	persistent	2	0	0
BENMGJ_03601	contig_47	383396	385378	+	LNHIMF_01770	1	persistent	2	0	0
BENMGJ_03602	contig_47	385500	385679	+	GEGEGB_01708	1	persistent	2	0	0
BENMGJ_03603	contig_47	385796	386518	+	GEGEGB_01709	1	persistent	2	0	0
BENMGJ_03604	contig_47	386777	386995	+	LNHIMF_01773	1	persistent	2	0	0
BENMGJ_03605	contig_47	387115	387441	-	GEGEGB_01711	1	persistent	2	0	0
BENMGJ_03606	contig_47	387441	388178	-	GEGEGB_01712	1	persistent	2	0	0
BENMGJ_03607	contig_47	388369	389538	-	GEGEGB_01713	1	persistent	2	0	0
BENMGJ_03608	contig_47	389545	389853	-	GEGEGB_01714	1	persistent	2	0	0
BENMGJ_03609	contig_47	390003	390767	-	GEGEGB_01715	1	persistent	2	0	0
BENMGJ_03610	contig_47	390963	391553	+	GEGEGB_01716	1	persistent	2	0	0
BENMGJ_03611	contig_47	391609	394284	-	LNHIMF_01780	1	persistent	2	0	0
BENMGJ_03613	contig_47	394840	394968	-	GEGEGB_01719	1	persistent	2	0	0
BENMGJ_03614	contig_47	395261	396235	-	GEGEGB_01720	1	persistent	2	0	0
BENMGJ_03616	contig_47	396646	399243	-	GEGEGB_01722	1	persistent	2	0	0
BENMGJ_03617	contig_47	399646	399897	+	GEGEGB_01723	1	persistent	2	0	0
BENMGJ_03618	contig_47	399939	400979	-	LNHIMF_01787	1	persistent	2	0	0
BENMGJ_03619	contig_47	401223	401984	+	GEGEGB_01725	1	persistent	2	0	0
BENMGJ_03620	contig_47	401981	402571	+	LNHIMF_01789	1	persistent	2	0	0
BENMGJ_03621	contig_47	402658	403533	-	GEGEGB_01727	1	persistent	2	0	0
BENMGJ_03622	contig_47	403634	404254	-	GEGEGB_01728	1	persistent	2	0	0
BENMGJ_03623	contig_47	404262	405131	-	GEGEGB_01729	1	persistent	2	0	0
BENMGJ_03624	contig_47	405247	405309	+	GEGEGB_01730	1	persistent	2	0	0
BENMGJ_03625	contig_47	405404	406966	+	LNHIMF_01794	1	persistent	2	0	0
BENMGJ_03626	contig_47	406966	408561	+	GEGEGB_01732	1	persistent	2	0	0
BENMGJ_03627	contig_47	408565	409923	+	GEGEGB_01733	1	persistent	2	0	0
BENMGJ_03628	contig_47	409933	411126	+	GEGEGB_01734	1	persistent	2	0	0
BENMGJ_03629	contig_47	411126	411932	+	GEGEGB_01735	1	persistent	2	0	0
BENMGJ_03630	contig_47	412411	412593	+	GEGEGB_01513	2	persistent	6	0	0
BENMGJ_03631	contig_47	412683	413186	+	GEGEGB_01737	1	persistent	2	0	0
BENMGJ_03632	contig_47	413260	413766	+	GEGEGB_01738	1	persistent	2	0	0
BENMGJ_03633	contig_47	413786	414634	+	LNHIMF_01802	1	persistent	2	0	0
BENMGJ_03634	contig_47	414745	415383	-	GEGEGB_01740	1	persistent	3	0	0
BENMGJ_03635	contig_47	415721	416125	+	GEGEGB_01741	1	persistent	2	0	0
BENMGJ_03636	contig_47	416151	416894	+	GEGEGB_01742	1	persistent	3	0	0
BENMGJ_03637	contig_47	416951	417490	+	GEGEGB_01743	1	persistent	2	0	0
BENMGJ_03638	contig_47	417651	418052	+	GEGEGB_01744	1	persistent	2	0	0
BENMGJ_03639	contig_47	418111	418833	-	LNHIMF_01808	1	persistent	2	0	0
BENMGJ_03640	contig_47	419057	419353	+	GEGEGB_01746	1	persistent	2	0	0
BENMGJ_03641	contig_47	419397	419570	-	GEGEGB_01747	1	persistent	2	0	0
BENMGJ_03642	contig_47	419713	421173	+	GEGEGB_01748	1	persistent	2	0	0
BENMGJ_03643	contig_47	421207	421536	+	GEGEGB_01749	1	persistent	2	0	0
BENMGJ_03644	contig_47	421584	422420	-	LNHIMF_01813	1	persistent	2	0	0
BENMGJ_03645	contig_47	422468	423472	-	GEGEGB_01751	1	persistent	2	0	0
BENMGJ_03646	contig_47	423469	424476	-	LNHIMF_01815	1	persistent	2	0	0
BENMGJ_03647	contig_47	424488	425396	-	LNHIMF_01816	1	persistent	2	0	0
BENMGJ_03648	contig_47	425411	426331	-	BEJGEH_01320	1	persistent	2	0	0
BENMGJ_03649	contig_47	426454	428085	-	BEJGEH_01319	1	persistent	2	0	0
BENMGJ_03650	contig_47	428850	429497	-	GEGEGB_01757	1	persistent	2	0	0
BENMGJ_03651	contig_47	429974	432652	+	GEGEGB_01758	1	persistent	3	0	1
BENMGJ_03652	contig_47	432849	433466	-	GEGEGB_01759	1	persistent	2	0	0
BENMGJ_03653	contig_47	434129	434542	+	GEGEGB_01760	1	persistent	2	0	0
BENMGJ_03654	contig_47	434674	435582	-	GEGEGB_01761	1	persistent	2	0	0
BENMGJ_03655	contig_47	435785	436798	-	GEGEGB_01762	1	persistent	2	0	0
BENMGJ_03656	contig_47	436889	437785	-	LNHIMF_01825	1	persistent	2	0	0
BENMGJ_03657	contig_47	437905	438363	+	BEJGEH_01311	1	persistent	2	0	0
BENMGJ_03658	contig_47	438414	439256	+	GEGEGB_01765	1	persistent	3	0	1
BENMGJ_03660	contig_47	440283	441812	-	BEJGEH_01307	1	persistent	2	0	0
BENMGJ_03661	contig_47	442054	442731	-	LNHIMF_01831	1	persistent	3	0	1
BENMGJ_03662	contig_47	442731	443441	-	LNHIMF_01832	1	persistent	2	0	0
BENMGJ_03663	contig_47	443438	444973	-	GEGEGB_01575	2	persistent	4	0	0
BENMGJ_03664	contig_47	444970	448713	-	GEGEGB_01771	1	persistent	2	0	0
BENMGJ_03665	contig_47	449101	450498	-	GEGEGB_01772	1	persistent	2	0	0
BENMGJ_03666	contig_47	450839	452635	+	LNHIMF_01836	1	persistent	2	0	0
BENMGJ_03667	contig_47	452628	453278	+	LNHIMF_01837	1	persistent	2	0	0
BENMGJ_03668	contig_47	453279	454703	-	PAPNPA_00575	1	persistent	2	0	0
BENMGJ_03669	contig_47	454880	455233	+	GEGEGB_01776	1	persistent	2	0	0
BENMGJ_03670	contig_47	455313	455543	-	GEGEGB_01777	1	persistent	2	0	0
BENMGJ_03671	contig_47	455814	456914	+	LNHIMF_01841	1	persistent	2	1	0
BENMGJ_03672	contig_47	456968	457822	-	GEGEGB_01176	1	persistent	2	1	0
BENMGJ_03673	contig_47	457860	458669	-	GEGEGB_01175	1	persistent	2	0	0
BENMGJ_03674	contig_47	458673	459062	-	GEGEGB_01174	1	persistent	2	0	0
BENMGJ_03675	contig_47	459059	459892	-	LNHIMF_01845	1	persistent	2	0	0
BENMGJ_03676	contig_47	459892	460974	-	GEGEGB_01172	1	persistent	2	0	0
BENMGJ_03677	contig_47	461015	462271	-	GEGEGB_01171	1	persistent	2	0	0
BENMGJ_03678	contig_47	462585	463208	+	LNHIMF_01848	1	persistent	2	0	0
BENMGJ_03679	contig_47	463205	464056	+	GEGEGB_01169	1	persistent	2	0	0
BENMGJ_03680	contig_47	464322	465269	+	GEGEGB_01168	1	persistent	2	0	0
BENMGJ_03681	contig_47	465421	467079	+	GEGEGB_01167	1	persistent	2	0	0
BENMGJ_03682	contig_47	467124	467402	-	LNHIMF_01852	1	persistent	2	0	0
BENMGJ_03683	contig_47	467678	468262	+	GEGEGB_01165	1	persistent	2	0	0
BENMGJ_03684	contig_47	468379	469470	+	GEGEGB_01164	1	persistent	2	0	2
BENMGJ_03685	contig_47	469629	470894	-	BEJGEH_01280	1	persistent	2	0	2
BENMGJ_03686	contig_47	471389	472507	+	LNHIMF_01857	1	persistent	2	0	1
BENMGJ_03687	contig_47	472504	474297	+	GEGEGB_01160	1	persistent	2	0	0
BENMGJ_03688	contig_47	474316	475047	+	LNHIMF_01859	1	persistent	2	0	0
BENMGJ_03689	contig_47	475044	475640	+	GEGEGB_01158	1	persistent	2	0	0
BENMGJ_03690	contig_47	475630	476034	+	GEGEGB_01157	1	persistent	2	0	0
BENMGJ_03691	contig_47	476031	476879	+	GEGEGB_01156	1	persistent	2	0	0
BENMGJ_03692	contig_47	476954	478498	+	LNHIMF_01863	1	persistent	2	0	0
BENMGJ_03693	contig_47	478510	479646	+	LNHIMF_01864	1	persistent	2	0	0
BENMGJ_03694	contig_47	479659	479748	+	GEGEGB_01153	1	persistent	2	0	0
BENMGJ_03695	contig_47	480143	481417	+	LNHIMF_01866	1	persistent	2	0	0
BENMGJ_03696	contig_47	481631	483343	+	LNHIMF_01867	1	persistent	2	0	0
BENMGJ_03697	contig_47	483406	483660	-	GEGEGB_01148	1	persistent	2	0	0
BENMGJ_03698	contig_47	483829	484563	+	LNHIMF_01869	1	persistent	2	0	0
BENMGJ_03699	contig_47	484577	485188	-	GEGEGB_01146	1	persistent	2	0	0
BENMGJ_03700	contig_47	485359	486273	+	GEGEGB_01145	1	persistent	2	0	0
BENMGJ_03701	contig_47	486370	488103	+	GEGEGB_01144	1	persistent	2	0	0
BENMGJ_03702	contig_47	488166	489236	-	LNHIMF_01873	1	persistent	2	0	0
BENMGJ_03703	contig_47	489250	490548	-	LNHIMF_01874	1	persistent	2	0	0
BENMGJ_03704	contig_47	490871	492403	+	GEGEGB_01141	1	persistent	2	0	0
BENMGJ_03705	contig_47	492450	493169	-	LNHIMF_01876	1	persistent	2	0	0
BENMGJ_03706	contig_47	493389	494933	+	GEGEGB_01139	1	persistent	2	0	0
BENMGJ_03707	contig_47	495075	495605	+	GEGEGB_01138	1	persistent	2	0	0
BENMGJ_03708	contig_47	495714	496055	+	GEGEGB_01137	1	persistent	2	0	0
BENMGJ_03709	contig_47	496127	496300	-	GEGEGB_01136	1	persistent	2	0	0
BENMGJ_03710	contig_47	496492	496629	-	GEGEGB_01135	1	persistent	2	0	0
BENMGJ_03711	contig_47	496981	497427	-	LNHIMF_01882	1	persistent	2	0	0
BENMGJ_03712	contig_47	497520	498179	-	GEGEGB_01133	1	persistent	2	0	0
BENMGJ_03713	contig_47	498229	498522	-	LNHIMF_01884	1	persistent	2	0	0
BENMGJ_03714	contig_47	498648	499355	+	GEGEGB_01131	1	persistent	2	0	0
BENMGJ_03715	contig_47	499379	500191	+	LNHIMF_01886	1	persistent	2	0	0
BENMGJ_03716	contig_47	500195	500461	+	GEGEGB_01129	1	persistent	2	0	0
BENMGJ_03717	contig_47	500583	501698	-	GEGEGB_01128	1	persistent	2	1	0
BENMGJ_03719	contig_47	501783	503534	-	GEGEGB_01126	1	persistent	2	1	0
BENMGJ_03720	contig_47	503673	504254	-	GEGEGB_01125	1	persistent	2	0	0
BENMGJ_03721	contig_47	504326	505021	-	GEGEGB_01124	1	persistent	2	0	0
BENMGJ_03722	contig_47	505079	506989	-	GEGEGB_01123	1	persistent	2	0	0
BENMGJ_03723	contig_47	507120	507464	+	LNHIMF_01894	1	persistent	2	0	0
BENMGJ_03724	contig_47	507470	507649	-	GEGEGB_01121	1	persistent	2	0	0
BENMGJ_03725	contig_47	507730	509094	+	GEGEGB_01120	1	persistent	2	0	0
BENMGJ_03726	contig_47	509098	509676	+	LNHIMF_01897	1	persistent	2	0	0
BENMGJ_03727	contig_47	509940	511304	+	GEGEGB_01118	1	persistent	2	0	0
BENMGJ_03728	contig_47	511442	513043	+	LNHIMF_01899	1	persistent	2	0	0
BENMGJ_03729	contig_47	513065	514624	-	LNHIMF_01900	1	persistent	2	0	0
BENMGJ_03730	contig_47	515097	516065	+	GEGEGB_01115	1	persistent	2	0	0
BENMGJ_03731	contig_47	516118	516918	+	GEGEGB_01114	1	persistent	2	0	0
BENMGJ_03732	contig_47	516931	517782	+	GEGEGB_01113	1	persistent	2	0	0
BENMGJ_03733	contig_47	517840	518298	+	GEGEGB_01112	1	persistent	2	0	0
BENMGJ_03734	contig_47	518708	519274	+	GEGEGB_01111	1	persistent	2	0	0
BENMGJ_03735	contig_47	519271	520080	-	LNHIMF_01906	1	persistent	2	0	0
BENMGJ_03736	contig_47	520146	521891	-	GEGEGB_01109	1	persistent	2	0	0
BENMGJ_03737	contig_47	522111	522320	-	GEGEGB_01108	2	persistent	4	0	0
BENMGJ_03738	contig_47	523125	523412	-	GEGEGB_01107	1	persistent	2	0	0
BENMGJ_03739	contig_47	523483	523626	-	GEGEGB_01106	1	persistent	2	0	0
BENMGJ_03740	contig_47	523784	524023	+	GEGEGB_01105	1	persistent	2	0	0
BENMGJ_03741	contig_47	524235	525026	-	LNHIMF_01912	1	persistent	2	1	0
BENMGJ_03742	contig_47	525030	525137	-	BEJGEH_01223	1	shell	2	0	0
BENMGJ_03743	contig_47	525202	526575	+	BEJGEH_01222	1	persistent	2	1	0
BENMGJ_03744	contig_47	526623	527504	-	GEGEGB_01101	1	persistent	2	0	0
BENMGJ_03745	contig_47	527698	529746	-	GEGEGB_01100	1	persistent	2	0	0
BENMGJ_03746	contig_47	529766	530452	-	GEGEGB_01099	1	persistent	2	0	0
BENMGJ_03747	contig_47	530550	531119	-	LNHIMF_01917	1	persistent	2	0	0
BENMGJ_03748	contig_47	531176	532459	+	LNHIMF_01918	1	persistent	2	0	0
BENMGJ_03749	contig_47	532428	535061	+	GEGEGB_01096	1	persistent	2	0	0
BENMGJ_03750	contig_47	535037	536578	+	LNHIMF_01920	1	persistent	2	0	0
BENMGJ_03751	contig_47	536693	536932	+	GEGEGB_01094	1	persistent	2	0	0
BENMGJ_03752	contig_47	537043	537234	+	GEGEGB_01093	1	persistent	2	0	1
BENMGJ_03753	contig_47	537253	537903	-	GEGEGB_01092	1	persistent	3	0	0
BENMGJ_03754	contig_47	537921	538154	-	HFCAGB_01423	1	persistent	2	0	0
BENMGJ_03755	contig_47	538127	538291	-	GEGEGB_01090	1	persistent	3	0	1
BENMGJ_03756	contig_47	538576	539298	-	BEJGEH_01210	1	persistent	2	0	0
BENMGJ_03757	contig_47	539982	540377	+	LNHIMF_01926	1	persistent	2	0	0
BENMGJ_03758	contig_47	540707	541183	+	LNHIMF_01927	1	persistent	2	0	2
BENMGJ_03759	contig_47	541570	541989	-	LNHIMF_01928	1	persistent	1	2	6
BENMGJ_03760	contig_47	543271	543417	-	AJBGEP_01953	1	shell	1	1	0
BENMGJ_03761	contig_47	543417	544274	-	AJBGEP_01954	1	shell	1	3	4
BENMGJ_03762	contig_47	544398	544766	+	AJBGEP_01955	1	shell	0	2	1
BENMGJ_03763	contig_47	546087	547001	+	AJBGEP_01956	1	shell	1	2	3
BENMGJ_03764	contig_47	547134	547292	+	GEGEGB_01081	1	shell	0	2	0
BENMGJ_03765	contig_47	547302	547916	+	LNHIMF_01935	1	shell	0	2	1
BENMGJ_03766	contig_47	548376	548486	-	BENMGJ_03766	1	shell	0	4	2
BENMGJ_03767	contig_47	549087	549245	+	LNHIMF_01937	1	shell	0	3	1
BENMGJ_03768	contig_47	549878	549958	+	AJBGEP_01961	1	shell	0	4	1
BENMGJ_03769	contig_47	550055	550555	-	AJBGEP_02770	2	shell	0	9	5
BENMGJ_03770	contig_47	550504	550935	-	AJBGEP_01962	1	shell	0	5	1
BENMGJ_03771	contig_47	551090	551353	-	IKCLMC_04289	1	shell	0	3	4
BENMGJ_03772	contig_47	551661	551828	+	LNHIMF_01943	1	shell	0	2	2
BENMGJ_03773	contig_47	552085	552618	-	AJBGEP_01965	1	shell	0	2	5
BENMGJ_03774	contig_47	552672	552902	-	AJBGEP_01966	1	shell	0	2	2
BENMGJ_03775	contig_47	552933	553586	+	ODDLKH_02363	1	shell	1	1	0
BENMGJ_03776	contig_47	553646	554500	+	PAPNPA_00762	1	persistent	1	1	8
BENMGJ_03779	contig_47	554874	555227	-	GEGEGB_01072	1	persistent	2	0	1
BENMGJ_03780	contig_47	555244	556119	-	LNHIMF_01950	1	persistent	2	0	0
BENMGJ_03781	contig_47	556120	556494	-	LNHIMF_01951	1	persistent	2	0	0
BENMGJ_03782	contig_47	556632	556862	+	GEGEGB_01069	1	persistent	2	0	0
BENMGJ_03783	contig_47	556970	557626	+	LNHIMF_01953	1	persistent	2	0	0
BENMGJ_03784	contig_47	557650	558348	+	GEGEGB_01067	1	persistent	2	0	0
BENMGJ_03785	contig_47	558383	560434	-	GEGEGB_01066	1	persistent	2	0	0
BENMGJ_03786	contig_47	560647	561306	-	LNHIMF_01956	1	persistent	2	0	0
BENMGJ_03787	contig_47	561400	561753	-	GEGEGB_01064	1	persistent	2	0	0
BENMGJ_03788	contig_47	561821	562111	-	GEGEGB_01063	1	persistent	2	0	0
BENMGJ_03789	contig_47	562242	563420	+	GEGEGB_01062	1	persistent	2	0	0
BENMGJ_03790	contig_47	563520	564161	-	LNHIMF_01960	1	persistent	2	0	0
BENMGJ_03791	contig_47	564199	566010	-	GEGEGB_01060	1	persistent	2	0	0
BENMGJ_03792	contig_47	566245	567720	-	LNHIMF_01962	1	persistent	2	0	0
BENMGJ_03793	contig_47	568062	568931	+	GEGEGB_01058	1	persistent	2	0	1
BENMGJ_03794	contig_47	569055	570497	+	GEGEGB_01057	1	persistent	2	1	0
BENMGJ_03795	contig_47	570570	571541	-	GEGEGB_01056	1	persistent	2	1	0
BENMGJ_03796	contig_47	571658	572977	-	LNHIMF_01966	1	persistent	2	0	1
BENMGJ_03797	contig_47	572993	573994	-	LNHIMF_01967	1	persistent	2	0	0
BENMGJ_03798	contig_47	574016	574771	+	LNHIMF_01968	1	persistent	2	0	0
BENMGJ_03799	contig_47	574768	575553	+	GEGEGB_01052	1	persistent	2	0	0
BENMGJ_03800	contig_47	575632	576642	-	GEGEGB_01051	1	persistent	2	0	1
BENMGJ_03801	contig_47	576651	577262	-	LNHIMF_01971	1	persistent	2	1	1
BENMGJ_03802	contig_47	577622	578314	-	LNHIMF_01972	1	shell	2	0	1
BENMGJ_03803	contig_47	578524	579123	+	LNHIMF_01973	1	persistent	2	1	3
BENMGJ_03804	contig_47	579125	579646	-	GEGEGB_01047	1	persistent	2	0	1
BENMGJ_03805	contig_47	579683	580423	-	GEGEGB_01046	1	persistent	2	0	0
BENMGJ_03806	contig_47	580453	580905	-	GEGEGB_01045	1	persistent	2	0	0
BENMGJ_03807	contig_47	581008	582780	-	LNHIMF_01977	1	persistent	2	0	0
BENMGJ_03808	contig_47	583105	583671	+	GEGEGB_01043	1	persistent	2	0	0
BENMGJ_03809	contig_47	583668	584486	+	GEGEGB_01042	1	persistent	2	0	0
BENMGJ_03810	contig_47	584539	584934	+	GEGEGB_01041	1	persistent	2	0	0
BENMGJ_03811	contig_47	584975	585718	+	GEGEGB_01040	1	persistent	2	0	0
BENMGJ_03812	contig_47	585715	586686	+	GEGEGB_01039	1	persistent	2	0	0
BENMGJ_03814	contig_47	586922	587668	-	LNHIMF_01984	1	persistent	2	0	0
BENMGJ_03815	contig_47	587688	588257	-	LNHIMF_01985	1	persistent	2	0	0
BENMGJ_03816	contig_47	588494	590227	+	GEGEGB_01035	1	persistent	2	0	0
BENMGJ_03817	contig_47	590416	592287	+	LNHIMF_01987	1	persistent	2	0	0
BENMGJ_03818	contig_47	592341	593480	-	LNHIMF_01988	1	persistent	2	0	0
BENMGJ_03819	contig_47	593717	594109	-	GEGEGB_01031	1	persistent	2	0	0
BENMGJ_03820	contig_47	594109	596187	-	GEGEGB_01030	1	persistent	2	0	0
BENMGJ_03821	contig_47	596180	597331	-	GEGEGB_01029	1	persistent	2	0	1
BENMGJ_03822	contig_47	597423	597617	+	ODDLKH_02410	1	cloud	2	0	0
BENMGJ_03823	contig_47	597525	598172	-	LNHIMF_01993	1	persistent	2	0	1
BENMGJ_03824	contig_47	598180	598569	-	GEGEGB_01027	1	persistent	2	0	0
BENMGJ_03825	contig_47	598587	599636	-	GEGEGB_01026	1	persistent	2	0	0
BENMGJ_03826	contig_47	599633	600499	-	LNHIMF_01996	1	persistent	2	0	0
BENMGJ_03827	contig_47	600660	602321	-	LNHIMF_01997	1	persistent	2	0	0
BENMGJ_03828	contig_47	602558	603061	-	LNHIMF_01998	1	persistent	2	0	0
BENMGJ_03829	contig_47	603082	605097	-	GEGEGB_01022	1	persistent	2	0	0
BENMGJ_03830	contig_47	605102	606031	-	LNHIMF_02000	1	persistent	2	0	0
BENMGJ_03831	contig_47	606028	606915	-	LNHIMF_02001	1	persistent	2	0	0
BENMGJ_03832	contig_47	607040	607618	-	LNHIMF_02002	1	persistent	2	0	0
BENMGJ_03833	contig_47	607621	607962	-	GEGEGB_01018	1	persistent	2	0	0
BENMGJ_03834	contig_47	608758	609186	+	LNHIMF_02004	1	persistent	2	0	0
BENMGJ_03835	contig_47	609204	610625	-	GEGEGB_01016	1	persistent	2	0	0
BENMGJ_03836	contig_47	610600	611502	-	BEJGEH_01136	1	persistent	2	0	1
BENMGJ_03837	contig_47	612036	612593	-	BEJGEH_01135	1	persistent	2	0	1
BENMGJ_03838	contig_47	613144	613647	+	GEGEGB_01013	1	persistent	3	0	0
BENMGJ_03839	contig_47	613826	614464	-	LNHIMF_02009	1	persistent	2	0	0
BENMGJ_03840	contig_47	614720	615055	+	GEGEGB_01012	1	persistent	3	0	0
BENMGJ_03841	contig_47	615295	615792	+	GEGEGB_01011	1	persistent	2	0	0
BENMGJ_03842	contig_47	615838	616077	-	GEGEGB_01010	1	persistent	2	0	0
BENMGJ_03843	contig_47	616247	617515	+	GEGEGB_01009	1	persistent	2	0	0
BENMGJ_03844	contig_47	617590	618255	-	LNHIMF_02014	1	persistent	3	0	0
BENMGJ_03846	contig_47	618494	618820	-	LNHIMF_02016	1	persistent	2	0	0
BENMGJ_03847	contig_47	619033	620466	-	LNHIMF_02017	1	persistent	4	0	0
BENMGJ_03848	contig_47	620685	620969	-	LNHIMF_02018	1	persistent	2	0	1
BENMGJ_03850	contig_48	481	1284	+	LNHIMF_00267	1	persistent	3	0	0
BENMGJ_03851	contig_48	1305	2219	-	LNHIMF_00268	1	persistent	2	0	0
BENMGJ_03852	contig_48	2324	3499	+	LNHIMF_00269	1	persistent	2	0	0
BENMGJ_03853	contig_48	3631	4431	+	LNHIMF_00270	1	persistent	2	0	0
BENMGJ_03854	contig_48	4509	5279	+	LNHIMF_00271	1	persistent	2	0	0
BENMGJ_03855	contig_48	5335	6555	-	GEGEGB_02743	1	persistent	2	0	0
BENMGJ_03856	contig_48	6774	7529	-	LNHIMF_00273	1	persistent	2	0	0
BENMGJ_03857	contig_48	7564	8286	+	LNHIMF_00274	1	persistent	2	0	0
BENMGJ_03858	contig_48	8283	8750	-	GEGEGB_02740	1	persistent	2	0	0
BENMGJ_03859	contig_48	8805	9545	+	GEGEGB_02739	1	persistent	2	0	2
BENMGJ_03861	contig_48	10077	11132	-	HFCAGB_00281	1	persistent	1	1	1
BENMGJ_03862	contig_48	11143	12138	-	AJBGEP_00282	1	shell	1	1	0
BENMGJ_03863	contig_48	12135	14018	-	LNHIMF_00280	1	shell	0	2	0
BENMGJ_03864	contig_48	14034	14528	-	GEGEGB_02733	1	shell	0	2	0
BENMGJ_03865	contig_48	14525	15349	-	LNHIMF_00282	1	shell	0	2	0
BENMGJ_03866	contig_48	15336	16238	-	GEGEGB_02731	1	shell	0	3	1
BENMGJ_03867	contig_48	16606	19245	+	IKCLMC_02021	1	shell	0	2	1
BENMGJ_03868	contig_48	19345	19887	+	GEGEGB_02727	1	shell	0	2	1
BENMGJ_03869	contig_48	19911	21419	+	LNHIMF_00288	1	shell	0	2	2
BENMGJ_03870	contig_48	21472	21873	+	BENMGJ_03870	1	cloud	0	1	1
BENMGJ_03871	contig_48	21845	22270	+	BENMGJ_03871	1	cloud	0	1	1
BENMGJ_03872	contig_48	22507	22992	+	GEGEGB_02722	2	shell	0	4	1
BENMGJ_03873	contig_48	23295	23780	+	AJBGEP_00292	1	shell	0	3	0
BENMGJ_03874	contig_48	23777	24148	+	PAPNPA_01836	1	shell	0	2	0
BENMGJ_03875	contig_48	24291	24776	+	GEGEGB_02722	2	shell	0	4	1
BENMGJ_03876	contig_48	24844	25380	+	GEGEGB_02721	1	shell	0	3	0
BENMGJ_03877	contig_48	25384	26727	+	GEGEGB_02720	1	shell	0	2	0
BENMGJ_03878	contig_48	26724	28028	+	GEGEGB_02719	1	shell	0	2	0
BENMGJ_03879	contig_48	28033	28806	+	HFCAGB_00296	1	shell	0	2	2
BENMGJ_03880	contig_48	29084	29440	+	AJBGEP_00299	1	shell	0	2	1
BENMGJ_03881	contig_48	29474	33343	+	HFCAGB_00298	1	shell	0	2	1
BENMGJ_03882	contig_48	33343	34110	+	HFCAGB_00299	1	shell	0	3	2
BENMGJ_03883	contig_48	34153	34623	+	PAPNPA_01845	1	shell	0	2	0
BENMGJ_03884	contig_48	34608	35069	+	GEGEGB_02712	1	shell	0	2	1
BENMGJ_03885	contig_48	35227	35613	+	GEGEGB_02711	1	shell	0	3	2
BENMGJ_03886	contig_48	35637	36158	+	BENMGJ_03886	1	shell	0	2	0
BENMGJ_03887	contig_48	36555	38786	+	PAPNPA_01857	1	shell	0	2	2
BENMGJ_03888	contig_48	38846	39304	+	PAPNPA_01858	1	cloud	0	1	1
BENMGJ_03889	contig_48	39320	44026	+	PAPNPA_01859	1	cloud	0	1	7
BENMGJ_03890	contig_48	44023	44457	+	BENMGJ_03890	1	cloud	0	1	1
BENMGJ_03891	contig_48	44504	44767	-	BENMGJ_03891	1	shell	0	2	4
BENMGJ_03893	contig_48	45159	45368	+	BENMGJ_03893	1	cloud	0	1	1
BENMGJ_03894	contig_48	45438	45905	+	BENMGJ_03894	1	cloud	0	0	2
BENMGJ_03895	contig_48	45970	46143	-	BENMGJ_03895	1	cloud	0	0	2
BENMGJ_03896	contig_48	46422	46799	-	GEGEGB_02690	1	cloud	1	1	4
BENMGJ_03897	contig_48	48090	48725	+	GEGEGB_02689	1	cloud	0	0	3
BENMGJ_03898	contig_48	48776	49351	+	BENMGJ_03898	1	cloud	0	0	2
BENMGJ_03899	contig_48	49460	52147	+	LNHIMF_00327	1	cloud	0	0	4
BENMGJ_03900	contig_48	52197	53249	+	BENMGJ_03900	1	cloud	0	0	2
BENMGJ_03901	contig_48	53382	53837	+	GEGEGB_02685	1	cloud	1	0	4
BENMGJ_03902	contig_48	53977	54594	+	ONMMKP_01857	1	cloud	1	0	2
BENMGJ_03903	contig_48	54972	55130	+	ALJMDI_04306	1	cloud	1	0	1
BENMGJ_03904	contig_48	55557	56276	-	LNHIMF_00332	1	persistent	2	0	3
BENMGJ_03905	contig_48	56607	57014	-	GEGEGB_02682	1	persistent	2	0	0
BENMGJ_03906	contig_48	57324	58091	-	LNHIMF_00334	1	persistent	2	0	0
BENMGJ_03907	contig_48	58200	60644	-	LNHIMF_00335	1	persistent	2	0	0
BENMGJ_03908	contig_48	60884	61462	+	GEGEGB_02679	1	persistent	2	0	0
BENMGJ_03909	contig_48	61675	62442	+	LNHIMF_00337	1	persistent	2	0	0
BENMGJ_03910	contig_48	62413	63153	-	GEGEGB_02677	1	persistent	2	0	0
BENMGJ_03911	contig_48	63403	64458	+	GEGEGB_02676	1	persistent	2	0	0
BENMGJ_03912	contig_48	64677	65816	+	LNHIMF_00340	1	persistent	2	0	0
BENMGJ_03913	contig_48	65813	66427	+	GEGEGB_02674	1	persistent	2	0	0
BENMGJ_03914	contig_48	66582	68039	-	LNHIMF_00342	1	persistent	2	0	0
BENMGJ_03915	contig_48	68288	68746	+	GEGEGB_02672	1	persistent	2	0	0
BENMGJ_03916	contig_48	68835	70079	+	LNHIMF_00344	1	persistent	2	0	0
BENMGJ_03917	contig_48	70137	70538	+	GEGEGB_02670	1	persistent	2	0	0
BENMGJ_03918	contig_48	70589	71641	-	GEGEGB_02669	1	persistent	2	0	0
BENMGJ_03919	contig_48	71924	73027	+	GEGEGB_02668	1	persistent	2	0	0
BENMGJ_03920	contig_48	73039	74289	+	HFCAGB_00340	1	persistent	2	3	3
BENMGJ_03922	contig_48	74495	75658	-	BENMGJ_03922	1	cloud	1	0	1
BENMGJ_03923	contig_48	75888	76523	-	BENMGJ_03923	1	cloud	0	0	2
BENMGJ_03924	contig_48	76624	76803	-	BENMGJ_03924	1	cloud	0	0	2
BENMGJ_03925	contig_48	76900	77586	-	BENMGJ_03925	1	cloud	0	0	2
BENMGJ_03926	contig_48	77597	77860	-	BENMGJ_03926	1	cloud	0	0	2
BENMGJ_03927	contig_48	77862	78347	-	BENMGJ_03927	1	cloud	0	0	2
BENMGJ_03928	contig_48	78344	78970	-	BENMGJ_03928	1	cloud	0	0	2
BENMGJ_03929	contig_48	79142	79438	-	BENMGJ_03929	1	cloud	0	0	2
BENMGJ_03930	contig_48	79485	79769	-	ONMMKP_00791	1	cloud	0	0	4
BENMGJ_03931	contig_48	79769	80386	-	BENMGJ_03931	1	cloud	0	0	2
BENMGJ_03932	contig_48	80383	80526	-	ONMMKP_00789	1	cloud	0	0	4
BENMGJ_03933	contig_48	80516	80704	-	BENMGJ_03933	1	cloud	0	0	2
BENMGJ_03934	contig_48	80685	80843	-	BENMGJ_03934	1	cloud	0	0	2
BENMGJ_03935	contig_48	80929	81240	-	BENMGJ_03935	1	cloud	0	0	2
BENMGJ_03936	contig_48	81591	81827	-	BENMGJ_03936	1	cloud	0	0	2
BENMGJ_03937	contig_48	81864	82058	-	HFCAGB_00601	1	cloud	0	0	7
BENMGJ_03938	contig_48	82042	82128	-	BENMGJ_03938	1	cloud	0	0	2
BENMGJ_03939	contig_48	82273	82851	+	BENMGJ_03939	1	cloud	0	0	3
BENMGJ_03940	contig_48	82872	83174	-	IKCLMC_02338	1	cloud	0	0	5
BENMGJ_03941	contig_48	83528	83887	-	BENMGJ_03941	1	cloud	0	0	2
BENMGJ_03942	contig_48	84259	84444	+	BENMGJ_03942	1	cloud	0	0	2
BENMGJ_03943	contig_48	84551	84829	+	ONMMKP_00778	1	cloud	0	0	4
BENMGJ_03944	contig_48	84864	85010	+	HFCAGB_00607	1	cloud	0	0	4
BENMGJ_03945	contig_48	85003	85818	+	IKCLMC_02345	1	cloud	0	0	2
BENMGJ_03946	contig_48	85815	87191	+	PKJKAM_03161	1	cloud	0	0	4
BENMGJ_03947	contig_48	87188	87268	+	HFCAGB_00610	1	cloud	0	0	5
BENMGJ_03948	contig_48	87265	87702	+	LNHIMF_00589	1	cloud	0	0	7
BENMGJ_03949	contig_48	88018	88350	+	BENMGJ_03949	1	cloud	0	0	2
BENMGJ_03950	contig_48	88343	88519	+	BENMGJ_03950	1	cloud	0	0	5
BENMGJ_03951	contig_48	88512	89123	+	ONMMKP_00770	1	cloud	0	1	1
BENMGJ_03952	contig_48	89120	89344	+	BENMGJ_03952	1	shell	0	1	1
BENMGJ_03953	contig_48	89341	89544	+	LNHIMF_00592	1	shell	0	2	2
BENMGJ_03954	contig_48	89525	89704	+	LNHIMF_00593	1	shell	0	1	3
BENMGJ_03955	contig_48	89701	90324	+	BENMGJ_03955	1	cloud	0	1	2
BENMGJ_03956	contig_48	90763	90966	+	ONMMKP_00763	1	cloud	0	0	3
BENMGJ_03957	contig_48	90938	91441	+	LNHIMF_00597	1	cloud	0	0	3
BENMGJ_03958	contig_48	91438	91533	+	LNHIMF_00598	1	cloud	0	0	3
BENMGJ_03959	contig_48	91729	91914	+	ONMMKP_00760	1	cloud	0	0	4
BENMGJ_03960	contig_48	92180	92866	+	PKJKAM_03145	1	cloud	0	0	2
BENMGJ_03961	contig_48	93169	93411	+	PKJKAM_03144	1	cloud	0	0	4
BENMGJ_03962	contig_48	93413	93592	+	PKJKAM_03143	1	cloud	0	0	3
BENMGJ_03963	contig_48	93616	94104	+	BENMGJ_03963	1	cloud	0	0	3
BENMGJ_03964	contig_48	94082	95581	+	BENMGJ_03964	1	cloud	0	0	2
BENMGJ_03965	contig_48	95581	97758	+	BENMGJ_03965	1	cloud	0	0	2
BENMGJ_03966	contig_48	97772	98683	+	BENMGJ_03966	1	cloud	0	0	2
BENMGJ_03967	contig_48	98683	99975	+	BENMGJ_03967	1	cloud	0	0	3
BENMGJ_03968	contig_48	100014	100223	+	BENMGJ_03968	1	cloud	0	0	2
BENMGJ_03969	contig_48	100207	100707	+	BENMGJ_03969	1	cloud	0	0	3
BENMGJ_03970	contig_48	100667	102085	+	PKJKAM_03135	1	cloud	0	0	5
BENMGJ_03971	contig_48	102089	102790	+	BENMGJ_03971	1	cloud	0	0	2
BENMGJ_03972	contig_48	102790	103245	+	PKJKAM_03133	1	cloud	0	0	5
BENMGJ_03973	contig_48	103248	103940	+	HFCAGB_00635	1	cloud	0	0	3
BENMGJ_03974	contig_48	103950	105245	+	BENMGJ_03974	1	cloud	0	0	2
BENMGJ_03975	contig_48	105245	107242	+	BENMGJ_03975	1	cloud	0	0	2
BENMGJ_03976	contig_48	107333	107818	-	BENMGJ_03976	1	cloud	0	0	2
BENMGJ_03977	contig_48	108221	108475	-	BENMGJ_03977	1	cloud	0	0	2
BENMGJ_03978	contig_48	108611	110614	+	BENMGJ_03978	1	cloud	0	0	3
BENMGJ_03979	contig_48	110673	112130	-	BENMGJ_03979	1	cloud	1	0	1
BENMGJ_03980	contig_48	112120	113052	-	BEJGEH_04267	3	persistent	1	3	6
BENMGJ_03981	contig_48	113049	113411	-	GEGEGB_02428	2	persistent	3	3	2
BENMGJ_03983	contig_48	113909	114184	+	PKJKAM_03421	1	shell	2	3	0
BENMGJ_03984	contig_48	114959	115327	+	HFCAGB_00345	1	shell	0	4	0
BENMGJ_03985	contig_48	115272	115400	+	AJBGEP_00346	1	shell	0	4	0
BENMGJ_03986	contig_48	115534	115833	+	BEJGEH_00336	1	shell	0	2	1
BENMGJ_03987	contig_48	116181	117413	+	BEJGEH_00337	1	shell	0	2	0
BENMGJ_03988	contig_48	117545	118966	+	BEJGEH_00338	1	shell	0	2	0
BENMGJ_03989	contig_48	118968	119594	+	BEJGEH_00339	1	shell	0	2	1
BENMGJ_03990	contig_48	119609	120487	+	BEJGEH_00340	1	shell	0	2	0
BENMGJ_03991	contig_48	120487	121011	+	BEJGEH_00341	2	shell	0	2	1
BENMGJ_03992	contig_48	121008	121400	+	BEJGEH_00341	2	shell	0	2	1
BENMGJ_03993	contig_48	121434	122399	+	BEJGEH_00342	1	shell	0	2	0
BENMGJ_03994	contig_48	122344	122616	-	BEJGEH_00343	1	shell	2	1	0
BENMGJ_03995	contig_48	123308	123706	+	BEJGEH_00344	1	persistent	2	2	0
BENMGJ_03996	contig_48	123753	124511	-	GEGEGB_02664	1	persistent	2	1	1
BENMGJ_03997	contig_48	124477	125802	-	BEJGEH_00346	1	persistent	2	1	3
BENMGJ_03998	contig_48	125807	128368	-	LNHIMF_00366	1	persistent	2	0	0
BENMGJ_03999	contig_48	128352	129113	-	BEJGEH_00348	1	persistent	2	0	0
BENMGJ_04000	contig_48	129175	129711	-	GEGEGB_02659	1	persistent	2	0	0
BENMGJ_04001	contig_48	130375	131109	+	LNHIMF_00369	1	persistent	2	0	0
BENMGJ_04002	contig_48	131082	131582	+	LNHIMF_00370	1	persistent	2	0	0
BENMGJ_04003	contig_48	131882	133456	+	LNHIMF_00371	1	persistent	2	0	0
BENMGJ_04004	contig_48	133556	134299	+	LNHIMF_00372	1	persistent	2	0	0
BENMGJ_04005	contig_48	134272	134760	+	LNHIMF_00373	1	persistent	2	0	0
BENMGJ_04006	contig_48	135160	135684	+	GEGEGB_02652	1	persistent	2	0	0
BENMGJ_04007	contig_48	135942	136469	+	LNHIMF_00375	1	persistent	2	0	0
BENMGJ_04008	contig_48	136762	137121	+	LNHIMF_00376	1	persistent	2	0	0
BENMGJ_04009	contig_48	137191	138648	-	BEJGEH_00358	1	persistent	3	0	0
BENMGJ_04010	contig_48	138665	141832	-	LNHIMF_00378	1	persistent	2	0	0
BENMGJ_04011	contig_48	141829	143055	-	BEJGEH_00360	1	persistent	2	0	0
BENMGJ_04012	contig_48	143332	145620	+	HFCAGB_00372	1	persistent	2	0	0
BENMGJ_04013	contig_48	145632	146096	+	LNHIMF_00381	1	persistent	2	0	0
BENMGJ_04014	contig_48	146174	146368	+	GEGEGB_02648	1	persistent	3	0	1
BENMGJ_04015	contig_48	146660	147913	+	LNHIMF_00383	1	persistent	2	0	1
BENMGJ_04016	contig_48	148102	150060	+	GEGEGB_02645	1	persistent	2	0	0
BENMGJ_04017	contig_48	150070	153042	+	BEJGEH_00367	1	persistent	2	0	0
BENMGJ_04018	contig_48	153319	153420	+	GEGEGB_02642	1	persistent	2	0	0
BENMGJ_04019	contig_48	153537	154940	+	LNHIMF_00387	1	persistent	2	0	0
BENMGJ_04020	contig_48	154937	155947	+	LNHIMF_00388	1	persistent	2	0	0
BENMGJ_04021	contig_48	155947	156078	+	GEGEGB_02639	1	persistent	2	0	0
BENMGJ_04022	contig_48	156285	157289	+	GEGEGB_02638	1	persistent	2	0	0
BENMGJ_04023	contig_48	157453	159543	+	LNHIMF_00391	1	persistent	2	0	0
BENMGJ_04024	contig_48	159584	160216	-	LNHIMF_00392	1	persistent	2	0	0
BENMGJ_04025	contig_48	160448	160723	+	GEGEGB_02635	1	persistent	2	0	0
BENMGJ_04026	contig_48	160859	162484	-	LNHIMF_00394	1	persistent	2	0	0
BENMGJ_04027	contig_48	162750	163637	+	GEGEGB_02633	1	persistent	2	0	0
BENMGJ_04028	contig_48	163760	164929	+	GEGEGB_02632	1	persistent	2	0	0
BENMGJ_04029	contig_48	164967	166418	+	LNHIMF_00397	1	persistent	2	0	0
BENMGJ_04030	contig_48	166459	168345	+	LNHIMF_00398	1	persistent	2	0	0
BENMGJ_04031	contig_48	168449	169423	-	GEGEGB_02629	1	persistent	1	1	3
BENMGJ_04032	contig_48	169936	172881	+	BENMGJ_04032	1	cloud	2	0	0
BENMGJ_04033	contig_48	172967	173590	+	BEJGEH_00383	1	persistent	1	1	3
BENMGJ_04034	contig_48	173635	174792	-	GEGEGB_02626	1	persistent	2	0	0
BENMGJ_04035	contig_48	175139	176359	+	LNHIMF_00403	1	persistent	2	0	0
BENMGJ_04036	contig_48	176374	177468	+	LNHIMF_00404	1	persistent	2	0	0
BENMGJ_04037	contig_48	177506	177814	-	GEGEGB_02623	1	persistent	2	0	0
BENMGJ_04038	contig_48	178082	178297	+	GEGEGB_02622	1	persistent	2	0	0
BENMGJ_04039	contig_48	178323	179435	-	GEGEGB_02621	1	persistent	2	0	0
BENMGJ_04040	contig_48	179525	180208	+	LNHIMF_00408	1	persistent	2	0	0
BENMGJ_04041	contig_48	180377	181588	+	GEGEGB_02619	1	persistent	2	0	0
BENMGJ_04042	contig_48	181885	182145	+	GEGEGB_02618	1	persistent	2	0	0
BENMGJ_04043	contig_48	182497	182817	+	GEGEGB_02617	1	persistent	2	0	0
BENMGJ_04044	contig_48	182909	184021	+	LNHIMF_00412	1	persistent	2	0	0
BENMGJ_04045	contig_48	184036	184845	-	LNHIMF_00413	1	persistent	2	0	0
BENMGJ_04046	contig_48	184985	185440	+	GEGEGB_02614	1	persistent	2	0	0
BENMGJ_04047	contig_48	185625	186170	+	GEGEGB_02613	1	persistent	2	0	0
BENMGJ_04048	contig_48	186197	186388	+	GEGEGB_02612	1	persistent	2	0	0
BENMGJ_04049	contig_48	186639	187316	+	LNHIMF_00417	1	persistent	2	0	0
BENMGJ_04050	contig_48	187387	187671	+	GEGEGB_02609	1	persistent	2	0	0
BENMGJ_04051	contig_48	187709	188620	-	GEGEGB_02608	1	persistent	2	0	0
BENMGJ_04052	contig_48	188746	189654	+	GEGEGB_02607	1	persistent	2	0	0
BENMGJ_04053	contig_48	189676	190848	-	LNHIMF_00421	1	persistent	2	0	0
BENMGJ_04054	contig_48	191021	194161	-	LNHIMF_00422	1	persistent	2	0	0
BENMGJ_04055	contig_48	194158	195360	-	LNHIMF_00423	1	persistent	2	0	0
BENMGJ_04056	contig_48	195575	196264	+	GEGEGB_02602	1	persistent	2	0	0
BENMGJ_04057	contig_48	196334	197629	+	LNHIMF_00425	1	persistent	2	0	0
BENMGJ_04058	contig_48	198038	199357	+	GEGEGB_02600	1	persistent	2	1	0
BENMGJ_04059	contig_48	199432	200802	+	LNHIMF_00427	1	persistent	2	1	0
BENMGJ_04060	contig_48	200964	202781	+	LNHIMF_00428	1	persistent	2	0	0
BENMGJ_04061	contig_48	202853	203455	-	GEGEGB_02595	1	persistent	2	0	0
BENMGJ_04062	contig_48	203665	204246	-	GEGEGB_02594	1	persistent	2	0	0
BENMGJ_04063	contig_48	204340	205404	+	LNHIMF_00431	1	persistent	2	0	0
BENMGJ_04064	contig_48	205601	206728	+	LNHIMF_00432	1	persistent	2	0	0
BENMGJ_04065	contig_48	206751	207083	+	GEGEGB_02591	1	persistent	2	0	0
BENMGJ_04066	contig_48	207144	208958	+	GEGEGB_02590	1	persistent	2	0	0
BENMGJ_04067	contig_48	208969	209940	+	GEGEGB_02589	1	persistent	2	1	0
BENMGJ_04068	contig_48	210085	210450	+	GEGEGB_02588	1	shell	1	1	0
BENMGJ_04069	contig_48	210476	211168	+	GEGEGB_02587	1	shell	1	1	0
BENMGJ_04070	contig_48	211338	211685	+	GEGEGB_02586	1	persistent	2	1	0
BENMGJ_04072	contig_48	212123	212230	+	LNHIMF_00437	1	persistent	2	0	0
BENMGJ_04073	contig_48	212314	213177	-	GEGEGB_02583	1	persistent	2	0	0
BENMGJ_04074	contig_48	213477	214016	-	LNHIMF_00440	1	persistent	2	0	0
BENMGJ_04075	contig_48	214168	214617	+	GEGEGB_02581	1	persistent	2	0	0
BENMGJ_04076	contig_48	214621	215724	+	LNHIMF_00442	1	persistent	2	0	0
BENMGJ_04077	contig_48	215813	216283	+	GEGEGB_02579	1	persistent	2	0	0
BENMGJ_04078	contig_48	216304	216723	+	LNHIMF_00444	1	persistent	2	0	0
BENMGJ_04079	contig_48	216802	217782	+	LNHIMF_00445	1	persistent	2	0	0
BENMGJ_04080	contig_48	217760	218275	+	GEGEGB_02576	1	persistent	2	0	0
BENMGJ_04081	contig_48	218379	219353	-	LNHIMF_00447	1	persistent	2	0	0
BENMGJ_04082	contig_48	219410	221272	-	LNHIMF_00448	1	persistent	2	0	0
BENMGJ_04083	contig_48	221296	222195	-	GEGEGB_02573	1	persistent	2	0	0
BENMGJ_04084	contig_48	222196	222438	-	GEGEGB_02572	1	persistent	2	0	0
BENMGJ_04085	contig_48	222648	224096	+	LNHIMF_00451	1	persistent	2	0	0
BENMGJ_04086	contig_48	224140	224937	-	LNHIMF_00452	1	persistent	2	0	0
BENMGJ_04087	contig_48	224931	225800	-	HFCAGB_00451	1	persistent	2	0	0
BENMGJ_04088	contig_48	225803	226912	-	LNHIMF_00454	1	persistent	2	0	0
BENMGJ_04089	contig_48	226918	227931	-	LNHIMF_00455	1	persistent	2	0	0
BENMGJ_04090	contig_48	228129	228848	-	GEGEGB_02566	1	persistent	2	0	0
BENMGJ_04091	contig_48	228988	230091	+	GEGEGB_02565	1	persistent	2	0	0
BENMGJ_04092	contig_48	230101	230910	+	GEGEGB_02564	1	persistent	2	0	0
BENMGJ_04093	contig_48	231007	231597	-	GEGEGB_02563	1	persistent	2	0	0
BENMGJ_04094	contig_48	231560	232471	-	LNHIMF_00460	1	persistent	2	0	0
BENMGJ_04095	contig_48	232597	233088	+	LNHIMF_00461	1	persistent	2	0	0
BENMGJ_04096	contig_48	233135	234499	-	GEGEGB_02560	1	persistent	3	0	1
BENMGJ_04097	contig_48	235024	236535	+	HFCAGB_00461	1	persistent	1	1	2
BENMGJ_04098	contig_48	236547	238040	+	AJBGEP_00458	1	shell	2	0	0
BENMGJ_04099	contig_48	238122	239012	-	GEGEGB_02554	1	persistent	2	1	1
BENMGJ_04100	contig_48	239024	239353	-	GEGEGB_02553	1	persistent	2	0	0
BENMGJ_04101	contig_48	239353	239967	-	LNHIMF_00465	1	persistent	2	0	0
BENMGJ_04102	contig_48	239957	241948	-	GEGEGB_02551	1	persistent	2	0	0
BENMGJ_04103	contig_48	241959	242915	-	GEGEGB_02550	1	persistent	2	0	0
BENMGJ_04104	contig_48	243368	244849	-	GEGEGB_02549	1	persistent	2	0	0
BENMGJ_04105	contig_48	244887	245519	-	GEGEGB_02548	1	persistent	2	0	0
BENMGJ_04106	contig_48	245772	246086	+	GEGEGB_02547	1	persistent	2	0	0
BENMGJ_04107	contig_48	246433	247731	+	GEGEGB_02546	1	persistent	2	0	0
BENMGJ_04108	contig_48	247977	248600	+	GEGEGB_02545	1	persistent	2	0	0
BENMGJ_04109	contig_48	248852	250021	+	LNHIMF_00473	1	persistent	2	0	0
BENMGJ_04111	contig_48	250301	252655	+	GEGEGB_02542	1	persistent	2	0	0
BENMGJ_04112	contig_48	252864	253136	+	GEGEGB_02541	1	persistent	2	0	0
BENMGJ_04113	contig_48	253427	255298	+	GEGEGB_02540	1	persistent	2	0	0
BENMGJ_04114	contig_48	255448	255822	+	GEGEGB_02539	1	persistent	2	0	0
BENMGJ_04115	contig_48	255926	256324	+	GEGEGB_02538	1	persistent	2	0	0
BENMGJ_04116	contig_48	256430	257125	-	GEGEGB_02537	1	persistent	2	0	0
BENMGJ_04117	contig_48	257190	258890	-	GEGEGB_02536	1	persistent	2	0	0
BENMGJ_04118	contig_48	258991	259809	+	GEGEGB_02535	1	persistent	2	0	1
BENMGJ_04119	contig_48	259859	260914	-	LNHIMF_00483	1	persistent	2	1	0
BENMGJ_04120	contig_48	261027	261485	+	GEGEGB_02530	1	persistent	2	0	0
BENMGJ_04121	contig_48	261526	263298	+	GEGEGB_02529	1	persistent	2	0	0
BENMGJ_04122	contig_48	263291	265072	+	LNHIMF_00486	1	persistent	2	0	0
BENMGJ_04123	contig_48	265285	265623	+	GEGEGB_02527	1	persistent	2	0	0
BENMGJ_04124	contig_48	265655	266941	+	GEGEGB_02526	1	persistent	2	0	0
BENMGJ_04125	contig_48	267041	267901	-	GEGEGB_02525	1	persistent	2	0	0
BENMGJ_04126	contig_48	268116	268685	+	GEGEGB_02524	1	persistent	2	0	0
BENMGJ_04127	contig_48	268718	269029	-	GEGEGB_02523	1	persistent	2	0	0
BENMGJ_04129	contig_48	269338	270888	-	BEJGEH_00477	1	persistent	2	0	0
BENMGJ_04130	contig_48	271113	271373	+	GEGEGB_02520	1	persistent	2	0	1
BENMGJ_04131	contig_48	271575	272045	-	GEGEGB_02519	1	persistent	2	0	1
BENMGJ_04132	contig_48	272162	272713	-	GEGEGB_02518	1	persistent	2	0	0
BENMGJ_04133	contig_48	272892	273110	-	GEGEGB_02517	1	persistent	2	0	0
BENMGJ_04134	contig_48	273138	273512	-	GEGEGB_02516	1	persistent	2	0	0
BENMGJ_04135	contig_48	274008	277157	-	LNHIMF_03443	2	persistent	4	0	0
BENMGJ_04136	contig_48	277180	278373	-	GEGEGB_02514	1	persistent	2	0	0
BENMGJ_04137	contig_48	278515	279168	+	GEGEGB_02513	1	persistent	2	0	0
BENMGJ_04138	contig_48	279287	282649	+	LNHIMF_00503	1	persistent	2	0	0
BENMGJ_04139	contig_48	282691	283194	-	LNHIMF_00504	2	persistent	2	0	0
BENMGJ_04140	contig_48	283296	283751	-	LNHIMF_00504	2	persistent	2	0	0
BENMGJ_04141	contig_48	283821	283988	-	GEGEGB_02510	1	persistent	2	0	0
BENMGJ_04142	contig_48	284002	284517	-	BEJGEH_00490	1	persistent	2	0	1
BENMGJ_04143	contig_48	284598	284975	+	GEGEGB_02508	1	persistent	2	0	0
BENMGJ_04144	contig_48	285128	285679	+	LNHIMF_00508	1	persistent	2	0	1
BENMGJ_04145	contig_48	285793	287721	+	GEGEGB_02506	1	persistent	2	0	0
BENMGJ_04146	contig_48	287767	288096	+	GEGEGB_02505	1	persistent	2	0	0
BENMGJ_04147	contig_48	288096	288701	+	GEGEGB_02504	1	persistent	2	0	0
BENMGJ_04148	contig_48	288812	290686	+	GEGEGB_02503	1	persistent	2	0	0
BENMGJ_04149	contig_48	290927	291571	+	GEGEGB_02502	1	persistent	2	0	0
BENMGJ_04150	contig_48	291800	292762	+	LNHIMF_00514	1	persistent	2	0	0
BENMGJ_04151	contig_48	292759	293559	-	LNHIMF_00515	1	persistent	2	0	1
BENMGJ_04152	contig_48	293556	293729	-	BENMGJ_04152	1	cloud	2	0	0
BENMGJ_04153	contig_48	293837	295186	+	GEGEGB_02499	1	persistent	2	0	1
BENMGJ_04154	contig_48	295235	296911	-	GEGEGB_02498	1	persistent	2	1	0
BENMGJ_04155	contig_48	297126	298346	-	GEGEGB_02496	1	persistent	2	1	0
BENMGJ_04156	contig_48	298519	300171	+	BEJGEH_00506	1	persistent	2	0	0
BENMGJ_04157	contig_48	300288	300767	-	LNHIMF_00521	1	persistent	2	0	0
BENMGJ_04159	contig_48	300969	301763	-	BEJGEH_00509	1	persistent	3	0	0
BENMGJ_04160	contig_48	301849	302676	-	BEJGEH_00510	1	persistent	2	0	0
BENMGJ_04161	contig_48	302830	305331	-	LNHIMF_00525	1	persistent	3	0	0
BENMGJ_04162	contig_48	305441	305857	+	LNHIMF_00526	1	persistent	2	0	0
BENMGJ_04163	contig_48	305858	306310	-	GEGEGB_02487	1	persistent	2	0	0
BENMGJ_04164	contig_48	306307	307224	-	LNHIMF_00528	1	persistent	2	0	0
BENMGJ_04165	contig_48	307371	308048	+	LNHIMF_00529	1	persistent	2	0	0
BENMGJ_04166	contig_48	308035	308814	+	LNHIMF_00530	1	persistent	2	0	0
BENMGJ_04167	contig_48	308900	309754	-	GEGEGB_02483	1	persistent	2	0	0
BENMGJ_04168	contig_48	309814	310584	-	GEGEGB_02482	1	persistent	2	0	0
BENMGJ_04169	contig_48	310739	311323	-	GEGEGB_02481	1	persistent	2	0	0
BENMGJ_04170	contig_48	311324	312010	+	GEGEGB_02480	1	persistent	2	0	0
BENMGJ_04171	contig_48	312007	314421	+	LNHIMF_00535	1	persistent	2	0	0
BENMGJ_04172	contig_48	314418	314522	+	LNHIMF_00536	1	persistent	2	0	0
BENMGJ_04173	contig_48	314607	315740	+	GEGEGB_02477	1	persistent	2	0	0
BENMGJ_04174	contig_48	315997	316827	+	LNHIMF_00538	1	persistent	2	0	0
BENMGJ_04175	contig_48	316864	317880	+	LNHIMF_00539	1	persistent	2	0	0
BENMGJ_04176	contig_48	317873	318532	+	GEGEGB_02474	1	persistent	2	0	0
BENMGJ_04177	contig_48	318571	319665	-	BEJGEH_00527	1	persistent	3	0	0
BENMGJ_04178	contig_48	319735	320661	-	BEJGEH_00528	1	persistent	2	0	0
BENMGJ_04179	contig_48	320888	321370	+	BEJGEH_00529	1	persistent	2	0	0
BENMGJ_04180	contig_48	321449	322267	+	BEJGEH_00530	1	persistent	2	0	0
BENMGJ_04181	contig_48	322352	324133	+	BEJGEH_00531	1	persistent	2	0	0
BENMGJ_04182	contig_48	324146	324922	+	BEJGEH_00532	1	persistent	2	0	0
BENMGJ_04183	contig_48	325023	325901	+	BEJGEH_00533	1	persistent	2	0	0
BENMGJ_04184	contig_48	325967	327214	+	BEJGEH_00534	1	persistent	2	0	0
BENMGJ_04185	contig_48	327310	328194	+	HFCAGB_00549	2	persistent	2	0	0
BENMGJ_04186	contig_48	328198	328764	+	HFCAGB_00549	2	persistent	2	0	0
BENMGJ_04187	contig_48	328843	330204	+	GEGEGB_02462	1	persistent	2	0	0
BENMGJ_04188	contig_48	330263	331561	+	GEGEGB_02461	1	persistent	2	0	0
BENMGJ_04189	contig_48	331584	332732	+	BEJGEH_00538	1	persistent	2	0	0
BENMGJ_04191	contig_48	332812	333597	-	GEGEGB_02458	1	persistent	2	0	0
BENMGJ_04192	contig_48	333608	334843	-	BEJGEH_00541	1	persistent	2	0	0
BENMGJ_04193	contig_48	334865	335914	-	BEJGEH_00542	1	persistent	2	0	0
BENMGJ_04194	contig_48	336230	337894	+	HFCAGB_00557	1	persistent	2	0	0
BENMGJ_04195	contig_48	337904	339163	+	BEJGEH_00544	1	persistent	2	0	0
BENMGJ_04196	contig_48	339175	339984	+	HFCAGB_00559	1	persistent	2	0	0
BENMGJ_04197	contig_48	339988	340881	+	GEGEGB_02452	1	persistent	2	0	0
BENMGJ_04198	contig_48	340922	341989	-	GEGEGB_02451	1	persistent	3	0	0
BENMGJ_04199	contig_48	341986	342495	-	LNHIMF_00543	1	persistent	2	0	0
BENMGJ_04200	contig_48	342613	343335	-	LNHIMF_00544	1	persistent	2	0	0
BENMGJ_04201	contig_48	343338	343832	-	GEGEGB_02448	1	persistent	2	0	0
BENMGJ_04202	contig_48	344005	345390	+	GEGEGB_02447	1	persistent	3	0	0
BENMGJ_04203	contig_48	345435	346259	-	BEJGEH_00552	1	persistent	2	0	0
BENMGJ_04204	contig_48	346256	346693	-	BEJGEH_00553	1	persistent	2	0	0
BENMGJ_04205	contig_48	346686	347231	-	LNHIMF_00549	1	persistent	3	0	0
BENMGJ_04206	contig_48	347358	347570	-	GEGEGB_02445	1	persistent	2	0	0
BENMGJ_04207	contig_48	347572	348438	-	LNHIMF_00551	1	persistent	2	0	0
BENMGJ_04208	contig_48	348985	349542	+	LNHIMF_00552	1	persistent	2	0	0
BENMGJ_04209	contig_48	349617	350150	+	GEGEGB_02442	1	persistent	2	0	0
BENMGJ_04210	contig_48	350194	350886	+	LNHIMF_00554	1	persistent	2	0	0
BENMGJ_04211	contig_48	350917	353529	+	LNHIMF_00555	1	persistent	2	0	0
BENMGJ_04212	contig_48	353544	354551	+	LNHIMF_00556	1	persistent	2	0	0
BENMGJ_04213	contig_48	354561	355079	+	BEJGEH_00562	1	persistent	2	0	0
BENMGJ_04214	contig_48	355125	355757	-	LNHIMF_00558	1	persistent	2	0	0
BENMGJ_04215	contig_48	356361	357083	-	LNHIMF_00559	1	persistent	2	1	0
BENMGJ_04216	contig_48	357102	357410	-	AJBGEP_00574	1	shell	2	0	0
BENMGJ_04217	contig_48	357575	358171	-	GEGEGB_02434	1	persistent	2	3	2
BENMGJ_04219	contig_48	358618	358890	-	HFCAGB_00647	1	shell	2	1	0
BENMGJ_04220	contig_48	359067	359285	-	GEGEGB_02431	1	shell	1	3	0
BENMGJ_04221	contig_48	359457	359615	+	BEJGEH_00569	1	shell	0	2	0
BENMGJ_04222	contig_48	359672	361312	-	BEJGEH_00570	1	shell	1	2	0
BENMGJ_04223	contig_48	361305	362231	-	BEJGEH_04267	3	persistent	1	3	6
BENMGJ_04224	contig_48	362228	362590	-	GEGEGB_02428	2	persistent	3	3	2
BENMGJ_04226	contig_48	363458	363787	-	HFCAGB_00655	1	shell	2	0	1
BENMGJ_04227	contig_48	364126	364980	-	BEJGEH_00577	1	persistent	1	1	2
BENMGJ_04228	contig_48	365196	366521	+	LNHIMF_00716	1	persistent	2	0	0
BENMGJ_04229	contig_48	366678	366914	+	GEGEGB_02422	1	persistent	2	0	0
BENMGJ_04230	contig_48	366927	367487	+	GEGEGB_02421	1	persistent	2	0	0
BENMGJ_04231	contig_48	367566	368741	-	LNHIMF_00719	1	persistent	2	0	0
BENMGJ_04232	contig_48	369067	370461	+	LNHIMF_00720	1	persistent	2	0	0
BENMGJ_04233	contig_48	370503	371750	-	GEGEGB_02417	1	persistent	2	0	1
BENMGJ_04234	contig_48	372061	374031	+	AJBGEP_00592	1	persistent	3	1	1
BENMGJ_04235	contig_48	374198	376927	+	AJBGEP_00593	1	shell	1	1	0
BENMGJ_04236	contig_48	377055	378041	-	AJBGEP_00594	1	shell	0	2	0
BENMGJ_04237	contig_48	378108	379169	-	AJBGEP_00595	1	shell	0	2	0
BENMGJ_04238	contig_48	379184	380038	-	AJBGEP_00596	1	shell	0	2	0
BENMGJ_04239	contig_48	380041	380784	-	AJBGEP_00597	1	shell	0	2	0
BENMGJ_04240	contig_48	380799	381269	-	AJBGEP_00598	1	shell	0	2	0
BENMGJ_04241	contig_48	381247	381696	-	AJBGEP_00599	1	shell	1	1	0
BENMGJ_04242	contig_48	381896	382549	-	GEGEGB_02415	1	persistent	2	1	0
BENMGJ_04243	contig_48	382646	383014	-	BEJGEH_00586	1	persistent	2	0	0
BENMGJ_04244	contig_48	383014	383595	-	BEJGEH_00587	1	persistent	2	0	0
BENMGJ_04246	contig_48	383884	384225	+	LNHIMF_00724	1	persistent	3	0	0
BENMGJ_04247	contig_48	384231	384479	-	GEGEGB_02410	1	persistent	2	0	0
BENMGJ_04248	contig_48	384546	385664	-	LNHIMF_00726	1	persistent	2	0	0
BENMGJ_04249	contig_48	385676	386383	-	BENMGJ_04249	1	persistent	2	0	0
BENMGJ_04250	contig_48	386426	388681	-	LNHIMF_00728	1	persistent	2	0	0
BENMGJ_04251	contig_48	388870	390084	+	BEJGEH_00594	1	persistent	2	0	0
BENMGJ_04252	contig_48	390115	390333	+	LNHIMF_00730	1	persistent	2	0	0
BENMGJ_04253	contig_48	390330	394214	+	LNHIMF_00731	1	persistent	2	0	0
BENMGJ_04254	contig_48	394464	395600	+	HFCAGB_00677	1	persistent	2	0	0
BENMGJ_04255	contig_48	395653	396447	-	GEGEGB_02401	1	persistent	2	0	0
BENMGJ_04256	contig_48	396444	397433	-	GEGEGB_02400	1	persistent	2	0	0
BENMGJ_04257	contig_48	397433	398440	-	GEGEGB_02399	1	persistent	2	0	0
BENMGJ_04258	contig_48	398551	399795	+	GEGEGB_02398	1	persistent	2	0	0
BENMGJ_04259	contig_48	399858	400814	-	LNHIMF_00737	1	persistent	2	0	0
BENMGJ_04260	contig_48	401123	402298	+	GEGEGB_02396	1	persistent	2	0	0
BENMGJ_04261	contig_48	402308	403918	+	LNHIMF_00739	1	persistent	2	0	0
BENMGJ_04262	contig_48	403932	404789	+	GEGEGB_02394	1	persistent	2	0	0
BENMGJ_04263	contig_48	404789	405544	+	HFCAGB_00686	1	persistent	2	0	0
BENMGJ_04264	contig_48	405547	405960	+	GEGEGB_02392	1	persistent	2	0	0
BENMGJ_04265	contig_48	406142	408247	+	LNHIMF_00743	1	persistent	2	0	0
BENMGJ_04266	contig_48	408311	408508	+	GEGEGB_02390	1	persistent	2	0	0
BENMGJ_04267	contig_48	408544	409632	-	LNHIMF_00745	1	persistent	2	0	0
BENMGJ_04268	contig_48	409759	410919	+	LNHIMF_00746	1	persistent	2	0	0
BENMGJ_04269	contig_48	410920	411537	-	BEJGEH_00612	1	persistent	2	0	0
BENMGJ_04270	contig_48	411510	412745	-	LNHIMF_00748	1	persistent	2	0	0
BENMGJ_04271	contig_48	412911	413813	-	LNHIMF_00749	1	persistent	2	0	0
BENMGJ_04272	contig_48	414130	414876	-	LNHIMF_00750	1	persistent	2	0	0
BENMGJ_04274	contig_48	415317	415880	+	GEGEGB_02382	1	persistent	2	0	0
BENMGJ_04275	contig_48	416122	417687	+	LNHIMF_00753	1	persistent	2	1	0
BENMGJ_04276	contig_48	418020	418580	+	BEJGEH_00619	1	persistent	2	1	0
BENMGJ_04277	contig_48	418573	420852	+	LNHIMF_00755	1	persistent	2	0	1
BENMGJ_04278	contig_48	420849	421406	+	LNHIMF_00756	1	persistent	2	0	0
BENMGJ_04279	contig_48	421406	422173	+	GEGEGB_02375	1	persistent	2	0	1
BENMGJ_04280	contig_48	422241	422669	-	GEGEGB_02374	1	persistent	2	0	0
BENMGJ_04281	contig_48	422892	424130	+	LNHIMF_00759	1	persistent	2	0	0
BENMGJ_04282	contig_48	424211	424621	-	GEGEGB_02372	1	persistent	2	0	0
BENMGJ_04283	contig_48	424856	425662	-	LNHIMF_00761	1	persistent	2	0	0
BENMGJ_04284	contig_48	425772	427235	-	LNHIMF_00762	1	persistent	2	0	0
BENMGJ_04285	contig_48	427273	428169	-	GEGEGB_02369	1	persistent	2	0	0
BENMGJ_04286	contig_48	428141	428692	-	BEJGEH_00629	1	persistent	2	0	0
BENMGJ_04287	contig_48	428696	430225	-	LNHIMF_00765	1	persistent	2	0	0
BENMGJ_04288	contig_48	430235	431143	-	LNHIMF_00766	1	persistent	2	0	0
BENMGJ_04289	contig_48	431140	431436	-	GEGEGB_02365	1	persistent	2	0	0
BENMGJ_04290	contig_48	431433	432509	-	LNHIMF_00768	1	persistent	2	0	1
BENMGJ_04291	contig_48	432894	434555	+	GEGEGB_02363	1	persistent	2	0	2
BENMGJ_04292	contig_48	434524	435204	+	GEGEGB_02362	1	persistent	2	0	0
BENMGJ_04293	contig_48	435258	436643	-	GEGEGB_02361	1	persistent	2	0	1
BENMGJ_04294	contig_48	437022	437594	+	LNHIMF_00773	1	persistent	2	0	0
BENMGJ_04295	contig_48	437782	437991	+	GEGEGB_01108	2	persistent	4	0	0
BENMGJ_04296	contig_48	438049	438432	-	GEGEGB_02358	1	persistent	2	0	0
BENMGJ_04297	contig_48	438523	439311	+	HFCAGB_00724	1	persistent	2	0	0
BENMGJ_04298	contig_48	439440	439643	+	GEGEGB_02356	1	persistent	2	0	0
BENMGJ_04299	contig_48	439729	440694	-	GEGEGB_02355	1	persistent	2	0	0
BENMGJ_04300	contig_48	440900	441853	-	GEGEGB_02354	1	persistent	2	0	0
BENMGJ_04301	contig_48	442155	442796	-	GEGEGB_02353	1	persistent	2	0	0
BENMGJ_04302	contig_48	442896	443159	-	GEGEGB_02352	1	persistent	2	0	0
BENMGJ_04303	contig_48	443267	444478	-	LNHIMF_00782	1	persistent	2	0	0
BENMGJ_04304	contig_48	444618	445751	-	AJBGEP_00662	1	persistent	2	0	0
BENMGJ_04305	contig_48	445762	446874	-	GEGEGB_02349	1	persistent	2	0	0
BENMGJ_04306	contig_48	446877	448778	-	LNHIMF_00785	1	persistent	2	0	0
BENMGJ_04307	contig_48	448809	449276	-	GEGEGB_02347	1	persistent	2	0	0
BENMGJ_04308	contig_48	449280	449597	-	GEGEGB_02346	1	persistent	2	0	0
BENMGJ_04309	contig_48	449926	450534	-	GEGEGB_02345	1	persistent	2	0	0
BENMGJ_04310	contig_48	450631	451725	+	LNHIMF_00789	1	persistent	2	0	0
BENMGJ_04311	contig_48	451700	452350	-	LNHIMF_00790	1	persistent	2	0	0
BENMGJ_04312	contig_48	452343	453374	-	GEGEGB_02342	1	persistent	2	0	0
BENMGJ_04313	contig_48	453374	453964	-	GEGEGB_02341	1	persistent	2	0	0
BENMGJ_04314	contig_48	453979	456561	-	LNHIMF_00793	1	persistent	2	0	0
BENMGJ_04315	contig_48	456849	457139	+	GEGEGB_02339	1	persistent	2	0	0
BENMGJ_04316	contig_48	457078	458328	+	BEJGEH_00660	1	persistent	2	0	0
BENMGJ_04317	contig_48	458378	459331	+	LNHIMF_00796	1	persistent	2	0	0
BENMGJ_04318	contig_48	459399	461327	+	LNHIMF_00797	1	persistent	2	0	0
BENMGJ_04319	contig_48	461420	461893	+	GEGEGB_02335	1	persistent	3	1	1
BENMGJ_04320	contig_48	461932	462927	-	HFCAGB_00748	1	shell	1	1	0
BENMGJ_04321	contig_48	463052	463759	+	HFCAGB_00749	1	shell	0	2	1
BENMGJ_04322	contig_48	463756	465189	+	HFCAGB_00750	1	shell	0	2	0
BENMGJ_04323	contig_48	465201	465896	+	BEJGEH_00667	1	shell	0	2	0
BENMGJ_04324	contig_48	465893	467365	+	AJBGEP_00682	1	shell	0	2	0
BENMGJ_04325	contig_48	467387	469066	-	BEJGEH_00669	1	shell	2	1	0
BENMGJ_04326	contig_48	469142	470380	-	BEJGEH_00670	1	persistent	2	1	0
BENMGJ_04327	contig_48	470412	471347	-	GEGEGB_02333	1	persistent	3	0	0
BENMGJ_04328	contig_48	471464	472189	-	GEGEGB_02332	1	persistent	2	0	0
BENMGJ_04329	contig_48	472189	472863	-	GEGEGB_02331	1	persistent	2	0	0
BENMGJ_04330	contig_48	472863	473603	-	GEGEGB_02330	1	persistent	2	0	0
BENMGJ_04332	contig_48	473763	474671	-	LNHIMF_00804	1	persistent	2	0	0
BENMGJ_04333	contig_48	475026	476615	-	LNHIMF_00805	1	persistent	2	0	0
BENMGJ_04334	contig_48	476584	477462	-	GEGEGB_02326	1	persistent	2	0	0
BENMGJ_04335	contig_48	477620	478093	-	GEGEGB_02325	1	persistent	2	0	0
BENMGJ_04336	contig_48	478090	479136	-	GEGEGB_02324	1	persistent	2	0	0
BENMGJ_04337	contig_48	479341	480765	-	GEGEGB_02323	1	persistent	2	0	0
BENMGJ_04338	contig_48	480909	482084	+	GEGEGB_02322	1	persistent	2	2	0
BENMGJ_04339	contig_48	482151	482675	-	AJBGEP_00697	1	shell	2	1	0
BENMGJ_04347	contig_48	483792	484055	-	GEGEGB_02315	2	persistent	2	2	0
BENMGJ_04348	contig_48	484061	485455	-	GEGEGB_02315	2	persistent	2	2	0
BENMGJ_04349	contig_48	485745	486497	-	GEGEGB_02314	1	persistent	2	0	1
BENMGJ_04350	contig_48	486544	487764	-	GEGEGB_02313	1	persistent	2	0	0
BENMGJ_04351	contig_48	487769	488983	-	LNHIMF_00823	1	persistent	2	0	0
BENMGJ_04352	contig_48	488983	489783	-	GEGEGB_02311	1	persistent	2	0	0
BENMGJ_04353	contig_48	490110	492062	+	LNHIMF_00825	1	persistent	2	0	0
BENMGJ_04354	contig_48	492273	493940	+	ALJMDI_00783	1	persistent	2	0	0
BENMGJ_04355	contig_48	494392	495798	+	GEGEGB_02308	1	persistent	2	0	0
BENMGJ_04356	contig_48	495848	496180	+	GEGEGB_02307	1	persistent	2	0	0
BENMGJ_04357	contig_48	496229	497533	-	GEGEGB_02306	1	persistent	2	0	0
BENMGJ_04358	contig_48	497584	498723	-	BEJGEH_00703	1	persistent	2	0	0
BENMGJ_04359	contig_48	498710	500113	-	GEGEGB_02304	1	persistent	2	0	0
BENMGJ_04360	contig_48	500211	501137	-	LNHIMF_00832	1	persistent	2	0	0
BENMGJ_04361	contig_48	501252	501704	-	GEGEGB_02302	1	persistent	2	0	1
BENMGJ_04362	contig_48	501986	502516	-	LNHIMF_00835	1	persistent	2	0	1
BENMGJ_04363	contig_48	502667	502960	-	GEGEGB_02300	1	persistent	2	0	0
BENMGJ_04364	contig_48	503093	503863	-	LNHIMF_00837	1	persistent	2	0	0
BENMGJ_04365	contig_48	504048	504590	+	GEGEGB_02298	1	persistent	2	0	0
BENMGJ_04366	contig_48	504615	506255	+	GEGEGB_02297	1	persistent	2	0	0
BENMGJ_04367	contig_48	506370	506855	-	GEGEGB_02296	1	persistent	2	0	0
BENMGJ_04368	contig_48	506920	508239	-	GEGEGB_02295	1	persistent	2	0	0
BENMGJ_04369	contig_48	508236	510434	-	LNHIMF_00842	1	persistent	3	0	2
BENMGJ_04370	contig_48	510814	510918	-	LNHIMF_00843	1	persistent	2	0	0
BENMGJ_04371	contig_48	511196	511873	-	LNHIMF_00844	1	persistent	3	0	1
BENMGJ_04372	contig_48	511870	514554	-	LNHIMF_00845	1	persistent	2	0	0
BENMGJ_04373	contig_48	514551	515135	-	LNHIMF_00846	1	persistent	2	0	0
BENMGJ_04374	contig_48	515144	517192	-	GEGEGB_02287	1	persistent	2	0	0
BENMGJ_04375	contig_48	517213	518892	-	GEGEGB_02286	1	persistent	2	0	0
BENMGJ_04376	contig_48	519318	519524	+	GEGEGB_02285	1	persistent	2	0	0
BENMGJ_04377	contig_48	519635	521056	+	LNHIMF_00850	1	persistent	2	0	0
BENMGJ_04378	contig_48	521095	522576	-	GEGEGB_02283	1	persistent	2	0	0
BENMGJ_04379	contig_48	522905	523648	+	GEGEGB_02282	1	persistent	2	0	0
BENMGJ_04380	contig_48	523664	524320	+	GEGEGB_02281	1	persistent	2	0	0
BENMGJ_04381	contig_48	524314	525246	+	LNHIMF_00854	1	persistent	2	0	0
BENMGJ_04382	contig_48	525236	525970	+	GEGEGB_02279	1	persistent	2	1	0
BENMGJ_04383	contig_48	526485	527051	+	GEGEGB_02278	1	shell	1	1	0
BENMGJ_04384	contig_48	527614	527835	+	GEGEGB_02277	1	shell	0	2	0
BENMGJ_04385	contig_48	527837	528577	+	GEGEGB_02276	1	shell	0	2	0
BENMGJ_04386	contig_48	528863	529633	+	LNHIMF_00859	2	shell	0	2	0
BENMGJ_04387	contig_48	529666	530013	+	LNHIMF_00859	2	shell	0	2	0
BENMGJ_04388	contig_48	530013	530906	+	LNHIMF_00860	1	shell	0	2	0
BENMGJ_04389	contig_48	530919	532052	+	GEGEGB_02273	1	shell	0	3	0
BENMGJ_04390	contig_48	532181	532951	+	LNHIMF_00862	1	shell	0	2	0
BENMGJ_04391	contig_48	532955	533665	+	LNHIMF_00863	1	shell	0	3	0
BENMGJ_04392	contig_48	533759	535537	+	LNHIMF_00864	1	shell	0	2	0
BENMGJ_04393	contig_48	535730	536563	+	LNHIMF_00865	1	shell	0	2	0
BENMGJ_04394	contig_48	536567	538516	+	AJBGEP_00750	1	shell	0	2	0
BENMGJ_04395	contig_48	538584	538721	+	ALJMDI_01073	1	shell	1	1	0
BENMGJ_04396	contig_48	538770	539561	+	BEJGEH_00728	1	persistent	2	1	0
BENMGJ_04397	contig_48	539616	540662	-	GEGEGB_02263	1	persistent	2	0	0
BENMGJ_04398	contig_48	540799	542082	-	LNHIMF_00870	1	persistent	2	1	0
BENMGJ_04399	contig_48	542822	543226	+	GEGEGB_02261	1	persistent	2	1	0
BENMGJ_04400	contig_48	543220	543567	+	GEGEGB_02260	1	persistent	2	0	0
BENMGJ_04401	contig_48	543567	545333	+	LNHIMF_00873	1	persistent	2	0	0
BENMGJ_04402	contig_48	545350	546066	+	LNHIMF_00874	1	persistent	2	0	0
BENMGJ_04403	contig_48	546590	549391	+	GEGEGB_02257	1	persistent	2	0	0
BENMGJ_04404	contig_48	549406	550614	+	GEGEGB_02256	1	persistent	2	0	0
BENMGJ_04405	contig_48	550756	551922	+	GEGEGB_02255	1	persistent	2	0	0
BENMGJ_04406	contig_48	551922	552791	+	LNHIMF_00878	1	persistent	2	0	0
BENMGJ_04407	contig_48	552820	552945	+	LNHIMF_00879	1	persistent	2	0	0
BENMGJ_04408	contig_48	554374	555942	+	LNHIMF_00880	1	persistent	2	0	0
BENMGJ_04409	contig_48	555958	557097	+	GEGEGB_02251	1	persistent	2	0	0
BENMGJ_04410	contig_48	557112	557225	+	GEGEGB_02250	1	persistent	2	0	0
BENMGJ_04411	contig_48	557225	557518	+	LNHIMF_00883	1	persistent	2	0	0
BENMGJ_04412	contig_48	557747	558151	+	LNHIMF_00884	1	persistent	2	0	0
BENMGJ_04413	contig_48	558148	558840	+	GEGEGB_02247	1	persistent	2	0	0
BENMGJ_04414	contig_48	558844	559272	+	GEGEGB_02246	1	persistent	2	0	1
BENMGJ_04415	contig_48	559337	560515	+	ODDLKH_01241	1	persistent	2	0	1
BENMGJ_04416	contig_48	560639	561931	+	LNHIMF_00889	1	persistent	2	0	1
BENMGJ_04417	contig_48	561966	562490	+	GEGEGB_02243	1	persistent	2	0	0
BENMGJ_04418	contig_48	562500	563288	+	GEGEGB_02242	1	persistent	2	0	0
BENMGJ_04424	contig_48	564908	565951	+	LNHIMF_00897	1	persistent	2	0	0
BENMGJ_04425	contig_48	565976	566695	+	LNHIMF_00898	1	persistent	2	0	0
BENMGJ_04426	contig_48	566692	567630	-	LNHIMF_00899	1	persistent	2	0	0
BENMGJ_04427	contig_48	567741	568127	-	GEGEGB_02235	1	persistent	2	0	0
BENMGJ_04428	contig_48	568447	569499	+	GEGEGB_02234	1	persistent	2	1	0
BENMGJ_04429	contig_48	569593	570138	-	BEJGEH_00762	1	shell	1	1	0
BENMGJ_04430	contig_48	570153	570998	-	BEJGEH_00763	1	shell	0	2	0
BENMGJ_04431	contig_48	571128	572018	+	BEJGEH_00764	1	shell	0	2	0
BENMGJ_04432	contig_48	572019	572945	-	BEJGEH_00765	1	shell	0	2	0
BENMGJ_04433	contig_48	573225	574493	+	BEJGEH_00766	1	shell	1	1	0
BENMGJ_04434	contig_48	574543	574788	+	AJBGEP_03535	3	persistent	3	1	0
BENMGJ_04435	contig_48	574804	576573	+	GEGEGB_00060	3	persistent	2	0	1
BENMGJ_04436	contig_48	576589	577890	+	LNHIMF_00056	3	persistent	4	0	0
BENMGJ_04437	contig_48	578043	578741	+	BEJGEH_00770	1	persistent	2	0	0
BENMGJ_04438	contig_48	579121	580200	+	GEGEGB_02233	1	persistent	3	0	0
BENMGJ_04439	contig_48	580200	580976	+	BEJGEH_00772	1	persistent	2	0	0
BENMGJ_04440	contig_48	581067	581819	-	GEGEGB_02231	1	persistent	2	0	0
BENMGJ_04441	contig_48	582043	583083	-	LNHIMF_00905	1	persistent	2	0	0
BENMGJ_04442	contig_48	583077	584225	-	GEGEGB_02229	1	persistent	2	0	0
BENMGJ_04443	contig_48	584228	585274	-	LNHIMF_00907	1	persistent	2	0	0
BENMGJ_04444	contig_48	585285	586301	-	GEGEGB_02227	1	persistent	2	0	0
BENMGJ_04445	contig_48	586524	587432	-	LNHIMF_00909	1	persistent	2	0	0
BENMGJ_04446	contig_48	587603	589078	-	LNHIMF_00910	1	persistent	2	0	0
BENMGJ_04447	contig_48	589146	589934	-	GEGEGB_02224	1	persistent	2	0	1
BENMGJ_04448	contig_48	590063	590212	+	GEGEGB_02223	1	persistent	2	0	0
BENMGJ_04449	contig_48	590379	591152	+	LNHIMF_00913	1	persistent	2	0	1
BENMGJ_04450	contig_48	591152	591841	+	GEGEGB_02221	1	persistent	2	0	0
BENMGJ_04451	contig_48	591844	592902	+	LNHIMF_00915	1	persistent	2	0	0
BENMGJ_04452	contig_48	592903	593721	-	LNHIMF_00916	1	persistent	2	0	3
BENMGJ_04453	contig_48	593885	594880	+	LNHIMF_00917	1	persistent	2	0	1
BENMGJ_04454	contig_48	595024	596307	-	GEGEGB_02217	1	persistent	2	0	0
BENMGJ_04455	contig_48	596599	597768	+	LNHIMF_00919	1	persistent	2	0	0
BENMGJ_04456	contig_48	597765	598706	+	LNHIMF_00920	1	persistent	2	0	0
BENMGJ_04457	contig_48	598751	599476	+	GEGEGB_02214	1	persistent	2	0	0
BENMGJ_04458	contig_48	599673	601358	+	LNHIMF_00922	1	persistent	2	0	0
BENMGJ_04459	contig_48	601360	602880	+	LNHIMF_00923	1	persistent	2	0	0
BENMGJ_04460	contig_48	602965	603441	-	GEGEGB_02211	1	persistent	2	0	0
BENMGJ_04461	contig_48	603499	604788	-	GEGEGB_02210	1	persistent	2	0	0
BENMGJ_04462	contig_48	604875	605915	+	GEGEGB_02209	1	persistent	2	0	0
BENMGJ_04463	contig_48	605912	607069	+	GEGEGB_02208	1	persistent	2	0	0
BENMGJ_04464	contig_48	607053	607808	+	LNHIMF_00928	1	persistent	2	0	0
BENMGJ_04465	contig_48	607801	608487	+	GEGEGB_02206	1	persistent	2	0	0
BENMGJ_04466	contig_48	609138	611159	+	LNHIMF_00930	1	persistent	2	0	0
BENMGJ_04467	contig_48	611649	613913	+	AJBGEP_00824	1	persistent	2	0	0
BENMGJ_04468	contig_48	614008	614916	-	GEGEGB_02202	1	persistent	2	0	0
BENMGJ_04469	contig_48	615280	616302	+	GEGEGB_02201	1	persistent	2	0	0
BENMGJ_04470	contig_48	616324	616836	+	GEGEGB_02200	1	persistent	2	0	0
BENMGJ_04471	contig_48	616881	617324	+	LNHIMF_00935	1	persistent	2	0	0
BENMGJ_04472	contig_48	617317	617562	+	LNHIMF_00936	1	persistent	2	0	0
BENMGJ_04473	contig_48	617564	618016	+	GEGEGB_02197	1	persistent	2	0	1
BENMGJ_04474	contig_48	618064	618768	+	LNHIMF_00938	1	persistent	2	0	4
BENMGJ_04475	contig_48	618969	619622	+	BENMGJ_04475	1	cloud	1	1	0
BENMGJ_04476	contig_48	619652	620254	+	HFCAGB_00889	1	shell	2	0	2
BENMGJ_04477	contig_48	620262	620822	+	BEJGEH_00810	1	persistent	2	1	1
BENMGJ_04478	contig_48	620825	621787	-	GEGEGB_02192	1	persistent	2	0	1
BENMGJ_04479	contig_48	621787	623028	-	GEGEGB_02191	1	persistent	2	0	0
BENMGJ_04480	contig_48	623025	623783	-	LNHIMF_00943	1	persistent	2	0	0
BENMGJ_04481	contig_48	623916	624326	+	GEGEGB_02189	1	persistent	2	0	0
BENMGJ_04482	contig_48	624288	625394	-	GEGEGB_02188	1	persistent	2	0	0
BENMGJ_04483	contig_48	625510	626640	-	GEGEGB_02187	1	persistent	2	0	0
BENMGJ_04484	contig_48	626633	628369	-	LNHIMF_00947	1	persistent	2	0	0
BENMGJ_04485	contig_48	628362	629357	-	GEGEGB_02185	1	persistent	2	0	0
BENMGJ_04486	contig_48	629357	630031	-	LNHIMF_00949	1	persistent	2	0	1
BENMGJ_04487	contig_48	630261	631622	+	GEGEGB_02183	1	persistent	3	0	1
BENMGJ_04488	contig_48	631830	633974	+	LNHIMF_00951	1	persistent	2	0	1
BENMGJ_04489	contig_48	634004	634978	+	BEJGEH_00823	1	persistent	2	1	0
BENMGJ_04490	contig_48	635134	635394	-	GEGEGB_02178	1	persistent	2	1	0
BENMGJ_04491	contig_48	635679	635945	-	GEGEGB_02177	1	persistent	2	0	1
BENMGJ_04492	contig_48	636150	637076	+	GEGEGB_02175	1	persistent	2	0	1
BENMGJ_04493	contig_48	637073	639295	-	LNHIMF_00956	1	persistent	2	0	0
BENMGJ_04494	contig_48	639414	640136	-	GEGEGB_02173	1	persistent	2	0	0
BENMGJ_04495	contig_48	640133	640792	-	GEGEGB_02172	1	persistent	2	0	0
BENMGJ_04496	contig_48	640936	641682	-	GEGEGB_02171	1	persistent	2	0	1
BENMGJ_04497	contig_48	642030	642209	+	BENMGJ_04497	1	cloud	2	0	0
BENMGJ_04498	contig_48	642159	642662	-	GEGEGB_02170	1	persistent	2	0	1
BENMGJ_04499	contig_48	642965	643852	-	GEGEGB_02169	1	persistent	2	0	0
BENMGJ_04500	contig_48	644206	644721	+	GEGEGB_02168	1	persistent	2	0	1
BENMGJ_04501	contig_48	644784	646364	-	LNHIMF_00963	1	persistent	2	1	0
BENMGJ_04502	contig_48	646629	646757	-	GEGEGB_02163	1	persistent	2	0	0
BENMGJ_04503	contig_48	646943	647416	+	GEGEGB_02162	1	persistent	2	0	0
BENMGJ_04504	contig_48	647413	648525	+	GEGEGB_02161	1	persistent	2	0	0
BENMGJ_04505	contig_48	648569	649489	-	GEGEGB_02160	1	persistent	2	0	0
BENMGJ_04506	contig_48	649708	651303	+	GEGEGB_02159	1	persistent	2	1	0
BENMGJ_04507	contig_48	651425	652690	-	LNHIMF_00969	1	persistent	2	0	2
BENMGJ_04508	contig_48	652952	653761	+	GEGEGB_02157	1	persistent	2	1	3
BENMGJ_04509	contig_48	653839	656271	-	LNHIMF_00971	1	persistent	2	0	0
BENMGJ_04510	contig_48	656277	657176	-	GEGEGB_02155	1	persistent	2	0	0
BENMGJ_04511	contig_48	657454	658203	-	LNHIMF_00973	1	persistent	2	0	0
BENMGJ_04512	contig_48	658203	659438	-	LNHIMF_00974	1	persistent	2	0	0
BENMGJ_04513	contig_48	659641	660582	+	GEGEGB_02152	1	persistent	2	0	0
BENMGJ_04514	contig_48	660593	662464	+	GEGEGB_02151	1	persistent	2	0	0
BENMGJ_04515	contig_48	662497	664035	+	GEGEGB_02150	1	persistent	2	0	0
BENMGJ_04516	contig_48	664096	665016	+	GEGEGB_02149	1	persistent	2	0	0
BENMGJ_04517	contig_48	665019	665930	+	GEGEGB_02148	1	persistent	2	0	0
BENMGJ_04518	contig_48	666021	667346	-	LNHIMF_00980	1	persistent	2	0	0
BENMGJ_04519	contig_48	667577	667960	+	GEGEGB_02146	1	persistent	1	1	2
BENMGJ_04520	contig_48	668674	669189	+	LNHIMF_00982	1	shell	1	1	1
BENMGJ_04521	contig_48	669212	669961	+	LNHIMF_00983	1	shell	0	2	0
BENMGJ_04522	contig_48	669972	670919	+	AJBGEP_00883	1	shell	0	2	1
BENMGJ_04523	contig_48	670952	671149	+	HFCAGB_00939	1	shell	0	2	0
BENMGJ_04524	contig_48	671213	672376	+	LNHIMF_00986	1	shell	0	3	1
BENMGJ_04525	contig_48	672401	672592	+	LNHIMF_00987	1	shell	0	2	0
BENMGJ_04526	contig_48	672825	674510	+	LNHIMF_00988	1	shell	0	3	0
BENMGJ_04527	contig_48	674516	675406	-	HFCAGB_00943	1	shell	0	2	0
BENMGJ_04528	contig_48	675671	676096	-	LNHIMF_00990	1	shell	0	2	1
BENMGJ_04529	contig_48	676443	676940	+	HFCAGB_00945	1	shell	0	2	0
BENMGJ_04530	contig_48	676961	677134	+	HFCAGB_00946	1	shell	1	1	0
BENMGJ_04531	contig_48	677131	677757	-	GEGEGB_02144	1	persistent	1	1	2
BENMGJ_04532	contig_48	678133	679203	+	GEGEGB_02143	1	persistent	2	0	0
BENMGJ_04533	contig_48	679248	680006	-	GEGEGB_02142	1	persistent	2	0	0
BENMGJ_04534	contig_48	680078	680752	-	GEGEGB_02141	1	persistent	2	0	0
BENMGJ_04535	contig_48	680999	682231	+	GEGEGB_02140	1	persistent	2	0	0
BENMGJ_04536	contig_48	682285	683100	-	GEGEGB_02139	1	persistent	2	0	0
BENMGJ_04537	contig_48	683097	684308	-	LNHIMF_00998	1	persistent	2	0	0
BENMGJ_04538	contig_48	684476	685036	+	LNHIMF_00999	1	persistent	2	0	0
BENMGJ_04540	contig_48	685213	686898	-	GEGEGB_02135	1	persistent	2	0	0
BENMGJ_04541	contig_48	687169	687546	+	LNHIMF_01002	1	persistent	2	0	0
BENMGJ_04542	contig_48	687578	687841	-	GEGEGB_02133	1	persistent	2	0	0
BENMGJ_04543	contig_48	688011	688301	+	LNHIMF_01004	1	persistent	2	0	0
BENMGJ_04544	contig_48	688285	689007	+	BEJGEH_00869	1	persistent	2	0	0
BENMGJ_04545	contig_48	689065	689967	+	GEGEGB_02130	1	persistent	2	0	0
BENMGJ_04546	contig_48	690064	690540	+	GEGEGB_02129	1	persistent	2	0	0
BENMGJ_04547	contig_48	690886	692001	+	LNHIMF_01008	1	persistent	2	0	0
BENMGJ_04548	contig_48	692089	693222	+	LNHIMF_01009	1	persistent	2	0	0
BENMGJ_04549	contig_48	693232	694185	+	LNHIMF_01010	1	persistent	2	0	0
BENMGJ_04550	contig_48	694182	695027	+	GEGEGB_02125	1	persistent	2	0	0
BENMGJ_04551	contig_48	695173	695574	+	GEGEGB_02124	1	persistent	2	0	0
BENMGJ_04552	contig_48	695617	696744	+	AJBGEP_00912	1	persistent	2	0	0
BENMGJ_04553	contig_48	697039	698382	+	BEJGEH_00878	1	persistent	2	0	0
BENMGJ_04554	contig_48	698412	698732	+	LNHIMF_01015	1	persistent	2	0	0
BENMGJ_04555	contig_48	698742	700229	+	LNHIMF_01016	1	persistent	2	0	0
BENMGJ_04556	contig_48	700448	701179	-	GEGEGB_02119	1	persistent	2	0	0
BENMGJ_04557	contig_48	701416	702084	-	GEGEGB_02118	1	persistent	2	0	0
BENMGJ_04558	contig_48	702084	702800	-	GEGEGB_02117	1	persistent	2	0	0
BENMGJ_04559	contig_48	702807	703538	-	LNHIMF_01020	1	persistent	2	0	0
BENMGJ_04560	contig_48	703556	704284	-	GEGEGB_02115	1	persistent	2	0	0
BENMGJ_04561	contig_48	704514	705029	-	GEGEGB_02114	1	persistent	2	0	0
BENMGJ_04562	contig_48	705157	705480	+	GEGEGB_02113	1	persistent	2	0	0
BENMGJ_04563	contig_48	705477	706307	+	GEGEGB_02112	1	persistent	2	0	0
BENMGJ_04564	contig_48	706304	707317	-	GEGEGB_02111	1	persistent	2	0	0
BENMGJ_04565	contig_48	707413	708846	-	LNHIMF_01026	1	persistent	2	0	0
BENMGJ_04566	contig_48	708857	709858	-	LNHIMF_01027	1	persistent	2	0	0
BENMGJ_04567	contig_48	709897	711615	-	GEGEGB_02108	1	persistent	2	0	0
BENMGJ_04568	contig_48	711773	712741	-	LNHIMF_01029	1	persistent	2	0	0
BENMGJ_04569	contig_48	712753	714405	-	LNHIMF_01030	1	persistent	2	0	0
BENMGJ_04570	contig_48	714549	715448	-	GEGEGB_02105	1	persistent	2	0	0
BENMGJ_04571	contig_48	715650	717308	+	LNHIMF_01032	1	persistent	2	0	0
BENMGJ_04572	contig_48	717305	718255	-	LNHIMF_01033	1	persistent	2	0	0
BENMGJ_04573	contig_48	718401	719519	+	GEGEGB_02102	1	persistent	2	0	0
BENMGJ_04574	contig_48	719516	721462	+	GEGEGB_02101	1	persistent	2	0	0
BENMGJ_04575	contig_48	721592	721813	-	GEGEGB_02100	1	persistent	2	0	0
BENMGJ_04576	contig_48	722137	722457	+	GEGEGB_02099	1	persistent	2	0	0
BENMGJ_04577	contig_48	722488	724764	+	LNHIMF_01038	1	persistent	2	4	1
BENMGJ_04579	contig_48	724955	725413	+	GEGEGB_00250	4	shell	58	4	2
BENMGJ_04580	contig_48	725687	725884	-	GEGEGB_02097	1	shell	2	3	2
BENMGJ_04581	contig_48	726530	726997	-	IKCLMC_01514	1	cloud	1	1	0
BENMGJ_04583	contig_48	727280	727957	-	GEGEGB_03971	2	persistent	5	2	3
BENMGJ_04584	contig_48	727977	728837	-	LNHIMF_01041	1	persistent	2	0	0
BENMGJ_04585	contig_48	728946	729857	+	GEGEGB_02092	1	persistent	2	0	0
BENMGJ_04586	contig_48	729948	730166	-	GEGEGB_02091	1	persistent	2	0	0
BENMGJ_04587	contig_48	730478	731182	-	GEGEGB_02090	1	persistent	2	0	0
BENMGJ_04588	contig_48	731227	732948	-	LNHIMF_01045	1	persistent	2	0	0
BENMGJ_04589	contig_48	732949	734715	-	GEGEGB_02088	1	persistent	2	0	0
BENMGJ_04590	contig_48	734829	735797	-	GEGEGB_02087	1	persistent	2	0	1
BENMGJ_04591	contig_48	736343	736837	+	LNHIMF_01048	1	persistent	2	0	0
BENMGJ_04592	contig_48	736972	741054	+	ONMMKP_01187	1	persistent	2	0	0
BENMGJ_04593	contig_48	741197	741808	+	LNHIMF_01050	1	persistent	2	0	0
BENMGJ_04594	contig_48	741818	743161	+	GEGEGB_02083	1	persistent	2	0	0
BENMGJ_04595	contig_48	743420	744712	+	GEGEGB_02082	1	persistent	2	0	0
BENMGJ_04597	contig_48	744949	747393	+	LNHIMF_01054	1	persistent	2	0	0
BENMGJ_04598	contig_48	747404	748021	+	GEGEGB_01496	2	persistent	4	0	0
BENMGJ_04599	contig_48	748023	748886	+	GEGEGB_02078	1	persistent	2	0	0
BENMGJ_04600	contig_48	749236	750384	+	LNHIMF_01057	1	persistent	2	0	0
BENMGJ_04601	contig_48	750602	752023	+	GEGEGB_02076	1	persistent	2	0	0
BENMGJ_04602	contig_48	752316	753113	-	GEGEGB_02075	1	persistent	3	0	1
BENMGJ_04603	contig_48	753232	753399	-	HFCAGB_01016	1	persistent	2	0	1
BENMGJ_04604	contig_48	753689	754648	+	LNHIMF_01061	1	persistent	3	0	1
BENMGJ_04605	contig_48	754721	757003	-	GEGEGB_02071	1	persistent	2	0	1
BENMGJ_04606	contig_48	757063	757920	-	GEGEGB_02070	1	persistent	2	0	0
BENMGJ_04607	contig_48	758326	760161	-	LNHIMF_01064	1	persistent	2	0	0
BENMGJ_04608	contig_48	760223	760915	+	LNHIMF_01065	1	persistent	2	0	0
BENMGJ_04609	contig_48	761101	762189	+	GEGEGB_02067	1	persistent	2	0	0
BENMGJ_04610	contig_48	762260	763543	+	GEGEGB_02066	1	persistent	2	0	0
BENMGJ_04611	contig_48	763687	764448	+	BEJGEH_00936	1	persistent	2	0	0
BENMGJ_04612	contig_48	764621	765304	+	GEGEGB_02064	1	persistent	2	0	0
